Autotune Choices Stats:
{"num_choices": 16, "num_triton_choices": 15, "best_kernel": "triton_mm_85", "best_kernel_desc": "ACC_TYPE='tl.float32', ALLOW_TF32=True, BLOCK_K=32, BLOCK_M=128, BLOCK_N=128, EVEN_K=True, GROUP_M=8, USE_FAST_ACCUM=False, num_stages=3, num_warps=4", "best_time": 0.7802879810333252, "best_triton_pos": 0}
AUTOTUNE mm(131072x512, 512x2048)
strides: [512, 1], [1, 512]
dtypes: torch.bfloat16, torch.bfloat16
  triton_mm_85 0.7803 ms 100.0% ACC_TYPE='tl.float32', ALLOW_TF32=True, BLOCK_K=32, BLOCK_M=128, BLOCK_N=128, EVEN_K=True, GROUP_M=8, USE_FAST_ACCUM=False, num_stages=3, num_warps=4
  triton_mm_79 0.8540 ms 91.4% ACC_TYPE='tl.float32', ALLOW_TF32=True, BLOCK_K=32, BLOCK_M=64, BLOCK_N=128, EVEN_K=True, GROUP_M=8, USE_FAST_ACCUM=False, num_stages=3, num_warps=4
  triton_mm_82 0.8554 ms 91.2% ACC_TYPE='tl.float32', ALLOW_TF32=True, BLOCK_K=32, BLOCK_M=128, BLOCK_N=64, EVEN_K=True, GROUP_M=8, USE_FAST_ACCUM=False, num_stages=3, num_warps=4
  mm 0.8663 ms 90.1% 
  triton_mm_83 0.8775 ms 88.9% ACC_TYPE='tl.float32', ALLOW_TF32=True, BLOCK_K=32, BLOCK_M=128, BLOCK_N=64, EVEN_K=True, GROUP_M=8, USE_FAST_ACCUM=False, num_stages=4, num_warps=8
  triton_mm_80 0.8847 ms 88.2% ACC_TYPE='tl.float32', ALLOW_TF32=True, BLOCK_K=32, BLOCK_M=64, BLOCK_N=128, EVEN_K=True, GROUP_M=8, USE_FAST_ACCUM=False, num_stages=4, num_warps=8
  triton_mm_86 0.9196 ms 84.9% ACC_TYPE='tl.float32', ALLOW_TF32=True, BLOCK_K=64, BLOCK_M=128, BLOCK_N=128, EVEN_K=True, GROUP_M=8, USE_FAST_ACCUM=False, num_stages=3, num_warps=4
  triton_mm_81 0.9257 ms 84.3% ACC_TYPE='tl.float32', ALLOW_TF32=True, BLOCK_K=64, BLOCK_M=64, BLOCK_N=128, EVEN_K=True, GROUP_M=8, USE_FAST_ACCUM=False, num_stages=3, num_warps=4
  triton_mm_84 0.9632 ms 81.0% ACC_TYPE='tl.float32', ALLOW_TF32=True, BLOCK_K=32, BLOCK_M=128, BLOCK_N=128, EVEN_K=True, GROUP_M=8, USE_FAST_ACCUM=False, num_stages=2, num_warps=8
  triton_mm_78 1.0977 ms 71.1% ACC_TYPE='tl.float32', ALLOW_TF32=True, BLOCK_K=64, BLOCK_M=64, BLOCK_N=64, EVEN_K=True, GROUP_M=8, USE_FAST_ACCUM=False, num_stages=3, num_warps=8
SingleProcess AUTOTUNE benchmarking takes 0.7278 seconds and 0.0002 seconds precompiling for 16 choices
Autotune Choices Stats:
{"num_choices": 16, "num_triton_choices": 15, "best_kernel": "triton_mm_43", "best_kernel_desc": "ACC_TYPE='tl.float32', ALLOW_TF32=True, BLOCK_K=32, BLOCK_M=128, BLOCK_N=128, EVEN_K=True, GROUP_M=8, USE_FAST_ACCUM=False, num_stages=3, num_warps=4", "best_time": 0.23177599906921387, "best_triton_pos": 0}
AUTOTUNE mm(131072x512, 512x512)
strides: [512, 1], [1, 512]
dtypes: torch.bfloat16, torch.bfloat16
  triton_mm_43 0.2318 ms 100.0% ACC_TYPE='tl.float32', ALLOW_TF32=True, BLOCK_K=32, BLOCK_M=128, BLOCK_N=128, EVEN_K=True, GROUP_M=8, USE_FAST_ACCUM=False, num_stages=3, num_warps=4
  mm 0.2398 ms 96.7% 
  triton_mm_37 0.2433 ms 95.3% ACC_TYPE='tl.float32', ALLOW_TF32=True, BLOCK_K=32, BLOCK_M=64, BLOCK_N=128, EVEN_K=True, GROUP_M=8, USE_FAST_ACCUM=False, num_stages=3, num_warps=4
  triton_mm_40 0.2457 ms 94.3% ACC_TYPE='tl.float32', ALLOW_TF32=True, BLOCK_K=32, BLOCK_M=128, BLOCK_N=64, EVEN_K=True, GROUP_M=8, USE_FAST_ACCUM=False, num_stages=3, num_warps=4
  triton_mm_38 0.2515 ms 92.2% ACC_TYPE='tl.float32', ALLOW_TF32=True, BLOCK_K=32, BLOCK_M=64, BLOCK_N=128, EVEN_K=True, GROUP_M=8, USE_FAST_ACCUM=False, num_stages=4, num_warps=8
  triton_mm_41 0.2555 ms 90.7% ACC_TYPE='tl.float32', ALLOW_TF32=True, BLOCK_K=32, BLOCK_M=128, BLOCK_N=64, EVEN_K=True, GROUP_M=8, USE_FAST_ACCUM=False, num_stages=4, num_warps=8
  triton_mm_39 0.2559 ms 90.6% ACC_TYPE='tl.float32', ALLOW_TF32=True, BLOCK_K=64, BLOCK_M=64, BLOCK_N=128, EVEN_K=True, GROUP_M=8, USE_FAST_ACCUM=False, num_stages=3, num_warps=4
  triton_mm_44 0.2560 ms 90.5% ACC_TYPE='tl.float32', ALLOW_TF32=True, BLOCK_K=64, BLOCK_M=128, BLOCK_N=128, EVEN_K=True, GROUP_M=8, USE_FAST_ACCUM=False, num_stages=3, num_warps=4
  triton_mm_42 0.2812 ms 82.4% ACC_TYPE='tl.float32', ALLOW_TF32=True, BLOCK_K=32, BLOCK_M=128, BLOCK_N=128, EVEN_K=True, GROUP_M=8, USE_FAST_ACCUM=False, num_stages=2, num_warps=8
  triton_mm_36 0.3051 ms 76.0% ACC_TYPE='tl.float32', ALLOW_TF32=True, BLOCK_K=64, BLOCK_M=64, BLOCK_N=64, EVEN_K=True, GROUP_M=8, USE_FAST_ACCUM=False, num_stages=3, num_warps=8
SingleProcess AUTOTUNE benchmarking takes 0.6969 seconds and 0.0001 seconds precompiling for 16 choices
Autotune Choices Stats:
{"num_choices": 13, "num_triton_choices": 12, "best_kernel": "triton_mm_52", "best_kernel_desc": "ACC_TYPE='tl.float32', ALLOW_TF32=True, BLOCK_K=32, BLOCK_M=64, BLOCK_N=16, EVEN_K=True, GROUP_M=8, USE_FAST_ACCUM=False, num_stages=4, num_warps=4", "best_time": 0.017983999103307724, "best_triton_pos": 0}
AUTOTUNE mm(131072x32, 32x4)
strides: [512, 1], [1, 32]
dtypes: torch.bfloat16, torch.bfloat16
  triton_mm_52 0.0180 ms 100.0% ACC_TYPE='tl.float32', ALLOW_TF32=True, BLOCK_K=32, BLOCK_M=64, BLOCK_N=16, EVEN_K=True, GROUP_M=8, USE_FAST_ACCUM=False, num_stages=4, num_warps=4
  triton_mm_48 0.0180 ms 99.6% ACC_TYPE='tl.float32', ALLOW_TF32=True, BLOCK_K=32, BLOCK_M=64, BLOCK_N=16, EVEN_K=True, GROUP_M=8, USE_FAST_ACCUM=False, num_stages=5, num_warps=4
  triton_mm_50 0.0180 ms 99.6% ACC_TYPE='tl.float32', ALLOW_TF32=True, BLOCK_K=32, BLOCK_M=64, BLOCK_N=16, EVEN_K=True, GROUP_M=8, USE_FAST_ACCUM=False, num_stages=2, num_warps=4
  triton_mm_56 0.0180 ms 99.6% ACC_TYPE='tl.float32', ALLOW_TF32=True, BLOCK_K=32, BLOCK_M=128, BLOCK_N=16, EVEN_K=True, GROUP_M=8, USE_FAST_ACCUM=False, num_stages=5, num_warps=8
  triton_mm_54 0.0183 ms 98.3% ACC_TYPE='tl.float32', ALLOW_TF32=True, BLOCK_K=32, BLOCK_M=128, BLOCK_N=16, EVEN_K=True, GROUP_M=8, USE_FAST_ACCUM=False, num_stages=4, num_warps=8
  triton_mm_55 0.0183 ms 98.3% ACC_TYPE='tl.float32', ALLOW_TF32=True, BLOCK_K=32, BLOCK_M=128, BLOCK_N=16, EVEN_K=True, GROUP_M=8, USE_FAST_ACCUM=False, num_stages=2, num_warps=8
  triton_mm_46 0.0183 ms 98.1% ACC_TYPE='tl.float32', ALLOW_TF32=True, BLOCK_K=32, BLOCK_M=32, BLOCK_N=16, EVEN_K=True, GROUP_M=8, USE_FAST_ACCUM=False, num_stages=2, num_warps=2
  triton_mm_53 0.0183 ms 98.1% ACC_TYPE='tl.float32', ALLOW_TF32=True, BLOCK_K=32, BLOCK_M=128, BLOCK_N=16, EVEN_K=True, GROUP_M=8, USE_FAST_ACCUM=False, num_stages=3, num_warps=4
  triton_mm_47 0.0184 ms 97.7% ACC_TYPE='tl.float32', ALLOW_TF32=True, BLOCK_K=32, BLOCK_M=32, BLOCK_N=16, EVEN_K=True, GROUP_M=8, USE_FAST_ACCUM=False, num_stages=5, num_warps=2
  triton_mm_51 0.0184 ms 97.7% ACC_TYPE='tl.float32', ALLOW_TF32=True, BLOCK_K=32, BLOCK_M=64, BLOCK_N=16, EVEN_K=True, GROUP_M=8, USE_FAST_ACCUM=False, num_stages=3, num_warps=4
SingleProcess AUTOTUNE benchmarking takes 0.2772 seconds and 0.0001 seconds precompiling for 13 choices
Autotune Choices Stats:
{"num_choices": 16, "num_triton_choices": 15, "best_kernel": "mm", "best_time": 0.7065600156784058, "best_triton_pos": 1, "best_triton_time": 0.7351359724998474, "best_triton_kernel": "triton_mm_100", "best_triton_kernel_desc": "ACC_TYPE='tl.float32', ALLOW_TF32=True, BLOCK_K=32, BLOCK_M=128, BLOCK_N=128, EVEN_K=True, GROUP_M=8, USE_FAST_ACCUM=False, num_stages=3, num_warps=4"}
AUTOTUNE mm(131072x2048, 2048x512)
strides: [2048, 1], [1, 2048]
dtypes: torch.bfloat16, torch.bfloat16
  mm 0.7066 ms 100.0% 
  triton_mm_100 0.7351 ms 96.1% ACC_TYPE='tl.float32', ALLOW_TF32=True, BLOCK_K=32, BLOCK_M=128, BLOCK_N=128, EVEN_K=True, GROUP_M=8, USE_FAST_ACCUM=False, num_stages=3, num_warps=4
  triton_mm_101 0.7921 ms 89.2% ACC_TYPE='tl.float32', ALLOW_TF32=True, BLOCK_K=64, BLOCK_M=128, BLOCK_N=128, EVEN_K=True, GROUP_M=8, USE_FAST_ACCUM=False, num_stages=3, num_warps=4
  triton_mm_99 0.8335 ms 84.8% ACC_TYPE='tl.float32', ALLOW_TF32=True, BLOCK_K=32, BLOCK_M=128, BLOCK_N=128, EVEN_K=True, GROUP_M=8, USE_FAST_ACCUM=False, num_stages=2, num_warps=8
  triton_mm_94 0.8649 ms 81.7% ACC_TYPE='tl.float32', ALLOW_TF32=True, BLOCK_K=32, BLOCK_M=64, BLOCK_N=128, EVEN_K=True, GROUP_M=8, USE_FAST_ACCUM=False, num_stages=3, num_warps=4
  triton_mm_96 0.8673 ms 81.5% ACC_TYPE='tl.float32', ALLOW_TF32=True, BLOCK_K=64, BLOCK_M=64, BLOCK_N=128, EVEN_K=True, GROUP_M=8, USE_FAST_ACCUM=False, num_stages=3, num_warps=4
  triton_mm_97 0.8755 ms 80.7% ACC_TYPE='tl.float32', ALLOW_TF32=True, BLOCK_K=32, BLOCK_M=128, BLOCK_N=64, EVEN_K=True, GROUP_M=8, USE_FAST_ACCUM=False, num_stages=3, num_warps=4
  triton_mm_95 0.8801 ms 80.3% ACC_TYPE='tl.float32', ALLOW_TF32=True, BLOCK_K=32, BLOCK_M=64, BLOCK_N=128, EVEN_K=True, GROUP_M=8, USE_FAST_ACCUM=False, num_stages=4, num_warps=8
  triton_mm_98 0.8884 ms 79.5% ACC_TYPE='tl.float32', ALLOW_TF32=True, BLOCK_K=32, BLOCK_M=128, BLOCK_N=64, EVEN_K=True, GROUP_M=8, USE_FAST_ACCUM=False, num_stages=4, num_warps=8
  triton_mm_93 1.0936 ms 64.6% ACC_TYPE='tl.float32', ALLOW_TF32=True, BLOCK_K=64, BLOCK_M=64, BLOCK_N=64, EVEN_K=True, GROUP_M=8, USE_FAST_ACCUM=False, num_stages=3, num_warps=8
SingleProcess AUTOTUNE benchmarking takes 0.7110 seconds and 0.0001 seconds precompiling for 16 choices
Autotune Choices Stats:
{"num_choices": 16, "num_triton_choices": 15, "best_kernel": "triton_mm_883", "best_kernel_desc": "ACC_TYPE='tl.float32', ALLOW_TF32=True, BLOCK_K=32, BLOCK_M=128, BLOCK_N=128, EVEN_K=True, GROUP_M=8, USE_FAST_ACCUM=False, num_stages=3, num_warps=4", "best_time": 2.9460480213165283, "best_triton_pos": 0}
AUTOTUNE mm(131072x512, 512x8192)
strides: [512, 1], [1, 512]
dtypes: torch.bfloat16, torch.bfloat16
  triton_mm_883 2.9460 ms 100.0% ACC_TYPE='tl.float32', ALLOW_TF32=True, BLOCK_K=32, BLOCK_M=128, BLOCK_N=128, EVEN_K=True, GROUP_M=8, USE_FAST_ACCUM=False, num_stages=3, num_warps=4
  triton_mm_882 3.2952 ms 89.4% ACC_TYPE='tl.float32', ALLOW_TF32=True, BLOCK_K=32, BLOCK_M=128, BLOCK_N=128, EVEN_K=True, GROUP_M=8, USE_FAST_ACCUM=False, num_stages=2, num_warps=8
  triton_mm_877 3.3863 ms 87.0% ACC_TYPE='tl.float32', ALLOW_TF32=True, BLOCK_K=32, BLOCK_M=64, BLOCK_N=128, EVEN_K=True, GROUP_M=8, USE_FAST_ACCUM=False, num_stages=3, num_warps=4
  triton_mm_880 3.4222 ms 86.1% ACC_TYPE='tl.float32', ALLOW_TF32=True, BLOCK_K=32, BLOCK_M=128, BLOCK_N=64, EVEN_K=True, GROUP_M=8, USE_FAST_ACCUM=False, num_stages=3, num_warps=4
  mm 3.4324 ms 85.8% 
  triton_mm_881 3.5100 ms 83.9% ACC_TYPE='tl.float32', ALLOW_TF32=True, BLOCK_K=32, BLOCK_M=128, BLOCK_N=64, EVEN_K=True, GROUP_M=8, USE_FAST_ACCUM=False, num_stages=4, num_warps=8
  triton_mm_878 3.5287 ms 83.5% ACC_TYPE='tl.float32', ALLOW_TF32=True, BLOCK_K=32, BLOCK_M=64, BLOCK_N=128, EVEN_K=True, GROUP_M=8, USE_FAST_ACCUM=False, num_stages=4, num_warps=8
  triton_mm_884 3.5441 ms 83.1% ACC_TYPE='tl.float32', ALLOW_TF32=True, BLOCK_K=64, BLOCK_M=128, BLOCK_N=128, EVEN_K=True, GROUP_M=8, USE_FAST_ACCUM=False, num_stages=3, num_warps=4
  triton_mm_879 3.6905 ms 79.8% ACC_TYPE='tl.float32', ALLOW_TF32=True, BLOCK_K=64, BLOCK_M=64, BLOCK_N=128, EVEN_K=True, GROUP_M=8, USE_FAST_ACCUM=False, num_stages=3, num_warps=4
  triton_mm_875 4.2803 ms 68.8% ACC_TYPE='tl.float32', ALLOW_TF32=True, BLOCK_K=32, BLOCK_M=64, BLOCK_N=64, EVEN_K=True, GROUP_M=8, USE_FAST_ACCUM=False, num_stages=2, num_warps=4
SingleProcess AUTOTUNE benchmarking takes 1.0648 seconds and 0.0001 seconds precompiling for 16 choices
Autotune Choices Stats:
{"num_choices": 16, "num_triton_choices": 15, "best_kernel": "triton_mm_943", "best_kernel_desc": "ACC_TYPE='tl.float32', ALLOW_TF32=True, BLOCK_K=32, BLOCK_M=128, BLOCK_N=128, EVEN_K=True, GROUP_M=8, USE_FAST_ACCUM=False, num_stages=3, num_warps=4", "best_time": 0.781279981136322, "best_triton_pos": 0}
AUTOTUNE mm(131072x512, 512x2048)
strides: [512, 1], [2048, 1]
dtypes: torch.bfloat16, torch.bfloat16
  triton_mm_943 0.7813 ms 100.0% ACC_TYPE='tl.float32', ALLOW_TF32=True, BLOCK_K=32, BLOCK_M=128, BLOCK_N=128, EVEN_K=True, GROUP_M=8, USE_FAST_ACCUM=False, num_stages=3, num_warps=4
  triton_mm_937 0.8452 ms 92.4% ACC_TYPE='tl.float32', ALLOW_TF32=True, BLOCK_K=32, BLOCK_M=64, BLOCK_N=128, EVEN_K=True, GROUP_M=8, USE_FAST_ACCUM=False, num_stages=3, num_warps=4
  triton_mm_940 0.8530 ms 91.6% ACC_TYPE='tl.float32', ALLOW_TF32=True, BLOCK_K=32, BLOCK_M=128, BLOCK_N=64, EVEN_K=True, GROUP_M=8, USE_FAST_ACCUM=False, num_stages=3, num_warps=4
  mm 0.8591 ms 90.9% 
  triton_mm_941 0.8755 ms 89.2% ACC_TYPE='tl.float32', ALLOW_TF32=True, BLOCK_K=32, BLOCK_M=128, BLOCK_N=64, EVEN_K=True, GROUP_M=8, USE_FAST_ACCUM=False, num_stages=4, num_warps=8
  triton_mm_938 0.8806 ms 88.7% ACC_TYPE='tl.float32', ALLOW_TF32=True, BLOCK_K=32, BLOCK_M=64, BLOCK_N=128, EVEN_K=True, GROUP_M=8, USE_FAST_ACCUM=False, num_stages=4, num_warps=8
  triton_mm_939 0.9175 ms 85.2% ACC_TYPE='tl.float32', ALLOW_TF32=True, BLOCK_K=64, BLOCK_M=64, BLOCK_N=128, EVEN_K=True, GROUP_M=8, USE_FAST_ACCUM=False, num_stages=3, num_warps=4
  triton_mm_944 0.9226 ms 84.7% ACC_TYPE='tl.float32', ALLOW_TF32=True, BLOCK_K=64, BLOCK_M=128, BLOCK_N=128, EVEN_K=True, GROUP_M=8, USE_FAST_ACCUM=False, num_stages=3, num_warps=4
  triton_mm_942 0.9308 ms 83.9% ACC_TYPE='tl.float32', ALLOW_TF32=True, BLOCK_K=32, BLOCK_M=128, BLOCK_N=128, EVEN_K=True, GROUP_M=8, USE_FAST_ACCUM=False, num_stages=2, num_warps=8
  triton_mm_935 1.0953 ms 71.3% ACC_TYPE='tl.float32', ALLOW_TF32=True, BLOCK_K=32, BLOCK_M=64, BLOCK_N=64, EVEN_K=True, GROUP_M=8, USE_FAST_ACCUM=False, num_stages=2, num_warps=4
SingleProcess AUTOTUNE benchmarking takes 0.7189 seconds and 0.0002 seconds precompiling for 16 choices
Autotune Choices Stats:
{"num_choices": 16, "num_triton_choices": 15, "best_kernel": "mm", "best_time": 2.8876800537109375, "best_triton_pos": 1, "best_triton_time": 3.398655891418457, "best_triton_kernel": "triton_mm_892", "best_triton_kernel_desc": "ACC_TYPE='tl.float32', ALLOW_TF32=True, BLOCK_K=32, BLOCK_M=64, BLOCK_N=128, EVEN_K=True, GROUP_M=8, USE_FAST_ACCUM=False, num_stages=3, num_warps=4"}
AUTOTUNE mm(8192x131072, 131072x512)
strides: [1, 8192], [512, 1]
dtypes: torch.bfloat16, torch.bfloat16
  mm 2.8877 ms 100.0% 
  triton_mm_892 3.3987 ms 85.0% ACC_TYPE='tl.float32', ALLOW_TF32=True, BLOCK_K=32, BLOCK_M=64, BLOCK_N=128, EVEN_K=True, GROUP_M=8, USE_FAST_ACCUM=False, num_stages=3, num_warps=4
  triton_mm_895 3.3997 ms 84.9% ACC_TYPE='tl.float32', ALLOW_TF32=True, BLOCK_K=32, BLOCK_M=128, BLOCK_N=64, EVEN_K=True, GROUP_M=8, USE_FAST_ACCUM=False, num_stages=3, num_warps=4
  triton_mm_894 3.6188 ms 79.8% ACC_TYPE='tl.float32', ALLOW_TF32=True, BLOCK_K=64, BLOCK_M=64, BLOCK_N=128, EVEN_K=True, GROUP_M=8, USE_FAST_ACCUM=False, num_stages=3, num_warps=4
  triton_mm_893 3.7244 ms 77.5% ACC_TYPE='tl.float32', ALLOW_TF32=True, BLOCK_K=32, BLOCK_M=64, BLOCK_N=128, EVEN_K=True, GROUP_M=8, USE_FAST_ACCUM=False, num_stages=4, num_warps=8
  triton_mm_896 3.7365 ms 77.3% ACC_TYPE='tl.float32', ALLOW_TF32=True, BLOCK_K=32, BLOCK_M=128, BLOCK_N=64, EVEN_K=True, GROUP_M=8, USE_FAST_ACCUM=False, num_stages=4, num_warps=8
  triton_mm_898 3.8932 ms 74.2% ACC_TYPE='tl.float32', ALLOW_TF32=True, BLOCK_K=32, BLOCK_M=128, BLOCK_N=128, EVEN_K=True, GROUP_M=8, USE_FAST_ACCUM=False, num_stages=3, num_warps=4
  triton_mm_899 4.1308 ms 69.9% ACC_TYPE='tl.float32', ALLOW_TF32=True, BLOCK_K=64, BLOCK_M=128, BLOCK_N=128, EVEN_K=True, GROUP_M=8, USE_FAST_ACCUM=False, num_stages=3, num_warps=4
  triton_mm_897 4.3807 ms 65.9% ACC_TYPE='tl.float32', ALLOW_TF32=True, BLOCK_K=32, BLOCK_M=128, BLOCK_N=128, EVEN_K=True, GROUP_M=8, USE_FAST_ACCUM=False, num_stages=2, num_warps=8
  triton_mm_891 4.4278 ms 65.2% ACC_TYPE='tl.float32', ALLOW_TF32=True, BLOCK_K=64, BLOCK_M=64, BLOCK_N=64, EVEN_K=True, GROUP_M=8, USE_FAST_ACCUM=False, num_stages=3, num_warps=8
SingleProcess AUTOTUNE benchmarking takes 1.0320 seconds and 0.0001 seconds precompiling for 16 choices
Autotune Choices Stats:
{"num_choices": 22, "num_triton_choices": 15, "best_kernel": "mm", "best_time": 0.8560640215873718, "best_triton_pos": 6, "best_triton_time": 1.21343994140625, "best_triton_kernel": "triton_mm_924", "best_triton_kernel_desc": "ACC_TYPE='tl.float32', ALLOW_TF32=True, BLOCK_K=64, BLOCK_M=64, BLOCK_N=128, EVEN_K=True, GROUP_M=8, USE_FAST_ACCUM=False, num_stages=3, num_warps=4"}
AUTOTUNE mm(512x131072, 131072x2048)
strides: [1, 512], [2048, 1]
dtypes: torch.bfloat16, torch.bfloat16
  mm 0.8561 ms 100.0% 
  decompose_k_mm_2_split_0 0.9329 ms 91.8% k_split=2
  decompose_k_mm_4_split_1 1.0312 ms 83.0% k_split=4
  decompose_k_mm_8_split_2 1.1141 ms 76.8% k_split=8
  decompose_k_mm_16_split_3 1.1274 ms 75.9% k_split=16
  decompose_k_mm_32_split_4 1.1796 ms 72.6% k_split=32
  triton_mm_924 1.2134 ms 70.5% ACC_TYPE='tl.float32', ALLOW_TF32=True, BLOCK_K=64, BLOCK_M=64, BLOCK_N=128, EVEN_K=True, GROUP_M=8, USE_FAST_ACCUM=False, num_stages=3, num_warps=4
  decompose_k_mm_64_split_5 1.2932 ms 66.2% k_split=64
  triton_mm_923 1.2984 ms 65.9% ACC_TYPE='tl.float32', ALLOW_TF32=True, BLOCK_K=32, BLOCK_M=64, BLOCK_N=128, EVEN_K=True, GROUP_M=8, USE_FAST_ACCUM=False, num_stages=4, num_warps=8
  triton_mm_926 1.3117 ms 65.3% ACC_TYPE='tl.float32', ALLOW_TF32=True, BLOCK_K=32, BLOCK_M=128, BLOCK_N=64, EVEN_K=True, GROUP_M=8, USE_FAST_ACCUM=False, num_stages=4, num_warps=8
SingleProcess AUTOTUNE benchmarking takes 6.4486 seconds and 0.0002 seconds precompiling for 22 choices
Autotune Choices Stats:
{"num_choices": 22, "num_triton_choices": 15, "best_kernel": "mm", "best_time": 0.8581119775772095, "best_triton_pos": 6, "best_triton_time": 1.2256959676742554, "best_triton_kernel": "triton_mm_954", "best_triton_kernel_desc": "ACC_TYPE='tl.float32', ALLOW_TF32=True, BLOCK_K=64, BLOCK_M=64, BLOCK_N=128, EVEN_K=True, GROUP_M=8, USE_FAST_ACCUM=False, num_stages=3, num_warps=4"}
AUTOTUNE mm(2048x131072, 131072x512)
strides: [1, 2048], [512, 1]
dtypes: torch.bfloat16, torch.bfloat16
  mm 0.8581 ms 100.0% 
  decompose_k_mm_2_split_6 0.9339 ms 91.9% k_split=2
  decompose_k_mm_4_split_7 1.0373 ms 82.7% k_split=4
  decompose_k_mm_8_split_8 1.1090 ms 77.4% k_split=8
  decompose_k_mm_16_split_9 1.1284 ms 76.0% k_split=16
  decompose_k_mm_32_split_10 1.1766 ms 72.9% k_split=32
  triton_mm_954 1.2257 ms 70.0% ACC_TYPE='tl.float32', ALLOW_TF32=True, BLOCK_K=64, BLOCK_M=64, BLOCK_N=128, EVEN_K=True, GROUP_M=8, USE_FAST_ACCUM=False, num_stages=3, num_warps=4
  decompose_k_mm_64_split_11 1.2974 ms 66.1% k_split=64
  triton_mm_953 1.3025 ms 65.9% ACC_TYPE='tl.float32', ALLOW_TF32=True, BLOCK_K=32, BLOCK_M=64, BLOCK_N=128, EVEN_K=True, GROUP_M=8, USE_FAST_ACCUM=False, num_stages=4, num_warps=8
  triton_mm_956 1.3117 ms 65.4% ACC_TYPE='tl.float32', ALLOW_TF32=True, BLOCK_K=32, BLOCK_M=128, BLOCK_N=64, EVEN_K=True, GROUP_M=8, USE_FAST_ACCUM=False, num_stages=4, num_warps=8
SingleProcess AUTOTUNE benchmarking takes 2.5709 seconds and 0.0002 seconds precompiling for 22 choices
Autotune Choices Stats:
{"num_choices": 24, "num_triton_choices": 15, "best_kernel": "mm", "best_time": 0.27644801139831543, "best_triton_pos": 6, "best_triton_time": 0.6594560146331787, "best_triton_kernel": "triton_mm_978", "best_triton_kernel_desc": "ACC_TYPE='tl.float32', ALLOW_TF32=True, BLOCK_K=32, BLOCK_M=64, BLOCK_N=32, EVEN_K=True, GROUP_M=8, USE_FAST_ACCUM=False, num_stages=5, num_warps=8"}
AUTOTUNE mm(512x131072, 131072x512)
strides: [1, 512], [512, 1]
dtypes: torch.bfloat16, torch.bfloat16
  mm 0.2764 ms 100.0% 
  decompose_k_mm_8_split_14 0.2826 ms 97.8% k_split=8
  decompose_k_mm_32_split_16 0.3358 ms 82.3% k_split=32
  decompose_k_mm_64_split_17 0.3716 ms 74.4% k_split=64
  decompose_k_mm_128_split_18 0.4055 ms 68.2% k_split=128
  decompose_k_mm_4_split_13 0.4772 ms 57.9% k_split=4
  triton_mm_978 0.6595 ms 41.9% ACC_TYPE='tl.float32', ALLOW_TF32=True, BLOCK_K=32, BLOCK_M=64, BLOCK_N=32, EVEN_K=True, GROUP_M=8, USE_FAST_ACCUM=False, num_stages=5, num_warps=8
  triton_mm_977 0.6755 ms 40.9% ACC_TYPE='tl.float32', ALLOW_TF32=True, BLOCK_K=32, BLOCK_M=32, BLOCK_N=64, EVEN_K=True, GROUP_M=8, USE_FAST_ACCUM=False, num_stages=5, num_warps=8
  triton_mm_976 0.8683 ms 31.8% ACC_TYPE='tl.float32', ALLOW_TF32=True, BLOCK_K=128, BLOCK_M=32, BLOCK_N=32, EVEN_K=True, GROUP_M=8, USE_FAST_ACCUM=False, num_stages=2, num_warps=4
  triton_mm_981 0.8908 ms 31.0% ACC_TYPE='tl.float32', ALLOW_TF32=True, BLOCK_K=64, BLOCK_M=64, BLOCK_N=64, EVEN_K=True, GROUP_M=8, USE_FAST_ACCUM=False, num_stages=3, num_warps=8
SingleProcess AUTOTUNE benchmarking takes 7.0344 seconds and 0.0001 seconds precompiling for 24 choices
Autotune Choices Stats:
{"num_choices": 22, "num_triton_choices": 11, "best_kernel": "decompose_k_mm_512_split_28", "best_kernel_desc": "k_split=512", "best_time": 0.028255999088287354, "best_triton_pos": 9, "best_triton_time": 0.2495039999485016, "best_triton_kernel": "triton_mm_1008", "best_triton_kernel_desc": "ACC_TYPE='tl.float32', ALLOW_TF32=True, BLOCK_K=128, BLOCK_M=16, BLOCK_N=32, EVEN_K=True, GROUP_M=8, USE_FAST_ACCUM=False, num_stages=5, num_warps=2"}
AUTOTUNE mm(4x131072, 131072x32)
strides: [1, 4], [512, 1]
dtypes: torch.bfloat16, torch.bfloat16
  decompose_k_mm_512_split_28 0.0283 ms 100.0% k_split=512
  decompose_k_mm_1024_split_29 0.0285 ms 99.1% k_split=1024
  decompose_k_mm_256_split_27 0.0285 ms 99.0% k_split=256
  decompose_k_mm_128_split_26 0.0347 ms 81.5% k_split=128
  mm 0.0364 ms 77.5% 
  decompose_k_mm_64_split_25 0.0388 ms 72.9% k_split=64
  decompose_k_mm_32_split_24 0.0551 ms 51.2% k_split=32
  decompose_k_mm_16_split_23 0.0961 ms 29.4% k_split=16
  decompose_k_mm_8_split_22 0.1700 ms 16.6% k_split=8
  triton_mm_1008 0.2495 ms 11.3% ACC_TYPE='tl.float32', ALLOW_TF32=True, BLOCK_K=128, BLOCK_M=16, BLOCK_N=32, EVEN_K=True, GROUP_M=8, USE_FAST_ACCUM=False, num_stages=5, num_warps=2
SingleProcess AUTOTUNE benchmarking takes 6.0515 seconds and 0.0001 seconds precompiling for 22 choices
Autotune Choices Stats:
{"num_choices": 16, "num_triton_choices": 15, "best_kernel": "mm", "best_time": 2.659327983856201, "best_triton_pos": 1, "best_triton_time": 2.825216054916382, "best_triton_kernel": "triton_mm_913", "best_triton_kernel_desc": "ACC_TYPE='tl.float32', ALLOW_TF32=True, BLOCK_K=32, BLOCK_M=128, BLOCK_N=128, EVEN_K=True, GROUP_M=8, USE_FAST_ACCUM=False, num_stages=3, num_warps=4"}
AUTOTUNE mm(131072x8192, 8192x512)
strides: [8192, 1], [512, 1]
dtypes: torch.bfloat16, torch.bfloat16
  mm 2.6593 ms 100.0% 
  triton_mm_913 2.8252 ms 94.1% ACC_TYPE='tl.float32', ALLOW_TF32=True, BLOCK_K=32, BLOCK_M=128, BLOCK_N=128, EVEN_K=True, GROUP_M=8, USE_FAST_ACCUM=False, num_stages=3, num_warps=4
  triton_mm_914 2.9791 ms 89.3% ACC_TYPE='tl.float32', ALLOW_TF32=True, BLOCK_K=64, BLOCK_M=128, BLOCK_N=128, EVEN_K=True, GROUP_M=8, USE_FAST_ACCUM=False, num_stages=3, num_warps=4
  triton_mm_912 3.0587 ms 86.9% ACC_TYPE='tl.float32', ALLOW_TF32=True, BLOCK_K=32, BLOCK_M=128, BLOCK_N=128, EVEN_K=True, GROUP_M=8, USE_FAST_ACCUM=False, num_stages=2, num_warps=8
  triton_mm_909 3.3948 ms 78.3% ACC_TYPE='tl.float32', ALLOW_TF32=True, BLOCK_K=64, BLOCK_M=64, BLOCK_N=128, EVEN_K=True, GROUP_M=8, USE_FAST_ACCUM=False, num_stages=3, num_warps=4
  triton_mm_910 3.4109 ms 78.0% ACC_TYPE='tl.float32', ALLOW_TF32=True, BLOCK_K=32, BLOCK_M=128, BLOCK_N=64, EVEN_K=True, GROUP_M=8, USE_FAST_ACCUM=False, num_stages=3, num_warps=4
  triton_mm_907 3.4191 ms 77.8% ACC_TYPE='tl.float32', ALLOW_TF32=True, BLOCK_K=32, BLOCK_M=64, BLOCK_N=128, EVEN_K=True, GROUP_M=8, USE_FAST_ACCUM=False, num_stages=3, num_warps=4
  triton_mm_908 3.4304 ms 77.5% ACC_TYPE='tl.float32', ALLOW_TF32=True, BLOCK_K=32, BLOCK_M=64, BLOCK_N=128, EVEN_K=True, GROUP_M=8, USE_FAST_ACCUM=False, num_stages=4, num_warps=8
  triton_mm_911 3.4898 ms 76.2% ACC_TYPE='tl.float32', ALLOW_TF32=True, BLOCK_K=32, BLOCK_M=128, BLOCK_N=64, EVEN_K=True, GROUP_M=8, USE_FAST_ACCUM=False, num_stages=4, num_warps=8
  triton_mm_906 4.3786 ms 60.7% ACC_TYPE='tl.float32', ALLOW_TF32=True, BLOCK_K=64, BLOCK_M=64, BLOCK_N=64, EVEN_K=True, GROUP_M=8, USE_FAST_ACCUM=False, num_stages=3, num_warps=8
SingleProcess AUTOTUNE benchmarking takes 0.9994 seconds and 0.0001 seconds precompiling for 16 choices
Autotune Choices Stats:
{"num_choices": 16, "num_triton_choices": 15, "best_kernel": "mm", "best_time": 0.7065600156784058, "best_triton_pos": 1, "best_triton_time": 0.7389119863510132, "best_triton_kernel": "triton_mm_973", "best_triton_kernel_desc": "ACC_TYPE='tl.float32', ALLOW_TF32=True, BLOCK_K=32, BLOCK_M=128, BLOCK_N=128, EVEN_K=True, GROUP_M=8, USE_FAST_ACCUM=False, num_stages=3, num_warps=4"}
AUTOTUNE mm(131072x2048, 2048x512)
strides: [2048, 1], [512, 1]
dtypes: torch.bfloat16, torch.bfloat16
  mm 0.7066 ms 100.0% 
  triton_mm_973 0.7389 ms 95.6% ACC_TYPE='tl.float32', ALLOW_TF32=True, BLOCK_K=32, BLOCK_M=128, BLOCK_N=128, EVEN_K=True, GROUP_M=8, USE_FAST_ACCUM=False, num_stages=3, num_warps=4
  triton_mm_974 0.7977 ms 88.6% ACC_TYPE='tl.float32', ALLOW_TF32=True, BLOCK_K=64, BLOCK_M=128, BLOCK_N=128, EVEN_K=True, GROUP_M=8, USE_FAST_ACCUM=False, num_stages=3, num_warps=4
  triton_mm_972 0.8110 ms 87.1% ACC_TYPE='tl.float32', ALLOW_TF32=True, BLOCK_K=32, BLOCK_M=128, BLOCK_N=128, EVEN_K=True, GROUP_M=8, USE_FAST_ACCUM=False, num_stages=2, num_warps=8
  triton_mm_967 0.8550 ms 82.6% ACC_TYPE='tl.float32', ALLOW_TF32=True, BLOCK_K=32, BLOCK_M=64, BLOCK_N=128, EVEN_K=True, GROUP_M=8, USE_FAST_ACCUM=False, num_stages=3, num_warps=4
  triton_mm_969 0.8598 ms 82.2% ACC_TYPE='tl.float32', ALLOW_TF32=True, BLOCK_K=64, BLOCK_M=64, BLOCK_N=128, EVEN_K=True, GROUP_M=8, USE_FAST_ACCUM=False, num_stages=3, num_warps=4
  triton_mm_970 0.8673 ms 81.5% ACC_TYPE='tl.float32', ALLOW_TF32=True, BLOCK_K=32, BLOCK_M=128, BLOCK_N=64, EVEN_K=True, GROUP_M=8, USE_FAST_ACCUM=False, num_stages=3, num_warps=4
  triton_mm_968 0.8741 ms 80.8% ACC_TYPE='tl.float32', ALLOW_TF32=True, BLOCK_K=32, BLOCK_M=64, BLOCK_N=128, EVEN_K=True, GROUP_M=8, USE_FAST_ACCUM=False, num_stages=4, num_warps=8
  triton_mm_971 0.8899 ms 79.4% ACC_TYPE='tl.float32', ALLOW_TF32=True, BLOCK_K=32, BLOCK_M=128, BLOCK_N=64, EVEN_K=True, GROUP_M=8, USE_FAST_ACCUM=False, num_stages=4, num_warps=8
  triton_mm_966 1.0912 ms 64.8% ACC_TYPE='tl.float32', ALLOW_TF32=True, BLOCK_K=64, BLOCK_M=64, BLOCK_N=64, EVEN_K=True, GROUP_M=8, USE_FAST_ACCUM=False, num_stages=3, num_warps=8
SingleProcess AUTOTUNE benchmarking takes 0.7026 seconds and 0.0002 seconds precompiling for 16 choices
Autotune Choices Stats:
{"num_choices": 16, "num_triton_choices": 15, "best_kernel": "triton_mm_1003", "best_kernel_desc": "ACC_TYPE='tl.float32', ALLOW_TF32=True, BLOCK_K=32, BLOCK_M=128, BLOCK_N=128, EVEN_K=True, GROUP_M=8, USE_FAST_ACCUM=False, num_stages=3, num_warps=4", "best_time": 0.2329919934272766, "best_triton_pos": 0}
AUTOTUNE mm(131072x512, 512x512)
strides: [512, 1], [512, 1]
dtypes: torch.bfloat16, torch.bfloat16
  triton_mm_1003 0.2330 ms 100.0% ACC_TYPE='tl.float32', ALLOW_TF32=True, BLOCK_K=32, BLOCK_M=128, BLOCK_N=128, EVEN_K=True, GROUP_M=8, USE_FAST_ACCUM=False, num_stages=3, num_warps=4
  mm 0.2396 ms 97.2% 
  triton_mm_997 0.2427 ms 96.0% ACC_TYPE='tl.float32', ALLOW_TF32=True, BLOCK_K=32, BLOCK_M=64, BLOCK_N=128, EVEN_K=True, GROUP_M=8, USE_FAST_ACCUM=False, num_stages=3, num_warps=4
  triton_mm_1000 0.2477 ms 94.1% ACC_TYPE='tl.float32', ALLOW_TF32=True, BLOCK_K=32, BLOCK_M=128, BLOCK_N=64, EVEN_K=True, GROUP_M=8, USE_FAST_ACCUM=False, num_stages=3, num_warps=4
  triton_mm_998 0.2514 ms 92.7% ACC_TYPE='tl.float32', ALLOW_TF32=True, BLOCK_K=32, BLOCK_M=64, BLOCK_N=128, EVEN_K=True, GROUP_M=8, USE_FAST_ACCUM=False, num_stages=4, num_warps=8
  triton_mm_999 0.2535 ms 91.9% ACC_TYPE='tl.float32', ALLOW_TF32=True, BLOCK_K=64, BLOCK_M=64, BLOCK_N=128, EVEN_K=True, GROUP_M=8, USE_FAST_ACCUM=False, num_stages=3, num_warps=4
  triton_mm_1001 0.2543 ms 91.6% ACC_TYPE='tl.float32', ALLOW_TF32=True, BLOCK_K=32, BLOCK_M=128, BLOCK_N=64, EVEN_K=True, GROUP_M=8, USE_FAST_ACCUM=False, num_stages=4, num_warps=8
  triton_mm_1004 0.2594 ms 89.8% ACC_TYPE='tl.float32', ALLOW_TF32=True, BLOCK_K=64, BLOCK_M=128, BLOCK_N=128, EVEN_K=True, GROUP_M=8, USE_FAST_ACCUM=False, num_stages=3, num_warps=4
  triton_mm_1002 0.2734 ms 85.2% ACC_TYPE='tl.float32', ALLOW_TF32=True, BLOCK_K=32, BLOCK_M=128, BLOCK_N=128, EVEN_K=True, GROUP_M=8, USE_FAST_ACCUM=False, num_stages=2, num_warps=8
  triton_mm_996 0.2989 ms 77.9% ACC_TYPE='tl.float32', ALLOW_TF32=True, BLOCK_K=64, BLOCK_M=64, BLOCK_N=64, EVEN_K=True, GROUP_M=8, USE_FAST_ACCUM=False, num_stages=3, num_warps=8
SingleProcess AUTOTUNE benchmarking takes 0.6955 seconds and 0.0002 seconds precompiling for 16 choices
Autotune Choices Stats:
{"num_choices": 15, "num_triton_choices": 14, "best_kernel": "triton_mm_1027", "best_kernel_desc": "ACC_TYPE='tl.float32', ALLOW_TF32=True, BLOCK_K=16, BLOCK_M=128, BLOCK_N=32, EVEN_K=False, GROUP_M=8, USE_FAST_ACCUM=False, num_stages=4, num_warps=8", "best_time": 0.007648000027984381, "best_triton_pos": 0}
AUTOTUNE mm(131072x4, 4x32)
strides: [4, 1], [32, 1]
dtypes: torch.bfloat16, torch.bfloat16
  triton_mm_1027 0.0076 ms 100.0% ACC_TYPE='tl.float32', ALLOW_TF32=True, BLOCK_K=16, BLOCK_M=128, BLOCK_N=32, EVEN_K=False, GROUP_M=8, USE_FAST_ACCUM=False, num_stages=4, num_warps=8
  triton_mm_1016 0.0077 ms 99.6% ACC_TYPE='tl.float32', ALLOW_TF32=True, BLOCK_K=16, BLOCK_M=32, BLOCK_N=32, EVEN_K=False, GROUP_M=8, USE_FAST_ACCUM=False, num_stages=1, num_warps=2
  triton_mm_1021 0.0077 ms 99.6% ACC_TYPE='tl.float32', ALLOW_TF32=True, BLOCK_K=16, BLOCK_M=64, BLOCK_N=32, EVEN_K=False, GROUP_M=8, USE_FAST_ACCUM=False, num_stages=2, num_warps=4
  triton_mm_1023 0.0077 ms 99.6% ACC_TYPE='tl.float32', ALLOW_TF32=True, BLOCK_K=16, BLOCK_M=64, BLOCK_N=32, EVEN_K=False, GROUP_M=8, USE_FAST_ACCUM=False, num_stages=3, num_warps=4
  triton_mm_1026 0.0077 ms 99.6% ACC_TYPE='tl.float32', ALLOW_TF32=True, BLOCK_K=16, BLOCK_M=128, BLOCK_N=32, EVEN_K=False, GROUP_M=8, USE_FAST_ACCUM=False, num_stages=3, num_warps=4
  triton_mm_1025 0.0077 ms 99.2% ACC_TYPE='tl.float32', ALLOW_TF32=True, BLOCK_K=16, BLOCK_M=64, BLOCK_N=32, EVEN_K=False, GROUP_M=8, USE_FAST_ACCUM=False, num_stages=4, num_warps=4
  triton_mm_1028 0.0077 ms 99.2% ACC_TYPE='tl.float32', ALLOW_TF32=True, BLOCK_K=16, BLOCK_M=128, BLOCK_N=32, EVEN_K=False, GROUP_M=8, USE_FAST_ACCUM=False, num_stages=2, num_warps=8
  triton_mm_1019 0.0078 ms 98.0% ACC_TYPE='tl.float32', ALLOW_TF32=True, BLOCK_K=16, BLOCK_M=64, BLOCK_N=32, EVEN_K=False, GROUP_M=8, USE_FAST_ACCUM=False, num_stages=5, num_warps=8
  triton_mm_1020 0.0078 ms 97.6% ACC_TYPE='tl.float32', ALLOW_TF32=True, BLOCK_K=16, BLOCK_M=64, BLOCK_N=32, EVEN_K=False, GROUP_M=8, USE_FAST_ACCUM=False, num_stages=5, num_warps=4
  triton_mm_1029 0.0081 ms 94.5% ACC_TYPE='tl.float32', ALLOW_TF32=True, BLOCK_K=16, BLOCK_M=128, BLOCK_N=32, EVEN_K=False, GROUP_M=8, USE_FAST_ACCUM=False, num_stages=5, num_warps=8
SingleProcess AUTOTUNE benchmarking takes 0.3129 seconds and 0.0001 seconds precompiling for 15 choices
Vocab size: 8,192
Model config: {'sequence_len': 2048, 'vocab_size': 8192, 'n_layer': 9, 'n_head': 4, 'n_kv_head': 4, 'n_embd': 512, 'window_pattern': 'L'}
Parameter counts:
  wte                     : 4,194,304
  value_embeds            : 20,971,520
  lm_head                 : 4,194,304
  transformer_matrices    : 28,312,192
  scalars                 : 18
  total                   : 57,672,338
Estimated FLOPs per token: 3.082852e+08
Scaling AdamW LRs by 1/sqrt(512/768) = 1.224745
Time budget: 300s
Gradient accumulation steps: 1

step 00000 (0.0%) | loss: 9.011469 | lrm: 1.00 | dt: 102157ms | tok/sec: 1,283 | mfu: 0.0% | epoch: 1 | remaining: 300s    
step 00001 (0.0%) | loss: 8.891850 | lrm: 1.00 | dt: 166ms | tok/sec: 790,085 | mfu: 24.6% | epoch: 1 | remaining: 300s    
step 00002 (0.0%) | loss: 8.547617 | lrm: 1.00 | dt: 161ms | tok/sec: 811,921 | mfu: 25.3% | epoch: 1 | remaining: 300s    
step 00003 (0.0%) | loss: 8.122978 | lrm: 1.00 | dt: 161ms | tok/sec: 812,318 | mfu: 25.3% | epoch: 1 | remaining: 300s    
step 00004 (0.0%) | loss: 7.742364 | lrm: 1.00 | dt: 162ms | tok/sec: 811,531 | mfu: 25.3% | epoch: 1 | remaining: 300s    
step 00005 (0.0%) | loss: 7.429874 | lrm: 1.00 | dt: 161ms | tok/sec: 811,951 | mfu: 25.3% | epoch: 1 | remaining: 300s    
step 00006 (0.0%) | loss: 7.183525 | lrm: 1.00 | dt: 161ms | tok/sec: 811,893 | mfu: 25.3% | epoch: 1 | remaining: 300s    
step 00007 (0.0%) | loss: 6.978487 | lrm: 1.00 | dt: 161ms | tok/sec: 811,892 | mfu: 25.3% | epoch: 1 | remaining: 300s    
step 00008 (0.0%) | loss: 6.805890 | lrm: 1.00 | dt: 162ms | tok/sec: 811,578 | mfu: 25.3% | epoch: 1 | remaining: 300s    
step 00009 (0.0%) | loss: 6.659775 | lrm: 1.00 | dt: 162ms | tok/sec: 811,325 | mfu: 25.3% | epoch: 1 | remaining: 300s    
step 00010 (0.0%) | loss: 6.532592 | lrm: 1.00 | dt: 162ms | tok/sec: 811,499 | mfu: 25.3% | epoch: 1 | remaining: 300s    
step 00011 (0.0%) | loss: 6.418955 | lrm: 1.00 | dt: 161ms | tok/sec: 811,795 | mfu: 25.3% | epoch: 1 | remaining: 300s    
step 00012 (0.1%) | loss: 6.325115 | lrm: 1.00 | dt: 162ms | tok/sec: 811,586 | mfu: 25.3% | epoch: 1 | remaining: 300s    
step 00013 (0.1%) | loss: 6.241745 | lrm: 1.00 | dt: 162ms | tok/sec: 811,336 | mfu: 25.3% | epoch: 1 | remaining: 300s    
step 00014 (0.2%) | loss: 6.165517 | lrm: 1.00 | dt: 162ms | tok/sec: 811,238 | mfu: 25.3% | epoch: 1 | remaining: 299s    
step 00015 (0.2%) | loss: 6.102659 | lrm: 1.00 | dt: 162ms | tok/sec: 811,480 | mfu: 25.3% | epoch: 1 | remaining: 299s    
step 00016 (0.3%) | loss: 6.046895 | lrm: 1.00 | dt: 161ms | tok/sec: 811,633 | mfu: 25.3% | epoch: 1 | remaining: 299s    
step 00017 (0.3%) | loss: 5.991883 | lrm: 1.00 | dt: 162ms | tok/sec: 811,438 | mfu: 25.3% | epoch: 1 | remaining: 299s    
step 00018 (0.4%) | loss: 5.943581 | lrm: 1.00 | dt: 162ms | tok/sec: 810,806 | mfu: 25.3% | epoch: 1 | remaining: 299s    
step 00019 (0.4%) | loss: 5.900313 | lrm: 1.00 | dt: 162ms | tok/sec: 811,233 | mfu: 25.3% | epoch: 1 | remaining: 299s    
step 00020 (0.5%) | loss: 5.863673 | lrm: 1.00 | dt: 162ms | tok/sec: 811,106 | mfu: 25.3% | epoch: 1 | remaining: 298s    
step 00021 (0.5%) | loss: 5.829636 | lrm: 1.00 | dt: 162ms | tok/sec: 811,286 | mfu: 25.3% | epoch: 1 | remaining: 298s    
step 00022 (0.6%) | loss: 5.796576 | lrm: 1.00 | dt: 162ms | tok/sec: 811,263 | mfu: 25.3% | epoch: 1 | remaining: 298s    
step 00023 (0.6%) | loss: 5.764998 | lrm: 1.00 | dt: 162ms | tok/sec: 810,605 | mfu: 25.3% | epoch: 1 | remaining: 298s    
step 00024 (0.7%) | loss: 5.736760 | lrm: 1.00 | dt: 162ms | tok/sec: 811,039 | mfu: 25.3% | epoch: 1 | remaining: 298s    
step 00025 (0.8%) | loss: 5.702711 | lrm: 1.00 | dt: 162ms | tok/sec: 811,168 | mfu: 25.3% | epoch: 1 | remaining: 298s    
step 00026 (0.8%) | loss: 5.676790 | lrm: 1.00 | dt: 162ms | tok/sec: 811,247 | mfu: 25.3% | epoch: 1 | remaining: 297s    
step 00027 (0.9%) | loss: 5.654983 | lrm: 1.00 | dt: 162ms | tok/sec: 810,850 | mfu: 25.3% | epoch: 1 | remaining: 297s    
step 00028 (0.9%) | loss: 5.634454 | lrm: 1.00 | dt: 162ms | tok/sec: 810,960 | mfu: 25.3% | epoch: 1 | remaining: 297s    
step 00029 (1.0%) | loss: 5.611048 | lrm: 1.00 | dt: 162ms | tok/sec: 810,753 | mfu: 25.3% | epoch: 1 | remaining: 297s    
step 00030 (1.0%) | loss: 5.589123 | lrm: 1.00 | dt: 162ms | tok/sec: 810,930 | mfu: 25.3% | epoch: 1 | remaining: 297s    
step 00031 (1.1%) | loss: 5.567920 | lrm: 1.00 | dt: 162ms | tok/sec: 810,867 | mfu: 25.3% | epoch: 1 | remaining: 297s    
step 00032 (1.1%) | loss: 5.545416 | lrm: 1.00 | dt: 162ms | tok/sec: 811,104 | mfu: 25.3% | epoch: 1 | remaining: 296s    
step 00033 (1.2%) | loss: 5.527845 | lrm: 1.00 | dt: 162ms | tok/sec: 811,498 | mfu: 25.3% | epoch: 1 | remaining: 296s    
step 00034 (1.2%) | loss: 5.505539 | lrm: 1.00 | dt: 162ms | tok/sec: 811,312 | mfu: 25.3% | epoch: 1 | remaining: 296s    
step 00035 (1.3%) | loss: 5.484584 | lrm: 1.00 | dt: 162ms | tok/sec: 811,223 | mfu: 25.3% | epoch: 1 | remaining: 296s    
step 00036 (1.3%) | loss: 5.467203 | lrm: 1.00 | dt: 162ms | tok/sec: 810,919 | mfu: 25.3% | epoch: 1 | remaining: 296s    
step 00037 (1.4%) | loss: 5.445800 | lrm: 1.00 | dt: 162ms | tok/sec: 811,136 | mfu: 25.3% | epoch: 1 | remaining: 296s    
step 00038 (1.5%) | loss: 5.426256 | lrm: 1.00 | dt: 162ms | tok/sec: 811,445 | mfu: 25.3% | epoch: 1 | remaining: 295s    
step 00039 (1.5%) | loss: 5.406267 | lrm: 1.00 | dt: 162ms | tok/sec: 811,131 | mfu: 25.3% | epoch: 1 | remaining: 295s    
step 00040 (1.6%) | loss: 5.386012 | lrm: 1.00 | dt: 162ms | tok/sec: 811,095 | mfu: 25.3% | epoch: 1 | remaining: 295s    
step 00041 (1.6%) | loss: 5.367160 | lrm: 1.00 | dt: 162ms | tok/sec: 811,299 | mfu: 25.3% | epoch: 1 | remaining: 295s    
step 00042 (1.7%) | loss: 5.350625 | lrm: 1.00 | dt: 162ms | tok/sec: 810,794 | mfu: 25.3% | epoch: 1 | remaining: 295s    
step 00043 (1.7%) | loss: 5.329585 | lrm: 1.00 | dt: 162ms | tok/sec: 810,960 | mfu: 25.3% | epoch: 1 | remaining: 295s    
step 00044 (1.8%) | loss: 5.311957 | lrm: 1.00 | dt: 162ms | tok/sec: 811,179 | mfu: 25.3% | epoch: 1 | remaining: 295s    
step 00045 (1.8%) | loss: 5.296751 | lrm: 1.00 | dt: 162ms | tok/sec: 810,976 | mfu: 25.3% | epoch: 1 | remaining: 294s    
step 00046 (1.9%) | loss: 5.281210 | lrm: 1.00 | dt: 162ms | tok/sec: 811,046 | mfu: 25.3% | epoch: 1 | remaining: 294s    
step 00047 (1.9%) | loss: 5.262929 | lrm: 1.00 | dt: 162ms | tok/sec: 811,189 | mfu: 25.3% | epoch: 1 | remaining: 294s    
step 00048 (2.0%) | loss: 5.246695 | lrm: 1.00 | dt: 162ms | tok/sec: 811,185 | mfu: 25.3% | epoch: 1 | remaining: 294s    
step 00049 (2.0%) | loss: 5.230841 | lrm: 1.00 | dt: 162ms | tok/sec: 811,191 | mfu: 25.3% | epoch: 1 | remaining: 294s    
step 00050 (2.1%) | loss: 5.213873 | lrm: 1.00 | dt: 162ms | tok/sec: 811,155 | mfu: 25.3% | epoch: 1 | remaining: 294s    
step 00051 (2.2%) | loss: 5.193801 | lrm: 1.00 | dt: 162ms | tok/sec: 811,095 | mfu: 25.3% | epoch: 1 | remaining: 293s    
step 00052 (2.2%) | loss: 5.171693 | lrm: 1.00 | dt: 162ms | tok/sec: 811,296 | mfu: 25.3% | epoch: 1 | remaining: 293s    
step 00053 (2.3%) | loss: 5.155608 | lrm: 1.00 | dt: 162ms | tok/sec: 811,171 | mfu: 25.3% | epoch: 1 | remaining: 293s    
step 00054 (2.3%) | loss: 5.136925 | lrm: 1.00 | dt: 162ms | tok/sec: 811,233 | mfu: 25.3% | epoch: 1 | remaining: 293s    
step 00055 (2.4%) | loss: 5.118118 | lrm: 1.00 | dt: 162ms | tok/sec: 810,858 | mfu: 25.3% | epoch: 1 | remaining: 293s    
step 00056 (2.4%) | loss: 5.099381 | lrm: 1.00 | dt: 162ms | tok/sec: 811,363 | mfu: 25.3% | epoch: 1 | remaining: 293s    
step 00057 (2.5%) | loss: 5.083609 | lrm: 1.00 | dt: 162ms | tok/sec: 810,833 | mfu: 25.3% | epoch: 1 | remaining: 292s    
step 00058 (2.5%) | loss: 5.070327 | lrm: 1.00 | dt: 162ms | tok/sec: 811,040 | mfu: 25.3% | epoch: 1 | remaining: 292s    
step 00059 (2.6%) | loss: 5.049724 | lrm: 1.00 | dt: 162ms | tok/sec: 811,068 | mfu: 25.3% | epoch: 1 | remaining: 292s    
step 00060 (2.6%) | loss: 5.031363 | lrm: 1.00 | dt: 162ms | tok/sec: 810,956 | mfu: 25.3% | epoch: 1 | remaining: 292s    
step 00061 (2.7%) | loss: 5.007550 | lrm: 1.00 | dt: 162ms | tok/sec: 810,843 | mfu: 25.3% | epoch: 1 | remaining: 292s    
step 00062 (2.7%) | loss: 4.989097 | lrm: 1.00 | dt: 162ms | tok/sec: 810,761 | mfu: 25.3% | epoch: 1 | remaining: 292s    
step 00063 (2.8%) | loss: 4.972297 | lrm: 1.00 | dt: 162ms | tok/sec: 811,016 | mfu: 25.3% | epoch: 1 | remaining: 291s    
step 00064 (2.9%) | loss: 4.956146 | lrm: 1.00 | dt: 162ms | tok/sec: 811,031 | mfu: 25.3% | epoch: 1 | remaining: 291s    
step 00065 (2.9%) | loss: 4.939168 | lrm: 1.00 | dt: 162ms | tok/sec: 810,660 | mfu: 25.3% | epoch: 1 | remaining: 291s    
step 00066 (3.0%) | loss: 4.920339 | lrm: 1.00 | dt: 162ms | tok/sec: 811,140 | mfu: 25.3% | epoch: 1 | remaining: 291s    
step 00067 (3.0%) | loss: 4.906385 | lrm: 1.00 | dt: 162ms | tok/sec: 811,077 | mfu: 25.3% | epoch: 1 | remaining: 291s    
step 00068 (3.1%) | loss: 4.889418 | lrm: 1.00 | dt: 162ms | tok/sec: 811,196 | mfu: 25.3% | epoch: 1 | remaining: 291s    
step 00069 (3.1%) | loss: 4.870040 | lrm: 1.00 | dt: 162ms | tok/sec: 810,708 | mfu: 25.3% | epoch: 1 | remaining: 290s    
step 00070 (3.2%) | loss: 4.854317 | lrm: 1.00 | dt: 162ms | tok/sec: 810,750 | mfu: 25.3% | epoch: 1 | remaining: 290s    
step 00071 (3.2%) | loss: 4.832642 | lrm: 1.00 | dt: 162ms | tok/sec: 811,016 | mfu: 25.3% | epoch: 1 | remaining: 290s    
step 00072 (3.3%) | loss: 4.817171 | lrm: 1.00 | dt: 162ms | tok/sec: 811,197 | mfu: 25.3% | epoch: 1 | remaining: 290s    
step 00073 (3.3%) | loss: 4.798197 | lrm: 1.00 | dt: 162ms | tok/sec: 811,094 | mfu: 25.3% | epoch: 1 | remaining: 290s    
step 00074 (3.4%) | loss: 4.783945 | lrm: 1.00 | dt: 162ms | tok/sec: 810,844 | mfu: 25.3% | epoch: 1 | remaining: 290s    
step 00075 (3.4%) | loss: 4.766136 | lrm: 1.00 | dt: 162ms | tok/sec: 810,613 | mfu: 25.3% | epoch: 1 | remaining: 289s    
step 00076 (3.5%) | loss: 4.747802 | lrm: 1.00 | dt: 162ms | tok/sec: 810,913 | mfu: 25.3% | epoch: 1 | remaining: 289s    
step 00077 (3.6%) | loss: 4.726735 | lrm: 1.00 | dt: 162ms | tok/sec: 810,747 | mfu: 25.3% | epoch: 1 | remaining: 289s    
step 00078 (3.6%) | loss: 4.706964 | lrm: 1.00 | dt: 162ms | tok/sec: 810,978 | mfu: 25.3% | epoch: 1 | remaining: 289s    
step 00079 (3.7%) | loss: 4.690176 | lrm: 1.00 | dt: 162ms | tok/sec: 811,014 | mfu: 25.3% | epoch: 1 | remaining: 289s    
step 00080 (3.7%) | loss: 4.673627 | lrm: 1.00 | dt: 162ms | tok/sec: 810,091 | mfu: 25.2% | epoch: 1 | remaining: 289s    
step 00081 (3.8%) | loss: 4.659022 | lrm: 1.00 | dt: 162ms | tok/sec: 810,758 | mfu: 25.3% | epoch: 1 | remaining: 289s    
step 00082 (3.8%) | loss: 4.639511 | lrm: 1.00 | dt: 162ms | tok/sec: 810,544 | mfu: 25.3% | epoch: 1 | remaining: 288s    
step 00083 (3.9%) | loss: 4.621038 | lrm: 1.00 | dt: 162ms | tok/sec: 810,297 | mfu: 25.2% | epoch: 1 | remaining: 288s    
step 00084 (3.9%) | loss: 4.603572 | lrm: 1.00 | dt: 162ms | tok/sec: 810,552 | mfu: 25.3% | epoch: 1 | remaining: 288s    
step 00085 (4.0%) | loss: 4.591113 | lrm: 1.00 | dt: 162ms | tok/sec: 810,528 | mfu: 25.3% | epoch: 1 | remaining: 288s    
step 00086 (4.0%) | loss: 4.572451 | lrm: 1.00 | dt: 162ms | tok/sec: 810,601 | mfu: 25.3% | epoch: 1 | remaining: 288s    
step 00087 (4.1%) | loss: 4.550556 | lrm: 1.00 | dt: 162ms | tok/sec: 810,925 | mfu: 25.3% | epoch: 1 | remaining: 288s    
step 00088 (4.1%) | loss: 4.535128 | lrm: 1.00 | dt: 162ms | tok/sec: 810,934 | mfu: 25.3% | epoch: 1 | remaining: 287s    
step 00089 (4.2%) | loss: 4.515557 | lrm: 1.00 | dt: 162ms | tok/sec: 810,758 | mfu: 25.3% | epoch: 1 | remaining: 287s    
step 00090 (4.3%) | loss: 4.497223 | lrm: 1.00 | dt: 162ms | tok/sec: 810,760 | mfu: 25.3% | epoch: 1 | remaining: 287s    
step 00091 (4.3%) | loss: 4.483938 | lrm: 1.00 | dt: 162ms | tok/sec: 810,696 | mfu: 25.3% | epoch: 1 | remaining: 287s    
step 00092 (4.4%) | loss: 4.467157 | lrm: 1.00 | dt: 162ms | tok/sec: 810,741 | mfu: 25.3% | epoch: 1 | remaining: 287s    
step 00093 (4.4%) | loss: 4.448744 | lrm: 1.00 | dt: 162ms | tok/sec: 810,973 | mfu: 25.3% | epoch: 1 | remaining: 287s    
step 00094 (4.5%) | loss: 4.432481 | lrm: 1.00 | dt: 162ms | tok/sec: 810,730 | mfu: 25.3% | epoch: 1 | remaining: 286s    
step 00095 (4.5%) | loss: 4.411509 | lrm: 1.00 | dt: 162ms | tok/sec: 810,625 | mfu: 25.3% | epoch: 1 | remaining: 286s    
step 00096 (4.6%) | loss: 4.395973 | lrm: 1.00 | dt: 162ms | tok/sec: 810,118 | mfu: 25.2% | epoch: 1 | remaining: 286s    
step 00097 (4.6%) | loss: 4.376725 | lrm: 1.00 | dt: 162ms | tok/sec: 810,877 | mfu: 25.3% | epoch: 1 | remaining: 286s    
step 00098 (4.7%) | loss: 4.354350 | lrm: 1.00 | dt: 162ms | tok/sec: 810,551 | mfu: 25.3% | epoch: 1 | remaining: 286s    
step 00099 (4.7%) | loss: 4.338421 | lrm: 1.00 | dt: 162ms | tok/sec: 810,479 | mfu: 25.3% | epoch: 1 | remaining: 286s    
step 00100 (4.8%) | loss: 4.329303 | lrm: 1.00 | dt: 162ms | tok/sec: 810,410 | mfu: 25.2% | epoch: 1 | remaining: 285s    
step 00101 (4.8%) | loss: 4.316855 | lrm: 1.00 | dt: 162ms | tok/sec: 809,987 | mfu: 25.2% | epoch: 1 | remaining: 285s    
step 00102 (4.9%) | loss: 4.301851 | lrm: 1.00 | dt: 162ms | tok/sec: 810,458 | mfu: 25.3% | epoch: 1 | remaining: 285s    
step 00103 (5.0%) | loss: 4.283176 | lrm: 1.00 | dt: 162ms | tok/sec: 810,292 | mfu: 25.2% | epoch: 1 | remaining: 285s    
step 00104 (5.0%) | loss: 4.268996 | lrm: 1.00 | dt: 162ms | tok/sec: 810,069 | mfu: 25.2% | epoch: 1 | remaining: 285s    
step 00105 (5.1%) | loss: 4.255057 | lrm: 1.00 | dt: 162ms | tok/sec: 810,599 | mfu: 25.3% | epoch: 1 | remaining: 285s    
step 00106 (5.1%) | loss: 4.241373 | lrm: 1.00 | dt: 162ms | tok/sec: 810,359 | mfu: 25.2% | epoch: 1 | remaining: 284s    
step 00107 (5.2%) | loss: 4.227488 | lrm: 1.00 | dt: 162ms | tok/sec: 810,637 | mfu: 25.3% | epoch: 1 | remaining: 284s    
step 00108 (5.2%) | loss: 4.209552 | lrm: 1.00 | dt: 162ms | tok/sec: 810,420 | mfu: 25.2% | epoch: 1 | remaining: 284s    
step 00109 (5.3%) | loss: 4.192084 | lrm: 1.00 | dt: 162ms | tok/sec: 810,641 | mfu: 25.3% | epoch: 1 | remaining: 284s    
step 00110 (5.3%) | loss: 4.177237 | lrm: 1.00 | dt: 162ms | tok/sec: 810,361 | mfu: 25.2% | epoch: 1 | remaining: 284s    
step 00111 (5.4%) | loss: 4.169316 | lrm: 1.00 | dt: 162ms | tok/sec: 810,322 | mfu: 25.2% | epoch: 1 | remaining: 284s    
step 00112 (5.4%) | loss: 4.159781 | lrm: 1.00 | dt: 162ms | tok/sec: 810,781 | mfu: 25.3% | epoch: 1 | remaining: 284s    
step 00113 (5.5%) | loss: 4.149646 | lrm: 1.00 | dt: 162ms | tok/sec: 810,759 | mfu: 25.3% | epoch: 1 | remaining: 283s    
step 00114 (5.5%) | loss: 4.134943 | lrm: 1.00 | dt: 162ms | tok/sec: 810,558 | mfu: 25.3% | epoch: 1 | remaining: 283s    
step 00115 (5.6%) | loss: 4.125977 | lrm: 1.00 | dt: 162ms | tok/sec: 810,350 | mfu: 25.2% | epoch: 1 | remaining: 283s    
step 00116 (5.7%) | loss: 4.118968 | lrm: 1.00 | dt: 162ms | tok/sec: 810,695 | mfu: 25.3% | epoch: 1 | remaining: 283s    
step 00117 (5.7%) | loss: 4.104135 | lrm: 1.00 | dt: 162ms | tok/sec: 810,330 | mfu: 25.2% | epoch: 1 | remaining: 283s    
step 00118 (5.8%) | loss: 4.092684 | lrm: 1.00 | dt: 162ms | tok/sec: 810,423 | mfu: 25.2% | epoch: 1 | remaining: 283s    
step 00119 (5.8%) | loss: 4.081579 | lrm: 1.00 | dt: 162ms | tok/sec: 810,090 | mfu: 25.2% | epoch: 1 | remaining: 282s    
step 00120 (5.9%) | loss: 4.074963 | lrm: 1.00 | dt: 162ms | tok/sec: 809,841 | mfu: 25.2% | epoch: 1 | remaining: 282s    
step 00121 (5.9%) | loss: 4.061104 | lrm: 1.00 | dt: 162ms | tok/sec: 809,793 | mfu: 25.2% | epoch: 1 | remaining: 282s    
step 00122 (6.0%) | loss: 4.050352 | lrm: 1.00 | dt: 162ms | tok/sec: 810,331 | mfu: 25.2% | epoch: 1 | remaining: 282s    
step 00123 (6.0%) | loss: 4.038007 | lrm: 1.00 | dt: 162ms | tok/sec: 810,469 | mfu: 25.3% | epoch: 1 | remaining: 282s    
step 00124 (6.1%) | loss: 4.027041 | lrm: 1.00 | dt: 162ms | tok/sec: 810,293 | mfu: 25.2% | epoch: 1 | remaining: 282s    
step 00125 (6.1%) | loss: 4.015619 | lrm: 1.00 | dt: 162ms | tok/sec: 810,248 | mfu: 25.2% | epoch: 1 | remaining: 281s    
step 00126 (6.2%) | loss: 4.002768 | lrm: 1.00 | dt: 162ms | tok/sec: 810,121 | mfu: 25.2% | epoch: 1 | remaining: 281s    
step 00127 (6.3%) | loss: 3.996703 | lrm: 1.00 | dt: 162ms | tok/sec: 810,187 | mfu: 25.2% | epoch: 1 | remaining: 281s    
step 00128 (6.3%) | loss: 3.990882 | lrm: 1.00 | dt: 162ms | tok/sec: 810,507 | mfu: 25.3% | epoch: 1 | remaining: 281s    
step 00129 (6.4%) | loss: 3.978279 | lrm: 1.00 | dt: 162ms | tok/sec: 810,325 | mfu: 25.2% | epoch: 1 | remaining: 281s    
step 00130 (6.4%) | loss: 3.967425 | lrm: 1.00 | dt: 162ms | tok/sec: 810,294 | mfu: 25.2% | epoch: 1 | remaining: 281s    
step 00131 (6.5%) | loss: 3.953810 | lrm: 1.00 | dt: 164ms | tok/sec: 800,354 | mfu: 24.9% | epoch: 1 | remaining: 280s    
step 00132 (6.5%) | loss: 3.948591 | lrm: 1.00 | dt: 162ms | tok/sec: 808,931 | mfu: 25.2% | epoch: 1 | remaining: 280s    
step 00133 (6.6%) | loss: 3.944057 | lrm: 1.00 | dt: 162ms | tok/sec: 809,519 | mfu: 25.2% | epoch: 1 | remaining: 280s    
step 00134 (6.6%) | loss: 3.932577 | lrm: 1.00 | dt: 162ms | tok/sec: 809,643 | mfu: 25.2% | epoch: 1 | remaining: 280s    
step 00135 (6.7%) | loss: 3.928615 | lrm: 1.00 | dt: 162ms | tok/sec: 810,026 | mfu: 25.2% | epoch: 1 | remaining: 280s    
step 00136 (6.7%) | loss: 3.919664 | lrm: 1.00 | dt: 164ms | tok/sec: 798,830 | mfu: 24.9% | epoch: 1 | remaining: 280s    
step 00137 (6.8%) | loss: 3.910474 | lrm: 1.00 | dt: 162ms | tok/sec: 809,585 | mfu: 25.2% | epoch: 1 | remaining: 279s    
step 00138 (6.8%) | loss: 3.897796 | lrm: 1.00 | dt: 162ms | tok/sec: 809,757 | mfu: 25.2% | epoch: 1 | remaining: 279s    
step 00139 (6.9%) | loss: 3.889856 | lrm: 1.00 | dt: 162ms | tok/sec: 809,361 | mfu: 25.2% | epoch: 1 | remaining: 279s    
step 00140 (7.0%) | loss: 3.878901 | lrm: 1.00 | dt: 162ms | tok/sec: 808,959 | mfu: 25.2% | epoch: 1 | remaining: 279s    
step 00141 (7.0%) | loss: 3.873408 | lrm: 1.00 | dt: 162ms | tok/sec: 809,678 | mfu: 25.2% | epoch: 1 | remaining: 279s    
step 00142 (7.1%) | loss: 3.868529 | lrm: 1.00 | dt: 162ms | tok/sec: 809,996 | mfu: 25.2% | epoch: 1 | remaining: 279s    
step 00143 (7.1%) | loss: 3.862789 | lrm: 1.00 | dt: 162ms | tok/sec: 809,517 | mfu: 25.2% | epoch: 1 | remaining: 278s    
step 00144 (7.2%) | loss: 3.857413 | lrm: 1.00 | dt: 162ms | tok/sec: 808,789 | mfu: 25.2% | epoch: 1 | remaining: 278s    
step 00145 (7.2%) | loss: 3.854948 | lrm: 1.00 | dt: 162ms | tok/sec: 810,260 | mfu: 25.2% | epoch: 1 | remaining: 278s    
step 00146 (7.3%) | loss: 3.852087 | lrm: 1.00 | dt: 162ms | tok/sec: 809,737 | mfu: 25.2% | epoch: 1 | remaining: 278s    
step 00147 (7.3%) | loss: 3.840305 | lrm: 1.00 | dt: 162ms | tok/sec: 810,230 | mfu: 25.2% | epoch: 1 | remaining: 278s    
step 00148 (7.4%) | loss: 3.840079 | lrm: 1.00 | dt: 162ms | tok/sec: 810,012 | mfu: 25.2% | epoch: 1 | remaining: 278s    
step 00149 (7.4%) | loss: 3.834701 | lrm: 1.00 | dt: 162ms | tok/sec: 810,229 | mfu: 25.2% | epoch: 1 | remaining: 278s    
step 00150 (7.5%) | loss: 3.829295 | lrm: 1.00 | dt: 162ms | tok/sec: 810,014 | mfu: 25.2% | epoch: 1 | remaining: 277s    
step 00151 (7.5%) | loss: 3.824768 | lrm: 1.00 | dt: 162ms | tok/sec: 810,081 | mfu: 25.2% | epoch: 1 | remaining: 277s    
step 00152 (7.6%) | loss: 3.818091 | lrm: 1.00 | dt: 162ms | tok/sec: 809,731 | mfu: 25.2% | epoch: 1 | remaining: 277s    
step 00153 (7.7%) | loss: 3.813788 | lrm: 1.00 | dt: 162ms | tok/sec: 810,138 | mfu: 25.2% | epoch: 1 | remaining: 277s    
step 00154 (7.7%) | loss: 3.809323 | lrm: 1.00 | dt: 162ms | tok/sec: 810,152 | mfu: 25.2% | epoch: 1 | remaining: 277s    
step 00155 (7.8%) | loss: 3.806420 | lrm: 1.00 | dt: 162ms | tok/sec: 809,970 | mfu: 25.2% | epoch: 1 | remaining: 277s    
step 00156 (7.8%) | loss: 3.801957 | lrm: 1.00 | dt: 162ms | tok/sec: 809,961 | mfu: 25.2% | epoch: 1 | remaining: 276s    
step 00157 (7.9%) | loss: 3.803816 | lrm: 1.00 | dt: 162ms | tok/sec: 810,201 | mfu: 25.2% | epoch: 1 | remaining: 276s    
step 00158 (7.9%) | loss: 3.801093 | lrm: 1.00 | dt: 162ms | tok/sec: 810,045 | mfu: 25.2% | epoch: 1 | remaining: 276s    
step 00159 (8.0%) | loss: 3.798868 | lrm: 1.00 | dt: 162ms | tok/sec: 809,682 | mfu: 25.2% | epoch: 1 | remaining: 276s    
step 00160 (8.0%) | loss: 3.788479 | lrm: 1.00 | dt: 162ms | tok/sec: 810,242 | mfu: 25.2% | epoch: 1 | remaining: 276s    
step 00161 (8.1%) | loss: 3.780154 | lrm: 1.00 | dt: 162ms | tok/sec: 809,947 | mfu: 25.2% | epoch: 1 | remaining: 276s    
step 00162 (8.1%) | loss: 3.769070 | lrm: 1.00 | dt: 162ms | tok/sec: 810,220 | mfu: 25.2% | epoch: 1 | remaining: 275s    
step 00163 (8.2%) | loss: 3.764068 | lrm: 1.00 | dt: 162ms | tok/sec: 810,079 | mfu: 25.2% | epoch: 1 | remaining: 275s    
step 00164 (8.2%) | loss: 3.754685 | lrm: 1.00 | dt: 162ms | tok/sec: 810,147 | mfu: 25.2% | epoch: 1 | remaining: 275s    
step 00165 (8.3%) | loss: 3.745309 | lrm: 1.00 | dt: 162ms | tok/sec: 809,834 | mfu: 25.2% | epoch: 1 | remaining: 275s    
step 00166 (8.4%) | loss: 3.738010 | lrm: 1.00 | dt: 162ms | tok/sec: 810,146 | mfu: 25.2% | epoch: 1 | remaining: 275s    
step 00167 (8.4%) | loss: 3.735633 | lrm: 1.00 | dt: 162ms | tok/sec: 809,929 | mfu: 25.2% | epoch: 1 | remaining: 275s    
step 00168 (8.5%) | loss: 3.740300 | lrm: 1.00 | dt: 162ms | tok/sec: 809,607 | mfu: 25.2% | epoch: 1 | remaining: 274s    
step 00169 (8.5%) | loss: 3.729994 | lrm: 1.00 | dt: 162ms | tok/sec: 810,168 | mfu: 25.2% | epoch: 1 | remaining: 274s    
step 00170 (8.6%) | loss: 3.725792 | lrm: 1.00 | dt: 162ms | tok/sec: 810,047 | mfu: 25.2% | epoch: 1 | remaining: 274s    
step 00171 (8.6%) | loss: 3.725258 | lrm: 1.00 | dt: 162ms | tok/sec: 810,336 | mfu: 25.2% | epoch: 1 | remaining: 274s    
step 00172 (8.7%) | loss: 3.719631 | lrm: 1.00 | dt: 162ms | tok/sec: 810,171 | mfu: 25.2% | epoch: 1 | remaining: 274s    
step 00173 (8.7%) | loss: 3.719351 | lrm: 1.00 | dt: 162ms | tok/sec: 810,165 | mfu: 25.2% | epoch: 1 | remaining: 274s    
step 00174 (8.8%) | loss: 3.710031 | lrm: 1.00 | dt: 162ms | tok/sec: 809,915 | mfu: 25.2% | epoch: 1 | remaining: 273s    
step 00175 (8.8%) | loss: 3.711378 | lrm: 1.00 | dt: 162ms | tok/sec: 810,209 | mfu: 25.2% | epoch: 1 | remaining: 273s    
step 00176 (8.9%) | loss: 3.711947 | lrm: 1.00 | dt: 162ms | tok/sec: 810,084 | mfu: 25.2% | epoch: 1 | remaining: 273s    
step 00177 (8.9%) | loss: 3.695879 | lrm: 1.00 | dt: 162ms | tok/sec: 809,232 | mfu: 25.2% | epoch: 1 | remaining: 273s    
step 00178 (9.0%) | loss: 3.697026 | lrm: 1.00 | dt: 162ms | tok/sec: 810,251 | mfu: 25.2% | epoch: 1 | remaining: 273s    
step 00179 (9.1%) | loss: 3.692450 | lrm: 1.00 | dt: 162ms | tok/sec: 809,925 | mfu: 25.2% | epoch: 1 | remaining: 273s    
step 00180 (9.1%) | loss: 3.686960 | lrm: 1.00 | dt: 162ms | tok/sec: 809,590 | mfu: 25.2% | epoch: 1 | remaining: 273s    
step 00181 (9.2%) | loss: 3.684834 | lrm: 1.00 | dt: 162ms | tok/sec: 809,925 | mfu: 25.2% | epoch: 1 | remaining: 272s    
step 00182 (9.2%) | loss: 3.679843 | lrm: 1.00 | dt: 162ms | tok/sec: 809,897 | mfu: 25.2% | epoch: 1 | remaining: 272s    
step 00183 (9.3%) | loss: 3.684395 | lrm: 1.00 | dt: 162ms | tok/sec: 809,582 | mfu: 25.2% | epoch: 1 | remaining: 272s    
step 00184 (9.3%) | loss: 3.676257 | lrm: 1.00 | dt: 162ms | tok/sec: 809,891 | mfu: 25.2% | epoch: 1 | remaining: 272s    
step 00185 (9.4%) | loss: 3.669494 | lrm: 1.00 | dt: 162ms | tok/sec: 809,967 | mfu: 25.2% | epoch: 1 | remaining: 272s    
step 00186 (9.4%) | loss: 3.670931 | lrm: 1.00 | dt: 162ms | tok/sec: 809,641 | mfu: 25.2% | epoch: 1 | remaining: 272s    
step 00187 (9.5%) | loss: 3.667164 | lrm: 1.00 | dt: 162ms | tok/sec: 809,637 | mfu: 25.2% | epoch: 1 | remaining: 271s    
step 00188 (9.5%) | loss: 3.658707 | lrm: 1.00 | dt: 162ms | tok/sec: 809,974 | mfu: 25.2% | epoch: 1 | remaining: 271s    
step 00189 (9.6%) | loss: 3.656857 | lrm: 1.00 | dt: 162ms | tok/sec: 809,980 | mfu: 25.2% | epoch: 1 | remaining: 271s    
step 00190 (9.7%) | loss: 3.644380 | lrm: 1.00 | dt: 162ms | tok/sec: 809,985 | mfu: 25.2% | epoch: 1 | remaining: 271s    
step 00191 (9.7%) | loss: 3.632906 | lrm: 1.00 | dt: 162ms | tok/sec: 809,442 | mfu: 25.2% | epoch: 1 | remaining: 271s    
step 00192 (9.8%) | loss: 3.630519 | lrm: 1.00 | dt: 162ms | tok/sec: 810,188 | mfu: 25.2% | epoch: 1 | remaining: 271s    
step 00193 (9.8%) | loss: 3.623672 | lrm: 1.00 | dt: 162ms | tok/sec: 809,760 | mfu: 25.2% | epoch: 1 | remaining: 270s    
step 00194 (9.9%) | loss: 3.624138 | lrm: 1.00 | dt: 162ms | tok/sec: 809,698 | mfu: 25.2% | epoch: 1 | remaining: 270s    
step 00195 (9.9%) | loss: 3.629121 | lrm: 1.00 | dt: 162ms | tok/sec: 809,720 | mfu: 25.2% | epoch: 1 | remaining: 270s    
step 00196 (10.0%) | loss: 3.630738 | lrm: 1.00 | dt: 162ms | tok/sec: 809,706 | mfu: 25.2% | epoch: 1 | remaining: 270s    
step 00197 (10.0%) | loss: 3.627942 | lrm: 1.00 | dt: 162ms | tok/sec: 809,830 | mfu: 25.2% | epoch: 1 | remaining: 270s    
step 00198 (10.1%) | loss: 3.629853 | lrm: 1.00 | dt: 162ms | tok/sec: 809,392 | mfu: 25.2% | epoch: 1 | remaining: 270s    
step 00199 (10.1%) | loss: 3.622203 | lrm: 1.00 | dt: 162ms | tok/sec: 809,296 | mfu: 25.2% | epoch: 1 | remaining: 269s    
step 00200 (10.2%) | loss: 3.617277 | lrm: 1.00 | dt: 162ms | tok/sec: 809,830 | mfu: 25.2% | epoch: 1 | remaining: 269s    
step 00201 (10.2%) | loss: 3.615157 | lrm: 1.00 | dt: 162ms | tok/sec: 809,806 | mfu: 25.2% | epoch: 1 | remaining: 269s    
step 00202 (10.3%) | loss: 3.607307 | lrm: 1.00 | dt: 162ms | tok/sec: 809,579 | mfu: 25.2% | epoch: 1 | remaining: 269s    
step 00203 (10.4%) | loss: 3.606379 | lrm: 1.00 | dt: 162ms | tok/sec: 809,460 | mfu: 25.2% | epoch: 1 | remaining: 269s    
step 00204 (10.4%) | loss: 3.600324 | lrm: 1.00 | dt: 162ms | tok/sec: 809,962 | mfu: 25.2% | epoch: 1 | remaining: 269s    
step 00205 (10.5%) | loss: 3.599938 | lrm: 1.00 | dt: 162ms | tok/sec: 809,873 | mfu: 25.2% | epoch: 1 | remaining: 268s    
step 00206 (10.5%) | loss: 3.598366 | lrm: 1.00 | dt: 162ms | tok/sec: 809,760 | mfu: 25.2% | epoch: 1 | remaining: 268s    
step 00207 (10.6%) | loss: 3.598396 | lrm: 1.00 | dt: 162ms | tok/sec: 809,923 | mfu: 25.2% | epoch: 1 | remaining: 268s    
step 00208 (10.6%) | loss: 3.596337 | lrm: 1.00 | dt: 162ms | tok/sec: 809,723 | mfu: 25.2% | epoch: 1 | remaining: 268s    
step 00209 (10.7%) | loss: 3.591508 | lrm: 1.00 | dt: 162ms | tok/sec: 809,955 | mfu: 25.2% | epoch: 1 | remaining: 268s    
step 00210 (10.7%) | loss: 3.583348 | lrm: 1.00 | dt: 162ms | tok/sec: 809,315 | mfu: 25.2% | epoch: 1 | remaining: 268s    
step 00211 (10.8%) | loss: 3.583446 | lrm: 1.00 | dt: 162ms | tok/sec: 809,447 | mfu: 25.2% | epoch: 1 | remaining: 267s    
step 00212 (10.8%) | loss: 3.580791 | lrm: 1.00 | dt: 162ms | tok/sec: 810,004 | mfu: 25.2% | epoch: 1 | remaining: 267s    
step 00213 (10.9%) | loss: 3.579395 | lrm: 1.00 | dt: 162ms | tok/sec: 809,692 | mfu: 25.2% | epoch: 1 | remaining: 267s    
step 00214 (10.9%) | loss: 3.579098 | lrm: 1.00 | dt: 162ms | tok/sec: 809,916 | mfu: 25.2% | epoch: 1 | remaining: 267s    
step 00215 (11.0%) | loss: 3.579440 | lrm: 1.00 | dt: 162ms | tok/sec: 809,865 | mfu: 25.2% | epoch: 1 | remaining: 267s    
step 00216 (11.1%) | loss: 3.578007 | lrm: 1.00 | dt: 162ms | tok/sec: 809,398 | mfu: 25.2% | epoch: 1 | remaining: 267s    
step 00217 (11.1%) | loss: 3.581758 | lrm: 1.00 | dt: 162ms | tok/sec: 809,813 | mfu: 25.2% | epoch: 1 | remaining: 267s    
step 00218 (11.2%) | loss: 3.578961 | lrm: 1.00 | dt: 162ms | tok/sec: 809,655 | mfu: 25.2% | epoch: 1 | remaining: 266s    
step 00219 (11.2%) | loss: 3.582671 | lrm: 1.00 | dt: 162ms | tok/sec: 808,970 | mfu: 25.2% | epoch: 1 | remaining: 266s    
step 00220 (11.3%) | loss: 3.586000 | lrm: 1.00 | dt: 162ms | tok/sec: 809,811 | mfu: 25.2% | epoch: 1 | remaining: 266s    
step 00221 (11.3%) | loss: 3.585130 | lrm: 1.00 | dt: 162ms | tok/sec: 810,190 | mfu: 25.2% | epoch: 1 | remaining: 266s    
step 00222 (11.4%) | loss: 3.584263 | lrm: 1.00 | dt: 162ms | tok/sec: 810,177 | mfu: 25.2% | epoch: 1 | remaining: 266s    
step 00223 (11.4%) | loss: 3.578445 | lrm: 1.00 | dt: 162ms | tok/sec: 810,350 | mfu: 25.2% | epoch: 1 | remaining: 266s    
step 00224 (11.5%) | loss: 3.579111 | lrm: 1.00 | dt: 162ms | tok/sec: 810,304 | mfu: 25.2% | epoch: 1 | remaining: 265s    
step 00225 (11.5%) | loss: 3.568887 | lrm: 1.00 | dt: 162ms | tok/sec: 810,127 | mfu: 25.2% | epoch: 1 | remaining: 265s    
step 00226 (11.6%) | loss: 3.572061 | lrm: 1.00 | dt: 162ms | tok/sec: 810,112 | mfu: 25.2% | epoch: 1 | remaining: 265s    
step 00227 (11.6%) | loss: 3.573365 | lrm: 1.00 | dt: 162ms | tok/sec: 810,163 | mfu: 25.2% | epoch: 1 | remaining: 265s    
step 00228 (11.7%) | loss: 3.567960 | lrm: 1.00 | dt: 162ms | tok/sec: 809,977 | mfu: 25.2% | epoch: 1 | remaining: 265s    
step 00229 (11.8%) | loss: 3.566884 | lrm: 1.00 | dt: 162ms | tok/sec: 810,118 | mfu: 25.2% | epoch: 1 | remaining: 265s    
step 00230 (11.8%) | loss: 3.565710 | lrm: 1.00 | dt: 162ms | tok/sec: 809,924 | mfu: 25.2% | epoch: 1 | remaining: 264s    
step 00231 (11.9%) | loss: 3.562438 | lrm: 1.00 | dt: 162ms | tok/sec: 810,053 | mfu: 25.2% | epoch: 1 | remaining: 264s    
step 00232 (11.9%) | loss: 3.559247 | lrm: 1.00 | dt: 162ms | tok/sec: 810,183 | mfu: 25.2% | epoch: 1 | remaining: 264s    
step 00233 (12.0%) | loss: 3.553360 | lrm: 1.00 | dt: 162ms | tok/sec: 810,016 | mfu: 25.2% | epoch: 1 | remaining: 264s    
step 00234 (12.0%) | loss: 3.549668 | lrm: 1.00 | dt: 162ms | tok/sec: 810,159 | mfu: 25.2% | epoch: 1 | remaining: 264s    
step 00235 (12.1%) | loss: 3.545175 | lrm: 1.00 | dt: 162ms | tok/sec: 810,003 | mfu: 25.2% | epoch: 1 | remaining: 264s    
step 00236 (12.1%) | loss: 3.544755 | lrm: 1.00 | dt: 162ms | tok/sec: 810,017 | mfu: 25.2% | epoch: 1 | remaining: 263s    
step 00237 (12.2%) | loss: 3.544005 | lrm: 1.00 | dt: 162ms | tok/sec: 809,896 | mfu: 25.2% | epoch: 1 | remaining: 263s    
step 00238 (12.2%) | loss: 3.546569 | lrm: 1.00 | dt: 162ms | tok/sec: 810,010 | mfu: 25.2% | epoch: 1 | remaining: 263s    
step 00239 (12.3%) | loss: 3.547048 | lrm: 1.00 | dt: 162ms | tok/sec: 810,078 | mfu: 25.2% | epoch: 1 | remaining: 263s    
step 00240 (12.3%) | loss: 3.541891 | lrm: 1.00 | dt: 162ms | tok/sec: 810,426 | mfu: 25.2% | epoch: 1 | remaining: 263s    
step 00241 (12.4%) | loss: 3.539216 | lrm: 1.00 | dt: 162ms | tok/sec: 810,250 | mfu: 25.2% | epoch: 1 | remaining: 263s    
step 00242 (12.5%) | loss: 3.537698 | lrm: 1.00 | dt: 162ms | tok/sec: 810,007 | mfu: 25.2% | epoch: 1 | remaining: 262s    
step 00243 (12.5%) | loss: 3.535909 | lrm: 1.00 | dt: 162ms | tok/sec: 810,009 | mfu: 25.2% | epoch: 1 | remaining: 262s    
step 00244 (12.6%) | loss: 3.530696 | lrm: 1.00 | dt: 162ms | tok/sec: 810,146 | mfu: 25.2% | epoch: 1 | remaining: 262s    
step 00245 (12.6%) | loss: 3.531608 | lrm: 1.00 | dt: 162ms | tok/sec: 810,416 | mfu: 25.2% | epoch: 1 | remaining: 262s    
step 00246 (12.7%) | loss: 3.531362 | lrm: 1.00 | dt: 162ms | tok/sec: 810,057 | mfu: 25.2% | epoch: 1 | remaining: 262s    
step 00247 (12.7%) | loss: 3.523443 | lrm: 1.00 | dt: 162ms | tok/sec: 810,170 | mfu: 25.2% | epoch: 1 | remaining: 262s    
step 00248 (12.8%) | loss: 3.526381 | lrm: 1.00 | dt: 162ms | tok/sec: 810,009 | mfu: 25.2% | epoch: 1 | remaining: 262s    
step 00249 (12.8%) | loss: 3.528092 | lrm: 1.00 | dt: 162ms | tok/sec: 810,289 | mfu: 25.2% | epoch: 1 | remaining: 261s    
step 00250 (12.9%) | loss: 3.525275 | lrm: 1.00 | dt: 162ms | tok/sec: 810,318 | mfu: 25.2% | epoch: 1 | remaining: 261s    
step 00251 (12.9%) | loss: 3.528589 | lrm: 1.00 | dt: 162ms | tok/sec: 810,119 | mfu: 25.2% | epoch: 1 | remaining: 261s    
step 00252 (13.0%) | loss: 3.522067 | lrm: 1.00 | dt: 162ms | tok/sec: 810,258 | mfu: 25.2% | epoch: 1 | remaining: 261s    
step 00253 (13.0%) | loss: 3.522477 | lrm: 1.00 | dt: 162ms | tok/sec: 810,078 | mfu: 25.2% | epoch: 1 | remaining: 261s    
step 00254 (13.1%) | loss: 3.518568 | lrm: 1.00 | dt: 162ms | tok/sec: 810,403 | mfu: 25.2% | epoch: 1 | remaining: 261s    
step 00255 (13.2%) | loss: 3.522795 | lrm: 1.00 | dt: 162ms | tok/sec: 810,183 | mfu: 25.2% | epoch: 1 | remaining: 260s    
step 00256 (13.2%) | loss: 3.518242 | lrm: 1.00 | dt: 162ms | tok/sec: 809,799 | mfu: 25.2% | epoch: 1 | remaining: 260s    
step 00257 (13.3%) | loss: 3.511429 | lrm: 1.00 | dt: 162ms | tok/sec: 809,879 | mfu: 25.2% | epoch: 1 | remaining: 260s    
step 00258 (13.3%) | loss: 3.504268 | lrm: 1.00 | dt: 162ms | tok/sec: 809,785 | mfu: 25.2% | epoch: 1 | remaining: 260s    
step 00259 (13.4%) | loss: 3.510922 | lrm: 1.00 | dt: 162ms | tok/sec: 809,783 | mfu: 25.2% | epoch: 1 | remaining: 260s    
step 00260 (13.4%) | loss: 3.509741 | lrm: 1.00 | dt: 162ms | tok/sec: 809,750 | mfu: 25.2% | epoch: 1 | remaining: 260s    
step 00261 (13.5%) | loss: 3.505251 | lrm: 1.00 | dt: 162ms | tok/sec: 809,632 | mfu: 25.2% | epoch: 1 | remaining: 259s    
step 00262 (13.5%) | loss: 3.502172 | lrm: 1.00 | dt: 162ms | tok/sec: 808,804 | mfu: 25.2% | epoch: 1 | remaining: 259s    
step 00263 (13.6%) | loss: 3.492446 | lrm: 1.00 | dt: 162ms | tok/sec: 809,178 | mfu: 25.2% | epoch: 1 | remaining: 259s    
step 00264 (13.6%) | loss: 3.493072 | lrm: 1.00 | dt: 162ms | tok/sec: 809,682 | mfu: 25.2% | epoch: 1 | remaining: 259s    
step 00265 (13.7%) | loss: 3.495310 | lrm: 1.00 | dt: 162ms | tok/sec: 809,806 | mfu: 25.2% | epoch: 1 | remaining: 259s    
step 00266 (13.8%) | loss: 3.500766 | lrm: 1.00 | dt: 162ms | tok/sec: 809,746 | mfu: 25.2% | epoch: 1 | remaining: 259s    
step 00267 (13.8%) | loss: 3.495545 | lrm: 1.00 | dt: 162ms | tok/sec: 809,776 | mfu: 25.2% | epoch: 1 | remaining: 258s    
step 00268 (13.9%) | loss: 3.501885 | lrm: 1.00 | dt: 162ms | tok/sec: 809,251 | mfu: 25.2% | epoch: 1 | remaining: 258s    
step 00269 (13.9%) | loss: 3.499139 | lrm: 1.00 | dt: 162ms | tok/sec: 809,707 | mfu: 25.2% | epoch: 1 | remaining: 258s    
step 00270 (14.0%) | loss: 3.497142 | lrm: 1.00 | dt: 162ms | tok/sec: 809,936 | mfu: 25.2% | epoch: 1 | remaining: 258s    
step 00271 (14.0%) | loss: 3.498982 | lrm: 1.00 | dt: 162ms | tok/sec: 809,986 | mfu: 25.2% | epoch: 1 | remaining: 258s    
step 00272 (14.1%) | loss: 3.496353 | lrm: 1.00 | dt: 162ms | tok/sec: 809,618 | mfu: 25.2% | epoch: 1 | remaining: 258s    
step 00273 (14.1%) | loss: 3.497979 | lrm: 1.00 | dt: 162ms | tok/sec: 809,757 | mfu: 25.2% | epoch: 1 | remaining: 257s    
step 00274 (14.2%) | loss: 3.499934 | lrm: 1.00 | dt: 162ms | tok/sec: 809,841 | mfu: 25.2% | epoch: 1 | remaining: 257s    
step 00275 (14.2%) | loss: 3.498035 | lrm: 1.00 | dt: 162ms | tok/sec: 809,792 | mfu: 25.2% | epoch: 1 | remaining: 257s    
step 00276 (14.3%) | loss: 3.498394 | lrm: 1.00 | dt: 162ms | tok/sec: 809,806 | mfu: 25.2% | epoch: 1 | remaining: 257s    
step 00277 (14.3%) | loss: 3.497564 | lrm: 1.00 | dt: 162ms | tok/sec: 809,361 | mfu: 25.2% | epoch: 1 | remaining: 257s    
step 00278 (14.4%) | loss: 3.494425 | lrm: 1.00 | dt: 163ms | tok/sec: 804,492 | mfu: 25.1% | epoch: 1 | remaining: 257s    
step 00279 (14.5%) | loss: 3.499716 | lrm: 1.00 | dt: 162ms | tok/sec: 809,487 | mfu: 25.2% | epoch: 1 | remaining: 256s    
step 00280 (14.5%) | loss: 3.496790 | lrm: 1.00 | dt: 162ms | tok/sec: 809,894 | mfu: 25.2% | epoch: 1 | remaining: 256s    
step 00281 (14.6%) | loss: 3.491757 | lrm: 1.00 | dt: 162ms | tok/sec: 809,403 | mfu: 25.2% | epoch: 1 | remaining: 256s    
step 00282 (14.6%) | loss: 3.488840 | lrm: 1.00 | dt: 162ms | tok/sec: 809,458 | mfu: 25.2% | epoch: 1 | remaining: 256s    
step 00283 (14.7%) | loss: 3.485514 | lrm: 1.00 | dt: 162ms | tok/sec: 809,616 | mfu: 25.2% | epoch: 1 | remaining: 256s    
step 00284 (14.7%) | loss: 3.477249 | lrm: 1.00 | dt: 162ms | tok/sec: 809,538 | mfu: 25.2% | epoch: 1 | remaining: 256s    
step 00285 (14.8%) | loss: 3.478018 | lrm: 1.00 | dt: 162ms | tok/sec: 809,427 | mfu: 25.2% | epoch: 1 | remaining: 256s    
step 00286 (14.8%) | loss: 3.489653 | lrm: 1.00 | dt: 162ms | tok/sec: 809,451 | mfu: 25.2% | epoch: 1 | remaining: 255s    
step 00287 (14.9%) | loss: 3.485739 | lrm: 1.00 | dt: 162ms | tok/sec: 809,377 | mfu: 25.2% | epoch: 1 | remaining: 255s    
step 00288 (14.9%) | loss: 3.471432 | lrm: 1.00 | dt: 162ms | tok/sec: 808,939 | mfu: 25.2% | epoch: 1 | remaining: 255s    
step 00289 (15.0%) | loss: 3.467830 | lrm: 1.00 | dt: 162ms | tok/sec: 809,508 | mfu: 25.2% | epoch: 1 | remaining: 255s    
step 00290 (15.0%) | loss: 3.464450 | lrm: 1.00 | dt: 162ms | tok/sec: 809,427 | mfu: 25.2% | epoch: 1 | remaining: 255s    
step 00291 (15.1%) | loss: 3.464778 | lrm: 1.00 | dt: 162ms | tok/sec: 809,471 | mfu: 25.2% | epoch: 1 | remaining: 255s    
step 00292 (15.2%) | loss: 3.470450 | lrm: 1.00 | dt: 162ms | tok/sec: 809,425 | mfu: 25.2% | epoch: 1 | remaining: 254s    
step 00293 (15.2%) | loss: 3.473700 | lrm: 1.00 | dt: 162ms | tok/sec: 809,189 | mfu: 25.2% | epoch: 1 | remaining: 254s    
step 00294 (15.3%) | loss: 3.463669 | lrm: 1.00 | dt: 162ms | tok/sec: 809,397 | mfu: 25.2% | epoch: 1 | remaining: 254s    
step 00295 (15.3%) | loss: 3.460934 | lrm: 1.00 | dt: 162ms | tok/sec: 809,347 | mfu: 25.2% | epoch: 1 | remaining: 254s    
step 00296 (15.4%) | loss: 3.461411 | lrm: 1.00 | dt: 162ms | tok/sec: 809,172 | mfu: 25.2% | epoch: 1 | remaining: 254s    
step 00297 (15.4%) | loss: 3.463562 | lrm: 1.00 | dt: 162ms | tok/sec: 808,463 | mfu: 25.2% | epoch: 1 | remaining: 254s    
step 00298 (15.5%) | loss: 3.457960 | lrm: 1.00 | dt: 162ms | tok/sec: 809,539 | mfu: 25.2% | epoch: 1 | remaining: 253s    
step 00299 (15.5%) | loss: 3.455987 | lrm: 1.00 | dt: 162ms | tok/sec: 809,152 | mfu: 25.2% | epoch: 1 | remaining: 253s    
step 00300 (15.6%) | loss: 3.454164 | lrm: 1.00 | dt: 162ms | tok/sec: 809,476 | mfu: 25.2% | epoch: 1 | remaining: 253s    
step 00301 (15.6%) | loss: 3.455506 | lrm: 1.00 | dt: 162ms | tok/sec: 809,353 | mfu: 25.2% | epoch: 1 | remaining: 253s    
step 00302 (15.7%) | loss: 3.457535 | lrm: 1.00 | dt: 162ms | tok/sec: 809,808 | mfu: 25.2% | epoch: 1 | remaining: 253s    
step 00303 (15.7%) | loss: 3.457460 | lrm: 1.00 | dt: 162ms | tok/sec: 809,521 | mfu: 25.2% | epoch: 1 | remaining: 253s    
step 00304 (15.8%) | loss: 3.458789 | lrm: 1.00 | dt: 162ms | tok/sec: 809,727 | mfu: 25.2% | epoch: 1 | remaining: 252s    
step 00305 (15.9%) | loss: 3.454126 | lrm: 1.00 | dt: 162ms | tok/sec: 809,563 | mfu: 25.2% | epoch: 1 | remaining: 252s    
step 00306 (15.9%) | loss: 3.457309 | lrm: 1.00 | dt: 162ms | tok/sec: 809,587 | mfu: 25.2% | epoch: 1 | remaining: 252s    
step 00307 (16.0%) | loss: 3.454894 | lrm: 1.00 | dt: 162ms | tok/sec: 809,713 | mfu: 25.2% | epoch: 1 | remaining: 252s    
step 00308 (16.0%) | loss: 3.453271 | lrm: 1.00 | dt: 162ms | tok/sec: 809,215 | mfu: 25.2% | epoch: 1 | remaining: 252s    
step 00309 (16.1%) | loss: 3.457972 | lrm: 1.00 | dt: 162ms | tok/sec: 809,565 | mfu: 25.2% | epoch: 1 | remaining: 252s    
step 00310 (16.1%) | loss: 3.461715 | lrm: 1.00 | dt: 162ms | tok/sec: 809,835 | mfu: 25.2% | epoch: 1 | remaining: 251s    
step 00311 (16.2%) | loss: 3.464035 | lrm: 1.00 | dt: 162ms | tok/sec: 809,724 | mfu: 25.2% | epoch: 1 | remaining: 251s    
step 00312 (16.2%) | loss: 3.462403 | lrm: 1.00 | dt: 162ms | tok/sec: 809,746 | mfu: 25.2% | epoch: 1 | remaining: 251s    
step 00313 (16.3%) | loss: 3.469091 | lrm: 1.00 | dt: 162ms | tok/sec: 809,622 | mfu: 25.2% | epoch: 1 | remaining: 251s    
step 00314 (16.3%) | loss: 3.461683 | lrm: 1.00 | dt: 162ms | tok/sec: 809,454 | mfu: 25.2% | epoch: 1 | remaining: 251s    
step 00315 (16.4%) | loss: 3.454040 | lrm: 1.00 | dt: 162ms | tok/sec: 809,857 | mfu: 25.2% | epoch: 1 | remaining: 251s    
step 00316 (16.4%) | loss: 3.447493 | lrm: 1.00 | dt: 162ms | tok/sec: 809,311 | mfu: 25.2% | epoch: 1 | remaining: 250s    
step 00317 (16.5%) | loss: 3.445743 | lrm: 1.00 | dt: 162ms | tok/sec: 809,622 | mfu: 25.2% | epoch: 1 | remaining: 250s    
step 00318 (16.6%) | loss: 3.437650 | lrm: 1.00 | dt: 162ms | tok/sec: 809,779 | mfu: 25.2% | epoch: 1 | remaining: 250s    
step 00319 (16.6%) | loss: 3.440890 | lrm: 1.00 | dt: 162ms | tok/sec: 809,593 | mfu: 25.2% | epoch: 1 | remaining: 250s    
step 00320 (16.7%) | loss: 3.438756 | lrm: 1.00 | dt: 162ms | tok/sec: 809,770 | mfu: 25.2% | epoch: 1 | remaining: 250s    
step 00321 (16.7%) | loss: 3.437726 | lrm: 1.00 | dt: 162ms | tok/sec: 809,628 | mfu: 25.2% | epoch: 1 | remaining: 250s    
step 00322 (16.8%) | loss: 3.433681 | lrm: 1.00 | dt: 162ms | tok/sec: 809,713 | mfu: 25.2% | epoch: 1 | remaining: 250s    
step 00323 (16.8%) | loss: 3.433514 | lrm: 1.00 | dt: 162ms | tok/sec: 809,348 | mfu: 25.2% | epoch: 1 | remaining: 249s    
step 00324 (16.9%) | loss: 3.437680 | lrm: 1.00 | dt: 162ms | tok/sec: 808,632 | mfu: 25.2% | epoch: 1 | remaining: 249s    
step 00325 (16.9%) | loss: 3.432514 | lrm: 1.00 | dt: 162ms | tok/sec: 809,605 | mfu: 25.2% | epoch: 1 | remaining: 249s    
step 00326 (17.0%) | loss: 3.433358 | lrm: 1.00 | dt: 162ms | tok/sec: 809,501 | mfu: 25.2% | epoch: 1 | remaining: 249s    
step 00327 (17.0%) | loss: 3.424869 | lrm: 1.00 | dt: 162ms | tok/sec: 809,740 | mfu: 25.2% | epoch: 1 | remaining: 249s    
step 00328 (17.1%) | loss: 3.424900 | lrm: 1.00 | dt: 162ms | tok/sec: 809,494 | mfu: 25.2% | epoch: 1 | remaining: 249s    
step 00329 (17.2%) | loss: 3.428103 | lrm: 1.00 | dt: 162ms | tok/sec: 809,662 | mfu: 25.2% | epoch: 1 | remaining: 248s    
step 00330 (17.2%) | loss: 3.429460 | lrm: 1.00 | dt: 162ms | tok/sec: 809,798 | mfu: 25.2% | epoch: 1 | remaining: 248s    
step 00331 (17.3%) | loss: 3.423352 | lrm: 1.00 | dt: 162ms | tok/sec: 809,964 | mfu: 25.2% | epoch: 1 | remaining: 248s    
step 00332 (17.3%) | loss: 3.428011 | lrm: 1.00 | dt: 162ms | tok/sec: 809,715 | mfu: 25.2% | epoch: 1 | remaining: 248s    
step 00333 (17.4%) | loss: 3.425772 | lrm: 1.00 | dt: 162ms | tok/sec: 809,693 | mfu: 25.2% | epoch: 1 | remaining: 248s    
step 00334 (17.4%) | loss: 3.425889 | lrm: 1.00 | dt: 162ms | tok/sec: 809,929 | mfu: 25.2% | epoch: 1 | remaining: 248s    
step 00335 (17.5%) | loss: 3.421441 | lrm: 1.00 | dt: 162ms | tok/sec: 809,523 | mfu: 25.2% | epoch: 1 | remaining: 247s    
step 00336 (17.5%) | loss: 3.417465 | lrm: 1.00 | dt: 162ms | tok/sec: 808,751 | mfu: 25.2% | epoch: 1 | remaining: 247s    
step 00337 (17.6%) | loss: 3.416505 | lrm: 1.00 | dt: 162ms | tok/sec: 809,355 | mfu: 25.2% | epoch: 1 | remaining: 247s    
step 00338 (17.6%) | loss: 3.419211 | lrm: 1.00 | dt: 162ms | tok/sec: 809,476 | mfu: 25.2% | epoch: 1 | remaining: 247s    
step 00339 (17.7%) | loss: 3.414557 | lrm: 1.00 | dt: 162ms | tok/sec: 809,599 | mfu: 25.2% | epoch: 1 | remaining: 247s    
step 00340 (17.7%) | loss: 3.410011 | lrm: 1.00 | dt: 162ms | tok/sec: 809,639 | mfu: 25.2% | epoch: 1 | remaining: 247s    
step 00341 (17.8%) | loss: 3.406513 | lrm: 1.00 | dt: 162ms | tok/sec: 809,606 | mfu: 25.2% | epoch: 1 | remaining: 246s    
step 00342 (17.9%) | loss: 3.412331 | lrm: 1.00 | dt: 162ms | tok/sec: 809,692 | mfu: 25.2% | epoch: 1 | remaining: 246s    
step 00343 (17.9%) | loss: 3.416763 | lrm: 1.00 | dt: 162ms | tok/sec: 809,916 | mfu: 25.2% | epoch: 1 | remaining: 246s    
step 00344 (18.0%) | loss: 3.421699 | lrm: 1.00 | dt: 162ms | tok/sec: 809,755 | mfu: 25.2% | epoch: 1 | remaining: 246s    
step 00345 (18.0%) | loss: 3.418668 | lrm: 1.00 | dt: 162ms | tok/sec: 809,582 | mfu: 25.2% | epoch: 1 | remaining: 246s    
step 00346 (18.1%) | loss: 3.412023 | lrm: 1.00 | dt: 162ms | tok/sec: 809,681 | mfu: 25.2% | epoch: 1 | remaining: 246s    
step 00347 (18.1%) | loss: 3.418417 | lrm: 1.00 | dt: 162ms | tok/sec: 809,667 | mfu: 25.2% | epoch: 1 | remaining: 245s    
step 00348 (18.2%) | loss: 3.419721 | lrm: 1.00 | dt: 162ms | tok/sec: 809,785 | mfu: 25.2% | epoch: 1 | remaining: 245s    
step 00349 (18.2%) | loss: 3.413966 | lrm: 1.00 | dt: 162ms | tok/sec: 809,919 | mfu: 25.2% | epoch: 1 | remaining: 245s    
step 00350 (18.3%) | loss: 3.411661 | lrm: 1.00 | dt: 162ms | tok/sec: 809,600 | mfu: 25.2% | epoch: 1 | remaining: 245s    
step 00351 (18.3%) | loss: 3.410218 | lrm: 1.00 | dt: 162ms | tok/sec: 810,155 | mfu: 25.2% | epoch: 1 | remaining: 245s    
step 00352 (18.4%) | loss: 3.413119 | lrm: 1.00 | dt: 162ms | tok/sec: 809,909 | mfu: 25.2% | epoch: 1 | remaining: 245s    
step 00353 (18.4%) | loss: 3.411930 | lrm: 1.00 | dt: 162ms | tok/sec: 809,998 | mfu: 25.2% | epoch: 1 | remaining: 245s    
step 00354 (18.5%) | loss: 3.404177 | lrm: 1.00 | dt: 162ms | tok/sec: 809,952 | mfu: 25.2% | epoch: 1 | remaining: 244s    
step 00355 (18.6%) | loss: 3.401153 | lrm: 1.00 | dt: 162ms | tok/sec: 809,933 | mfu: 25.2% | epoch: 1 | remaining: 244s    
step 00356 (18.6%) | loss: 3.401312 | lrm: 1.00 | dt: 162ms | tok/sec: 810,107 | mfu: 25.2% | epoch: 1 | remaining: 244s    
step 00357 (18.7%) | loss: 3.404536 | lrm: 1.00 | dt: 162ms | tok/sec: 810,078 | mfu: 25.2% | epoch: 1 | remaining: 244s    
step 00358 (18.7%) | loss: 3.396193 | lrm: 1.00 | dt: 162ms | tok/sec: 810,077 | mfu: 25.2% | epoch: 1 | remaining: 244s    
step 00359 (18.8%) | loss: 3.394144 | lrm: 1.00 | dt: 162ms | tok/sec: 810,231 | mfu: 25.2% | epoch: 1 | remaining: 244s    
step 00360 (18.8%) | loss: 3.390221 | lrm: 1.00 | dt: 162ms | tok/sec: 810,104 | mfu: 25.2% | epoch: 1 | remaining: 243s    
step 00361 (18.9%) | loss: 3.387726 | lrm: 1.00 | dt: 162ms | tok/sec: 809,935 | mfu: 25.2% | epoch: 1 | remaining: 243s    
step 00362 (18.9%) | loss: 3.388073 | lrm: 1.00 | dt: 162ms | tok/sec: 809,785 | mfu: 25.2% | epoch: 1 | remaining: 243s    
step 00363 (19.0%) | loss: 3.389174 | lrm: 1.00 | dt: 162ms | tok/sec: 810,196 | mfu: 25.2% | epoch: 1 | remaining: 243s    
step 00364 (19.0%) | loss: 3.395504 | lrm: 1.00 | dt: 162ms | tok/sec: 809,681 | mfu: 25.2% | epoch: 1 | remaining: 243s    
step 00365 (19.1%) | loss: 3.390679 | lrm: 1.00 | dt: 162ms | tok/sec: 810,145 | mfu: 25.2% | epoch: 1 | remaining: 243s    
step 00366 (19.1%) | loss: 3.388387 | lrm: 1.00 | dt: 162ms | tok/sec: 810,076 | mfu: 25.2% | epoch: 1 | remaining: 242s    
step 00367 (19.2%) | loss: 3.385717 | lrm: 1.00 | dt: 162ms | tok/sec: 810,039 | mfu: 25.2% | epoch: 1 | remaining: 242s    
step 00368 (19.3%) | loss: 3.386406 | lrm: 1.00 | dt: 162ms | tok/sec: 809,900 | mfu: 25.2% | epoch: 1 | remaining: 242s    
step 00369 (19.3%) | loss: 3.380200 | lrm: 1.00 | dt: 162ms | tok/sec: 809,925 | mfu: 25.2% | epoch: 1 | remaining: 242s    
step 00370 (19.4%) | loss: 3.372418 | lrm: 1.00 | dt: 162ms | tok/sec: 809,627 | mfu: 25.2% | epoch: 1 | remaining: 242s    
step 00371 (19.4%) | loss: 3.374412 | lrm: 1.00 | dt: 162ms | tok/sec: 809,891 | mfu: 25.2% | epoch: 1 | remaining: 242s    
step 00372 (19.5%) | loss: 3.373484 | lrm: 1.00 | dt: 162ms | tok/sec: 810,096 | mfu: 25.2% | epoch: 1 | remaining: 241s    
step 00373 (19.5%) | loss: 3.378327 | lrm: 1.00 | dt: 162ms | tok/sec: 810,089 | mfu: 25.2% | epoch: 1 | remaining: 241s    
step 00374 (19.6%) | loss: 3.377409 | lrm: 1.00 | dt: 162ms | tok/sec: 809,899 | mfu: 25.2% | epoch: 1 | remaining: 241s    
step 00375 (19.6%) | loss: 3.383146 | lrm: 1.00 | dt: 162ms | tok/sec: 809,989 | mfu: 25.2% | epoch: 1 | remaining: 241s    
step 00376 (19.7%) | loss: 3.384119 | lrm: 1.00 | dt: 162ms | tok/sec: 809,902 | mfu: 25.2% | epoch: 1 | remaining: 241s    
step 00377 (19.7%) | loss: 3.380959 | lrm: 1.00 | dt: 162ms | tok/sec: 810,028 | mfu: 25.2% | epoch: 1 | remaining: 241s    
step 00378 (19.8%) | loss: 3.381440 | lrm: 1.00 | dt: 162ms | tok/sec: 810,030 | mfu: 25.2% | epoch: 1 | remaining: 240s    
step 00379 (19.8%) | loss: 3.379781 | lrm: 1.00 | dt: 162ms | tok/sec: 810,203 | mfu: 25.2% | epoch: 1 | remaining: 240s    
step 00380 (19.9%) | loss: 3.379821 | lrm: 1.00 | dt: 162ms | tok/sec: 810,115 | mfu: 25.2% | epoch: 1 | remaining: 240s    
step 00381 (20.0%) | loss: 3.384167 | lrm: 1.00 | dt: 162ms | tok/sec: 810,132 | mfu: 25.2% | epoch: 1 | remaining: 240s    
step 00382 (20.0%) | loss: 3.385817 | lrm: 1.00 | dt: 162ms | tok/sec: 809,941 | mfu: 25.2% | epoch: 1 | remaining: 240s    
step 00383 (20.1%) | loss: 3.385819 | lrm: 1.00 | dt: 162ms | tok/sec: 809,942 | mfu: 25.2% | epoch: 1 | remaining: 240s    
step 00384 (20.1%) | loss: 3.384457 | lrm: 1.00 | dt: 162ms | tok/sec: 810,324 | mfu: 25.2% | epoch: 1 | remaining: 239s    
step 00385 (20.2%) | loss: 3.387752 | lrm: 1.00 | dt: 162ms | tok/sec: 810,163 | mfu: 25.2% | epoch: 1 | remaining: 239s    
step 00386 (20.2%) | loss: 3.389541 | lrm: 1.00 | dt: 162ms | tok/sec: 810,101 | mfu: 25.2% | epoch: 1 | remaining: 239s    
step 00387 (20.3%) | loss: 3.391017 | lrm: 1.00 | dt: 162ms | tok/sec: 809,885 | mfu: 25.2% | epoch: 1 | remaining: 239s    
step 00388 (20.3%) | loss: 3.382081 | lrm: 1.00 | dt: 162ms | tok/sec: 810,166 | mfu: 25.2% | epoch: 1 | remaining: 239s    
step 00389 (20.4%) | loss: 3.380140 | lrm: 1.00 | dt: 162ms | tok/sec: 809,940 | mfu: 25.2% | epoch: 1 | remaining: 239s    
step 00390 (20.4%) | loss: 3.378252 | lrm: 1.00 | dt: 162ms | tok/sec: 810,184 | mfu: 25.2% | epoch: 1 | remaining: 239s    
step 00391 (20.5%) | loss: 3.371342 | lrm: 1.00 | dt: 162ms | tok/sec: 809,471 | mfu: 25.2% | epoch: 1 | remaining: 238s    
step 00392 (20.5%) | loss: 3.372606 | lrm: 1.00 | dt: 162ms | tok/sec: 809,814 | mfu: 25.2% | epoch: 1 | remaining: 238s    
step 00393 (20.6%) | loss: 3.370181 | lrm: 1.00 | dt: 162ms | tok/sec: 810,065 | mfu: 25.2% | epoch: 1 | remaining: 238s    
step 00394 (20.7%) | loss: 3.371817 | lrm: 1.00 | dt: 162ms | tok/sec: 809,641 | mfu: 25.2% | epoch: 1 | remaining: 238s    
step 00395 (20.7%) | loss: 3.373896 | lrm: 1.00 | dt: 162ms | tok/sec: 809,808 | mfu: 25.2% | epoch: 1 | remaining: 238s    
step 00396 (20.8%) | loss: 3.372288 | lrm: 1.00 | dt: 162ms | tok/sec: 810,301 | mfu: 25.2% | epoch: 1 | remaining: 238s    
step 00397 (20.8%) | loss: 3.366983 | lrm: 1.00 | dt: 162ms | tok/sec: 809,463 | mfu: 25.2% | epoch: 1 | remaining: 237s    
step 00398 (20.9%) | loss: 3.362623 | lrm: 1.00 | dt: 162ms | tok/sec: 809,492 | mfu: 25.2% | epoch: 1 | remaining: 237s    
step 00399 (20.9%) | loss: 3.363251 | lrm: 1.00 | dt: 162ms | tok/sec: 809,735 | mfu: 25.2% | epoch: 1 | remaining: 237s    
step 00400 (21.0%) | loss: 3.366704 | lrm: 1.00 | dt: 162ms | tok/sec: 810,064 | mfu: 25.2% | epoch: 1 | remaining: 237s    
step 00401 (21.0%) | loss: 3.362070 | lrm: 1.00 | dt: 162ms | tok/sec: 809,909 | mfu: 25.2% | epoch: 1 | remaining: 237s    
step 00402 (21.1%) | loss: 3.360246 | lrm: 1.00 | dt: 162ms | tok/sec: 810,044 | mfu: 25.2% | epoch: 1 | remaining: 237s    
step 00403 (21.1%) | loss: 3.362014 | lrm: 1.00 | dt: 162ms | tok/sec: 810,269 | mfu: 25.2% | epoch: 1 | remaining: 236s    
step 00404 (21.2%) | loss: 3.364743 | lrm: 1.00 | dt: 162ms | tok/sec: 810,255 | mfu: 25.2% | epoch: 1 | remaining: 236s    
step 00405 (21.3%) | loss: 3.359706 | lrm: 1.00 | dt: 162ms | tok/sec: 810,014 | mfu: 25.2% | epoch: 1 | remaining: 236s    
step 00406 (21.3%) | loss: 3.349550 | lrm: 1.00 | dt: 162ms | tok/sec: 810,110 | mfu: 25.2% | epoch: 1 | remaining: 236s    
step 00407 (21.4%) | loss: 3.349701 | lrm: 1.00 | dt: 162ms | tok/sec: 809,856 | mfu: 25.2% | epoch: 1 | remaining: 236s    
step 00408 (21.4%) | loss: 3.345677 | lrm: 1.00 | dt: 162ms | tok/sec: 809,911 | mfu: 25.2% | epoch: 1 | remaining: 236s    
step 00409 (21.5%) | loss: 3.343065 | lrm: 1.00 | dt: 162ms | tok/sec: 809,874 | mfu: 25.2% | epoch: 1 | remaining: 235s    
step 00410 (21.5%) | loss: 3.341623 | lrm: 1.00 | dt: 162ms | tok/sec: 809,255 | mfu: 25.2% | epoch: 1 | remaining: 235s    
step 00411 (21.6%) | loss: 3.340785 | lrm: 1.00 | dt: 162ms | tok/sec: 809,974 | mfu: 25.2% | epoch: 1 | remaining: 235s    
step 00412 (21.6%) | loss: 3.337498 | lrm: 1.00 | dt: 162ms | tok/sec: 809,882 | mfu: 25.2% | epoch: 1 | remaining: 235s    
step 00413 (21.7%) | loss: 3.335598 | lrm: 1.00 | dt: 162ms | tok/sec: 809,695 | mfu: 25.2% | epoch: 1 | remaining: 235s    
step 00414 (21.7%) | loss: 3.335705 | lrm: 1.00 | dt: 162ms | tok/sec: 810,107 | mfu: 25.2% | epoch: 1 | remaining: 235s    
step 00415 (21.8%) | loss: 3.337403 | lrm: 1.00 | dt: 162ms | tok/sec: 809,773 | mfu: 25.2% | epoch: 1 | remaining: 234s    
step 00416 (21.8%) | loss: 3.329807 | lrm: 1.00 | dt: 162ms | tok/sec: 809,978 | mfu: 25.2% | epoch: 1 | remaining: 234s    
step 00417 (21.9%) | loss: 3.318169 | lrm: 1.00 | dt: 162ms | tok/sec: 809,609 | mfu: 25.2% | epoch: 1 | remaining: 234s    
step 00418 (22.0%) | loss: 3.311998 | lrm: 1.00 | dt: 162ms | tok/sec: 809,824 | mfu: 25.2% | epoch: 1 | remaining: 234s    
step 00419 (22.0%) | loss: 3.307774 | lrm: 1.00 | dt: 162ms | tok/sec: 809,785 | mfu: 25.2% | epoch: 1 | remaining: 234s    
step 00420 (22.1%) | loss: 3.307297 | lrm: 1.00 | dt: 162ms | tok/sec: 810,096 | mfu: 25.2% | epoch: 1 | remaining: 234s    
step 00421 (22.1%) | loss: 3.305495 | lrm: 1.00 | dt: 162ms | tok/sec: 809,832 | mfu: 25.2% | epoch: 1 | remaining: 233s    
step 00422 (22.2%) | loss: 3.303751 | lrm: 1.00 | dt: 162ms | tok/sec: 809,600 | mfu: 25.2% | epoch: 1 | remaining: 233s    
step 00423 (22.2%) | loss: 3.313359 | lrm: 1.00 | dt: 162ms | tok/sec: 809,952 | mfu: 25.2% | epoch: 1 | remaining: 233s    
step 00424 (22.3%) | loss: 3.308903 | lrm: 1.00 | dt: 162ms | tok/sec: 810,001 | mfu: 25.2% | epoch: 1 | remaining: 233s    
step 00425 (22.3%) | loss: 3.310789 | lrm: 1.00 | dt: 162ms | tok/sec: 810,200 | mfu: 25.2% | epoch: 1 | remaining: 233s    
step 00426 (22.4%) | loss: 3.314357 | lrm: 1.00 | dt: 162ms | tok/sec: 809,828 | mfu: 25.2% | epoch: 1 | remaining: 233s    
step 00427 (22.4%) | loss: 3.318659 | lrm: 1.00 | dt: 162ms | tok/sec: 810,027 | mfu: 25.2% | epoch: 1 | remaining: 233s    
step 00428 (22.5%) | loss: 3.319954 | lrm: 1.00 | dt: 162ms | tok/sec: 809,971 | mfu: 25.2% | epoch: 1 | remaining: 232s    
step 00429 (22.5%) | loss: 3.316724 | lrm: 1.00 | dt: 162ms | tok/sec: 809,616 | mfu: 25.2% | epoch: 1 | remaining: 232s    
step 00430 (22.6%) | loss: 3.314316 | lrm: 1.00 | dt: 162ms | tok/sec: 809,865 | mfu: 25.2% | epoch: 1 | remaining: 232s    
step 00431 (22.7%) | loss: 3.312145 | lrm: 1.00 | dt: 162ms | tok/sec: 809,717 | mfu: 25.2% | epoch: 1 | remaining: 232s    
step 00432 (22.7%) | loss: 3.317403 | lrm: 1.00 | dt: 162ms | tok/sec: 809,672 | mfu: 25.2% | epoch: 1 | remaining: 232s    
step 00433 (22.8%) | loss: 3.316268 | lrm: 1.00 | dt: 162ms | tok/sec: 810,016 | mfu: 25.2% | epoch: 1 | remaining: 232s    
step 00434 (22.8%) | loss: 3.322905 | lrm: 1.00 | dt: 162ms | tok/sec: 809,016 | mfu: 25.2% | epoch: 1 | remaining: 231s    
step 00435 (22.9%) | loss: 3.320849 | lrm: 1.00 | dt: 165ms | tok/sec: 794,269 | mfu: 24.7% | epoch: 1 | remaining: 231s    
step 00436 (22.9%) | loss: 3.326549 | lrm: 1.00 | dt: 162ms | tok/sec: 809,415 | mfu: 25.2% | epoch: 1 | remaining: 231s    
step 00437 (23.0%) | loss: 3.322388 | lrm: 1.00 | dt: 162ms | tok/sec: 809,612 | mfu: 25.2% | epoch: 1 | remaining: 231s    
step 00438 (23.0%) | loss: 3.317495 | lrm: 1.00 | dt: 162ms | tok/sec: 809,329 | mfu: 25.2% | epoch: 1 | remaining: 231s    
step 00439 (23.1%) | loss: 3.312671 | lrm: 1.00 | dt: 162ms | tok/sec: 809,316 | mfu: 25.2% | epoch: 1 | remaining: 231s    
step 00440 (23.1%) | loss: 3.315932 | lrm: 1.00 | dt: 162ms | tok/sec: 809,388 | mfu: 25.2% | epoch: 1 | remaining: 230s    
step 00441 (23.2%) | loss: 3.315260 | lrm: 1.00 | dt: 162ms | tok/sec: 809,903 | mfu: 25.2% | epoch: 1 | remaining: 230s    
step 00442 (23.2%) | loss: 3.315960 | lrm: 1.00 | dt: 162ms | tok/sec: 809,946 | mfu: 25.2% | epoch: 1 | remaining: 230s    
step 00443 (23.3%) | loss: 3.317050 | lrm: 1.00 | dt: 162ms | tok/sec: 809,781 | mfu: 25.2% | epoch: 1 | remaining: 230s    
step 00444 (23.4%) | loss: 3.314696 | lrm: 1.00 | dt: 162ms | tok/sec: 809,491 | mfu: 25.2% | epoch: 1 | remaining: 230s    
step 00445 (23.4%) | loss: 3.313142 | lrm: 1.00 | dt: 162ms | tok/sec: 809,693 | mfu: 25.2% | epoch: 1 | remaining: 230s    
step 00446 (23.5%) | loss: 3.316142 | lrm: 1.00 | dt: 162ms | tok/sec: 809,972 | mfu: 25.2% | epoch: 1 | remaining: 229s    
step 00447 (23.5%) | loss: 3.318372 | lrm: 1.00 | dt: 162ms | tok/sec: 809,800 | mfu: 25.2% | epoch: 1 | remaining: 229s    
step 00448 (23.6%) | loss: 3.324444 | lrm: 1.00 | dt: 162ms | tok/sec: 809,811 | mfu: 25.2% | epoch: 1 | remaining: 229s    
step 00449 (23.6%) | loss: 3.326501 | lrm: 1.00 | dt: 162ms | tok/sec: 809,605 | mfu: 25.2% | epoch: 1 | remaining: 229s    
step 00450 (23.7%) | loss: 3.324330 | lrm: 1.00 | dt: 162ms | tok/sec: 809,935 | mfu: 25.2% | epoch: 1 | remaining: 229s    
step 00451 (23.7%) | loss: 3.328496 | lrm: 1.00 | dt: 162ms | tok/sec: 809,878 | mfu: 25.2% | epoch: 1 | remaining: 229s    
step 00452 (23.8%) | loss: 3.322283 | lrm: 1.00 | dt: 162ms | tok/sec: 810,067 | mfu: 25.2% | epoch: 1 | remaining: 228s    
step 00453 (23.8%) | loss: 3.328737 | lrm: 1.00 | dt: 162ms | tok/sec: 809,364 | mfu: 25.2% | epoch: 1 | remaining: 228s    
step 00454 (23.9%) | loss: 3.320713 | lrm: 1.00 | dt: 162ms | tok/sec: 809,683 | mfu: 25.2% | epoch: 1 | remaining: 228s    
step 00455 (23.9%) | loss: 3.321779 | lrm: 1.00 | dt: 162ms | tok/sec: 809,842 | mfu: 25.2% | epoch: 1 | remaining: 228s    
step 00456 (24.0%) | loss: 3.328442 | lrm: 1.00 | dt: 162ms | tok/sec: 809,927 | mfu: 25.2% | epoch: 1 | remaining: 228s    
step 00457 (24.1%) | loss: 3.327299 | lrm: 1.00 | dt: 162ms | tok/sec: 809,930 | mfu: 25.2% | epoch: 1 | remaining: 228s    
step 00458 (24.1%) | loss: 3.321161 | lrm: 1.00 | dt: 162ms | tok/sec: 809,865 | mfu: 25.2% | epoch: 1 | remaining: 228s    
step 00459 (24.2%) | loss: 3.316396 | lrm: 1.00 | dt: 162ms | tok/sec: 809,615 | mfu: 25.2% | epoch: 1 | remaining: 227s    
step 00460 (24.2%) | loss: 3.322611 | lrm: 1.00 | dt: 162ms | tok/sec: 809,872 | mfu: 25.2% | epoch: 1 | remaining: 227s    
step 00461 (24.3%) | loss: 3.327593 | lrm: 1.00 | dt: 162ms | tok/sec: 810,132 | mfu: 25.2% | epoch: 1 | remaining: 227s    
step 00462 (24.3%) | loss: 3.327165 | lrm: 1.00 | dt: 162ms | tok/sec: 809,826 | mfu: 25.2% | epoch: 1 | remaining: 227s    
step 00463 (24.4%) | loss: 3.329485 | lrm: 1.00 | dt: 162ms | tok/sec: 809,594 | mfu: 25.2% | epoch: 1 | remaining: 227s    
step 00464 (24.4%) | loss: 3.332905 | lrm: 1.00 | dt: 162ms | tok/sec: 808,393 | mfu: 25.2% | epoch: 1 | remaining: 227s    
step 00465 (24.5%) | loss: 3.328986 | lrm: 1.00 | dt: 162ms | tok/sec: 809,785 | mfu: 25.2% | epoch: 1 | remaining: 226s    
step 00466 (24.5%) | loss: 3.331643 | lrm: 1.00 | dt: 162ms | tok/sec: 809,779 | mfu: 25.2% | epoch: 1 | remaining: 226s    
step 00467 (24.6%) | loss: 3.323044 | lrm: 1.00 | dt: 162ms | tok/sec: 809,766 | mfu: 25.2% | epoch: 1 | remaining: 226s    
step 00468 (24.7%) | loss: 3.316277 | lrm: 1.00 | dt: 162ms | tok/sec: 809,944 | mfu: 25.2% | epoch: 1 | remaining: 226s    
step 00469 (24.7%) | loss: 3.315521 | lrm: 1.00 | dt: 162ms | tok/sec: 809,711 | mfu: 25.2% | epoch: 1 | remaining: 226s    
step 00470 (24.8%) | loss: 3.316289 | lrm: 1.00 | dt: 162ms | tok/sec: 809,588 | mfu: 25.2% | epoch: 1 | remaining: 226s    
step 00471 (24.8%) | loss: 3.321117 | lrm: 1.00 | dt: 162ms | tok/sec: 809,763 | mfu: 25.2% | epoch: 1 | remaining: 225s    
step 00472 (24.9%) | loss: 3.328461 | lrm: 1.00 | dt: 162ms | tok/sec: 809,570 | mfu: 25.2% | epoch: 1 | remaining: 225s    
step 00473 (24.9%) | loss: 3.326839 | lrm: 1.00 | dt: 162ms | tok/sec: 808,953 | mfu: 25.2% | epoch: 1 | remaining: 225s    
step 00474 (25.0%) | loss: 3.328669 | lrm: 1.00 | dt: 162ms | tok/sec: 809,681 | mfu: 25.2% | epoch: 1 | remaining: 225s    
step 00475 (25.0%) | loss: 3.326143 | lrm: 1.00 | dt: 162ms | tok/sec: 809,265 | mfu: 25.2% | epoch: 1 | remaining: 225s    
step 00476 (25.1%) | loss: 3.319266 | lrm: 1.00 | dt: 162ms | tok/sec: 809,964 | mfu: 25.2% | epoch: 1 | remaining: 225s    
step 00477 (25.1%) | loss: 3.317622 | lrm: 1.00 | dt: 162ms | tok/sec: 809,823 | mfu: 25.2% | epoch: 1 | remaining: 224s    
step 00478 (25.2%) | loss: 3.311622 | lrm: 1.00 | dt: 162ms | tok/sec: 809,820 | mfu: 25.2% | epoch: 1 | remaining: 224s    
step 00479 (25.2%) | loss: 3.312342 | lrm: 1.00 | dt: 162ms | tok/sec: 809,964 | mfu: 25.2% | epoch: 1 | remaining: 224s    
step 00480 (25.3%) | loss: 3.310249 | lrm: 1.00 | dt: 162ms | tok/sec: 809,407 | mfu: 25.2% | epoch: 1 | remaining: 224s    
step 00481 (25.4%) | loss: 3.312941 | lrm: 1.00 | dt: 162ms | tok/sec: 809,779 | mfu: 25.2% | epoch: 1 | remaining: 224s    
step 00482 (25.4%) | loss: 3.312683 | lrm: 1.00 | dt: 162ms | tok/sec: 809,861 | mfu: 25.2% | epoch: 1 | remaining: 224s    
step 00483 (25.5%) | loss: 3.313985 | lrm: 1.00 | dt: 162ms | tok/sec: 809,774 | mfu: 25.2% | epoch: 1 | remaining: 223s    
step 00484 (25.5%) | loss: 3.315283 | lrm: 1.00 | dt: 162ms | tok/sec: 809,851 | mfu: 25.2% | epoch: 1 | remaining: 223s    
step 00485 (25.6%) | loss: 3.316921 | lrm: 1.00 | dt: 162ms | tok/sec: 809,692 | mfu: 25.2% | epoch: 1 | remaining: 223s    
step 00486 (25.6%) | loss: 3.311545 | lrm: 1.00 | dt: 162ms | tok/sec: 809,981 | mfu: 25.2% | epoch: 1 | remaining: 223s    
step 00487 (25.7%) | loss: 3.308433 | lrm: 1.00 | dt: 162ms | tok/sec: 809,770 | mfu: 25.2% | epoch: 1 | remaining: 223s    
step 00488 (25.7%) | loss: 3.303529 | lrm: 1.00 | dt: 162ms | tok/sec: 810,024 | mfu: 25.2% | epoch: 1 | remaining: 223s    
step 00489 (25.8%) | loss: 3.289277 | lrm: 1.00 | dt: 162ms | tok/sec: 809,954 | mfu: 25.2% | epoch: 1 | remaining: 222s    
step 00490 (25.8%) | loss: 3.280762 | lrm: 1.00 | dt: 162ms | tok/sec: 809,890 | mfu: 25.2% | epoch: 1 | remaining: 222s    
step 00491 (25.9%) | loss: 3.279434 | lrm: 1.00 | dt: 162ms | tok/sec: 809,788 | mfu: 25.2% | epoch: 1 | remaining: 222s    
step 00492 (25.9%) | loss: 3.277339 | lrm: 1.00 | dt: 162ms | tok/sec: 809,571 | mfu: 25.2% | epoch: 1 | remaining: 222s    
step 00493 (26.0%) | loss: 3.278304 | lrm: 1.00 | dt: 162ms | tok/sec: 809,745 | mfu: 25.2% | epoch: 1 | remaining: 222s    
step 00494 (26.1%) | loss: 3.276022 | lrm: 1.00 | dt: 162ms | tok/sec: 809,974 | mfu: 25.2% | epoch: 1 | remaining: 222s    
step 00495 (26.1%) | loss: 3.279950 | lrm: 1.00 | dt: 162ms | tok/sec: 809,543 | mfu: 25.2% | epoch: 1 | remaining: 222s    
step 00496 (26.2%) | loss: 3.278527 | lrm: 1.00 | dt: 162ms | tok/sec: 809,984 | mfu: 25.2% | epoch: 1 | remaining: 221s    
step 00497 (26.2%) | loss: 3.281844 | lrm: 1.00 | dt: 162ms | tok/sec: 809,998 | mfu: 25.2% | epoch: 1 | remaining: 221s    
step 00498 (26.3%) | loss: 3.286601 | lrm: 1.00 | dt: 162ms | tok/sec: 810,055 | mfu: 25.2% | epoch: 1 | remaining: 221s    
step 00499 (26.3%) | loss: 3.289570 | lrm: 1.00 | dt: 162ms | tok/sec: 810,115 | mfu: 25.2% | epoch: 1 | remaining: 221s    
step 00500 (26.4%) | loss: 3.292070 | lrm: 1.00 | dt: 162ms | tok/sec: 809,937 | mfu: 25.2% | epoch: 1 | remaining: 221s    
step 00501 (26.4%) | loss: 3.291217 | lrm: 1.00 | dt: 162ms | tok/sec: 809,740 | mfu: 25.2% | epoch: 1 | remaining: 221s    
step 00502 (26.5%) | loss: 3.291922 | lrm: 1.00 | dt: 162ms | tok/sec: 809,771 | mfu: 25.2% | epoch: 1 | remaining: 220s    
step 00503 (26.5%) | loss: 3.292938 | lrm: 1.00 | dt: 162ms | tok/sec: 809,798 | mfu: 25.2% | epoch: 1 | remaining: 220s    
step 00504 (26.6%) | loss: 3.286556 | lrm: 1.00 | dt: 162ms | tok/sec: 809,824 | mfu: 25.2% | epoch: 1 | remaining: 220s    
step 00505 (26.6%) | loss: 3.283772 | lrm: 1.00 | dt: 162ms | tok/sec: 809,798 | mfu: 25.2% | epoch: 1 | remaining: 220s    
step 00506 (26.7%) | loss: 3.281941 | lrm: 1.00 | dt: 162ms | tok/sec: 809,904 | mfu: 25.2% | epoch: 1 | remaining: 220s    
step 00507 (26.8%) | loss: 3.283055 | lrm: 1.00 | dt: 162ms | tok/sec: 809,888 | mfu: 25.2% | epoch: 1 | remaining: 220s    
step 00508 (26.8%) | loss: 3.281069 | lrm: 1.00 | dt: 162ms | tok/sec: 809,863 | mfu: 25.2% | epoch: 1 | remaining: 219s    
step 00509 (26.9%) | loss: 3.277585 | lrm: 1.00 | dt: 162ms | tok/sec: 809,467 | mfu: 25.2% | epoch: 1 | remaining: 219s    
step 00510 (26.9%) | loss: 3.283177 | lrm: 1.00 | dt: 162ms | tok/sec: 809,941 | mfu: 25.2% | epoch: 1 | remaining: 219s    
step 00511 (27.0%) | loss: 3.284689 | lrm: 1.00 | dt: 162ms | tok/sec: 809,348 | mfu: 25.2% | epoch: 1 | remaining: 219s    
step 00512 (27.0%) | loss: 3.280279 | lrm: 1.00 | dt: 162ms | tok/sec: 810,069 | mfu: 25.2% | epoch: 1 | remaining: 219s    
step 00513 (27.1%) | loss: 3.274671 | lrm: 1.00 | dt: 162ms | tok/sec: 810,027 | mfu: 25.2% | epoch: 1 | remaining: 219s    
step 00514 (27.1%) | loss: 3.275414 | lrm: 1.00 | dt: 162ms | tok/sec: 809,512 | mfu: 25.2% | epoch: 1 | remaining: 218s    
step 00515 (27.2%) | loss: 3.272778 | lrm: 1.00 | dt: 162ms | tok/sec: 809,898 | mfu: 25.2% | epoch: 1 | remaining: 218s    
step 00516 (27.2%) | loss: 3.274796 | lrm: 1.00 | dt: 162ms | tok/sec: 809,966 | mfu: 25.2% | epoch: 1 | remaining: 218s    
step 00517 (27.3%) | loss: 3.277560 | lrm: 1.00 | dt: 162ms | tok/sec: 809,960 | mfu: 25.2% | epoch: 1 | remaining: 218s    
step 00518 (27.3%) | loss: 3.272940 | lrm: 1.00 | dt: 162ms | tok/sec: 809,955 | mfu: 25.2% | epoch: 1 | remaining: 218s    
step 00519 (27.4%) | loss: 3.272548 | lrm: 1.00 | dt: 162ms | tok/sec: 809,401 | mfu: 25.2% | epoch: 1 | remaining: 218s    
step 00520 (27.5%) | loss: 3.268584 | lrm: 1.00 | dt: 162ms | tok/sec: 809,761 | mfu: 25.2% | epoch: 1 | remaining: 217s    
step 00521 (27.5%) | loss: 3.269795 | lrm: 1.00 | dt: 162ms | tok/sec: 809,819 | mfu: 25.2% | epoch: 1 | remaining: 217s    
step 00522 (27.6%) | loss: 3.271463 | lrm: 1.00 | dt: 162ms | tok/sec: 810,095 | mfu: 25.2% | epoch: 1 | remaining: 217s    
step 00523 (27.6%) | loss: 3.269084 | lrm: 1.00 | dt: 162ms | tok/sec: 809,905 | mfu: 25.2% | epoch: 1 | remaining: 217s    
step 00524 (27.7%) | loss: 3.273288 | lrm: 1.00 | dt: 162ms | tok/sec: 809,559 | mfu: 25.2% | epoch: 1 | remaining: 217s    
step 00525 (27.7%) | loss: 3.272065 | lrm: 1.00 | dt: 162ms | tok/sec: 809,752 | mfu: 25.2% | epoch: 1 | remaining: 217s    
step 00526 (27.8%) | loss: 3.270011 | lrm: 1.00 | dt: 162ms | tok/sec: 809,948 | mfu: 25.2% | epoch: 1 | remaining: 216s    
step 00527 (27.8%) | loss: 3.270583 | lrm: 1.00 | dt: 162ms | tok/sec: 809,723 | mfu: 25.2% | epoch: 1 | remaining: 216s    
step 00528 (27.9%) | loss: 3.266218 | lrm: 1.00 | dt: 162ms | tok/sec: 809,736 | mfu: 25.2% | epoch: 1 | remaining: 216s    
step 00529 (27.9%) | loss: 3.268651 | lrm: 1.00 | dt: 162ms | tok/sec: 809,715 | mfu: 25.2% | epoch: 1 | remaining: 216s    
step 00530 (28.0%) | loss: 3.268964 | lrm: 1.00 | dt: 162ms | tok/sec: 809,770 | mfu: 25.2% | epoch: 1 | remaining: 216s    
step 00531 (28.0%) | loss: 3.268682 | lrm: 1.00 | dt: 162ms | tok/sec: 809,786 | mfu: 25.2% | epoch: 1 | remaining: 216s    
step 00532 (28.1%) | loss: 3.269497 | lrm: 1.00 | dt: 162ms | tok/sec: 809,768 | mfu: 25.2% | epoch: 1 | remaining: 216s    
step 00533 (28.2%) | loss: 3.264814 | lrm: 1.00 | dt: 162ms | tok/sec: 809,106 | mfu: 25.2% | epoch: 1 | remaining: 215s    
step 00534 (28.2%) | loss: 3.270525 | lrm: 1.00 | dt: 162ms | tok/sec: 809,005 | mfu: 25.2% | epoch: 1 | remaining: 215s    
step 00535 (28.3%) | loss: 3.261131 | lrm: 1.00 | dt: 162ms | tok/sec: 809,515 | mfu: 25.2% | epoch: 1 | remaining: 215s    
step 00536 (28.3%) | loss: 3.262697 | lrm: 1.00 | dt: 162ms | tok/sec: 810,094 | mfu: 25.2% | epoch: 1 | remaining: 215s    
step 00537 (28.4%) | loss: 3.268227 | lrm: 1.00 | dt: 162ms | tok/sec: 809,458 | mfu: 25.2% | epoch: 1 | remaining: 215s    
step 00538 (28.4%) | loss: 3.268674 | lrm: 1.00 | dt: 162ms | tok/sec: 809,770 | mfu: 25.2% | epoch: 1 | remaining: 215s    
step 00539 (28.5%) | loss: 3.265165 | lrm: 1.00 | dt: 162ms | tok/sec: 809,101 | mfu: 25.2% | epoch: 1 | remaining: 214s    
step 00540 (28.5%) | loss: 3.258208 | lrm: 1.00 | dt: 162ms | tok/sec: 809,539 | mfu: 25.2% | epoch: 1 | remaining: 214s    
step 00541 (28.6%) | loss: 3.255274 | lrm: 1.00 | dt: 162ms | tok/sec: 810,004 | mfu: 25.2% | epoch: 1 | remaining: 214s    
step 00542 (28.6%) | loss: 3.259049 | lrm: 1.00 | dt: 162ms | tok/sec: 809,943 | mfu: 25.2% | epoch: 1 | remaining: 214s    
step 00543 (28.7%) | loss: 3.260768 | lrm: 1.00 | dt: 162ms | tok/sec: 809,818 | mfu: 25.2% | epoch: 1 | remaining: 214s    
step 00544 (28.8%) | loss: 3.251842 | lrm: 1.00 | dt: 162ms | tok/sec: 810,023 | mfu: 25.2% | epoch: 1 | remaining: 214s    
step 00545 (28.8%) | loss: 3.256437 | lrm: 1.00 | dt: 162ms | tok/sec: 809,868 | mfu: 25.2% | epoch: 1 | remaining: 213s    
step 00546 (28.9%) | loss: 3.258745 | lrm: 1.00 | dt: 162ms | tok/sec: 810,103 | mfu: 25.2% | epoch: 1 | remaining: 213s    
step 00547 (28.9%) | loss: 3.251026 | lrm: 1.00 | dt: 162ms | tok/sec: 809,947 | mfu: 25.2% | epoch: 1 | remaining: 213s    
step 00548 (29.0%) | loss: 3.251888 | lrm: 1.00 | dt: 162ms | tok/sec: 809,885 | mfu: 25.2% | epoch: 1 | remaining: 213s    
step 00549 (29.0%) | loss: 3.242043 | lrm: 1.00 | dt: 162ms | tok/sec: 809,663 | mfu: 25.2% | epoch: 1 | remaining: 213s    
step 00550 (29.1%) | loss: 3.239606 | lrm: 1.00 | dt: 162ms | tok/sec: 809,533 | mfu: 25.2% | epoch: 1 | remaining: 213s    
step 00551 (29.1%) | loss: 3.246769 | lrm: 1.00 | dt: 162ms | tok/sec: 808,130 | mfu: 25.2% | epoch: 1 | remaining: 212s    
step 00552 (29.2%) | loss: 3.243148 | lrm: 1.00 | dt: 162ms | tok/sec: 809,628 | mfu: 25.2% | epoch: 1 | remaining: 212s    
step 00553 (29.2%) | loss: 3.245969 | lrm: 1.00 | dt: 162ms | tok/sec: 809,380 | mfu: 25.2% | epoch: 1 | remaining: 212s    
step 00554 (29.3%) | loss: 3.238014 | lrm: 1.00 | dt: 162ms | tok/sec: 810,032 | mfu: 25.2% | epoch: 1 | remaining: 212s    
step 00555 (29.3%) | loss: 3.238640 | lrm: 1.00 | dt: 162ms | tok/sec: 809,912 | mfu: 25.2% | epoch: 1 | remaining: 212s    
step 00556 (29.4%) | loss: 3.243668 | lrm: 1.00 | dt: 162ms | tok/sec: 809,699 | mfu: 25.2% | epoch: 1 | remaining: 212s    
step 00557 (29.5%) | loss: 3.249951 | lrm: 1.00 | dt: 162ms | tok/sec: 810,055 | mfu: 25.2% | epoch: 1 | remaining: 211s    
step 00558 (29.5%) | loss: 3.241441 | lrm: 1.00 | dt: 162ms | tok/sec: 809,873 | mfu: 25.2% | epoch: 1 | remaining: 211s    
step 00559 (29.6%) | loss: 3.240823 | lrm: 1.00 | dt: 162ms | tok/sec: 810,044 | mfu: 25.2% | epoch: 1 | remaining: 211s    
step 00560 (29.6%) | loss: 3.233303 | lrm: 1.00 | dt: 162ms | tok/sec: 809,745 | mfu: 25.2% | epoch: 1 | remaining: 211s    
step 00561 (29.7%) | loss: 3.230891 | lrm: 1.00 | dt: 162ms | tok/sec: 809,512 | mfu: 25.2% | epoch: 1 | remaining: 211s    
step 00562 (29.7%) | loss: 3.229240 | lrm: 1.00 | dt: 162ms | tok/sec: 809,383 | mfu: 25.2% | epoch: 1 | remaining: 211s    
step 00563 (29.8%) | loss: 3.230793 | lrm: 1.00 | dt: 162ms | tok/sec: 809,067 | mfu: 25.2% | epoch: 1 | remaining: 211s    
step 00564 (29.8%) | loss: 3.228130 | lrm: 1.00 | dt: 162ms | tok/sec: 809,454 | mfu: 25.2% | epoch: 1 | remaining: 210s    
step 00565 (29.9%) | loss: 3.225719 | lrm: 1.00 | dt: 162ms | tok/sec: 809,770 | mfu: 25.2% | epoch: 1 | remaining: 210s    
step 00566 (29.9%) | loss: 3.228752 | lrm: 1.00 | dt: 162ms | tok/sec: 809,351 | mfu: 25.2% | epoch: 1 | remaining: 210s    
step 00567 (30.0%) | loss: 3.225833 | lrm: 1.00 | dt: 162ms | tok/sec: 809,923 | mfu: 25.2% | epoch: 1 | remaining: 210s    
step 00568 (30.0%) | loss: 3.227896 | lrm: 1.00 | dt: 162ms | tok/sec: 809,922 | mfu: 25.2% | epoch: 1 | remaining: 210s    
step 00569 (30.1%) | loss: 3.227720 | lrm: 1.00 | dt: 162ms | tok/sec: 809,179 | mfu: 25.2% | epoch: 1 | remaining: 210s    
step 00570 (30.2%) | loss: 3.228450 | lrm: 1.00 | dt: 162ms | tok/sec: 809,333 | mfu: 25.2% | epoch: 1 | remaining: 209s    
step 00571 (30.2%) | loss: 3.233063 | lrm: 1.00 | dt: 163ms | tok/sec: 805,822 | mfu: 25.1% | epoch: 1 | remaining: 209s    
step 00572 (30.3%) | loss: 3.234199 | lrm: 1.00 | dt: 162ms | tok/sec: 808,729 | mfu: 25.2% | epoch: 1 | remaining: 209s    
step 00573 (30.3%) | loss: 3.234463 | lrm: 1.00 | dt: 162ms | tok/sec: 809,892 | mfu: 25.2% | epoch: 1 | remaining: 209s    
step 00574 (30.4%) | loss: 3.236655 | lrm: 1.00 | dt: 162ms | tok/sec: 809,663 | mfu: 25.2% | epoch: 1 | remaining: 209s    
step 00575 (30.4%) | loss: 3.237746 | lrm: 1.00 | dt: 162ms | tok/sec: 809,837 | mfu: 25.2% | epoch: 1 | remaining: 209s    
step 00576 (30.5%) | loss: 3.239620 | lrm: 1.00 | dt: 162ms | tok/sec: 809,696 | mfu: 25.2% | epoch: 1 | remaining: 208s    
step 00577 (30.5%) | loss: 3.231761 | lrm: 1.00 | dt: 162ms | tok/sec: 809,509 | mfu: 25.2% | epoch: 1 | remaining: 208s    
step 00578 (30.6%) | loss: 3.233387 | lrm: 1.00 | dt: 162ms | tok/sec: 809,856 | mfu: 25.2% | epoch: 1 | remaining: 208s    
step 00579 (30.6%) | loss: 3.228908 | lrm: 1.00 | dt: 162ms | tok/sec: 809,582 | mfu: 25.2% | epoch: 1 | remaining: 208s    
step 00580 (30.7%) | loss: 3.242385 | lrm: 1.00 | dt: 162ms | tok/sec: 809,707 | mfu: 25.2% | epoch: 1 | remaining: 208s    
step 00581 (30.7%) | loss: 3.243156 | lrm: 1.00 | dt: 162ms | tok/sec: 809,676 | mfu: 25.2% | epoch: 1 | remaining: 208s    
step 00582 (30.8%) | loss: 3.241548 | lrm: 1.00 | dt: 162ms | tok/sec: 809,587 | mfu: 25.2% | epoch: 1 | remaining: 207s    
step 00583 (30.9%) | loss: 3.243927 | lrm: 1.00 | dt: 162ms | tok/sec: 809,866 | mfu: 25.2% | epoch: 1 | remaining: 207s    
step 00584 (30.9%) | loss: 3.242264 | lrm: 1.00 | dt: 162ms | tok/sec: 809,595 | mfu: 25.2% | epoch: 1 | remaining: 207s    
step 00585 (31.0%) | loss: 3.240325 | lrm: 1.00 | dt: 162ms | tok/sec: 809,647 | mfu: 25.2% | epoch: 1 | remaining: 207s    
step 00586 (31.0%) | loss: 3.242483 | lrm: 1.00 | dt: 162ms | tok/sec: 809,398 | mfu: 25.2% | epoch: 1 | remaining: 207s    
step 00587 (31.1%) | loss: 3.241869 | lrm: 1.00 | dt: 162ms | tok/sec: 809,295 | mfu: 25.2% | epoch: 1 | remaining: 207s    
step 00588 (31.1%) | loss: 3.243113 | lrm: 1.00 | dt: 162ms | tok/sec: 809,692 | mfu: 25.2% | epoch: 1 | remaining: 206s    
step 00589 (31.2%) | loss: 3.238014 | lrm: 1.00 | dt: 162ms | tok/sec: 809,066 | mfu: 25.2% | epoch: 1 | remaining: 206s    
step 00590 (31.2%) | loss: 3.238948 | lrm: 1.00 | dt: 162ms | tok/sec: 809,316 | mfu: 25.2% | epoch: 1 | remaining: 206s    
step 00591 (31.3%) | loss: 3.244379 | lrm: 1.00 | dt: 162ms | tok/sec: 809,171 | mfu: 25.2% | epoch: 1 | remaining: 206s    
step 00592 (31.3%) | loss: 3.243918 | lrm: 1.00 | dt: 162ms | tok/sec: 809,868 | mfu: 25.2% | epoch: 1 | remaining: 206s    
step 00593 (31.4%) | loss: 3.247669 | lrm: 1.00 | dt: 162ms | tok/sec: 809,678 | mfu: 25.2% | epoch: 1 | remaining: 206s    
step 00594 (31.5%) | loss: 3.248963 | lrm: 1.00 | dt: 162ms | tok/sec: 809,717 | mfu: 25.2% | epoch: 1 | remaining: 205s    
step 00595 (31.5%) | loss: 3.254160 | lrm: 1.00 | dt: 162ms | tok/sec: 810,010 | mfu: 25.2% | epoch: 1 | remaining: 205s    
step 00596 (31.6%) | loss: 3.248508 | lrm: 1.00 | dt: 162ms | tok/sec: 810,183 | mfu: 25.2% | epoch: 1 | remaining: 205s    
step 00597 (31.6%) | loss: 3.244265 | lrm: 1.00 | dt: 162ms | tok/sec: 809,744 | mfu: 25.2% | epoch: 1 | remaining: 205s    
step 00598 (31.7%) | loss: 3.244094 | lrm: 1.00 | dt: 162ms | tok/sec: 809,995 | mfu: 25.2% | epoch: 1 | remaining: 205s    
step 00599 (31.7%) | loss: 3.244795 | lrm: 1.00 | dt: 162ms | tok/sec: 810,169 | mfu: 25.2% | epoch: 1 | remaining: 205s    
step 00600 (31.8%) | loss: 3.234063 | lrm: 1.00 | dt: 162ms | tok/sec: 809,986 | mfu: 25.2% | epoch: 1 | remaining: 205s    
step 00601 (31.8%) | loss: 3.229548 | lrm: 1.00 | dt: 162ms | tok/sec: 810,058 | mfu: 25.2% | epoch: 1 | remaining: 204s    
step 00602 (31.9%) | loss: 3.227393 | lrm: 1.00 | dt: 162ms | tok/sec: 810,027 | mfu: 25.2% | epoch: 1 | remaining: 204s    
step 00603 (31.9%) | loss: 3.222196 | lrm: 1.00 | dt: 162ms | tok/sec: 810,046 | mfu: 25.2% | epoch: 1 | remaining: 204s    
step 00604 (32.0%) | loss: 3.219138 | lrm: 1.00 | dt: 162ms | tok/sec: 809,947 | mfu: 25.2% | epoch: 1 | remaining: 204s    
step 00605 (32.0%) | loss: 3.223379 | lrm: 1.00 | dt: 162ms | tok/sec: 810,007 | mfu: 25.2% | epoch: 1 | remaining: 204s    
step 00606 (32.1%) | loss: 3.227226 | lrm: 1.00 | dt: 162ms | tok/sec: 810,063 | mfu: 25.2% | epoch: 1 | remaining: 204s    
step 00607 (32.2%) | loss: 3.225752 | lrm: 1.00 | dt: 162ms | tok/sec: 810,038 | mfu: 25.2% | epoch: 1 | remaining: 203s    
step 00608 (32.2%) | loss: 3.225571 | lrm: 1.00 | dt: 162ms | tok/sec: 809,736 | mfu: 25.2% | epoch: 1 | remaining: 203s    
step 00609 (32.3%) | loss: 3.229851 | lrm: 1.00 | dt: 162ms | tok/sec: 810,131 | mfu: 25.2% | epoch: 1 | remaining: 203s    
step 00610 (32.3%) | loss: 3.225017 | lrm: 1.00 | dt: 162ms | tok/sec: 810,262 | mfu: 25.2% | epoch: 1 | remaining: 203s    
step 00611 (32.4%) | loss: 3.228063 | lrm: 1.00 | dt: 162ms | tok/sec: 810,075 | mfu: 25.2% | epoch: 1 | remaining: 203s    
step 00612 (32.4%) | loss: 3.222908 | lrm: 1.00 | dt: 162ms | tok/sec: 809,825 | mfu: 25.2% | epoch: 1 | remaining: 203s    
step 00613 (32.5%) | loss: 3.223777 | lrm: 1.00 | dt: 162ms | tok/sec: 810,249 | mfu: 25.2% | epoch: 1 | remaining: 202s    
step 00614 (32.5%) | loss: 3.224122 | lrm: 1.00 | dt: 162ms | tok/sec: 809,726 | mfu: 25.2% | epoch: 1 | remaining: 202s    
step 00615 (32.6%) | loss: 3.225455 | lrm: 1.00 | dt: 162ms | tok/sec: 810,291 | mfu: 25.2% | epoch: 1 | remaining: 202s    
step 00616 (32.6%) | loss: 3.233779 | lrm: 1.00 | dt: 162ms | tok/sec: 809,980 | mfu: 25.2% | epoch: 1 | remaining: 202s    
step 00617 (32.7%) | loss: 3.234731 | lrm: 1.00 | dt: 162ms | tok/sec: 810,107 | mfu: 25.2% | epoch: 1 | remaining: 202s    
step 00618 (32.7%) | loss: 3.237879 | lrm: 1.00 | dt: 162ms | tok/sec: 810,288 | mfu: 25.2% | epoch: 1 | remaining: 202s    
step 00619 (32.8%) | loss: 3.236284 | lrm: 1.00 | dt: 162ms | tok/sec: 810,156 | mfu: 25.2% | epoch: 1 | remaining: 201s    
step 00620 (32.9%) | loss: 3.234741 | lrm: 1.00 | dt: 162ms | tok/sec: 810,101 | mfu: 25.2% | epoch: 1 | remaining: 201s    
step 00621 (32.9%) | loss: 3.237871 | lrm: 1.00 | dt: 162ms | tok/sec: 810,040 | mfu: 25.2% | epoch: 1 | remaining: 201s    
step 00622 (33.0%) | loss: 3.232989 | lrm: 1.00 | dt: 162ms | tok/sec: 810,079 | mfu: 25.2% | epoch: 1 | remaining: 201s    
step 00623 (33.0%) | loss: 3.231300 | lrm: 1.00 | dt: 162ms | tok/sec: 810,276 | mfu: 25.2% | epoch: 1 | remaining: 201s    
step 00624 (33.1%) | loss: 3.226987 | lrm: 1.00 | dt: 162ms | tok/sec: 810,262 | mfu: 25.2% | epoch: 1 | remaining: 201s    
step 00625 (33.1%) | loss: 3.227083 | lrm: 1.00 | dt: 162ms | tok/sec: 809,978 | mfu: 25.2% | epoch: 1 | remaining: 200s    
step 00626 (33.2%) | loss: 3.225051 | lrm: 1.00 | dt: 162ms | tok/sec: 809,872 | mfu: 25.2% | epoch: 1 | remaining: 200s    
step 00627 (33.2%) | loss: 3.223275 | lrm: 1.00 | dt: 162ms | tok/sec: 810,201 | mfu: 25.2% | epoch: 1 | remaining: 200s    
step 00628 (33.3%) | loss: 3.219215 | lrm: 1.00 | dt: 162ms | tok/sec: 809,738 | mfu: 25.2% | epoch: 1 | remaining: 200s    
step 00629 (33.3%) | loss: 3.217200 | lrm: 1.00 | dt: 162ms | tok/sec: 810,135 | mfu: 25.2% | epoch: 1 | remaining: 200s    
step 00630 (33.4%) | loss: 3.220269 | lrm: 1.00 | dt: 162ms | tok/sec: 810,083 | mfu: 25.2% | epoch: 1 | remaining: 200s    
step 00631 (33.4%) | loss: 3.218120 | lrm: 1.00 | dt: 162ms | tok/sec: 809,804 | mfu: 25.2% | epoch: 1 | remaining: 200s    
step 00632 (33.5%) | loss: 3.215145 | lrm: 1.00 | dt: 162ms | tok/sec: 809,876 | mfu: 25.2% | epoch: 1 | remaining: 199s    
step 00633 (33.6%) | loss: 3.212986 | lrm: 1.00 | dt: 162ms | tok/sec: 809,874 | mfu: 25.2% | epoch: 1 | remaining: 199s    
step 00634 (33.6%) | loss: 3.211553 | lrm: 1.00 | dt: 162ms | tok/sec: 809,967 | mfu: 25.2% | epoch: 1 | remaining: 199s    
step 00635 (33.7%) | loss: 3.213305 | lrm: 1.00 | dt: 162ms | tok/sec: 809,791 | mfu: 25.2% | epoch: 1 | remaining: 199s    
step 00636 (33.7%) | loss: 3.213717 | lrm: 1.00 | dt: 162ms | tok/sec: 809,630 | mfu: 25.2% | epoch: 1 | remaining: 199s    
step 00637 (33.8%) | loss: 3.216662 | lrm: 1.00 | dt: 162ms | tok/sec: 810,079 | mfu: 25.2% | epoch: 1 | remaining: 199s    
step 00638 (33.8%) | loss: 3.214750 | lrm: 1.00 | dt: 162ms | tok/sec: 809,891 | mfu: 25.2% | epoch: 1 | remaining: 198s    
step 00639 (33.9%) | loss: 3.212968 | lrm: 1.00 | dt: 162ms | tok/sec: 810,042 | mfu: 25.2% | epoch: 1 | remaining: 198s    
step 00640 (33.9%) | loss: 3.209694 | lrm: 1.00 | dt: 162ms | tok/sec: 810,123 | mfu: 25.2% | epoch: 1 | remaining: 198s    
step 00641 (34.0%) | loss: 3.205451 | lrm: 1.00 | dt: 162ms | tok/sec: 809,980 | mfu: 25.2% | epoch: 1 | remaining: 198s    
step 00642 (34.0%) | loss: 3.200874 | lrm: 1.00 | dt: 162ms | tok/sec: 810,213 | mfu: 25.2% | epoch: 1 | remaining: 198s    
step 00643 (34.1%) | loss: 3.200298 | lrm: 1.00 | dt: 162ms | tok/sec: 810,118 | mfu: 25.2% | epoch: 1 | remaining: 198s    
step 00644 (34.1%) | loss: 3.201586 | lrm: 1.00 | dt: 162ms | tok/sec: 809,953 | mfu: 25.2% | epoch: 1 | remaining: 197s    
step 00645 (34.2%) | loss: 3.206106 | lrm: 1.00 | dt: 162ms | tok/sec: 809,968 | mfu: 25.2% | epoch: 1 | remaining: 197s    
step 00646 (34.3%) | loss: 3.203215 | lrm: 1.00 | dt: 162ms | tok/sec: 809,968 | mfu: 25.2% | epoch: 1 | remaining: 197s    
step 00647 (34.3%) | loss: 3.203802 | lrm: 1.00 | dt: 162ms | tok/sec: 809,980 | mfu: 25.2% | epoch: 1 | remaining: 197s    
step 00648 (34.4%) | loss: 3.202491 | lrm: 1.00 | dt: 162ms | tok/sec: 809,153 | mfu: 25.2% | epoch: 1 | remaining: 197s    
step 00649 (34.4%) | loss: 3.204590 | lrm: 1.00 | dt: 162ms | tok/sec: 809,545 | mfu: 25.2% | epoch: 1 | remaining: 197s    
step 00650 (34.5%) | loss: 3.200962 | lrm: 1.00 | dt: 162ms | tok/sec: 809,793 | mfu: 25.2% | epoch: 1 | remaining: 196s    
step 00651 (34.5%) | loss: 3.203526 | lrm: 1.00 | dt: 162ms | tok/sec: 809,913 | mfu: 25.2% | epoch: 1 | remaining: 196s    
step 00652 (34.6%) | loss: 3.208393 | lrm: 1.00 | dt: 162ms | tok/sec: 809,708 | mfu: 25.2% | epoch: 1 | remaining: 196s    
step 00653 (34.6%) | loss: 3.210618 | lrm: 1.00 | dt: 162ms | tok/sec: 809,184 | mfu: 25.2% | epoch: 1 | remaining: 196s    
step 00654 (34.7%) | loss: 3.211834 | lrm: 1.00 | dt: 162ms | tok/sec: 809,832 | mfu: 25.2% | epoch: 1 | remaining: 196s    
step 00655 (34.7%) | loss: 3.204605 | lrm: 1.00 | dt: 162ms | tok/sec: 809,661 | mfu: 25.2% | epoch: 1 | remaining: 196s    
step 00656 (34.8%) | loss: 3.198155 | lrm: 1.00 | dt: 162ms | tok/sec: 809,903 | mfu: 25.2% | epoch: 1 | remaining: 195s    
step 00657 (34.8%) | loss: 3.199993 | lrm: 1.00 | dt: 162ms | tok/sec: 809,776 | mfu: 25.2% | epoch: 1 | remaining: 195s    
step 00658 (34.9%) | loss: 3.200470 | lrm: 1.00 | dt: 162ms | tok/sec: 809,215 | mfu: 25.2% | epoch: 1 | remaining: 195s    
step 00659 (35.0%) | loss: 3.201024 | lrm: 1.00 | dt: 162ms | tok/sec: 809,159 | mfu: 25.2% | epoch: 1 | remaining: 195s    
step 00660 (35.0%) | loss: 3.205045 | lrm: 1.00 | dt: 162ms | tok/sec: 809,171 | mfu: 25.2% | epoch: 1 | remaining: 195s    
step 00661 (35.1%) | loss: 3.205733 | lrm: 1.00 | dt: 162ms | tok/sec: 809,410 | mfu: 25.2% | epoch: 1 | remaining: 195s    
step 00662 (35.1%) | loss: 3.204707 | lrm: 1.00 | dt: 162ms | tok/sec: 809,201 | mfu: 25.2% | epoch: 1 | remaining: 194s    
step 00663 (35.2%) | loss: 3.200568 | lrm: 1.00 | dt: 162ms | tok/sec: 808,403 | mfu: 25.2% | epoch: 1 | remaining: 194s    
step 00664 (35.2%) | loss: 3.207645 | lrm: 1.00 | dt: 162ms | tok/sec: 808,327 | mfu: 25.2% | epoch: 1 | remaining: 194s    
step 00665 (35.3%) | loss: 3.202255 | lrm: 1.00 | dt: 162ms | tok/sec: 808,992 | mfu: 25.2% | epoch: 1 | remaining: 194s    
step 00666 (35.3%) | loss: 3.201116 | lrm: 1.00 | dt: 162ms | tok/sec: 809,112 | mfu: 25.2% | epoch: 1 | remaining: 194s    
step 00667 (35.4%) | loss: 3.200740 | lrm: 1.00 | dt: 162ms | tok/sec: 808,920 | mfu: 25.2% | epoch: 1 | remaining: 194s    
step 00668 (35.4%) | loss: 3.200082 | lrm: 1.00 | dt: 162ms | tok/sec: 808,539 | mfu: 25.2% | epoch: 1 | remaining: 194s    
step 00669 (35.5%) | loss: 3.199040 | lrm: 1.00 | dt: 162ms | tok/sec: 809,407 | mfu: 25.2% | epoch: 1 | remaining: 193s    
step 00670 (35.6%) | loss: 3.199349 | lrm: 1.00 | dt: 162ms | tok/sec: 809,745 | mfu: 25.2% | epoch: 1 | remaining: 193s    
step 00671 (35.6%) | loss: 3.199976 | lrm: 1.00 | dt: 162ms | tok/sec: 809,874 | mfu: 25.2% | epoch: 1 | remaining: 193s    
step 00672 (35.7%) | loss: 3.201117 | lrm: 1.00 | dt: 162ms | tok/sec: 810,008 | mfu: 25.2% | epoch: 1 | remaining: 193s    
step 00673 (35.7%) | loss: 3.198572 | lrm: 1.00 | dt: 162ms | tok/sec: 809,799 | mfu: 25.2% | epoch: 1 | remaining: 193s    
step 00674 (35.8%) | loss: 3.203209 | lrm: 1.00 | dt: 162ms | tok/sec: 809,904 | mfu: 25.2% | epoch: 1 | remaining: 193s    
step 00675 (35.8%) | loss: 3.203245 | lrm: 1.00 | dt: 162ms | tok/sec: 809,863 | mfu: 25.2% | epoch: 1 | remaining: 192s    
step 00676 (35.9%) | loss: 3.201286 | lrm: 1.00 | dt: 162ms | tok/sec: 810,097 | mfu: 25.2% | epoch: 1 | remaining: 192s    
step 00677 (35.9%) | loss: 3.203367 | lrm: 1.00 | dt: 162ms | tok/sec: 809,857 | mfu: 25.2% | epoch: 1 | remaining: 192s    
step 00678 (36.0%) | loss: 3.211830 | lrm: 1.00 | dt: 162ms | tok/sec: 810,045 | mfu: 25.2% | epoch: 1 | remaining: 192s    
step 00679 (36.0%) | loss: 3.214502 | lrm: 1.00 | dt: 162ms | tok/sec: 810,073 | mfu: 25.2% | epoch: 1 | remaining: 192s    
step 00680 (36.1%) | loss: 3.212008 | lrm: 1.00 | dt: 162ms | tok/sec: 810,018 | mfu: 25.2% | epoch: 1 | remaining: 192s    
step 00681 (36.1%) | loss: 3.205970 | lrm: 1.00 | dt: 162ms | tok/sec: 809,973 | mfu: 25.2% | epoch: 1 | remaining: 191s    
step 00682 (36.2%) | loss: 3.210832 | lrm: 1.00 | dt: 162ms | tok/sec: 809,958 | mfu: 25.2% | epoch: 1 | remaining: 191s    
step 00683 (36.3%) | loss: 3.212945 | lrm: 1.00 | dt: 162ms | tok/sec: 810,034 | mfu: 25.2% | epoch: 1 | remaining: 191s    
step 00684 (36.3%) | loss: 3.206448 | lrm: 1.00 | dt: 162ms | tok/sec: 809,862 | mfu: 25.2% | epoch: 1 | remaining: 191s    
step 00685 (36.4%) | loss: 3.201134 | lrm: 1.00 | dt: 162ms | tok/sec: 810,245 | mfu: 25.2% | epoch: 1 | remaining: 191s    
step 00686 (36.4%) | loss: 3.201458 | lrm: 1.00 | dt: 162ms | tok/sec: 810,252 | mfu: 25.2% | epoch: 1 | remaining: 191s    
step 00687 (36.5%) | loss: 3.194691 | lrm: 1.00 | dt: 162ms | tok/sec: 809,348 | mfu: 25.2% | epoch: 1 | remaining: 190s    
step 00688 (36.5%) | loss: 3.199397 | lrm: 1.00 | dt: 162ms | tok/sec: 809,974 | mfu: 25.2% | epoch: 1 | remaining: 190s    
step 00689 (36.6%) | loss: 3.195537 | lrm: 1.00 | dt: 162ms | tok/sec: 809,732 | mfu: 25.2% | epoch: 1 | remaining: 190s    
step 00690 (36.6%) | loss: 3.198809 | lrm: 1.00 | dt: 162ms | tok/sec: 810,010 | mfu: 25.2% | epoch: 1 | remaining: 190s    
step 00691 (36.7%) | loss: 3.202050 | lrm: 1.00 | dt: 162ms | tok/sec: 809,204 | mfu: 25.2% | epoch: 1 | remaining: 190s    
step 00692 (36.7%) | loss: 3.203491 | lrm: 1.00 | dt: 162ms | tok/sec: 808,978 | mfu: 25.2% | epoch: 1 | remaining: 190s    
step 00693 (36.8%) | loss: 3.203057 | lrm: 1.00 | dt: 162ms | tok/sec: 807,827 | mfu: 25.2% | epoch: 1 | remaining: 189s    
step 00694 (36.8%) | loss: 3.203706 | lrm: 1.00 | dt: 162ms | tok/sec: 809,415 | mfu: 25.2% | epoch: 1 | remaining: 189s    
step 00695 (36.9%) | loss: 3.202066 | lrm: 1.00 | dt: 162ms | tok/sec: 809,201 | mfu: 25.2% | epoch: 1 | remaining: 189s    
step 00696 (37.0%) | loss: 3.196041 | lrm: 1.00 | dt: 162ms | tok/sec: 809,646 | mfu: 25.2% | epoch: 1 | remaining: 189s    
step 00697 (37.0%) | loss: 3.198266 | lrm: 1.00 | dt: 162ms | tok/sec: 809,597 | mfu: 25.2% | epoch: 1 | remaining: 189s    
step 00698 (37.1%) | loss: 3.194236 | lrm: 1.00 | dt: 162ms | tok/sec: 809,896 | mfu: 25.2% | epoch: 1 | remaining: 189s    
step 00699 (37.1%) | loss: 3.195475 | lrm: 1.00 | dt: 162ms | tok/sec: 809,780 | mfu: 25.2% | epoch: 1 | remaining: 188s    
step 00700 (37.2%) | loss: 3.197690 | lrm: 1.00 | dt: 162ms | tok/sec: 809,581 | mfu: 25.2% | epoch: 1 | remaining: 188s    
step 00701 (37.2%) | loss: 3.197845 | lrm: 1.00 | dt: 162ms | tok/sec: 809,440 | mfu: 25.2% | epoch: 1 | remaining: 188s    
step 00702 (37.3%) | loss: 3.196840 | lrm: 1.00 | dt: 162ms | tok/sec: 809,178 | mfu: 25.2% | epoch: 1 | remaining: 188s    
step 00703 (37.3%) | loss: 3.186534 | lrm: 1.00 | dt: 162ms | tok/sec: 809,469 | mfu: 25.2% | epoch: 1 | remaining: 188s    
step 00704 (37.4%) | loss: 3.185700 | lrm: 1.00 | dt: 162ms | tok/sec: 809,789 | mfu: 25.2% | epoch: 1 | remaining: 188s    
step 00705 (37.4%) | loss: 3.184059 | lrm: 1.00 | dt: 162ms | tok/sec: 809,819 | mfu: 25.2% | epoch: 1 | remaining: 188s    
step 00706 (37.5%) | loss: 3.195413 | lrm: 1.00 | dt: 162ms | tok/sec: 809,696 | mfu: 25.2% | epoch: 1 | remaining: 187s    
step 00707 (37.5%) | loss: 3.195543 | lrm: 1.00 | dt: 162ms | tok/sec: 809,835 | mfu: 25.2% | epoch: 1 | remaining: 187s    
step 00708 (37.6%) | loss: 3.197419 | lrm: 1.00 | dt: 162ms | tok/sec: 809,773 | mfu: 25.2% | epoch: 1 | remaining: 187s    
step 00709 (37.7%) | loss: 3.195814 | lrm: 1.00 | dt: 162ms | tok/sec: 809,854 | mfu: 25.2% | epoch: 1 | remaining: 187s    
step 00710 (37.7%) | loss: 3.190258 | lrm: 1.00 | dt: 162ms | tok/sec: 809,892 | mfu: 25.2% | epoch: 1 | remaining: 187s    
step 00711 (37.8%) | loss: 3.180341 | lrm: 1.00 | dt: 162ms | tok/sec: 809,811 | mfu: 25.2% | epoch: 1 | remaining: 187s    
step 00712 (37.8%) | loss: 3.182467 | lrm: 1.00 | dt: 162ms | tok/sec: 809,698 | mfu: 25.2% | epoch: 1 | remaining: 186s    
step 00713 (37.9%) | loss: 3.181978 | lrm: 1.00 | dt: 162ms | tok/sec: 809,959 | mfu: 25.2% | epoch: 1 | remaining: 186s    
step 00714 (37.9%) | loss: 3.177259 | lrm: 1.00 | dt: 162ms | tok/sec: 809,769 | mfu: 25.2% | epoch: 1 | remaining: 186s    
step 00715 (38.0%) | loss: 3.181475 | lrm: 1.00 | dt: 162ms | tok/sec: 809,859 | mfu: 25.2% | epoch: 1 | remaining: 186s    
step 00716 (38.0%) | loss: 3.188028 | lrm: 1.00 | dt: 162ms | tok/sec: 809,788 | mfu: 25.2% | epoch: 1 | remaining: 186s    
step 00717 (38.1%) | loss: 3.187580 | lrm: 1.00 | dt: 162ms | tok/sec: 809,541 | mfu: 25.2% | epoch: 1 | remaining: 186s    
step 00718 (38.1%) | loss: 3.190053 | lrm: 1.00 | dt: 162ms | tok/sec: 809,416 | mfu: 25.2% | epoch: 1 | remaining: 185s    
step 00719 (38.2%) | loss: 3.185459 | lrm: 1.00 | dt: 162ms | tok/sec: 809,777 | mfu: 25.2% | epoch: 1 | remaining: 185s    
step 00720 (38.2%) | loss: 3.185878 | lrm: 1.00 | dt: 162ms | tok/sec: 809,442 | mfu: 25.2% | epoch: 1 | remaining: 185s    
step 00721 (38.3%) | loss: 3.183343 | lrm: 1.00 | dt: 162ms | tok/sec: 809,671 | mfu: 25.2% | epoch: 1 | remaining: 185s    
step 00722 (38.4%) | loss: 3.176205 | lrm: 1.00 | dt: 162ms | tok/sec: 809,420 | mfu: 25.2% | epoch: 1 | remaining: 185s    
step 00723 (38.4%) | loss: 3.170195 | lrm: 1.00 | dt: 162ms | tok/sec: 809,614 | mfu: 25.2% | epoch: 1 | remaining: 185s    
step 00724 (38.5%) | loss: 3.174418 | lrm: 1.00 | dt: 162ms | tok/sec: 809,376 | mfu: 25.2% | epoch: 1 | remaining: 184s    
step 00725 (38.5%) | loss: 3.174035 | lrm: 1.00 | dt: 162ms | tok/sec: 809,280 | mfu: 25.2% | epoch: 1 | remaining: 184s    
step 00726 (38.6%) | loss: 3.167063 | lrm: 1.00 | dt: 162ms | tok/sec: 809,609 | mfu: 25.2% | epoch: 1 | remaining: 184s    
step 00727 (38.6%) | loss: 3.168909 | lrm: 1.00 | dt: 162ms | tok/sec: 809,453 | mfu: 25.2% | epoch: 1 | remaining: 184s    
step 00728 (38.7%) | loss: 3.167970 | lrm: 1.00 | dt: 162ms | tok/sec: 809,025 | mfu: 25.2% | epoch: 1 | remaining: 184s    
step 00729 (38.7%) | loss: 3.166658 | lrm: 1.00 | dt: 162ms | tok/sec: 809,201 | mfu: 25.2% | epoch: 1 | remaining: 184s    
step 00730 (38.8%) | loss: 3.170645 | lrm: 1.00 | dt: 162ms | tok/sec: 809,373 | mfu: 25.2% | epoch: 1 | remaining: 183s    
step 00731 (38.8%) | loss: 3.171184 | lrm: 1.00 | dt: 162ms | tok/sec: 809,389 | mfu: 25.2% | epoch: 1 | remaining: 183s    
step 00732 (38.9%) | loss: 3.165898 | lrm: 1.00 | dt: 162ms | tok/sec: 809,588 | mfu: 25.2% | epoch: 1 | remaining: 183s    
step 00733 (39.0%) | loss: 3.161198 | lrm: 1.00 | dt: 162ms | tok/sec: 809,943 | mfu: 25.2% | epoch: 1 | remaining: 183s    
step 00734 (39.0%) | loss: 3.167762 | lrm: 1.00 | dt: 162ms | tok/sec: 809,618 | mfu: 25.2% | epoch: 1 | remaining: 183s    
step 00735 (39.1%) | loss: 3.164630 | lrm: 1.00 | dt: 162ms | tok/sec: 809,738 | mfu: 25.2% | epoch: 1 | remaining: 183s    
step 00736 (39.1%) | loss: 3.162802 | lrm: 1.00 | dt: 162ms | tok/sec: 809,540 | mfu: 25.2% | epoch: 1 | remaining: 183s    
step 00737 (39.2%) | loss: 3.157441 | lrm: 1.00 | dt: 162ms | tok/sec: 809,886 | mfu: 25.2% | epoch: 1 | remaining: 182s    
step 00738 (39.2%) | loss: 3.151446 | lrm: 1.00 | dt: 162ms | tok/sec: 809,760 | mfu: 25.2% | epoch: 1 | remaining: 182s    
step 00739 (39.3%) | loss: 3.148388 | lrm: 1.00 | dt: 162ms | tok/sec: 809,496 | mfu: 25.2% | epoch: 1 | remaining: 182s    
step 00740 (39.3%) | loss: 3.147129 | lrm: 1.00 | dt: 162ms | tok/sec: 809,645 | mfu: 25.2% | epoch: 1 | remaining: 182s    
step 00741 (39.4%) | loss: 3.154858 | lrm: 1.00 | dt: 162ms | tok/sec: 809,896 | mfu: 25.2% | epoch: 1 | remaining: 182s    
step 00742 (39.4%) | loss: 3.161596 | lrm: 1.00 | dt: 162ms | tok/sec: 810,039 | mfu: 25.2% | epoch: 1 | remaining: 182s    
step 00743 (39.5%) | loss: 3.163596 | lrm: 1.00 | dt: 162ms | tok/sec: 809,760 | mfu: 25.2% | epoch: 1 | remaining: 181s    
step 00744 (39.5%) | loss: 3.162058 | lrm: 1.00 | dt: 162ms | tok/sec: 809,067 | mfu: 25.2% | epoch: 1 | remaining: 181s    
step 00745 (39.6%) | loss: 3.160798 | lrm: 1.00 | dt: 162ms | tok/sec: 809,590 | mfu: 25.2% | epoch: 1 | remaining: 181s    
step 00746 (39.7%) | loss: 3.160694 | lrm: 1.00 | dt: 162ms | tok/sec: 810,097 | mfu: 25.2% | epoch: 1 | remaining: 181s    
step 00747 (39.7%) | loss: 3.161331 | lrm: 1.00 | dt: 162ms | tok/sec: 809,894 | mfu: 25.2% | epoch: 1 | remaining: 181s    
step 00748 (39.8%) | loss: 3.162280 | lrm: 1.00 | dt: 162ms | tok/sec: 809,990 | mfu: 25.2% | epoch: 1 | remaining: 181s    
step 00749 (39.8%) | loss: 3.155124 | lrm: 1.00 | dt: 162ms | tok/sec: 809,940 | mfu: 25.2% | epoch: 1 | remaining: 180s    
step 00750 (39.9%) | loss: 3.158064 | lrm: 1.00 | dt: 162ms | tok/sec: 809,333 | mfu: 25.2% | epoch: 1 | remaining: 180s    
step 00751 (39.9%) | loss: 3.150873 | lrm: 1.00 | dt: 162ms | tok/sec: 810,059 | mfu: 25.2% | epoch: 1 | remaining: 180s    
step 00752 (40.0%) | loss: 3.153962 | lrm: 1.00 | dt: 162ms | tok/sec: 810,123 | mfu: 25.2% | epoch: 1 | remaining: 180s    
step 00753 (40.0%) | loss: 3.149546 | lrm: 1.00 | dt: 162ms | tok/sec: 809,930 | mfu: 25.2% | epoch: 1 | remaining: 180s    
step 00754 (40.1%) | loss: 3.150178 | lrm: 1.00 | dt: 162ms | tok/sec: 809,959 | mfu: 25.2% | epoch: 1 | remaining: 180s    
step 00755 (40.1%) | loss: 3.144411 | lrm: 1.00 | dt: 162ms | tok/sec: 809,896 | mfu: 25.2% | epoch: 1 | remaining: 179s    
step 00756 (40.2%) | loss: 3.146821 | lrm: 1.00 | dt: 162ms | tok/sec: 809,912 | mfu: 25.2% | epoch: 1 | remaining: 179s    
step 00757 (40.2%) | loss: 3.150756 | lrm: 1.00 | dt: 162ms | tok/sec: 809,884 | mfu: 25.2% | epoch: 1 | remaining: 179s    
step 00758 (40.3%) | loss: 3.155581 | lrm: 1.00 | dt: 162ms | tok/sec: 809,740 | mfu: 25.2% | epoch: 1 | remaining: 179s    
step 00759 (40.4%) | loss: 3.165144 | lrm: 1.00 | dt: 162ms | tok/sec: 809,870 | mfu: 25.2% | epoch: 1 | remaining: 179s    
step 00760 (40.4%) | loss: 3.165317 | lrm: 1.00 | dt: 162ms | tok/sec: 809,854 | mfu: 25.2% | epoch: 1 | remaining: 179s    
step 00761 (40.5%) | loss: 3.163638 | lrm: 1.00 | dt: 162ms | tok/sec: 810,161 | mfu: 25.2% | epoch: 1 | remaining: 178s    
step 00762 (40.5%) | loss: 3.168369 | lrm: 1.00 | dt: 162ms | tok/sec: 809,929 | mfu: 25.2% | epoch: 1 | remaining: 178s    
step 00763 (40.6%) | loss: 3.168553 | lrm: 1.00 | dt: 162ms | tok/sec: 809,936 | mfu: 25.2% | epoch: 1 | remaining: 178s    
step 00764 (40.6%) | loss: 3.170958 | lrm: 1.00 | dt: 162ms | tok/sec: 809,789 | mfu: 25.2% | epoch: 1 | remaining: 178s    
step 00765 (40.7%) | loss: 3.169411 | lrm: 1.00 | dt: 162ms | tok/sec: 809,737 | mfu: 25.2% | epoch: 1 | remaining: 178s    
step 00766 (40.7%) | loss: 3.174559 | lrm: 1.00 | dt: 162ms | tok/sec: 809,544 | mfu: 25.2% | epoch: 1 | remaining: 178s    
step 00767 (40.8%) | loss: 3.171204 | lrm: 1.00 | dt: 162ms | tok/sec: 809,940 | mfu: 25.2% | epoch: 1 | remaining: 177s    
step 00768 (40.8%) | loss: 3.170254 | lrm: 1.00 | dt: 162ms | tok/sec: 809,851 | mfu: 25.2% | epoch: 1 | remaining: 177s    
step 00769 (40.9%) | loss: 3.173680 | lrm: 1.00 | dt: 162ms | tok/sec: 810,180 | mfu: 25.2% | epoch: 1 | remaining: 177s    
step 00770 (40.9%) | loss: 3.171806 | lrm: 1.00 | dt: 162ms | tok/sec: 809,762 | mfu: 25.2% | epoch: 1 | remaining: 177s    
step 00771 (41.0%) | loss: 3.172411 | lrm: 1.00 | dt: 162ms | tok/sec: 809,906 | mfu: 25.2% | epoch: 1 | remaining: 177s    
step 00772 (41.1%) | loss: 3.163659 | lrm: 1.00 | dt: 162ms | tok/sec: 809,647 | mfu: 25.2% | epoch: 1 | remaining: 177s    
step 00773 (41.1%) | loss: 3.162703 | lrm: 1.00 | dt: 162ms | tok/sec: 810,181 | mfu: 25.2% | epoch: 1 | remaining: 177s    
step 00774 (41.2%) | loss: 3.160123 | lrm: 1.00 | dt: 162ms | tok/sec: 810,008 | mfu: 25.2% | epoch: 1 | remaining: 176s    
step 00775 (41.2%) | loss: 3.164491 | lrm: 1.00 | dt: 162ms | tok/sec: 809,940 | mfu: 25.2% | epoch: 1 | remaining: 176s    
step 00776 (41.3%) | loss: 3.160065 | lrm: 1.00 | dt: 162ms | tok/sec: 810,058 | mfu: 25.2% | epoch: 1 | remaining: 176s    
step 00777 (41.3%) | loss: 3.157597 | lrm: 1.00 | dt: 162ms | tok/sec: 809,879 | mfu: 25.2% | epoch: 1 | remaining: 176s    
step 00778 (41.4%) | loss: 3.153644 | lrm: 1.00 | dt: 162ms | tok/sec: 809,875 | mfu: 25.2% | epoch: 1 | remaining: 176s    
step 00779 (41.4%) | loss: 3.147886 | lrm: 1.00 | dt: 162ms | tok/sec: 810,196 | mfu: 25.2% | epoch: 1 | remaining: 176s    
step 00780 (41.5%) | loss: 3.155504 | lrm: 1.00 | dt: 162ms | tok/sec: 809,978 | mfu: 25.2% | epoch: 1 | remaining: 175s    
step 00781 (41.5%) | loss: 3.153719 | lrm: 1.00 | dt: 162ms | tok/sec: 809,943 | mfu: 25.2% | epoch: 1 | remaining: 175s    
step 00782 (41.6%) | loss: 3.151353 | lrm: 1.00 | dt: 162ms | tok/sec: 810,011 | mfu: 25.2% | epoch: 1 | remaining: 175s    
step 00783 (41.6%) | loss: 3.156879 | lrm: 1.00 | dt: 162ms | tok/sec: 809,501 | mfu: 25.2% | epoch: 1 | remaining: 175s    
step 00784 (41.7%) | loss: 3.159529 | lrm: 1.00 | dt: 162ms | tok/sec: 809,845 | mfu: 25.2% | epoch: 1 | remaining: 175s    
step 00785 (41.8%) | loss: 3.154306 | lrm: 1.00 | dt: 162ms | tok/sec: 809,894 | mfu: 25.2% | epoch: 1 | remaining: 175s    
step 00786 (41.8%) | loss: 3.157573 | lrm: 1.00 | dt: 162ms | tok/sec: 809,792 | mfu: 25.2% | epoch: 1 | remaining: 174s    
step 00787 (41.9%) | loss: 3.159116 | lrm: 1.00 | dt: 162ms | tok/sec: 809,770 | mfu: 25.2% | epoch: 1 | remaining: 174s    
step 00788 (41.9%) | loss: 3.157419 | lrm: 1.00 | dt: 162ms | tok/sec: 809,947 | mfu: 25.2% | epoch: 1 | remaining: 174s    
step 00789 (42.0%) | loss: 3.158436 | lrm: 1.00 | dt: 162ms | tok/sec: 809,911 | mfu: 25.2% | epoch: 1 | remaining: 174s    
step 00790 (42.0%) | loss: 3.160364 | lrm: 1.00 | dt: 162ms | tok/sec: 809,886 | mfu: 25.2% | epoch: 1 | remaining: 174s    
step 00791 (42.1%) | loss: 3.158809 | lrm: 1.00 | dt: 162ms | tok/sec: 809,849 | mfu: 25.2% | epoch: 1 | remaining: 174s    
step 00792 (42.1%) | loss: 3.157635 | lrm: 1.00 | dt: 162ms | tok/sec: 809,762 | mfu: 25.2% | epoch: 1 | remaining: 173s    
step 00793 (42.2%) | loss: 3.164407 | lrm: 1.00 | dt: 162ms | tok/sec: 809,890 | mfu: 25.2% | epoch: 1 | remaining: 173s    
step 00794 (42.2%) | loss: 3.163490 | lrm: 1.00 | dt: 162ms | tok/sec: 809,841 | mfu: 25.2% | epoch: 1 | remaining: 173s    
step 00795 (42.3%) | loss: 3.147644 | lrm: 1.00 | dt: 162ms | tok/sec: 809,757 | mfu: 25.2% | epoch: 1 | remaining: 173s    
step 00796 (42.3%) | loss: 3.142235 | lrm: 1.00 | dt: 162ms | tok/sec: 809,990 | mfu: 25.2% | epoch: 1 | remaining: 173s    
step 00797 (42.4%) | loss: 3.144097 | lrm: 1.00 | dt: 162ms | tok/sec: 810,094 | mfu: 25.2% | epoch: 1 | remaining: 173s    
step 00798 (42.5%) | loss: 3.146061 | lrm: 1.00 | dt: 162ms | tok/sec: 809,271 | mfu: 25.2% | epoch: 1 | remaining: 172s    
step 00799 (42.5%) | loss: 3.143031 | lrm: 1.00 | dt: 162ms | tok/sec: 809,879 | mfu: 25.2% | epoch: 1 | remaining: 172s    
step 00800 (42.6%) | loss: 3.142948 | lrm: 1.00 | dt: 162ms | tok/sec: 809,708 | mfu: 25.2% | epoch: 1 | remaining: 172s    
step 00801 (42.6%) | loss: 3.140915 | lrm: 1.00 | dt: 162ms | tok/sec: 809,879 | mfu: 25.2% | epoch: 1 | remaining: 172s    
step 00802 (42.7%) | loss: 3.141491 | lrm: 1.00 | dt: 162ms | tok/sec: 810,112 | mfu: 25.2% | epoch: 1 | remaining: 172s    
step 00803 (42.7%) | loss: 3.142099 | lrm: 1.00 | dt: 162ms | tok/sec: 809,818 | mfu: 25.2% | epoch: 1 | remaining: 172s    
step 00804 (42.8%) | loss: 3.143874 | lrm: 1.00 | dt: 162ms | tok/sec: 809,557 | mfu: 25.2% | epoch: 1 | remaining: 171s    
step 00805 (42.8%) | loss: 3.147524 | lrm: 1.00 | dt: 162ms | tok/sec: 810,017 | mfu: 25.2% | epoch: 1 | remaining: 171s    
step 00806 (42.9%) | loss: 3.145833 | lrm: 1.00 | dt: 162ms | tok/sec: 810,163 | mfu: 25.2% | epoch: 1 | remaining: 171s    
step 00807 (42.9%) | loss: 3.148908 | lrm: 1.00 | dt: 162ms | tok/sec: 809,954 | mfu: 25.2% | epoch: 1 | remaining: 171s    
step 00808 (43.0%) | loss: 3.152933 | lrm: 1.00 | dt: 162ms | tok/sec: 810,033 | mfu: 25.2% | epoch: 1 | remaining: 171s    
step 00809 (43.1%) | loss: 3.148201 | lrm: 1.00 | dt: 162ms | tok/sec: 810,005 | mfu: 25.2% | epoch: 1 | remaining: 171s    
step 00810 (43.1%) | loss: 3.147682 | lrm: 1.00 | dt: 162ms | tok/sec: 809,944 | mfu: 25.2% | epoch: 1 | remaining: 171s    
step 00811 (43.2%) | loss: 3.152332 | lrm: 1.00 | dt: 162ms | tok/sec: 809,875 | mfu: 25.2% | epoch: 1 | remaining: 170s    
step 00812 (43.2%) | loss: 3.150102 | lrm: 1.00 | dt: 162ms | tok/sec: 809,907 | mfu: 25.2% | epoch: 1 | remaining: 170s    
step 00813 (43.3%) | loss: 3.148949 | lrm: 1.00 | dt: 162ms | tok/sec: 809,925 | mfu: 25.2% | epoch: 1 | remaining: 170s    
step 00814 (43.3%) | loss: 3.148970 | lrm: 1.00 | dt: 162ms | tok/sec: 809,540 | mfu: 25.2% | epoch: 1 | remaining: 170s    
step 00815 (43.4%) | loss: 3.147363 | lrm: 1.00 | dt: 162ms | tok/sec: 809,724 | mfu: 25.2% | epoch: 1 | remaining: 170s    
step 00816 (43.4%) | loss: 3.150303 | lrm: 1.00 | dt: 162ms | tok/sec: 809,938 | mfu: 25.2% | epoch: 1 | remaining: 170s    
step 00817 (43.5%) | loss: 3.145315 | lrm: 1.00 | dt: 162ms | tok/sec: 810,012 | mfu: 25.2% | epoch: 1 | remaining: 169s    
step 00818 (43.5%) | loss: 3.138286 | lrm: 1.00 | dt: 162ms | tok/sec: 809,869 | mfu: 25.2% | epoch: 1 | remaining: 169s    
step 00819 (43.6%) | loss: 3.140704 | lrm: 1.00 | dt: 162ms | tok/sec: 809,912 | mfu: 25.2% | epoch: 1 | remaining: 169s    
step 00820 (43.6%) | loss: 3.139515 | lrm: 1.00 | dt: 162ms | tok/sec: 809,861 | mfu: 25.2% | epoch: 1 | remaining: 169s    
step 00821 (43.7%) | loss: 3.141072 | lrm: 1.00 | dt: 162ms | tok/sec: 809,639 | mfu: 25.2% | epoch: 1 | remaining: 169s    
step 00822 (43.8%) | loss: 3.132625 | lrm: 1.00 | dt: 162ms | tok/sec: 809,820 | mfu: 25.2% | epoch: 1 | remaining: 169s    
step 00823 (43.8%) | loss: 3.125768 | lrm: 1.00 | dt: 162ms | tok/sec: 809,669 | mfu: 25.2% | epoch: 1 | remaining: 168s    
step 00824 (43.9%) | loss: 3.126343 | lrm: 1.00 | dt: 162ms | tok/sec: 808,767 | mfu: 25.2% | epoch: 1 | remaining: 168s    
step 00825 (43.9%) | loss: 3.132145 | lrm: 1.00 | dt: 162ms | tok/sec: 809,873 | mfu: 25.2% | epoch: 1 | remaining: 168s    
step 00826 (44.0%) | loss: 3.130760 | lrm: 1.00 | dt: 162ms | tok/sec: 810,012 | mfu: 25.2% | epoch: 1 | remaining: 168s    
step 00827 (44.0%) | loss: 3.131435 | lrm: 1.00 | dt: 162ms | tok/sec: 809,973 | mfu: 25.2% | epoch: 1 | remaining: 168s    
step 00828 (44.1%) | loss: 3.129790 | lrm: 1.00 | dt: 162ms | tok/sec: 809,763 | mfu: 25.2% | epoch: 1 | remaining: 168s    
step 00829 (44.1%) | loss: 3.130546 | lrm: 1.00 | dt: 162ms | tok/sec: 809,879 | mfu: 25.2% | epoch: 1 | remaining: 167s    
step 00830 (44.2%) | loss: 3.132176 | lrm: 1.00 | dt: 162ms | tok/sec: 810,187 | mfu: 25.2% | epoch: 1 | remaining: 167s    
step 00831 (44.2%) | loss: 3.130330 | lrm: 1.00 | dt: 162ms | tok/sec: 809,977 | mfu: 25.2% | epoch: 1 | remaining: 167s    
step 00832 (44.3%) | loss: 3.126981 | lrm: 1.00 | dt: 162ms | tok/sec: 809,752 | mfu: 25.2% | epoch: 1 | remaining: 167s    
step 00833 (44.3%) | loss: 3.130964 | lrm: 1.00 | dt: 162ms | tok/sec: 809,915 | mfu: 25.2% | epoch: 1 | remaining: 167s    
step 00834 (44.4%) | loss: 3.135205 | lrm: 1.00 | dt: 162ms | tok/sec: 810,144 | mfu: 25.2% | epoch: 1 | remaining: 167s    
step 00835 (44.5%) | loss: 3.134376 | lrm: 1.00 | dt: 162ms | tok/sec: 809,856 | mfu: 25.2% | epoch: 1 | remaining: 166s    
step 00836 (44.5%) | loss: 3.132573 | lrm: 1.00 | dt: 162ms | tok/sec: 809,906 | mfu: 25.2% | epoch: 1 | remaining: 166s    
step 00837 (44.6%) | loss: 3.135107 | lrm: 1.00 | dt: 162ms | tok/sec: 809,977 | mfu: 25.2% | epoch: 1 | remaining: 166s    
step 00838 (44.6%) | loss: 3.130133 | lrm: 1.00 | dt: 162ms | tok/sec: 810,077 | mfu: 25.2% | epoch: 1 | remaining: 166s    
step 00839 (44.7%) | loss: 3.131625 | lrm: 1.00 | dt: 162ms | tok/sec: 810,101 | mfu: 25.2% | epoch: 1 | remaining: 166s    
step 00840 (44.7%) | loss: 3.133946 | lrm: 1.00 | dt: 162ms | tok/sec: 809,888 | mfu: 25.2% | epoch: 1 | remaining: 166s    
step 00841 (44.8%) | loss: 3.134567 | lrm: 1.00 | dt: 162ms | tok/sec: 809,906 | mfu: 25.2% | epoch: 1 | remaining: 166s    
step 00842 (44.8%) | loss: 3.134462 | lrm: 1.00 | dt: 162ms | tok/sec: 809,575 | mfu: 25.2% | epoch: 1 | remaining: 165s    
step 00843 (44.9%) | loss: 3.125258 | lrm: 1.00 | dt: 162ms | tok/sec: 809,882 | mfu: 25.2% | epoch: 1 | remaining: 165s    
step 00844 (44.9%) | loss: 3.127784 | lrm: 1.00 | dt: 162ms | tok/sec: 809,349 | mfu: 25.2% | epoch: 1 | remaining: 165s    
step 00845 (45.0%) | loss: 3.124541 | lrm: 1.00 | dt: 162ms | tok/sec: 809,683 | mfu: 25.2% | epoch: 1 | remaining: 165s    
step 00846 (45.0%) | loss: 3.130767 | lrm: 1.00 | dt: 162ms | tok/sec: 809,492 | mfu: 25.2% | epoch: 1 | remaining: 165s    
step 00847 (45.1%) | loss: 3.136680 | lrm: 1.00 | dt: 162ms | tok/sec: 809,612 | mfu: 25.2% | epoch: 1 | remaining: 165s    
step 00848 (45.2%) | loss: 3.141652 | lrm: 1.00 | dt: 162ms | tok/sec: 809,800 | mfu: 25.2% | epoch: 1 | remaining: 164s    
step 00849 (45.2%) | loss: 3.141829 | lrm: 1.00 | dt: 162ms | tok/sec: 809,696 | mfu: 25.2% | epoch: 1 | remaining: 164s    
step 00850 (45.3%) | loss: 3.137754 | lrm: 1.00 | dt: 162ms | tok/sec: 809,873 | mfu: 25.2% | epoch: 1 | remaining: 164s    
step 00851 (45.3%) | loss: 3.132283 | lrm: 1.00 | dt: 162ms | tok/sec: 809,526 | mfu: 25.2% | epoch: 1 | remaining: 164s    
step 00852 (45.4%) | loss: 3.132012 | lrm: 1.00 | dt: 162ms | tok/sec: 809,730 | mfu: 25.2% | epoch: 1 | remaining: 164s    
step 00853 (45.4%) | loss: 3.131781 | lrm: 1.00 | dt: 162ms | tok/sec: 809,223 | mfu: 25.2% | epoch: 1 | remaining: 164s    
step 00854 (45.5%) | loss: 3.129375 | lrm: 1.00 | dt: 162ms | tok/sec: 809,556 | mfu: 25.2% | epoch: 1 | remaining: 163s    
step 00855 (45.5%) | loss: 3.124204 | lrm: 1.00 | dt: 162ms | tok/sec: 809,531 | mfu: 25.2% | epoch: 1 | remaining: 163s    
step 00856 (45.6%) | loss: 3.115894 | lrm: 1.00 | dt: 162ms | tok/sec: 809,810 | mfu: 25.2% | epoch: 1 | remaining: 163s    
step 00857 (45.6%) | loss: 3.118339 | lrm: 1.00 | dt: 162ms | tok/sec: 809,414 | mfu: 25.2% | epoch: 1 | remaining: 163s    
step 00858 (45.7%) | loss: 3.116409 | lrm: 1.00 | dt: 162ms | tok/sec: 809,678 | mfu: 25.2% | epoch: 1 | remaining: 163s    
step 00859 (45.7%) | loss: 3.115478 | lrm: 1.00 | dt: 162ms | tok/sec: 809,641 | mfu: 25.2% | epoch: 1 | remaining: 163s    
step 00860 (45.8%) | loss: 3.117443 | lrm: 1.00 | dt: 162ms | tok/sec: 809,351 | mfu: 25.2% | epoch: 1 | remaining: 162s    
step 00861 (45.9%) | loss: 3.121877 | lrm: 1.00 | dt: 162ms | tok/sec: 809,243 | mfu: 25.2% | epoch: 1 | remaining: 162s    
step 00862 (45.9%) | loss: 3.118432 | lrm: 1.00 | dt: 162ms | tok/sec: 809,118 | mfu: 25.2% | epoch: 1 | remaining: 162s    
step 00863 (46.0%) | loss: 3.119593 | lrm: 1.00 | dt: 162ms | tok/sec: 809,743 | mfu: 25.2% | epoch: 1 | remaining: 162s    
step 00864 (46.0%) | loss: 3.117076 | lrm: 1.00 | dt: 162ms | tok/sec: 809,584 | mfu: 25.2% | epoch: 1 | remaining: 162s    
step 00865 (46.1%) | loss: 3.112735 | lrm: 1.00 | dt: 162ms | tok/sec: 809,531 | mfu: 25.2% | epoch: 1 | remaining: 162s    
step 00866 (46.1%) | loss: 3.116616 | lrm: 1.00 | dt: 162ms | tok/sec: 809,538 | mfu: 25.2% | epoch: 1 | remaining: 161s    
step 00867 (46.2%) | loss: 3.119700 | lrm: 1.00 | dt: 162ms | tok/sec: 809,407 | mfu: 25.2% | epoch: 1 | remaining: 161s    
step 00868 (46.2%) | loss: 3.122783 | lrm: 1.00 | dt: 162ms | tok/sec: 809,972 | mfu: 25.2% | epoch: 1 | remaining: 161s    
step 00869 (46.3%) | loss: 3.127512 | lrm: 1.00 | dt: 162ms | tok/sec: 809,484 | mfu: 25.2% | epoch: 1 | remaining: 161s    
step 00870 (46.3%) | loss: 3.124785 | lrm: 1.00 | dt: 164ms | tok/sec: 801,081 | mfu: 25.0% | epoch: 1 | remaining: 161s    
step 00871 (46.4%) | loss: 3.132915 | lrm: 1.00 | dt: 162ms | tok/sec: 809,201 | mfu: 25.2% | epoch: 1 | remaining: 161s    
step 00872 (46.5%) | loss: 3.135721 | lrm: 1.00 | dt: 162ms | tok/sec: 809,644 | mfu: 25.2% | epoch: 1 | remaining: 160s    
step 00873 (46.5%) | loss: 3.129619 | lrm: 1.00 | dt: 162ms | tok/sec: 809,268 | mfu: 25.2% | epoch: 1 | remaining: 160s    
step 00874 (46.6%) | loss: 3.126479 | lrm: 1.00 | dt: 162ms | tok/sec: 809,202 | mfu: 25.2% | epoch: 1 | remaining: 160s    
step 00875 (46.6%) | loss: 3.127957 | lrm: 1.00 | dt: 162ms | tok/sec: 809,291 | mfu: 25.2% | epoch: 1 | remaining: 160s    
step 00876 (46.7%) | loss: 3.134433 | lrm: 1.00 | dt: 162ms | tok/sec: 809,321 | mfu: 25.2% | epoch: 1 | remaining: 160s    
step 00877 (46.7%) | loss: 3.129384 | lrm: 1.00 | dt: 162ms | tok/sec: 809,769 | mfu: 25.2% | epoch: 1 | remaining: 160s    
step 00878 (46.8%) | loss: 3.128518 | lrm: 1.00 | dt: 162ms | tok/sec: 809,674 | mfu: 25.2% | epoch: 1 | remaining: 160s    
step 00879 (46.8%) | loss: 3.130615 | lrm: 1.00 | dt: 162ms | tok/sec: 809,597 | mfu: 25.2% | epoch: 1 | remaining: 159s    
step 00880 (46.9%) | loss: 3.130723 | lrm: 1.00 | dt: 162ms | tok/sec: 809,700 | mfu: 25.2% | epoch: 1 | remaining: 159s    
step 00881 (46.9%) | loss: 3.131564 | lrm: 1.00 | dt: 162ms | tok/sec: 809,196 | mfu: 25.2% | epoch: 1 | remaining: 159s    
step 00882 (47.0%) | loss: 3.128240 | lrm: 1.00 | dt: 162ms | tok/sec: 808,984 | mfu: 25.2% | epoch: 1 | remaining: 159s    
step 00883 (47.0%) | loss: 3.137835 | lrm: 1.00 | dt: 162ms | tok/sec: 809,378 | mfu: 25.2% | epoch: 1 | remaining: 159s    
step 00884 (47.1%) | loss: 3.135669 | lrm: 1.00 | dt: 162ms | tok/sec: 809,419 | mfu: 25.2% | epoch: 1 | remaining: 159s    
step 00885 (47.2%) | loss: 3.138897 | lrm: 1.00 | dt: 162ms | tok/sec: 809,626 | mfu: 25.2% | epoch: 1 | remaining: 158s    
step 00886 (47.2%) | loss: 3.142717 | lrm: 1.00 | dt: 162ms | tok/sec: 809,087 | mfu: 25.2% | epoch: 1 | remaining: 158s    
step 00887 (47.3%) | loss: 3.144142 | lrm: 1.00 | dt: 162ms | tok/sec: 809,798 | mfu: 25.2% | epoch: 1 | remaining: 158s    
step 00888 (47.3%) | loss: 3.134481 | lrm: 1.00 | dt: 162ms | tok/sec: 809,696 | mfu: 25.2% | epoch: 1 | remaining: 158s    
step 00889 (47.4%) | loss: 3.122927 | lrm: 1.00 | dt: 162ms | tok/sec: 809,806 | mfu: 25.2% | epoch: 1 | remaining: 158s    
step 00890 (47.4%) | loss: 3.121689 | lrm: 1.00 | dt: 162ms | tok/sec: 809,508 | mfu: 25.2% | epoch: 1 | remaining: 158s    
step 00891 (47.5%) | loss: 3.119781 | lrm: 1.00 | dt: 162ms | tok/sec: 809,801 | mfu: 25.2% | epoch: 1 | remaining: 157s    
step 00892 (47.5%) | loss: 3.114526 | lrm: 1.00 | dt: 162ms | tok/sec: 810,065 | mfu: 25.2% | epoch: 1 | remaining: 157s    
step 00893 (47.6%) | loss: 3.117141 | lrm: 1.00 | dt: 162ms | tok/sec: 809,836 | mfu: 25.2% | epoch: 1 | remaining: 157s    
step 00894 (47.6%) | loss: 3.120846 | lrm: 1.00 | dt: 162ms | tok/sec: 809,897 | mfu: 25.2% | epoch: 1 | remaining: 157s    
step 00895 (47.7%) | loss: 3.123349 | lrm: 1.00 | dt: 162ms | tok/sec: 809,726 | mfu: 25.2% | epoch: 1 | remaining: 157s    
step 00896 (47.7%) | loss: 3.121177 | lrm: 1.00 | dt: 162ms | tok/sec: 810,002 | mfu: 25.2% | epoch: 1 | remaining: 157s    
step 00897 (47.8%) | loss: 3.122361 | lrm: 1.00 | dt: 162ms | tok/sec: 809,570 | mfu: 25.2% | epoch: 1 | remaining: 156s    
step 00898 (47.9%) | loss: 3.126990 | lrm: 1.00 | dt: 162ms | tok/sec: 809,763 | mfu: 25.2% | epoch: 1 | remaining: 156s    
step 00899 (47.9%) | loss: 3.123596 | lrm: 1.00 | dt: 162ms | tok/sec: 809,817 | mfu: 25.2% | epoch: 1 | remaining: 156s    
step 00900 (48.0%) | loss: 3.128919 | lrm: 1.00 | dt: 162ms | tok/sec: 810,059 | mfu: 25.2% | epoch: 1 | remaining: 156s    
step 00901 (48.0%) | loss: 3.125769 | lrm: 1.00 | dt: 162ms | tok/sec: 809,279 | mfu: 25.2% | epoch: 1 | remaining: 156s    
step 00902 (48.1%) | loss: 3.132348 | lrm: 1.00 | dt: 162ms | tok/sec: 809,521 | mfu: 25.2% | epoch: 1 | remaining: 156s    
step 00903 (48.1%) | loss: 3.127876 | lrm: 1.00 | dt: 162ms | tok/sec: 809,731 | mfu: 25.2% | epoch: 1 | remaining: 155s    
step 00904 (48.2%) | loss: 3.134338 | lrm: 1.00 | dt: 162ms | tok/sec: 809,995 | mfu: 25.2% | epoch: 1 | remaining: 155s    
step 00905 (48.2%) | loss: 3.134770 | lrm: 1.00 | dt: 162ms | tok/sec: 809,792 | mfu: 25.2% | epoch: 1 | remaining: 155s    
step 00906 (48.3%) | loss: 3.132290 | lrm: 1.00 | dt: 162ms | tok/sec: 809,830 | mfu: 25.2% | epoch: 1 | remaining: 155s    
step 00907 (48.3%) | loss: 3.139702 | lrm: 1.00 | dt: 162ms | tok/sec: 809,512 | mfu: 25.2% | epoch: 1 | remaining: 155s    
step 00908 (48.4%) | loss: 3.134645 | lrm: 1.00 | dt: 162ms | tok/sec: 808,678 | mfu: 25.2% | epoch: 1 | remaining: 155s    
step 00909 (48.4%) | loss: 3.133538 | lrm: 1.00 | dt: 162ms | tok/sec: 809,836 | mfu: 25.2% | epoch: 1 | remaining: 154s    
step 00910 (48.5%) | loss: 3.133541 | lrm: 1.00 | dt: 162ms | tok/sec: 810,028 | mfu: 25.2% | epoch: 1 | remaining: 154s    
step 00911 (48.6%) | loss: 3.133355 | lrm: 1.00 | dt: 162ms | tok/sec: 810,030 | mfu: 25.2% | epoch: 1 | remaining: 154s    
step 00912 (48.6%) | loss: 3.132845 | lrm: 1.00 | dt: 162ms | tok/sec: 809,892 | mfu: 25.2% | epoch: 1 | remaining: 154s    
step 00913 (48.7%) | loss: 3.136740 | lrm: 1.00 | dt: 162ms | tok/sec: 809,683 | mfu: 25.2% | epoch: 1 | remaining: 154s    
step 00914 (48.7%) | loss: 3.137191 | lrm: 1.00 | dt: 162ms | tok/sec: 809,832 | mfu: 25.2% | epoch: 1 | remaining: 154s    
step 00915 (48.8%) | loss: 3.133809 | lrm: 1.00 | dt: 162ms | tok/sec: 810,241 | mfu: 25.2% | epoch: 1 | remaining: 154s    
step 00916 (48.8%) | loss: 3.131255 | lrm: 1.00 | dt: 162ms | tok/sec: 809,570 | mfu: 25.2% | epoch: 1 | remaining: 153s    
step 00917 (48.9%) | loss: 3.133672 | lrm: 1.00 | dt: 162ms | tok/sec: 810,180 | mfu: 25.2% | epoch: 1 | remaining: 153s    
step 00918 (48.9%) | loss: 3.127007 | lrm: 1.00 | dt: 162ms | tok/sec: 809,955 | mfu: 25.2% | epoch: 1 | remaining: 153s    
step 00919 (49.0%) | loss: 3.131304 | lrm: 1.00 | dt: 162ms | tok/sec: 809,349 | mfu: 25.2% | epoch: 1 | remaining: 153s    
step 00920 (49.0%) | loss: 3.132236 | lrm: 1.00 | dt: 162ms | tok/sec: 809,761 | mfu: 25.2% | epoch: 1 | remaining: 153s    
step 00921 (49.1%) | loss: 3.132076 | lrm: 1.00 | dt: 162ms | tok/sec: 809,854 | mfu: 25.2% | epoch: 1 | remaining: 153s    
step 00922 (49.1%) | loss: 3.138098 | lrm: 1.00 | dt: 162ms | tok/sec: 809,612 | mfu: 25.2% | epoch: 1 | remaining: 152s    
step 00923 (49.2%) | loss: 3.136251 | lrm: 1.00 | dt: 162ms | tok/sec: 809,910 | mfu: 25.2% | epoch: 1 | remaining: 152s    
step 00924 (49.3%) | loss: 3.138529 | lrm: 1.00 | dt: 162ms | tok/sec: 809,783 | mfu: 25.2% | epoch: 1 | remaining: 152s    
step 00925 (49.3%) | loss: 3.138297 | lrm: 1.00 | dt: 162ms | tok/sec: 809,924 | mfu: 25.2% | epoch: 1 | remaining: 152s    
step 00926 (49.4%) | loss: 3.144219 | lrm: 1.00 | dt: 162ms | tok/sec: 810,059 | mfu: 25.2% | epoch: 1 | remaining: 152s    
step 00927 (49.4%) | loss: 3.139529 | lrm: 1.00 | dt: 162ms | tok/sec: 809,436 | mfu: 25.2% | epoch: 1 | remaining: 152s    
step 00928 (49.5%) | loss: 3.129340 | lrm: 1.00 | dt: 162ms | tok/sec: 809,769 | mfu: 25.2% | epoch: 1 | remaining: 151s    
step 00929 (49.5%) | loss: 3.128642 | lrm: 1.00 | dt: 162ms | tok/sec: 809,823 | mfu: 25.2% | epoch: 1 | remaining: 151s    
step 00930 (49.6%) | loss: 3.123445 | lrm: 1.00 | dt: 162ms | tok/sec: 810,054 | mfu: 25.2% | epoch: 1 | remaining: 151s    
step 00931 (49.6%) | loss: 3.124813 | lrm: 1.00 | dt: 162ms | tok/sec: 809,943 | mfu: 25.2% | epoch: 1 | remaining: 151s    
step 00932 (49.7%) | loss: 3.121036 | lrm: 1.00 | dt: 162ms | tok/sec: 809,832 | mfu: 25.2% | epoch: 1 | remaining: 151s    
step 00933 (49.7%) | loss: 3.123207 | lrm: 1.00 | dt: 162ms | tok/sec: 809,991 | mfu: 25.2% | epoch: 1 | remaining: 151s    
step 00934 (49.8%) | loss: 3.115533 | lrm: 1.00 | dt: 162ms | tok/sec: 809,638 | mfu: 25.2% | epoch: 1 | remaining: 150s    
step 00935 (49.8%) | loss: 3.119368 | lrm: 1.00 | dt: 162ms | tok/sec: 809,831 | mfu: 25.2% | epoch: 1 | remaining: 150s    
step 00936 (49.9%) | loss: 3.120415 | lrm: 1.00 | dt: 162ms | tok/sec: 810,063 | mfu: 25.2% | epoch: 1 | remaining: 150s    
step 00937 (50.0%) | loss: 3.129484 | lrm: 1.00 | dt: 162ms | tok/sec: 809,979 | mfu: 25.2% | epoch: 1 | remaining: 150s    
step 00938 (50.0%) | loss: 3.133405 | lrm: 1.00 | dt: 162ms | tok/sec: 810,021 | mfu: 25.2% | epoch: 1 | remaining: 150s    
step 00939 (50.1%) | loss: 3.125398 | lrm: 1.00 | dt: 162ms | tok/sec: 809,916 | mfu: 25.2% | epoch: 1 | remaining: 150s    
step 00940 (50.1%) | loss: 3.120936 | lrm: 1.00 | dt: 162ms | tok/sec: 809,890 | mfu: 25.2% | epoch: 1 | remaining: 149s    
step 00941 (50.2%) | loss: 3.125766 | lrm: 1.00 | dt: 162ms | tok/sec: 810,054 | mfu: 25.2% | epoch: 1 | remaining: 149s    
step 00942 (50.2%) | loss: 3.132108 | lrm: 1.00 | dt: 162ms | tok/sec: 809,707 | mfu: 25.2% | epoch: 1 | remaining: 149s    
step 00943 (50.3%) | loss: 3.121451 | lrm: 0.99 | dt: 162ms | tok/sec: 809,681 | mfu: 25.2% | epoch: 1 | remaining: 149s    
step 00944 (50.3%) | loss: 3.119327 | lrm: 0.99 | dt: 162ms | tok/sec: 809,956 | mfu: 25.2% | epoch: 1 | remaining: 149s    
step 00945 (50.4%) | loss: 3.118072 | lrm: 0.99 | dt: 162ms | tok/sec: 809,701 | mfu: 25.2% | epoch: 1 | remaining: 149s    
step 00946 (50.4%) | loss: 3.119862 | lrm: 0.99 | dt: 162ms | tok/sec: 809,825 | mfu: 25.2% | epoch: 1 | remaining: 149s    
step 00947 (50.5%) | loss: 3.114360 | lrm: 0.99 | dt: 162ms | tok/sec: 809,581 | mfu: 25.2% | epoch: 1 | remaining: 148s    
step 00948 (50.6%) | loss: 3.119863 | lrm: 0.99 | dt: 162ms | tok/sec: 809,732 | mfu: 25.2% | epoch: 1 | remaining: 148s    
step 00949 (50.6%) | loss: 3.125973 | lrm: 0.99 | dt: 162ms | tok/sec: 809,855 | mfu: 25.2% | epoch: 1 | remaining: 148s    
step 00950 (50.7%) | loss: 3.121054 | lrm: 0.99 | dt: 162ms | tok/sec: 809,757 | mfu: 25.2% | epoch: 1 | remaining: 148s    
step 00951 (50.7%) | loss: 3.115228 | lrm: 0.99 | dt: 162ms | tok/sec: 810,070 | mfu: 25.2% | epoch: 1 | remaining: 148s    
step 00952 (50.8%) | loss: 3.121879 | lrm: 0.98 | dt: 162ms | tok/sec: 810,152 | mfu: 25.2% | epoch: 1 | remaining: 148s    
step 00953 (50.8%) | loss: 3.118076 | lrm: 0.98 | dt: 162ms | tok/sec: 809,944 | mfu: 25.2% | epoch: 1 | remaining: 147s    
step 00954 (50.9%) | loss: 3.123218 | lrm: 0.98 | dt: 162ms | tok/sec: 809,824 | mfu: 25.2% | epoch: 1 | remaining: 147s    
step 00955 (50.9%) | loss: 3.121599 | lrm: 0.98 | dt: 162ms | tok/sec: 809,744 | mfu: 25.2% | epoch: 1 | remaining: 147s    
step 00956 (51.0%) | loss: 3.121817 | lrm: 0.98 | dt: 162ms | tok/sec: 810,211 | mfu: 25.2% | epoch: 1 | remaining: 147s    
step 00957 (51.0%) | loss: 3.128755 | lrm: 0.98 | dt: 162ms | tok/sec: 810,022 | mfu: 25.2% | epoch: 1 | remaining: 147s    
step 00958 (51.1%) | loss: 3.121448 | lrm: 0.98 | dt: 162ms | tok/sec: 809,911 | mfu: 25.2% | epoch: 1 | remaining: 147s    
step 00959 (51.1%) | loss: 3.124157 | lrm: 0.98 | dt: 162ms | tok/sec: 809,769 | mfu: 25.2% | epoch: 1 | remaining: 146s    
step 00960 (51.2%) | loss: 3.122796 | lrm: 0.98 | dt: 162ms | tok/sec: 809,785 | mfu: 25.2% | epoch: 1 | remaining: 146s    
step 00961 (51.3%) | loss: 3.114904 | lrm: 0.97 | dt: 162ms | tok/sec: 809,610 | mfu: 25.2% | epoch: 1 | remaining: 146s    
step 00962 (51.3%) | loss: 3.111542 | lrm: 0.97 | dt: 162ms | tok/sec: 810,207 | mfu: 25.2% | epoch: 1 | remaining: 146s    
step 00963 (51.4%) | loss: 3.106420 | lrm: 0.97 | dt: 162ms | tok/sec: 809,482 | mfu: 25.2% | epoch: 1 | remaining: 146s    
step 00964 (51.4%) | loss: 3.100679 | lrm: 0.97 | dt: 162ms | tok/sec: 809,934 | mfu: 25.2% | epoch: 1 | remaining: 146s    
step 00965 (51.5%) | loss: 3.093136 | lrm: 0.97 | dt: 162ms | tok/sec: 809,834 | mfu: 25.2% | epoch: 1 | remaining: 145s    
step 00966 (51.5%) | loss: 3.093366 | lrm: 0.97 | dt: 162ms | tok/sec: 809,959 | mfu: 25.2% | epoch: 1 | remaining: 145s    
step 00967 (51.6%) | loss: 3.097078 | lrm: 0.97 | dt: 162ms | tok/sec: 809,155 | mfu: 25.2% | epoch: 1 | remaining: 145s    
step 00968 (51.6%) | loss: 3.098199 | lrm: 0.97 | dt: 162ms | tok/sec: 809,692 | mfu: 25.2% | epoch: 1 | remaining: 145s    
step 00969 (51.7%) | loss: 3.094515 | lrm: 0.97 | dt: 162ms | tok/sec: 809,925 | mfu: 25.2% | epoch: 1 | remaining: 145s    
step 00970 (51.7%) | loss: 3.099704 | lrm: 0.97 | dt: 162ms | tok/sec: 809,502 | mfu: 25.2% | epoch: 1 | remaining: 145s    
step 00971 (51.8%) | loss: 3.100831 | lrm: 0.96 | dt: 162ms | tok/sec: 809,662 | mfu: 25.2% | epoch: 1 | remaining: 144s    
step 00972 (51.8%) | loss: 3.103787 | lrm: 0.96 | dt: 162ms | tok/sec: 809,595 | mfu: 25.2% | epoch: 1 | remaining: 144s    
step 00973 (51.9%) | loss: 3.107682 | lrm: 0.96 | dt: 162ms | tok/sec: 809,187 | mfu: 25.2% | epoch: 1 | remaining: 144s    
step 00974 (52.0%) | loss: 3.111070 | lrm: 0.96 | dt: 162ms | tok/sec: 809,922 | mfu: 25.2% | epoch: 1 | remaining: 144s    
step 00975 (52.0%) | loss: 3.107943 | lrm: 0.96 | dt: 162ms | tok/sec: 809,934 | mfu: 25.2% | epoch: 1 | remaining: 144s    
step 00976 (52.1%) | loss: 3.112622 | lrm: 0.96 | dt: 162ms | tok/sec: 809,934 | mfu: 25.2% | epoch: 1 | remaining: 144s    
step 00977 (52.1%) | loss: 3.114455 | lrm: 0.96 | dt: 162ms | tok/sec: 809,989 | mfu: 25.2% | epoch: 1 | remaining: 143s    
step 00978 (52.2%) | loss: 3.115536 | lrm: 0.96 | dt: 162ms | tok/sec: 809,829 | mfu: 25.2% | epoch: 1 | remaining: 143s    
step 00979 (52.2%) | loss: 3.113556 | lrm: 0.96 | dt: 162ms | tok/sec: 809,856 | mfu: 25.2% | epoch: 1 | remaining: 143s    
step 00980 (52.3%) | loss: 3.119469 | lrm: 0.95 | dt: 162ms | tok/sec: 809,489 | mfu: 25.2% | epoch: 1 | remaining: 143s    
step 00981 (52.3%) | loss: 3.115540 | lrm: 0.95 | dt: 162ms | tok/sec: 809,798 | mfu: 25.2% | epoch: 1 | remaining: 143s    
step 00982 (52.4%) | loss: 3.111246 | lrm: 0.95 | dt: 162ms | tok/sec: 808,931 | mfu: 25.2% | epoch: 1 | remaining: 143s    
step 00983 (52.4%) | loss: 3.101651 | lrm: 0.95 | dt: 162ms | tok/sec: 807,618 | mfu: 25.2% | epoch: 1 | remaining: 143s    
step 00984 (52.5%) | loss: 3.100921 | lrm: 0.95 | dt: 162ms | tok/sec: 809,936 | mfu: 25.2% | epoch: 1 | remaining: 142s    
step 00985 (52.5%) | loss: 3.095313 | lrm: 0.95 | dt: 162ms | tok/sec: 809,865 | mfu: 25.2% | epoch: 1 | remaining: 142s    
step 00986 (52.6%) | loss: 3.089713 | lrm: 0.95 | dt: 162ms | tok/sec: 809,781 | mfu: 25.2% | epoch: 1 | remaining: 142s    
step 00987 (52.7%) | loss: 3.090186 | lrm: 0.95 | dt: 162ms | tok/sec: 809,761 | mfu: 25.2% | epoch: 1 | remaining: 142s    
step 00988 (52.7%) | loss: 3.097829 | lrm: 0.95 | dt: 162ms | tok/sec: 809,834 | mfu: 25.2% | epoch: 1 | remaining: 142s    
step 00989 (52.8%) | loss: 3.098573 | lrm: 0.94 | dt: 162ms | tok/sec: 809,630 | mfu: 25.2% | epoch: 1 | remaining: 142s    
step 00990 (52.8%) | loss: 3.092279 | lrm: 0.94 | dt: 162ms | tok/sec: 809,517 | mfu: 25.2% | epoch: 1 | remaining: 141s    
step 00991 (52.9%) | loss: 3.083129 | lrm: 0.94 | dt: 162ms | tok/sec: 809,124 | mfu: 25.2% | epoch: 1 | remaining: 141s    
step 00992 (52.9%) | loss: 3.080799 | lrm: 0.94 | dt: 162ms | tok/sec: 809,614 | mfu: 25.2% | epoch: 1 | remaining: 141s    
step 00993 (53.0%) | loss: 3.082922 | lrm: 0.94 | dt: 162ms | tok/sec: 809,921 | mfu: 25.2% | epoch: 1 | remaining: 141s    
step 00994 (53.0%) | loss: 3.086386 | lrm: 0.94 | dt: 162ms | tok/sec: 809,639 | mfu: 25.2% | epoch: 1 | remaining: 141s    
step 00995 (53.1%) | loss: 3.088760 | lrm: 0.94 | dt: 162ms | tok/sec: 809,844 | mfu: 25.2% | epoch: 1 | remaining: 141s    
step 00996 (53.1%) | loss: 3.091499 | lrm: 0.94 | dt: 162ms | tok/sec: 809,588 | mfu: 25.2% | epoch: 1 | remaining: 140s    
step 00997 (53.2%) | loss: 3.095197 | lrm: 0.94 | dt: 162ms | tok/sec: 809,690 | mfu: 25.2% | epoch: 1 | remaining: 140s    
step 00998 (53.2%) | loss: 3.093545 | lrm: 0.94 | dt: 162ms | tok/sec: 809,267 | mfu: 25.2% | epoch: 1 | remaining: 140s    
step 00999 (53.3%) | loss: 3.097552 | lrm: 0.93 | dt: 162ms | tok/sec: 809,574 | mfu: 25.2% | epoch: 1 | remaining: 140s    
step 01000 (53.4%) | loss: 3.088700 | lrm: 0.93 | dt: 162ms | tok/sec: 809,506 | mfu: 25.2% | epoch: 1 | remaining: 140s    
step 01001 (53.4%) | loss: 3.086860 | lrm: 0.93 | dt: 162ms | tok/sec: 809,732 | mfu: 25.2% | epoch: 1 | remaining: 140s    
step 01002 (53.5%) | loss: 3.088019 | lrm: 0.93 | dt: 162ms | tok/sec: 809,615 | mfu: 25.2% | epoch: 1 | remaining: 139s    
step 01003 (53.5%) | loss: 3.090216 | lrm: 0.93 | dt: 162ms | tok/sec: 807,752 | mfu: 25.2% | epoch: 1 | remaining: 139s    
step 01004 (53.6%) | loss: 3.090628 | lrm: 0.93 | dt: 162ms | tok/sec: 809,255 | mfu: 25.2% | epoch: 1 | remaining: 139s    
step 01005 (53.6%) | loss: 3.087885 | lrm: 0.93 | dt: 162ms | tok/sec: 809,498 | mfu: 25.2% | epoch: 1 | remaining: 139s    
step 01006 (53.7%) | loss: 3.091875 | lrm: 0.93 | dt: 162ms | tok/sec: 809,744 | mfu: 25.2% | epoch: 1 | remaining: 139s    
step 01007 (53.7%) | loss: 3.095243 | lrm: 0.93 | dt: 162ms | tok/sec: 809,829 | mfu: 25.2% | epoch: 1 | remaining: 139s    
step 01008 (53.8%) | loss: 3.093809 | lrm: 0.92 | dt: 162ms | tok/sec: 810,007 | mfu: 25.2% | epoch: 1 | remaining: 138s    
step 01009 (53.8%) | loss: 3.094324 | lrm: 0.92 | dt: 162ms | tok/sec: 809,766 | mfu: 25.2% | epoch: 1 | remaining: 138s    
step 01010 (53.9%) | loss: 3.096888 | lrm: 0.92 | dt: 162ms | tok/sec: 809,723 | mfu: 25.2% | epoch: 1 | remaining: 138s    
step 01011 (54.0%) | loss: 3.098852 | lrm: 0.92 | dt: 162ms | tok/sec: 809,705 | mfu: 25.2% | epoch: 1 | remaining: 138s    
step 01012 (54.0%) | loss: 3.102856 | lrm: 0.92 | dt: 162ms | tok/sec: 809,965 | mfu: 25.2% | epoch: 1 | remaining: 138s    
step 01013 (54.1%) | loss: 3.095112 | lrm: 0.92 | dt: 162ms | tok/sec: 807,672 | mfu: 25.2% | epoch: 1 | remaining: 138s    
step 01014 (54.1%) | loss: 3.104340 | lrm: 0.92 | dt: 164ms | tok/sec: 799,627 | mfu: 24.9% | epoch: 1 | remaining: 137s    
step 01015 (54.2%) | loss: 3.101444 | lrm: 0.92 | dt: 162ms | tok/sec: 809,341 | mfu: 25.2% | epoch: 1 | remaining: 137s    
step 01016 (54.2%) | loss: 3.094861 | lrm: 0.92 | dt: 164ms | tok/sec: 799,162 | mfu: 24.9% | epoch: 1 | remaining: 137s    
step 01017 (54.3%) | loss: 3.082218 | lrm: 0.91 | dt: 162ms | tok/sec: 808,353 | mfu: 25.2% | epoch: 1 | remaining: 137s    
step 01018 (54.3%) | loss: 3.086452 | lrm: 0.91 | dt: 162ms | tok/sec: 809,123 | mfu: 25.2% | epoch: 1 | remaining: 137s    
step 01019 (54.4%) | loss: 3.092626 | lrm: 0.91 | dt: 162ms | tok/sec: 809,153 | mfu: 25.2% | epoch: 1 | remaining: 137s    
step 01020 (54.4%) | loss: 3.083279 | lrm: 0.91 | dt: 162ms | tok/sec: 809,093 | mfu: 25.2% | epoch: 1 | remaining: 137s    
step 01021 (54.5%) | loss: 3.085502 | lrm: 0.91 | dt: 162ms | tok/sec: 809,348 | mfu: 25.2% | epoch: 1 | remaining: 136s    
step 01022 (54.5%) | loss: 3.088979 | lrm: 0.91 | dt: 162ms | tok/sec: 808,238 | mfu: 25.2% | epoch: 1 | remaining: 136s    
step 01023 (54.6%) | loss: 3.087880 | lrm: 0.91 | dt: 162ms | tok/sec: 809,709 | mfu: 25.2% | epoch: 1 | remaining: 136s    
step 01024 (54.7%) | loss: 3.083660 | lrm: 0.91 | dt: 162ms | tok/sec: 809,311 | mfu: 25.2% | epoch: 1 | remaining: 136s    
step 01025 (54.7%) | loss: 3.086336 | lrm: 0.91 | dt: 162ms | tok/sec: 807,892 | mfu: 25.2% | epoch: 1 | remaining: 136s    
step 01026 (54.8%) | loss: 3.080882 | lrm: 0.90 | dt: 162ms | tok/sec: 809,615 | mfu: 25.2% | epoch: 1 | remaining: 136s    
step 01027 (54.8%) | loss: 3.079494 | lrm: 0.90 | dt: 162ms | tok/sec: 809,964 | mfu: 25.2% | epoch: 1 | remaining: 135s    
step 01028 (54.9%) | loss: 3.081815 | lrm: 0.90 | dt: 162ms | tok/sec: 809,438 | mfu: 25.2% | epoch: 1 | remaining: 135s    
step 01029 (54.9%) | loss: 3.073284 | lrm: 0.90 | dt: 162ms | tok/sec: 809,396 | mfu: 25.2% | epoch: 1 | remaining: 135s    
step 01030 (55.0%) | loss: 3.071902 | lrm: 0.90 | dt: 162ms | tok/sec: 810,051 | mfu: 25.2% | epoch: 1 | remaining: 135s    
step 01031 (55.0%) | loss: 3.079840 | lrm: 0.90 | dt: 162ms | tok/sec: 809,972 | mfu: 25.2% | epoch: 1 | remaining: 135s    
step 01032 (55.1%) | loss: 3.075952 | lrm: 0.90 | dt: 162ms | tok/sec: 809,992 | mfu: 25.2% | epoch: 1 | remaining: 135s    
step 01033 (55.1%) | loss: 3.079752 | lrm: 0.90 | dt: 162ms | tok/sec: 810,009 | mfu: 25.2% | epoch: 1 | remaining: 134s    
step 01034 (55.2%) | loss: 3.077549 | lrm: 0.90 | dt: 162ms | tok/sec: 810,110 | mfu: 25.2% | epoch: 1 | remaining: 134s    
step 01035 (55.2%) | loss: 3.071496 | lrm: 0.90 | dt: 162ms | tok/sec: 809,961 | mfu: 25.2% | epoch: 1 | remaining: 134s    
step 01036 (55.3%) | loss: 3.072540 | lrm: 0.89 | dt: 162ms | tok/sec: 809,816 | mfu: 25.2% | epoch: 1 | remaining: 134s    
step 01037 (55.4%) | loss: 3.078247 | lrm: 0.89 | dt: 162ms | tok/sec: 809,719 | mfu: 25.2% | epoch: 1 | remaining: 134s    
step 01038 (55.4%) | loss: 3.079626 | lrm: 0.89 | dt: 162ms | tok/sec: 809,787 | mfu: 25.2% | epoch: 1 | remaining: 134s    
step 01039 (55.5%) | loss: 3.080772 | lrm: 0.89 | dt: 162ms | tok/sec: 809,953 | mfu: 25.2% | epoch: 1 | remaining: 133s    
step 01040 (55.5%) | loss: 3.084205 | lrm: 0.89 | dt: 162ms | tok/sec: 809,528 | mfu: 25.2% | epoch: 1 | remaining: 133s    
step 01041 (55.6%) | loss: 3.082369 | lrm: 0.89 | dt: 162ms | tok/sec: 810,090 | mfu: 25.2% | epoch: 1 | remaining: 133s    
step 01042 (55.6%) | loss: 3.085294 | lrm: 0.89 | dt: 162ms | tok/sec: 809,903 | mfu: 25.2% | epoch: 1 | remaining: 133s    
step 01043 (55.7%) | loss: 3.081273 | lrm: 0.89 | dt: 162ms | tok/sec: 809,999 | mfu: 25.2% | epoch: 1 | remaining: 133s    
step 01044 (55.7%) | loss: 3.083785 | lrm: 0.89 | dt: 162ms | tok/sec: 809,726 | mfu: 25.2% | epoch: 1 | remaining: 133s    
step 01045 (55.8%) | loss: 3.078671 | lrm: 0.88 | dt: 162ms | tok/sec: 809,905 | mfu: 25.2% | epoch: 1 | remaining: 132s    
step 01046 (55.8%) | loss: 3.079865 | lrm: 0.88 | dt: 162ms | tok/sec: 810,085 | mfu: 25.2% | epoch: 1 | remaining: 132s    
step 01047 (55.9%) | loss: 3.075491 | lrm: 0.88 | dt: 162ms | tok/sec: 809,952 | mfu: 25.2% | epoch: 1 | remaining: 132s    
step 01048 (55.9%) | loss: 3.077463 | lrm: 0.88 | dt: 162ms | tok/sec: 809,713 | mfu: 25.2% | epoch: 1 | remaining: 132s    
step 01049 (56.0%) | loss: 3.081181 | lrm: 0.88 | dt: 162ms | tok/sec: 810,002 | mfu: 25.2% | epoch: 1 | remaining: 132s    
step 01050 (56.1%) | loss: 3.078947 | lrm: 0.88 | dt: 162ms | tok/sec: 809,497 | mfu: 25.2% | epoch: 1 | remaining: 132s    
step 01051 (56.1%) | loss: 3.083100 | lrm: 0.88 | dt: 162ms | tok/sec: 810,139 | mfu: 25.2% | epoch: 1 | remaining: 132s    
step 01052 (56.2%) | loss: 3.076543 | lrm: 0.88 | dt: 162ms | tok/sec: 809,925 | mfu: 25.2% | epoch: 1 | remaining: 131s    
step 01053 (56.2%) | loss: 3.076912 | lrm: 0.88 | dt: 162ms | tok/sec: 809,911 | mfu: 25.2% | epoch: 1 | remaining: 131s    
step 01054 (56.3%) | loss: 3.071073 | lrm: 0.87 | dt: 162ms | tok/sec: 809,797 | mfu: 25.2% | epoch: 1 | remaining: 131s    
step 01055 (56.3%) | loss: 3.076937 | lrm: 0.87 | dt: 162ms | tok/sec: 810,115 | mfu: 25.2% | epoch: 1 | remaining: 131s    
step 01056 (56.4%) | loss: 3.076171 | lrm: 0.87 | dt: 162ms | tok/sec: 809,925 | mfu: 25.2% | epoch: 1 | remaining: 131s    
step 01057 (56.4%) | loss: 3.071382 | lrm: 0.87 | dt: 162ms | tok/sec: 809,885 | mfu: 25.2% | epoch: 1 | remaining: 131s    
step 01058 (56.5%) | loss: 3.071383 | lrm: 0.87 | dt: 162ms | tok/sec: 809,479 | mfu: 25.2% | epoch: 1 | remaining: 130s    
step 01059 (56.5%) | loss: 3.075522 | lrm: 0.87 | dt: 162ms | tok/sec: 810,085 | mfu: 25.2% | epoch: 1 | remaining: 130s    
step 01060 (56.6%) | loss: 3.080764 | lrm: 0.87 | dt: 162ms | tok/sec: 809,948 | mfu: 25.2% | epoch: 1 | remaining: 130s    
step 01061 (56.6%) | loss: 3.070880 | lrm: 0.87 | dt: 162ms | tok/sec: 810,146 | mfu: 25.2% | epoch: 1 | remaining: 130s    
step 01062 (56.7%) | loss: 3.070380 | lrm: 0.87 | dt: 162ms | tok/sec: 809,900 | mfu: 25.2% | epoch: 1 | remaining: 130s    
step 01063 (56.8%) | loss: 3.070672 | lrm: 0.86 | dt: 162ms | tok/sec: 810,386 | mfu: 25.2% | epoch: 1 | remaining: 130s    
step 01064 (56.8%) | loss: 3.063891 | lrm: 0.86 | dt: 162ms | tok/sec: 809,952 | mfu: 25.2% | epoch: 1 | remaining: 129s    
step 01065 (56.9%) | loss: 3.071795 | lrm: 0.86 | dt: 162ms | tok/sec: 809,651 | mfu: 25.2% | epoch: 1 | remaining: 129s    
step 01066 (56.9%) | loss: 3.069409 | lrm: 0.86 | dt: 162ms | tok/sec: 810,156 | mfu: 25.2% | epoch: 1 | remaining: 129s    
step 01067 (57.0%) | loss: 3.065269 | lrm: 0.86 | dt: 162ms | tok/sec: 809,972 | mfu: 25.2% | epoch: 1 | remaining: 129s    
step 01068 (57.0%) | loss: 3.066716 | lrm: 0.86 | dt: 162ms | tok/sec: 809,968 | mfu: 25.2% | epoch: 1 | remaining: 129s    
step 01069 (57.1%) | loss: 3.061670 | lrm: 0.86 | dt: 162ms | tok/sec: 810,129 | mfu: 25.2% | epoch: 1 | remaining: 129s    
step 01070 (57.1%) | loss: 3.064970 | lrm: 0.86 | dt: 162ms | tok/sec: 809,766 | mfu: 25.2% | epoch: 1 | remaining: 128s    
step 01071 (57.2%) | loss: 3.058377 | lrm: 0.86 | dt: 162ms | tok/sec: 809,798 | mfu: 25.2% | epoch: 1 | remaining: 128s    
step 01072 (57.2%) | loss: 3.058924 | lrm: 0.86 | dt: 162ms | tok/sec: 810,218 | mfu: 25.2% | epoch: 1 | remaining: 128s    
step 01073 (57.3%) | loss: 3.050198 | lrm: 0.85 | dt: 162ms | tok/sec: 810,046 | mfu: 25.2% | epoch: 1 | remaining: 128s    
step 01074 (57.4%) | loss: 3.047766 | lrm: 0.85 | dt: 162ms | tok/sec: 809,606 | mfu: 25.2% | epoch: 1 | remaining: 128s    
step 01075 (57.4%) | loss: 3.054594 | lrm: 0.85 | dt: 162ms | tok/sec: 809,890 | mfu: 25.2% | epoch: 1 | remaining: 128s    
step 01076 (57.5%) | loss: 3.058916 | lrm: 0.85 | dt: 162ms | tok/sec: 809,987 | mfu: 25.2% | epoch: 1 | remaining: 127s    
step 01077 (57.5%) | loss: 3.061093 | lrm: 0.85 | dt: 162ms | tok/sec: 810,163 | mfu: 25.2% | epoch: 1 | remaining: 127s    
step 01078 (57.6%) | loss: 3.061520 | lrm: 0.85 | dt: 162ms | tok/sec: 809,836 | mfu: 25.2% | epoch: 1 | remaining: 127s    
step 01079 (57.6%) | loss: 3.055523 | lrm: 0.85 | dt: 162ms | tok/sec: 809,835 | mfu: 25.2% | epoch: 1 | remaining: 127s    
step 01080 (57.7%) | loss: 3.058909 | lrm: 0.85 | dt: 162ms | tok/sec: 809,733 | mfu: 25.2% | epoch: 1 | remaining: 127s    
step 01081 (57.7%) | loss: 3.059171 | lrm: 0.85 | dt: 162ms | tok/sec: 809,993 | mfu: 25.2% | epoch: 1 | remaining: 127s    
step 01082 (57.8%) | loss: 3.059681 | lrm: 0.84 | dt: 162ms | tok/sec: 809,719 | mfu: 25.2% | epoch: 1 | remaining: 126s    
step 01083 (57.8%) | loss: 3.062378 | lrm: 0.84 | dt: 162ms | tok/sec: 809,946 | mfu: 25.2% | epoch: 1 | remaining: 126s    
step 01084 (57.9%) | loss: 3.061083 | lrm: 0.84 | dt: 162ms | tok/sec: 809,718 | mfu: 25.2% | epoch: 1 | remaining: 126s    
step 01085 (57.9%) | loss: 3.056369 | lrm: 0.84 | dt: 162ms | tok/sec: 809,893 | mfu: 25.2% | epoch: 1 | remaining: 126s    
step 01086 (58.0%) | loss: 3.059534 | lrm: 0.84 | dt: 162ms | tok/sec: 810,110 | mfu: 25.2% | epoch: 1 | remaining: 126s    
step 01087 (58.1%) | loss: 3.058852 | lrm: 0.84 | dt: 162ms | tok/sec: 809,972 | mfu: 25.2% | epoch: 1 | remaining: 126s    
step 01088 (58.1%) | loss: 3.058292 | lrm: 0.84 | dt: 162ms | tok/sec: 809,723 | mfu: 25.2% | epoch: 1 | remaining: 126s    
step 01089 (58.2%) | loss: 3.063707 | lrm: 0.84 | dt: 162ms | tok/sec: 809,860 | mfu: 25.2% | epoch: 1 | remaining: 125s    
step 01090 (58.2%) | loss: 3.066049 | lrm: 0.84 | dt: 162ms | tok/sec: 810,026 | mfu: 25.2% | epoch: 1 | remaining: 125s    
step 01091 (58.3%) | loss: 3.067717 | lrm: 0.83 | dt: 162ms | tok/sec: 809,374 | mfu: 25.2% | epoch: 1 | remaining: 125s    
step 01092 (58.3%) | loss: 3.065331 | lrm: 0.83 | dt: 162ms | tok/sec: 809,585 | mfu: 25.2% | epoch: 1 | remaining: 125s    
step 01093 (58.4%) | loss: 3.066567 | lrm: 0.83 | dt: 162ms | tok/sec: 810,239 | mfu: 25.2% | epoch: 1 | remaining: 125s    
step 01094 (58.4%) | loss: 3.062643 | lrm: 0.83 | dt: 162ms | tok/sec: 810,001 | mfu: 25.2% | epoch: 1 | remaining: 125s    
step 01095 (58.5%) | loss: 3.060429 | lrm: 0.83 | dt: 162ms | tok/sec: 810,260 | mfu: 25.2% | epoch: 1 | remaining: 124s    
step 01096 (58.5%) | loss: 3.057815 | lrm: 0.83 | dt: 162ms | tok/sec: 809,999 | mfu: 25.2% | epoch: 1 | remaining: 124s    
step 01097 (58.6%) | loss: 3.060710 | lrm: 0.83 | dt: 162ms | tok/sec: 809,074 | mfu: 25.2% | epoch: 1 | remaining: 124s    
step 01098 (58.6%) | loss: 3.061395 | lrm: 0.83 | dt: 162ms | tok/sec: 809,708 | mfu: 25.2% | epoch: 1 | remaining: 124s    
step 01099 (58.7%) | loss: 3.057597 | lrm: 0.83 | dt: 162ms | tok/sec: 809,632 | mfu: 25.2% | epoch: 1 | remaining: 124s    
step 01100 (58.8%) | loss: 3.061067 | lrm: 0.82 | dt: 162ms | tok/sec: 809,950 | mfu: 25.2% | epoch: 1 | remaining: 124s    
step 01101 (58.8%) | loss: 3.059448 | lrm: 0.82 | dt: 162ms | tok/sec: 809,838 | mfu: 25.2% | epoch: 1 | remaining: 123s    
step 01102 (58.9%) | loss: 3.056029 | lrm: 0.82 | dt: 162ms | tok/sec: 810,190 | mfu: 25.2% | epoch: 1 | remaining: 123s    
step 01103 (58.9%) | loss: 3.052507 | lrm: 0.82 | dt: 162ms | tok/sec: 810,121 | mfu: 25.2% | epoch: 1 | remaining: 123s    
step 01104 (59.0%) | loss: 3.053536 | lrm: 0.82 | dt: 162ms | tok/sec: 810,009 | mfu: 25.2% | epoch: 1 | remaining: 123s    
step 01105 (59.0%) | loss: 3.051430 | lrm: 0.82 | dt: 162ms | tok/sec: 810,066 | mfu: 25.2% | epoch: 1 | remaining: 123s    
step 01106 (59.1%) | loss: 3.058697 | lrm: 0.82 | dt: 162ms | tok/sec: 810,249 | mfu: 25.2% | epoch: 1 | remaining: 123s    
step 01107 (59.1%) | loss: 3.063432 | lrm: 0.82 | dt: 162ms | tok/sec: 809,999 | mfu: 25.2% | epoch: 1 | remaining: 122s    
step 01108 (59.2%) | loss: 3.064430 | lrm: 0.82 | dt: 162ms | tok/sec: 809,876 | mfu: 25.2% | epoch: 1 | remaining: 122s    
step 01109 (59.2%) | loss: 3.058144 | lrm: 0.82 | dt: 162ms | tok/sec: 809,683 | mfu: 25.2% | epoch: 1 | remaining: 122s    
step 01110 (59.3%) | loss: 3.056461 | lrm: 0.81 | dt: 162ms | tok/sec: 809,671 | mfu: 25.2% | epoch: 1 | remaining: 122s    
step 01111 (59.3%) | loss: 3.054624 | lrm: 0.81 | dt: 162ms | tok/sec: 807,796 | mfu: 25.2% | epoch: 1 | remaining: 122s    
step 01112 (59.4%) | loss: 3.058242 | lrm: 0.81 | dt: 162ms | tok/sec: 809,582 | mfu: 25.2% | epoch: 1 | remaining: 122s    
step 01113 (59.5%) | loss: 3.059582 | lrm: 0.81 | dt: 162ms | tok/sec: 809,693 | mfu: 25.2% | epoch: 1 | remaining: 121s    
step 01114 (59.5%) | loss: 3.054003 | lrm: 0.81 | dt: 162ms | tok/sec: 809,409 | mfu: 25.2% | epoch: 1 | remaining: 121s    
step 01115 (59.6%) | loss: 3.053984 | lrm: 0.81 | dt: 162ms | tok/sec: 809,525 | mfu: 25.2% | epoch: 1 | remaining: 121s    
step 01116 (59.6%) | loss: 3.056046 | lrm: 0.81 | dt: 162ms | tok/sec: 809,516 | mfu: 25.2% | epoch: 1 | remaining: 121s    
step 01117 (59.7%) | loss: 3.054468 | lrm: 0.81 | dt: 162ms | tok/sec: 809,694 | mfu: 25.2% | epoch: 1 | remaining: 121s    
step 01118 (59.7%) | loss: 3.058828 | lrm: 0.81 | dt: 162ms | tok/sec: 809,563 | mfu: 25.2% | epoch: 1 | remaining: 121s    
step 01119 (59.8%) | loss: 3.057267 | lrm: 0.80 | dt: 162ms | tok/sec: 809,762 | mfu: 25.2% | epoch: 1 | remaining: 121s    
step 01120 (59.8%) | loss: 3.056173 | lrm: 0.80 | dt: 162ms | tok/sec: 809,037 | mfu: 25.2% | epoch: 1 | remaining: 120s    
step 01121 (59.9%) | loss: 3.054341 | lrm: 0.80 | dt: 162ms | tok/sec: 809,657 | mfu: 25.2% | epoch: 1 | remaining: 120s    
step 01122 (59.9%) | loss: 3.051358 | lrm: 0.80 | dt: 162ms | tok/sec: 809,789 | mfu: 25.2% | epoch: 1 | remaining: 120s    
step 01123 (60.0%) | loss: 3.054001 | lrm: 0.80 | dt: 162ms | tok/sec: 809,782 | mfu: 25.2% | epoch: 1 | remaining: 120s    
step 01124 (60.0%) | loss: 3.058003 | lrm: 0.80 | dt: 162ms | tok/sec: 809,420 | mfu: 25.2% | epoch: 1 | remaining: 120s    
step 01125 (60.1%) | loss: 3.057404 | lrm: 0.80 | dt: 162ms | tok/sec: 808,597 | mfu: 25.2% | epoch: 1 | remaining: 120s    
step 01126 (60.2%) | loss: 3.060454 | lrm: 0.80 | dt: 162ms | tok/sec: 809,643 | mfu: 25.2% | epoch: 1 | remaining: 119s    
step 01127 (60.2%) | loss: 3.059234 | lrm: 0.80 | dt: 162ms | tok/sec: 809,428 | mfu: 25.2% | epoch: 1 | remaining: 119s    
step 01128 (60.3%) | loss: 3.064598 | lrm: 0.79 | dt: 162ms | tok/sec: 809,839 | mfu: 25.2% | epoch: 1 | remaining: 119s    
step 01129 (60.3%) | loss: 3.065106 | lrm: 0.79 | dt: 162ms | tok/sec: 809,749 | mfu: 25.2% | epoch: 1 | remaining: 119s    
step 01130 (60.4%) | loss: 3.063879 | lrm: 0.79 | dt: 162ms | tok/sec: 809,760 | mfu: 25.2% | epoch: 1 | remaining: 119s    
step 01131 (60.4%) | loss: 3.061820 | lrm: 0.79 | dt: 162ms | tok/sec: 809,953 | mfu: 25.2% | epoch: 1 | remaining: 119s    
step 01132 (60.5%) | loss: 3.058593 | lrm: 0.79 | dt: 162ms | tok/sec: 809,922 | mfu: 25.2% | epoch: 1 | remaining: 118s    
step 01133 (60.5%) | loss: 3.057695 | lrm: 0.79 | dt: 162ms | tok/sec: 809,950 | mfu: 25.2% | epoch: 1 | remaining: 118s    
step 01134 (60.6%) | loss: 3.060751 | lrm: 0.79 | dt: 162ms | tok/sec: 809,980 | mfu: 25.2% | epoch: 1 | remaining: 118s    
step 01135 (60.6%) | loss: 3.058984 | lrm: 0.79 | dt: 162ms | tok/sec: 809,658 | mfu: 25.2% | epoch: 1 | remaining: 118s    
step 01136 (60.7%) | loss: 3.061540 | lrm: 0.79 | dt: 162ms | tok/sec: 808,580 | mfu: 25.2% | epoch: 1 | remaining: 118s    
step 01137 (60.8%) | loss: 3.058843 | lrm: 0.78 | dt: 162ms | tok/sec: 809,405 | mfu: 25.2% | epoch: 1 | remaining: 118s    
step 01138 (60.8%) | loss: 3.051320 | lrm: 0.78 | dt: 162ms | tok/sec: 809,365 | mfu: 25.2% | epoch: 1 | remaining: 117s    
step 01139 (60.9%) | loss: 3.053027 | lrm: 0.78 | dt: 162ms | tok/sec: 809,711 | mfu: 25.2% | epoch: 1 | remaining: 117s    
step 01140 (60.9%) | loss: 3.046797 | lrm: 0.78 | dt: 162ms | tok/sec: 809,314 | mfu: 25.2% | epoch: 1 | remaining: 117s    
step 01141 (61.0%) | loss: 3.051455 | lrm: 0.78 | dt: 162ms | tok/sec: 809,371 | mfu: 25.2% | epoch: 1 | remaining: 117s    
step 01142 (61.0%) | loss: 3.051447 | lrm: 0.78 | dt: 162ms | tok/sec: 808,817 | mfu: 25.2% | epoch: 1 | remaining: 117s    
step 01143 (61.1%) | loss: 3.048486 | lrm: 0.78 | dt: 162ms | tok/sec: 809,252 | mfu: 25.2% | epoch: 1 | remaining: 117s    
step 01144 (61.1%) | loss: 3.053225 | lrm: 0.78 | dt: 162ms | tok/sec: 809,786 | mfu: 25.2% | epoch: 1 | remaining: 116s    
step 01145 (61.2%) | loss: 3.052516 | lrm: 0.78 | dt: 162ms | tok/sec: 809,867 | mfu: 25.2% | epoch: 1 | remaining: 116s    
step 01146 (61.2%) | loss: 3.054037 | lrm: 0.78 | dt: 162ms | tok/sec: 809,500 | mfu: 25.2% | epoch: 1 | remaining: 116s    
step 01147 (61.3%) | loss: 3.050845 | lrm: 0.77 | dt: 162ms | tok/sec: 809,619 | mfu: 25.2% | epoch: 1 | remaining: 116s    
step 01148 (61.3%) | loss: 3.042732 | lrm: 0.77 | dt: 162ms | tok/sec: 809,865 | mfu: 25.2% | epoch: 1 | remaining: 116s    
step 01149 (61.4%) | loss: 3.044648 | lrm: 0.77 | dt: 162ms | tok/sec: 809,997 | mfu: 25.2% | epoch: 1 | remaining: 116s    
step 01150 (61.5%) | loss: 3.037542 | lrm: 0.77 | dt: 162ms | tok/sec: 809,702 | mfu: 25.2% | epoch: 1 | remaining: 115s    
step 01151 (61.5%) | loss: 3.043589 | lrm: 0.77 | dt: 162ms | tok/sec: 809,620 | mfu: 25.2% | epoch: 1 | remaining: 115s    
step 01152 (61.6%) | loss: 3.042348 | lrm: 0.77 | dt: 162ms | tok/sec: 810,057 | mfu: 25.2% | epoch: 1 | remaining: 115s    
step 01153 (61.6%) | loss: 3.042901 | lrm: 0.77 | dt: 162ms | tok/sec: 809,991 | mfu: 25.2% | epoch: 1 | remaining: 115s    
step 01154 (61.7%) | loss: 3.046006 | lrm: 0.77 | dt: 162ms | tok/sec: 809,589 | mfu: 25.2% | epoch: 1 | remaining: 115s    
step 01155 (61.7%) | loss: 3.053174 | lrm: 0.77 | dt: 162ms | tok/sec: 809,638 | mfu: 25.2% | epoch: 1 | remaining: 115s    
step 01156 (61.8%) | loss: 3.059900 | lrm: 0.76 | dt: 162ms | tok/sec: 809,878 | mfu: 25.2% | epoch: 1 | remaining: 115s    
step 01157 (61.8%) | loss: 3.058276 | lrm: 0.76 | dt: 162ms | tok/sec: 809,938 | mfu: 25.2% | epoch: 1 | remaining: 114s    
step 01158 (61.9%) | loss: 3.049428 | lrm: 0.76 | dt: 162ms | tok/sec: 809,725 | mfu: 25.2% | epoch: 1 | remaining: 114s    
step 01159 (61.9%) | loss: 3.052276 | lrm: 0.76 | dt: 162ms | tok/sec: 809,427 | mfu: 25.2% | epoch: 1 | remaining: 114s    
step 01160 (62.0%) | loss: 3.041539 | lrm: 0.76 | dt: 162ms | tok/sec: 809,816 | mfu: 25.2% | epoch: 1 | remaining: 114s    
step 01161 (62.0%) | loss: 3.046815 | lrm: 0.76 | dt: 164ms | tok/sec: 799,777 | mfu: 24.9% | epoch: 1 | remaining: 114s    
step 01162 (62.1%) | loss: 3.043652 | lrm: 0.76 | dt: 162ms | tok/sec: 809,727 | mfu: 25.2% | epoch: 1 | remaining: 114s    
step 01163 (62.2%) | loss: 3.041884 | lrm: 0.76 | dt: 162ms | tok/sec: 809,968 | mfu: 25.2% | epoch: 1 | remaining: 113s    
step 01164 (62.2%) | loss: 3.050596 | lrm: 0.76 | dt: 162ms | tok/sec: 809,408 | mfu: 25.2% | epoch: 1 | remaining: 113s    
step 01165 (62.3%) | loss: 3.048922 | lrm: 0.75 | dt: 162ms | tok/sec: 809,891 | mfu: 25.2% | epoch: 1 | remaining: 113s    
step 01166 (62.3%) | loss: 3.049546 | lrm: 0.75 | dt: 162ms | tok/sec: 809,869 | mfu: 25.2% | epoch: 1 | remaining: 113s    
step 01167 (62.4%) | loss: 3.044958 | lrm: 0.75 | dt: 162ms | tok/sec: 809,768 | mfu: 25.2% | epoch: 1 | remaining: 113s    
step 01168 (62.4%) | loss: 3.037936 | lrm: 0.75 | dt: 164ms | tok/sec: 796,910 | mfu: 24.8% | epoch: 1 | remaining: 113s    
step 01169 (62.5%) | loss: 3.030338 | lrm: 0.75 | dt: 162ms | tok/sec: 809,096 | mfu: 25.2% | epoch: 1 | remaining: 112s    
step 01170 (62.5%) | loss: 3.028225 | lrm: 0.75 | dt: 162ms | tok/sec: 809,425 | mfu: 25.2% | epoch: 1 | remaining: 112s    
step 01171 (62.6%) | loss: 3.029508 | lrm: 0.75 | dt: 162ms | tok/sec: 809,386 | mfu: 25.2% | epoch: 1 | remaining: 112s    
step 01172 (62.6%) | loss: 3.023136 | lrm: 0.75 | dt: 162ms | tok/sec: 809,532 | mfu: 25.2% | epoch: 1 | remaining: 112s    
step 01173 (62.7%) | loss: 3.019930 | lrm: 0.75 | dt: 162ms | tok/sec: 809,913 | mfu: 25.2% | epoch: 1 | remaining: 112s    
step 01174 (62.7%) | loss: 3.017955 | lrm: 0.75 | dt: 162ms | tok/sec: 809,676 | mfu: 25.2% | epoch: 1 | remaining: 112s    
step 01175 (62.8%) | loss: 3.019614 | lrm: 0.74 | dt: 162ms | tok/sec: 809,523 | mfu: 25.2% | epoch: 1 | remaining: 111s    
step 01176 (62.9%) | loss: 3.015297 | lrm: 0.74 | dt: 162ms | tok/sec: 809,614 | mfu: 25.2% | epoch: 1 | remaining: 111s    
step 01177 (62.9%) | loss: 3.024367 | lrm: 0.74 | dt: 162ms | tok/sec: 809,232 | mfu: 25.2% | epoch: 1 | remaining: 111s    
step 01178 (63.0%) | loss: 3.026042 | lrm: 0.74 | dt: 162ms | tok/sec: 808,826 | mfu: 25.2% | epoch: 1 | remaining: 111s    
step 01179 (63.0%) | loss: 3.024628 | lrm: 0.74 | dt: 162ms | tok/sec: 809,826 | mfu: 25.2% | epoch: 1 | remaining: 111s    
step 01180 (63.1%) | loss: 3.029773 | lrm: 0.74 | dt: 162ms | tok/sec: 809,680 | mfu: 25.2% | epoch: 1 | remaining: 111s    
step 01181 (63.1%) | loss: 3.026085 | lrm: 0.74 | dt: 162ms | tok/sec: 808,729 | mfu: 25.2% | epoch: 1 | remaining: 110s    
step 01182 (63.2%) | loss: 3.029180 | lrm: 0.74 | dt: 162ms | tok/sec: 809,650 | mfu: 25.2% | epoch: 1 | remaining: 110s    
step 01183 (63.2%) | loss: 3.036277 | lrm: 0.74 | dt: 162ms | tok/sec: 809,785 | mfu: 25.2% | epoch: 1 | remaining: 110s    
step 01184 (63.3%) | loss: 3.040329 | lrm: 0.73 | dt: 162ms | tok/sec: 809,792 | mfu: 25.2% | epoch: 1 | remaining: 110s    
step 01185 (63.3%) | loss: 3.037911 | lrm: 0.73 | dt: 162ms | tok/sec: 809,721 | mfu: 25.2% | epoch: 1 | remaining: 110s    
step 01186 (63.4%) | loss: 3.044952 | lrm: 0.73 | dt: 162ms | tok/sec: 809,768 | mfu: 25.2% | epoch: 1 | remaining: 110s    
step 01187 (63.5%) | loss: 3.040540 | lrm: 0.73 | dt: 162ms | tok/sec: 809,600 | mfu: 25.2% | epoch: 1 | remaining: 109s    
step 01188 (63.5%) | loss: 3.034909 | lrm: 0.73 | dt: 162ms | tok/sec: 809,752 | mfu: 25.2% | epoch: 1 | remaining: 109s    
step 01189 (63.6%) | loss: 3.029474 | lrm: 0.73 | dt: 162ms | tok/sec: 809,240 | mfu: 25.2% | epoch: 1 | remaining: 109s    
step 01190 (63.6%) | loss: 3.033527 | lrm: 0.73 | dt: 162ms | tok/sec: 809,779 | mfu: 25.2% | epoch: 1 | remaining: 109s    
step 01191 (63.7%) | loss: 3.039764 | lrm: 0.73 | dt: 162ms | tok/sec: 809,870 | mfu: 25.2% | epoch: 1 | remaining: 109s    
step 01192 (63.7%) | loss: 3.041976 | lrm: 0.73 | dt: 162ms | tok/sec: 809,811 | mfu: 25.2% | epoch: 1 | remaining: 109s    
step 01193 (63.8%) | loss: 3.040291 | lrm: 0.72 | dt: 162ms | tok/sec: 809,633 | mfu: 25.2% | epoch: 1 | remaining: 109s    
step 01194 (63.8%) | loss: 3.032664 | lrm: 0.72 | dt: 162ms | tok/sec: 809,813 | mfu: 25.2% | epoch: 1 | remaining: 108s    
step 01195 (63.9%) | loss: 3.033062 | lrm: 0.72 | dt: 162ms | tok/sec: 809,419 | mfu: 25.2% | epoch: 1 | remaining: 108s    
step 01196 (63.9%) | loss: 3.037426 | lrm: 0.72 | dt: 162ms | tok/sec: 809,335 | mfu: 25.2% | epoch: 1 | remaining: 108s    
step 01197 (64.0%) | loss: 3.027684 | lrm: 0.72 | dt: 162ms | tok/sec: 808,572 | mfu: 25.2% | epoch: 1 | remaining: 108s    
step 01198 (64.0%) | loss: 3.022395 | lrm: 0.72 | dt: 162ms | tok/sec: 809,103 | mfu: 25.2% | epoch: 1 | remaining: 108s    
step 01199 (64.1%) | loss: 3.011555 | lrm: 0.72 | dt: 162ms | tok/sec: 809,183 | mfu: 25.2% | epoch: 1 | remaining: 108s    
step 01200 (64.2%) | loss: 3.008133 | lrm: 0.72 | dt: 162ms | tok/sec: 809,491 | mfu: 25.2% | epoch: 1 | remaining: 107s    
step 01201 (64.2%) | loss: 3.016264 | lrm: 0.72 | dt: 162ms | tok/sec: 809,336 | mfu: 25.2% | epoch: 1 | remaining: 107s    
step 01202 (64.3%) | loss: 3.020406 | lrm: 0.71 | dt: 162ms | tok/sec: 809,534 | mfu: 25.2% | epoch: 1 | remaining: 107s    
step 01203 (64.3%) | loss: 3.017837 | lrm: 0.71 | dt: 162ms | tok/sec: 809,569 | mfu: 25.2% | epoch: 1 | remaining: 107s    
step 01204 (64.4%) | loss: 3.014553 | lrm: 0.71 | dt: 162ms | tok/sec: 809,681 | mfu: 25.2% | epoch: 1 | remaining: 107s    
step 01205 (64.4%) | loss: 3.016812 | lrm: 0.71 | dt: 162ms | tok/sec: 809,414 | mfu: 25.2% | epoch: 1 | remaining: 107s    
step 01206 (64.5%) | loss: 3.016334 | lrm: 0.71 | dt: 162ms | tok/sec: 809,122 | mfu: 25.2% | epoch: 1 | remaining: 106s    
step 01207 (64.5%) | loss: 3.022547 | lrm: 0.71 | dt: 162ms | tok/sec: 809,400 | mfu: 25.2% | epoch: 1 | remaining: 106s    
step 01208 (64.6%) | loss: 3.022131 | lrm: 0.71 | dt: 162ms | tok/sec: 809,392 | mfu: 25.2% | epoch: 1 | remaining: 106s    
step 01209 (64.6%) | loss: 3.019180 | lrm: 0.71 | dt: 162ms | tok/sec: 809,282 | mfu: 25.2% | epoch: 1 | remaining: 106s    
step 01210 (64.7%) | loss: 3.023369 | lrm: 0.71 | dt: 162ms | tok/sec: 809,605 | mfu: 25.2% | epoch: 1 | remaining: 106s    
step 01211 (64.7%) | loss: 3.019223 | lrm: 0.71 | dt: 162ms | tok/sec: 809,593 | mfu: 25.2% | epoch: 1 | remaining: 106s    
step 01212 (64.8%) | loss: 3.025469 | lrm: 0.70 | dt: 162ms | tok/sec: 809,359 | mfu: 25.2% | epoch: 1 | remaining: 105s    
step 01213 (64.9%) | loss: 3.022068 | lrm: 0.70 | dt: 162ms | tok/sec: 809,690 | mfu: 25.2% | epoch: 1 | remaining: 105s    
step 01214 (64.9%) | loss: 3.019786 | lrm: 0.70 | dt: 162ms | tok/sec: 809,324 | mfu: 25.2% | epoch: 1 | remaining: 105s    
step 01215 (65.0%) | loss: 3.022942 | lrm: 0.70 | dt: 162ms | tok/sec: 809,545 | mfu: 25.2% | epoch: 1 | remaining: 105s    
step 01216 (65.0%) | loss: 3.019644 | lrm: 0.70 | dt: 162ms | tok/sec: 809,777 | mfu: 25.2% | epoch: 1 | remaining: 105s    
step 01217 (65.1%) | loss: 3.021533 | lrm: 0.70 | dt: 162ms | tok/sec: 809,662 | mfu: 25.2% | epoch: 1 | remaining: 105s    
step 01218 (65.1%) | loss: 3.020102 | lrm: 0.70 | dt: 162ms | tok/sec: 810,026 | mfu: 25.2% | epoch: 1 | remaining: 104s    
step 01219 (65.2%) | loss: 3.016866 | lrm: 0.70 | dt: 162ms | tok/sec: 809,653 | mfu: 25.2% | epoch: 1 | remaining: 104s    
step 01220 (65.2%) | loss: 3.013274 | lrm: 0.70 | dt: 162ms | tok/sec: 809,351 | mfu: 25.2% | epoch: 1 | remaining: 104s    
step 01221 (65.3%) | loss: 3.018118 | lrm: 0.69 | dt: 162ms | tok/sec: 809,856 | mfu: 25.2% | epoch: 1 | remaining: 104s    
step 01222 (65.3%) | loss: 3.018419 | lrm: 0.69 | dt: 162ms | tok/sec: 809,900 | mfu: 25.2% | epoch: 1 | remaining: 104s    
step 01223 (65.4%) | loss: 3.016229 | lrm: 0.69 | dt: 162ms | tok/sec: 809,669 | mfu: 25.2% | epoch: 1 | remaining: 104s    
step 01224 (65.4%) | loss: 3.016705 | lrm: 0.69 | dt: 162ms | tok/sec: 809,962 | mfu: 25.2% | epoch: 1 | remaining: 103s    
step 01225 (65.5%) | loss: 3.012866 | lrm: 0.69 | dt: 162ms | tok/sec: 809,828 | mfu: 25.2% | epoch: 1 | remaining: 103s    
step 01226 (65.6%) | loss: 3.005895 | lrm: 0.69 | dt: 162ms | tok/sec: 809,843 | mfu: 25.2% | epoch: 1 | remaining: 103s    
step 01227 (65.6%) | loss: 3.007307 | lrm: 0.69 | dt: 162ms | tok/sec: 809,677 | mfu: 25.2% | epoch: 1 | remaining: 103s    
step 01228 (65.7%) | loss: 3.004188 | lrm: 0.69 | dt: 162ms | tok/sec: 809,322 | mfu: 25.2% | epoch: 1 | remaining: 103s    
step 01229 (65.7%) | loss: 3.001705 | lrm: 0.69 | dt: 162ms | tok/sec: 809,417 | mfu: 25.2% | epoch: 1 | remaining: 103s    
step 01230 (65.8%) | loss: 2.999830 | lrm: 0.68 | dt: 162ms | tok/sec: 809,527 | mfu: 25.2% | epoch: 1 | remaining: 103s    
step 01231 (65.8%) | loss: 2.994527 | lrm: 0.68 | dt: 162ms | tok/sec: 809,786 | mfu: 25.2% | epoch: 1 | remaining: 102s    
step 01232 (65.9%) | loss: 2.991125 | lrm: 0.68 | dt: 162ms | tok/sec: 809,935 | mfu: 25.2% | epoch: 1 | remaining: 102s    
step 01233 (65.9%) | loss: 2.991777 | lrm: 0.68 | dt: 162ms | tok/sec: 809,693 | mfu: 25.2% | epoch: 1 | remaining: 102s    
step 01234 (66.0%) | loss: 2.994613 | lrm: 0.68 | dt: 162ms | tok/sec: 809,137 | mfu: 25.2% | epoch: 1 | remaining: 102s    
step 01235 (66.0%) | loss: 2.990439 | lrm: 0.68 | dt: 162ms | tok/sec: 809,529 | mfu: 25.2% | epoch: 1 | remaining: 102s    
step 01236 (66.1%) | loss: 2.990622 | lrm: 0.68 | dt: 162ms | tok/sec: 809,745 | mfu: 25.2% | epoch: 1 | remaining: 102s    
step 01237 (66.1%) | loss: 2.983554 | lrm: 0.68 | dt: 162ms | tok/sec: 809,575 | mfu: 25.2% | epoch: 1 | remaining: 101s    
step 01238 (66.2%) | loss: 2.984092 | lrm: 0.68 | dt: 162ms | tok/sec: 808,910 | mfu: 25.2% | epoch: 1 | remaining: 101s    
step 01239 (66.3%) | loss: 2.982211 | lrm: 0.67 | dt: 162ms | tok/sec: 809,783 | mfu: 25.2% | epoch: 1 | remaining: 101s    
step 01240 (66.3%) | loss: 2.984315 | lrm: 0.67 | dt: 162ms | tok/sec: 809,708 | mfu: 25.2% | epoch: 1 | remaining: 101s    
step 01241 (66.4%) | loss: 2.977812 | lrm: 0.67 | dt: 162ms | tok/sec: 809,804 | mfu: 25.2% | epoch: 1 | remaining: 101s    
step 01242 (66.4%) | loss: 2.982616 | lrm: 0.67 | dt: 162ms | tok/sec: 809,847 | mfu: 25.2% | epoch: 1 | remaining: 101s    
step 01243 (66.5%) | loss: 2.987508 | lrm: 0.67 | dt: 162ms | tok/sec: 809,872 | mfu: 25.2% | epoch: 1 | remaining: 100s    
step 01244 (66.5%) | loss: 2.983308 | lrm: 0.67 | dt: 162ms | tok/sec: 809,972 | mfu: 25.2% | epoch: 1 | remaining: 100s    
step 01245 (66.6%) | loss: 2.983032 | lrm: 0.67 | dt: 162ms | tok/sec: 809,965 | mfu: 25.2% | epoch: 1 | remaining: 100s    
step 01246 (66.6%) | loss: 2.986832 | lrm: 0.67 | dt: 162ms | tok/sec: 809,358 | mfu: 25.2% | epoch: 1 | remaining: 100s    
step 01247 (66.7%) | loss: 2.989458 | lrm: 0.67 | dt: 162ms | tok/sec: 809,839 | mfu: 25.2% | epoch: 1 | remaining: 100s    
step 01248 (66.7%) | loss: 2.990628 | lrm: 0.67 | dt: 162ms | tok/sec: 809,699 | mfu: 25.2% | epoch: 1 | remaining: 100s    
step 01249 (66.8%) | loss: 2.991101 | lrm: 0.66 | dt: 162ms | tok/sec: 809,372 | mfu: 25.2% | epoch: 1 | remaining: 99s    
step 01250 (66.9%) | loss: 2.989836 | lrm: 0.66 | dt: 162ms | tok/sec: 809,594 | mfu: 25.2% | epoch: 1 | remaining: 99s    
step 01251 (66.9%) | loss: 2.992909 | lrm: 0.66 | dt: 162ms | tok/sec: 809,346 | mfu: 25.2% | epoch: 1 | remaining: 99s    
step 01252 (67.0%) | loss: 2.993238 | lrm: 0.66 | dt: 162ms | tok/sec: 809,590 | mfu: 25.2% | epoch: 1 | remaining: 99s    
step 01253 (67.0%) | loss: 2.996880 | lrm: 0.66 | dt: 162ms | tok/sec: 809,979 | mfu: 25.2% | epoch: 1 | remaining: 99s    
step 01254 (67.1%) | loss: 2.994952 | lrm: 0.66 | dt: 162ms | tok/sec: 809,757 | mfu: 25.2% | epoch: 1 | remaining: 99s    
step 01255 (67.1%) | loss: 2.996239 | lrm: 0.66 | dt: 162ms | tok/sec: 809,645 | mfu: 25.2% | epoch: 1 | remaining: 98s    
step 01256 (67.2%) | loss: 2.987718 | lrm: 0.66 | dt: 162ms | tok/sec: 810,091 | mfu: 25.2% | epoch: 1 | remaining: 98s    
step 01257 (67.2%) | loss: 2.984239 | lrm: 0.66 | dt: 162ms | tok/sec: 809,257 | mfu: 25.2% | epoch: 1 | remaining: 98s    
step 01258 (67.3%) | loss: 2.983645 | lrm: 0.65 | dt: 162ms | tok/sec: 810,024 | mfu: 25.2% | epoch: 1 | remaining: 98s    
step 01259 (67.3%) | loss: 2.979916 | lrm: 0.65 | dt: 162ms | tok/sec: 809,967 | mfu: 25.2% | epoch: 1 | remaining: 98s    
step 01260 (67.4%) | loss: 2.979195 | lrm: 0.65 | dt: 162ms | tok/sec: 809,958 | mfu: 25.2% | epoch: 1 | remaining: 98s    
step 01261 (67.4%) | loss: 2.981592 | lrm: 0.65 | dt: 162ms | tok/sec: 809,719 | mfu: 25.2% | epoch: 1 | remaining: 98s    
step 01262 (67.5%) | loss: 2.980018 | lrm: 0.65 | dt: 162ms | tok/sec: 810,005 | mfu: 25.2% | epoch: 1 | remaining: 97s    
step 01263 (67.6%) | loss: 2.982161 | lrm: 0.65 | dt: 162ms | tok/sec: 809,924 | mfu: 25.2% | epoch: 1 | remaining: 97s    
step 01264 (67.6%) | loss: 2.987888 | lrm: 0.65 | dt: 162ms | tok/sec: 809,991 | mfu: 25.2% | epoch: 1 | remaining: 97s    
step 01265 (67.7%) | loss: 2.996949 | lrm: 0.65 | dt: 162ms | tok/sec: 809,758 | mfu: 25.2% | epoch: 1 | remaining: 97s    
step 01266 (67.7%) | loss: 2.998792 | lrm: 0.65 | dt: 162ms | tok/sec: 809,841 | mfu: 25.2% | epoch: 1 | remaining: 97s    
step 01267 (67.8%) | loss: 3.001114 | lrm: 0.64 | dt: 162ms | tok/sec: 809,892 | mfu: 25.2% | epoch: 1 | remaining: 97s    
step 01268 (67.8%) | loss: 2.999020 | lrm: 0.64 | dt: 162ms | tok/sec: 809,835 | mfu: 25.2% | epoch: 1 | remaining: 96s    
step 01269 (67.9%) | loss: 2.997072 | lrm: 0.64 | dt: 162ms | tok/sec: 809,768 | mfu: 25.2% | epoch: 1 | remaining: 96s    
step 01270 (67.9%) | loss: 2.995112 | lrm: 0.64 | dt: 162ms | tok/sec: 809,453 | mfu: 25.2% | epoch: 1 | remaining: 96s    
step 01271 (68.0%) | loss: 2.987495 | lrm: 0.64 | dt: 162ms | tok/sec: 809,829 | mfu: 25.2% | epoch: 1 | remaining: 96s    
step 01272 (68.0%) | loss: 2.994546 | lrm: 0.64 | dt: 162ms | tok/sec: 809,961 | mfu: 25.2% | epoch: 1 | remaining: 96s    
step 01273 (68.1%) | loss: 2.991900 | lrm: 0.64 | dt: 162ms | tok/sec: 809,751 | mfu: 25.2% | epoch: 1 | remaining: 96s    
step 01274 (68.1%) | loss: 2.989087 | lrm: 0.64 | dt: 162ms | tok/sec: 809,321 | mfu: 25.2% | epoch: 1 | remaining: 95s    
step 01275 (68.2%) | loss: 2.988104 | lrm: 0.64 | dt: 162ms | tok/sec: 809,953 | mfu: 25.2% | epoch: 1 | remaining: 95s    
step 01276 (68.3%) | loss: 2.988414 | lrm: 0.63 | dt: 162ms | tok/sec: 809,924 | mfu: 25.2% | epoch: 1 | remaining: 95s    
step 01277 (68.3%) | loss: 2.992539 | lrm: 0.63 | dt: 162ms | tok/sec: 809,955 | mfu: 25.2% | epoch: 1 | remaining: 95s    
step 01278 (68.4%) | loss: 2.996947 | lrm: 0.63 | dt: 162ms | tok/sec: 809,861 | mfu: 25.2% | epoch: 1 | remaining: 95s    
step 01279 (68.4%) | loss: 2.993882 | lrm: 0.63 | dt: 162ms | tok/sec: 809,953 | mfu: 25.2% | epoch: 1 | remaining: 95s    
step 01280 (68.5%) | loss: 2.991928 | lrm: 0.63 | dt: 162ms | tok/sec: 809,825 | mfu: 25.2% | epoch: 1 | remaining: 94s    
step 01281 (68.5%) | loss: 2.988800 | lrm: 0.63 | dt: 162ms | tok/sec: 809,615 | mfu: 25.2% | epoch: 1 | remaining: 94s    
step 01282 (68.6%) | loss: 2.978033 | lrm: 0.63 | dt: 162ms | tok/sec: 809,788 | mfu: 25.2% | epoch: 1 | remaining: 94s    
step 01283 (68.6%) | loss: 2.988166 | lrm: 0.63 | dt: 162ms | tok/sec: 810,004 | mfu: 25.2% | epoch: 1 | remaining: 94s    
step 01284 (68.7%) | loss: 2.992127 | lrm: 0.63 | dt: 162ms | tok/sec: 810,129 | mfu: 25.2% | epoch: 1 | remaining: 94s    
step 01285 (68.7%) | loss: 2.990684 | lrm: 0.63 | dt: 162ms | tok/sec: 809,650 | mfu: 25.2% | epoch: 1 | remaining: 94s    
step 01286 (68.8%) | loss: 2.994114 | lrm: 0.62 | dt: 162ms | tok/sec: 809,764 | mfu: 25.2% | epoch: 1 | remaining: 93s    
step 01287 (68.8%) | loss: 2.999112 | lrm: 0.62 | dt: 162ms | tok/sec: 809,744 | mfu: 25.2% | epoch: 1 | remaining: 93s    
step 01288 (68.9%) | loss: 2.994723 | lrm: 0.62 | dt: 162ms | tok/sec: 809,941 | mfu: 25.2% | epoch: 1 | remaining: 93s    
step 01289 (69.0%) | loss: 2.992165 | lrm: 0.62 | dt: 162ms | tok/sec: 810,024 | mfu: 25.2% | epoch: 1 | remaining: 93s    
step 01290 (69.0%) | loss: 2.989401 | lrm: 0.62 | dt: 162ms | tok/sec: 808,672 | mfu: 25.2% | epoch: 1 | remaining: 93s    
step 01291 (69.1%) | loss: 2.986212 | lrm: 0.62 | dt: 162ms | tok/sec: 809,153 | mfu: 25.2% | epoch: 1 | remaining: 93s    
step 01292 (69.1%) | loss: 2.980195 | lrm: 0.62 | dt: 162ms | tok/sec: 809,967 | mfu: 25.2% | epoch: 1 | remaining: 92s    
step 01293 (69.2%) | loss: 2.990135 | lrm: 0.62 | dt: 162ms | tok/sec: 809,863 | mfu: 25.2% | epoch: 1 | remaining: 92s    
step 01294 (69.2%) | loss: 2.986174 | lrm: 0.62 | dt: 162ms | tok/sec: 809,848 | mfu: 25.2% | epoch: 1 | remaining: 92s    
step 01295 (69.3%) | loss: 2.985049 | lrm: 0.61 | dt: 162ms | tok/sec: 809,990 | mfu: 25.2% | epoch: 1 | remaining: 92s    
step 01296 (69.3%) | loss: 2.985343 | lrm: 0.61 | dt: 162ms | tok/sec: 809,785 | mfu: 25.2% | epoch: 1 | remaining: 92s    
step 01297 (69.4%) | loss: 2.980353 | lrm: 0.61 | dt: 162ms | tok/sec: 809,663 | mfu: 25.2% | epoch: 1 | remaining: 92s    
step 01298 (69.4%) | loss: 2.983536 | lrm: 0.61 | dt: 162ms | tok/sec: 809,701 | mfu: 25.2% | epoch: 1 | remaining: 92s    
step 01299 (69.5%) | loss: 2.981548 | lrm: 0.61 | dt: 162ms | tok/sec: 809,160 | mfu: 25.2% | epoch: 1 | remaining: 91s    
step 01300 (69.5%) | loss: 2.982594 | lrm: 0.61 | dt: 162ms | tok/sec: 809,978 | mfu: 25.2% | epoch: 1 | remaining: 91s    
step 01301 (69.6%) | loss: 2.973968 | lrm: 0.61 | dt: 162ms | tok/sec: 809,651 | mfu: 25.2% | epoch: 1 | remaining: 91s    
step 01302 (69.7%) | loss: 2.979869 | lrm: 0.61 | dt: 162ms | tok/sec: 807,864 | mfu: 25.2% | epoch: 1 | remaining: 91s    
step 01303 (69.7%) | loss: 2.971833 | lrm: 0.61 | dt: 162ms | tok/sec: 808,917 | mfu: 25.2% | epoch: 1 | remaining: 91s    
step 01304 (69.8%) | loss: 2.973505 | lrm: 0.60 | dt: 162ms | tok/sec: 809,919 | mfu: 25.2% | epoch: 1 | remaining: 91s    
step 01305 (69.8%) | loss: 2.964346 | lrm: 0.60 | dt: 162ms | tok/sec: 809,749 | mfu: 25.2% | epoch: 1 | remaining: 90s    
step 01306 (69.9%) | loss: 2.964265 | lrm: 0.60 | dt: 162ms | tok/sec: 809,995 | mfu: 25.2% | epoch: 1 | remaining: 90s    
step 01307 (69.9%) | loss: 2.975781 | lrm: 0.60 | dt: 162ms | tok/sec: 810,092 | mfu: 25.2% | epoch: 1 | remaining: 90s    
step 01308 (70.0%) | loss: 2.976348 | lrm: 0.60 | dt: 162ms | tok/sec: 809,850 | mfu: 25.2% | epoch: 1 | remaining: 90s    
step 01309 (70.0%) | loss: 2.981521 | lrm: 0.60 | dt: 162ms | tok/sec: 809,887 | mfu: 25.2% | epoch: 1 | remaining: 90s    
step 01310 (70.1%) | loss: 2.991682 | lrm: 0.60 | dt: 162ms | tok/sec: 810,047 | mfu: 25.2% | epoch: 1 | remaining: 90s    
step 01311 (70.1%) | loss: 2.990549 | lrm: 0.60 | dt: 162ms | tok/sec: 809,817 | mfu: 25.2% | epoch: 1 | remaining: 89s    
step 01312 (70.2%) | loss: 2.981329 | lrm: 0.60 | dt: 162ms | tok/sec: 807,946 | mfu: 25.2% | epoch: 1 | remaining: 89s    
step 01313 (70.2%) | loss: 2.980405 | lrm: 0.60 | dt: 162ms | tok/sec: 809,215 | mfu: 25.2% | epoch: 1 | remaining: 89s    
step 01314 (70.3%) | loss: 2.973654 | lrm: 0.59 | dt: 162ms | tok/sec: 809,404 | mfu: 25.2% | epoch: 1 | remaining: 89s    
step 01315 (70.4%) | loss: 2.972436 | lrm: 0.59 | dt: 163ms | tok/sec: 801,724 | mfu: 25.0% | epoch: 1 | remaining: 89s    
step 01316 (70.4%) | loss: 2.973183 | lrm: 0.59 | dt: 162ms | tok/sec: 808,192 | mfu: 25.2% | epoch: 1 | remaining: 89s    
step 01317 (70.5%) | loss: 2.973299 | lrm: 0.59 | dt: 164ms | tok/sec: 800,698 | mfu: 24.9% | epoch: 1 | remaining: 88s    
step 01318 (70.5%) | loss: 2.981344 | lrm: 0.59 | dt: 162ms | tok/sec: 809,676 | mfu: 25.2% | epoch: 1 | remaining: 88s    
step 01319 (70.6%) | loss: 2.978637 | lrm: 0.59 | dt: 162ms | tok/sec: 808,935 | mfu: 25.2% | epoch: 1 | remaining: 88s    
step 01320 (70.6%) | loss: 2.981970 | lrm: 0.59 | dt: 162ms | tok/sec: 808,736 | mfu: 25.2% | epoch: 1 | remaining: 88s    
step 01321 (70.7%) | loss: 2.982365 | lrm: 0.59 | dt: 162ms | tok/sec: 809,709 | mfu: 25.2% | epoch: 1 | remaining: 88s    
step 01322 (70.7%) | loss: 2.975630 | lrm: 0.59 | dt: 162ms | tok/sec: 809,358 | mfu: 25.2% | epoch: 1 | remaining: 88s    
step 01323 (70.8%) | loss: 2.978938 | lrm: 0.58 | dt: 162ms | tok/sec: 809,475 | mfu: 25.2% | epoch: 1 | remaining: 87s    
step 01324 (70.8%) | loss: 2.980624 | lrm: 0.58 | dt: 162ms | tok/sec: 809,668 | mfu: 25.2% | epoch: 1 | remaining: 87s    
step 01325 (70.9%) | loss: 2.978679 | lrm: 0.58 | dt: 162ms | tok/sec: 809,568 | mfu: 25.2% | epoch: 1 | remaining: 87s    
step 01326 (71.0%) | loss: 2.980389 | lrm: 0.58 | dt: 162ms | tok/sec: 809,643 | mfu: 25.2% | epoch: 1 | remaining: 87s    
step 01327 (71.0%) | loss: 2.983256 | lrm: 0.58 | dt: 162ms | tok/sec: 809,386 | mfu: 25.2% | epoch: 1 | remaining: 87s    
step 01328 (71.1%) | loss: 2.981745 | lrm: 0.58 | dt: 162ms | tok/sec: 809,968 | mfu: 25.2% | epoch: 1 | remaining: 87s    
step 01329 (71.1%) | loss: 2.988917 | lrm: 0.58 | dt: 162ms | tok/sec: 809,318 | mfu: 25.2% | epoch: 1 | remaining: 86s    
step 01330 (71.2%) | loss: 2.982511 | lrm: 0.58 | dt: 162ms | tok/sec: 807,959 | mfu: 25.2% | epoch: 1 | remaining: 86s    
step 01331 (71.2%) | loss: 2.985777 | lrm: 0.58 | dt: 162ms | tok/sec: 809,463 | mfu: 25.2% | epoch: 1 | remaining: 86s    
step 01332 (71.3%) | loss: 2.984995 | lrm: 0.57 | dt: 162ms | tok/sec: 808,936 | mfu: 25.2% | epoch: 1 | remaining: 86s    
step 01333 (71.3%) | loss: 2.988756 | lrm: 0.57 | dt: 162ms | tok/sec: 808,784 | mfu: 25.2% | epoch: 1 | remaining: 86s    
step 01334 (71.4%) | loss: 2.983323 | lrm: 0.57 | dt: 162ms | tok/sec: 809,602 | mfu: 25.2% | epoch: 1 | remaining: 86s    
step 01335 (71.4%) | loss: 2.985574 | lrm: 0.57 | dt: 162ms | tok/sec: 809,904 | mfu: 25.2% | epoch: 1 | remaining: 86s    
step 01336 (71.5%) | loss: 2.985172 | lrm: 0.57 | dt: 162ms | tok/sec: 809,546 | mfu: 25.2% | epoch: 1 | remaining: 85s    
step 01337 (71.5%) | loss: 2.983978 | lrm: 0.57 | dt: 162ms | tok/sec: 809,278 | mfu: 25.2% | epoch: 1 | remaining: 85s    
step 01338 (71.6%) | loss: 2.979692 | lrm: 0.57 | dt: 162ms | tok/sec: 809,828 | mfu: 25.2% | epoch: 1 | remaining: 85s    
step 01339 (71.7%) | loss: 2.980866 | lrm: 0.57 | dt: 162ms | tok/sec: 809,923 | mfu: 25.2% | epoch: 1 | remaining: 85s    
step 01340 (71.7%) | loss: 2.983383 | lrm: 0.57 | dt: 162ms | tok/sec: 809,991 | mfu: 25.2% | epoch: 1 | remaining: 85s    
step 01341 (71.8%) | loss: 2.982762 | lrm: 0.56 | dt: 162ms | tok/sec: 809,764 | mfu: 25.2% | epoch: 1 | remaining: 85s    
step 01342 (71.8%) | loss: 2.979829 | lrm: 0.56 | dt: 162ms | tok/sec: 809,849 | mfu: 25.2% | epoch: 1 | remaining: 84s    
step 01343 (71.9%) | loss: 2.977964 | lrm: 0.56 | dt: 162ms | tok/sec: 809,788 | mfu: 25.2% | epoch: 1 | remaining: 84s    
step 01344 (71.9%) | loss: 2.974260 | lrm: 0.56 | dt: 162ms | tok/sec: 809,886 | mfu: 25.2% | epoch: 1 | remaining: 84s    
step 01345 (72.0%) | loss: 2.960960 | lrm: 0.56 | dt: 162ms | tok/sec: 809,274 | mfu: 25.2% | epoch: 1 | remaining: 84s    
step 01346 (72.0%) | loss: 2.965941 | lrm: 0.56 | dt: 162ms | tok/sec: 809,940 | mfu: 25.2% | epoch: 1 | remaining: 84s    
step 01347 (72.1%) | loss: 2.967319 | lrm: 0.56 | dt: 162ms | tok/sec: 809,776 | mfu: 25.2% | epoch: 1 | remaining: 84s    
step 01348 (72.1%) | loss: 2.971563 | lrm: 0.56 | dt: 162ms | tok/sec: 809,633 | mfu: 25.2% | epoch: 1 | remaining: 83s    
step 01349 (72.2%) | loss: 2.968854 | lrm: 0.56 | dt: 162ms | tok/sec: 809,743 | mfu: 25.2% | epoch: 1 | remaining: 83s    
step 01350 (72.2%) | loss: 2.979626 | lrm: 0.56 | dt: 162ms | tok/sec: 810,005 | mfu: 25.2% | epoch: 1 | remaining: 83s    
step 01351 (72.3%) | loss: 2.978494 | lrm: 0.55 | dt: 162ms | tok/sec: 808,940 | mfu: 25.2% | epoch: 1 | remaining: 83s    
step 01352 (72.4%) | loss: 2.976795 | lrm: 0.55 | dt: 162ms | tok/sec: 809,450 | mfu: 25.2% | epoch: 1 | remaining: 83s    
step 01353 (72.4%) | loss: 2.972419 | lrm: 0.55 | dt: 162ms | tok/sec: 809,903 | mfu: 25.2% | epoch: 1 | remaining: 83s    
step 01354 (72.5%) | loss: 2.967909 | lrm: 0.55 | dt: 162ms | tok/sec: 809,838 | mfu: 25.2% | epoch: 1 | remaining: 82s    
step 01355 (72.5%) | loss: 2.969624 | lrm: 0.55 | dt: 162ms | tok/sec: 809,904 | mfu: 25.2% | epoch: 1 | remaining: 82s    
step 01356 (72.6%) | loss: 2.970665 | lrm: 0.55 | dt: 162ms | tok/sec: 809,814 | mfu: 25.2% | epoch: 1 | remaining: 82s    
step 01357 (72.6%) | loss: 2.970804 | lrm: 0.55 | dt: 162ms | tok/sec: 809,779 | mfu: 25.2% | epoch: 1 | remaining: 82s    
step 01358 (72.7%) | loss: 2.969447 | lrm: 0.55 | dt: 162ms | tok/sec: 809,819 | mfu: 25.2% | epoch: 1 | remaining: 82s    
step 01359 (72.7%) | loss: 2.972137 | lrm: 0.55 | dt: 162ms | tok/sec: 810,110 | mfu: 25.2% | epoch: 1 | remaining: 82s    
step 01360 (72.8%) | loss: 2.963856 | lrm: 0.54 | dt: 162ms | tok/sec: 810,014 | mfu: 25.2% | epoch: 1 | remaining: 81s    
step 01361 (72.8%) | loss: 2.959284 | lrm: 0.54 | dt: 162ms | tok/sec: 809,689 | mfu: 25.2% | epoch: 1 | remaining: 81s    
step 01362 (72.9%) | loss: 2.967303 | lrm: 0.54 | dt: 162ms | tok/sec: 809,913 | mfu: 25.2% | epoch: 1 | remaining: 81s    
step 01363 (72.9%) | loss: 2.965016 | lrm: 0.54 | dt: 162ms | tok/sec: 810,010 | mfu: 25.2% | epoch: 1 | remaining: 81s    
step 01364 (73.0%) | loss: 2.967836 | lrm: 0.54 | dt: 162ms | tok/sec: 809,942 | mfu: 25.2% | epoch: 1 | remaining: 81s    
step 01365 (73.1%) | loss: 2.971106 | lrm: 0.54 | dt: 162ms | tok/sec: 809,929 | mfu: 25.2% | epoch: 1 | remaining: 81s    
step 01366 (73.1%) | loss: 2.974197 | lrm: 0.54 | dt: 162ms | tok/sec: 809,909 | mfu: 25.2% | epoch: 1 | remaining: 81s    
step 01367 (73.2%) | loss: 2.979426 | lrm: 0.54 | dt: 162ms | tok/sec: 810,064 | mfu: 25.2% | epoch: 1 | remaining: 80s    
step 01368 (73.2%) | loss: 2.978810 | lrm: 0.54 | dt: 162ms | tok/sec: 810,225 | mfu: 25.2% | epoch: 1 | remaining: 80s    
step 01369 (73.3%) | loss: 2.972096 | lrm: 0.53 | dt: 162ms | tok/sec: 810,017 | mfu: 25.2% | epoch: 1 | remaining: 80s    
step 01370 (73.3%) | loss: 2.972427 | lrm: 0.53 | dt: 162ms | tok/sec: 809,959 | mfu: 25.2% | epoch: 1 | remaining: 80s    
step 01371 (73.4%) | loss: 2.974757 | lrm: 0.53 | dt: 162ms | tok/sec: 809,832 | mfu: 25.2% | epoch: 1 | remaining: 80s    
step 01372 (73.4%) | loss: 2.978343 | lrm: 0.53 | dt: 162ms | tok/sec: 809,880 | mfu: 25.2% | epoch: 1 | remaining: 80s    
step 01373 (73.5%) | loss: 2.980673 | lrm: 0.53 | dt: 162ms | tok/sec: 810,045 | mfu: 25.2% | epoch: 1 | remaining: 79s    
step 01374 (73.5%) | loss: 2.975570 | lrm: 0.53 | dt: 162ms | tok/sec: 809,779 | mfu: 25.2% | epoch: 1 | remaining: 79s    
step 01375 (73.6%) | loss: 2.971803 | lrm: 0.53 | dt: 162ms | tok/sec: 809,582 | mfu: 25.2% | epoch: 1 | remaining: 79s    
step 01376 (73.7%) | loss: 2.978821 | lrm: 0.53 | dt: 162ms | tok/sec: 809,909 | mfu: 25.2% | epoch: 1 | remaining: 79s    
step 01377 (73.7%) | loss: 2.980702 | lrm: 0.53 | dt: 162ms | tok/sec: 809,921 | mfu: 25.2% | epoch: 1 | remaining: 79s    
step 01378 (73.8%) | loss: 2.982723 | lrm: 0.52 | dt: 162ms | tok/sec: 809,955 | mfu: 25.2% | epoch: 1 | remaining: 79s    
step 01379 (73.8%) | loss: 2.978576 | lrm: 0.52 | dt: 162ms | tok/sec: 809,937 | mfu: 25.2% | epoch: 1 | remaining: 78s    
step 01380 (73.9%) | loss: 2.981237 | lrm: 0.52 | dt: 162ms | tok/sec: 810,052 | mfu: 25.2% | epoch: 1 | remaining: 78s    
step 01381 (73.9%) | loss: 2.976364 | lrm: 0.52 | dt: 162ms | tok/sec: 810,082 | mfu: 25.2% | epoch: 1 | remaining: 78s    
step 01382 (74.0%) | loss: 2.977932 | lrm: 0.52 | dt: 162ms | tok/sec: 809,812 | mfu: 25.2% | epoch: 1 | remaining: 78s    
step 01383 (74.0%) | loss: 2.985940 | lrm: 0.52 | dt: 162ms | tok/sec: 809,853 | mfu: 25.2% | epoch: 1 | remaining: 78s    
step 01384 (74.1%) | loss: 2.983277 | lrm: 0.52 | dt: 162ms | tok/sec: 809,938 | mfu: 25.2% | epoch: 1 | remaining: 78s    
step 01385 (74.1%) | loss: 2.979465 | lrm: 0.52 | dt: 162ms | tok/sec: 809,814 | mfu: 25.2% | epoch: 1 | remaining: 77s    
step 01386 (74.2%) | loss: 2.971424 | lrm: 0.52 | dt: 162ms | tok/sec: 809,975 | mfu: 25.2% | epoch: 1 | remaining: 77s    
step 01387 (74.2%) | loss: 2.972014 | lrm: 0.52 | dt: 162ms | tok/sec: 809,966 | mfu: 25.2% | epoch: 1 | remaining: 77s    
step 01388 (74.3%) | loss: 2.975174 | lrm: 0.51 | dt: 162ms | tok/sec: 809,850 | mfu: 25.2% | epoch: 1 | remaining: 77s    
step 01389 (74.4%) | loss: 2.971338 | lrm: 0.51 | dt: 162ms | tok/sec: 809,930 | mfu: 25.2% | epoch: 1 | remaining: 77s    
step 01390 (74.4%) | loss: 2.967799 | lrm: 0.51 | dt: 162ms | tok/sec: 809,616 | mfu: 25.2% | epoch: 1 | remaining: 77s    
step 01391 (74.5%) | loss: 2.961882 | lrm: 0.51 | dt: 162ms | tok/sec: 809,902 | mfu: 25.2% | epoch: 1 | remaining: 76s    
step 01392 (74.5%) | loss: 2.960382 | lrm: 0.51 | dt: 162ms | tok/sec: 810,196 | mfu: 25.2% | epoch: 1 | remaining: 76s    
step 01393 (74.6%) | loss: 2.962578 | lrm: 0.51 | dt: 162ms | tok/sec: 809,977 | mfu: 25.2% | epoch: 1 | remaining: 76s    
step 01394 (74.6%) | loss: 2.961359 | lrm: 0.51 | dt: 162ms | tok/sec: 809,787 | mfu: 25.2% | epoch: 1 | remaining: 76s    
step 01395 (74.7%) | loss: 2.958886 | lrm: 0.51 | dt: 162ms | tok/sec: 810,084 | mfu: 25.2% | epoch: 1 | remaining: 76s    
step 01396 (74.7%) | loss: 2.955689 | lrm: 0.51 | dt: 162ms | tok/sec: 810,177 | mfu: 25.2% | epoch: 1 | remaining: 76s    
step 01397 (74.8%) | loss: 2.953052 | lrm: 0.50 | dt: 162ms | tok/sec: 810,205 | mfu: 25.2% | epoch: 1 | remaining: 75s    
step 01398 (74.8%) | loss: 2.956095 | lrm: 0.50 | dt: 162ms | tok/sec: 810,322 | mfu: 25.2% | epoch: 1 | remaining: 75s    
step 01399 (74.9%) | loss: 2.954370 | lrm: 0.50 | dt: 162ms | tok/sec: 810,135 | mfu: 25.2% | epoch: 1 | remaining: 75s    
step 01400 (74.9%) | loss: 2.955187 | lrm: 0.50 | dt: 162ms | tok/sec: 810,041 | mfu: 25.2% | epoch: 1 | remaining: 75s    
step 01401 (75.0%) | loss: 2.954778 | lrm: 0.50 | dt: 162ms | tok/sec: 809,420 | mfu: 25.2% | epoch: 1 | remaining: 75s    
step 01402 (75.1%) | loss: 2.955524 | lrm: 0.50 | dt: 162ms | tok/sec: 810,128 | mfu: 25.2% | epoch: 1 | remaining: 75s    
step 01403 (75.1%) | loss: 2.954495 | lrm: 0.50 | dt: 162ms | tok/sec: 810,126 | mfu: 25.2% | epoch: 1 | remaining: 75s    
step 01404 (75.2%) | loss: 2.953006 | lrm: 0.50 | dt: 162ms | tok/sec: 809,904 | mfu: 25.2% | epoch: 1 | remaining: 74s    
step 01405 (75.2%) | loss: 2.954419 | lrm: 0.50 | dt: 162ms | tok/sec: 810,078 | mfu: 25.2% | epoch: 1 | remaining: 74s    
step 01406 (75.3%) | loss: 2.950092 | lrm: 0.49 | dt: 162ms | tok/sec: 810,004 | mfu: 25.2% | epoch: 1 | remaining: 74s    
step 01407 (75.3%) | loss: 2.955435 | lrm: 0.49 | dt: 162ms | tok/sec: 810,038 | mfu: 25.2% | epoch: 1 | remaining: 74s    
step 01408 (75.4%) | loss: 2.950977 | lrm: 0.49 | dt: 162ms | tok/sec: 810,101 | mfu: 25.2% | epoch: 1 | remaining: 74s    
step 01409 (75.4%) | loss: 2.950880 | lrm: 0.49 | dt: 162ms | tok/sec: 810,022 | mfu: 25.2% | epoch: 1 | remaining: 74s    
step 01410 (75.5%) | loss: 2.946842 | lrm: 0.49 | dt: 162ms | tok/sec: 809,856 | mfu: 25.2% | epoch: 1 | remaining: 73s    
step 01411 (75.5%) | loss: 2.949587 | lrm: 0.49 | dt: 162ms | tok/sec: 810,252 | mfu: 25.2% | epoch: 1 | remaining: 73s    
step 01412 (75.6%) | loss: 2.959807 | lrm: 0.49 | dt: 162ms | tok/sec: 810,021 | mfu: 25.2% | epoch: 1 | remaining: 73s    
step 01413 (75.6%) | loss: 2.957227 | lrm: 0.49 | dt: 162ms | tok/sec: 809,881 | mfu: 25.2% | epoch: 1 | remaining: 73s    
step 01414 (75.7%) | loss: 2.958991 | lrm: 0.49 | dt: 162ms | tok/sec: 810,082 | mfu: 25.2% | epoch: 1 | remaining: 73s    
step 01415 (75.8%) | loss: 2.957247 | lrm: 0.48 | dt: 162ms | tok/sec: 810,049 | mfu: 25.2% | epoch: 1 | remaining: 73s    
step 01416 (75.8%) | loss: 2.953661 | lrm: 0.48 | dt: 162ms | tok/sec: 809,953 | mfu: 25.2% | epoch: 1 | remaining: 72s    
step 01417 (75.9%) | loss: 2.950745 | lrm: 0.48 | dt: 162ms | tok/sec: 809,949 | mfu: 25.2% | epoch: 1 | remaining: 72s    
step 01418 (75.9%) | loss: 2.949325 | lrm: 0.48 | dt: 162ms | tok/sec: 809,933 | mfu: 25.2% | epoch: 1 | remaining: 72s    
step 01419 (76.0%) | loss: 2.943339 | lrm: 0.48 | dt: 162ms | tok/sec: 809,627 | mfu: 25.2% | epoch: 1 | remaining: 72s    
step 01420 (76.0%) | loss: 2.943463 | lrm: 0.48 | dt: 162ms | tok/sec: 809,818 | mfu: 25.2% | epoch: 1 | remaining: 72s    
step 01421 (76.1%) | loss: 2.950383 | lrm: 0.48 | dt: 162ms | tok/sec: 809,910 | mfu: 25.2% | epoch: 1 | remaining: 72s    
step 01422 (76.1%) | loss: 2.942135 | lrm: 0.48 | dt: 162ms | tok/sec: 809,471 | mfu: 25.2% | epoch: 1 | remaining: 71s    
step 01423 (76.2%) | loss: 2.941520 | lrm: 0.48 | dt: 162ms | tok/sec: 809,965 | mfu: 25.2% | epoch: 1 | remaining: 71s    
step 01424 (76.2%) | loss: 2.946001 | lrm: 0.48 | dt: 162ms | tok/sec: 809,804 | mfu: 25.2% | epoch: 1 | remaining: 71s    
step 01425 (76.3%) | loss: 2.943921 | lrm: 0.47 | dt: 162ms | tok/sec: 809,886 | mfu: 25.2% | epoch: 1 | remaining: 71s    
step 01426 (76.3%) | loss: 2.948844 | lrm: 0.47 | dt: 162ms | tok/sec: 809,712 | mfu: 25.2% | epoch: 1 | remaining: 71s    
step 01427 (76.4%) | loss: 2.952166 | lrm: 0.47 | dt: 162ms | tok/sec: 809,733 | mfu: 25.2% | epoch: 1 | remaining: 71s    
step 01428 (76.5%) | loss: 2.945961 | lrm: 0.47 | dt: 162ms | tok/sec: 809,880 | mfu: 25.2% | epoch: 1 | remaining: 70s    
step 01429 (76.5%) | loss: 2.940626 | lrm: 0.47 | dt: 162ms | tok/sec: 809,836 | mfu: 25.2% | epoch: 1 | remaining: 70s    
step 01430 (76.6%) | loss: 2.944129 | lrm: 0.47 | dt: 162ms | tok/sec: 809,927 | mfu: 25.2% | epoch: 1 | remaining: 70s    
step 01431 (76.6%) | loss: 2.949908 | lrm: 0.47 | dt: 162ms | tok/sec: 809,983 | mfu: 25.2% | epoch: 1 | remaining: 70s    
step 01432 (76.7%) | loss: 2.941227 | lrm: 0.47 | dt: 162ms | tok/sec: 809,492 | mfu: 25.2% | epoch: 1 | remaining: 70s    
step 01433 (76.7%) | loss: 2.941016 | lrm: 0.47 | dt: 162ms | tok/sec: 809,583 | mfu: 25.2% | epoch: 1 | remaining: 70s    
step 01434 (76.8%) | loss: 2.947496 | lrm: 0.46 | dt: 162ms | tok/sec: 809,748 | mfu: 25.2% | epoch: 1 | remaining: 70s    
step 01435 (76.8%) | loss: 2.947611 | lrm: 0.46 | dt: 162ms | tok/sec: 809,587 | mfu: 25.2% | epoch: 1 | remaining: 69s    
step 01436 (76.9%) | loss: 2.945080 | lrm: 0.46 | dt: 162ms | tok/sec: 809,259 | mfu: 25.2% | epoch: 1 | remaining: 69s    
step 01437 (76.9%) | loss: 2.942399 | lrm: 0.46 | dt: 162ms | tok/sec: 810,036 | mfu: 25.2% | epoch: 1 | remaining: 69s    
step 01438 (77.0%) | loss: 2.948181 | lrm: 0.46 | dt: 162ms | tok/sec: 809,924 | mfu: 25.2% | epoch: 1 | remaining: 69s    
step 01439 (77.0%) | loss: 2.947279 | lrm: 0.46 | dt: 162ms | tok/sec: 809,841 | mfu: 25.2% | epoch: 1 | remaining: 69s    
step 01440 (77.1%) | loss: 2.951636 | lrm: 0.46 | dt: 162ms | tok/sec: 809,605 | mfu: 25.2% | epoch: 1 | remaining: 69s    
step 01441 (77.2%) | loss: 2.944536 | lrm: 0.46 | dt: 162ms | tok/sec: 808,194 | mfu: 25.2% | epoch: 1 | remaining: 68s    
step 01442 (77.2%) | loss: 2.942583 | lrm: 0.46 | dt: 162ms | tok/sec: 809,411 | mfu: 25.2% | epoch: 1 | remaining: 68s    
step 01443 (77.3%) | loss: 2.943844 | lrm: 0.45 | dt: 162ms | tok/sec: 809,740 | mfu: 25.2% | epoch: 1 | remaining: 68s    
step 01444 (77.3%) | loss: 2.943078 | lrm: 0.45 | dt: 162ms | tok/sec: 808,931 | mfu: 25.2% | epoch: 1 | remaining: 68s    
step 01445 (77.4%) | loss: 2.941476 | lrm: 0.45 | dt: 162ms | tok/sec: 809,386 | mfu: 25.2% | epoch: 1 | remaining: 68s    
step 01446 (77.4%) | loss: 2.943926 | lrm: 0.45 | dt: 162ms | tok/sec: 809,217 | mfu: 25.2% | epoch: 1 | remaining: 68s    
step 01447 (77.5%) | loss: 2.943260 | lrm: 0.45 | dt: 162ms | tok/sec: 809,694 | mfu: 25.2% | epoch: 1 | remaining: 67s    
step 01448 (77.5%) | loss: 2.932096 | lrm: 0.45 | dt: 162ms | tok/sec: 809,512 | mfu: 25.2% | epoch: 1 | remaining: 67s    
step 01449 (77.6%) | loss: 2.931464 | lrm: 0.45 | dt: 162ms | tok/sec: 809,701 | mfu: 25.2% | epoch: 1 | remaining: 67s    
step 01450 (77.6%) | loss: 2.926217 | lrm: 0.45 | dt: 162ms | tok/sec: 809,677 | mfu: 25.2% | epoch: 1 | remaining: 67s    
step 01451 (77.7%) | loss: 2.927056 | lrm: 0.45 | dt: 162ms | tok/sec: 809,632 | mfu: 25.2% | epoch: 1 | remaining: 67s    
step 01452 (77.8%) | loss: 2.928070 | lrm: 0.44 | dt: 162ms | tok/sec: 809,523 | mfu: 25.2% | epoch: 1 | remaining: 67s    
step 01453 (77.8%) | loss: 2.944859 | lrm: 0.44 | dt: 162ms | tok/sec: 809,563 | mfu: 25.2% | epoch: 1 | remaining: 66s    
step 01454 (77.9%) | loss: 2.947738 | lrm: 0.44 | dt: 162ms | tok/sec: 809,621 | mfu: 25.2% | epoch: 1 | remaining: 66s    
step 01455 (77.9%) | loss: 2.948079 | lrm: 0.44 | dt: 162ms | tok/sec: 809,490 | mfu: 25.2% | epoch: 1 | remaining: 66s    
step 01456 (78.0%) | loss: 2.943569 | lrm: 0.44 | dt: 162ms | tok/sec: 809,579 | mfu: 25.2% | epoch: 1 | remaining: 66s    
step 01457 (78.0%) | loss: 2.948099 | lrm: 0.44 | dt: 162ms | tok/sec: 809,413 | mfu: 25.2% | epoch: 1 | remaining: 66s    
step 01458 (78.1%) | loss: 2.943261 | lrm: 0.44 | dt: 162ms | tok/sec: 809,477 | mfu: 25.2% | epoch: 1 | remaining: 66s    
step 01459 (78.1%) | loss: 2.942339 | lrm: 0.44 | dt: 162ms | tok/sec: 809,534 | mfu: 25.2% | epoch: 1 | remaining: 65s    
step 01460 (78.2%) | loss: 2.940667 | lrm: 0.44 | dt: 162ms | tok/sec: 809,735 | mfu: 25.2% | epoch: 1 | remaining: 65s    
step 01461 (78.2%) | loss: 2.946514 | lrm: 0.44 | dt: 162ms | tok/sec: 809,692 | mfu: 25.2% | epoch: 1 | remaining: 65s    
step 01462 (78.3%) | loss: 2.943157 | lrm: 0.43 | dt: 162ms | tok/sec: 809,692 | mfu: 25.2% | epoch: 1 | remaining: 65s    
step 01463 (78.3%) | loss: 2.945592 | lrm: 0.43 | dt: 162ms | tok/sec: 809,131 | mfu: 25.2% | epoch: 1 | remaining: 65s    
step 01464 (78.4%) | loss: 2.940197 | lrm: 0.43 | dt: 162ms | tok/sec: 809,438 | mfu: 25.2% | epoch: 1 | remaining: 65s    
step 01465 (78.5%) | loss: 2.933282 | lrm: 0.43 | dt: 162ms | tok/sec: 809,335 | mfu: 25.2% | epoch: 1 | remaining: 64s    
step 01466 (78.5%) | loss: 2.934187 | lrm: 0.43 | dt: 162ms | tok/sec: 809,750 | mfu: 25.2% | epoch: 1 | remaining: 64s    
step 01467 (78.6%) | loss: 2.930349 | lrm: 0.43 | dt: 162ms | tok/sec: 809,590 | mfu: 25.2% | epoch: 1 | remaining: 64s    
step 01468 (78.6%) | loss: 2.930644 | lrm: 0.43 | dt: 162ms | tok/sec: 809,719 | mfu: 25.2% | epoch: 1 | remaining: 64s    
step 01469 (78.7%) | loss: 2.933485 | lrm: 0.43 | dt: 162ms | tok/sec: 809,240 | mfu: 25.2% | epoch: 1 | remaining: 64s    
step 01470 (78.7%) | loss: 2.940408 | lrm: 0.43 | dt: 162ms | tok/sec: 809,636 | mfu: 25.2% | epoch: 1 | remaining: 64s    
step 01471 (78.8%) | loss: 2.939447 | lrm: 0.42 | dt: 162ms | tok/sec: 809,579 | mfu: 25.2% | epoch: 1 | remaining: 64s    
step 01472 (78.8%) | loss: 2.935963 | lrm: 0.42 | dt: 162ms | tok/sec: 809,355 | mfu: 25.2% | epoch: 1 | remaining: 63s    
step 01473 (78.9%) | loss: 2.938400 | lrm: 0.42 | dt: 162ms | tok/sec: 809,562 | mfu: 25.2% | epoch: 1 | remaining: 63s    
step 01474 (78.9%) | loss: 2.939533 | lrm: 0.42 | dt: 162ms | tok/sec: 809,544 | mfu: 25.2% | epoch: 1 | remaining: 63s    
step 01475 (79.0%) | loss: 2.939992 | lrm: 0.42 | dt: 162ms | tok/sec: 809,776 | mfu: 25.2% | epoch: 1 | remaining: 63s    
step 01476 (79.0%) | loss: 2.936519 | lrm: 0.42 | dt: 162ms | tok/sec: 809,631 | mfu: 25.2% | epoch: 1 | remaining: 63s    
step 01477 (79.1%) | loss: 2.927477 | lrm: 0.42 | dt: 162ms | tok/sec: 809,582 | mfu: 25.2% | epoch: 1 | remaining: 63s    
step 01478 (79.2%) | loss: 2.932612 | lrm: 0.42 | dt: 162ms | tok/sec: 809,670 | mfu: 25.2% | epoch: 1 | remaining: 62s    
step 01479 (79.2%) | loss: 2.931482 | lrm: 0.42 | dt: 162ms | tok/sec: 809,450 | mfu: 25.2% | epoch: 1 | remaining: 62s    
step 01480 (79.3%) | loss: 2.929190 | lrm: 0.41 | dt: 162ms | tok/sec: 809,404 | mfu: 25.2% | epoch: 1 | remaining: 62s    
step 01481 (79.3%) | loss: 2.928911 | lrm: 0.41 | dt: 162ms | tok/sec: 807,331 | mfu: 25.2% | epoch: 1 | remaining: 62s    
step 01482 (79.4%) | loss: 2.926319 | lrm: 0.41 | dt: 162ms | tok/sec: 809,921 | mfu: 25.2% | epoch: 1 | remaining: 62s    
step 01483 (79.4%) | loss: 2.925209 | lrm: 0.41 | dt: 162ms | tok/sec: 809,600 | mfu: 25.2% | epoch: 1 | remaining: 62s    
step 01484 (79.5%) | loss: 2.922650 | lrm: 0.41 | dt: 162ms | tok/sec: 810,002 | mfu: 25.2% | epoch: 1 | remaining: 61s    
step 01485 (79.5%) | loss: 2.921163 | lrm: 0.41 | dt: 162ms | tok/sec: 809,694 | mfu: 25.2% | epoch: 1 | remaining: 61s    
step 01486 (79.6%) | loss: 2.924204 | lrm: 0.41 | dt: 162ms | tok/sec: 809,938 | mfu: 25.2% | epoch: 1 | remaining: 61s    
step 01487 (79.6%) | loss: 2.920191 | lrm: 0.41 | dt: 162ms | tok/sec: 809,450 | mfu: 25.2% | epoch: 1 | remaining: 61s    
step 01488 (79.7%) | loss: 2.921297 | lrm: 0.41 | dt: 162ms | tok/sec: 807,979 | mfu: 25.2% | epoch: 1 | remaining: 61s    
step 01489 (79.7%) | loss: 2.916473 | lrm: 0.41 | dt: 162ms | tok/sec: 809,122 | mfu: 25.2% | epoch: 1 | remaining: 61s    
step 01490 (79.8%) | loss: 2.923165 | lrm: 0.40 | dt: 162ms | tok/sec: 809,179 | mfu: 25.2% | epoch: 1 | remaining: 60s    
step 01491 (79.9%) | loss: 2.925512 | lrm: 0.40 | dt: 162ms | tok/sec: 809,768 | mfu: 25.2% | epoch: 1 | remaining: 60s    
step 01492 (79.9%) | loss: 2.917299 | lrm: 0.40 | dt: 162ms | tok/sec: 809,780 | mfu: 25.2% | epoch: 1 | remaining: 60s    
step 01493 (80.0%) | loss: 2.919289 | lrm: 0.40 | dt: 162ms | tok/sec: 809,521 | mfu: 25.2% | epoch: 1 | remaining: 60s    
step 01494 (80.0%) | loss: 2.923345 | lrm: 0.40 | dt: 162ms | tok/sec: 809,928 | mfu: 25.2% | epoch: 1 | remaining: 60s    
step 01495 (80.1%) | loss: 2.923071 | lrm: 0.40 | dt: 162ms | tok/sec: 809,795 | mfu: 25.2% | epoch: 1 | remaining: 60s    
step 01496 (80.1%) | loss: 2.932949 | lrm: 0.40 | dt: 162ms | tok/sec: 809,857 | mfu: 25.2% | epoch: 1 | remaining: 59s    
step 01497 (80.2%) | loss: 2.932502 | lrm: 0.40 | dt: 162ms | tok/sec: 809,899 | mfu: 25.2% | epoch: 1 | remaining: 59s    
step 01498 (80.2%) | loss: 2.926544 | lrm: 0.40 | dt: 162ms | tok/sec: 809,897 | mfu: 25.2% | epoch: 1 | remaining: 59s    
step 01499 (80.3%) | loss: 2.923268 | lrm: 0.39 | dt: 162ms | tok/sec: 809,887 | mfu: 25.2% | epoch: 1 | remaining: 59s    
step 01500 (80.3%) | loss: 2.919153 | lrm: 0.39 | dt: 162ms | tok/sec: 809,915 | mfu: 25.2% | epoch: 1 | remaining: 59s    
step 01501 (80.4%) | loss: 2.914996 | lrm: 0.39 | dt: 162ms | tok/sec: 809,551 | mfu: 25.2% | epoch: 1 | remaining: 59s    
step 01502 (80.4%) | loss: 2.917394 | lrm: 0.39 | dt: 162ms | tok/sec: 809,321 | mfu: 25.2% | epoch: 1 | remaining: 58s    
step 01503 (80.5%) | loss: 2.915105 | lrm: 0.39 | dt: 162ms | tok/sec: 809,711 | mfu: 25.2% | epoch: 1 | remaining: 58s    
step 01504 (80.6%) | loss: 2.913934 | lrm: 0.39 | dt: 162ms | tok/sec: 809,773 | mfu: 25.2% | epoch: 1 | remaining: 58s    
step 01505 (80.6%) | loss: 2.909271 | lrm: 0.39 | dt: 162ms | tok/sec: 810,170 | mfu: 25.2% | epoch: 1 | remaining: 58s    
step 01506 (80.7%) | loss: 2.917252 | lrm: 0.39 | dt: 162ms | tok/sec: 809,955 | mfu: 25.2% | epoch: 1 | remaining: 58s    
step 01507 (80.7%) | loss: 2.913590 | lrm: 0.39 | dt: 162ms | tok/sec: 809,638 | mfu: 25.2% | epoch: 1 | remaining: 58s    
step 01508 (80.8%) | loss: 2.918558 | lrm: 0.38 | dt: 162ms | tok/sec: 809,736 | mfu: 25.2% | epoch: 1 | remaining: 58s    
step 01509 (80.8%) | loss: 2.918644 | lrm: 0.38 | dt: 162ms | tok/sec: 809,983 | mfu: 25.2% | epoch: 1 | remaining: 57s    
step 01510 (80.9%) | loss: 2.922374 | lrm: 0.38 | dt: 162ms | tok/sec: 809,709 | mfu: 25.2% | epoch: 1 | remaining: 57s    
step 01511 (80.9%) | loss: 2.917248 | lrm: 0.38 | dt: 162ms | tok/sec: 809,944 | mfu: 25.2% | epoch: 1 | remaining: 57s    
step 01512 (81.0%) | loss: 2.921379 | lrm: 0.38 | dt: 162ms | tok/sec: 809,857 | mfu: 25.2% | epoch: 1 | remaining: 57s    
step 01513 (81.0%) | loss: 2.924188 | lrm: 0.38 | dt: 162ms | tok/sec: 809,933 | mfu: 25.2% | epoch: 1 | remaining: 57s    
step 01514 (81.1%) | loss: 2.923751 | lrm: 0.38 | dt: 162ms | tok/sec: 809,934 | mfu: 25.2% | epoch: 1 | remaining: 57s    
step 01515 (81.2%) | loss: 2.926609 | lrm: 0.38 | dt: 162ms | tok/sec: 810,034 | mfu: 25.2% | epoch: 1 | remaining: 56s    
step 01516 (81.2%) | loss: 2.927471 | lrm: 0.38 | dt: 162ms | tok/sec: 810,114 | mfu: 25.2% | epoch: 1 | remaining: 56s    
step 01517 (81.3%) | loss: 2.933397 | lrm: 0.37 | dt: 162ms | tok/sec: 809,940 | mfu: 25.2% | epoch: 1 | remaining: 56s    
step 01518 (81.3%) | loss: 2.931607 | lrm: 0.37 | dt: 162ms | tok/sec: 809,754 | mfu: 25.2% | epoch: 1 | remaining: 56s    
step 01519 (81.4%) | loss: 2.928167 | lrm: 0.37 | dt: 162ms | tok/sec: 809,968 | mfu: 25.2% | epoch: 1 | remaining: 56s    
step 01520 (81.4%) | loss: 2.925833 | lrm: 0.37 | dt: 162ms | tok/sec: 809,875 | mfu: 25.2% | epoch: 1 | remaining: 56s    
step 01521 (81.5%) | loss: 2.919029 | lrm: 0.37 | dt: 162ms | tok/sec: 810,140 | mfu: 25.2% | epoch: 1 | remaining: 55s    
step 01522 (81.5%) | loss: 2.912018 | lrm: 0.37 | dt: 162ms | tok/sec: 809,930 | mfu: 25.2% | epoch: 1 | remaining: 55s    
step 01523 (81.6%) | loss: 2.907910 | lrm: 0.37 | dt: 162ms | tok/sec: 809,990 | mfu: 25.2% | epoch: 1 | remaining: 55s    
step 01524 (81.6%) | loss: 2.906832 | lrm: 0.37 | dt: 162ms | tok/sec: 809,751 | mfu: 25.2% | epoch: 1 | remaining: 55s    
step 01525 (81.7%) | loss: 2.913961 | lrm: 0.37 | dt: 162ms | tok/sec: 810,028 | mfu: 25.2% | epoch: 1 | remaining: 55s    
step 01526 (81.7%) | loss: 2.918874 | lrm: 0.37 | dt: 162ms | tok/sec: 809,606 | mfu: 25.2% | epoch: 1 | remaining: 55s    
step 01527 (81.8%) | loss: 2.918389 | lrm: 0.36 | dt: 162ms | tok/sec: 808,715 | mfu: 25.2% | epoch: 1 | remaining: 54s    
step 01528 (81.9%) | loss: 2.917782 | lrm: 0.36 | dt: 162ms | tok/sec: 809,607 | mfu: 25.2% | epoch: 1 | remaining: 54s    
step 01529 (81.9%) | loss: 2.916660 | lrm: 0.36 | dt: 162ms | tok/sec: 809,995 | mfu: 25.2% | epoch: 1 | remaining: 54s    
step 01530 (82.0%) | loss: 2.909763 | lrm: 0.36 | dt: 162ms | tok/sec: 810,069 | mfu: 25.2% | epoch: 1 | remaining: 54s    
step 01531 (82.0%) | loss: 2.912590 | lrm: 0.36 | dt: 162ms | tok/sec: 809,845 | mfu: 25.2% | epoch: 1 | remaining: 54s    
step 01532 (82.1%) | loss: 2.907823 | lrm: 0.36 | dt: 162ms | tok/sec: 809,921 | mfu: 25.2% | epoch: 1 | remaining: 54s    
step 01533 (82.1%) | loss: 2.907198 | lrm: 0.36 | dt: 162ms | tok/sec: 810,071 | mfu: 25.2% | epoch: 1 | remaining: 53s    
step 01534 (82.2%) | loss: 2.904689 | lrm: 0.36 | dt: 162ms | tok/sec: 810,227 | mfu: 25.2% | epoch: 1 | remaining: 53s    
step 01535 (82.2%) | loss: 2.907226 | lrm: 0.36 | dt: 162ms | tok/sec: 810,112 | mfu: 25.2% | epoch: 1 | remaining: 53s    
step 01536 (82.3%) | loss: 2.908695 | lrm: 0.35 | dt: 162ms | tok/sec: 809,916 | mfu: 25.2% | epoch: 1 | remaining: 53s    
step 01537 (82.3%) | loss: 2.914212 | lrm: 0.35 | dt: 162ms | tok/sec: 809,735 | mfu: 25.2% | epoch: 1 | remaining: 53s    
step 01538 (82.4%) | loss: 2.914594 | lrm: 0.35 | dt: 162ms | tok/sec: 810,447 | mfu: 25.3% | epoch: 1 | remaining: 53s    
step 01539 (82.4%) | loss: 2.916263 | lrm: 0.35 | dt: 162ms | tok/sec: 809,936 | mfu: 25.2% | epoch: 1 | remaining: 53s    
step 01540 (82.5%) | loss: 2.913092 | lrm: 0.35 | dt: 162ms | tok/sec: 809,439 | mfu: 25.2% | epoch: 1 | remaining: 52s    
step 01541 (82.6%) | loss: 2.910451 | lrm: 0.35 | dt: 162ms | tok/sec: 809,905 | mfu: 25.2% | epoch: 1 | remaining: 52s    
step 01542 (82.6%) | loss: 2.915401 | lrm: 0.35 | dt: 162ms | tok/sec: 809,208 | mfu: 25.2% | epoch: 1 | remaining: 52s    
step 01543 (82.7%) | loss: 2.916857 | lrm: 0.35 | dt: 162ms | tok/sec: 809,386 | mfu: 25.2% | epoch: 1 | remaining: 52s    
step 01544 (82.7%) | loss: 2.921732 | lrm: 0.35 | dt: 162ms | tok/sec: 810,129 | mfu: 25.2% | epoch: 1 | remaining: 52s    
step 01545 (82.8%) | loss: 2.915993 | lrm: 0.34 | dt: 162ms | tok/sec: 809,985 | mfu: 25.2% | epoch: 1 | remaining: 52s    
step 01546 (82.8%) | loss: 2.914000 | lrm: 0.34 | dt: 162ms | tok/sec: 809,851 | mfu: 25.2% | epoch: 1 | remaining: 51s    
step 01547 (82.9%) | loss: 2.921924 | lrm: 0.34 | dt: 162ms | tok/sec: 808,695 | mfu: 25.2% | epoch: 1 | remaining: 51s    
step 01548 (82.9%) | loss: 2.929637 | lrm: 0.34 | dt: 162ms | tok/sec: 809,490 | mfu: 25.2% | epoch: 1 | remaining: 51s    
step 01549 (83.0%) | loss: 2.925484 | lrm: 0.34 | dt: 162ms | tok/sec: 809,839 | mfu: 25.2% | epoch: 1 | remaining: 51s    
step 01550 (83.0%) | loss: 2.928210 | lrm: 0.34 | dt: 162ms | tok/sec: 810,067 | mfu: 25.2% | epoch: 1 | remaining: 51s    
step 01551 (83.1%) | loss: 2.921125 | lrm: 0.34 | dt: 162ms | tok/sec: 809,758 | mfu: 25.2% | epoch: 1 | remaining: 51s    
step 01552 (83.1%) | loss: 2.916400 | lrm: 0.34 | dt: 162ms | tok/sec: 809,548 | mfu: 25.2% | epoch: 1 | remaining: 50s    
step 01553 (83.2%) | loss: 2.909162 | lrm: 0.34 | dt: 162ms | tok/sec: 809,341 | mfu: 25.2% | epoch: 1 | remaining: 50s    
step 01554 (83.3%) | loss: 2.906393 | lrm: 0.33 | dt: 162ms | tok/sec: 809,707 | mfu: 25.2% | epoch: 1 | remaining: 50s    
step 01555 (83.3%) | loss: 2.907252 | lrm: 0.33 | dt: 162ms | tok/sec: 809,813 | mfu: 25.2% | epoch: 1 | remaining: 50s    
step 01556 (83.4%) | loss: 2.904384 | lrm: 0.33 | dt: 162ms | tok/sec: 809,774 | mfu: 25.2% | epoch: 1 | remaining: 50s    
step 01557 (83.4%) | loss: 2.906952 | lrm: 0.33 | dt: 162ms | tok/sec: 809,989 | mfu: 25.2% | epoch: 1 | remaining: 50s    
step 01558 (83.5%) | loss: 2.908208 | lrm: 0.33 | dt: 162ms | tok/sec: 809,639 | mfu: 25.2% | epoch: 1 | remaining: 49s    
step 01559 (83.5%) | loss: 2.909668 | lrm: 0.33 | dt: 162ms | tok/sec: 809,986 | mfu: 25.2% | epoch: 1 | remaining: 49s    
step 01560 (83.6%) | loss: 2.905218 | lrm: 0.33 | dt: 162ms | tok/sec: 808,636 | mfu: 25.2% | epoch: 1 | remaining: 49s    
step 01561 (83.6%) | loss: 2.904204 | lrm: 0.33 | dt: 162ms | tok/sec: 809,750 | mfu: 25.2% | epoch: 1 | remaining: 49s    
step 01562 (83.7%) | loss: 2.908149 | lrm: 0.33 | dt: 162ms | tok/sec: 809,974 | mfu: 25.2% | epoch: 1 | remaining: 49s    
step 01563 (83.7%) | loss: 2.906410 | lrm: 0.33 | dt: 162ms | tok/sec: 809,726 | mfu: 25.2% | epoch: 1 | remaining: 49s    
step 01564 (83.8%) | loss: 2.904246 | lrm: 0.32 | dt: 162ms | tok/sec: 809,780 | mfu: 25.2% | epoch: 1 | remaining: 48s    
step 01565 (83.8%) | loss: 2.903161 | lrm: 0.32 | dt: 162ms | tok/sec: 810,007 | mfu: 25.2% | epoch: 1 | remaining: 48s    
step 01566 (83.9%) | loss: 2.902455 | lrm: 0.32 | dt: 162ms | tok/sec: 810,032 | mfu: 25.2% | epoch: 1 | remaining: 48s    
step 01567 (84.0%) | loss: 2.902155 | lrm: 0.32 | dt: 162ms | tok/sec: 809,714 | mfu: 25.2% | epoch: 1 | remaining: 48s    
step 01568 (84.0%) | loss: 2.897141 | lrm: 0.32 | dt: 162ms | tok/sec: 810,007 | mfu: 25.2% | epoch: 1 | remaining: 48s    
step 01569 (84.1%) | loss: 2.897779 | lrm: 0.32 | dt: 162ms | tok/sec: 810,206 | mfu: 25.2% | epoch: 1 | remaining: 48s    
step 01570 (84.1%) | loss: 2.896760 | lrm: 0.32 | dt: 162ms | tok/sec: 810,168 | mfu: 25.2% | epoch: 1 | remaining: 47s    
step 01571 (84.2%) | loss: 2.891535 | lrm: 0.32 | dt: 162ms | tok/sec: 809,776 | mfu: 25.2% | epoch: 1 | remaining: 47s    
step 01572 (84.2%) | loss: 2.890236 | lrm: 0.32 | dt: 162ms | tok/sec: 810,248 | mfu: 25.2% | epoch: 1 | remaining: 47s    
step 01573 (84.3%) | loss: 2.889296 | lrm: 0.31 | dt: 162ms | tok/sec: 810,257 | mfu: 25.2% | epoch: 1 | remaining: 47s    
step 01574 (84.3%) | loss: 2.888881 | lrm: 0.31 | dt: 162ms | tok/sec: 810,012 | mfu: 25.2% | epoch: 1 | remaining: 47s    
step 01575 (84.4%) | loss: 2.893653 | lrm: 0.31 | dt: 162ms | tok/sec: 810,330 | mfu: 25.2% | epoch: 1 | remaining: 47s    
step 01576 (84.4%) | loss: 2.904664 | lrm: 0.31 | dt: 162ms | tok/sec: 810,475 | mfu: 25.3% | epoch: 1 | remaining: 47s    
step 01577 (84.5%) | loss: 2.899492 | lrm: 0.31 | dt: 162ms | tok/sec: 809,620 | mfu: 25.2% | epoch: 1 | remaining: 46s    
step 01578 (84.5%) | loss: 2.891470 | lrm: 0.31 | dt: 162ms | tok/sec: 807,868 | mfu: 25.2% | epoch: 1 | remaining: 46s    
step 01579 (84.6%) | loss: 2.893360 | lrm: 0.31 | dt: 162ms | tok/sec: 809,388 | mfu: 25.2% | epoch: 1 | remaining: 46s    
step 01580 (84.7%) | loss: 2.893953 | lrm: 0.31 | dt: 162ms | tok/sec: 808,333 | mfu: 25.2% | epoch: 1 | remaining: 46s    
step 01581 (84.7%) | loss: 2.895671 | lrm: 0.31 | dt: 162ms | tok/sec: 809,609 | mfu: 25.2% | epoch: 1 | remaining: 46s    
step 01582 (84.8%) | loss: 2.892420 | lrm: 0.30 | dt: 162ms | tok/sec: 808,968 | mfu: 25.2% | epoch: 1 | remaining: 46s    
step 01583 (84.8%) | loss: 2.888064 | lrm: 0.30 | dt: 162ms | tok/sec: 809,198 | mfu: 25.2% | epoch: 1 | remaining: 45s    
step 01584 (84.9%) | loss: 2.893746 | lrm: 0.30 | dt: 162ms | tok/sec: 809,732 | mfu: 25.2% | epoch: 1 | remaining: 45s    
step 01585 (84.9%) | loss: 2.899048 | lrm: 0.30 | dt: 162ms | tok/sec: 810,165 | mfu: 25.2% | epoch: 1 | remaining: 45s    
step 01586 (85.0%) | loss: 2.889511 | lrm: 0.30 | dt: 162ms | tok/sec: 809,690 | mfu: 25.2% | epoch: 1 | remaining: 45s    
step 01587 (85.0%) | loss: 2.887630 | lrm: 0.30 | dt: 162ms | tok/sec: 810,076 | mfu: 25.2% | epoch: 1 | remaining: 45s    
step 01588 (85.1%) | loss: 2.890089 | lrm: 0.30 | dt: 162ms | tok/sec: 810,188 | mfu: 25.2% | epoch: 1 | remaining: 45s    
step 01589 (85.1%) | loss: 2.890983 | lrm: 0.30 | dt: 162ms | tok/sec: 809,564 | mfu: 25.2% | epoch: 1 | remaining: 44s    
step 01590 (85.2%) | loss: 2.891049 | lrm: 0.30 | dt: 162ms | tok/sec: 810,003 | mfu: 25.2% | epoch: 1 | remaining: 44s    
step 01591 (85.3%) | loss: 2.896739 | lrm: 0.29 | dt: 162ms | tok/sec: 810,183 | mfu: 25.2% | epoch: 1 | remaining: 44s    
step 01592 (85.3%) | loss: 2.898285 | lrm: 0.29 | dt: 162ms | tok/sec: 810,103 | mfu: 25.2% | epoch: 1 | remaining: 44s    
step 01593 (85.4%) | loss: 2.892958 | lrm: 0.29 | dt: 162ms | tok/sec: 810,364 | mfu: 25.2% | epoch: 1 | remaining: 44s    
step 01594 (85.4%) | loss: 2.891361 | lrm: 0.29 | dt: 162ms | tok/sec: 810,021 | mfu: 25.2% | epoch: 1 | remaining: 44s    
step 01595 (85.5%) | loss: 2.897263 | lrm: 0.29 | dt: 162ms | tok/sec: 810,100 | mfu: 25.2% | epoch: 1 | remaining: 43s    
step 01596 (85.5%) | loss: 2.894942 | lrm: 0.29 | dt: 162ms | tok/sec: 810,178 | mfu: 25.2% | epoch: 1 | remaining: 43s    
step 01597 (85.6%) | loss: 2.891020 | lrm: 0.29 | dt: 162ms | tok/sec: 810,262 | mfu: 25.2% | epoch: 1 | remaining: 43s    
step 01598 (85.6%) | loss: 2.888517 | lrm: 0.29 | dt: 162ms | tok/sec: 810,133 | mfu: 25.2% | epoch: 1 | remaining: 43s    
step 01599 (85.7%) | loss: 2.876842 | lrm: 0.29 | dt: 162ms | tok/sec: 810,095 | mfu: 25.2% | epoch: 1 | remaining: 43s    
step 01600 (85.7%) | loss: 2.875636 | lrm: 0.29 | dt: 162ms | tok/sec: 809,756 | mfu: 25.2% | epoch: 1 | remaining: 43s    
step 01601 (85.8%) | loss: 2.882834 | lrm: 0.28 | dt: 162ms | tok/sec: 810,027 | mfu: 25.2% | epoch: 1 | remaining: 42s    
step 01602 (85.8%) | loss: 2.877422 | lrm: 0.28 | dt: 162ms | tok/sec: 810,299 | mfu: 25.2% | epoch: 1 | remaining: 42s    
step 01603 (85.9%) | loss: 2.882627 | lrm: 0.28 | dt: 162ms | tok/sec: 810,112 | mfu: 25.2% | epoch: 1 | remaining: 42s    
step 01604 (86.0%) | loss: 2.882391 | lrm: 0.28 | dt: 162ms | tok/sec: 810,193 | mfu: 25.2% | epoch: 1 | remaining: 42s    
step 01605 (86.0%) | loss: 2.886406 | lrm: 0.28 | dt: 162ms | tok/sec: 810,047 | mfu: 25.2% | epoch: 1 | remaining: 42s    
step 01606 (86.1%) | loss: 2.880138 | lrm: 0.28 | dt: 162ms | tok/sec: 810,028 | mfu: 25.2% | epoch: 1 | remaining: 42s    
step 01607 (86.1%) | loss: 2.876979 | lrm: 0.28 | dt: 162ms | tok/sec: 810,188 | mfu: 25.2% | epoch: 1 | remaining: 41s    
step 01608 (86.2%) | loss: 2.873152 | lrm: 0.28 | dt: 162ms | tok/sec: 810,175 | mfu: 25.2% | epoch: 1 | remaining: 41s    
step 01609 (86.2%) | loss: 2.876414 | lrm: 0.28 | dt: 162ms | tok/sec: 809,667 | mfu: 25.2% | epoch: 1 | remaining: 41s    
step 01610 (86.3%) | loss: 2.880474 | lrm: 0.27 | dt: 162ms | tok/sec: 810,260 | mfu: 25.2% | epoch: 1 | remaining: 41s    
step 01611 (86.3%) | loss: 2.876453 | lrm: 0.27 | dt: 162ms | tok/sec: 810,187 | mfu: 25.2% | epoch: 1 | remaining: 41s    
step 01612 (86.4%) | loss: 2.881188 | lrm: 0.27 | dt: 162ms | tok/sec: 810,391 | mfu: 25.2% | epoch: 1 | remaining: 41s    
step 01613 (86.4%) | loss: 2.875324 | lrm: 0.27 | dt: 162ms | tok/sec: 810,075 | mfu: 25.2% | epoch: 1 | remaining: 41s    
step 01614 (86.5%) | loss: 2.870778 | lrm: 0.27 | dt: 162ms | tok/sec: 809,937 | mfu: 25.2% | epoch: 1 | remaining: 40s    
step 01615 (86.5%) | loss: 2.874035 | lrm: 0.27 | dt: 162ms | tok/sec: 810,418 | mfu: 25.2% | epoch: 1 | remaining: 40s    
step 01616 (86.6%) | loss: 2.868740 | lrm: 0.27 | dt: 162ms | tok/sec: 809,984 | mfu: 25.2% | epoch: 1 | remaining: 40s    
step 01617 (86.7%) | loss: 2.877739 | lrm: 0.27 | dt: 162ms | tok/sec: 808,458 | mfu: 25.2% | epoch: 1 | remaining: 40s    
step 01618 (86.7%) | loss: 2.879807 | lrm: 0.27 | dt: 162ms | tok/sec: 809,422 | mfu: 25.2% | epoch: 1 | remaining: 40s    
step 01619 (86.8%) | loss: 2.875562 | lrm: 0.26 | dt: 162ms | tok/sec: 809,970 | mfu: 25.2% | epoch: 1 | remaining: 40s    
step 01620 (86.8%) | loss: 2.880382 | lrm: 0.26 | dt: 162ms | tok/sec: 809,925 | mfu: 25.2% | epoch: 1 | remaining: 39s    
step 01621 (86.9%) | loss: 2.880384 | lrm: 0.26 | dt: 162ms | tok/sec: 809,956 | mfu: 25.2% | epoch: 1 | remaining: 39s    
step 01622 (86.9%) | loss: 2.881973 | lrm: 0.26 | dt: 162ms | tok/sec: 809,665 | mfu: 25.2% | epoch: 1 | remaining: 39s    
step 01623 (87.0%) | loss: 2.881402 | lrm: 0.26 | dt: 162ms | tok/sec: 809,911 | mfu: 25.2% | epoch: 1 | remaining: 39s    
step 01624 (87.0%) | loss: 2.876828 | lrm: 0.26 | dt: 162ms | tok/sec: 809,795 | mfu: 25.2% | epoch: 1 | remaining: 39s    
step 01625 (87.1%) | loss: 2.874463 | lrm: 0.26 | dt: 162ms | tok/sec: 808,466 | mfu: 25.2% | epoch: 1 | remaining: 39s    
step 01626 (87.1%) | loss: 2.875022 | lrm: 0.26 | dt: 162ms | tok/sec: 809,726 | mfu: 25.2% | epoch: 1 | remaining: 38s    
step 01627 (87.2%) | loss: 2.882761 | lrm: 0.26 | dt: 162ms | tok/sec: 809,162 | mfu: 25.2% | epoch: 1 | remaining: 38s    
step 01628 (87.2%) | loss: 2.886885 | lrm: 0.26 | dt: 162ms | tok/sec: 809,689 | mfu: 25.2% | epoch: 1 | remaining: 38s    
step 01629 (87.3%) | loss: 2.881729 | lrm: 0.25 | dt: 162ms | tok/sec: 809,680 | mfu: 25.2% | epoch: 1 | remaining: 38s    
step 01630 (87.4%) | loss: 2.887557 | lrm: 0.25 | dt: 162ms | tok/sec: 809,061 | mfu: 25.2% | epoch: 1 | remaining: 38s    
step 01631 (87.4%) | loss: 2.886642 | lrm: 0.25 | dt: 162ms | tok/sec: 809,764 | mfu: 25.2% | epoch: 1 | remaining: 38s    
step 01632 (87.5%) | loss: 2.885394 | lrm: 0.25 | dt: 162ms | tok/sec: 809,865 | mfu: 25.2% | epoch: 1 | remaining: 37s    
step 01633 (87.5%) | loss: 2.890660 | lrm: 0.25 | dt: 162ms | tok/sec: 809,670 | mfu: 25.2% | epoch: 1 | remaining: 37s    
step 01634 (87.6%) | loss: 2.886262 | lrm: 0.25 | dt: 162ms | tok/sec: 809,814 | mfu: 25.2% | epoch: 1 | remaining: 37s    
step 01635 (87.6%) | loss: 2.875394 | lrm: 0.25 | dt: 162ms | tok/sec: 809,879 | mfu: 25.2% | epoch: 1 | remaining: 37s    
step 01636 (87.7%) | loss: 2.877828 | lrm: 0.25 | dt: 162ms | tok/sec: 810,051 | mfu: 25.2% | epoch: 1 | remaining: 37s    
step 01637 (87.7%) | loss: 2.873576 | lrm: 0.25 | dt: 162ms | tok/sec: 809,866 | mfu: 25.2% | epoch: 1 | remaining: 37s    
step 01638 (87.8%) | loss: 2.874040 | lrm: 0.24 | dt: 162ms | tok/sec: 809,754 | mfu: 25.2% | epoch: 1 | remaining: 36s    
step 01639 (87.8%) | loss: 2.878727 | lrm: 0.24 | dt: 162ms | tok/sec: 810,034 | mfu: 25.2% | epoch: 1 | remaining: 36s    
step 01640 (87.9%) | loss: 2.877927 | lrm: 0.24 | dt: 162ms | tok/sec: 809,822 | mfu: 25.2% | epoch: 1 | remaining: 36s    
step 01641 (87.9%) | loss: 2.881402 | lrm: 0.24 | dt: 162ms | tok/sec: 810,007 | mfu: 25.2% | epoch: 1 | remaining: 36s    
step 01642 (88.0%) | loss: 2.888418 | lrm: 0.24 | dt: 162ms | tok/sec: 810,002 | mfu: 25.2% | epoch: 1 | remaining: 36s    
step 01643 (88.1%) | loss: 2.891609 | lrm: 0.24 | dt: 162ms | tok/sec: 810,015 | mfu: 25.2% | epoch: 1 | remaining: 36s    
step 01644 (88.1%) | loss: 2.891276 | lrm: 0.24 | dt: 162ms | tok/sec: 809,689 | mfu: 25.2% | epoch: 1 | remaining: 36s    
step 01645 (88.2%) | loss: 2.895296 | lrm: 0.24 | dt: 162ms | tok/sec: 810,193 | mfu: 25.2% | epoch: 1 | remaining: 35s    
step 01646 (88.2%) | loss: 2.897515 | lrm: 0.24 | dt: 162ms | tok/sec: 810,094 | mfu: 25.2% | epoch: 1 | remaining: 35s    
step 01647 (88.3%) | loss: 2.903161 | lrm: 0.23 | dt: 162ms | tok/sec: 809,757 | mfu: 25.2% | epoch: 1 | remaining: 35s    
step 01648 (88.3%) | loss: 2.903425 | lrm: 0.23 | dt: 162ms | tok/sec: 809,538 | mfu: 25.2% | epoch: 1 | remaining: 35s    
step 01649 (88.4%) | loss: 2.898075 | lrm: 0.23 | dt: 162ms | tok/sec: 808,049 | mfu: 25.2% | epoch: 1 | remaining: 35s    
step 01650 (88.4%) | loss: 2.893460 | lrm: 0.23 | dt: 162ms | tok/sec: 809,036 | mfu: 25.2% | epoch: 1 | remaining: 35s    
step 01651 (88.5%) | loss: 2.891174 | lrm: 0.23 | dt: 162ms | tok/sec: 809,684 | mfu: 25.2% | epoch: 1 | remaining: 34s    
step 01652 (88.5%) | loss: 2.885020 | lrm: 0.23 | dt: 162ms | tok/sec: 810,049 | mfu: 25.2% | epoch: 1 | remaining: 34s    
step 01653 (88.6%) | loss: 2.884400 | lrm: 0.23 | dt: 162ms | tok/sec: 810,161 | mfu: 25.2% | epoch: 1 | remaining: 34s    
step 01654 (88.6%) | loss: 2.885623 | lrm: 0.23 | dt: 162ms | tok/sec: 809,060 | mfu: 25.2% | epoch: 1 | remaining: 34s    
step 01655 (88.7%) | loss: 2.890165 | lrm: 0.23 | dt: 162ms | tok/sec: 809,646 | mfu: 25.2% | epoch: 1 | remaining: 34s    
step 01656 (88.8%) | loss: 2.888380 | lrm: 0.22 | dt: 162ms | tok/sec: 809,941 | mfu: 25.2% | epoch: 1 | remaining: 34s    
step 01657 (88.8%) | loss: 2.893510 | lrm: 0.22 | dt: 162ms | tok/sec: 809,848 | mfu: 25.2% | epoch: 1 | remaining: 33s    
step 01658 (88.9%) | loss: 2.889454 | lrm: 0.22 | dt: 162ms | tok/sec: 809,942 | mfu: 25.2% | epoch: 1 | remaining: 33s    
step 01659 (88.9%) | loss: 2.888787 | lrm: 0.22 | dt: 162ms | tok/sec: 809,470 | mfu: 25.2% | epoch: 1 | remaining: 33s    
step 01660 (89.0%) | loss: 2.881616 | lrm: 0.22 | dt: 162ms | tok/sec: 809,632 | mfu: 25.2% | epoch: 1 | remaining: 33s    
step 01661 (89.0%) | loss: 2.871319 | lrm: 0.22 | dt: 162ms | tok/sec: 809,774 | mfu: 25.2% | epoch: 1 | remaining: 33s    
step 01662 (89.1%) | loss: 2.869274 | lrm: 0.22 | dt: 162ms | tok/sec: 809,258 | mfu: 25.2% | epoch: 1 | remaining: 33s    
step 01663 (89.1%) | loss: 2.870483 | lrm: 0.22 | dt: 162ms | tok/sec: 809,071 | mfu: 25.2% | epoch: 1 | remaining: 32s    
step 01664 (89.2%) | loss: 2.875879 | lrm: 0.22 | dt: 162ms | tok/sec: 808,504 | mfu: 25.2% | epoch: 1 | remaining: 32s    
step 01665 (89.2%) | loss: 2.874218 | lrm: 0.22 | dt: 162ms | tok/sec: 809,619 | mfu: 25.2% | epoch: 1 | remaining: 32s    
step 01666 (89.3%) | loss: 2.875904 | lrm: 0.21 | dt: 162ms | tok/sec: 809,847 | mfu: 25.2% | epoch: 1 | remaining: 32s    
step 01667 (89.4%) | loss: 2.878445 | lrm: 0.21 | dt: 162ms | tok/sec: 809,514 | mfu: 25.2% | epoch: 1 | remaining: 32s    
step 01668 (89.4%) | loss: 2.882604 | lrm: 0.21 | dt: 162ms | tok/sec: 810,104 | mfu: 25.2% | epoch: 1 | remaining: 32s    
step 01669 (89.5%) | loss: 2.875499 | lrm: 0.21 | dt: 162ms | tok/sec: 810,122 | mfu: 25.2% | epoch: 1 | remaining: 31s    
step 01670 (89.5%) | loss: 2.881518 | lrm: 0.21 | dt: 162ms | tok/sec: 810,203 | mfu: 25.2% | epoch: 1 | remaining: 31s    
step 01671 (89.6%) | loss: 2.881892 | lrm: 0.21 | dt: 162ms | tok/sec: 809,482 | mfu: 25.2% | epoch: 1 | remaining: 31s    
step 01672 (89.6%) | loss: 2.881191 | lrm: 0.21 | dt: 162ms | tok/sec: 810,135 | mfu: 25.2% | epoch: 1 | remaining: 31s    
step 01673 (89.7%) | loss: 2.885375 | lrm: 0.21 | dt: 162ms | tok/sec: 810,341 | mfu: 25.2% | epoch: 1 | remaining: 31s    
step 01674 (89.7%) | loss: 2.886472 | lrm: 0.21 | dt: 162ms | tok/sec: 809,979 | mfu: 25.2% | epoch: 1 | remaining: 31s    
step 01675 (89.8%) | loss: 2.885892 | lrm: 0.20 | dt: 162ms | tok/sec: 810,362 | mfu: 25.2% | epoch: 1 | remaining: 30s    
step 01676 (89.8%) | loss: 2.881233 | lrm: 0.20 | dt: 162ms | tok/sec: 810,212 | mfu: 25.2% | epoch: 1 | remaining: 30s    
step 01677 (89.9%) | loss: 2.888128 | lrm: 0.20 | dt: 162ms | tok/sec: 809,940 | mfu: 25.2% | epoch: 1 | remaining: 30s    
step 01678 (89.9%) | loss: 2.883918 | lrm: 0.20 | dt: 162ms | tok/sec: 809,878 | mfu: 25.2% | epoch: 1 | remaining: 30s    
step 01679 (90.0%) | loss: 2.875175 | lrm: 0.20 | dt: 162ms | tok/sec: 809,427 | mfu: 25.2% | epoch: 1 | remaining: 30s    
step 01680 (90.1%) | loss: 2.870580 | lrm: 0.20 | dt: 162ms | tok/sec: 807,769 | mfu: 25.2% | epoch: 1 | remaining: 30s    
step 01681 (90.1%) | loss: 2.873452 | lrm: 0.20 | dt: 162ms | tok/sec: 809,605 | mfu: 25.2% | epoch: 1 | remaining: 30s    
step 01682 (90.2%) | loss: 2.870711 | lrm: 0.20 | dt: 162ms | tok/sec: 809,646 | mfu: 25.2% | epoch: 1 | remaining: 29s    
step 01683 (90.2%) | loss: 2.870915 | lrm: 0.20 | dt: 162ms | tok/sec: 808,791 | mfu: 25.2% | epoch: 1 | remaining: 29s    
step 01684 (90.3%) | loss: 2.863437 | lrm: 0.19 | dt: 162ms | tok/sec: 809,370 | mfu: 25.2% | epoch: 1 | remaining: 29s    
step 01685 (90.3%) | loss: 2.867663 | lrm: 0.19 | dt: 162ms | tok/sec: 809,605 | mfu: 25.2% | epoch: 1 | remaining: 29s    
step 01686 (90.4%) | loss: 2.867228 | lrm: 0.19 | dt: 162ms | tok/sec: 809,638 | mfu: 25.2% | epoch: 1 | remaining: 29s    
step 01687 (90.4%) | loss: 2.861311 | lrm: 0.19 | dt: 162ms | tok/sec: 809,750 | mfu: 25.2% | epoch: 1 | remaining: 29s    
step 01688 (90.5%) | loss: 2.862523 | lrm: 0.19 | dt: 162ms | tok/sec: 809,817 | mfu: 25.2% | epoch: 1 | remaining: 28s    
step 01689 (90.5%) | loss: 2.866054 | lrm: 0.19 | dt: 162ms | tok/sec: 809,915 | mfu: 25.2% | epoch: 1 | remaining: 28s    
step 01690 (90.6%) | loss: 2.868187 | lrm: 0.19 | dt: 162ms | tok/sec: 809,806 | mfu: 25.2% | epoch: 1 | remaining: 28s    
step 01691 (90.6%) | loss: 2.864948 | lrm: 0.19 | dt: 162ms | tok/sec: 809,264 | mfu: 25.2% | epoch: 1 | remaining: 28s    
step 01692 (90.7%) | loss: 2.855449 | lrm: 0.19 | dt: 162ms | tok/sec: 809,582 | mfu: 25.2% | epoch: 1 | remaining: 28s    
step 01693 (90.8%) | loss: 2.856231 | lrm: 0.18 | dt: 162ms | tok/sec: 809,807 | mfu: 25.2% | epoch: 1 | remaining: 28s    
step 01694 (90.8%) | loss: 2.863785 | lrm: 0.18 | dt: 162ms | tok/sec: 809,665 | mfu: 25.2% | epoch: 1 | remaining: 27s    
step 01695 (90.9%) | loss: 2.870434 | lrm: 0.18 | dt: 162ms | tok/sec: 810,146 | mfu: 25.2% | epoch: 1 | remaining: 27s    
step 01696 (90.9%) | loss: 2.866826 | lrm: 0.18 | dt: 162ms | tok/sec: 810,094 | mfu: 25.2% | epoch: 1 | remaining: 27s    
step 01697 (91.0%) | loss: 2.865943 | lrm: 0.18 | dt: 162ms | tok/sec: 809,930 | mfu: 25.2% | epoch: 1 | remaining: 27s    
step 01698 (91.0%) | loss: 2.863769 | lrm: 0.18 | dt: 162ms | tok/sec: 809,055 | mfu: 25.2% | epoch: 1 | remaining: 27s    
step 01699 (91.1%) | loss: 2.870594 | lrm: 0.18 | dt: 162ms | tok/sec: 810,091 | mfu: 25.2% | epoch: 1 | remaining: 27s    
step 01700 (91.1%) | loss: 2.868665 | lrm: 0.18 | dt: 162ms | tok/sec: 809,972 | mfu: 25.2% | epoch: 1 | remaining: 26s    
step 01701 (91.2%) | loss: 2.871958 | lrm: 0.18 | dt: 162ms | tok/sec: 809,668 | mfu: 25.2% | epoch: 1 | remaining: 26s    
step 01702 (91.2%) | loss: 2.869307 | lrm: 0.18 | dt: 162ms | tok/sec: 809,769 | mfu: 25.2% | epoch: 1 | remaining: 26s    
step 01703 (91.3%) | loss: 2.875353 | lrm: 0.17 | dt: 162ms | tok/sec: 809,888 | mfu: 25.2% | epoch: 1 | remaining: 26s    
step 01704 (91.3%) | loss: 2.873048 | lrm: 0.17 | dt: 162ms | tok/sec: 809,973 | mfu: 25.2% | epoch: 1 | remaining: 26s    
step 01705 (91.4%) | loss: 2.869133 | lrm: 0.17 | dt: 162ms | tok/sec: 809,743 | mfu: 25.2% | epoch: 1 | remaining: 26s    
step 01706 (91.5%) | loss: 2.862387 | lrm: 0.17 | dt: 162ms | tok/sec: 809,913 | mfu: 25.2% | epoch: 1 | remaining: 25s    
step 01707 (91.5%) | loss: 2.860562 | lrm: 0.17 | dt: 162ms | tok/sec: 810,083 | mfu: 25.2% | epoch: 1 | remaining: 25s    
step 01708 (91.6%) | loss: 2.860976 | lrm: 0.17 | dt: 162ms | tok/sec: 809,978 | mfu: 25.2% | epoch: 1 | remaining: 25s    
step 01709 (91.6%) | loss: 2.864195 | lrm: 0.17 | dt: 162ms | tok/sec: 810,118 | mfu: 25.2% | epoch: 1 | remaining: 25s    
step 01710 (91.7%) | loss: 2.862137 | lrm: 0.17 | dt: 162ms | tok/sec: 809,938 | mfu: 25.2% | epoch: 1 | remaining: 25s    
step 01711 (91.7%) | loss: 2.866181 | lrm: 0.17 | dt: 162ms | tok/sec: 809,388 | mfu: 25.2% | epoch: 1 | remaining: 25s    
step 01712 (91.8%) | loss: 2.860831 | lrm: 0.16 | dt: 162ms | tok/sec: 809,703 | mfu: 25.2% | epoch: 1 | remaining: 25s    
step 01713 (91.8%) | loss: 2.864890 | lrm: 0.16 | dt: 162ms | tok/sec: 809,668 | mfu: 25.2% | epoch: 1 | remaining: 24s    
step 01714 (91.9%) | loss: 2.866525 | lrm: 0.16 | dt: 162ms | tok/sec: 809,127 | mfu: 25.2% | epoch: 1 | remaining: 24s    
step 01715 (91.9%) | loss: 2.860698 | lrm: 0.16 | dt: 162ms | tok/sec: 809,161 | mfu: 25.2% | epoch: 1 | remaining: 24s    
step 01716 (92.0%) | loss: 2.858009 | lrm: 0.16 | dt: 162ms | tok/sec: 809,432 | mfu: 25.2% | epoch: 1 | remaining: 24s    
step 01717 (92.0%) | loss: 2.863437 | lrm: 0.16 | dt: 162ms | tok/sec: 808,990 | mfu: 25.2% | epoch: 1 | remaining: 24s    
step 01718 (92.1%) | loss: 2.863782 | lrm: 0.16 | dt: 162ms | tok/sec: 809,317 | mfu: 25.2% | epoch: 1 | remaining: 24s    
step 01719 (92.2%) | loss: 2.853202 | lrm: 0.16 | dt: 162ms | tok/sec: 809,273 | mfu: 25.2% | epoch: 1 | remaining: 23s    
step 01720 (92.2%) | loss: 2.849261 | lrm: 0.16 | dt: 162ms | tok/sec: 809,314 | mfu: 25.2% | epoch: 1 | remaining: 23s    
step 01721 (92.3%) | loss: 2.848683 | lrm: 0.15 | dt: 162ms | tok/sec: 809,348 | mfu: 25.2% | epoch: 1 | remaining: 23s    
step 01722 (92.3%) | loss: 2.854874 | lrm: 0.15 | dt: 162ms | tok/sec: 807,925 | mfu: 25.2% | epoch: 1 | remaining: 23s    
step 01723 (92.4%) | loss: 2.854765 | lrm: 0.15 | dt: 162ms | tok/sec: 809,597 | mfu: 25.2% | epoch: 1 | remaining: 23s    
step 01724 (92.4%) | loss: 2.859814 | lrm: 0.15 | dt: 162ms | tok/sec: 809,456 | mfu: 25.2% | epoch: 1 | remaining: 23s    
step 01725 (92.5%) | loss: 2.863830 | lrm: 0.15 | dt: 162ms | tok/sec: 810,042 | mfu: 25.2% | epoch: 1 | remaining: 22s    
step 01726 (92.5%) | loss: 2.859750 | lrm: 0.15 | dt: 162ms | tok/sec: 810,016 | mfu: 25.2% | epoch: 1 | remaining: 22s    
step 01727 (92.6%) | loss: 2.865417 | lrm: 0.15 | dt: 162ms | tok/sec: 810,007 | mfu: 25.2% | epoch: 1 | remaining: 22s    
step 01728 (92.6%) | loss: 2.864196 | lrm: 0.15 | dt: 162ms | tok/sec: 810,123 | mfu: 25.2% | epoch: 1 | remaining: 22s    
step 01729 (92.7%) | loss: 2.863594 | lrm: 0.15 | dt: 162ms | tok/sec: 809,912 | mfu: 25.2% | epoch: 1 | remaining: 22s    
step 01730 (92.8%) | loss: 2.866300 | lrm: 0.14 | dt: 162ms | tok/sec: 809,820 | mfu: 25.2% | epoch: 1 | remaining: 22s    
step 01731 (92.8%) | loss: 2.861595 | lrm: 0.14 | dt: 162ms | tok/sec: 809,885 | mfu: 25.2% | epoch: 1 | remaining: 21s    
step 01732 (92.9%) | loss: 2.857858 | lrm: 0.14 | dt: 162ms | tok/sec: 809,481 | mfu: 25.2% | epoch: 1 | remaining: 21s    
step 01733 (92.9%) | loss: 2.867230 | lrm: 0.14 | dt: 162ms | tok/sec: 810,071 | mfu: 25.2% | epoch: 1 | remaining: 21s    
step 01734 (93.0%) | loss: 2.866684 | lrm: 0.14 | dt: 162ms | tok/sec: 810,230 | mfu: 25.2% | epoch: 1 | remaining: 21s    
step 01735 (93.0%) | loss: 2.861950 | lrm: 0.14 | dt: 162ms | tok/sec: 809,981 | mfu: 25.2% | epoch: 1 | remaining: 21s    
step 01736 (93.1%) | loss: 2.867924 | lrm: 0.14 | dt: 162ms | tok/sec: 809,724 | mfu: 25.2% | epoch: 1 | remaining: 21s    
step 01737 (93.1%) | loss: 2.861296 | lrm: 0.14 | dt: 162ms | tok/sec: 809,991 | mfu: 25.2% | epoch: 1 | remaining: 20s    
step 01738 (93.2%) | loss: 2.868057 | lrm: 0.14 | dt: 162ms | tok/sec: 810,001 | mfu: 25.2% | epoch: 1 | remaining: 20s    
step 01739 (93.2%) | loss: 2.869033 | lrm: 0.14 | dt: 162ms | tok/sec: 809,972 | mfu: 25.2% | epoch: 1 | remaining: 20s    
step 01740 (93.3%) | loss: 2.868221 | lrm: 0.13 | dt: 162ms | tok/sec: 809,600 | mfu: 25.2% | epoch: 1 | remaining: 20s    
step 01741 (93.3%) | loss: 2.867973 | lrm: 0.13 | dt: 162ms | tok/sec: 809,510 | mfu: 25.2% | epoch: 1 | remaining: 20s    
step 01742 (93.4%) | loss: 2.869555 | lrm: 0.13 | dt: 162ms | tok/sec: 809,501 | mfu: 25.2% | epoch: 1 | remaining: 20s    
step 01743 (93.5%) | loss: 2.858427 | lrm: 0.13 | dt: 162ms | tok/sec: 810,113 | mfu: 25.2% | epoch: 1 | remaining: 19s    
step 01744 (93.5%) | loss: 2.865023 | lrm: 0.13 | dt: 162ms | tok/sec: 809,758 | mfu: 25.2% | epoch: 1 | remaining: 19s    
step 01745 (93.6%) | loss: 2.864538 | lrm: 0.13 | dt: 162ms | tok/sec: 809,707 | mfu: 25.2% | epoch: 1 | remaining: 19s    
step 01746 (93.6%) | loss: 2.865212 | lrm: 0.13 | dt: 162ms | tok/sec: 809,236 | mfu: 25.2% | epoch: 1 | remaining: 19s    
step 01747 (93.7%) | loss: 2.868797 | lrm: 0.13 | dt: 162ms | tok/sec: 809,444 | mfu: 25.2% | epoch: 1 | remaining: 19s    
step 01748 (93.7%) | loss: 2.868126 | lrm: 0.13 | dt: 162ms | tok/sec: 809,650 | mfu: 25.2% | epoch: 1 | remaining: 19s    
step 01749 (93.8%) | loss: 2.865392 | lrm: 0.12 | dt: 162ms | tok/sec: 809,445 | mfu: 25.2% | epoch: 1 | remaining: 19s    
step 01750 (93.8%) | loss: 2.865886 | lrm: 0.12 | dt: 162ms | tok/sec: 809,587 | mfu: 25.2% | epoch: 1 | remaining: 18s    
step 01751 (93.9%) | loss: 2.872848 | lrm: 0.12 | dt: 162ms | tok/sec: 809,701 | mfu: 25.2% | epoch: 1 | remaining: 18s    
step 01752 (93.9%) | loss: 2.865183 | lrm: 0.12 | dt: 162ms | tok/sec: 809,430 | mfu: 25.2% | epoch: 1 | remaining: 18s    
step 01753 (94.0%) | loss: 2.862691 | lrm: 0.12 | dt: 162ms | tok/sec: 809,149 | mfu: 25.2% | epoch: 1 | remaining: 18s    
step 01754 (94.0%) | loss: 2.857413 | lrm: 0.12 | dt: 162ms | tok/sec: 809,271 | mfu: 25.2% | epoch: 1 | remaining: 18s    
step 01755 (94.1%) | loss: 2.866440 | lrm: 0.12 | dt: 162ms | tok/sec: 809,416 | mfu: 25.2% | epoch: 1 | remaining: 18s    
step 01756 (94.2%) | loss: 2.867767 | lrm: 0.12 | dt: 162ms | tok/sec: 809,061 | mfu: 25.2% | epoch: 1 | remaining: 17s    
step 01757 (94.2%) | loss: 2.864385 | lrm: 0.12 | dt: 162ms | tok/sec: 809,398 | mfu: 25.2% | epoch: 1 | remaining: 17s    
step 01758 (94.3%) | loss: 2.866303 | lrm: 0.11 | dt: 162ms | tok/sec: 810,131 | mfu: 25.2% | epoch: 1 | remaining: 17s    
step 01759 (94.3%) | loss: 2.867003 | lrm: 0.11 | dt: 162ms | tok/sec: 809,898 | mfu: 25.2% | epoch: 1 | remaining: 17s    
step 01760 (94.4%) | loss: 2.868338 | lrm: 0.11 | dt: 162ms | tok/sec: 809,999 | mfu: 25.2% | epoch: 1 | remaining: 17s    
step 01761 (94.4%) | loss: 2.863069 | lrm: 0.11 | dt: 162ms | tok/sec: 809,826 | mfu: 25.2% | epoch: 1 | remaining: 17s    
step 01762 (94.5%) | loss: 2.863422 | lrm: 0.11 | dt: 162ms | tok/sec: 809,787 | mfu: 25.2% | epoch: 1 | remaining: 16s    
step 01763 (94.5%) | loss: 2.860970 | lrm: 0.11 | dt: 162ms | tok/sec: 809,655 | mfu: 25.2% | epoch: 1 | remaining: 16s    
step 01764 (94.6%) | loss: 2.860902 | lrm: 0.11 | dt: 162ms | tok/sec: 809,921 | mfu: 25.2% | epoch: 1 | remaining: 16s    
step 01765 (94.6%) | loss: 2.859307 | lrm: 0.11 | dt: 162ms | tok/sec: 810,054 | mfu: 25.2% | epoch: 1 | remaining: 16s    
step 01766 (94.7%) | loss: 2.863655 | lrm: 0.11 | dt: 162ms | tok/sec: 810,230 | mfu: 25.2% | epoch: 1 | remaining: 16s    
step 01767 (94.7%) | loss: 2.876835 | lrm: 0.11 | dt: 162ms | tok/sec: 809,993 | mfu: 25.2% | epoch: 1 | remaining: 16s    
step 01768 (94.8%) | loss: 2.875087 | lrm: 0.10 | dt: 162ms | tok/sec: 810,226 | mfu: 25.2% | epoch: 1 | remaining: 15s    
step 01769 (94.9%) | loss: 2.870160 | lrm: 0.10 | dt: 162ms | tok/sec: 808,925 | mfu: 25.2% | epoch: 1 | remaining: 15s    
step 01770 (94.9%) | loss: 2.872627 | lrm: 0.10 | dt: 162ms | tok/sec: 808,020 | mfu: 25.2% | epoch: 1 | remaining: 15s    
step 01771 (95.0%) | loss: 2.873875 | lrm: 0.10 | dt: 162ms | tok/sec: 808,818 | mfu: 25.2% | epoch: 1 | remaining: 15s    
step 01772 (95.0%) | loss: 2.872378 | lrm: 0.10 | dt: 162ms | tok/sec: 810,110 | mfu: 25.2% | epoch: 1 | remaining: 15s    
step 01773 (95.1%) | loss: 2.872124 | lrm: 0.10 | dt: 162ms | tok/sec: 810,208 | mfu: 25.2% | epoch: 1 | remaining: 15s    
step 01774 (95.1%) | loss: 2.866049 | lrm: 0.10 | dt: 162ms | tok/sec: 809,637 | mfu: 25.2% | epoch: 1 | remaining: 14s    
step 01775 (95.2%) | loss: 2.862038 | lrm: 0.10 | dt: 162ms | tok/sec: 808,238 | mfu: 25.2% | epoch: 1 | remaining: 14s    
step 01776 (95.2%) | loss: 2.860654 | lrm: 0.10 | dt: 162ms | tok/sec: 809,261 | mfu: 25.2% | epoch: 1 | remaining: 14s    
step 01777 (95.3%) | loss: 2.864525 | lrm: 0.09 | dt: 162ms | tok/sec: 810,027 | mfu: 25.2% | epoch: 1 | remaining: 14s    
step 01778 (95.3%) | loss: 2.870567 | lrm: 0.09 | dt: 162ms | tok/sec: 810,140 | mfu: 25.2% | epoch: 1 | remaining: 14s    
step 01779 (95.4%) | loss: 2.871871 | lrm: 0.09 | dt: 162ms | tok/sec: 809,998 | mfu: 25.2% | epoch: 1 | remaining: 14s    
step 01780 (95.4%) | loss: 2.869407 | lrm: 0.09 | dt: 162ms | tok/sec: 809,928 | mfu: 25.2% | epoch: 1 | remaining: 13s    
step 01781 (95.5%) | loss: 2.874397 | lrm: 0.09 | dt: 162ms | tok/sec: 809,488 | mfu: 25.2% | epoch: 1 | remaining: 13s    
step 01782 (95.6%) | loss: 2.873587 | lrm: 0.09 | dt: 162ms | tok/sec: 809,910 | mfu: 25.2% | epoch: 1 | remaining: 13s    
step 01783 (95.6%) | loss: 2.874453 | lrm: 0.09 | dt: 162ms | tok/sec: 810,242 | mfu: 25.2% | epoch: 1 | remaining: 13s    
step 01784 (95.7%) | loss: 2.876319 | lrm: 0.09 | dt: 162ms | tok/sec: 810,256 | mfu: 25.2% | epoch: 1 | remaining: 13s    
step 01785 (95.7%) | loss: 2.869056 | lrm: 0.09 | dt: 162ms | tok/sec: 810,157 | mfu: 25.2% | epoch: 1 | remaining: 13s    
step 01786 (95.8%) | loss: 2.872208 | lrm: 0.08 | dt: 162ms | tok/sec: 810,067 | mfu: 25.2% | epoch: 1 | remaining: 13s    
step 01787 (95.8%) | loss: 2.865538 | lrm: 0.08 | dt: 162ms | tok/sec: 810,282 | mfu: 25.2% | epoch: 1 | remaining: 12s    
step 01788 (95.9%) | loss: 2.864768 | lrm: 0.08 | dt: 162ms | tok/sec: 810,084 | mfu: 25.2% | epoch: 1 | remaining: 12s    
step 01789 (95.9%) | loss: 2.855200 | lrm: 0.08 | dt: 162ms | tok/sec: 810,255 | mfu: 25.2% | epoch: 1 | remaining: 12s    
step 01790 (96.0%) | loss: 2.851718 | lrm: 0.08 | dt: 162ms | tok/sec: 810,214 | mfu: 25.2% | epoch: 1 | remaining: 12s    
step 01791 (96.0%) | loss: 2.845413 | lrm: 0.08 | dt: 162ms | tok/sec: 810,070 | mfu: 25.2% | epoch: 1 | remaining: 12s    
step 01792 (96.1%) | loss: 2.850390 | lrm: 0.08 | dt: 162ms | tok/sec: 809,902 | mfu: 25.2% | epoch: 1 | remaining: 12s    
step 01793 (96.2%) | loss: 2.853047 | lrm: 0.08 | dt: 162ms | tok/sec: 810,092 | mfu: 25.2% | epoch: 1 | remaining: 11s    
step 01794 (96.2%) | loss: 2.852140 | lrm: 0.08 | dt: 162ms | tok/sec: 810,385 | mfu: 25.2% | epoch: 1 | remaining: 11s    
step 01795 (96.3%) | loss: 2.853372 | lrm: 0.07 | dt: 162ms | tok/sec: 810,342 | mfu: 25.2% | epoch: 1 | remaining: 11s    
step 01796 (96.3%) | loss: 2.855815 | lrm: 0.07 | dt: 162ms | tok/sec: 810,281 | mfu: 25.2% | epoch: 1 | remaining: 11s    
step 01797 (96.4%) | loss: 2.848240 | lrm: 0.07 | dt: 162ms | tok/sec: 810,256 | mfu: 25.2% | epoch: 1 | remaining: 11s    
step 01798 (96.4%) | loss: 2.846582 | lrm: 0.07 | dt: 162ms | tok/sec: 810,454 | mfu: 25.3% | epoch: 1 | remaining: 11s    
step 01799 (96.5%) | loss: 2.850828 | lrm: 0.07 | dt: 162ms | tok/sec: 810,225 | mfu: 25.2% | epoch: 1 | remaining: 10s    
step 01800 (96.5%) | loss: 2.843074 | lrm: 0.07 | dt: 162ms | tok/sec: 810,044 | mfu: 25.2% | epoch: 1 | remaining: 10s    
step 01801 (96.6%) | loss: 2.843196 | lrm: 0.07 | dt: 162ms | tok/sec: 810,073 | mfu: 25.2% | epoch: 1 | remaining: 10s    
step 01802 (96.6%) | loss: 2.845897 | lrm: 0.07 | dt: 162ms | tok/sec: 810,245 | mfu: 25.2% | epoch: 1 | remaining: 10s    
step 01803 (96.7%) | loss: 2.843330 | lrm: 0.07 | dt: 162ms | tok/sec: 810,126 | mfu: 25.2% | epoch: 1 | remaining: 10s    
step 01804 (96.7%) | loss: 2.852069 | lrm: 0.07 | dt: 162ms | tok/sec: 810,145 | mfu: 25.2% | epoch: 1 | remaining: 10s    
step 01805 (96.8%) | loss: 2.851178 | lrm: 0.06 | dt: 162ms | tok/sec: 810,007 | mfu: 25.2% | epoch: 1 | remaining: 9s    
step 01806 (96.9%) | loss: 2.845413 | lrm: 0.06 | dt: 162ms | tok/sec: 809,730 | mfu: 25.2% | epoch: 1 | remaining: 9s    
step 01807 (96.9%) | loss: 2.849720 | lrm: 0.06 | dt: 162ms | tok/sec: 810,292 | mfu: 25.2% | epoch: 1 | remaining: 9s    
step 01808 (97.0%) | loss: 2.847623 | lrm: 0.06 | dt: 162ms | tok/sec: 809,893 | mfu: 25.2% | epoch: 1 | remaining: 9s    
step 01809 (97.0%) | loss: 2.858383 | lrm: 0.06 | dt: 162ms | tok/sec: 810,189 | mfu: 25.2% | epoch: 1 | remaining: 9s    
step 01810 (97.1%) | loss: 2.853156 | lrm: 0.06 | dt: 162ms | tok/sec: 810,196 | mfu: 25.2% | epoch: 1 | remaining: 9s    
step 01811 (97.1%) | loss: 2.849746 | lrm: 0.06 | dt: 162ms | tok/sec: 809,996 | mfu: 25.2% | epoch: 1 | remaining: 8s    
step 01812 (97.2%) | loss: 2.846329 | lrm: 0.06 | dt: 162ms | tok/sec: 809,998 | mfu: 25.2% | epoch: 1 | remaining: 8s    
step 01813 (97.2%) | loss: 2.844443 | lrm: 0.06 | dt: 162ms | tok/sec: 809,899 | mfu: 25.2% | epoch: 1 | remaining: 8s    
step 01814 (97.3%) | loss: 2.846164 | lrm: 0.05 | dt: 162ms | tok/sec: 810,317 | mfu: 25.2% | epoch: 1 | remaining: 8s    
step 01815 (97.3%) | loss: 2.851157 | lrm: 0.05 | dt: 162ms | tok/sec: 810,192 | mfu: 25.2% | epoch: 1 | remaining: 8s    
step 01816 (97.4%) | loss: 2.846240 | lrm: 0.05 | dt: 162ms | tok/sec: 809,830 | mfu: 25.2% | epoch: 1 | remaining: 8s    
step 01817 (97.4%) | loss: 2.845551 | lrm: 0.05 | dt: 162ms | tok/sec: 810,023 | mfu: 25.2% | epoch: 1 | remaining: 8s    
step 01818 (97.5%) | loss: 2.841602 | lrm: 0.05 | dt: 162ms | tok/sec: 810,403 | mfu: 25.2% | epoch: 1 | remaining: 7s    
step 01819 (97.6%) | loss: 2.838985 | lrm: 0.05 | dt: 162ms | tok/sec: 809,993 | mfu: 25.2% | epoch: 1 | remaining: 7s    
step 01820 (97.6%) | loss: 2.836006 | lrm: 0.05 | dt: 162ms | tok/sec: 809,903 | mfu: 25.2% | epoch: 1 | remaining: 7s    
step 01821 (97.7%) | loss: 2.833496 | lrm: 0.05 | dt: 162ms | tok/sec: 810,263 | mfu: 25.2% | epoch: 1 | remaining: 7s    
step 01822 (97.7%) | loss: 2.837555 | lrm: 0.05 | dt: 162ms | tok/sec: 810,027 | mfu: 25.2% | epoch: 1 | remaining: 7s    
step 01823 (97.8%) | loss: 2.840792 | lrm: 0.04 | dt: 162ms | tok/sec: 810,487 | mfu: 25.3% | epoch: 1 | remaining: 7s    
step 01824 (97.8%) | loss: 2.835638 | lrm: 0.04 | dt: 162ms | tok/sec: 810,057 | mfu: 25.2% | epoch: 1 | remaining: 6s    
step 01825 (97.9%) | loss: 2.842382 | lrm: 0.04 | dt: 162ms | tok/sec: 809,888 | mfu: 25.2% | epoch: 1 | remaining: 6s    
step 01826 (97.9%) | loss: 2.843461 | lrm: 0.04 | dt: 162ms | tok/sec: 809,789 | mfu: 25.2% | epoch: 1 | remaining: 6s    
step 01827 (98.0%) | loss: 2.847293 | lrm: 0.04 | dt: 162ms | tok/sec: 810,298 | mfu: 25.2% | epoch: 1 | remaining: 6s    
step 01828 (98.0%) | loss: 2.849339 | lrm: 0.04 | dt: 162ms | tok/sec: 810,082 | mfu: 25.2% | epoch: 1 | remaining: 6s    
step 01829 (98.1%) | loss: 2.844131 | lrm: 0.04 | dt: 162ms | tok/sec: 810,040 | mfu: 25.2% | epoch: 1 | remaining: 6s    
step 01830 (98.1%) | loss: 2.846495 | lrm: 0.04 | dt: 162ms | tok/sec: 810,298 | mfu: 25.2% | epoch: 1 | remaining: 5s    
step 01831 (98.2%) | loss: 2.845537 | lrm: 0.04 | dt: 162ms | tok/sec: 810,158 | mfu: 25.2% | epoch: 1 | remaining: 5s    
step 01832 (98.3%) | loss: 2.842355 | lrm: 0.03 | dt: 162ms | tok/sec: 810,261 | mfu: 25.2% | epoch: 1 | remaining: 5s    
step 01833 (98.3%) | loss: 2.839100 | lrm: 0.03 | dt: 162ms | tok/sec: 810,565 | mfu: 25.3% | epoch: 1 | remaining: 5s    
step 01834 (98.4%) | loss: 2.837757 | lrm: 0.03 | dt: 162ms | tok/sec: 810,076 | mfu: 25.2% | epoch: 1 | remaining: 5s    
step 01835 (98.4%) | loss: 2.838948 | lrm: 0.03 | dt: 162ms | tok/sec: 810,562 | mfu: 25.3% | epoch: 1 | remaining: 5s    
step 01836 (98.5%) | loss: 2.839723 | lrm: 0.03 | dt: 162ms | tok/sec: 810,181 | mfu: 25.2% | epoch: 1 | remaining: 4s    
step 01837 (98.5%) | loss: 2.846160 | lrm: 0.03 | dt: 162ms | tok/sec: 809,805 | mfu: 25.2% | epoch: 1 | remaining: 4s    
step 01838 (98.6%) | loss: 2.849606 | lrm: 0.03 | dt: 162ms | tok/sec: 810,273 | mfu: 25.2% | epoch: 1 | remaining: 4s    
step 01839 (98.6%) | loss: 2.847298 | lrm: 0.03 | dt: 162ms | tok/sec: 809,934 | mfu: 25.2% | epoch: 1 | remaining: 4s    
step 01840 (98.7%) | loss: 2.849983 | lrm: 0.03 | dt: 162ms | tok/sec: 810,200 | mfu: 25.2% | epoch: 1 | remaining: 4s    
step 01841 (98.7%) | loss: 2.851800 | lrm: 0.03 | dt: 162ms | tok/sec: 810,452 | mfu: 25.3% | epoch: 1 | remaining: 4s    
step 01842 (98.8%) | loss: 2.854021 | lrm: 0.02 | dt: 162ms | tok/sec: 810,205 | mfu: 25.2% | epoch: 1 | remaining: 3s    
step 01843 (98.8%) | loss: 2.847263 | lrm: 0.02 | dt: 162ms | tok/sec: 810,301 | mfu: 25.2% | epoch: 1 | remaining: 3s    
step 01844 (98.9%) | loss: 2.854645 | lrm: 0.02 | dt: 162ms | tok/sec: 810,027 | mfu: 25.2% | epoch: 1 | remaining: 3s    
step 01845 (99.0%) | loss: 2.853453 | lrm: 0.02 | dt: 162ms | tok/sec: 810,082 | mfu: 25.2% | epoch: 1 | remaining: 3s    
step 01846 (99.0%) | loss: 2.851323 | lrm: 0.02 | dt: 162ms | tok/sec: 810,194 | mfu: 25.2% | epoch: 1 | remaining: 3s    
step 01847 (99.1%) | loss: 2.849973 | lrm: 0.02 | dt: 162ms | tok/sec: 810,272 | mfu: 25.2% | epoch: 1 | remaining: 3s    
step 01848 (99.1%) | loss: 2.850455 | lrm: 0.02 | dt: 162ms | tok/sec: 810,295 | mfu: 25.2% | epoch: 1 | remaining: 2s    
step 01849 (99.2%) | loss: 2.854070 | lrm: 0.02 | dt: 162ms | tok/sec: 809,782 | mfu: 25.2% | epoch: 1 | remaining: 2s    
step 01850 (99.2%) | loss: 2.848507 | lrm: 0.02 | dt: 162ms | tok/sec: 810,174 | mfu: 25.2% | epoch: 1 | remaining: 2s    
step 01851 (99.3%) | loss: 2.852033 | lrm: 0.01 | dt: 162ms | tok/sec: 810,066 | mfu: 25.2% | epoch: 1 | remaining: 2s    
step 01852 (99.3%) | loss: 2.856230 | lrm: 0.01 | dt: 162ms | tok/sec: 810,221 | mfu: 25.2% | epoch: 1 | remaining: 2s    
step 01853 (99.4%) | loss: 2.852553 | lrm: 0.01 | dt: 162ms | tok/sec: 810,044 | mfu: 25.2% | epoch: 1 | remaining: 2s    
step 01854 (99.4%) | loss: 2.851062 | lrm: 0.01 | dt: 162ms | tok/sec: 810,021 | mfu: 25.2% | epoch: 1 | remaining: 2s    
step 01855 (99.5%) | loss: 2.849953 | lrm: 0.01 | dt: 162ms | tok/sec: 810,323 | mfu: 25.2% | epoch: 1 | remaining: 1s    
step 01856 (99.5%) | loss: 2.852172 | lrm: 0.01 | dt: 162ms | tok/sec: 810,297 | mfu: 25.2% | epoch: 1 | remaining: 1s    
step 01857 (99.6%) | loss: 2.854490 | lrm: 0.01 | dt: 162ms | tok/sec: 809,950 | mfu: 25.2% | epoch: 1 | remaining: 1s    
step 01858 (99.7%) | loss: 2.857290 | lrm: 0.01 | dt: 162ms | tok/sec: 809,984 | mfu: 25.2% | epoch: 1 | remaining: 1s    
step 01859 (99.7%) | loss: 2.859059 | lrm: 0.01 | dt: 162ms | tok/sec: 809,986 | mfu: 25.2% | epoch: 1 | remaining: 1s    
step 01860 (99.8%) | loss: 2.857717 | lrm: 0.00 | dt: 162ms | tok/sec: 810,151 | mfu: 25.2% | epoch: 1 | remaining: 1s    
step 01861 (99.8%) | loss: 2.859055 | lrm: 0.00 | dt: 162ms | tok/sec: 810,116 | mfu: 25.2% | epoch: 1 | remaining: 0s    
step 01862 (99.9%) | loss: 2.854533 | lrm: 0.00 | dt: 162ms | tok/sec: 810,092 | mfu: 25.2% | epoch: 1 | remaining: 0s    
step 01863 (99.9%) | loss: 2.849038 | lrm: 0.00 | dt: 162ms | tok/sec: 810,230 | mfu: 25.2% | epoch: 1 | remaining: 0s    
step 01864 (100.0%) | loss: 2.840730 | lrm: 0.00 | dt: 162ms | tok/sec: 810,107 | mfu: 25.2% | epoch: 1 | remaining: 0s    Autotune Choices Stats:
{"num_choices": 13, "num_triton_choices": 12, "best_kernel": "triton_bmm_2713", "best_kernel_desc": "ACC_TYPE='tl.float32', ALLOW_TF32=True, BLOCK_K=32, BLOCK_M=128, BLOCK_N=16, EVEN_K=True, GROUP_M=8, USE_FAST_ACCUM=False, num_stages=3, num_warps=4", "best_time": 0.018079999834299088, "best_triton_pos": 0}
AUTOTUNE bmm(64x2048x32, 64x32x4)
strides: [1048576, 512, 1], [0, 1, 32]
dtypes: torch.bfloat16, torch.bfloat16
  triton_bmm_2713 0.0181 ms 100.0% ACC_TYPE='tl.float32', ALLOW_TF32=True, BLOCK_K=32, BLOCK_M=128, BLOCK_N=16, EVEN_K=True, GROUP_M=8, USE_FAST_ACCUM=False, num_stages=3, num_warps=4
  triton_bmm_2706 0.0184 ms 98.3% ACC_TYPE='tl.float32', ALLOW_TF32=True, BLOCK_K=32, BLOCK_M=32, BLOCK_N=16, EVEN_K=True, GROUP_M=8, USE_FAST_ACCUM=False, num_stages=2, num_warps=2
  triton_bmm_2708 0.0184 ms 98.3% ACC_TYPE='tl.float32', ALLOW_TF32=True, BLOCK_K=32, BLOCK_M=64, BLOCK_N=16, EVEN_K=True, GROUP_M=8, USE_FAST_ACCUM=False, num_stages=5, num_warps=4
  triton_bmm_2707 0.0184 ms 98.1% ACC_TYPE='tl.float32', ALLOW_TF32=True, BLOCK_K=32, BLOCK_M=32, BLOCK_N=16, EVEN_K=True, GROUP_M=8, USE_FAST_ACCUM=False, num_stages=5, num_warps=2
  triton_bmm_2710 0.0184 ms 98.1% ACC_TYPE='tl.float32', ALLOW_TF32=True, BLOCK_K=32, BLOCK_M=64, BLOCK_N=16, EVEN_K=True, GROUP_M=8, USE_FAST_ACCUM=False, num_stages=2, num_warps=4
  triton_bmm_2711 0.0184 ms 98.1% ACC_TYPE='tl.float32', ALLOW_TF32=True, BLOCK_K=32, BLOCK_M=64, BLOCK_N=16, EVEN_K=True, GROUP_M=8, USE_FAST_ACCUM=False, num_stages=3, num_warps=4
  triton_bmm_2712 0.0184 ms 98.1% ACC_TYPE='tl.float32', ALLOW_TF32=True, BLOCK_K=32, BLOCK_M=64, BLOCK_N=16, EVEN_K=True, GROUP_M=8, USE_FAST_ACCUM=False, num_stages=4, num_warps=4
  triton_bmm_2716 0.0184 ms 98.1% ACC_TYPE='tl.float32', ALLOW_TF32=True, BLOCK_K=32, BLOCK_M=128, BLOCK_N=16, EVEN_K=True, GROUP_M=8, USE_FAST_ACCUM=False, num_stages=5, num_warps=8
  triton_bmm_2714 0.0200 ms 90.5% ACC_TYPE='tl.float32', ALLOW_TF32=True, BLOCK_K=32, BLOCK_M=128, BLOCK_N=16, EVEN_K=True, GROUP_M=8, USE_FAST_ACCUM=False, num_stages=4, num_warps=8
  triton_bmm_2715 0.0201 ms 89.8% ACC_TYPE='tl.float32', ALLOW_TF32=True, BLOCK_K=32, BLOCK_M=128, BLOCK_N=16, EVEN_K=True, GROUP_M=8, USE_FAST_ACCUM=False, num_stages=2, num_warps=8
SingleProcess AUTOTUNE benchmarking takes 0.2755 seconds and 0.0001 seconds precompiling for 13 choices

---
val_bpb:          1.013587
training_seconds: 300.1
total_seconds:    440.8
peak_vram_mb:     27346.3
mfu_percent:      25.24
total_tokens_M:   244.4
num_steps:        1865
num_params_M:     57.7
depth:            9
[W1004 09:55:55.070750167 CudaIPCTypes.cpp:16] Producer process has been terminated before all shared CUDA tensors released. See Note [Sharing CUDA tensors]
