Vocab size: 8,192
Model config: {'sequence_len': 2048, 'vocab_size': 8192, 'n_layer': 8, 'n_head': 4, 'n_kv_head': 4, 'n_embd': 512, 'window_pattern': 'SSSL'}
Parameter counts:
  wte                     : 4,194,304
  value_embeds            : 16,777,216
  lm_head                 : 4,194,304
  transformer_matrices    : 25,166,336
  scalars                 : 16
  total                   : 50,332,176
Estimated FLOPs per token: 2.390784e+08
Scaling AdamW LRs by 1/sqrt(512/768) = 1.224745
Time budget: 300s
Gradient accumulation steps: 1

step 00000 (0.0%) | loss: 9.011463 | lrm: 1.00 | dt: 8912ms | tok/sec: 7,353 | mfu: 0.2% | epoch: 1 | remaining: 300s    
step 00001 (0.0%) | loss: 8.899756 | lrm: 1.00 | dt: 86ms | tok/sec: 760,219 | mfu: 18.4% | epoch: 1 | remaining: 300s    
step 00002 (0.0%) | loss: 8.605786 | lrm: 1.00 | dt: 85ms | tok/sec: 770,108 | mfu: 18.6% | epoch: 1 | remaining: 300s    
step 00003 (0.0%) | loss: 8.219913 | lrm: 1.00 | dt: 83ms | tok/sec: 790,208 | mfu: 19.1% | epoch: 1 | remaining: 300s    
step 00004 (0.0%) | loss: 7.880243 | lrm: 1.00 | dt: 83ms | tok/sec: 790,076 | mfu: 19.1% | epoch: 1 | remaining: 300s    
step 00005 (0.0%) | loss: 7.573959 | lrm: 1.00 | dt: 83ms | tok/sec: 789,983 | mfu: 19.1% | epoch: 1 | remaining: 300s    
step 00006 (0.0%) | loss: 7.332653 | lrm: 1.00 | dt: 83ms | tok/sec: 790,819 | mfu: 19.1% | epoch: 1 | remaining: 300s    
step 00007 (0.0%) | loss: 7.129871 | lrm: 1.00 | dt: 83ms | tok/sec: 790,635 | mfu: 19.1% | epoch: 1 | remaining: 300s    
step 00008 (0.0%) | loss: 6.953144 | lrm: 1.00 | dt: 83ms | tok/sec: 790,496 | mfu: 19.1% | epoch: 1 | remaining: 300s    
step 00009 (0.0%) | loss: 6.806026 | lrm: 1.00 | dt: 83ms | tok/sec: 790,819 | mfu: 19.1% | epoch: 1 | remaining: 300s    
step 00010 (0.0%) | loss: 6.678091 | lrm: 1.00 | dt: 83ms | tok/sec: 790,933 | mfu: 19.1% | epoch: 1 | remaining: 300s    
step 00011 (0.0%) | loss: 6.569982 | lrm: 1.00 | dt: 83ms | tok/sec: 790,365 | mfu: 19.1% | epoch: 1 | remaining: 300s    
step 00012 (0.0%) | loss: 6.472984 | lrm: 1.00 | dt: 83ms | tok/sec: 790,701 | mfu: 19.1% | epoch: 1 | remaining: 300s    
step 00013 (0.1%) | loss: 6.388877 | lrm: 1.00 | dt: 83ms | tok/sec: 790,824 | mfu: 19.1% | epoch: 1 | remaining: 300s    
step 00014 (0.1%) | loss: 6.306852 | lrm: 1.00 | dt: 83ms | tok/sec: 791,058 | mfu: 19.1% | epoch: 1 | remaining: 300s    
step 00015 (0.1%) | loss: 6.239312 | lrm: 1.00 | dt: 83ms | tok/sec: 791,036 | mfu: 19.1% | epoch: 1 | remaining: 300s    
step 00016 (0.1%) | loss: 6.174524 | lrm: 1.00 | dt: 83ms | tok/sec: 790,974 | mfu: 19.1% | epoch: 1 | remaining: 300s    
step 00017 (0.2%) | loss: 6.118348 | lrm: 1.00 | dt: 83ms | tok/sec: 790,715 | mfu: 19.1% | epoch: 1 | remaining: 299s    
step 00018 (0.2%) | loss: 6.070966 | lrm: 1.00 | dt: 83ms | tok/sec: 790,442 | mfu: 19.1% | epoch: 1 | remaining: 299s    
step 00019 (0.2%) | loss: 6.022993 | lrm: 1.00 | dt: 83ms | tok/sec: 791,058 | mfu: 19.1% | epoch: 1 | remaining: 299s    
step 00020 (0.2%) | loss: 5.980682 | lrm: 1.00 | dt: 83ms | tok/sec: 791,051 | mfu: 19.1% | epoch: 1 | remaining: 299s    
step 00021 (0.3%) | loss: 5.938882 | lrm: 1.00 | dt: 83ms | tok/sec: 790,526 | mfu: 19.1% | epoch: 1 | remaining: 299s    
step 00022 (0.3%) | loss: 5.899759 | lrm: 1.00 | dt: 83ms | tok/sec: 790,881 | mfu: 19.1% | epoch: 1 | remaining: 299s    
step 00023 (0.3%) | loss: 5.860168 | lrm: 1.00 | dt: 83ms | tok/sec: 790,074 | mfu: 19.1% | epoch: 1 | remaining: 299s    
step 00024 (0.4%) | loss: 5.830973 | lrm: 1.00 | dt: 83ms | tok/sec: 790,706 | mfu: 19.1% | epoch: 1 | remaining: 299s    
step 00025 (0.4%) | loss: 5.802922 | lrm: 1.00 | dt: 83ms | tok/sec: 790,776 | mfu: 19.1% | epoch: 1 | remaining: 299s    
step 00026 (0.4%) | loss: 5.776402 | lrm: 1.00 | dt: 83ms | tok/sec: 790,801 | mfu: 19.1% | epoch: 1 | remaining: 299s    
step 00027 (0.4%) | loss: 5.749197 | lrm: 1.00 | dt: 83ms | tok/sec: 790,722 | mfu: 19.1% | epoch: 1 | remaining: 299s    
step 00028 (0.5%) | loss: 5.720737 | lrm: 1.00 | dt: 83ms | tok/sec: 790,806 | mfu: 19.1% | epoch: 1 | remaining: 299s    
step 00029 (0.5%) | loss: 5.696217 | lrm: 1.00 | dt: 83ms | tok/sec: 790,656 | mfu: 19.1% | epoch: 1 | remaining: 298s    
step 00030 (0.5%) | loss: 5.677175 | lrm: 1.00 | dt: 83ms | tok/sec: 790,419 | mfu: 19.1% | epoch: 1 | remaining: 298s    
step 00031 (0.6%) | loss: 5.656333 | lrm: 1.00 | dt: 83ms | tok/sec: 790,774 | mfu: 19.1% | epoch: 1 | remaining: 298s    
step 00032 (0.6%) | loss: 5.638615 | lrm: 1.00 | dt: 83ms | tok/sec: 790,674 | mfu: 19.1% | epoch: 1 | remaining: 298s    
step 00033 (0.6%) | loss: 5.621205 | lrm: 1.00 | dt: 83ms | tok/sec: 790,642 | mfu: 19.1% | epoch: 1 | remaining: 298s    
step 00034 (0.6%) | loss: 5.599099 | lrm: 1.00 | dt: 83ms | tok/sec: 790,442 | mfu: 19.1% | epoch: 1 | remaining: 298s    
step 00035 (0.7%) | loss: 5.576855 | lrm: 1.00 | dt: 83ms | tok/sec: 790,851 | mfu: 19.1% | epoch: 1 | remaining: 298s    
step 00036 (0.7%) | loss: 5.558354 | lrm: 1.00 | dt: 83ms | tok/sec: 790,762 | mfu: 19.1% | epoch: 1 | remaining: 298s    
step 00037 (0.7%) | loss: 5.536568 | lrm: 1.00 | dt: 83ms | tok/sec: 790,803 | mfu: 19.1% | epoch: 1 | remaining: 298s    
step 00038 (0.7%) | loss: 5.520290 | lrm: 1.00 | dt: 83ms | tok/sec: 790,728 | mfu: 19.1% | epoch: 1 | remaining: 298s    
step 00039 (0.8%) | loss: 5.495955 | lrm: 1.00 | dt: 83ms | tok/sec: 790,553 | mfu: 19.1% | epoch: 1 | remaining: 298s    
step 00040 (0.8%) | loss: 5.481641 | lrm: 1.00 | dt: 83ms | tok/sec: 790,553 | mfu: 19.1% | epoch: 1 | remaining: 298s    
step 00041 (0.8%) | loss: 5.464205 | lrm: 1.00 | dt: 83ms | tok/sec: 790,983 | mfu: 19.1% | epoch: 1 | remaining: 297s    
step 00042 (0.9%) | loss: 5.446207 | lrm: 1.00 | dt: 83ms | tok/sec: 790,760 | mfu: 19.1% | epoch: 1 | remaining: 297s    
step 00043 (0.9%) | loss: 5.430919 | lrm: 1.00 | dt: 83ms | tok/sec: 790,940 | mfu: 19.1% | epoch: 1 | remaining: 297s    
step 00044 (0.9%) | loss: 5.415759 | lrm: 1.00 | dt: 83ms | tok/sec: 790,483 | mfu: 19.1% | epoch: 1 | remaining: 297s    
step 00045 (0.9%) | loss: 5.395688 | lrm: 1.00 | dt: 83ms | tok/sec: 790,640 | mfu: 19.1% | epoch: 1 | remaining: 297s    
step 00046 (1.0%) | loss: 5.382470 | lrm: 1.00 | dt: 83ms | tok/sec: 790,535 | mfu: 19.1% | epoch: 1 | remaining: 297s    
step 00047 (1.0%) | loss: 5.359738 | lrm: 1.00 | dt: 83ms | tok/sec: 790,740 | mfu: 19.1% | epoch: 1 | remaining: 297s    
step 00048 (1.0%) | loss: 5.340210 | lrm: 1.00 | dt: 83ms | tok/sec: 791,140 | mfu: 19.1% | epoch: 1 | remaining: 297s    
step 00049 (1.0%) | loss: 5.324584 | lrm: 1.00 | dt: 83ms | tok/sec: 790,853 | mfu: 19.1% | epoch: 1 | remaining: 297s    
step 00050 (1.1%) | loss: 5.299770 | lrm: 1.00 | dt: 83ms | tok/sec: 790,640 | mfu: 19.1% | epoch: 1 | remaining: 297s    
step 00051 (1.1%) | loss: 5.274130 | lrm: 1.00 | dt: 83ms | tok/sec: 790,760 | mfu: 19.1% | epoch: 1 | remaining: 297s    
step 00052 (1.1%) | loss: 5.258255 | lrm: 1.00 | dt: 83ms | tok/sec: 790,947 | mfu: 19.1% | epoch: 1 | remaining: 297s    
step 00053 (1.2%) | loss: 5.238321 | lrm: 1.00 | dt: 83ms | tok/sec: 791,133 | mfu: 19.1% | epoch: 1 | remaining: 296s    
step 00054 (1.2%) | loss: 5.225393 | lrm: 1.00 | dt: 83ms | tok/sec: 790,751 | mfu: 19.1% | epoch: 1 | remaining: 296s    
step 00055 (1.2%) | loss: 5.212026 | lrm: 1.00 | dt: 83ms | tok/sec: 790,860 | mfu: 19.1% | epoch: 1 | remaining: 296s    
step 00056 (1.2%) | loss: 5.202110 | lrm: 1.00 | dt: 83ms | tok/sec: 790,983 | mfu: 19.1% | epoch: 1 | remaining: 296s    
step 00057 (1.3%) | loss: 5.184257 | lrm: 1.00 | dt: 83ms | tok/sec: 790,828 | mfu: 19.1% | epoch: 1 | remaining: 296s    
step 00058 (1.3%) | loss: 5.163534 | lrm: 1.00 | dt: 83ms | tok/sec: 791,320 | mfu: 19.1% | epoch: 1 | remaining: 296s    
step 00059 (1.3%) | loss: 5.145524 | lrm: 1.00 | dt: 83ms | tok/sec: 790,904 | mfu: 19.1% | epoch: 1 | remaining: 296s    
step 00060 (1.4%) | loss: 5.126775 | lrm: 1.00 | dt: 83ms | tok/sec: 791,209 | mfu: 19.1% | epoch: 1 | remaining: 296s    
step 00061 (1.4%) | loss: 5.110253 | lrm: 1.00 | dt: 83ms | tok/sec: 791,209 | mfu: 19.1% | epoch: 1 | remaining: 296s    
step 00062 (1.4%) | loss: 5.091419 | lrm: 1.00 | dt: 83ms | tok/sec: 790,694 | mfu: 19.1% | epoch: 1 | remaining: 296s    
step 00063 (1.4%) | loss: 5.075339 | lrm: 1.00 | dt: 83ms | tok/sec: 790,635 | mfu: 19.1% | epoch: 1 | remaining: 296s    
step 00064 (1.5%) | loss: 5.055566 | lrm: 1.00 | dt: 83ms | tok/sec: 790,867 | mfu: 19.1% | epoch: 1 | remaining: 296s    
step 00065 (1.5%) | loss: 5.037579 | lrm: 1.00 | dt: 83ms | tok/sec: 790,822 | mfu: 19.1% | epoch: 1 | remaining: 295s    
step 00066 (1.5%) | loss: 5.015352 | lrm: 1.00 | dt: 83ms | tok/sec: 790,505 | mfu: 19.1% | epoch: 1 | remaining: 295s    
step 00067 (1.5%) | loss: 5.007909 | lrm: 1.00 | dt: 83ms | tok/sec: 790,872 | mfu: 19.1% | epoch: 1 | remaining: 295s    
step 00068 (1.6%) | loss: 4.995718 | lrm: 1.00 | dt: 83ms | tok/sec: 791,168 | mfu: 19.1% | epoch: 1 | remaining: 295s    
step 00069 (1.6%) | loss: 4.967929 | lrm: 1.00 | dt: 83ms | tok/sec: 791,008 | mfu: 19.1% | epoch: 1 | remaining: 295s    
step 00070 (1.6%) | loss: 4.945099 | lrm: 1.00 | dt: 83ms | tok/sec: 791,199 | mfu: 19.1% | epoch: 1 | remaining: 295s    
step 00071 (1.7%) | loss: 4.932640 | lrm: 1.00 | dt: 83ms | tok/sec: 790,917 | mfu: 19.1% | epoch: 1 | remaining: 295s    
step 00072 (1.7%) | loss: 4.918201 | lrm: 1.00 | dt: 83ms | tok/sec: 790,942 | mfu: 19.1% | epoch: 1 | remaining: 295s    
step 00073 (1.7%) | loss: 4.906558 | lrm: 1.00 | dt: 83ms | tok/sec: 790,726 | mfu: 19.1% | epoch: 1 | remaining: 295s    
step 00074 (1.7%) | loss: 4.888854 | lrm: 1.00 | dt: 83ms | tok/sec: 790,628 | mfu: 19.1% | epoch: 1 | remaining: 295s    
step 00075 (1.8%) | loss: 4.868004 | lrm: 1.00 | dt: 83ms | tok/sec: 790,717 | mfu: 19.1% | epoch: 1 | remaining: 295s    
step 00076 (1.8%) | loss: 4.852090 | lrm: 1.00 | dt: 83ms | tok/sec: 791,165 | mfu: 19.1% | epoch: 1 | remaining: 295s    
step 00077 (1.8%) | loss: 4.837599 | lrm: 1.00 | dt: 83ms | tok/sec: 790,915 | mfu: 19.1% | epoch: 1 | remaining: 294s    
step 00078 (1.9%) | loss: 4.824021 | lrm: 1.00 | dt: 83ms | tok/sec: 790,803 | mfu: 19.1% | epoch: 1 | remaining: 294s    
step 00079 (1.9%) | loss: 4.803853 | lrm: 1.00 | dt: 83ms | tok/sec: 790,540 | mfu: 19.1% | epoch: 1 | remaining: 294s    
step 00080 (1.9%) | loss: 4.786379 | lrm: 1.00 | dt: 83ms | tok/sec: 790,899 | mfu: 19.1% | epoch: 1 | remaining: 294s    
step 00081 (1.9%) | loss: 4.765189 | lrm: 1.00 | dt: 83ms | tok/sec: 790,985 | mfu: 19.1% | epoch: 1 | remaining: 294s    
step 00082 (2.0%) | loss: 4.745740 | lrm: 1.00 | dt: 83ms | tok/sec: 790,708 | mfu: 19.1% | epoch: 1 | remaining: 294s    
step 00083 (2.0%) | loss: 4.733705 | lrm: 1.00 | dt: 83ms | tok/sec: 791,423 | mfu: 19.1% | epoch: 1 | remaining: 294s    
step 00084 (2.0%) | loss: 4.720511 | lrm: 1.00 | dt: 83ms | tok/sec: 790,824 | mfu: 19.1% | epoch: 1 | remaining: 294s    
step 00085 (2.0%) | loss: 4.706234 | lrm: 1.00 | dt: 83ms | tok/sec: 791,131 | mfu: 19.1% | epoch: 1 | remaining: 294s    
step 00086 (2.1%) | loss: 4.692077 | lrm: 1.00 | dt: 83ms | tok/sec: 790,876 | mfu: 19.1% | epoch: 1 | remaining: 294s    
step 00087 (2.1%) | loss: 4.673317 | lrm: 1.00 | dt: 83ms | tok/sec: 790,840 | mfu: 19.1% | epoch: 1 | remaining: 294s    
step 00088 (2.1%) | loss: 4.657817 | lrm: 1.00 | dt: 83ms | tok/sec: 793,270 | mfu: 19.2% | epoch: 1 | remaining: 294s    
step 00089 (2.2%) | loss: 4.641418 | lrm: 1.00 | dt: 83ms | tok/sec: 792,801 | mfu: 19.2% | epoch: 1 | remaining: 293s    
step 00090 (2.2%) | loss: 4.630285 | lrm: 1.00 | dt: 83ms | tok/sec: 792,895 | mfu: 19.2% | epoch: 1 | remaining: 293s    
step 00091 (2.2%) | loss: 4.620408 | lrm: 1.00 | dt: 83ms | tok/sec: 790,956 | mfu: 19.1% | epoch: 1 | remaining: 293s    
step 00092 (2.2%) | loss: 4.609236 | lrm: 1.00 | dt: 83ms | tok/sec: 791,311 | mfu: 19.1% | epoch: 1 | remaining: 293s    
step 00093 (2.3%) | loss: 4.596917 | lrm: 1.00 | dt: 83ms | tok/sec: 790,995 | mfu: 19.1% | epoch: 1 | remaining: 293s    
step 00094 (2.3%) | loss: 4.582338 | lrm: 1.00 | dt: 83ms | tok/sec: 790,799 | mfu: 19.1% | epoch: 1 | remaining: 293s    
step 00095 (2.3%) | loss: 4.571039 | lrm: 1.00 | dt: 83ms | tok/sec: 790,926 | mfu: 19.1% | epoch: 1 | remaining: 293s    
step 00096 (2.3%) | loss: 4.555218 | lrm: 1.00 | dt: 83ms | tok/sec: 790,701 | mfu: 19.1% | epoch: 1 | remaining: 293s    
step 00097 (2.4%) | loss: 4.545720 | lrm: 1.00 | dt: 83ms | tok/sec: 791,685 | mfu: 19.1% | epoch: 1 | remaining: 293s    
step 00098 (2.4%) | loss: 4.527600 | lrm: 1.00 | dt: 83ms | tok/sec: 790,813 | mfu: 19.1% | epoch: 1 | remaining: 293s    
step 00099 (2.4%) | loss: 4.521645 | lrm: 1.00 | dt: 83ms | tok/sec: 790,940 | mfu: 19.1% | epoch: 1 | remaining: 293s    
step 00100 (2.5%) | loss: 4.504869 | lrm: 1.00 | dt: 83ms | tok/sec: 790,815 | mfu: 19.1% | epoch: 1 | remaining: 293s    
step 00101 (2.5%) | loss: 4.493851 | lrm: 1.00 | dt: 83ms | tok/sec: 790,646 | mfu: 19.1% | epoch: 1 | remaining: 292s    
step 00102 (2.5%) | loss: 4.484070 | lrm: 1.00 | dt: 83ms | tok/sec: 790,867 | mfu: 19.1% | epoch: 1 | remaining: 292s    
step 00103 (2.5%) | loss: 4.466746 | lrm: 1.00 | dt: 83ms | tok/sec: 790,933 | mfu: 19.1% | epoch: 1 | remaining: 292s    
step 00104 (2.6%) | loss: 4.450791 | lrm: 1.00 | dt: 83ms | tok/sec: 791,619 | mfu: 19.1% | epoch: 1 | remaining: 292s    
step 00105 (2.6%) | loss: 4.427726 | lrm: 1.00 | dt: 83ms | tok/sec: 793,218 | mfu: 19.2% | epoch: 1 | remaining: 292s    
step 00106 (2.6%) | loss: 4.417133 | lrm: 1.00 | dt: 83ms | tok/sec: 793,238 | mfu: 19.2% | epoch: 1 | remaining: 292s    
step 00107 (2.7%) | loss: 4.412767 | lrm: 1.00 | dt: 83ms | tok/sec: 792,991 | mfu: 19.2% | epoch: 1 | remaining: 292s    
step 00108 (2.7%) | loss: 4.402449 | lrm: 1.00 | dt: 83ms | tok/sec: 793,058 | mfu: 19.2% | epoch: 1 | remaining: 292s    
step 00109 (2.7%) | loss: 4.388760 | lrm: 1.00 | dt: 83ms | tok/sec: 793,296 | mfu: 19.2% | epoch: 1 | remaining: 292s    
step 00110 (2.7%) | loss: 4.379080 | lrm: 1.00 | dt: 83ms | tok/sec: 792,927 | mfu: 19.2% | epoch: 1 | remaining: 292s    
step 00111 (2.8%) | loss: 4.365192 | lrm: 1.00 | dt: 83ms | tok/sec: 793,035 | mfu: 19.2% | epoch: 1 | remaining: 292s    
step 00112 (2.8%) | loss: 4.348019 | lrm: 1.00 | dt: 83ms | tok/sec: 793,044 | mfu: 19.2% | epoch: 1 | remaining: 292s    
step 00113 (2.8%) | loss: 4.335905 | lrm: 1.00 | dt: 83ms | tok/sec: 792,795 | mfu: 19.2% | epoch: 1 | remaining: 291s    
step 00114 (2.8%) | loss: 4.328382 | lrm: 1.00 | dt: 83ms | tok/sec: 792,886 | mfu: 19.2% | epoch: 1 | remaining: 291s    
step 00115 (2.9%) | loss: 4.314463 | lrm: 1.00 | dt: 83ms | tok/sec: 792,952 | mfu: 19.2% | epoch: 1 | remaining: 291s    
step 00116 (2.9%) | loss: 4.309680 | lrm: 1.00 | dt: 83ms | tok/sec: 792,966 | mfu: 19.2% | epoch: 1 | remaining: 291s    
step 00117 (2.9%) | loss: 4.301554 | lrm: 1.00 | dt: 83ms | tok/sec: 792,856 | mfu: 19.2% | epoch: 1 | remaining: 291s    
step 00118 (3.0%) | loss: 4.283335 | lrm: 1.00 | dt: 83ms | tok/sec: 793,225 | mfu: 19.2% | epoch: 1 | remaining: 291s    
step 00119 (3.0%) | loss: 4.271577 | lrm: 1.00 | dt: 83ms | tok/sec: 793,307 | mfu: 19.2% | epoch: 1 | remaining: 291s    
step 00120 (3.0%) | loss: 4.261570 | lrm: 1.00 | dt: 83ms | tok/sec: 793,369 | mfu: 19.2% | epoch: 1 | remaining: 291s    
step 00121 (3.0%) | loss: 4.250113 | lrm: 1.00 | dt: 83ms | tok/sec: 792,911 | mfu: 19.2% | epoch: 1 | remaining: 291s    
step 00122 (3.1%) | loss: 4.237021 | lrm: 1.00 | dt: 83ms | tok/sec: 792,895 | mfu: 19.2% | epoch: 1 | remaining: 291s    
step 00123 (3.1%) | loss: 4.224601 | lrm: 1.00 | dt: 83ms | tok/sec: 792,950 | mfu: 19.2% | epoch: 1 | remaining: 291s    
step 00124 (3.1%) | loss: 4.214244 | lrm: 1.00 | dt: 83ms | tok/sec: 793,087 | mfu: 19.2% | epoch: 1 | remaining: 291s    
step 00125 (3.1%) | loss: 4.204959 | lrm: 1.00 | dt: 83ms | tok/sec: 793,493 | mfu: 19.2% | epoch: 1 | remaining: 290s    
step 00126 (3.2%) | loss: 4.200537 | lrm: 1.00 | dt: 83ms | tok/sec: 792,822 | mfu: 19.2% | epoch: 1 | remaining: 290s    
step 00127 (3.2%) | loss: 4.190564 | lrm: 1.00 | dt: 83ms | tok/sec: 793,209 | mfu: 19.2% | epoch: 1 | remaining: 290s    
step 00128 (3.2%) | loss: 4.178546 | lrm: 1.00 | dt: 83ms | tok/sec: 793,257 | mfu: 19.2% | epoch: 1 | remaining: 290s    
step 00129 (3.3%) | loss: 4.172837 | lrm: 1.00 | dt: 83ms | tok/sec: 792,856 | mfu: 19.2% | epoch: 1 | remaining: 290s    
step 00130 (3.3%) | loss: 4.170165 | lrm: 1.00 | dt: 83ms | tok/sec: 793,275 | mfu: 19.2% | epoch: 1 | remaining: 290s    
step 00131 (3.3%) | loss: 4.156849 | lrm: 1.00 | dt: 83ms | tok/sec: 793,028 | mfu: 19.2% | epoch: 1 | remaining: 290s    
step 00132 (3.3%) | loss: 4.147539 | lrm: 1.00 | dt: 83ms | tok/sec: 792,948 | mfu: 19.2% | epoch: 1 | remaining: 290s    
step 00133 (3.4%) | loss: 4.131891 | lrm: 1.00 | dt: 83ms | tok/sec: 793,369 | mfu: 19.2% | epoch: 1 | remaining: 290s    
step 00134 (3.4%) | loss: 4.123563 | lrm: 1.00 | dt: 83ms | tok/sec: 793,124 | mfu: 19.2% | epoch: 1 | remaining: 290s    
step 00135 (3.4%) | loss: 4.121064 | lrm: 1.00 | dt: 83ms | tok/sec: 793,199 | mfu: 19.2% | epoch: 1 | remaining: 290s    
step 00136 (3.5%) | loss: 4.109715 | lrm: 1.00 | dt: 83ms | tok/sec: 793,273 | mfu: 19.2% | epoch: 1 | remaining: 290s    
step 00137 (3.5%) | loss: 4.100641 | lrm: 1.00 | dt: 83ms | tok/sec: 793,222 | mfu: 19.2% | epoch: 1 | remaining: 289s    
step 00138 (3.5%) | loss: 4.090915 | lrm: 1.00 | dt: 83ms | tok/sec: 793,023 | mfu: 19.2% | epoch: 1 | remaining: 289s    
step 00139 (3.5%) | loss: 4.081300 | lrm: 1.00 | dt: 83ms | tok/sec: 792,932 | mfu: 19.2% | epoch: 1 | remaining: 289s    
step 00140 (3.6%) | loss: 4.072303 | lrm: 1.00 | dt: 83ms | tok/sec: 793,286 | mfu: 19.2% | epoch: 1 | remaining: 289s    
step 00141 (3.6%) | loss: 4.071657 | lrm: 1.00 | dt: 83ms | tok/sec: 793,149 | mfu: 19.2% | epoch: 1 | remaining: 289s    
step 00142 (3.6%) | loss: 4.058734 | lrm: 1.00 | dt: 83ms | tok/sec: 793,028 | mfu: 19.2% | epoch: 1 | remaining: 289s    
step 00143 (3.6%) | loss: 4.045259 | lrm: 1.00 | dt: 83ms | tok/sec: 793,241 | mfu: 19.2% | epoch: 1 | remaining: 289s    
step 00144 (3.7%) | loss: 4.042218 | lrm: 1.00 | dt: 83ms | tok/sec: 793,277 | mfu: 19.2% | epoch: 1 | remaining: 289s    
step 00145 (3.7%) | loss: 4.033677 | lrm: 1.00 | dt: 83ms | tok/sec: 792,859 | mfu: 19.2% | epoch: 1 | remaining: 289s    
step 00146 (3.7%) | loss: 4.022458 | lrm: 1.00 | dt: 83ms | tok/sec: 792,913 | mfu: 19.2% | epoch: 1 | remaining: 289s    
step 00147 (3.8%) | loss: 4.021136 | lrm: 1.00 | dt: 83ms | tok/sec: 793,243 | mfu: 19.2% | epoch: 1 | remaining: 289s    
step 00148 (3.8%) | loss: 4.022156 | lrm: 1.00 | dt: 83ms | tok/sec: 793,019 | mfu: 19.2% | epoch: 1 | remaining: 289s    
step 00149 (3.8%) | loss: 4.020235 | lrm: 1.00 | dt: 83ms | tok/sec: 793,019 | mfu: 19.2% | epoch: 1 | remaining: 288s    
step 00150 (3.8%) | loss: 4.010586 | lrm: 1.00 | dt: 83ms | tok/sec: 793,097 | mfu: 19.2% | epoch: 1 | remaining: 288s    
step 00151 (3.9%) | loss: 4.011939 | lrm: 1.00 | dt: 83ms | tok/sec: 793,323 | mfu: 19.2% | epoch: 1 | remaining: 288s    
step 00152 (3.9%) | loss: 4.004450 | lrm: 1.00 | dt: 83ms | tok/sec: 793,042 | mfu: 19.2% | epoch: 1 | remaining: 288s    
step 00153 (3.9%) | loss: 4.000543 | lrm: 1.00 | dt: 83ms | tok/sec: 792,891 | mfu: 19.2% | epoch: 1 | remaining: 288s    
step 00154 (3.9%) | loss: 3.986882 | lrm: 1.00 | dt: 83ms | tok/sec: 793,097 | mfu: 19.2% | epoch: 1 | remaining: 288s    
step 00155 (4.0%) | loss: 3.979619 | lrm: 1.00 | dt: 83ms | tok/sec: 793,078 | mfu: 19.2% | epoch: 1 | remaining: 288s    
step 00156 (4.0%) | loss: 3.964730 | lrm: 1.00 | dt: 83ms | tok/sec: 793,172 | mfu: 19.2% | epoch: 1 | remaining: 288s    
step 00157 (4.0%) | loss: 3.963201 | lrm: 1.00 | dt: 83ms | tok/sec: 793,227 | mfu: 19.2% | epoch: 1 | remaining: 288s    
step 00158 (4.1%) | loss: 3.958509 | lrm: 1.00 | dt: 83ms | tok/sec: 793,103 | mfu: 19.2% | epoch: 1 | remaining: 288s    
step 00159 (4.1%) | loss: 3.959043 | lrm: 1.00 | dt: 83ms | tok/sec: 793,412 | mfu: 19.2% | epoch: 1 | remaining: 288s    
step 00160 (4.1%) | loss: 3.953176 | lrm: 1.00 | dt: 83ms | tok/sec: 793,447 | mfu: 19.2% | epoch: 1 | remaining: 288s    
step 00161 (4.1%) | loss: 3.949820 | lrm: 1.00 | dt: 83ms | tok/sec: 792,923 | mfu: 19.2% | epoch: 1 | remaining: 288s    
step 00162 (4.2%) | loss: 3.952122 | lrm: 1.00 | dt: 83ms | tok/sec: 793,408 | mfu: 19.2% | epoch: 1 | remaining: 287s    
step 00163 (4.2%) | loss: 3.944531 | lrm: 1.00 | dt: 83ms | tok/sec: 793,026 | mfu: 19.2% | epoch: 1 | remaining: 287s    
step 00164 (4.2%) | loss: 3.935329 | lrm: 1.00 | dt: 83ms | tok/sec: 792,888 | mfu: 19.2% | epoch: 1 | remaining: 287s    
step 00165 (4.2%) | loss: 3.928215 | lrm: 1.00 | dt: 83ms | tok/sec: 793,028 | mfu: 19.2% | epoch: 1 | remaining: 287s    
step 00166 (4.3%) | loss: 3.922256 | lrm: 1.00 | dt: 83ms | tok/sec: 793,243 | mfu: 19.2% | epoch: 1 | remaining: 287s    
step 00167 (4.3%) | loss: 3.918804 | lrm: 1.00 | dt: 83ms | tok/sec: 793,325 | mfu: 19.2% | epoch: 1 | remaining: 287s    
step 00168 (4.3%) | loss: 3.914412 | lrm: 1.00 | dt: 83ms | tok/sec: 793,076 | mfu: 19.2% | epoch: 1 | remaining: 287s    
step 00169 (4.4%) | loss: 3.910279 | lrm: 1.00 | dt: 83ms | tok/sec: 793,312 | mfu: 19.2% | epoch: 1 | remaining: 287s    
step 00170 (4.4%) | loss: 3.922385 | lrm: 1.00 | dt: 83ms | tok/sec: 793,275 | mfu: 19.2% | epoch: 1 | remaining: 287s    
step 00171 (4.4%) | loss: 3.916972 | lrm: 1.00 | dt: 83ms | tok/sec: 793,145 | mfu: 19.2% | epoch: 1 | remaining: 287s    
step 00172 (4.4%) | loss: 3.912766 | lrm: 1.00 | dt: 83ms | tok/sec: 793,309 | mfu: 19.2% | epoch: 1 | remaining: 287s    
step 00173 (4.5%) | loss: 3.904059 | lrm: 1.00 | dt: 83ms | tok/sec: 792,964 | mfu: 19.2% | epoch: 1 | remaining: 287s    
step 00174 (4.5%) | loss: 3.903061 | lrm: 1.00 | dt: 83ms | tok/sec: 792,907 | mfu: 19.2% | epoch: 1 | remaining: 286s    
step 00175 (4.5%) | loss: 3.892401 | lrm: 1.00 | dt: 83ms | tok/sec: 792,925 | mfu: 19.2% | epoch: 1 | remaining: 286s    
step 00176 (4.6%) | loss: 3.897134 | lrm: 1.00 | dt: 83ms | tok/sec: 792,957 | mfu: 19.2% | epoch: 1 | remaining: 286s    
step 00177 (4.6%) | loss: 3.891019 | lrm: 1.00 | dt: 83ms | tok/sec: 792,792 | mfu: 19.2% | epoch: 1 | remaining: 286s    
step 00178 (4.6%) | loss: 3.890822 | lrm: 1.00 | dt: 83ms | tok/sec: 792,486 | mfu: 19.1% | epoch: 1 | remaining: 286s    
step 00179 (4.6%) | loss: 3.880733 | lrm: 1.00 | dt: 83ms | tok/sec: 792,911 | mfu: 19.2% | epoch: 1 | remaining: 286s    
step 00180 (4.7%) | loss: 3.876004 | lrm: 1.00 | dt: 83ms | tok/sec: 792,669 | mfu: 19.2% | epoch: 1 | remaining: 286s    
step 00181 (4.7%) | loss: 3.872668 | lrm: 1.00 | dt: 83ms | tok/sec: 792,635 | mfu: 19.2% | epoch: 1 | remaining: 286s    
step 00182 (4.7%) | loss: 3.877765 | lrm: 1.00 | dt: 83ms | tok/sec: 792,365 | mfu: 19.1% | epoch: 1 | remaining: 286s    
step 00183 (4.7%) | loss: 3.879148 | lrm: 1.00 | dt: 83ms | tok/sec: 792,884 | mfu: 19.2% | epoch: 1 | remaining: 286s    
step 00184 (4.8%) | loss: 3.882782 | lrm: 1.00 | dt: 83ms | tok/sec: 792,813 | mfu: 19.2% | epoch: 1 | remaining: 286s    
step 00185 (4.8%) | loss: 3.874686 | lrm: 1.00 | dt: 83ms | tok/sec: 792,433 | mfu: 19.1% | epoch: 1 | remaining: 286s    
step 00186 (4.8%) | loss: 3.873455 | lrm: 1.00 | dt: 83ms | tok/sec: 793,042 | mfu: 19.2% | epoch: 1 | remaining: 285s    
step 00187 (4.9%) | loss: 3.863705 | lrm: 1.00 | dt: 83ms | tok/sec: 792,978 | mfu: 19.2% | epoch: 1 | remaining: 285s    
step 00188 (4.9%) | loss: 3.860601 | lrm: 1.00 | dt: 83ms | tok/sec: 793,280 | mfu: 19.2% | epoch: 1 | remaining: 285s    
step 00189 (4.9%) | loss: 3.857930 | lrm: 1.00 | dt: 83ms | tok/sec: 792,559 | mfu: 19.1% | epoch: 1 | remaining: 285s    
step 00190 (4.9%) | loss: 3.846858 | lrm: 1.00 | dt: 83ms | tok/sec: 792,879 | mfu: 19.2% | epoch: 1 | remaining: 285s    
step 00191 (5.0%) | loss: 3.843562 | lrm: 1.00 | dt: 83ms | tok/sec: 792,390 | mfu: 19.1% | epoch: 1 | remaining: 285s    
step 00192 (5.0%) | loss: 3.839776 | lrm: 1.00 | dt: 83ms | tok/sec: 792,080 | mfu: 19.1% | epoch: 1 | remaining: 285s    
step 00193 (5.0%) | loss: 3.839228 | lrm: 1.00 | dt: 83ms | tok/sec: 792,765 | mfu: 19.2% | epoch: 1 | remaining: 285s    
step 00194 (5.0%) | loss: 3.833236 | lrm: 1.00 | dt: 83ms | tok/sec: 792,415 | mfu: 19.1% | epoch: 1 | remaining: 285s    
step 00195 (5.1%) | loss: 3.825945 | lrm: 1.00 | dt: 83ms | tok/sec: 792,242 | mfu: 19.1% | epoch: 1 | remaining: 285s    
step 00196 (5.1%) | loss: 3.822920 | lrm: 1.00 | dt: 83ms | tok/sec: 792,710 | mfu: 19.2% | epoch: 1 | remaining: 285s    
step 00197 (5.1%) | loss: 3.809517 | lrm: 1.00 | dt: 83ms | tok/sec: 792,333 | mfu: 19.1% | epoch: 1 | remaining: 285s    
step 00198 (5.2%) | loss: 3.807223 | lrm: 1.00 | dt: 83ms | tok/sec: 792,413 | mfu: 19.1% | epoch: 1 | remaining: 284s    
step 00199 (5.2%) | loss: 3.809437 | lrm: 1.00 | dt: 83ms | tok/sec: 792,041 | mfu: 19.1% | epoch: 1 | remaining: 284s    
step 00200 (5.2%) | loss: 3.816634 | lrm: 1.00 | dt: 83ms | tok/sec: 792,452 | mfu: 19.1% | epoch: 1 | remaining: 284s    
step 00201 (5.2%) | loss: 3.822038 | lrm: 1.00 | dt: 83ms | tok/sec: 792,913 | mfu: 19.2% | epoch: 1 | remaining: 284s    
step 00202 (5.3%) | loss: 3.818225 | lrm: 1.00 | dt: 83ms | tok/sec: 792,529 | mfu: 19.1% | epoch: 1 | remaining: 284s    
step 00203 (5.3%) | loss: 3.828645 | lrm: 1.00 | dt: 83ms | tok/sec: 792,395 | mfu: 19.1% | epoch: 1 | remaining: 284s    
step 00204 (5.3%) | loss: 3.823217 | lrm: 1.00 | dt: 83ms | tok/sec: 792,308 | mfu: 19.1% | epoch: 1 | remaining: 284s    
step 00205 (5.4%) | loss: 3.820917 | lrm: 1.00 | dt: 83ms | tok/sec: 792,349 | mfu: 19.1% | epoch: 1 | remaining: 284s    
step 00206 (5.4%) | loss: 3.820966 | lrm: 1.00 | dt: 83ms | tok/sec: 792,513 | mfu: 19.1% | epoch: 1 | remaining: 284s    
step 00207 (5.4%) | loss: 3.807355 | lrm: 1.00 | dt: 83ms | tok/sec: 791,854 | mfu: 19.1% | epoch: 1 | remaining: 284s    
step 00208 (5.4%) | loss: 3.800979 | lrm: 1.00 | dt: 83ms | tok/sec: 792,331 | mfu: 19.1% | epoch: 1 | remaining: 284s    
step 00209 (5.5%) | loss: 3.805776 | lrm: 1.00 | dt: 83ms | tok/sec: 792,619 | mfu: 19.2% | epoch: 1 | remaining: 284s    
step 00210 (5.5%) | loss: 3.807806 | lrm: 1.00 | dt: 83ms | tok/sec: 792,475 | mfu: 19.1% | epoch: 1 | remaining: 283s    
step 00211 (5.5%) | loss: 3.804891 | lrm: 1.00 | dt: 83ms | tok/sec: 792,182 | mfu: 19.1% | epoch: 1 | remaining: 283s    
step 00212 (5.5%) | loss: 3.798711 | lrm: 1.00 | dt: 83ms | tok/sec: 792,096 | mfu: 19.1% | epoch: 1 | remaining: 283s    
step 00213 (5.6%) | loss: 3.801211 | lrm: 1.00 | dt: 83ms | tok/sec: 792,667 | mfu: 19.2% | epoch: 1 | remaining: 283s    
step 00214 (5.6%) | loss: 3.805722 | lrm: 1.00 | dt: 83ms | tok/sec: 792,166 | mfu: 19.1% | epoch: 1 | remaining: 283s    
step 00215 (5.6%) | loss: 3.795495 | lrm: 1.00 | dt: 83ms | tok/sec: 791,728 | mfu: 19.1% | epoch: 1 | remaining: 283s    
step 00216 (5.7%) | loss: 3.783284 | lrm: 1.00 | dt: 83ms | tok/sec: 792,171 | mfu: 19.1% | epoch: 1 | remaining: 283s    
step 00217 (5.7%) | loss: 3.781391 | lrm: 1.00 | dt: 83ms | tok/sec: 792,338 | mfu: 19.1% | epoch: 1 | remaining: 283s    
step 00218 (5.7%) | loss: 3.772516 | lrm: 1.00 | dt: 83ms | tok/sec: 791,632 | mfu: 19.1% | epoch: 1 | remaining: 283s    
step 00219 (5.7%) | loss: 3.769878 | lrm: 1.00 | dt: 83ms | tok/sec: 791,603 | mfu: 19.1% | epoch: 1 | remaining: 283s    
step 00220 (5.8%) | loss: 3.767258 | lrm: 1.00 | dt: 83ms | tok/sec: 792,260 | mfu: 19.1% | epoch: 1 | remaining: 283s    
step 00221 (5.8%) | loss: 3.767252 | lrm: 1.00 | dt: 83ms | tok/sec: 791,933 | mfu: 19.1% | epoch: 1 | remaining: 283s    
step 00222 (5.8%) | loss: 3.775506 | lrm: 1.00 | dt: 83ms | tok/sec: 791,920 | mfu: 19.1% | epoch: 1 | remaining: 282s    
step 00223 (5.8%) | loss: 3.777541 | lrm: 1.00 | dt: 83ms | tok/sec: 791,810 | mfu: 19.1% | epoch: 1 | remaining: 282s    
step 00224 (5.9%) | loss: 3.788571 | lrm: 1.00 | dt: 83ms | tok/sec: 791,708 | mfu: 19.1% | epoch: 1 | remaining: 282s    
step 00225 (5.9%) | loss: 3.783335 | lrm: 1.00 | dt: 83ms | tok/sec: 791,639 | mfu: 19.1% | epoch: 1 | remaining: 282s    
step 00226 (5.9%) | loss: 3.781403 | lrm: 1.00 | dt: 83ms | tok/sec: 792,242 | mfu: 19.1% | epoch: 1 | remaining: 282s    
step 00227 (6.0%) | loss: 3.786275 | lrm: 1.00 | dt: 83ms | tok/sec: 791,911 | mfu: 19.1% | epoch: 1 | remaining: 282s    
step 00228 (6.0%) | loss: 3.778705 | lrm: 1.00 | dt: 83ms | tok/sec: 791,726 | mfu: 19.1% | epoch: 1 | remaining: 282s    
step 00229 (6.0%) | loss: 3.775760 | lrm: 1.00 | dt: 83ms | tok/sec: 791,530 | mfu: 19.1% | epoch: 1 | remaining: 282s    
step 00230 (6.0%) | loss: 3.771759 | lrm: 1.00 | dt: 83ms | tok/sec: 791,724 | mfu: 19.1% | epoch: 1 | remaining: 282s    
step 00231 (6.1%) | loss: 3.776302 | lrm: 1.00 | dt: 83ms | tok/sec: 792,016 | mfu: 19.1% | epoch: 1 | remaining: 282s    
step 00232 (6.1%) | loss: 3.782181 | lrm: 1.00 | dt: 83ms | tok/sec: 791,487 | mfu: 19.1% | epoch: 1 | remaining: 282s    
step 00233 (6.1%) | loss: 3.779314 | lrm: 1.00 | dt: 83ms | tok/sec: 791,571 | mfu: 19.1% | epoch: 1 | remaining: 282s    
step 00234 (6.2%) | loss: 3.778853 | lrm: 1.00 | dt: 83ms | tok/sec: 791,594 | mfu: 19.1% | epoch: 1 | remaining: 281s    
step 00235 (6.2%) | loss: 3.767481 | lrm: 1.00 | dt: 83ms | tok/sec: 791,505 | mfu: 19.1% | epoch: 1 | remaining: 281s    
step 00236 (6.2%) | loss: 3.764596 | lrm: 1.00 | dt: 83ms | tok/sec: 791,487 | mfu: 19.1% | epoch: 1 | remaining: 281s    
step 00237 (6.2%) | loss: 3.765415 | lrm: 1.00 | dt: 83ms | tok/sec: 791,505 | mfu: 19.1% | epoch: 1 | remaining: 281s    
step 00238 (6.3%) | loss: 3.770329 | lrm: 1.00 | dt: 83ms | tok/sec: 791,268 | mfu: 19.1% | epoch: 1 | remaining: 281s    
step 00239 (6.3%) | loss: 3.764917 | lrm: 1.00 | dt: 83ms | tok/sec: 791,145 | mfu: 19.1% | epoch: 1 | remaining: 281s    
step 00240 (6.3%) | loss: 3.769214 | lrm: 1.00 | dt: 83ms | tok/sec: 791,163 | mfu: 19.1% | epoch: 1 | remaining: 281s    
step 00241 (6.3%) | loss: 3.770808 | lrm: 1.00 | dt: 83ms | tok/sec: 791,502 | mfu: 19.1% | epoch: 1 | remaining: 281s    
step 00242 (6.4%) | loss: 3.765524 | lrm: 1.00 | dt: 83ms | tok/sec: 791,174 | mfu: 19.1% | epoch: 1 | remaining: 281s    
step 00243 (6.4%) | loss: 3.759348 | lrm: 1.00 | dt: 83ms | tok/sec: 791,168 | mfu: 19.1% | epoch: 1 | remaining: 281s    
step 00244 (6.4%) | loss: 3.747502 | lrm: 1.00 | dt: 83ms | tok/sec: 791,578 | mfu: 19.1% | epoch: 1 | remaining: 281s    
step 00245 (6.5%) | loss: 3.754080 | lrm: 1.00 | dt: 83ms | tok/sec: 791,174 | mfu: 19.1% | epoch: 1 | remaining: 281s    
step 00246 (6.5%) | loss: 3.754015 | lrm: 1.00 | dt: 83ms | tok/sec: 791,375 | mfu: 19.1% | epoch: 1 | remaining: 280s    
step 00247 (6.5%) | loss: 3.746443 | lrm: 1.00 | dt: 83ms | tok/sec: 791,407 | mfu: 19.1% | epoch: 1 | remaining: 280s    
step 00248 (6.5%) | loss: 3.740253 | lrm: 1.00 | dt: 83ms | tok/sec: 791,573 | mfu: 19.1% | epoch: 1 | remaining: 280s    
step 00249 (6.6%) | loss: 3.743031 | lrm: 1.00 | dt: 83ms | tok/sec: 791,555 | mfu: 19.1% | epoch: 1 | remaining: 280s    
step 00250 (6.6%) | loss: 3.745572 | lrm: 1.00 | dt: 83ms | tok/sec: 791,616 | mfu: 19.1% | epoch: 1 | remaining: 280s    
step 00251 (6.6%) | loss: 3.737999 | lrm: 1.00 | dt: 83ms | tok/sec: 790,990 | mfu: 19.1% | epoch: 1 | remaining: 280s    
step 00252 (6.6%) | loss: 3.730071 | lrm: 1.00 | dt: 83ms | tok/sec: 791,425 | mfu: 19.1% | epoch: 1 | remaining: 280s    
step 00253 (6.7%) | loss: 3.731509 | lrm: 1.00 | dt: 83ms | tok/sec: 791,883 | mfu: 19.1% | epoch: 1 | remaining: 280s    
step 00254 (6.7%) | loss: 3.731501 | lrm: 1.00 | dt: 83ms | tok/sec: 791,726 | mfu: 19.1% | epoch: 1 | remaining: 280s    
step 00255 (6.7%) | loss: 3.737702 | lrm: 1.00 | dt: 83ms | tok/sec: 791,272 | mfu: 19.1% | epoch: 1 | remaining: 280s    
step 00256 (6.8%) | loss: 3.734752 | lrm: 1.00 | dt: 83ms | tok/sec: 791,819 | mfu: 19.1% | epoch: 1 | remaining: 280s    
step 00257 (6.8%) | loss: 3.744790 | lrm: 1.00 | dt: 83ms | tok/sec: 791,352 | mfu: 19.1% | epoch: 1 | remaining: 280s    
step 00258 (6.8%) | loss: 3.743716 | lrm: 1.00 | dt: 83ms | tok/sec: 791,373 | mfu: 19.1% | epoch: 1 | remaining: 279s    
step 00259 (6.8%) | loss: 3.733424 | lrm: 1.00 | dt: 83ms | tok/sec: 791,493 | mfu: 19.1% | epoch: 1 | remaining: 279s    
step 00260 (6.9%) | loss: 3.725530 | lrm: 1.00 | dt: 83ms | tok/sec: 791,357 | mfu: 19.1% | epoch: 1 | remaining: 279s    
step 00261 (6.9%) | loss: 3.725699 | lrm: 1.00 | dt: 83ms | tok/sec: 791,644 | mfu: 19.1% | epoch: 1 | remaining: 279s    
step 00262 (6.9%) | loss: 3.720282 | lrm: 1.00 | dt: 83ms | tok/sec: 791,525 | mfu: 19.1% | epoch: 1 | remaining: 279s    
step 00263 (7.0%) | loss: 3.715405 | lrm: 1.00 | dt: 83ms | tok/sec: 791,149 | mfu: 19.1% | epoch: 1 | remaining: 279s    
step 00264 (7.0%) | loss: 3.715273 | lrm: 1.00 | dt: 83ms | tok/sec: 791,708 | mfu: 19.1% | epoch: 1 | remaining: 279s    
step 00265 (7.0%) | loss: 3.721999 | lrm: 1.00 | dt: 83ms | tok/sec: 791,443 | mfu: 19.1% | epoch: 1 | remaining: 279s    
step 00266 (7.0%) | loss: 3.722251 | lrm: 1.00 | dt: 83ms | tok/sec: 791,685 | mfu: 19.1% | epoch: 1 | remaining: 279s    
step 00267 (7.1%) | loss: 3.726535 | lrm: 1.00 | dt: 83ms | tok/sec: 791,348 | mfu: 19.1% | epoch: 1 | remaining: 279s    
step 00268 (7.1%) | loss: 3.714270 | lrm: 1.00 | dt: 83ms | tok/sec: 791,332 | mfu: 19.1% | epoch: 1 | remaining: 279s    
step 00269 (7.1%) | loss: 3.715626 | lrm: 1.00 | dt: 83ms | tok/sec: 791,281 | mfu: 19.1% | epoch: 1 | remaining: 279s    
step 00270 (7.1%) | loss: 3.721825 | lrm: 1.00 | dt: 83ms | tok/sec: 791,004 | mfu: 19.1% | epoch: 1 | remaining: 278s    
step 00271 (7.2%) | loss: 3.718719 | lrm: 1.00 | dt: 83ms | tok/sec: 791,386 | mfu: 19.1% | epoch: 1 | remaining: 278s    
step 00272 (7.2%) | loss: 3.716048 | lrm: 1.00 | dt: 83ms | tok/sec: 791,530 | mfu: 19.1% | epoch: 1 | remaining: 278s    
step 00273 (7.2%) | loss: 3.713114 | lrm: 1.00 | dt: 83ms | tok/sec: 791,252 | mfu: 19.1% | epoch: 1 | remaining: 278s    
step 00274 (7.3%) | loss: 3.710976 | lrm: 1.00 | dt: 83ms | tok/sec: 791,425 | mfu: 19.1% | epoch: 1 | remaining: 278s    
step 00275 (7.3%) | loss: 3.705879 | lrm: 1.00 | dt: 83ms | tok/sec: 790,972 | mfu: 19.1% | epoch: 1 | remaining: 278s    
step 00276 (7.3%) | loss: 3.700221 | lrm: 1.00 | dt: 83ms | tok/sec: 791,382 | mfu: 19.1% | epoch: 1 | remaining: 278s    
step 00277 (7.3%) | loss: 3.694993 | lrm: 1.00 | dt: 83ms | tok/sec: 791,179 | mfu: 19.1% | epoch: 1 | remaining: 278s    
step 00278 (7.4%) | loss: 3.693056 | lrm: 1.00 | dt: 83ms | tok/sec: 791,525 | mfu: 19.1% | epoch: 1 | remaining: 278s    
step 00279 (7.4%) | loss: 3.693727 | lrm: 1.00 | dt: 83ms | tok/sec: 790,926 | mfu: 19.1% | epoch: 1 | remaining: 278s    
step 00280 (7.4%) | loss: 3.685687 | lrm: 1.00 | dt: 83ms | tok/sec: 791,696 | mfu: 19.1% | epoch: 1 | remaining: 278s    
step 00281 (7.4%) | loss: 3.683759 | lrm: 1.00 | dt: 83ms | tok/sec: 790,976 | mfu: 19.1% | epoch: 1 | remaining: 278s    
step 00282 (7.5%) | loss: 3.684862 | lrm: 1.00 | dt: 83ms | tok/sec: 791,231 | mfu: 19.1% | epoch: 1 | remaining: 277s    
step 00283 (7.5%) | loss: 3.685602 | lrm: 1.00 | dt: 83ms | tok/sec: 791,311 | mfu: 19.1% | epoch: 1 | remaining: 277s    
step 00284 (7.5%) | loss: 3.683638 | lrm: 1.00 | dt: 83ms | tok/sec: 791,190 | mfu: 19.1% | epoch: 1 | remaining: 277s    
step 00285 (7.6%) | loss: 3.686860 | lrm: 1.00 | dt: 83ms | tok/sec: 791,452 | mfu: 19.1% | epoch: 1 | remaining: 277s    
step 00286 (7.6%) | loss: 3.684210 | lrm: 1.00 | dt: 83ms | tok/sec: 791,350 | mfu: 19.1% | epoch: 1 | remaining: 277s    
step 00287 (7.6%) | loss: 3.686971 | lrm: 1.00 | dt: 83ms | tok/sec: 791,334 | mfu: 19.1% | epoch: 1 | remaining: 277s    
step 00288 (7.6%) | loss: 3.689046 | lrm: 1.00 | dt: 83ms | tok/sec: 791,664 | mfu: 19.1% | epoch: 1 | remaining: 277s    
step 00289 (7.7%) | loss: 3.687879 | lrm: 1.00 | dt: 83ms | tok/sec: 791,122 | mfu: 19.1% | epoch: 1 | remaining: 277s    
step 00290 (7.7%) | loss: 3.684439 | lrm: 1.00 | dt: 83ms | tok/sec: 791,931 | mfu: 19.1% | epoch: 1 | remaining: 277s    
step 00291 (7.7%) | loss: 3.693919 | lrm: 1.00 | dt: 83ms | tok/sec: 791,036 | mfu: 19.1% | epoch: 1 | remaining: 277s    
step 00292 (7.8%) | loss: 3.693829 | lrm: 1.00 | dt: 83ms | tok/sec: 791,051 | mfu: 19.1% | epoch: 1 | remaining: 277s    
step 00293 (7.8%) | loss: 3.696883 | lrm: 1.00 | dt: 83ms | tok/sec: 791,302 | mfu: 19.1% | epoch: 1 | remaining: 277s    
step 00294 (7.8%) | loss: 3.689365 | lrm: 1.00 | dt: 83ms | tok/sec: 791,607 | mfu: 19.1% | epoch: 1 | remaining: 276s    
step 00295 (7.8%) | loss: 3.680921 | lrm: 1.00 | dt: 83ms | tok/sec: 791,484 | mfu: 19.1% | epoch: 1 | remaining: 276s    
step 00296 (7.9%) | loss: 3.692867 | lrm: 1.00 | dt: 83ms | tok/sec: 791,325 | mfu: 19.1% | epoch: 1 | remaining: 276s    
step 00297 (7.9%) | loss: 3.688805 | lrm: 1.00 | dt: 83ms | tok/sec: 791,386 | mfu: 19.1% | epoch: 1 | remaining: 276s    
step 00298 (7.9%) | loss: 3.692273 | lrm: 1.00 | dt: 83ms | tok/sec: 791,516 | mfu: 19.1% | epoch: 1 | remaining: 276s    
step 00299 (7.9%) | loss: 3.684784 | lrm: 1.00 | dt: 83ms | tok/sec: 791,220 | mfu: 19.1% | epoch: 1 | remaining: 276s    
step 00300 (8.0%) | loss: 3.671641 | lrm: 1.00 | dt: 83ms | tok/sec: 791,505 | mfu: 19.1% | epoch: 1 | remaining: 276s    
step 00301 (8.0%) | loss: 3.683727 | lrm: 1.00 | dt: 83ms | tok/sec: 791,197 | mfu: 19.1% | epoch: 1 | remaining: 276s    
step 00302 (8.0%) | loss: 3.684336 | lrm: 1.00 | dt: 83ms | tok/sec: 791,327 | mfu: 19.1% | epoch: 1 | remaining: 276s    
step 00303 (8.1%) | loss: 3.684454 | lrm: 1.00 | dt: 83ms | tok/sec: 791,261 | mfu: 19.1% | epoch: 1 | remaining: 276s    
step 00304 (8.1%) | loss: 3.682338 | lrm: 1.00 | dt: 83ms | tok/sec: 791,286 | mfu: 19.1% | epoch: 1 | remaining: 276s    
step 00305 (8.1%) | loss: 3.678030 | lrm: 1.00 | dt: 83ms | tok/sec: 791,104 | mfu: 19.1% | epoch: 1 | remaining: 276s    
step 00306 (8.1%) | loss: 3.672532 | lrm: 1.00 | dt: 83ms | tok/sec: 791,190 | mfu: 19.1% | epoch: 1 | remaining: 276s    
step 00307 (8.2%) | loss: 3.675866 | lrm: 1.00 | dt: 83ms | tok/sec: 791,345 | mfu: 19.1% | epoch: 1 | remaining: 275s    
step 00308 (8.2%) | loss: 3.681935 | lrm: 1.00 | dt: 83ms | tok/sec: 791,831 | mfu: 19.1% | epoch: 1 | remaining: 275s    
step 00309 (8.2%) | loss: 3.674702 | lrm: 1.00 | dt: 83ms | tok/sec: 791,225 | mfu: 19.1% | epoch: 1 | remaining: 275s    
step 00310 (8.2%) | loss: 3.676917 | lrm: 1.00 | dt: 83ms | tok/sec: 791,425 | mfu: 19.1% | epoch: 1 | remaining: 275s    
step 00311 (8.3%) | loss: 3.676981 | lrm: 1.00 | dt: 83ms | tok/sec: 791,525 | mfu: 19.1% | epoch: 1 | remaining: 275s    
step 00312 (8.3%) | loss: 3.672099 | lrm: 1.00 | dt: 83ms | tok/sec: 791,450 | mfu: 19.1% | epoch: 1 | remaining: 275s    
step 00313 (8.3%) | loss: 3.675845 | lrm: 1.00 | dt: 83ms | tok/sec: 791,646 | mfu: 19.1% | epoch: 1 | remaining: 275s    
step 00314 (8.4%) | loss: 3.678521 | lrm: 1.00 | dt: 83ms | tok/sec: 791,386 | mfu: 19.1% | epoch: 1 | remaining: 275s    
step 00315 (8.4%) | loss: 3.685719 | lrm: 1.00 | dt: 83ms | tok/sec: 791,190 | mfu: 19.1% | epoch: 1 | remaining: 275s    
step 00316 (8.4%) | loss: 3.687768 | lrm: 1.00 | dt: 83ms | tok/sec: 791,778 | mfu: 19.1% | epoch: 1 | remaining: 275s    
step 00317 (8.4%) | loss: 3.685417 | lrm: 1.00 | dt: 83ms | tok/sec: 790,562 | mfu: 19.1% | epoch: 1 | remaining: 275s    
step 00318 (8.5%) | loss: 3.689342 | lrm: 1.00 | dt: 83ms | tok/sec: 791,311 | mfu: 19.1% | epoch: 1 | remaining: 275s    
step 00319 (8.5%) | loss: 3.685912 | lrm: 1.00 | dt: 83ms | tok/sec: 791,291 | mfu: 19.1% | epoch: 1 | remaining: 274s    
step 00320 (8.5%) | loss: 3.674422 | lrm: 1.00 | dt: 83ms | tok/sec: 791,318 | mfu: 19.1% | epoch: 1 | remaining: 274s    
step 00321 (8.6%) | loss: 3.670884 | lrm: 1.00 | dt: 83ms | tok/sec: 791,699 | mfu: 19.1% | epoch: 1 | remaining: 274s    
step 00322 (8.6%) | loss: 3.668281 | lrm: 1.00 | dt: 83ms | tok/sec: 791,678 | mfu: 19.1% | epoch: 1 | remaining: 274s    
step 00323 (8.6%) | loss: 3.660771 | lrm: 1.00 | dt: 83ms | tok/sec: 791,343 | mfu: 19.1% | epoch: 1 | remaining: 274s    
step 00324 (8.6%) | loss: 3.649056 | lrm: 1.00 | dt: 83ms | tok/sec: 791,184 | mfu: 19.1% | epoch: 1 | remaining: 274s    
step 00325 (8.7%) | loss: 3.644939 | lrm: 1.00 | dt: 83ms | tok/sec: 791,416 | mfu: 19.1% | epoch: 1 | remaining: 274s    
step 00326 (8.7%) | loss: 3.640971 | lrm: 1.00 | dt: 83ms | tok/sec: 791,758 | mfu: 19.1% | epoch: 1 | remaining: 274s    
step 00327 (8.7%) | loss: 3.643479 | lrm: 1.00 | dt: 83ms | tok/sec: 791,680 | mfu: 19.1% | epoch: 1 | remaining: 274s    
step 00328 (8.7%) | loss: 3.636093 | lrm: 1.00 | dt: 83ms | tok/sec: 791,455 | mfu: 19.1% | epoch: 1 | remaining: 274s    
step 00329 (8.8%) | loss: 3.632891 | lrm: 1.00 | dt: 83ms | tok/sec: 791,473 | mfu: 19.1% | epoch: 1 | remaining: 274s    
step 00330 (8.8%) | loss: 3.629756 | lrm: 1.00 | dt: 83ms | tok/sec: 791,300 | mfu: 19.1% | epoch: 1 | remaining: 274s    
step 00331 (8.8%) | loss: 3.623315 | lrm: 1.00 | dt: 83ms | tok/sec: 791,436 | mfu: 19.1% | epoch: 1 | remaining: 273s    
step 00332 (8.9%) | loss: 3.627331 | lrm: 1.00 | dt: 83ms | tok/sec: 791,373 | mfu: 19.1% | epoch: 1 | remaining: 273s    
step 00333 (8.9%) | loss: 3.616926 | lrm: 1.00 | dt: 83ms | tok/sec: 791,733 | mfu: 19.1% | epoch: 1 | remaining: 273s    
step 00334 (8.9%) | loss: 3.622983 | lrm: 1.00 | dt: 83ms | tok/sec: 791,263 | mfu: 19.1% | epoch: 1 | remaining: 273s    
step 00335 (8.9%) | loss: 3.619474 | lrm: 1.00 | dt: 83ms | tok/sec: 791,363 | mfu: 19.1% | epoch: 1 | remaining: 273s    
step 00336 (9.0%) | loss: 3.629323 | lrm: 1.00 | dt: 83ms | tok/sec: 791,345 | mfu: 19.1% | epoch: 1 | remaining: 273s    
step 00337 (9.0%) | loss: 3.635968 | lrm: 1.00 | dt: 83ms | tok/sec: 791,161 | mfu: 19.1% | epoch: 1 | remaining: 273s    
step 00338 (9.0%) | loss: 3.627133 | lrm: 1.00 | dt: 83ms | tok/sec: 791,477 | mfu: 19.1% | epoch: 1 | remaining: 273s    
step 00339 (9.0%) | loss: 3.621195 | lrm: 1.00 | dt: 83ms | tok/sec: 791,660 | mfu: 19.1% | epoch: 1 | remaining: 273s    
step 00340 (9.1%) | loss: 3.626567 | lrm: 1.00 | dt: 83ms | tok/sec: 791,496 | mfu: 19.1% | epoch: 1 | remaining: 273s    
step 00341 (9.1%) | loss: 3.620238 | lrm: 1.00 | dt: 83ms | tok/sec: 791,336 | mfu: 19.1% | epoch: 1 | remaining: 273s    
step 00342 (9.1%) | loss: 3.623420 | lrm: 1.00 | dt: 83ms | tok/sec: 791,767 | mfu: 19.1% | epoch: 1 | remaining: 273s    
step 00343 (9.2%) | loss: 3.626307 | lrm: 1.00 | dt: 83ms | tok/sec: 791,348 | mfu: 19.1% | epoch: 1 | remaining: 272s    
step 00344 (9.2%) | loss: 3.621968 | lrm: 1.00 | dt: 83ms | tok/sec: 791,573 | mfu: 19.1% | epoch: 1 | remaining: 272s    
step 00345 (9.2%) | loss: 3.619086 | lrm: 1.00 | dt: 83ms | tok/sec: 791,548 | mfu: 19.1% | epoch: 1 | remaining: 272s    
step 00346 (9.2%) | loss: 3.620101 | lrm: 1.00 | dt: 83ms | tok/sec: 791,029 | mfu: 19.1% | epoch: 1 | remaining: 272s    
step 00347 (9.3%) | loss: 3.622462 | lrm: 1.00 | dt: 83ms | tok/sec: 790,747 | mfu: 19.1% | epoch: 1 | remaining: 272s    
step 00348 (9.3%) | loss: 3.612147 | lrm: 1.00 | dt: 83ms | tok/sec: 790,888 | mfu: 19.1% | epoch: 1 | remaining: 272s    
step 00349 (9.3%) | loss: 3.611654 | lrm: 1.00 | dt: 83ms | tok/sec: 791,097 | mfu: 19.1% | epoch: 1 | remaining: 272s    
step 00350 (9.4%) | loss: 3.622326 | lrm: 1.00 | dt: 83ms | tok/sec: 791,420 | mfu: 19.1% | epoch: 1 | remaining: 272s    
step 00351 (9.4%) | loss: 3.621036 | lrm: 1.00 | dt: 83ms | tok/sec: 791,325 | mfu: 19.1% | epoch: 1 | remaining: 272s    
step 00352 (9.4%) | loss: 3.617555 | lrm: 1.00 | dt: 83ms | tok/sec: 791,001 | mfu: 19.1% | epoch: 1 | remaining: 272s    
step 00353 (9.4%) | loss: 3.627619 | lrm: 1.00 | dt: 83ms | tok/sec: 791,070 | mfu: 19.1% | epoch: 1 | remaining: 272s    
step 00354 (9.5%) | loss: 3.601386 | lrm: 1.00 | dt: 83ms | tok/sec: 791,521 | mfu: 19.1% | epoch: 1 | remaining: 272s    
step 00355 (9.5%) | loss: 3.600372 | lrm: 1.00 | dt: 83ms | tok/sec: 791,427 | mfu: 19.1% | epoch: 1 | remaining: 271s    
step 00356 (9.5%) | loss: 3.604152 | lrm: 1.00 | dt: 83ms | tok/sec: 791,423 | mfu: 19.1% | epoch: 1 | remaining: 271s    
step 00357 (9.5%) | loss: 3.607466 | lrm: 1.00 | dt: 83ms | tok/sec: 791,127 | mfu: 19.1% | epoch: 1 | remaining: 271s    
step 00358 (9.6%) | loss: 3.607084 | lrm: 1.00 | dt: 83ms | tok/sec: 791,537 | mfu: 19.1% | epoch: 1 | remaining: 271s    
step 00359 (9.6%) | loss: 3.603295 | lrm: 1.00 | dt: 83ms | tok/sec: 791,457 | mfu: 19.1% | epoch: 1 | remaining: 271s    
step 00360 (9.6%) | loss: 3.596373 | lrm: 1.00 | dt: 83ms | tok/sec: 791,685 | mfu: 19.1% | epoch: 1 | remaining: 271s    
step 00361 (9.7%) | loss: 3.597233 | lrm: 1.00 | dt: 83ms | tok/sec: 791,548 | mfu: 19.1% | epoch: 1 | remaining: 271s    
step 00362 (9.7%) | loss: 3.600586 | lrm: 1.00 | dt: 83ms | tok/sec: 791,598 | mfu: 19.1% | epoch: 1 | remaining: 271s    
step 00363 (9.7%) | loss: 3.597760 | lrm: 1.00 | dt: 83ms | tok/sec: 791,660 | mfu: 19.1% | epoch: 1 | remaining: 271s    
step 00364 (9.7%) | loss: 3.601162 | lrm: 1.00 | dt: 83ms | tok/sec: 791,459 | mfu: 19.1% | epoch: 1 | remaining: 271s    
step 00365 (9.8%) | loss: 3.592617 | lrm: 1.00 | dt: 83ms | tok/sec: 790,904 | mfu: 19.1% | epoch: 1 | remaining: 271s    
step 00366 (9.8%) | loss: 3.592822 | lrm: 1.00 | dt: 83ms | tok/sec: 791,414 | mfu: 19.1% | epoch: 1 | remaining: 271s    
step 00367 (9.8%) | loss: 3.605143 | lrm: 1.00 | dt: 83ms | tok/sec: 791,432 | mfu: 19.1% | epoch: 1 | remaining: 270s    
step 00368 (9.9%) | loss: 3.604659 | lrm: 1.00 | dt: 83ms | tok/sec: 791,452 | mfu: 19.1% | epoch: 1 | remaining: 270s    
step 00369 (9.9%) | loss: 3.591456 | lrm: 1.00 | dt: 83ms | tok/sec: 791,667 | mfu: 19.1% | epoch: 1 | remaining: 270s    
step 00370 (9.9%) | loss: 3.583960 | lrm: 1.00 | dt: 83ms | tok/sec: 791,687 | mfu: 19.1% | epoch: 1 | remaining: 270s    
step 00371 (9.9%) | loss: 3.583555 | lrm: 1.00 | dt: 83ms | tok/sec: 791,404 | mfu: 19.1% | epoch: 1 | remaining: 270s    
step 00372 (10.0%) | loss: 3.584329 | lrm: 1.00 | dt: 83ms | tok/sec: 791,525 | mfu: 19.1% | epoch: 1 | remaining: 270s    
step 00373 (10.0%) | loss: 3.592154 | lrm: 1.00 | dt: 83ms | tok/sec: 791,664 | mfu: 19.1% | epoch: 1 | remaining: 270s    
step 00374 (10.0%) | loss: 3.591559 | lrm: 1.00 | dt: 83ms | tok/sec: 791,179 | mfu: 19.1% | epoch: 1 | remaining: 270s    
step 00375 (10.0%) | loss: 3.588353 | lrm: 1.00 | dt: 83ms | tok/sec: 791,293 | mfu: 19.1% | epoch: 1 | remaining: 270s    
step 00376 (10.1%) | loss: 3.579772 | lrm: 1.00 | dt: 83ms | tok/sec: 791,195 | mfu: 19.1% | epoch: 1 | remaining: 270s    
step 00377 (10.1%) | loss: 3.575769 | lrm: 1.00 | dt: 83ms | tok/sec: 791,108 | mfu: 19.1% | epoch: 1 | remaining: 270s    
step 00378 (10.1%) | loss: 3.572899 | lrm: 1.00 | dt: 83ms | tok/sec: 791,245 | mfu: 19.1% | epoch: 1 | remaining: 270s    
step 00379 (10.2%) | loss: 3.576333 | lrm: 1.00 | dt: 83ms | tok/sec: 791,190 | mfu: 19.1% | epoch: 1 | remaining: 269s    
step 00380 (10.2%) | loss: 3.569837 | lrm: 1.00 | dt: 83ms | tok/sec: 791,673 | mfu: 19.1% | epoch: 1 | remaining: 269s    
step 00381 (10.2%) | loss: 3.555456 | lrm: 1.00 | dt: 83ms | tok/sec: 791,354 | mfu: 19.1% | epoch: 1 | remaining: 269s    
step 00382 (10.2%) | loss: 3.546763 | lrm: 1.00 | dt: 83ms | tok/sec: 791,484 | mfu: 19.1% | epoch: 1 | remaining: 269s    
step 00383 (10.3%) | loss: 3.539790 | lrm: 1.00 | dt: 83ms | tok/sec: 791,058 | mfu: 19.1% | epoch: 1 | remaining: 269s    
step 00384 (10.3%) | loss: 3.542184 | lrm: 1.00 | dt: 83ms | tok/sec: 791,097 | mfu: 19.1% | epoch: 1 | remaining: 269s    
step 00385 (10.3%) | loss: 3.543132 | lrm: 1.00 | dt: 83ms | tok/sec: 791,411 | mfu: 19.1% | epoch: 1 | remaining: 269s    
step 00386 (10.3%) | loss: 3.543722 | lrm: 1.00 | dt: 83ms | tok/sec: 791,537 | mfu: 19.1% | epoch: 1 | remaining: 269s    
step 00387 (10.4%) | loss: 3.536627 | lrm: 1.00 | dt: 83ms | tok/sec: 791,345 | mfu: 19.1% | epoch: 1 | remaining: 269s    
step 00388 (10.4%) | loss: 3.537929 | lrm: 1.00 | dt: 83ms | tok/sec: 791,573 | mfu: 19.1% | epoch: 1 | remaining: 269s    
step 00389 (10.4%) | loss: 3.544306 | lrm: 1.00 | dt: 83ms | tok/sec: 791,409 | mfu: 19.1% | epoch: 1 | remaining: 269s    
step 00390 (10.5%) | loss: 3.550235 | lrm: 1.00 | dt: 83ms | tok/sec: 791,270 | mfu: 19.1% | epoch: 1 | remaining: 269s    
step 00391 (10.5%) | loss: 3.560102 | lrm: 1.00 | dt: 83ms | tok/sec: 791,436 | mfu: 19.1% | epoch: 1 | remaining: 268s    
step 00392 (10.5%) | loss: 3.559577 | lrm: 1.00 | dt: 83ms | tok/sec: 791,341 | mfu: 19.1% | epoch: 1 | remaining: 268s    
step 00393 (10.5%) | loss: 3.568418 | lrm: 1.00 | dt: 83ms | tok/sec: 791,304 | mfu: 19.1% | epoch: 1 | remaining: 268s    
step 00394 (10.6%) | loss: 3.570148 | lrm: 1.00 | dt: 83ms | tok/sec: 791,537 | mfu: 19.1% | epoch: 1 | remaining: 268s    
step 00395 (10.6%) | loss: 3.565294 | lrm: 1.00 | dt: 83ms | tok/sec: 791,188 | mfu: 19.1% | epoch: 1 | remaining: 268s    
step 00396 (10.6%) | loss: 3.563918 | lrm: 1.00 | dt: 83ms | tok/sec: 791,575 | mfu: 19.1% | epoch: 1 | remaining: 268s    
step 00397 (10.7%) | loss: 3.571728 | lrm: 1.00 | dt: 83ms | tok/sec: 791,261 | mfu: 19.1% | epoch: 1 | remaining: 268s    
step 00398 (10.7%) | loss: 3.565556 | lrm: 1.00 | dt: 83ms | tok/sec: 791,471 | mfu: 19.1% | epoch: 1 | remaining: 268s    
step 00399 (10.7%) | loss: 3.557065 | lrm: 1.00 | dt: 83ms | tok/sec: 791,514 | mfu: 19.1% | epoch: 1 | remaining: 268s    
step 00400 (10.7%) | loss: 3.555738 | lrm: 1.00 | dt: 83ms | tok/sec: 791,532 | mfu: 19.1% | epoch: 1 | remaining: 268s    
step 00401 (10.8%) | loss: 3.551525 | lrm: 1.00 | dt: 83ms | tok/sec: 791,240 | mfu: 19.1% | epoch: 1 | remaining: 268s    
step 00402 (10.8%) | loss: 3.549742 | lrm: 1.00 | dt: 83ms | tok/sec: 791,407 | mfu: 19.1% | epoch: 1 | remaining: 268s    
step 00403 (10.8%) | loss: 3.554072 | lrm: 1.00 | dt: 83ms | tok/sec: 791,270 | mfu: 19.1% | epoch: 1 | remaining: 267s    
step 00404 (10.8%) | loss: 3.550264 | lrm: 1.00 | dt: 83ms | tok/sec: 791,152 | mfu: 19.1% | epoch: 1 | remaining: 267s    
step 00405 (10.9%) | loss: 3.543199 | lrm: 1.00 | dt: 83ms | tok/sec: 791,398 | mfu: 19.1% | epoch: 1 | remaining: 267s    
step 00406 (10.9%) | loss: 3.542275 | lrm: 1.00 | dt: 83ms | tok/sec: 791,090 | mfu: 19.1% | epoch: 1 | remaining: 267s    
step 00407 (10.9%) | loss: 3.546476 | lrm: 1.00 | dt: 83ms | tok/sec: 791,161 | mfu: 19.1% | epoch: 1 | remaining: 267s    
step 00408 (11.0%) | loss: 3.534980 | lrm: 1.00 | dt: 83ms | tok/sec: 791,186 | mfu: 19.1% | epoch: 1 | remaining: 267s    
step 00409 (11.0%) | loss: 3.537510 | lrm: 1.00 | dt: 83ms | tok/sec: 791,459 | mfu: 19.1% | epoch: 1 | remaining: 267s    
step 00410 (11.0%) | loss: 3.539198 | lrm: 1.00 | dt: 83ms | tok/sec: 791,322 | mfu: 19.1% | epoch: 1 | remaining: 267s    
step 00411 (11.0%) | loss: 3.541346 | lrm: 1.00 | dt: 83ms | tok/sec: 791,288 | mfu: 19.1% | epoch: 1 | remaining: 267s    
step 00412 (11.1%) | loss: 3.545991 | lrm: 1.00 | dt: 83ms | tok/sec: 791,569 | mfu: 19.1% | epoch: 1 | remaining: 267s    
step 00413 (11.1%) | loss: 3.540369 | lrm: 1.00 | dt: 83ms | tok/sec: 791,448 | mfu: 19.1% | epoch: 1 | remaining: 267s    
step 00414 (11.1%) | loss: 3.537756 | lrm: 1.00 | dt: 83ms | tok/sec: 791,366 | mfu: 19.1% | epoch: 1 | remaining: 267s    
step 00415 (11.1%) | loss: 3.544922 | lrm: 1.00 | dt: 83ms | tok/sec: 791,516 | mfu: 19.1% | epoch: 1 | remaining: 266s    
step 00416 (11.2%) | loss: 3.542717 | lrm: 1.00 | dt: 83ms | tok/sec: 791,165 | mfu: 19.1% | epoch: 1 | remaining: 266s    
step 00417 (11.2%) | loss: 3.545315 | lrm: 1.00 | dt: 83ms | tok/sec: 791,284 | mfu: 19.1% | epoch: 1 | remaining: 266s    
step 00418 (11.2%) | loss: 3.545587 | lrm: 1.00 | dt: 83ms | tok/sec: 791,252 | mfu: 19.1% | epoch: 1 | remaining: 266s    
step 00419 (11.3%) | loss: 3.538317 | lrm: 1.00 | dt: 83ms | tok/sec: 791,322 | mfu: 19.1% | epoch: 1 | remaining: 266s    
step 00420 (11.3%) | loss: 3.527050 | lrm: 1.00 | dt: 83ms | tok/sec: 790,908 | mfu: 19.1% | epoch: 1 | remaining: 266s    
step 00421 (11.3%) | loss: 3.528434 | lrm: 1.00 | dt: 83ms | tok/sec: 791,594 | mfu: 19.1% | epoch: 1 | remaining: 266s    
step 00422 (11.3%) | loss: 3.536543 | lrm: 1.00 | dt: 83ms | tok/sec: 791,502 | mfu: 19.1% | epoch: 1 | remaining: 266s    
step 00423 (11.4%) | loss: 3.531810 | lrm: 1.00 | dt: 83ms | tok/sec: 791,493 | mfu: 19.1% | epoch: 1 | remaining: 266s    
step 00424 (11.4%) | loss: 3.528559 | lrm: 1.00 | dt: 83ms | tok/sec: 791,578 | mfu: 19.1% | epoch: 1 | remaining: 266s    
step 00425 (11.4%) | loss: 3.530706 | lrm: 1.00 | dt: 83ms | tok/sec: 791,459 | mfu: 19.1% | epoch: 1 | remaining: 266s    
step 00426 (11.5%) | loss: 3.537601 | lrm: 1.00 | dt: 83ms | tok/sec: 791,502 | mfu: 19.1% | epoch: 1 | remaining: 266s    
step 00427 (11.5%) | loss: 3.531137 | lrm: 1.00 | dt: 83ms | tok/sec: 790,842 | mfu: 19.1% | epoch: 1 | remaining: 265s    
step 00428 (11.5%) | loss: 3.532825 | lrm: 1.00 | dt: 83ms | tok/sec: 791,676 | mfu: 19.1% | epoch: 1 | remaining: 265s    
step 00429 (11.5%) | loss: 3.534325 | lrm: 1.00 | dt: 83ms | tok/sec: 791,354 | mfu: 19.1% | epoch: 1 | remaining: 265s    
step 00430 (11.6%) | loss: 3.528541 | lrm: 1.00 | dt: 83ms | tok/sec: 791,120 | mfu: 19.1% | epoch: 1 | remaining: 265s    
step 00431 (11.6%) | loss: 3.536844 | lrm: 1.00 | dt: 83ms | tok/sec: 791,325 | mfu: 19.1% | epoch: 1 | remaining: 265s    
step 00432 (11.6%) | loss: 3.534188 | lrm: 1.00 | dt: 83ms | tok/sec: 791,307 | mfu: 19.1% | epoch: 1 | remaining: 265s    
step 00433 (11.6%) | loss: 3.535577 | lrm: 1.00 | dt: 83ms | tok/sec: 791,363 | mfu: 19.1% | epoch: 1 | remaining: 265s    
step 00434 (11.7%) | loss: 3.533262 | lrm: 1.00 | dt: 83ms | tok/sec: 790,879 | mfu: 19.1% | epoch: 1 | remaining: 265s    
step 00435 (11.7%) | loss: 3.545004 | lrm: 1.00 | dt: 83ms | tok/sec: 791,354 | mfu: 19.1% | epoch: 1 | remaining: 265s    
step 00436 (11.7%) | loss: 3.548164 | lrm: 1.00 | dt: 83ms | tok/sec: 791,170 | mfu: 19.1% | epoch: 1 | remaining: 265s    
step 00437 (11.8%) | loss: 3.539448 | lrm: 1.00 | dt: 83ms | tok/sec: 791,049 | mfu: 19.1% | epoch: 1 | remaining: 265s    
step 00438 (11.8%) | loss: 3.542433 | lrm: 1.00 | dt: 83ms | tok/sec: 791,036 | mfu: 19.1% | epoch: 1 | remaining: 265s    
step 00439 (11.8%) | loss: 3.548037 | lrm: 1.00 | dt: 83ms | tok/sec: 791,423 | mfu: 19.1% | epoch: 1 | remaining: 264s    
step 00440 (11.8%) | loss: 3.543494 | lrm: 1.00 | dt: 83ms | tok/sec: 790,924 | mfu: 19.1% | epoch: 1 | remaining: 264s    
step 00441 (11.9%) | loss: 3.555217 | lrm: 1.00 | dt: 83ms | tok/sec: 791,352 | mfu: 19.1% | epoch: 1 | remaining: 264s    
step 00442 (11.9%) | loss: 3.554232 | lrm: 1.00 | dt: 83ms | tok/sec: 791,430 | mfu: 19.1% | epoch: 1 | remaining: 264s    
step 00443 (11.9%) | loss: 3.552574 | lrm: 1.00 | dt: 83ms | tok/sec: 791,528 | mfu: 19.1% | epoch: 1 | remaining: 264s    
step 00444 (11.9%) | loss: 3.549831 | lrm: 1.00 | dt: 83ms | tok/sec: 791,263 | mfu: 19.1% | epoch: 1 | remaining: 264s    
step 00445 (12.0%) | loss: 3.552182 | lrm: 1.00 | dt: 83ms | tok/sec: 791,730 | mfu: 19.1% | epoch: 1 | remaining: 264s    
step 00446 (12.0%) | loss: 3.549756 | lrm: 1.00 | dt: 83ms | tok/sec: 791,199 | mfu: 19.1% | epoch: 1 | remaining: 264s    
step 00447 (12.0%) | loss: 3.540885 | lrm: 1.00 | dt: 83ms | tok/sec: 791,737 | mfu: 19.1% | epoch: 1 | remaining: 264s    
step 00448 (12.1%) | loss: 3.547130 | lrm: 1.00 | dt: 83ms | tok/sec: 791,484 | mfu: 19.1% | epoch: 1 | remaining: 264s    
step 00449 (12.1%) | loss: 3.542346 | lrm: 1.00 | dt: 83ms | tok/sec: 791,024 | mfu: 19.1% | epoch: 1 | remaining: 264s    
step 00450 (12.1%) | loss: 3.529694 | lrm: 1.00 | dt: 83ms | tok/sec: 791,430 | mfu: 19.1% | epoch: 1 | remaining: 264s    
step 00451 (12.1%) | loss: 3.524832 | lrm: 1.00 | dt: 83ms | tok/sec: 791,281 | mfu: 19.1% | epoch: 1 | remaining: 263s    
step 00452 (12.2%) | loss: 3.529742 | lrm: 1.00 | dt: 83ms | tok/sec: 790,974 | mfu: 19.1% | epoch: 1 | remaining: 263s    
step 00453 (12.2%) | loss: 3.534765 | lrm: 1.00 | dt: 83ms | tok/sec: 791,475 | mfu: 19.1% | epoch: 1 | remaining: 263s    
step 00454 (12.2%) | loss: 3.539381 | lrm: 1.00 | dt: 83ms | tok/sec: 791,446 | mfu: 19.1% | epoch: 1 | remaining: 263s    
step 00455 (12.3%) | loss: 3.538738 | lrm: 1.00 | dt: 83ms | tok/sec: 791,099 | mfu: 19.1% | epoch: 1 | remaining: 263s    
step 00456 (12.3%) | loss: 3.528764 | lrm: 1.00 | dt: 83ms | tok/sec: 791,559 | mfu: 19.1% | epoch: 1 | remaining: 263s    
step 00457 (12.3%) | loss: 3.531331 | lrm: 1.00 | dt: 83ms | tok/sec: 791,168 | mfu: 19.1% | epoch: 1 | remaining: 263s    
step 00458 (12.3%) | loss: 3.529692 | lrm: 1.00 | dt: 83ms | tok/sec: 791,778 | mfu: 19.1% | epoch: 1 | remaining: 263s    
step 00459 (12.4%) | loss: 3.531575 | lrm: 1.00 | dt: 83ms | tok/sec: 791,186 | mfu: 19.1% | epoch: 1 | remaining: 263s    
step 00460 (12.4%) | loss: 3.533751 | lrm: 1.00 | dt: 83ms | tok/sec: 791,288 | mfu: 19.1% | epoch: 1 | remaining: 263s    
step 00461 (12.4%) | loss: 3.531600 | lrm: 1.00 | dt: 83ms | tok/sec: 791,414 | mfu: 19.1% | epoch: 1 | remaining: 263s    
step 00462 (12.4%) | loss: 3.523111 | lrm: 1.00 | dt: 83ms | tok/sec: 791,676 | mfu: 19.1% | epoch: 1 | remaining: 263s    
step 00463 (12.5%) | loss: 3.529402 | lrm: 1.00 | dt: 83ms | tok/sec: 791,336 | mfu: 19.1% | epoch: 1 | remaining: 262s    
step 00464 (12.5%) | loss: 3.535459 | lrm: 1.00 | dt: 83ms | tok/sec: 791,149 | mfu: 19.1% | epoch: 1 | remaining: 262s    
step 00465 (12.5%) | loss: 3.524788 | lrm: 1.00 | dt: 83ms | tok/sec: 791,213 | mfu: 19.1% | epoch: 1 | remaining: 262s    
step 00466 (12.6%) | loss: 3.519570 | lrm: 1.00 | dt: 83ms | tok/sec: 791,432 | mfu: 19.1% | epoch: 1 | remaining: 262s    
step 00467 (12.6%) | loss: 3.515529 | lrm: 1.00 | dt: 83ms | tok/sec: 791,450 | mfu: 19.1% | epoch: 1 | remaining: 262s    
step 00468 (12.6%) | loss: 3.510141 | lrm: 1.00 | dt: 83ms | tok/sec: 791,573 | mfu: 19.1% | epoch: 1 | remaining: 262s    
step 00469 (12.6%) | loss: 3.512579 | lrm: 1.00 | dt: 83ms | tok/sec: 791,293 | mfu: 19.1% | epoch: 1 | remaining: 262s    
step 00470 (12.7%) | loss: 3.508867 | lrm: 1.00 | dt: 83ms | tok/sec: 790,851 | mfu: 19.1% | epoch: 1 | remaining: 262s    
step 00471 (12.7%) | loss: 3.506781 | lrm: 1.00 | dt: 83ms | tok/sec: 791,170 | mfu: 19.1% | epoch: 1 | remaining: 262s    
step 00472 (12.7%) | loss: 3.515377 | lrm: 1.00 | dt: 83ms | tok/sec: 791,092 | mfu: 19.1% | epoch: 1 | remaining: 262s    
step 00473 (12.7%) | loss: 3.508790 | lrm: 1.00 | dt: 83ms | tok/sec: 791,521 | mfu: 19.1% | epoch: 1 | remaining: 262s    
step 00474 (12.8%) | loss: 3.506207 | lrm: 1.00 | dt: 83ms | tok/sec: 791,284 | mfu: 19.1% | epoch: 1 | remaining: 262s    
step 00475 (12.8%) | loss: 3.513480 | lrm: 1.00 | dt: 83ms | tok/sec: 791,234 | mfu: 19.1% | epoch: 1 | remaining: 262s    
step 00476 (12.8%) | loss: 3.517784 | lrm: 1.00 | dt: 83ms | tok/sec: 791,443 | mfu: 19.1% | epoch: 1 | remaining: 261s    
step 00477 (12.9%) | loss: 3.519564 | lrm: 1.00 | dt: 83ms | tok/sec: 790,970 | mfu: 19.1% | epoch: 1 | remaining: 261s    
step 00478 (12.9%) | loss: 3.518020 | lrm: 1.00 | dt: 83ms | tok/sec: 791,295 | mfu: 19.1% | epoch: 1 | remaining: 261s    
step 00479 (12.9%) | loss: 3.523493 | lrm: 1.00 | dt: 83ms | tok/sec: 790,997 | mfu: 19.1% | epoch: 1 | remaining: 261s    
step 00480 (12.9%) | loss: 3.513053 | lrm: 1.00 | dt: 83ms | tok/sec: 791,386 | mfu: 19.1% | epoch: 1 | remaining: 261s    
step 00481 (13.0%) | loss: 3.515733 | lrm: 1.00 | dt: 83ms | tok/sec: 791,404 | mfu: 19.1% | epoch: 1 | remaining: 261s    
step 00482 (13.0%) | loss: 3.512208 | lrm: 1.00 | dt: 83ms | tok/sec: 791,480 | mfu: 19.1% | epoch: 1 | remaining: 261s    
step 00483 (13.0%) | loss: 3.511813 | lrm: 1.00 | dt: 83ms | tok/sec: 791,325 | mfu: 19.1% | epoch: 1 | remaining: 261s    
step 00484 (13.1%) | loss: 3.515284 | lrm: 1.00 | dt: 83ms | tok/sec: 791,072 | mfu: 19.1% | epoch: 1 | remaining: 261s    
step 00485 (13.1%) | loss: 3.511102 | lrm: 1.00 | dt: 83ms | tok/sec: 791,288 | mfu: 19.1% | epoch: 1 | remaining: 261s    
step 00486 (13.1%) | loss: 3.509114 | lrm: 1.00 | dt: 83ms | tok/sec: 791,033 | mfu: 19.1% | epoch: 1 | remaining: 261s    
step 00487 (13.1%) | loss: 3.510834 | lrm: 1.00 | dt: 83ms | tok/sec: 791,061 | mfu: 19.1% | epoch: 1 | remaining: 261s    
step 00488 (13.2%) | loss: 3.505363 | lrm: 1.00 | dt: 83ms | tok/sec: 791,297 | mfu: 19.1% | epoch: 1 | remaining: 260s    
step 00489 (13.2%) | loss: 3.502898 | lrm: 1.00 | dt: 83ms | tok/sec: 791,225 | mfu: 19.1% | epoch: 1 | remaining: 260s    
step 00490 (13.2%) | loss: 3.509044 | lrm: 1.00 | dt: 83ms | tok/sec: 791,300 | mfu: 19.1% | epoch: 1 | remaining: 260s    
step 00491 (13.2%) | loss: 3.507002 | lrm: 1.00 | dt: 83ms | tok/sec: 791,177 | mfu: 19.1% | epoch: 1 | remaining: 260s    
step 00492 (13.3%) | loss: 3.506861 | lrm: 1.00 | dt: 83ms | tok/sec: 791,480 | mfu: 19.1% | epoch: 1 | remaining: 260s    
step 00493 (13.3%) | loss: 3.508668 | lrm: 1.00 | dt: 83ms | tok/sec: 791,384 | mfu: 19.1% | epoch: 1 | remaining: 260s    
step 00494 (13.3%) | loss: 3.504512 | lrm: 1.00 | dt: 83ms | tok/sec: 791,184 | mfu: 19.1% | epoch: 1 | remaining: 260s    
step 00495 (13.4%) | loss: 3.496293 | lrm: 1.00 | dt: 83ms | tok/sec: 790,869 | mfu: 19.1% | epoch: 1 | remaining: 260s    
step 00496 (13.4%) | loss: 3.500169 | lrm: 1.00 | dt: 83ms | tok/sec: 790,874 | mfu: 19.1% | epoch: 1 | remaining: 260s    
step 00497 (13.4%) | loss: 3.504192 | lrm: 1.00 | dt: 83ms | tok/sec: 790,974 | mfu: 19.1% | epoch: 1 | remaining: 260s    
step 00498 (13.4%) | loss: 3.509525 | lrm: 1.00 | dt: 83ms | tok/sec: 791,532 | mfu: 19.1% | epoch: 1 | remaining: 260s    
step 00499 (13.5%) | loss: 3.509902 | lrm: 1.00 | dt: 83ms | tok/sec: 791,384 | mfu: 19.1% | epoch: 1 | remaining: 260s    
step 00500 (13.5%) | loss: 3.507755 | lrm: 1.00 | dt: 83ms | tok/sec: 791,231 | mfu: 19.1% | epoch: 1 | remaining: 259s    
step 00501 (13.5%) | loss: 3.507029 | lrm: 1.00 | dt: 83ms | tok/sec: 791,247 | mfu: 19.1% | epoch: 1 | remaining: 259s    
step 00502 (13.5%) | loss: 3.513849 | lrm: 1.00 | dt: 83ms | tok/sec: 791,008 | mfu: 19.1% | epoch: 1 | remaining: 259s    
step 00503 (13.6%) | loss: 3.515209 | lrm: 1.00 | dt: 83ms | tok/sec: 791,459 | mfu: 19.1% | epoch: 1 | remaining: 259s    
step 00504 (13.6%) | loss: 3.505011 | lrm: 1.00 | dt: 83ms | tok/sec: 791,063 | mfu: 19.1% | epoch: 1 | remaining: 259s    
step 00505 (13.6%) | loss: 3.503807 | lrm: 1.00 | dt: 83ms | tok/sec: 791,281 | mfu: 19.1% | epoch: 1 | remaining: 259s    
step 00506 (13.7%) | loss: 3.502962 | lrm: 1.00 | dt: 83ms | tok/sec: 791,206 | mfu: 19.1% | epoch: 1 | remaining: 259s    
step 00507 (13.7%) | loss: 3.505860 | lrm: 1.00 | dt: 83ms | tok/sec: 791,042 | mfu: 19.1% | epoch: 1 | remaining: 259s    
step 00508 (13.7%) | loss: 3.505533 | lrm: 1.00 | dt: 83ms | tok/sec: 791,143 | mfu: 19.1% | epoch: 1 | remaining: 259s    
step 00509 (13.7%) | loss: 3.498552 | lrm: 1.00 | dt: 83ms | tok/sec: 791,325 | mfu: 19.1% | epoch: 1 | remaining: 259s    
step 00510 (13.8%) | loss: 3.499611 | lrm: 1.00 | dt: 83ms | tok/sec: 791,236 | mfu: 19.1% | epoch: 1 | remaining: 259s    
step 00511 (13.8%) | loss: 3.509194 | lrm: 1.00 | dt: 83ms | tok/sec: 791,063 | mfu: 19.1% | epoch: 1 | remaining: 259s    
step 00512 (13.8%) | loss: 3.507481 | lrm: 1.00 | dt: 83ms | tok/sec: 791,152 | mfu: 19.1% | epoch: 1 | remaining: 258s    
step 00513 (13.9%) | loss: 3.501449 | lrm: 1.00 | dt: 83ms | tok/sec: 790,974 | mfu: 19.1% | epoch: 1 | remaining: 258s    
step 00514 (13.9%) | loss: 3.490901 | lrm: 1.00 | dt: 83ms | tok/sec: 791,163 | mfu: 19.1% | epoch: 1 | remaining: 258s    
step 00515 (13.9%) | loss: 3.489566 | lrm: 1.00 | dt: 83ms | tok/sec: 791,083 | mfu: 19.1% | epoch: 1 | remaining: 258s    
step 00516 (13.9%) | loss: 3.486358 | lrm: 1.00 | dt: 83ms | tok/sec: 791,407 | mfu: 19.1% | epoch: 1 | remaining: 258s    
step 00517 (14.0%) | loss: 3.477073 | lrm: 1.00 | dt: 83ms | tok/sec: 791,099 | mfu: 19.1% | epoch: 1 | remaining: 258s    
step 00518 (14.0%) | loss: 3.487940 | lrm: 1.00 | dt: 83ms | tok/sec: 791,118 | mfu: 19.1% | epoch: 1 | remaining: 258s    
step 00519 (14.0%) | loss: 3.492192 | lrm: 1.00 | dt: 83ms | tok/sec: 791,049 | mfu: 19.1% | epoch: 1 | remaining: 258s    
step 00520 (14.0%) | loss: 3.487692 | lrm: 1.00 | dt: 83ms | tok/sec: 791,250 | mfu: 19.1% | epoch: 1 | remaining: 258s    
step 00521 (14.1%) | loss: 3.491993 | lrm: 1.00 | dt: 83ms | tok/sec: 791,293 | mfu: 19.1% | epoch: 1 | remaining: 258s    
step 00522 (14.1%) | loss: 3.489175 | lrm: 1.00 | dt: 83ms | tok/sec: 791,384 | mfu: 19.1% | epoch: 1 | remaining: 258s    
step 00523 (14.1%) | loss: 3.484999 | lrm: 1.00 | dt: 83ms | tok/sec: 791,281 | mfu: 19.1% | epoch: 1 | remaining: 258s    
step 00524 (14.2%) | loss: 3.489032 | lrm: 1.00 | dt: 83ms | tok/sec: 791,389 | mfu: 19.1% | epoch: 1 | remaining: 257s    
step 00525 (14.2%) | loss: 3.479626 | lrm: 1.00 | dt: 83ms | tok/sec: 790,765 | mfu: 19.1% | epoch: 1 | remaining: 257s    
step 00526 (14.2%) | loss: 3.469750 | lrm: 1.00 | dt: 83ms | tok/sec: 791,268 | mfu: 19.1% | epoch: 1 | remaining: 257s    
step 00527 (14.2%) | loss: 3.465384 | lrm: 1.00 | dt: 83ms | tok/sec: 791,505 | mfu: 19.1% | epoch: 1 | remaining: 257s    
step 00528 (14.3%) | loss: 3.467348 | lrm: 1.00 | dt: 83ms | tok/sec: 791,238 | mfu: 19.1% | epoch: 1 | remaining: 257s    
step 00529 (14.3%) | loss: 3.471478 | lrm: 1.00 | dt: 83ms | tok/sec: 791,138 | mfu: 19.1% | epoch: 1 | remaining: 257s    
step 00530 (14.3%) | loss: 3.474866 | lrm: 1.00 | dt: 83ms | tok/sec: 791,434 | mfu: 19.1% | epoch: 1 | remaining: 257s    
step 00531 (14.3%) | loss: 3.478535 | lrm: 1.00 | dt: 83ms | tok/sec: 791,448 | mfu: 19.1% | epoch: 1 | remaining: 257s    
step 00532 (14.4%) | loss: 3.489806 | lrm: 1.00 | dt: 83ms | tok/sec: 791,206 | mfu: 19.1% | epoch: 1 | remaining: 257s    
step 00533 (14.4%) | loss: 3.490386 | lrm: 1.00 | dt: 83ms | tok/sec: 791,020 | mfu: 19.1% | epoch: 1 | remaining: 257s    
step 00534 (14.4%) | loss: 3.482219 | lrm: 1.00 | dt: 83ms | tok/sec: 791,031 | mfu: 19.1% | epoch: 1 | remaining: 257s    
step 00535 (14.5%) | loss: 3.482089 | lrm: 1.00 | dt: 83ms | tok/sec: 791,402 | mfu: 19.1% | epoch: 1 | remaining: 257s    
step 00536 (14.5%) | loss: 3.498016 | lrm: 1.00 | dt: 83ms | tok/sec: 791,133 | mfu: 19.1% | epoch: 1 | remaining: 256s    
step 00537 (14.5%) | loss: 3.495111 | lrm: 1.00 | dt: 83ms | tok/sec: 791,393 | mfu: 19.1% | epoch: 1 | remaining: 256s    
step 00538 (14.5%) | loss: 3.491493 | lrm: 1.00 | dt: 83ms | tok/sec: 790,951 | mfu: 19.1% | epoch: 1 | remaining: 256s    
step 00539 (14.6%) | loss: 3.491088 | lrm: 1.00 | dt: 83ms | tok/sec: 791,131 | mfu: 19.1% | epoch: 1 | remaining: 256s    
step 00540 (14.6%) | loss: 3.489683 | lrm: 1.00 | dt: 83ms | tok/sec: 791,092 | mfu: 19.1% | epoch: 1 | remaining: 256s    
step 00541 (14.6%) | loss: 3.488661 | lrm: 1.00 | dt: 83ms | tok/sec: 791,320 | mfu: 19.1% | epoch: 1 | remaining: 256s    
step 00542 (14.7%) | loss: 3.496412 | lrm: 1.00 | dt: 83ms | tok/sec: 791,004 | mfu: 19.1% | epoch: 1 | remaining: 256s    
step 00543 (14.7%) | loss: 3.492580 | lrm: 1.00 | dt: 83ms | tok/sec: 790,876 | mfu: 19.1% | epoch: 1 | remaining: 256s    
step 00544 (14.7%) | loss: 3.486754 | lrm: 1.00 | dt: 83ms | tok/sec: 791,013 | mfu: 19.1% | epoch: 1 | remaining: 256s    
step 00545 (14.7%) | loss: 3.489083 | lrm: 1.00 | dt: 83ms | tok/sec: 791,147 | mfu: 19.1% | epoch: 1 | remaining: 256s    
step 00546 (14.8%) | loss: 3.496065 | lrm: 1.00 | dt: 83ms | tok/sec: 791,104 | mfu: 19.1% | epoch: 1 | remaining: 256s    
step 00547 (14.8%) | loss: 3.494033 | lrm: 1.00 | dt: 83ms | tok/sec: 791,111 | mfu: 19.1% | epoch: 1 | remaining: 256s    
step 00548 (14.8%) | loss: 3.494308 | lrm: 1.00 | dt: 83ms | tok/sec: 791,131 | mfu: 19.1% | epoch: 1 | remaining: 255s    
step 00549 (14.8%) | loss: 3.498921 | lrm: 1.00 | dt: 83ms | tok/sec: 791,072 | mfu: 19.1% | epoch: 1 | remaining: 255s    
step 00550 (14.9%) | loss: 3.492478 | lrm: 1.00 | dt: 83ms | tok/sec: 791,596 | mfu: 19.1% | epoch: 1 | remaining: 255s    
step 00551 (14.9%) | loss: 3.496877 | lrm: 1.00 | dt: 83ms | tok/sec: 791,544 | mfu: 19.1% | epoch: 1 | remaining: 255s    
step 00552 (14.9%) | loss: 3.497611 | lrm: 1.00 | dt: 83ms | tok/sec: 791,464 | mfu: 19.1% | epoch: 1 | remaining: 255s    
step 00553 (15.0%) | loss: 3.498140 | lrm: 1.00 | dt: 83ms | tok/sec: 791,373 | mfu: 19.1% | epoch: 1 | remaining: 255s    
step 00554 (15.0%) | loss: 3.499390 | lrm: 1.00 | dt: 83ms | tok/sec: 791,097 | mfu: 19.1% | epoch: 1 | remaining: 255s    
step 00555 (15.0%) | loss: 3.496217 | lrm: 1.00 | dt: 83ms | tok/sec: 791,259 | mfu: 19.1% | epoch: 1 | remaining: 255s    
step 00556 (15.0%) | loss: 3.487443 | lrm: 1.00 | dt: 83ms | tok/sec: 791,206 | mfu: 19.1% | epoch: 1 | remaining: 255s    
step 00557 (15.1%) | loss: 3.490420 | lrm: 1.00 | dt: 83ms | tok/sec: 791,553 | mfu: 19.1% | epoch: 1 | remaining: 255s    
step 00558 (15.1%) | loss: 3.492223 | lrm: 1.00 | dt: 83ms | tok/sec: 791,710 | mfu: 19.1% | epoch: 1 | remaining: 255s    
step 00559 (15.1%) | loss: 3.502169 | lrm: 1.00 | dt: 83ms | tok/sec: 791,446 | mfu: 19.1% | epoch: 1 | remaining: 255s    
step 00560 (15.2%) | loss: 3.494303 | lrm: 1.00 | dt: 83ms | tok/sec: 791,243 | mfu: 19.1% | epoch: 1 | remaining: 254s    
step 00561 (15.2%) | loss: 3.496825 | lrm: 1.00 | dt: 83ms | tok/sec: 791,008 | mfu: 19.1% | epoch: 1 | remaining: 254s    
step 00562 (15.2%) | loss: 3.501055 | lrm: 1.00 | dt: 83ms | tok/sec: 791,336 | mfu: 19.1% | epoch: 1 | remaining: 254s    
step 00563 (15.2%) | loss: 3.486822 | lrm: 1.00 | dt: 83ms | tok/sec: 791,562 | mfu: 19.1% | epoch: 1 | remaining: 254s    
step 00564 (15.3%) | loss: 3.486241 | lrm: 1.00 | dt: 83ms | tok/sec: 791,363 | mfu: 19.1% | epoch: 1 | remaining: 254s    
step 00565 (15.3%) | loss: 3.483318 | lrm: 1.00 | dt: 83ms | tok/sec: 791,061 | mfu: 19.1% | epoch: 1 | remaining: 254s    
step 00566 (15.3%) | loss: 3.481063 | lrm: 1.00 | dt: 83ms | tok/sec: 791,327 | mfu: 19.1% | epoch: 1 | remaining: 254s    
step 00567 (15.3%) | loss: 3.479835 | lrm: 1.00 | dt: 83ms | tok/sec: 791,056 | mfu: 19.1% | epoch: 1 | remaining: 254s    
step 00568 (15.4%) | loss: 3.476133 | lrm: 1.00 | dt: 83ms | tok/sec: 791,389 | mfu: 19.1% | epoch: 1 | remaining: 254s    
step 00569 (15.4%) | loss: 3.465356 | lrm: 1.00 | dt: 83ms | tok/sec: 791,245 | mfu: 19.1% | epoch: 1 | remaining: 254s    
step 00570 (15.4%) | loss: 3.464331 | lrm: 1.00 | dt: 83ms | tok/sec: 790,865 | mfu: 19.1% | epoch: 1 | remaining: 254s    
step 00571 (15.5%) | loss: 3.469775 | lrm: 1.00 | dt: 83ms | tok/sec: 791,261 | mfu: 19.1% | epoch: 1 | remaining: 254s    
step 00572 (15.5%) | loss: 3.487017 | lrm: 1.00 | dt: 83ms | tok/sec: 790,983 | mfu: 19.1% | epoch: 1 | remaining: 253s    
step 00573 (15.5%) | loss: 3.493643 | lrm: 1.00 | dt: 83ms | tok/sec: 790,885 | mfu: 19.1% | epoch: 1 | remaining: 253s    
step 00574 (15.5%) | loss: 3.486298 | lrm: 1.00 | dt: 83ms | tok/sec: 789,423 | mfu: 19.1% | epoch: 1 | remaining: 253s    
step 00575 (15.6%) | loss: 3.486497 | lrm: 1.00 | dt: 83ms | tok/sec: 789,935 | mfu: 19.1% | epoch: 1 | remaining: 253s    
step 00576 (15.6%) | loss: 3.478395 | lrm: 1.00 | dt: 83ms | tok/sec: 790,624 | mfu: 19.1% | epoch: 1 | remaining: 253s    
step 00577 (15.6%) | loss: 3.458598 | lrm: 1.00 | dt: 83ms | tok/sec: 791,129 | mfu: 19.1% | epoch: 1 | remaining: 253s    
step 00578 (15.6%) | loss: 3.453814 | lrm: 1.00 | dt: 83ms | tok/sec: 791,254 | mfu: 19.1% | epoch: 1 | remaining: 253s    
step 00579 (15.7%) | loss: 3.456151 | lrm: 1.00 | dt: 83ms | tok/sec: 791,008 | mfu: 19.1% | epoch: 1 | remaining: 253s    
step 00580 (15.7%) | loss: 3.461753 | lrm: 1.00 | dt: 83ms | tok/sec: 790,758 | mfu: 19.1% | epoch: 1 | remaining: 253s    
step 00581 (15.7%) | loss: 3.453174 | lrm: 1.00 | dt: 83ms | tok/sec: 790,919 | mfu: 19.1% | epoch: 1 | remaining: 253s    
step 00582 (15.8%) | loss: 3.452541 | lrm: 1.00 | dt: 83ms | tok/sec: 791,001 | mfu: 19.1% | epoch: 1 | remaining: 253s    
step 00583 (15.8%) | loss: 3.455771 | lrm: 1.00 | dt: 83ms | tok/sec: 791,092 | mfu: 19.1% | epoch: 1 | remaining: 253s    
step 00584 (15.8%) | loss: 3.461489 | lrm: 1.00 | dt: 83ms | tok/sec: 791,532 | mfu: 19.1% | epoch: 1 | remaining: 252s    
step 00585 (15.8%) | loss: 3.469775 | lrm: 1.00 | dt: 83ms | tok/sec: 791,361 | mfu: 19.1% | epoch: 1 | remaining: 252s    
step 00586 (15.9%) | loss: 3.475255 | lrm: 1.00 | dt: 83ms | tok/sec: 791,452 | mfu: 19.1% | epoch: 1 | remaining: 252s    
step 00587 (15.9%) | loss: 3.477369 | lrm: 1.00 | dt: 83ms | tok/sec: 791,163 | mfu: 19.1% | epoch: 1 | remaining: 252s    
step 00588 (15.9%) | loss: 3.472002 | lrm: 1.00 | dt: 83ms | tok/sec: 791,395 | mfu: 19.1% | epoch: 1 | remaining: 252s    
step 00589 (16.0%) | loss: 3.456203 | lrm: 1.00 | dt: 83ms | tok/sec: 791,229 | mfu: 19.1% | epoch: 1 | remaining: 252s    
step 00590 (16.0%) | loss: 3.459553 | lrm: 1.00 | dt: 83ms | tok/sec: 791,268 | mfu: 19.1% | epoch: 1 | remaining: 252s    
step 00591 (16.0%) | loss: 3.452892 | lrm: 1.00 | dt: 83ms | tok/sec: 791,156 | mfu: 19.1% | epoch: 1 | remaining: 252s    
step 00592 (16.0%) | loss: 3.451859 | lrm: 1.00 | dt: 83ms | tok/sec: 791,320 | mfu: 19.1% | epoch: 1 | remaining: 252s    
step 00593 (16.1%) | loss: 3.457584 | lrm: 1.00 | dt: 83ms | tok/sec: 791,211 | mfu: 19.1% | epoch: 1 | remaining: 252s    
step 00594 (16.1%) | loss: 3.463118 | lrm: 1.00 | dt: 83ms | tok/sec: 790,883 | mfu: 19.1% | epoch: 1 | remaining: 252s    
step 00595 (16.1%) | loss: 3.464013 | lrm: 1.00 | dt: 83ms | tok/sec: 791,181 | mfu: 19.1% | epoch: 1 | remaining: 252s    
step 00596 (16.1%) | loss: 3.451530 | lrm: 1.00 | dt: 83ms | tok/sec: 791,379 | mfu: 19.1% | epoch: 1 | remaining: 251s    
step 00597 (16.2%) | loss: 3.455069 | lrm: 1.00 | dt: 83ms | tok/sec: 791,136 | mfu: 19.1% | epoch: 1 | remaining: 251s    
step 00598 (16.2%) | loss: 3.453911 | lrm: 1.00 | dt: 83ms | tok/sec: 791,279 | mfu: 19.1% | epoch: 1 | remaining: 251s    
step 00599 (16.2%) | loss: 3.453022 | lrm: 1.00 | dt: 83ms | tok/sec: 790,967 | mfu: 19.1% | epoch: 1 | remaining: 251s    
step 00600 (16.3%) | loss: 3.453493 | lrm: 1.00 | dt: 83ms | tok/sec: 790,897 | mfu: 19.1% | epoch: 1 | remaining: 251s    
step 00601 (16.3%) | loss: 3.450316 | lrm: 1.00 | dt: 83ms | tok/sec: 790,890 | mfu: 19.1% | epoch: 1 | remaining: 251s    
step 00602 (16.3%) | loss: 3.451790 | lrm: 1.00 | dt: 83ms | tok/sec: 790,842 | mfu: 19.1% | epoch: 1 | remaining: 251s    
step 00603 (16.3%) | loss: 3.454290 | lrm: 1.00 | dt: 83ms | tok/sec: 791,222 | mfu: 19.1% | epoch: 1 | remaining: 251s    
step 00604 (16.4%) | loss: 3.455969 | lrm: 1.00 | dt: 83ms | tok/sec: 790,929 | mfu: 19.1% | epoch: 1 | remaining: 251s    
step 00605 (16.4%) | loss: 3.459789 | lrm: 1.00 | dt: 83ms | tok/sec: 791,341 | mfu: 19.1% | epoch: 1 | remaining: 251s    
step 00606 (16.4%) | loss: 3.459666 | lrm: 1.00 | dt: 83ms | tok/sec: 791,065 | mfu: 19.1% | epoch: 1 | remaining: 251s    
step 00607 (16.4%) | loss: 3.460813 | lrm: 1.00 | dt: 83ms | tok/sec: 791,193 | mfu: 19.1% | epoch: 1 | remaining: 251s    
step 00608 (16.5%) | loss: 3.462350 | lrm: 1.00 | dt: 83ms | tok/sec: 791,311 | mfu: 19.1% | epoch: 1 | remaining: 250s    
step 00609 (16.5%) | loss: 3.465457 | lrm: 1.00 | dt: 83ms | tok/sec: 791,309 | mfu: 19.1% | epoch: 1 | remaining: 250s    
step 00610 (16.5%) | loss: 3.457818 | lrm: 1.00 | dt: 83ms | tok/sec: 791,040 | mfu: 19.1% | epoch: 1 | remaining: 250s    
step 00611 (16.6%) | loss: 3.457741 | lrm: 1.00 | dt: 83ms | tok/sec: 790,924 | mfu: 19.1% | epoch: 1 | remaining: 250s    
step 00612 (16.6%) | loss: 3.464150 | lrm: 1.00 | dt: 83ms | tok/sec: 790,876 | mfu: 19.1% | epoch: 1 | remaining: 250s    
step 00613 (16.6%) | loss: 3.465543 | lrm: 1.00 | dt: 83ms | tok/sec: 789,933 | mfu: 19.1% | epoch: 1 | remaining: 250s    
step 00614 (16.6%) | loss: 3.462003 | lrm: 1.00 | dt: 83ms | tok/sec: 790,826 | mfu: 19.1% | epoch: 1 | remaining: 250s    
step 00615 (16.7%) | loss: 3.460401 | lrm: 1.00 | dt: 83ms | tok/sec: 791,275 | mfu: 19.1% | epoch: 1 | remaining: 250s    
step 00616 (16.7%) | loss: 3.463136 | lrm: 1.00 | dt: 83ms | tok/sec: 790,917 | mfu: 19.1% | epoch: 1 | remaining: 250s    
step 00617 (16.7%) | loss: 3.456626 | lrm: 1.00 | dt: 83ms | tok/sec: 790,856 | mfu: 19.1% | epoch: 1 | remaining: 250s    
step 00618 (16.8%) | loss: 3.462467 | lrm: 1.00 | dt: 83ms | tok/sec: 790,628 | mfu: 19.1% | epoch: 1 | remaining: 250s    
step 00619 (16.8%) | loss: 3.468889 | lrm: 1.00 | dt: 83ms | tok/sec: 791,395 | mfu: 19.1% | epoch: 1 | remaining: 250s    
step 00620 (16.8%) | loss: 3.471674 | lrm: 1.00 | dt: 83ms | tok/sec: 791,129 | mfu: 19.1% | epoch: 1 | remaining: 249s    
step 00621 (16.8%) | loss: 3.476056 | lrm: 1.00 | dt: 83ms | tok/sec: 791,227 | mfu: 19.1% | epoch: 1 | remaining: 249s    
step 00622 (16.9%) | loss: 3.475462 | lrm: 1.00 | dt: 83ms | tok/sec: 791,407 | mfu: 19.1% | epoch: 1 | remaining: 249s    
step 00623 (16.9%) | loss: 3.479412 | lrm: 1.00 | dt: 83ms | tok/sec: 791,361 | mfu: 19.1% | epoch: 1 | remaining: 249s    
step 00624 (16.9%) | loss: 3.474789 | lrm: 1.00 | dt: 83ms | tok/sec: 791,143 | mfu: 19.1% | epoch: 1 | remaining: 249s    
step 00625 (16.9%) | loss: 3.475877 | lrm: 1.00 | dt: 83ms | tok/sec: 791,375 | mfu: 19.1% | epoch: 1 | remaining: 249s    
step 00626 (17.0%) | loss: 3.489538 | lrm: 1.00 | dt: 83ms | tok/sec: 791,250 | mfu: 19.1% | epoch: 1 | remaining: 249s    
step 00627 (17.0%) | loss: 3.486578 | lrm: 1.00 | dt: 83ms | tok/sec: 791,247 | mfu: 19.1% | epoch: 1 | remaining: 249s    
step 00628 (17.0%) | loss: 3.474949 | lrm: 1.00 | dt: 83ms | tok/sec: 790,756 | mfu: 19.1% | epoch: 1 | remaining: 249s    
step 00629 (17.1%) | loss: 3.473352 | lrm: 1.00 | dt: 83ms | tok/sec: 791,213 | mfu: 19.1% | epoch: 1 | remaining: 249s    
step 00630 (17.1%) | loss: 3.472029 | lrm: 1.00 | dt: 83ms | tok/sec: 791,120 | mfu: 19.1% | epoch: 1 | remaining: 249s    
step 00631 (17.1%) | loss: 3.459108 | lrm: 1.00 | dt: 83ms | tok/sec: 791,147 | mfu: 19.1% | epoch: 1 | remaining: 249s    
step 00632 (17.1%) | loss: 3.451863 | lrm: 1.00 | dt: 83ms | tok/sec: 791,095 | mfu: 19.1% | epoch: 1 | remaining: 249s    
step 00633 (17.2%) | loss: 3.449411 | lrm: 1.00 | dt: 83ms | tok/sec: 791,143 | mfu: 19.1% | epoch: 1 | remaining: 248s    
step 00634 (17.2%) | loss: 3.451603 | lrm: 1.00 | dt: 83ms | tok/sec: 791,077 | mfu: 19.1% | epoch: 1 | remaining: 248s    
step 00635 (17.2%) | loss: 3.448674 | lrm: 1.00 | dt: 83ms | tok/sec: 791,047 | mfu: 19.1% | epoch: 1 | remaining: 248s    
step 00636 (17.2%) | loss: 3.445146 | lrm: 1.00 | dt: 83ms | tok/sec: 791,186 | mfu: 19.1% | epoch: 1 | remaining: 248s    
step 00637 (17.3%) | loss: 3.435013 | lrm: 1.00 | dt: 83ms | tok/sec: 791,054 | mfu: 19.1% | epoch: 1 | remaining: 248s    
step 00638 (17.3%) | loss: 3.432245 | lrm: 1.00 | dt: 83ms | tok/sec: 791,133 | mfu: 19.1% | epoch: 1 | remaining: 248s    
step 00639 (17.3%) | loss: 3.445738 | lrm: 1.00 | dt: 83ms | tok/sec: 791,573 | mfu: 19.1% | epoch: 1 | remaining: 248s    
step 00640 (17.4%) | loss: 3.444064 | lrm: 1.00 | dt: 83ms | tok/sec: 790,915 | mfu: 19.1% | epoch: 1 | remaining: 248s    
step 00641 (17.4%) | loss: 3.443844 | lrm: 1.00 | dt: 83ms | tok/sec: 791,086 | mfu: 19.1% | epoch: 1 | remaining: 248s    
step 00642 (17.4%) | loss: 3.446610 | lrm: 1.00 | dt: 83ms | tok/sec: 791,350 | mfu: 19.1% | epoch: 1 | remaining: 248s    
step 00643 (17.4%) | loss: 3.442131 | lrm: 1.00 | dt: 83ms | tok/sec: 791,199 | mfu: 19.1% | epoch: 1 | remaining: 248s    
step 00644 (17.5%) | loss: 3.434902 | lrm: 1.00 | dt: 83ms | tok/sec: 791,029 | mfu: 19.1% | epoch: 1 | remaining: 248s    
step 00645 (17.5%) | loss: 3.438080 | lrm: 1.00 | dt: 83ms | tok/sec: 791,152 | mfu: 19.1% | epoch: 1 | remaining: 247s    
step 00646 (17.5%) | loss: 3.438673 | lrm: 1.00 | dt: 83ms | tok/sec: 791,047 | mfu: 19.1% | epoch: 1 | remaining: 247s    
step 00647 (17.6%) | loss: 3.439218 | lrm: 1.00 | dt: 83ms | tok/sec: 790,917 | mfu: 19.1% | epoch: 1 | remaining: 247s    
step 00648 (17.6%) | loss: 3.441054 | lrm: 1.00 | dt: 83ms | tok/sec: 790,919 | mfu: 19.1% | epoch: 1 | remaining: 247s    
step 00649 (17.6%) | loss: 3.449205 | lrm: 1.00 | dt: 83ms | tok/sec: 791,425 | mfu: 19.1% | epoch: 1 | remaining: 247s    
step 00650 (17.6%) | loss: 3.449779 | lrm: 1.00 | dt: 83ms | tok/sec: 790,758 | mfu: 19.1% | epoch: 1 | remaining: 247s    
step 00651 (17.7%) | loss: 3.438904 | lrm: 1.00 | dt: 83ms | tok/sec: 789,833 | mfu: 19.1% | epoch: 1 | remaining: 247s    
step 00652 (17.7%) | loss: 3.439357 | lrm: 1.00 | dt: 83ms | tok/sec: 790,694 | mfu: 19.1% | epoch: 1 | remaining: 247s    
step 00653 (17.7%) | loss: 3.442824 | lrm: 1.00 | dt: 83ms | tok/sec: 790,883 | mfu: 19.1% | epoch: 1 | remaining: 247s    
step 00654 (17.7%) | loss: 3.436764 | lrm: 1.00 | dt: 83ms | tok/sec: 790,933 | mfu: 19.1% | epoch: 1 | remaining: 247s    
step 00655 (17.8%) | loss: 3.428753 | lrm: 1.00 | dt: 83ms | tok/sec: 790,603 | mfu: 19.1% | epoch: 1 | remaining: 247s    
step 00656 (17.8%) | loss: 3.428804 | lrm: 1.00 | dt: 83ms | tok/sec: 791,420 | mfu: 19.1% | epoch: 1 | remaining: 247s    
step 00657 (17.8%) | loss: 3.432262 | lrm: 1.00 | dt: 83ms | tok/sec: 791,336 | mfu: 19.1% | epoch: 1 | remaining: 246s    
step 00658 (17.9%) | loss: 3.439359 | lrm: 1.00 | dt: 83ms | tok/sec: 791,001 | mfu: 19.1% | epoch: 1 | remaining: 246s    
step 00659 (17.9%) | loss: 3.440659 | lrm: 1.00 | dt: 83ms | tok/sec: 790,801 | mfu: 19.1% | epoch: 1 | remaining: 246s    
step 00660 (17.9%) | loss: 3.443508 | lrm: 1.00 | dt: 83ms | tok/sec: 791,165 | mfu: 19.1% | epoch: 1 | remaining: 246s    
step 00661 (17.9%) | loss: 3.446389 | lrm: 1.00 | dt: 83ms | tok/sec: 791,341 | mfu: 19.1% | epoch: 1 | remaining: 246s    
step 00662 (18.0%) | loss: 3.441405 | lrm: 1.00 | dt: 83ms | tok/sec: 791,013 | mfu: 19.1% | epoch: 1 | remaining: 246s    
step 00663 (18.0%) | loss: 3.434610 | lrm: 1.00 | dt: 83ms | tok/sec: 790,674 | mfu: 19.1% | epoch: 1 | remaining: 246s    
step 00664 (18.0%) | loss: 3.441494 | lrm: 1.00 | dt: 83ms | tok/sec: 791,297 | mfu: 19.1% | epoch: 1 | remaining: 246s    
step 00665 (18.1%) | loss: 3.444928 | lrm: 1.00 | dt: 83ms | tok/sec: 791,083 | mfu: 19.1% | epoch: 1 | remaining: 246s    
step 00666 (18.1%) | loss: 3.448907 | lrm: 1.00 | dt: 83ms | tok/sec: 790,808 | mfu: 19.1% | epoch: 1 | remaining: 246s    
step 00667 (18.1%) | loss: 3.442512 | lrm: 1.00 | dt: 83ms | tok/sec: 790,351 | mfu: 19.1% | epoch: 1 | remaining: 246s    
step 00668 (18.1%) | loss: 3.445729 | lrm: 1.00 | dt: 83ms | tok/sec: 791,491 | mfu: 19.1% | epoch: 1 | remaining: 246s    
step 00669 (18.2%) | loss: 3.445240 | lrm: 1.00 | dt: 83ms | tok/sec: 791,286 | mfu: 19.1% | epoch: 1 | remaining: 245s    
step 00670 (18.2%) | loss: 3.433155 | lrm: 1.00 | dt: 83ms | tok/sec: 791,161 | mfu: 19.1% | epoch: 1 | remaining: 245s    
step 00671 (18.2%) | loss: 3.438515 | lrm: 1.00 | dt: 83ms | tok/sec: 791,293 | mfu: 19.1% | epoch: 1 | remaining: 245s    
step 00672 (18.2%) | loss: 3.439505 | lrm: 1.00 | dt: 83ms | tok/sec: 790,917 | mfu: 19.1% | epoch: 1 | remaining: 245s    
step 00673 (18.3%) | loss: 3.430942 | lrm: 1.00 | dt: 83ms | tok/sec: 791,553 | mfu: 19.1% | epoch: 1 | remaining: 245s    
step 00674 (18.3%) | loss: 3.427280 | lrm: 1.00 | dt: 83ms | tok/sec: 791,174 | mfu: 19.1% | epoch: 1 | remaining: 245s    
step 00675 (18.3%) | loss: 3.432039 | lrm: 1.00 | dt: 83ms | tok/sec: 791,256 | mfu: 19.1% | epoch: 1 | remaining: 245s    
step 00676 (18.4%) | loss: 3.436137 | lrm: 1.00 | dt: 83ms | tok/sec: 791,240 | mfu: 19.1% | epoch: 1 | remaining: 245s    
step 00677 (18.4%) | loss: 3.438748 | lrm: 1.00 | dt: 83ms | tok/sec: 791,238 | mfu: 19.1% | epoch: 1 | remaining: 245s    
step 00678 (18.4%) | loss: 3.431330 | lrm: 1.00 | dt: 83ms | tok/sec: 791,300 | mfu: 19.1% | epoch: 1 | remaining: 245s    
step 00679 (18.4%) | loss: 3.431662 | lrm: 1.00 | dt: 83ms | tok/sec: 790,931 | mfu: 19.1% | epoch: 1 | remaining: 245s    
step 00680 (18.5%) | loss: 3.426596 | lrm: 1.00 | dt: 83ms | tok/sec: 791,209 | mfu: 19.1% | epoch: 1 | remaining: 245s    
step 00681 (18.5%) | loss: 3.424604 | lrm: 1.00 | dt: 83ms | tok/sec: 790,992 | mfu: 19.1% | epoch: 1 | remaining: 244s    
step 00682 (18.5%) | loss: 3.419274 | lrm: 1.00 | dt: 83ms | tok/sec: 790,924 | mfu: 19.1% | epoch: 1 | remaining: 244s    
step 00683 (18.5%) | loss: 3.420213 | lrm: 1.00 | dt: 83ms | tok/sec: 791,300 | mfu: 19.1% | epoch: 1 | remaining: 244s    
step 00684 (18.6%) | loss: 3.424023 | lrm: 1.00 | dt: 83ms | tok/sec: 791,302 | mfu: 19.1% | epoch: 1 | remaining: 244s    
step 00685 (18.6%) | loss: 3.432736 | lrm: 1.00 | dt: 83ms | tok/sec: 791,058 | mfu: 19.1% | epoch: 1 | remaining: 244s    
step 00686 (18.6%) | loss: 3.433735 | lrm: 1.00 | dt: 83ms | tok/sec: 790,790 | mfu: 19.1% | epoch: 1 | remaining: 244s    
step 00687 (18.7%) | loss: 3.442401 | lrm: 1.00 | dt: 83ms | tok/sec: 791,024 | mfu: 19.1% | epoch: 1 | remaining: 244s    
step 00688 (18.7%) | loss: 3.440676 | lrm: 1.00 | dt: 83ms | tok/sec: 791,297 | mfu: 19.1% | epoch: 1 | remaining: 244s    
step 00689 (18.7%) | loss: 3.453736 | lrm: 1.00 | dt: 83ms | tok/sec: 791,307 | mfu: 19.1% | epoch: 1 | remaining: 244s    
step 00690 (18.7%) | loss: 3.456896 | lrm: 1.00 | dt: 83ms | tok/sec: 791,393 | mfu: 19.1% | epoch: 1 | remaining: 244s    
step 00691 (18.8%) | loss: 3.446959 | lrm: 1.00 | dt: 83ms | tok/sec: 791,124 | mfu: 19.1% | epoch: 1 | remaining: 244s    
step 00692 (18.8%) | loss: 3.426700 | lrm: 1.00 | dt: 83ms | tok/sec: 791,209 | mfu: 19.1% | epoch: 1 | remaining: 244s    
step 00693 (18.8%) | loss: 3.434920 | lrm: 1.00 | dt: 83ms | tok/sec: 791,304 | mfu: 19.1% | epoch: 1 | remaining: 243s    
step 00694 (18.9%) | loss: 3.449092 | lrm: 1.00 | dt: 83ms | tok/sec: 790,644 | mfu: 19.1% | epoch: 1 | remaining: 243s    
step 00695 (18.9%) | loss: 3.447379 | lrm: 1.00 | dt: 83ms | tok/sec: 791,088 | mfu: 19.1% | epoch: 1 | remaining: 243s    
step 00696 (18.9%) | loss: 3.450802 | lrm: 1.00 | dt: 83ms | tok/sec: 791,370 | mfu: 19.1% | epoch: 1 | remaining: 243s    
step 00697 (18.9%) | loss: 3.450010 | lrm: 1.00 | dt: 83ms | tok/sec: 791,607 | mfu: 19.1% | epoch: 1 | remaining: 243s    
step 00698 (19.0%) | loss: 3.440884 | lrm: 1.00 | dt: 83ms | tok/sec: 791,270 | mfu: 19.1% | epoch: 1 | remaining: 243s    
step 00699 (19.0%) | loss: 3.440265 | lrm: 1.00 | dt: 83ms | tok/sec: 791,086 | mfu: 19.1% | epoch: 1 | remaining: 243s    
step 00700 (19.0%) | loss: 3.444203 | lrm: 1.00 | dt: 83ms | tok/sec: 791,022 | mfu: 19.1% | epoch: 1 | remaining: 243s    
step 00701 (19.0%) | loss: 3.436970 | lrm: 1.00 | dt: 83ms | tok/sec: 790,972 | mfu: 19.1% | epoch: 1 | remaining: 243s    
step 00702 (19.1%) | loss: 3.435223 | lrm: 1.00 | dt: 83ms | tok/sec: 791,099 | mfu: 19.1% | epoch: 1 | remaining: 243s    
step 00703 (19.1%) | loss: 3.435998 | lrm: 1.00 | dt: 83ms | tok/sec: 791,354 | mfu: 19.1% | epoch: 1 | remaining: 243s    
step 00704 (19.1%) | loss: 3.441653 | lrm: 1.00 | dt: 83ms | tok/sec: 790,960 | mfu: 19.1% | epoch: 1 | remaining: 243s    
step 00705 (19.2%) | loss: 3.442673 | lrm: 1.00 | dt: 83ms | tok/sec: 791,015 | mfu: 19.1% | epoch: 1 | remaining: 242s    
step 00706 (19.2%) | loss: 3.442276 | lrm: 1.00 | dt: 83ms | tok/sec: 791,496 | mfu: 19.1% | epoch: 1 | remaining: 242s    
step 00707 (19.2%) | loss: 3.441412 | lrm: 1.00 | dt: 83ms | tok/sec: 791,092 | mfu: 19.1% | epoch: 1 | remaining: 242s    
step 00708 (19.2%) | loss: 3.427143 | lrm: 1.00 | dt: 83ms | tok/sec: 791,284 | mfu: 19.1% | epoch: 1 | remaining: 242s    
step 00709 (19.3%) | loss: 3.428571 | lrm: 1.00 | dt: 83ms | tok/sec: 791,288 | mfu: 19.1% | epoch: 1 | remaining: 242s    
step 00710 (19.3%) | loss: 3.428640 | lrm: 1.00 | dt: 83ms | tok/sec: 791,113 | mfu: 19.1% | epoch: 1 | remaining: 242s    
step 00711 (19.3%) | loss: 3.424506 | lrm: 1.00 | dt: 83ms | tok/sec: 790,885 | mfu: 19.1% | epoch: 1 | remaining: 242s    
step 00712 (19.3%) | loss: 3.424727 | lrm: 1.00 | dt: 83ms | tok/sec: 791,067 | mfu: 19.1% | epoch: 1 | remaining: 242s    
step 00713 (19.4%) | loss: 3.427618 | lrm: 1.00 | dt: 83ms | tok/sec: 791,229 | mfu: 19.1% | epoch: 1 | remaining: 242s    
step 00714 (19.4%) | loss: 3.435324 | lrm: 1.00 | dt: 83ms | tok/sec: 790,983 | mfu: 19.1% | epoch: 1 | remaining: 242s    
step 00715 (19.4%) | loss: 3.435455 | lrm: 1.00 | dt: 83ms | tok/sec: 791,013 | mfu: 19.1% | epoch: 1 | remaining: 242s    
step 00716 (19.5%) | loss: 3.425452 | lrm: 1.00 | dt: 83ms | tok/sec: 791,240 | mfu: 19.1% | epoch: 1 | remaining: 242s    
step 00717 (19.5%) | loss: 3.421428 | lrm: 1.00 | dt: 83ms | tok/sec: 791,077 | mfu: 19.1% | epoch: 1 | remaining: 241s    
step 00718 (19.5%) | loss: 3.419548 | lrm: 1.00 | dt: 83ms | tok/sec: 791,359 | mfu: 19.1% | epoch: 1 | remaining: 241s    
step 00719 (19.5%) | loss: 3.418176 | lrm: 1.00 | dt: 83ms | tok/sec: 790,951 | mfu: 19.1% | epoch: 1 | remaining: 241s    
step 00720 (19.6%) | loss: 3.415021 | lrm: 1.00 | dt: 83ms | tok/sec: 791,373 | mfu: 19.1% | epoch: 1 | remaining: 241s    
step 00721 (19.6%) | loss: 3.412966 | lrm: 1.00 | dt: 83ms | tok/sec: 790,892 | mfu: 19.1% | epoch: 1 | remaining: 241s    
step 00722 (19.6%) | loss: 3.405554 | lrm: 1.00 | dt: 83ms | tok/sec: 791,487 | mfu: 19.1% | epoch: 1 | remaining: 241s    
step 00723 (19.7%) | loss: 3.412636 | lrm: 1.00 | dt: 83ms | tok/sec: 791,245 | mfu: 19.1% | epoch: 1 | remaining: 241s    
step 00724 (19.7%) | loss: 3.406465 | lrm: 1.00 | dt: 83ms | tok/sec: 791,145 | mfu: 19.1% | epoch: 1 | remaining: 241s    
step 00725 (19.7%) | loss: 3.417157 | lrm: 1.00 | dt: 83ms | tok/sec: 791,104 | mfu: 19.1% | epoch: 1 | remaining: 241s    
step 00726 (19.7%) | loss: 3.419279 | lrm: 1.00 | dt: 83ms | tok/sec: 790,712 | mfu: 19.1% | epoch: 1 | remaining: 241s    
step 00727 (19.8%) | loss: 3.421661 | lrm: 1.00 | dt: 83ms | tok/sec: 790,851 | mfu: 19.1% | epoch: 1 | remaining: 241s    
step 00728 (19.8%) | loss: 3.426022 | lrm: 1.00 | dt: 83ms | tok/sec: 791,247 | mfu: 19.1% | epoch: 1 | remaining: 241s    
step 00729 (19.8%) | loss: 3.434451 | lrm: 1.00 | dt: 83ms | tok/sec: 791,407 | mfu: 19.1% | epoch: 1 | remaining: 240s    
step 00730 (19.8%) | loss: 3.430066 | lrm: 1.00 | dt: 83ms | tok/sec: 791,293 | mfu: 19.1% | epoch: 1 | remaining: 240s    
step 00731 (19.9%) | loss: 3.424583 | lrm: 1.00 | dt: 83ms | tok/sec: 790,790 | mfu: 19.1% | epoch: 1 | remaining: 240s    
step 00732 (19.9%) | loss: 3.423054 | lrm: 1.00 | dt: 83ms | tok/sec: 791,368 | mfu: 19.1% | epoch: 1 | remaining: 240s    
step 00733 (19.9%) | loss: 3.421248 | lrm: 1.00 | dt: 83ms | tok/sec: 791,174 | mfu: 19.1% | epoch: 1 | remaining: 240s    
step 00734 (20.0%) | loss: 3.417171 | lrm: 1.00 | dt: 83ms | tok/sec: 790,822 | mfu: 19.1% | epoch: 1 | remaining: 240s    
step 00735 (20.0%) | loss: 3.416666 | lrm: 1.00 | dt: 83ms | tok/sec: 791,446 | mfu: 19.1% | epoch: 1 | remaining: 240s    
step 00736 (20.0%) | loss: 3.414203 | lrm: 1.00 | dt: 83ms | tok/sec: 791,439 | mfu: 19.1% | epoch: 1 | remaining: 240s    
step 00737 (20.0%) | loss: 3.419162 | lrm: 1.00 | dt: 83ms | tok/sec: 791,199 | mfu: 19.1% | epoch: 1 | remaining: 240s    
step 00738 (20.1%) | loss: 3.408678 | lrm: 1.00 | dt: 83ms | tok/sec: 791,286 | mfu: 19.1% | epoch: 1 | remaining: 240s    
step 00739 (20.1%) | loss: 3.409530 | lrm: 1.00 | dt: 83ms | tok/sec: 790,524 | mfu: 19.1% | epoch: 1 | remaining: 240s    
step 00740 (20.1%) | loss: 3.410597 | lrm: 1.00 | dt: 83ms | tok/sec: 790,872 | mfu: 19.1% | epoch: 1 | remaining: 240s    
step 00741 (20.1%) | loss: 3.395352 | lrm: 1.00 | dt: 83ms | tok/sec: 790,815 | mfu: 19.1% | epoch: 1 | remaining: 239s    
step 00742 (20.2%) | loss: 3.399462 | lrm: 1.00 | dt: 83ms | tok/sec: 791,065 | mfu: 19.1% | epoch: 1 | remaining: 239s    
step 00743 (20.2%) | loss: 3.403498 | lrm: 1.00 | dt: 83ms | tok/sec: 791,234 | mfu: 19.1% | epoch: 1 | remaining: 239s    
step 00744 (20.2%) | loss: 3.402573 | lrm: 1.00 | dt: 83ms | tok/sec: 791,607 | mfu: 19.1% | epoch: 1 | remaining: 239s    
step 00745 (20.3%) | loss: 3.404752 | lrm: 1.00 | dt: 83ms | tok/sec: 790,949 | mfu: 19.1% | epoch: 1 | remaining: 239s    
step 00746 (20.3%) | loss: 3.411441 | lrm: 1.00 | dt: 83ms | tok/sec: 791,063 | mfu: 19.1% | epoch: 1 | remaining: 239s    
step 00747 (20.3%) | loss: 3.415074 | lrm: 1.00 | dt: 83ms | tok/sec: 790,856 | mfu: 19.1% | epoch: 1 | remaining: 239s    
step 00748 (20.3%) | loss: 3.411618 | lrm: 1.00 | dt: 83ms | tok/sec: 791,227 | mfu: 19.1% | epoch: 1 | remaining: 239s    
step 00749 (20.4%) | loss: 3.416202 | lrm: 1.00 | dt: 83ms | tok/sec: 790,958 | mfu: 19.1% | epoch: 1 | remaining: 239s    
step 00750 (20.4%) | loss: 3.426176 | lrm: 1.00 | dt: 83ms | tok/sec: 791,054 | mfu: 19.1% | epoch: 1 | remaining: 239s    
step 00751 (20.4%) | loss: 3.428036 | lrm: 1.00 | dt: 83ms | tok/sec: 791,225 | mfu: 19.1% | epoch: 1 | remaining: 239s    
step 00752 (20.5%) | loss: 3.419832 | lrm: 1.00 | dt: 83ms | tok/sec: 791,373 | mfu: 19.1% | epoch: 1 | remaining: 239s    
step 00753 (20.5%) | loss: 3.429160 | lrm: 1.00 | dt: 83ms | tok/sec: 791,436 | mfu: 19.1% | epoch: 1 | remaining: 238s    
step 00754 (20.5%) | loss: 3.420361 | lrm: 1.00 | dt: 83ms | tok/sec: 791,045 | mfu: 19.1% | epoch: 1 | remaining: 238s    
step 00755 (20.5%) | loss: 3.422662 | lrm: 1.00 | dt: 83ms | tok/sec: 791,051 | mfu: 19.1% | epoch: 1 | remaining: 238s    
step 00756 (20.6%) | loss: 3.429549 | lrm: 1.00 | dt: 83ms | tok/sec: 791,154 | mfu: 19.1% | epoch: 1 | remaining: 238s    
step 00757 (20.6%) | loss: 3.424559 | lrm: 1.00 | dt: 83ms | tok/sec: 790,933 | mfu: 19.1% | epoch: 1 | remaining: 238s    
step 00758 (20.6%) | loss: 3.426544 | lrm: 1.00 | dt: 83ms | tok/sec: 790,979 | mfu: 19.1% | epoch: 1 | remaining: 238s    
step 00759 (20.6%) | loss: 3.421317 | lrm: 1.00 | dt: 83ms | tok/sec: 791,213 | mfu: 19.1% | epoch: 1 | remaining: 238s    
step 00760 (20.7%) | loss: 3.422000 | lrm: 1.00 | dt: 83ms | tok/sec: 791,015 | mfu: 19.1% | epoch: 1 | remaining: 238s    
step 00761 (20.7%) | loss: 3.422375 | lrm: 1.00 | dt: 83ms | tok/sec: 790,701 | mfu: 19.1% | epoch: 1 | remaining: 238s    
step 00762 (20.7%) | loss: 3.425163 | lrm: 1.00 | dt: 83ms | tok/sec: 791,236 | mfu: 19.1% | epoch: 1 | remaining: 238s    
step 00763 (20.8%) | loss: 3.430156 | lrm: 1.00 | dt: 83ms | tok/sec: 791,190 | mfu: 19.1% | epoch: 1 | remaining: 238s    
step 00764 (20.8%) | loss: 3.432343 | lrm: 1.00 | dt: 83ms | tok/sec: 791,411 | mfu: 19.1% | epoch: 1 | remaining: 238s    
step 00765 (20.8%) | loss: 3.432529 | lrm: 1.00 | dt: 83ms | tok/sec: 791,240 | mfu: 19.1% | epoch: 1 | remaining: 237s    
step 00766 (20.8%) | loss: 3.428159 | lrm: 1.00 | dt: 83ms | tok/sec: 791,029 | mfu: 19.1% | epoch: 1 | remaining: 237s    
step 00767 (20.9%) | loss: 3.434027 | lrm: 1.00 | dt: 83ms | tok/sec: 791,193 | mfu: 19.1% | epoch: 1 | remaining: 237s    
step 00768 (20.9%) | loss: 3.428322 | lrm: 1.00 | dt: 83ms | tok/sec: 790,981 | mfu: 19.1% | epoch: 1 | remaining: 237s    
step 00769 (20.9%) | loss: 3.431373 | lrm: 1.00 | dt: 83ms | tok/sec: 791,254 | mfu: 19.1% | epoch: 1 | remaining: 237s    
step 00770 (20.9%) | loss: 3.428115 | lrm: 1.00 | dt: 83ms | tok/sec: 791,049 | mfu: 19.1% | epoch: 1 | remaining: 237s    
step 00771 (21.0%) | loss: 3.438615 | lrm: 1.00 | dt: 83ms | tok/sec: 791,404 | mfu: 19.1% | epoch: 1 | remaining: 237s    
step 00772 (21.0%) | loss: 3.441660 | lrm: 1.00 | dt: 83ms | tok/sec: 791,065 | mfu: 19.1% | epoch: 1 | remaining: 237s    
step 00773 (21.0%) | loss: 3.441554 | lrm: 1.00 | dt: 83ms | tok/sec: 791,108 | mfu: 19.1% | epoch: 1 | remaining: 237s    
step 00774 (21.1%) | loss: 3.447275 | lrm: 1.00 | dt: 83ms | tok/sec: 791,268 | mfu: 19.1% | epoch: 1 | remaining: 237s    
step 00775 (21.1%) | loss: 3.443876 | lrm: 1.00 | dt: 83ms | tok/sec: 791,259 | mfu: 19.1% | epoch: 1 | remaining: 237s    
step 00776 (21.1%) | loss: 3.436676 | lrm: 1.00 | dt: 83ms | tok/sec: 791,174 | mfu: 19.1% | epoch: 1 | remaining: 237s    
step 00777 (21.1%) | loss: 3.425769 | lrm: 1.00 | dt: 83ms | tok/sec: 791,395 | mfu: 19.1% | epoch: 1 | remaining: 236s    
step 00778 (21.2%) | loss: 3.420972 | lrm: 1.00 | dt: 83ms | tok/sec: 791,259 | mfu: 19.1% | epoch: 1 | remaining: 236s    
step 00779 (21.2%) | loss: 3.423468 | lrm: 1.00 | dt: 83ms | tok/sec: 791,049 | mfu: 19.1% | epoch: 1 | remaining: 236s    
step 00780 (21.2%) | loss: 3.419675 | lrm: 1.00 | dt: 83ms | tok/sec: 791,202 | mfu: 19.1% | epoch: 1 | remaining: 236s    
step 00781 (21.3%) | loss: 3.421596 | lrm: 1.00 | dt: 83ms | tok/sec: 791,193 | mfu: 19.1% | epoch: 1 | remaining: 236s    
step 00782 (21.3%) | loss: 3.415775 | lrm: 1.00 | dt: 83ms | tok/sec: 791,420 | mfu: 19.1% | epoch: 1 | remaining: 236s    
step 00783 (21.3%) | loss: 3.410067 | lrm: 1.00 | dt: 83ms | tok/sec: 790,958 | mfu: 19.1% | epoch: 1 | remaining: 236s    
step 00784 (21.3%) | loss: 3.408652 | lrm: 1.00 | dt: 83ms | tok/sec: 791,366 | mfu: 19.1% | epoch: 1 | remaining: 236s    
step 00785 (21.4%) | loss: 3.414493 | lrm: 1.00 | dt: 83ms | tok/sec: 791,332 | mfu: 19.1% | epoch: 1 | remaining: 236s    
step 00786 (21.4%) | loss: 3.411798 | lrm: 1.00 | dt: 83ms | tok/sec: 791,288 | mfu: 19.1% | epoch: 1 | remaining: 236s    
step 00787 (21.4%) | loss: 3.412527 | lrm: 1.00 | dt: 83ms | tok/sec: 791,129 | mfu: 19.1% | epoch: 1 | remaining: 236s    
step 00788 (21.4%) | loss: 3.416294 | lrm: 1.00 | dt: 83ms | tok/sec: 791,418 | mfu: 19.1% | epoch: 1 | remaining: 236s    
step 00789 (21.5%) | loss: 3.415926 | lrm: 1.00 | dt: 83ms | tok/sec: 791,104 | mfu: 19.1% | epoch: 1 | remaining: 235s    
step 00790 (21.5%) | loss: 3.416923 | lrm: 1.00 | dt: 83ms | tok/sec: 791,272 | mfu: 19.1% | epoch: 1 | remaining: 235s    
step 00791 (21.5%) | loss: 3.420919 | lrm: 1.00 | dt: 83ms | tok/sec: 791,500 | mfu: 19.1% | epoch: 1 | remaining: 235s    
step 00792 (21.6%) | loss: 3.419759 | lrm: 1.00 | dt: 83ms | tok/sec: 790,856 | mfu: 19.1% | epoch: 1 | remaining: 235s    
step 00793 (21.6%) | loss: 3.417787 | lrm: 1.00 | dt: 83ms | tok/sec: 791,008 | mfu: 19.1% | epoch: 1 | remaining: 235s    
step 00794 (21.6%) | loss: 3.412092 | lrm: 1.00 | dt: 83ms | tok/sec: 791,115 | mfu: 19.1% | epoch: 1 | remaining: 235s    
step 00795 (21.6%) | loss: 3.409527 | lrm: 1.00 | dt: 83ms | tok/sec: 791,108 | mfu: 19.1% | epoch: 1 | remaining: 235s    
step 00796 (21.7%) | loss: 3.407175 | lrm: 1.00 | dt: 83ms | tok/sec: 791,026 | mfu: 19.1% | epoch: 1 | remaining: 235s    
step 00797 (21.7%) | loss: 3.403111 | lrm: 1.00 | dt: 83ms | tok/sec: 791,049 | mfu: 19.1% | epoch: 1 | remaining: 235s    
step 00798 (21.7%) | loss: 3.404436 | lrm: 1.00 | dt: 83ms | tok/sec: 791,391 | mfu: 19.1% | epoch: 1 | remaining: 235s    
step 00799 (21.8%) | loss: 3.406581 | lrm: 1.00 | dt: 83ms | tok/sec: 786,162 | mfu: 19.0% | epoch: 1 | remaining: 235s    
step 00800 (21.8%) | loss: 3.415322 | lrm: 1.00 | dt: 83ms | tok/sec: 791,247 | mfu: 19.1% | epoch: 1 | remaining: 235s    
step 00801 (21.8%) | loss: 3.414183 | lrm: 1.00 | dt: 83ms | tok/sec: 791,425 | mfu: 19.1% | epoch: 1 | remaining: 235s    
step 00802 (21.8%) | loss: 3.412376 | lrm: 1.00 | dt: 83ms | tok/sec: 791,414 | mfu: 19.1% | epoch: 1 | remaining: 234s    
step 00803 (21.9%) | loss: 3.407010 | lrm: 1.00 | dt: 83ms | tok/sec: 791,350 | mfu: 19.1% | epoch: 1 | remaining: 234s    
step 00804 (21.9%) | loss: 3.413060 | lrm: 1.00 | dt: 83ms | tok/sec: 790,988 | mfu: 19.1% | epoch: 1 | remaining: 234s    
step 00805 (21.9%) | loss: 3.405087 | lrm: 1.00 | dt: 83ms | tok/sec: 791,092 | mfu: 19.1% | epoch: 1 | remaining: 234s    
step 00806 (21.9%) | loss: 3.404904 | lrm: 1.00 | dt: 83ms | tok/sec: 791,450 | mfu: 19.1% | epoch: 1 | remaining: 234s    
step 00807 (22.0%) | loss: 3.410953 | lrm: 1.00 | dt: 83ms | tok/sec: 791,038 | mfu: 19.1% | epoch: 1 | remaining: 234s    
step 00808 (22.0%) | loss: 3.412269 | lrm: 1.00 | dt: 83ms | tok/sec: 791,092 | mfu: 19.1% | epoch: 1 | remaining: 234s    
step 00809 (22.0%) | loss: 3.418216 | lrm: 1.00 | dt: 83ms | tok/sec: 790,883 | mfu: 19.1% | epoch: 1 | remaining: 234s    
step 00810 (22.1%) | loss: 3.413083 | lrm: 1.00 | dt: 83ms | tok/sec: 791,017 | mfu: 19.1% | epoch: 1 | remaining: 234s    
step 00811 (22.1%) | loss: 3.408544 | lrm: 1.00 | dt: 83ms | tok/sec: 791,120 | mfu: 19.1% | epoch: 1 | remaining: 234s    
step 00812 (22.1%) | loss: 3.404385 | lrm: 1.00 | dt: 83ms | tok/sec: 791,013 | mfu: 19.1% | epoch: 1 | remaining: 234s    
step 00813 (22.1%) | loss: 3.389498 | lrm: 1.00 | dt: 83ms | tok/sec: 791,386 | mfu: 19.1% | epoch: 1 | remaining: 234s    
step 00814 (22.2%) | loss: 3.395913 | lrm: 1.00 | dt: 83ms | tok/sec: 791,384 | mfu: 19.1% | epoch: 1 | remaining: 233s    
step 00815 (22.2%) | loss: 3.390914 | lrm: 1.00 | dt: 83ms | tok/sec: 791,140 | mfu: 19.1% | epoch: 1 | remaining: 233s    
step 00816 (22.2%) | loss: 3.393373 | lrm: 1.00 | dt: 83ms | tok/sec: 791,097 | mfu: 19.1% | epoch: 1 | remaining: 233s    
step 00817 (22.2%) | loss: 3.386144 | lrm: 1.00 | dt: 83ms | tok/sec: 790,863 | mfu: 19.1% | epoch: 1 | remaining: 233s    
step 00818 (22.3%) | loss: 3.386914 | lrm: 1.00 | dt: 83ms | tok/sec: 791,297 | mfu: 19.1% | epoch: 1 | remaining: 233s    
step 00819 (22.3%) | loss: 3.382590 | lrm: 1.00 | dt: 83ms | tok/sec: 791,227 | mfu: 19.1% | epoch: 1 | remaining: 233s    
step 00820 (22.3%) | loss: 3.385489 | lrm: 1.00 | dt: 83ms | tok/sec: 790,983 | mfu: 19.1% | epoch: 1 | remaining: 233s    
step 00821 (22.4%) | loss: 3.382018 | lrm: 1.00 | dt: 83ms | tok/sec: 791,133 | mfu: 19.1% | epoch: 1 | remaining: 233s    
step 00822 (22.4%) | loss: 3.386553 | lrm: 1.00 | dt: 83ms | tok/sec: 791,202 | mfu: 19.1% | epoch: 1 | remaining: 233s    
step 00823 (22.4%) | loss: 3.383022 | lrm: 1.00 | dt: 83ms | tok/sec: 791,238 | mfu: 19.1% | epoch: 1 | remaining: 233s    
step 00824 (22.4%) | loss: 3.378510 | lrm: 1.00 | dt: 83ms | tok/sec: 790,419 | mfu: 19.1% | epoch: 1 | remaining: 233s    
step 00825 (22.5%) | loss: 3.380500 | lrm: 1.00 | dt: 83ms | tok/sec: 791,375 | mfu: 19.1% | epoch: 1 | remaining: 233s    
step 00826 (22.5%) | loss: 3.380853 | lrm: 1.00 | dt: 83ms | tok/sec: 791,263 | mfu: 19.1% | epoch: 1 | remaining: 232s    
step 00827 (22.5%) | loss: 3.378226 | lrm: 1.00 | dt: 83ms | tok/sec: 790,954 | mfu: 19.1% | epoch: 1 | remaining: 232s    
step 00828 (22.6%) | loss: 3.378850 | lrm: 1.00 | dt: 83ms | tok/sec: 791,395 | mfu: 19.1% | epoch: 1 | remaining: 232s    
step 00829 (22.6%) | loss: 3.381786 | lrm: 1.00 | dt: 83ms | tok/sec: 791,352 | mfu: 19.1% | epoch: 1 | remaining: 232s    
step 00830 (22.6%) | loss: 3.390411 | lrm: 1.00 | dt: 83ms | tok/sec: 791,259 | mfu: 19.1% | epoch: 1 | remaining: 232s    
step 00831 (22.6%) | loss: 3.388104 | lrm: 1.00 | dt: 83ms | tok/sec: 791,270 | mfu: 19.1% | epoch: 1 | remaining: 232s    
step 00832 (22.7%) | loss: 3.379635 | lrm: 1.00 | dt: 83ms | tok/sec: 791,293 | mfu: 19.1% | epoch: 1 | remaining: 232s    
step 00833 (22.7%) | loss: 3.376381 | lrm: 1.00 | dt: 83ms | tok/sec: 791,455 | mfu: 19.1% | epoch: 1 | remaining: 232s    
step 00834 (22.7%) | loss: 3.373879 | lrm: 1.00 | dt: 83ms | tok/sec: 790,863 | mfu: 19.1% | epoch: 1 | remaining: 232s    
step 00835 (22.7%) | loss: 3.354366 | lrm: 1.00 | dt: 83ms | tok/sec: 791,017 | mfu: 19.1% | epoch: 1 | remaining: 232s    
step 00836 (22.8%) | loss: 3.351258 | lrm: 1.00 | dt: 83ms | tok/sec: 791,063 | mfu: 19.1% | epoch: 1 | remaining: 232s    
step 00837 (22.8%) | loss: 3.345862 | lrm: 1.00 | dt: 83ms | tok/sec: 791,254 | mfu: 19.1% | epoch: 1 | remaining: 232s    
step 00838 (22.8%) | loss: 3.349430 | lrm: 1.00 | dt: 83ms | tok/sec: 791,236 | mfu: 19.1% | epoch: 1 | remaining: 231s    
step 00839 (22.9%) | loss: 3.341355 | lrm: 1.00 | dt: 83ms | tok/sec: 791,095 | mfu: 19.1% | epoch: 1 | remaining: 231s    
step 00840 (22.9%) | loss: 3.340639 | lrm: 1.00 | dt: 83ms | tok/sec: 791,357 | mfu: 19.1% | epoch: 1 | remaining: 231s    
step 00841 (22.9%) | loss: 3.344866 | lrm: 1.00 | dt: 83ms | tok/sec: 791,345 | mfu: 19.1% | epoch: 1 | remaining: 231s    
step 00842 (22.9%) | loss: 3.343841 | lrm: 1.00 | dt: 83ms | tok/sec: 791,329 | mfu: 19.1% | epoch: 1 | remaining: 231s    
step 00843 (23.0%) | loss: 3.345529 | lrm: 1.00 | dt: 83ms | tok/sec: 790,919 | mfu: 19.1% | epoch: 1 | remaining: 231s    
step 00844 (23.0%) | loss: 3.350277 | lrm: 1.00 | dt: 83ms | tok/sec: 791,026 | mfu: 19.1% | epoch: 1 | remaining: 231s    
step 00845 (23.0%) | loss: 3.344312 | lrm: 1.00 | dt: 83ms | tok/sec: 791,430 | mfu: 19.1% | epoch: 1 | remaining: 231s    
step 00846 (23.0%) | loss: 3.353218 | lrm: 1.00 | dt: 83ms | tok/sec: 791,642 | mfu: 19.1% | epoch: 1 | remaining: 231s    
step 00847 (23.1%) | loss: 3.366538 | lrm: 1.00 | dt: 83ms | tok/sec: 791,288 | mfu: 19.1% | epoch: 1 | remaining: 231s    
step 00848 (23.1%) | loss: 3.358506 | lrm: 1.00 | dt: 83ms | tok/sec: 791,288 | mfu: 19.1% | epoch: 1 | remaining: 231s    
step 00849 (23.1%) | loss: 3.359891 | lrm: 1.00 | dt: 83ms | tok/sec: 791,450 | mfu: 19.1% | epoch: 1 | remaining: 231s    
step 00850 (23.2%) | loss: 3.367430 | lrm: 1.00 | dt: 83ms | tok/sec: 791,038 | mfu: 19.1% | epoch: 1 | remaining: 230s    
step 00851 (23.2%) | loss: 3.364478 | lrm: 1.00 | dt: 83ms | tok/sec: 791,332 | mfu: 19.1% | epoch: 1 | remaining: 230s    
step 00852 (23.2%) | loss: 3.372042 | lrm: 1.00 | dt: 83ms | tok/sec: 791,571 | mfu: 19.1% | epoch: 1 | remaining: 230s    
step 00853 (23.2%) | loss: 3.372384 | lrm: 1.00 | dt: 83ms | tok/sec: 791,186 | mfu: 19.1% | epoch: 1 | remaining: 230s    
step 00854 (23.3%) | loss: 3.370861 | lrm: 1.00 | dt: 83ms | tok/sec: 791,261 | mfu: 19.1% | epoch: 1 | remaining: 230s    
step 00855 (23.3%) | loss: 3.380937 | lrm: 1.00 | dt: 83ms | tok/sec: 791,029 | mfu: 19.1% | epoch: 1 | remaining: 230s    
step 00856 (23.3%) | loss: 3.377714 | lrm: 1.00 | dt: 83ms | tok/sec: 791,357 | mfu: 19.1% | epoch: 1 | remaining: 230s    
step 00857 (23.4%) | loss: 3.383396 | lrm: 1.00 | dt: 83ms | tok/sec: 791,307 | mfu: 19.1% | epoch: 1 | remaining: 230s    
step 00858 (23.4%) | loss: 3.389240 | lrm: 1.00 | dt: 83ms | tok/sec: 791,131 | mfu: 19.1% | epoch: 1 | remaining: 230s    
step 00859 (23.4%) | loss: 3.375157 | lrm: 1.00 | dt: 83ms | tok/sec: 790,999 | mfu: 19.1% | epoch: 1 | remaining: 230s    
step 00860 (23.4%) | loss: 3.378745 | lrm: 1.00 | dt: 83ms | tok/sec: 791,188 | mfu: 19.1% | epoch: 1 | remaining: 230s    
step 00861 (23.5%) | loss: 3.371459 | lrm: 1.00 | dt: 83ms | tok/sec: 791,382 | mfu: 19.1% | epoch: 1 | remaining: 230s    
step 00862 (23.5%) | loss: 3.375043 | lrm: 1.00 | dt: 83ms | tok/sec: 791,375 | mfu: 19.1% | epoch: 1 | remaining: 229s    
step 00863 (23.5%) | loss: 3.368626 | lrm: 1.00 | dt: 83ms | tok/sec: 791,124 | mfu: 19.1% | epoch: 1 | remaining: 229s    
step 00864 (23.5%) | loss: 3.377297 | lrm: 1.00 | dt: 83ms | tok/sec: 791,400 | mfu: 19.1% | epoch: 1 | remaining: 229s    
step 00865 (23.6%) | loss: 3.380773 | lrm: 1.00 | dt: 83ms | tok/sec: 791,086 | mfu: 19.1% | epoch: 1 | remaining: 229s    
step 00866 (23.6%) | loss: 3.377926 | lrm: 1.00 | dt: 83ms | tok/sec: 790,888 | mfu: 19.1% | epoch: 1 | remaining: 229s    
step 00867 (23.6%) | loss: 3.377714 | lrm: 1.00 | dt: 83ms | tok/sec: 791,065 | mfu: 19.1% | epoch: 1 | remaining: 229s    
step 00868 (23.7%) | loss: 3.387657 | lrm: 1.00 | dt: 83ms | tok/sec: 791,206 | mfu: 19.1% | epoch: 1 | remaining: 229s    
step 00869 (23.7%) | loss: 3.390872 | lrm: 1.00 | dt: 83ms | tok/sec: 791,493 | mfu: 19.1% | epoch: 1 | remaining: 229s    
step 00870 (23.7%) | loss: 3.387627 | lrm: 1.00 | dt: 83ms | tok/sec: 791,300 | mfu: 19.1% | epoch: 1 | remaining: 229s    
step 00871 (23.7%) | loss: 3.387426 | lrm: 1.00 | dt: 83ms | tok/sec: 790,762 | mfu: 19.1% | epoch: 1 | remaining: 229s    
step 00872 (23.8%) | loss: 3.396077 | lrm: 1.00 | dt: 83ms | tok/sec: 791,218 | mfu: 19.1% | epoch: 1 | remaining: 229s    
step 00873 (23.8%) | loss: 3.396846 | lrm: 1.00 | dt: 83ms | tok/sec: 791,361 | mfu: 19.1% | epoch: 1 | remaining: 229s    
step 00874 (23.8%) | loss: 3.394482 | lrm: 1.00 | dt: 83ms | tok/sec: 791,017 | mfu: 19.1% | epoch: 1 | remaining: 228s    
step 00875 (23.8%) | loss: 3.388268 | lrm: 1.00 | dt: 83ms | tok/sec: 791,174 | mfu: 19.1% | epoch: 1 | remaining: 228s    
step 00876 (23.9%) | loss: 3.381976 | lrm: 1.00 | dt: 83ms | tok/sec: 791,382 | mfu: 19.1% | epoch: 1 | remaining: 228s    
step 00877 (23.9%) | loss: 3.378413 | lrm: 1.00 | dt: 83ms | tok/sec: 791,145 | mfu: 19.1% | epoch: 1 | remaining: 228s    
step 00878 (23.9%) | loss: 3.374201 | lrm: 1.00 | dt: 83ms | tok/sec: 791,284 | mfu: 19.1% | epoch: 1 | remaining: 228s    
step 00879 (24.0%) | loss: 3.370434 | lrm: 1.00 | dt: 83ms | tok/sec: 791,259 | mfu: 19.1% | epoch: 1 | remaining: 228s    
step 00880 (24.0%) | loss: 3.374988 | lrm: 1.00 | dt: 83ms | tok/sec: 791,206 | mfu: 19.1% | epoch: 1 | remaining: 228s    
step 00881 (24.0%) | loss: 3.378619 | lrm: 1.00 | dt: 83ms | tok/sec: 791,070 | mfu: 19.1% | epoch: 1 | remaining: 228s    
step 00882 (24.0%) | loss: 3.381455 | lrm: 1.00 | dt: 83ms | tok/sec: 791,302 | mfu: 19.1% | epoch: 1 | remaining: 228s    
step 00883 (24.1%) | loss: 3.376397 | lrm: 1.00 | dt: 83ms | tok/sec: 790,972 | mfu: 19.1% | epoch: 1 | remaining: 228s    
step 00884 (24.1%) | loss: 3.373835 | lrm: 1.00 | dt: 83ms | tok/sec: 791,252 | mfu: 19.1% | epoch: 1 | remaining: 228s    
step 00885 (24.1%) | loss: 3.379238 | lrm: 1.00 | dt: 83ms | tok/sec: 791,263 | mfu: 19.1% | epoch: 1 | remaining: 228s    
step 00886 (24.2%) | loss: 3.375587 | lrm: 1.00 | dt: 83ms | tok/sec: 791,172 | mfu: 19.1% | epoch: 1 | remaining: 227s    
step 00887 (24.2%) | loss: 3.382544 | lrm: 1.00 | dt: 83ms | tok/sec: 791,694 | mfu: 19.1% | epoch: 1 | remaining: 227s    
step 00888 (24.2%) | loss: 3.377383 | lrm: 1.00 | dt: 83ms | tok/sec: 791,436 | mfu: 19.1% | epoch: 1 | remaining: 227s    
step 00889 (24.2%) | loss: 3.378001 | lrm: 1.00 | dt: 83ms | tok/sec: 791,225 | mfu: 19.1% | epoch: 1 | remaining: 227s    
step 00890 (24.3%) | loss: 3.382151 | lrm: 1.00 | dt: 83ms | tok/sec: 791,131 | mfu: 19.1% | epoch: 1 | remaining: 227s    
step 00891 (24.3%) | loss: 3.373419 | lrm: 1.00 | dt: 83ms | tok/sec: 791,261 | mfu: 19.1% | epoch: 1 | remaining: 227s    
step 00892 (24.3%) | loss: 3.375483 | lrm: 1.00 | dt: 83ms | tok/sec: 791,083 | mfu: 19.1% | epoch: 1 | remaining: 227s    
step 00893 (24.3%) | loss: 3.380018 | lrm: 1.00 | dt: 83ms | tok/sec: 790,897 | mfu: 19.1% | epoch: 1 | remaining: 227s    
step 00894 (24.4%) | loss: 3.379609 | lrm: 1.00 | dt: 83ms | tok/sec: 791,407 | mfu: 19.1% | epoch: 1 | remaining: 227s    
step 00895 (24.4%) | loss: 3.384592 | lrm: 1.00 | dt: 83ms | tok/sec: 791,138 | mfu: 19.1% | epoch: 1 | remaining: 227s    
step 00896 (24.4%) | loss: 3.391634 | lrm: 1.00 | dt: 83ms | tok/sec: 791,152 | mfu: 19.1% | epoch: 1 | remaining: 227s    
step 00897 (24.5%) | loss: 3.394654 | lrm: 1.00 | dt: 83ms | tok/sec: 791,229 | mfu: 19.1% | epoch: 1 | remaining: 227s    
step 00898 (24.5%) | loss: 3.399528 | lrm: 1.00 | dt: 83ms | tok/sec: 790,924 | mfu: 19.1% | epoch: 1 | remaining: 226s    
step 00899 (24.5%) | loss: 3.397311 | lrm: 1.00 | dt: 83ms | tok/sec: 790,838 | mfu: 19.1% | epoch: 1 | remaining: 226s    
step 00900 (24.5%) | loss: 3.386794 | lrm: 1.00 | dt: 83ms | tok/sec: 790,917 | mfu: 19.1% | epoch: 1 | remaining: 226s    
step 00901 (24.6%) | loss: 3.393200 | lrm: 1.00 | dt: 83ms | tok/sec: 791,172 | mfu: 19.1% | epoch: 1 | remaining: 226s    
step 00902 (24.6%) | loss: 3.398986 | lrm: 1.00 | dt: 83ms | tok/sec: 791,345 | mfu: 19.1% | epoch: 1 | remaining: 226s    
step 00903 (24.6%) | loss: 3.400257 | lrm: 1.00 | dt: 83ms | tok/sec: 791,263 | mfu: 19.1% | epoch: 1 | remaining: 226s    
step 00904 (24.6%) | loss: 3.393174 | lrm: 1.00 | dt: 83ms | tok/sec: 790,797 | mfu: 19.1% | epoch: 1 | remaining: 226s    
step 00905 (24.7%) | loss: 3.388206 | lrm: 1.00 | dt: 83ms | tok/sec: 791,263 | mfu: 19.1% | epoch: 1 | remaining: 226s    
step 00906 (24.7%) | loss: 3.388803 | lrm: 1.00 | dt: 83ms | tok/sec: 791,015 | mfu: 19.1% | epoch: 1 | remaining: 226s    
step 00907 (24.7%) | loss: 3.400771 | lrm: 1.00 | dt: 83ms | tok/sec: 791,211 | mfu: 19.1% | epoch: 1 | remaining: 226s    
step 00908 (24.8%) | loss: 3.398183 | lrm: 1.00 | dt: 83ms | tok/sec: 791,195 | mfu: 19.1% | epoch: 1 | remaining: 226s    
step 00909 (24.8%) | loss: 3.383245 | lrm: 1.00 | dt: 83ms | tok/sec: 791,329 | mfu: 19.1% | epoch: 1 | remaining: 226s    
step 00910 (24.8%) | loss: 3.384690 | lrm: 1.00 | dt: 83ms | tok/sec: 791,295 | mfu: 19.1% | epoch: 1 | remaining: 225s    
step 00911 (24.8%) | loss: 3.387834 | lrm: 1.00 | dt: 83ms | tok/sec: 791,225 | mfu: 19.1% | epoch: 1 | remaining: 225s    
step 00912 (24.9%) | loss: 3.398495 | lrm: 1.00 | dt: 83ms | tok/sec: 791,118 | mfu: 19.1% | epoch: 1 | remaining: 225s    
step 00913 (24.9%) | loss: 3.401508 | lrm: 1.00 | dt: 83ms | tok/sec: 791,106 | mfu: 19.1% | epoch: 1 | remaining: 225s    
step 00914 (24.9%) | loss: 3.395924 | lrm: 1.00 | dt: 83ms | tok/sec: 791,127 | mfu: 19.1% | epoch: 1 | remaining: 225s    
step 00915 (25.0%) | loss: 3.400277 | lrm: 1.00 | dt: 83ms | tok/sec: 791,286 | mfu: 19.1% | epoch: 1 | remaining: 225s    
step 00916 (25.0%) | loss: 3.391518 | lrm: 1.00 | dt: 83ms | tok/sec: 790,485 | mfu: 19.1% | epoch: 1 | remaining: 225s    
step 00917 (25.0%) | loss: 3.388347 | lrm: 1.00 | dt: 83ms | tok/sec: 790,499 | mfu: 19.1% | epoch: 1 | remaining: 225s    
step 00918 (25.0%) | loss: 3.385101 | lrm: 1.00 | dt: 83ms | tok/sec: 790,242 | mfu: 19.1% | epoch: 1 | remaining: 225s    
step 00919 (25.1%) | loss: 3.379889 | lrm: 1.00 | dt: 83ms | tok/sec: 790,717 | mfu: 19.1% | epoch: 1 | remaining: 225s    
step 00920 (25.1%) | loss: 3.388668 | lrm: 1.00 | dt: 83ms | tok/sec: 790,724 | mfu: 19.1% | epoch: 1 | remaining: 225s    
step 00921 (25.1%) | loss: 3.392075 | lrm: 1.00 | dt: 83ms | tok/sec: 790,115 | mfu: 19.1% | epoch: 1 | remaining: 225s    
step 00922 (25.1%) | loss: 3.395569 | lrm: 1.00 | dt: 83ms | tok/sec: 791,147 | mfu: 19.1% | epoch: 1 | remaining: 224s    
step 00923 (25.2%) | loss: 3.400789 | lrm: 1.00 | dt: 83ms | tok/sec: 790,974 | mfu: 19.1% | epoch: 1 | remaining: 224s    
step 00924 (25.2%) | loss: 3.396323 | lrm: 1.00 | dt: 83ms | tok/sec: 790,596 | mfu: 19.1% | epoch: 1 | remaining: 224s    
step 00925 (25.2%) | loss: 3.399314 | lrm: 1.00 | dt: 83ms | tok/sec: 791,215 | mfu: 19.1% | epoch: 1 | remaining: 224s    
step 00926 (25.3%) | loss: 3.394323 | lrm: 1.00 | dt: 83ms | tok/sec: 791,295 | mfu: 19.1% | epoch: 1 | remaining: 224s    
step 00927 (25.3%) | loss: 3.403035 | lrm: 1.00 | dt: 83ms | tok/sec: 791,509 | mfu: 19.1% | epoch: 1 | remaining: 224s    
step 00928 (25.3%) | loss: 3.404994 | lrm: 1.00 | dt: 83ms | tok/sec: 790,633 | mfu: 19.1% | epoch: 1 | remaining: 224s    
step 00929 (25.3%) | loss: 3.407717 | lrm: 1.00 | dt: 83ms | tok/sec: 791,300 | mfu: 19.1% | epoch: 1 | remaining: 224s    
step 00930 (25.4%) | loss: 3.406975 | lrm: 1.00 | dt: 83ms | tok/sec: 790,312 | mfu: 19.1% | epoch: 1 | remaining: 224s    
step 00931 (25.4%) | loss: 3.397257 | lrm: 1.00 | dt: 83ms | tok/sec: 790,874 | mfu: 19.1% | epoch: 1 | remaining: 224s    
step 00932 (25.4%) | loss: 3.394074 | lrm: 1.00 | dt: 83ms | tok/sec: 791,281 | mfu: 19.1% | epoch: 1 | remaining: 224s    
step 00933 (25.5%) | loss: 3.403433 | lrm: 1.00 | dt: 83ms | tok/sec: 791,400 | mfu: 19.1% | epoch: 1 | remaining: 224s    
step 00934 (25.5%) | loss: 3.394023 | lrm: 1.00 | dt: 83ms | tok/sec: 791,065 | mfu: 19.1% | epoch: 1 | remaining: 223s    
step 00935 (25.5%) | loss: 3.387428 | lrm: 1.00 | dt: 83ms | tok/sec: 791,199 | mfu: 19.1% | epoch: 1 | remaining: 223s    
step 00936 (25.5%) | loss: 3.374017 | lrm: 1.00 | dt: 83ms | tok/sec: 791,184 | mfu: 19.1% | epoch: 1 | remaining: 223s    
step 00937 (25.6%) | loss: 3.376271 | lrm: 1.00 | dt: 83ms | tok/sec: 791,163 | mfu: 19.1% | epoch: 1 | remaining: 223s    
step 00938 (25.6%) | loss: 3.375296 | lrm: 1.00 | dt: 83ms | tok/sec: 791,154 | mfu: 19.1% | epoch: 1 | remaining: 223s    
step 00939 (25.6%) | loss: 3.376459 | lrm: 1.00 | dt: 83ms | tok/sec: 791,272 | mfu: 19.1% | epoch: 1 | remaining: 223s    
step 00940 (25.6%) | loss: 3.379913 | lrm: 1.00 | dt: 83ms | tok/sec: 791,127 | mfu: 19.1% | epoch: 1 | remaining: 223s    
step 00941 (25.7%) | loss: 3.379284 | lrm: 1.00 | dt: 83ms | tok/sec: 791,307 | mfu: 19.1% | epoch: 1 | remaining: 223s    
step 00942 (25.7%) | loss: 3.383799 | lrm: 1.00 | dt: 83ms | tok/sec: 791,619 | mfu: 19.1% | epoch: 1 | remaining: 223s    
step 00943 (25.7%) | loss: 3.390163 | lrm: 1.00 | dt: 83ms | tok/sec: 791,245 | mfu: 19.1% | epoch: 1 | remaining: 223s    
step 00944 (25.8%) | loss: 3.394678 | lrm: 1.00 | dt: 83ms | tok/sec: 790,808 | mfu: 19.1% | epoch: 1 | remaining: 223s    
step 00945 (25.8%) | loss: 3.404947 | lrm: 1.00 | dt: 83ms | tok/sec: 791,277 | mfu: 19.1% | epoch: 1 | remaining: 223s    
step 00946 (25.8%) | loss: 3.400789 | lrm: 1.00 | dt: 83ms | tok/sec: 791,029 | mfu: 19.1% | epoch: 1 | remaining: 222s    
step 00947 (25.8%) | loss: 3.400716 | lrm: 1.00 | dt: 83ms | tok/sec: 790,947 | mfu: 19.1% | epoch: 1 | remaining: 222s    
step 00948 (25.9%) | loss: 3.403162 | lrm: 1.00 | dt: 83ms | tok/sec: 791,013 | mfu: 19.1% | epoch: 1 | remaining: 222s    
step 00949 (25.9%) | loss: 3.403057 | lrm: 1.00 | dt: 83ms | tok/sec: 791,320 | mfu: 19.1% | epoch: 1 | remaining: 222s    
step 00950 (25.9%) | loss: 3.394487 | lrm: 1.00 | dt: 83ms | tok/sec: 791,261 | mfu: 19.1% | epoch: 1 | remaining: 222s    
step 00951 (25.9%) | loss: 3.399680 | lrm: 1.00 | dt: 83ms | tok/sec: 791,174 | mfu: 19.1% | epoch: 1 | remaining: 222s    
step 00952 (26.0%) | loss: 3.394122 | lrm: 1.00 | dt: 83ms | tok/sec: 791,158 | mfu: 19.1% | epoch: 1 | remaining: 222s    
step 00953 (26.0%) | loss: 3.386203 | lrm: 1.00 | dt: 83ms | tok/sec: 791,133 | mfu: 19.1% | epoch: 1 | remaining: 222s    
step 00954 (26.0%) | loss: 3.383620 | lrm: 1.00 | dt: 83ms | tok/sec: 790,860 | mfu: 19.1% | epoch: 1 | remaining: 222s    
step 00955 (26.1%) | loss: 3.384018 | lrm: 1.00 | dt: 83ms | tok/sec: 790,369 | mfu: 19.1% | epoch: 1 | remaining: 222s    
step 00956 (26.1%) | loss: 3.378670 | lrm: 1.00 | dt: 83ms | tok/sec: 791,143 | mfu: 19.1% | epoch: 1 | remaining: 222s    
step 00957 (26.1%) | loss: 3.374451 | lrm: 1.00 | dt: 83ms | tok/sec: 791,177 | mfu: 19.1% | epoch: 1 | remaining: 222s    
step 00958 (26.1%) | loss: 3.373880 | lrm: 1.00 | dt: 83ms | tok/sec: 790,849 | mfu: 19.1% | epoch: 1 | remaining: 221s    
step 00959 (26.2%) | loss: 3.378389 | lrm: 1.00 | dt: 83ms | tok/sec: 791,373 | mfu: 19.1% | epoch: 1 | remaining: 221s    
step 00960 (26.2%) | loss: 3.373789 | lrm: 1.00 | dt: 83ms | tok/sec: 791,170 | mfu: 19.1% | epoch: 1 | remaining: 221s    
step 00961 (26.2%) | loss: 3.376962 | lrm: 1.00 | dt: 83ms | tok/sec: 791,234 | mfu: 19.1% | epoch: 1 | remaining: 221s    
step 00962 (26.3%) | loss: 3.383290 | lrm: 1.00 | dt: 83ms | tok/sec: 790,635 | mfu: 19.1% | epoch: 1 | remaining: 221s    
step 00963 (26.3%) | loss: 3.384014 | lrm: 1.00 | dt: 83ms | tok/sec: 788,725 | mfu: 19.1% | epoch: 1 | remaining: 221s    
step 00964 (26.3%) | loss: 3.383011 | lrm: 1.00 | dt: 83ms | tok/sec: 789,851 | mfu: 19.1% | epoch: 1 | remaining: 221s    
step 00965 (26.3%) | loss: 3.383801 | lrm: 1.00 | dt: 83ms | tok/sec: 791,090 | mfu: 19.1% | epoch: 1 | remaining: 221s    
step 00966 (26.4%) | loss: 3.383429 | lrm: 1.00 | dt: 83ms | tok/sec: 790,503 | mfu: 19.1% | epoch: 1 | remaining: 221s    
step 00967 (26.4%) | loss: 3.385822 | lrm: 1.00 | dt: 83ms | tok/sec: 790,919 | mfu: 19.1% | epoch: 1 | remaining: 221s    
step 00968 (26.4%) | loss: 3.391677 | lrm: 1.00 | dt: 83ms | tok/sec: 791,040 | mfu: 19.1% | epoch: 1 | remaining: 221s    
step 00969 (26.4%) | loss: 3.388249 | lrm: 1.00 | dt: 83ms | tok/sec: 790,931 | mfu: 19.1% | epoch: 1 | remaining: 221s    
step 00970 (26.5%) | loss: 3.390821 | lrm: 1.00 | dt: 83ms | tok/sec: 791,181 | mfu: 19.1% | epoch: 1 | remaining: 221s    
step 00971 (26.5%) | loss: 3.392194 | lrm: 1.00 | dt: 83ms | tok/sec: 791,001 | mfu: 19.1% | epoch: 1 | remaining: 220s    
step 00972 (26.5%) | loss: 3.390779 | lrm: 1.00 | dt: 83ms | tok/sec: 790,942 | mfu: 19.1% | epoch: 1 | remaining: 220s    
step 00973 (26.6%) | loss: 3.382559 | lrm: 1.00 | dt: 83ms | tok/sec: 791,133 | mfu: 19.1% | epoch: 1 | remaining: 220s    
step 00974 (26.6%) | loss: 3.380976 | lrm: 1.00 | dt: 83ms | tok/sec: 791,395 | mfu: 19.1% | epoch: 1 | remaining: 220s    
step 00975 (26.6%) | loss: 3.376715 | lrm: 1.00 | dt: 83ms | tok/sec: 790,890 | mfu: 19.1% | epoch: 1 | remaining: 220s    
step 00976 (26.6%) | loss: 3.366867 | lrm: 1.00 | dt: 83ms | tok/sec: 791,498 | mfu: 19.1% | epoch: 1 | remaining: 220s    
step 00977 (26.7%) | loss: 3.369792 | lrm: 1.00 | dt: 83ms | tok/sec: 791,256 | mfu: 19.1% | epoch: 1 | remaining: 220s    
step 00978 (26.7%) | loss: 3.360612 | lrm: 1.00 | dt: 83ms | tok/sec: 791,158 | mfu: 19.1% | epoch: 1 | remaining: 220s    
step 00979 (26.7%) | loss: 3.344692 | lrm: 1.00 | dt: 83ms | tok/sec: 791,509 | mfu: 19.1% | epoch: 1 | remaining: 220s    
step 00980 (26.7%) | loss: 3.343755 | lrm: 1.00 | dt: 83ms | tok/sec: 791,434 | mfu: 19.1% | epoch: 1 | remaining: 220s    
step 00981 (26.8%) | loss: 3.331829 | lrm: 1.00 | dt: 83ms | tok/sec: 791,077 | mfu: 19.1% | epoch: 1 | remaining: 220s    
step 00982 (26.8%) | loss: 3.332543 | lrm: 1.00 | dt: 83ms | tok/sec: 790,881 | mfu: 19.1% | epoch: 1 | remaining: 220s    
step 00983 (26.8%) | loss: 3.334173 | lrm: 1.00 | dt: 83ms | tok/sec: 791,138 | mfu: 19.1% | epoch: 1 | remaining: 219s    
step 00984 (26.9%) | loss: 3.334188 | lrm: 1.00 | dt: 83ms | tok/sec: 791,118 | mfu: 19.1% | epoch: 1 | remaining: 219s    
step 00985 (26.9%) | loss: 3.334373 | lrm: 1.00 | dt: 83ms | tok/sec: 791,031 | mfu: 19.1% | epoch: 1 | remaining: 219s    
step 00986 (26.9%) | loss: 3.333536 | lrm: 1.00 | dt: 83ms | tok/sec: 791,261 | mfu: 19.1% | epoch: 1 | remaining: 219s    
step 00987 (26.9%) | loss: 3.339067 | lrm: 1.00 | dt: 83ms | tok/sec: 791,038 | mfu: 19.1% | epoch: 1 | remaining: 219s    
step 00988 (27.0%) | loss: 3.338905 | lrm: 1.00 | dt: 83ms | tok/sec: 791,300 | mfu: 19.1% | epoch: 1 | remaining: 219s    
step 00989 (27.0%) | loss: 3.337200 | lrm: 1.00 | dt: 83ms | tok/sec: 791,286 | mfu: 19.1% | epoch: 1 | remaining: 219s    
step 00990 (27.0%) | loss: 3.337341 | lrm: 1.00 | dt: 83ms | tok/sec: 791,452 | mfu: 19.1% | epoch: 1 | remaining: 219s    
step 00991 (27.1%) | loss: 3.347933 | lrm: 1.00 | dt: 83ms | tok/sec: 790,995 | mfu: 19.1% | epoch: 1 | remaining: 219s    
step 00992 (27.1%) | loss: 3.356004 | lrm: 1.00 | dt: 83ms | tok/sec: 791,163 | mfu: 19.1% | epoch: 1 | remaining: 219s    
step 00993 (27.1%) | loss: 3.346951 | lrm: 1.00 | dt: 83ms | tok/sec: 790,692 | mfu: 19.1% | epoch: 1 | remaining: 219s    
step 00994 (27.1%) | loss: 3.352692 | lrm: 1.00 | dt: 83ms | tok/sec: 790,810 | mfu: 19.1% | epoch: 1 | remaining: 219s    
step 00995 (27.2%) | loss: 3.352969 | lrm: 1.00 | dt: 83ms | tok/sec: 790,828 | mfu: 19.1% | epoch: 1 | remaining: 218s    
step 00996 (27.2%) | loss: 3.354909 | lrm: 1.00 | dt: 83ms | tok/sec: 791,129 | mfu: 19.1% | epoch: 1 | remaining: 218s    
step 00997 (27.2%) | loss: 3.363125 | lrm: 1.00 | dt: 83ms | tok/sec: 791,115 | mfu: 19.1% | epoch: 1 | remaining: 218s    
step 00998 (27.2%) | loss: 3.359518 | lrm: 1.00 | dt: 83ms | tok/sec: 791,446 | mfu: 19.1% | epoch: 1 | remaining: 218s    
step 00999 (27.3%) | loss: 3.370830 | lrm: 1.00 | dt: 83ms | tok/sec: 791,099 | mfu: 19.1% | epoch: 1 | remaining: 218s    
step 01000 (27.3%) | loss: 3.373548 | lrm: 1.00 | dt: 83ms | tok/sec: 791,352 | mfu: 19.1% | epoch: 1 | remaining: 218s    
step 01001 (27.3%) | loss: 3.373919 | lrm: 1.00 | dt: 83ms | tok/sec: 791,222 | mfu: 19.1% | epoch: 1 | remaining: 218s    
step 01002 (27.4%) | loss: 3.367528 | lrm: 1.00 | dt: 83ms | tok/sec: 791,181 | mfu: 19.1% | epoch: 1 | remaining: 218s    
step 01003 (27.4%) | loss: 3.372055 | lrm: 1.00 | dt: 83ms | tok/sec: 791,022 | mfu: 19.1% | epoch: 1 | remaining: 218s    
step 01004 (27.4%) | loss: 3.386106 | lrm: 1.00 | dt: 83ms | tok/sec: 791,336 | mfu: 19.1% | epoch: 1 | remaining: 218s    
step 01005 (27.4%) | loss: 3.371360 | lrm: 1.00 | dt: 83ms | tok/sec: 791,054 | mfu: 19.1% | epoch: 1 | remaining: 218s    
step 01006 (27.5%) | loss: 3.370764 | lrm: 1.00 | dt: 83ms | tok/sec: 791,263 | mfu: 19.1% | epoch: 1 | remaining: 218s    
step 01007 (27.5%) | loss: 3.374777 | lrm: 1.00 | dt: 83ms | tok/sec: 791,222 | mfu: 19.1% | epoch: 1 | remaining: 217s    
step 01008 (27.5%) | loss: 3.369447 | lrm: 1.00 | dt: 83ms | tok/sec: 791,464 | mfu: 19.1% | epoch: 1 | remaining: 217s    
step 01009 (27.5%) | loss: 3.362863 | lrm: 1.00 | dt: 83ms | tok/sec: 791,338 | mfu: 19.1% | epoch: 1 | remaining: 217s    
step 01010 (27.6%) | loss: 3.356866 | lrm: 1.00 | dt: 83ms | tok/sec: 791,619 | mfu: 19.1% | epoch: 1 | remaining: 217s    
step 01011 (27.6%) | loss: 3.358933 | lrm: 1.00 | dt: 83ms | tok/sec: 791,004 | mfu: 19.1% | epoch: 1 | remaining: 217s    
step 01012 (27.6%) | loss: 3.359726 | lrm: 1.00 | dt: 83ms | tok/sec: 791,088 | mfu: 19.1% | epoch: 1 | remaining: 217s    
step 01013 (27.7%) | loss: 3.355967 | lrm: 1.00 | dt: 83ms | tok/sec: 791,482 | mfu: 19.1% | epoch: 1 | remaining: 217s    
step 01014 (27.7%) | loss: 3.361253 | lrm: 1.00 | dt: 83ms | tok/sec: 791,345 | mfu: 19.1% | epoch: 1 | remaining: 217s    
step 01015 (27.7%) | loss: 3.358532 | lrm: 1.00 | dt: 83ms | tok/sec: 791,354 | mfu: 19.1% | epoch: 1 | remaining: 217s    
step 01016 (27.7%) | loss: 3.355518 | lrm: 1.00 | dt: 83ms | tok/sec: 790,876 | mfu: 19.1% | epoch: 1 | remaining: 217s    
step 01017 (27.8%) | loss: 3.354620 | lrm: 1.00 | dt: 83ms | tok/sec: 790,787 | mfu: 19.1% | epoch: 1 | remaining: 217s    
step 01018 (27.8%) | loss: 3.357089 | lrm: 1.00 | dt: 83ms | tok/sec: 791,193 | mfu: 19.1% | epoch: 1 | remaining: 217s    
step 01019 (27.8%) | loss: 3.349038 | lrm: 1.00 | dt: 83ms | tok/sec: 790,819 | mfu: 19.1% | epoch: 1 | remaining: 216s    
step 01020 (27.9%) | loss: 3.360683 | lrm: 1.00 | dt: 83ms | tok/sec: 791,152 | mfu: 19.1% | epoch: 1 | remaining: 216s    
step 01021 (27.9%) | loss: 3.360941 | lrm: 1.00 | dt: 83ms | tok/sec: 791,270 | mfu: 19.1% | epoch: 1 | remaining: 216s    
step 01022 (27.9%) | loss: 3.361256 | lrm: 1.00 | dt: 83ms | tok/sec: 791,420 | mfu: 19.1% | epoch: 1 | remaining: 216s    
step 01023 (27.9%) | loss: 3.366224 | lrm: 1.00 | dt: 83ms | tok/sec: 790,981 | mfu: 19.1% | epoch: 1 | remaining: 216s    
step 01024 (28.0%) | loss: 3.368235 | lrm: 1.00 | dt: 83ms | tok/sec: 791,628 | mfu: 19.1% | epoch: 1 | remaining: 216s    
step 01025 (28.0%) | loss: 3.358122 | lrm: 1.00 | dt: 83ms | tok/sec: 791,370 | mfu: 19.1% | epoch: 1 | remaining: 216s    
step 01026 (28.0%) | loss: 3.359232 | lrm: 1.00 | dt: 83ms | tok/sec: 790,860 | mfu: 19.1% | epoch: 1 | remaining: 216s    
step 01027 (28.0%) | loss: 3.347814 | lrm: 1.00 | dt: 83ms | tok/sec: 791,020 | mfu: 19.1% | epoch: 1 | remaining: 216s    
step 01028 (28.1%) | loss: 3.354851 | lrm: 1.00 | dt: 83ms | tok/sec: 791,393 | mfu: 19.1% | epoch: 1 | remaining: 216s    
step 01029 (28.1%) | loss: 3.349944 | lrm: 1.00 | dt: 83ms | tok/sec: 791,279 | mfu: 19.1% | epoch: 1 | remaining: 216s    
step 01030 (28.1%) | loss: 3.336853 | lrm: 1.00 | dt: 83ms | tok/sec: 790,749 | mfu: 19.1% | epoch: 1 | remaining: 216s    
step 01031 (28.2%) | loss: 3.346205 | lrm: 1.00 | dt: 83ms | tok/sec: 791,229 | mfu: 19.1% | epoch: 1 | remaining: 215s    
step 01032 (28.2%) | loss: 3.342723 | lrm: 1.00 | dt: 83ms | tok/sec: 791,270 | mfu: 19.1% | epoch: 1 | remaining: 215s    
step 01033 (28.2%) | loss: 3.352515 | lrm: 1.00 | dt: 83ms | tok/sec: 791,491 | mfu: 19.1% | epoch: 1 | remaining: 215s    
step 01034 (28.2%) | loss: 3.355854 | lrm: 1.00 | dt: 83ms | tok/sec: 791,099 | mfu: 19.1% | epoch: 1 | remaining: 215s    
step 01035 (28.3%) | loss: 3.360375 | lrm: 1.00 | dt: 83ms | tok/sec: 791,436 | mfu: 19.1% | epoch: 1 | remaining: 215s    
step 01036 (28.3%) | loss: 3.357554 | lrm: 1.00 | dt: 83ms | tok/sec: 791,493 | mfu: 19.1% | epoch: 1 | remaining: 215s    
step 01037 (28.3%) | loss: 3.351635 | lrm: 1.00 | dt: 83ms | tok/sec: 791,174 | mfu: 19.1% | epoch: 1 | remaining: 215s    
step 01038 (28.3%) | loss: 3.354958 | lrm: 1.00 | dt: 83ms | tok/sec: 791,334 | mfu: 19.1% | epoch: 1 | remaining: 215s    
step 01039 (28.4%) | loss: 3.353345 | lrm: 1.00 | dt: 83ms | tok/sec: 791,013 | mfu: 19.1% | epoch: 1 | remaining: 215s    
step 01040 (28.4%) | loss: 3.346601 | lrm: 1.00 | dt: 83ms | tok/sec: 791,389 | mfu: 19.1% | epoch: 1 | remaining: 215s    
step 01041 (28.4%) | loss: 3.344681 | lrm: 1.00 | dt: 83ms | tok/sec: 791,081 | mfu: 19.1% | epoch: 1 | remaining: 215s    
step 01042 (28.5%) | loss: 3.341554 | lrm: 1.00 | dt: 83ms | tok/sec: 791,222 | mfu: 19.1% | epoch: 1 | remaining: 215s    
step 01043 (28.5%) | loss: 3.348785 | lrm: 1.00 | dt: 83ms | tok/sec: 791,441 | mfu: 19.1% | epoch: 1 | remaining: 214s    
step 01044 (28.5%) | loss: 3.347333 | lrm: 1.00 | dt: 83ms | tok/sec: 791,332 | mfu: 19.1% | epoch: 1 | remaining: 214s    
step 01045 (28.5%) | loss: 3.352877 | lrm: 1.00 | dt: 83ms | tok/sec: 791,184 | mfu: 19.1% | epoch: 1 | remaining: 214s    
step 01046 (28.6%) | loss: 3.349940 | lrm: 1.00 | dt: 83ms | tok/sec: 791,231 | mfu: 19.1% | epoch: 1 | remaining: 214s    
step 01047 (28.6%) | loss: 3.348529 | lrm: 1.00 | dt: 83ms | tok/sec: 791,054 | mfu: 19.1% | epoch: 1 | remaining: 214s    
step 01048 (28.6%) | loss: 3.354481 | lrm: 1.00 | dt: 83ms | tok/sec: 791,006 | mfu: 19.1% | epoch: 1 | remaining: 214s    
step 01049 (28.7%) | loss: 3.356288 | lrm: 1.00 | dt: 83ms | tok/sec: 791,455 | mfu: 19.1% | epoch: 1 | remaining: 214s    
step 01050 (28.7%) | loss: 3.353334 | lrm: 1.00 | dt: 83ms | tok/sec: 791,291 | mfu: 19.1% | epoch: 1 | remaining: 214s    
step 01051 (28.7%) | loss: 3.354303 | lrm: 1.00 | dt: 83ms | tok/sec: 791,190 | mfu: 19.1% | epoch: 1 | remaining: 214s    
step 01052 (28.7%) | loss: 3.341895 | lrm: 1.00 | dt: 83ms | tok/sec: 791,651 | mfu: 19.1% | epoch: 1 | remaining: 214s    
step 01053 (28.8%) | loss: 3.352317 | lrm: 1.00 | dt: 83ms | tok/sec: 791,341 | mfu: 19.1% | epoch: 1 | remaining: 214s    
step 01054 (28.8%) | loss: 3.347553 | lrm: 1.00 | dt: 83ms | tok/sec: 791,240 | mfu: 19.1% | epoch: 1 | remaining: 214s    
step 01055 (28.8%) | loss: 3.353809 | lrm: 1.00 | dt: 83ms | tok/sec: 791,389 | mfu: 19.1% | epoch: 1 | remaining: 213s    
step 01056 (28.8%) | loss: 3.343380 | lrm: 1.00 | dt: 83ms | tok/sec: 791,375 | mfu: 19.1% | epoch: 1 | remaining: 213s    
step 01057 (28.9%) | loss: 3.346406 | lrm: 1.00 | dt: 83ms | tok/sec: 791,259 | mfu: 19.1% | epoch: 1 | remaining: 213s    
step 01058 (28.9%) | loss: 3.346363 | lrm: 1.00 | dt: 83ms | tok/sec: 790,954 | mfu: 19.1% | epoch: 1 | remaining: 213s    
step 01059 (28.9%) | loss: 3.352368 | lrm: 1.00 | dt: 83ms | tok/sec: 791,247 | mfu: 19.1% | epoch: 1 | remaining: 213s    
step 01060 (29.0%) | loss: 3.354284 | lrm: 1.00 | dt: 83ms | tok/sec: 791,361 | mfu: 19.1% | epoch: 1 | remaining: 213s    
step 01061 (29.0%) | loss: 3.352017 | lrm: 1.00 | dt: 83ms | tok/sec: 791,058 | mfu: 19.1% | epoch: 1 | remaining: 213s    
step 01062 (29.0%) | loss: 3.353183 | lrm: 1.00 | dt: 83ms | tok/sec: 791,523 | mfu: 19.1% | epoch: 1 | remaining: 213s    
step 01063 (29.0%) | loss: 3.350746 | lrm: 1.00 | dt: 83ms | tok/sec: 791,092 | mfu: 19.1% | epoch: 1 | remaining: 213s    
step 01064 (29.1%) | loss: 3.350453 | lrm: 1.00 | dt: 83ms | tok/sec: 791,272 | mfu: 19.1% | epoch: 1 | remaining: 213s    
step 01065 (29.1%) | loss: 3.353579 | lrm: 1.00 | dt: 83ms | tok/sec: 791,070 | mfu: 19.1% | epoch: 1 | remaining: 213s    
step 01066 (29.1%) | loss: 3.352395 | lrm: 1.00 | dt: 83ms | tok/sec: 791,122 | mfu: 19.1% | epoch: 1 | remaining: 213s    
step 01067 (29.2%) | loss: 3.345089 | lrm: 1.00 | dt: 83ms | tok/sec: 791,024 | mfu: 19.1% | epoch: 1 | remaining: 212s    
step 01068 (29.2%) | loss: 3.353885 | lrm: 1.00 | dt: 83ms | tok/sec: 791,006 | mfu: 19.1% | epoch: 1 | remaining: 212s    
step 01069 (29.2%) | loss: 3.357260 | lrm: 1.00 | dt: 83ms | tok/sec: 791,040 | mfu: 19.1% | epoch: 1 | remaining: 212s    
step 01070 (29.2%) | loss: 3.348453 | lrm: 1.00 | dt: 83ms | tok/sec: 791,051 | mfu: 19.1% | epoch: 1 | remaining: 212s    
step 01071 (29.3%) | loss: 3.338737 | lrm: 1.00 | dt: 83ms | tok/sec: 791,133 | mfu: 19.1% | epoch: 1 | remaining: 212s    
step 01072 (29.3%) | loss: 3.336029 | lrm: 1.00 | dt: 83ms | tok/sec: 791,051 | mfu: 19.1% | epoch: 1 | remaining: 212s    
step 01073 (29.3%) | loss: 3.344851 | lrm: 1.00 | dt: 83ms | tok/sec: 791,377 | mfu: 19.1% | epoch: 1 | remaining: 212s    
step 01074 (29.3%) | loss: 3.356801 | lrm: 1.00 | dt: 83ms | tok/sec: 791,678 | mfu: 19.1% | epoch: 1 | remaining: 212s    
step 01075 (29.4%) | loss: 3.356780 | lrm: 1.00 | dt: 83ms | tok/sec: 791,270 | mfu: 19.1% | epoch: 1 | remaining: 212s    
step 01076 (29.4%) | loss: 3.358413 | lrm: 1.00 | dt: 83ms | tok/sec: 791,293 | mfu: 19.1% | epoch: 1 | remaining: 212s    
step 01077 (29.4%) | loss: 3.357914 | lrm: 1.00 | dt: 83ms | tok/sec: 791,384 | mfu: 19.1% | epoch: 1 | remaining: 212s    
step 01078 (29.5%) | loss: 3.358452 | lrm: 1.00 | dt: 83ms | tok/sec: 790,883 | mfu: 19.1% | epoch: 1 | remaining: 212s    
step 01079 (29.5%) | loss: 3.350762 | lrm: 1.00 | dt: 83ms | tok/sec: 791,377 | mfu: 19.1% | epoch: 1 | remaining: 211s    
step 01080 (29.5%) | loss: 3.347249 | lrm: 1.00 | dt: 83ms | tok/sec: 791,113 | mfu: 19.1% | epoch: 1 | remaining: 211s    
step 01081 (29.5%) | loss: 3.336349 | lrm: 1.00 | dt: 83ms | tok/sec: 791,676 | mfu: 19.1% | epoch: 1 | remaining: 211s    
step 01082 (29.6%) | loss: 3.336331 | lrm: 1.00 | dt: 83ms | tok/sec: 791,293 | mfu: 19.1% | epoch: 1 | remaining: 211s    
step 01083 (29.6%) | loss: 3.331267 | lrm: 1.00 | dt: 83ms | tok/sec: 790,865 | mfu: 19.1% | epoch: 1 | remaining: 211s    
step 01084 (29.6%) | loss: 3.336567 | lrm: 1.00 | dt: 83ms | tok/sec: 791,097 | mfu: 19.1% | epoch: 1 | remaining: 211s    
step 01085 (29.6%) | loss: 3.340923 | lrm: 1.00 | dt: 83ms | tok/sec: 791,127 | mfu: 19.1% | epoch: 1 | remaining: 211s    
step 01086 (29.7%) | loss: 3.343974 | lrm: 1.00 | dt: 83ms | tok/sec: 791,086 | mfu: 19.1% | epoch: 1 | remaining: 211s    
step 01087 (29.7%) | loss: 3.344723 | lrm: 1.00 | dt: 83ms | tok/sec: 791,131 | mfu: 19.1% | epoch: 1 | remaining: 211s    
step 01088 (29.7%) | loss: 3.330563 | lrm: 1.00 | dt: 83ms | tok/sec: 790,974 | mfu: 19.1% | epoch: 1 | remaining: 211s    
step 01089 (29.8%) | loss: 3.328677 | lrm: 1.00 | dt: 83ms | tok/sec: 791,284 | mfu: 19.1% | epoch: 1 | remaining: 211s    
step 01090 (29.8%) | loss: 3.335839 | lrm: 1.00 | dt: 83ms | tok/sec: 791,288 | mfu: 19.1% | epoch: 1 | remaining: 211s    
step 01091 (29.8%) | loss: 3.340724 | lrm: 1.00 | dt: 83ms | tok/sec: 791,389 | mfu: 19.1% | epoch: 1 | remaining: 210s    
step 01092 (29.8%) | loss: 3.344885 | lrm: 1.00 | dt: 83ms | tok/sec: 791,227 | mfu: 19.1% | epoch: 1 | remaining: 210s    
step 01093 (29.9%) | loss: 3.345107 | lrm: 1.00 | dt: 83ms | tok/sec: 790,910 | mfu: 19.1% | epoch: 1 | remaining: 210s    
step 01094 (29.9%) | loss: 3.343676 | lrm: 1.00 | dt: 83ms | tok/sec: 790,960 | mfu: 19.1% | epoch: 1 | remaining: 210s    
step 01095 (29.9%) | loss: 3.331502 | lrm: 1.00 | dt: 83ms | tok/sec: 791,211 | mfu: 19.1% | epoch: 1 | remaining: 210s    
step 01096 (30.0%) | loss: 3.334008 | lrm: 1.00 | dt: 83ms | tok/sec: 791,382 | mfu: 19.1% | epoch: 1 | remaining: 210s    
step 01097 (30.0%) | loss: 3.334655 | lrm: 1.00 | dt: 83ms | tok/sec: 791,106 | mfu: 19.1% | epoch: 1 | remaining: 210s    
step 01098 (30.0%) | loss: 3.323833 | lrm: 1.00 | dt: 83ms | tok/sec: 791,263 | mfu: 19.1% | epoch: 1 | remaining: 210s    
step 01099 (30.0%) | loss: 3.317457 | lrm: 1.00 | dt: 83ms | tok/sec: 791,247 | mfu: 19.1% | epoch: 1 | remaining: 210s    
step 01100 (30.1%) | loss: 3.309792 | lrm: 1.00 | dt: 83ms | tok/sec: 791,352 | mfu: 19.1% | epoch: 1 | remaining: 210s    
step 01101 (30.1%) | loss: 3.316410 | lrm: 1.00 | dt: 83ms | tok/sec: 791,279 | mfu: 19.1% | epoch: 1 | remaining: 210s    
step 01102 (30.1%) | loss: 3.322379 | lrm: 1.00 | dt: 83ms | tok/sec: 791,553 | mfu: 19.1% | epoch: 1 | remaining: 210s    
step 01103 (30.1%) | loss: 3.331592 | lrm: 1.00 | dt: 83ms | tok/sec: 791,268 | mfu: 19.1% | epoch: 1 | remaining: 209s    
step 01104 (30.2%) | loss: 3.327009 | lrm: 1.00 | dt: 83ms | tok/sec: 791,079 | mfu: 19.1% | epoch: 1 | remaining: 209s    
step 01105 (30.2%) | loss: 3.325015 | lrm: 1.00 | dt: 83ms | tok/sec: 790,785 | mfu: 19.1% | epoch: 1 | remaining: 209s    
step 01106 (30.2%) | loss: 3.329794 | lrm: 1.00 | dt: 83ms | tok/sec: 791,231 | mfu: 19.1% | epoch: 1 | remaining: 209s    
step 01107 (30.3%) | loss: 3.331425 | lrm: 1.00 | dt: 83ms | tok/sec: 791,072 | mfu: 19.1% | epoch: 1 | remaining: 209s    
step 01108 (30.3%) | loss: 3.324993 | lrm: 1.00 | dt: 83ms | tok/sec: 790,617 | mfu: 19.1% | epoch: 1 | remaining: 209s    
step 01109 (30.3%) | loss: 3.317410 | lrm: 1.00 | dt: 83ms | tok/sec: 791,320 | mfu: 19.1% | epoch: 1 | remaining: 209s    
step 01110 (30.3%) | loss: 3.320661 | lrm: 1.00 | dt: 83ms | tok/sec: 791,202 | mfu: 19.1% | epoch: 1 | remaining: 209s    
step 01111 (30.4%) | loss: 3.318997 | lrm: 1.00 | dt: 83ms | tok/sec: 790,965 | mfu: 19.1% | epoch: 1 | remaining: 209s    
step 01112 (30.4%) | loss: 3.326029 | lrm: 1.00 | dt: 83ms | tok/sec: 791,209 | mfu: 19.1% | epoch: 1 | remaining: 209s    
step 01113 (30.4%) | loss: 3.329967 | lrm: 1.00 | dt: 83ms | tok/sec: 791,195 | mfu: 19.1% | epoch: 1 | remaining: 209s    
step 01114 (30.4%) | loss: 3.336447 | lrm: 1.00 | dt: 83ms | tok/sec: 791,411 | mfu: 19.1% | epoch: 1 | remaining: 209s    
step 01115 (30.5%) | loss: 3.341543 | lrm: 1.00 | dt: 83ms | tok/sec: 791,343 | mfu: 19.1% | epoch: 1 | remaining: 208s    
step 01116 (30.5%) | loss: 3.337669 | lrm: 1.00 | dt: 83ms | tok/sec: 791,156 | mfu: 19.1% | epoch: 1 | remaining: 208s    
step 01117 (30.5%) | loss: 3.325410 | lrm: 1.00 | dt: 83ms | tok/sec: 791,284 | mfu: 19.1% | epoch: 1 | remaining: 208s    
step 01118 (30.6%) | loss: 3.331683 | lrm: 1.00 | dt: 83ms | tok/sec: 791,402 | mfu: 19.1% | epoch: 1 | remaining: 208s    
step 01119 (30.6%) | loss: 3.324679 | lrm: 1.00 | dt: 83ms | tok/sec: 790,933 | mfu: 19.1% | epoch: 1 | remaining: 208s    
step 01120 (30.6%) | loss: 3.318526 | lrm: 1.00 | dt: 83ms | tok/sec: 791,644 | mfu: 19.1% | epoch: 1 | remaining: 208s    
step 01121 (30.6%) | loss: 3.312334 | lrm: 1.00 | dt: 83ms | tok/sec: 791,316 | mfu: 19.1% | epoch: 1 | remaining: 208s    
step 01122 (30.7%) | loss: 3.307439 | lrm: 1.00 | dt: 83ms | tok/sec: 791,145 | mfu: 19.1% | epoch: 1 | remaining: 208s    
step 01123 (30.7%) | loss: 3.309899 | lrm: 1.00 | dt: 83ms | tok/sec: 791,409 | mfu: 19.1% | epoch: 1 | remaining: 208s    
step 01124 (30.7%) | loss: 3.310253 | lrm: 1.00 | dt: 83ms | tok/sec: 791,047 | mfu: 19.1% | epoch: 1 | remaining: 208s    
step 01125 (30.8%) | loss: 3.308720 | lrm: 1.00 | dt: 83ms | tok/sec: 791,240 | mfu: 19.1% | epoch: 1 | remaining: 208s    
step 01126 (30.8%) | loss: 3.312449 | lrm: 1.00 | dt: 83ms | tok/sec: 791,190 | mfu: 19.1% | epoch: 1 | remaining: 208s    
step 01127 (30.8%) | loss: 3.314645 | lrm: 1.00 | dt: 83ms | tok/sec: 791,411 | mfu: 19.1% | epoch: 1 | remaining: 207s    
step 01128 (30.8%) | loss: 3.312311 | lrm: 1.00 | dt: 83ms | tok/sec: 791,398 | mfu: 19.1% | epoch: 1 | remaining: 207s    
step 01129 (30.9%) | loss: 3.311140 | lrm: 1.00 | dt: 83ms | tok/sec: 791,391 | mfu: 19.1% | epoch: 1 | remaining: 207s    
step 01130 (30.9%) | loss: 3.318709 | lrm: 1.00 | dt: 83ms | tok/sec: 791,302 | mfu: 19.1% | epoch: 1 | remaining: 207s    
step 01131 (30.9%) | loss: 3.306891 | lrm: 1.00 | dt: 83ms | tok/sec: 791,334 | mfu: 19.1% | epoch: 1 | remaining: 207s    
step 01132 (30.9%) | loss: 3.310832 | lrm: 1.00 | dt: 83ms | tok/sec: 790,608 | mfu: 19.1% | epoch: 1 | remaining: 207s    
step 01133 (31.0%) | loss: 3.315113 | lrm: 1.00 | dt: 83ms | tok/sec: 791,086 | mfu: 19.1% | epoch: 1 | remaining: 207s    
step 01134 (31.0%) | loss: 3.319705 | lrm: 1.00 | dt: 83ms | tok/sec: 791,261 | mfu: 19.1% | epoch: 1 | remaining: 207s    
step 01135 (31.0%) | loss: 3.310551 | lrm: 1.00 | dt: 83ms | tok/sec: 791,377 | mfu: 19.1% | epoch: 1 | remaining: 207s    
step 01136 (31.1%) | loss: 3.310794 | lrm: 1.00 | dt: 83ms | tok/sec: 791,471 | mfu: 19.1% | epoch: 1 | remaining: 207s    
step 01137 (31.1%) | loss: 3.316707 | lrm: 1.00 | dt: 83ms | tok/sec: 791,368 | mfu: 19.1% | epoch: 1 | remaining: 207s    
step 01138 (31.1%) | loss: 3.312940 | lrm: 1.00 | dt: 83ms | tok/sec: 791,607 | mfu: 19.1% | epoch: 1 | remaining: 207s    
step 01139 (31.1%) | loss: 3.317891 | lrm: 1.00 | dt: 83ms | tok/sec: 790,853 | mfu: 19.1% | epoch: 1 | remaining: 207s    
step 01140 (31.2%) | loss: 3.326877 | lrm: 1.00 | dt: 83ms | tok/sec: 791,266 | mfu: 19.1% | epoch: 1 | remaining: 206s    
step 01141 (31.2%) | loss: 3.318118 | lrm: 1.00 | dt: 83ms | tok/sec: 791,138 | mfu: 19.1% | epoch: 1 | remaining: 206s    
step 01142 (31.2%) | loss: 3.324087 | lrm: 1.00 | dt: 83ms | tok/sec: 791,051 | mfu: 19.1% | epoch: 1 | remaining: 206s    
step 01143 (31.2%) | loss: 3.327512 | lrm: 1.00 | dt: 83ms | tok/sec: 790,490 | mfu: 19.1% | epoch: 1 | remaining: 206s    
step 01144 (31.3%) | loss: 3.332155 | lrm: 1.00 | dt: 83ms | tok/sec: 791,129 | mfu: 19.1% | epoch: 1 | remaining: 206s    
step 01145 (31.3%) | loss: 3.328836 | lrm: 1.00 | dt: 83ms | tok/sec: 791,348 | mfu: 19.1% | epoch: 1 | remaining: 206s    
step 01146 (31.3%) | loss: 3.333172 | lrm: 1.00 | dt: 83ms | tok/sec: 790,951 | mfu: 19.1% | epoch: 1 | remaining: 206s    
step 01147 (31.4%) | loss: 3.329114 | lrm: 1.00 | dt: 83ms | tok/sec: 791,325 | mfu: 19.1% | epoch: 1 | remaining: 206s    
step 01148 (31.4%) | loss: 3.334475 | lrm: 1.00 | dt: 83ms | tok/sec: 791,229 | mfu: 19.1% | epoch: 1 | remaining: 206s    
step 01149 (31.4%) | loss: 3.332516 | lrm: 1.00 | dt: 83ms | tok/sec: 791,441 | mfu: 19.1% | epoch: 1 | remaining: 206s    
step 01150 (31.4%) | loss: 3.341477 | lrm: 1.00 | dt: 83ms | tok/sec: 790,924 | mfu: 19.1% | epoch: 1 | remaining: 206s    
step 01151 (31.5%) | loss: 3.333833 | lrm: 1.00 | dt: 83ms | tok/sec: 791,322 | mfu: 19.1% | epoch: 1 | remaining: 206s    
step 01152 (31.5%) | loss: 3.332442 | lrm: 1.00 | dt: 83ms | tok/sec: 791,222 | mfu: 19.1% | epoch: 1 | remaining: 205s    
step 01153 (31.5%) | loss: 3.336765 | lrm: 1.00 | dt: 83ms | tok/sec: 791,165 | mfu: 19.1% | epoch: 1 | remaining: 205s    
step 01154 (31.6%) | loss: 3.330732 | lrm: 1.00 | dt: 83ms | tok/sec: 791,099 | mfu: 19.1% | epoch: 1 | remaining: 205s    
step 01155 (31.6%) | loss: 3.321274 | lrm: 1.00 | dt: 83ms | tok/sec: 791,222 | mfu: 19.1% | epoch: 1 | remaining: 205s    
step 01156 (31.6%) | loss: 3.325259 | lrm: 1.00 | dt: 83ms | tok/sec: 791,163 | mfu: 19.1% | epoch: 1 | remaining: 205s    
step 01157 (31.6%) | loss: 3.324743 | lrm: 1.00 | dt: 83ms | tok/sec: 790,956 | mfu: 19.1% | epoch: 1 | remaining: 205s    
step 01158 (31.7%) | loss: 3.322298 | lrm: 1.00 | dt: 83ms | tok/sec: 791,225 | mfu: 19.1% | epoch: 1 | remaining: 205s    
step 01159 (31.7%) | loss: 3.316998 | lrm: 1.00 | dt: 83ms | tok/sec: 791,156 | mfu: 19.1% | epoch: 1 | remaining: 205s    
step 01160 (31.7%) | loss: 3.331755 | lrm: 1.00 | dt: 83ms | tok/sec: 790,931 | mfu: 19.1% | epoch: 1 | remaining: 205s    
step 01161 (31.7%) | loss: 3.342462 | lrm: 1.00 | dt: 83ms | tok/sec: 791,168 | mfu: 19.1% | epoch: 1 | remaining: 205s    
step 01162 (31.8%) | loss: 3.339992 | lrm: 1.00 | dt: 83ms | tok/sec: 791,199 | mfu: 19.1% | epoch: 1 | remaining: 205s    
step 01163 (31.8%) | loss: 3.343944 | lrm: 1.00 | dt: 83ms | tok/sec: 791,275 | mfu: 19.1% | epoch: 1 | remaining: 205s    
step 01164 (31.8%) | loss: 3.337048 | lrm: 1.00 | dt: 83ms | tok/sec: 791,275 | mfu: 19.1% | epoch: 1 | remaining: 204s    
step 01165 (31.9%) | loss: 3.339398 | lrm: 1.00 | dt: 83ms | tok/sec: 791,320 | mfu: 19.1% | epoch: 1 | remaining: 204s    
step 01166 (31.9%) | loss: 3.340352 | lrm: 1.00 | dt: 83ms | tok/sec: 791,143 | mfu: 19.1% | epoch: 1 | remaining: 204s    
step 01167 (31.9%) | loss: 3.342476 | lrm: 1.00 | dt: 83ms | tok/sec: 791,327 | mfu: 19.1% | epoch: 1 | remaining: 204s    
step 01168 (31.9%) | loss: 3.337990 | lrm: 1.00 | dt: 83ms | tok/sec: 791,104 | mfu: 19.1% | epoch: 1 | remaining: 204s    
step 01169 (32.0%) | loss: 3.338901 | lrm: 1.00 | dt: 83ms | tok/sec: 791,259 | mfu: 19.1% | epoch: 1 | remaining: 204s    
step 01170 (32.0%) | loss: 3.332933 | lrm: 1.00 | dt: 83ms | tok/sec: 791,113 | mfu: 19.1% | epoch: 1 | remaining: 204s    
step 01171 (32.0%) | loss: 3.334492 | lrm: 1.00 | dt: 83ms | tok/sec: 791,042 | mfu: 19.1% | epoch: 1 | remaining: 204s    
step 01172 (32.0%) | loss: 3.339368 | lrm: 1.00 | dt: 83ms | tok/sec: 791,559 | mfu: 19.1% | epoch: 1 | remaining: 204s    
step 01173 (32.1%) | loss: 3.338810 | lrm: 1.00 | dt: 83ms | tok/sec: 791,245 | mfu: 19.1% | epoch: 1 | remaining: 204s    
step 01174 (32.1%) | loss: 3.337624 | lrm: 1.00 | dt: 83ms | tok/sec: 791,190 | mfu: 19.1% | epoch: 1 | remaining: 204s    
step 01175 (32.1%) | loss: 3.338579 | lrm: 1.00 | dt: 83ms | tok/sec: 791,202 | mfu: 19.1% | epoch: 1 | remaining: 204s    
step 01176 (32.2%) | loss: 3.343508 | lrm: 1.00 | dt: 83ms | tok/sec: 791,384 | mfu: 19.1% | epoch: 1 | remaining: 203s    
step 01177 (32.2%) | loss: 3.339618 | lrm: 1.00 | dt: 83ms | tok/sec: 791,338 | mfu: 19.1% | epoch: 1 | remaining: 203s    
step 01178 (32.2%) | loss: 3.327309 | lrm: 1.00 | dt: 83ms | tok/sec: 791,270 | mfu: 19.1% | epoch: 1 | remaining: 203s    
step 01179 (32.2%) | loss: 3.331168 | lrm: 1.00 | dt: 83ms | tok/sec: 791,302 | mfu: 19.1% | epoch: 1 | remaining: 203s    
step 01180 (32.3%) | loss: 3.329390 | lrm: 1.00 | dt: 83ms | tok/sec: 791,338 | mfu: 19.1% | epoch: 1 | remaining: 203s    
step 01181 (32.3%) | loss: 3.333498 | lrm: 1.00 | dt: 83ms | tok/sec: 791,375 | mfu: 19.1% | epoch: 1 | remaining: 203s    
step 01182 (32.3%) | loss: 3.337842 | lrm: 1.00 | dt: 83ms | tok/sec: 791,045 | mfu: 19.1% | epoch: 1 | remaining: 203s    
step 01183 (32.4%) | loss: 3.344026 | lrm: 1.00 | dt: 83ms | tok/sec: 790,874 | mfu: 19.1% | epoch: 1 | remaining: 203s    
step 01184 (32.4%) | loss: 3.345704 | lrm: 1.00 | dt: 83ms | tok/sec: 791,243 | mfu: 19.1% | epoch: 1 | remaining: 203s    
step 01185 (32.4%) | loss: 3.341949 | lrm: 1.00 | dt: 83ms | tok/sec: 790,949 | mfu: 19.1% | epoch: 1 | remaining: 203s    
step 01186 (32.4%) | loss: 3.349009 | lrm: 1.00 | dt: 83ms | tok/sec: 790,972 | mfu: 19.1% | epoch: 1 | remaining: 203s    
step 01187 (32.5%) | loss: 3.349069 | lrm: 1.00 | dt: 83ms | tok/sec: 790,890 | mfu: 19.1% | epoch: 1 | remaining: 203s    
step 01188 (32.5%) | loss: 3.346127 | lrm: 1.00 | dt: 83ms | tok/sec: 790,933 | mfu: 19.1% | epoch: 1 | remaining: 202s    
step 01189 (32.5%) | loss: 3.349618 | lrm: 1.00 | dt: 83ms | tok/sec: 791,496 | mfu: 19.1% | epoch: 1 | remaining: 202s    
step 01190 (32.5%) | loss: 3.358706 | lrm: 1.00 | dt: 83ms | tok/sec: 791,104 | mfu: 19.1% | epoch: 1 | remaining: 202s    
step 01191 (32.6%) | loss: 3.358612 | lrm: 1.00 | dt: 83ms | tok/sec: 791,218 | mfu: 19.1% | epoch: 1 | remaining: 202s    
step 01192 (32.6%) | loss: 3.351240 | lrm: 1.00 | dt: 83ms | tok/sec: 791,637 | mfu: 19.1% | epoch: 1 | remaining: 202s    
step 01193 (32.6%) | loss: 3.346440 | lrm: 1.00 | dt: 83ms | tok/sec: 791,190 | mfu: 19.1% | epoch: 1 | remaining: 202s    
step 01194 (32.7%) | loss: 3.340213 | lrm: 1.00 | dt: 83ms | tok/sec: 790,917 | mfu: 19.1% | epoch: 1 | remaining: 202s    
step 01195 (32.7%) | loss: 3.337072 | lrm: 1.00 | dt: 83ms | tok/sec: 791,550 | mfu: 19.1% | epoch: 1 | remaining: 202s    
step 01196 (32.7%) | loss: 3.340346 | lrm: 1.00 | dt: 83ms | tok/sec: 791,464 | mfu: 19.1% | epoch: 1 | remaining: 202s    
step 01197 (32.7%) | loss: 3.337547 | lrm: 1.00 | dt: 83ms | tok/sec: 790,774 | mfu: 19.1% | epoch: 1 | remaining: 202s    
step 01198 (32.8%) | loss: 3.333295 | lrm: 1.00 | dt: 83ms | tok/sec: 791,461 | mfu: 19.1% | epoch: 1 | remaining: 202s    
step 01199 (32.8%) | loss: 3.339126 | lrm: 1.00 | dt: 83ms | tok/sec: 791,236 | mfu: 19.1% | epoch: 1 | remaining: 202s    
step 01200 (32.8%) | loss: 3.325011 | lrm: 1.00 | dt: 83ms | tok/sec: 791,304 | mfu: 19.1% | epoch: 1 | remaining: 201s    
step 01201 (32.9%) | loss: 3.320171 | lrm: 1.00 | dt: 83ms | tok/sec: 791,188 | mfu: 19.1% | epoch: 1 | remaining: 201s    
step 01202 (32.9%) | loss: 3.315249 | lrm: 1.00 | dt: 83ms | tok/sec: 791,149 | mfu: 19.1% | epoch: 1 | remaining: 201s    
step 01203 (32.9%) | loss: 3.313450 | lrm: 1.00 | dt: 83ms | tok/sec: 790,863 | mfu: 19.1% | epoch: 1 | remaining: 201s    
step 01204 (32.9%) | loss: 3.315377 | lrm: 1.00 | dt: 83ms | tok/sec: 791,008 | mfu: 19.1% | epoch: 1 | remaining: 201s    
step 01205 (33.0%) | loss: 3.310618 | lrm: 1.00 | dt: 83ms | tok/sec: 791,341 | mfu: 19.1% | epoch: 1 | remaining: 201s    
step 01206 (33.0%) | loss: 3.309556 | lrm: 1.00 | dt: 83ms | tok/sec: 791,541 | mfu: 19.1% | epoch: 1 | remaining: 201s    
step 01207 (33.0%) | loss: 3.303187 | lrm: 1.00 | dt: 83ms | tok/sec: 791,079 | mfu: 19.1% | epoch: 1 | remaining: 201s    
step 01208 (33.0%) | loss: 3.293638 | lrm: 1.00 | dt: 83ms | tok/sec: 790,956 | mfu: 19.1% | epoch: 1 | remaining: 201s    
step 01209 (33.1%) | loss: 3.301516 | lrm: 1.00 | dt: 83ms | tok/sec: 791,263 | mfu: 19.1% | epoch: 1 | remaining: 201s    
step 01210 (33.1%) | loss: 3.312320 | lrm: 1.00 | dt: 83ms | tok/sec: 791,423 | mfu: 19.1% | epoch: 1 | remaining: 201s    
step 01211 (33.1%) | loss: 3.312829 | lrm: 1.00 | dt: 83ms | tok/sec: 791,095 | mfu: 19.1% | epoch: 1 | remaining: 201s    
step 01212 (33.2%) | loss: 3.313699 | lrm: 1.00 | dt: 83ms | tok/sec: 791,379 | mfu: 19.1% | epoch: 1 | remaining: 200s    
step 01213 (33.2%) | loss: 3.322171 | lrm: 1.00 | dt: 83ms | tok/sec: 791,072 | mfu: 19.1% | epoch: 1 | remaining: 200s    
step 01214 (33.2%) | loss: 3.320370 | lrm: 1.00 | dt: 83ms | tok/sec: 791,124 | mfu: 19.1% | epoch: 1 | remaining: 200s    
step 01215 (33.2%) | loss: 3.320546 | lrm: 1.00 | dt: 83ms | tok/sec: 791,307 | mfu: 19.1% | epoch: 1 | remaining: 200s    
step 01216 (33.3%) | loss: 3.315011 | lrm: 1.00 | dt: 83ms | tok/sec: 791,017 | mfu: 19.1% | epoch: 1 | remaining: 200s    
step 01217 (33.3%) | loss: 3.320205 | lrm: 1.00 | dt: 83ms | tok/sec: 791,042 | mfu: 19.1% | epoch: 1 | remaining: 200s    
step 01218 (33.3%) | loss: 3.323826 | lrm: 1.00 | dt: 83ms | tok/sec: 790,894 | mfu: 19.1% | epoch: 1 | remaining: 200s    
step 01219 (33.3%) | loss: 3.329429 | lrm: 1.00 | dt: 83ms | tok/sec: 791,156 | mfu: 19.1% | epoch: 1 | remaining: 200s    
step 01220 (33.4%) | loss: 3.322989 | lrm: 1.00 | dt: 83ms | tok/sec: 790,524 | mfu: 19.1% | epoch: 1 | remaining: 200s    
step 01221 (33.4%) | loss: 3.320263 | lrm: 1.00 | dt: 83ms | tok/sec: 790,697 | mfu: 19.1% | epoch: 1 | remaining: 200s    
step 01222 (33.4%) | loss: 3.324524 | lrm: 1.00 | dt: 83ms | tok/sec: 790,610 | mfu: 19.1% | epoch: 1 | remaining: 200s    
step 01223 (33.5%) | loss: 3.328171 | lrm: 1.00 | dt: 83ms | tok/sec: 790,981 | mfu: 19.1% | epoch: 1 | remaining: 200s    
step 01224 (33.5%) | loss: 3.316576 | lrm: 1.00 | dt: 83ms | tok/sec: 791,011 | mfu: 19.1% | epoch: 1 | remaining: 199s    
step 01225 (33.5%) | loss: 3.319119 | lrm: 1.00 | dt: 83ms | tok/sec: 791,206 | mfu: 19.1% | epoch: 1 | remaining: 199s    
step 01226 (33.5%) | loss: 3.323228 | lrm: 1.00 | dt: 83ms | tok/sec: 791,377 | mfu: 19.1% | epoch: 1 | remaining: 199s    
step 01227 (33.6%) | loss: 3.319849 | lrm: 1.00 | dt: 83ms | tok/sec: 791,120 | mfu: 19.1% | epoch: 1 | remaining: 199s    
step 01228 (33.6%) | loss: 3.317575 | lrm: 1.00 | dt: 83ms | tok/sec: 791,131 | mfu: 19.1% | epoch: 1 | remaining: 199s    
step 01229 (33.6%) | loss: 3.321828 | lrm: 1.00 | dt: 83ms | tok/sec: 791,190 | mfu: 19.1% | epoch: 1 | remaining: 199s    
step 01230 (33.7%) | loss: 3.330270 | lrm: 1.00 | dt: 83ms | tok/sec: 790,935 | mfu: 19.1% | epoch: 1 | remaining: 199s    
step 01231 (33.7%) | loss: 3.323726 | lrm: 1.00 | dt: 83ms | tok/sec: 791,721 | mfu: 19.1% | epoch: 1 | remaining: 199s    
step 01232 (33.7%) | loss: 3.338399 | lrm: 1.00 | dt: 83ms | tok/sec: 791,140 | mfu: 19.1% | epoch: 1 | remaining: 199s    
step 01233 (33.7%) | loss: 3.340094 | lrm: 1.00 | dt: 83ms | tok/sec: 790,963 | mfu: 19.1% | epoch: 1 | remaining: 199s    
step 01234 (33.8%) | loss: 3.340408 | lrm: 1.00 | dt: 83ms | tok/sec: 791,281 | mfu: 19.1% | epoch: 1 | remaining: 199s    
step 01235 (33.8%) | loss: 3.340224 | lrm: 1.00 | dt: 83ms | tok/sec: 791,300 | mfu: 19.1% | epoch: 1 | remaining: 199s    
step 01236 (33.8%) | loss: 3.341085 | lrm: 1.00 | dt: 83ms | tok/sec: 791,227 | mfu: 19.1% | epoch: 1 | remaining: 198s    
step 01237 (33.8%) | loss: 3.344085 | lrm: 1.00 | dt: 83ms | tok/sec: 791,202 | mfu: 19.1% | epoch: 1 | remaining: 198s    
step 01238 (33.9%) | loss: 3.343255 | lrm: 1.00 | dt: 83ms | tok/sec: 790,974 | mfu: 19.1% | epoch: 1 | remaining: 198s    
step 01239 (33.9%) | loss: 3.338949 | lrm: 1.00 | dt: 83ms | tok/sec: 791,174 | mfu: 19.1% | epoch: 1 | remaining: 198s    
step 01240 (33.9%) | loss: 3.340878 | lrm: 1.00 | dt: 83ms | tok/sec: 791,505 | mfu: 19.1% | epoch: 1 | remaining: 198s    
step 01241 (34.0%) | loss: 3.334557 | lrm: 1.00 | dt: 83ms | tok/sec: 791,047 | mfu: 19.1% | epoch: 1 | remaining: 198s    
step 01242 (34.0%) | loss: 3.343330 | lrm: 1.00 | dt: 83ms | tok/sec: 791,156 | mfu: 19.1% | epoch: 1 | remaining: 198s    
step 01243 (34.0%) | loss: 3.339945 | lrm: 1.00 | dt: 83ms | tok/sec: 791,270 | mfu: 19.1% | epoch: 1 | remaining: 198s    
step 01244 (34.0%) | loss: 3.338784 | lrm: 1.00 | dt: 83ms | tok/sec: 790,881 | mfu: 19.1% | epoch: 1 | remaining: 198s    
step 01245 (34.1%) | loss: 3.330127 | lrm: 1.00 | dt: 83ms | tok/sec: 791,061 | mfu: 19.1% | epoch: 1 | remaining: 198s    
step 01246 (34.1%) | loss: 3.343502 | lrm: 1.00 | dt: 83ms | tok/sec: 791,042 | mfu: 19.1% | epoch: 1 | remaining: 198s    
step 01247 (34.1%) | loss: 3.326418 | lrm: 1.00 | dt: 83ms | tok/sec: 791,375 | mfu: 19.1% | epoch: 1 | remaining: 198s    
step 01248 (34.1%) | loss: 3.323327 | lrm: 1.00 | dt: 83ms | tok/sec: 791,234 | mfu: 19.1% | epoch: 1 | remaining: 197s    
step 01249 (34.2%) | loss: 3.316933 | lrm: 1.00 | dt: 83ms | tok/sec: 791,436 | mfu: 19.1% | epoch: 1 | remaining: 197s    
step 01250 (34.2%) | loss: 3.319761 | lrm: 1.00 | dt: 83ms | tok/sec: 791,045 | mfu: 19.1% | epoch: 1 | remaining: 197s    
step 01251 (34.2%) | loss: 3.318809 | lrm: 1.00 | dt: 83ms | tok/sec: 790,951 | mfu: 19.1% | epoch: 1 | remaining: 197s    
step 01252 (34.3%) | loss: 3.317017 | lrm: 1.00 | dt: 83ms | tok/sec: 791,379 | mfu: 19.1% | epoch: 1 | remaining: 197s    
step 01253 (34.3%) | loss: 3.317368 | lrm: 1.00 | dt: 83ms | tok/sec: 791,525 | mfu: 19.1% | epoch: 1 | remaining: 197s    
step 01254 (34.3%) | loss: 3.317240 | lrm: 1.00 | dt: 83ms | tok/sec: 791,630 | mfu: 19.1% | epoch: 1 | remaining: 197s    
step 01255 (34.3%) | loss: 3.314544 | lrm: 1.00 | dt: 83ms | tok/sec: 791,234 | mfu: 19.1% | epoch: 1 | remaining: 197s    
step 01256 (34.4%) | loss: 3.302155 | lrm: 1.00 | dt: 83ms | tok/sec: 788,119 | mfu: 19.0% | epoch: 1 | remaining: 197s    
step 01257 (34.4%) | loss: 3.309365 | lrm: 1.00 | dt: 83ms | tok/sec: 791,111 | mfu: 19.1% | epoch: 1 | remaining: 197s    
step 01258 (34.4%) | loss: 3.310126 | lrm: 1.00 | dt: 83ms | tok/sec: 791,045 | mfu: 19.1% | epoch: 1 | remaining: 197s    
step 01259 (34.5%) | loss: 3.307250 | lrm: 1.00 | dt: 83ms | tok/sec: 791,131 | mfu: 19.1% | epoch: 1 | remaining: 197s    
step 01260 (34.5%) | loss: 3.309870 | lrm: 1.00 | dt: 83ms | tok/sec: 791,318 | mfu: 19.1% | epoch: 1 | remaining: 196s    
step 01261 (34.5%) | loss: 3.314668 | lrm: 1.00 | dt: 83ms | tok/sec: 791,311 | mfu: 19.1% | epoch: 1 | remaining: 196s    
step 01262 (34.5%) | loss: 3.314167 | lrm: 1.00 | dt: 83ms | tok/sec: 791,047 | mfu: 19.1% | epoch: 1 | remaining: 196s    
step 01263 (34.6%) | loss: 3.311955 | lrm: 1.00 | dt: 83ms | tok/sec: 790,901 | mfu: 19.1% | epoch: 1 | remaining: 196s    
step 01264 (34.6%) | loss: 3.308122 | lrm: 1.00 | dt: 83ms | tok/sec: 791,655 | mfu: 19.1% | epoch: 1 | remaining: 196s    
step 01265 (34.6%) | loss: 3.307876 | lrm: 1.00 | dt: 83ms | tok/sec: 791,350 | mfu: 19.1% | epoch: 1 | remaining: 196s    
step 01266 (34.6%) | loss: 3.306564 | lrm: 1.00 | dt: 83ms | tok/sec: 791,070 | mfu: 19.1% | epoch: 1 | remaining: 196s    
step 01267 (34.7%) | loss: 3.305564 | lrm: 1.00 | dt: 83ms | tok/sec: 791,015 | mfu: 19.1% | epoch: 1 | remaining: 196s    
step 01268 (34.7%) | loss: 3.308261 | lrm: 1.00 | dt: 83ms | tok/sec: 791,498 | mfu: 19.1% | epoch: 1 | remaining: 196s    
step 01269 (34.7%) | loss: 3.303182 | lrm: 1.00 | dt: 83ms | tok/sec: 791,174 | mfu: 19.1% | epoch: 1 | remaining: 196s    
step 01270 (34.8%) | loss: 3.301349 | lrm: 1.00 | dt: 83ms | tok/sec: 791,272 | mfu: 19.1% | epoch: 1 | remaining: 196s    
step 01271 (34.8%) | loss: 3.308650 | lrm: 1.00 | dt: 83ms | tok/sec: 790,942 | mfu: 19.1% | epoch: 1 | remaining: 196s    
step 01272 (34.8%) | loss: 3.307019 | lrm: 1.00 | dt: 83ms | tok/sec: 791,177 | mfu: 19.1% | epoch: 1 | remaining: 195s    
step 01273 (34.8%) | loss: 3.310583 | lrm: 1.00 | dt: 83ms | tok/sec: 791,227 | mfu: 19.1% | epoch: 1 | remaining: 195s    
step 01274 (34.9%) | loss: 3.309107 | lrm: 1.00 | dt: 83ms | tok/sec: 791,158 | mfu: 19.1% | epoch: 1 | remaining: 195s    
step 01275 (34.9%) | loss: 3.317178 | lrm: 1.00 | dt: 83ms | tok/sec: 791,102 | mfu: 19.1% | epoch: 1 | remaining: 195s    
step 01276 (34.9%) | loss: 3.313416 | lrm: 1.00 | dt: 83ms | tok/sec: 790,824 | mfu: 19.1% | epoch: 1 | remaining: 195s    
step 01277 (34.9%) | loss: 3.313833 | lrm: 1.00 | dt: 83ms | tok/sec: 791,181 | mfu: 19.1% | epoch: 1 | remaining: 195s    
step 01278 (35.0%) | loss: 3.311911 | lrm: 1.00 | dt: 83ms | tok/sec: 791,329 | mfu: 19.1% | epoch: 1 | remaining: 195s    
step 01279 (35.0%) | loss: 3.312561 | lrm: 1.00 | dt: 83ms | tok/sec: 791,211 | mfu: 19.1% | epoch: 1 | remaining: 195s    
step 01280 (35.0%) | loss: 3.315884 | lrm: 1.00 | dt: 83ms | tok/sec: 791,357 | mfu: 19.1% | epoch: 1 | remaining: 195s    
step 01281 (35.1%) | loss: 3.306154 | lrm: 1.00 | dt: 83ms | tok/sec: 790,926 | mfu: 19.1% | epoch: 1 | remaining: 195s    
step 01282 (35.1%) | loss: 3.301718 | lrm: 1.00 | dt: 83ms | tok/sec: 790,885 | mfu: 19.1% | epoch: 1 | remaining: 195s    
step 01283 (35.1%) | loss: 3.300116 | lrm: 1.00 | dt: 83ms | tok/sec: 791,158 | mfu: 19.1% | epoch: 1 | remaining: 195s    
step 01284 (35.1%) | loss: 3.299073 | lrm: 1.00 | dt: 83ms | tok/sec: 790,881 | mfu: 19.1% | epoch: 1 | remaining: 194s    
step 01285 (35.2%) | loss: 3.293056 | lrm: 1.00 | dt: 83ms | tok/sec: 791,156 | mfu: 19.1% | epoch: 1 | remaining: 194s    
step 01286 (35.2%) | loss: 3.296230 | lrm: 1.00 | dt: 83ms | tok/sec: 791,332 | mfu: 19.1% | epoch: 1 | remaining: 194s    
step 01287 (35.2%) | loss: 3.293396 | lrm: 1.00 | dt: 83ms | tok/sec: 791,154 | mfu: 19.1% | epoch: 1 | remaining: 194s    
step 01288 (35.3%) | loss: 3.296791 | lrm: 1.00 | dt: 83ms | tok/sec: 791,464 | mfu: 19.1% | epoch: 1 | remaining: 194s    
step 01289 (35.3%) | loss: 3.297178 | lrm: 1.00 | dt: 83ms | tok/sec: 790,901 | mfu: 19.1% | epoch: 1 | remaining: 194s    
step 01290 (35.3%) | loss: 3.298660 | lrm: 1.00 | dt: 83ms | tok/sec: 791,195 | mfu: 19.1% | epoch: 1 | remaining: 194s    
step 01291 (35.3%) | loss: 3.305909 | lrm: 1.00 | dt: 83ms | tok/sec: 791,480 | mfu: 19.1% | epoch: 1 | remaining: 194s    
step 01292 (35.4%) | loss: 3.307429 | lrm: 1.00 | dt: 83ms | tok/sec: 790,869 | mfu: 19.1% | epoch: 1 | remaining: 194s    
step 01293 (35.4%) | loss: 3.299054 | lrm: 1.00 | dt: 83ms | tok/sec: 791,295 | mfu: 19.1% | epoch: 1 | remaining: 194s    
step 01294 (35.4%) | loss: 3.293716 | lrm: 1.00 | dt: 83ms | tok/sec: 791,184 | mfu: 19.1% | epoch: 1 | remaining: 194s    
step 01295 (35.4%) | loss: 3.302551 | lrm: 1.00 | dt: 83ms | tok/sec: 791,222 | mfu: 19.1% | epoch: 1 | remaining: 194s    
step 01296 (35.5%) | loss: 3.297850 | lrm: 1.00 | dt: 83ms | tok/sec: 791,029 | mfu: 19.1% | epoch: 1 | remaining: 193s    
step 01297 (35.5%) | loss: 3.302320 | lrm: 1.00 | dt: 83ms | tok/sec: 790,995 | mfu: 19.1% | epoch: 1 | remaining: 193s    
step 01298 (35.5%) | loss: 3.305475 | lrm: 1.00 | dt: 83ms | tok/sec: 790,876 | mfu: 19.1% | epoch: 1 | remaining: 193s    
step 01299 (35.6%) | loss: 3.307987 | lrm: 1.00 | dt: 83ms | tok/sec: 791,384 | mfu: 19.1% | epoch: 1 | remaining: 193s    
step 01300 (35.6%) | loss: 3.301210 | lrm: 1.00 | dt: 83ms | tok/sec: 791,534 | mfu: 19.1% | epoch: 1 | remaining: 193s    
step 01301 (35.6%) | loss: 3.301685 | lrm: 1.00 | dt: 83ms | tok/sec: 791,211 | mfu: 19.1% | epoch: 1 | remaining: 193s    
step 01302 (35.6%) | loss: 3.304255 | lrm: 1.00 | dt: 83ms | tok/sec: 791,143 | mfu: 19.1% | epoch: 1 | remaining: 193s    
step 01303 (35.7%) | loss: 3.306105 | lrm: 1.00 | dt: 83ms | tok/sec: 791,250 | mfu: 19.1% | epoch: 1 | remaining: 193s    
step 01304 (35.7%) | loss: 3.309263 | lrm: 1.00 | dt: 83ms | tok/sec: 791,345 | mfu: 19.1% | epoch: 1 | remaining: 193s    
step 01305 (35.7%) | loss: 3.316185 | lrm: 1.00 | dt: 83ms | tok/sec: 790,979 | mfu: 19.1% | epoch: 1 | remaining: 193s    
step 01306 (35.7%) | loss: 3.319876 | lrm: 1.00 | dt: 83ms | tok/sec: 791,161 | mfu: 19.1% | epoch: 1 | remaining: 193s    
step 01307 (35.8%) | loss: 3.319644 | lrm: 1.00 | dt: 83ms | tok/sec: 790,951 | mfu: 19.1% | epoch: 1 | remaining: 193s    
step 01308 (35.8%) | loss: 3.323953 | lrm: 1.00 | dt: 83ms | tok/sec: 791,384 | mfu: 19.1% | epoch: 1 | remaining: 193s    
step 01309 (35.8%) | loss: 3.320453 | lrm: 1.00 | dt: 83ms | tok/sec: 791,008 | mfu: 19.1% | epoch: 1 | remaining: 192s    
step 01310 (35.9%) | loss: 3.319876 | lrm: 1.00 | dt: 83ms | tok/sec: 791,635 | mfu: 19.1% | epoch: 1 | remaining: 192s    
step 01311 (35.9%) | loss: 3.306552 | lrm: 1.00 | dt: 83ms | tok/sec: 791,179 | mfu: 19.1% | epoch: 1 | remaining: 192s    
step 01312 (35.9%) | loss: 3.299454 | lrm: 1.00 | dt: 83ms | tok/sec: 791,225 | mfu: 19.1% | epoch: 1 | remaining: 192s    
step 01313 (35.9%) | loss: 3.294661 | lrm: 1.00 | dt: 83ms | tok/sec: 791,266 | mfu: 19.1% | epoch: 1 | remaining: 192s    
step 01314 (36.0%) | loss: 3.289754 | lrm: 1.00 | dt: 83ms | tok/sec: 791,056 | mfu: 19.1% | epoch: 1 | remaining: 192s    
step 01315 (36.0%) | loss: 3.300306 | lrm: 1.00 | dt: 83ms | tok/sec: 791,268 | mfu: 19.1% | epoch: 1 | remaining: 192s    
step 01316 (36.0%) | loss: 3.289192 | lrm: 1.00 | dt: 83ms | tok/sec: 791,174 | mfu: 19.1% | epoch: 1 | remaining: 192s    
step 01317 (36.1%) | loss: 3.304487 | lrm: 1.00 | dt: 83ms | tok/sec: 791,238 | mfu: 19.1% | epoch: 1 | remaining: 192s    
step 01318 (36.1%) | loss: 3.300649 | lrm: 1.00 | dt: 83ms | tok/sec: 791,138 | mfu: 19.1% | epoch: 1 | remaining: 192s    
step 01319 (36.1%) | loss: 3.306205 | lrm: 1.00 | dt: 83ms | tok/sec: 791,042 | mfu: 19.1% | epoch: 1 | remaining: 192s    
step 01320 (36.1%) | loss: 3.308755 | lrm: 1.00 | dt: 83ms | tok/sec: 790,958 | mfu: 19.1% | epoch: 1 | remaining: 192s    
step 01321 (36.2%) | loss: 3.313155 | lrm: 1.00 | dt: 83ms | tok/sec: 791,158 | mfu: 19.1% | epoch: 1 | remaining: 191s    
step 01322 (36.2%) | loss: 3.314040 | lrm: 1.00 | dt: 83ms | tok/sec: 791,227 | mfu: 19.1% | epoch: 1 | remaining: 191s    
step 01323 (36.2%) | loss: 3.313628 | lrm: 1.00 | dt: 83ms | tok/sec: 791,067 | mfu: 19.1% | epoch: 1 | remaining: 191s    
step 01324 (36.2%) | loss: 3.312122 | lrm: 1.00 | dt: 83ms | tok/sec: 790,938 | mfu: 19.1% | epoch: 1 | remaining: 191s    
step 01325 (36.3%) | loss: 3.310961 | lrm: 1.00 | dt: 83ms | tok/sec: 790,722 | mfu: 19.1% | epoch: 1 | remaining: 191s    
step 01326 (36.3%) | loss: 3.297890 | lrm: 1.00 | dt: 83ms | tok/sec: 789,922 | mfu: 19.1% | epoch: 1 | remaining: 191s    
step 01327 (36.3%) | loss: 3.303106 | lrm: 1.00 | dt: 83ms | tok/sec: 790,808 | mfu: 19.1% | epoch: 1 | remaining: 191s    
step 01328 (36.4%) | loss: 3.316650 | lrm: 1.00 | dt: 83ms | tok/sec: 790,471 | mfu: 19.1% | epoch: 1 | remaining: 191s    
step 01329 (36.4%) | loss: 3.315841 | lrm: 1.00 | dt: 83ms | tok/sec: 790,505 | mfu: 19.1% | epoch: 1 | remaining: 191s    
step 01330 (36.4%) | loss: 3.309395 | lrm: 1.00 | dt: 83ms | tok/sec: 790,933 | mfu: 19.1% | epoch: 1 | remaining: 191s    
step 01331 (36.4%) | loss: 3.304535 | lrm: 1.00 | dt: 83ms | tok/sec: 791,001 | mfu: 19.1% | epoch: 1 | remaining: 191s    
step 01332 (36.5%) | loss: 3.308958 | lrm: 1.00 | dt: 83ms | tok/sec: 790,819 | mfu: 19.1% | epoch: 1 | remaining: 191s    
step 01333 (36.5%) | loss: 3.301782 | lrm: 1.00 | dt: 83ms | tok/sec: 790,899 | mfu: 19.1% | epoch: 1 | remaining: 190s    
step 01334 (36.5%) | loss: 3.293192 | lrm: 1.00 | dt: 83ms | tok/sec: 790,544 | mfu: 19.1% | epoch: 1 | remaining: 190s    
step 01335 (36.6%) | loss: 3.301896 | lrm: 1.00 | dt: 83ms | tok/sec: 790,715 | mfu: 19.1% | epoch: 1 | remaining: 190s    
step 01336 (36.6%) | loss: 3.305528 | lrm: 1.00 | dt: 83ms | tok/sec: 790,872 | mfu: 19.1% | epoch: 1 | remaining: 190s    
step 01337 (36.6%) | loss: 3.300272 | lrm: 1.00 | dt: 83ms | tok/sec: 791,325 | mfu: 19.1% | epoch: 1 | remaining: 190s    
step 01338 (36.6%) | loss: 3.298223 | lrm: 1.00 | dt: 83ms | tok/sec: 791,363 | mfu: 19.1% | epoch: 1 | remaining: 190s    
step 01339 (36.7%) | loss: 3.299440 | lrm: 1.00 | dt: 83ms | tok/sec: 791,051 | mfu: 19.1% | epoch: 1 | remaining: 190s    
step 01340 (36.7%) | loss: 3.302513 | lrm: 1.00 | dt: 83ms | tok/sec: 791,111 | mfu: 19.1% | epoch: 1 | remaining: 190s    
step 01341 (36.7%) | loss: 3.300953 | lrm: 1.00 | dt: 83ms | tok/sec: 791,516 | mfu: 19.1% | epoch: 1 | remaining: 190s    
step 01342 (36.7%) | loss: 3.301781 | lrm: 1.00 | dt: 83ms | tok/sec: 790,929 | mfu: 19.1% | epoch: 1 | remaining: 190s    
step 01343 (36.8%) | loss: 3.302810 | lrm: 1.00 | dt: 83ms | tok/sec: 791,108 | mfu: 19.1% | epoch: 1 | remaining: 190s    
step 01344 (36.8%) | loss: 3.299069 | lrm: 1.00 | dt: 83ms | tok/sec: 791,122 | mfu: 19.1% | epoch: 1 | remaining: 190s    
step 01345 (36.8%) | loss: 3.305844 | lrm: 1.00 | dt: 83ms | tok/sec: 791,234 | mfu: 19.1% | epoch: 1 | remaining: 189s    
step 01346 (36.9%) | loss: 3.303045 | lrm: 1.00 | dt: 83ms | tok/sec: 791,432 | mfu: 19.1% | epoch: 1 | remaining: 189s    
step 01347 (36.9%) | loss: 3.300285 | lrm: 1.00 | dt: 83ms | tok/sec: 791,174 | mfu: 19.1% | epoch: 1 | remaining: 189s    
step 01348 (36.9%) | loss: 3.306635 | lrm: 1.00 | dt: 83ms | tok/sec: 790,901 | mfu: 19.1% | epoch: 1 | remaining: 189s    
step 01349 (36.9%) | loss: 3.309453 | lrm: 1.00 | dt: 83ms | tok/sec: 791,430 | mfu: 19.1% | epoch: 1 | remaining: 189s    
step 01350 (37.0%) | loss: 3.317665 | lrm: 1.00 | dt: 83ms | tok/sec: 791,113 | mfu: 19.1% | epoch: 1 | remaining: 189s    
step 01351 (37.0%) | loss: 3.307358 | lrm: 1.00 | dt: 83ms | tok/sec: 790,999 | mfu: 19.1% | epoch: 1 | remaining: 189s    
step 01352 (37.0%) | loss: 3.302618 | lrm: 1.00 | dt: 83ms | tok/sec: 790,901 | mfu: 19.1% | epoch: 1 | remaining: 189s    
step 01353 (37.0%) | loss: 3.304662 | lrm: 1.00 | dt: 83ms | tok/sec: 791,295 | mfu: 19.1% | epoch: 1 | remaining: 189s    
step 01354 (37.1%) | loss: 3.304337 | lrm: 1.00 | dt: 83ms | tok/sec: 790,899 | mfu: 19.1% | epoch: 1 | remaining: 189s    
step 01355 (37.1%) | loss: 3.308731 | lrm: 1.00 | dt: 83ms | tok/sec: 790,995 | mfu: 19.1% | epoch: 1 | remaining: 189s    
step 01356 (37.1%) | loss: 3.315711 | lrm: 1.00 | dt: 83ms | tok/sec: 790,792 | mfu: 19.1% | epoch: 1 | remaining: 189s    
step 01357 (37.2%) | loss: 3.324985 | lrm: 1.00 | dt: 83ms | tok/sec: 791,521 | mfu: 19.1% | epoch: 1 | remaining: 188s    
step 01358 (37.2%) | loss: 3.330802 | lrm: 1.00 | dt: 83ms | tok/sec: 791,407 | mfu: 19.1% | epoch: 1 | remaining: 188s    
step 01359 (37.2%) | loss: 3.327732 | lrm: 1.00 | dt: 83ms | tok/sec: 790,931 | mfu: 19.1% | epoch: 1 | remaining: 188s    
step 01360 (37.2%) | loss: 3.324063 | lrm: 1.00 | dt: 83ms | tok/sec: 791,297 | mfu: 19.1% | epoch: 1 | remaining: 188s    
step 01361 (37.3%) | loss: 3.321937 | lrm: 1.00 | dt: 83ms | tok/sec: 791,541 | mfu: 19.1% | epoch: 1 | remaining: 188s    
step 01362 (37.3%) | loss: 3.319618 | lrm: 1.00 | dt: 83ms | tok/sec: 790,874 | mfu: 19.1% | epoch: 1 | remaining: 188s    
step 01363 (37.3%) | loss: 3.311230 | lrm: 1.00 | dt: 83ms | tok/sec: 790,819 | mfu: 19.1% | epoch: 1 | remaining: 188s    
step 01364 (37.4%) | loss: 3.317804 | lrm: 1.00 | dt: 83ms | tok/sec: 790,931 | mfu: 19.1% | epoch: 1 | remaining: 188s    
step 01365 (37.4%) | loss: 3.320134 | lrm: 1.00 | dt: 83ms | tok/sec: 790,979 | mfu: 19.1% | epoch: 1 | remaining: 188s    
step 01366 (37.4%) | loss: 3.326078 | lrm: 1.00 | dt: 83ms | tok/sec: 791,199 | mfu: 19.1% | epoch: 1 | remaining: 188s    
step 01367 (37.4%) | loss: 3.322771 | lrm: 1.00 | dt: 83ms | tok/sec: 791,441 | mfu: 19.1% | epoch: 1 | remaining: 188s    
step 01368 (37.5%) | loss: 3.314574 | lrm: 1.00 | dt: 83ms | tok/sec: 790,976 | mfu: 19.1% | epoch: 1 | remaining: 188s    
step 01369 (37.5%) | loss: 3.309908 | lrm: 1.00 | dt: 83ms | tok/sec: 791,099 | mfu: 19.1% | epoch: 1 | remaining: 187s    
step 01370 (37.5%) | loss: 3.313471 | lrm: 1.00 | dt: 83ms | tok/sec: 791,350 | mfu: 19.1% | epoch: 1 | remaining: 187s    
step 01371 (37.5%) | loss: 3.301240 | lrm: 1.00 | dt: 83ms | tok/sec: 790,901 | mfu: 19.1% | epoch: 1 | remaining: 187s    
step 01372 (37.6%) | loss: 3.308627 | lrm: 1.00 | dt: 83ms | tok/sec: 789,826 | mfu: 19.1% | epoch: 1 | remaining: 187s    
step 01373 (37.6%) | loss: 3.302218 | lrm: 1.00 | dt: 83ms | tok/sec: 790,383 | mfu: 19.1% | epoch: 1 | remaining: 187s    
step 01374 (37.6%) | loss: 3.299712 | lrm: 1.00 | dt: 83ms | tok/sec: 791,063 | mfu: 19.1% | epoch: 1 | remaining: 187s    
step 01375 (37.7%) | loss: 3.290453 | lrm: 1.00 | dt: 83ms | tok/sec: 791,220 | mfu: 19.1% | epoch: 1 | remaining: 187s    
step 01376 (37.7%) | loss: 3.298218 | lrm: 1.00 | dt: 83ms | tok/sec: 790,824 | mfu: 19.1% | epoch: 1 | remaining: 187s    
step 01377 (37.7%) | loss: 3.302495 | lrm: 1.00 | dt: 83ms | tok/sec: 790,808 | mfu: 19.1% | epoch: 1 | remaining: 187s    
step 01378 (37.7%) | loss: 3.297548 | lrm: 1.00 | dt: 83ms | tok/sec: 791,092 | mfu: 19.1% | epoch: 1 | remaining: 187s    
step 01379 (37.8%) | loss: 3.296984 | lrm: 1.00 | dt: 83ms | tok/sec: 791,079 | mfu: 19.1% | epoch: 1 | remaining: 187s    
step 01380 (37.8%) | loss: 3.309947 | lrm: 1.00 | dt: 83ms | tok/sec: 791,206 | mfu: 19.1% | epoch: 1 | remaining: 187s    
step 01381 (37.8%) | loss: 3.305119 | lrm: 1.00 | dt: 83ms | tok/sec: 791,275 | mfu: 19.1% | epoch: 1 | remaining: 186s    
step 01382 (37.8%) | loss: 3.306430 | lrm: 1.00 | dt: 83ms | tok/sec: 790,951 | mfu: 19.1% | epoch: 1 | remaining: 186s    
step 01383 (37.9%) | loss: 3.311350 | lrm: 1.00 | dt: 83ms | tok/sec: 791,011 | mfu: 19.1% | epoch: 1 | remaining: 186s    
step 01384 (37.9%) | loss: 3.312053 | lrm: 1.00 | dt: 83ms | tok/sec: 791,218 | mfu: 19.1% | epoch: 1 | remaining: 186s    
step 01385 (37.9%) | loss: 3.312323 | lrm: 1.00 | dt: 83ms | tok/sec: 791,261 | mfu: 19.1% | epoch: 1 | remaining: 186s    
step 01386 (38.0%) | loss: 3.309741 | lrm: 1.00 | dt: 83ms | tok/sec: 791,190 | mfu: 19.1% | epoch: 1 | remaining: 186s    
step 01387 (38.0%) | loss: 3.310734 | lrm: 1.00 | dt: 83ms | tok/sec: 791,077 | mfu: 19.1% | epoch: 1 | remaining: 186s    
step 01388 (38.0%) | loss: 3.309542 | lrm: 1.00 | dt: 83ms | tok/sec: 791,411 | mfu: 19.1% | epoch: 1 | remaining: 186s    
step 01389 (38.0%) | loss: 3.312539 | lrm: 1.00 | dt: 83ms | tok/sec: 791,165 | mfu: 19.1% | epoch: 1 | remaining: 186s    
step 01390 (38.1%) | loss: 3.313496 | lrm: 1.00 | dt: 83ms | tok/sec: 791,209 | mfu: 19.1% | epoch: 1 | remaining: 186s    
step 01391 (38.1%) | loss: 3.309467 | lrm: 1.00 | dt: 83ms | tok/sec: 791,313 | mfu: 19.1% | epoch: 1 | remaining: 186s    
step 01392 (38.1%) | loss: 3.300431 | lrm: 1.00 | dt: 83ms | tok/sec: 791,111 | mfu: 19.1% | epoch: 1 | remaining: 186s    
step 01393 (38.2%) | loss: 3.299630 | lrm: 1.00 | dt: 83ms | tok/sec: 790,985 | mfu: 19.1% | epoch: 1 | remaining: 185s    
step 01394 (38.2%) | loss: 3.301253 | lrm: 1.00 | dt: 83ms | tok/sec: 791,263 | mfu: 19.1% | epoch: 1 | remaining: 185s    
step 01395 (38.2%) | loss: 3.304553 | lrm: 1.00 | dt: 83ms | tok/sec: 790,956 | mfu: 19.1% | epoch: 1 | remaining: 185s    
step 01396 (38.2%) | loss: 3.295810 | lrm: 1.00 | dt: 83ms | tok/sec: 791,029 | mfu: 19.1% | epoch: 1 | remaining: 185s    
step 01397 (38.3%) | loss: 3.298240 | lrm: 1.00 | dt: 83ms | tok/sec: 791,320 | mfu: 19.1% | epoch: 1 | remaining: 185s    
step 01398 (38.3%) | loss: 3.305638 | lrm: 1.00 | dt: 83ms | tok/sec: 791,375 | mfu: 19.1% | epoch: 1 | remaining: 185s    
step 01399 (38.3%) | loss: 3.299713 | lrm: 1.00 | dt: 83ms | tok/sec: 791,067 | mfu: 19.1% | epoch: 1 | remaining: 185s    
step 01400 (38.3%) | loss: 3.307439 | lrm: 1.00 | dt: 83ms | tok/sec: 791,436 | mfu: 19.1% | epoch: 1 | remaining: 185s    
step 01401 (38.4%) | loss: 3.302452 | lrm: 1.00 | dt: 83ms | tok/sec: 791,170 | mfu: 19.1% | epoch: 1 | remaining: 185s    
step 01402 (38.4%) | loss: 3.314314 | lrm: 1.00 | dt: 83ms | tok/sec: 791,591 | mfu: 19.1% | epoch: 1 | remaining: 185s    
step 01403 (38.4%) | loss: 3.302030 | lrm: 1.00 | dt: 83ms | tok/sec: 791,261 | mfu: 19.1% | epoch: 1 | remaining: 185s    
step 01404 (38.5%) | loss: 3.299844 | lrm: 1.00 | dt: 83ms | tok/sec: 791,081 | mfu: 19.1% | epoch: 1 | remaining: 185s    
step 01405 (38.5%) | loss: 3.301428 | lrm: 1.00 | dt: 83ms | tok/sec: 791,115 | mfu: 19.1% | epoch: 1 | remaining: 184s    
step 01406 (38.5%) | loss: 3.293422 | lrm: 1.00 | dt: 83ms | tok/sec: 790,762 | mfu: 19.1% | epoch: 1 | remaining: 184s    
step 01407 (38.5%) | loss: 3.282798 | lrm: 1.00 | dt: 83ms | tok/sec: 791,122 | mfu: 19.1% | epoch: 1 | remaining: 184s    
step 01408 (38.6%) | loss: 3.278167 | lrm: 1.00 | dt: 83ms | tok/sec: 791,227 | mfu: 19.1% | epoch: 1 | remaining: 184s    
step 01409 (38.6%) | loss: 3.284572 | lrm: 1.00 | dt: 83ms | tok/sec: 790,983 | mfu: 19.1% | epoch: 1 | remaining: 184s    
step 01410 (38.6%) | loss: 3.288475 | lrm: 1.00 | dt: 83ms | tok/sec: 791,266 | mfu: 19.1% | epoch: 1 | remaining: 184s    
step 01411 (38.6%) | loss: 3.283063 | lrm: 1.00 | dt: 83ms | tok/sec: 791,181 | mfu: 19.1% | epoch: 1 | remaining: 184s    
step 01412 (38.7%) | loss: 3.288690 | lrm: 1.00 | dt: 83ms | tok/sec: 791,448 | mfu: 19.1% | epoch: 1 | remaining: 184s    
step 01413 (38.7%) | loss: 3.306855 | lrm: 1.00 | dt: 83ms | tok/sec: 790,981 | mfu: 19.1% | epoch: 1 | remaining: 184s    
step 01414 (38.7%) | loss: 3.307951 | lrm: 1.00 | dt: 83ms | tok/sec: 791,120 | mfu: 19.1% | epoch: 1 | remaining: 184s    
step 01415 (38.8%) | loss: 3.306279 | lrm: 1.00 | dt: 83ms | tok/sec: 791,024 | mfu: 19.1% | epoch: 1 | remaining: 184s    
step 01416 (38.8%) | loss: 3.304001 | lrm: 1.00 | dt: 83ms | tok/sec: 790,174 | mfu: 19.1% | epoch: 1 | remaining: 184s    
step 01417 (38.8%) | loss: 3.310029 | lrm: 1.00 | dt: 83ms | tok/sec: 790,992 | mfu: 19.1% | epoch: 1 | remaining: 183s    
step 01418 (38.8%) | loss: 3.307663 | lrm: 1.00 | dt: 83ms | tok/sec: 791,293 | mfu: 19.1% | epoch: 1 | remaining: 183s    
step 01419 (38.9%) | loss: 3.304993 | lrm: 1.00 | dt: 83ms | tok/sec: 791,350 | mfu: 19.1% | epoch: 1 | remaining: 183s    
step 01420 (38.9%) | loss: 3.302538 | lrm: 1.00 | dt: 83ms | tok/sec: 791,521 | mfu: 19.1% | epoch: 1 | remaining: 183s    
step 01421 (38.9%) | loss: 3.293929 | lrm: 1.00 | dt: 83ms | tok/sec: 790,778 | mfu: 19.1% | epoch: 1 | remaining: 183s    
step 01422 (39.0%) | loss: 3.283136 | lrm: 1.00 | dt: 83ms | tok/sec: 790,285 | mfu: 19.1% | epoch: 1 | remaining: 183s    
step 01423 (39.0%) | loss: 3.276142 | lrm: 1.00 | dt: 83ms | tok/sec: 791,188 | mfu: 19.1% | epoch: 1 | remaining: 183s    
step 01424 (39.0%) | loss: 3.288265 | lrm: 1.00 | dt: 83ms | tok/sec: 791,181 | mfu: 19.1% | epoch: 1 | remaining: 183s    
step 01425 (39.0%) | loss: 3.281398 | lrm: 1.00 | dt: 83ms | tok/sec: 791,120 | mfu: 19.1% | epoch: 1 | remaining: 183s    
step 01426 (39.1%) | loss: 3.276686 | lrm: 1.00 | dt: 83ms | tok/sec: 791,067 | mfu: 19.1% | epoch: 1 | remaining: 183s    
step 01427 (39.1%) | loss: 3.283122 | lrm: 1.00 | dt: 83ms | tok/sec: 791,065 | mfu: 19.1% | epoch: 1 | remaining: 183s    
step 01428 (39.1%) | loss: 3.280080 | lrm: 1.00 | dt: 83ms | tok/sec: 791,352 | mfu: 19.1% | epoch: 1 | remaining: 183s    
step 01429 (39.1%) | loss: 3.275659 | lrm: 1.00 | dt: 83ms | tok/sec: 791,229 | mfu: 19.1% | epoch: 1 | remaining: 182s    
step 01430 (39.2%) | loss: 3.281699 | lrm: 1.00 | dt: 83ms | tok/sec: 791,307 | mfu: 19.1% | epoch: 1 | remaining: 182s    
step 01431 (39.2%) | loss: 3.285796 | lrm: 1.00 | dt: 83ms | tok/sec: 790,919 | mfu: 19.1% | epoch: 1 | remaining: 182s    
step 01432 (39.2%) | loss: 3.291673 | lrm: 1.00 | dt: 83ms | tok/sec: 791,115 | mfu: 19.1% | epoch: 1 | remaining: 182s    
step 01433 (39.3%) | loss: 3.298035 | lrm: 1.00 | dt: 83ms | tok/sec: 791,234 | mfu: 19.1% | epoch: 1 | remaining: 182s    
step 01434 (39.3%) | loss: 3.308555 | lrm: 1.00 | dt: 83ms | tok/sec: 791,031 | mfu: 19.1% | epoch: 1 | remaining: 182s    
step 01435 (39.3%) | loss: 3.295883 | lrm: 1.00 | dt: 83ms | tok/sec: 791,038 | mfu: 19.1% | epoch: 1 | remaining: 182s    
step 01436 (39.3%) | loss: 3.297202 | lrm: 1.00 | dt: 83ms | tok/sec: 791,250 | mfu: 19.1% | epoch: 1 | remaining: 182s    
step 01437 (39.4%) | loss: 3.301184 | lrm: 1.00 | dt: 83ms | tok/sec: 791,158 | mfu: 19.1% | epoch: 1 | remaining: 182s    
step 01438 (39.4%) | loss: 3.301515 | lrm: 1.00 | dt: 83ms | tok/sec: 790,822 | mfu: 19.1% | epoch: 1 | remaining: 182s    
step 01439 (39.4%) | loss: 3.292235 | lrm: 1.00 | dt: 83ms | tok/sec: 791,097 | mfu: 19.1% | epoch: 1 | remaining: 182s    
step 01440 (39.5%) | loss: 3.289242 | lrm: 1.00 | dt: 83ms | tok/sec: 790,940 | mfu: 19.1% | epoch: 1 | remaining: 182s    
step 01441 (39.5%) | loss: 3.293428 | lrm: 1.00 | dt: 83ms | tok/sec: 790,753 | mfu: 19.1% | epoch: 1 | remaining: 181s    
step 01442 (39.5%) | loss: 3.285888 | lrm: 1.00 | dt: 83ms | tok/sec: 790,276 | mfu: 19.1% | epoch: 1 | remaining: 181s    
step 01443 (39.5%) | loss: 3.289180 | lrm: 1.00 | dt: 83ms | tok/sec: 790,608 | mfu: 19.1% | epoch: 1 | remaining: 181s    
step 01444 (39.6%) | loss: 3.279090 | lrm: 1.00 | dt: 83ms | tok/sec: 790,628 | mfu: 19.1% | epoch: 1 | remaining: 181s    
step 01445 (39.6%) | loss: 3.277084 | lrm: 1.00 | dt: 83ms | tok/sec: 790,876 | mfu: 19.1% | epoch: 1 | remaining: 181s    
step 01446 (39.6%) | loss: 3.275383 | lrm: 1.00 | dt: 83ms | tok/sec: 791,033 | mfu: 19.1% | epoch: 1 | remaining: 181s    
step 01447 (39.6%) | loss: 3.267405 | lrm: 1.00 | dt: 83ms | tok/sec: 790,726 | mfu: 19.1% | epoch: 1 | remaining: 181s    
step 01448 (39.7%) | loss: 3.264350 | lrm: 1.00 | dt: 83ms | tok/sec: 790,656 | mfu: 19.1% | epoch: 1 | remaining: 181s    
step 01449 (39.7%) | loss: 3.278100 | lrm: 1.00 | dt: 83ms | tok/sec: 791,004 | mfu: 19.1% | epoch: 1 | remaining: 181s    
step 01450 (39.7%) | loss: 3.286600 | lrm: 1.00 | dt: 83ms | tok/sec: 790,847 | mfu: 19.1% | epoch: 1 | remaining: 181s    
step 01451 (39.8%) | loss: 3.278044 | lrm: 1.00 | dt: 83ms | tok/sec: 791,202 | mfu: 19.1% | epoch: 1 | remaining: 181s    
step 01452 (39.8%) | loss: 3.269247 | lrm: 1.00 | dt: 83ms | tok/sec: 790,742 | mfu: 19.1% | epoch: 1 | remaining: 181s    
step 01453 (39.8%) | loss: 3.267131 | lrm: 1.00 | dt: 83ms | tok/sec: 790,947 | mfu: 19.1% | epoch: 1 | remaining: 180s    
step 01454 (39.8%) | loss: 3.274030 | lrm: 1.00 | dt: 83ms | tok/sec: 790,954 | mfu: 19.1% | epoch: 1 | remaining: 180s    
step 01455 (39.9%) | loss: 3.272807 | lrm: 1.00 | dt: 83ms | tok/sec: 791,042 | mfu: 19.1% | epoch: 1 | remaining: 180s    
step 01456 (39.9%) | loss: 3.278041 | lrm: 1.00 | dt: 83ms | tok/sec: 791,386 | mfu: 19.1% | epoch: 1 | remaining: 180s    
step 01457 (39.9%) | loss: 3.271423 | lrm: 1.00 | dt: 83ms | tok/sec: 791,325 | mfu: 19.1% | epoch: 1 | remaining: 180s    
step 01458 (39.9%) | loss: 3.268388 | lrm: 1.00 | dt: 83ms | tok/sec: 790,892 | mfu: 19.1% | epoch: 1 | remaining: 180s    
step 01459 (40.0%) | loss: 3.270227 | lrm: 1.00 | dt: 83ms | tok/sec: 791,728 | mfu: 19.1% | epoch: 1 | remaining: 180s    
step 01460 (40.0%) | loss: 3.269792 | lrm: 1.00 | dt: 83ms | tok/sec: 790,744 | mfu: 19.1% | epoch: 1 | remaining: 180s    
step 01461 (40.0%) | loss: 3.278744 | lrm: 1.00 | dt: 83ms | tok/sec: 791,045 | mfu: 19.1% | epoch: 1 | remaining: 180s    
step 01462 (40.1%) | loss: 3.275536 | lrm: 1.00 | dt: 83ms | tok/sec: 790,749 | mfu: 19.1% | epoch: 1 | remaining: 180s    
step 01463 (40.1%) | loss: 3.280576 | lrm: 1.00 | dt: 83ms | tok/sec: 791,065 | mfu: 19.1% | epoch: 1 | remaining: 180s    
step 01464 (40.1%) | loss: 3.275757 | lrm: 1.00 | dt: 83ms | tok/sec: 791,072 | mfu: 19.1% | epoch: 1 | remaining: 180s    
step 01465 (40.1%) | loss: 3.269946 | lrm: 1.00 | dt: 83ms | tok/sec: 790,983 | mfu: 19.1% | epoch: 1 | remaining: 179s    
step 01466 (40.2%) | loss: 3.270815 | lrm: 1.00 | dt: 83ms | tok/sec: 791,122 | mfu: 19.1% | epoch: 1 | remaining: 179s    
step 01467 (40.2%) | loss: 3.263351 | lrm: 1.00 | dt: 83ms | tok/sec: 790,890 | mfu: 19.1% | epoch: 1 | remaining: 179s    
step 01468 (40.2%) | loss: 3.272717 | lrm: 1.00 | dt: 83ms | tok/sec: 790,892 | mfu: 19.1% | epoch: 1 | remaining: 179s    
step 01469 (40.3%) | loss: 3.276529 | lrm: 1.00 | dt: 83ms | tok/sec: 791,179 | mfu: 19.1% | epoch: 1 | remaining: 179s    
step 01470 (40.3%) | loss: 3.270196 | lrm: 1.00 | dt: 83ms | tok/sec: 791,170 | mfu: 19.1% | epoch: 1 | remaining: 179s    
step 01471 (40.3%) | loss: 3.271863 | lrm: 1.00 | dt: 83ms | tok/sec: 791,459 | mfu: 19.1% | epoch: 1 | remaining: 179s    
step 01472 (40.3%) | loss: 3.273595 | lrm: 1.00 | dt: 83ms | tok/sec: 791,247 | mfu: 19.1% | epoch: 1 | remaining: 179s    
step 01473 (40.4%) | loss: 3.267345 | lrm: 1.00 | dt: 83ms | tok/sec: 786,765 | mfu: 19.0% | epoch: 1 | remaining: 179s    
step 01474 (40.4%) | loss: 3.268532 | lrm: 1.00 | dt: 83ms | tok/sec: 790,728 | mfu: 19.1% | epoch: 1 | remaining: 179s    
step 01475 (40.4%) | loss: 3.257165 | lrm: 1.00 | dt: 83ms | tok/sec: 791,056 | mfu: 19.1% | epoch: 1 | remaining: 179s    
step 01476 (40.4%) | loss: 3.257507 | lrm: 1.00 | dt: 83ms | tok/sec: 790,949 | mfu: 19.1% | epoch: 1 | remaining: 179s    
step 01477 (40.5%) | loss: 3.247427 | lrm: 1.00 | dt: 83ms | tok/sec: 791,042 | mfu: 19.1% | epoch: 1 | remaining: 179s    
step 01478 (40.5%) | loss: 3.239385 | lrm: 1.00 | dt: 83ms | tok/sec: 791,553 | mfu: 19.1% | epoch: 1 | remaining: 178s    
step 01479 (40.5%) | loss: 3.244211 | lrm: 1.00 | dt: 83ms | tok/sec: 791,209 | mfu: 19.1% | epoch: 1 | remaining: 178s    
step 01480 (40.6%) | loss: 3.241676 | lrm: 1.00 | dt: 83ms | tok/sec: 791,266 | mfu: 19.1% | epoch: 1 | remaining: 178s    
step 01481 (40.6%) | loss: 3.243904 | lrm: 1.00 | dt: 83ms | tok/sec: 791,243 | mfu: 19.1% | epoch: 1 | remaining: 178s    
step 01482 (40.6%) | loss: 3.249263 | lrm: 1.00 | dt: 83ms | tok/sec: 791,432 | mfu: 19.1% | epoch: 1 | remaining: 178s    
step 01483 (40.6%) | loss: 3.261622 | lrm: 1.00 | dt: 83ms | tok/sec: 791,063 | mfu: 19.1% | epoch: 1 | remaining: 178s    
step 01484 (40.7%) | loss: 3.262262 | lrm: 1.00 | dt: 83ms | tok/sec: 791,653 | mfu: 19.1% | epoch: 1 | remaining: 178s    
step 01485 (40.7%) | loss: 3.275554 | lrm: 1.00 | dt: 83ms | tok/sec: 791,086 | mfu: 19.1% | epoch: 1 | remaining: 178s    
step 01486 (40.7%) | loss: 3.275567 | lrm: 1.00 | dt: 83ms | tok/sec: 791,138 | mfu: 19.1% | epoch: 1 | remaining: 178s    
step 01487 (40.7%) | loss: 3.279528 | lrm: 1.00 | dt: 83ms | tok/sec: 790,624 | mfu: 19.1% | epoch: 1 | remaining: 178s    
step 01488 (40.8%) | loss: 3.279629 | lrm: 1.00 | dt: 83ms | tok/sec: 791,040 | mfu: 19.1% | epoch: 1 | remaining: 178s    
step 01489 (40.8%) | loss: 3.275046 | lrm: 1.00 | dt: 83ms | tok/sec: 790,992 | mfu: 19.1% | epoch: 1 | remaining: 178s    
step 01490 (40.8%) | loss: 3.273031 | lrm: 1.00 | dt: 83ms | tok/sec: 791,530 | mfu: 19.1% | epoch: 1 | remaining: 177s    
step 01491 (40.9%) | loss: 3.271836 | lrm: 1.00 | dt: 83ms | tok/sec: 791,238 | mfu: 19.1% | epoch: 1 | remaining: 177s    
step 01492 (40.9%) | loss: 3.268432 | lrm: 1.00 | dt: 83ms | tok/sec: 791,056 | mfu: 19.1% | epoch: 1 | remaining: 177s    
step 01493 (40.9%) | loss: 3.270308 | lrm: 1.00 | dt: 83ms | tok/sec: 791,240 | mfu: 19.1% | epoch: 1 | remaining: 177s    
step 01494 (40.9%) | loss: 3.273222 | lrm: 1.00 | dt: 83ms | tok/sec: 791,225 | mfu: 19.1% | epoch: 1 | remaining: 177s    
step 01495 (41.0%) | loss: 3.272239 | lrm: 1.00 | dt: 83ms | tok/sec: 791,193 | mfu: 19.1% | epoch: 1 | remaining: 177s    
step 01496 (41.0%) | loss: 3.268951 | lrm: 1.00 | dt: 83ms | tok/sec: 791,204 | mfu: 19.1% | epoch: 1 | remaining: 177s    
step 01497 (41.0%) | loss: 3.274076 | lrm: 1.00 | dt: 83ms | tok/sec: 791,102 | mfu: 19.1% | epoch: 1 | remaining: 177s    
step 01498 (41.1%) | loss: 3.267028 | lrm: 1.00 | dt: 83ms | tok/sec: 791,432 | mfu: 19.1% | epoch: 1 | remaining: 177s    
step 01499 (41.1%) | loss: 3.260975 | lrm: 1.00 | dt: 83ms | tok/sec: 790,740 | mfu: 19.1% | epoch: 1 | remaining: 177s    
step 01500 (41.1%) | loss: 3.271630 | lrm: 1.00 | dt: 83ms | tok/sec: 791,097 | mfu: 19.1% | epoch: 1 | remaining: 177s    
step 01501 (41.1%) | loss: 3.266711 | lrm: 1.00 | dt: 83ms | tok/sec: 791,092 | mfu: 19.1% | epoch: 1 | remaining: 177s    
step 01502 (41.2%) | loss: 3.263908 | lrm: 1.00 | dt: 83ms | tok/sec: 791,475 | mfu: 19.1% | epoch: 1 | remaining: 176s    
step 01503 (41.2%) | loss: 3.253012 | lrm: 1.00 | dt: 83ms | tok/sec: 791,293 | mfu: 19.1% | epoch: 1 | remaining: 176s    
step 01504 (41.2%) | loss: 3.261879 | lrm: 1.00 | dt: 83ms | tok/sec: 791,186 | mfu: 19.1% | epoch: 1 | remaining: 176s    
step 01505 (41.2%) | loss: 3.260978 | lrm: 1.00 | dt: 83ms | tok/sec: 791,512 | mfu: 19.1% | epoch: 1 | remaining: 176s    
step 01506 (41.3%) | loss: 3.250653 | lrm: 1.00 | dt: 83ms | tok/sec: 790,881 | mfu: 19.1% | epoch: 1 | remaining: 176s    
step 01507 (41.3%) | loss: 3.254827 | lrm: 1.00 | dt: 83ms | tok/sec: 790,776 | mfu: 19.1% | epoch: 1 | remaining: 176s    
step 01508 (41.3%) | loss: 3.259168 | lrm: 1.00 | dt: 83ms | tok/sec: 791,102 | mfu: 19.1% | epoch: 1 | remaining: 176s    
step 01509 (41.4%) | loss: 3.257435 | lrm: 1.00 | dt: 83ms | tok/sec: 791,259 | mfu: 19.1% | epoch: 1 | remaining: 176s    
step 01510 (41.4%) | loss: 3.255471 | lrm: 1.00 | dt: 83ms | tok/sec: 791,051 | mfu: 19.1% | epoch: 1 | remaining: 176s    
step 01511 (41.4%) | loss: 3.247619 | lrm: 1.00 | dt: 83ms | tok/sec: 791,047 | mfu: 19.1% | epoch: 1 | remaining: 176s    
step 01512 (41.4%) | loss: 3.253401 | lrm: 1.00 | dt: 83ms | tok/sec: 791,004 | mfu: 19.1% | epoch: 1 | remaining: 176s    
step 01513 (41.5%) | loss: 3.252641 | lrm: 1.00 | dt: 83ms | tok/sec: 791,404 | mfu: 19.1% | epoch: 1 | remaining: 176s    
step 01514 (41.5%) | loss: 3.258154 | lrm: 1.00 | dt: 83ms | tok/sec: 791,209 | mfu: 19.1% | epoch: 1 | remaining: 175s    
step 01515 (41.5%) | loss: 3.262164 | lrm: 1.00 | dt: 83ms | tok/sec: 791,277 | mfu: 19.1% | epoch: 1 | remaining: 175s    
step 01516 (41.5%) | loss: 3.261250 | lrm: 1.00 | dt: 83ms | tok/sec: 791,354 | mfu: 19.1% | epoch: 1 | remaining: 175s    
step 01517 (41.6%) | loss: 3.272514 | lrm: 1.00 | dt: 83ms | tok/sec: 791,156 | mfu: 19.1% | epoch: 1 | remaining: 175s    
step 01518 (41.6%) | loss: 3.281630 | lrm: 1.00 | dt: 83ms | tok/sec: 791,129 | mfu: 19.1% | epoch: 1 | remaining: 175s    
step 01519 (41.6%) | loss: 3.289279 | lrm: 1.00 | dt: 83ms | tok/sec: 791,177 | mfu: 19.1% | epoch: 1 | remaining: 175s    
step 01520 (41.7%) | loss: 3.289385 | lrm: 1.00 | dt: 83ms | tok/sec: 791,329 | mfu: 19.1% | epoch: 1 | remaining: 175s    
step 01521 (41.7%) | loss: 3.286810 | lrm: 1.00 | dt: 83ms | tok/sec: 791,029 | mfu: 19.1% | epoch: 1 | remaining: 175s    
step 01522 (41.7%) | loss: 3.281242 | lrm: 1.00 | dt: 83ms | tok/sec: 791,240 | mfu: 19.1% | epoch: 1 | remaining: 175s    
step 01523 (41.7%) | loss: 3.282174 | lrm: 1.00 | dt: 83ms | tok/sec: 791,001 | mfu: 19.1% | epoch: 1 | remaining: 175s    
step 01524 (41.8%) | loss: 3.280640 | lrm: 1.00 | dt: 83ms | tok/sec: 791,020 | mfu: 19.1% | epoch: 1 | remaining: 175s    
step 01525 (41.8%) | loss: 3.289960 | lrm: 1.00 | dt: 83ms | tok/sec: 790,415 | mfu: 19.1% | epoch: 1 | remaining: 175s    
step 01526 (41.8%) | loss: 3.294308 | lrm: 1.00 | dt: 83ms | tok/sec: 790,929 | mfu: 19.1% | epoch: 1 | remaining: 174s    
step 01527 (41.9%) | loss: 3.287407 | lrm: 1.00 | dt: 83ms | tok/sec: 791,168 | mfu: 19.1% | epoch: 1 | remaining: 174s    
step 01528 (41.9%) | loss: 3.288159 | lrm: 1.00 | dt: 83ms | tok/sec: 791,199 | mfu: 19.1% | epoch: 1 | remaining: 174s    
step 01529 (41.9%) | loss: 3.289705 | lrm: 1.00 | dt: 83ms | tok/sec: 791,095 | mfu: 19.1% | epoch: 1 | remaining: 174s    
step 01530 (41.9%) | loss: 3.281381 | lrm: 1.00 | dt: 83ms | tok/sec: 791,409 | mfu: 19.1% | epoch: 1 | remaining: 174s    
step 01531 (42.0%) | loss: 3.287606 | lrm: 1.00 | dt: 83ms | tok/sec: 790,531 | mfu: 19.1% | epoch: 1 | remaining: 174s    
step 01532 (42.0%) | loss: 3.298561 | lrm: 1.00 | dt: 83ms | tok/sec: 790,915 | mfu: 19.1% | epoch: 1 | remaining: 174s    
step 01533 (42.0%) | loss: 3.295201 | lrm: 1.00 | dt: 83ms | tok/sec: 790,585 | mfu: 19.1% | epoch: 1 | remaining: 174s    
step 01534 (42.0%) | loss: 3.280979 | lrm: 1.00 | dt: 83ms | tok/sec: 791,184 | mfu: 19.1% | epoch: 1 | remaining: 174s    
step 01535 (42.1%) | loss: 3.286518 | lrm: 1.00 | dt: 83ms | tok/sec: 791,398 | mfu: 19.1% | epoch: 1 | remaining: 174s    
step 01536 (42.1%) | loss: 3.281001 | lrm: 1.00 | dt: 83ms | tok/sec: 791,402 | mfu: 19.1% | epoch: 1 | remaining: 174s    
step 01537 (42.1%) | loss: 3.285398 | lrm: 1.00 | dt: 83ms | tok/sec: 791,036 | mfu: 19.1% | epoch: 1 | remaining: 174s    
step 01538 (42.2%) | loss: 3.293959 | lrm: 1.00 | dt: 83ms | tok/sec: 791,345 | mfu: 19.1% | epoch: 1 | remaining: 173s    
step 01539 (42.2%) | loss: 3.290494 | lrm: 1.00 | dt: 83ms | tok/sec: 791,181 | mfu: 19.1% | epoch: 1 | remaining: 173s    
step 01540 (42.2%) | loss: 3.288136 | lrm: 1.00 | dt: 83ms | tok/sec: 790,910 | mfu: 19.1% | epoch: 1 | remaining: 173s    
step 01541 (42.2%) | loss: 3.286285 | lrm: 1.00 | dt: 83ms | tok/sec: 790,687 | mfu: 19.1% | epoch: 1 | remaining: 173s    
step 01542 (42.3%) | loss: 3.292100 | lrm: 1.00 | dt: 83ms | tok/sec: 791,270 | mfu: 19.1% | epoch: 1 | remaining: 173s    
step 01543 (42.3%) | loss: 3.287679 | lrm: 1.00 | dt: 83ms | tok/sec: 791,158 | mfu: 19.1% | epoch: 1 | remaining: 173s    
step 01544 (42.3%) | loss: 3.277855 | lrm: 1.00 | dt: 83ms | tok/sec: 790,938 | mfu: 19.1% | epoch: 1 | remaining: 173s    
step 01545 (42.3%) | loss: 3.270873 | lrm: 1.00 | dt: 83ms | tok/sec: 790,945 | mfu: 19.1% | epoch: 1 | remaining: 173s    
step 01546 (42.4%) | loss: 3.268371 | lrm: 1.00 | dt: 83ms | tok/sec: 790,976 | mfu: 19.1% | epoch: 1 | remaining: 173s    
step 01547 (42.4%) | loss: 3.268590 | lrm: 1.00 | dt: 83ms | tok/sec: 790,851 | mfu: 19.1% | epoch: 1 | remaining: 173s    
step 01548 (42.4%) | loss: 3.264926 | lrm: 1.00 | dt: 83ms | tok/sec: 790,858 | mfu: 19.1% | epoch: 1 | remaining: 173s    
step 01549 (42.5%) | loss: 3.266126 | lrm: 1.00 | dt: 83ms | tok/sec: 791,149 | mfu: 19.1% | epoch: 1 | remaining: 173s    
step 01550 (42.5%) | loss: 3.271842 | lrm: 1.00 | dt: 83ms | tok/sec: 791,348 | mfu: 19.1% | epoch: 1 | remaining: 172s    
step 01551 (42.5%) | loss: 3.275847 | lrm: 1.00 | dt: 83ms | tok/sec: 791,033 | mfu: 19.1% | epoch: 1 | remaining: 172s    
step 01552 (42.5%) | loss: 3.269563 | lrm: 1.00 | dt: 83ms | tok/sec: 791,158 | mfu: 19.1% | epoch: 1 | remaining: 172s    
step 01553 (42.6%) | loss: 3.267185 | lrm: 1.00 | dt: 83ms | tok/sec: 790,951 | mfu: 19.1% | epoch: 1 | remaining: 172s    
step 01554 (42.6%) | loss: 3.264789 | lrm: 1.00 | dt: 83ms | tok/sec: 791,450 | mfu: 19.1% | epoch: 1 | remaining: 172s    
step 01555 (42.6%) | loss: 3.264018 | lrm: 1.00 | dt: 83ms | tok/sec: 791,407 | mfu: 19.1% | epoch: 1 | remaining: 172s    
step 01556 (42.7%) | loss: 3.261082 | lrm: 1.00 | dt: 83ms | tok/sec: 791,386 | mfu: 19.1% | epoch: 1 | remaining: 172s    
step 01557 (42.7%) | loss: 3.258609 | lrm: 1.00 | dt: 83ms | tok/sec: 791,086 | mfu: 19.1% | epoch: 1 | remaining: 172s    
step 01558 (42.7%) | loss: 3.251902 | lrm: 1.00 | dt: 83ms | tok/sec: 791,195 | mfu: 19.1% | epoch: 1 | remaining: 172s    
step 01559 (42.7%) | loss: 3.249607 | lrm: 1.00 | dt: 83ms | tok/sec: 791,072 | mfu: 19.1% | epoch: 1 | remaining: 172s    
step 01560 (42.8%) | loss: 3.257217 | lrm: 1.00 | dt: 83ms | tok/sec: 791,363 | mfu: 19.1% | epoch: 1 | remaining: 172s    
step 01561 (42.8%) | loss: 3.266357 | lrm: 1.00 | dt: 83ms | tok/sec: 791,202 | mfu: 19.1% | epoch: 1 | remaining: 172s    
step 01562 (42.8%) | loss: 3.263667 | lrm: 1.00 | dt: 83ms | tok/sec: 791,297 | mfu: 19.1% | epoch: 1 | remaining: 171s    
step 01563 (42.8%) | loss: 3.263067 | lrm: 1.00 | dt: 83ms | tok/sec: 790,612 | mfu: 19.1% | epoch: 1 | remaining: 171s    
step 01564 (42.9%) | loss: 3.262526 | lrm: 1.00 | dt: 83ms | tok/sec: 791,081 | mfu: 19.1% | epoch: 1 | remaining: 171s    
step 01565 (42.9%) | loss: 3.258731 | lrm: 1.00 | dt: 83ms | tok/sec: 791,311 | mfu: 19.1% | epoch: 1 | remaining: 171s    
step 01566 (42.9%) | loss: 3.267769 | lrm: 1.00 | dt: 83ms | tok/sec: 791,398 | mfu: 19.1% | epoch: 1 | remaining: 171s    
step 01567 (43.0%) | loss: 3.269572 | lrm: 1.00 | dt: 83ms | tok/sec: 791,434 | mfu: 19.1% | epoch: 1 | remaining: 171s    
step 01568 (43.0%) | loss: 3.265846 | lrm: 1.00 | dt: 83ms | tok/sec: 791,006 | mfu: 19.1% | epoch: 1 | remaining: 171s    
step 01569 (43.0%) | loss: 3.275193 | lrm: 1.00 | dt: 83ms | tok/sec: 791,172 | mfu: 19.1% | epoch: 1 | remaining: 171s    
step 01570 (43.0%) | loss: 3.272580 | lrm: 1.00 | dt: 83ms | tok/sec: 790,876 | mfu: 19.1% | epoch: 1 | remaining: 171s    
step 01571 (43.1%) | loss: 3.266663 | lrm: 1.00 | dt: 83ms | tok/sec: 790,667 | mfu: 19.1% | epoch: 1 | remaining: 171s    
step 01572 (43.1%) | loss: 3.270482 | lrm: 1.00 | dt: 83ms | tok/sec: 791,004 | mfu: 19.1% | epoch: 1 | remaining: 171s    
step 01573 (43.1%) | loss: 3.272835 | lrm: 1.00 | dt: 83ms | tok/sec: 791,124 | mfu: 19.1% | epoch: 1 | remaining: 171s    
step 01574 (43.2%) | loss: 3.285886 | lrm: 1.00 | dt: 83ms | tok/sec: 791,528 | mfu: 19.1% | epoch: 1 | remaining: 170s    
step 01575 (43.2%) | loss: 3.274909 | lrm: 1.00 | dt: 83ms | tok/sec: 791,678 | mfu: 19.1% | epoch: 1 | remaining: 170s    
step 01576 (43.2%) | loss: 3.273786 | lrm: 1.00 | dt: 83ms | tok/sec: 789,556 | mfu: 19.1% | epoch: 1 | remaining: 170s    
step 01577 (43.2%) | loss: 3.271746 | lrm: 1.00 | dt: 83ms | tok/sec: 791,270 | mfu: 19.1% | epoch: 1 | remaining: 170s    
step 01578 (43.3%) | loss: 3.265360 | lrm: 1.00 | dt: 83ms | tok/sec: 791,448 | mfu: 19.1% | epoch: 1 | remaining: 170s    
step 01579 (43.3%) | loss: 3.275318 | lrm: 1.00 | dt: 83ms | tok/sec: 791,468 | mfu: 19.1% | epoch: 1 | remaining: 170s    
step 01580 (43.3%) | loss: 3.275627 | lrm: 1.00 | dt: 83ms | tok/sec: 791,379 | mfu: 19.1% | epoch: 1 | remaining: 170s    
step 01581 (43.3%) | loss: 3.278246 | lrm: 1.00 | dt: 83ms | tok/sec: 791,434 | mfu: 19.1% | epoch: 1 | remaining: 170s    
step 01582 (43.4%) | loss: 3.275035 | lrm: 1.00 | dt: 83ms | tok/sec: 791,256 | mfu: 19.1% | epoch: 1 | remaining: 170s    
step 01583 (43.4%) | loss: 3.274163 | lrm: 1.00 | dt: 83ms | tok/sec: 790,824 | mfu: 19.1% | epoch: 1 | remaining: 170s    
step 01584 (43.4%) | loss: 3.270517 | lrm: 1.00 | dt: 83ms | tok/sec: 790,904 | mfu: 19.1% | epoch: 1 | remaining: 170s    
step 01585 (43.5%) | loss: 3.272494 | lrm: 1.00 | dt: 83ms | tok/sec: 791,311 | mfu: 19.1% | epoch: 1 | remaining: 170s    
step 01586 (43.5%) | loss: 3.286522 | lrm: 1.00 | dt: 83ms | tok/sec: 791,143 | mfu: 19.1% | epoch: 1 | remaining: 169s    
step 01587 (43.5%) | loss: 3.283178 | lrm: 1.00 | dt: 83ms | tok/sec: 790,997 | mfu: 19.1% | epoch: 1 | remaining: 169s    
step 01588 (43.5%) | loss: 3.284387 | lrm: 1.00 | dt: 83ms | tok/sec: 791,286 | mfu: 19.1% | epoch: 1 | remaining: 169s    
step 01589 (43.6%) | loss: 3.279433 | lrm: 1.00 | dt: 83ms | tok/sec: 791,263 | mfu: 19.1% | epoch: 1 | remaining: 169s    
step 01590 (43.6%) | loss: 3.259423 | lrm: 1.00 | dt: 83ms | tok/sec: 791,316 | mfu: 19.1% | epoch: 1 | remaining: 169s    
step 01591 (43.6%) | loss: 3.248529 | lrm: 1.00 | dt: 83ms | tok/sec: 790,992 | mfu: 19.1% | epoch: 1 | remaining: 169s    
step 01592 (43.6%) | loss: 3.247303 | lrm: 1.00 | dt: 83ms | tok/sec: 791,357 | mfu: 19.1% | epoch: 1 | remaining: 169s    
step 01593 (43.7%) | loss: 3.239740 | lrm: 1.00 | dt: 83ms | tok/sec: 791,395 | mfu: 19.1% | epoch: 1 | remaining: 169s    
step 01594 (43.7%) | loss: 3.244943 | lrm: 1.00 | dt: 83ms | tok/sec: 791,277 | mfu: 19.1% | epoch: 1 | remaining: 169s    
step 01595 (43.7%) | loss: 3.245237 | lrm: 1.00 | dt: 83ms | tok/sec: 790,894 | mfu: 19.1% | epoch: 1 | remaining: 169s    
step 01596 (43.8%) | loss: 3.248482 | lrm: 1.00 | dt: 83ms | tok/sec: 791,293 | mfu: 19.1% | epoch: 1 | remaining: 169s    
step 01597 (43.8%) | loss: 3.251655 | lrm: 1.00 | dt: 83ms | tok/sec: 791,190 | mfu: 19.1% | epoch: 1 | remaining: 169s    
step 01598 (43.8%) | loss: 3.248246 | lrm: 1.00 | dt: 83ms | tok/sec: 791,300 | mfu: 19.1% | epoch: 1 | remaining: 168s    
step 01599 (43.8%) | loss: 3.248231 | lrm: 1.00 | dt: 83ms | tok/sec: 790,983 | mfu: 19.1% | epoch: 1 | remaining: 168s    
step 01600 (43.9%) | loss: 3.247628 | lrm: 1.00 | dt: 83ms | tok/sec: 789,547 | mfu: 19.1% | epoch: 1 | remaining: 168s    
step 01601 (43.9%) | loss: 3.249435 | lrm: 1.00 | dt: 83ms | tok/sec: 790,685 | mfu: 19.1% | epoch: 1 | remaining: 168s    
step 01602 (43.9%) | loss: 3.251404 | lrm: 1.00 | dt: 83ms | tok/sec: 791,115 | mfu: 19.1% | epoch: 1 | remaining: 168s    
step 01603 (44.0%) | loss: 3.246919 | lrm: 1.00 | dt: 83ms | tok/sec: 790,910 | mfu: 19.1% | epoch: 1 | remaining: 168s    
step 01604 (44.0%) | loss: 3.250325 | lrm: 1.00 | dt: 83ms | tok/sec: 791,908 | mfu: 19.1% | epoch: 1 | remaining: 168s    
step 01605 (44.0%) | loss: 3.248595 | lrm: 1.00 | dt: 83ms | tok/sec: 791,400 | mfu: 19.1% | epoch: 1 | remaining: 168s    
step 01606 (44.0%) | loss: 3.251939 | lrm: 1.00 | dt: 83ms | tok/sec: 791,484 | mfu: 19.1% | epoch: 1 | remaining: 168s    
step 01607 (44.1%) | loss: 3.250155 | lrm: 1.00 | dt: 83ms | tok/sec: 790,874 | mfu: 19.1% | epoch: 1 | remaining: 168s    
step 01608 (44.1%) | loss: 3.248604 | lrm: 1.00 | dt: 83ms | tok/sec: 791,518 | mfu: 19.1% | epoch: 1 | remaining: 168s    
step 01609 (44.1%) | loss: 3.255255 | lrm: 1.00 | dt: 83ms | tok/sec: 790,715 | mfu: 19.1% | epoch: 1 | remaining: 168s    
step 01610 (44.1%) | loss: 3.254401 | lrm: 1.00 | dt: 83ms | tok/sec: 791,026 | mfu: 19.1% | epoch: 1 | remaining: 167s    
step 01611 (44.2%) | loss: 3.262750 | lrm: 1.00 | dt: 83ms | tok/sec: 791,635 | mfu: 19.1% | epoch: 1 | remaining: 167s    
step 01612 (44.2%) | loss: 3.252764 | lrm: 1.00 | dt: 83ms | tok/sec: 791,366 | mfu: 19.1% | epoch: 1 | remaining: 167s    
step 01613 (44.2%) | loss: 3.261272 | lrm: 1.00 | dt: 83ms | tok/sec: 791,113 | mfu: 19.1% | epoch: 1 | remaining: 167s    
step 01614 (44.3%) | loss: 3.266298 | lrm: 1.00 | dt: 83ms | tok/sec: 791,156 | mfu: 19.1% | epoch: 1 | remaining: 167s    
step 01615 (44.3%) | loss: 3.266275 | lrm: 1.00 | dt: 83ms | tok/sec: 791,450 | mfu: 19.1% | epoch: 1 | remaining: 167s    
step 01616 (44.3%) | loss: 3.270888 | lrm: 1.00 | dt: 83ms | tok/sec: 790,985 | mfu: 19.1% | epoch: 1 | remaining: 167s    
step 01617 (44.3%) | loss: 3.272551 | lrm: 1.00 | dt: 83ms | tok/sec: 791,642 | mfu: 19.1% | epoch: 1 | remaining: 167s    
step 01618 (44.4%) | loss: 3.272407 | lrm: 1.00 | dt: 83ms | tok/sec: 791,122 | mfu: 19.1% | epoch: 1 | remaining: 167s    
step 01619 (44.4%) | loss: 3.262904 | lrm: 1.00 | dt: 83ms | tok/sec: 790,883 | mfu: 19.1% | epoch: 1 | remaining: 167s    
step 01620 (44.4%) | loss: 3.261868 | lrm: 1.00 | dt: 83ms | tok/sec: 791,067 | mfu: 19.1% | epoch: 1 | remaining: 167s    
step 01621 (44.4%) | loss: 3.262328 | lrm: 1.00 | dt: 83ms | tok/sec: 790,931 | mfu: 19.1% | epoch: 1 | remaining: 167s    
step 01622 (44.5%) | loss: 3.268064 | lrm: 1.00 | dt: 83ms | tok/sec: 791,268 | mfu: 19.1% | epoch: 1 | remaining: 166s    
step 01623 (44.5%) | loss: 3.271586 | lrm: 1.00 | dt: 83ms | tok/sec: 791,024 | mfu: 19.1% | epoch: 1 | remaining: 166s    
step 01624 (44.5%) | loss: 3.274240 | lrm: 1.00 | dt: 83ms | tok/sec: 791,067 | mfu: 19.1% | epoch: 1 | remaining: 166s    
step 01625 (44.6%) | loss: 3.265758 | lrm: 1.00 | dt: 83ms | tok/sec: 790,926 | mfu: 19.1% | epoch: 1 | remaining: 166s    
step 01626 (44.6%) | loss: 3.261630 | lrm: 1.00 | dt: 83ms | tok/sec: 790,988 | mfu: 19.1% | epoch: 1 | remaining: 166s    
step 01627 (44.6%) | loss: 3.263979 | lrm: 1.00 | dt: 83ms | tok/sec: 791,061 | mfu: 19.1% | epoch: 1 | remaining: 166s    
step 01628 (44.6%) | loss: 3.252194 | lrm: 1.00 | dt: 83ms | tok/sec: 791,172 | mfu: 19.1% | epoch: 1 | remaining: 166s    
step 01629 (44.7%) | loss: 3.265962 | lrm: 1.00 | dt: 83ms | tok/sec: 791,199 | mfu: 19.1% | epoch: 1 | remaining: 166s    
step 01630 (44.7%) | loss: 3.263360 | lrm: 1.00 | dt: 83ms | tok/sec: 791,204 | mfu: 19.1% | epoch: 1 | remaining: 166s    
step 01631 (44.7%) | loss: 3.263094 | lrm: 1.00 | dt: 83ms | tok/sec: 790,460 | mfu: 19.1% | epoch: 1 | remaining: 166s    
step 01632 (44.8%) | loss: 3.267567 | lrm: 1.00 | dt: 83ms | tok/sec: 790,899 | mfu: 19.1% | epoch: 1 | remaining: 166s    
step 01633 (44.8%) | loss: 3.267852 | lrm: 1.00 | dt: 83ms | tok/sec: 791,368 | mfu: 19.1% | epoch: 1 | remaining: 166s    
step 01634 (44.8%) | loss: 3.270532 | lrm: 1.00 | dt: 83ms | tok/sec: 791,206 | mfu: 19.1% | epoch: 1 | remaining: 165s    
step 01635 (44.8%) | loss: 3.257091 | lrm: 1.00 | dt: 83ms | tok/sec: 791,225 | mfu: 19.1% | epoch: 1 | remaining: 165s    
step 01636 (44.9%) | loss: 3.258705 | lrm: 1.00 | dt: 83ms | tok/sec: 791,699 | mfu: 19.1% | epoch: 1 | remaining: 165s    
step 01637 (44.9%) | loss: 3.244362 | lrm: 1.00 | dt: 83ms | tok/sec: 790,942 | mfu: 19.1% | epoch: 1 | remaining: 165s    
step 01638 (44.9%) | loss: 3.247224 | lrm: 1.00 | dt: 83ms | tok/sec: 790,915 | mfu: 19.1% | epoch: 1 | remaining: 165s    
step 01639 (44.9%) | loss: 3.251193 | lrm: 1.00 | dt: 83ms | tok/sec: 790,544 | mfu: 19.1% | epoch: 1 | remaining: 165s    
step 01640 (45.0%) | loss: 3.260339 | lrm: 1.00 | dt: 83ms | tok/sec: 791,206 | mfu: 19.1% | epoch: 1 | remaining: 165s    
step 01641 (45.0%) | loss: 3.248124 | lrm: 1.00 | dt: 83ms | tok/sec: 791,281 | mfu: 19.1% | epoch: 1 | remaining: 165s    
step 01642 (45.0%) | loss: 3.245852 | lrm: 1.00 | dt: 83ms | tok/sec: 790,767 | mfu: 19.1% | epoch: 1 | remaining: 165s    
step 01643 (45.1%) | loss: 3.253351 | lrm: 1.00 | dt: 83ms | tok/sec: 791,033 | mfu: 19.1% | epoch: 1 | remaining: 165s    
step 01644 (45.1%) | loss: 3.256104 | lrm: 1.00 | dt: 83ms | tok/sec: 790,924 | mfu: 19.1% | epoch: 1 | remaining: 165s    
step 01645 (45.1%) | loss: 3.237270 | lrm: 1.00 | dt: 83ms | tok/sec: 791,118 | mfu: 19.1% | epoch: 1 | remaining: 165s    
step 01646 (45.1%) | loss: 3.236718 | lrm: 1.00 | dt: 83ms | tok/sec: 791,184 | mfu: 19.1% | epoch: 1 | remaining: 165s    
step 01647 (45.2%) | loss: 3.225300 | lrm: 1.00 | dt: 83ms | tok/sec: 791,077 | mfu: 19.1% | epoch: 1 | remaining: 164s    
step 01648 (45.2%) | loss: 3.224324 | lrm: 1.00 | dt: 83ms | tok/sec: 790,976 | mfu: 19.1% | epoch: 1 | remaining: 164s    
step 01649 (45.2%) | loss: 3.230549 | lrm: 1.00 | dt: 83ms | tok/sec: 791,190 | mfu: 19.1% | epoch: 1 | remaining: 164s    
step 01650 (45.2%) | loss: 3.236937 | lrm: 1.00 | dt: 83ms | tok/sec: 791,464 | mfu: 19.1% | epoch: 1 | remaining: 164s    
step 01651 (45.3%) | loss: 3.243984 | lrm: 1.00 | dt: 83ms | tok/sec: 791,534 | mfu: 19.1% | epoch: 1 | remaining: 164s    
step 01652 (45.3%) | loss: 3.234897 | lrm: 1.00 | dt: 83ms | tok/sec: 791,313 | mfu: 19.1% | epoch: 1 | remaining: 164s    
step 01653 (45.3%) | loss: 3.242303 | lrm: 1.00 | dt: 83ms | tok/sec: 791,279 | mfu: 19.1% | epoch: 1 | remaining: 164s    
step 01654 (45.4%) | loss: 3.251508 | lrm: 1.00 | dt: 83ms | tok/sec: 790,926 | mfu: 19.1% | epoch: 1 | remaining: 164s    
step 01655 (45.4%) | loss: 3.244663 | lrm: 1.00 | dt: 83ms | tok/sec: 791,065 | mfu: 19.1% | epoch: 1 | remaining: 164s    
step 01656 (45.4%) | loss: 3.243289 | lrm: 1.00 | dt: 83ms | tok/sec: 790,831 | mfu: 19.1% | epoch: 1 | remaining: 164s    
step 01657 (45.4%) | loss: 3.242250 | lrm: 1.00 | dt: 83ms | tok/sec: 791,158 | mfu: 19.1% | epoch: 1 | remaining: 164s    
step 01658 (45.5%) | loss: 3.248685 | lrm: 1.00 | dt: 83ms | tok/sec: 791,081 | mfu: 19.1% | epoch: 1 | remaining: 164s    
step 01659 (45.5%) | loss: 3.244104 | lrm: 1.00 | dt: 83ms | tok/sec: 791,086 | mfu: 19.1% | epoch: 1 | remaining: 163s    
step 01660 (45.5%) | loss: 3.253748 | lrm: 1.00 | dt: 83ms | tok/sec: 790,958 | mfu: 19.1% | epoch: 1 | remaining: 163s    
step 01661 (45.6%) | loss: 3.246854 | lrm: 1.00 | dt: 83ms | tok/sec: 790,822 | mfu: 19.1% | epoch: 1 | remaining: 163s    
step 01662 (45.6%) | loss: 3.241487 | lrm: 1.00 | dt: 83ms | tok/sec: 791,017 | mfu: 19.1% | epoch: 1 | remaining: 163s    
step 01663 (45.6%) | loss: 3.243961 | lrm: 1.00 | dt: 83ms | tok/sec: 791,432 | mfu: 19.1% | epoch: 1 | remaining: 163s    
step 01664 (45.6%) | loss: 3.240638 | lrm: 1.00 | dt: 83ms | tok/sec: 791,354 | mfu: 19.1% | epoch: 1 | remaining: 163s    
step 01665 (45.7%) | loss: 3.237443 | lrm: 1.00 | dt: 83ms | tok/sec: 791,236 | mfu: 19.1% | epoch: 1 | remaining: 163s    
step 01666 (45.7%) | loss: 3.242866 | lrm: 1.00 | dt: 83ms | tok/sec: 791,441 | mfu: 19.1% | epoch: 1 | remaining: 163s    
step 01667 (45.7%) | loss: 3.245776 | lrm: 1.00 | dt: 83ms | tok/sec: 791,291 | mfu: 19.1% | epoch: 1 | remaining: 163s    
step 01668 (45.7%) | loss: 3.253587 | lrm: 1.00 | dt: 83ms | tok/sec: 790,844 | mfu: 19.1% | epoch: 1 | remaining: 163s    
step 01669 (45.8%) | loss: 3.254168 | lrm: 1.00 | dt: 83ms | tok/sec: 791,229 | mfu: 19.1% | epoch: 1 | remaining: 163s    
step 01670 (45.8%) | loss: 3.253370 | lrm: 1.00 | dt: 83ms | tok/sec: 791,206 | mfu: 19.1% | epoch: 1 | remaining: 163s    
step 01671 (45.8%) | loss: 3.251397 | lrm: 1.00 | dt: 83ms | tok/sec: 790,781 | mfu: 19.1% | epoch: 1 | remaining: 162s    
step 01672 (45.9%) | loss: 3.251421 | lrm: 1.00 | dt: 83ms | tok/sec: 791,136 | mfu: 19.1% | epoch: 1 | remaining: 162s    
step 01673 (45.9%) | loss: 3.247714 | lrm: 1.00 | dt: 83ms | tok/sec: 791,129 | mfu: 19.1% | epoch: 1 | remaining: 162s    
step 01674 (45.9%) | loss: 3.252030 | lrm: 1.00 | dt: 83ms | tok/sec: 791,240 | mfu: 19.1% | epoch: 1 | remaining: 162s    
step 01675 (45.9%) | loss: 3.252826 | lrm: 1.00 | dt: 83ms | tok/sec: 791,047 | mfu: 19.1% | epoch: 1 | remaining: 162s    
step 01676 (46.0%) | loss: 3.256656 | lrm: 1.00 | dt: 83ms | tok/sec: 791,006 | mfu: 19.1% | epoch: 1 | remaining: 162s    
step 01677 (46.0%) | loss: 3.241451 | lrm: 1.00 | dt: 83ms | tok/sec: 790,942 | mfu: 19.1% | epoch: 1 | remaining: 162s    
step 01678 (46.0%) | loss: 3.237839 | lrm: 1.00 | dt: 83ms | tok/sec: 790,856 | mfu: 19.1% | epoch: 1 | remaining: 162s    
step 01679 (46.0%) | loss: 3.246925 | lrm: 1.00 | dt: 83ms | tok/sec: 791,099 | mfu: 19.1% | epoch: 1 | remaining: 162s    
step 01680 (46.1%) | loss: 3.245842 | lrm: 1.00 | dt: 83ms | tok/sec: 791,184 | mfu: 19.1% | epoch: 1 | remaining: 162s    
step 01681 (46.1%) | loss: 3.251539 | lrm: 1.00 | dt: 83ms | tok/sec: 791,270 | mfu: 19.1% | epoch: 1 | remaining: 162s    
step 01682 (46.1%) | loss: 3.256006 | lrm: 1.00 | dt: 83ms | tok/sec: 791,174 | mfu: 19.1% | epoch: 1 | remaining: 162s    
step 01683 (46.2%) | loss: 3.251623 | lrm: 1.00 | dt: 83ms | tok/sec: 790,851 | mfu: 19.1% | epoch: 1 | remaining: 161s    
step 01684 (46.2%) | loss: 3.247556 | lrm: 1.00 | dt: 83ms | tok/sec: 791,095 | mfu: 19.1% | epoch: 1 | remaining: 161s    
step 01685 (46.2%) | loss: 3.251410 | lrm: 1.00 | dt: 83ms | tok/sec: 790,960 | mfu: 19.1% | epoch: 1 | remaining: 161s    
step 01686 (46.2%) | loss: 3.232267 | lrm: 1.00 | dt: 83ms | tok/sec: 790,919 | mfu: 19.1% | epoch: 1 | remaining: 161s    
step 01687 (46.3%) | loss: 3.234696 | lrm: 1.00 | dt: 83ms | tok/sec: 790,833 | mfu: 19.1% | epoch: 1 | remaining: 161s    
step 01688 (46.3%) | loss: 3.238924 | lrm: 1.00 | dt: 83ms | tok/sec: 789,527 | mfu: 19.1% | epoch: 1 | remaining: 161s    
step 01689 (46.3%) | loss: 3.241540 | lrm: 1.00 | dt: 83ms | tok/sec: 790,517 | mfu: 19.1% | epoch: 1 | remaining: 161s    
step 01690 (46.4%) | loss: 3.248260 | lrm: 1.00 | dt: 83ms | tok/sec: 790,706 | mfu: 19.1% | epoch: 1 | remaining: 161s    
step 01691 (46.4%) | loss: 3.235600 | lrm: 1.00 | dt: 83ms | tok/sec: 790,542 | mfu: 19.1% | epoch: 1 | remaining: 161s    
step 01692 (46.4%) | loss: 3.253707 | lrm: 1.00 | dt: 83ms | tok/sec: 790,799 | mfu: 19.1% | epoch: 1 | remaining: 161s    
step 01693 (46.4%) | loss: 3.248884 | lrm: 1.00 | dt: 83ms | tok/sec: 791,020 | mfu: 19.1% | epoch: 1 | remaining: 161s    
step 01694 (46.5%) | loss: 3.259056 | lrm: 1.00 | dt: 83ms | tok/sec: 790,901 | mfu: 19.1% | epoch: 1 | remaining: 161s    
step 01695 (46.5%) | loss: 3.259895 | lrm: 1.00 | dt: 83ms | tok/sec: 791,261 | mfu: 19.1% | epoch: 1 | remaining: 160s    
step 01696 (46.5%) | loss: 3.258534 | lrm: 1.00 | dt: 83ms | tok/sec: 791,108 | mfu: 19.1% | epoch: 1 | remaining: 160s    
step 01697 (46.5%) | loss: 3.268471 | lrm: 1.00 | dt: 83ms | tok/sec: 791,088 | mfu: 19.1% | epoch: 1 | remaining: 160s    
step 01698 (46.6%) | loss: 3.261744 | lrm: 1.00 | dt: 83ms | tok/sec: 790,938 | mfu: 19.1% | epoch: 1 | remaining: 160s    
step 01699 (46.6%) | loss: 3.266639 | lrm: 1.00 | dt: 83ms | tok/sec: 791,562 | mfu: 19.1% | epoch: 1 | remaining: 160s    
step 01700 (46.6%) | loss: 3.259617 | lrm: 1.00 | dt: 83ms | tok/sec: 791,168 | mfu: 19.1% | epoch: 1 | remaining: 160s    
step 01701 (46.7%) | loss: 3.257364 | lrm: 1.00 | dt: 83ms | tok/sec: 791,156 | mfu: 19.1% | epoch: 1 | remaining: 160s    
step 01702 (46.7%) | loss: 3.252689 | lrm: 1.00 | dt: 83ms | tok/sec: 790,942 | mfu: 19.1% | epoch: 1 | remaining: 160s    
step 01703 (46.7%) | loss: 3.247790 | lrm: 1.00 | dt: 83ms | tok/sec: 791,001 | mfu: 19.1% | epoch: 1 | remaining: 160s    
step 01704 (46.7%) | loss: 3.246743 | lrm: 1.00 | dt: 83ms | tok/sec: 790,587 | mfu: 19.1% | epoch: 1 | remaining: 160s    
step 01705 (46.8%) | loss: 3.248019 | lrm: 1.00 | dt: 83ms | tok/sec: 790,715 | mfu: 19.1% | epoch: 1 | remaining: 160s    
step 01706 (46.8%) | loss: 3.250596 | lrm: 1.00 | dt: 83ms | tok/sec: 791,254 | mfu: 19.1% | epoch: 1 | remaining: 160s    
step 01707 (46.8%) | loss: 3.248755 | lrm: 1.00 | dt: 83ms | tok/sec: 791,311 | mfu: 19.1% | epoch: 1 | remaining: 159s    
step 01708 (46.9%) | loss: 3.243857 | lrm: 1.00 | dt: 83ms | tok/sec: 791,108 | mfu: 19.1% | epoch: 1 | remaining: 159s    
step 01709 (46.9%) | loss: 3.243323 | lrm: 1.00 | dt: 83ms | tok/sec: 791,138 | mfu: 19.1% | epoch: 1 | remaining: 159s    
step 01710 (46.9%) | loss: 3.243480 | lrm: 1.00 | dt: 83ms | tok/sec: 790,926 | mfu: 19.1% | epoch: 1 | remaining: 159s    
step 01711 (46.9%) | loss: 3.233485 | lrm: 1.00 | dt: 83ms | tok/sec: 791,240 | mfu: 19.1% | epoch: 1 | remaining: 159s    
step 01712 (47.0%) | loss: 3.232471 | lrm: 1.00 | dt: 83ms | tok/sec: 791,209 | mfu: 19.1% | epoch: 1 | remaining: 159s    
step 01713 (47.0%) | loss: 3.219575 | lrm: 1.00 | dt: 83ms | tok/sec: 791,190 | mfu: 19.1% | epoch: 1 | remaining: 159s    
step 01714 (47.0%) | loss: 3.224051 | lrm: 1.00 | dt: 83ms | tok/sec: 791,063 | mfu: 19.1% | epoch: 1 | remaining: 159s    
step 01715 (47.0%) | loss: 3.226787 | lrm: 1.00 | dt: 83ms | tok/sec: 790,824 | mfu: 19.1% | epoch: 1 | remaining: 159s    
step 01716 (47.1%) | loss: 3.217457 | lrm: 1.00 | dt: 83ms | tok/sec: 790,958 | mfu: 19.1% | epoch: 1 | remaining: 159s    
step 01717 (47.1%) | loss: 3.225278 | lrm: 1.00 | dt: 83ms | tok/sec: 791,045 | mfu: 19.1% | epoch: 1 | remaining: 159s    
step 01718 (47.1%) | loss: 3.225239 | lrm: 1.00 | dt: 83ms | tok/sec: 791,279 | mfu: 19.1% | epoch: 1 | remaining: 159s    
step 01719 (47.2%) | loss: 3.225374 | lrm: 1.00 | dt: 83ms | tok/sec: 790,904 | mfu: 19.1% | epoch: 1 | remaining: 158s    
step 01720 (47.2%) | loss: 3.227827 | lrm: 1.00 | dt: 83ms | tok/sec: 791,006 | mfu: 19.1% | epoch: 1 | remaining: 158s    
step 01721 (47.2%) | loss: 3.232370 | lrm: 1.00 | dt: 83ms | tok/sec: 791,168 | mfu: 19.1% | epoch: 1 | remaining: 158s    
step 01722 (47.2%) | loss: 3.233155 | lrm: 1.00 | dt: 83ms | tok/sec: 790,974 | mfu: 19.1% | epoch: 1 | remaining: 158s    
step 01723 (47.3%) | loss: 3.243243 | lrm: 1.00 | dt: 83ms | tok/sec: 791,231 | mfu: 19.1% | epoch: 1 | remaining: 158s    
step 01724 (47.3%) | loss: 3.243480 | lrm: 1.00 | dt: 83ms | tok/sec: 791,370 | mfu: 19.1% | epoch: 1 | remaining: 158s    
step 01725 (47.3%) | loss: 3.236447 | lrm: 1.00 | dt: 83ms | tok/sec: 790,371 | mfu: 19.1% | epoch: 1 | remaining: 158s    
step 01726 (47.3%) | loss: 3.238362 | lrm: 1.00 | dt: 83ms | tok/sec: 791,263 | mfu: 19.1% | epoch: 1 | remaining: 158s    
step 01727 (47.4%) | loss: 3.238888 | lrm: 1.00 | dt: 83ms | tok/sec: 791,036 | mfu: 19.1% | epoch: 1 | remaining: 158s    
step 01728 (47.4%) | loss: 3.238582 | lrm: 1.00 | dt: 83ms | tok/sec: 791,081 | mfu: 19.1% | epoch: 1 | remaining: 158s    
step 01729 (47.4%) | loss: 3.234079 | lrm: 1.00 | dt: 83ms | tok/sec: 791,038 | mfu: 19.1% | epoch: 1 | remaining: 158s    
step 01730 (47.5%) | loss: 3.237883 | lrm: 1.00 | dt: 83ms | tok/sec: 791,199 | mfu: 19.1% | epoch: 1 | remaining: 158s    
step 01731 (47.5%) | loss: 3.225685 | lrm: 1.00 | dt: 83ms | tok/sec: 791,181 | mfu: 19.1% | epoch: 1 | remaining: 157s    
step 01732 (47.5%) | loss: 3.222084 | lrm: 1.00 | dt: 83ms | tok/sec: 790,942 | mfu: 19.1% | epoch: 1 | remaining: 157s    
step 01733 (47.5%) | loss: 3.234702 | lrm: 1.00 | dt: 83ms | tok/sec: 791,418 | mfu: 19.1% | epoch: 1 | remaining: 157s    
step 01734 (47.6%) | loss: 3.236276 | lrm: 1.00 | dt: 83ms | tok/sec: 790,976 | mfu: 19.1% | epoch: 1 | remaining: 157s    
step 01735 (47.6%) | loss: 3.240840 | lrm: 1.00 | dt: 83ms | tok/sec: 791,393 | mfu: 19.1% | epoch: 1 | remaining: 157s    
step 01736 (47.6%) | loss: 3.245933 | lrm: 1.00 | dt: 83ms | tok/sec: 790,797 | mfu: 19.1% | epoch: 1 | remaining: 157s    
step 01737 (47.7%) | loss: 3.246083 | lrm: 1.00 | dt: 83ms | tok/sec: 791,058 | mfu: 19.1% | epoch: 1 | remaining: 157s    
step 01738 (47.7%) | loss: 3.250327 | lrm: 1.00 | dt: 83ms | tok/sec: 791,254 | mfu: 19.1% | epoch: 1 | remaining: 157s    
step 01739 (47.7%) | loss: 3.254394 | lrm: 1.00 | dt: 83ms | tok/sec: 791,261 | mfu: 19.1% | epoch: 1 | remaining: 157s    
step 01740 (47.7%) | loss: 3.253054 | lrm: 1.00 | dt: 83ms | tok/sec: 790,869 | mfu: 19.1% | epoch: 1 | remaining: 157s    
step 01741 (47.8%) | loss: 3.248621 | lrm: 1.00 | dt: 83ms | tok/sec: 790,933 | mfu: 19.1% | epoch: 1 | remaining: 157s    
step 01742 (47.8%) | loss: 3.255207 | lrm: 1.00 | dt: 83ms | tok/sec: 791,439 | mfu: 19.1% | epoch: 1 | remaining: 157s    
step 01743 (47.8%) | loss: 3.261963 | lrm: 1.00 | dt: 83ms | tok/sec: 791,546 | mfu: 19.1% | epoch: 1 | remaining: 156s    
step 01744 (47.8%) | loss: 3.272251 | lrm: 1.00 | dt: 83ms | tok/sec: 791,352 | mfu: 19.1% | epoch: 1 | remaining: 156s    
step 01745 (47.9%) | loss: 3.264770 | lrm: 1.00 | dt: 83ms | tok/sec: 790,904 | mfu: 19.1% | epoch: 1 | remaining: 156s    
step 01746 (47.9%) | loss: 3.257465 | lrm: 1.00 | dt: 83ms | tok/sec: 790,660 | mfu: 19.1% | epoch: 1 | remaining: 156s    
step 01747 (47.9%) | loss: 3.251029 | lrm: 1.00 | dt: 83ms | tok/sec: 790,787 | mfu: 19.1% | epoch: 1 | remaining: 156s    
step 01748 (48.0%) | loss: 3.248612 | lrm: 1.00 | dt: 83ms | tok/sec: 790,687 | mfu: 19.1% | epoch: 1 | remaining: 156s    
step 01749 (48.0%) | loss: 3.243665 | lrm: 1.00 | dt: 83ms | tok/sec: 791,102 | mfu: 19.1% | epoch: 1 | remaining: 156s    
step 01750 (48.0%) | loss: 3.249120 | lrm: 1.00 | dt: 83ms | tok/sec: 791,024 | mfu: 19.1% | epoch: 1 | remaining: 156s    
step 01751 (48.0%) | loss: 3.247057 | lrm: 1.00 | dt: 83ms | tok/sec: 791,161 | mfu: 19.1% | epoch: 1 | remaining: 156s    
step 01752 (48.1%) | loss: 3.246922 | lrm: 1.00 | dt: 83ms | tok/sec: 790,621 | mfu: 19.1% | epoch: 1 | remaining: 156s    
step 01753 (48.1%) | loss: 3.258645 | lrm: 1.00 | dt: 83ms | tok/sec: 791,213 | mfu: 19.1% | epoch: 1 | remaining: 156s    
step 01754 (48.1%) | loss: 3.258606 | lrm: 1.00 | dt: 83ms | tok/sec: 791,049 | mfu: 19.1% | epoch: 1 | remaining: 156s    
step 01755 (48.1%) | loss: 3.246968 | lrm: 1.00 | dt: 83ms | tok/sec: 791,083 | mfu: 19.1% | epoch: 1 | remaining: 155s    
step 01756 (48.2%) | loss: 3.250452 | lrm: 1.00 | dt: 83ms | tok/sec: 790,940 | mfu: 19.1% | epoch: 1 | remaining: 155s    
step 01757 (48.2%) | loss: 3.245651 | lrm: 1.00 | dt: 83ms | tok/sec: 790,888 | mfu: 19.1% | epoch: 1 | remaining: 155s    
step 01758 (48.2%) | loss: 3.251873 | lrm: 1.00 | dt: 83ms | tok/sec: 791,443 | mfu: 19.1% | epoch: 1 | remaining: 155s    
step 01759 (48.3%) | loss: 3.248724 | lrm: 1.00 | dt: 83ms | tok/sec: 791,311 | mfu: 19.1% | epoch: 1 | remaining: 155s    
step 01760 (48.3%) | loss: 3.248895 | lrm: 1.00 | dt: 83ms | tok/sec: 791,152 | mfu: 19.1% | epoch: 1 | remaining: 155s    
step 01761 (48.3%) | loss: 3.247722 | lrm: 1.00 | dt: 83ms | tok/sec: 791,193 | mfu: 19.1% | epoch: 1 | remaining: 155s    
step 01762 (48.3%) | loss: 3.250349 | lrm: 1.00 | dt: 83ms | tok/sec: 791,345 | mfu: 19.1% | epoch: 1 | remaining: 155s    
step 01763 (48.4%) | loss: 3.249795 | lrm: 1.00 | dt: 83ms | tok/sec: 791,327 | mfu: 19.1% | epoch: 1 | remaining: 155s    
step 01764 (48.4%) | loss: 3.248580 | lrm: 1.00 | dt: 83ms | tok/sec: 790,783 | mfu: 19.1% | epoch: 1 | remaining: 155s    
step 01765 (48.4%) | loss: 3.244800 | lrm: 1.00 | dt: 83ms | tok/sec: 791,197 | mfu: 19.1% | epoch: 1 | remaining: 155s    
step 01766 (48.5%) | loss: 3.254184 | lrm: 1.00 | dt: 83ms | tok/sec: 790,940 | mfu: 19.1% | epoch: 1 | remaining: 155s    
step 01767 (48.5%) | loss: 3.263263 | lrm: 1.00 | dt: 83ms | tok/sec: 791,450 | mfu: 19.1% | epoch: 1 | remaining: 154s    
step 01768 (48.5%) | loss: 3.264697 | lrm: 1.00 | dt: 83ms | tok/sec: 790,819 | mfu: 19.1% | epoch: 1 | remaining: 154s    
step 01769 (48.5%) | loss: 3.258910 | lrm: 1.00 | dt: 83ms | tok/sec: 790,901 | mfu: 19.1% | epoch: 1 | remaining: 154s    
step 01770 (48.6%) | loss: 3.261924 | lrm: 1.00 | dt: 83ms | tok/sec: 791,140 | mfu: 19.1% | epoch: 1 | remaining: 154s    
step 01771 (48.6%) | loss: 3.264268 | lrm: 1.00 | dt: 83ms | tok/sec: 791,395 | mfu: 19.1% | epoch: 1 | remaining: 154s    
step 01772 (48.6%) | loss: 3.265064 | lrm: 1.00 | dt: 83ms | tok/sec: 791,190 | mfu: 19.1% | epoch: 1 | remaining: 154s    
step 01773 (48.6%) | loss: 3.270121 | lrm: 1.00 | dt: 83ms | tok/sec: 790,954 | mfu: 19.1% | epoch: 1 | remaining: 154s    
step 01774 (48.7%) | loss: 3.275213 | lrm: 1.00 | dt: 83ms | tok/sec: 791,525 | mfu: 19.1% | epoch: 1 | remaining: 154s    
step 01775 (48.7%) | loss: 3.269742 | lrm: 1.00 | dt: 83ms | tok/sec: 790,899 | mfu: 19.1% | epoch: 1 | remaining: 154s    
step 01776 (48.7%) | loss: 3.252700 | lrm: 1.00 | dt: 83ms | tok/sec: 790,590 | mfu: 19.1% | epoch: 1 | remaining: 154s    
step 01777 (48.8%) | loss: 3.250885 | lrm: 1.00 | dt: 83ms | tok/sec: 791,318 | mfu: 19.1% | epoch: 1 | remaining: 154s    
step 01778 (48.8%) | loss: 3.242489 | lrm: 1.00 | dt: 83ms | tok/sec: 791,240 | mfu: 19.1% | epoch: 1 | remaining: 154s    
step 01779 (48.8%) | loss: 3.228490 | lrm: 1.00 | dt: 83ms | tok/sec: 791,275 | mfu: 19.1% | epoch: 1 | remaining: 153s    
step 01780 (48.8%) | loss: 3.229439 | lrm: 1.00 | dt: 83ms | tok/sec: 790,983 | mfu: 19.1% | epoch: 1 | remaining: 153s    
step 01781 (48.9%) | loss: 3.229277 | lrm: 1.00 | dt: 83ms | tok/sec: 791,033 | mfu: 19.1% | epoch: 1 | remaining: 153s    
step 01782 (48.9%) | loss: 3.235002 | lrm: 1.00 | dt: 83ms | tok/sec: 791,015 | mfu: 19.1% | epoch: 1 | remaining: 153s    
step 01783 (48.9%) | loss: 3.227647 | lrm: 1.00 | dt: 83ms | tok/sec: 791,275 | mfu: 19.1% | epoch: 1 | remaining: 153s    
step 01784 (48.9%) | loss: 3.218687 | lrm: 1.00 | dt: 83ms | tok/sec: 791,031 | mfu: 19.1% | epoch: 1 | remaining: 153s    
step 01785 (49.0%) | loss: 3.220679 | lrm: 1.00 | dt: 83ms | tok/sec: 790,954 | mfu: 19.1% | epoch: 1 | remaining: 153s    
step 01786 (49.0%) | loss: 3.219503 | lrm: 1.00 | dt: 83ms | tok/sec: 791,300 | mfu: 19.1% | epoch: 1 | remaining: 153s    
step 01787 (49.0%) | loss: 3.228503 | lrm: 1.00 | dt: 83ms | tok/sec: 790,917 | mfu: 19.1% | epoch: 1 | remaining: 153s    
step 01788 (49.1%) | loss: 3.235936 | lrm: 1.00 | dt: 83ms | tok/sec: 791,345 | mfu: 19.1% | epoch: 1 | remaining: 153s    
step 01789 (49.1%) | loss: 3.237337 | lrm: 1.00 | dt: 83ms | tok/sec: 791,316 | mfu: 19.1% | epoch: 1 | remaining: 153s    
step 01790 (49.1%) | loss: 3.241106 | lrm: 1.00 | dt: 83ms | tok/sec: 791,389 | mfu: 19.1% | epoch: 1 | remaining: 153s    
step 01791 (49.1%) | loss: 3.242867 | lrm: 1.00 | dt: 83ms | tok/sec: 791,168 | mfu: 19.1% | epoch: 1 | remaining: 152s    
step 01792 (49.2%) | loss: 3.240173 | lrm: 1.00 | dt: 83ms | tok/sec: 791,418 | mfu: 19.1% | epoch: 1 | remaining: 152s    
step 01793 (49.2%) | loss: 3.238743 | lrm: 1.00 | dt: 83ms | tok/sec: 791,240 | mfu: 19.1% | epoch: 1 | remaining: 152s    
step 01794 (49.2%) | loss: 3.246753 | lrm: 1.00 | dt: 83ms | tok/sec: 791,131 | mfu: 19.1% | epoch: 1 | remaining: 152s    
step 01795 (49.3%) | loss: 3.240183 | lrm: 1.00 | dt: 83ms | tok/sec: 790,933 | mfu: 19.1% | epoch: 1 | remaining: 152s    
step 01796 (49.3%) | loss: 3.239121 | lrm: 1.00 | dt: 83ms | tok/sec: 790,710 | mfu: 19.1% | epoch: 1 | remaining: 152s    
step 01797 (49.3%) | loss: 3.249196 | lrm: 1.00 | dt: 83ms | tok/sec: 790,990 | mfu: 19.1% | epoch: 1 | remaining: 152s    
step 01798 (49.3%) | loss: 3.252927 | lrm: 1.00 | dt: 83ms | tok/sec: 791,300 | mfu: 19.1% | epoch: 1 | remaining: 152s    
step 01799 (49.4%) | loss: 3.242149 | lrm: 1.00 | dt: 83ms | tok/sec: 791,193 | mfu: 19.1% | epoch: 1 | remaining: 152s    
step 01800 (49.4%) | loss: 3.251108 | lrm: 1.00 | dt: 83ms | tok/sec: 790,565 | mfu: 19.1% | epoch: 1 | remaining: 152s    
step 01801 (49.4%) | loss: 3.252090 | lrm: 1.00 | dt: 83ms | tok/sec: 791,156 | mfu: 19.1% | epoch: 1 | remaining: 152s    
step 01802 (49.4%) | loss: 3.255407 | lrm: 1.00 | dt: 83ms | tok/sec: 791,348 | mfu: 19.1% | epoch: 1 | remaining: 152s    
step 01803 (49.5%) | loss: 3.244652 | lrm: 1.00 | dt: 83ms | tok/sec: 791,168 | mfu: 19.1% | epoch: 1 | remaining: 151s    
step 01804 (49.5%) | loss: 3.242289 | lrm: 1.00 | dt: 83ms | tok/sec: 791,020 | mfu: 19.1% | epoch: 1 | remaining: 151s    
step 01805 (49.5%) | loss: 3.257700 | lrm: 1.00 | dt: 83ms | tok/sec: 790,665 | mfu: 19.1% | epoch: 1 | remaining: 151s    
step 01806 (49.6%) | loss: 3.261241 | lrm: 1.00 | dt: 83ms | tok/sec: 791,015 | mfu: 19.1% | epoch: 1 | remaining: 151s    
step 01807 (49.6%) | loss: 3.247810 | lrm: 1.00 | dt: 83ms | tok/sec: 790,897 | mfu: 19.1% | epoch: 1 | remaining: 151s    
step 01808 (49.6%) | loss: 3.253766 | lrm: 1.00 | dt: 83ms | tok/sec: 791,430 | mfu: 19.1% | epoch: 1 | remaining: 151s    
step 01809 (49.6%) | loss: 3.259395 | lrm: 1.00 | dt: 83ms | tok/sec: 791,473 | mfu: 19.1% | epoch: 1 | remaining: 151s    
step 01810 (49.7%) | loss: 3.263300 | lrm: 1.00 | dt: 83ms | tok/sec: 791,295 | mfu: 19.1% | epoch: 1 | remaining: 151s    
step 01811 (49.7%) | loss: 3.259096 | lrm: 1.00 | dt: 83ms | tok/sec: 791,001 | mfu: 19.1% | epoch: 1 | remaining: 151s    
step 01812 (49.7%) | loss: 3.254406 | lrm: 1.00 | dt: 83ms | tok/sec: 791,061 | mfu: 19.1% | epoch: 1 | remaining: 151s    
step 01813 (49.8%) | loss: 3.253842 | lrm: 1.00 | dt: 83ms | tok/sec: 790,945 | mfu: 19.1% | epoch: 1 | remaining: 151s    
step 01814 (49.8%) | loss: 3.265349 | lrm: 1.00 | dt: 83ms | tok/sec: 791,036 | mfu: 19.1% | epoch: 1 | remaining: 151s    
step 01815 (49.8%) | loss: 3.268502 | lrm: 1.00 | dt: 83ms | tok/sec: 790,926 | mfu: 19.1% | epoch: 1 | remaining: 151s    
step 01816 (49.8%) | loss: 3.265540 | lrm: 1.00 | dt: 83ms | tok/sec: 791,518 | mfu: 19.1% | epoch: 1 | remaining: 150s    
step 01817 (49.9%) | loss: 3.257486 | lrm: 1.00 | dt: 83ms | tok/sec: 791,024 | mfu: 19.1% | epoch: 1 | remaining: 150s    
step 01818 (49.9%) | loss: 3.248375 | lrm: 1.00 | dt: 83ms | tok/sec: 791,024 | mfu: 19.1% | epoch: 1 | remaining: 150s    
step 01819 (49.9%) | loss: 3.254020 | lrm: 1.00 | dt: 83ms | tok/sec: 791,591 | mfu: 19.1% | epoch: 1 | remaining: 150s    
step 01820 (49.9%) | loss: 3.258178 | lrm: 1.00 | dt: 83ms | tok/sec: 791,102 | mfu: 19.1% | epoch: 1 | remaining: 150s    
step 01821 (50.0%) | loss: 3.252874 | lrm: 1.00 | dt: 83ms | tok/sec: 791,215 | mfu: 19.1% | epoch: 1 | remaining: 150s    
step 01822 (50.0%) | loss: 3.248032 | lrm: 1.00 | dt: 83ms | tok/sec: 791,623 | mfu: 19.1% | epoch: 1 | remaining: 150s    
step 01823 (50.0%) | loss: 3.252924 | lrm: 1.00 | dt: 83ms | tok/sec: 791,427 | mfu: 19.1% | epoch: 1 | remaining: 150s    
step 01824 (50.1%) | loss: 3.256544 | lrm: 1.00 | dt: 83ms | tok/sec: 790,831 | mfu: 19.1% | epoch: 1 | remaining: 150s    
step 01825 (50.1%) | loss: 3.252352 | lrm: 1.00 | dt: 83ms | tok/sec: 791,293 | mfu: 19.1% | epoch: 1 | remaining: 150s    
step 01826 (50.1%) | loss: 3.257974 | lrm: 1.00 | dt: 83ms | tok/sec: 791,352 | mfu: 19.1% | epoch: 1 | remaining: 150s    
step 01827 (50.1%) | loss: 3.260482 | lrm: 1.00 | dt: 83ms | tok/sec: 791,229 | mfu: 19.1% | epoch: 1 | remaining: 150s    
step 01828 (50.2%) | loss: 3.255642 | lrm: 1.00 | dt: 83ms | tok/sec: 790,806 | mfu: 19.1% | epoch: 1 | remaining: 149s    
step 01829 (50.2%) | loss: 3.260930 | lrm: 1.00 | dt: 83ms | tok/sec: 788,234 | mfu: 19.0% | epoch: 1 | remaining: 149s    
step 01830 (50.2%) | loss: 3.261611 | lrm: 1.00 | dt: 83ms | tok/sec: 790,656 | mfu: 19.1% | epoch: 1 | remaining: 149s    
step 01831 (50.2%) | loss: 3.252773 | lrm: 1.00 | dt: 83ms | tok/sec: 790,731 | mfu: 19.1% | epoch: 1 | remaining: 149s    
step 01832 (50.3%) | loss: 3.248644 | lrm: 0.99 | dt: 83ms | tok/sec: 790,690 | mfu: 19.1% | epoch: 1 | remaining: 149s    
step 01833 (50.3%) | loss: 3.248915 | lrm: 0.99 | dt: 83ms | tok/sec: 791,063 | mfu: 19.1% | epoch: 1 | remaining: 149s    
step 01834 (50.3%) | loss: 3.248243 | lrm: 0.99 | dt: 83ms | tok/sec: 791,011 | mfu: 19.1% | epoch: 1 | remaining: 149s    
step 01835 (50.4%) | loss: 3.253777 | lrm: 0.99 | dt: 83ms | tok/sec: 790,660 | mfu: 19.1% | epoch: 1 | remaining: 149s    
step 01836 (50.4%) | loss: 3.242310 | lrm: 0.99 | dt: 83ms | tok/sec: 791,322 | mfu: 19.1% | epoch: 1 | remaining: 149s    
step 01837 (50.4%) | loss: 3.241362 | lrm: 0.99 | dt: 83ms | tok/sec: 791,070 | mfu: 19.1% | epoch: 1 | remaining: 149s    
step 01838 (50.4%) | loss: 3.250455 | lrm: 0.99 | dt: 83ms | tok/sec: 790,976 | mfu: 19.1% | epoch: 1 | remaining: 149s    
step 01839 (50.5%) | loss: 3.250882 | lrm: 0.99 | dt: 83ms | tok/sec: 790,838 | mfu: 19.1% | epoch: 1 | remaining: 149s    
step 01840 (50.5%) | loss: 3.250712 | lrm: 0.99 | dt: 83ms | tok/sec: 791,382 | mfu: 19.1% | epoch: 1 | remaining: 148s    
step 01841 (50.5%) | loss: 3.251893 | lrm: 0.99 | dt: 83ms | tok/sec: 791,168 | mfu: 19.1% | epoch: 1 | remaining: 148s    
step 01842 (50.6%) | loss: 3.254617 | lrm: 0.99 | dt: 83ms | tok/sec: 790,917 | mfu: 19.1% | epoch: 1 | remaining: 148s    
step 01843 (50.6%) | loss: 3.250675 | lrm: 0.99 | dt: 83ms | tok/sec: 791,254 | mfu: 19.1% | epoch: 1 | remaining: 148s    
step 01844 (50.6%) | loss: 3.253328 | lrm: 0.99 | dt: 83ms | tok/sec: 791,131 | mfu: 19.1% | epoch: 1 | remaining: 148s    
step 01845 (50.6%) | loss: 3.261276 | lrm: 0.99 | dt: 83ms | tok/sec: 791,179 | mfu: 19.1% | epoch: 1 | remaining: 148s    
step 01846 (50.7%) | loss: 3.266290 | lrm: 0.99 | dt: 83ms | tok/sec: 791,065 | mfu: 19.1% | epoch: 1 | remaining: 148s    
step 01847 (50.7%) | loss: 3.256417 | lrm: 0.99 | dt: 83ms | tok/sec: 791,297 | mfu: 19.1% | epoch: 1 | remaining: 148s    
step 01848 (50.7%) | loss: 3.255564 | lrm: 0.99 | dt: 83ms | tok/sec: 790,899 | mfu: 19.1% | epoch: 1 | remaining: 148s    
step 01849 (50.7%) | loss: 3.261909 | lrm: 0.99 | dt: 83ms | tok/sec: 791,001 | mfu: 19.1% | epoch: 1 | remaining: 148s    
step 01850 (50.8%) | loss: 3.259588 | lrm: 0.98 | dt: 83ms | tok/sec: 791,279 | mfu: 19.1% | epoch: 1 | remaining: 148s    
step 01851 (50.8%) | loss: 3.261027 | lrm: 0.98 | dt: 83ms | tok/sec: 791,152 | mfu: 19.1% | epoch: 1 | remaining: 148s    
step 01852 (50.8%) | loss: 3.267813 | lrm: 0.98 | dt: 83ms | tok/sec: 791,163 | mfu: 19.1% | epoch: 1 | remaining: 147s    
step 01853 (50.9%) | loss: 3.271023 | lrm: 0.98 | dt: 83ms | tok/sec: 791,161 | mfu: 19.1% | epoch: 1 | remaining: 147s    
step 01854 (50.9%) | loss: 3.268878 | lrm: 0.98 | dt: 83ms | tok/sec: 791,179 | mfu: 19.1% | epoch: 1 | remaining: 147s    
step 01855 (50.9%) | loss: 3.259828 | lrm: 0.98 | dt: 83ms | tok/sec: 791,334 | mfu: 19.1% | epoch: 1 | remaining: 147s    
step 01856 (50.9%) | loss: 3.253890 | lrm: 0.98 | dt: 83ms | tok/sec: 791,045 | mfu: 19.1% | epoch: 1 | remaining: 147s    
step 01857 (51.0%) | loss: 3.240796 | lrm: 0.98 | dt: 83ms | tok/sec: 791,024 | mfu: 19.1% | epoch: 1 | remaining: 147s    
step 01858 (51.0%) | loss: 3.242111 | lrm: 0.98 | dt: 83ms | tok/sec: 791,391 | mfu: 19.1% | epoch: 1 | remaining: 147s    
step 01859 (51.0%) | loss: 3.240589 | lrm: 0.98 | dt: 83ms | tok/sec: 791,020 | mfu: 19.1% | epoch: 1 | remaining: 147s    
step 01860 (51.0%) | loss: 3.236967 | lrm: 0.98 | dt: 83ms | tok/sec: 791,291 | mfu: 19.1% | epoch: 1 | remaining: 147s    
step 01861 (51.1%) | loss: 3.231097 | lrm: 0.98 | dt: 83ms | tok/sec: 790,790 | mfu: 19.1% | epoch: 1 | remaining: 147s    
step 01862 (51.1%) | loss: 3.232640 | lrm: 0.98 | dt: 83ms | tok/sec: 791,197 | mfu: 19.1% | epoch: 1 | remaining: 147s    
step 01863 (51.1%) | loss: 3.235544 | lrm: 0.98 | dt: 83ms | tok/sec: 791,040 | mfu: 19.1% | epoch: 1 | remaining: 147s    
step 01864 (51.2%) | loss: 3.232106 | lrm: 0.98 | dt: 83ms | tok/sec: 791,129 | mfu: 19.1% | epoch: 1 | remaining: 146s    
step 01865 (51.2%) | loss: 3.229734 | lrm: 0.98 | dt: 83ms | tok/sec: 791,170 | mfu: 19.1% | epoch: 1 | remaining: 146s    
step 01866 (51.2%) | loss: 3.241911 | lrm: 0.98 | dt: 83ms | tok/sec: 791,398 | mfu: 19.1% | epoch: 1 | remaining: 146s    
step 01867 (51.2%) | loss: 3.235130 | lrm: 0.98 | dt: 83ms | tok/sec: 790,883 | mfu: 19.1% | epoch: 1 | remaining: 146s    
step 01868 (51.3%) | loss: 3.235191 | lrm: 0.97 | dt: 83ms | tok/sec: 791,031 | mfu: 19.1% | epoch: 1 | remaining: 146s    
step 01869 (51.3%) | loss: 3.221659 | lrm: 0.97 | dt: 83ms | tok/sec: 790,813 | mfu: 19.1% | epoch: 1 | remaining: 146s    
step 01870 (51.3%) | loss: 3.228824 | lrm: 0.97 | dt: 83ms | tok/sec: 790,954 | mfu: 19.1% | epoch: 1 | remaining: 146s    
step 01871 (51.4%) | loss: 3.230674 | lrm: 0.97 | dt: 83ms | tok/sec: 791,122 | mfu: 19.1% | epoch: 1 | remaining: 146s    
step 01872 (51.4%) | loss: 3.245837 | lrm: 0.97 | dt: 83ms | tok/sec: 790,981 | mfu: 19.1% | epoch: 1 | remaining: 146s    
step 01873 (51.4%) | loss: 3.232259 | lrm: 0.97 | dt: 83ms | tok/sec: 790,988 | mfu: 19.1% | epoch: 1 | remaining: 146s    
step 01874 (51.4%) | loss: 3.239423 | lrm: 0.97 | dt: 83ms | tok/sec: 791,359 | mfu: 19.1% | epoch: 1 | remaining: 146s    
step 01875 (51.5%) | loss: 3.251545 | lrm: 0.97 | dt: 83ms | tok/sec: 790,972 | mfu: 19.1% | epoch: 1 | remaining: 146s    
step 01876 (51.5%) | loss: 3.260416 | lrm: 0.97 | dt: 83ms | tok/sec: 791,332 | mfu: 19.1% | epoch: 1 | remaining: 145s    
step 01877 (51.5%) | loss: 3.257914 | lrm: 0.97 | dt: 83ms | tok/sec: 791,391 | mfu: 19.1% | epoch: 1 | remaining: 145s    
step 01878 (51.5%) | loss: 3.239851 | lrm: 0.97 | dt: 83ms | tok/sec: 790,828 | mfu: 19.1% | epoch: 1 | remaining: 145s    
step 01879 (51.6%) | loss: 3.242669 | lrm: 0.97 | dt: 83ms | tok/sec: 791,325 | mfu: 19.1% | epoch: 1 | remaining: 145s    
step 01880 (51.6%) | loss: 3.234256 | lrm: 0.97 | dt: 83ms | tok/sec: 791,411 | mfu: 19.1% | epoch: 1 | remaining: 145s    
step 01881 (51.6%) | loss: 3.235139 | lrm: 0.97 | dt: 83ms | tok/sec: 791,266 | mfu: 19.1% | epoch: 1 | remaining: 145s    
step 01882 (51.7%) | loss: 3.239557 | lrm: 0.97 | dt: 83ms | tok/sec: 791,199 | mfu: 19.1% | epoch: 1 | remaining: 145s    
step 01883 (51.7%) | loss: 3.244567 | lrm: 0.97 | dt: 83ms | tok/sec: 791,266 | mfu: 19.1% | epoch: 1 | remaining: 145s    
step 01884 (51.7%) | loss: 3.244050 | lrm: 0.97 | dt: 83ms | tok/sec: 790,724 | mfu: 19.1% | epoch: 1 | remaining: 145s    
step 01885 (51.7%) | loss: 3.256280 | lrm: 0.97 | dt: 83ms | tok/sec: 790,767 | mfu: 19.1% | epoch: 1 | remaining: 145s    
step 01886 (51.8%) | loss: 3.234300 | lrm: 0.96 | dt: 83ms | tok/sec: 791,197 | mfu: 19.1% | epoch: 1 | remaining: 145s    
step 01887 (51.8%) | loss: 3.235722 | lrm: 0.96 | dt: 83ms | tok/sec: 790,919 | mfu: 19.1% | epoch: 1 | remaining: 145s    
step 01888 (51.8%) | loss: 3.230404 | lrm: 0.96 | dt: 83ms | tok/sec: 791,325 | mfu: 19.1% | epoch: 1 | remaining: 144s    
step 01889 (51.8%) | loss: 3.232494 | lrm: 0.96 | dt: 83ms | tok/sec: 791,409 | mfu: 19.1% | epoch: 1 | remaining: 144s    
step 01890 (51.9%) | loss: 3.222234 | lrm: 0.96 | dt: 83ms | tok/sec: 791,263 | mfu: 19.1% | epoch: 1 | remaining: 144s    
step 01891 (51.9%) | loss: 3.231946 | lrm: 0.96 | dt: 83ms | tok/sec: 791,209 | mfu: 19.1% | epoch: 1 | remaining: 144s    
step 01892 (51.9%) | loss: 3.229002 | lrm: 0.96 | dt: 83ms | tok/sec: 790,956 | mfu: 19.1% | epoch: 1 | remaining: 144s    
step 01893 (52.0%) | loss: 3.235872 | lrm: 0.96 | dt: 83ms | tok/sec: 790,972 | mfu: 19.1% | epoch: 1 | remaining: 144s    
step 01894 (52.0%) | loss: 3.231358 | lrm: 0.96 | dt: 83ms | tok/sec: 791,229 | mfu: 19.1% | epoch: 1 | remaining: 144s    
step 01895 (52.0%) | loss: 3.226004 | lrm: 0.96 | dt: 83ms | tok/sec: 791,227 | mfu: 19.1% | epoch: 1 | remaining: 144s    
step 01896 (52.0%) | loss: 3.236644 | lrm: 0.96 | dt: 83ms | tok/sec: 790,667 | mfu: 19.1% | epoch: 1 | remaining: 144s    
step 01897 (52.1%) | loss: 3.236600 | lrm: 0.96 | dt: 83ms | tok/sec: 791,156 | mfu: 19.1% | epoch: 1 | remaining: 144s    
step 01898 (52.1%) | loss: 3.244240 | lrm: 0.96 | dt: 83ms | tok/sec: 790,972 | mfu: 19.1% | epoch: 1 | remaining: 144s    
step 01899 (52.1%) | loss: 3.248046 | lrm: 0.96 | dt: 83ms | tok/sec: 791,477 | mfu: 19.1% | epoch: 1 | remaining: 144s    
step 01900 (52.2%) | loss: 3.236019 | lrm: 0.96 | dt: 83ms | tok/sec: 791,459 | mfu: 19.1% | epoch: 1 | remaining: 143s    
step 01901 (52.2%) | loss: 3.238592 | lrm: 0.96 | dt: 83ms | tok/sec: 790,999 | mfu: 19.1% | epoch: 1 | remaining: 143s    
step 01902 (52.2%) | loss: 3.232712 | lrm: 0.96 | dt: 83ms | tok/sec: 791,195 | mfu: 19.1% | epoch: 1 | remaining: 143s    
step 01903 (52.2%) | loss: 3.227166 | lrm: 0.96 | dt: 83ms | tok/sec: 790,976 | mfu: 19.1% | epoch: 1 | remaining: 143s    
step 01904 (52.3%) | loss: 3.229387 | lrm: 0.95 | dt: 83ms | tok/sec: 791,106 | mfu: 19.1% | epoch: 1 | remaining: 143s    
step 01905 (52.3%) | loss: 3.240459 | lrm: 0.95 | dt: 83ms | tok/sec: 791,147 | mfu: 19.1% | epoch: 1 | remaining: 143s    
step 01906 (52.3%) | loss: 3.243135 | lrm: 0.95 | dt: 83ms | tok/sec: 791,188 | mfu: 19.1% | epoch: 1 | remaining: 143s    
step 01907 (52.3%) | loss: 3.232506 | lrm: 0.95 | dt: 83ms | tok/sec: 790,945 | mfu: 19.1% | epoch: 1 | remaining: 143s    
step 01908 (52.4%) | loss: 3.237727 | lrm: 0.95 | dt: 83ms | tok/sec: 791,015 | mfu: 19.1% | epoch: 1 | remaining: 143s    
step 01909 (52.4%) | loss: 3.241888 | lrm: 0.95 | dt: 83ms | tok/sec: 790,747 | mfu: 19.1% | epoch: 1 | remaining: 143s    
step 01910 (52.4%) | loss: 3.239304 | lrm: 0.95 | dt: 83ms | tok/sec: 790,997 | mfu: 19.1% | epoch: 1 | remaining: 143s    
step 01911 (52.5%) | loss: 3.237916 | lrm: 0.95 | dt: 83ms | tok/sec: 791,272 | mfu: 19.1% | epoch: 1 | remaining: 143s    
step 01912 (52.5%) | loss: 3.238479 | lrm: 0.95 | dt: 83ms | tok/sec: 791,001 | mfu: 19.1% | epoch: 1 | remaining: 142s    
step 01913 (52.5%) | loss: 3.236826 | lrm: 0.95 | dt: 83ms | tok/sec: 791,168 | mfu: 19.1% | epoch: 1 | remaining: 142s    
step 01914 (52.5%) | loss: 3.240692 | lrm: 0.95 | dt: 83ms | tok/sec: 791,461 | mfu: 19.1% | epoch: 1 | remaining: 142s    
step 01915 (52.6%) | loss: 3.250241 | lrm: 0.95 | dt: 83ms | tok/sec: 791,197 | mfu: 19.1% | epoch: 1 | remaining: 142s    
step 01916 (52.6%) | loss: 3.239655 | lrm: 0.95 | dt: 83ms | tok/sec: 791,320 | mfu: 19.1% | epoch: 1 | remaining: 142s    
step 01917 (52.6%) | loss: 3.234840 | lrm: 0.95 | dt: 83ms | tok/sec: 791,054 | mfu: 19.1% | epoch: 1 | remaining: 142s    
step 01918 (52.6%) | loss: 3.243681 | lrm: 0.95 | dt: 83ms | tok/sec: 791,083 | mfu: 19.1% | epoch: 1 | remaining: 142s    
step 01919 (52.7%) | loss: 3.239085 | lrm: 0.95 | dt: 83ms | tok/sec: 791,359 | mfu: 19.1% | epoch: 1 | remaining: 142s    
step 01920 (52.7%) | loss: 3.235593 | lrm: 0.95 | dt: 83ms | tok/sec: 790,860 | mfu: 19.1% | epoch: 1 | remaining: 142s    
step 01921 (52.7%) | loss: 3.236434 | lrm: 0.95 | dt: 83ms | tok/sec: 790,824 | mfu: 19.1% | epoch: 1 | remaining: 142s    
step 01922 (52.8%) | loss: 3.228741 | lrm: 0.94 | dt: 83ms | tok/sec: 790,888 | mfu: 19.1% | epoch: 1 | remaining: 142s    
step 01923 (52.8%) | loss: 3.221794 | lrm: 0.94 | dt: 83ms | tok/sec: 791,240 | mfu: 19.1% | epoch: 1 | remaining: 142s    
step 01924 (52.8%) | loss: 3.213787 | lrm: 0.94 | dt: 83ms | tok/sec: 791,031 | mfu: 19.1% | epoch: 1 | remaining: 141s    
step 01925 (52.8%) | loss: 3.217807 | lrm: 0.94 | dt: 83ms | tok/sec: 791,172 | mfu: 19.1% | epoch: 1 | remaining: 141s    
step 01926 (52.9%) | loss: 3.220857 | lrm: 0.94 | dt: 83ms | tok/sec: 791,222 | mfu: 19.1% | epoch: 1 | remaining: 141s    
step 01927 (52.9%) | loss: 3.207898 | lrm: 0.94 | dt: 83ms | tok/sec: 791,026 | mfu: 19.1% | epoch: 1 | remaining: 141s    
step 01928 (52.9%) | loss: 3.206917 | lrm: 0.94 | dt: 83ms | tok/sec: 791,532 | mfu: 19.1% | epoch: 1 | remaining: 141s    
step 01929 (53.0%) | loss: 3.198855 | lrm: 0.94 | dt: 83ms | tok/sec: 791,006 | mfu: 19.1% | epoch: 1 | remaining: 141s    
step 01930 (53.0%) | loss: 3.184266 | lrm: 0.94 | dt: 83ms | tok/sec: 790,974 | mfu: 19.1% | epoch: 1 | remaining: 141s    
step 01931 (53.0%) | loss: 3.189011 | lrm: 0.94 | dt: 83ms | tok/sec: 791,343 | mfu: 19.1% | epoch: 1 | remaining: 141s    
step 01932 (53.0%) | loss: 3.194087 | lrm: 0.94 | dt: 83ms | tok/sec: 791,024 | mfu: 19.1% | epoch: 1 | remaining: 141s    
step 01933 (53.1%) | loss: 3.193418 | lrm: 0.94 | dt: 83ms | tok/sec: 791,072 | mfu: 19.1% | epoch: 1 | remaining: 141s    
step 01934 (53.1%) | loss: 3.206197 | lrm: 0.94 | dt: 83ms | tok/sec: 791,259 | mfu: 19.1% | epoch: 1 | remaining: 141s    
step 01935 (53.1%) | loss: 3.202678 | lrm: 0.94 | dt: 83ms | tok/sec: 791,286 | mfu: 19.1% | epoch: 1 | remaining: 141s    
step 01936 (53.1%) | loss: 3.201861 | lrm: 0.94 | dt: 83ms | tok/sec: 791,382 | mfu: 19.1% | epoch: 1 | remaining: 140s    
step 01937 (53.2%) | loss: 3.206819 | lrm: 0.94 | dt: 83ms | tok/sec: 790,940 | mfu: 19.1% | epoch: 1 | remaining: 140s    
step 01938 (53.2%) | loss: 3.203706 | lrm: 0.94 | dt: 83ms | tok/sec: 790,747 | mfu: 19.1% | epoch: 1 | remaining: 140s    
step 01939 (53.2%) | loss: 3.200978 | lrm: 0.94 | dt: 83ms | tok/sec: 791,384 | mfu: 19.1% | epoch: 1 | remaining: 140s    
step 01940 (53.3%) | loss: 3.202875 | lrm: 0.93 | dt: 83ms | tok/sec: 791,143 | mfu: 19.1% | epoch: 1 | remaining: 140s    
step 01941 (53.3%) | loss: 3.212556 | lrm: 0.93 | dt: 83ms | tok/sec: 791,297 | mfu: 19.1% | epoch: 1 | remaining: 140s    
step 01942 (53.3%) | loss: 3.222203 | lrm: 0.93 | dt: 83ms | tok/sec: 789,860 | mfu: 19.1% | epoch: 1 | remaining: 140s    
step 01943 (53.3%) | loss: 3.213516 | lrm: 0.93 | dt: 83ms | tok/sec: 790,574 | mfu: 19.1% | epoch: 1 | remaining: 140s    
step 01944 (53.4%) | loss: 3.216253 | lrm: 0.93 | dt: 83ms | tok/sec: 790,142 | mfu: 19.1% | epoch: 1 | remaining: 140s    
step 01945 (53.4%) | loss: 3.220135 | lrm: 0.93 | dt: 83ms | tok/sec: 790,840 | mfu: 19.1% | epoch: 1 | remaining: 140s    
step 01946 (53.4%) | loss: 3.221459 | lrm: 0.93 | dt: 83ms | tok/sec: 790,810 | mfu: 19.1% | epoch: 1 | remaining: 140s    
step 01947 (53.5%) | loss: 3.227471 | lrm: 0.93 | dt: 83ms | tok/sec: 790,851 | mfu: 19.1% | epoch: 1 | remaining: 140s    
step 01948 (53.5%) | loss: 3.225688 | lrm: 0.93 | dt: 83ms | tok/sec: 790,722 | mfu: 19.1% | epoch: 1 | remaining: 139s    
step 01949 (53.5%) | loss: 3.234799 | lrm: 0.93 | dt: 83ms | tok/sec: 790,799 | mfu: 19.1% | epoch: 1 | remaining: 139s    
step 01950 (53.5%) | loss: 3.231231 | lrm: 0.93 | dt: 83ms | tok/sec: 791,334 | mfu: 19.1% | epoch: 1 | remaining: 139s    
step 01951 (53.6%) | loss: 3.227338 | lrm: 0.93 | dt: 83ms | tok/sec: 791,418 | mfu: 19.1% | epoch: 1 | remaining: 139s    
step 01952 (53.6%) | loss: 3.230917 | lrm: 0.93 | dt: 83ms | tok/sec: 790,929 | mfu: 19.1% | epoch: 1 | remaining: 139s    
step 01953 (53.6%) | loss: 3.234962 | lrm: 0.93 | dt: 83ms | tok/sec: 790,913 | mfu: 19.1% | epoch: 1 | remaining: 139s    
step 01954 (53.6%) | loss: 3.232500 | lrm: 0.93 | dt: 83ms | tok/sec: 791,047 | mfu: 19.1% | epoch: 1 | remaining: 139s    
step 01955 (53.7%) | loss: 3.236993 | lrm: 0.93 | dt: 83ms | tok/sec: 791,149 | mfu: 19.1% | epoch: 1 | remaining: 139s    
step 01956 (53.7%) | loss: 3.237802 | lrm: 0.93 | dt: 83ms | tok/sec: 791,115 | mfu: 19.1% | epoch: 1 | remaining: 139s    
step 01957 (53.7%) | loss: 3.238333 | lrm: 0.93 | dt: 83ms | tok/sec: 790,985 | mfu: 19.1% | epoch: 1 | remaining: 139s    
step 01958 (53.8%) | loss: 3.239875 | lrm: 0.92 | dt: 83ms | tok/sec: 791,090 | mfu: 19.1% | epoch: 1 | remaining: 139s    
step 01959 (53.8%) | loss: 3.231325 | lrm: 0.92 | dt: 83ms | tok/sec: 791,106 | mfu: 19.1% | epoch: 1 | remaining: 139s    
step 01960 (53.8%) | loss: 3.234469 | lrm: 0.92 | dt: 83ms | tok/sec: 791,304 | mfu: 19.1% | epoch: 1 | remaining: 138s    
step 01961 (53.8%) | loss: 3.242639 | lrm: 0.92 | dt: 83ms | tok/sec: 791,202 | mfu: 19.1% | epoch: 1 | remaining: 138s    
step 01962 (53.9%) | loss: 3.236861 | lrm: 0.92 | dt: 83ms | tok/sec: 791,218 | mfu: 19.1% | epoch: 1 | remaining: 138s    
step 01963 (53.9%) | loss: 3.233060 | lrm: 0.92 | dt: 83ms | tok/sec: 790,990 | mfu: 19.1% | epoch: 1 | remaining: 138s    
step 01964 (53.9%) | loss: 3.235026 | lrm: 0.92 | dt: 83ms | tok/sec: 791,389 | mfu: 19.1% | epoch: 1 | remaining: 138s    
step 01965 (53.9%) | loss: 3.223332 | lrm: 0.92 | dt: 83ms | tok/sec: 791,309 | mfu: 19.1% | epoch: 1 | remaining: 138s    
step 01966 (54.0%) | loss: 3.211730 | lrm: 0.92 | dt: 83ms | tok/sec: 791,083 | mfu: 19.1% | epoch: 1 | remaining: 138s    
step 01967 (54.0%) | loss: 3.204986 | lrm: 0.92 | dt: 83ms | tok/sec: 791,102 | mfu: 19.1% | epoch: 1 | remaining: 138s    
step 01968 (54.0%) | loss: 3.207610 | lrm: 0.92 | dt: 83ms | tok/sec: 790,954 | mfu: 19.1% | epoch: 1 | remaining: 138s    
step 01969 (54.1%) | loss: 3.205318 | lrm: 0.92 | dt: 83ms | tok/sec: 790,767 | mfu: 19.1% | epoch: 1 | remaining: 138s    
step 01970 (54.1%) | loss: 3.204139 | lrm: 0.92 | dt: 83ms | tok/sec: 791,245 | mfu: 19.1% | epoch: 1 | remaining: 138s    
step 01971 (54.1%) | loss: 3.196922 | lrm: 0.92 | dt: 83ms | tok/sec: 791,423 | mfu: 19.1% | epoch: 1 | remaining: 138s    
step 01972 (54.1%) | loss: 3.197368 | lrm: 0.92 | dt: 83ms | tok/sec: 791,245 | mfu: 19.1% | epoch: 1 | remaining: 137s    
step 01973 (54.2%) | loss: 3.188178 | lrm: 0.92 | dt: 83ms | tok/sec: 790,792 | mfu: 19.1% | epoch: 1 | remaining: 137s    
step 01974 (54.2%) | loss: 3.191766 | lrm: 0.92 | dt: 83ms | tok/sec: 791,056 | mfu: 19.1% | epoch: 1 | remaining: 137s    
step 01975 (54.2%) | loss: 3.192609 | lrm: 0.92 | dt: 83ms | tok/sec: 791,184 | mfu: 19.1% | epoch: 1 | remaining: 137s    
step 01976 (54.3%) | loss: 3.198029 | lrm: 0.91 | dt: 83ms | tok/sec: 791,619 | mfu: 19.1% | epoch: 1 | remaining: 137s    
step 01977 (54.3%) | loss: 3.209560 | lrm: 0.91 | dt: 83ms | tok/sec: 791,092 | mfu: 19.1% | epoch: 1 | remaining: 137s    
step 01978 (54.3%) | loss: 3.206074 | lrm: 0.91 | dt: 83ms | tok/sec: 791,184 | mfu: 19.1% | epoch: 1 | remaining: 137s    
step 01979 (54.3%) | loss: 3.211339 | lrm: 0.91 | dt: 83ms | tok/sec: 791,300 | mfu: 19.1% | epoch: 1 | remaining: 137s    
step 01980 (54.4%) | loss: 3.204611 | lrm: 0.91 | dt: 83ms | tok/sec: 788,872 | mfu: 19.1% | epoch: 1 | remaining: 137s    
step 01981 (54.4%) | loss: 3.198852 | lrm: 0.91 | dt: 83ms | tok/sec: 789,790 | mfu: 19.1% | epoch: 1 | remaining: 137s    
step 01982 (54.4%) | loss: 3.185765 | lrm: 0.91 | dt: 83ms | tok/sec: 789,851 | mfu: 19.1% | epoch: 1 | remaining: 137s    
step 01983 (54.4%) | loss: 3.184483 | lrm: 0.91 | dt: 83ms | tok/sec: 790,581 | mfu: 19.1% | epoch: 1 | remaining: 137s    
step 01984 (54.5%) | loss: 3.177877 | lrm: 0.91 | dt: 83ms | tok/sec: 790,990 | mfu: 19.1% | epoch: 1 | remaining: 136s    
step 01985 (54.5%) | loss: 3.184315 | lrm: 0.91 | dt: 83ms | tok/sec: 791,209 | mfu: 19.1% | epoch: 1 | remaining: 136s    
step 01986 (54.5%) | loss: 3.186202 | lrm: 0.91 | dt: 83ms | tok/sec: 791,439 | mfu: 19.1% | epoch: 1 | remaining: 136s    
step 01987 (54.6%) | loss: 3.190680 | lrm: 0.91 | dt: 83ms | tok/sec: 791,001 | mfu: 19.1% | epoch: 1 | remaining: 136s    
step 01988 (54.6%) | loss: 3.193396 | lrm: 0.91 | dt: 83ms | tok/sec: 790,892 | mfu: 19.1% | epoch: 1 | remaining: 136s    
step 01989 (54.6%) | loss: 3.197149 | lrm: 0.91 | dt: 83ms | tok/sec: 791,418 | mfu: 19.1% | epoch: 1 | remaining: 136s    
step 01990 (54.6%) | loss: 3.197009 | lrm: 0.91 | dt: 83ms | tok/sec: 791,063 | mfu: 19.1% | epoch: 1 | remaining: 136s    
step 01991 (54.7%) | loss: 3.201826 | lrm: 0.91 | dt: 83ms | tok/sec: 791,270 | mfu: 19.1% | epoch: 1 | remaining: 136s    
step 01992 (54.7%) | loss: 3.205844 | lrm: 0.91 | dt: 83ms | tok/sec: 791,008 | mfu: 19.1% | epoch: 1 | remaining: 136s    
step 01993 (54.7%) | loss: 3.206463 | lrm: 0.91 | dt: 83ms | tok/sec: 790,801 | mfu: 19.1% | epoch: 1 | remaining: 136s    
step 01994 (54.7%) | loss: 3.208967 | lrm: 0.91 | dt: 83ms | tok/sec: 791,436 | mfu: 19.1% | epoch: 1 | remaining: 136s    
step 01995 (54.8%) | loss: 3.212661 | lrm: 0.90 | dt: 83ms | tok/sec: 791,181 | mfu: 19.1% | epoch: 1 | remaining: 136s    
step 01996 (54.8%) | loss: 3.207421 | lrm: 0.90 | dt: 83ms | tok/sec: 791,036 | mfu: 19.1% | epoch: 1 | remaining: 136s    
step 01997 (54.8%) | loss: 3.208583 | lrm: 0.90 | dt: 83ms | tok/sec: 791,124 | mfu: 19.1% | epoch: 1 | remaining: 135s    
step 01998 (54.9%) | loss: 3.213787 | lrm: 0.90 | dt: 83ms | tok/sec: 790,765 | mfu: 19.1% | epoch: 1 | remaining: 135s    
step 01999 (54.9%) | loss: 3.216573 | lrm: 0.90 | dt: 83ms | tok/sec: 791,206 | mfu: 19.1% | epoch: 1 | remaining: 135s    
step 02000 (54.9%) | loss: 3.212677 | lrm: 0.90 | dt: 83ms | tok/sec: 790,972 | mfu: 19.1% | epoch: 1 | remaining: 135s    
step 02001 (54.9%) | loss: 3.198757 | lrm: 0.90 | dt: 83ms | tok/sec: 791,106 | mfu: 19.1% | epoch: 1 | remaining: 135s    
step 02002 (55.0%) | loss: 3.197116 | lrm: 0.90 | dt: 83ms | tok/sec: 790,853 | mfu: 19.1% | epoch: 1 | remaining: 135s    
step 02003 (55.0%) | loss: 3.196618 | lrm: 0.90 | dt: 83ms | tok/sec: 791,031 | mfu: 19.1% | epoch: 1 | remaining: 135s    
step 02004 (55.0%) | loss: 3.190596 | lrm: 0.90 | dt: 83ms | tok/sec: 791,334 | mfu: 19.1% | epoch: 1 | remaining: 135s    
step 02005 (55.1%) | loss: 3.199506 | lrm: 0.90 | dt: 83ms | tok/sec: 791,307 | mfu: 19.1% | epoch: 1 | remaining: 135s    
step 02006 (55.1%) | loss: 3.207135 | lrm: 0.90 | dt: 83ms | tok/sec: 790,842 | mfu: 19.1% | epoch: 1 | remaining: 135s    
step 02007 (55.1%) | loss: 3.203375 | lrm: 0.90 | dt: 83ms | tok/sec: 791,288 | mfu: 19.1% | epoch: 1 | remaining: 135s    
step 02008 (55.1%) | loss: 3.195884 | lrm: 0.90 | dt: 83ms | tok/sec: 791,307 | mfu: 19.1% | epoch: 1 | remaining: 135s    
step 02009 (55.2%) | loss: 3.204411 | lrm: 0.90 | dt: 83ms | tok/sec: 791,297 | mfu: 19.1% | epoch: 1 | remaining: 134s    
step 02010 (55.2%) | loss: 3.201704 | lrm: 0.90 | dt: 83ms | tok/sec: 791,072 | mfu: 19.1% | epoch: 1 | remaining: 134s    
step 02011 (55.2%) | loss: 3.199025 | lrm: 0.90 | dt: 83ms | tok/sec: 790,965 | mfu: 19.1% | epoch: 1 | remaining: 134s    
step 02012 (55.2%) | loss: 3.201624 | lrm: 0.90 | dt: 83ms | tok/sec: 790,603 | mfu: 19.1% | epoch: 1 | remaining: 134s    
step 02013 (55.3%) | loss: 3.206599 | lrm: 0.89 | dt: 83ms | tok/sec: 791,263 | mfu: 19.1% | epoch: 1 | remaining: 134s    
step 02014 (55.3%) | loss: 3.208910 | lrm: 0.89 | dt: 83ms | tok/sec: 791,113 | mfu: 19.1% | epoch: 1 | remaining: 134s    
step 02015 (55.3%) | loss: 3.212394 | lrm: 0.89 | dt: 83ms | tok/sec: 791,240 | mfu: 19.1% | epoch: 1 | remaining: 134s    
step 02016 (55.4%) | loss: 3.199577 | lrm: 0.89 | dt: 83ms | tok/sec: 790,790 | mfu: 19.1% | epoch: 1 | remaining: 134s    
step 02017 (55.4%) | loss: 3.209503 | lrm: 0.89 | dt: 83ms | tok/sec: 791,275 | mfu: 19.1% | epoch: 1 | remaining: 134s    
step 02018 (55.4%) | loss: 3.205940 | lrm: 0.89 | dt: 83ms | tok/sec: 790,988 | mfu: 19.1% | epoch: 1 | remaining: 134s    
step 02019 (55.4%) | loss: 3.209197 | lrm: 0.89 | dt: 83ms | tok/sec: 791,329 | mfu: 19.1% | epoch: 1 | remaining: 134s    
step 02020 (55.5%) | loss: 3.215481 | lrm: 0.89 | dt: 83ms | tok/sec: 790,740 | mfu: 19.1% | epoch: 1 | remaining: 134s    
step 02021 (55.5%) | loss: 3.214471 | lrm: 0.89 | dt: 83ms | tok/sec: 791,067 | mfu: 19.1% | epoch: 1 | remaining: 133s    
step 02022 (55.5%) | loss: 3.215014 | lrm: 0.89 | dt: 83ms | tok/sec: 791,008 | mfu: 19.1% | epoch: 1 | remaining: 133s    
step 02023 (55.5%) | loss: 3.216906 | lrm: 0.89 | dt: 83ms | tok/sec: 791,097 | mfu: 19.1% | epoch: 1 | remaining: 133s    
step 02024 (55.6%) | loss: 3.214334 | lrm: 0.89 | dt: 83ms | tok/sec: 791,195 | mfu: 19.1% | epoch: 1 | remaining: 133s    
step 02025 (55.6%) | loss: 3.224344 | lrm: 0.89 | dt: 83ms | tok/sec: 791,215 | mfu: 19.1% | epoch: 1 | remaining: 133s    
step 02026 (55.6%) | loss: 3.212991 | lrm: 0.89 | dt: 83ms | tok/sec: 791,195 | mfu: 19.1% | epoch: 1 | remaining: 133s    
step 02027 (55.7%) | loss: 3.209257 | lrm: 0.89 | dt: 83ms | tok/sec: 790,933 | mfu: 19.1% | epoch: 1 | remaining: 133s    
step 02028 (55.7%) | loss: 3.223415 | lrm: 0.89 | dt: 83ms | tok/sec: 791,348 | mfu: 19.1% | epoch: 1 | remaining: 133s    
step 02029 (55.7%) | loss: 3.225528 | lrm: 0.89 | dt: 83ms | tok/sec: 790,803 | mfu: 19.1% | epoch: 1 | remaining: 133s    
step 02030 (55.7%) | loss: 3.232251 | lrm: 0.89 | dt: 83ms | tok/sec: 791,006 | mfu: 19.1% | epoch: 1 | remaining: 133s    
step 02031 (55.8%) | loss: 3.216325 | lrm: 0.88 | dt: 83ms | tok/sec: 791,061 | mfu: 19.1% | epoch: 1 | remaining: 133s    
step 02032 (55.8%) | loss: 3.205826 | lrm: 0.88 | dt: 83ms | tok/sec: 791,115 | mfu: 19.1% | epoch: 1 | remaining: 133s    
step 02033 (55.8%) | loss: 3.204085 | lrm: 0.88 | dt: 83ms | tok/sec: 791,234 | mfu: 19.1% | epoch: 1 | remaining: 132s    
step 02034 (55.9%) | loss: 3.191076 | lrm: 0.88 | dt: 83ms | tok/sec: 791,236 | mfu: 19.1% | epoch: 1 | remaining: 132s    
step 02035 (55.9%) | loss: 3.182375 | lrm: 0.88 | dt: 83ms | tok/sec: 791,243 | mfu: 19.1% | epoch: 1 | remaining: 132s    
step 02036 (55.9%) | loss: 3.187021 | lrm: 0.88 | dt: 83ms | tok/sec: 790,924 | mfu: 19.1% | epoch: 1 | remaining: 132s    
step 02037 (55.9%) | loss: 3.192622 | lrm: 0.88 | dt: 83ms | tok/sec: 791,133 | mfu: 19.1% | epoch: 1 | remaining: 132s    
step 02038 (56.0%) | loss: 3.204112 | lrm: 0.88 | dt: 83ms | tok/sec: 791,017 | mfu: 19.1% | epoch: 1 | remaining: 132s    
step 02039 (56.0%) | loss: 3.204643 | lrm: 0.88 | dt: 83ms | tok/sec: 791,363 | mfu: 19.1% | epoch: 1 | remaining: 132s    
step 02040 (56.0%) | loss: 3.192184 | lrm: 0.88 | dt: 83ms | tok/sec: 791,079 | mfu: 19.1% | epoch: 1 | remaining: 132s    
step 02041 (56.0%) | loss: 3.187941 | lrm: 0.88 | dt: 83ms | tok/sec: 791,379 | mfu: 19.1% | epoch: 1 | remaining: 132s    
step 02042 (56.1%) | loss: 3.185334 | lrm: 0.88 | dt: 83ms | tok/sec: 791,395 | mfu: 19.1% | epoch: 1 | remaining: 132s    
step 02043 (56.1%) | loss: 3.194457 | lrm: 0.88 | dt: 83ms | tok/sec: 790,924 | mfu: 19.1% | epoch: 1 | remaining: 132s    
step 02044 (56.1%) | loss: 3.198729 | lrm: 0.88 | dt: 83ms | tok/sec: 791,063 | mfu: 19.1% | epoch: 1 | remaining: 132s    
step 02045 (56.2%) | loss: 3.201662 | lrm: 0.88 | dt: 83ms | tok/sec: 791,097 | mfu: 19.1% | epoch: 1 | remaining: 131s    
step 02046 (56.2%) | loss: 3.206274 | lrm: 0.88 | dt: 83ms | tok/sec: 790,970 | mfu: 19.1% | epoch: 1 | remaining: 131s    
step 02047 (56.2%) | loss: 3.197710 | lrm: 0.88 | dt: 83ms | tok/sec: 791,373 | mfu: 19.1% | epoch: 1 | remaining: 131s    
step 02048 (56.2%) | loss: 3.199490 | lrm: 0.88 | dt: 83ms | tok/sec: 791,033 | mfu: 19.1% | epoch: 1 | remaining: 131s    
step 02049 (56.3%) | loss: 3.190156 | lrm: 0.87 | dt: 83ms | tok/sec: 790,697 | mfu: 19.1% | epoch: 1 | remaining: 131s    
step 02050 (56.3%) | loss: 3.189967 | lrm: 0.87 | dt: 83ms | tok/sec: 789,770 | mfu: 19.1% | epoch: 1 | remaining: 131s    
step 02051 (56.3%) | loss: 3.195815 | lrm: 0.87 | dt: 83ms | tok/sec: 790,251 | mfu: 19.1% | epoch: 1 | remaining: 131s    
step 02052 (56.4%) | loss: 3.192799 | lrm: 0.87 | dt: 83ms | tok/sec: 790,258 | mfu: 19.1% | epoch: 1 | remaining: 131s    
step 02053 (56.4%) | loss: 3.186972 | lrm: 0.87 | dt: 83ms | tok/sec: 790,888 | mfu: 19.1% | epoch: 1 | remaining: 131s    
step 02054 (56.4%) | loss: 3.186789 | lrm: 0.87 | dt: 83ms | tok/sec: 790,883 | mfu: 19.1% | epoch: 1 | remaining: 131s    
step 02055 (56.4%) | loss: 3.186165 | lrm: 0.87 | dt: 83ms | tok/sec: 791,172 | mfu: 19.1% | epoch: 1 | remaining: 131s    
step 02056 (56.5%) | loss: 3.186392 | lrm: 0.87 | dt: 83ms | tok/sec: 790,697 | mfu: 19.1% | epoch: 1 | remaining: 131s    
step 02057 (56.5%) | loss: 3.192024 | lrm: 0.87 | dt: 83ms | tok/sec: 790,794 | mfu: 19.1% | epoch: 1 | remaining: 130s    
step 02058 (56.5%) | loss: 3.184908 | lrm: 0.87 | dt: 83ms | tok/sec: 790,831 | mfu: 19.1% | epoch: 1 | remaining: 130s    
step 02059 (56.5%) | loss: 3.176032 | lrm: 0.87 | dt: 83ms | tok/sec: 791,086 | mfu: 19.1% | epoch: 1 | remaining: 130s    
step 02060 (56.6%) | loss: 3.173415 | lrm: 0.87 | dt: 83ms | tok/sec: 791,213 | mfu: 19.1% | epoch: 1 | remaining: 130s    
step 02061 (56.6%) | loss: 3.174722 | lrm: 0.87 | dt: 83ms | tok/sec: 791,152 | mfu: 19.1% | epoch: 1 | remaining: 130s    
step 02062 (56.6%) | loss: 3.189961 | lrm: 0.87 | dt: 83ms | tok/sec: 790,787 | mfu: 19.1% | epoch: 1 | remaining: 130s    
step 02063 (56.7%) | loss: 3.191401 | lrm: 0.87 | dt: 83ms | tok/sec: 791,525 | mfu: 19.1% | epoch: 1 | remaining: 130s    
step 02064 (56.7%) | loss: 3.188335 | lrm: 0.87 | dt: 83ms | tok/sec: 791,020 | mfu: 19.1% | epoch: 1 | remaining: 130s    
step 02065 (56.7%) | loss: 3.184085 | lrm: 0.87 | dt: 83ms | tok/sec: 790,935 | mfu: 19.1% | epoch: 1 | remaining: 130s    
step 02066 (56.7%) | loss: 3.185214 | lrm: 0.87 | dt: 83ms | tok/sec: 791,211 | mfu: 19.1% | epoch: 1 | remaining: 130s    
step 02067 (56.8%) | loss: 3.193092 | lrm: 0.86 | dt: 83ms | tok/sec: 791,261 | mfu: 19.1% | epoch: 1 | remaining: 130s    
step 02068 (56.8%) | loss: 3.192462 | lrm: 0.86 | dt: 83ms | tok/sec: 791,104 | mfu: 19.1% | epoch: 1 | remaining: 130s    
step 02069 (56.8%) | loss: 3.188858 | lrm: 0.86 | dt: 83ms | tok/sec: 791,316 | mfu: 19.1% | epoch: 1 | remaining: 129s    
step 02070 (56.8%) | loss: 3.181741 | lrm: 0.86 | dt: 83ms | tok/sec: 791,302 | mfu: 19.1% | epoch: 1 | remaining: 129s    
step 02071 (56.9%) | loss: 3.177537 | lrm: 0.86 | dt: 83ms | tok/sec: 791,065 | mfu: 19.1% | epoch: 1 | remaining: 129s    
step 02072 (56.9%) | loss: 3.182801 | lrm: 0.86 | dt: 83ms | tok/sec: 791,067 | mfu: 19.1% | epoch: 1 | remaining: 129s    
step 02073 (56.9%) | loss: 3.179830 | lrm: 0.86 | dt: 83ms | tok/sec: 791,131 | mfu: 19.1% | epoch: 1 | remaining: 129s    
step 02074 (57.0%) | loss: 3.190103 | lrm: 0.86 | dt: 83ms | tok/sec: 791,436 | mfu: 19.1% | epoch: 1 | remaining: 129s    
step 02075 (57.0%) | loss: 3.190192 | lrm: 0.86 | dt: 83ms | tok/sec: 791,102 | mfu: 19.1% | epoch: 1 | remaining: 129s    
step 02076 (57.0%) | loss: 3.194873 | lrm: 0.86 | dt: 83ms | tok/sec: 791,215 | mfu: 19.1% | epoch: 1 | remaining: 129s    
step 02077 (57.0%) | loss: 3.191663 | lrm: 0.86 | dt: 83ms | tok/sec: 791,279 | mfu: 19.1% | epoch: 1 | remaining: 129s    
step 02078 (57.1%) | loss: 3.191402 | lrm: 0.86 | dt: 83ms | tok/sec: 791,250 | mfu: 19.1% | epoch: 1 | remaining: 129s    
step 02079 (57.1%) | loss: 3.193971 | lrm: 0.86 | dt: 83ms | tok/sec: 791,218 | mfu: 19.1% | epoch: 1 | remaining: 129s    
step 02080 (57.1%) | loss: 3.189271 | lrm: 0.86 | dt: 83ms | tok/sec: 791,240 | mfu: 19.1% | epoch: 1 | remaining: 129s    
step 02081 (57.2%) | loss: 3.202260 | lrm: 0.86 | dt: 83ms | tok/sec: 791,147 | mfu: 19.1% | epoch: 1 | remaining: 128s    
step 02082 (57.2%) | loss: 3.196420 | lrm: 0.86 | dt: 83ms | tok/sec: 791,170 | mfu: 19.1% | epoch: 1 | remaining: 128s    
step 02083 (57.2%) | loss: 3.197940 | lrm: 0.86 | dt: 83ms | tok/sec: 791,266 | mfu: 19.1% | epoch: 1 | remaining: 128s    
step 02084 (57.2%) | loss: 3.205150 | lrm: 0.86 | dt: 83ms | tok/sec: 791,252 | mfu: 19.1% | epoch: 1 | remaining: 128s    
step 02085 (57.3%) | loss: 3.201026 | lrm: 0.85 | dt: 83ms | tok/sec: 791,332 | mfu: 19.1% | epoch: 1 | remaining: 128s    
step 02086 (57.3%) | loss: 3.193776 | lrm: 0.85 | dt: 83ms | tok/sec: 791,281 | mfu: 19.1% | epoch: 1 | remaining: 128s    
step 02087 (57.3%) | loss: 3.192837 | lrm: 0.85 | dt: 83ms | tok/sec: 791,077 | mfu: 19.1% | epoch: 1 | remaining: 128s    
step 02088 (57.3%) | loss: 3.195943 | lrm: 0.85 | dt: 83ms | tok/sec: 790,822 | mfu: 19.1% | epoch: 1 | remaining: 128s    
step 02089 (57.4%) | loss: 3.198325 | lrm: 0.85 | dt: 83ms | tok/sec: 790,751 | mfu: 19.1% | epoch: 1 | remaining: 128s    
step 02090 (57.4%) | loss: 3.197483 | lrm: 0.85 | dt: 83ms | tok/sec: 791,297 | mfu: 19.1% | epoch: 1 | remaining: 128s    
step 02091 (57.4%) | loss: 3.188486 | lrm: 0.85 | dt: 83ms | tok/sec: 791,074 | mfu: 19.1% | epoch: 1 | remaining: 128s    
step 02092 (57.5%) | loss: 3.192602 | lrm: 0.85 | dt: 83ms | tok/sec: 791,168 | mfu: 19.1% | epoch: 1 | remaining: 128s    
step 02093 (57.5%) | loss: 3.190678 | lrm: 0.85 | dt: 83ms | tok/sec: 790,908 | mfu: 19.1% | epoch: 1 | remaining: 127s    
step 02094 (57.5%) | loss: 3.183657 | lrm: 0.85 | dt: 83ms | tok/sec: 789,899 | mfu: 19.1% | epoch: 1 | remaining: 127s    
step 02095 (57.5%) | loss: 3.182142 | lrm: 0.85 | dt: 83ms | tok/sec: 786,057 | mfu: 19.0% | epoch: 1 | remaining: 127s    
step 02096 (57.6%) | loss: 3.185449 | lrm: 0.85 | dt: 83ms | tok/sec: 786,707 | mfu: 19.0% | epoch: 1 | remaining: 127s    
step 02097 (57.6%) | loss: 3.185996 | lrm: 0.85 | dt: 83ms | tok/sec: 789,429 | mfu: 19.1% | epoch: 1 | remaining: 127s    
step 02098 (57.6%) | loss: 3.182973 | lrm: 0.85 | dt: 83ms | tok/sec: 786,095 | mfu: 19.0% | epoch: 1 | remaining: 127s    
step 02099 (57.6%) | loss: 3.194183 | lrm: 0.85 | dt: 83ms | tok/sec: 790,201 | mfu: 19.1% | epoch: 1 | remaining: 127s    
step 02100 (57.7%) | loss: 3.193792 | lrm: 0.85 | dt: 83ms | tok/sec: 790,649 | mfu: 19.1% | epoch: 1 | remaining: 127s    
step 02101 (57.7%) | loss: 3.189485 | lrm: 0.85 | dt: 83ms | tok/sec: 790,803 | mfu: 19.1% | epoch: 1 | remaining: 127s    
step 02102 (57.7%) | loss: 3.198735 | lrm: 0.85 | dt: 83ms | tok/sec: 790,929 | mfu: 19.1% | epoch: 1 | remaining: 127s    
step 02103 (57.8%) | loss: 3.196982 | lrm: 0.84 | dt: 83ms | tok/sec: 790,831 | mfu: 19.1% | epoch: 1 | remaining: 127s    
step 02104 (57.8%) | loss: 3.182712 | lrm: 0.84 | dt: 83ms | tok/sec: 790,749 | mfu: 19.1% | epoch: 1 | remaining: 127s    
step 02105 (57.8%) | loss: 3.186044 | lrm: 0.84 | dt: 83ms | tok/sec: 790,783 | mfu: 19.1% | epoch: 1 | remaining: 126s    
step 02106 (57.8%) | loss: 3.185084 | lrm: 0.84 | dt: 83ms | tok/sec: 791,204 | mfu: 19.1% | epoch: 1 | remaining: 126s    
step 02107 (57.9%) | loss: 3.186359 | lrm: 0.84 | dt: 83ms | tok/sec: 790,767 | mfu: 19.1% | epoch: 1 | remaining: 126s    
step 02108 (57.9%) | loss: 3.174089 | lrm: 0.84 | dt: 83ms | tok/sec: 791,074 | mfu: 19.1% | epoch: 1 | remaining: 126s    
step 02109 (57.9%) | loss: 3.177720 | lrm: 0.84 | dt: 83ms | tok/sec: 790,838 | mfu: 19.1% | epoch: 1 | remaining: 126s    
step 02110 (58.0%) | loss: 3.189521 | lrm: 0.84 | dt: 83ms | tok/sec: 790,963 | mfu: 19.1% | epoch: 1 | remaining: 126s    
step 02111 (58.0%) | loss: 3.188547 | lrm: 0.84 | dt: 83ms | tok/sec: 790,117 | mfu: 19.1% | epoch: 1 | remaining: 126s    
step 02112 (58.0%) | loss: 3.185876 | lrm: 0.84 | dt: 83ms | tok/sec: 790,765 | mfu: 19.1% | epoch: 1 | remaining: 126s    
step 02113 (58.0%) | loss: 3.187340 | lrm: 0.84 | dt: 83ms | tok/sec: 790,619 | mfu: 19.1% | epoch: 1 | remaining: 126s    
step 02114 (58.1%) | loss: 3.182908 | lrm: 0.84 | dt: 83ms | tok/sec: 791,072 | mfu: 19.1% | epoch: 1 | remaining: 126s    
step 02115 (58.1%) | loss: 3.177245 | lrm: 0.84 | dt: 83ms | tok/sec: 790,915 | mfu: 19.1% | epoch: 1 | remaining: 126s    
step 02116 (58.1%) | loss: 3.183419 | lrm: 0.84 | dt: 83ms | tok/sec: 790,813 | mfu: 19.1% | epoch: 1 | remaining: 126s    
step 02117 (58.1%) | loss: 3.176797 | lrm: 0.84 | dt: 83ms | tok/sec: 790,924 | mfu: 19.1% | epoch: 1 | remaining: 125s    
step 02118 (58.2%) | loss: 3.178910 | lrm: 0.84 | dt: 83ms | tok/sec: 791,029 | mfu: 19.1% | epoch: 1 | remaining: 125s    
step 02119 (58.2%) | loss: 3.185764 | lrm: 0.84 | dt: 83ms | tok/sec: 791,049 | mfu: 19.1% | epoch: 1 | remaining: 125s    
step 02120 (58.2%) | loss: 3.189170 | lrm: 0.84 | dt: 83ms | tok/sec: 791,343 | mfu: 19.1% | epoch: 1 | remaining: 125s    
step 02121 (58.3%) | loss: 3.196587 | lrm: 0.83 | dt: 83ms | tok/sec: 790,892 | mfu: 19.1% | epoch: 1 | remaining: 125s    
step 02122 (58.3%) | loss: 3.182191 | lrm: 0.83 | dt: 83ms | tok/sec: 790,624 | mfu: 19.1% | epoch: 1 | remaining: 125s    
step 02123 (58.3%) | loss: 3.178084 | lrm: 0.83 | dt: 83ms | tok/sec: 791,070 | mfu: 19.1% | epoch: 1 | remaining: 125s    
step 02124 (58.3%) | loss: 3.171644 | lrm: 0.83 | dt: 83ms | tok/sec: 791,063 | mfu: 19.1% | epoch: 1 | remaining: 125s    
step 02125 (58.4%) | loss: 3.178142 | lrm: 0.83 | dt: 83ms | tok/sec: 791,020 | mfu: 19.1% | epoch: 1 | remaining: 125s    
step 02126 (58.4%) | loss: 3.175329 | lrm: 0.83 | dt: 83ms | tok/sec: 791,086 | mfu: 19.1% | epoch: 1 | remaining: 125s    
step 02127 (58.4%) | loss: 3.179810 | lrm: 0.83 | dt: 83ms | tok/sec: 791,170 | mfu: 19.1% | epoch: 1 | remaining: 125s    
step 02128 (58.4%) | loss: 3.173905 | lrm: 0.83 | dt: 83ms | tok/sec: 791,297 | mfu: 19.1% | epoch: 1 | remaining: 125s    
step 02129 (58.5%) | loss: 3.167593 | lrm: 0.83 | dt: 83ms | tok/sec: 791,056 | mfu: 19.1% | epoch: 1 | remaining: 124s    
step 02130 (58.5%) | loss: 3.181484 | lrm: 0.83 | dt: 83ms | tok/sec: 791,414 | mfu: 19.1% | epoch: 1 | remaining: 124s    
step 02131 (58.5%) | loss: 3.184097 | lrm: 0.83 | dt: 83ms | tok/sec: 791,277 | mfu: 19.1% | epoch: 1 | remaining: 124s    
step 02132 (58.6%) | loss: 3.182473 | lrm: 0.83 | dt: 83ms | tok/sec: 790,749 | mfu: 19.1% | epoch: 1 | remaining: 124s    
step 02133 (58.6%) | loss: 3.178396 | lrm: 0.83 | dt: 83ms | tok/sec: 790,867 | mfu: 19.1% | epoch: 1 | remaining: 124s    
step 02134 (58.6%) | loss: 3.169681 | lrm: 0.83 | dt: 83ms | tok/sec: 791,090 | mfu: 19.1% | epoch: 1 | remaining: 124s    
step 02135 (58.6%) | loss: 3.171168 | lrm: 0.83 | dt: 83ms | tok/sec: 791,161 | mfu: 19.1% | epoch: 1 | remaining: 124s    
step 02136 (58.7%) | loss: 3.174648 | lrm: 0.83 | dt: 83ms | tok/sec: 791,038 | mfu: 19.1% | epoch: 1 | remaining: 124s    
step 02137 (58.7%) | loss: 3.175366 | lrm: 0.83 | dt: 83ms | tok/sec: 791,254 | mfu: 19.1% | epoch: 1 | remaining: 124s    
step 02138 (58.7%) | loss: 3.164174 | lrm: 0.83 | dt: 83ms | tok/sec: 790,794 | mfu: 19.1% | epoch: 1 | remaining: 124s    
step 02139 (58.8%) | loss: 3.166139 | lrm: 0.82 | dt: 83ms | tok/sec: 791,070 | mfu: 19.1% | epoch: 1 | remaining: 124s    
step 02140 (58.8%) | loss: 3.168432 | lrm: 0.82 | dt: 83ms | tok/sec: 791,197 | mfu: 19.1% | epoch: 1 | remaining: 124s    
step 02141 (58.8%) | loss: 3.173118 | lrm: 0.82 | dt: 83ms | tok/sec: 791,236 | mfu: 19.1% | epoch: 1 | remaining: 123s    
step 02142 (58.8%) | loss: 3.163064 | lrm: 0.82 | dt: 83ms | tok/sec: 790,863 | mfu: 19.1% | epoch: 1 | remaining: 123s    
step 02143 (58.9%) | loss: 3.161430 | lrm: 0.82 | dt: 83ms | tok/sec: 791,231 | mfu: 19.1% | epoch: 1 | remaining: 123s    
step 02144 (58.9%) | loss: 3.159294 | lrm: 0.82 | dt: 83ms | tok/sec: 790,956 | mfu: 19.1% | epoch: 1 | remaining: 123s    
step 02145 (58.9%) | loss: 3.164457 | lrm: 0.82 | dt: 83ms | tok/sec: 791,409 | mfu: 19.1% | epoch: 1 | remaining: 123s    
step 02146 (58.9%) | loss: 3.153733 | lrm: 0.82 | dt: 83ms | tok/sec: 791,468 | mfu: 19.1% | epoch: 1 | remaining: 123s    
step 02147 (59.0%) | loss: 3.149259 | lrm: 0.82 | dt: 83ms | tok/sec: 790,762 | mfu: 19.1% | epoch: 1 | remaining: 123s    
step 02148 (59.0%) | loss: 3.146586 | lrm: 0.82 | dt: 83ms | tok/sec: 791,256 | mfu: 19.1% | epoch: 1 | remaining: 123s    
step 02149 (59.0%) | loss: 3.146191 | lrm: 0.82 | dt: 83ms | tok/sec: 791,295 | mfu: 19.1% | epoch: 1 | remaining: 123s    
step 02150 (59.1%) | loss: 3.152593 | lrm: 0.82 | dt: 83ms | tok/sec: 790,826 | mfu: 19.1% | epoch: 1 | remaining: 123s    
step 02151 (59.1%) | loss: 3.161754 | lrm: 0.82 | dt: 83ms | tok/sec: 790,942 | mfu: 19.1% | epoch: 1 | remaining: 123s    
step 02152 (59.1%) | loss: 3.170111 | lrm: 0.82 | dt: 83ms | tok/sec: 791,359 | mfu: 19.1% | epoch: 1 | remaining: 123s    
step 02153 (59.1%) | loss: 3.170235 | lrm: 0.82 | dt: 83ms | tok/sec: 790,869 | mfu: 19.1% | epoch: 1 | remaining: 122s    
step 02154 (59.2%) | loss: 3.178026 | lrm: 0.82 | dt: 83ms | tok/sec: 791,286 | mfu: 19.1% | epoch: 1 | remaining: 122s    
step 02155 (59.2%) | loss: 3.173885 | lrm: 0.82 | dt: 83ms | tok/sec: 791,017 | mfu: 19.1% | epoch: 1 | remaining: 122s    
step 02156 (59.2%) | loss: 3.177630 | lrm: 0.82 | dt: 83ms | tok/sec: 791,056 | mfu: 19.1% | epoch: 1 | remaining: 122s    
step 02157 (59.3%) | loss: 3.174198 | lrm: 0.81 | dt: 83ms | tok/sec: 791,077 | mfu: 19.1% | epoch: 1 | remaining: 122s    
step 02158 (59.3%) | loss: 3.168397 | lrm: 0.81 | dt: 83ms | tok/sec: 791,165 | mfu: 19.1% | epoch: 1 | remaining: 122s    
step 02159 (59.3%) | loss: 3.162394 | lrm: 0.81 | dt: 83ms | tok/sec: 791,193 | mfu: 19.1% | epoch: 1 | remaining: 122s    
step 02160 (59.3%) | loss: 3.158591 | lrm: 0.81 | dt: 83ms | tok/sec: 790,717 | mfu: 19.1% | epoch: 1 | remaining: 122s    
step 02161 (59.4%) | loss: 3.168981 | lrm: 0.81 | dt: 83ms | tok/sec: 791,158 | mfu: 19.1% | epoch: 1 | remaining: 122s    
step 02162 (59.4%) | loss: 3.173274 | lrm: 0.81 | dt: 83ms | tok/sec: 791,163 | mfu: 19.1% | epoch: 1 | remaining: 122s    
step 02163 (59.4%) | loss: 3.168184 | lrm: 0.81 | dt: 83ms | tok/sec: 791,279 | mfu: 19.1% | epoch: 1 | remaining: 122s    
step 02164 (59.4%) | loss: 3.168258 | lrm: 0.81 | dt: 83ms | tok/sec: 791,288 | mfu: 19.1% | epoch: 1 | remaining: 122s    
step 02165 (59.5%) | loss: 3.168906 | lrm: 0.81 | dt: 83ms | tok/sec: 791,318 | mfu: 19.1% | epoch: 1 | remaining: 122s    
step 02166 (59.5%) | loss: 3.171714 | lrm: 0.81 | dt: 83ms | tok/sec: 791,136 | mfu: 19.1% | epoch: 1 | remaining: 121s    
step 02167 (59.5%) | loss: 3.174560 | lrm: 0.81 | dt: 83ms | tok/sec: 791,140 | mfu: 19.1% | epoch: 1 | remaining: 121s    
step 02168 (59.6%) | loss: 3.176880 | lrm: 0.81 | dt: 83ms | tok/sec: 791,566 | mfu: 19.1% | epoch: 1 | remaining: 121s    
step 02169 (59.6%) | loss: 3.170810 | lrm: 0.81 | dt: 83ms | tok/sec: 790,942 | mfu: 19.1% | epoch: 1 | remaining: 121s    
step 02170 (59.6%) | loss: 3.167792 | lrm: 0.81 | dt: 83ms | tok/sec: 790,692 | mfu: 19.1% | epoch: 1 | remaining: 121s    
step 02171 (59.6%) | loss: 3.161938 | lrm: 0.81 | dt: 83ms | tok/sec: 791,108 | mfu: 19.1% | epoch: 1 | remaining: 121s    
step 02172 (59.7%) | loss: 3.164258 | lrm: 0.81 | dt: 83ms | tok/sec: 791,366 | mfu: 19.1% | epoch: 1 | remaining: 121s    
step 02173 (59.7%) | loss: 3.168974 | lrm: 0.81 | dt: 83ms | tok/sec: 791,136 | mfu: 19.1% | epoch: 1 | remaining: 121s    
step 02174 (59.7%) | loss: 3.171050 | lrm: 0.81 | dt: 83ms | tok/sec: 791,161 | mfu: 19.1% | epoch: 1 | remaining: 121s    
step 02175 (59.7%) | loss: 3.167339 | lrm: 0.81 | dt: 83ms | tok/sec: 791,158 | mfu: 19.1% | epoch: 1 | remaining: 121s    
step 02176 (59.8%) | loss: 3.172686 | lrm: 0.80 | dt: 83ms | tok/sec: 791,343 | mfu: 19.1% | epoch: 1 | remaining: 121s    
step 02177 (59.8%) | loss: 3.165411 | lrm: 0.80 | dt: 83ms | tok/sec: 790,954 | mfu: 19.1% | epoch: 1 | remaining: 121s    
step 02178 (59.8%) | loss: 3.167303 | lrm: 0.80 | dt: 83ms | tok/sec: 791,061 | mfu: 19.1% | epoch: 1 | remaining: 120s    
step 02179 (59.9%) | loss: 3.175778 | lrm: 0.80 | dt: 83ms | tok/sec: 790,747 | mfu: 19.1% | epoch: 1 | remaining: 120s    
step 02180 (59.9%) | loss: 3.171560 | lrm: 0.80 | dt: 83ms | tok/sec: 791,038 | mfu: 19.1% | epoch: 1 | remaining: 120s    
step 02181 (59.9%) | loss: 3.180867 | lrm: 0.80 | dt: 83ms | tok/sec: 791,013 | mfu: 19.1% | epoch: 1 | remaining: 120s    
step 02182 (59.9%) | loss: 3.179922 | lrm: 0.80 | dt: 83ms | tok/sec: 791,211 | mfu: 19.1% | epoch: 1 | remaining: 120s    
step 02183 (60.0%) | loss: 3.182168 | lrm: 0.80 | dt: 83ms | tok/sec: 791,161 | mfu: 19.1% | epoch: 1 | remaining: 120s    
step 02184 (60.0%) | loss: 3.179426 | lrm: 0.80 | dt: 83ms | tok/sec: 791,418 | mfu: 19.1% | epoch: 1 | remaining: 120s    
step 02185 (60.0%) | loss: 3.176626 | lrm: 0.80 | dt: 83ms | tok/sec: 791,496 | mfu: 19.1% | epoch: 1 | remaining: 120s    
step 02186 (60.1%) | loss: 3.173206 | lrm: 0.80 | dt: 83ms | tok/sec: 791,322 | mfu: 19.1% | epoch: 1 | remaining: 120s    
step 02187 (60.1%) | loss: 3.178920 | lrm: 0.80 | dt: 83ms | tok/sec: 791,361 | mfu: 19.1% | epoch: 1 | remaining: 120s    
step 02188 (60.1%) | loss: 3.176424 | lrm: 0.80 | dt: 83ms | tok/sec: 790,954 | mfu: 19.1% | epoch: 1 | remaining: 120s    
step 02189 (60.1%) | loss: 3.170565 | lrm: 0.80 | dt: 83ms | tok/sec: 791,343 | mfu: 19.1% | epoch: 1 | remaining: 120s    
step 02190 (60.2%) | loss: 3.168529 | lrm: 0.80 | dt: 83ms | tok/sec: 790,669 | mfu: 19.1% | epoch: 1 | remaining: 119s    
step 02191 (60.2%) | loss: 3.166218 | lrm: 0.80 | dt: 83ms | tok/sec: 791,099 | mfu: 19.1% | epoch: 1 | remaining: 119s    
step 02192 (60.2%) | loss: 3.162870 | lrm: 0.80 | dt: 83ms | tok/sec: 791,045 | mfu: 19.1% | epoch: 1 | remaining: 119s    
step 02193 (60.2%) | loss: 3.161512 | lrm: 0.80 | dt: 83ms | tok/sec: 791,222 | mfu: 19.1% | epoch: 1 | remaining: 119s    
step 02194 (60.3%) | loss: 3.163520 | lrm: 0.79 | dt: 83ms | tok/sec: 790,810 | mfu: 19.1% | epoch: 1 | remaining: 119s    
step 02195 (60.3%) | loss: 3.167787 | lrm: 0.79 | dt: 83ms | tok/sec: 791,509 | mfu: 19.1% | epoch: 1 | remaining: 119s    
step 02196 (60.3%) | loss: 3.166093 | lrm: 0.79 | dt: 83ms | tok/sec: 791,115 | mfu: 19.1% | epoch: 1 | remaining: 119s    
step 02197 (60.4%) | loss: 3.169621 | lrm: 0.79 | dt: 83ms | tok/sec: 790,794 | mfu: 19.1% | epoch: 1 | remaining: 119s    
step 02198 (60.4%) | loss: 3.171485 | lrm: 0.79 | dt: 83ms | tok/sec: 790,724 | mfu: 19.1% | epoch: 1 | remaining: 119s    
step 02199 (60.4%) | loss: 3.162714 | lrm: 0.79 | dt: 83ms | tok/sec: 791,024 | mfu: 19.1% | epoch: 1 | remaining: 119s    
step 02200 (60.4%) | loss: 3.164796 | lrm: 0.79 | dt: 83ms | tok/sec: 791,163 | mfu: 19.1% | epoch: 1 | remaining: 119s    
step 02201 (60.5%) | loss: 3.170709 | lrm: 0.79 | dt: 83ms | tok/sec: 790,833 | mfu: 19.1% | epoch: 1 | remaining: 119s    
step 02202 (60.5%) | loss: 3.158370 | lrm: 0.79 | dt: 83ms | tok/sec: 791,120 | mfu: 19.1% | epoch: 1 | remaining: 118s    
step 02203 (60.5%) | loss: 3.168122 | lrm: 0.79 | dt: 83ms | tok/sec: 791,081 | mfu: 19.1% | epoch: 1 | remaining: 118s    
step 02204 (60.5%) | loss: 3.170721 | lrm: 0.79 | dt: 83ms | tok/sec: 791,231 | mfu: 19.1% | epoch: 1 | remaining: 118s    
step 02205 (60.6%) | loss: 3.160600 | lrm: 0.79 | dt: 83ms | tok/sec: 790,840 | mfu: 19.1% | epoch: 1 | remaining: 118s    
step 02206 (60.6%) | loss: 3.159924 | lrm: 0.79 | dt: 83ms | tok/sec: 790,697 | mfu: 19.1% | epoch: 1 | remaining: 118s    
step 02207 (60.6%) | loss: 3.154368 | lrm: 0.79 | dt: 83ms | tok/sec: 791,029 | mfu: 19.1% | epoch: 1 | remaining: 118s    
step 02208 (60.7%) | loss: 3.157190 | lrm: 0.79 | dt: 83ms | tok/sec: 789,810 | mfu: 19.1% | epoch: 1 | remaining: 118s    
step 02209 (60.7%) | loss: 3.157826 | lrm: 0.79 | dt: 83ms | tok/sec: 785,861 | mfu: 19.0% | epoch: 1 | remaining: 118s    
step 02210 (60.7%) | loss: 3.157879 | lrm: 0.79 | dt: 83ms | tok/sec: 790,242 | mfu: 19.1% | epoch: 1 | remaining: 118s    
step 02211 (60.7%) | loss: 3.153717 | lrm: 0.79 | dt: 83ms | tok/sec: 790,287 | mfu: 19.1% | epoch: 1 | remaining: 118s    
step 02212 (60.8%) | loss: 3.158522 | lrm: 0.78 | dt: 83ms | tok/sec: 790,885 | mfu: 19.1% | epoch: 1 | remaining: 118s    
step 02213 (60.8%) | loss: 3.168927 | lrm: 0.78 | dt: 83ms | tok/sec: 791,231 | mfu: 19.1% | epoch: 1 | remaining: 118s    
step 02214 (60.8%) | loss: 3.170631 | lrm: 0.78 | dt: 83ms | tok/sec: 791,400 | mfu: 19.1% | epoch: 1 | remaining: 117s    
step 02215 (60.9%) | loss: 3.177094 | lrm: 0.78 | dt: 83ms | tok/sec: 791,029 | mfu: 19.1% | epoch: 1 | remaining: 117s    
step 02216 (60.9%) | loss: 3.180572 | lrm: 0.78 | dt: 83ms | tok/sec: 791,111 | mfu: 19.1% | epoch: 1 | remaining: 117s    
step 02217 (60.9%) | loss: 3.177121 | lrm: 0.78 | dt: 83ms | tok/sec: 790,772 | mfu: 19.1% | epoch: 1 | remaining: 117s    
step 02218 (60.9%) | loss: 3.166286 | lrm: 0.78 | dt: 83ms | tok/sec: 791,184 | mfu: 19.1% | epoch: 1 | remaining: 117s    
step 02219 (61.0%) | loss: 3.166224 | lrm: 0.78 | dt: 83ms | tok/sec: 790,865 | mfu: 19.1% | epoch: 1 | remaining: 117s    
step 02220 (61.0%) | loss: 3.174890 | lrm: 0.78 | dt: 83ms | tok/sec: 791,133 | mfu: 19.1% | epoch: 1 | remaining: 117s    
step 02221 (61.0%) | loss: 3.162361 | lrm: 0.78 | dt: 83ms | tok/sec: 791,245 | mfu: 19.1% | epoch: 1 | remaining: 117s    
step 02222 (61.0%) | loss: 3.160324 | lrm: 0.78 | dt: 83ms | tok/sec: 791,026 | mfu: 19.1% | epoch: 1 | remaining: 117s    
step 02223 (61.1%) | loss: 3.160243 | lrm: 0.78 | dt: 83ms | tok/sec: 791,455 | mfu: 19.1% | epoch: 1 | remaining: 117s    
step 02224 (61.1%) | loss: 3.165164 | lrm: 0.78 | dt: 83ms | tok/sec: 790,963 | mfu: 19.1% | epoch: 1 | remaining: 117s    
step 02225 (61.1%) | loss: 3.167329 | lrm: 0.78 | dt: 83ms | tok/sec: 791,097 | mfu: 19.1% | epoch: 1 | remaining: 117s    
step 02226 (61.2%) | loss: 3.178155 | lrm: 0.78 | dt: 83ms | tok/sec: 791,186 | mfu: 19.1% | epoch: 1 | remaining: 116s    
step 02227 (61.2%) | loss: 3.168799 | lrm: 0.78 | dt: 83ms | tok/sec: 791,152 | mfu: 19.1% | epoch: 1 | remaining: 116s    
step 02228 (61.2%) | loss: 3.168786 | lrm: 0.78 | dt: 83ms | tok/sec: 791,518 | mfu: 19.1% | epoch: 1 | remaining: 116s    
step 02229 (61.2%) | loss: 3.158445 | lrm: 0.78 | dt: 83ms | tok/sec: 791,357 | mfu: 19.1% | epoch: 1 | remaining: 116s    
step 02230 (61.3%) | loss: 3.161470 | lrm: 0.77 | dt: 83ms | tok/sec: 791,277 | mfu: 19.1% | epoch: 1 | remaining: 116s    
step 02231 (61.3%) | loss: 3.158933 | lrm: 0.77 | dt: 83ms | tok/sec: 790,897 | mfu: 19.1% | epoch: 1 | remaining: 116s    
step 02232 (61.3%) | loss: 3.156908 | lrm: 0.77 | dt: 83ms | tok/sec: 791,170 | mfu: 19.1% | epoch: 1 | remaining: 116s    
step 02233 (61.3%) | loss: 3.163194 | lrm: 0.77 | dt: 83ms | tok/sec: 791,186 | mfu: 19.1% | epoch: 1 | remaining: 116s    
step 02234 (61.4%) | loss: 3.162239 | lrm: 0.77 | dt: 83ms | tok/sec: 790,933 | mfu: 19.1% | epoch: 1 | remaining: 116s    
step 02235 (61.4%) | loss: 3.161275 | lrm: 0.77 | dt: 83ms | tok/sec: 791,332 | mfu: 19.1% | epoch: 1 | remaining: 116s    
step 02236 (61.4%) | loss: 3.174181 | lrm: 0.77 | dt: 83ms | tok/sec: 790,929 | mfu: 19.1% | epoch: 1 | remaining: 116s    
step 02237 (61.5%) | loss: 3.169587 | lrm: 0.77 | dt: 83ms | tok/sec: 791,266 | mfu: 19.1% | epoch: 1 | remaining: 116s    
step 02238 (61.5%) | loss: 3.170004 | lrm: 0.77 | dt: 83ms | tok/sec: 790,849 | mfu: 19.1% | epoch: 1 | remaining: 115s    
step 02239 (61.5%) | loss: 3.165950 | lrm: 0.77 | dt: 83ms | tok/sec: 791,051 | mfu: 19.1% | epoch: 1 | remaining: 115s    
step 02240 (61.5%) | loss: 3.158311 | lrm: 0.77 | dt: 83ms | tok/sec: 791,129 | mfu: 19.1% | epoch: 1 | remaining: 115s    
step 02241 (61.6%) | loss: 3.164026 | lrm: 0.77 | dt: 83ms | tok/sec: 790,844 | mfu: 19.1% | epoch: 1 | remaining: 115s    
step 02242 (61.6%) | loss: 3.158788 | lrm: 0.77 | dt: 83ms | tok/sec: 791,154 | mfu: 19.1% | epoch: 1 | remaining: 115s    
step 02243 (61.6%) | loss: 3.161044 | lrm: 0.77 | dt: 83ms | tok/sec: 791,206 | mfu: 19.1% | epoch: 1 | remaining: 115s    
step 02244 (61.7%) | loss: 3.155386 | lrm: 0.77 | dt: 83ms | tok/sec: 791,033 | mfu: 19.1% | epoch: 1 | remaining: 115s    
step 02245 (61.7%) | loss: 3.156048 | lrm: 0.77 | dt: 83ms | tok/sec: 791,250 | mfu: 19.1% | epoch: 1 | remaining: 115s    
step 02246 (61.7%) | loss: 3.156579 | lrm: 0.77 | dt: 83ms | tok/sec: 791,063 | mfu: 19.1% | epoch: 1 | remaining: 115s    
step 02247 (61.7%) | loss: 3.161508 | lrm: 0.77 | dt: 83ms | tok/sec: 790,901 | mfu: 19.1% | epoch: 1 | remaining: 115s    
step 02248 (61.8%) | loss: 3.171557 | lrm: 0.76 | dt: 83ms | tok/sec: 791,190 | mfu: 19.1% | epoch: 1 | remaining: 115s    
step 02249 (61.8%) | loss: 3.168475 | lrm: 0.76 | dt: 83ms | tok/sec: 790,671 | mfu: 19.1% | epoch: 1 | remaining: 115s    
step 02250 (61.8%) | loss: 3.170221 | lrm: 0.76 | dt: 83ms | tok/sec: 791,694 | mfu: 19.1% | epoch: 1 | remaining: 114s    
step 02251 (61.8%) | loss: 3.165605 | lrm: 0.76 | dt: 83ms | tok/sec: 791,177 | mfu: 19.1% | epoch: 1 | remaining: 114s    
step 02252 (61.9%) | loss: 3.170338 | lrm: 0.76 | dt: 83ms | tok/sec: 791,259 | mfu: 19.1% | epoch: 1 | remaining: 114s    
step 02253 (61.9%) | loss: 3.170822 | lrm: 0.76 | dt: 83ms | tok/sec: 791,092 | mfu: 19.1% | epoch: 1 | remaining: 114s    
step 02254 (61.9%) | loss: 3.170616 | lrm: 0.76 | dt: 83ms | tok/sec: 790,712 | mfu: 19.1% | epoch: 1 | remaining: 114s    
step 02255 (62.0%) | loss: 3.167103 | lrm: 0.76 | dt: 83ms | tok/sec: 790,813 | mfu: 19.1% | epoch: 1 | remaining: 114s    
step 02256 (62.0%) | loss: 3.175697 | lrm: 0.76 | dt: 83ms | tok/sec: 791,168 | mfu: 19.1% | epoch: 1 | remaining: 114s    
step 02257 (62.0%) | loss: 3.175809 | lrm: 0.76 | dt: 83ms | tok/sec: 791,338 | mfu: 19.1% | epoch: 1 | remaining: 114s    
step 02258 (62.0%) | loss: 3.171615 | lrm: 0.76 | dt: 83ms | tok/sec: 791,092 | mfu: 19.1% | epoch: 1 | remaining: 114s    
step 02259 (62.1%) | loss: 3.175854 | lrm: 0.76 | dt: 83ms | tok/sec: 791,270 | mfu: 19.1% | epoch: 1 | remaining: 114s    
step 02260 (62.1%) | loss: 3.167354 | lrm: 0.76 | dt: 83ms | tok/sec: 791,158 | mfu: 19.1% | epoch: 1 | remaining: 114s    
step 02261 (62.1%) | loss: 3.172666 | lrm: 0.76 | dt: 83ms | tok/sec: 791,140 | mfu: 19.1% | epoch: 1 | remaining: 114s    
step 02262 (62.2%) | loss: 3.172582 | lrm: 0.76 | dt: 83ms | tok/sec: 791,170 | mfu: 19.1% | epoch: 1 | remaining: 113s    
step 02263 (62.2%) | loss: 3.167000 | lrm: 0.76 | dt: 83ms | tok/sec: 791,434 | mfu: 19.1% | epoch: 1 | remaining: 113s    
step 02264 (62.2%) | loss: 3.168594 | lrm: 0.76 | dt: 83ms | tok/sec: 791,058 | mfu: 19.1% | epoch: 1 | remaining: 113s    
step 02265 (62.2%) | loss: 3.160710 | lrm: 0.76 | dt: 83ms | tok/sec: 791,070 | mfu: 19.1% | epoch: 1 | remaining: 113s    
step 02266 (62.3%) | loss: 3.161600 | lrm: 0.75 | dt: 83ms | tok/sec: 791,332 | mfu: 19.1% | epoch: 1 | remaining: 113s    
step 02267 (62.3%) | loss: 3.159902 | lrm: 0.75 | dt: 83ms | tok/sec: 791,256 | mfu: 19.1% | epoch: 1 | remaining: 113s    
step 02268 (62.3%) | loss: 3.165725 | lrm: 0.75 | dt: 83ms | tok/sec: 791,338 | mfu: 19.1% | epoch: 1 | remaining: 113s    
step 02269 (62.3%) | loss: 3.167072 | lrm: 0.75 | dt: 83ms | tok/sec: 791,074 | mfu: 19.1% | epoch: 1 | remaining: 113s    
step 02270 (62.4%) | loss: 3.158229 | lrm: 0.75 | dt: 83ms | tok/sec: 791,382 | mfu: 19.1% | epoch: 1 | remaining: 113s    
step 02271 (62.4%) | loss: 3.164354 | lrm: 0.75 | dt: 83ms | tok/sec: 791,049 | mfu: 19.1% | epoch: 1 | remaining: 113s    
step 02272 (62.4%) | loss: 3.162818 | lrm: 0.75 | dt: 83ms | tok/sec: 791,222 | mfu: 19.1% | epoch: 1 | remaining: 113s    
step 02273 (62.5%) | loss: 3.170623 | lrm: 0.75 | dt: 83ms | tok/sec: 790,979 | mfu: 19.1% | epoch: 1 | remaining: 113s    
step 02274 (62.5%) | loss: 3.170959 | lrm: 0.75 | dt: 83ms | tok/sec: 791,147 | mfu: 19.1% | epoch: 1 | remaining: 112s    
step 02275 (62.5%) | loss: 3.164646 | lrm: 0.75 | dt: 83ms | tok/sec: 791,131 | mfu: 19.1% | epoch: 1 | remaining: 112s    
step 02276 (62.5%) | loss: 3.154063 | lrm: 0.75 | dt: 83ms | tok/sec: 790,938 | mfu: 19.1% | epoch: 1 | remaining: 112s    
step 02277 (62.6%) | loss: 3.151063 | lrm: 0.75 | dt: 83ms | tok/sec: 791,086 | mfu: 19.1% | epoch: 1 | remaining: 112s    
step 02278 (62.6%) | loss: 3.157038 | lrm: 0.75 | dt: 83ms | tok/sec: 791,204 | mfu: 19.1% | epoch: 1 | remaining: 112s    
step 02279 (62.6%) | loss: 3.156184 | lrm: 0.75 | dt: 83ms | tok/sec: 791,423 | mfu: 19.1% | epoch: 1 | remaining: 112s    
step 02280 (62.6%) | loss: 3.152411 | lrm: 0.75 | dt: 83ms | tok/sec: 790,967 | mfu: 19.1% | epoch: 1 | remaining: 112s    
step 02281 (62.7%) | loss: 3.144814 | lrm: 0.75 | dt: 83ms | tok/sec: 791,293 | mfu: 19.1% | epoch: 1 | remaining: 112s    
step 02282 (62.7%) | loss: 3.150218 | lrm: 0.75 | dt: 83ms | tok/sec: 791,090 | mfu: 19.1% | epoch: 1 | remaining: 112s    
step 02283 (62.7%) | loss: 3.154747 | lrm: 0.75 | dt: 83ms | tok/sec: 791,281 | mfu: 19.1% | epoch: 1 | remaining: 112s    
step 02284 (62.8%) | loss: 3.151241 | lrm: 0.74 | dt: 83ms | tok/sec: 790,637 | mfu: 19.1% | epoch: 1 | remaining: 112s    
step 02285 (62.8%) | loss: 3.156159 | lrm: 0.74 | dt: 83ms | tok/sec: 790,910 | mfu: 19.1% | epoch: 1 | remaining: 112s    
step 02286 (62.8%) | loss: 3.149193 | lrm: 0.74 | dt: 83ms | tok/sec: 791,088 | mfu: 19.1% | epoch: 1 | remaining: 111s    
step 02287 (62.8%) | loss: 3.151390 | lrm: 0.74 | dt: 83ms | tok/sec: 791,790 | mfu: 19.1% | epoch: 1 | remaining: 111s    
step 02288 (62.9%) | loss: 3.154874 | lrm: 0.74 | dt: 83ms | tok/sec: 791,102 | mfu: 19.1% | epoch: 1 | remaining: 111s    
step 02289 (62.9%) | loss: 3.160121 | lrm: 0.74 | dt: 83ms | tok/sec: 791,102 | mfu: 19.1% | epoch: 1 | remaining: 111s    
step 02290 (62.9%) | loss: 3.162109 | lrm: 0.74 | dt: 83ms | tok/sec: 790,983 | mfu: 19.1% | epoch: 1 | remaining: 111s    
step 02291 (63.0%) | loss: 3.157819 | lrm: 0.74 | dt: 83ms | tok/sec: 790,803 | mfu: 19.1% | epoch: 1 | remaining: 111s    
step 02292 (63.0%) | loss: 3.157042 | lrm: 0.74 | dt: 83ms | tok/sec: 790,826 | mfu: 19.1% | epoch: 1 | remaining: 111s    
step 02293 (63.0%) | loss: 3.160739 | lrm: 0.74 | dt: 83ms | tok/sec: 790,983 | mfu: 19.1% | epoch: 1 | remaining: 111s    
step 02294 (63.0%) | loss: 3.154801 | lrm: 0.74 | dt: 83ms | tok/sec: 791,129 | mfu: 19.1% | epoch: 1 | remaining: 111s    
step 02295 (63.1%) | loss: 3.156577 | lrm: 0.74 | dt: 83ms | tok/sec: 791,338 | mfu: 19.1% | epoch: 1 | remaining: 111s    
step 02296 (63.1%) | loss: 3.152522 | lrm: 0.74 | dt: 83ms | tok/sec: 791,193 | mfu: 19.1% | epoch: 1 | remaining: 111s    
step 02297 (63.1%) | loss: 3.140309 | lrm: 0.74 | dt: 83ms | tok/sec: 791,177 | mfu: 19.1% | epoch: 1 | remaining: 111s    
step 02298 (63.1%) | loss: 3.146451 | lrm: 0.74 | dt: 83ms | tok/sec: 791,145 | mfu: 19.1% | epoch: 1 | remaining: 110s    
step 02299 (63.2%) | loss: 3.144506 | lrm: 0.74 | dt: 83ms | tok/sec: 790,940 | mfu: 19.1% | epoch: 1 | remaining: 110s    
step 02300 (63.2%) | loss: 3.144453 | lrm: 0.74 | dt: 83ms | tok/sec: 791,026 | mfu: 19.1% | epoch: 1 | remaining: 110s    
step 02301 (63.2%) | loss: 3.132689 | lrm: 0.74 | dt: 83ms | tok/sec: 790,847 | mfu: 19.1% | epoch: 1 | remaining: 110s    
step 02302 (63.3%) | loss: 3.145046 | lrm: 0.73 | dt: 83ms | tok/sec: 790,762 | mfu: 19.1% | epoch: 1 | remaining: 110s    
step 02303 (63.3%) | loss: 3.145869 | lrm: 0.73 | dt: 83ms | tok/sec: 791,033 | mfu: 19.1% | epoch: 1 | remaining: 110s    
step 02304 (63.3%) | loss: 3.142313 | lrm: 0.73 | dt: 83ms | tok/sec: 791,174 | mfu: 19.1% | epoch: 1 | remaining: 110s    
step 02305 (63.3%) | loss: 3.144241 | lrm: 0.73 | dt: 83ms | tok/sec: 791,252 | mfu: 19.1% | epoch: 1 | remaining: 110s    
step 02306 (63.4%) | loss: 3.144056 | lrm: 0.73 | dt: 83ms | tok/sec: 791,459 | mfu: 19.1% | epoch: 1 | remaining: 110s    
step 02307 (63.4%) | loss: 3.144847 | lrm: 0.73 | dt: 83ms | tok/sec: 791,138 | mfu: 19.1% | epoch: 1 | remaining: 110s    
step 02308 (63.4%) | loss: 3.157583 | lrm: 0.73 | dt: 83ms | tok/sec: 791,186 | mfu: 19.1% | epoch: 1 | remaining: 110s    
step 02309 (63.4%) | loss: 3.150538 | lrm: 0.73 | dt: 83ms | tok/sec: 791,673 | mfu: 19.1% | epoch: 1 | remaining: 110s    
step 02310 (63.5%) | loss: 3.152404 | lrm: 0.73 | dt: 83ms | tok/sec: 791,038 | mfu: 19.1% | epoch: 1 | remaining: 109s    
step 02311 (63.5%) | loss: 3.163680 | lrm: 0.73 | dt: 83ms | tok/sec: 791,102 | mfu: 19.1% | epoch: 1 | remaining: 109s    
step 02312 (63.5%) | loss: 3.170101 | lrm: 0.73 | dt: 83ms | tok/sec: 791,033 | mfu: 19.1% | epoch: 1 | remaining: 109s    
step 02313 (63.6%) | loss: 3.175701 | lrm: 0.73 | dt: 83ms | tok/sec: 791,307 | mfu: 19.1% | epoch: 1 | remaining: 109s    
step 02314 (63.6%) | loss: 3.169621 | lrm: 0.73 | dt: 83ms | tok/sec: 791,051 | mfu: 19.1% | epoch: 1 | remaining: 109s    
step 02315 (63.6%) | loss: 3.170592 | lrm: 0.73 | dt: 83ms | tok/sec: 791,095 | mfu: 19.1% | epoch: 1 | remaining: 109s    
step 02316 (63.6%) | loss: 3.155476 | lrm: 0.73 | dt: 83ms | tok/sec: 791,049 | mfu: 19.1% | epoch: 1 | remaining: 109s    
step 02317 (63.7%) | loss: 3.152569 | lrm: 0.73 | dt: 83ms | tok/sec: 791,218 | mfu: 19.1% | epoch: 1 | remaining: 109s    
step 02318 (63.7%) | loss: 3.151912 | lrm: 0.73 | dt: 83ms | tok/sec: 791,045 | mfu: 19.1% | epoch: 1 | remaining: 109s    
step 02319 (63.7%) | loss: 3.158593 | lrm: 0.73 | dt: 83ms | tok/sec: 791,587 | mfu: 19.1% | epoch: 1 | remaining: 109s    
step 02320 (63.8%) | loss: 3.144990 | lrm: 0.72 | dt: 83ms | tok/sec: 791,011 | mfu: 19.1% | epoch: 1 | remaining: 109s    
step 02321 (63.8%) | loss: 3.139807 | lrm: 0.72 | dt: 83ms | tok/sec: 790,919 | mfu: 19.1% | epoch: 1 | remaining: 109s    
step 02322 (63.8%) | loss: 3.144035 | lrm: 0.72 | dt: 83ms | tok/sec: 790,899 | mfu: 19.1% | epoch: 1 | remaining: 108s    
step 02323 (63.8%) | loss: 3.151543 | lrm: 0.72 | dt: 83ms | tok/sec: 790,831 | mfu: 19.1% | epoch: 1 | remaining: 108s    
step 02324 (63.9%) | loss: 3.148412 | lrm: 0.72 | dt: 83ms | tok/sec: 791,097 | mfu: 19.1% | epoch: 1 | remaining: 108s    
step 02325 (63.9%) | loss: 3.145223 | lrm: 0.72 | dt: 83ms | tok/sec: 791,414 | mfu: 19.1% | epoch: 1 | remaining: 108s    
step 02326 (63.9%) | loss: 3.140051 | lrm: 0.72 | dt: 83ms | tok/sec: 791,170 | mfu: 19.1% | epoch: 1 | remaining: 108s    
step 02327 (63.9%) | loss: 3.143790 | lrm: 0.72 | dt: 83ms | tok/sec: 791,430 | mfu: 19.1% | epoch: 1 | remaining: 108s    
step 02328 (64.0%) | loss: 3.159191 | lrm: 0.72 | dt: 83ms | tok/sec: 791,528 | mfu: 19.1% | epoch: 1 | remaining: 108s    
step 02329 (64.0%) | loss: 3.160066 | lrm: 0.72 | dt: 83ms | tok/sec: 791,252 | mfu: 19.1% | epoch: 1 | remaining: 108s    
step 02330 (64.0%) | loss: 3.162762 | lrm: 0.72 | dt: 83ms | tok/sec: 791,147 | mfu: 19.1% | epoch: 1 | remaining: 108s    
step 02331 (64.1%) | loss: 3.154974 | lrm: 0.72 | dt: 83ms | tok/sec: 791,320 | mfu: 19.1% | epoch: 1 | remaining: 108s    
step 02332 (64.1%) | loss: 3.151363 | lrm: 0.72 | dt: 83ms | tok/sec: 791,140 | mfu: 19.1% | epoch: 1 | remaining: 108s    
step 02333 (64.1%) | loss: 3.157370 | lrm: 0.72 | dt: 83ms | tok/sec: 791,184 | mfu: 19.1% | epoch: 1 | remaining: 108s    
step 02334 (64.1%) | loss: 3.143136 | lrm: 0.72 | dt: 83ms | tok/sec: 791,049 | mfu: 19.1% | epoch: 1 | remaining: 108s    
step 02335 (64.2%) | loss: 3.150208 | lrm: 0.72 | dt: 83ms | tok/sec: 790,890 | mfu: 19.1% | epoch: 1 | remaining: 107s    
step 02336 (64.2%) | loss: 3.141971 | lrm: 0.72 | dt: 83ms | tok/sec: 790,894 | mfu: 19.1% | epoch: 1 | remaining: 107s    
step 02337 (64.2%) | loss: 3.138039 | lrm: 0.72 | dt: 83ms | tok/sec: 791,120 | mfu: 19.1% | epoch: 1 | remaining: 107s    
step 02338 (64.2%) | loss: 3.134089 | lrm: 0.72 | dt: 83ms | tok/sec: 791,329 | mfu: 19.1% | epoch: 1 | remaining: 107s    
step 02339 (64.3%) | loss: 3.124533 | lrm: 0.71 | dt: 83ms | tok/sec: 791,407 | mfu: 19.1% | epoch: 1 | remaining: 107s    
step 02340 (64.3%) | loss: 3.125210 | lrm: 0.71 | dt: 83ms | tok/sec: 790,858 | mfu: 19.1% | epoch: 1 | remaining: 107s    
step 02341 (64.3%) | loss: 3.123408 | lrm: 0.71 | dt: 83ms | tok/sec: 791,307 | mfu: 19.1% | epoch: 1 | remaining: 107s    
step 02342 (64.4%) | loss: 3.134399 | lrm: 0.71 | dt: 83ms | tok/sec: 791,067 | mfu: 19.1% | epoch: 1 | remaining: 107s    
step 02343 (64.4%) | loss: 3.127354 | lrm: 0.71 | dt: 83ms | tok/sec: 791,370 | mfu: 19.1% | epoch: 1 | remaining: 107s    
step 02344 (64.4%) | loss: 3.124158 | lrm: 0.71 | dt: 83ms | tok/sec: 791,127 | mfu: 19.1% | epoch: 1 | remaining: 107s    
step 02345 (64.4%) | loss: 3.117301 | lrm: 0.71 | dt: 83ms | tok/sec: 790,885 | mfu: 19.1% | epoch: 1 | remaining: 107s    
step 02346 (64.5%) | loss: 3.121406 | lrm: 0.71 | dt: 83ms | tok/sec: 790,756 | mfu: 19.1% | epoch: 1 | remaining: 107s    
step 02347 (64.5%) | loss: 3.112608 | lrm: 0.71 | dt: 83ms | tok/sec: 791,088 | mfu: 19.1% | epoch: 1 | remaining: 106s    
step 02348 (64.5%) | loss: 3.110507 | lrm: 0.71 | dt: 83ms | tok/sec: 791,261 | mfu: 19.1% | epoch: 1 | remaining: 106s    
step 02349 (64.6%) | loss: 3.110491 | lrm: 0.71 | dt: 83ms | tok/sec: 791,077 | mfu: 19.1% | epoch: 1 | remaining: 106s    
step 02350 (64.6%) | loss: 3.117656 | lrm: 0.71 | dt: 83ms | tok/sec: 790,947 | mfu: 19.1% | epoch: 1 | remaining: 106s    
step 02351 (64.6%) | loss: 3.115031 | lrm: 0.71 | dt: 83ms | tok/sec: 790,867 | mfu: 19.1% | epoch: 1 | remaining: 106s    
step 02352 (64.6%) | loss: 3.103170 | lrm: 0.71 | dt: 83ms | tok/sec: 791,070 | mfu: 19.1% | epoch: 1 | remaining: 106s    
step 02353 (64.7%) | loss: 3.110121 | lrm: 0.71 | dt: 83ms | tok/sec: 791,384 | mfu: 19.1% | epoch: 1 | remaining: 106s    
step 02354 (64.7%) | loss: 3.120285 | lrm: 0.71 | dt: 83ms | tok/sec: 791,471 | mfu: 19.1% | epoch: 1 | remaining: 106s    
step 02355 (64.7%) | loss: 3.128840 | lrm: 0.71 | dt: 83ms | tok/sec: 791,220 | mfu: 19.1% | epoch: 1 | remaining: 106s    
step 02356 (64.7%) | loss: 3.128775 | lrm: 0.71 | dt: 83ms | tok/sec: 791,261 | mfu: 19.1% | epoch: 1 | remaining: 106s    
step 02357 (64.8%) | loss: 3.131502 | lrm: 0.70 | dt: 83ms | tok/sec: 791,288 | mfu: 19.1% | epoch: 1 | remaining: 106s    
step 02358 (64.8%) | loss: 3.137351 | lrm: 0.70 | dt: 83ms | tok/sec: 791,108 | mfu: 19.1% | epoch: 1 | remaining: 106s    
step 02359 (64.8%) | loss: 3.127871 | lrm: 0.70 | dt: 83ms | tok/sec: 790,908 | mfu: 19.1% | epoch: 1 | remaining: 105s    
step 02360 (64.9%) | loss: 3.129991 | lrm: 0.70 | dt: 83ms | tok/sec: 791,154 | mfu: 19.1% | epoch: 1 | remaining: 105s    
step 02361 (64.9%) | loss: 3.137847 | lrm: 0.70 | dt: 83ms | tok/sec: 791,026 | mfu: 19.1% | epoch: 1 | remaining: 105s    
step 02362 (64.9%) | loss: 3.137685 | lrm: 0.70 | dt: 83ms | tok/sec: 791,236 | mfu: 19.1% | epoch: 1 | remaining: 105s    
step 02363 (64.9%) | loss: 3.130785 | lrm: 0.70 | dt: 83ms | tok/sec: 791,252 | mfu: 19.1% | epoch: 1 | remaining: 105s    
step 02364 (65.0%) | loss: 3.128786 | lrm: 0.70 | dt: 83ms | tok/sec: 791,243 | mfu: 19.1% | epoch: 1 | remaining: 105s    
step 02365 (65.0%) | loss: 3.136756 | lrm: 0.70 | dt: 83ms | tok/sec: 791,443 | mfu: 19.1% | epoch: 1 | remaining: 105s    
step 02366 (65.0%) | loss: 3.144502 | lrm: 0.70 | dt: 83ms | tok/sec: 791,008 | mfu: 19.1% | epoch: 1 | remaining: 105s    
step 02367 (65.0%) | loss: 3.150070 | lrm: 0.70 | dt: 83ms | tok/sec: 790,792 | mfu: 19.1% | epoch: 1 | remaining: 105s    
step 02368 (65.1%) | loss: 3.157984 | lrm: 0.70 | dt: 83ms | tok/sec: 790,915 | mfu: 19.1% | epoch: 1 | remaining: 105s    
step 02369 (65.1%) | loss: 3.153825 | lrm: 0.70 | dt: 83ms | tok/sec: 791,304 | mfu: 19.1% | epoch: 1 | remaining: 105s    
step 02370 (65.1%) | loss: 3.150236 | lrm: 0.70 | dt: 83ms | tok/sec: 791,605 | mfu: 19.1% | epoch: 1 | remaining: 105s    
step 02371 (65.2%) | loss: 3.146975 | lrm: 0.70 | dt: 83ms | tok/sec: 790,919 | mfu: 19.1% | epoch: 1 | remaining: 104s    
step 02372 (65.2%) | loss: 3.155239 | lrm: 0.70 | dt: 83ms | tok/sec: 790,926 | mfu: 19.1% | epoch: 1 | remaining: 104s    
step 02373 (65.2%) | loss: 3.158413 | lrm: 0.70 | dt: 83ms | tok/sec: 791,361 | mfu: 19.1% | epoch: 1 | remaining: 104s    
step 02374 (65.2%) | loss: 3.155636 | lrm: 0.70 | dt: 83ms | tok/sec: 791,163 | mfu: 19.1% | epoch: 1 | remaining: 104s    
step 02375 (65.3%) | loss: 3.148098 | lrm: 0.69 | dt: 83ms | tok/sec: 790,976 | mfu: 19.1% | epoch: 1 | remaining: 104s    
step 02376 (65.3%) | loss: 3.148031 | lrm: 0.69 | dt: 83ms | tok/sec: 791,118 | mfu: 19.1% | epoch: 1 | remaining: 104s    
step 02377 (65.3%) | loss: 3.136580 | lrm: 0.69 | dt: 83ms | tok/sec: 791,058 | mfu: 19.1% | epoch: 1 | remaining: 104s    
step 02378 (65.4%) | loss: 3.130509 | lrm: 0.69 | dt: 83ms | tok/sec: 791,129 | mfu: 19.1% | epoch: 1 | remaining: 104s    
step 02379 (65.4%) | loss: 3.126637 | lrm: 0.69 | dt: 83ms | tok/sec: 791,190 | mfu: 19.1% | epoch: 1 | remaining: 104s    
step 02380 (65.4%) | loss: 3.128761 | lrm: 0.69 | dt: 83ms | tok/sec: 791,443 | mfu: 19.1% | epoch: 1 | remaining: 104s    
step 02381 (65.4%) | loss: 3.136772 | lrm: 0.69 | dt: 83ms | tok/sec: 790,988 | mfu: 19.1% | epoch: 1 | remaining: 104s    
step 02382 (65.5%) | loss: 3.139956 | lrm: 0.69 | dt: 83ms | tok/sec: 791,630 | mfu: 19.1% | epoch: 1 | remaining: 104s    
step 02383 (65.5%) | loss: 3.149500 | lrm: 0.69 | dt: 83ms | tok/sec: 790,833 | mfu: 19.1% | epoch: 1 | remaining: 103s    
step 02384 (65.5%) | loss: 3.153932 | lrm: 0.69 | dt: 83ms | tok/sec: 791,024 | mfu: 19.1% | epoch: 1 | remaining: 103s    
step 02385 (65.5%) | loss: 3.152513 | lrm: 0.69 | dt: 83ms | tok/sec: 791,051 | mfu: 19.1% | epoch: 1 | remaining: 103s    
step 02386 (65.6%) | loss: 3.154781 | lrm: 0.69 | dt: 83ms | tok/sec: 790,919 | mfu: 19.1% | epoch: 1 | remaining: 103s    
step 02387 (65.6%) | loss: 3.146932 | lrm: 0.69 | dt: 83ms | tok/sec: 790,897 | mfu: 19.1% | epoch: 1 | remaining: 103s    
step 02388 (65.6%) | loss: 3.138606 | lrm: 0.69 | dt: 83ms | tok/sec: 790,985 | mfu: 19.1% | epoch: 1 | remaining: 103s    
step 02389 (65.7%) | loss: 3.132382 | lrm: 0.69 | dt: 83ms | tok/sec: 791,001 | mfu: 19.1% | epoch: 1 | remaining: 103s    
step 02390 (65.7%) | loss: 3.129117 | lrm: 0.69 | dt: 83ms | tok/sec: 790,995 | mfu: 19.1% | epoch: 1 | remaining: 103s    
step 02391 (65.7%) | loss: 3.133548 | lrm: 0.69 | dt: 83ms | tok/sec: 791,425 | mfu: 19.1% | epoch: 1 | remaining: 103s    
step 02392 (65.7%) | loss: 3.140336 | lrm: 0.69 | dt: 83ms | tok/sec: 790,881 | mfu: 19.1% | epoch: 1 | remaining: 103s    
step 02393 (65.8%) | loss: 3.143049 | lrm: 0.68 | dt: 83ms | tok/sec: 791,090 | mfu: 19.1% | epoch: 1 | remaining: 103s    
step 02394 (65.8%) | loss: 3.133460 | lrm: 0.68 | dt: 83ms | tok/sec: 791,054 | mfu: 19.1% | epoch: 1 | remaining: 103s    
step 02395 (65.8%) | loss: 3.125113 | lrm: 0.68 | dt: 83ms | tok/sec: 790,826 | mfu: 19.1% | epoch: 1 | remaining: 102s    
step 02396 (65.9%) | loss: 3.111204 | lrm: 0.68 | dt: 83ms | tok/sec: 791,026 | mfu: 19.1% | epoch: 1 | remaining: 102s    
step 02397 (65.9%) | loss: 3.118096 | lrm: 0.68 | dt: 83ms | tok/sec: 791,247 | mfu: 19.1% | epoch: 1 | remaining: 102s    
step 02398 (65.9%) | loss: 3.114117 | lrm: 0.68 | dt: 83ms | tok/sec: 790,867 | mfu: 19.1% | epoch: 1 | remaining: 102s    
step 02399 (65.9%) | loss: 3.099680 | lrm: 0.68 | dt: 83ms | tok/sec: 791,129 | mfu: 19.1% | epoch: 1 | remaining: 102s    
step 02400 (66.0%) | loss: 3.101440 | lrm: 0.68 | dt: 83ms | tok/sec: 791,363 | mfu: 19.1% | epoch: 1 | remaining: 102s    
step 02401 (66.0%) | loss: 3.095698 | lrm: 0.68 | dt: 83ms | tok/sec: 791,316 | mfu: 19.1% | epoch: 1 | remaining: 102s    
step 02402 (66.0%) | loss: 3.107864 | lrm: 0.68 | dt: 83ms | tok/sec: 791,343 | mfu: 19.1% | epoch: 1 | remaining: 102s    
step 02403 (66.0%) | loss: 3.113504 | lrm: 0.68 | dt: 83ms | tok/sec: 791,288 | mfu: 19.1% | epoch: 1 | remaining: 102s    
step 02404 (66.1%) | loss: 3.119280 | lrm: 0.68 | dt: 83ms | tok/sec: 791,118 | mfu: 19.1% | epoch: 1 | remaining: 102s    
step 02405 (66.1%) | loss: 3.121844 | lrm: 0.68 | dt: 83ms | tok/sec: 790,792 | mfu: 19.1% | epoch: 1 | remaining: 102s    
step 02406 (66.1%) | loss: 3.115172 | lrm: 0.68 | dt: 83ms | tok/sec: 791,523 | mfu: 19.1% | epoch: 1 | remaining: 102s    
step 02407 (66.2%) | loss: 3.117519 | lrm: 0.68 | dt: 83ms | tok/sec: 791,327 | mfu: 19.1% | epoch: 1 | remaining: 101s    
step 02408 (66.2%) | loss: 3.106113 | lrm: 0.68 | dt: 83ms | tok/sec: 790,819 | mfu: 19.1% | epoch: 1 | remaining: 101s    
step 02409 (66.2%) | loss: 3.112782 | lrm: 0.68 | dt: 83ms | tok/sec: 791,514 | mfu: 19.1% | epoch: 1 | remaining: 101s    
step 02410 (66.2%) | loss: 3.117485 | lrm: 0.68 | dt: 83ms | tok/sec: 791,245 | mfu: 19.1% | epoch: 1 | remaining: 101s    
step 02411 (66.3%) | loss: 3.117243 | lrm: 0.67 | dt: 83ms | tok/sec: 790,979 | mfu: 19.1% | epoch: 1 | remaining: 101s    
step 02412 (66.3%) | loss: 3.114226 | lrm: 0.67 | dt: 83ms | tok/sec: 790,931 | mfu: 19.1% | epoch: 1 | remaining: 101s    
step 02413 (66.3%) | loss: 3.118038 | lrm: 0.67 | dt: 83ms | tok/sec: 791,006 | mfu: 19.1% | epoch: 1 | remaining: 101s    
step 02414 (66.3%) | loss: 3.124160 | lrm: 0.67 | dt: 83ms | tok/sec: 791,056 | mfu: 19.1% | epoch: 1 | remaining: 101s    
step 02415 (66.4%) | loss: 3.130112 | lrm: 0.67 | dt: 83ms | tok/sec: 790,828 | mfu: 19.1% | epoch: 1 | remaining: 101s    
step 02416 (66.4%) | loss: 3.134065 | lrm: 0.67 | dt: 83ms | tok/sec: 791,067 | mfu: 19.1% | epoch: 1 | remaining: 101s    
step 02417 (66.4%) | loss: 3.127242 | lrm: 0.67 | dt: 83ms | tok/sec: 790,765 | mfu: 19.1% | epoch: 1 | remaining: 101s    
step 02418 (66.5%) | loss: 3.121779 | lrm: 0.67 | dt: 83ms | tok/sec: 791,092 | mfu: 19.1% | epoch: 1 | remaining: 101s    
step 02419 (66.5%) | loss: 3.119407 | lrm: 0.67 | dt: 83ms | tok/sec: 791,284 | mfu: 19.1% | epoch: 1 | remaining: 100s    
step 02420 (66.5%) | loss: 3.121682 | lrm: 0.67 | dt: 83ms | tok/sec: 791,133 | mfu: 19.1% | epoch: 1 | remaining: 100s    
step 02421 (66.5%) | loss: 3.127969 | lrm: 0.67 | dt: 83ms | tok/sec: 791,291 | mfu: 19.1% | epoch: 1 | remaining: 100s    
step 02422 (66.6%) | loss: 3.123999 | lrm: 0.67 | dt: 83ms | tok/sec: 791,083 | mfu: 19.1% | epoch: 1 | remaining: 100s    
step 02423 (66.6%) | loss: 3.119728 | lrm: 0.67 | dt: 83ms | tok/sec: 791,402 | mfu: 19.1% | epoch: 1 | remaining: 100s    
step 02424 (66.6%) | loss: 3.124231 | lrm: 0.67 | dt: 83ms | tok/sec: 791,154 | mfu: 19.1% | epoch: 1 | remaining: 100s    
step 02425 (66.7%) | loss: 3.132005 | lrm: 0.67 | dt: 83ms | tok/sec: 790,865 | mfu: 19.1% | epoch: 1 | remaining: 100s    
step 02426 (66.7%) | loss: 3.127576 | lrm: 0.67 | dt: 83ms | tok/sec: 791,177 | mfu: 19.1% | epoch: 1 | remaining: 100s    
step 02427 (66.7%) | loss: 3.124929 | lrm: 0.67 | dt: 83ms | tok/sec: 791,040 | mfu: 19.1% | epoch: 1 | remaining: 100s    
step 02428 (66.7%) | loss: 3.122199 | lrm: 0.67 | dt: 83ms | tok/sec: 790,735 | mfu: 19.1% | epoch: 1 | remaining: 100s    
step 02429 (66.8%) | loss: 3.120870 | lrm: 0.66 | dt: 83ms | tok/sec: 791,678 | mfu: 19.1% | epoch: 1 | remaining: 100s    
step 02430 (66.8%) | loss: 3.129166 | lrm: 0.66 | dt: 83ms | tok/sec: 791,001 | mfu: 19.1% | epoch: 1 | remaining: 100s    
step 02431 (66.8%) | loss: 3.127377 | lrm: 0.66 | dt: 83ms | tok/sec: 791,045 | mfu: 19.1% | epoch: 1 | remaining: 99s    
step 02432 (66.8%) | loss: 3.127240 | lrm: 0.66 | dt: 83ms | tok/sec: 791,254 | mfu: 19.1% | epoch: 1 | remaining: 99s    
step 02433 (66.9%) | loss: 3.120494 | lrm: 0.66 | dt: 83ms | tok/sec: 790,669 | mfu: 19.1% | epoch: 1 | remaining: 99s    
step 02434 (66.9%) | loss: 3.123680 | lrm: 0.66 | dt: 83ms | tok/sec: 791,261 | mfu: 19.1% | epoch: 1 | remaining: 99s    
step 02435 (66.9%) | loss: 3.124249 | lrm: 0.66 | dt: 83ms | tok/sec: 790,942 | mfu: 19.1% | epoch: 1 | remaining: 99s    
step 02436 (67.0%) | loss: 3.115161 | lrm: 0.66 | dt: 83ms | tok/sec: 790,285 | mfu: 19.1% | epoch: 1 | remaining: 99s    
step 02437 (67.0%) | loss: 3.123220 | lrm: 0.66 | dt: 83ms | tok/sec: 790,885 | mfu: 19.1% | epoch: 1 | remaining: 99s    
step 02438 (67.0%) | loss: 3.115935 | lrm: 0.66 | dt: 83ms | tok/sec: 791,256 | mfu: 19.1% | epoch: 1 | remaining: 99s    
step 02439 (67.0%) | loss: 3.117794 | lrm: 0.66 | dt: 83ms | tok/sec: 790,990 | mfu: 19.1% | epoch: 1 | remaining: 99s    
step 02440 (67.1%) | loss: 3.120815 | lrm: 0.66 | dt: 83ms | tok/sec: 790,908 | mfu: 19.1% | epoch: 1 | remaining: 99s    
step 02441 (67.1%) | loss: 3.110435 | lrm: 0.66 | dt: 83ms | tok/sec: 790,462 | mfu: 19.1% | epoch: 1 | remaining: 99s    
step 02442 (67.1%) | loss: 3.114379 | lrm: 0.66 | dt: 83ms | tok/sec: 791,040 | mfu: 19.1% | epoch: 1 | remaining: 99s    
step 02443 (67.1%) | loss: 3.120216 | lrm: 0.66 | dt: 83ms | tok/sec: 791,250 | mfu: 19.1% | epoch: 1 | remaining: 98s    
step 02444 (67.2%) | loss: 3.121255 | lrm: 0.66 | dt: 83ms | tok/sec: 791,127 | mfu: 19.1% | epoch: 1 | remaining: 98s    
step 02445 (67.2%) | loss: 3.120570 | lrm: 0.66 | dt: 83ms | tok/sec: 790,981 | mfu: 19.1% | epoch: 1 | remaining: 98s    
step 02446 (67.2%) | loss: 3.118469 | lrm: 0.66 | dt: 83ms | tok/sec: 790,972 | mfu: 19.1% | epoch: 1 | remaining: 98s    
step 02447 (67.3%) | loss: 3.116529 | lrm: 0.65 | dt: 83ms | tok/sec: 791,245 | mfu: 19.1% | epoch: 1 | remaining: 98s    
step 02448 (67.3%) | loss: 3.116692 | lrm: 0.65 | dt: 83ms | tok/sec: 791,049 | mfu: 19.1% | epoch: 1 | remaining: 98s    
step 02449 (67.3%) | loss: 3.116941 | lrm: 0.65 | dt: 83ms | tok/sec: 791,199 | mfu: 19.1% | epoch: 1 | remaining: 98s    
step 02450 (67.3%) | loss: 3.112046 | lrm: 0.65 | dt: 83ms | tok/sec: 791,001 | mfu: 19.1% | epoch: 1 | remaining: 98s    
step 02451 (67.4%) | loss: 3.109564 | lrm: 0.65 | dt: 83ms | tok/sec: 791,042 | mfu: 19.1% | epoch: 1 | remaining: 98s    
step 02452 (67.4%) | loss: 3.113841 | lrm: 0.65 | dt: 83ms | tok/sec: 790,708 | mfu: 19.1% | epoch: 1 | remaining: 98s    
step 02453 (67.4%) | loss: 3.097489 | lrm: 0.65 | dt: 83ms | tok/sec: 791,145 | mfu: 19.1% | epoch: 1 | remaining: 98s    
step 02454 (67.5%) | loss: 3.102801 | lrm: 0.65 | dt: 83ms | tok/sec: 791,231 | mfu: 19.1% | epoch: 1 | remaining: 98s    
step 02455 (67.5%) | loss: 3.101077 | lrm: 0.65 | dt: 83ms | tok/sec: 790,494 | mfu: 19.1% | epoch: 1 | remaining: 97s    
step 02456 (67.5%) | loss: 3.097363 | lrm: 0.65 | dt: 83ms | tok/sec: 790,876 | mfu: 19.1% | epoch: 1 | remaining: 97s    
step 02457 (67.5%) | loss: 3.096528 | lrm: 0.65 | dt: 83ms | tok/sec: 791,136 | mfu: 19.1% | epoch: 1 | remaining: 97s    
step 02458 (67.6%) | loss: 3.089621 | lrm: 0.65 | dt: 83ms | tok/sec: 791,284 | mfu: 19.1% | epoch: 1 | remaining: 97s    
step 02459 (67.6%) | loss: 3.093788 | lrm: 0.65 | dt: 83ms | tok/sec: 790,810 | mfu: 19.1% | epoch: 1 | remaining: 97s    
step 02460 (67.6%) | loss: 3.085081 | lrm: 0.65 | dt: 83ms | tok/sec: 791,234 | mfu: 19.1% | epoch: 1 | remaining: 97s    
step 02461 (67.6%) | loss: 3.093411 | lrm: 0.65 | dt: 83ms | tok/sec: 790,833 | mfu: 19.1% | epoch: 1 | remaining: 97s    
step 02462 (67.7%) | loss: 3.087459 | lrm: 0.65 | dt: 83ms | tok/sec: 790,938 | mfu: 19.1% | epoch: 1 | remaining: 97s    
step 02463 (67.7%) | loss: 3.085097 | lrm: 0.65 | dt: 83ms | tok/sec: 791,270 | mfu: 19.1% | epoch: 1 | remaining: 97s    
step 02464 (67.7%) | loss: 3.083066 | lrm: 0.65 | dt: 83ms | tok/sec: 790,938 | mfu: 19.1% | epoch: 1 | remaining: 97s    
step 02465 (67.8%) | loss: 3.080555 | lrm: 0.64 | dt: 83ms | tok/sec: 790,737 | mfu: 19.1% | epoch: 1 | remaining: 97s    
step 02466 (67.8%) | loss: 3.086192 | lrm: 0.64 | dt: 83ms | tok/sec: 791,434 | mfu: 19.1% | epoch: 1 | remaining: 97s    
step 02467 (67.8%) | loss: 3.084004 | lrm: 0.64 | dt: 83ms | tok/sec: 791,514 | mfu: 19.1% | epoch: 1 | remaining: 96s    
step 02468 (67.8%) | loss: 3.095910 | lrm: 0.64 | dt: 83ms | tok/sec: 790,995 | mfu: 19.1% | epoch: 1 | remaining: 96s    
step 02469 (67.9%) | loss: 3.090013 | lrm: 0.64 | dt: 83ms | tok/sec: 791,108 | mfu: 19.1% | epoch: 1 | remaining: 96s    
step 02470 (67.9%) | loss: 3.084448 | lrm: 0.64 | dt: 83ms | tok/sec: 791,081 | mfu: 19.1% | epoch: 1 | remaining: 96s    
step 02471 (67.9%) | loss: 3.084304 | lrm: 0.64 | dt: 83ms | tok/sec: 790,797 | mfu: 19.1% | epoch: 1 | remaining: 96s    
step 02472 (67.9%) | loss: 3.089447 | lrm: 0.64 | dt: 83ms | tok/sec: 791,127 | mfu: 19.1% | epoch: 1 | remaining: 96s    
step 02473 (68.0%) | loss: 3.086913 | lrm: 0.64 | dt: 83ms | tok/sec: 791,227 | mfu: 19.1% | epoch: 1 | remaining: 96s    
step 02474 (68.0%) | loss: 3.069012 | lrm: 0.64 | dt: 83ms | tok/sec: 790,963 | mfu: 19.1% | epoch: 1 | remaining: 96s    
step 02475 (68.0%) | loss: 3.074297 | lrm: 0.64 | dt: 83ms | tok/sec: 790,956 | mfu: 19.1% | epoch: 1 | remaining: 96s    
step 02476 (68.1%) | loss: 3.075056 | lrm: 0.64 | dt: 83ms | tok/sec: 790,790 | mfu: 19.1% | epoch: 1 | remaining: 96s    
step 02477 (68.1%) | loss: 3.076969 | lrm: 0.64 | dt: 83ms | tok/sec: 791,247 | mfu: 19.1% | epoch: 1 | remaining: 96s    
step 02478 (68.1%) | loss: 3.086249 | lrm: 0.64 | dt: 83ms | tok/sec: 791,245 | mfu: 19.1% | epoch: 1 | remaining: 96s    
step 02479 (68.1%) | loss: 3.074908 | lrm: 0.64 | dt: 83ms | tok/sec: 790,935 | mfu: 19.1% | epoch: 1 | remaining: 95s    
step 02480 (68.2%) | loss: 3.087647 | lrm: 0.64 | dt: 83ms | tok/sec: 791,238 | mfu: 19.1% | epoch: 1 | remaining: 95s    
step 02481 (68.2%) | loss: 3.080864 | lrm: 0.64 | dt: 83ms | tok/sec: 791,077 | mfu: 19.1% | epoch: 1 | remaining: 95s    
step 02482 (68.2%) | loss: 3.076082 | lrm: 0.64 | dt: 83ms | tok/sec: 791,045 | mfu: 19.1% | epoch: 1 | remaining: 95s    
step 02483 (68.3%) | loss: 3.070198 | lrm: 0.63 | dt: 83ms | tok/sec: 790,876 | mfu: 19.1% | epoch: 1 | remaining: 95s    
step 02484 (68.3%) | loss: 3.071546 | lrm: 0.63 | dt: 83ms | tok/sec: 791,350 | mfu: 19.1% | epoch: 1 | remaining: 95s    
step 02485 (68.3%) | loss: 3.081397 | lrm: 0.63 | dt: 83ms | tok/sec: 790,603 | mfu: 19.1% | epoch: 1 | remaining: 95s    
step 02486 (68.3%) | loss: 3.087110 | lrm: 0.63 | dt: 83ms | tok/sec: 791,149 | mfu: 19.1% | epoch: 1 | remaining: 95s    
step 02487 (68.4%) | loss: 3.090631 | lrm: 0.63 | dt: 83ms | tok/sec: 791,329 | mfu: 19.1% | epoch: 1 | remaining: 95s    
step 02488 (68.4%) | loss: 3.095789 | lrm: 0.63 | dt: 83ms | tok/sec: 791,020 | mfu: 19.1% | epoch: 1 | remaining: 95s    
step 02489 (68.4%) | loss: 3.081324 | lrm: 0.63 | dt: 83ms | tok/sec: 790,196 | mfu: 19.1% | epoch: 1 | remaining: 95s    
step 02490 (68.4%) | loss: 3.078256 | lrm: 0.63 | dt: 83ms | tok/sec: 791,313 | mfu: 19.1% | epoch: 1 | remaining: 95s    
step 02491 (68.5%) | loss: 3.080443 | lrm: 0.63 | dt: 83ms | tok/sec: 791,409 | mfu: 19.1% | epoch: 1 | remaining: 94s    
step 02492 (68.5%) | loss: 3.083542 | lrm: 0.63 | dt: 83ms | tok/sec: 791,341 | mfu: 19.1% | epoch: 1 | remaining: 94s    
step 02493 (68.5%) | loss: 3.088122 | lrm: 0.63 | dt: 83ms | tok/sec: 790,879 | mfu: 19.1% | epoch: 1 | remaining: 94s    
step 02494 (68.6%) | loss: 3.083705 | lrm: 0.63 | dt: 83ms | tok/sec: 791,628 | mfu: 19.1% | epoch: 1 | remaining: 94s    
step 02495 (68.6%) | loss: 3.093268 | lrm: 0.63 | dt: 83ms | tok/sec: 791,311 | mfu: 19.1% | epoch: 1 | remaining: 94s    
step 02496 (68.6%) | loss: 3.093220 | lrm: 0.63 | dt: 83ms | tok/sec: 791,578 | mfu: 19.1% | epoch: 1 | remaining: 94s    
step 02497 (68.6%) | loss: 3.094123 | lrm: 0.63 | dt: 83ms | tok/sec: 791,225 | mfu: 19.1% | epoch: 1 | remaining: 94s    
step 02498 (68.7%) | loss: 3.094165 | lrm: 0.63 | dt: 83ms | tok/sec: 790,970 | mfu: 19.1% | epoch: 1 | remaining: 94s    
step 02499 (68.7%) | loss: 3.093767 | lrm: 0.63 | dt: 83ms | tok/sec: 791,138 | mfu: 19.1% | epoch: 1 | remaining: 94s    
step 02500 (68.7%) | loss: 3.088368 | lrm: 0.63 | dt: 83ms | tok/sec: 789,865 | mfu: 19.1% | epoch: 1 | remaining: 94s    
step 02501 (68.8%) | loss: 3.090860 | lrm: 0.62 | dt: 83ms | tok/sec: 791,468 | mfu: 19.1% | epoch: 1 | remaining: 94s    
step 02502 (68.8%) | loss: 3.094486 | lrm: 0.62 | dt: 83ms | tok/sec: 791,354 | mfu: 19.1% | epoch: 1 | remaining: 94s    
step 02503 (68.8%) | loss: 3.096198 | lrm: 0.62 | dt: 83ms | tok/sec: 791,120 | mfu: 19.1% | epoch: 1 | remaining: 94s    
step 02504 (68.8%) | loss: 3.096594 | lrm: 0.62 | dt: 83ms | tok/sec: 790,883 | mfu: 19.1% | epoch: 1 | remaining: 93s    
step 02505 (68.9%) | loss: 3.095810 | lrm: 0.62 | dt: 83ms | tok/sec: 791,236 | mfu: 19.1% | epoch: 1 | remaining: 93s    
step 02506 (68.9%) | loss: 3.102818 | lrm: 0.62 | dt: 83ms | tok/sec: 791,120 | mfu: 19.1% | epoch: 1 | remaining: 93s    
step 02507 (68.9%) | loss: 3.101308 | lrm: 0.62 | dt: 83ms | tok/sec: 790,942 | mfu: 19.1% | epoch: 1 | remaining: 93s    
step 02508 (68.9%) | loss: 3.092967 | lrm: 0.62 | dt: 83ms | tok/sec: 790,856 | mfu: 19.1% | epoch: 1 | remaining: 93s    
step 02509 (69.0%) | loss: 3.096904 | lrm: 0.62 | dt: 83ms | tok/sec: 790,765 | mfu: 19.1% | epoch: 1 | remaining: 93s    
step 02510 (69.0%) | loss: 3.092252 | lrm: 0.62 | dt: 83ms | tok/sec: 791,300 | mfu: 19.1% | epoch: 1 | remaining: 93s    
step 02511 (69.0%) | loss: 3.100770 | lrm: 0.62 | dt: 83ms | tok/sec: 791,225 | mfu: 19.1% | epoch: 1 | remaining: 93s    
step 02512 (69.1%) | loss: 3.098986 | lrm: 0.62 | dt: 83ms | tok/sec: 791,045 | mfu: 19.1% | epoch: 1 | remaining: 93s    
step 02513 (69.1%) | loss: 3.082869 | lrm: 0.62 | dt: 83ms | tok/sec: 790,858 | mfu: 19.1% | epoch: 1 | remaining: 93s    
step 02514 (69.1%) | loss: 3.085102 | lrm: 0.62 | dt: 83ms | tok/sec: 791,083 | mfu: 19.1% | epoch: 1 | remaining: 93s    
step 02515 (69.1%) | loss: 3.077121 | lrm: 0.62 | dt: 83ms | tok/sec: 790,992 | mfu: 19.1% | epoch: 1 | remaining: 93s    
step 02516 (69.2%) | loss: 3.078248 | lrm: 0.62 | dt: 83ms | tok/sec: 791,031 | mfu: 19.1% | epoch: 1 | remaining: 92s    
step 02517 (69.2%) | loss: 3.076951 | lrm: 0.62 | dt: 83ms | tok/sec: 790,938 | mfu: 19.1% | epoch: 1 | remaining: 92s    
step 02518 (69.2%) | loss: 3.070226 | lrm: 0.62 | dt: 83ms | tok/sec: 790,892 | mfu: 19.1% | epoch: 1 | remaining: 92s    
step 02519 (69.2%) | loss: 3.071805 | lrm: 0.62 | dt: 83ms | tok/sec: 791,213 | mfu: 19.1% | epoch: 1 | remaining: 92s    
step 02520 (69.3%) | loss: 3.072951 | lrm: 0.61 | dt: 83ms | tok/sec: 791,302 | mfu: 19.1% | epoch: 1 | remaining: 92s    
step 02521 (69.3%) | loss: 3.071990 | lrm: 0.61 | dt: 83ms | tok/sec: 790,942 | mfu: 19.1% | epoch: 1 | remaining: 92s    
step 02522 (69.3%) | loss: 3.071582 | lrm: 0.61 | dt: 83ms | tok/sec: 790,849 | mfu: 19.1% | epoch: 1 | remaining: 92s    
step 02523 (69.4%) | loss: 3.078470 | lrm: 0.61 | dt: 83ms | tok/sec: 790,924 | mfu: 19.1% | epoch: 1 | remaining: 92s    
step 02524 (69.4%) | loss: 3.073105 | lrm: 0.61 | dt: 83ms | tok/sec: 790,913 | mfu: 19.1% | epoch: 1 | remaining: 92s    
step 02525 (69.4%) | loss: 3.075373 | lrm: 0.61 | dt: 83ms | tok/sec: 791,181 | mfu: 19.1% | epoch: 1 | remaining: 92s    
step 02526 (69.4%) | loss: 3.085097 | lrm: 0.61 | dt: 83ms | tok/sec: 791,140 | mfu: 19.1% | epoch: 1 | remaining: 92s    
step 02527 (69.5%) | loss: 3.079528 | lrm: 0.61 | dt: 83ms | tok/sec: 790,908 | mfu: 19.1% | epoch: 1 | remaining: 92s    
step 02528 (69.5%) | loss: 3.092689 | lrm: 0.61 | dt: 83ms | tok/sec: 791,083 | mfu: 19.1% | epoch: 1 | remaining: 91s    
step 02529 (69.5%) | loss: 3.089846 | lrm: 0.61 | dt: 83ms | tok/sec: 791,195 | mfu: 19.1% | epoch: 1 | remaining: 91s    
step 02530 (69.6%) | loss: 3.102797 | lrm: 0.61 | dt: 83ms | tok/sec: 791,341 | mfu: 19.1% | epoch: 1 | remaining: 91s    
step 02531 (69.6%) | loss: 3.105105 | lrm: 0.61 | dt: 83ms | tok/sec: 791,300 | mfu: 19.1% | epoch: 1 | remaining: 91s    
step 02532 (69.6%) | loss: 3.104302 | lrm: 0.61 | dt: 83ms | tok/sec: 791,450 | mfu: 19.1% | epoch: 1 | remaining: 91s    
step 02533 (69.6%) | loss: 3.105949 | lrm: 0.61 | dt: 83ms | tok/sec: 791,204 | mfu: 19.1% | epoch: 1 | remaining: 91s    
step 02534 (69.7%) | loss: 3.106123 | lrm: 0.61 | dt: 83ms | tok/sec: 791,477 | mfu: 19.1% | epoch: 1 | remaining: 91s    
step 02535 (69.7%) | loss: 3.109014 | lrm: 0.61 | dt: 83ms | tok/sec: 791,541 | mfu: 19.1% | epoch: 1 | remaining: 91s    
step 02536 (69.7%) | loss: 3.104516 | lrm: 0.61 | dt: 83ms | tok/sec: 790,274 | mfu: 19.1% | epoch: 1 | remaining: 91s    
step 02537 (69.7%) | loss: 3.103826 | lrm: 0.61 | dt: 83ms | tok/sec: 790,833 | mfu: 19.1% | epoch: 1 | remaining: 91s    
step 02538 (69.8%) | loss: 3.103766 | lrm: 0.60 | dt: 83ms | tok/sec: 790,849 | mfu: 19.1% | epoch: 1 | remaining: 91s    
step 02539 (69.8%) | loss: 3.100265 | lrm: 0.60 | dt: 83ms | tok/sec: 791,120 | mfu: 19.1% | epoch: 1 | remaining: 91s    
step 02540 (69.8%) | loss: 3.099229 | lrm: 0.60 | dt: 83ms | tok/sec: 791,236 | mfu: 19.1% | epoch: 1 | remaining: 90s    
step 02541 (69.9%) | loss: 3.094775 | lrm: 0.60 | dt: 83ms | tok/sec: 791,138 | mfu: 19.1% | epoch: 1 | remaining: 90s    
step 02542 (69.9%) | loss: 3.086564 | lrm: 0.60 | dt: 83ms | tok/sec: 791,124 | mfu: 19.1% | epoch: 1 | remaining: 90s    
step 02543 (69.9%) | loss: 3.080464 | lrm: 0.60 | dt: 83ms | tok/sec: 790,801 | mfu: 19.1% | epoch: 1 | remaining: 90s    
step 02544 (69.9%) | loss: 3.085223 | lrm: 0.60 | dt: 83ms | tok/sec: 791,240 | mfu: 19.1% | epoch: 1 | remaining: 90s    
step 02545 (70.0%) | loss: 3.095570 | lrm: 0.60 | dt: 83ms | tok/sec: 791,521 | mfu: 19.1% | epoch: 1 | remaining: 90s    
step 02546 (70.0%) | loss: 3.098757 | lrm: 0.60 | dt: 83ms | tok/sec: 791,143 | mfu: 19.1% | epoch: 1 | remaining: 90s    
step 02547 (70.0%) | loss: 3.089767 | lrm: 0.60 | dt: 83ms | tok/sec: 791,067 | mfu: 19.1% | epoch: 1 | remaining: 90s    
step 02548 (70.0%) | loss: 3.090181 | lrm: 0.60 | dt: 83ms | tok/sec: 791,168 | mfu: 19.1% | epoch: 1 | remaining: 90s    
step 02549 (70.1%) | loss: 3.084064 | lrm: 0.60 | dt: 83ms | tok/sec: 791,102 | mfu: 19.1% | epoch: 1 | remaining: 90s    
step 02550 (70.1%) | loss: 3.084775 | lrm: 0.60 | dt: 83ms | tok/sec: 791,013 | mfu: 19.1% | epoch: 1 | remaining: 90s    
step 02551 (70.1%) | loss: 3.083193 | lrm: 0.60 | dt: 83ms | tok/sec: 791,008 | mfu: 19.1% | epoch: 1 | remaining: 90s    
step 02552 (70.2%) | loss: 3.081549 | lrm: 0.60 | dt: 83ms | tok/sec: 791,079 | mfu: 19.1% | epoch: 1 | remaining: 89s    
step 02553 (70.2%) | loss: 3.085101 | lrm: 0.60 | dt: 83ms | tok/sec: 791,127 | mfu: 19.1% | epoch: 1 | remaining: 89s    
step 02554 (70.2%) | loss: 3.089411 | lrm: 0.60 | dt: 83ms | tok/sec: 790,942 | mfu: 19.1% | epoch: 1 | remaining: 89s    
step 02555 (70.2%) | loss: 3.093183 | lrm: 0.60 | dt: 83ms | tok/sec: 791,202 | mfu: 19.1% | epoch: 1 | remaining: 89s    
step 02556 (70.3%) | loss: 3.090955 | lrm: 0.59 | dt: 83ms | tok/sec: 791,184 | mfu: 19.1% | epoch: 1 | remaining: 89s    
step 02557 (70.3%) | loss: 3.100917 | lrm: 0.59 | dt: 83ms | tok/sec: 791,398 | mfu: 19.1% | epoch: 1 | remaining: 89s    
step 02558 (70.3%) | loss: 3.096038 | lrm: 0.59 | dt: 83ms | tok/sec: 791,149 | mfu: 19.1% | epoch: 1 | remaining: 89s    
step 02559 (70.4%) | loss: 3.094389 | lrm: 0.59 | dt: 83ms | tok/sec: 791,498 | mfu: 19.1% | epoch: 1 | remaining: 89s    
step 02560 (70.4%) | loss: 3.095714 | lrm: 0.59 | dt: 83ms | tok/sec: 791,291 | mfu: 19.1% | epoch: 1 | remaining: 89s    
step 02561 (70.4%) | loss: 3.090509 | lrm: 0.59 | dt: 83ms | tok/sec: 791,004 | mfu: 19.1% | epoch: 1 | remaining: 89s    
step 02562 (70.4%) | loss: 3.088014 | lrm: 0.59 | dt: 83ms | tok/sec: 791,074 | mfu: 19.1% | epoch: 1 | remaining: 89s    
step 02563 (70.5%) | loss: 3.085612 | lrm: 0.59 | dt: 83ms | tok/sec: 791,108 | mfu: 19.1% | epoch: 1 | remaining: 89s    
step 02564 (70.5%) | loss: 3.079652 | lrm: 0.59 | dt: 83ms | tok/sec: 791,054 | mfu: 19.1% | epoch: 1 | remaining: 88s    
step 02565 (70.5%) | loss: 3.065164 | lrm: 0.59 | dt: 83ms | tok/sec: 790,956 | mfu: 19.1% | epoch: 1 | remaining: 88s    
step 02566 (70.5%) | loss: 3.070798 | lrm: 0.59 | dt: 83ms | tok/sec: 790,954 | mfu: 19.1% | epoch: 1 | remaining: 88s    
step 02567 (70.6%) | loss: 3.086952 | lrm: 0.59 | dt: 83ms | tok/sec: 791,309 | mfu: 19.1% | epoch: 1 | remaining: 88s    
step 02568 (70.6%) | loss: 3.093966 | lrm: 0.59 | dt: 83ms | tok/sec: 791,056 | mfu: 19.1% | epoch: 1 | remaining: 88s    
step 02569 (70.6%) | loss: 3.093898 | lrm: 0.59 | dt: 83ms | tok/sec: 791,256 | mfu: 19.1% | epoch: 1 | remaining: 88s    
step 02570 (70.7%) | loss: 3.097418 | lrm: 0.59 | dt: 83ms | tok/sec: 790,897 | mfu: 19.1% | epoch: 1 | remaining: 88s    
step 02571 (70.7%) | loss: 3.089748 | lrm: 0.59 | dt: 83ms | tok/sec: 791,040 | mfu: 19.1% | epoch: 1 | remaining: 88s    
step 02572 (70.7%) | loss: 3.090806 | lrm: 0.59 | dt: 83ms | tok/sec: 791,174 | mfu: 19.1% | epoch: 1 | remaining: 88s    
step 02573 (70.7%) | loss: 3.095790 | lrm: 0.59 | dt: 83ms | tok/sec: 790,674 | mfu: 19.1% | epoch: 1 | remaining: 88s    
step 02574 (70.8%) | loss: 3.102841 | lrm: 0.58 | dt: 83ms | tok/sec: 791,430 | mfu: 19.1% | epoch: 1 | remaining: 88s    
step 02575 (70.8%) | loss: 3.104325 | lrm: 0.58 | dt: 83ms | tok/sec: 791,414 | mfu: 19.1% | epoch: 1 | remaining: 88s    
step 02576 (70.8%) | loss: 3.096921 | lrm: 0.58 | dt: 83ms | tok/sec: 791,131 | mfu: 19.1% | epoch: 1 | remaining: 87s    
step 02577 (70.8%) | loss: 3.095214 | lrm: 0.58 | dt: 83ms | tok/sec: 791,327 | mfu: 19.1% | epoch: 1 | remaining: 87s    
step 02578 (70.9%) | loss: 3.085220 | lrm: 0.58 | dt: 83ms | tok/sec: 791,389 | mfu: 19.1% | epoch: 1 | remaining: 87s    
step 02579 (70.9%) | loss: 3.090508 | lrm: 0.58 | dt: 83ms | tok/sec: 791,206 | mfu: 19.1% | epoch: 1 | remaining: 87s    
step 02580 (70.9%) | loss: 3.091610 | lrm: 0.58 | dt: 83ms | tok/sec: 791,058 | mfu: 19.1% | epoch: 1 | remaining: 87s    
step 02581 (71.0%) | loss: 3.084344 | lrm: 0.58 | dt: 83ms | tok/sec: 791,222 | mfu: 19.1% | epoch: 1 | remaining: 87s    
step 02582 (71.0%) | loss: 3.080086 | lrm: 0.58 | dt: 83ms | tok/sec: 790,951 | mfu: 19.1% | epoch: 1 | remaining: 87s    
step 02583 (71.0%) | loss: 3.079223 | lrm: 0.58 | dt: 83ms | tok/sec: 791,070 | mfu: 19.1% | epoch: 1 | remaining: 87s    
step 02584 (71.0%) | loss: 3.072351 | lrm: 0.58 | dt: 83ms | tok/sec: 790,999 | mfu: 19.1% | epoch: 1 | remaining: 87s    
step 02585 (71.1%) | loss: 3.068740 | lrm: 0.58 | dt: 83ms | tok/sec: 790,715 | mfu: 19.1% | epoch: 1 | remaining: 87s    
step 02586 (71.1%) | loss: 3.077910 | lrm: 0.58 | dt: 83ms | tok/sec: 791,254 | mfu: 19.1% | epoch: 1 | remaining: 87s    
step 02587 (71.1%) | loss: 3.089193 | lrm: 0.58 | dt: 83ms | tok/sec: 791,058 | mfu: 19.1% | epoch: 1 | remaining: 87s    
step 02588 (71.2%) | loss: 3.083040 | lrm: 0.58 | dt: 83ms | tok/sec: 790,999 | mfu: 19.1% | epoch: 1 | remaining: 86s    
step 02589 (71.2%) | loss: 3.080509 | lrm: 0.58 | dt: 83ms | tok/sec: 790,722 | mfu: 19.1% | epoch: 1 | remaining: 86s    
step 02590 (71.2%) | loss: 3.075933 | lrm: 0.58 | dt: 83ms | tok/sec: 791,177 | mfu: 19.1% | epoch: 1 | remaining: 86s    
step 02591 (71.2%) | loss: 3.078335 | lrm: 0.58 | dt: 83ms | tok/sec: 791,234 | mfu: 19.1% | epoch: 1 | remaining: 86s    
step 02592 (71.3%) | loss: 3.077710 | lrm: 0.57 | dt: 83ms | tok/sec: 790,772 | mfu: 19.1% | epoch: 1 | remaining: 86s    
step 02593 (71.3%) | loss: 3.079375 | lrm: 0.57 | dt: 83ms | tok/sec: 790,735 | mfu: 19.1% | epoch: 1 | remaining: 86s    
step 02594 (71.3%) | loss: 3.075612 | lrm: 0.57 | dt: 83ms | tok/sec: 791,302 | mfu: 19.1% | epoch: 1 | remaining: 86s    
step 02595 (71.3%) | loss: 3.069684 | lrm: 0.57 | dt: 83ms | tok/sec: 791,293 | mfu: 19.1% | epoch: 1 | remaining: 86s    
step 02596 (71.4%) | loss: 3.069678 | lrm: 0.57 | dt: 83ms | tok/sec: 791,345 | mfu: 19.1% | epoch: 1 | remaining: 86s    
step 02597 (71.4%) | loss: 3.077285 | lrm: 0.57 | dt: 83ms | tok/sec: 791,049 | mfu: 19.1% | epoch: 1 | remaining: 86s    
step 02598 (71.4%) | loss: 3.073504 | lrm: 0.57 | dt: 83ms | tok/sec: 791,227 | mfu: 19.1% | epoch: 1 | remaining: 86s    
step 02599 (71.5%) | loss: 3.073803 | lrm: 0.57 | dt: 83ms | tok/sec: 791,450 | mfu: 19.1% | epoch: 1 | remaining: 86s    
step 02600 (71.5%) | loss: 3.074257 | lrm: 0.57 | dt: 83ms | tok/sec: 791,083 | mfu: 19.1% | epoch: 1 | remaining: 85s    
step 02601 (71.5%) | loss: 3.076022 | lrm: 0.57 | dt: 83ms | tok/sec: 790,838 | mfu: 19.1% | epoch: 1 | remaining: 85s    
step 02602 (71.5%) | loss: 3.072977 | lrm: 0.57 | dt: 83ms | tok/sec: 791,088 | mfu: 19.1% | epoch: 1 | remaining: 85s    
step 02603 (71.6%) | loss: 3.059948 | lrm: 0.57 | dt: 83ms | tok/sec: 790,888 | mfu: 19.1% | epoch: 1 | remaining: 85s    
step 02604 (71.6%) | loss: 3.060013 | lrm: 0.57 | dt: 83ms | tok/sec: 791,377 | mfu: 19.1% | epoch: 1 | remaining: 85s    
step 02605 (71.6%) | loss: 3.073360 | lrm: 0.57 | dt: 83ms | tok/sec: 791,309 | mfu: 19.1% | epoch: 1 | remaining: 85s    
step 02606 (71.6%) | loss: 3.066530 | lrm: 0.57 | dt: 83ms | tok/sec: 791,172 | mfu: 19.1% | epoch: 1 | remaining: 85s    
step 02607 (71.7%) | loss: 3.057457 | lrm: 0.57 | dt: 83ms | tok/sec: 791,188 | mfu: 19.1% | epoch: 1 | remaining: 85s    
step 02608 (71.7%) | loss: 3.067294 | lrm: 0.57 | dt: 83ms | tok/sec: 791,441 | mfu: 19.1% | epoch: 1 | remaining: 85s    
step 02609 (71.7%) | loss: 3.062047 | lrm: 0.57 | dt: 83ms | tok/sec: 791,193 | mfu: 19.1% | epoch: 1 | remaining: 85s    
step 02610 (71.8%) | loss: 3.061283 | lrm: 0.56 | dt: 83ms | tok/sec: 790,915 | mfu: 19.1% | epoch: 1 | remaining: 85s    
step 02611 (71.8%) | loss: 3.044945 | lrm: 0.56 | dt: 83ms | tok/sec: 791,225 | mfu: 19.1% | epoch: 1 | remaining: 85s    
step 02612 (71.8%) | loss: 3.038892 | lrm: 0.56 | dt: 83ms | tok/sec: 791,332 | mfu: 19.1% | epoch: 1 | remaining: 84s    
step 02613 (71.8%) | loss: 3.048119 | lrm: 0.56 | dt: 83ms | tok/sec: 791,013 | mfu: 19.1% | epoch: 1 | remaining: 84s    
step 02614 (71.9%) | loss: 3.056672 | lrm: 0.56 | dt: 83ms | tok/sec: 790,999 | mfu: 19.1% | epoch: 1 | remaining: 84s    
step 02615 (71.9%) | loss: 3.072030 | lrm: 0.56 | dt: 83ms | tok/sec: 790,874 | mfu: 19.1% | epoch: 1 | remaining: 84s    
step 02616 (71.9%) | loss: 3.071911 | lrm: 0.56 | dt: 83ms | tok/sec: 791,181 | mfu: 19.1% | epoch: 1 | remaining: 84s    
step 02617 (72.0%) | loss: 3.071636 | lrm: 0.56 | dt: 83ms | tok/sec: 791,284 | mfu: 19.1% | epoch: 1 | remaining: 84s    
step 02618 (72.0%) | loss: 3.077864 | lrm: 0.56 | dt: 83ms | tok/sec: 791,006 | mfu: 19.1% | epoch: 1 | remaining: 84s    
step 02619 (72.0%) | loss: 3.081186 | lrm: 0.56 | dt: 83ms | tok/sec: 791,004 | mfu: 19.1% | epoch: 1 | remaining: 84s    
step 02620 (72.0%) | loss: 3.089198 | lrm: 0.56 | dt: 83ms | tok/sec: 791,061 | mfu: 19.1% | epoch: 1 | remaining: 84s    
step 02621 (72.1%) | loss: 3.098977 | lrm: 0.56 | dt: 83ms | tok/sec: 790,867 | mfu: 19.1% | epoch: 1 | remaining: 84s    
step 02622 (72.1%) | loss: 3.097625 | lrm: 0.56 | dt: 83ms | tok/sec: 790,869 | mfu: 19.1% | epoch: 1 | remaining: 84s    
step 02623 (72.1%) | loss: 3.093757 | lrm: 0.56 | dt: 83ms | tok/sec: 791,423 | mfu: 19.1% | epoch: 1 | remaining: 84s    
step 02624 (72.1%) | loss: 3.085357 | lrm: 0.56 | dt: 83ms | tok/sec: 791,300 | mfu: 19.1% | epoch: 1 | remaining: 83s    
step 02625 (72.2%) | loss: 3.074802 | lrm: 0.56 | dt: 83ms | tok/sec: 791,029 | mfu: 19.1% | epoch: 1 | remaining: 83s    
step 02626 (72.2%) | loss: 3.071603 | lrm: 0.56 | dt: 83ms | tok/sec: 791,077 | mfu: 19.1% | epoch: 1 | remaining: 83s    
step 02627 (72.2%) | loss: 3.073860 | lrm: 0.56 | dt: 83ms | tok/sec: 791,243 | mfu: 19.1% | epoch: 1 | remaining: 83s    
step 02628 (72.3%) | loss: 3.073897 | lrm: 0.55 | dt: 83ms | tok/sec: 791,206 | mfu: 19.1% | epoch: 1 | remaining: 83s    
step 02629 (72.3%) | loss: 3.061089 | lrm: 0.55 | dt: 83ms | tok/sec: 791,077 | mfu: 19.1% | epoch: 1 | remaining: 83s    
step 02630 (72.3%) | loss: 3.058568 | lrm: 0.55 | dt: 83ms | tok/sec: 791,304 | mfu: 19.1% | epoch: 1 | remaining: 83s    
step 02631 (72.3%) | loss: 3.061034 | lrm: 0.55 | dt: 83ms | tok/sec: 791,359 | mfu: 19.1% | epoch: 1 | remaining: 83s    
step 02632 (72.4%) | loss: 3.058588 | lrm: 0.55 | dt: 83ms | tok/sec: 790,931 | mfu: 19.1% | epoch: 1 | remaining: 83s    
step 02633 (72.4%) | loss: 3.063927 | lrm: 0.55 | dt: 83ms | tok/sec: 790,931 | mfu: 19.1% | epoch: 1 | remaining: 83s    
step 02634 (72.4%) | loss: 3.061107 | lrm: 0.55 | dt: 83ms | tok/sec: 790,815 | mfu: 19.1% | epoch: 1 | remaining: 83s    
step 02635 (72.5%) | loss: 3.065764 | lrm: 0.55 | dt: 83ms | tok/sec: 791,436 | mfu: 19.1% | epoch: 1 | remaining: 83s    
step 02636 (72.5%) | loss: 3.075989 | lrm: 0.55 | dt: 83ms | tok/sec: 791,031 | mfu: 19.1% | epoch: 1 | remaining: 82s    
step 02637 (72.5%) | loss: 3.080277 | lrm: 0.55 | dt: 83ms | tok/sec: 791,077 | mfu: 19.1% | epoch: 1 | remaining: 82s    
step 02638 (72.5%) | loss: 3.068020 | lrm: 0.55 | dt: 83ms | tok/sec: 791,090 | mfu: 19.1% | epoch: 1 | remaining: 82s    
step 02639 (72.6%) | loss: 3.075183 | lrm: 0.55 | dt: 83ms | tok/sec: 791,190 | mfu: 19.1% | epoch: 1 | remaining: 82s    
step 02640 (72.6%) | loss: 3.076833 | lrm: 0.55 | dt: 83ms | tok/sec: 791,213 | mfu: 19.1% | epoch: 1 | remaining: 82s    
step 02641 (72.6%) | loss: 3.081916 | lrm: 0.55 | dt: 83ms | tok/sec: 791,286 | mfu: 19.1% | epoch: 1 | remaining: 82s    
step 02642 (72.6%) | loss: 3.089204 | lrm: 0.55 | dt: 83ms | tok/sec: 790,879 | mfu: 19.1% | epoch: 1 | remaining: 82s    
step 02643 (72.7%) | loss: 3.081054 | lrm: 0.55 | dt: 83ms | tok/sec: 791,250 | mfu: 19.1% | epoch: 1 | remaining: 82s    
step 02644 (72.7%) | loss: 3.076790 | lrm: 0.55 | dt: 83ms | tok/sec: 790,856 | mfu: 19.1% | epoch: 1 | remaining: 82s    
step 02645 (72.7%) | loss: 3.066801 | lrm: 0.55 | dt: 83ms | tok/sec: 790,947 | mfu: 19.1% | epoch: 1 | remaining: 82s    
step 02646 (72.8%) | loss: 3.067262 | lrm: 0.54 | dt: 83ms | tok/sec: 791,111 | mfu: 19.1% | epoch: 1 | remaining: 82s    
step 02647 (72.8%) | loss: 3.073585 | lrm: 0.54 | dt: 83ms | tok/sec: 791,318 | mfu: 19.1% | epoch: 1 | remaining: 82s    
step 02648 (72.8%) | loss: 3.069022 | lrm: 0.54 | dt: 83ms | tok/sec: 790,731 | mfu: 19.1% | epoch: 1 | remaining: 81s    
step 02649 (72.8%) | loss: 3.077157 | lrm: 0.54 | dt: 83ms | tok/sec: 790,799 | mfu: 19.1% | epoch: 1 | remaining: 81s    
step 02650 (72.9%) | loss: 3.074246 | lrm: 0.54 | dt: 83ms | tok/sec: 791,143 | mfu: 19.1% | epoch: 1 | remaining: 81s    
step 02651 (72.9%) | loss: 3.073173 | lrm: 0.54 | dt: 83ms | tok/sec: 791,056 | mfu: 19.1% | epoch: 1 | remaining: 81s    
step 02652 (72.9%) | loss: 3.076517 | lrm: 0.54 | dt: 83ms | tok/sec: 791,252 | mfu: 19.1% | epoch: 1 | remaining: 81s    
step 02653 (72.9%) | loss: 3.075908 | lrm: 0.54 | dt: 83ms | tok/sec: 790,954 | mfu: 19.1% | epoch: 1 | remaining: 81s    
step 02654 (73.0%) | loss: 3.072505 | lrm: 0.54 | dt: 83ms | tok/sec: 790,965 | mfu: 19.1% | epoch: 1 | remaining: 81s    
step 02655 (73.0%) | loss: 3.081501 | lrm: 0.54 | dt: 83ms | tok/sec: 791,318 | mfu: 19.1% | epoch: 1 | remaining: 81s    
step 02656 (73.0%) | loss: 3.084828 | lrm: 0.54 | dt: 83ms | tok/sec: 791,548 | mfu: 19.1% | epoch: 1 | remaining: 81s    
step 02657 (73.1%) | loss: 3.077256 | lrm: 0.54 | dt: 83ms | tok/sec: 790,571 | mfu: 19.1% | epoch: 1 | remaining: 81s    
step 02658 (73.1%) | loss: 3.087365 | lrm: 0.54 | dt: 83ms | tok/sec: 789,858 | mfu: 19.1% | epoch: 1 | remaining: 81s    
step 02659 (73.1%) | loss: 3.090218 | lrm: 0.54 | dt: 83ms | tok/sec: 790,308 | mfu: 19.1% | epoch: 1 | remaining: 81s    
step 02660 (73.1%) | loss: 3.083452 | lrm: 0.54 | dt: 83ms | tok/sec: 790,949 | mfu: 19.1% | epoch: 1 | remaining: 80s    
step 02661 (73.2%) | loss: 3.077401 | lrm: 0.54 | dt: 83ms | tok/sec: 790,571 | mfu: 19.1% | epoch: 1 | remaining: 80s    
step 02662 (73.2%) | loss: 3.078209 | lrm: 0.54 | dt: 83ms | tok/sec: 790,621 | mfu: 19.1% | epoch: 1 | remaining: 80s    
step 02663 (73.2%) | loss: 3.082799 | lrm: 0.54 | dt: 83ms | tok/sec: 791,129 | mfu: 19.1% | epoch: 1 | remaining: 80s    
step 02664 (73.3%) | loss: 3.084876 | lrm: 0.53 | dt: 83ms | tok/sec: 790,778 | mfu: 19.1% | epoch: 1 | remaining: 80s    
step 02665 (73.3%) | loss: 3.080281 | lrm: 0.53 | dt: 83ms | tok/sec: 789,577 | mfu: 19.1% | epoch: 1 | remaining: 80s    
step 02666 (73.3%) | loss: 3.087770 | lrm: 0.53 | dt: 83ms | tok/sec: 790,074 | mfu: 19.1% | epoch: 1 | remaining: 80s    
step 02667 (73.3%) | loss: 3.086564 | lrm: 0.53 | dt: 83ms | tok/sec: 790,319 | mfu: 19.1% | epoch: 1 | remaining: 80s    
step 02668 (73.4%) | loss: 3.081871 | lrm: 0.53 | dt: 83ms | tok/sec: 790,869 | mfu: 19.1% | epoch: 1 | remaining: 80s    
step 02669 (73.4%) | loss: 3.074748 | lrm: 0.53 | dt: 83ms | tok/sec: 791,102 | mfu: 19.1% | epoch: 1 | remaining: 80s    
step 02670 (73.4%) | loss: 3.068585 | lrm: 0.53 | dt: 83ms | tok/sec: 790,960 | mfu: 19.1% | epoch: 1 | remaining: 80s    
step 02671 (73.4%) | loss: 3.079126 | lrm: 0.53 | dt: 83ms | tok/sec: 790,719 | mfu: 19.1% | epoch: 1 | remaining: 80s    
step 02672 (73.5%) | loss: 3.082539 | lrm: 0.53 | dt: 83ms | tok/sec: 791,102 | mfu: 19.1% | epoch: 1 | remaining: 80s    
step 02673 (73.5%) | loss: 3.077411 | lrm: 0.53 | dt: 83ms | tok/sec: 790,640 | mfu: 19.1% | epoch: 1 | remaining: 79s    
step 02674 (73.5%) | loss: 3.074190 | lrm: 0.53 | dt: 83ms | tok/sec: 791,136 | mfu: 19.1% | epoch: 1 | remaining: 79s    
step 02675 (73.6%) | loss: 3.075437 | lrm: 0.53 | dt: 83ms | tok/sec: 790,894 | mfu: 19.1% | epoch: 1 | remaining: 79s    
step 02676 (73.6%) | loss: 3.071641 | lrm: 0.53 | dt: 83ms | tok/sec: 791,138 | mfu: 19.1% | epoch: 1 | remaining: 79s    
step 02677 (73.6%) | loss: 3.067317 | lrm: 0.53 | dt: 83ms | tok/sec: 790,756 | mfu: 19.1% | epoch: 1 | remaining: 79s    
step 02678 (73.6%) | loss: 3.070020 | lrm: 0.53 | dt: 83ms | tok/sec: 790,671 | mfu: 19.1% | epoch: 1 | remaining: 79s    
step 02679 (73.7%) | loss: 3.070634 | lrm: 0.53 | dt: 83ms | tok/sec: 791,168 | mfu: 19.1% | epoch: 1 | remaining: 79s    
step 02680 (73.7%) | loss: 3.082815 | lrm: 0.53 | dt: 83ms | tok/sec: 791,118 | mfu: 19.1% | epoch: 1 | remaining: 79s    
step 02681 (73.7%) | loss: 3.075534 | lrm: 0.53 | dt: 83ms | tok/sec: 790,965 | mfu: 19.1% | epoch: 1 | remaining: 79s    
step 02682 (73.7%) | loss: 3.072938 | lrm: 0.53 | dt: 83ms | tok/sec: 790,901 | mfu: 19.1% | epoch: 1 | remaining: 79s    
step 02683 (73.8%) | loss: 3.074579 | lrm: 0.52 | dt: 83ms | tok/sec: 790,979 | mfu: 19.1% | epoch: 1 | remaining: 79s    
step 02684 (73.8%) | loss: 3.078746 | lrm: 0.52 | dt: 83ms | tok/sec: 791,011 | mfu: 19.1% | epoch: 1 | remaining: 79s    
step 02685 (73.8%) | loss: 3.068182 | lrm: 0.52 | dt: 83ms | tok/sec: 791,029 | mfu: 19.1% | epoch: 1 | remaining: 78s    
step 02686 (73.9%) | loss: 3.066661 | lrm: 0.52 | dt: 83ms | tok/sec: 790,731 | mfu: 19.1% | epoch: 1 | remaining: 78s    
step 02687 (73.9%) | loss: 3.065947 | lrm: 0.52 | dt: 83ms | tok/sec: 791,348 | mfu: 19.1% | epoch: 1 | remaining: 78s    
step 02688 (73.9%) | loss: 3.073163 | lrm: 0.52 | dt: 83ms | tok/sec: 790,785 | mfu: 19.1% | epoch: 1 | remaining: 78s    
step 02689 (73.9%) | loss: 3.059279 | lrm: 0.52 | dt: 83ms | tok/sec: 790,642 | mfu: 19.1% | epoch: 1 | remaining: 78s    
step 02690 (74.0%) | loss: 3.047987 | lrm: 0.52 | dt: 83ms | tok/sec: 791,127 | mfu: 19.1% | epoch: 1 | remaining: 78s    
step 02691 (74.0%) | loss: 3.035711 | lrm: 0.52 | dt: 83ms | tok/sec: 791,190 | mfu: 19.1% | epoch: 1 | remaining: 78s    
step 02692 (74.0%) | loss: 3.037527 | lrm: 0.52 | dt: 83ms | tok/sec: 791,001 | mfu: 19.1% | epoch: 1 | remaining: 78s    
step 02693 (74.1%) | loss: 3.049290 | lrm: 0.52 | dt: 83ms | tok/sec: 791,427 | mfu: 19.1% | epoch: 1 | remaining: 78s    
step 02694 (74.1%) | loss: 3.049657 | lrm: 0.52 | dt: 83ms | tok/sec: 791,749 | mfu: 19.1% | epoch: 1 | remaining: 78s    
step 02695 (74.1%) | loss: 3.054106 | lrm: 0.52 | dt: 83ms | tok/sec: 790,660 | mfu: 19.1% | epoch: 1 | remaining: 78s    
step 02696 (74.1%) | loss: 3.056370 | lrm: 0.52 | dt: 83ms | tok/sec: 790,769 | mfu: 19.1% | epoch: 1 | remaining: 78s    
step 02697 (74.2%) | loss: 3.064372 | lrm: 0.52 | dt: 83ms | tok/sec: 790,990 | mfu: 19.1% | epoch: 1 | remaining: 77s    
step 02698 (74.2%) | loss: 3.062200 | lrm: 0.52 | dt: 83ms | tok/sec: 790,817 | mfu: 19.1% | epoch: 1 | remaining: 77s    
step 02699 (74.2%) | loss: 3.059524 | lrm: 0.52 | dt: 83ms | tok/sec: 791,304 | mfu: 19.1% | epoch: 1 | remaining: 77s    
step 02700 (74.2%) | loss: 3.069856 | lrm: 0.52 | dt: 83ms | tok/sec: 790,979 | mfu: 19.1% | epoch: 1 | remaining: 77s    
step 02701 (74.3%) | loss: 3.080077 | lrm: 0.51 | dt: 83ms | tok/sec: 791,352 | mfu: 19.1% | epoch: 1 | remaining: 77s    
step 02702 (74.3%) | loss: 3.076408 | lrm: 0.51 | dt: 83ms | tok/sec: 791,079 | mfu: 19.1% | epoch: 1 | remaining: 77s    
step 02703 (74.3%) | loss: 3.076666 | lrm: 0.51 | dt: 83ms | tok/sec: 790,881 | mfu: 19.1% | epoch: 1 | remaining: 77s    
step 02704 (74.4%) | loss: 3.083350 | lrm: 0.51 | dt: 83ms | tok/sec: 791,090 | mfu: 19.1% | epoch: 1 | remaining: 77s    
step 02705 (74.4%) | loss: 3.071870 | lrm: 0.51 | dt: 83ms | tok/sec: 791,272 | mfu: 19.1% | epoch: 1 | remaining: 77s    
step 02706 (74.4%) | loss: 3.063872 | lrm: 0.51 | dt: 83ms | tok/sec: 790,924 | mfu: 19.1% | epoch: 1 | remaining: 77s    
step 02707 (74.4%) | loss: 3.062688 | lrm: 0.51 | dt: 83ms | tok/sec: 790,710 | mfu: 19.1% | epoch: 1 | remaining: 77s    
step 02708 (74.5%) | loss: 3.059333 | lrm: 0.51 | dt: 83ms | tok/sec: 791,363 | mfu: 19.1% | epoch: 1 | remaining: 77s    
step 02709 (74.5%) | loss: 3.054254 | lrm: 0.51 | dt: 83ms | tok/sec: 791,334 | mfu: 19.1% | epoch: 1 | remaining: 76s    
step 02710 (74.5%) | loss: 3.059336 | lrm: 0.51 | dt: 83ms | tok/sec: 791,220 | mfu: 19.1% | epoch: 1 | remaining: 76s    
step 02711 (74.5%) | loss: 3.058390 | lrm: 0.51 | dt: 83ms | tok/sec: 791,295 | mfu: 19.1% | epoch: 1 | remaining: 76s    
step 02712 (74.6%) | loss: 3.060399 | lrm: 0.51 | dt: 83ms | tok/sec: 791,122 | mfu: 19.1% | epoch: 1 | remaining: 76s    
step 02713 (74.6%) | loss: 3.059939 | lrm: 0.51 | dt: 83ms | tok/sec: 791,122 | mfu: 19.1% | epoch: 1 | remaining: 76s    
step 02714 (74.6%) | loss: 3.061669 | lrm: 0.51 | dt: 83ms | tok/sec: 790,979 | mfu: 19.1% | epoch: 1 | remaining: 76s    
step 02715 (74.7%) | loss: 3.060208 | lrm: 0.51 | dt: 83ms | tok/sec: 791,033 | mfu: 19.1% | epoch: 1 | remaining: 76s    
step 02716 (74.7%) | loss: 3.065710 | lrm: 0.51 | dt: 83ms | tok/sec: 791,040 | mfu: 19.1% | epoch: 1 | remaining: 76s    
step 02717 (74.7%) | loss: 3.057376 | lrm: 0.51 | dt: 83ms | tok/sec: 791,363 | mfu: 19.1% | epoch: 1 | remaining: 76s    
step 02718 (74.7%) | loss: 3.058879 | lrm: 0.51 | dt: 83ms | tok/sec: 790,885 | mfu: 19.1% | epoch: 1 | remaining: 76s    
step 02719 (74.8%) | loss: 3.063247 | lrm: 0.50 | dt: 83ms | tok/sec: 790,099 | mfu: 19.1% | epoch: 1 | remaining: 76s    
step 02720 (74.8%) | loss: 3.052218 | lrm: 0.50 | dt: 83ms | tok/sec: 791,136 | mfu: 19.1% | epoch: 1 | remaining: 76s    
step 02721 (74.8%) | loss: 3.047543 | lrm: 0.50 | dt: 83ms | tok/sec: 791,195 | mfu: 19.1% | epoch: 1 | remaining: 75s    
step 02722 (74.9%) | loss: 3.049904 | lrm: 0.50 | dt: 83ms | tok/sec: 790,822 | mfu: 19.1% | epoch: 1 | remaining: 75s    
step 02723 (74.9%) | loss: 3.039601 | lrm: 0.50 | dt: 83ms | tok/sec: 790,949 | mfu: 19.1% | epoch: 1 | remaining: 75s    
step 02724 (74.9%) | loss: 3.057451 | lrm: 0.50 | dt: 83ms | tok/sec: 791,231 | mfu: 19.1% | epoch: 1 | remaining: 75s    
step 02725 (74.9%) | loss: 3.056271 | lrm: 0.50 | dt: 83ms | tok/sec: 790,942 | mfu: 19.1% | epoch: 1 | remaining: 75s    
step 02726 (75.0%) | loss: 3.048534 | lrm: 0.50 | dt: 83ms | tok/sec: 791,031 | mfu: 19.1% | epoch: 1 | remaining: 75s    
step 02727 (75.0%) | loss: 3.053106 | lrm: 0.50 | dt: 83ms | tok/sec: 790,938 | mfu: 19.1% | epoch: 1 | remaining: 75s    
step 02728 (75.0%) | loss: 3.058391 | lrm: 0.50 | dt: 83ms | tok/sec: 791,163 | mfu: 19.1% | epoch: 1 | remaining: 75s    
step 02729 (75.0%) | loss: 3.058471 | lrm: 0.50 | dt: 83ms | tok/sec: 791,022 | mfu: 19.1% | epoch: 1 | remaining: 75s    
step 02730 (75.1%) | loss: 3.077505 | lrm: 0.50 | dt: 83ms | tok/sec: 791,024 | mfu: 19.1% | epoch: 1 | remaining: 75s    
step 02731 (75.1%) | loss: 3.063089 | lrm: 0.50 | dt: 83ms | tok/sec: 791,029 | mfu: 19.1% | epoch: 1 | remaining: 75s    
step 02732 (75.1%) | loss: 3.071551 | lrm: 0.50 | dt: 83ms | tok/sec: 791,097 | mfu: 19.1% | epoch: 1 | remaining: 75s    
step 02733 (75.2%) | loss: 3.069003 | lrm: 0.50 | dt: 83ms | tok/sec: 790,858 | mfu: 19.1% | epoch: 1 | remaining: 74s    
step 02734 (75.2%) | loss: 3.071836 | lrm: 0.50 | dt: 83ms | tok/sec: 791,341 | mfu: 19.1% | epoch: 1 | remaining: 74s    
step 02735 (75.2%) | loss: 3.078431 | lrm: 0.50 | dt: 83ms | tok/sec: 791,024 | mfu: 19.1% | epoch: 1 | remaining: 74s    
step 02736 (75.2%) | loss: 3.081331 | lrm: 0.50 | dt: 83ms | tok/sec: 791,102 | mfu: 19.1% | epoch: 1 | remaining: 74s    
step 02737 (75.3%) | loss: 3.075026 | lrm: 0.49 | dt: 83ms | tok/sec: 790,992 | mfu: 19.1% | epoch: 1 | remaining: 74s    
step 02738 (75.3%) | loss: 3.067163 | lrm: 0.49 | dt: 83ms | tok/sec: 790,869 | mfu: 19.1% | epoch: 1 | remaining: 74s    
step 02739 (75.3%) | loss: 3.061826 | lrm: 0.49 | dt: 83ms | tok/sec: 790,863 | mfu: 19.1% | epoch: 1 | remaining: 74s    
step 02740 (75.4%) | loss: 3.066570 | lrm: 0.49 | dt: 83ms | tok/sec: 790,819 | mfu: 19.1% | epoch: 1 | remaining: 74s    
step 02741 (75.4%) | loss: 3.062159 | lrm: 0.49 | dt: 83ms | tok/sec: 790,910 | mfu: 19.1% | epoch: 1 | remaining: 74s    
step 02742 (75.4%) | loss: 3.065148 | lrm: 0.49 | dt: 83ms | tok/sec: 791,122 | mfu: 19.1% | epoch: 1 | remaining: 74s    
step 02743 (75.4%) | loss: 3.066324 | lrm: 0.49 | dt: 83ms | tok/sec: 791,061 | mfu: 19.1% | epoch: 1 | remaining: 74s    
step 02744 (75.5%) | loss: 3.071095 | lrm: 0.49 | dt: 83ms | tok/sec: 791,108 | mfu: 19.1% | epoch: 1 | remaining: 74s    
step 02745 (75.5%) | loss: 3.072123 | lrm: 0.49 | dt: 83ms | tok/sec: 791,136 | mfu: 19.1% | epoch: 1 | remaining: 73s    
step 02746 (75.5%) | loss: 3.071826 | lrm: 0.49 | dt: 83ms | tok/sec: 790,624 | mfu: 19.1% | epoch: 1 | remaining: 73s    
step 02747 (75.5%) | loss: 3.075578 | lrm: 0.49 | dt: 83ms | tok/sec: 791,363 | mfu: 19.1% | epoch: 1 | remaining: 73s    
step 02748 (75.6%) | loss: 3.067054 | lrm: 0.49 | dt: 83ms | tok/sec: 791,118 | mfu: 19.1% | epoch: 1 | remaining: 73s    
step 02749 (75.6%) | loss: 3.065547 | lrm: 0.49 | dt: 83ms | tok/sec: 791,218 | mfu: 19.1% | epoch: 1 | remaining: 73s    
step 02750 (75.6%) | loss: 3.058281 | lrm: 0.49 | dt: 83ms | tok/sec: 791,363 | mfu: 19.1% | epoch: 1 | remaining: 73s    
step 02751 (75.7%) | loss: 3.058877 | lrm: 0.49 | dt: 83ms | tok/sec: 790,960 | mfu: 19.1% | epoch: 1 | remaining: 73s    
step 02752 (75.7%) | loss: 3.068678 | lrm: 0.49 | dt: 83ms | tok/sec: 791,156 | mfu: 19.1% | epoch: 1 | remaining: 73s    
step 02753 (75.7%) | loss: 3.073470 | lrm: 0.49 | dt: 83ms | tok/sec: 791,163 | mfu: 19.1% | epoch: 1 | remaining: 73s    
step 02754 (75.7%) | loss: 3.074363 | lrm: 0.49 | dt: 83ms | tok/sec: 790,444 | mfu: 19.1% | epoch: 1 | remaining: 73s    
step 02755 (75.8%) | loss: 3.075636 | lrm: 0.48 | dt: 83ms | tok/sec: 791,011 | mfu: 19.1% | epoch: 1 | remaining: 73s    
step 02756 (75.8%) | loss: 3.071853 | lrm: 0.48 | dt: 83ms | tok/sec: 791,077 | mfu: 19.1% | epoch: 1 | remaining: 73s    
step 02757 (75.8%) | loss: 3.079086 | lrm: 0.48 | dt: 83ms | tok/sec: 791,518 | mfu: 19.1% | epoch: 1 | remaining: 72s    
step 02758 (75.8%) | loss: 3.071325 | lrm: 0.48 | dt: 83ms | tok/sec: 791,077 | mfu: 19.1% | epoch: 1 | remaining: 72s    
step 02759 (75.9%) | loss: 3.070067 | lrm: 0.48 | dt: 83ms | tok/sec: 791,099 | mfu: 19.1% | epoch: 1 | remaining: 72s    
step 02760 (75.9%) | loss: 3.077779 | lrm: 0.48 | dt: 83ms | tok/sec: 791,302 | mfu: 19.1% | epoch: 1 | remaining: 72s    
step 02761 (75.9%) | loss: 3.074035 | lrm: 0.48 | dt: 83ms | tok/sec: 791,108 | mfu: 19.1% | epoch: 1 | remaining: 72s    
step 02762 (76.0%) | loss: 3.069946 | lrm: 0.48 | dt: 83ms | tok/sec: 790,922 | mfu: 19.1% | epoch: 1 | remaining: 72s    
step 02763 (76.0%) | loss: 3.064993 | lrm: 0.48 | dt: 83ms | tok/sec: 790,867 | mfu: 19.1% | epoch: 1 | remaining: 72s    
step 02764 (76.0%) | loss: 3.070825 | lrm: 0.48 | dt: 83ms | tok/sec: 791,195 | mfu: 19.1% | epoch: 1 | remaining: 72s    
step 02765 (76.0%) | loss: 3.066797 | lrm: 0.48 | dt: 83ms | tok/sec: 791,245 | mfu: 19.1% | epoch: 1 | remaining: 72s    
step 02766 (76.1%) | loss: 3.082658 | lrm: 0.48 | dt: 83ms | tok/sec: 791,446 | mfu: 19.1% | epoch: 1 | remaining: 72s    
step 02767 (76.1%) | loss: 3.080905 | lrm: 0.48 | dt: 83ms | tok/sec: 791,300 | mfu: 19.1% | epoch: 1 | remaining: 72s    
step 02768 (76.1%) | loss: 3.073510 | lrm: 0.48 | dt: 83ms | tok/sec: 791,222 | mfu: 19.1% | epoch: 1 | remaining: 72s    
step 02769 (76.2%) | loss: 3.075550 | lrm: 0.48 | dt: 83ms | tok/sec: 791,045 | mfu: 19.1% | epoch: 1 | remaining: 71s    
step 02770 (76.2%) | loss: 3.071461 | lrm: 0.48 | dt: 83ms | tok/sec: 791,008 | mfu: 19.1% | epoch: 1 | remaining: 71s    
step 02771 (76.2%) | loss: 3.068250 | lrm: 0.48 | dt: 83ms | tok/sec: 791,284 | mfu: 19.1% | epoch: 1 | remaining: 71s    
step 02772 (76.2%) | loss: 3.055617 | lrm: 0.48 | dt: 83ms | tok/sec: 791,158 | mfu: 19.1% | epoch: 1 | remaining: 71s    
step 02773 (76.3%) | loss: 3.052635 | lrm: 0.47 | dt: 83ms | tok/sec: 790,981 | mfu: 19.1% | epoch: 1 | remaining: 71s    
step 02774 (76.3%) | loss: 3.058513 | lrm: 0.47 | dt: 83ms | tok/sec: 791,193 | mfu: 19.1% | epoch: 1 | remaining: 71s    
step 02775 (76.3%) | loss: 3.054415 | lrm: 0.47 | dt: 83ms | tok/sec: 791,158 | mfu: 19.1% | epoch: 1 | remaining: 71s    
step 02776 (76.3%) | loss: 3.059440 | lrm: 0.47 | dt: 83ms | tok/sec: 791,099 | mfu: 19.1% | epoch: 1 | remaining: 71s    
step 02777 (76.4%) | loss: 3.060825 | lrm: 0.47 | dt: 83ms | tok/sec: 791,058 | mfu: 19.1% | epoch: 1 | remaining: 71s    
step 02778 (76.4%) | loss: 3.048142 | lrm: 0.47 | dt: 83ms | tok/sec: 791,020 | mfu: 19.1% | epoch: 1 | remaining: 71s    
step 02779 (76.4%) | loss: 3.056010 | lrm: 0.47 | dt: 83ms | tok/sec: 790,808 | mfu: 19.1% | epoch: 1 | remaining: 71s    
step 02780 (76.5%) | loss: 3.056695 | lrm: 0.47 | dt: 83ms | tok/sec: 790,835 | mfu: 19.1% | epoch: 1 | remaining: 71s    
step 02781 (76.5%) | loss: 3.049937 | lrm: 0.47 | dt: 83ms | tok/sec: 790,797 | mfu: 19.1% | epoch: 1 | remaining: 70s    
step 02782 (76.5%) | loss: 3.045924 | lrm: 0.47 | dt: 83ms | tok/sec: 791,095 | mfu: 19.1% | epoch: 1 | remaining: 70s    
step 02783 (76.5%) | loss: 3.039997 | lrm: 0.47 | dt: 83ms | tok/sec: 789,824 | mfu: 19.1% | epoch: 1 | remaining: 70s    
step 02784 (76.6%) | loss: 3.040812 | lrm: 0.47 | dt: 83ms | tok/sec: 791,407 | mfu: 19.1% | epoch: 1 | remaining: 70s    
step 02785 (76.6%) | loss: 3.038055 | lrm: 0.47 | dt: 83ms | tok/sec: 791,065 | mfu: 19.1% | epoch: 1 | remaining: 70s    
step 02786 (76.6%) | loss: 3.043710 | lrm: 0.47 | dt: 83ms | tok/sec: 791,013 | mfu: 19.1% | epoch: 1 | remaining: 70s    
step 02787 (76.6%) | loss: 3.043207 | lrm: 0.47 | dt: 83ms | tok/sec: 791,243 | mfu: 19.1% | epoch: 1 | remaining: 70s    
step 02788 (76.7%) | loss: 3.042088 | lrm: 0.47 | dt: 83ms | tok/sec: 790,762 | mfu: 19.1% | epoch: 1 | remaining: 70s    
step 02789 (76.7%) | loss: 3.042674 | lrm: 0.47 | dt: 83ms | tok/sec: 791,229 | mfu: 19.1% | epoch: 1 | remaining: 70s    
step 02790 (76.7%) | loss: 3.042895 | lrm: 0.47 | dt: 83ms | tok/sec: 790,915 | mfu: 19.1% | epoch: 1 | remaining: 70s    
step 02791 (76.8%) | loss: 3.039365 | lrm: 0.46 | dt: 83ms | tok/sec: 791,562 | mfu: 19.1% | epoch: 1 | remaining: 70s    
step 02792 (76.8%) | loss: 3.033029 | lrm: 0.46 | dt: 83ms | tok/sec: 791,038 | mfu: 19.1% | epoch: 1 | remaining: 70s    
step 02793 (76.8%) | loss: 3.035503 | lrm: 0.46 | dt: 83ms | tok/sec: 791,434 | mfu: 19.1% | epoch: 1 | remaining: 69s    
step 02794 (76.8%) | loss: 3.031578 | lrm: 0.46 | dt: 83ms | tok/sec: 790,945 | mfu: 19.1% | epoch: 1 | remaining: 69s    
step 02795 (76.9%) | loss: 3.031849 | lrm: 0.46 | dt: 83ms | tok/sec: 791,124 | mfu: 19.1% | epoch: 1 | remaining: 69s    
step 02796 (76.9%) | loss: 3.036255 | lrm: 0.46 | dt: 83ms | tok/sec: 791,414 | mfu: 19.1% | epoch: 1 | remaining: 69s    
step 02797 (76.9%) | loss: 3.039738 | lrm: 0.46 | dt: 83ms | tok/sec: 790,940 | mfu: 19.1% | epoch: 1 | remaining: 69s    
step 02798 (77.0%) | loss: 3.038957 | lrm: 0.46 | dt: 83ms | tok/sec: 790,983 | mfu: 19.1% | epoch: 1 | remaining: 69s    
step 02799 (77.0%) | loss: 3.037259 | lrm: 0.46 | dt: 83ms | tok/sec: 791,102 | mfu: 19.1% | epoch: 1 | remaining: 69s    
step 02800 (77.0%) | loss: 3.049113 | lrm: 0.46 | dt: 83ms | tok/sec: 791,172 | mfu: 19.1% | epoch: 1 | remaining: 69s    
step 02801 (77.0%) | loss: 3.038825 | lrm: 0.46 | dt: 83ms | tok/sec: 791,295 | mfu: 19.1% | epoch: 1 | remaining: 69s    
step 02802 (77.1%) | loss: 3.039523 | lrm: 0.46 | dt: 83ms | tok/sec: 791,124 | mfu: 19.1% | epoch: 1 | remaining: 69s    
step 02803 (77.1%) | loss: 3.038764 | lrm: 0.46 | dt: 83ms | tok/sec: 790,940 | mfu: 19.1% | epoch: 1 | remaining: 69s    
step 02804 (77.1%) | loss: 3.037548 | lrm: 0.46 | dt: 83ms | tok/sec: 791,031 | mfu: 19.1% | epoch: 1 | remaining: 69s    
step 02805 (77.1%) | loss: 3.041036 | lrm: 0.46 | dt: 83ms | tok/sec: 791,090 | mfu: 19.1% | epoch: 1 | remaining: 68s    
step 02806 (77.2%) | loss: 3.040733 | lrm: 0.46 | dt: 83ms | tok/sec: 791,170 | mfu: 19.1% | epoch: 1 | remaining: 68s    
step 02807 (77.2%) | loss: 3.039510 | lrm: 0.46 | dt: 83ms | tok/sec: 791,261 | mfu: 19.1% | epoch: 1 | remaining: 68s    
step 02808 (77.2%) | loss: 3.039323 | lrm: 0.46 | dt: 83ms | tok/sec: 790,874 | mfu: 19.1% | epoch: 1 | remaining: 68s    
step 02809 (77.3%) | loss: 3.037033 | lrm: 0.45 | dt: 83ms | tok/sec: 791,252 | mfu: 19.1% | epoch: 1 | remaining: 68s    
step 02810 (77.3%) | loss: 3.038630 | lrm: 0.45 | dt: 83ms | tok/sec: 790,967 | mfu: 19.1% | epoch: 1 | remaining: 68s    
step 02811 (77.3%) | loss: 3.040813 | lrm: 0.45 | dt: 83ms | tok/sec: 791,118 | mfu: 19.1% | epoch: 1 | remaining: 68s    
step 02812 (77.3%) | loss: 3.035601 | lrm: 0.45 | dt: 83ms | tok/sec: 790,817 | mfu: 19.1% | epoch: 1 | remaining: 68s    
step 02813 (77.4%) | loss: 3.032333 | lrm: 0.45 | dt: 83ms | tok/sec: 791,152 | mfu: 19.1% | epoch: 1 | remaining: 68s    
step 02814 (77.4%) | loss: 3.039902 | lrm: 0.45 | dt: 83ms | tok/sec: 791,133 | mfu: 19.1% | epoch: 1 | remaining: 68s    
step 02815 (77.4%) | loss: 3.041576 | lrm: 0.45 | dt: 83ms | tok/sec: 791,432 | mfu: 19.1% | epoch: 1 | remaining: 68s    
step 02816 (77.4%) | loss: 3.035257 | lrm: 0.45 | dt: 83ms | tok/sec: 790,981 | mfu: 19.1% | epoch: 1 | remaining: 68s    
step 02817 (77.5%) | loss: 3.033787 | lrm: 0.45 | dt: 83ms | tok/sec: 790,828 | mfu: 19.1% | epoch: 1 | remaining: 67s    
step 02818 (77.5%) | loss: 3.036317 | lrm: 0.45 | dt: 83ms | tok/sec: 791,081 | mfu: 19.1% | epoch: 1 | remaining: 67s    
step 02819 (77.5%) | loss: 3.033568 | lrm: 0.45 | dt: 83ms | tok/sec: 790,881 | mfu: 19.1% | epoch: 1 | remaining: 67s    
step 02820 (77.6%) | loss: 3.030632 | lrm: 0.45 | dt: 83ms | tok/sec: 791,081 | mfu: 19.1% | epoch: 1 | remaining: 67s    
step 02821 (77.6%) | loss: 3.025818 | lrm: 0.45 | dt: 83ms | tok/sec: 791,186 | mfu: 19.1% | epoch: 1 | remaining: 67s    
step 02822 (77.6%) | loss: 3.021530 | lrm: 0.45 | dt: 83ms | tok/sec: 791,154 | mfu: 19.1% | epoch: 1 | remaining: 67s    
step 02823 (77.6%) | loss: 3.033034 | lrm: 0.45 | dt: 83ms | tok/sec: 791,079 | mfu: 19.1% | epoch: 1 | remaining: 67s    
step 02824 (77.7%) | loss: 3.046217 | lrm: 0.45 | dt: 83ms | tok/sec: 790,865 | mfu: 19.1% | epoch: 1 | remaining: 67s    
step 02825 (77.7%) | loss: 3.051635 | lrm: 0.45 | dt: 83ms | tok/sec: 791,238 | mfu: 19.1% | epoch: 1 | remaining: 67s    
step 02826 (77.7%) | loss: 3.048541 | lrm: 0.45 | dt: 83ms | tok/sec: 791,092 | mfu: 19.1% | epoch: 1 | remaining: 67s    
step 02827 (77.8%) | loss: 3.044952 | lrm: 0.44 | dt: 83ms | tok/sec: 790,919 | mfu: 19.1% | epoch: 1 | remaining: 67s    
step 02828 (77.8%) | loss: 3.046902 | lrm: 0.44 | dt: 83ms | tok/sec: 791,008 | mfu: 19.1% | epoch: 1 | remaining: 67s    
step 02829 (77.8%) | loss: 3.048614 | lrm: 0.44 | dt: 83ms | tok/sec: 790,888 | mfu: 19.1% | epoch: 1 | remaining: 66s    
step 02830 (77.8%) | loss: 3.054105 | lrm: 0.44 | dt: 83ms | tok/sec: 791,118 | mfu: 19.1% | epoch: 1 | remaining: 66s    
step 02831 (77.9%) | loss: 3.044172 | lrm: 0.44 | dt: 83ms | tok/sec: 790,949 | mfu: 19.1% | epoch: 1 | remaining: 66s    
step 02832 (77.9%) | loss: 3.039853 | lrm: 0.44 | dt: 83ms | tok/sec: 791,065 | mfu: 19.1% | epoch: 1 | remaining: 66s    
step 02833 (77.9%) | loss: 3.037670 | lrm: 0.44 | dt: 83ms | tok/sec: 790,785 | mfu: 19.1% | epoch: 1 | remaining: 66s    
step 02834 (77.9%) | loss: 3.034925 | lrm: 0.44 | dt: 83ms | tok/sec: 790,974 | mfu: 19.1% | epoch: 1 | remaining: 66s    
step 02835 (78.0%) | loss: 3.032097 | lrm: 0.44 | dt: 83ms | tok/sec: 791,088 | mfu: 19.1% | epoch: 1 | remaining: 66s    
step 02836 (78.0%) | loss: 3.033293 | lrm: 0.44 | dt: 83ms | tok/sec: 791,145 | mfu: 19.1% | epoch: 1 | remaining: 66s    
step 02837 (78.0%) | loss: 3.030344 | lrm: 0.44 | dt: 83ms | tok/sec: 790,831 | mfu: 19.1% | epoch: 1 | remaining: 66s    
step 02838 (78.1%) | loss: 3.023443 | lrm: 0.44 | dt: 83ms | tok/sec: 791,077 | mfu: 19.1% | epoch: 1 | remaining: 66s    
step 02839 (78.1%) | loss: 3.019765 | lrm: 0.44 | dt: 83ms | tok/sec: 791,090 | mfu: 19.1% | epoch: 1 | remaining: 66s    
step 02840 (78.1%) | loss: 3.023093 | lrm: 0.44 | dt: 83ms | tok/sec: 791,077 | mfu: 19.1% | epoch: 1 | remaining: 66s    
step 02841 (78.1%) | loss: 3.021007 | lrm: 0.44 | dt: 83ms | tok/sec: 791,026 | mfu: 19.1% | epoch: 1 | remaining: 65s    
step 02842 (78.2%) | loss: 3.026046 | lrm: 0.44 | dt: 83ms | tok/sec: 791,222 | mfu: 19.1% | epoch: 1 | remaining: 65s    
step 02843 (78.2%) | loss: 3.036151 | lrm: 0.44 | dt: 83ms | tok/sec: 791,215 | mfu: 19.1% | epoch: 1 | remaining: 65s    
step 02844 (78.2%) | loss: 3.023740 | lrm: 0.44 | dt: 83ms | tok/sec: 791,045 | mfu: 19.1% | epoch: 1 | remaining: 65s    
step 02845 (78.2%) | loss: 3.020743 | lrm: 0.44 | dt: 83ms | tok/sec: 791,163 | mfu: 19.1% | epoch: 1 | remaining: 65s    
step 02846 (78.3%) | loss: 3.022245 | lrm: 0.43 | dt: 83ms | tok/sec: 791,209 | mfu: 19.1% | epoch: 1 | remaining: 65s    
step 02847 (78.3%) | loss: 3.021002 | lrm: 0.43 | dt: 83ms | tok/sec: 790,815 | mfu: 19.1% | epoch: 1 | remaining: 65s    
step 02848 (78.3%) | loss: 3.016815 | lrm: 0.43 | dt: 83ms | tok/sec: 791,377 | mfu: 19.1% | epoch: 1 | remaining: 65s    
step 02849 (78.4%) | loss: 3.030091 | lrm: 0.43 | dt: 83ms | tok/sec: 790,910 | mfu: 19.1% | epoch: 1 | remaining: 65s    
step 02850 (78.4%) | loss: 3.021689 | lrm: 0.43 | dt: 83ms | tok/sec: 791,455 | mfu: 19.1% | epoch: 1 | remaining: 65s    
step 02851 (78.4%) | loss: 3.026565 | lrm: 0.43 | dt: 83ms | tok/sec: 790,801 | mfu: 19.1% | epoch: 1 | remaining: 65s    
step 02852 (78.4%) | loss: 3.031404 | lrm: 0.43 | dt: 83ms | tok/sec: 791,102 | mfu: 19.1% | epoch: 1 | remaining: 65s    
step 02853 (78.5%) | loss: 3.036373 | lrm: 0.43 | dt: 83ms | tok/sec: 791,124 | mfu: 19.1% | epoch: 1 | remaining: 65s    
step 02854 (78.5%) | loss: 3.033956 | lrm: 0.43 | dt: 83ms | tok/sec: 791,293 | mfu: 19.1% | epoch: 1 | remaining: 64s    
step 02855 (78.5%) | loss: 3.043369 | lrm: 0.43 | dt: 83ms | tok/sec: 791,049 | mfu: 19.1% | epoch: 1 | remaining: 64s    
step 02856 (78.6%) | loss: 3.045174 | lrm: 0.43 | dt: 83ms | tok/sec: 790,787 | mfu: 19.1% | epoch: 1 | remaining: 64s    
step 02857 (78.6%) | loss: 3.029786 | lrm: 0.43 | dt: 83ms | tok/sec: 790,974 | mfu: 19.1% | epoch: 1 | remaining: 64s    
step 02858 (78.6%) | loss: 3.028122 | lrm: 0.43 | dt: 83ms | tok/sec: 791,106 | mfu: 19.1% | epoch: 1 | remaining: 64s    
step 02859 (78.6%) | loss: 3.019506 | lrm: 0.43 | dt: 83ms | tok/sec: 791,227 | mfu: 19.1% | epoch: 1 | remaining: 64s    
step 02860 (78.7%) | loss: 3.020787 | lrm: 0.43 | dt: 83ms | tok/sec: 790,960 | mfu: 19.1% | epoch: 1 | remaining: 64s    
step 02861 (78.7%) | loss: 3.029187 | lrm: 0.43 | dt: 83ms | tok/sec: 791,277 | mfu: 19.1% | epoch: 1 | remaining: 64s    
step 02862 (78.7%) | loss: 3.033322 | lrm: 0.43 | dt: 83ms | tok/sec: 791,585 | mfu: 19.1% | epoch: 1 | remaining: 64s    
step 02863 (78.7%) | loss: 3.039793 | lrm: 0.43 | dt: 83ms | tok/sec: 791,311 | mfu: 19.1% | epoch: 1 | remaining: 64s    
step 02864 (78.8%) | loss: 3.025893 | lrm: 0.42 | dt: 83ms | tok/sec: 790,765 | mfu: 19.1% | epoch: 1 | remaining: 64s    
step 02865 (78.8%) | loss: 3.023534 | lrm: 0.42 | dt: 83ms | tok/sec: 791,218 | mfu: 19.1% | epoch: 1 | remaining: 64s    
step 02866 (78.8%) | loss: 3.024048 | lrm: 0.42 | dt: 83ms | tok/sec: 791,049 | mfu: 19.1% | epoch: 1 | remaining: 63s    
step 02867 (78.9%) | loss: 3.023137 | lrm: 0.42 | dt: 83ms | tok/sec: 790,913 | mfu: 19.1% | epoch: 1 | remaining: 63s    
step 02868 (78.9%) | loss: 3.022431 | lrm: 0.42 | dt: 83ms | tok/sec: 791,133 | mfu: 19.1% | epoch: 1 | remaining: 63s    
step 02869 (78.9%) | loss: 3.036052 | lrm: 0.42 | dt: 83ms | tok/sec: 790,822 | mfu: 19.1% | epoch: 1 | remaining: 63s    
step 02870 (78.9%) | loss: 3.033451 | lrm: 0.42 | dt: 83ms | tok/sec: 791,001 | mfu: 19.1% | epoch: 1 | remaining: 63s    
step 02871 (79.0%) | loss: 3.035489 | lrm: 0.42 | dt: 83ms | tok/sec: 790,794 | mfu: 19.1% | epoch: 1 | remaining: 63s    
step 02872 (79.0%) | loss: 3.030640 | lrm: 0.42 | dt: 83ms | tok/sec: 790,956 | mfu: 19.1% | epoch: 1 | remaining: 63s    
step 02873 (79.0%) | loss: 3.030044 | lrm: 0.42 | dt: 83ms | tok/sec: 790,972 | mfu: 19.1% | epoch: 1 | remaining: 63s    
step 02874 (79.1%) | loss: 3.029812 | lrm: 0.42 | dt: 83ms | tok/sec: 791,202 | mfu: 19.1% | epoch: 1 | remaining: 63s    
step 02875 (79.1%) | loss: 3.024084 | lrm: 0.42 | dt: 83ms | tok/sec: 791,325 | mfu: 19.1% | epoch: 1 | remaining: 63s    
step 02876 (79.1%) | loss: 3.035996 | lrm: 0.42 | dt: 83ms | tok/sec: 791,466 | mfu: 19.1% | epoch: 1 | remaining: 63s    
step 02877 (79.1%) | loss: 3.034597 | lrm: 0.42 | dt: 83ms | tok/sec: 791,102 | mfu: 19.1% | epoch: 1 | remaining: 63s    
step 02878 (79.2%) | loss: 3.031167 | lrm: 0.42 | dt: 83ms | tok/sec: 791,799 | mfu: 19.1% | epoch: 1 | remaining: 62s    
step 02879 (79.2%) | loss: 3.032452 | lrm: 0.42 | dt: 83ms | tok/sec: 791,026 | mfu: 19.1% | epoch: 1 | remaining: 62s    
step 02880 (79.2%) | loss: 3.032715 | lrm: 0.42 | dt: 83ms | tok/sec: 790,865 | mfu: 19.1% | epoch: 1 | remaining: 62s    
step 02881 (79.2%) | loss: 3.039696 | lrm: 0.42 | dt: 83ms | tok/sec: 791,272 | mfu: 19.1% | epoch: 1 | remaining: 62s    
step 02882 (79.3%) | loss: 3.029928 | lrm: 0.41 | dt: 83ms | tok/sec: 791,147 | mfu: 19.1% | epoch: 1 | remaining: 62s    
step 02883 (79.3%) | loss: 3.024933 | lrm: 0.41 | dt: 83ms | tok/sec: 790,888 | mfu: 19.1% | epoch: 1 | remaining: 62s    
step 02884 (79.3%) | loss: 3.021567 | lrm: 0.41 | dt: 83ms | tok/sec: 791,254 | mfu: 19.1% | epoch: 1 | remaining: 62s    
step 02885 (79.4%) | loss: 3.022002 | lrm: 0.41 | dt: 83ms | tok/sec: 791,455 | mfu: 19.1% | epoch: 1 | remaining: 62s    
step 02886 (79.4%) | loss: 3.022085 | lrm: 0.41 | dt: 83ms | tok/sec: 791,026 | mfu: 19.1% | epoch: 1 | remaining: 62s    
step 02887 (79.4%) | loss: 3.025220 | lrm: 0.41 | dt: 83ms | tok/sec: 791,154 | mfu: 19.1% | epoch: 1 | remaining: 62s    
step 02888 (79.4%) | loss: 3.026027 | lrm: 0.41 | dt: 83ms | tok/sec: 790,933 | mfu: 19.1% | epoch: 1 | remaining: 62s    
step 02889 (79.5%) | loss: 3.023580 | lrm: 0.41 | dt: 83ms | tok/sec: 790,897 | mfu: 19.1% | epoch: 1 | remaining: 62s    
step 02890 (79.5%) | loss: 3.024385 | lrm: 0.41 | dt: 83ms | tok/sec: 790,742 | mfu: 19.1% | epoch: 1 | remaining: 61s    
step 02891 (79.5%) | loss: 3.020832 | lrm: 0.41 | dt: 83ms | tok/sec: 791,031 | mfu: 19.1% | epoch: 1 | remaining: 61s    
step 02892 (79.5%) | loss: 3.015573 | lrm: 0.41 | dt: 83ms | tok/sec: 791,161 | mfu: 19.1% | epoch: 1 | remaining: 61s    
step 02893 (79.6%) | loss: 3.025768 | lrm: 0.41 | dt: 83ms | tok/sec: 791,229 | mfu: 19.1% | epoch: 1 | remaining: 61s    
step 02894 (79.6%) | loss: 3.024654 | lrm: 0.41 | dt: 83ms | tok/sec: 791,001 | mfu: 19.1% | epoch: 1 | remaining: 61s    
step 02895 (79.6%) | loss: 3.024641 | lrm: 0.41 | dt: 83ms | tok/sec: 790,972 | mfu: 19.1% | epoch: 1 | remaining: 61s    
step 02896 (79.7%) | loss: 3.014667 | lrm: 0.41 | dt: 83ms | tok/sec: 790,933 | mfu: 19.1% | epoch: 1 | remaining: 61s    
step 02897 (79.7%) | loss: 3.003565 | lrm: 0.41 | dt: 83ms | tok/sec: 791,172 | mfu: 19.1% | epoch: 1 | remaining: 61s    
step 02898 (79.7%) | loss: 3.000536 | lrm: 0.41 | dt: 83ms | tok/sec: 790,963 | mfu: 19.1% | epoch: 1 | remaining: 61s    
step 02899 (79.7%) | loss: 3.004248 | lrm: 0.41 | dt: 83ms | tok/sec: 790,856 | mfu: 19.1% | epoch: 1 | remaining: 61s    
step 02900 (79.8%) | loss: 3.008385 | lrm: 0.40 | dt: 83ms | tok/sec: 791,063 | mfu: 19.1% | epoch: 1 | remaining: 61s    
step 02901 (79.8%) | loss: 2.994622 | lrm: 0.40 | dt: 83ms | tok/sec: 791,404 | mfu: 19.1% | epoch: 1 | remaining: 61s    
step 02902 (79.8%) | loss: 2.992970 | lrm: 0.40 | dt: 83ms | tok/sec: 791,259 | mfu: 19.1% | epoch: 1 | remaining: 60s    
step 02903 (79.9%) | loss: 2.998052 | lrm: 0.40 | dt: 83ms | tok/sec: 791,432 | mfu: 19.1% | epoch: 1 | remaining: 60s    
step 02904 (79.9%) | loss: 3.007679 | lrm: 0.40 | dt: 83ms | tok/sec: 791,300 | mfu: 19.1% | epoch: 1 | remaining: 60s    
step 02905 (79.9%) | loss: 3.001157 | lrm: 0.40 | dt: 83ms | tok/sec: 791,020 | mfu: 19.1% | epoch: 1 | remaining: 60s    
step 02906 (79.9%) | loss: 3.014105 | lrm: 0.40 | dt: 83ms | tok/sec: 790,735 | mfu: 19.1% | epoch: 1 | remaining: 60s    
step 02907 (80.0%) | loss: 3.034681 | lrm: 0.40 | dt: 83ms | tok/sec: 791,259 | mfu: 19.1% | epoch: 1 | remaining: 60s    
step 02908 (80.0%) | loss: 3.032061 | lrm: 0.40 | dt: 83ms | tok/sec: 791,179 | mfu: 19.1% | epoch: 1 | remaining: 60s    
step 02909 (80.0%) | loss: 3.039013 | lrm: 0.40 | dt: 83ms | tok/sec: 791,156 | mfu: 19.1% | epoch: 1 | remaining: 60s    
step 02910 (80.0%) | loss: 3.046784 | lrm: 0.40 | dt: 83ms | tok/sec: 791,320 | mfu: 19.1% | epoch: 1 | remaining: 60s    
step 02911 (80.1%) | loss: 3.037554 | lrm: 0.40 | dt: 83ms | tok/sec: 790,453 | mfu: 19.1% | epoch: 1 | remaining: 60s    
step 02912 (80.1%) | loss: 3.033309 | lrm: 0.40 | dt: 83ms | tok/sec: 790,733 | mfu: 19.1% | epoch: 1 | remaining: 60s    
step 02913 (80.1%) | loss: 3.026828 | lrm: 0.40 | dt: 83ms | tok/sec: 791,293 | mfu: 19.1% | epoch: 1 | remaining: 60s    
step 02914 (80.2%) | loss: 3.029837 | lrm: 0.40 | dt: 83ms | tok/sec: 791,209 | mfu: 19.1% | epoch: 1 | remaining: 59s    
step 02915 (80.2%) | loss: 3.035779 | lrm: 0.40 | dt: 83ms | tok/sec: 791,268 | mfu: 19.1% | epoch: 1 | remaining: 59s    
step 02916 (80.2%) | loss: 3.031752 | lrm: 0.40 | dt: 83ms | tok/sec: 790,906 | mfu: 19.1% | epoch: 1 | remaining: 59s    
step 02917 (80.2%) | loss: 3.025892 | lrm: 0.40 | dt: 83ms | tok/sec: 790,894 | mfu: 19.1% | epoch: 1 | remaining: 59s    
step 02918 (80.3%) | loss: 3.028369 | lrm: 0.39 | dt: 83ms | tok/sec: 790,831 | mfu: 19.1% | epoch: 1 | remaining: 59s    
step 02919 (80.3%) | loss: 3.024204 | lrm: 0.39 | dt: 83ms | tok/sec: 791,272 | mfu: 19.1% | epoch: 1 | remaining: 59s    
step 02920 (80.3%) | loss: 3.020532 | lrm: 0.39 | dt: 83ms | tok/sec: 791,236 | mfu: 19.1% | epoch: 1 | remaining: 59s    
step 02921 (80.3%) | loss: 3.021006 | lrm: 0.39 | dt: 83ms | tok/sec: 790,924 | mfu: 19.1% | epoch: 1 | remaining: 59s    
step 02922 (80.4%) | loss: 3.028083 | lrm: 0.39 | dt: 83ms | tok/sec: 791,127 | mfu: 19.1% | epoch: 1 | remaining: 59s    
step 02923 (80.4%) | loss: 3.032594 | lrm: 0.39 | dt: 83ms | tok/sec: 791,297 | mfu: 19.1% | epoch: 1 | remaining: 59s    
step 02924 (80.4%) | loss: 3.023926 | lrm: 0.39 | dt: 83ms | tok/sec: 790,608 | mfu: 19.1% | epoch: 1 | remaining: 59s    
step 02925 (80.5%) | loss: 3.025810 | lrm: 0.39 | dt: 83ms | tok/sec: 791,261 | mfu: 19.1% | epoch: 1 | remaining: 59s    
step 02926 (80.5%) | loss: 3.031572 | lrm: 0.39 | dt: 83ms | tok/sec: 791,186 | mfu: 19.1% | epoch: 1 | remaining: 58s    
step 02927 (80.5%) | loss: 3.029855 | lrm: 0.39 | dt: 83ms | tok/sec: 790,995 | mfu: 19.1% | epoch: 1 | remaining: 58s    
step 02928 (80.5%) | loss: 3.017666 | lrm: 0.39 | dt: 83ms | tok/sec: 790,685 | mfu: 19.1% | epoch: 1 | remaining: 58s    
step 02929 (80.6%) | loss: 3.019222 | lrm: 0.39 | dt: 83ms | tok/sec: 791,487 | mfu: 19.1% | epoch: 1 | remaining: 58s    
step 02930 (80.6%) | loss: 3.011814 | lrm: 0.39 | dt: 83ms | tok/sec: 790,931 | mfu: 19.1% | epoch: 1 | remaining: 58s    
step 02931 (80.6%) | loss: 3.006259 | lrm: 0.39 | dt: 83ms | tok/sec: 791,115 | mfu: 19.1% | epoch: 1 | remaining: 58s    
step 02932 (80.7%) | loss: 3.005667 | lrm: 0.39 | dt: 83ms | tok/sec: 790,840 | mfu: 19.1% | epoch: 1 | remaining: 58s    
step 02933 (80.7%) | loss: 3.008450 | lrm: 0.39 | dt: 83ms | tok/sec: 791,113 | mfu: 19.1% | epoch: 1 | remaining: 58s    
step 02934 (80.7%) | loss: 3.011192 | lrm: 0.39 | dt: 83ms | tok/sec: 791,095 | mfu: 19.1% | epoch: 1 | remaining: 58s    
step 02935 (80.7%) | loss: 3.001879 | lrm: 0.39 | dt: 83ms | tok/sec: 791,284 | mfu: 19.1% | epoch: 1 | remaining: 58s    
step 02936 (80.8%) | loss: 2.998226 | lrm: 0.38 | dt: 83ms | tok/sec: 790,299 | mfu: 19.1% | epoch: 1 | remaining: 58s    
step 02937 (80.8%) | loss: 3.003552 | lrm: 0.38 | dt: 83ms | tok/sec: 791,029 | mfu: 19.1% | epoch: 1 | remaining: 58s    
step 02938 (80.8%) | loss: 3.002612 | lrm: 0.38 | dt: 83ms | tok/sec: 790,970 | mfu: 19.1% | epoch: 1 | remaining: 57s    
step 02939 (80.8%) | loss: 3.010532 | lrm: 0.38 | dt: 83ms | tok/sec: 790,858 | mfu: 19.1% | epoch: 1 | remaining: 57s    
step 02940 (80.9%) | loss: 3.018971 | lrm: 0.38 | dt: 83ms | tok/sec: 791,095 | mfu: 19.1% | epoch: 1 | remaining: 57s    
step 02941 (80.9%) | loss: 3.024377 | lrm: 0.38 | dt: 83ms | tok/sec: 791,045 | mfu: 19.1% | epoch: 1 | remaining: 57s    
step 02942 (80.9%) | loss: 3.029020 | lrm: 0.38 | dt: 83ms | tok/sec: 790,999 | mfu: 19.1% | epoch: 1 | remaining: 57s    
step 02943 (81.0%) | loss: 3.021234 | lrm: 0.38 | dt: 83ms | tok/sec: 790,976 | mfu: 19.1% | epoch: 1 | remaining: 57s    
step 02944 (81.0%) | loss: 3.024041 | lrm: 0.38 | dt: 83ms | tok/sec: 791,215 | mfu: 19.1% | epoch: 1 | remaining: 57s    
step 02945 (81.0%) | loss: 3.012694 | lrm: 0.38 | dt: 83ms | tok/sec: 790,922 | mfu: 19.1% | epoch: 1 | remaining: 57s    
step 02946 (81.0%) | loss: 3.019331 | lrm: 0.38 | dt: 83ms | tok/sec: 791,058 | mfu: 19.1% | epoch: 1 | remaining: 57s    
step 02947 (81.1%) | loss: 3.017671 | lrm: 0.38 | dt: 83ms | tok/sec: 790,869 | mfu: 19.1% | epoch: 1 | remaining: 57s    
step 02948 (81.1%) | loss: 3.023580 | lrm: 0.38 | dt: 83ms | tok/sec: 791,106 | mfu: 19.1% | epoch: 1 | remaining: 57s    
step 02949 (81.1%) | loss: 3.018514 | lrm: 0.38 | dt: 83ms | tok/sec: 790,817 | mfu: 19.1% | epoch: 1 | remaining: 57s    
step 02950 (81.1%) | loss: 3.022366 | lrm: 0.38 | dt: 83ms | tok/sec: 791,145 | mfu: 19.1% | epoch: 1 | remaining: 56s    
step 02951 (81.2%) | loss: 3.019276 | lrm: 0.38 | dt: 83ms | tok/sec: 791,120 | mfu: 19.1% | epoch: 1 | remaining: 56s    
step 02952 (81.2%) | loss: 3.012188 | lrm: 0.38 | dt: 83ms | tok/sec: 791,047 | mfu: 19.1% | epoch: 1 | remaining: 56s    
step 02953 (81.2%) | loss: 3.013420 | lrm: 0.38 | dt: 83ms | tok/sec: 790,787 | mfu: 19.1% | epoch: 1 | remaining: 56s    
step 02954 (81.3%) | loss: 3.005839 | lrm: 0.37 | dt: 83ms | tok/sec: 791,036 | mfu: 19.1% | epoch: 1 | remaining: 56s    
step 02955 (81.3%) | loss: 2.996432 | lrm: 0.37 | dt: 83ms | tok/sec: 790,970 | mfu: 19.1% | epoch: 1 | remaining: 56s    
step 02956 (81.3%) | loss: 2.997763 | lrm: 0.37 | dt: 83ms | tok/sec: 791,120 | mfu: 19.1% | epoch: 1 | remaining: 56s    
step 02957 (81.3%) | loss: 3.008738 | lrm: 0.37 | dt: 83ms | tok/sec: 791,049 | mfu: 19.1% | epoch: 1 | remaining: 56s    
step 02958 (81.4%) | loss: 3.006316 | lrm: 0.37 | dt: 83ms | tok/sec: 790,731 | mfu: 19.1% | epoch: 1 | remaining: 56s    
step 02959 (81.4%) | loss: 3.006721 | lrm: 0.37 | dt: 83ms | tok/sec: 790,901 | mfu: 19.1% | epoch: 1 | remaining: 56s    
step 02960 (81.4%) | loss: 3.010238 | lrm: 0.37 | dt: 83ms | tok/sec: 791,286 | mfu: 19.1% | epoch: 1 | remaining: 56s    
step 02961 (81.5%) | loss: 3.002487 | lrm: 0.37 | dt: 83ms | tok/sec: 790,708 | mfu: 19.1% | epoch: 1 | remaining: 56s    
step 02962 (81.5%) | loss: 3.008674 | lrm: 0.37 | dt: 83ms | tok/sec: 790,744 | mfu: 19.1% | epoch: 1 | remaining: 55s    
step 02963 (81.5%) | loss: 3.002720 | lrm: 0.37 | dt: 83ms | tok/sec: 791,047 | mfu: 19.1% | epoch: 1 | remaining: 55s    
step 02964 (81.5%) | loss: 2.998624 | lrm: 0.37 | dt: 83ms | tok/sec: 790,956 | mfu: 19.1% | epoch: 1 | remaining: 55s    
step 02965 (81.6%) | loss: 2.999631 | lrm: 0.37 | dt: 83ms | tok/sec: 791,341 | mfu: 19.1% | epoch: 1 | remaining: 55s    
step 02966 (81.6%) | loss: 2.993347 | lrm: 0.37 | dt: 83ms | tok/sec: 790,897 | mfu: 19.1% | epoch: 1 | remaining: 55s    
step 02967 (81.6%) | loss: 2.998127 | lrm: 0.37 | dt: 83ms | tok/sec: 790,851 | mfu: 19.1% | epoch: 1 | remaining: 55s    
step 02968 (81.6%) | loss: 2.995157 | lrm: 0.37 | dt: 83ms | tok/sec: 789,033 | mfu: 19.1% | epoch: 1 | remaining: 55s    
step 02969 (81.7%) | loss: 2.994475 | lrm: 0.37 | dt: 83ms | tok/sec: 790,133 | mfu: 19.1% | epoch: 1 | remaining: 55s    
step 02970 (81.7%) | loss: 2.998367 | lrm: 0.37 | dt: 83ms | tok/sec: 790,560 | mfu: 19.1% | epoch: 1 | remaining: 55s    
step 02971 (81.7%) | loss: 2.991509 | lrm: 0.37 | dt: 83ms | tok/sec: 790,519 | mfu: 19.1% | epoch: 1 | remaining: 55s    
step 02972 (81.8%) | loss: 3.006872 | lrm: 0.36 | dt: 83ms | tok/sec: 790,671 | mfu: 19.1% | epoch: 1 | remaining: 55s    
step 02973 (81.8%) | loss: 2.997808 | lrm: 0.36 | dt: 83ms | tok/sec: 791,345 | mfu: 19.1% | epoch: 1 | remaining: 55s    
step 02974 (81.8%) | loss: 2.991684 | lrm: 0.36 | dt: 83ms | tok/sec: 790,890 | mfu: 19.1% | epoch: 1 | remaining: 54s    
step 02975 (81.8%) | loss: 2.992354 | lrm: 0.36 | dt: 83ms | tok/sec: 790,828 | mfu: 19.1% | epoch: 1 | remaining: 54s    
step 02976 (81.9%) | loss: 2.994919 | lrm: 0.36 | dt: 83ms | tok/sec: 790,405 | mfu: 19.1% | epoch: 1 | remaining: 54s    
step 02977 (81.9%) | loss: 2.995467 | lrm: 0.36 | dt: 83ms | tok/sec: 791,058 | mfu: 19.1% | epoch: 1 | remaining: 54s    
step 02978 (81.9%) | loss: 2.997284 | lrm: 0.36 | dt: 83ms | tok/sec: 791,036 | mfu: 19.1% | epoch: 1 | remaining: 54s    
step 02979 (82.0%) | loss: 2.986479 | lrm: 0.36 | dt: 83ms | tok/sec: 791,102 | mfu: 19.1% | epoch: 1 | remaining: 54s    
step 02980 (82.0%) | loss: 2.986940 | lrm: 0.36 | dt: 83ms | tok/sec: 791,195 | mfu: 19.1% | epoch: 1 | remaining: 54s    
step 02981 (82.0%) | loss: 3.001908 | lrm: 0.36 | dt: 83ms | tok/sec: 790,822 | mfu: 19.1% | epoch: 1 | remaining: 54s    
step 02982 (82.0%) | loss: 3.008783 | lrm: 0.36 | dt: 83ms | tok/sec: 791,320 | mfu: 19.1% | epoch: 1 | remaining: 54s    
step 02983 (82.1%) | loss: 3.005967 | lrm: 0.36 | dt: 83ms | tok/sec: 791,213 | mfu: 19.1% | epoch: 1 | remaining: 54s    
step 02984 (82.1%) | loss: 2.999056 | lrm: 0.36 | dt: 83ms | tok/sec: 791,127 | mfu: 19.1% | epoch: 1 | remaining: 54s    
step 02985 (82.1%) | loss: 2.990506 | lrm: 0.36 | dt: 83ms | tok/sec: 791,266 | mfu: 19.1% | epoch: 1 | remaining: 54s    
step 02986 (82.1%) | loss: 2.993432 | lrm: 0.36 | dt: 83ms | tok/sec: 790,949 | mfu: 19.1% | epoch: 1 | remaining: 53s    
step 02987 (82.2%) | loss: 2.994717 | lrm: 0.36 | dt: 83ms | tok/sec: 791,136 | mfu: 19.1% | epoch: 1 | remaining: 53s    
step 02988 (82.2%) | loss: 3.001390 | lrm: 0.36 | dt: 83ms | tok/sec: 790,951 | mfu: 19.1% | epoch: 1 | remaining: 53s    
step 02989 (82.2%) | loss: 3.002528 | lrm: 0.36 | dt: 83ms | tok/sec: 791,389 | mfu: 19.1% | epoch: 1 | remaining: 53s    
step 02990 (82.3%) | loss: 3.010825 | lrm: 0.35 | dt: 83ms | tok/sec: 791,115 | mfu: 19.1% | epoch: 1 | remaining: 53s    
step 02991 (82.3%) | loss: 3.000028 | lrm: 0.35 | dt: 83ms | tok/sec: 790,958 | mfu: 19.1% | epoch: 1 | remaining: 53s    
step 02992 (82.3%) | loss: 3.011973 | lrm: 0.35 | dt: 83ms | tok/sec: 791,004 | mfu: 19.1% | epoch: 1 | remaining: 53s    
step 02993 (82.3%) | loss: 3.018979 | lrm: 0.35 | dt: 83ms | tok/sec: 791,140 | mfu: 19.1% | epoch: 1 | remaining: 53s    
step 02994 (82.4%) | loss: 3.016080 | lrm: 0.35 | dt: 83ms | tok/sec: 791,373 | mfu: 19.1% | epoch: 1 | remaining: 53s    
step 02995 (82.4%) | loss: 3.016272 | lrm: 0.35 | dt: 83ms | tok/sec: 790,919 | mfu: 19.1% | epoch: 1 | remaining: 53s    
step 02996 (82.4%) | loss: 3.011477 | lrm: 0.35 | dt: 83ms | tok/sec: 790,910 | mfu: 19.1% | epoch: 1 | remaining: 53s    
step 02997 (82.4%) | loss: 3.003336 | lrm: 0.35 | dt: 83ms | tok/sec: 791,081 | mfu: 19.1% | epoch: 1 | remaining: 53s    
step 02998 (82.5%) | loss: 3.001374 | lrm: 0.35 | dt: 83ms | tok/sec: 791,036 | mfu: 19.1% | epoch: 1 | remaining: 52s    
step 02999 (82.5%) | loss: 2.997189 | lrm: 0.35 | dt: 83ms | tok/sec: 790,765 | mfu: 19.1% | epoch: 1 | remaining: 52s    
step 03000 (82.5%) | loss: 2.990615 | lrm: 0.35 | dt: 83ms | tok/sec: 791,040 | mfu: 19.1% | epoch: 1 | remaining: 52s    
step 03001 (82.6%) | loss: 2.990557 | lrm: 0.35 | dt: 83ms | tok/sec: 791,525 | mfu: 19.1% | epoch: 1 | remaining: 52s    
step 03002 (82.6%) | loss: 2.986095 | lrm: 0.35 | dt: 83ms | tok/sec: 790,685 | mfu: 19.1% | epoch: 1 | remaining: 52s    
step 03003 (82.6%) | loss: 2.984306 | lrm: 0.35 | dt: 83ms | tok/sec: 790,833 | mfu: 19.1% | epoch: 1 | remaining: 52s    
step 03004 (82.6%) | loss: 2.979860 | lrm: 0.35 | dt: 83ms | tok/sec: 791,092 | mfu: 19.1% | epoch: 1 | remaining: 52s    
step 03005 (82.7%) | loss: 2.991437 | lrm: 0.35 | dt: 83ms | tok/sec: 790,694 | mfu: 19.1% | epoch: 1 | remaining: 52s    
step 03006 (82.7%) | loss: 2.994895 | lrm: 0.35 | dt: 83ms | tok/sec: 790,737 | mfu: 19.1% | epoch: 1 | remaining: 52s    
step 03007 (82.7%) | loss: 2.987558 | lrm: 0.35 | dt: 83ms | tok/sec: 790,983 | mfu: 19.1% | epoch: 1 | remaining: 52s    
step 03008 (82.8%) | loss: 2.983128 | lrm: 0.34 | dt: 83ms | tok/sec: 791,293 | mfu: 19.1% | epoch: 1 | remaining: 52s    
step 03009 (82.8%) | loss: 2.986389 | lrm: 0.34 | dt: 83ms | tok/sec: 790,988 | mfu: 19.1% | epoch: 1 | remaining: 52s    
step 03010 (82.8%) | loss: 2.985292 | lrm: 0.34 | dt: 83ms | tok/sec: 790,658 | mfu: 19.1% | epoch: 1 | remaining: 51s    
step 03011 (82.8%) | loss: 2.977767 | lrm: 0.34 | dt: 83ms | tok/sec: 791,058 | mfu: 19.1% | epoch: 1 | remaining: 51s    
step 03012 (82.9%) | loss: 2.981320 | lrm: 0.34 | dt: 83ms | tok/sec: 790,897 | mfu: 19.1% | epoch: 1 | remaining: 51s    
step 03013 (82.9%) | loss: 2.994588 | lrm: 0.34 | dt: 83ms | tok/sec: 791,190 | mfu: 19.1% | epoch: 1 | remaining: 51s    
step 03014 (82.9%) | loss: 2.983977 | lrm: 0.34 | dt: 83ms | tok/sec: 791,033 | mfu: 19.1% | epoch: 1 | remaining: 51s    
step 03015 (82.9%) | loss: 2.988845 | lrm: 0.34 | dt: 83ms | tok/sec: 791,152 | mfu: 19.1% | epoch: 1 | remaining: 51s    
step 03016 (83.0%) | loss: 2.989382 | lrm: 0.34 | dt: 83ms | tok/sec: 790,801 | mfu: 19.1% | epoch: 1 | remaining: 51s    
step 03017 (83.0%) | loss: 2.999474 | lrm: 0.34 | dt: 83ms | tok/sec: 791,450 | mfu: 19.1% | epoch: 1 | remaining: 51s    
step 03018 (83.0%) | loss: 2.996949 | lrm: 0.34 | dt: 83ms | tok/sec: 790,919 | mfu: 19.1% | epoch: 1 | remaining: 51s    
step 03019 (83.1%) | loss: 2.999086 | lrm: 0.34 | dt: 83ms | tok/sec: 791,266 | mfu: 19.1% | epoch: 1 | remaining: 51s    
step 03020 (83.1%) | loss: 3.001289 | lrm: 0.34 | dt: 83ms | tok/sec: 790,913 | mfu: 19.1% | epoch: 1 | remaining: 51s    
step 03021 (83.1%) | loss: 3.005640 | lrm: 0.34 | dt: 83ms | tok/sec: 791,127 | mfu: 19.1% | epoch: 1 | remaining: 51s    
step 03022 (83.1%) | loss: 3.000188 | lrm: 0.34 | dt: 83ms | tok/sec: 791,079 | mfu: 19.1% | epoch: 1 | remaining: 51s    
step 03023 (83.2%) | loss: 2.994602 | lrm: 0.34 | dt: 83ms | tok/sec: 790,778 | mfu: 19.1% | epoch: 1 | remaining: 50s    
step 03024 (83.2%) | loss: 3.003479 | lrm: 0.34 | dt: 83ms | tok/sec: 791,129 | mfu: 19.1% | epoch: 1 | remaining: 50s    
step 03025 (83.2%) | loss: 3.000756 | lrm: 0.34 | dt: 83ms | tok/sec: 790,819 | mfu: 19.1% | epoch: 1 | remaining: 50s    
step 03026 (83.2%) | loss: 3.006888 | lrm: 0.34 | dt: 83ms | tok/sec: 791,056 | mfu: 19.1% | epoch: 1 | remaining: 50s    
step 03027 (83.3%) | loss: 3.005054 | lrm: 0.33 | dt: 83ms | tok/sec: 791,195 | mfu: 19.1% | epoch: 1 | remaining: 50s    
step 03028 (83.3%) | loss: 3.008190 | lrm: 0.33 | dt: 83ms | tok/sec: 791,489 | mfu: 19.1% | epoch: 1 | remaining: 50s    
step 03029 (83.3%) | loss: 3.002856 | lrm: 0.33 | dt: 83ms | tok/sec: 791,370 | mfu: 19.1% | epoch: 1 | remaining: 50s    
step 03030 (83.4%) | loss: 3.004348 | lrm: 0.33 | dt: 83ms | tok/sec: 790,897 | mfu: 19.1% | epoch: 1 | remaining: 50s    
step 03031 (83.4%) | loss: 3.007265 | lrm: 0.33 | dt: 83ms | tok/sec: 790,945 | mfu: 19.1% | epoch: 1 | remaining: 50s    
step 03032 (83.4%) | loss: 3.009683 | lrm: 0.33 | dt: 83ms | tok/sec: 791,097 | mfu: 19.1% | epoch: 1 | remaining: 50s    
step 03033 (83.4%) | loss: 3.007466 | lrm: 0.33 | dt: 83ms | tok/sec: 791,131 | mfu: 19.1% | epoch: 1 | remaining: 50s    
step 03034 (83.5%) | loss: 3.011992 | lrm: 0.33 | dt: 83ms | tok/sec: 791,124 | mfu: 19.1% | epoch: 1 | remaining: 50s    
step 03035 (83.5%) | loss: 3.016679 | lrm: 0.33 | dt: 83ms | tok/sec: 791,111 | mfu: 19.1% | epoch: 1 | remaining: 49s    
step 03036 (83.5%) | loss: 3.012538 | lrm: 0.33 | dt: 83ms | tok/sec: 790,995 | mfu: 19.1% | epoch: 1 | remaining: 49s    
step 03037 (83.6%) | loss: 3.011896 | lrm: 0.33 | dt: 83ms | tok/sec: 791,163 | mfu: 19.1% | epoch: 1 | remaining: 49s    
step 03038 (83.6%) | loss: 3.004954 | lrm: 0.33 | dt: 83ms | tok/sec: 791,088 | mfu: 19.1% | epoch: 1 | remaining: 49s    
step 03039 (83.6%) | loss: 3.004356 | lrm: 0.33 | dt: 83ms | tok/sec: 791,008 | mfu: 19.1% | epoch: 1 | remaining: 49s    
step 03040 (83.6%) | loss: 3.004357 | lrm: 0.33 | dt: 83ms | tok/sec: 791,272 | mfu: 19.1% | epoch: 1 | remaining: 49s    
step 03041 (83.7%) | loss: 2.999016 | lrm: 0.33 | dt: 83ms | tok/sec: 791,136 | mfu: 19.1% | epoch: 1 | remaining: 49s    
step 03042 (83.7%) | loss: 2.997027 | lrm: 0.33 | dt: 83ms | tok/sec: 790,865 | mfu: 19.1% | epoch: 1 | remaining: 49s    
step 03043 (83.7%) | loss: 2.984789 | lrm: 0.33 | dt: 83ms | tok/sec: 791,277 | mfu: 19.1% | epoch: 1 | remaining: 49s    
step 03044 (83.7%) | loss: 2.986344 | lrm: 0.33 | dt: 83ms | tok/sec: 790,694 | mfu: 19.1% | epoch: 1 | remaining: 49s    
step 03045 (83.8%) | loss: 2.972632 | lrm: 0.32 | dt: 83ms | tok/sec: 791,040 | mfu: 19.1% | epoch: 1 | remaining: 49s    
step 03046 (83.8%) | loss: 2.972370 | lrm: 0.32 | dt: 83ms | tok/sec: 790,938 | mfu: 19.1% | epoch: 1 | remaining: 49s    
step 03047 (83.8%) | loss: 2.967074 | lrm: 0.32 | dt: 83ms | tok/sec: 790,869 | mfu: 19.1% | epoch: 1 | remaining: 48s    
step 03048 (83.9%) | loss: 2.970099 | lrm: 0.32 | dt: 83ms | tok/sec: 790,913 | mfu: 19.1% | epoch: 1 | remaining: 48s    
step 03049 (83.9%) | loss: 2.968059 | lrm: 0.32 | dt: 83ms | tok/sec: 790,776 | mfu: 19.1% | epoch: 1 | remaining: 48s    
step 03050 (83.9%) | loss: 2.976528 | lrm: 0.32 | dt: 83ms | tok/sec: 790,926 | mfu: 19.1% | epoch: 1 | remaining: 48s    
step 03051 (83.9%) | loss: 2.983581 | lrm: 0.32 | dt: 83ms | tok/sec: 791,268 | mfu: 19.1% | epoch: 1 | remaining: 48s    
step 03052 (84.0%) | loss: 2.996578 | lrm: 0.32 | dt: 83ms | tok/sec: 790,715 | mfu: 19.1% | epoch: 1 | remaining: 48s    
step 03053 (84.0%) | loss: 2.994180 | lrm: 0.32 | dt: 83ms | tok/sec: 791,042 | mfu: 19.1% | epoch: 1 | remaining: 48s    
step 03054 (84.0%) | loss: 2.996183 | lrm: 0.32 | dt: 83ms | tok/sec: 791,225 | mfu: 19.1% | epoch: 1 | remaining: 48s    
step 03055 (84.0%) | loss: 2.992605 | lrm: 0.32 | dt: 83ms | tok/sec: 791,161 | mfu: 19.1% | epoch: 1 | remaining: 48s    
step 03056 (84.1%) | loss: 2.983906 | lrm: 0.32 | dt: 83ms | tok/sec: 790,908 | mfu: 19.1% | epoch: 1 | remaining: 48s    
step 03057 (84.1%) | loss: 2.992290 | lrm: 0.32 | dt: 83ms | tok/sec: 791,418 | mfu: 19.1% | epoch: 1 | remaining: 48s    
step 03058 (84.1%) | loss: 2.989286 | lrm: 0.32 | dt: 83ms | tok/sec: 791,115 | mfu: 19.1% | epoch: 1 | remaining: 48s    
step 03059 (84.2%) | loss: 2.989140 | lrm: 0.32 | dt: 83ms | tok/sec: 791,562 | mfu: 19.1% | epoch: 1 | remaining: 47s    
step 03060 (84.2%) | loss: 2.987434 | lrm: 0.32 | dt: 83ms | tok/sec: 790,783 | mfu: 19.1% | epoch: 1 | remaining: 47s    
step 03061 (84.2%) | loss: 2.975518 | lrm: 0.32 | dt: 83ms | tok/sec: 790,951 | mfu: 19.1% | epoch: 1 | remaining: 47s    
step 03062 (84.2%) | loss: 2.975775 | lrm: 0.32 | dt: 83ms | tok/sec: 791,081 | mfu: 19.1% | epoch: 1 | remaining: 47s    
step 03063 (84.3%) | loss: 2.982837 | lrm: 0.31 | dt: 83ms | tok/sec: 790,769 | mfu: 19.1% | epoch: 1 | remaining: 47s    
step 03064 (84.3%) | loss: 2.979747 | lrm: 0.31 | dt: 83ms | tok/sec: 791,149 | mfu: 19.1% | epoch: 1 | remaining: 47s    
step 03065 (84.3%) | loss: 2.972704 | lrm: 0.31 | dt: 83ms | tok/sec: 791,259 | mfu: 19.1% | epoch: 1 | remaining: 47s    
step 03066 (84.4%) | loss: 2.972761 | lrm: 0.31 | dt: 83ms | tok/sec: 791,190 | mfu: 19.1% | epoch: 1 | remaining: 47s    
step 03067 (84.4%) | loss: 2.973000 | lrm: 0.31 | dt: 83ms | tok/sec: 790,781 | mfu: 19.1% | epoch: 1 | remaining: 47s    
step 03068 (84.4%) | loss: 2.978322 | lrm: 0.31 | dt: 83ms | tok/sec: 791,065 | mfu: 19.1% | epoch: 1 | remaining: 47s    
step 03069 (84.4%) | loss: 2.968913 | lrm: 0.31 | dt: 83ms | tok/sec: 790,922 | mfu: 19.1% | epoch: 1 | remaining: 47s    
step 03070 (84.5%) | loss: 2.974025 | lrm: 0.31 | dt: 83ms | tok/sec: 790,908 | mfu: 19.1% | epoch: 1 | remaining: 47s    
step 03071 (84.5%) | loss: 2.974692 | lrm: 0.31 | dt: 83ms | tok/sec: 790,797 | mfu: 19.1% | epoch: 1 | remaining: 46s    
step 03072 (84.5%) | loss: 2.983119 | lrm: 0.31 | dt: 83ms | tok/sec: 791,156 | mfu: 19.1% | epoch: 1 | remaining: 46s    
step 03073 (84.5%) | loss: 2.978550 | lrm: 0.31 | dt: 83ms | tok/sec: 790,860 | mfu: 19.1% | epoch: 1 | remaining: 46s    
step 03074 (84.6%) | loss: 2.982392 | lrm: 0.31 | dt: 83ms | tok/sec: 791,509 | mfu: 19.1% | epoch: 1 | remaining: 46s    
step 03075 (84.6%) | loss: 2.989842 | lrm: 0.31 | dt: 83ms | tok/sec: 791,425 | mfu: 19.1% | epoch: 1 | remaining: 46s    
step 03076 (84.6%) | loss: 2.985655 | lrm: 0.31 | dt: 83ms | tok/sec: 790,983 | mfu: 19.1% | epoch: 1 | remaining: 46s    
step 03077 (84.7%) | loss: 2.990397 | lrm: 0.31 | dt: 83ms | tok/sec: 790,935 | mfu: 19.1% | epoch: 1 | remaining: 46s    
step 03078 (84.7%) | loss: 2.993721 | lrm: 0.31 | dt: 83ms | tok/sec: 790,860 | mfu: 19.1% | epoch: 1 | remaining: 46s    
step 03079 (84.7%) | loss: 2.992225 | lrm: 0.31 | dt: 83ms | tok/sec: 790,858 | mfu: 19.1% | epoch: 1 | remaining: 46s    
step 03080 (84.7%) | loss: 2.981300 | lrm: 0.31 | dt: 83ms | tok/sec: 791,404 | mfu: 19.1% | epoch: 1 | remaining: 46s    
step 03081 (84.8%) | loss: 2.986260 | lrm: 0.30 | dt: 83ms | tok/sec: 790,726 | mfu: 19.1% | epoch: 1 | remaining: 46s    
step 03082 (84.8%) | loss: 2.985148 | lrm: 0.30 | dt: 83ms | tok/sec: 789,922 | mfu: 19.1% | epoch: 1 | remaining: 46s    
step 03083 (84.8%) | loss: 2.980793 | lrm: 0.30 | dt: 83ms | tok/sec: 790,317 | mfu: 19.1% | epoch: 1 | remaining: 45s    
step 03084 (84.9%) | loss: 2.980718 | lrm: 0.30 | dt: 83ms | tok/sec: 790,449 | mfu: 19.1% | epoch: 1 | remaining: 45s    
step 03085 (84.9%) | loss: 2.991019 | lrm: 0.30 | dt: 83ms | tok/sec: 791,341 | mfu: 19.1% | epoch: 1 | remaining: 45s    
step 03086 (84.9%) | loss: 2.985748 | lrm: 0.30 | dt: 83ms | tok/sec: 791,304 | mfu: 19.1% | epoch: 1 | remaining: 45s    
step 03087 (84.9%) | loss: 2.993363 | lrm: 0.30 | dt: 83ms | tok/sec: 791,498 | mfu: 19.1% | epoch: 1 | remaining: 45s    
step 03088 (85.0%) | loss: 3.001945 | lrm: 0.30 | dt: 83ms | tok/sec: 790,656 | mfu: 19.1% | epoch: 1 | remaining: 45s    
step 03089 (85.0%) | loss: 3.001549 | lrm: 0.30 | dt: 83ms | tok/sec: 790,981 | mfu: 19.1% | epoch: 1 | remaining: 45s    
step 03090 (85.0%) | loss: 2.991977 | lrm: 0.30 | dt: 83ms | tok/sec: 791,067 | mfu: 19.1% | epoch: 1 | remaining: 45s    
step 03091 (85.0%) | loss: 2.989721 | lrm: 0.30 | dt: 83ms | tok/sec: 790,869 | mfu: 19.1% | epoch: 1 | remaining: 45s    
step 03092 (85.1%) | loss: 2.985480 | lrm: 0.30 | dt: 83ms | tok/sec: 791,065 | mfu: 19.1% | epoch: 1 | remaining: 45s    
step 03093 (85.1%) | loss: 2.986266 | lrm: 0.30 | dt: 83ms | tok/sec: 791,061 | mfu: 19.1% | epoch: 1 | remaining: 45s    
step 03094 (85.1%) | loss: 2.994015 | lrm: 0.30 | dt: 83ms | tok/sec: 790,774 | mfu: 19.1% | epoch: 1 | remaining: 45s    
step 03095 (85.2%) | loss: 3.001375 | lrm: 0.30 | dt: 83ms | tok/sec: 790,849 | mfu: 19.1% | epoch: 1 | remaining: 44s    
step 03096 (85.2%) | loss: 2.999927 | lrm: 0.30 | dt: 83ms | tok/sec: 791,436 | mfu: 19.1% | epoch: 1 | remaining: 44s    
step 03097 (85.2%) | loss: 3.015699 | lrm: 0.30 | dt: 83ms | tok/sec: 790,892 | mfu: 19.1% | epoch: 1 | remaining: 44s    
step 03098 (85.2%) | loss: 3.006659 | lrm: 0.30 | dt: 83ms | tok/sec: 790,731 | mfu: 19.1% | epoch: 1 | remaining: 44s    
step 03099 (85.3%) | loss: 3.004835 | lrm: 0.29 | dt: 83ms | tok/sec: 791,559 | mfu: 19.1% | epoch: 1 | remaining: 44s    
step 03100 (85.3%) | loss: 3.006969 | lrm: 0.29 | dt: 83ms | tok/sec: 791,015 | mfu: 19.1% | epoch: 1 | remaining: 44s    
step 03101 (85.3%) | loss: 3.009715 | lrm: 0.29 | dt: 83ms | tok/sec: 791,496 | mfu: 19.1% | epoch: 1 | remaining: 44s    
step 03102 (85.3%) | loss: 2.996745 | lrm: 0.29 | dt: 83ms | tok/sec: 791,261 | mfu: 19.1% | epoch: 1 | remaining: 44s    
step 03103 (85.4%) | loss: 2.995214 | lrm: 0.29 | dt: 83ms | tok/sec: 790,956 | mfu: 19.1% | epoch: 1 | remaining: 44s    
step 03104 (85.4%) | loss: 2.992712 | lrm: 0.29 | dt: 83ms | tok/sec: 790,997 | mfu: 19.1% | epoch: 1 | remaining: 44s    
step 03105 (85.4%) | loss: 2.986389 | lrm: 0.29 | dt: 83ms | tok/sec: 791,186 | mfu: 19.1% | epoch: 1 | remaining: 44s    
step 03106 (85.5%) | loss: 2.974573 | lrm: 0.29 | dt: 83ms | tok/sec: 790,951 | mfu: 19.1% | epoch: 1 | remaining: 44s    
step 03107 (85.5%) | loss: 2.973129 | lrm: 0.29 | dt: 83ms | tok/sec: 790,706 | mfu: 19.1% | epoch: 1 | remaining: 43s    
step 03108 (85.5%) | loss: 2.969426 | lrm: 0.29 | dt: 83ms | tok/sec: 790,844 | mfu: 19.1% | epoch: 1 | remaining: 43s    
step 03109 (85.5%) | loss: 2.969420 | lrm: 0.29 | dt: 83ms | tok/sec: 790,888 | mfu: 19.1% | epoch: 1 | remaining: 43s    
step 03110 (85.6%) | loss: 2.968654 | lrm: 0.29 | dt: 83ms | tok/sec: 790,995 | mfu: 19.1% | epoch: 1 | remaining: 43s    
step 03111 (85.6%) | loss: 2.973151 | lrm: 0.29 | dt: 83ms | tok/sec: 791,095 | mfu: 19.1% | epoch: 1 | remaining: 43s    
step 03112 (85.6%) | loss: 2.972245 | lrm: 0.29 | dt: 83ms | tok/sec: 791,099 | mfu: 19.1% | epoch: 1 | remaining: 43s    
step 03113 (85.7%) | loss: 2.968418 | lrm: 0.29 | dt: 83ms | tok/sec: 790,990 | mfu: 19.1% | epoch: 1 | remaining: 43s    
step 03114 (85.7%) | loss: 2.970280 | lrm: 0.29 | dt: 83ms | tok/sec: 790,819 | mfu: 19.1% | epoch: 1 | remaining: 43s    
step 03115 (85.7%) | loss: 2.974327 | lrm: 0.29 | dt: 83ms | tok/sec: 791,090 | mfu: 19.1% | epoch: 1 | remaining: 43s    
step 03116 (85.7%) | loss: 2.975366 | lrm: 0.29 | dt: 83ms | tok/sec: 791,373 | mfu: 19.1% | epoch: 1 | remaining: 43s    
step 03117 (85.8%) | loss: 2.976722 | lrm: 0.28 | dt: 83ms | tok/sec: 790,722 | mfu: 19.1% | epoch: 1 | remaining: 43s    
step 03118 (85.8%) | loss: 2.986153 | lrm: 0.28 | dt: 83ms | tok/sec: 791,001 | mfu: 19.1% | epoch: 1 | remaining: 43s    
step 03119 (85.8%) | loss: 2.978941 | lrm: 0.28 | dt: 83ms | tok/sec: 791,088 | mfu: 19.1% | epoch: 1 | remaining: 42s    
step 03120 (85.8%) | loss: 2.973433 | lrm: 0.28 | dt: 83ms | tok/sec: 791,184 | mfu: 19.1% | epoch: 1 | remaining: 42s    
step 03121 (85.9%) | loss: 2.971104 | lrm: 0.28 | dt: 83ms | tok/sec: 791,338 | mfu: 19.1% | epoch: 1 | remaining: 42s    
step 03122 (85.9%) | loss: 2.965855 | lrm: 0.28 | dt: 83ms | tok/sec: 790,885 | mfu: 19.1% | epoch: 1 | remaining: 42s    
step 03123 (85.9%) | loss: 2.970400 | lrm: 0.28 | dt: 83ms | tok/sec: 790,783 | mfu: 19.1% | epoch: 1 | remaining: 42s    
step 03124 (86.0%) | loss: 2.977738 | lrm: 0.28 | dt: 83ms | tok/sec: 791,220 | mfu: 19.1% | epoch: 1 | remaining: 42s    
step 03125 (86.0%) | loss: 2.978463 | lrm: 0.28 | dt: 83ms | tok/sec: 790,890 | mfu: 19.1% | epoch: 1 | remaining: 42s    
step 03126 (86.0%) | loss: 2.971528 | lrm: 0.28 | dt: 83ms | tok/sec: 791,072 | mfu: 19.1% | epoch: 1 | remaining: 42s    
step 03127 (86.0%) | loss: 2.975706 | lrm: 0.28 | dt: 83ms | tok/sec: 790,769 | mfu: 19.1% | epoch: 1 | remaining: 42s    
step 03128 (86.1%) | loss: 2.981140 | lrm: 0.28 | dt: 83ms | tok/sec: 791,056 | mfu: 19.1% | epoch: 1 | remaining: 42s    
step 03129 (86.1%) | loss: 2.971902 | lrm: 0.28 | dt: 83ms | tok/sec: 790,808 | mfu: 19.1% | epoch: 1 | remaining: 42s    
step 03130 (86.1%) | loss: 2.977098 | lrm: 0.28 | dt: 83ms | tok/sec: 790,915 | mfu: 19.1% | epoch: 1 | remaining: 42s    
step 03131 (86.1%) | loss: 2.969563 | lrm: 0.28 | dt: 83ms | tok/sec: 790,885 | mfu: 19.1% | epoch: 1 | remaining: 41s    
step 03132 (86.2%) | loss: 2.967993 | lrm: 0.28 | dt: 83ms | tok/sec: 791,152 | mfu: 19.1% | epoch: 1 | remaining: 41s    
step 03133 (86.2%) | loss: 2.968790 | lrm: 0.28 | dt: 83ms | tok/sec: 791,190 | mfu: 19.1% | epoch: 1 | remaining: 41s    
step 03134 (86.2%) | loss: 2.973416 | lrm: 0.28 | dt: 83ms | tok/sec: 791,124 | mfu: 19.1% | epoch: 1 | remaining: 41s    
step 03135 (86.3%) | loss: 2.967098 | lrm: 0.27 | dt: 83ms | tok/sec: 791,204 | mfu: 19.1% | epoch: 1 | remaining: 41s    
step 03136 (86.3%) | loss: 2.959511 | lrm: 0.27 | dt: 83ms | tok/sec: 790,863 | mfu: 19.1% | epoch: 1 | remaining: 41s    
step 03137 (86.3%) | loss: 2.958236 | lrm: 0.27 | dt: 83ms | tok/sec: 791,104 | mfu: 19.1% | epoch: 1 | remaining: 41s    
step 03138 (86.3%) | loss: 2.957780 | lrm: 0.27 | dt: 83ms | tok/sec: 790,997 | mfu: 19.1% | epoch: 1 | remaining: 41s    
step 03139 (86.4%) | loss: 2.960787 | lrm: 0.27 | dt: 83ms | tok/sec: 791,067 | mfu: 19.1% | epoch: 1 | remaining: 41s    
step 03140 (86.4%) | loss: 2.959167 | lrm: 0.27 | dt: 83ms | tok/sec: 790,585 | mfu: 19.1% | epoch: 1 | remaining: 41s    
step 03141 (86.4%) | loss: 2.960144 | lrm: 0.27 | dt: 83ms | tok/sec: 791,118 | mfu: 19.1% | epoch: 1 | remaining: 41s    
step 03142 (86.5%) | loss: 2.961230 | lrm: 0.27 | dt: 83ms | tok/sec: 791,031 | mfu: 19.1% | epoch: 1 | remaining: 41s    
step 03143 (86.5%) | loss: 2.950598 | lrm: 0.27 | dt: 83ms | tok/sec: 790,785 | mfu: 19.1% | epoch: 1 | remaining: 40s    
step 03144 (86.5%) | loss: 2.957295 | lrm: 0.27 | dt: 83ms | tok/sec: 791,154 | mfu: 19.1% | epoch: 1 | remaining: 40s    
step 03145 (86.5%) | loss: 2.950078 | lrm: 0.27 | dt: 83ms | tok/sec: 791,184 | mfu: 19.1% | epoch: 1 | remaining: 40s    
step 03146 (86.6%) | loss: 2.952747 | lrm: 0.27 | dt: 83ms | tok/sec: 790,571 | mfu: 19.1% | epoch: 1 | remaining: 40s    
step 03147 (86.6%) | loss: 2.949939 | lrm: 0.27 | dt: 83ms | tok/sec: 791,104 | mfu: 19.1% | epoch: 1 | remaining: 40s    
step 03148 (86.6%) | loss: 2.953857 | lrm: 0.27 | dt: 83ms | tok/sec: 791,145 | mfu: 19.1% | epoch: 1 | remaining: 40s    
step 03149 (86.6%) | loss: 2.949975 | lrm: 0.27 | dt: 83ms | tok/sec: 791,120 | mfu: 19.1% | epoch: 1 | remaining: 40s    
step 03150 (86.7%) | loss: 2.959900 | lrm: 0.27 | dt: 83ms | tok/sec: 791,065 | mfu: 19.1% | epoch: 1 | remaining: 40s    
step 03151 (86.7%) | loss: 2.959990 | lrm: 0.27 | dt: 83ms | tok/sec: 791,398 | mfu: 19.1% | epoch: 1 | remaining: 40s    
step 03152 (86.7%) | loss: 2.970629 | lrm: 0.27 | dt: 83ms | tok/sec: 790,954 | mfu: 19.1% | epoch: 1 | remaining: 40s    
step 03153 (86.8%) | loss: 2.981581 | lrm: 0.26 | dt: 83ms | tok/sec: 791,341 | mfu: 19.1% | epoch: 1 | remaining: 40s    
step 03154 (86.8%) | loss: 2.971596 | lrm: 0.26 | dt: 83ms | tok/sec: 791,086 | mfu: 19.1% | epoch: 1 | remaining: 40s    
step 03155 (86.8%) | loss: 2.970908 | lrm: 0.26 | dt: 83ms | tok/sec: 790,701 | mfu: 19.1% | epoch: 1 | remaining: 39s    
step 03156 (86.8%) | loss: 2.967979 | lrm: 0.26 | dt: 83ms | tok/sec: 791,363 | mfu: 19.1% | epoch: 1 | remaining: 39s    
step 03157 (86.9%) | loss: 2.956123 | lrm: 0.26 | dt: 83ms | tok/sec: 791,120 | mfu: 19.1% | epoch: 1 | remaining: 39s    
step 03158 (86.9%) | loss: 2.956448 | lrm: 0.26 | dt: 83ms | tok/sec: 791,316 | mfu: 19.1% | epoch: 1 | remaining: 39s    
step 03159 (86.9%) | loss: 2.960475 | lrm: 0.26 | dt: 83ms | tok/sec: 790,983 | mfu: 19.1% | epoch: 1 | remaining: 39s    
step 03160 (86.9%) | loss: 2.965944 | lrm: 0.26 | dt: 83ms | tok/sec: 790,999 | mfu: 19.1% | epoch: 1 | remaining: 39s    
step 03161 (87.0%) | loss: 2.960817 | lrm: 0.26 | dt: 83ms | tok/sec: 790,824 | mfu: 19.1% | epoch: 1 | remaining: 39s    
step 03162 (87.0%) | loss: 2.966880 | lrm: 0.26 | dt: 83ms | tok/sec: 791,304 | mfu: 19.1% | epoch: 1 | remaining: 39s    
step 03163 (87.0%) | loss: 2.963001 | lrm: 0.26 | dt: 83ms | tok/sec: 790,885 | mfu: 19.1% | epoch: 1 | remaining: 39s    
step 03164 (87.1%) | loss: 2.962050 | lrm: 0.26 | dt: 83ms | tok/sec: 791,104 | mfu: 19.1% | epoch: 1 | remaining: 39s    
step 03165 (87.1%) | loss: 2.956761 | lrm: 0.26 | dt: 83ms | tok/sec: 791,065 | mfu: 19.1% | epoch: 1 | remaining: 39s    
step 03166 (87.1%) | loss: 2.953479 | lrm: 0.26 | dt: 83ms | tok/sec: 791,058 | mfu: 19.1% | epoch: 1 | remaining: 39s    
step 03167 (87.1%) | loss: 2.948249 | lrm: 0.26 | dt: 83ms | tok/sec: 791,229 | mfu: 19.1% | epoch: 1 | remaining: 38s    
step 03168 (87.2%) | loss: 2.954112 | lrm: 0.26 | dt: 83ms | tok/sec: 791,015 | mfu: 19.1% | epoch: 1 | remaining: 38s    
step 03169 (87.2%) | loss: 2.960196 | lrm: 0.26 | dt: 83ms | tok/sec: 791,389 | mfu: 19.1% | epoch: 1 | remaining: 38s    
step 03170 (87.2%) | loss: 2.962174 | lrm: 0.26 | dt: 83ms | tok/sec: 791,099 | mfu: 19.1% | epoch: 1 | remaining: 38s    
step 03171 (87.3%) | loss: 2.971473 | lrm: 0.25 | dt: 83ms | tok/sec: 790,872 | mfu: 19.1% | epoch: 1 | remaining: 38s    
step 03172 (87.3%) | loss: 2.957827 | lrm: 0.25 | dt: 83ms | tok/sec: 790,990 | mfu: 19.1% | epoch: 1 | remaining: 38s    
step 03173 (87.3%) | loss: 2.952965 | lrm: 0.25 | dt: 83ms | tok/sec: 790,929 | mfu: 19.1% | epoch: 1 | remaining: 38s    
step 03174 (87.3%) | loss: 2.948910 | lrm: 0.25 | dt: 83ms | tok/sec: 790,958 | mfu: 19.1% | epoch: 1 | remaining: 38s    
step 03175 (87.4%) | loss: 2.949958 | lrm: 0.25 | dt: 83ms | tok/sec: 790,762 | mfu: 19.1% | epoch: 1 | remaining: 38s    
step 03176 (87.4%) | loss: 2.952311 | lrm: 0.25 | dt: 83ms | tok/sec: 791,266 | mfu: 19.1% | epoch: 1 | remaining: 38s    
step 03177 (87.4%) | loss: 2.955653 | lrm: 0.25 | dt: 83ms | tok/sec: 791,149 | mfu: 19.1% | epoch: 1 | remaining: 38s    
step 03178 (87.4%) | loss: 2.952634 | lrm: 0.25 | dt: 83ms | tok/sec: 791,227 | mfu: 19.1% | epoch: 1 | remaining: 38s    
step 03179 (87.5%) | loss: 2.957770 | lrm: 0.25 | dt: 83ms | tok/sec: 791,004 | mfu: 19.1% | epoch: 1 | remaining: 37s    
step 03180 (87.5%) | loss: 2.955528 | lrm: 0.25 | dt: 83ms | tok/sec: 790,970 | mfu: 19.1% | epoch: 1 | remaining: 37s    
step 03181 (87.5%) | loss: 2.958460 | lrm: 0.25 | dt: 83ms | tok/sec: 791,102 | mfu: 19.1% | epoch: 1 | remaining: 37s    
step 03182 (87.6%) | loss: 2.960198 | lrm: 0.25 | dt: 83ms | tok/sec: 790,835 | mfu: 19.1% | epoch: 1 | remaining: 37s    
step 03183 (87.6%) | loss: 2.969817 | lrm: 0.25 | dt: 83ms | tok/sec: 790,897 | mfu: 19.1% | epoch: 1 | remaining: 37s    
step 03184 (87.6%) | loss: 2.968098 | lrm: 0.25 | dt: 83ms | tok/sec: 790,849 | mfu: 19.1% | epoch: 1 | remaining: 37s    
step 03185 (87.6%) | loss: 2.971987 | lrm: 0.25 | dt: 83ms | tok/sec: 791,083 | mfu: 19.1% | epoch: 1 | remaining: 37s    
step 03186 (87.7%) | loss: 2.962398 | lrm: 0.25 | dt: 83ms | tok/sec: 790,762 | mfu: 19.1% | epoch: 1 | remaining: 37s    
step 03187 (87.7%) | loss: 2.961112 | lrm: 0.25 | dt: 83ms | tok/sec: 791,154 | mfu: 19.1% | epoch: 1 | remaining: 37s    
step 03188 (87.7%) | loss: 2.960111 | lrm: 0.25 | dt: 83ms | tok/sec: 791,011 | mfu: 19.1% | epoch: 1 | remaining: 37s    
step 03189 (87.7%) | loss: 2.957699 | lrm: 0.25 | dt: 83ms | tok/sec: 791,211 | mfu: 19.1% | epoch: 1 | remaining: 37s    
step 03190 (87.8%) | loss: 2.953929 | lrm: 0.24 | dt: 83ms | tok/sec: 791,366 | mfu: 19.1% | epoch: 1 | remaining: 37s    
step 03191 (87.8%) | loss: 2.969474 | lrm: 0.24 | dt: 83ms | tok/sec: 790,556 | mfu: 19.1% | epoch: 1 | remaining: 37s    
step 03192 (87.8%) | loss: 2.967096 | lrm: 0.24 | dt: 83ms | tok/sec: 791,161 | mfu: 19.1% | epoch: 1 | remaining: 36s    
step 03193 (87.9%) | loss: 2.963435 | lrm: 0.24 | dt: 83ms | tok/sec: 790,881 | mfu: 19.1% | epoch: 1 | remaining: 36s    
step 03194 (87.9%) | loss: 2.962697 | lrm: 0.24 | dt: 83ms | tok/sec: 791,020 | mfu: 19.1% | epoch: 1 | remaining: 36s    
step 03195 (87.9%) | loss: 2.954933 | lrm: 0.24 | dt: 83ms | tok/sec: 791,033 | mfu: 19.1% | epoch: 1 | remaining: 36s    
step 03196 (87.9%) | loss: 2.951483 | lrm: 0.24 | dt: 83ms | tok/sec: 789,157 | mfu: 19.1% | epoch: 1 | remaining: 36s    
step 03197 (88.0%) | loss: 2.950449 | lrm: 0.24 | dt: 83ms | tok/sec: 789,815 | mfu: 19.1% | epoch: 1 | remaining: 36s    
step 03198 (88.0%) | loss: 2.932060 | lrm: 0.24 | dt: 83ms | tok/sec: 790,199 | mfu: 19.1% | epoch: 1 | remaining: 36s    
step 03199 (88.0%) | loss: 2.929840 | lrm: 0.24 | dt: 83ms | tok/sec: 790,637 | mfu: 19.1% | epoch: 1 | remaining: 36s    
step 03200 (88.1%) | loss: 2.926654 | lrm: 0.24 | dt: 83ms | tok/sec: 790,983 | mfu: 19.1% | epoch: 1 | remaining: 36s    
step 03201 (88.1%) | loss: 2.931234 | lrm: 0.24 | dt: 83ms | tok/sec: 790,831 | mfu: 19.1% | epoch: 1 | remaining: 36s    
step 03202 (88.1%) | loss: 2.946861 | lrm: 0.24 | dt: 83ms | tok/sec: 791,115 | mfu: 19.1% | epoch: 1 | remaining: 36s    
step 03203 (88.1%) | loss: 2.946077 | lrm: 0.24 | dt: 83ms | tok/sec: 791,008 | mfu: 19.1% | epoch: 1 | remaining: 36s    
step 03204 (88.2%) | loss: 2.946445 | lrm: 0.24 | dt: 83ms | tok/sec: 790,869 | mfu: 19.1% | epoch: 1 | remaining: 35s    
step 03205 (88.2%) | loss: 2.934882 | lrm: 0.24 | dt: 83ms | tok/sec: 790,885 | mfu: 19.1% | epoch: 1 | remaining: 35s    
step 03206 (88.2%) | loss: 2.942638 | lrm: 0.24 | dt: 83ms | tok/sec: 791,024 | mfu: 19.1% | epoch: 1 | remaining: 35s    
step 03207 (88.2%) | loss: 2.945788 | lrm: 0.24 | dt: 83ms | tok/sec: 791,111 | mfu: 19.1% | epoch: 1 | remaining: 35s    
step 03208 (88.3%) | loss: 2.949426 | lrm: 0.23 | dt: 83ms | tok/sec: 791,275 | mfu: 19.1% | epoch: 1 | remaining: 35s    
step 03209 (88.3%) | loss: 2.945243 | lrm: 0.23 | dt: 83ms | tok/sec: 791,313 | mfu: 19.1% | epoch: 1 | remaining: 35s    
step 03210 (88.3%) | loss: 2.946576 | lrm: 0.23 | dt: 83ms | tok/sec: 791,097 | mfu: 19.1% | epoch: 1 | remaining: 35s    
step 03211 (88.4%) | loss: 2.953414 | lrm: 0.23 | dt: 83ms | tok/sec: 791,108 | mfu: 19.1% | epoch: 1 | remaining: 35s    
step 03212 (88.4%) | loss: 2.946066 | lrm: 0.23 | dt: 83ms | tok/sec: 790,803 | mfu: 19.1% | epoch: 1 | remaining: 35s    
step 03213 (88.4%) | loss: 2.941084 | lrm: 0.23 | dt: 83ms | tok/sec: 791,045 | mfu: 19.1% | epoch: 1 | remaining: 35s    
step 03214 (88.4%) | loss: 2.941037 | lrm: 0.23 | dt: 83ms | tok/sec: 791,070 | mfu: 19.1% | epoch: 1 | remaining: 35s    
step 03215 (88.5%) | loss: 2.935686 | lrm: 0.23 | dt: 83ms | tok/sec: 791,261 | mfu: 19.1% | epoch: 1 | remaining: 35s    
step 03216 (88.5%) | loss: 2.931212 | lrm: 0.23 | dt: 83ms | tok/sec: 791,063 | mfu: 19.1% | epoch: 1 | remaining: 34s    
step 03217 (88.5%) | loss: 2.929507 | lrm: 0.23 | dt: 83ms | tok/sec: 791,118 | mfu: 19.1% | epoch: 1 | remaining: 34s    
step 03218 (88.6%) | loss: 2.936314 | lrm: 0.23 | dt: 83ms | tok/sec: 791,127 | mfu: 19.1% | epoch: 1 | remaining: 34s    
step 03219 (88.6%) | loss: 2.936955 | lrm: 0.23 | dt: 83ms | tok/sec: 791,211 | mfu: 19.1% | epoch: 1 | remaining: 34s    
step 03220 (88.6%) | loss: 2.937123 | lrm: 0.23 | dt: 83ms | tok/sec: 791,256 | mfu: 19.1% | epoch: 1 | remaining: 34s    
step 03221 (88.6%) | loss: 2.946617 | lrm: 0.23 | dt: 83ms | tok/sec: 790,701 | mfu: 19.1% | epoch: 1 | remaining: 34s    
step 03222 (88.7%) | loss: 2.942687 | lrm: 0.23 | dt: 83ms | tok/sec: 790,958 | mfu: 19.1% | epoch: 1 | remaining: 34s    
step 03223 (88.7%) | loss: 2.938801 | lrm: 0.23 | dt: 83ms | tok/sec: 791,140 | mfu: 19.1% | epoch: 1 | remaining: 34s    
step 03224 (88.7%) | loss: 2.951237 | lrm: 0.23 | dt: 83ms | tok/sec: 790,694 | mfu: 19.1% | epoch: 1 | remaining: 34s    
step 03225 (88.7%) | loss: 2.947665 | lrm: 0.23 | dt: 83ms | tok/sec: 791,152 | mfu: 19.1% | epoch: 1 | remaining: 34s    
step 03226 (88.8%) | loss: 2.939935 | lrm: 0.22 | dt: 83ms | tok/sec: 790,999 | mfu: 19.1% | epoch: 1 | remaining: 34s    
step 03227 (88.8%) | loss: 2.936420 | lrm: 0.22 | dt: 83ms | tok/sec: 791,236 | mfu: 19.1% | epoch: 1 | remaining: 34s    
step 03228 (88.8%) | loss: 2.942523 | lrm: 0.22 | dt: 83ms | tok/sec: 791,111 | mfu: 19.1% | epoch: 1 | remaining: 33s    
step 03229 (88.9%) | loss: 2.927963 | lrm: 0.22 | dt: 83ms | tok/sec: 791,172 | mfu: 19.1% | epoch: 1 | remaining: 33s    
step 03230 (88.9%) | loss: 2.927983 | lrm: 0.22 | dt: 83ms | tok/sec: 791,245 | mfu: 19.1% | epoch: 1 | remaining: 33s    
step 03231 (88.9%) | loss: 2.935934 | lrm: 0.22 | dt: 83ms | tok/sec: 790,831 | mfu: 19.1% | epoch: 1 | remaining: 33s    
step 03232 (88.9%) | loss: 2.929072 | lrm: 0.22 | dt: 83ms | tok/sec: 790,874 | mfu: 19.1% | epoch: 1 | remaining: 33s    
step 03233 (89.0%) | loss: 2.926516 | lrm: 0.22 | dt: 83ms | tok/sec: 791,313 | mfu: 19.1% | epoch: 1 | remaining: 33s    
step 03234 (89.0%) | loss: 2.938156 | lrm: 0.22 | dt: 83ms | tok/sec: 790,945 | mfu: 19.1% | epoch: 1 | remaining: 33s    
step 03235 (89.0%) | loss: 2.945156 | lrm: 0.22 | dt: 83ms | tok/sec: 790,733 | mfu: 19.1% | epoch: 1 | remaining: 33s    
step 03236 (89.0%) | loss: 2.952701 | lrm: 0.22 | dt: 83ms | tok/sec: 791,127 | mfu: 19.1% | epoch: 1 | remaining: 33s    
step 03237 (89.1%) | loss: 2.947570 | lrm: 0.22 | dt: 83ms | tok/sec: 791,129 | mfu: 19.1% | epoch: 1 | remaining: 33s    
step 03238 (89.1%) | loss: 2.938308 | lrm: 0.22 | dt: 83ms | tok/sec: 791,138 | mfu: 19.1% | epoch: 1 | remaining: 33s    
step 03239 (89.1%) | loss: 2.938900 | lrm: 0.22 | dt: 83ms | tok/sec: 791,197 | mfu: 19.1% | epoch: 1 | remaining: 33s    
step 03240 (89.2%) | loss: 2.936550 | lrm: 0.22 | dt: 83ms | tok/sec: 790,869 | mfu: 19.1% | epoch: 1 | remaining: 32s    
step 03241 (89.2%) | loss: 2.949231 | lrm: 0.22 | dt: 83ms | tok/sec: 790,553 | mfu: 19.1% | epoch: 1 | remaining: 32s    
step 03242 (89.2%) | loss: 2.958890 | lrm: 0.22 | dt: 83ms | tok/sec: 791,026 | mfu: 19.1% | epoch: 1 | remaining: 32s    
step 03243 (89.2%) | loss: 2.947063 | lrm: 0.22 | dt: 83ms | tok/sec: 791,049 | mfu: 19.1% | epoch: 1 | remaining: 32s    
step 03244 (89.3%) | loss: 2.951351 | lrm: 0.21 | dt: 83ms | tok/sec: 790,847 | mfu: 19.1% | epoch: 1 | remaining: 32s    
step 03245 (89.3%) | loss: 2.949332 | lrm: 0.21 | dt: 83ms | tok/sec: 791,065 | mfu: 19.1% | epoch: 1 | remaining: 32s    
step 03246 (89.3%) | loss: 2.956980 | lrm: 0.21 | dt: 83ms | tok/sec: 791,204 | mfu: 19.1% | epoch: 1 | remaining: 32s    
step 03247 (89.4%) | loss: 2.946392 | lrm: 0.21 | dt: 83ms | tok/sec: 791,218 | mfu: 19.1% | epoch: 1 | remaining: 32s    
step 03248 (89.4%) | loss: 2.935251 | lrm: 0.21 | dt: 83ms | tok/sec: 790,988 | mfu: 19.1% | epoch: 1 | remaining: 32s    
step 03249 (89.4%) | loss: 2.937854 | lrm: 0.21 | dt: 83ms | tok/sec: 790,487 | mfu: 19.1% | epoch: 1 | remaining: 32s    
step 03250 (89.4%) | loss: 2.938015 | lrm: 0.21 | dt: 83ms | tok/sec: 791,008 | mfu: 19.1% | epoch: 1 | remaining: 32s    
step 03251 (89.5%) | loss: 2.932982 | lrm: 0.21 | dt: 83ms | tok/sec: 790,865 | mfu: 19.1% | epoch: 1 | remaining: 32s    
step 03252 (89.5%) | loss: 2.932486 | lrm: 0.21 | dt: 83ms | tok/sec: 790,842 | mfu: 19.1% | epoch: 1 | remaining: 31s    
step 03253 (89.5%) | loss: 2.934499 | lrm: 0.21 | dt: 83ms | tok/sec: 791,272 | mfu: 19.1% | epoch: 1 | remaining: 31s    
step 03254 (89.5%) | loss: 2.945792 | lrm: 0.21 | dt: 83ms | tok/sec: 790,940 | mfu: 19.1% | epoch: 1 | remaining: 31s    
step 03255 (89.6%) | loss: 2.949395 | lrm: 0.21 | dt: 83ms | tok/sec: 790,831 | mfu: 19.1% | epoch: 1 | remaining: 31s    
step 03256 (89.6%) | loss: 2.950362 | lrm: 0.21 | dt: 83ms | tok/sec: 791,179 | mfu: 19.1% | epoch: 1 | remaining: 31s    
step 03257 (89.6%) | loss: 2.956388 | lrm: 0.21 | dt: 83ms | tok/sec: 791,104 | mfu: 19.1% | epoch: 1 | remaining: 31s    
step 03258 (89.7%) | loss: 2.954636 | lrm: 0.21 | dt: 83ms | tok/sec: 791,370 | mfu: 19.1% | epoch: 1 | remaining: 31s    
step 03259 (89.7%) | loss: 2.945098 | lrm: 0.21 | dt: 83ms | tok/sec: 790,681 | mfu: 19.1% | epoch: 1 | remaining: 31s    
step 03260 (89.7%) | loss: 2.959572 | lrm: 0.21 | dt: 83ms | tok/sec: 791,061 | mfu: 19.1% | epoch: 1 | remaining: 31s    
step 03261 (89.7%) | loss: 2.954563 | lrm: 0.21 | dt: 83ms | tok/sec: 791,083 | mfu: 19.1% | epoch: 1 | remaining: 31s    
step 03262 (89.8%) | loss: 2.949157 | lrm: 0.20 | dt: 83ms | tok/sec: 791,336 | mfu: 19.1% | epoch: 1 | remaining: 31s    
step 03263 (89.8%) | loss: 2.951843 | lrm: 0.20 | dt: 83ms | tok/sec: 791,083 | mfu: 19.1% | epoch: 1 | remaining: 31s    
step 03264 (89.8%) | loss: 2.960211 | lrm: 0.20 | dt: 83ms | tok/sec: 791,136 | mfu: 19.1% | epoch: 1 | remaining: 30s    
step 03265 (89.8%) | loss: 2.948121 | lrm: 0.20 | dt: 83ms | tok/sec: 791,092 | mfu: 19.1% | epoch: 1 | remaining: 30s    
step 03266 (89.9%) | loss: 2.952746 | lrm: 0.20 | dt: 83ms | tok/sec: 790,904 | mfu: 19.1% | epoch: 1 | remaining: 30s    
step 03267 (89.9%) | loss: 2.957753 | lrm: 0.20 | dt: 83ms | tok/sec: 790,885 | mfu: 19.1% | epoch: 1 | remaining: 30s    
step 03268 (89.9%) | loss: 2.959627 | lrm: 0.20 | dt: 83ms | tok/sec: 790,526 | mfu: 19.1% | epoch: 1 | remaining: 30s    
step 03269 (90.0%) | loss: 2.948148 | lrm: 0.20 | dt: 83ms | tok/sec: 791,277 | mfu: 19.1% | epoch: 1 | remaining: 30s    
step 03270 (90.0%) | loss: 2.938429 | lrm: 0.20 | dt: 83ms | tok/sec: 791,127 | mfu: 19.1% | epoch: 1 | remaining: 30s    
step 03271 (90.0%) | loss: 2.926844 | lrm: 0.20 | dt: 83ms | tok/sec: 790,690 | mfu: 19.1% | epoch: 1 | remaining: 30s    
step 03272 (90.0%) | loss: 2.925809 | lrm: 0.20 | dt: 83ms | tok/sec: 791,074 | mfu: 19.1% | epoch: 1 | remaining: 30s    
step 03273 (90.1%) | loss: 2.933181 | lrm: 0.20 | dt: 83ms | tok/sec: 790,458 | mfu: 19.1% | epoch: 1 | remaining: 30s    
step 03274 (90.1%) | loss: 2.930134 | lrm: 0.20 | dt: 83ms | tok/sec: 791,047 | mfu: 19.1% | epoch: 1 | remaining: 30s    
step 03275 (90.1%) | loss: 2.926177 | lrm: 0.20 | dt: 83ms | tok/sec: 791,168 | mfu: 19.1% | epoch: 1 | remaining: 30s    
step 03276 (90.2%) | loss: 2.930735 | lrm: 0.20 | dt: 83ms | tok/sec: 790,810 | mfu: 19.1% | epoch: 1 | remaining: 29s    
step 03277 (90.2%) | loss: 2.928030 | lrm: 0.20 | dt: 83ms | tok/sec: 790,676 | mfu: 19.1% | epoch: 1 | remaining: 29s    
step 03278 (90.2%) | loss: 2.934868 | lrm: 0.20 | dt: 83ms | tok/sec: 791,042 | mfu: 19.1% | epoch: 1 | remaining: 29s    
step 03279 (90.2%) | loss: 2.937745 | lrm: 0.20 | dt: 83ms | tok/sec: 790,935 | mfu: 19.1% | epoch: 1 | remaining: 29s    
step 03280 (90.3%) | loss: 2.938231 | lrm: 0.19 | dt: 83ms | tok/sec: 791,102 | mfu: 19.1% | epoch: 1 | remaining: 29s    
step 03281 (90.3%) | loss: 2.936443 | lrm: 0.19 | dt: 83ms | tok/sec: 790,799 | mfu: 19.1% | epoch: 1 | remaining: 29s    
step 03282 (90.3%) | loss: 2.940981 | lrm: 0.19 | dt: 83ms | tok/sec: 790,792 | mfu: 19.1% | epoch: 1 | remaining: 29s    
step 03283 (90.3%) | loss: 2.944142 | lrm: 0.19 | dt: 83ms | tok/sec: 790,988 | mfu: 19.1% | epoch: 1 | remaining: 29s    
step 03284 (90.4%) | loss: 2.961927 | lrm: 0.19 | dt: 83ms | tok/sec: 791,286 | mfu: 19.1% | epoch: 1 | remaining: 29s    
step 03285 (90.4%) | loss: 2.955798 | lrm: 0.19 | dt: 83ms | tok/sec: 790,847 | mfu: 19.1% | epoch: 1 | remaining: 29s    
step 03286 (90.4%) | loss: 2.955547 | lrm: 0.19 | dt: 83ms | tok/sec: 791,252 | mfu: 19.1% | epoch: 1 | remaining: 29s    
step 03287 (90.5%) | loss: 2.961075 | lrm: 0.19 | dt: 83ms | tok/sec: 790,940 | mfu: 19.1% | epoch: 1 | remaining: 29s    
step 03288 (90.5%) | loss: 2.955031 | lrm: 0.19 | dt: 83ms | tok/sec: 790,872 | mfu: 19.1% | epoch: 1 | remaining: 28s    
step 03289 (90.5%) | loss: 2.958719 | lrm: 0.19 | dt: 83ms | tok/sec: 791,302 | mfu: 19.1% | epoch: 1 | remaining: 28s    
step 03290 (90.5%) | loss: 2.969687 | lrm: 0.19 | dt: 83ms | tok/sec: 790,972 | mfu: 19.1% | epoch: 1 | remaining: 28s    
step 03291 (90.6%) | loss: 2.964929 | lrm: 0.19 | dt: 83ms | tok/sec: 791,190 | mfu: 19.1% | epoch: 1 | remaining: 28s    
step 03292 (90.6%) | loss: 2.964790 | lrm: 0.19 | dt: 83ms | tok/sec: 791,095 | mfu: 19.1% | epoch: 1 | remaining: 28s    
step 03293 (90.6%) | loss: 2.968308 | lrm: 0.19 | dt: 83ms | tok/sec: 790,824 | mfu: 19.1% | epoch: 1 | remaining: 28s    
step 03294 (90.6%) | loss: 2.969777 | lrm: 0.19 | dt: 83ms | tok/sec: 790,851 | mfu: 19.1% | epoch: 1 | remaining: 28s    
step 03295 (90.7%) | loss: 2.978011 | lrm: 0.19 | dt: 83ms | tok/sec: 790,840 | mfu: 19.1% | epoch: 1 | remaining: 28s    
step 03296 (90.7%) | loss: 2.979896 | lrm: 0.19 | dt: 83ms | tok/sec: 790,881 | mfu: 19.1% | epoch: 1 | remaining: 28s    
step 03297 (90.7%) | loss: 2.976011 | lrm: 0.19 | dt: 83ms | tok/sec: 791,307 | mfu: 19.1% | epoch: 1 | remaining: 28s    
step 03298 (90.8%) | loss: 2.970761 | lrm: 0.18 | dt: 83ms | tok/sec: 790,958 | mfu: 19.1% | epoch: 1 | remaining: 28s    
step 03299 (90.8%) | loss: 2.962920 | lrm: 0.18 | dt: 83ms | tok/sec: 790,872 | mfu: 19.1% | epoch: 1 | remaining: 28s    
step 03300 (90.8%) | loss: 2.954395 | lrm: 0.18 | dt: 83ms | tok/sec: 791,022 | mfu: 19.1% | epoch: 1 | remaining: 27s    
step 03301 (90.8%) | loss: 2.953530 | lrm: 0.18 | dt: 83ms | tok/sec: 791,097 | mfu: 19.1% | epoch: 1 | remaining: 27s    
step 03302 (90.9%) | loss: 2.950525 | lrm: 0.18 | dt: 83ms | tok/sec: 791,042 | mfu: 19.1% | epoch: 1 | remaining: 27s    
step 03303 (90.9%) | loss: 2.949077 | lrm: 0.18 | dt: 83ms | tok/sec: 791,215 | mfu: 19.1% | epoch: 1 | remaining: 27s    
step 03304 (90.9%) | loss: 2.950864 | lrm: 0.18 | dt: 83ms | tok/sec: 791,193 | mfu: 19.1% | epoch: 1 | remaining: 27s    
step 03305 (91.0%) | loss: 2.936928 | lrm: 0.18 | dt: 83ms | tok/sec: 790,658 | mfu: 19.1% | epoch: 1 | remaining: 27s    
step 03306 (91.0%) | loss: 2.945734 | lrm: 0.18 | dt: 83ms | tok/sec: 791,184 | mfu: 19.1% | epoch: 1 | remaining: 27s    
step 03307 (91.0%) | loss: 2.936839 | lrm: 0.18 | dt: 83ms | tok/sec: 790,915 | mfu: 19.1% | epoch: 1 | remaining: 27s    
step 03308 (91.0%) | loss: 2.936581 | lrm: 0.18 | dt: 83ms | tok/sec: 791,022 | mfu: 19.1% | epoch: 1 | remaining: 27s    
step 03309 (91.1%) | loss: 2.941198 | lrm: 0.18 | dt: 83ms | tok/sec: 790,619 | mfu: 19.1% | epoch: 1 | remaining: 27s    
step 03310 (91.1%) | loss: 2.956100 | lrm: 0.18 | dt: 83ms | tok/sec: 788,750 | mfu: 19.1% | epoch: 1 | remaining: 27s    
step 03311 (91.1%) | loss: 2.949609 | lrm: 0.18 | dt: 83ms | tok/sec: 789,425 | mfu: 19.1% | epoch: 1 | remaining: 27s    
step 03312 (91.1%) | loss: 2.948009 | lrm: 0.18 | dt: 83ms | tok/sec: 790,442 | mfu: 19.1% | epoch: 1 | remaining: 26s    
step 03313 (91.2%) | loss: 2.946052 | lrm: 0.18 | dt: 83ms | tok/sec: 790,631 | mfu: 19.1% | epoch: 1 | remaining: 26s    
step 03314 (91.2%) | loss: 2.955159 | lrm: 0.18 | dt: 83ms | tok/sec: 791,070 | mfu: 19.1% | epoch: 1 | remaining: 26s    
step 03315 (91.2%) | loss: 2.955317 | lrm: 0.18 | dt: 83ms | tok/sec: 790,633 | mfu: 19.1% | epoch: 1 | remaining: 26s    
step 03316 (91.3%) | loss: 2.951791 | lrm: 0.17 | dt: 83ms | tok/sec: 790,840 | mfu: 19.1% | epoch: 1 | remaining: 26s    
step 03317 (91.3%) | loss: 2.947196 | lrm: 0.17 | dt: 83ms | tok/sec: 791,238 | mfu: 19.1% | epoch: 1 | remaining: 26s    
step 03318 (91.3%) | loss: 2.953700 | lrm: 0.17 | dt: 83ms | tok/sec: 791,015 | mfu: 19.1% | epoch: 1 | remaining: 26s    
step 03319 (91.3%) | loss: 2.946185 | lrm: 0.17 | dt: 83ms | tok/sec: 791,184 | mfu: 19.1% | epoch: 1 | remaining: 26s    
step 03320 (91.4%) | loss: 2.938157 | lrm: 0.17 | dt: 83ms | tok/sec: 791,297 | mfu: 19.1% | epoch: 1 | remaining: 26s    
step 03321 (91.4%) | loss: 2.932193 | lrm: 0.17 | dt: 83ms | tok/sec: 790,883 | mfu: 19.1% | epoch: 1 | remaining: 26s    
step 03322 (91.4%) | loss: 2.919432 | lrm: 0.17 | dt: 83ms | tok/sec: 791,304 | mfu: 19.1% | epoch: 1 | remaining: 26s    
step 03323 (91.5%) | loss: 2.914495 | lrm: 0.17 | dt: 83ms | tok/sec: 790,728 | mfu: 19.1% | epoch: 1 | remaining: 26s    
step 03324 (91.5%) | loss: 2.915819 | lrm: 0.17 | dt: 83ms | tok/sec: 790,697 | mfu: 19.1% | epoch: 1 | remaining: 25s    
step 03325 (91.5%) | loss: 2.914056 | lrm: 0.17 | dt: 83ms | tok/sec: 791,646 | mfu: 19.1% | epoch: 1 | remaining: 25s    
step 03326 (91.5%) | loss: 2.913566 | lrm: 0.17 | dt: 83ms | tok/sec: 791,152 | mfu: 19.1% | epoch: 1 | remaining: 25s    
step 03327 (91.6%) | loss: 2.919879 | lrm: 0.17 | dt: 83ms | tok/sec: 790,549 | mfu: 19.1% | epoch: 1 | remaining: 25s    
step 03328 (91.6%) | loss: 2.919946 | lrm: 0.17 | dt: 83ms | tok/sec: 791,286 | mfu: 19.1% | epoch: 1 | remaining: 25s    
step 03329 (91.6%) | loss: 2.932457 | lrm: 0.17 | dt: 83ms | tok/sec: 790,981 | mfu: 19.1% | epoch: 1 | remaining: 25s    
step 03330 (91.6%) | loss: 2.939438 | lrm: 0.17 | dt: 83ms | tok/sec: 790,815 | mfu: 19.1% | epoch: 1 | remaining: 25s    
step 03331 (91.7%) | loss: 2.929080 | lrm: 0.17 | dt: 83ms | tok/sec: 790,785 | mfu: 19.1% | epoch: 1 | remaining: 25s    
step 03332 (91.7%) | loss: 2.924784 | lrm: 0.17 | dt: 83ms | tok/sec: 791,015 | mfu: 19.1% | epoch: 1 | remaining: 25s    
step 03333 (91.7%) | loss: 2.934196 | lrm: 0.17 | dt: 83ms | tok/sec: 790,910 | mfu: 19.1% | epoch: 1 | remaining: 25s    
step 03334 (91.8%) | loss: 2.935849 | lrm: 0.16 | dt: 83ms | tok/sec: 790,906 | mfu: 19.1% | epoch: 1 | remaining: 25s    
step 03335 (91.8%) | loss: 2.939877 | lrm: 0.16 | dt: 83ms | tok/sec: 790,524 | mfu: 19.1% | epoch: 1 | remaining: 25s    
step 03336 (91.8%) | loss: 2.940108 | lrm: 0.16 | dt: 83ms | tok/sec: 791,370 | mfu: 19.1% | epoch: 1 | remaining: 24s    
step 03337 (91.8%) | loss: 2.947217 | lrm: 0.16 | dt: 83ms | tok/sec: 790,824 | mfu: 19.1% | epoch: 1 | remaining: 24s    
step 03338 (91.9%) | loss: 2.946029 | lrm: 0.16 | dt: 83ms | tok/sec: 790,851 | mfu: 19.1% | epoch: 1 | remaining: 24s    
step 03339 (91.9%) | loss: 2.931634 | lrm: 0.16 | dt: 83ms | tok/sec: 791,104 | mfu: 19.1% | epoch: 1 | remaining: 24s    
step 03340 (91.9%) | loss: 2.940214 | lrm: 0.16 | dt: 83ms | tok/sec: 791,095 | mfu: 19.1% | epoch: 1 | remaining: 24s    
step 03341 (91.9%) | loss: 2.942779 | lrm: 0.16 | dt: 83ms | tok/sec: 790,565 | mfu: 19.1% | epoch: 1 | remaining: 24s    
step 03342 (92.0%) | loss: 2.939651 | lrm: 0.16 | dt: 83ms | tok/sec: 791,386 | mfu: 19.1% | epoch: 1 | remaining: 24s    
step 03343 (92.0%) | loss: 2.943209 | lrm: 0.16 | dt: 83ms | tok/sec: 790,783 | mfu: 19.1% | epoch: 1 | remaining: 24s    
step 03344 (92.0%) | loss: 2.941618 | lrm: 0.16 | dt: 83ms | tok/sec: 791,106 | mfu: 19.1% | epoch: 1 | remaining: 24s    
step 03345 (92.1%) | loss: 2.942117 | lrm: 0.16 | dt: 83ms | tok/sec: 791,036 | mfu: 19.1% | epoch: 1 | remaining: 24s    
step 03346 (92.1%) | loss: 2.949204 | lrm: 0.16 | dt: 83ms | tok/sec: 790,885 | mfu: 19.1% | epoch: 1 | remaining: 24s    
step 03347 (92.1%) | loss: 2.949885 | lrm: 0.16 | dt: 83ms | tok/sec: 790,917 | mfu: 19.1% | epoch: 1 | remaining: 24s    
step 03348 (92.1%) | loss: 2.944441 | lrm: 0.16 | dt: 83ms | tok/sec: 790,369 | mfu: 19.1% | epoch: 1 | remaining: 23s    
step 03349 (92.2%) | loss: 2.951276 | lrm: 0.16 | dt: 83ms | tok/sec: 789,194 | mfu: 19.1% | epoch: 1 | remaining: 23s    
step 03350 (92.2%) | loss: 2.948767 | lrm: 0.16 | dt: 83ms | tok/sec: 790,596 | mfu: 19.1% | epoch: 1 | remaining: 23s    
step 03351 (92.2%) | loss: 2.948156 | lrm: 0.16 | dt: 83ms | tok/sec: 790,656 | mfu: 19.1% | epoch: 1 | remaining: 23s    
step 03352 (92.3%) | loss: 2.936367 | lrm: 0.15 | dt: 83ms | tok/sec: 790,583 | mfu: 19.1% | epoch: 1 | remaining: 23s    
step 03353 (92.3%) | loss: 2.939265 | lrm: 0.15 | dt: 83ms | tok/sec: 790,503 | mfu: 19.1% | epoch: 1 | remaining: 23s    
step 03354 (92.3%) | loss: 2.948857 | lrm: 0.15 | dt: 83ms | tok/sec: 790,913 | mfu: 19.1% | epoch: 1 | remaining: 23s    
step 03355 (92.3%) | loss: 2.951820 | lrm: 0.15 | dt: 83ms | tok/sec: 791,058 | mfu: 19.1% | epoch: 1 | remaining: 23s    
step 03356 (92.4%) | loss: 2.943352 | lrm: 0.15 | dt: 83ms | tok/sec: 790,992 | mfu: 19.1% | epoch: 1 | remaining: 23s    
step 03357 (92.4%) | loss: 2.942060 | lrm: 0.15 | dt: 83ms | tok/sec: 790,840 | mfu: 19.1% | epoch: 1 | remaining: 23s    
step 03358 (92.4%) | loss: 2.928337 | lrm: 0.15 | dt: 83ms | tok/sec: 790,787 | mfu: 19.1% | epoch: 1 | remaining: 23s    
step 03359 (92.4%) | loss: 2.925965 | lrm: 0.15 | dt: 83ms | tok/sec: 790,747 | mfu: 19.1% | epoch: 1 | remaining: 23s    
step 03360 (92.5%) | loss: 2.922475 | lrm: 0.15 | dt: 83ms | tok/sec: 791,083 | mfu: 19.1% | epoch: 1 | remaining: 22s    
step 03361 (92.5%) | loss: 2.920339 | lrm: 0.15 | dt: 83ms | tok/sec: 791,122 | mfu: 19.1% | epoch: 1 | remaining: 22s    
step 03362 (92.5%) | loss: 2.923501 | lrm: 0.15 | dt: 83ms | tok/sec: 790,838 | mfu: 19.1% | epoch: 1 | remaining: 22s    
step 03363 (92.6%) | loss: 2.927401 | lrm: 0.15 | dt: 83ms | tok/sec: 791,168 | mfu: 19.1% | epoch: 1 | remaining: 22s    
step 03364 (92.6%) | loss: 2.921915 | lrm: 0.15 | dt: 83ms | tok/sec: 790,965 | mfu: 19.1% | epoch: 1 | remaining: 22s    
step 03365 (92.6%) | loss: 2.923256 | lrm: 0.15 | dt: 83ms | tok/sec: 790,671 | mfu: 19.1% | epoch: 1 | remaining: 22s    
step 03366 (92.6%) | loss: 2.928258 | lrm: 0.15 | dt: 83ms | tok/sec: 790,715 | mfu: 19.1% | epoch: 1 | remaining: 22s    
step 03367 (92.7%) | loss: 2.923973 | lrm: 0.15 | dt: 83ms | tok/sec: 790,794 | mfu: 19.1% | epoch: 1 | remaining: 22s    
step 03368 (92.7%) | loss: 2.918109 | lrm: 0.15 | dt: 83ms | tok/sec: 791,072 | mfu: 19.1% | epoch: 1 | remaining: 22s    
step 03369 (92.7%) | loss: 2.910204 | lrm: 0.15 | dt: 83ms | tok/sec: 790,924 | mfu: 19.1% | epoch: 1 | remaining: 22s    
step 03370 (92.7%) | loss: 2.915885 | lrm: 0.15 | dt: 83ms | tok/sec: 790,863 | mfu: 19.1% | epoch: 1 | remaining: 22s    
step 03371 (92.8%) | loss: 2.919765 | lrm: 0.14 | dt: 83ms | tok/sec: 791,095 | mfu: 19.1% | epoch: 1 | remaining: 22s    
step 03372 (92.8%) | loss: 2.912968 | lrm: 0.14 | dt: 83ms | tok/sec: 791,070 | mfu: 19.1% | epoch: 1 | remaining: 22s    
step 03373 (92.8%) | loss: 2.920618 | lrm: 0.14 | dt: 83ms | tok/sec: 791,049 | mfu: 19.1% | epoch: 1 | remaining: 21s    
step 03374 (92.9%) | loss: 2.918568 | lrm: 0.14 | dt: 83ms | tok/sec: 791,127 | mfu: 19.1% | epoch: 1 | remaining: 21s    
step 03375 (92.9%) | loss: 2.909687 | lrm: 0.14 | dt: 83ms | tok/sec: 791,017 | mfu: 19.1% | epoch: 1 | remaining: 21s    
step 03376 (92.9%) | loss: 2.913837 | lrm: 0.14 | dt: 83ms | tok/sec: 791,379 | mfu: 19.1% | epoch: 1 | remaining: 21s    
step 03377 (92.9%) | loss: 2.914432 | lrm: 0.14 | dt: 83ms | tok/sec: 790,915 | mfu: 19.1% | epoch: 1 | remaining: 21s    
step 03378 (93.0%) | loss: 2.914251 | lrm: 0.14 | dt: 83ms | tok/sec: 790,744 | mfu: 19.1% | epoch: 1 | remaining: 21s    
step 03379 (93.0%) | loss: 2.921941 | lrm: 0.14 | dt: 83ms | tok/sec: 790,931 | mfu: 19.1% | epoch: 1 | remaining: 21s    
step 03380 (93.0%) | loss: 2.923885 | lrm: 0.14 | dt: 83ms | tok/sec: 791,090 | mfu: 19.1% | epoch: 1 | remaining: 21s    
step 03381 (93.1%) | loss: 2.926144 | lrm: 0.14 | dt: 83ms | tok/sec: 790,728 | mfu: 19.1% | epoch: 1 | remaining: 21s    
step 03382 (93.1%) | loss: 2.913039 | lrm: 0.14 | dt: 83ms | tok/sec: 791,049 | mfu: 19.1% | epoch: 1 | remaining: 21s    
step 03383 (93.1%) | loss: 2.920485 | lrm: 0.14 | dt: 83ms | tok/sec: 791,088 | mfu: 19.1% | epoch: 1 | remaining: 21s    
step 03384 (93.1%) | loss: 2.912259 | lrm: 0.14 | dt: 83ms | tok/sec: 790,662 | mfu: 19.1% | epoch: 1 | remaining: 21s    
step 03385 (93.2%) | loss: 2.902322 | lrm: 0.14 | dt: 83ms | tok/sec: 790,728 | mfu: 19.1% | epoch: 1 | remaining: 20s    
step 03386 (93.2%) | loss: 2.907836 | lrm: 0.14 | dt: 83ms | tok/sec: 790,890 | mfu: 19.1% | epoch: 1 | remaining: 20s    
step 03387 (93.2%) | loss: 2.905193 | lrm: 0.14 | dt: 83ms | tok/sec: 790,872 | mfu: 19.1% | epoch: 1 | remaining: 20s    
step 03388 (93.2%) | loss: 2.909041 | lrm: 0.14 | dt: 83ms | tok/sec: 790,851 | mfu: 19.1% | epoch: 1 | remaining: 20s    
step 03389 (93.3%) | loss: 2.922093 | lrm: 0.13 | dt: 83ms | tok/sec: 790,756 | mfu: 19.1% | epoch: 1 | remaining: 20s    
step 03390 (93.3%) | loss: 2.924744 | lrm: 0.13 | dt: 83ms | tok/sec: 790,040 | mfu: 19.1% | epoch: 1 | remaining: 20s    
step 03391 (93.3%) | loss: 2.934251 | lrm: 0.13 | dt: 83ms | tok/sec: 791,129 | mfu: 19.1% | epoch: 1 | remaining: 20s    
step 03392 (93.4%) | loss: 2.940286 | lrm: 0.13 | dt: 83ms | tok/sec: 791,065 | mfu: 19.1% | epoch: 1 | remaining: 20s    
step 03393 (93.4%) | loss: 2.924914 | lrm: 0.13 | dt: 83ms | tok/sec: 790,892 | mfu: 19.1% | epoch: 1 | remaining: 20s    
step 03394 (93.4%) | loss: 2.921796 | lrm: 0.13 | dt: 83ms | tok/sec: 791,024 | mfu: 19.1% | epoch: 1 | remaining: 20s    
step 03395 (93.4%) | loss: 2.923217 | lrm: 0.13 | dt: 83ms | tok/sec: 790,465 | mfu: 19.1% | epoch: 1 | remaining: 20s    
step 03396 (93.5%) | loss: 2.915229 | lrm: 0.13 | dt: 83ms | tok/sec: 790,981 | mfu: 19.1% | epoch: 1 | remaining: 20s    
step 03397 (93.5%) | loss: 2.919838 | lrm: 0.13 | dt: 83ms | tok/sec: 790,945 | mfu: 19.1% | epoch: 1 | remaining: 19s    
step 03398 (93.5%) | loss: 2.926947 | lrm: 0.13 | dt: 83ms | tok/sec: 791,065 | mfu: 19.1% | epoch: 1 | remaining: 19s    
step 03399 (93.5%) | loss: 2.933113 | lrm: 0.13 | dt: 83ms | tok/sec: 791,090 | mfu: 19.1% | epoch: 1 | remaining: 19s    
step 03400 (93.6%) | loss: 2.934733 | lrm: 0.13 | dt: 83ms | tok/sec: 790,883 | mfu: 19.1% | epoch: 1 | remaining: 19s    
step 03401 (93.6%) | loss: 2.927511 | lrm: 0.13 | dt: 83ms | tok/sec: 791,275 | mfu: 19.1% | epoch: 1 | remaining: 19s    
step 03402 (93.6%) | loss: 2.933187 | lrm: 0.13 | dt: 83ms | tok/sec: 790,831 | mfu: 19.1% | epoch: 1 | remaining: 19s    
step 03403 (93.7%) | loss: 2.932911 | lrm: 0.13 | dt: 83ms | tok/sec: 791,311 | mfu: 19.1% | epoch: 1 | remaining: 19s    
step 03404 (93.7%) | loss: 2.930702 | lrm: 0.13 | dt: 83ms | tok/sec: 791,036 | mfu: 19.1% | epoch: 1 | remaining: 19s    
step 03405 (93.7%) | loss: 2.926057 | lrm: 0.13 | dt: 83ms | tok/sec: 790,954 | mfu: 19.1% | epoch: 1 | remaining: 19s    
step 03406 (93.7%) | loss: 2.931324 | lrm: 0.13 | dt: 83ms | tok/sec: 791,222 | mfu: 19.1% | epoch: 1 | remaining: 19s    
step 03407 (93.8%) | loss: 2.937046 | lrm: 0.12 | dt: 83ms | tok/sec: 790,983 | mfu: 19.1% | epoch: 1 | remaining: 19s    
step 03408 (93.8%) | loss: 2.935397 | lrm: 0.12 | dt: 83ms | tok/sec: 790,917 | mfu: 19.1% | epoch: 1 | remaining: 19s    
step 03409 (93.8%) | loss: 2.931016 | lrm: 0.12 | dt: 83ms | tok/sec: 790,879 | mfu: 19.1% | epoch: 1 | remaining: 18s    
step 03410 (93.9%) | loss: 2.923126 | lrm: 0.12 | dt: 83ms | tok/sec: 791,174 | mfu: 19.1% | epoch: 1 | remaining: 18s    
step 03411 (93.9%) | loss: 2.923868 | lrm: 0.12 | dt: 83ms | tok/sec: 791,532 | mfu: 19.1% | epoch: 1 | remaining: 18s    
step 03412 (93.9%) | loss: 2.916635 | lrm: 0.12 | dt: 83ms | tok/sec: 790,892 | mfu: 19.1% | epoch: 1 | remaining: 18s    
step 03413 (93.9%) | loss: 2.910744 | lrm: 0.12 | dt: 83ms | tok/sec: 790,981 | mfu: 19.1% | epoch: 1 | remaining: 18s    
step 03414 (94.0%) | loss: 2.909623 | lrm: 0.12 | dt: 83ms | tok/sec: 791,088 | mfu: 19.1% | epoch: 1 | remaining: 18s    
step 03415 (94.0%) | loss: 2.908725 | lrm: 0.12 | dt: 83ms | tok/sec: 790,726 | mfu: 19.1% | epoch: 1 | remaining: 18s    
step 03416 (94.0%) | loss: 2.907745 | lrm: 0.12 | dt: 83ms | tok/sec: 791,534 | mfu: 19.1% | epoch: 1 | remaining: 18s    
step 03417 (94.0%) | loss: 2.910657 | lrm: 0.12 | dt: 83ms | tok/sec: 790,901 | mfu: 19.1% | epoch: 1 | remaining: 18s    
step 03418 (94.1%) | loss: 2.913686 | lrm: 0.12 | dt: 83ms | tok/sec: 791,077 | mfu: 19.1% | epoch: 1 | remaining: 18s    
step 03419 (94.1%) | loss: 2.918882 | lrm: 0.12 | dt: 83ms | tok/sec: 790,844 | mfu: 19.1% | epoch: 1 | remaining: 18s    
step 03420 (94.1%) | loss: 2.910252 | lrm: 0.12 | dt: 83ms | tok/sec: 791,245 | mfu: 19.1% | epoch: 1 | remaining: 18s    
step 03421 (94.2%) | loss: 2.915858 | lrm: 0.12 | dt: 83ms | tok/sec: 791,070 | mfu: 19.1% | epoch: 1 | remaining: 17s    
step 03422 (94.2%) | loss: 2.918086 | lrm: 0.12 | dt: 83ms | tok/sec: 791,001 | mfu: 19.1% | epoch: 1 | remaining: 17s    
step 03423 (94.2%) | loss: 2.923792 | lrm: 0.12 | dt: 83ms | tok/sec: 791,138 | mfu: 19.1% | epoch: 1 | remaining: 17s    
step 03424 (94.2%) | loss: 2.918300 | lrm: 0.12 | dt: 83ms | tok/sec: 790,246 | mfu: 19.1% | epoch: 1 | remaining: 17s    
step 03425 (94.3%) | loss: 2.913647 | lrm: 0.11 | dt: 83ms | tok/sec: 790,790 | mfu: 19.1% | epoch: 1 | remaining: 17s    
step 03426 (94.3%) | loss: 2.915770 | lrm: 0.11 | dt: 83ms | tok/sec: 790,156 | mfu: 19.1% | epoch: 1 | remaining: 17s    
step 03427 (94.3%) | loss: 2.920683 | lrm: 0.11 | dt: 83ms | tok/sec: 790,697 | mfu: 19.1% | epoch: 1 | remaining: 17s    
step 03428 (94.4%) | loss: 2.919746 | lrm: 0.11 | dt: 83ms | tok/sec: 790,924 | mfu: 19.1% | epoch: 1 | remaining: 17s    
step 03429 (94.4%) | loss: 2.923390 | lrm: 0.11 | dt: 83ms | tok/sec: 790,842 | mfu: 19.1% | epoch: 1 | remaining: 17s    
step 03430 (94.4%) | loss: 2.922347 | lrm: 0.11 | dt: 83ms | tok/sec: 790,817 | mfu: 19.1% | epoch: 1 | remaining: 17s    
step 03431 (94.4%) | loss: 2.910641 | lrm: 0.11 | dt: 83ms | tok/sec: 791,172 | mfu: 19.1% | epoch: 1 | remaining: 17s    
step 03432 (94.5%) | loss: 2.917265 | lrm: 0.11 | dt: 83ms | tok/sec: 791,386 | mfu: 19.1% | epoch: 1 | remaining: 17s    
step 03433 (94.5%) | loss: 2.905960 | lrm: 0.11 | dt: 83ms | tok/sec: 791,042 | mfu: 19.1% | epoch: 1 | remaining: 16s    
step 03434 (94.5%) | loss: 2.911798 | lrm: 0.11 | dt: 83ms | tok/sec: 791,022 | mfu: 19.1% | epoch: 1 | remaining: 16s    
step 03435 (94.5%) | loss: 2.917758 | lrm: 0.11 | dt: 83ms | tok/sec: 791,015 | mfu: 19.1% | epoch: 1 | remaining: 16s    
step 03436 (94.6%) | loss: 2.922768 | lrm: 0.11 | dt: 83ms | tok/sec: 791,026 | mfu: 19.1% | epoch: 1 | remaining: 16s    
step 03437 (94.6%) | loss: 2.917649 | lrm: 0.11 | dt: 83ms | tok/sec: 790,819 | mfu: 19.1% | epoch: 1 | remaining: 16s    
step 03438 (94.6%) | loss: 2.909761 | lrm: 0.11 | dt: 83ms | tok/sec: 790,894 | mfu: 19.1% | epoch: 1 | remaining: 16s    
step 03439 (94.7%) | loss: 2.897901 | lrm: 0.11 | dt: 83ms | tok/sec: 790,690 | mfu: 19.1% | epoch: 1 | remaining: 16s    
step 03440 (94.7%) | loss: 2.899620 | lrm: 0.11 | dt: 83ms | tok/sec: 790,865 | mfu: 19.1% | epoch: 1 | remaining: 16s    
step 03441 (94.7%) | loss: 2.891878 | lrm: 0.11 | dt: 83ms | tok/sec: 791,040 | mfu: 19.1% | epoch: 1 | remaining: 16s    
step 03442 (94.7%) | loss: 2.897076 | lrm: 0.11 | dt: 83ms | tok/sec: 791,065 | mfu: 19.1% | epoch: 1 | remaining: 16s    
step 03443 (94.8%) | loss: 2.892547 | lrm: 0.10 | dt: 83ms | tok/sec: 790,935 | mfu: 19.1% | epoch: 1 | remaining: 16s    
step 03444 (94.8%) | loss: 2.890082 | lrm: 0.10 | dt: 83ms | tok/sec: 790,881 | mfu: 19.1% | epoch: 1 | remaining: 16s    
step 03445 (94.8%) | loss: 2.907629 | lrm: 0.10 | dt: 83ms | tok/sec: 790,874 | mfu: 19.1% | epoch: 1 | remaining: 15s    
step 03446 (94.8%) | loss: 2.911054 | lrm: 0.10 | dt: 83ms | tok/sec: 791,006 | mfu: 19.1% | epoch: 1 | remaining: 15s    
step 03447 (94.9%) | loss: 2.907506 | lrm: 0.10 | dt: 83ms | tok/sec: 791,136 | mfu: 19.1% | epoch: 1 | remaining: 15s    
step 03448 (94.9%) | loss: 2.915753 | lrm: 0.10 | dt: 83ms | tok/sec: 790,979 | mfu: 19.1% | epoch: 1 | remaining: 15s    
step 03449 (94.9%) | loss: 2.916878 | lrm: 0.10 | dt: 83ms | tok/sec: 791,104 | mfu: 19.1% | epoch: 1 | remaining: 15s    
step 03450 (95.0%) | loss: 2.923368 | lrm: 0.10 | dt: 83ms | tok/sec: 791,056 | mfu: 19.1% | epoch: 1 | remaining: 15s    
step 03451 (95.0%) | loss: 2.923918 | lrm: 0.10 | dt: 83ms | tok/sec: 791,368 | mfu: 19.1% | epoch: 1 | remaining: 15s    
step 03452 (95.0%) | loss: 2.913445 | lrm: 0.10 | dt: 83ms | tok/sec: 790,872 | mfu: 19.1% | epoch: 1 | remaining: 15s    
step 03453 (95.0%) | loss: 2.915842 | lrm: 0.10 | dt: 83ms | tok/sec: 786,889 | mfu: 19.0% | epoch: 1 | remaining: 15s    
step 03454 (95.1%) | loss: 2.920582 | lrm: 0.10 | dt: 83ms | tok/sec: 790,603 | mfu: 19.1% | epoch: 1 | remaining: 15s    
step 03455 (95.1%) | loss: 2.925835 | lrm: 0.10 | dt: 83ms | tok/sec: 790,799 | mfu: 19.1% | epoch: 1 | remaining: 15s    
step 03456 (95.1%) | loss: 2.916363 | lrm: 0.10 | dt: 83ms | tok/sec: 791,061 | mfu: 19.1% | epoch: 1 | remaining: 15s    
step 03457 (95.2%) | loss: 2.922971 | lrm: 0.10 | dt: 83ms | tok/sec: 791,199 | mfu: 19.1% | epoch: 1 | remaining: 14s    
step 03458 (95.2%) | loss: 2.919159 | lrm: 0.10 | dt: 83ms | tok/sec: 791,222 | mfu: 19.1% | epoch: 1 | remaining: 14s    
step 03459 (95.2%) | loss: 2.921021 | lrm: 0.10 | dt: 83ms | tok/sec: 790,660 | mfu: 19.1% | epoch: 1 | remaining: 14s    
step 03460 (95.2%) | loss: 2.918913 | lrm: 0.10 | dt: 83ms | tok/sec: 791,161 | mfu: 19.1% | epoch: 1 | remaining: 14s    
step 03461 (95.3%) | loss: 2.924921 | lrm: 0.09 | dt: 83ms | tok/sec: 791,222 | mfu: 19.1% | epoch: 1 | remaining: 14s    
step 03462 (95.3%) | loss: 2.920160 | lrm: 0.09 | dt: 83ms | tok/sec: 790,951 | mfu: 19.1% | epoch: 1 | remaining: 14s    
step 03463 (95.3%) | loss: 2.914870 | lrm: 0.09 | dt: 83ms | tok/sec: 790,860 | mfu: 19.1% | epoch: 1 | remaining: 14s    
step 03464 (95.3%) | loss: 2.913600 | lrm: 0.09 | dt: 83ms | tok/sec: 790,960 | mfu: 19.1% | epoch: 1 | remaining: 14s    
step 03465 (95.4%) | loss: 2.908317 | lrm: 0.09 | dt: 83ms | tok/sec: 790,904 | mfu: 19.1% | epoch: 1 | remaining: 14s    
step 03466 (95.4%) | loss: 2.907181 | lrm: 0.09 | dt: 83ms | tok/sec: 790,915 | mfu: 19.1% | epoch: 1 | remaining: 14s    
step 03467 (95.4%) | loss: 2.929556 | lrm: 0.09 | dt: 83ms | tok/sec: 791,024 | mfu: 19.1% | epoch: 1 | remaining: 14s    
step 03468 (95.5%) | loss: 2.925857 | lrm: 0.09 | dt: 83ms | tok/sec: 791,202 | mfu: 19.1% | epoch: 1 | remaining: 14s    
step 03469 (95.5%) | loss: 2.926396 | lrm: 0.09 | dt: 83ms | tok/sec: 790,813 | mfu: 19.1% | epoch: 1 | remaining: 13s    
step 03470 (95.5%) | loss: 2.918151 | lrm: 0.09 | dt: 83ms | tok/sec: 791,031 | mfu: 19.1% | epoch: 1 | remaining: 13s    
step 03471 (95.5%) | loss: 2.915801 | lrm: 0.09 | dt: 83ms | tok/sec: 791,092 | mfu: 19.1% | epoch: 1 | remaining: 13s    
step 03472 (95.6%) | loss: 2.921412 | lrm: 0.09 | dt: 83ms | tok/sec: 791,133 | mfu: 19.1% | epoch: 1 | remaining: 13s    
step 03473 (95.6%) | loss: 2.928055 | lrm: 0.09 | dt: 83ms | tok/sec: 790,919 | mfu: 19.1% | epoch: 1 | remaining: 13s    
step 03474 (95.6%) | loss: 2.918162 | lrm: 0.09 | dt: 83ms | tok/sec: 790,904 | mfu: 19.1% | epoch: 1 | remaining: 13s    
step 03475 (95.6%) | loss: 2.914060 | lrm: 0.09 | dt: 83ms | tok/sec: 790,844 | mfu: 19.1% | epoch: 1 | remaining: 13s    
step 03476 (95.7%) | loss: 2.919782 | lrm: 0.09 | dt: 83ms | tok/sec: 790,979 | mfu: 19.1% | epoch: 1 | remaining: 13s    
step 03477 (95.7%) | loss: 2.926848 | lrm: 0.09 | dt: 83ms | tok/sec: 790,894 | mfu: 19.1% | epoch: 1 | remaining: 13s    
step 03478 (95.7%) | loss: 2.923442 | lrm: 0.09 | dt: 83ms | tok/sec: 790,458 | mfu: 19.1% | epoch: 1 | remaining: 13s    
step 03479 (95.8%) | loss: 2.928464 | lrm: 0.08 | dt: 83ms | tok/sec: 791,011 | mfu: 19.1% | epoch: 1 | remaining: 13s    
step 03480 (95.8%) | loss: 2.928201 | lrm: 0.08 | dt: 83ms | tok/sec: 790,960 | mfu: 19.1% | epoch: 1 | remaining: 13s    
step 03481 (95.8%) | loss: 2.926005 | lrm: 0.08 | dt: 83ms | tok/sec: 791,051 | mfu: 19.1% | epoch: 1 | remaining: 12s    
step 03482 (95.8%) | loss: 2.927472 | lrm: 0.08 | dt: 83ms | tok/sec: 790,995 | mfu: 19.1% | epoch: 1 | remaining: 12s    
step 03483 (95.9%) | loss: 2.924237 | lrm: 0.08 | dt: 83ms | tok/sec: 790,913 | mfu: 19.1% | epoch: 1 | remaining: 12s    
step 03484 (95.9%) | loss: 2.923635 | lrm: 0.08 | dt: 83ms | tok/sec: 790,637 | mfu: 19.1% | epoch: 1 | remaining: 12s    
step 03485 (95.9%) | loss: 2.926882 | lrm: 0.08 | dt: 83ms | tok/sec: 791,154 | mfu: 19.1% | epoch: 1 | remaining: 12s    
step 03486 (96.0%) | loss: 2.910643 | lrm: 0.08 | dt: 83ms | tok/sec: 791,181 | mfu: 19.1% | epoch: 1 | remaining: 12s    
step 03487 (96.0%) | loss: 2.905673 | lrm: 0.08 | dt: 83ms | tok/sec: 790,947 | mfu: 19.1% | epoch: 1 | remaining: 12s    
step 03488 (96.0%) | loss: 2.918924 | lrm: 0.08 | dt: 83ms | tok/sec: 791,222 | mfu: 19.1% | epoch: 1 | remaining: 12s    
step 03489 (96.0%) | loss: 2.918258 | lrm: 0.08 | dt: 83ms | tok/sec: 791,038 | mfu: 19.1% | epoch: 1 | remaining: 12s    
step 03490 (96.1%) | loss: 2.915807 | lrm: 0.08 | dt: 83ms | tok/sec: 791,038 | mfu: 19.1% | epoch: 1 | remaining: 12s    
step 03491 (96.1%) | loss: 2.917121 | lrm: 0.08 | dt: 83ms | tok/sec: 791,240 | mfu: 19.1% | epoch: 1 | remaining: 12s    
step 03492 (96.1%) | loss: 2.911419 | lrm: 0.08 | dt: 83ms | tok/sec: 790,676 | mfu: 19.1% | epoch: 1 | remaining: 12s    
step 03493 (96.1%) | loss: 2.918104 | lrm: 0.08 | dt: 83ms | tok/sec: 791,011 | mfu: 19.1% | epoch: 1 | remaining: 11s    
step 03494 (96.2%) | loss: 2.927270 | lrm: 0.08 | dt: 83ms | tok/sec: 791,036 | mfu: 19.1% | epoch: 1 | remaining: 11s    
step 03495 (96.2%) | loss: 2.923774 | lrm: 0.08 | dt: 83ms | tok/sec: 791,129 | mfu: 19.1% | epoch: 1 | remaining: 11s    
step 03496 (96.2%) | loss: 2.922379 | lrm: 0.08 | dt: 83ms | tok/sec: 790,954 | mfu: 19.1% | epoch: 1 | remaining: 11s    
step 03497 (96.3%) | loss: 2.922099 | lrm: 0.07 | dt: 83ms | tok/sec: 790,949 | mfu: 19.1% | epoch: 1 | remaining: 11s    
step 03498 (96.3%) | loss: 2.909492 | lrm: 0.07 | dt: 83ms | tok/sec: 791,213 | mfu: 19.1% | epoch: 1 | remaining: 11s    
step 03499 (96.3%) | loss: 2.917458 | lrm: 0.07 | dt: 83ms | tok/sec: 791,011 | mfu: 19.1% | epoch: 1 | remaining: 11s    
step 03500 (96.3%) | loss: 2.918213 | lrm: 0.07 | dt: 83ms | tok/sec: 791,127 | mfu: 19.1% | epoch: 1 | remaining: 11s    
step 03501 (96.4%) | loss: 2.919205 | lrm: 0.07 | dt: 83ms | tok/sec: 790,765 | mfu: 19.1% | epoch: 1 | remaining: 11s    
step 03502 (96.4%) | loss: 2.930248 | lrm: 0.07 | dt: 83ms | tok/sec: 790,960 | mfu: 19.1% | epoch: 1 | remaining: 11s    
step 03503 (96.4%) | loss: 2.931121 | lrm: 0.07 | dt: 83ms | tok/sec: 791,259 | mfu: 19.1% | epoch: 1 | remaining: 11s    
step 03504 (96.5%) | loss: 2.923001 | lrm: 0.07 | dt: 83ms | tok/sec: 790,847 | mfu: 19.1% | epoch: 1 | remaining: 11s    
step 03505 (96.5%) | loss: 2.915174 | lrm: 0.07 | dt: 83ms | tok/sec: 791,193 | mfu: 19.1% | epoch: 1 | remaining: 10s    
step 03506 (96.5%) | loss: 2.907468 | lrm: 0.07 | dt: 83ms | tok/sec: 791,036 | mfu: 19.1% | epoch: 1 | remaining: 10s    
step 03507 (96.5%) | loss: 2.910326 | lrm: 0.07 | dt: 83ms | tok/sec: 791,254 | mfu: 19.1% | epoch: 1 | remaining: 10s    
step 03508 (96.6%) | loss: 2.906290 | lrm: 0.07 | dt: 83ms | tok/sec: 791,115 | mfu: 19.1% | epoch: 1 | remaining: 10s    
step 03509 (96.6%) | loss: 2.900543 | lrm: 0.07 | dt: 83ms | tok/sec: 791,020 | mfu: 19.1% | epoch: 1 | remaining: 10s    
step 03510 (96.6%) | loss: 2.910713 | lrm: 0.07 | dt: 83ms | tok/sec: 791,042 | mfu: 19.1% | epoch: 1 | remaining: 10s    
step 03511 (96.6%) | loss: 2.918248 | lrm: 0.07 | dt: 83ms | tok/sec: 791,051 | mfu: 19.1% | epoch: 1 | remaining: 10s    
step 03512 (96.7%) | loss: 2.919170 | lrm: 0.07 | dt: 83ms | tok/sec: 791,115 | mfu: 19.1% | epoch: 1 | remaining: 10s    
step 03513 (96.7%) | loss: 2.919418 | lrm: 0.07 | dt: 83ms | tok/sec: 790,997 | mfu: 19.1% | epoch: 1 | remaining: 10s    
step 03514 (96.7%) | loss: 2.920204 | lrm: 0.07 | dt: 83ms | tok/sec: 790,983 | mfu: 19.1% | epoch: 1 | remaining: 10s    
step 03515 (96.8%) | loss: 2.912693 | lrm: 0.06 | dt: 83ms | tok/sec: 790,926 | mfu: 19.1% | epoch: 1 | remaining: 10s    
step 03516 (96.8%) | loss: 2.921061 | lrm: 0.06 | dt: 83ms | tok/sec: 790,972 | mfu: 19.1% | epoch: 1 | remaining: 10s    
step 03517 (96.8%) | loss: 2.915864 | lrm: 0.06 | dt: 83ms | tok/sec: 790,990 | mfu: 19.1% | epoch: 1 | remaining: 9s    
step 03518 (96.8%) | loss: 2.923633 | lrm: 0.06 | dt: 83ms | tok/sec: 790,967 | mfu: 19.1% | epoch: 1 | remaining: 9s    
step 03519 (96.9%) | loss: 2.916713 | lrm: 0.06 | dt: 83ms | tok/sec: 791,204 | mfu: 19.1% | epoch: 1 | remaining: 9s    
step 03520 (96.9%) | loss: 2.925492 | lrm: 0.06 | dt: 83ms | tok/sec: 790,712 | mfu: 19.1% | epoch: 1 | remaining: 9s    
step 03521 (96.9%) | loss: 2.918266 | lrm: 0.06 | dt: 83ms | tok/sec: 791,127 | mfu: 19.1% | epoch: 1 | remaining: 9s    
step 03522 (96.9%) | loss: 2.909190 | lrm: 0.06 | dt: 83ms | tok/sec: 791,247 | mfu: 19.1% | epoch: 1 | remaining: 9s    
step 03523 (97.0%) | loss: 2.909128 | lrm: 0.06 | dt: 83ms | tok/sec: 791,097 | mfu: 19.1% | epoch: 1 | remaining: 9s    
step 03524 (97.0%) | loss: 2.911749 | lrm: 0.06 | dt: 83ms | tok/sec: 790,985 | mfu: 19.1% | epoch: 1 | remaining: 9s    
step 03525 (97.0%) | loss: 2.910331 | lrm: 0.06 | dt: 83ms | tok/sec: 790,872 | mfu: 19.1% | epoch: 1 | remaining: 9s    
step 03526 (97.1%) | loss: 2.916076 | lrm: 0.06 | dt: 83ms | tok/sec: 791,288 | mfu: 19.1% | epoch: 1 | remaining: 9s    
step 03527 (97.1%) | loss: 2.904974 | lrm: 0.06 | dt: 83ms | tok/sec: 790,872 | mfu: 19.1% | epoch: 1 | remaining: 9s    
step 03528 (97.1%) | loss: 2.898746 | lrm: 0.06 | dt: 83ms | tok/sec: 791,275 | mfu: 19.1% | epoch: 1 | remaining: 9s    
step 03529 (97.1%) | loss: 2.906633 | lrm: 0.06 | dt: 83ms | tok/sec: 790,983 | mfu: 19.1% | epoch: 1 | remaining: 8s    
step 03530 (97.2%) | loss: 2.909215 | lrm: 0.06 | dt: 83ms | tok/sec: 791,111 | mfu: 19.1% | epoch: 1 | remaining: 8s    
step 03531 (97.2%) | loss: 2.905021 | lrm: 0.06 | dt: 83ms | tok/sec: 790,910 | mfu: 19.1% | epoch: 1 | remaining: 8s    
step 03532 (97.2%) | loss: 2.906544 | lrm: 0.06 | dt: 83ms | tok/sec: 791,140 | mfu: 19.1% | epoch: 1 | remaining: 8s    
step 03533 (97.3%) | loss: 2.913976 | lrm: 0.05 | dt: 83ms | tok/sec: 791,008 | mfu: 19.1% | epoch: 1 | remaining: 8s    
step 03534 (97.3%) | loss: 2.929804 | lrm: 0.05 | dt: 83ms | tok/sec: 791,095 | mfu: 19.1% | epoch: 1 | remaining: 8s    
step 03535 (97.3%) | loss: 2.938666 | lrm: 0.05 | dt: 83ms | tok/sec: 790,628 | mfu: 19.1% | epoch: 1 | remaining: 8s    
step 03536 (97.3%) | loss: 2.942109 | lrm: 0.05 | dt: 83ms | tok/sec: 791,252 | mfu: 19.1% | epoch: 1 | remaining: 8s    
step 03537 (97.4%) | loss: 2.932092 | lrm: 0.05 | dt: 83ms | tok/sec: 790,735 | mfu: 19.1% | epoch: 1 | remaining: 8s    
step 03538 (97.4%) | loss: 2.929062 | lrm: 0.05 | dt: 83ms | tok/sec: 789,212 | mfu: 19.1% | epoch: 1 | remaining: 8s    
step 03539 (97.4%) | loss: 2.921138 | lrm: 0.05 | dt: 83ms | tok/sec: 789,404 | mfu: 19.1% | epoch: 1 | remaining: 8s    
step 03540 (97.4%) | loss: 2.930778 | lrm: 0.05 | dt: 83ms | tok/sec: 790,396 | mfu: 19.1% | epoch: 1 | remaining: 8s    
step 03541 (97.5%) | loss: 2.925245 | lrm: 0.05 | dt: 83ms | tok/sec: 790,722 | mfu: 19.1% | epoch: 1 | remaining: 8s    
step 03542 (97.5%) | loss: 2.922658 | lrm: 0.05 | dt: 83ms | tok/sec: 790,803 | mfu: 19.1% | epoch: 1 | remaining: 7s    
step 03543 (97.5%) | loss: 2.928275 | lrm: 0.05 | dt: 83ms | tok/sec: 791,026 | mfu: 19.1% | epoch: 1 | remaining: 7s    
step 03544 (97.6%) | loss: 2.930373 | lrm: 0.05 | dt: 83ms | tok/sec: 790,990 | mfu: 19.1% | epoch: 1 | remaining: 7s    
step 03545 (97.6%) | loss: 2.923511 | lrm: 0.05 | dt: 83ms | tok/sec: 790,542 | mfu: 19.1% | epoch: 1 | remaining: 7s    
step 03546 (97.6%) | loss: 2.916138 | lrm: 0.05 | dt: 83ms | tok/sec: 791,113 | mfu: 19.1% | epoch: 1 | remaining: 7s    
step 03547 (97.6%) | loss: 2.923845 | lrm: 0.05 | dt: 83ms | tok/sec: 791,393 | mfu: 19.1% | epoch: 1 | remaining: 7s    
step 03548 (97.7%) | loss: 2.915910 | lrm: 0.05 | dt: 83ms | tok/sec: 790,867 | mfu: 19.1% | epoch: 1 | remaining: 7s    
step 03549 (97.7%) | loss: 2.912601 | lrm: 0.05 | dt: 83ms | tok/sec: 790,840 | mfu: 19.1% | epoch: 1 | remaining: 7s    
step 03550 (97.7%) | loss: 2.915933 | lrm: 0.05 | dt: 83ms | tok/sec: 791,108 | mfu: 19.1% | epoch: 1 | remaining: 7s    
step 03551 (97.7%) | loss: 2.905148 | lrm: 0.05 | dt: 83ms | tok/sec: 790,976 | mfu: 19.1% | epoch: 1 | remaining: 7s    
step 03552 (97.8%) | loss: 2.896988 | lrm: 0.04 | dt: 83ms | tok/sec: 790,869 | mfu: 19.1% | epoch: 1 | remaining: 7s    
step 03553 (97.8%) | loss: 2.905050 | lrm: 0.04 | dt: 83ms | tok/sec: 791,279 | mfu: 19.1% | epoch: 1 | remaining: 7s    
step 03554 (97.8%) | loss: 2.909577 | lrm: 0.04 | dt: 83ms | tok/sec: 791,083 | mfu: 19.1% | epoch: 1 | remaining: 6s    
step 03555 (97.9%) | loss: 2.914209 | lrm: 0.04 | dt: 83ms | tok/sec: 791,017 | mfu: 19.1% | epoch: 1 | remaining: 6s    
step 03556 (97.9%) | loss: 2.923339 | lrm: 0.04 | dt: 83ms | tok/sec: 791,070 | mfu: 19.1% | epoch: 1 | remaining: 6s    
step 03557 (97.9%) | loss: 2.925305 | lrm: 0.04 | dt: 83ms | tok/sec: 790,785 | mfu: 19.1% | epoch: 1 | remaining: 6s    
step 03558 (97.9%) | loss: 2.929973 | lrm: 0.04 | dt: 83ms | tok/sec: 791,015 | mfu: 19.1% | epoch: 1 | remaining: 6s    
step 03559 (98.0%) | loss: 2.926712 | lrm: 0.04 | dt: 83ms | tok/sec: 791,163 | mfu: 19.1% | epoch: 1 | remaining: 6s    
step 03560 (98.0%) | loss: 2.923768 | lrm: 0.04 | dt: 83ms | tok/sec: 791,409 | mfu: 19.1% | epoch: 1 | remaining: 6s    
step 03561 (98.0%) | loss: 2.920705 | lrm: 0.04 | dt: 83ms | tok/sec: 791,072 | mfu: 19.1% | epoch: 1 | remaining: 6s    
step 03562 (98.1%) | loss: 2.918878 | lrm: 0.04 | dt: 83ms | tok/sec: 790,956 | mfu: 19.1% | epoch: 1 | remaining: 6s    
step 03563 (98.1%) | loss: 2.930971 | lrm: 0.04 | dt: 83ms | tok/sec: 791,177 | mfu: 19.1% | epoch: 1 | remaining: 6s    
step 03564 (98.1%) | loss: 2.929735 | lrm: 0.04 | dt: 83ms | tok/sec: 790,824 | mfu: 19.1% | epoch: 1 | remaining: 6s    
step 03565 (98.1%) | loss: 2.927986 | lrm: 0.04 | dt: 83ms | tok/sec: 790,929 | mfu: 19.1% | epoch: 1 | remaining: 6s    
step 03566 (98.2%) | loss: 2.932281 | lrm: 0.04 | dt: 83ms | tok/sec: 790,947 | mfu: 19.1% | epoch: 1 | remaining: 5s    
step 03567 (98.2%) | loss: 2.927987 | lrm: 0.04 | dt: 83ms | tok/sec: 790,706 | mfu: 19.1% | epoch: 1 | remaining: 5s    
step 03568 (98.2%) | loss: 2.921702 | lrm: 0.04 | dt: 83ms | tok/sec: 791,193 | mfu: 19.1% | epoch: 1 | remaining: 5s    
step 03569 (98.2%) | loss: 2.931764 | lrm: 0.04 | dt: 83ms | tok/sec: 791,149 | mfu: 19.1% | epoch: 1 | remaining: 5s    
step 03570 (98.3%) | loss: 2.912883 | lrm: 0.03 | dt: 83ms | tok/sec: 791,033 | mfu: 19.1% | epoch: 1 | remaining: 5s    
step 03571 (98.3%) | loss: 2.917705 | lrm: 0.03 | dt: 83ms | tok/sec: 790,999 | mfu: 19.1% | epoch: 1 | remaining: 5s    
step 03572 (98.3%) | loss: 2.917731 | lrm: 0.03 | dt: 83ms | tok/sec: 791,065 | mfu: 19.1% | epoch: 1 | remaining: 5s    
step 03573 (98.4%) | loss: 2.924882 | lrm: 0.03 | dt: 83ms | tok/sec: 791,124 | mfu: 19.1% | epoch: 1 | remaining: 5s    
step 03574 (98.4%) | loss: 2.913043 | lrm: 0.03 | dt: 83ms | tok/sec: 791,024 | mfu: 19.1% | epoch: 1 | remaining: 5s    
step 03575 (98.4%) | loss: 2.912939 | lrm: 0.03 | dt: 83ms | tok/sec: 791,147 | mfu: 19.1% | epoch: 1 | remaining: 5s    
step 03576 (98.4%) | loss: 2.915135 | lrm: 0.03 | dt: 83ms | tok/sec: 790,544 | mfu: 19.1% | epoch: 1 | remaining: 5s    
step 03577 (98.5%) | loss: 2.910950 | lrm: 0.03 | dt: 83ms | tok/sec: 790,662 | mfu: 19.1% | epoch: 1 | remaining: 5s    
step 03578 (98.5%) | loss: 2.904188 | lrm: 0.03 | dt: 83ms | tok/sec: 790,931 | mfu: 19.1% | epoch: 1 | remaining: 4s    
step 03579 (98.5%) | loss: 2.892771 | lrm: 0.03 | dt: 83ms | tok/sec: 791,083 | mfu: 19.1% | epoch: 1 | remaining: 4s    
step 03580 (98.5%) | loss: 2.892773 | lrm: 0.03 | dt: 83ms | tok/sec: 791,017 | mfu: 19.1% | epoch: 1 | remaining: 4s    
step 03581 (98.6%) | loss: 2.888463 | lrm: 0.03 | dt: 83ms | tok/sec: 791,145 | mfu: 19.1% | epoch: 1 | remaining: 4s    
step 03582 (98.6%) | loss: 2.880633 | lrm: 0.03 | dt: 83ms | tok/sec: 791,133 | mfu: 19.1% | epoch: 1 | remaining: 4s    
step 03583 (98.6%) | loss: 2.879445 | lrm: 0.03 | dt: 83ms | tok/sec: 791,256 | mfu: 19.1% | epoch: 1 | remaining: 4s    
step 03584 (98.7%) | loss: 2.886094 | lrm: 0.03 | dt: 83ms | tok/sec: 791,143 | mfu: 19.1% | epoch: 1 | remaining: 4s    
step 03585 (98.7%) | loss: 2.891841 | lrm: 0.03 | dt: 83ms | tok/sec: 790,995 | mfu: 19.1% | epoch: 1 | remaining: 4s    
step 03586 (98.7%) | loss: 2.892578 | lrm: 0.03 | dt: 83ms | tok/sec: 791,017 | mfu: 19.1% | epoch: 1 | remaining: 4s    
step 03587 (98.7%) | loss: 2.898946 | lrm: 0.03 | dt: 83ms | tok/sec: 790,915 | mfu: 19.1% | epoch: 1 | remaining: 4s    
step 03588 (98.8%) | loss: 2.891217 | lrm: 0.02 | dt: 83ms | tok/sec: 790,853 | mfu: 19.1% | epoch: 1 | remaining: 4s    
step 03589 (98.8%) | loss: 2.899018 | lrm: 0.02 | dt: 83ms | tok/sec: 791,115 | mfu: 19.1% | epoch: 1 | remaining: 4s    
step 03590 (98.8%) | loss: 2.905443 | lrm: 0.02 | dt: 83ms | tok/sec: 791,088 | mfu: 19.1% | epoch: 1 | remaining: 3s    
step 03591 (98.9%) | loss: 2.901490 | lrm: 0.02 | dt: 83ms | tok/sec: 791,070 | mfu: 19.1% | epoch: 1 | remaining: 3s    
step 03592 (98.9%) | loss: 2.905604 | lrm: 0.02 | dt: 83ms | tok/sec: 791,122 | mfu: 19.1% | epoch: 1 | remaining: 3s    
step 03593 (98.9%) | loss: 2.907541 | lrm: 0.02 | dt: 83ms | tok/sec: 791,332 | mfu: 19.1% | epoch: 1 | remaining: 3s    
step 03594 (98.9%) | loss: 2.891768 | lrm: 0.02 | dt: 83ms | tok/sec: 790,849 | mfu: 19.1% | epoch: 1 | remaining: 3s    
step 03595 (99.0%) | loss: 2.894020 | lrm: 0.02 | dt: 83ms | tok/sec: 790,803 | mfu: 19.1% | epoch: 1 | remaining: 3s    
step 03596 (99.0%) | loss: 2.886423 | lrm: 0.02 | dt: 83ms | tok/sec: 790,642 | mfu: 19.1% | epoch: 1 | remaining: 3s    
step 03597 (99.0%) | loss: 2.892074 | lrm: 0.02 | dt: 83ms | tok/sec: 791,097 | mfu: 19.1% | epoch: 1 | remaining: 3s    
step 03598 (99.0%) | loss: 2.900037 | lrm: 0.02 | dt: 83ms | tok/sec: 791,047 | mfu: 19.1% | epoch: 1 | remaining: 3s    
step 03599 (99.1%) | loss: 2.901091 | lrm: 0.02 | dt: 83ms | tok/sec: 791,243 | mfu: 19.1% | epoch: 1 | remaining: 3s    
step 03600 (99.1%) | loss: 2.889532 | lrm: 0.02 | dt: 83ms | tok/sec: 790,687 | mfu: 19.1% | epoch: 1 | remaining: 3s    
step 03601 (99.1%) | loss: 2.886749 | lrm: 0.02 | dt: 83ms | tok/sec: 790,933 | mfu: 19.1% | epoch: 1 | remaining: 3s    
step 03602 (99.2%) | loss: 2.882360 | lrm: 0.02 | dt: 83ms | tok/sec: 790,783 | mfu: 19.1% | epoch: 1 | remaining: 2s    
step 03603 (99.2%) | loss: 2.888195 | lrm: 0.02 | dt: 83ms | tok/sec: 790,608 | mfu: 19.1% | epoch: 1 | remaining: 2s    
step 03604 (99.2%) | loss: 2.894922 | lrm: 0.02 | dt: 83ms | tok/sec: 790,970 | mfu: 19.1% | epoch: 1 | remaining: 2s    
step 03605 (99.2%) | loss: 2.893897 | lrm: 0.02 | dt: 83ms | tok/sec: 790,772 | mfu: 19.1% | epoch: 1 | remaining: 2s    
step 03606 (99.3%) | loss: 2.881895 | lrm: 0.01 | dt: 83ms | tok/sec: 791,029 | mfu: 19.1% | epoch: 1 | remaining: 2s    
step 03607 (99.3%) | loss: 2.890905 | lrm: 0.01 | dt: 83ms | tok/sec: 790,556 | mfu: 19.1% | epoch: 1 | remaining: 2s    
step 03608 (99.3%) | loss: 2.898685 | lrm: 0.01 | dt: 83ms | tok/sec: 790,801 | mfu: 19.1% | epoch: 1 | remaining: 2s    
step 03609 (99.3%) | loss: 2.908652 | lrm: 0.01 | dt: 83ms | tok/sec: 791,188 | mfu: 19.1% | epoch: 1 | remaining: 2s    
step 03610 (99.4%) | loss: 2.910743 | lrm: 0.01 | dt: 83ms | tok/sec: 791,432 | mfu: 19.1% | epoch: 1 | remaining: 2s    
step 03611 (99.4%) | loss: 2.905412 | lrm: 0.01 | dt: 83ms | tok/sec: 790,974 | mfu: 19.1% | epoch: 1 | remaining: 2s    
step 03612 (99.4%) | loss: 2.899172 | lrm: 0.01 | dt: 83ms | tok/sec: 791,343 | mfu: 19.1% | epoch: 1 | remaining: 2s    
step 03613 (99.5%) | loss: 2.893805 | lrm: 0.01 | dt: 83ms | tok/sec: 790,735 | mfu: 19.1% | epoch: 1 | remaining: 2s    
step 03614 (99.5%) | loss: 2.894861 | lrm: 0.01 | dt: 83ms | tok/sec: 791,104 | mfu: 19.1% | epoch: 1 | remaining: 1s    
step 03615 (99.5%) | loss: 2.902468 | lrm: 0.01 | dt: 83ms | tok/sec: 790,929 | mfu: 19.1% | epoch: 1 | remaining: 1s    
step 03616 (99.5%) | loss: 2.899057 | lrm: 0.01 | dt: 83ms | tok/sec: 790,876 | mfu: 19.1% | epoch: 1 | remaining: 1s    
step 03617 (99.6%) | loss: 2.898399 | lrm: 0.01 | dt: 83ms | tok/sec: 791,092 | mfu: 19.1% | epoch: 1 | remaining: 1s    
step 03618 (99.6%) | loss: 2.905308 | lrm: 0.01 | dt: 83ms | tok/sec: 791,165 | mfu: 19.1% | epoch: 1 | remaining: 1s    
step 03619 (99.6%) | loss: 2.919664 | lrm: 0.01 | dt: 83ms | tok/sec: 791,102 | mfu: 19.1% | epoch: 1 | remaining: 1s    
step 03620 (99.7%) | loss: 2.913796 | lrm: 0.01 | dt: 83ms | tok/sec: 791,229 | mfu: 19.1% | epoch: 1 | remaining: 1s    
step 03621 (99.7%) | loss: 2.908205 | lrm: 0.01 | dt: 83ms | tok/sec: 790,774 | mfu: 19.1% | epoch: 1 | remaining: 1s    
step 03622 (99.7%) | loss: 2.909295 | lrm: 0.01 | dt: 83ms | tok/sec: 791,172 | mfu: 19.1% | epoch: 1 | remaining: 1s    
step 03623 (99.7%) | loss: 2.899522 | lrm: 0.01 | dt: 83ms | tok/sec: 790,803 | mfu: 19.1% | epoch: 1 | remaining: 1s    
step 03624 (99.8%) | loss: 2.885865 | lrm: 0.00 | dt: 83ms | tok/sec: 790,940 | mfu: 19.1% | epoch: 1 | remaining: 1s    
step 03625 (99.8%) | loss: 2.895159 | lrm: 0.00 | dt: 83ms | tok/sec: 791,279 | mfu: 19.1% | epoch: 1 | remaining: 1s    
step 03626 (99.8%) | loss: 2.894554 | lrm: 0.00 | dt: 83ms | tok/sec: 790,785 | mfu: 19.1% | epoch: 1 | remaining: 0s    
step 03627 (99.8%) | loss: 2.892941 | lrm: 0.00 | dt: 83ms | tok/sec: 791,051 | mfu: 19.1% | epoch: 1 | remaining: 0s    
step 03628 (99.9%) | loss: 2.889341 | lrm: 0.00 | dt: 83ms | tok/sec: 791,106 | mfu: 19.1% | epoch: 1 | remaining: 0s    
step 03629 (99.9%) | loss: 2.896738 | lrm: 0.00 | dt: 83ms | tok/sec: 791,070 | mfu: 19.1% | epoch: 1 | remaining: 0s    
step 03630 (99.9%) | loss: 2.907928 | lrm: 0.00 | dt: 83ms | tok/sec: 791,152 | mfu: 19.1% | epoch: 1 | remaining: 0s    
step 03631 (100.0%) | loss: 2.905134 | lrm: 0.00 | dt: 83ms | tok/sec: 790,897 | mfu: 19.1% | epoch: 1 | remaining: 0s    
step 03632 (100.0%) | loss: 2.902643 | lrm: 0.00 | dt: 83ms | tok/sec: 791,118 | mfu: 19.1% | epoch: 1 | remaining: 0s    $RLTLDR_ROOT/runner_ws/.venv/lib/python3.10/site-packages/torch/nn/attention/flex_attention.py:1687: UserWarning: flex_attention called without torch.compile() - this will use an unfused implementation that materializes the full scores matrix instead of generating a fused kernel.

SOLUTION: Use torch.compile(flex_attention)(...)

If you want to debug your score_mod/mask_mod, you can set:
torch.nn.attention.flex_attention._FLEX_ATTENTION_DISABLE_COMPILE_DEBUG = True

This will allow you to use print statements or breakpoints. Note: This doesn't work with the backwards pass and may produce incorrect results.
  _warn_once(

---
val_bpb:          1.033115
training_seconds: 300.0
total_seconds:    327.3
peak_vram_mb:     11550.0
mfu_percent:      19.12
total_tokens_M:   238.1
num_steps:        3633
num_params_M:     50.3
depth:            8
