Vocab size: 8,192
Model config: {'sequence_len': 2048, 'vocab_size': 8192, 'n_layer': 8, 'n_head': 4, 'n_kv_head': 4, 'n_embd': 512, 'window_pattern': 'SSSL'}
Parameter counts:
  wte                     : 4,194,304
  value_embeds            : 16,777,216
  lm_head                 : 4,194,304
  transformer_matrices    : 25,166,336
  scalars                 : 16
  total                   : 50,332,176
Estimated FLOPs per token: 2.390784e+08
Scaling AdamW LRs by 1/sqrt(512/768) = 1.224745
Time budget: 300s
Gradient accumulation steps: 1

step 00000 (0.0%) | loss: 9.011469 | lrm: 1.00 | dt: 15462ms | tok/sec: 8,477 | mfu: 0.2% | epoch: 1 | remaining: 300s    
step 00001 (0.0%) | loss: 8.883528 | lrm: 1.00 | dt: 158ms | tok/sec: 828,032 | mfu: 20.0% | epoch: 1 | remaining: 300s    
step 00002 (0.0%) | loss: 8.549192 | lrm: 1.00 | dt: 157ms | tok/sec: 836,755 | mfu: 20.2% | epoch: 1 | remaining: 300s    
step 00003 (0.0%) | loss: 8.124956 | lrm: 1.00 | dt: 157ms | tok/sec: 836,579 | mfu: 20.2% | epoch: 1 | remaining: 300s    
step 00004 (0.0%) | loss: 7.749366 | lrm: 1.00 | dt: 157ms | tok/sec: 836,759 | mfu: 20.2% | epoch: 1 | remaining: 300s    
step 00005 (0.0%) | loss: 7.434157 | lrm: 1.00 | dt: 157ms | tok/sec: 837,448 | mfu: 20.2% | epoch: 1 | remaining: 300s    
step 00006 (0.0%) | loss: 7.185528 | lrm: 1.00 | dt: 157ms | tok/sec: 837,516 | mfu: 20.2% | epoch: 1 | remaining: 300s    
step 00007 (0.0%) | loss: 6.978016 | lrm: 1.00 | dt: 157ms | tok/sec: 836,833 | mfu: 20.2% | epoch: 1 | remaining: 300s    
step 00008 (0.0%) | loss: 6.803396 | lrm: 1.00 | dt: 157ms | tok/sec: 836,890 | mfu: 20.2% | epoch: 1 | remaining: 300s    
step 00009 (0.0%) | loss: 6.656011 | lrm: 1.00 | dt: 156ms | tok/sec: 837,762 | mfu: 20.2% | epoch: 1 | remaining: 300s    
step 00010 (0.0%) | loss: 6.527827 | lrm: 1.00 | dt: 157ms | tok/sec: 836,365 | mfu: 20.2% | epoch: 1 | remaining: 300s    
step 00011 (0.0%) | loss: 6.413400 | lrm: 1.00 | dt: 156ms | tok/sec: 837,991 | mfu: 20.2% | epoch: 1 | remaining: 300s    
step 00012 (0.1%) | loss: 6.318769 | lrm: 1.00 | dt: 156ms | tok/sec: 837,945 | mfu: 20.2% | epoch: 1 | remaining: 300s    
step 00013 (0.1%) | loss: 6.234944 | lrm: 1.00 | dt: 156ms | tok/sec: 838,069 | mfu: 20.2% | epoch: 1 | remaining: 300s    
step 00014 (0.2%) | loss: 6.158246 | lrm: 1.00 | dt: 156ms | tok/sec: 838,030 | mfu: 20.2% | epoch: 1 | remaining: 299s    
step 00015 (0.2%) | loss: 6.094830 | lrm: 1.00 | dt: 156ms | tok/sec: 837,992 | mfu: 20.2% | epoch: 1 | remaining: 299s    
step 00016 (0.3%) | loss: 6.038669 | lrm: 1.00 | dt: 156ms | tok/sec: 838,053 | mfu: 20.2% | epoch: 1 | remaining: 299s    
step 00017 (0.3%) | loss: 5.983331 | lrm: 1.00 | dt: 156ms | tok/sec: 838,124 | mfu: 20.3% | epoch: 1 | remaining: 299s    
step 00018 (0.4%) | loss: 5.934552 | lrm: 1.00 | dt: 156ms | tok/sec: 837,850 | mfu: 20.2% | epoch: 1 | remaining: 299s    
step 00019 (0.4%) | loss: 5.890715 | lrm: 1.00 | dt: 156ms | tok/sec: 837,808 | mfu: 20.2% | epoch: 1 | remaining: 299s    
step 00020 (0.5%) | loss: 5.853276 | lrm: 1.00 | dt: 156ms | tok/sec: 837,961 | mfu: 20.2% | epoch: 1 | remaining: 298s    
step 00021 (0.5%) | loss: 5.818399 | lrm: 1.00 | dt: 156ms | tok/sec: 837,827 | mfu: 20.2% | epoch: 1 | remaining: 298s    
step 00022 (0.6%) | loss: 5.784489 | lrm: 1.00 | dt: 156ms | tok/sec: 838,050 | mfu: 20.2% | epoch: 1 | remaining: 298s    
step 00023 (0.6%) | loss: 5.751832 | lrm: 1.00 | dt: 156ms | tok/sec: 837,697 | mfu: 20.2% | epoch: 1 | remaining: 298s    
step 00024 (0.7%) | loss: 5.722442 | lrm: 1.00 | dt: 156ms | tok/sec: 838,034 | mfu: 20.2% | epoch: 1 | remaining: 298s    
step 00025 (0.7%) | loss: 5.687236 | lrm: 1.00 | dt: 156ms | tok/sec: 837,726 | mfu: 20.2% | epoch: 1 | remaining: 298s    
step 00026 (0.8%) | loss: 5.660113 | lrm: 1.00 | dt: 156ms | tok/sec: 837,889 | mfu: 20.2% | epoch: 1 | remaining: 297s    
step 00027 (0.8%) | loss: 5.637079 | lrm: 1.00 | dt: 156ms | tok/sec: 838,176 | mfu: 20.3% | epoch: 1 | remaining: 297s    
step 00028 (0.9%) | loss: 5.615400 | lrm: 1.00 | dt: 156ms | tok/sec: 837,561 | mfu: 20.2% | epoch: 1 | remaining: 297s    
step 00029 (0.9%) | loss: 5.590302 | lrm: 1.00 | dt: 156ms | tok/sec: 838,087 | mfu: 20.2% | epoch: 1 | remaining: 297s    
step 00030 (1.0%) | loss: 5.566403 | lrm: 1.00 | dt: 156ms | tok/sec: 838,134 | mfu: 20.3% | epoch: 1 | remaining: 297s    
step 00031 (1.0%) | loss: 5.542918 | lrm: 1.00 | dt: 156ms | tok/sec: 837,923 | mfu: 20.2% | epoch: 1 | remaining: 297s    
step 00032 (1.1%) | loss: 5.518161 | lrm: 1.00 | dt: 156ms | tok/sec: 837,752 | mfu: 20.2% | epoch: 1 | remaining: 297s    
step 00033 (1.1%) | loss: 5.497821 | lrm: 1.00 | dt: 156ms | tok/sec: 837,886 | mfu: 20.2% | epoch: 1 | remaining: 296s    
step 00034 (1.2%) | loss: 5.472854 | lrm: 1.00 | dt: 156ms | tok/sec: 837,829 | mfu: 20.2% | epoch: 1 | remaining: 296s    
step 00035 (1.3%) | loss: 5.448945 | lrm: 1.00 | dt: 156ms | tok/sec: 838,002 | mfu: 20.2% | epoch: 1 | remaining: 296s    
step 00036 (1.3%) | loss: 5.429165 | lrm: 1.00 | dt: 157ms | tok/sec: 837,425 | mfu: 20.2% | epoch: 1 | remaining: 296s    
step 00037 (1.4%) | loss: 5.404960 | lrm: 1.00 | dt: 156ms | tok/sec: 837,881 | mfu: 20.2% | epoch: 1 | remaining: 296s    
step 00038 (1.4%) | loss: 5.382633 | lrm: 1.00 | dt: 156ms | tok/sec: 837,726 | mfu: 20.2% | epoch: 1 | remaining: 296s    
step 00039 (1.5%) | loss: 5.359750 | lrm: 1.00 | dt: 156ms | tok/sec: 837,877 | mfu: 20.2% | epoch: 1 | remaining: 295s    
step 00040 (1.5%) | loss: 5.337003 | lrm: 1.00 | dt: 156ms | tok/sec: 837,557 | mfu: 20.2% | epoch: 1 | remaining: 295s    
step 00041 (1.6%) | loss: 5.315314 | lrm: 1.00 | dt: 156ms | tok/sec: 837,984 | mfu: 20.2% | epoch: 1 | remaining: 295s    
step 00042 (1.6%) | loss: 5.295560 | lrm: 1.00 | dt: 156ms | tok/sec: 837,746 | mfu: 20.2% | epoch: 1 | remaining: 295s    
step 00043 (1.7%) | loss: 5.271342 | lrm: 1.00 | dt: 156ms | tok/sec: 837,758 | mfu: 20.2% | epoch: 1 | remaining: 295s    
step 00044 (1.7%) | loss: 5.250594 | lrm: 1.00 | dt: 156ms | tok/sec: 838,103 | mfu: 20.2% | epoch: 1 | remaining: 295s    
step 00045 (1.8%) | loss: 5.232688 | lrm: 1.00 | dt: 156ms | tok/sec: 837,914 | mfu: 20.2% | epoch: 1 | remaining: 295s    
step 00046 (1.8%) | loss: 5.214824 | lrm: 1.00 | dt: 156ms | tok/sec: 838,116 | mfu: 20.3% | epoch: 1 | remaining: 294s    
step 00047 (1.9%) | loss: 5.194120 | lrm: 1.00 | dt: 156ms | tok/sec: 837,926 | mfu: 20.2% | epoch: 1 | remaining: 294s    
step 00048 (1.9%) | loss: 5.174903 | lrm: 1.00 | dt: 156ms | tok/sec: 838,088 | mfu: 20.2% | epoch: 1 | remaining: 294s    
step 00049 (2.0%) | loss: 5.155666 | lrm: 1.00 | dt: 156ms | tok/sec: 837,912 | mfu: 20.2% | epoch: 1 | remaining: 294s    
step 00050 (2.0%) | loss: 5.135424 | lrm: 1.00 | dt: 157ms | tok/sec: 837,448 | mfu: 20.2% | epoch: 1 | remaining: 294s    
step 00051 (2.1%) | loss: 5.113589 | lrm: 1.00 | dt: 156ms | tok/sec: 837,765 | mfu: 20.2% | epoch: 1 | remaining: 294s    
step 00052 (2.1%) | loss: 5.089466 | lrm: 1.00 | dt: 156ms | tok/sec: 838,462 | mfu: 20.3% | epoch: 1 | remaining: 293s    
step 00053 (2.2%) | loss: 5.071759 | lrm: 1.00 | dt: 156ms | tok/sec: 838,105 | mfu: 20.2% | epoch: 1 | remaining: 293s    
step 00054 (2.2%) | loss: 5.051193 | lrm: 1.00 | dt: 156ms | tok/sec: 837,844 | mfu: 20.2% | epoch: 1 | remaining: 293s    
step 00055 (2.3%) | loss: 5.030885 | lrm: 1.00 | dt: 156ms | tok/sec: 838,144 | mfu: 20.3% | epoch: 1 | remaining: 293s    
step 00056 (2.3%) | loss: 5.010607 | lrm: 1.00 | dt: 156ms | tok/sec: 838,185 | mfu: 20.3% | epoch: 1 | remaining: 293s    
step 00057 (2.4%) | loss: 4.993210 | lrm: 1.00 | dt: 157ms | tok/sec: 837,517 | mfu: 20.2% | epoch: 1 | remaining: 293s    
step 00058 (2.5%) | loss: 4.978338 | lrm: 1.00 | dt: 156ms | tok/sec: 838,015 | mfu: 20.2% | epoch: 1 | remaining: 292s    
step 00059 (2.5%) | loss: 4.956074 | lrm: 1.00 | dt: 156ms | tok/sec: 837,959 | mfu: 20.2% | epoch: 1 | remaining: 292s    
step 00060 (2.6%) | loss: 4.935868 | lrm: 1.00 | dt: 156ms | tok/sec: 838,021 | mfu: 20.2% | epoch: 1 | remaining: 292s    
step 00061 (2.6%) | loss: 4.910841 | lrm: 1.00 | dt: 157ms | tok/sec: 837,423 | mfu: 20.2% | epoch: 1 | remaining: 292s    
step 00062 (2.7%) | loss: 4.891736 | lrm: 1.00 | dt: 156ms | tok/sec: 837,721 | mfu: 20.2% | epoch: 1 | remaining: 292s    
step 00063 (2.7%) | loss: 4.874757 | lrm: 1.00 | dt: 156ms | tok/sec: 838,136 | mfu: 20.3% | epoch: 1 | remaining: 292s    
step 00064 (2.8%) | loss: 4.857294 | lrm: 1.00 | dt: 156ms | tok/sec: 838,084 | mfu: 20.2% | epoch: 1 | remaining: 292s    
step 00065 (2.8%) | loss: 4.838941 | lrm: 1.00 | dt: 156ms | tok/sec: 837,915 | mfu: 20.2% | epoch: 1 | remaining: 291s    
step 00066 (2.9%) | loss: 4.817228 | lrm: 1.00 | dt: 156ms | tok/sec: 837,979 | mfu: 20.2% | epoch: 1 | remaining: 291s    
step 00067 (2.9%) | loss: 4.800928 | lrm: 1.00 | dt: 156ms | tok/sec: 837,896 | mfu: 20.2% | epoch: 1 | remaining: 291s    
step 00068 (3.0%) | loss: 4.782244 | lrm: 1.00 | dt: 156ms | tok/sec: 837,670 | mfu: 20.2% | epoch: 1 | remaining: 291s    
step 00069 (3.0%) | loss: 4.761418 | lrm: 1.00 | dt: 156ms | tok/sec: 838,037 | mfu: 20.2% | epoch: 1 | remaining: 291s    
step 00070 (3.1%) | loss: 4.744127 | lrm: 1.00 | dt: 156ms | tok/sec: 837,808 | mfu: 20.2% | epoch: 1 | remaining: 291s    
step 00071 (3.1%) | loss: 4.719969 | lrm: 1.00 | dt: 156ms | tok/sec: 837,804 | mfu: 20.2% | epoch: 1 | remaining: 290s    
step 00072 (3.2%) | loss: 4.703569 | lrm: 1.00 | dt: 156ms | tok/sec: 837,912 | mfu: 20.2% | epoch: 1 | remaining: 290s    
step 00073 (3.2%) | loss: 4.682591 | lrm: 1.00 | dt: 156ms | tok/sec: 837,555 | mfu: 20.2% | epoch: 1 | remaining: 290s    
step 00074 (3.3%) | loss: 4.666925 | lrm: 1.00 | dt: 156ms | tok/sec: 838,139 | mfu: 20.3% | epoch: 1 | remaining: 290s    
step 00075 (3.3%) | loss: 4.647968 | lrm: 1.00 | dt: 156ms | tok/sec: 837,762 | mfu: 20.2% | epoch: 1 | remaining: 290s    
step 00076 (3.4%) | loss: 4.627568 | lrm: 1.00 | dt: 156ms | tok/sec: 838,199 | mfu: 20.3% | epoch: 1 | remaining: 290s    
step 00077 (3.4%) | loss: 4.605005 | lrm: 1.00 | dt: 156ms | tok/sec: 837,744 | mfu: 20.2% | epoch: 1 | remaining: 290s    
step 00078 (3.5%) | loss: 4.583850 | lrm: 1.00 | dt: 157ms | tok/sec: 837,427 | mfu: 20.2% | epoch: 1 | remaining: 289s    
step 00079 (3.5%) | loss: 4.567218 | lrm: 1.00 | dt: 156ms | tok/sec: 837,899 | mfu: 20.2% | epoch: 1 | remaining: 289s    
step 00080 (3.6%) | loss: 4.549875 | lrm: 1.00 | dt: 156ms | tok/sec: 837,940 | mfu: 20.2% | epoch: 1 | remaining: 289s    
step 00081 (3.7%) | loss: 4.534114 | lrm: 1.00 | dt: 157ms | tok/sec: 837,506 | mfu: 20.2% | epoch: 1 | remaining: 289s    
step 00082 (3.7%) | loss: 4.513416 | lrm: 1.00 | dt: 156ms | tok/sec: 837,619 | mfu: 20.2% | epoch: 1 | remaining: 289s    
step 00083 (3.8%) | loss: 4.493931 | lrm: 1.00 | dt: 156ms | tok/sec: 837,661 | mfu: 20.2% | epoch: 1 | remaining: 289s    
step 00084 (3.8%) | loss: 4.475804 | lrm: 1.00 | dt: 157ms | tok/sec: 837,382 | mfu: 20.2% | epoch: 1 | remaining: 288s    
step 00085 (3.9%) | loss: 4.464478 | lrm: 1.00 | dt: 156ms | tok/sec: 837,781 | mfu: 20.2% | epoch: 1 | remaining: 288s    
step 00086 (3.9%) | loss: 4.445475 | lrm: 1.00 | dt: 156ms | tok/sec: 837,681 | mfu: 20.2% | epoch: 1 | remaining: 288s    
step 00087 (4.0%) | loss: 4.424608 | lrm: 1.00 | dt: 156ms | tok/sec: 837,538 | mfu: 20.2% | epoch: 1 | remaining: 288s    
step 00088 (4.0%) | loss: 4.410403 | lrm: 1.00 | dt: 156ms | tok/sec: 837,829 | mfu: 20.2% | epoch: 1 | remaining: 288s    
step 00089 (4.1%) | loss: 4.391749 | lrm: 1.00 | dt: 156ms | tok/sec: 837,716 | mfu: 20.2% | epoch: 1 | remaining: 288s    
step 00090 (4.1%) | loss: 4.373997 | lrm: 1.00 | dt: 156ms | tok/sec: 837,977 | mfu: 20.2% | epoch: 1 | remaining: 287s    
step 00091 (4.2%) | loss: 4.362603 | lrm: 1.00 | dt: 157ms | tok/sec: 837,455 | mfu: 20.2% | epoch: 1 | remaining: 287s    
step 00092 (4.2%) | loss: 4.346885 | lrm: 1.00 | dt: 156ms | tok/sec: 837,904 | mfu: 20.2% | epoch: 1 | remaining: 287s    
step 00093 (4.3%) | loss: 4.328778 | lrm: 1.00 | dt: 156ms | tok/sec: 837,832 | mfu: 20.2% | epoch: 1 | remaining: 287s    
step 00094 (4.3%) | loss: 4.313176 | lrm: 1.00 | dt: 156ms | tok/sec: 837,905 | mfu: 20.2% | epoch: 1 | remaining: 287s    
step 00095 (4.4%) | loss: 4.292932 | lrm: 1.00 | dt: 156ms | tok/sec: 837,534 | mfu: 20.2% | epoch: 1 | remaining: 287s    
step 00096 (4.4%) | loss: 4.277229 | lrm: 1.00 | dt: 156ms | tok/sec: 837,549 | mfu: 20.2% | epoch: 1 | remaining: 287s    
step 00097 (4.5%) | loss: 4.258902 | lrm: 1.00 | dt: 156ms | tok/sec: 838,018 | mfu: 20.2% | epoch: 1 | remaining: 286s    
step 00098 (4.5%) | loss: 4.238238 | lrm: 1.00 | dt: 156ms | tok/sec: 837,557 | mfu: 20.2% | epoch: 1 | remaining: 286s    
step 00099 (4.6%) | loss: 4.224083 | lrm: 1.00 | dt: 157ms | tok/sec: 837,319 | mfu: 20.2% | epoch: 1 | remaining: 286s    
step 00100 (4.6%) | loss: 4.216178 | lrm: 1.00 | dt: 157ms | tok/sec: 837,262 | mfu: 20.2% | epoch: 1 | remaining: 286s    
step 00101 (4.7%) | loss: 4.205676 | lrm: 1.00 | dt: 156ms | tok/sec: 837,548 | mfu: 20.2% | epoch: 1 | remaining: 286s    
step 00102 (4.7%) | loss: 4.191496 | lrm: 1.00 | dt: 156ms | tok/sec: 837,641 | mfu: 20.2% | epoch: 1 | remaining: 286s    
step 00103 (4.8%) | loss: 4.174712 | lrm: 1.00 | dt: 157ms | tok/sec: 837,415 | mfu: 20.2% | epoch: 1 | remaining: 285s    
step 00104 (4.8%) | loss: 4.162514 | lrm: 1.00 | dt: 157ms | tok/sec: 837,266 | mfu: 20.2% | epoch: 1 | remaining: 285s    
step 00105 (4.9%) | loss: 4.150301 | lrm: 1.00 | dt: 157ms | tok/sec: 837,413 | mfu: 20.2% | epoch: 1 | remaining: 285s    
step 00106 (5.0%) | loss: 4.138037 | lrm: 1.00 | dt: 156ms | tok/sec: 837,539 | mfu: 20.2% | epoch: 1 | remaining: 285s    
step 00107 (5.0%) | loss: 4.124293 | lrm: 1.00 | dt: 157ms | tok/sec: 837,368 | mfu: 20.2% | epoch: 1 | remaining: 285s    
step 00108 (5.1%) | loss: 4.106850 | lrm: 1.00 | dt: 157ms | tok/sec: 837,151 | mfu: 20.2% | epoch: 1 | remaining: 285s    
step 00109 (5.1%) | loss: 4.090957 | lrm: 1.00 | dt: 157ms | tok/sec: 837,469 | mfu: 20.2% | epoch: 1 | remaining: 285s    
step 00110 (5.2%) | loss: 4.078312 | lrm: 1.00 | dt: 157ms | tok/sec: 837,367 | mfu: 20.2% | epoch: 1 | remaining: 284s    
step 00111 (5.2%) | loss: 4.072987 | lrm: 1.00 | dt: 157ms | tok/sec: 837,498 | mfu: 20.2% | epoch: 1 | remaining: 284s    
step 00112 (5.3%) | loss: 4.066454 | lrm: 1.00 | dt: 157ms | tok/sec: 837,423 | mfu: 20.2% | epoch: 1 | remaining: 284s    
step 00113 (5.3%) | loss: 4.058248 | lrm: 1.00 | dt: 157ms | tok/sec: 837,390 | mfu: 20.2% | epoch: 1 | remaining: 284s    
step 00114 (5.4%) | loss: 4.044785 | lrm: 1.00 | dt: 157ms | tok/sec: 837,161 | mfu: 20.2% | epoch: 1 | remaining: 284s    
step 00115 (5.4%) | loss: 4.036108 | lrm: 1.00 | dt: 157ms | tok/sec: 837,091 | mfu: 20.2% | epoch: 1 | remaining: 284s    
step 00116 (5.5%) | loss: 4.029757 | lrm: 1.00 | dt: 157ms | tok/sec: 837,333 | mfu: 20.2% | epoch: 1 | remaining: 283s    
step 00117 (5.5%) | loss: 4.016965 | lrm: 1.00 | dt: 157ms | tok/sec: 836,971 | mfu: 20.2% | epoch: 1 | remaining: 283s    
step 00118 (5.6%) | loss: 4.007375 | lrm: 1.00 | dt: 157ms | tok/sec: 836,887 | mfu: 20.2% | epoch: 1 | remaining: 283s    
step 00119 (5.6%) | loss: 3.998562 | lrm: 1.00 | dt: 157ms | tok/sec: 837,290 | mfu: 20.2% | epoch: 1 | remaining: 283s    
step 00120 (5.7%) | loss: 3.993793 | lrm: 1.00 | dt: 157ms | tok/sec: 836,759 | mfu: 20.2% | epoch: 1 | remaining: 283s    
step 00121 (5.7%) | loss: 3.981452 | lrm: 1.00 | dt: 157ms | tok/sec: 836,661 | mfu: 20.2% | epoch: 1 | remaining: 283s    
step 00122 (5.8%) | loss: 3.971168 | lrm: 1.00 | dt: 157ms | tok/sec: 836,463 | mfu: 20.2% | epoch: 1 | remaining: 282s    
step 00123 (5.8%) | loss: 3.959830 | lrm: 1.00 | dt: 157ms | tok/sec: 836,471 | mfu: 20.2% | epoch: 1 | remaining: 282s    
step 00124 (5.9%) | loss: 3.950375 | lrm: 1.00 | dt: 157ms | tok/sec: 836,485 | mfu: 20.2% | epoch: 1 | remaining: 282s    
step 00125 (5.9%) | loss: 3.940555 | lrm: 1.00 | dt: 157ms | tok/sec: 836,607 | mfu: 20.2% | epoch: 1 | remaining: 282s    
step 00126 (6.0%) | loss: 3.929570 | lrm: 1.00 | dt: 157ms | tok/sec: 836,419 | mfu: 20.2% | epoch: 1 | remaining: 282s    
step 00127 (6.1%) | loss: 3.925881 | lrm: 1.00 | dt: 157ms | tok/sec: 836,078 | mfu: 20.2% | epoch: 1 | remaining: 282s    
step 00128 (6.1%) | loss: 3.922423 | lrm: 1.00 | dt: 157ms | tok/sec: 836,349 | mfu: 20.2% | epoch: 1 | remaining: 282s    
step 00129 (6.2%) | loss: 3.910579 | lrm: 1.00 | dt: 157ms | tok/sec: 836,177 | mfu: 20.2% | epoch: 1 | remaining: 281s    
step 00130 (6.2%) | loss: 3.900444 | lrm: 1.00 | dt: 157ms | tok/sec: 836,215 | mfu: 20.2% | epoch: 1 | remaining: 281s    
step 00131 (6.3%) | loss: 3.888082 | lrm: 1.00 | dt: 157ms | tok/sec: 836,021 | mfu: 20.2% | epoch: 1 | remaining: 281s    
step 00132 (6.3%) | loss: 3.883884 | lrm: 1.00 | dt: 157ms | tok/sec: 835,913 | mfu: 20.2% | epoch: 1 | remaining: 281s    
step 00133 (6.4%) | loss: 3.880772 | lrm: 1.00 | dt: 157ms | tok/sec: 835,739 | mfu: 20.2% | epoch: 1 | remaining: 281s    
step 00134 (6.4%) | loss: 3.870137 | lrm: 1.00 | dt: 157ms | tok/sec: 835,924 | mfu: 20.2% | epoch: 1 | remaining: 281s    
step 00135 (6.5%) | loss: 3.867603 | lrm: 1.00 | dt: 157ms | tok/sec: 835,878 | mfu: 20.2% | epoch: 1 | remaining: 280s    
step 00136 (6.5%) | loss: 3.860409 | lrm: 1.00 | dt: 157ms | tok/sec: 835,788 | mfu: 20.2% | epoch: 1 | remaining: 280s    
step 00137 (6.6%) | loss: 3.853078 | lrm: 1.00 | dt: 157ms | tok/sec: 836,126 | mfu: 20.2% | epoch: 1 | remaining: 280s    
step 00138 (6.6%) | loss: 3.842163 | lrm: 1.00 | dt: 157ms | tok/sec: 835,925 | mfu: 20.2% | epoch: 1 | remaining: 280s    
step 00139 (6.7%) | loss: 3.835443 | lrm: 1.00 | dt: 157ms | tok/sec: 835,902 | mfu: 20.2% | epoch: 1 | remaining: 280s    
step 00140 (6.7%) | loss: 3.824559 | lrm: 1.00 | dt: 157ms | tok/sec: 835,881 | mfu: 20.2% | epoch: 1 | remaining: 280s    
step 00141 (6.8%) | loss: 3.819781 | lrm: 1.00 | dt: 157ms | tok/sec: 836,080 | mfu: 20.2% | epoch: 1 | remaining: 279s    
step 00142 (6.8%) | loss: 3.815766 | lrm: 1.00 | dt: 157ms | tok/sec: 836,359 | mfu: 20.2% | epoch: 1 | remaining: 279s    
step 00143 (6.9%) | loss: 3.810790 | lrm: 1.00 | dt: 157ms | tok/sec: 836,290 | mfu: 20.2% | epoch: 1 | remaining: 279s    
step 00144 (6.9%) | loss: 3.806866 | lrm: 1.00 | dt: 157ms | tok/sec: 835,963 | mfu: 20.2% | epoch: 1 | remaining: 279s    
step 00145 (7.0%) | loss: 3.806209 | lrm: 1.00 | dt: 157ms | tok/sec: 836,265 | mfu: 20.2% | epoch: 1 | remaining: 279s    
step 00146 (7.0%) | loss: 3.804282 | lrm: 1.00 | dt: 157ms | tok/sec: 836,017 | mfu: 20.2% | epoch: 1 | remaining: 279s    
step 00147 (7.1%) | loss: 3.793766 | lrm: 1.00 | dt: 157ms | tok/sec: 836,033 | mfu: 20.2% | epoch: 1 | remaining: 279s    
step 00148 (7.1%) | loss: 3.794333 | lrm: 1.00 | dt: 157ms | tok/sec: 835,798 | mfu: 20.2% | epoch: 1 | remaining: 278s    
step 00149 (7.2%) | loss: 3.789341 | lrm: 1.00 | dt: 157ms | tok/sec: 835,894 | mfu: 20.2% | epoch: 1 | remaining: 278s    
step 00150 (7.3%) | loss: 3.784177 | lrm: 1.00 | dt: 157ms | tok/sec: 835,890 | mfu: 20.2% | epoch: 1 | remaining: 278s    
step 00151 (7.3%) | loss: 3.780203 | lrm: 1.00 | dt: 157ms | tok/sec: 835,888 | mfu: 20.2% | epoch: 1 | remaining: 278s    
step 00152 (7.4%) | loss: 3.773327 | lrm: 1.00 | dt: 157ms | tok/sec: 836,069 | mfu: 20.2% | epoch: 1 | remaining: 278s    
step 00153 (7.4%) | loss: 3.769207 | lrm: 1.00 | dt: 157ms | tok/sec: 835,794 | mfu: 20.2% | epoch: 1 | remaining: 278s    
step 00154 (7.5%) | loss: 3.765192 | lrm: 1.00 | dt: 157ms | tok/sec: 836,113 | mfu: 20.2% | epoch: 1 | remaining: 277s    
step 00155 (7.5%) | loss: 3.763052 | lrm: 1.00 | dt: 157ms | tok/sec: 836,055 | mfu: 20.2% | epoch: 1 | remaining: 277s    
step 00156 (7.6%) | loss: 3.760638 | lrm: 1.00 | dt: 157ms | tok/sec: 835,962 | mfu: 20.2% | epoch: 1 | remaining: 277s    
step 00157 (7.6%) | loss: 3.764085 | lrm: 1.00 | dt: 157ms | tok/sec: 836,073 | mfu: 20.2% | epoch: 1 | remaining: 277s    
step 00158 (7.7%) | loss: 3.761678 | lrm: 1.00 | dt: 157ms | tok/sec: 836,023 | mfu: 20.2% | epoch: 1 | remaining: 277s    
step 00159 (7.7%) | loss: 3.759867 | lrm: 1.00 | dt: 157ms | tok/sec: 836,197 | mfu: 20.2% | epoch: 1 | remaining: 277s    
step 00160 (7.8%) | loss: 3.750068 | lrm: 1.00 | dt: 157ms | tok/sec: 835,806 | mfu: 20.2% | epoch: 1 | remaining: 277s    
step 00161 (7.8%) | loss: 3.742258 | lrm: 1.00 | dt: 157ms | tok/sec: 835,670 | mfu: 20.2% | epoch: 1 | remaining: 276s    
step 00162 (7.9%) | loss: 3.731955 | lrm: 1.00 | dt: 157ms | tok/sec: 835,777 | mfu: 20.2% | epoch: 1 | remaining: 276s    
step 00163 (7.9%) | loss: 3.729088 | lrm: 1.00 | dt: 157ms | tok/sec: 835,957 | mfu: 20.2% | epoch: 1 | remaining: 276s    
step 00164 (8.0%) | loss: 3.721245 | lrm: 1.00 | dt: 157ms | tok/sec: 835,675 | mfu: 20.2% | epoch: 1 | remaining: 276s    
step 00165 (8.0%) | loss: 3.712774 | lrm: 1.00 | dt: 157ms | tok/sec: 836,369 | mfu: 20.2% | epoch: 1 | remaining: 276s    
step 00166 (8.1%) | loss: 3.705983 | lrm: 1.00 | dt: 157ms | tok/sec: 836,096 | mfu: 20.2% | epoch: 1 | remaining: 276s    
step 00167 (8.1%) | loss: 3.704215 | lrm: 1.00 | dt: 157ms | tok/sec: 835,937 | mfu: 20.2% | epoch: 1 | remaining: 275s    
step 00168 (8.2%) | loss: 3.710208 | lrm: 1.00 | dt: 157ms | tok/sec: 836,381 | mfu: 20.2% | epoch: 1 | remaining: 275s    
step 00169 (8.2%) | loss: 3.701738 | lrm: 1.00 | dt: 157ms | tok/sec: 835,766 | mfu: 20.2% | epoch: 1 | remaining: 275s    
step 00170 (8.3%) | loss: 3.698147 | lrm: 1.00 | dt: 157ms | tok/sec: 835,965 | mfu: 20.2% | epoch: 1 | remaining: 275s    
step 00171 (8.3%) | loss: 3.697858 | lrm: 1.00 | dt: 157ms | tok/sec: 835,558 | mfu: 20.2% | epoch: 1 | remaining: 275s    
step 00172 (8.4%) | loss: 3.692128 | lrm: 1.00 | dt: 157ms | tok/sec: 835,821 | mfu: 20.2% | epoch: 1 | remaining: 275s    
step 00173 (8.5%) | loss: 3.691754 | lrm: 1.00 | dt: 157ms | tok/sec: 836,036 | mfu: 20.2% | epoch: 1 | remaining: 274s    
step 00174 (8.5%) | loss: 3.683034 | lrm: 1.00 | dt: 157ms | tok/sec: 835,463 | mfu: 20.2% | epoch: 1 | remaining: 274s    
step 00175 (8.6%) | loss: 3.685691 | lrm: 1.00 | dt: 157ms | tok/sec: 836,045 | mfu: 20.2% | epoch: 1 | remaining: 274s    
step 00176 (8.6%) | loss: 3.686100 | lrm: 1.00 | dt: 157ms | tok/sec: 835,836 | mfu: 20.2% | epoch: 1 | remaining: 274s    
step 00177 (8.7%) | loss: 3.669497 | lrm: 1.00 | dt: 157ms | tok/sec: 835,843 | mfu: 20.2% | epoch: 1 | remaining: 274s    
step 00178 (8.7%) | loss: 3.670670 | lrm: 1.00 | dt: 157ms | tok/sec: 835,930 | mfu: 20.2% | epoch: 1 | remaining: 274s    
step 00179 (8.8%) | loss: 3.666909 | lrm: 1.00 | dt: 157ms | tok/sec: 836,091 | mfu: 20.2% | epoch: 1 | remaining: 274s    
step 00180 (8.8%) | loss: 3.661364 | lrm: 1.00 | dt: 157ms | tok/sec: 836,233 | mfu: 20.2% | epoch: 1 | remaining: 273s    
step 00181 (8.9%) | loss: 3.659355 | lrm: 1.00 | dt: 157ms | tok/sec: 835,808 | mfu: 20.2% | epoch: 1 | remaining: 273s    
step 00182 (8.9%) | loss: 3.655292 | lrm: 1.00 | dt: 157ms | tok/sec: 835,909 | mfu: 20.2% | epoch: 1 | remaining: 273s    
step 00183 (9.0%) | loss: 3.660247 | lrm: 1.00 | dt: 157ms | tok/sec: 835,770 | mfu: 20.2% | epoch: 1 | remaining: 273s    
step 00184 (9.0%) | loss: 3.652632 | lrm: 1.00 | dt: 157ms | tok/sec: 836,084 | mfu: 20.2% | epoch: 1 | remaining: 273s    
step 00185 (9.1%) | loss: 3.646796 | lrm: 1.00 | dt: 157ms | tok/sec: 835,788 | mfu: 20.2% | epoch: 1 | remaining: 273s    
step 00186 (9.1%) | loss: 3.648640 | lrm: 1.00 | dt: 157ms | tok/sec: 836,014 | mfu: 20.2% | epoch: 1 | remaining: 272s    
step 00187 (9.2%) | loss: 3.644943 | lrm: 1.00 | dt: 157ms | tok/sec: 836,138 | mfu: 20.2% | epoch: 1 | remaining: 272s    
step 00188 (9.2%) | loss: 3.636326 | lrm: 1.00 | dt: 157ms | tok/sec: 836,121 | mfu: 20.2% | epoch: 1 | remaining: 272s    
step 00189 (9.3%) | loss: 3.634704 | lrm: 1.00 | dt: 157ms | tok/sec: 836,154 | mfu: 20.2% | epoch: 1 | remaining: 272s    
step 00190 (9.3%) | loss: 3.622879 | lrm: 1.00 | dt: 157ms | tok/sec: 836,143 | mfu: 20.2% | epoch: 1 | remaining: 272s    
step 00191 (9.4%) | loss: 3.612765 | lrm: 1.00 | dt: 157ms | tok/sec: 836,147 | mfu: 20.2% | epoch: 1 | remaining: 272s    
step 00192 (9.4%) | loss: 3.611561 | lrm: 1.00 | dt: 157ms | tok/sec: 836,072 | mfu: 20.2% | epoch: 1 | remaining: 272s    
step 00193 (9.5%) | loss: 3.605393 | lrm: 1.00 | dt: 157ms | tok/sec: 836,129 | mfu: 20.2% | epoch: 1 | remaining: 271s    
step 00194 (9.6%) | loss: 3.606970 | lrm: 1.00 | dt: 157ms | tok/sec: 836,150 | mfu: 20.2% | epoch: 1 | remaining: 271s    
step 00195 (9.6%) | loss: 3.612968 | lrm: 1.00 | dt: 157ms | tok/sec: 835,901 | mfu: 20.2% | epoch: 1 | remaining: 271s    
step 00196 (9.7%) | loss: 3.615411 | lrm: 1.00 | dt: 157ms | tok/sec: 836,009 | mfu: 20.2% | epoch: 1 | remaining: 271s    
step 00197 (9.7%) | loss: 3.612911 | lrm: 1.00 | dt: 157ms | tok/sec: 836,045 | mfu: 20.2% | epoch: 1 | remaining: 271s    
step 00198 (9.8%) | loss: 3.614552 | lrm: 1.00 | dt: 157ms | tok/sec: 836,284 | mfu: 20.2% | epoch: 1 | remaining: 271s    
step 00199 (9.8%) | loss: 3.606877 | lrm: 1.00 | dt: 157ms | tok/sec: 835,894 | mfu: 20.2% | epoch: 1 | remaining: 270s    
step 00200 (9.9%) | loss: 3.602355 | lrm: 1.00 | dt: 157ms | tok/sec: 835,848 | mfu: 20.2% | epoch: 1 | remaining: 270s    
step 00201 (9.9%) | loss: 3.600834 | lrm: 1.00 | dt: 157ms | tok/sec: 834,476 | mfu: 20.2% | epoch: 1 | remaining: 270s    
step 00202 (10.0%) | loss: 3.594025 | lrm: 1.00 | dt: 157ms | tok/sec: 835,887 | mfu: 20.2% | epoch: 1 | remaining: 270s    
step 00203 (10.0%) | loss: 3.593486 | lrm: 1.00 | dt: 157ms | tok/sec: 836,017 | mfu: 20.2% | epoch: 1 | remaining: 270s    
step 00204 (10.1%) | loss: 3.587125 | lrm: 1.00 | dt: 157ms | tok/sec: 836,082 | mfu: 20.2% | epoch: 1 | remaining: 270s    
step 00205 (10.1%) | loss: 3.586980 | lrm: 1.00 | dt: 157ms | tok/sec: 836,080 | mfu: 20.2% | epoch: 1 | remaining: 269s    
step 00206 (10.2%) | loss: 3.585052 | lrm: 1.00 | dt: 157ms | tok/sec: 836,158 | mfu: 20.2% | epoch: 1 | remaining: 269s    
step 00207 (10.2%) | loss: 3.585268 | lrm: 1.00 | dt: 157ms | tok/sec: 835,572 | mfu: 20.2% | epoch: 1 | remaining: 269s    
step 00208 (10.3%) | loss: 3.583013 | lrm: 1.00 | dt: 157ms | tok/sec: 835,721 | mfu: 20.2% | epoch: 1 | remaining: 269s    
step 00209 (10.3%) | loss: 3.578998 | lrm: 1.00 | dt: 157ms | tok/sec: 836,239 | mfu: 20.2% | epoch: 1 | remaining: 269s    
step 00210 (10.4%) | loss: 3.572522 | lrm: 1.00 | dt: 157ms | tok/sec: 836,270 | mfu: 20.2% | epoch: 1 | remaining: 269s    
step 00211 (10.4%) | loss: 3.573354 | lrm: 1.00 | dt: 157ms | tok/sec: 836,312 | mfu: 20.2% | epoch: 1 | remaining: 269s    
step 00212 (10.5%) | loss: 3.570555 | lrm: 1.00 | dt: 157ms | tok/sec: 836,260 | mfu: 20.2% | epoch: 1 | remaining: 268s    
step 00213 (10.5%) | loss: 3.570063 | lrm: 1.00 | dt: 157ms | tok/sec: 836,164 | mfu: 20.2% | epoch: 1 | remaining: 268s    
step 00214 (10.6%) | loss: 3.570968 | lrm: 1.00 | dt: 157ms | tok/sec: 836,350 | mfu: 20.2% | epoch: 1 | remaining: 268s    
step 00215 (10.6%) | loss: 3.571218 | lrm: 1.00 | dt: 157ms | tok/sec: 836,052 | mfu: 20.2% | epoch: 1 | remaining: 268s    
step 00216 (10.7%) | loss: 3.569935 | lrm: 1.00 | dt: 157ms | tok/sec: 836,017 | mfu: 20.2% | epoch: 1 | remaining: 268s    
step 00217 (10.8%) | loss: 3.573929 | lrm: 1.00 | dt: 157ms | tok/sec: 836,166 | mfu: 20.2% | epoch: 1 | remaining: 268s    
step 00218 (10.8%) | loss: 3.571206 | lrm: 1.00 | dt: 157ms | tok/sec: 835,990 | mfu: 20.2% | epoch: 1 | remaining: 267s    
step 00219 (10.9%) | loss: 3.575626 | lrm: 1.00 | dt: 157ms | tok/sec: 836,083 | mfu: 20.2% | epoch: 1 | remaining: 267s    
step 00220 (10.9%) | loss: 3.578957 | lrm: 1.00 | dt: 157ms | tok/sec: 836,041 | mfu: 20.2% | epoch: 1 | remaining: 267s    
step 00221 (11.0%) | loss: 3.578002 | lrm: 1.00 | dt: 157ms | tok/sec: 835,958 | mfu: 20.2% | epoch: 1 | remaining: 267s    
step 00222 (11.0%) | loss: 3.577451 | lrm: 1.00 | dt: 157ms | tok/sec: 836,155 | mfu: 20.2% | epoch: 1 | remaining: 267s    
step 00223 (11.1%) | loss: 3.571293 | lrm: 1.00 | dt: 157ms | tok/sec: 836,084 | mfu: 20.2% | epoch: 1 | remaining: 267s    
step 00224 (11.1%) | loss: 3.571373 | lrm: 1.00 | dt: 157ms | tok/sec: 836,032 | mfu: 20.2% | epoch: 1 | remaining: 266s    
step 00225 (11.2%) | loss: 3.561702 | lrm: 1.00 | dt: 157ms | tok/sec: 836,058 | mfu: 20.2% | epoch: 1 | remaining: 266s    
step 00226 (11.2%) | loss: 3.565209 | lrm: 1.00 | dt: 157ms | tok/sec: 836,246 | mfu: 20.2% | epoch: 1 | remaining: 266s    
step 00227 (11.3%) | loss: 3.566662 | lrm: 1.00 | dt: 157ms | tok/sec: 836,136 | mfu: 20.2% | epoch: 1 | remaining: 266s    
step 00228 (11.3%) | loss: 3.561786 | lrm: 1.00 | dt: 157ms | tok/sec: 836,075 | mfu: 20.2% | epoch: 1 | remaining: 266s    
step 00229 (11.4%) | loss: 3.560800 | lrm: 1.00 | dt: 157ms | tok/sec: 836,166 | mfu: 20.2% | epoch: 1 | remaining: 266s    
step 00230 (11.4%) | loss: 3.560013 | lrm: 1.00 | dt: 157ms | tok/sec: 836,108 | mfu: 20.2% | epoch: 1 | remaining: 266s    
step 00231 (11.5%) | loss: 3.556910 | lrm: 1.00 | dt: 157ms | tok/sec: 836,276 | mfu: 20.2% | epoch: 1 | remaining: 265s    
step 00232 (11.5%) | loss: 3.553960 | lrm: 1.00 | dt: 157ms | tok/sec: 836,281 | mfu: 20.2% | epoch: 1 | remaining: 265s    
step 00233 (11.6%) | loss: 3.548480 | lrm: 1.00 | dt: 157ms | tok/sec: 836,083 | mfu: 20.2% | epoch: 1 | remaining: 265s    
step 00234 (11.6%) | loss: 3.545775 | lrm: 1.00 | dt: 157ms | tok/sec: 836,350 | mfu: 20.2% | epoch: 1 | remaining: 265s    
step 00235 (11.7%) | loss: 3.541440 | lrm: 1.00 | dt: 157ms | tok/sec: 836,502 | mfu: 20.2% | epoch: 1 | remaining: 265s    
step 00236 (11.7%) | loss: 3.541179 | lrm: 1.00 | dt: 157ms | tok/sec: 836,293 | mfu: 20.2% | epoch: 1 | remaining: 265s    
step 00237 (11.8%) | loss: 3.541409 | lrm: 1.00 | dt: 157ms | tok/sec: 836,316 | mfu: 20.2% | epoch: 1 | remaining: 264s    
step 00238 (11.9%) | loss: 3.543687 | lrm: 1.00 | dt: 157ms | tok/sec: 835,960 | mfu: 20.2% | epoch: 1 | remaining: 264s    
step 00239 (11.9%) | loss: 3.544523 | lrm: 1.00 | dt: 157ms | tok/sec: 835,679 | mfu: 20.2% | epoch: 1 | remaining: 264s    
step 00240 (12.0%) | loss: 3.539942 | lrm: 1.00 | dt: 157ms | tok/sec: 835,703 | mfu: 20.2% | epoch: 1 | remaining: 264s    
step 00241 (12.0%) | loss: 3.537222 | lrm: 1.00 | dt: 157ms | tok/sec: 835,006 | mfu: 20.2% | epoch: 1 | remaining: 264s    
step 00242 (12.1%) | loss: 3.536256 | lrm: 1.00 | dt: 157ms | tok/sec: 835,369 | mfu: 20.2% | epoch: 1 | remaining: 264s    
step 00243 (12.1%) | loss: 3.534947 | lrm: 1.00 | dt: 157ms | tok/sec: 835,891 | mfu: 20.2% | epoch: 1 | remaining: 264s    
step 00244 (12.2%) | loss: 3.530325 | lrm: 1.00 | dt: 157ms | tok/sec: 836,378 | mfu: 20.2% | epoch: 1 | remaining: 263s    
step 00245 (12.2%) | loss: 3.532053 | lrm: 1.00 | dt: 157ms | tok/sec: 835,789 | mfu: 20.2% | epoch: 1 | remaining: 263s    
step 00246 (12.3%) | loss: 3.533530 | lrm: 1.00 | dt: 157ms | tok/sec: 836,203 | mfu: 20.2% | epoch: 1 | remaining: 263s    
step 00247 (12.3%) | loss: 3.525750 | lrm: 1.00 | dt: 157ms | tok/sec: 835,965 | mfu: 20.2% | epoch: 1 | remaining: 263s    
step 00248 (12.4%) | loss: 3.527941 | lrm: 1.00 | dt: 157ms | tok/sec: 835,845 | mfu: 20.2% | epoch: 1 | remaining: 263s    
step 00249 (12.4%) | loss: 3.529190 | lrm: 1.00 | dt: 157ms | tok/sec: 836,079 | mfu: 20.2% | epoch: 1 | remaining: 263s    
step 00250 (12.5%) | loss: 3.526764 | lrm: 1.00 | dt: 157ms | tok/sec: 836,046 | mfu: 20.2% | epoch: 1 | remaining: 262s    
step 00251 (12.5%) | loss: 3.530159 | lrm: 1.00 | dt: 157ms | tok/sec: 836,225 | mfu: 20.2% | epoch: 1 | remaining: 262s    
step 00252 (12.6%) | loss: 3.523877 | lrm: 1.00 | dt: 157ms | tok/sec: 836,400 | mfu: 20.2% | epoch: 1 | remaining: 262s    
step 00253 (12.6%) | loss: 3.523646 | lrm: 1.00 | dt: 157ms | tok/sec: 836,126 | mfu: 20.2% | epoch: 1 | remaining: 262s    
step 00254 (12.7%) | loss: 3.519905 | lrm: 1.00 | dt: 157ms | tok/sec: 836,115 | mfu: 20.2% | epoch: 1 | remaining: 262s    
step 00255 (12.7%) | loss: 3.524321 | lrm: 1.00 | dt: 157ms | tok/sec: 836,303 | mfu: 20.2% | epoch: 1 | remaining: 262s    
step 00256 (12.8%) | loss: 3.520299 | lrm: 1.00 | dt: 157ms | tok/sec: 836,124 | mfu: 20.2% | epoch: 1 | remaining: 261s    
step 00257 (12.8%) | loss: 3.513355 | lrm: 1.00 | dt: 157ms | tok/sec: 835,955 | mfu: 20.2% | epoch: 1 | remaining: 261s    
step 00258 (12.9%) | loss: 3.506162 | lrm: 1.00 | dt: 157ms | tok/sec: 836,077 | mfu: 20.2% | epoch: 1 | remaining: 261s    
step 00259 (12.9%) | loss: 3.513114 | lrm: 1.00 | dt: 157ms | tok/sec: 836,219 | mfu: 20.2% | epoch: 1 | remaining: 261s    
step 00260 (13.0%) | loss: 3.512182 | lrm: 1.00 | dt: 157ms | tok/sec: 835,981 | mfu: 20.2% | epoch: 1 | remaining: 261s    
step 00261 (13.1%) | loss: 3.507714 | lrm: 1.00 | dt: 157ms | tok/sec: 835,645 | mfu: 20.2% | epoch: 1 | remaining: 261s    
step 00262 (13.1%) | loss: 3.504498 | lrm: 1.00 | dt: 157ms | tok/sec: 835,732 | mfu: 20.2% | epoch: 1 | remaining: 261s    
step 00263 (13.2%) | loss: 3.494629 | lrm: 1.00 | dt: 157ms | tok/sec: 835,932 | mfu: 20.2% | epoch: 1 | remaining: 260s    
step 00264 (13.2%) | loss: 3.495376 | lrm: 1.00 | dt: 157ms | tok/sec: 835,888 | mfu: 20.2% | epoch: 1 | remaining: 260s    
step 00265 (13.3%) | loss: 3.497305 | lrm: 1.00 | dt: 157ms | tok/sec: 836,061 | mfu: 20.2% | epoch: 1 | remaining: 260s    
step 00266 (13.3%) | loss: 3.502554 | lrm: 1.00 | dt: 157ms | tok/sec: 836,392 | mfu: 20.2% | epoch: 1 | remaining: 260s    
step 00267 (13.4%) | loss: 3.497944 | lrm: 1.00 | dt: 157ms | tok/sec: 835,878 | mfu: 20.2% | epoch: 1 | remaining: 260s    
step 00268 (13.4%) | loss: 3.505254 | lrm: 1.00 | dt: 157ms | tok/sec: 836,242 | mfu: 20.2% | epoch: 1 | remaining: 260s    
step 00269 (13.5%) | loss: 3.502429 | lrm: 1.00 | dt: 157ms | tok/sec: 836,082 | mfu: 20.2% | epoch: 1 | remaining: 259s    
step 00270 (13.5%) | loss: 3.500095 | lrm: 1.00 | dt: 157ms | tok/sec: 835,554 | mfu: 20.2% | epoch: 1 | remaining: 259s    
step 00271 (13.6%) | loss: 3.502192 | lrm: 1.00 | dt: 157ms | tok/sec: 835,834 | mfu: 20.2% | epoch: 1 | remaining: 259s    
step 00272 (13.6%) | loss: 3.500020 | lrm: 1.00 | dt: 157ms | tok/sec: 836,313 | mfu: 20.2% | epoch: 1 | remaining: 259s    
step 00273 (13.7%) | loss: 3.502245 | lrm: 1.00 | dt: 157ms | tok/sec: 836,135 | mfu: 20.2% | epoch: 1 | remaining: 259s    
step 00274 (13.7%) | loss: 3.504440 | lrm: 1.00 | dt: 157ms | tok/sec: 835,998 | mfu: 20.2% | epoch: 1 | remaining: 259s    
step 00275 (13.8%) | loss: 3.503039 | lrm: 1.00 | dt: 157ms | tok/sec: 836,069 | mfu: 20.2% | epoch: 1 | remaining: 258s    
step 00276 (13.8%) | loss: 3.504623 | lrm: 1.00 | dt: 157ms | tok/sec: 835,787 | mfu: 20.2% | epoch: 1 | remaining: 258s    
step 00277 (13.9%) | loss: 3.503917 | lrm: 1.00 | dt: 157ms | tok/sec: 835,900 | mfu: 20.2% | epoch: 1 | remaining: 258s    
step 00278 (13.9%) | loss: 3.500849 | lrm: 1.00 | dt: 157ms | tok/sec: 836,178 | mfu: 20.2% | epoch: 1 | remaining: 258s    
step 00279 (14.0%) | loss: 3.506219 | lrm: 1.00 | dt: 157ms | tok/sec: 836,400 | mfu: 20.2% | epoch: 1 | remaining: 258s    
step 00280 (14.0%) | loss: 3.503561 | lrm: 1.00 | dt: 157ms | tok/sec: 835,688 | mfu: 20.2% | epoch: 1 | remaining: 258s    
step 00281 (14.1%) | loss: 3.499115 | lrm: 1.00 | dt: 157ms | tok/sec: 834,524 | mfu: 20.2% | epoch: 1 | remaining: 258s    
step 00282 (14.2%) | loss: 3.496726 | lrm: 1.00 | dt: 157ms | tok/sec: 835,584 | mfu: 20.2% | epoch: 1 | remaining: 257s    
step 00283 (14.2%) | loss: 3.494029 | lrm: 1.00 | dt: 157ms | tok/sec: 836,153 | mfu: 20.2% | epoch: 1 | remaining: 257s    
step 00284 (14.3%) | loss: 3.485782 | lrm: 1.00 | dt: 157ms | tok/sec: 836,155 | mfu: 20.2% | epoch: 1 | remaining: 257s    
step 00285 (14.3%) | loss: 3.486364 | lrm: 1.00 | dt: 157ms | tok/sec: 836,044 | mfu: 20.2% | epoch: 1 | remaining: 257s    
step 00286 (14.4%) | loss: 3.497477 | lrm: 1.00 | dt: 157ms | tok/sec: 836,139 | mfu: 20.2% | epoch: 1 | remaining: 257s    
step 00287 (14.4%) | loss: 3.493953 | lrm: 1.00 | dt: 157ms | tok/sec: 836,083 | mfu: 20.2% | epoch: 1 | remaining: 257s    
step 00288 (14.5%) | loss: 3.480067 | lrm: 1.00 | dt: 157ms | tok/sec: 836,064 | mfu: 20.2% | epoch: 1 | remaining: 256s    
step 00289 (14.5%) | loss: 3.476558 | lrm: 1.00 | dt: 157ms | tok/sec: 835,916 | mfu: 20.2% | epoch: 1 | remaining: 256s    
step 00290 (14.6%) | loss: 3.473150 | lrm: 1.00 | dt: 157ms | tok/sec: 836,066 | mfu: 20.2% | epoch: 1 | remaining: 256s    
step 00291 (14.6%) | loss: 3.472553 | lrm: 1.00 | dt: 157ms | tok/sec: 836,072 | mfu: 20.2% | epoch: 1 | remaining: 256s    
step 00292 (14.7%) | loss: 3.478347 | lrm: 1.00 | dt: 157ms | tok/sec: 835,782 | mfu: 20.2% | epoch: 1 | remaining: 256s    
step 00293 (14.7%) | loss: 3.481815 | lrm: 1.00 | dt: 157ms | tok/sec: 835,878 | mfu: 20.2% | epoch: 1 | remaining: 256s    
step 00294 (14.8%) | loss: 3.471519 | lrm: 1.00 | dt: 157ms | tok/sec: 835,692 | mfu: 20.2% | epoch: 1 | remaining: 256s    
step 00295 (14.8%) | loss: 3.469094 | lrm: 1.00 | dt: 157ms | tok/sec: 836,055 | mfu: 20.2% | epoch: 1 | remaining: 255s    
step 00296 (14.9%) | loss: 3.470285 | lrm: 1.00 | dt: 157ms | tok/sec: 836,218 | mfu: 20.2% | epoch: 1 | remaining: 255s    
step 00297 (14.9%) | loss: 3.473071 | lrm: 1.00 | dt: 157ms | tok/sec: 836,080 | mfu: 20.2% | epoch: 1 | remaining: 255s    
step 00298 (15.0%) | loss: 3.466931 | lrm: 1.00 | dt: 157ms | tok/sec: 835,808 | mfu: 20.2% | epoch: 1 | remaining: 255s    
step 00299 (15.0%) | loss: 3.465503 | lrm: 1.00 | dt: 157ms | tok/sec: 835,787 | mfu: 20.2% | epoch: 1 | remaining: 255s    
step 00300 (15.1%) | loss: 3.463696 | lrm: 1.00 | dt: 157ms | tok/sec: 835,782 | mfu: 20.2% | epoch: 1 | remaining: 255s    
step 00301 (15.1%) | loss: 3.464383 | lrm: 1.00 | dt: 157ms | tok/sec: 835,796 | mfu: 20.2% | epoch: 1 | remaining: 254s    
step 00302 (15.2%) | loss: 3.466397 | lrm: 1.00 | dt: 157ms | tok/sec: 836,026 | mfu: 20.2% | epoch: 1 | remaining: 254s    
step 00303 (15.2%) | loss: 3.466408 | lrm: 1.00 | dt: 157ms | tok/sec: 835,871 | mfu: 20.2% | epoch: 1 | remaining: 254s    
step 00304 (15.3%) | loss: 3.467812 | lrm: 1.00 | dt: 157ms | tok/sec: 836,056 | mfu: 20.2% | epoch: 1 | remaining: 254s    
step 00305 (15.4%) | loss: 3.463411 | lrm: 1.00 | dt: 157ms | tok/sec: 835,822 | mfu: 20.2% | epoch: 1 | remaining: 254s    
step 00306 (15.4%) | loss: 3.466991 | lrm: 1.00 | dt: 157ms | tok/sec: 836,092 | mfu: 20.2% | epoch: 1 | remaining: 254s    
step 00307 (15.5%) | loss: 3.464530 | lrm: 1.00 | dt: 157ms | tok/sec: 836,377 | mfu: 20.2% | epoch: 1 | remaining: 253s    
step 00308 (15.5%) | loss: 3.462784 | lrm: 1.00 | dt: 157ms | tok/sec: 835,897 | mfu: 20.2% | epoch: 1 | remaining: 253s    
step 00309 (15.6%) | loss: 3.468090 | lrm: 1.00 | dt: 157ms | tok/sec: 835,847 | mfu: 20.2% | epoch: 1 | remaining: 253s    
step 00310 (15.6%) | loss: 3.471838 | lrm: 1.00 | dt: 157ms | tok/sec: 836,302 | mfu: 20.2% | epoch: 1 | remaining: 253s    
step 00311 (15.7%) | loss: 3.474634 | lrm: 1.00 | dt: 157ms | tok/sec: 835,789 | mfu: 20.2% | epoch: 1 | remaining: 253s    
step 00312 (15.7%) | loss: 3.473622 | lrm: 1.00 | dt: 157ms | tok/sec: 836,393 | mfu: 20.2% | epoch: 1 | remaining: 253s    
step 00313 (15.8%) | loss: 3.480179 | lrm: 1.00 | dt: 157ms | tok/sec: 836,124 | mfu: 20.2% | epoch: 1 | remaining: 253s    
step 00314 (15.8%) | loss: 3.473103 | lrm: 1.00 | dt: 157ms | tok/sec: 836,102 | mfu: 20.2% | epoch: 1 | remaining: 252s    
step 00315 (15.9%) | loss: 3.465552 | lrm: 1.00 | dt: 157ms | tok/sec: 835,993 | mfu: 20.2% | epoch: 1 | remaining: 252s    
step 00316 (15.9%) | loss: 3.458995 | lrm: 1.00 | dt: 157ms | tok/sec: 836,192 | mfu: 20.2% | epoch: 1 | remaining: 252s    
step 00317 (16.0%) | loss: 3.457273 | lrm: 1.00 | dt: 157ms | tok/sec: 836,337 | mfu: 20.2% | epoch: 1 | remaining: 252s    
step 00318 (16.0%) | loss: 3.449006 | lrm: 1.00 | dt: 157ms | tok/sec: 835,095 | mfu: 20.2% | epoch: 1 | remaining: 252s    
step 00319 (16.1%) | loss: 3.452392 | lrm: 1.00 | dt: 157ms | tok/sec: 836,341 | mfu: 20.2% | epoch: 1 | remaining: 252s    
step 00320 (16.1%) | loss: 3.450973 | lrm: 1.00 | dt: 157ms | tok/sec: 835,848 | mfu: 20.2% | epoch: 1 | remaining: 251s    
step 00321 (16.2%) | loss: 3.449762 | lrm: 1.00 | dt: 157ms | tok/sec: 836,250 | mfu: 20.2% | epoch: 1 | remaining: 251s    
step 00322 (16.2%) | loss: 3.445366 | lrm: 1.00 | dt: 157ms | tok/sec: 835,947 | mfu: 20.2% | epoch: 1 | remaining: 251s    
step 00323 (16.3%) | loss: 3.444528 | lrm: 1.00 | dt: 157ms | tok/sec: 835,928 | mfu: 20.2% | epoch: 1 | remaining: 251s    
step 00324 (16.3%) | loss: 3.448469 | lrm: 1.00 | dt: 157ms | tok/sec: 836,321 | mfu: 20.2% | epoch: 1 | remaining: 251s    
step 00325 (16.4%) | loss: 3.442959 | lrm: 1.00 | dt: 157ms | tok/sec: 836,072 | mfu: 20.2% | epoch: 1 | remaining: 251s    
step 00326 (16.5%) | loss: 3.443794 | lrm: 1.00 | dt: 157ms | tok/sec: 835,971 | mfu: 20.2% | epoch: 1 | remaining: 250s    
step 00327 (16.5%) | loss: 3.436125 | lrm: 1.00 | dt: 157ms | tok/sec: 836,281 | mfu: 20.2% | epoch: 1 | remaining: 250s    
step 00328 (16.6%) | loss: 3.436650 | lrm: 1.00 | dt: 157ms | tok/sec: 836,022 | mfu: 20.2% | epoch: 1 | remaining: 250s    
step 00329 (16.6%) | loss: 3.439756 | lrm: 1.00 | dt: 157ms | tok/sec: 836,135 | mfu: 20.2% | epoch: 1 | remaining: 250s    
step 00330 (16.7%) | loss: 3.440859 | lrm: 1.00 | dt: 157ms | tok/sec: 835,951 | mfu: 20.2% | epoch: 1 | remaining: 250s    
step 00331 (16.7%) | loss: 3.435168 | lrm: 1.00 | dt: 157ms | tok/sec: 835,901 | mfu: 20.2% | epoch: 1 | remaining: 250s    
step 00332 (16.8%) | loss: 3.439465 | lrm: 1.00 | dt: 157ms | tok/sec: 836,377 | mfu: 20.2% | epoch: 1 | remaining: 250s    
step 00333 (16.8%) | loss: 3.437808 | lrm: 1.00 | dt: 157ms | tok/sec: 836,201 | mfu: 20.2% | epoch: 1 | remaining: 249s    
step 00334 (16.9%) | loss: 3.438630 | lrm: 1.00 | dt: 157ms | tok/sec: 836,406 | mfu: 20.2% | epoch: 1 | remaining: 249s    
step 00335 (16.9%) | loss: 3.434451 | lrm: 1.00 | dt: 157ms | tok/sec: 836,073 | mfu: 20.2% | epoch: 1 | remaining: 249s    
step 00336 (17.0%) | loss: 3.430125 | lrm: 1.00 | dt: 157ms | tok/sec: 836,382 | mfu: 20.2% | epoch: 1 | remaining: 249s    
step 00337 (17.0%) | loss: 3.429259 | lrm: 1.00 | dt: 157ms | tok/sec: 836,356 | mfu: 20.2% | epoch: 1 | remaining: 249s    
step 00338 (17.1%) | loss: 3.432131 | lrm: 1.00 | dt: 157ms | tok/sec: 836,072 | mfu: 20.2% | epoch: 1 | remaining: 249s    
step 00339 (17.1%) | loss: 3.427709 | lrm: 1.00 | dt: 157ms | tok/sec: 836,453 | mfu: 20.2% | epoch: 1 | remaining: 248s    
step 00340 (17.2%) | loss: 3.425347 | lrm: 1.00 | dt: 157ms | tok/sec: 835,563 | mfu: 20.2% | epoch: 1 | remaining: 248s    
step 00341 (17.2%) | loss: 3.421322 | lrm: 1.00 | dt: 157ms | tok/sec: 833,814 | mfu: 20.1% | epoch: 1 | remaining: 248s    
step 00342 (17.3%) | loss: 3.426990 | lrm: 1.00 | dt: 157ms | tok/sec: 835,339 | mfu: 20.2% | epoch: 1 | remaining: 248s    
step 00343 (17.3%) | loss: 3.431514 | lrm: 1.00 | dt: 157ms | tok/sec: 835,694 | mfu: 20.2% | epoch: 1 | remaining: 248s    
step 00344 (17.4%) | loss: 3.436297 | lrm: 1.00 | dt: 157ms | tok/sec: 835,885 | mfu: 20.2% | epoch: 1 | remaining: 248s    
step 00345 (17.4%) | loss: 3.433706 | lrm: 1.00 | dt: 157ms | tok/sec: 836,227 | mfu: 20.2% | epoch: 1 | remaining: 248s    
step 00346 (17.5%) | loss: 3.426801 | lrm: 1.00 | dt: 157ms | tok/sec: 836,241 | mfu: 20.2% | epoch: 1 | remaining: 247s    
step 00347 (17.5%) | loss: 3.433259 | lrm: 1.00 | dt: 157ms | tok/sec: 835,995 | mfu: 20.2% | epoch: 1 | remaining: 247s    
step 00348 (17.6%) | loss: 3.434583 | lrm: 1.00 | dt: 157ms | tok/sec: 836,216 | mfu: 20.2% | epoch: 1 | remaining: 247s    
step 00349 (17.7%) | loss: 3.429381 | lrm: 1.00 | dt: 157ms | tok/sec: 835,866 | mfu: 20.2% | epoch: 1 | remaining: 247s    
step 00350 (17.7%) | loss: 3.427194 | lrm: 1.00 | dt: 157ms | tok/sec: 836,083 | mfu: 20.2% | epoch: 1 | remaining: 247s    
step 00351 (17.8%) | loss: 3.425819 | lrm: 1.00 | dt: 157ms | tok/sec: 835,847 | mfu: 20.2% | epoch: 1 | remaining: 247s    
step 00352 (17.8%) | loss: 3.428719 | lrm: 1.00 | dt: 157ms | tok/sec: 836,248 | mfu: 20.2% | epoch: 1 | remaining: 246s    
step 00353 (17.9%) | loss: 3.427578 | lrm: 1.00 | dt: 157ms | tok/sec: 836,163 | mfu: 20.2% | epoch: 1 | remaining: 246s    
step 00354 (17.9%) | loss: 3.419810 | lrm: 1.00 | dt: 157ms | tok/sec: 835,935 | mfu: 20.2% | epoch: 1 | remaining: 246s    
step 00355 (18.0%) | loss: 3.416582 | lrm: 1.00 | dt: 157ms | tok/sec: 836,260 | mfu: 20.2% | epoch: 1 | remaining: 246s    
step 00356 (18.0%) | loss: 3.416967 | lrm: 1.00 | dt: 157ms | tok/sec: 835,848 | mfu: 20.2% | epoch: 1 | remaining: 246s    
step 00357 (18.1%) | loss: 3.420092 | lrm: 1.00 | dt: 157ms | tok/sec: 836,402 | mfu: 20.2% | epoch: 1 | remaining: 246s    
step 00358 (18.1%) | loss: 3.411870 | lrm: 1.00 | dt: 157ms | tok/sec: 836,163 | mfu: 20.2% | epoch: 1 | remaining: 245s    
step 00359 (18.2%) | loss: 3.409258 | lrm: 1.00 | dt: 157ms | tok/sec: 836,042 | mfu: 20.2% | epoch: 1 | remaining: 245s    
step 00360 (18.2%) | loss: 3.404778 | lrm: 1.00 | dt: 157ms | tok/sec: 835,855 | mfu: 20.2% | epoch: 1 | remaining: 245s    
step 00361 (18.3%) | loss: 3.402617 | lrm: 1.00 | dt: 157ms | tok/sec: 835,191 | mfu: 20.2% | epoch: 1 | remaining: 245s    
step 00362 (18.3%) | loss: 3.403105 | lrm: 1.00 | dt: 157ms | tok/sec: 835,986 | mfu: 20.2% | epoch: 1 | remaining: 245s    
step 00363 (18.4%) | loss: 3.404203 | lrm: 1.00 | dt: 157ms | tok/sec: 836,229 | mfu: 20.2% | epoch: 1 | remaining: 245s    
step 00364 (18.4%) | loss: 3.410273 | lrm: 1.00 | dt: 157ms | tok/sec: 836,262 | mfu: 20.2% | epoch: 1 | remaining: 245s    
step 00365 (18.5%) | loss: 3.405375 | lrm: 1.00 | dt: 157ms | tok/sec: 836,210 | mfu: 20.2% | epoch: 1 | remaining: 244s    
step 00366 (18.5%) | loss: 3.403577 | lrm: 1.00 | dt: 157ms | tok/sec: 836,272 | mfu: 20.2% | epoch: 1 | remaining: 244s    
step 00367 (18.6%) | loss: 3.400830 | lrm: 1.00 | dt: 157ms | tok/sec: 836,336 | mfu: 20.2% | epoch: 1 | remaining: 244s    
step 00368 (18.6%) | loss: 3.401153 | lrm: 1.00 | dt: 157ms | tok/sec: 836,234 | mfu: 20.2% | epoch: 1 | remaining: 244s    
step 00369 (18.7%) | loss: 3.394803 | lrm: 1.00 | dt: 157ms | tok/sec: 836,045 | mfu: 20.2% | epoch: 1 | remaining: 244s    
step 00370 (18.7%) | loss: 3.386933 | lrm: 1.00 | dt: 157ms | tok/sec: 835,855 | mfu: 20.2% | epoch: 1 | remaining: 244s    
step 00371 (18.8%) | loss: 3.389657 | lrm: 1.00 | dt: 157ms | tok/sec: 836,068 | mfu: 20.2% | epoch: 1 | remaining: 243s    
step 00372 (18.9%) | loss: 3.389508 | lrm: 1.00 | dt: 157ms | tok/sec: 836,220 | mfu: 20.2% | epoch: 1 | remaining: 243s    
step 00373 (18.9%) | loss: 3.394057 | lrm: 1.00 | dt: 157ms | tok/sec: 835,976 | mfu: 20.2% | epoch: 1 | remaining: 243s    
step 00374 (19.0%) | loss: 3.393291 | lrm: 1.00 | dt: 157ms | tok/sec: 836,248 | mfu: 20.2% | epoch: 1 | remaining: 243s    
step 00375 (19.0%) | loss: 3.398960 | lrm: 1.00 | dt: 157ms | tok/sec: 835,963 | mfu: 20.2% | epoch: 1 | remaining: 243s    
step 00376 (19.1%) | loss: 3.399270 | lrm: 1.00 | dt: 157ms | tok/sec: 836,008 | mfu: 20.2% | epoch: 1 | remaining: 243s    
step 00377 (19.1%) | loss: 3.396255 | lrm: 1.00 | dt: 157ms | tok/sec: 836,373 | mfu: 20.2% | epoch: 1 | remaining: 242s    
step 00378 (19.2%) | loss: 3.396631 | lrm: 1.00 | dt: 157ms | tok/sec: 836,407 | mfu: 20.2% | epoch: 1 | remaining: 242s    
step 00379 (19.2%) | loss: 3.395022 | lrm: 1.00 | dt: 157ms | tok/sec: 836,209 | mfu: 20.2% | epoch: 1 | remaining: 242s    
step 00380 (19.3%) | loss: 3.395452 | lrm: 1.00 | dt: 157ms | tok/sec: 836,379 | mfu: 20.2% | epoch: 1 | remaining: 242s    
step 00381 (19.3%) | loss: 3.399585 | lrm: 1.00 | dt: 157ms | tok/sec: 836,121 | mfu: 20.2% | epoch: 1 | remaining: 242s    
step 00382 (19.4%) | loss: 3.401171 | lrm: 1.00 | dt: 157ms | tok/sec: 836,060 | mfu: 20.2% | epoch: 1 | remaining: 242s    
step 00383 (19.4%) | loss: 3.401455 | lrm: 1.00 | dt: 157ms | tok/sec: 836,164 | mfu: 20.2% | epoch: 1 | remaining: 242s    
step 00384 (19.5%) | loss: 3.400468 | lrm: 1.00 | dt: 157ms | tok/sec: 836,145 | mfu: 20.2% | epoch: 1 | remaining: 241s    
step 00385 (19.5%) | loss: 3.403968 | lrm: 1.00 | dt: 157ms | tok/sec: 836,265 | mfu: 20.2% | epoch: 1 | remaining: 241s    
step 00386 (19.6%) | loss: 3.405971 | lrm: 1.00 | dt: 157ms | tok/sec: 836,211 | mfu: 20.2% | epoch: 1 | remaining: 241s    
step 00387 (19.6%) | loss: 3.407970 | lrm: 1.00 | dt: 157ms | tok/sec: 836,149 | mfu: 20.2% | epoch: 1 | remaining: 241s    
step 00388 (19.7%) | loss: 3.398766 | lrm: 1.00 | dt: 157ms | tok/sec: 835,829 | mfu: 20.2% | epoch: 1 | remaining: 241s    
step 00389 (19.7%) | loss: 3.396534 | lrm: 1.00 | dt: 157ms | tok/sec: 836,397 | mfu: 20.2% | epoch: 1 | remaining: 241s    
step 00390 (19.8%) | loss: 3.394756 | lrm: 1.00 | dt: 157ms | tok/sec: 836,099 | mfu: 20.2% | epoch: 1 | remaining: 240s    
step 00391 (19.8%) | loss: 3.387673 | lrm: 1.00 | dt: 157ms | tok/sec: 836,398 | mfu: 20.2% | epoch: 1 | remaining: 240s    
step 00392 (19.9%) | loss: 3.388983 | lrm: 1.00 | dt: 157ms | tok/sec: 836,126 | mfu: 20.2% | epoch: 1 | remaining: 240s    
step 00393 (20.0%) | loss: 3.387016 | lrm: 1.00 | dt: 157ms | tok/sec: 835,769 | mfu: 20.2% | epoch: 1 | remaining: 240s    
step 00394 (20.0%) | loss: 3.388610 | lrm: 1.00 | dt: 157ms | tok/sec: 836,037 | mfu: 20.2% | epoch: 1 | remaining: 240s    
step 00395 (20.1%) | loss: 3.390597 | lrm: 1.00 | dt: 157ms | tok/sec: 836,426 | mfu: 20.2% | epoch: 1 | remaining: 240s    
step 00396 (20.1%) | loss: 3.388880 | lrm: 1.00 | dt: 157ms | tok/sec: 836,607 | mfu: 20.2% | epoch: 1 | remaining: 240s    
step 00397 (20.2%) | loss: 3.384242 | lrm: 1.00 | dt: 157ms | tok/sec: 836,194 | mfu: 20.2% | epoch: 1 | remaining: 239s    
step 00398 (20.2%) | loss: 3.380675 | lrm: 1.00 | dt: 157ms | tok/sec: 836,243 | mfu: 20.2% | epoch: 1 | remaining: 239s    
step 00399 (20.3%) | loss: 3.381489 | lrm: 1.00 | dt: 157ms | tok/sec: 836,145 | mfu: 20.2% | epoch: 1 | remaining: 239s    
step 00400 (20.3%) | loss: 3.384519 | lrm: 1.00 | dt: 157ms | tok/sec: 836,232 | mfu: 20.2% | epoch: 1 | remaining: 239s    
step 00401 (20.4%) | loss: 3.379859 | lrm: 1.00 | dt: 157ms | tok/sec: 835,114 | mfu: 20.2% | epoch: 1 | remaining: 239s    
step 00402 (20.4%) | loss: 3.378010 | lrm: 1.00 | dt: 157ms | tok/sec: 836,012 | mfu: 20.2% | epoch: 1 | remaining: 239s    
step 00403 (20.5%) | loss: 3.379313 | lrm: 1.00 | dt: 157ms | tok/sec: 836,019 | mfu: 20.2% | epoch: 1 | remaining: 238s    
step 00404 (20.5%) | loss: 3.381860 | lrm: 1.00 | dt: 157ms | tok/sec: 836,426 | mfu: 20.2% | epoch: 1 | remaining: 238s    
step 00405 (20.6%) | loss: 3.376497 | lrm: 1.00 | dt: 157ms | tok/sec: 836,317 | mfu: 20.2% | epoch: 1 | remaining: 238s    
step 00406 (20.6%) | loss: 3.366498 | lrm: 1.00 | dt: 157ms | tok/sec: 836,175 | mfu: 20.2% | epoch: 1 | remaining: 238s    
step 00407 (20.7%) | loss: 3.366630 | lrm: 1.00 | dt: 157ms | tok/sec: 835,975 | mfu: 20.2% | epoch: 1 | remaining: 238s    
step 00408 (20.7%) | loss: 3.363072 | lrm: 1.00 | dt: 157ms | tok/sec: 835,872 | mfu: 20.2% | epoch: 1 | remaining: 238s    
step 00409 (20.8%) | loss: 3.360299 | lrm: 1.00 | dt: 157ms | tok/sec: 836,398 | mfu: 20.2% | epoch: 1 | remaining: 237s    
step 00410 (20.8%) | loss: 3.358835 | lrm: 1.00 | dt: 157ms | tok/sec: 836,519 | mfu: 20.2% | epoch: 1 | remaining: 237s    
step 00411 (20.9%) | loss: 3.358167 | lrm: 1.00 | dt: 157ms | tok/sec: 836,382 | mfu: 20.2% | epoch: 1 | remaining: 237s    
step 00412 (20.9%) | loss: 3.355783 | lrm: 1.00 | dt: 157ms | tok/sec: 836,032 | mfu: 20.2% | epoch: 1 | remaining: 237s    
step 00413 (21.0%) | loss: 3.353632 | lrm: 1.00 | dt: 157ms | tok/sec: 836,378 | mfu: 20.2% | epoch: 1 | remaining: 237s    
step 00414 (21.0%) | loss: 3.353983 | lrm: 1.00 | dt: 157ms | tok/sec: 836,227 | mfu: 20.2% | epoch: 1 | remaining: 237s    
step 00415 (21.1%) | loss: 3.355636 | lrm: 1.00 | dt: 157ms | tok/sec: 836,106 | mfu: 20.2% | epoch: 1 | remaining: 237s    
step 00416 (21.2%) | loss: 3.348132 | lrm: 1.00 | dt: 157ms | tok/sec: 836,054 | mfu: 20.2% | epoch: 1 | remaining: 236s    
step 00417 (21.2%) | loss: 3.336663 | lrm: 1.00 | dt: 157ms | tok/sec: 836,281 | mfu: 20.2% | epoch: 1 | remaining: 236s    
step 00418 (21.3%) | loss: 3.330625 | lrm: 1.00 | dt: 157ms | tok/sec: 833,564 | mfu: 20.1% | epoch: 1 | remaining: 236s    
step 00419 (21.3%) | loss: 3.326520 | lrm: 1.00 | dt: 157ms | tok/sec: 836,250 | mfu: 20.2% | epoch: 1 | remaining: 236s    
step 00420 (21.4%) | loss: 3.325906 | lrm: 1.00 | dt: 157ms | tok/sec: 836,136 | mfu: 20.2% | epoch: 1 | remaining: 236s    
step 00421 (21.4%) | loss: 3.324193 | lrm: 1.00 | dt: 157ms | tok/sec: 836,148 | mfu: 20.2% | epoch: 1 | remaining: 236s    
step 00422 (21.5%) | loss: 3.322445 | lrm: 1.00 | dt: 157ms | tok/sec: 836,044 | mfu: 20.2% | epoch: 1 | remaining: 235s    
step 00423 (21.5%) | loss: 3.332367 | lrm: 1.00 | dt: 157ms | tok/sec: 835,658 | mfu: 20.2% | epoch: 1 | remaining: 235s    
step 00424 (21.6%) | loss: 3.328205 | lrm: 1.00 | dt: 157ms | tok/sec: 836,433 | mfu: 20.2% | epoch: 1 | remaining: 235s    
step 00425 (21.6%) | loss: 3.330034 | lrm: 1.00 | dt: 157ms | tok/sec: 836,438 | mfu: 20.2% | epoch: 1 | remaining: 235s    
step 00426 (21.7%) | loss: 3.333226 | lrm: 1.00 | dt: 157ms | tok/sec: 836,490 | mfu: 20.2% | epoch: 1 | remaining: 235s    
step 00427 (21.7%) | loss: 3.337453 | lrm: 1.00 | dt: 157ms | tok/sec: 836,180 | mfu: 20.2% | epoch: 1 | remaining: 235s    
step 00428 (21.8%) | loss: 3.338932 | lrm: 1.00 | dt: 157ms | tok/sec: 836,247 | mfu: 20.2% | epoch: 1 | remaining: 235s    
step 00429 (21.8%) | loss: 3.335788 | lrm: 1.00 | dt: 157ms | tok/sec: 836,250 | mfu: 20.2% | epoch: 1 | remaining: 234s    
step 00430 (21.9%) | loss: 3.333656 | lrm: 1.00 | dt: 157ms | tok/sec: 836,423 | mfu: 20.2% | epoch: 1 | remaining: 234s    
step 00431 (21.9%) | loss: 3.331679 | lrm: 1.00 | dt: 157ms | tok/sec: 836,457 | mfu: 20.2% | epoch: 1 | remaining: 234s    
step 00432 (22.0%) | loss: 3.337549 | lrm: 1.00 | dt: 157ms | tok/sec: 836,147 | mfu: 20.2% | epoch: 1 | remaining: 234s    
step 00433 (22.0%) | loss: 3.336052 | lrm: 1.00 | dt: 157ms | tok/sec: 836,161 | mfu: 20.2% | epoch: 1 | remaining: 234s    
step 00434 (22.1%) | loss: 3.342471 | lrm: 1.00 | dt: 157ms | tok/sec: 836,135 | mfu: 20.2% | epoch: 1 | remaining: 234s    
step 00435 (22.1%) | loss: 3.340808 | lrm: 1.00 | dt: 157ms | tok/sec: 836,086 | mfu: 20.2% | epoch: 1 | remaining: 233s    
step 00436 (22.2%) | loss: 3.346539 | lrm: 1.00 | dt: 157ms | tok/sec: 836,294 | mfu: 20.2% | epoch: 1 | remaining: 233s    
step 00437 (22.3%) | loss: 3.342604 | lrm: 1.00 | dt: 157ms | tok/sec: 836,172 | mfu: 20.2% | epoch: 1 | remaining: 233s    
step 00438 (22.3%) | loss: 3.337429 | lrm: 1.00 | dt: 157ms | tok/sec: 836,499 | mfu: 20.2% | epoch: 1 | remaining: 233s    
step 00439 (22.4%) | loss: 3.332800 | lrm: 1.00 | dt: 157ms | tok/sec: 836,349 | mfu: 20.2% | epoch: 1 | remaining: 233s    
step 00440 (22.4%) | loss: 3.335849 | lrm: 1.00 | dt: 157ms | tok/sec: 836,196 | mfu: 20.2% | epoch: 1 | remaining: 233s    
step 00441 (22.5%) | loss: 3.334744 | lrm: 1.00 | dt: 157ms | tok/sec: 836,044 | mfu: 20.2% | epoch: 1 | remaining: 232s    
step 00442 (22.5%) | loss: 3.335333 | lrm: 1.00 | dt: 157ms | tok/sec: 836,138 | mfu: 20.2% | epoch: 1 | remaining: 232s    
step 00443 (22.6%) | loss: 3.336254 | lrm: 1.00 | dt: 157ms | tok/sec: 836,107 | mfu: 20.2% | epoch: 1 | remaining: 232s    
step 00444 (22.6%) | loss: 3.333880 | lrm: 1.00 | dt: 157ms | tok/sec: 835,896 | mfu: 20.2% | epoch: 1 | remaining: 232s    
step 00445 (22.7%) | loss: 3.332158 | lrm: 1.00 | dt: 157ms | tok/sec: 836,241 | mfu: 20.2% | epoch: 1 | remaining: 232s    
step 00446 (22.7%) | loss: 3.334623 | lrm: 1.00 | dt: 157ms | tok/sec: 836,037 | mfu: 20.2% | epoch: 1 | remaining: 232s    
step 00447 (22.8%) | loss: 3.337306 | lrm: 1.00 | dt: 157ms | tok/sec: 836,047 | mfu: 20.2% | epoch: 1 | remaining: 232s    
step 00448 (22.8%) | loss: 3.343693 | lrm: 1.00 | dt: 157ms | tok/sec: 836,092 | mfu: 20.2% | epoch: 1 | remaining: 231s    
step 00449 (22.9%) | loss: 3.346094 | lrm: 1.00 | dt: 157ms | tok/sec: 835,805 | mfu: 20.2% | epoch: 1 | remaining: 231s    
step 00450 (22.9%) | loss: 3.343930 | lrm: 1.00 | dt: 157ms | tok/sec: 836,195 | mfu: 20.2% | epoch: 1 | remaining: 231s    
step 00451 (23.0%) | loss: 3.347855 | lrm: 1.00 | dt: 157ms | tok/sec: 836,136 | mfu: 20.2% | epoch: 1 | remaining: 231s    
step 00452 (23.0%) | loss: 3.342106 | lrm: 1.00 | dt: 157ms | tok/sec: 836,036 | mfu: 20.2% | epoch: 1 | remaining: 231s    
step 00453 (23.1%) | loss: 3.347878 | lrm: 1.00 | dt: 157ms | tok/sec: 836,117 | mfu: 20.2% | epoch: 1 | remaining: 231s    
step 00454 (23.1%) | loss: 3.339663 | lrm: 1.00 | dt: 157ms | tok/sec: 836,306 | mfu: 20.2% | epoch: 1 | remaining: 230s    
step 00455 (23.2%) | loss: 3.340754 | lrm: 1.00 | dt: 157ms | tok/sec: 836,052 | mfu: 20.2% | epoch: 1 | remaining: 230s    
step 00456 (23.2%) | loss: 3.347854 | lrm: 1.00 | dt: 157ms | tok/sec: 836,138 | mfu: 20.2% | epoch: 1 | remaining: 230s    
step 00457 (23.3%) | loss: 3.347319 | lrm: 1.00 | dt: 157ms | tok/sec: 836,216 | mfu: 20.2% | epoch: 1 | remaining: 230s    
step 00458 (23.3%) | loss: 3.341638 | lrm: 1.00 | dt: 157ms | tok/sec: 835,772 | mfu: 20.2% | epoch: 1 | remaining: 230s    
step 00459 (23.4%) | loss: 3.337093 | lrm: 1.00 | dt: 157ms | tok/sec: 836,173 | mfu: 20.2% | epoch: 1 | remaining: 230s    
step 00460 (23.5%) | loss: 3.342915 | lrm: 1.00 | dt: 157ms | tok/sec: 836,077 | mfu: 20.2% | epoch: 1 | remaining: 229s    
step 00461 (23.5%) | loss: 3.347934 | lrm: 1.00 | dt: 157ms | tok/sec: 835,997 | mfu: 20.2% | epoch: 1 | remaining: 229s    
step 00462 (23.6%) | loss: 3.347276 | lrm: 1.00 | dt: 157ms | tok/sec: 835,980 | mfu: 20.2% | epoch: 1 | remaining: 229s    
step 00463 (23.6%) | loss: 3.349378 | lrm: 1.00 | dt: 157ms | tok/sec: 836,075 | mfu: 20.2% | epoch: 1 | remaining: 229s    
step 00464 (23.7%) | loss: 3.352325 | lrm: 1.00 | dt: 157ms | tok/sec: 835,764 | mfu: 20.2% | epoch: 1 | remaining: 229s    
step 00465 (23.7%) | loss: 3.347555 | lrm: 1.00 | dt: 157ms | tok/sec: 835,913 | mfu: 20.2% | epoch: 1 | remaining: 229s    
step 00466 (23.8%) | loss: 3.350284 | lrm: 1.00 | dt: 157ms | tok/sec: 836,046 | mfu: 20.2% | epoch: 1 | remaining: 229s    
step 00467 (23.8%) | loss: 3.341890 | lrm: 1.00 | dt: 157ms | tok/sec: 836,232 | mfu: 20.2% | epoch: 1 | remaining: 228s    
step 00468 (23.9%) | loss: 3.334958 | lrm: 1.00 | dt: 157ms | tok/sec: 836,369 | mfu: 20.2% | epoch: 1 | remaining: 228s    
step 00469 (23.9%) | loss: 3.334192 | lrm: 1.00 | dt: 157ms | tok/sec: 835,894 | mfu: 20.2% | epoch: 1 | remaining: 228s    
step 00470 (24.0%) | loss: 3.335188 | lrm: 1.00 | dt: 157ms | tok/sec: 835,932 | mfu: 20.2% | epoch: 1 | remaining: 228s    
step 00471 (24.0%) | loss: 3.340018 | lrm: 1.00 | dt: 157ms | tok/sec: 836,028 | mfu: 20.2% | epoch: 1 | remaining: 228s    
step 00472 (24.1%) | loss: 3.347464 | lrm: 1.00 | dt: 157ms | tok/sec: 836,327 | mfu: 20.2% | epoch: 1 | remaining: 228s    
step 00473 (24.1%) | loss: 3.345973 | lrm: 1.00 | dt: 157ms | tok/sec: 836,004 | mfu: 20.2% | epoch: 1 | remaining: 227s    
step 00474 (24.2%) | loss: 3.347849 | lrm: 1.00 | dt: 157ms | tok/sec: 835,999 | mfu: 20.2% | epoch: 1 | remaining: 227s    
step 00475 (24.2%) | loss: 3.345553 | lrm: 1.00 | dt: 157ms | tok/sec: 836,415 | mfu: 20.2% | epoch: 1 | remaining: 227s    
step 00476 (24.3%) | loss: 3.339075 | lrm: 1.00 | dt: 157ms | tok/sec: 836,359 | mfu: 20.2% | epoch: 1 | remaining: 227s    
step 00477 (24.3%) | loss: 3.337694 | lrm: 1.00 | dt: 157ms | tok/sec: 836,121 | mfu: 20.2% | epoch: 1 | remaining: 227s    
step 00478 (24.4%) | loss: 3.332323 | lrm: 1.00 | dt: 157ms | tok/sec: 835,535 | mfu: 20.2% | epoch: 1 | remaining: 227s    
step 00479 (24.4%) | loss: 3.332841 | lrm: 1.00 | dt: 157ms | tok/sec: 836,489 | mfu: 20.2% | epoch: 1 | remaining: 227s    
step 00480 (24.5%) | loss: 3.330933 | lrm: 1.00 | dt: 157ms | tok/sec: 836,138 | mfu: 20.2% | epoch: 1 | remaining: 226s    
step 00481 (24.5%) | loss: 3.333662 | lrm: 1.00 | dt: 157ms | tok/sec: 835,468 | mfu: 20.2% | epoch: 1 | remaining: 226s    
step 00482 (24.6%) | loss: 3.332453 | lrm: 1.00 | dt: 157ms | tok/sec: 835,572 | mfu: 20.2% | epoch: 1 | remaining: 226s    
step 00483 (24.7%) | loss: 3.333031 | lrm: 1.00 | dt: 157ms | tok/sec: 836,230 | mfu: 20.2% | epoch: 1 | remaining: 226s    
step 00484 (24.7%) | loss: 3.334548 | lrm: 1.00 | dt: 157ms | tok/sec: 836,257 | mfu: 20.2% | epoch: 1 | remaining: 226s    
step 00485 (24.8%) | loss: 3.336290 | lrm: 1.00 | dt: 157ms | tok/sec: 836,246 | mfu: 20.2% | epoch: 1 | remaining: 226s    
step 00486 (24.8%) | loss: 3.331263 | lrm: 1.00 | dt: 157ms | tok/sec: 836,007 | mfu: 20.2% | epoch: 1 | remaining: 225s    
step 00487 (24.9%) | loss: 3.328084 | lrm: 1.00 | dt: 157ms | tok/sec: 835,843 | mfu: 20.2% | epoch: 1 | remaining: 225s    
step 00488 (24.9%) | loss: 3.323782 | lrm: 1.00 | dt: 157ms | tok/sec: 836,136 | mfu: 20.2% | epoch: 1 | remaining: 225s    
step 00489 (25.0%) | loss: 3.309914 | lrm: 1.00 | dt: 157ms | tok/sec: 836,010 | mfu: 20.2% | epoch: 1 | remaining: 225s    
step 00490 (25.0%) | loss: 3.301672 | lrm: 1.00 | dt: 157ms | tok/sec: 836,398 | mfu: 20.2% | epoch: 1 | remaining: 225s    
step 00491 (25.1%) | loss: 3.300281 | lrm: 1.00 | dt: 157ms | tok/sec: 836,418 | mfu: 20.2% | epoch: 1 | remaining: 225s    
step 00492 (25.1%) | loss: 3.298417 | lrm: 1.00 | dt: 157ms | tok/sec: 836,150 | mfu: 20.2% | epoch: 1 | remaining: 224s    
step 00493 (25.2%) | loss: 3.299354 | lrm: 1.00 | dt: 157ms | tok/sec: 836,101 | mfu: 20.2% | epoch: 1 | remaining: 224s    
step 00494 (25.2%) | loss: 3.297145 | lrm: 1.00 | dt: 157ms | tok/sec: 836,056 | mfu: 20.2% | epoch: 1 | remaining: 224s    
step 00495 (25.3%) | loss: 3.301102 | lrm: 1.00 | dt: 157ms | tok/sec: 836,398 | mfu: 20.2% | epoch: 1 | remaining: 224s    
step 00496 (25.3%) | loss: 3.299789 | lrm: 1.00 | dt: 157ms | tok/sec: 835,998 | mfu: 20.2% | epoch: 1 | remaining: 224s    
step 00497 (25.4%) | loss: 3.302748 | lrm: 1.00 | dt: 157ms | tok/sec: 835,855 | mfu: 20.2% | epoch: 1 | remaining: 224s    
step 00498 (25.4%) | loss: 3.307616 | lrm: 1.00 | dt: 157ms | tok/sec: 836,362 | mfu: 20.2% | epoch: 1 | remaining: 224s    
step 00499 (25.5%) | loss: 3.310597 | lrm: 1.00 | dt: 157ms | tok/sec: 836,294 | mfu: 20.2% | epoch: 1 | remaining: 223s    
step 00500 (25.5%) | loss: 3.312687 | lrm: 1.00 | dt: 157ms | tok/sec: 835,787 | mfu: 20.2% | epoch: 1 | remaining: 223s    
step 00501 (25.6%) | loss: 3.312146 | lrm: 1.00 | dt: 157ms | tok/sec: 834,221 | mfu: 20.2% | epoch: 1 | remaining: 223s    
step 00502 (25.6%) | loss: 3.313122 | lrm: 1.00 | dt: 157ms | tok/sec: 835,352 | mfu: 20.2% | epoch: 1 | remaining: 223s    
step 00503 (25.7%) | loss: 3.314253 | lrm: 1.00 | dt: 157ms | tok/sec: 836,038 | mfu: 20.2% | epoch: 1 | remaining: 223s    
step 00504 (25.8%) | loss: 3.308286 | lrm: 1.00 | dt: 157ms | tok/sec: 836,381 | mfu: 20.2% | epoch: 1 | remaining: 223s    
step 00505 (25.8%) | loss: 3.305993 | lrm: 1.00 | dt: 157ms | tok/sec: 835,953 | mfu: 20.2% | epoch: 1 | remaining: 222s    
step 00506 (25.9%) | loss: 3.304284 | lrm: 1.00 | dt: 157ms | tok/sec: 836,122 | mfu: 20.2% | epoch: 1 | remaining: 222s    
step 00507 (25.9%) | loss: 3.305544 | lrm: 1.00 | dt: 157ms | tok/sec: 836,272 | mfu: 20.2% | epoch: 1 | remaining: 222s    
step 00508 (26.0%) | loss: 3.303079 | lrm: 1.00 | dt: 157ms | tok/sec: 836,108 | mfu: 20.2% | epoch: 1 | remaining: 222s    
step 00509 (26.0%) | loss: 3.299673 | lrm: 1.00 | dt: 157ms | tok/sec: 836,139 | mfu: 20.2% | epoch: 1 | remaining: 222s    
step 00510 (26.1%) | loss: 3.304844 | lrm: 1.00 | dt: 157ms | tok/sec: 836,477 | mfu: 20.2% | epoch: 1 | remaining: 222s    
step 00511 (26.1%) | loss: 3.306554 | lrm: 1.00 | dt: 157ms | tok/sec: 836,019 | mfu: 20.2% | epoch: 1 | remaining: 221s    
step 00512 (26.2%) | loss: 3.302761 | lrm: 1.00 | dt: 157ms | tok/sec: 836,064 | mfu: 20.2% | epoch: 1 | remaining: 221s    
step 00513 (26.2%) | loss: 3.297276 | lrm: 1.00 | dt: 157ms | tok/sec: 835,910 | mfu: 20.2% | epoch: 1 | remaining: 221s    
step 00514 (26.3%) | loss: 3.298044 | lrm: 1.00 | dt: 157ms | tok/sec: 836,103 | mfu: 20.2% | epoch: 1 | remaining: 221s    
step 00515 (26.3%) | loss: 3.295366 | lrm: 1.00 | dt: 157ms | tok/sec: 836,133 | mfu: 20.2% | epoch: 1 | remaining: 221s    
step 00516 (26.4%) | loss: 3.297242 | lrm: 1.00 | dt: 157ms | tok/sec: 835,937 | mfu: 20.2% | epoch: 1 | remaining: 221s    
step 00517 (26.4%) | loss: 3.300392 | lrm: 1.00 | dt: 157ms | tok/sec: 836,069 | mfu: 20.2% | epoch: 1 | remaining: 221s    
step 00518 (26.5%) | loss: 3.295666 | lrm: 1.00 | dt: 157ms | tok/sec: 835,962 | mfu: 20.2% | epoch: 1 | remaining: 220s    
step 00519 (26.5%) | loss: 3.295869 | lrm: 1.00 | dt: 157ms | tok/sec: 836,030 | mfu: 20.2% | epoch: 1 | remaining: 220s    
step 00520 (26.6%) | loss: 3.291440 | lrm: 1.00 | dt: 157ms | tok/sec: 836,173 | mfu: 20.2% | epoch: 1 | remaining: 220s    
step 00521 (26.6%) | loss: 3.291942 | lrm: 1.00 | dt: 157ms | tok/sec: 836,024 | mfu: 20.2% | epoch: 1 | remaining: 220s    
step 00522 (26.7%) | loss: 3.293318 | lrm: 1.00 | dt: 157ms | tok/sec: 836,199 | mfu: 20.2% | epoch: 1 | remaining: 220s    
step 00523 (26.7%) | loss: 3.291435 | lrm: 1.00 | dt: 157ms | tok/sec: 836,390 | mfu: 20.2% | epoch: 1 | remaining: 220s    
step 00524 (26.8%) | loss: 3.295151 | lrm: 1.00 | dt: 157ms | tok/sec: 836,359 | mfu: 20.2% | epoch: 1 | remaining: 219s    
step 00525 (26.8%) | loss: 3.293644 | lrm: 1.00 | dt: 157ms | tok/sec: 836,097 | mfu: 20.2% | epoch: 1 | remaining: 219s    
step 00526 (26.9%) | loss: 3.292240 | lrm: 1.00 | dt: 157ms | tok/sec: 836,348 | mfu: 20.2% | epoch: 1 | remaining: 219s    
step 00527 (27.0%) | loss: 3.292776 | lrm: 1.00 | dt: 157ms | tok/sec: 836,262 | mfu: 20.2% | epoch: 1 | remaining: 219s    
step 00528 (27.0%) | loss: 3.288472 | lrm: 1.00 | dt: 157ms | tok/sec: 836,074 | mfu: 20.2% | epoch: 1 | remaining: 219s    
step 00529 (27.1%) | loss: 3.290769 | lrm: 1.00 | dt: 157ms | tok/sec: 835,920 | mfu: 20.2% | epoch: 1 | remaining: 219s    
step 00530 (27.1%) | loss: 3.290965 | lrm: 1.00 | dt: 157ms | tok/sec: 836,124 | mfu: 20.2% | epoch: 1 | remaining: 219s    
step 00531 (27.2%) | loss: 3.290547 | lrm: 1.00 | dt: 157ms | tok/sec: 836,094 | mfu: 20.2% | epoch: 1 | remaining: 218s    
step 00532 (27.2%) | loss: 3.291053 | lrm: 1.00 | dt: 157ms | tok/sec: 836,024 | mfu: 20.2% | epoch: 1 | remaining: 218s    
step 00533 (27.3%) | loss: 3.286420 | lrm: 1.00 | dt: 157ms | tok/sec: 836,107 | mfu: 20.2% | epoch: 1 | remaining: 218s    
step 00534 (27.3%) | loss: 3.292584 | lrm: 1.00 | dt: 157ms | tok/sec: 836,570 | mfu: 20.2% | epoch: 1 | remaining: 218s    
step 00535 (27.4%) | loss: 3.282811 | lrm: 1.00 | dt: 157ms | tok/sec: 836,066 | mfu: 20.2% | epoch: 1 | remaining: 218s    
step 00536 (27.4%) | loss: 3.284522 | lrm: 1.00 | dt: 157ms | tok/sec: 836,145 | mfu: 20.2% | epoch: 1 | remaining: 218s    
step 00537 (27.5%) | loss: 3.290569 | lrm: 1.00 | dt: 157ms | tok/sec: 836,061 | mfu: 20.2% | epoch: 1 | remaining: 217s    
step 00538 (27.5%) | loss: 3.291617 | lrm: 1.00 | dt: 157ms | tok/sec: 836,038 | mfu: 20.2% | epoch: 1 | remaining: 217s    
step 00539 (27.6%) | loss: 3.288221 | lrm: 1.00 | dt: 157ms | tok/sec: 836,191 | mfu: 20.2% | epoch: 1 | remaining: 217s    
step 00540 (27.6%) | loss: 3.280974 | lrm: 1.00 | dt: 157ms | tok/sec: 836,337 | mfu: 20.2% | epoch: 1 | remaining: 217s    
step 00541 (27.7%) | loss: 3.278324 | lrm: 1.00 | dt: 157ms | tok/sec: 836,393 | mfu: 20.2% | epoch: 1 | remaining: 217s    
step 00542 (27.7%) | loss: 3.282453 | lrm: 1.00 | dt: 157ms | tok/sec: 836,176 | mfu: 20.2% | epoch: 1 | remaining: 217s    
step 00543 (27.8%) | loss: 3.283948 | lrm: 1.00 | dt: 157ms | tok/sec: 836,144 | mfu: 20.2% | epoch: 1 | remaining: 216s    
step 00544 (27.8%) | loss: 3.274764 | lrm: 1.00 | dt: 157ms | tok/sec: 836,210 | mfu: 20.2% | epoch: 1 | remaining: 216s    
step 00545 (27.9%) | loss: 3.279657 | lrm: 1.00 | dt: 157ms | tok/sec: 836,246 | mfu: 20.2% | epoch: 1 | remaining: 216s    
step 00546 (27.9%) | loss: 3.282376 | lrm: 1.00 | dt: 157ms | tok/sec: 836,168 | mfu: 20.2% | epoch: 1 | remaining: 216s    
step 00547 (28.0%) | loss: 3.274994 | lrm: 1.00 | dt: 157ms | tok/sec: 835,750 | mfu: 20.2% | epoch: 1 | remaining: 216s    
step 00548 (28.1%) | loss: 3.275957 | lrm: 1.00 | dt: 157ms | tok/sec: 836,087 | mfu: 20.2% | epoch: 1 | remaining: 216s    
step 00549 (28.1%) | loss: 3.266121 | lrm: 1.00 | dt: 157ms | tok/sec: 836,337 | mfu: 20.2% | epoch: 1 | remaining: 216s    
step 00550 (28.2%) | loss: 3.263995 | lrm: 1.00 | dt: 157ms | tok/sec: 835,878 | mfu: 20.2% | epoch: 1 | remaining: 215s    
step 00551 (28.2%) | loss: 3.271028 | lrm: 1.00 | dt: 157ms | tok/sec: 836,075 | mfu: 20.2% | epoch: 1 | remaining: 215s    
step 00552 (28.3%) | loss: 3.266965 | lrm: 1.00 | dt: 157ms | tok/sec: 836,163 | mfu: 20.2% | epoch: 1 | remaining: 215s    
step 00553 (28.3%) | loss: 3.269815 | lrm: 1.00 | dt: 157ms | tok/sec: 836,180 | mfu: 20.2% | epoch: 1 | remaining: 215s    
step 00554 (28.4%) | loss: 3.261722 | lrm: 1.00 | dt: 157ms | tok/sec: 836,018 | mfu: 20.2% | epoch: 1 | remaining: 215s    
step 00555 (28.4%) | loss: 3.262228 | lrm: 1.00 | dt: 157ms | tok/sec: 835,899 | mfu: 20.2% | epoch: 1 | remaining: 215s    
step 00556 (28.5%) | loss: 3.267653 | lrm: 1.00 | dt: 157ms | tok/sec: 835,922 | mfu: 20.2% | epoch: 1 | remaining: 214s    
step 00557 (28.5%) | loss: 3.274110 | lrm: 1.00 | dt: 157ms | tok/sec: 836,147 | mfu: 20.2% | epoch: 1 | remaining: 214s    
step 00558 (28.6%) | loss: 3.266496 | lrm: 1.00 | dt: 157ms | tok/sec: 835,957 | mfu: 20.2% | epoch: 1 | remaining: 214s    
step 00559 (28.6%) | loss: 3.265890 | lrm: 1.00 | dt: 157ms | tok/sec: 835,820 | mfu: 20.2% | epoch: 1 | remaining: 214s    
step 00560 (28.7%) | loss: 3.258489 | lrm: 1.00 | dt: 157ms | tok/sec: 835,441 | mfu: 20.2% | epoch: 1 | remaining: 214s    
step 00561 (28.7%) | loss: 3.256348 | lrm: 1.00 | dt: 157ms | tok/sec: 835,641 | mfu: 20.2% | epoch: 1 | remaining: 214s    
step 00562 (28.8%) | loss: 3.254415 | lrm: 1.00 | dt: 157ms | tok/sec: 835,942 | mfu: 20.2% | epoch: 1 | remaining: 213s    
step 00563 (28.8%) | loss: 3.256180 | lrm: 1.00 | dt: 157ms | tok/sec: 836,183 | mfu: 20.2% | epoch: 1 | remaining: 213s    
step 00564 (28.9%) | loss: 3.253507 | lrm: 1.00 | dt: 157ms | tok/sec: 836,072 | mfu: 20.2% | epoch: 1 | remaining: 213s    
step 00565 (28.9%) | loss: 3.251008 | lrm: 1.00 | dt: 157ms | tok/sec: 836,158 | mfu: 20.2% | epoch: 1 | remaining: 213s    
step 00566 (29.0%) | loss: 3.253922 | lrm: 1.00 | dt: 157ms | tok/sec: 836,097 | mfu: 20.2% | epoch: 1 | remaining: 213s    
step 00567 (29.0%) | loss: 3.250937 | lrm: 1.00 | dt: 157ms | tok/sec: 836,238 | mfu: 20.2% | epoch: 1 | remaining: 213s    
step 00568 (29.1%) | loss: 3.253363 | lrm: 1.00 | dt: 157ms | tok/sec: 836,013 | mfu: 20.2% | epoch: 1 | remaining: 213s    
step 00569 (29.1%) | loss: 3.253514 | lrm: 1.00 | dt: 157ms | tok/sec: 836,196 | mfu: 20.2% | epoch: 1 | remaining: 212s    
step 00570 (29.2%) | loss: 3.253778 | lrm: 1.00 | dt: 157ms | tok/sec: 836,307 | mfu: 20.2% | epoch: 1 | remaining: 212s    
step 00571 (29.3%) | loss: 3.258349 | lrm: 1.00 | dt: 157ms | tok/sec: 836,138 | mfu: 20.2% | epoch: 1 | remaining: 212s    
step 00572 (29.3%) | loss: 3.259068 | lrm: 1.00 | dt: 157ms | tok/sec: 836,035 | mfu: 20.2% | epoch: 1 | remaining: 212s    
step 00573 (29.4%) | loss: 3.259136 | lrm: 1.00 | dt: 157ms | tok/sec: 836,066 | mfu: 20.2% | epoch: 1 | remaining: 212s    
step 00574 (29.4%) | loss: 3.261260 | lrm: 1.00 | dt: 157ms | tok/sec: 835,918 | mfu: 20.2% | epoch: 1 | remaining: 212s    
step 00575 (29.5%) | loss: 3.262801 | lrm: 1.00 | dt: 157ms | tok/sec: 836,280 | mfu: 20.2% | epoch: 1 | remaining: 211s    
step 00576 (29.5%) | loss: 3.264522 | lrm: 1.00 | dt: 157ms | tok/sec: 835,942 | mfu: 20.2% | epoch: 1 | remaining: 211s    
step 00577 (29.6%) | loss: 3.257124 | lrm: 1.00 | dt: 157ms | tok/sec: 835,930 | mfu: 20.2% | epoch: 1 | remaining: 211s    
step 00578 (29.6%) | loss: 3.258684 | lrm: 1.00 | dt: 157ms | tok/sec: 835,937 | mfu: 20.2% | epoch: 1 | remaining: 211s    
step 00579 (29.7%) | loss: 3.254143 | lrm: 1.00 | dt: 157ms | tok/sec: 836,248 | mfu: 20.2% | epoch: 1 | remaining: 211s    
step 00580 (29.7%) | loss: 3.267393 | lrm: 1.00 | dt: 157ms | tok/sec: 836,038 | mfu: 20.2% | epoch: 1 | remaining: 211s    
step 00581 (29.8%) | loss: 3.268093 | lrm: 1.00 | dt: 157ms | tok/sec: 836,176 | mfu: 20.2% | epoch: 1 | remaining: 211s    
step 00582 (29.8%) | loss: 3.266915 | lrm: 1.00 | dt: 157ms | tok/sec: 836,246 | mfu: 20.2% | epoch: 1 | remaining: 210s    
step 00583 (29.9%) | loss: 3.269001 | lrm: 1.00 | dt: 157ms | tok/sec: 836,253 | mfu: 20.2% | epoch: 1 | remaining: 210s    
step 00584 (29.9%) | loss: 3.267325 | lrm: 1.00 | dt: 157ms | tok/sec: 836,136 | mfu: 20.2% | epoch: 1 | remaining: 210s    
step 00585 (30.0%) | loss: 3.265296 | lrm: 1.00 | dt: 157ms | tok/sec: 836,373 | mfu: 20.2% | epoch: 1 | remaining: 210s    
step 00586 (30.0%) | loss: 3.267141 | lrm: 1.00 | dt: 157ms | tok/sec: 836,211 | mfu: 20.2% | epoch: 1 | remaining: 210s    
step 00587 (30.1%) | loss: 3.266982 | lrm: 1.00 | dt: 157ms | tok/sec: 836,007 | mfu: 20.2% | epoch: 1 | remaining: 210s    
step 00588 (30.1%) | loss: 3.268425 | lrm: 1.00 | dt: 157ms | tok/sec: 836,350 | mfu: 20.2% | epoch: 1 | remaining: 209s    
step 00589 (30.2%) | loss: 3.263850 | lrm: 1.00 | dt: 157ms | tok/sec: 836,308 | mfu: 20.2% | epoch: 1 | remaining: 209s    
step 00590 (30.2%) | loss: 3.264763 | lrm: 1.00 | dt: 157ms | tok/sec: 836,546 | mfu: 20.2% | epoch: 1 | remaining: 209s    
step 00591 (30.3%) | loss: 3.269729 | lrm: 1.00 | dt: 157ms | tok/sec: 836,237 | mfu: 20.2% | epoch: 1 | remaining: 209s    
step 00592 (30.4%) | loss: 3.269308 | lrm: 0.99 | dt: 157ms | tok/sec: 836,349 | mfu: 20.2% | epoch: 1 | remaining: 209s    
step 00593 (30.4%) | loss: 3.272755 | lrm: 0.99 | dt: 157ms | tok/sec: 836,216 | mfu: 20.2% | epoch: 1 | remaining: 209s    
step 00594 (30.5%) | loss: 3.273763 | lrm: 0.99 | dt: 157ms | tok/sec: 836,168 | mfu: 20.2% | epoch: 1 | remaining: 208s    
step 00595 (30.5%) | loss: 3.278627 | lrm: 0.99 | dt: 157ms | tok/sec: 836,026 | mfu: 20.2% | epoch: 1 | remaining: 208s    
step 00596 (30.6%) | loss: 3.272768 | lrm: 0.99 | dt: 157ms | tok/sec: 836,418 | mfu: 20.2% | epoch: 1 | remaining: 208s    
step 00597 (30.6%) | loss: 3.268798 | lrm: 0.99 | dt: 157ms | tok/sec: 836,411 | mfu: 20.2% | epoch: 1 | remaining: 208s    
step 00598 (30.7%) | loss: 3.269216 | lrm: 0.99 | dt: 157ms | tok/sec: 836,209 | mfu: 20.2% | epoch: 1 | remaining: 208s    
step 00599 (30.7%) | loss: 3.269930 | lrm: 0.99 | dt: 157ms | tok/sec: 836,084 | mfu: 20.2% | epoch: 1 | remaining: 208s    
step 00600 (30.8%) | loss: 3.259276 | lrm: 0.99 | dt: 157ms | tok/sec: 835,854 | mfu: 20.2% | epoch: 1 | remaining: 208s    
step 00601 (30.8%) | loss: 3.254690 | lrm: 0.99 | dt: 157ms | tok/sec: 836,316 | mfu: 20.2% | epoch: 1 | remaining: 207s    
step 00602 (30.9%) | loss: 3.252423 | lrm: 0.99 | dt: 157ms | tok/sec: 836,209 | mfu: 20.2% | epoch: 1 | remaining: 207s    
step 00603 (30.9%) | loss: 3.246931 | lrm: 0.99 | dt: 157ms | tok/sec: 835,868 | mfu: 20.2% | epoch: 1 | remaining: 207s    
step 00604 (31.0%) | loss: 3.244343 | lrm: 0.99 | dt: 157ms | tok/sec: 836,243 | mfu: 20.2% | epoch: 1 | remaining: 207s    
step 00605 (31.0%) | loss: 3.248346 | lrm: 0.99 | dt: 157ms | tok/sec: 835,896 | mfu: 20.2% | epoch: 1 | remaining: 207s    
step 00606 (31.1%) | loss: 3.252208 | lrm: 0.98 | dt: 157ms | tok/sec: 836,051 | mfu: 20.2% | epoch: 1 | remaining: 207s    
step 00607 (31.1%) | loss: 3.251214 | lrm: 0.98 | dt: 157ms | tok/sec: 836,094 | mfu: 20.2% | epoch: 1 | remaining: 206s    
step 00608 (31.2%) | loss: 3.251037 | lrm: 0.98 | dt: 157ms | tok/sec: 836,049 | mfu: 20.2% | epoch: 1 | remaining: 206s    
step 00609 (31.2%) | loss: 3.255313 | lrm: 0.98 | dt: 157ms | tok/sec: 835,941 | mfu: 20.2% | epoch: 1 | remaining: 206s    
step 00610 (31.3%) | loss: 3.250750 | lrm: 0.98 | dt: 157ms | tok/sec: 836,012 | mfu: 20.2% | epoch: 1 | remaining: 206s    
step 00611 (31.3%) | loss: 3.253854 | lrm: 0.98 | dt: 157ms | tok/sec: 836,134 | mfu: 20.2% | epoch: 1 | remaining: 206s    
step 00612 (31.4%) | loss: 3.248296 | lrm: 0.98 | dt: 157ms | tok/sec: 836,206 | mfu: 20.2% | epoch: 1 | remaining: 206s    
step 00613 (31.4%) | loss: 3.248821 | lrm: 0.98 | dt: 157ms | tok/sec: 835,958 | mfu: 20.2% | epoch: 1 | remaining: 206s    
step 00614 (31.5%) | loss: 3.249817 | lrm: 0.98 | dt: 157ms | tok/sec: 836,087 | mfu: 20.2% | epoch: 1 | remaining: 205s    
step 00615 (31.6%) | loss: 3.250867 | lrm: 0.98 | dt: 157ms | tok/sec: 836,358 | mfu: 20.2% | epoch: 1 | remaining: 205s    
step 00616 (31.6%) | loss: 3.259643 | lrm: 0.98 | dt: 157ms | tok/sec: 836,531 | mfu: 20.2% | epoch: 1 | remaining: 205s    
step 00617 (31.7%) | loss: 3.260226 | lrm: 0.98 | dt: 157ms | tok/sec: 836,096 | mfu: 20.2% | epoch: 1 | remaining: 205s    
step 00618 (31.7%) | loss: 3.263028 | lrm: 0.98 | dt: 157ms | tok/sec: 836,013 | mfu: 20.2% | epoch: 1 | remaining: 205s    
step 00619 (31.8%) | loss: 3.260787 | lrm: 0.97 | dt: 157ms | tok/sec: 836,192 | mfu: 20.2% | epoch: 1 | remaining: 205s    
step 00620 (31.8%) | loss: 3.258857 | lrm: 0.97 | dt: 157ms | tok/sec: 836,014 | mfu: 20.2% | epoch: 1 | remaining: 204s    
step 00621 (31.9%) | loss: 3.262059 | lrm: 0.97 | dt: 157ms | tok/sec: 835,956 | mfu: 20.2% | epoch: 1 | remaining: 204s    
step 00622 (31.9%) | loss: 3.257571 | lrm: 0.97 | dt: 157ms | tok/sec: 835,932 | mfu: 20.2% | epoch: 1 | remaining: 204s    
step 00623 (32.0%) | loss: 3.256216 | lrm: 0.97 | dt: 157ms | tok/sec: 835,885 | mfu: 20.2% | epoch: 1 | remaining: 204s    
step 00624 (32.0%) | loss: 3.251565 | lrm: 0.97 | dt: 157ms | tok/sec: 835,900 | mfu: 20.2% | epoch: 1 | remaining: 204s    
step 00625 (32.1%) | loss: 3.251740 | lrm: 0.97 | dt: 157ms | tok/sec: 836,009 | mfu: 20.2% | epoch: 1 | remaining: 204s    
step 00626 (32.1%) | loss: 3.249536 | lrm: 0.97 | dt: 157ms | tok/sec: 836,307 | mfu: 20.2% | epoch: 1 | remaining: 203s    
step 00627 (32.2%) | loss: 3.247261 | lrm: 0.97 | dt: 157ms | tok/sec: 836,145 | mfu: 20.2% | epoch: 1 | remaining: 203s    
step 00628 (32.2%) | loss: 3.243142 | lrm: 0.97 | dt: 157ms | tok/sec: 836,488 | mfu: 20.2% | epoch: 1 | remaining: 203s    
step 00629 (32.3%) | loss: 3.241277 | lrm: 0.97 | dt: 157ms | tok/sec: 836,283 | mfu: 20.2% | epoch: 1 | remaining: 203s    
step 00630 (32.3%) | loss: 3.244126 | lrm: 0.97 | dt: 157ms | tok/sec: 836,306 | mfu: 20.2% | epoch: 1 | remaining: 203s    
step 00631 (32.4%) | loss: 3.241750 | lrm: 0.97 | dt: 157ms | tok/sec: 836,171 | mfu: 20.2% | epoch: 1 | remaining: 203s    
step 00632 (32.4%) | loss: 3.238510 | lrm: 0.97 | dt: 157ms | tok/sec: 836,058 | mfu: 20.2% | epoch: 1 | remaining: 203s    
step 00633 (32.5%) | loss: 3.236242 | lrm: 0.96 | dt: 157ms | tok/sec: 836,229 | mfu: 20.2% | epoch: 1 | remaining: 202s    
step 00634 (32.5%) | loss: 3.234424 | lrm: 0.96 | dt: 157ms | tok/sec: 836,141 | mfu: 20.2% | epoch: 1 | remaining: 202s    
step 00635 (32.6%) | loss: 3.236059 | lrm: 0.96 | dt: 157ms | tok/sec: 835,995 | mfu: 20.2% | epoch: 1 | remaining: 202s    
step 00636 (32.6%) | loss: 3.236479 | lrm: 0.96 | dt: 157ms | tok/sec: 835,725 | mfu: 20.2% | epoch: 1 | remaining: 202s    
step 00637 (32.7%) | loss: 3.239404 | lrm: 0.96 | dt: 157ms | tok/sec: 836,355 | mfu: 20.2% | epoch: 1 | remaining: 202s    
step 00638 (32.8%) | loss: 3.237825 | lrm: 0.96 | dt: 157ms | tok/sec: 835,878 | mfu: 20.2% | epoch: 1 | remaining: 202s    
step 00639 (32.8%) | loss: 3.236845 | lrm: 0.96 | dt: 157ms | tok/sec: 835,958 | mfu: 20.2% | epoch: 1 | remaining: 201s    
step 00640 (32.9%) | loss: 3.233661 | lrm: 0.96 | dt: 157ms | tok/sec: 836,173 | mfu: 20.2% | epoch: 1 | remaining: 201s    
step 00641 (32.9%) | loss: 3.229851 | lrm: 0.96 | dt: 157ms | tok/sec: 836,082 | mfu: 20.2% | epoch: 1 | remaining: 201s    
step 00642 (33.0%) | loss: 3.225468 | lrm: 0.96 | dt: 157ms | tok/sec: 836,033 | mfu: 20.2% | epoch: 1 | remaining: 201s    
step 00643 (33.0%) | loss: 3.224700 | lrm: 0.96 | dt: 157ms | tok/sec: 836,035 | mfu: 20.2% | epoch: 1 | remaining: 201s    
step 00644 (33.1%) | loss: 3.225556 | lrm: 0.96 | dt: 157ms | tok/sec: 836,393 | mfu: 20.2% | epoch: 1 | remaining: 201s    
step 00645 (33.1%) | loss: 3.229330 | lrm: 0.96 | dt: 157ms | tok/sec: 835,877 | mfu: 20.2% | epoch: 1 | remaining: 200s    
step 00646 (33.2%) | loss: 3.225452 | lrm: 0.95 | dt: 157ms | tok/sec: 836,238 | mfu: 20.2% | epoch: 1 | remaining: 200s    
step 00647 (33.2%) | loss: 3.225931 | lrm: 0.95 | dt: 157ms | tok/sec: 835,897 | mfu: 20.2% | epoch: 1 | remaining: 200s    
step 00648 (33.3%) | loss: 3.224624 | lrm: 0.95 | dt: 157ms | tok/sec: 836,046 | mfu: 20.2% | epoch: 1 | remaining: 200s    
step 00649 (33.3%) | loss: 3.226977 | lrm: 0.95 | dt: 157ms | tok/sec: 836,070 | mfu: 20.2% | epoch: 1 | remaining: 200s    
step 00650 (33.4%) | loss: 3.223112 | lrm: 0.95 | dt: 157ms | tok/sec: 836,421 | mfu: 20.2% | epoch: 1 | remaining: 200s    
step 00651 (33.4%) | loss: 3.224934 | lrm: 0.95 | dt: 157ms | tok/sec: 835,966 | mfu: 20.2% | epoch: 1 | remaining: 200s    
step 00652 (33.5%) | loss: 3.229668 | lrm: 0.95 | dt: 157ms | tok/sec: 836,182 | mfu: 20.2% | epoch: 1 | remaining: 199s    
step 00653 (33.5%) | loss: 3.231676 | lrm: 0.95 | dt: 157ms | tok/sec: 836,054 | mfu: 20.2% | epoch: 1 | remaining: 199s    
step 00654 (33.6%) | loss: 3.232790 | lrm: 0.95 | dt: 157ms | tok/sec: 836,451 | mfu: 20.2% | epoch: 1 | remaining: 199s    
step 00655 (33.6%) | loss: 3.226444 | lrm: 0.95 | dt: 157ms | tok/sec: 836,222 | mfu: 20.2% | epoch: 1 | remaining: 199s    
step 00656 (33.7%) | loss: 3.219899 | lrm: 0.95 | dt: 157ms | tok/sec: 836,317 | mfu: 20.2% | epoch: 1 | remaining: 199s    
step 00657 (33.7%) | loss: 3.221473 | lrm: 0.95 | dt: 157ms | tok/sec: 836,173 | mfu: 20.2% | epoch: 1 | remaining: 199s    
step 00658 (33.8%) | loss: 3.222467 | lrm: 0.95 | dt: 157ms | tok/sec: 836,355 | mfu: 20.2% | epoch: 1 | remaining: 198s    
step 00659 (33.9%) | loss: 3.223187 | lrm: 0.94 | dt: 157ms | tok/sec: 836,122 | mfu: 20.2% | epoch: 1 | remaining: 198s    
step 00660 (33.9%) | loss: 3.226554 | lrm: 0.94 | dt: 157ms | tok/sec: 835,855 | mfu: 20.2% | epoch: 1 | remaining: 198s    
step 00661 (34.0%) | loss: 3.226783 | lrm: 0.94 | dt: 157ms | tok/sec: 835,124 | mfu: 20.2% | epoch: 1 | remaining: 198s    
step 00662 (34.0%) | loss: 3.225710 | lrm: 0.94 | dt: 157ms | tok/sec: 835,638 | mfu: 20.2% | epoch: 1 | remaining: 198s    
step 00663 (34.1%) | loss: 3.221198 | lrm: 0.94 | dt: 157ms | tok/sec: 835,465 | mfu: 20.2% | epoch: 1 | remaining: 198s    
step 00664 (34.1%) | loss: 3.228065 | lrm: 0.94 | dt: 157ms | tok/sec: 836,074 | mfu: 20.2% | epoch: 1 | remaining: 198s    
step 00665 (34.2%) | loss: 3.222209 | lrm: 0.94 | dt: 157ms | tok/sec: 835,981 | mfu: 20.2% | epoch: 1 | remaining: 197s    
step 00666 (34.2%) | loss: 3.221534 | lrm: 0.94 | dt: 157ms | tok/sec: 836,493 | mfu: 20.2% | epoch: 1 | remaining: 197s    
step 00667 (34.3%) | loss: 3.220795 | lrm: 0.94 | dt: 157ms | tok/sec: 836,327 | mfu: 20.2% | epoch: 1 | remaining: 197s    
step 00668 (34.3%) | loss: 3.220102 | lrm: 0.94 | dt: 157ms | tok/sec: 835,891 | mfu: 20.2% | epoch: 1 | remaining: 197s    
step 00669 (34.4%) | loss: 3.219135 | lrm: 0.94 | dt: 157ms | tok/sec: 836,154 | mfu: 20.2% | epoch: 1 | remaining: 197s    
step 00670 (34.4%) | loss: 3.219339 | lrm: 0.94 | dt: 157ms | tok/sec: 835,947 | mfu: 20.2% | epoch: 1 | remaining: 197s    
step 00671 (34.5%) | loss: 3.219249 | lrm: 0.94 | dt: 157ms | tok/sec: 836,356 | mfu: 20.2% | epoch: 1 | remaining: 196s    
step 00672 (34.5%) | loss: 3.220429 | lrm: 0.94 | dt: 157ms | tok/sec: 836,061 | mfu: 20.2% | epoch: 1 | remaining: 196s    
step 00673 (34.6%) | loss: 3.217328 | lrm: 0.93 | dt: 157ms | tok/sec: 836,244 | mfu: 20.2% | epoch: 1 | remaining: 196s    
step 00674 (34.6%) | loss: 3.221939 | lrm: 0.93 | dt: 157ms | tok/sec: 835,587 | mfu: 20.2% | epoch: 1 | remaining: 196s    
step 00675 (34.7%) | loss: 3.221796 | lrm: 0.93 | dt: 157ms | tok/sec: 836,196 | mfu: 20.2% | epoch: 1 | remaining: 196s    
step 00676 (34.7%) | loss: 3.219798 | lrm: 0.93 | dt: 157ms | tok/sec: 836,228 | mfu: 20.2% | epoch: 1 | remaining: 196s    
step 00677 (34.8%) | loss: 3.221336 | lrm: 0.93 | dt: 157ms | tok/sec: 836,420 | mfu: 20.2% | epoch: 1 | remaining: 195s    
step 00678 (34.8%) | loss: 3.229776 | lrm: 0.93 | dt: 157ms | tok/sec: 836,045 | mfu: 20.2% | epoch: 1 | remaining: 195s    
step 00679 (34.9%) | loss: 3.232921 | lrm: 0.93 | dt: 157ms | tok/sec: 836,002 | mfu: 20.2% | epoch: 1 | remaining: 195s    
step 00680 (34.9%) | loss: 3.230443 | lrm: 0.93 | dt: 157ms | tok/sec: 835,915 | mfu: 20.2% | epoch: 1 | remaining: 195s    
step 00681 (35.0%) | loss: 3.224936 | lrm: 0.93 | dt: 157ms | tok/sec: 836,153 | mfu: 20.2% | epoch: 1 | remaining: 195s    
step 00682 (35.1%) | loss: 3.229631 | lrm: 0.93 | dt: 157ms | tok/sec: 835,615 | mfu: 20.2% | epoch: 1 | remaining: 195s    
step 00683 (35.1%) | loss: 3.231582 | lrm: 0.93 | dt: 157ms | tok/sec: 835,773 | mfu: 20.2% | epoch: 1 | remaining: 195s    
step 00684 (35.2%) | loss: 3.225370 | lrm: 0.93 | dt: 157ms | tok/sec: 835,801 | mfu: 20.2% | epoch: 1 | remaining: 194s    
step 00685 (35.2%) | loss: 3.220394 | lrm: 0.93 | dt: 157ms | tok/sec: 836,256 | mfu: 20.2% | epoch: 1 | remaining: 194s    
step 00686 (35.3%) | loss: 3.220286 | lrm: 0.92 | dt: 157ms | tok/sec: 836,111 | mfu: 20.2% | epoch: 1 | remaining: 194s    
step 00687 (35.3%) | loss: 3.213215 | lrm: 0.92 | dt: 157ms | tok/sec: 836,238 | mfu: 20.2% | epoch: 1 | remaining: 194s    
step 00688 (35.4%) | loss: 3.217956 | lrm: 0.92 | dt: 157ms | tok/sec: 835,890 | mfu: 20.2% | epoch: 1 | remaining: 194s    
step 00689 (35.4%) | loss: 3.214476 | lrm: 0.92 | dt: 157ms | tok/sec: 836,014 | mfu: 20.2% | epoch: 1 | remaining: 194s    
step 00690 (35.5%) | loss: 3.217860 | lrm: 0.92 | dt: 157ms | tok/sec: 836,462 | mfu: 20.2% | epoch: 1 | remaining: 193s    
step 00691 (35.5%) | loss: 3.220862 | lrm: 0.92 | dt: 157ms | tok/sec: 835,859 | mfu: 20.2% | epoch: 1 | remaining: 193s    
step 00692 (35.6%) | loss: 3.222358 | lrm: 0.92 | dt: 157ms | tok/sec: 836,225 | mfu: 20.2% | epoch: 1 | remaining: 193s    
step 00693 (35.6%) | loss: 3.221436 | lrm: 0.92 | dt: 157ms | tok/sec: 835,961 | mfu: 20.2% | epoch: 1 | remaining: 193s    
step 00694 (35.7%) | loss: 3.221785 | lrm: 0.92 | dt: 157ms | tok/sec: 835,864 | mfu: 20.2% | epoch: 1 | remaining: 193s    
step 00695 (35.7%) | loss: 3.220234 | lrm: 0.92 | dt: 157ms | tok/sec: 836,280 | mfu: 20.2% | epoch: 1 | remaining: 193s    
step 00696 (35.8%) | loss: 3.214351 | lrm: 0.92 | dt: 157ms | tok/sec: 836,269 | mfu: 20.2% | epoch: 1 | remaining: 192s    
step 00697 (35.8%) | loss: 3.216410 | lrm: 0.92 | dt: 157ms | tok/sec: 836,157 | mfu: 20.2% | epoch: 1 | remaining: 192s    
step 00698 (35.9%) | loss: 3.212573 | lrm: 0.92 | dt: 157ms | tok/sec: 836,088 | mfu: 20.2% | epoch: 1 | remaining: 192s    
step 00699 (35.9%) | loss: 3.213191 | lrm: 0.92 | dt: 157ms | tok/sec: 836,112 | mfu: 20.2% | epoch: 1 | remaining: 192s    
step 00700 (36.0%) | loss: 3.215196 | lrm: 0.91 | dt: 157ms | tok/sec: 835,972 | mfu: 20.2% | epoch: 1 | remaining: 192s    
step 00701 (36.0%) | loss: 3.215024 | lrm: 0.91 | dt: 157ms | tok/sec: 836,307 | mfu: 20.2% | epoch: 1 | remaining: 192s    
step 00702 (36.1%) | loss: 3.213734 | lrm: 0.91 | dt: 157ms | tok/sec: 836,182 | mfu: 20.2% | epoch: 1 | remaining: 192s    
step 00703 (36.2%) | loss: 3.202988 | lrm: 0.91 | dt: 157ms | tok/sec: 836,036 | mfu: 20.2% | epoch: 1 | remaining: 191s    
step 00704 (36.2%) | loss: 3.201722 | lrm: 0.91 | dt: 157ms | tok/sec: 836,180 | mfu: 20.2% | epoch: 1 | remaining: 191s    
step 00705 (36.3%) | loss: 3.200181 | lrm: 0.91 | dt: 157ms | tok/sec: 836,509 | mfu: 20.2% | epoch: 1 | remaining: 191s    
step 00706 (36.3%) | loss: 3.211306 | lrm: 0.91 | dt: 157ms | tok/sec: 836,349 | mfu: 20.2% | epoch: 1 | remaining: 191s    
step 00707 (36.4%) | loss: 3.211376 | lrm: 0.91 | dt: 157ms | tok/sec: 836,074 | mfu: 20.2% | epoch: 1 | remaining: 191s    
step 00708 (36.4%) | loss: 3.213357 | lrm: 0.91 | dt: 157ms | tok/sec: 836,161 | mfu: 20.2% | epoch: 1 | remaining: 191s    
step 00709 (36.5%) | loss: 3.211666 | lrm: 0.91 | dt: 157ms | tok/sec: 835,754 | mfu: 20.2% | epoch: 1 | remaining: 190s    
step 00710 (36.5%) | loss: 3.206025 | lrm: 0.91 | dt: 157ms | tok/sec: 836,051 | mfu: 20.2% | epoch: 1 | remaining: 190s    
step 00711 (36.6%) | loss: 3.196074 | lrm: 0.91 | dt: 157ms | tok/sec: 836,126 | mfu: 20.2% | epoch: 1 | remaining: 190s    
step 00712 (36.6%) | loss: 3.197842 | lrm: 0.91 | dt: 157ms | tok/sec: 836,215 | mfu: 20.2% | epoch: 1 | remaining: 190s    
step 00713 (36.7%) | loss: 3.197433 | lrm: 0.90 | dt: 157ms | tok/sec: 836,108 | mfu: 20.2% | epoch: 1 | remaining: 190s    
step 00714 (36.7%) | loss: 3.192551 | lrm: 0.90 | dt: 157ms | tok/sec: 836,308 | mfu: 20.2% | epoch: 1 | remaining: 190s    
step 00715 (36.8%) | loss: 3.196844 | lrm: 0.90 | dt: 157ms | tok/sec: 836,148 | mfu: 20.2% | epoch: 1 | remaining: 190s    
step 00716 (36.8%) | loss: 3.202856 | lrm: 0.90 | dt: 157ms | tok/sec: 836,246 | mfu: 20.2% | epoch: 1 | remaining: 189s    
step 00717 (36.9%) | loss: 3.201977 | lrm: 0.90 | dt: 157ms | tok/sec: 836,358 | mfu: 20.2% | epoch: 1 | remaining: 189s    
step 00718 (36.9%) | loss: 3.204436 | lrm: 0.90 | dt: 157ms | tok/sec: 836,059 | mfu: 20.2% | epoch: 1 | remaining: 189s    
step 00719 (37.0%) | loss: 3.200147 | lrm: 0.90 | dt: 157ms | tok/sec: 836,120 | mfu: 20.2% | epoch: 1 | remaining: 189s    
step 00720 (37.0%) | loss: 3.200156 | lrm: 0.90 | dt: 157ms | tok/sec: 836,265 | mfu: 20.2% | epoch: 1 | remaining: 189s    
step 00721 (37.1%) | loss: 3.197270 | lrm: 0.90 | dt: 157ms | tok/sec: 835,911 | mfu: 20.2% | epoch: 1 | remaining: 189s    
step 00722 (37.1%) | loss: 3.189958 | lrm: 0.90 | dt: 157ms | tok/sec: 835,598 | mfu: 20.2% | epoch: 1 | remaining: 188s    
step 00723 (37.2%) | loss: 3.183953 | lrm: 0.90 | dt: 157ms | tok/sec: 836,186 | mfu: 20.2% | epoch: 1 | remaining: 188s    
step 00724 (37.2%) | loss: 3.187995 | lrm: 0.90 | dt: 157ms | tok/sec: 835,961 | mfu: 20.2% | epoch: 1 | remaining: 188s    
step 00725 (37.3%) | loss: 3.187523 | lrm: 0.90 | dt: 157ms | tok/sec: 836,103 | mfu: 20.2% | epoch: 1 | remaining: 188s    
step 00726 (37.4%) | loss: 3.181033 | lrm: 0.89 | dt: 157ms | tok/sec: 835,976 | mfu: 20.2% | epoch: 1 | remaining: 188s    
step 00727 (37.4%) | loss: 3.183103 | lrm: 0.89 | dt: 157ms | tok/sec: 836,482 | mfu: 20.2% | epoch: 1 | remaining: 188s    
step 00728 (37.5%) | loss: 3.182069 | lrm: 0.89 | dt: 157ms | tok/sec: 836,101 | mfu: 20.2% | epoch: 1 | remaining: 187s    
step 00729 (37.5%) | loss: 3.180548 | lrm: 0.89 | dt: 157ms | tok/sec: 835,698 | mfu: 20.2% | epoch: 1 | remaining: 187s    
step 00730 (37.6%) | loss: 3.184182 | lrm: 0.89 | dt: 157ms | tok/sec: 835,965 | mfu: 20.2% | epoch: 1 | remaining: 187s    
step 00731 (37.6%) | loss: 3.184868 | lrm: 0.89 | dt: 157ms | tok/sec: 836,094 | mfu: 20.2% | epoch: 1 | remaining: 187s    
step 00732 (37.7%) | loss: 3.178915 | lrm: 0.89 | dt: 157ms | tok/sec: 836,276 | mfu: 20.2% | epoch: 1 | remaining: 187s    
step 00733 (37.7%) | loss: 3.174653 | lrm: 0.89 | dt: 157ms | tok/sec: 835,892 | mfu: 20.2% | epoch: 1 | remaining: 187s    
step 00734 (37.8%) | loss: 3.180433 | lrm: 0.89 | dt: 157ms | tok/sec: 836,169 | mfu: 20.2% | epoch: 1 | remaining: 187s    
step 00735 (37.8%) | loss: 3.177648 | lrm: 0.89 | dt: 157ms | tok/sec: 835,871 | mfu: 20.2% | epoch: 1 | remaining: 186s    
step 00736 (37.9%) | loss: 3.175124 | lrm: 0.89 | dt: 157ms | tok/sec: 836,176 | mfu: 20.2% | epoch: 1 | remaining: 186s    
step 00737 (37.9%) | loss: 3.169323 | lrm: 0.89 | dt: 157ms | tok/sec: 836,024 | mfu: 20.2% | epoch: 1 | remaining: 186s    
step 00738 (38.0%) | loss: 3.163661 | lrm: 0.89 | dt: 157ms | tok/sec: 836,294 | mfu: 20.2% | epoch: 1 | remaining: 186s    
step 00739 (38.0%) | loss: 3.160230 | lrm: 0.89 | dt: 157ms | tok/sec: 835,815 | mfu: 20.2% | epoch: 1 | remaining: 186s    
step 00740 (38.1%) | loss: 3.158694 | lrm: 0.88 | dt: 157ms | tok/sec: 836,256 | mfu: 20.2% | epoch: 1 | remaining: 186s    
step 00741 (38.1%) | loss: 3.165943 | lrm: 0.88 | dt: 157ms | tok/sec: 836,007 | mfu: 20.2% | epoch: 1 | remaining: 185s    
step 00742 (38.2%) | loss: 3.172553 | lrm: 0.88 | dt: 157ms | tok/sec: 836,238 | mfu: 20.2% | epoch: 1 | remaining: 185s    
step 00743 (38.2%) | loss: 3.174628 | lrm: 0.88 | dt: 157ms | tok/sec: 836,096 | mfu: 20.2% | epoch: 1 | remaining: 185s    
step 00744 (38.3%) | loss: 3.172978 | lrm: 0.88 | dt: 157ms | tok/sec: 835,923 | mfu: 20.2% | epoch: 1 | remaining: 185s    
step 00745 (38.3%) | loss: 3.171471 | lrm: 0.88 | dt: 157ms | tok/sec: 836,292 | mfu: 20.2% | epoch: 1 | remaining: 185s    
step 00746 (38.4%) | loss: 3.170834 | lrm: 0.88 | dt: 157ms | tok/sec: 835,890 | mfu: 20.2% | epoch: 1 | remaining: 185s    
step 00747 (38.4%) | loss: 3.171754 | lrm: 0.88 | dt: 157ms | tok/sec: 835,806 | mfu: 20.2% | epoch: 1 | remaining: 184s    
step 00748 (38.5%) | loss: 3.172663 | lrm: 0.88 | dt: 157ms | tok/sec: 836,028 | mfu: 20.2% | epoch: 1 | remaining: 184s    
step 00749 (38.6%) | loss: 3.165261 | lrm: 0.88 | dt: 157ms | tok/sec: 836,040 | mfu: 20.2% | epoch: 1 | remaining: 184s    
step 00750 (38.6%) | loss: 3.168031 | lrm: 0.88 | dt: 157ms | tok/sec: 835,831 | mfu: 20.2% | epoch: 1 | remaining: 184s    
step 00751 (38.7%) | loss: 3.160704 | lrm: 0.88 | dt: 157ms | tok/sec: 836,086 | mfu: 20.2% | epoch: 1 | remaining: 184s    
step 00752 (38.7%) | loss: 3.164060 | lrm: 0.88 | dt: 157ms | tok/sec: 836,163 | mfu: 20.2% | epoch: 1 | remaining: 184s    
step 00753 (38.8%) | loss: 3.159145 | lrm: 0.87 | dt: 157ms | tok/sec: 835,717 | mfu: 20.2% | epoch: 1 | remaining: 184s    
step 00754 (38.8%) | loss: 3.159030 | lrm: 0.87 | dt: 157ms | tok/sec: 835,877 | mfu: 20.2% | epoch: 1 | remaining: 183s    
step 00755 (38.9%) | loss: 3.153305 | lrm: 0.87 | dt: 157ms | tok/sec: 835,983 | mfu: 20.2% | epoch: 1 | remaining: 183s    
step 00756 (38.9%) | loss: 3.155567 | lrm: 0.87 | dt: 157ms | tok/sec: 836,349 | mfu: 20.2% | epoch: 1 | remaining: 183s    
step 00757 (39.0%) | loss: 3.159679 | lrm: 0.87 | dt: 157ms | tok/sec: 836,074 | mfu: 20.2% | epoch: 1 | remaining: 183s    
step 00758 (39.0%) | loss: 3.164667 | lrm: 0.87 | dt: 157ms | tok/sec: 835,969 | mfu: 20.2% | epoch: 1 | remaining: 183s    
step 00759 (39.1%) | loss: 3.174190 | lrm: 0.87 | dt: 157ms | tok/sec: 836,010 | mfu: 20.2% | epoch: 1 | remaining: 183s    
step 00760 (39.1%) | loss: 3.174221 | lrm: 0.87 | dt: 157ms | tok/sec: 836,113 | mfu: 20.2% | epoch: 1 | remaining: 182s    
step 00761 (39.2%) | loss: 3.172493 | lrm: 0.87 | dt: 157ms | tok/sec: 836,318 | mfu: 20.2% | epoch: 1 | remaining: 182s    
step 00762 (39.2%) | loss: 3.177122 | lrm: 0.87 | dt: 157ms | tok/sec: 836,136 | mfu: 20.2% | epoch: 1 | remaining: 182s    
step 00763 (39.3%) | loss: 3.177267 | lrm: 0.87 | dt: 157ms | tok/sec: 836,115 | mfu: 20.2% | epoch: 1 | remaining: 182s    
step 00764 (39.3%) | loss: 3.179412 | lrm: 0.87 | dt: 157ms | tok/sec: 836,320 | mfu: 20.2% | epoch: 1 | remaining: 182s    
step 00765 (39.4%) | loss: 3.178140 | lrm: 0.87 | dt: 157ms | tok/sec: 836,214 | mfu: 20.2% | epoch: 1 | remaining: 182s    
step 00766 (39.4%) | loss: 3.183078 | lrm: 0.87 | dt: 157ms | tok/sec: 836,159 | mfu: 20.2% | epoch: 1 | remaining: 182s    
step 00767 (39.5%) | loss: 3.179240 | lrm: 0.86 | dt: 157ms | tok/sec: 836,098 | mfu: 20.2% | epoch: 1 | remaining: 181s    
step 00768 (39.5%) | loss: 3.178260 | lrm: 0.86 | dt: 157ms | tok/sec: 835,980 | mfu: 20.2% | epoch: 1 | remaining: 181s    
step 00769 (39.6%) | loss: 3.181617 | lrm: 0.86 | dt: 157ms | tok/sec: 835,961 | mfu: 20.2% | epoch: 1 | remaining: 181s    
step 00770 (39.7%) | loss: 3.179789 | lrm: 0.86 | dt: 157ms | tok/sec: 835,886 | mfu: 20.2% | epoch: 1 | remaining: 181s    
step 00771 (39.7%) | loss: 3.180507 | lrm: 0.86 | dt: 157ms | tok/sec: 836,250 | mfu: 20.2% | epoch: 1 | remaining: 181s    
step 00772 (39.8%) | loss: 3.171938 | lrm: 0.86 | dt: 157ms | tok/sec: 836,107 | mfu: 20.2% | epoch: 1 | remaining: 181s    
step 00773 (39.8%) | loss: 3.171121 | lrm: 0.86 | dt: 157ms | tok/sec: 836,013 | mfu: 20.2% | epoch: 1 | remaining: 180s    
step 00774 (39.9%) | loss: 3.169487 | lrm: 0.86 | dt: 157ms | tok/sec: 836,158 | mfu: 20.2% | epoch: 1 | remaining: 180s    
step 00775 (39.9%) | loss: 3.174225 | lrm: 0.86 | dt: 157ms | tok/sec: 836,223 | mfu: 20.2% | epoch: 1 | remaining: 180s    
step 00776 (40.0%) | loss: 3.169432 | lrm: 0.86 | dt: 157ms | tok/sec: 836,054 | mfu: 20.2% | epoch: 1 | remaining: 180s    
step 00777 (40.0%) | loss: 3.166779 | lrm: 0.86 | dt: 157ms | tok/sec: 836,200 | mfu: 20.2% | epoch: 1 | remaining: 180s    
step 00778 (40.1%) | loss: 3.162932 | lrm: 0.86 | dt: 157ms | tok/sec: 836,105 | mfu: 20.2% | epoch: 1 | remaining: 180s    
step 00779 (40.1%) | loss: 3.157397 | lrm: 0.86 | dt: 157ms | tok/sec: 835,744 | mfu: 20.2% | epoch: 1 | remaining: 179s    
step 00780 (40.2%) | loss: 3.164475 | lrm: 0.85 | dt: 157ms | tok/sec: 835,953 | mfu: 20.2% | epoch: 1 | remaining: 179s    
step 00781 (40.2%) | loss: 3.162074 | lrm: 0.85 | dt: 157ms | tok/sec: 835,949 | mfu: 20.2% | epoch: 1 | remaining: 179s    
step 00782 (40.3%) | loss: 3.159131 | lrm: 0.85 | dt: 157ms | tok/sec: 835,905 | mfu: 20.2% | epoch: 1 | remaining: 179s    
step 00783 (40.3%) | loss: 3.164087 | lrm: 0.85 | dt: 157ms | tok/sec: 836,256 | mfu: 20.2% | epoch: 1 | remaining: 179s    
step 00784 (40.4%) | loss: 3.166472 | lrm: 0.85 | dt: 157ms | tok/sec: 836,332 | mfu: 20.2% | epoch: 1 | remaining: 179s    
step 00785 (40.4%) | loss: 3.161350 | lrm: 0.85 | dt: 157ms | tok/sec: 836,189 | mfu: 20.2% | epoch: 1 | remaining: 179s    
step 00786 (40.5%) | loss: 3.164727 | lrm: 0.85 | dt: 157ms | tok/sec: 835,872 | mfu: 20.2% | epoch: 1 | remaining: 178s    
step 00787 (40.5%) | loss: 3.166153 | lrm: 0.85 | dt: 157ms | tok/sec: 836,336 | mfu: 20.2% | epoch: 1 | remaining: 178s    
step 00788 (40.6%) | loss: 3.164353 | lrm: 0.85 | dt: 157ms | tok/sec: 836,049 | mfu: 20.2% | epoch: 1 | remaining: 178s    
step 00789 (40.6%) | loss: 3.165036 | lrm: 0.85 | dt: 157ms | tok/sec: 836,185 | mfu: 20.2% | epoch: 1 | remaining: 178s    
step 00790 (40.7%) | loss: 3.166271 | lrm: 0.85 | dt: 157ms | tok/sec: 836,107 | mfu: 20.2% | epoch: 1 | remaining: 178s    
step 00791 (40.7%) | loss: 3.164412 | lrm: 0.85 | dt: 157ms | tok/sec: 835,902 | mfu: 20.2% | epoch: 1 | remaining: 178s    
step 00792 (40.8%) | loss: 3.163291 | lrm: 0.85 | dt: 157ms | tok/sec: 835,915 | mfu: 20.2% | epoch: 1 | remaining: 177s    
step 00793 (40.9%) | loss: 3.169820 | lrm: 0.84 | dt: 157ms | tok/sec: 836,064 | mfu: 20.2% | epoch: 1 | remaining: 177s    
step 00794 (40.9%) | loss: 3.168919 | lrm: 0.84 | dt: 157ms | tok/sec: 835,919 | mfu: 20.2% | epoch: 1 | remaining: 177s    
step 00795 (41.0%) | loss: 3.153032 | lrm: 0.84 | dt: 157ms | tok/sec: 836,218 | mfu: 20.2% | epoch: 1 | remaining: 177s    
step 00796 (41.0%) | loss: 3.147284 | lrm: 0.84 | dt: 157ms | tok/sec: 836,237 | mfu: 20.2% | epoch: 1 | remaining: 177s    
step 00797 (41.1%) | loss: 3.149091 | lrm: 0.84 | dt: 157ms | tok/sec: 836,220 | mfu: 20.2% | epoch: 1 | remaining: 177s    
step 00798 (41.1%) | loss: 3.150757 | lrm: 0.84 | dt: 157ms | tok/sec: 835,929 | mfu: 20.2% | epoch: 1 | remaining: 176s    
step 00799 (41.2%) | loss: 3.147699 | lrm: 0.84 | dt: 157ms | tok/sec: 835,998 | mfu: 20.2% | epoch: 1 | remaining: 176s    
step 00800 (41.2%) | loss: 3.147727 | lrm: 0.84 | dt: 157ms | tok/sec: 835,925 | mfu: 20.2% | epoch: 1 | remaining: 176s    
step 00801 (41.3%) | loss: 3.145683 | lrm: 0.84 | dt: 157ms | tok/sec: 835,727 | mfu: 20.2% | epoch: 1 | remaining: 176s    
step 00802 (41.3%) | loss: 3.146154 | lrm: 0.84 | dt: 157ms | tok/sec: 835,318 | mfu: 20.2% | epoch: 1 | remaining: 176s    
step 00803 (41.4%) | loss: 3.146228 | lrm: 0.84 | dt: 157ms | tok/sec: 835,622 | mfu: 20.2% | epoch: 1 | remaining: 176s    
step 00804 (41.4%) | loss: 3.148155 | lrm: 0.84 | dt: 157ms | tok/sec: 835,740 | mfu: 20.2% | epoch: 1 | remaining: 176s    
step 00805 (41.5%) | loss: 3.151514 | lrm: 0.84 | dt: 157ms | tok/sec: 836,058 | mfu: 20.2% | epoch: 1 | remaining: 175s    
step 00806 (41.5%) | loss: 3.150230 | lrm: 0.84 | dt: 157ms | tok/sec: 836,066 | mfu: 20.2% | epoch: 1 | remaining: 175s    
step 00807 (41.6%) | loss: 3.153269 | lrm: 0.83 | dt: 157ms | tok/sec: 836,218 | mfu: 20.2% | epoch: 1 | remaining: 175s    
step 00808 (41.6%) | loss: 3.157007 | lrm: 0.83 | dt: 157ms | tok/sec: 836,191 | mfu: 20.2% | epoch: 1 | remaining: 175s    
step 00809 (41.7%) | loss: 3.152563 | lrm: 0.83 | dt: 157ms | tok/sec: 835,960 | mfu: 20.2% | epoch: 1 | remaining: 175s    
step 00810 (41.7%) | loss: 3.151955 | lrm: 0.83 | dt: 157ms | tok/sec: 835,977 | mfu: 20.2% | epoch: 1 | remaining: 175s    
step 00811 (41.8%) | loss: 3.156686 | lrm: 0.83 | dt: 157ms | tok/sec: 836,134 | mfu: 20.2% | epoch: 1 | remaining: 174s    
step 00812 (41.8%) | loss: 3.154623 | lrm: 0.83 | dt: 157ms | tok/sec: 836,219 | mfu: 20.2% | epoch: 1 | remaining: 174s    
step 00813 (41.9%) | loss: 3.153034 | lrm: 0.83 | dt: 157ms | tok/sec: 836,209 | mfu: 20.2% | epoch: 1 | remaining: 174s    
step 00814 (42.0%) | loss: 3.152472 | lrm: 0.83 | dt: 157ms | tok/sec: 836,107 | mfu: 20.2% | epoch: 1 | remaining: 174s    
step 00815 (42.0%) | loss: 3.150821 | lrm: 0.83 | dt: 157ms | tok/sec: 836,336 | mfu: 20.2% | epoch: 1 | remaining: 174s    
step 00816 (42.1%) | loss: 3.153318 | lrm: 0.83 | dt: 157ms | tok/sec: 836,542 | mfu: 20.2% | epoch: 1 | remaining: 174s    
step 00817 (42.1%) | loss: 3.148242 | lrm: 0.83 | dt: 157ms | tok/sec: 836,143 | mfu: 20.2% | epoch: 1 | remaining: 174s    
step 00818 (42.2%) | loss: 3.141734 | lrm: 0.83 | dt: 157ms | tok/sec: 836,097 | mfu: 20.2% | epoch: 1 | remaining: 173s    
step 00819 (42.2%) | loss: 3.144533 | lrm: 0.83 | dt: 157ms | tok/sec: 836,088 | mfu: 20.2% | epoch: 1 | remaining: 173s    
step 00820 (42.3%) | loss: 3.143028 | lrm: 0.82 | dt: 157ms | tok/sec: 836,195 | mfu: 20.2% | epoch: 1 | remaining: 173s    
step 00821 (42.3%) | loss: 3.144469 | lrm: 0.82 | dt: 157ms | tok/sec: 836,241 | mfu: 20.2% | epoch: 1 | remaining: 173s    
step 00822 (42.4%) | loss: 3.135544 | lrm: 0.82 | dt: 157ms | tok/sec: 836,133 | mfu: 20.2% | epoch: 1 | remaining: 173s    
step 00823 (42.4%) | loss: 3.128924 | lrm: 0.82 | dt: 157ms | tok/sec: 836,115 | mfu: 20.2% | epoch: 1 | remaining: 173s    
step 00824 (42.5%) | loss: 3.129568 | lrm: 0.82 | dt: 157ms | tok/sec: 835,601 | mfu: 20.2% | epoch: 1 | remaining: 172s    
step 00825 (42.5%) | loss: 3.135142 | lrm: 0.82 | dt: 157ms | tok/sec: 836,023 | mfu: 20.2% | epoch: 1 | remaining: 172s    
step 00826 (42.6%) | loss: 3.133780 | lrm: 0.82 | dt: 157ms | tok/sec: 836,279 | mfu: 20.2% | epoch: 1 | remaining: 172s    
step 00827 (42.6%) | loss: 3.134207 | lrm: 0.82 | dt: 157ms | tok/sec: 836,004 | mfu: 20.2% | epoch: 1 | remaining: 172s    
step 00828 (42.7%) | loss: 3.132475 | lrm: 0.82 | dt: 157ms | tok/sec: 835,750 | mfu: 20.2% | epoch: 1 | remaining: 172s    
step 00829 (42.7%) | loss: 3.133322 | lrm: 0.82 | dt: 157ms | tok/sec: 835,920 | mfu: 20.2% | epoch: 1 | remaining: 172s    
step 00830 (42.8%) | loss: 3.134835 | lrm: 0.82 | dt: 157ms | tok/sec: 835,922 | mfu: 20.2% | epoch: 1 | remaining: 171s    
step 00831 (42.8%) | loss: 3.132836 | lrm: 0.82 | dt: 157ms | tok/sec: 836,401 | mfu: 20.2% | epoch: 1 | remaining: 171s    
step 00832 (42.9%) | loss: 3.129083 | lrm: 0.82 | dt: 157ms | tok/sec: 836,246 | mfu: 20.2% | epoch: 1 | remaining: 171s    
step 00833 (42.9%) | loss: 3.132891 | lrm: 0.82 | dt: 157ms | tok/sec: 836,275 | mfu: 20.2% | epoch: 1 | remaining: 171s    
step 00834 (43.0%) | loss: 3.137125 | lrm: 0.81 | dt: 157ms | tok/sec: 836,298 | mfu: 20.2% | epoch: 1 | remaining: 171s    
step 00835 (43.0%) | loss: 3.136094 | lrm: 0.81 | dt: 157ms | tok/sec: 836,065 | mfu: 20.2% | epoch: 1 | remaining: 171s    
step 00836 (43.1%) | loss: 3.134187 | lrm: 0.81 | dt: 157ms | tok/sec: 836,328 | mfu: 20.2% | epoch: 1 | remaining: 171s    
step 00837 (43.2%) | loss: 3.136984 | lrm: 0.81 | dt: 157ms | tok/sec: 836,220 | mfu: 20.2% | epoch: 1 | remaining: 170s    
step 00838 (43.2%) | loss: 3.132043 | lrm: 0.81 | dt: 157ms | tok/sec: 836,276 | mfu: 20.2% | epoch: 1 | remaining: 170s    
step 00839 (43.3%) | loss: 3.134030 | lrm: 0.81 | dt: 157ms | tok/sec: 836,030 | mfu: 20.2% | epoch: 1 | remaining: 170s    
step 00840 (43.3%) | loss: 3.136532 | lrm: 0.81 | dt: 157ms | tok/sec: 836,368 | mfu: 20.2% | epoch: 1 | remaining: 170s    
step 00841 (43.4%) | loss: 3.136895 | lrm: 0.81 | dt: 157ms | tok/sec: 835,970 | mfu: 20.2% | epoch: 1 | remaining: 170s    
step 00842 (43.4%) | loss: 3.136614 | lrm: 0.81 | dt: 157ms | tok/sec: 835,170 | mfu: 20.2% | epoch: 1 | remaining: 170s    
step 00843 (43.5%) | loss: 3.127573 | lrm: 0.81 | dt: 157ms | tok/sec: 835,581 | mfu: 20.2% | epoch: 1 | remaining: 169s    
step 00844 (43.5%) | loss: 3.130107 | lrm: 0.81 | dt: 157ms | tok/sec: 836,070 | mfu: 20.2% | epoch: 1 | remaining: 169s    
step 00845 (43.6%) | loss: 3.126821 | lrm: 0.81 | dt: 157ms | tok/sec: 835,740 | mfu: 20.2% | epoch: 1 | remaining: 169s    
step 00846 (43.6%) | loss: 3.132811 | lrm: 0.81 | dt: 157ms | tok/sec: 835,880 | mfu: 20.2% | epoch: 1 | remaining: 169s    
step 00847 (43.7%) | loss: 3.138560 | lrm: 0.80 | dt: 157ms | tok/sec: 836,190 | mfu: 20.2% | epoch: 1 | remaining: 169s    
step 00848 (43.7%) | loss: 3.143061 | lrm: 0.80 | dt: 157ms | tok/sec: 836,322 | mfu: 20.2% | epoch: 1 | remaining: 169s    
step 00849 (43.8%) | loss: 3.143003 | lrm: 0.80 | dt: 157ms | tok/sec: 836,018 | mfu: 20.2% | epoch: 1 | remaining: 169s    
step 00850 (43.8%) | loss: 3.138768 | lrm: 0.80 | dt: 157ms | tok/sec: 836,522 | mfu: 20.2% | epoch: 1 | remaining: 168s    
step 00851 (43.9%) | loss: 3.133062 | lrm: 0.80 | dt: 157ms | tok/sec: 836,091 | mfu: 20.2% | epoch: 1 | remaining: 168s    
step 00852 (43.9%) | loss: 3.132670 | lrm: 0.80 | dt: 157ms | tok/sec: 836,143 | mfu: 20.2% | epoch: 1 | remaining: 168s    
step 00853 (44.0%) | loss: 3.132636 | lrm: 0.80 | dt: 157ms | tok/sec: 836,168 | mfu: 20.2% | epoch: 1 | remaining: 168s    
step 00854 (44.0%) | loss: 3.129711 | lrm: 0.80 | dt: 157ms | tok/sec: 836,045 | mfu: 20.2% | epoch: 1 | remaining: 168s    
step 00855 (44.1%) | loss: 3.124566 | lrm: 0.80 | dt: 157ms | tok/sec: 835,965 | mfu: 20.2% | epoch: 1 | remaining: 168s    
step 00856 (44.1%) | loss: 3.116811 | lrm: 0.80 | dt: 157ms | tok/sec: 836,028 | mfu: 20.2% | epoch: 1 | remaining: 167s    
step 00857 (44.2%) | loss: 3.119184 | lrm: 0.80 | dt: 157ms | tok/sec: 836,377 | mfu: 20.2% | epoch: 1 | remaining: 167s    
step 00858 (44.3%) | loss: 3.117296 | lrm: 0.80 | dt: 157ms | tok/sec: 836,370 | mfu: 20.2% | epoch: 1 | remaining: 167s    
step 00859 (44.3%) | loss: 3.116356 | lrm: 0.80 | dt: 157ms | tok/sec: 836,327 | mfu: 20.2% | epoch: 1 | remaining: 167s    
step 00860 (44.4%) | loss: 3.118682 | lrm: 0.79 | dt: 157ms | tok/sec: 835,904 | mfu: 20.2% | epoch: 1 | remaining: 167s    
step 00861 (44.4%) | loss: 3.123089 | lrm: 0.79 | dt: 157ms | tok/sec: 836,158 | mfu: 20.2% | epoch: 1 | remaining: 167s    
step 00862 (44.5%) | loss: 3.119627 | lrm: 0.79 | dt: 157ms | tok/sec: 836,252 | mfu: 20.2% | epoch: 1 | remaining: 166s    
step 00863 (44.5%) | loss: 3.120552 | lrm: 0.79 | dt: 157ms | tok/sec: 835,913 | mfu: 20.2% | epoch: 1 | remaining: 166s    
step 00864 (44.6%) | loss: 3.118217 | lrm: 0.79 | dt: 157ms | tok/sec: 836,185 | mfu: 20.2% | epoch: 1 | remaining: 166s    
step 00865 (44.6%) | loss: 3.113664 | lrm: 0.79 | dt: 157ms | tok/sec: 836,108 | mfu: 20.2% | epoch: 1 | remaining: 166s    
step 00866 (44.7%) | loss: 3.117282 | lrm: 0.79 | dt: 157ms | tok/sec: 836,559 | mfu: 20.2% | epoch: 1 | remaining: 166s    
step 00867 (44.7%) | loss: 3.120053 | lrm: 0.79 | dt: 157ms | tok/sec: 836,377 | mfu: 20.2% | epoch: 1 | remaining: 166s    
step 00868 (44.8%) | loss: 3.122869 | lrm: 0.79 | dt: 157ms | tok/sec: 836,272 | mfu: 20.2% | epoch: 1 | remaining: 166s    
step 00869 (44.8%) | loss: 3.127336 | lrm: 0.79 | dt: 157ms | tok/sec: 835,861 | mfu: 20.2% | epoch: 1 | remaining: 165s    
step 00870 (44.9%) | loss: 3.124364 | lrm: 0.79 | dt: 157ms | tok/sec: 836,177 | mfu: 20.2% | epoch: 1 | remaining: 165s    
step 00871 (44.9%) | loss: 3.132243 | lrm: 0.79 | dt: 157ms | tok/sec: 836,316 | mfu: 20.2% | epoch: 1 | remaining: 165s    
step 00872 (45.0%) | loss: 3.134966 | lrm: 0.79 | dt: 157ms | tok/sec: 836,426 | mfu: 20.2% | epoch: 1 | remaining: 165s    
step 00873 (45.0%) | loss: 3.128746 | lrm: 0.79 | dt: 157ms | tok/sec: 836,260 | mfu: 20.2% | epoch: 1 | remaining: 165s    
step 00874 (45.1%) | loss: 3.125243 | lrm: 0.78 | dt: 157ms | tok/sec: 836,175 | mfu: 20.2% | epoch: 1 | remaining: 165s    
step 00875 (45.1%) | loss: 3.126560 | lrm: 0.78 | dt: 157ms | tok/sec: 836,119 | mfu: 20.2% | epoch: 1 | remaining: 164s    
step 00876 (45.2%) | loss: 3.132602 | lrm: 0.78 | dt: 157ms | tok/sec: 836,236 | mfu: 20.2% | epoch: 1 | remaining: 164s    
step 00877 (45.2%) | loss: 3.127323 | lrm: 0.78 | dt: 157ms | tok/sec: 836,382 | mfu: 20.2% | epoch: 1 | remaining: 164s    
step 00878 (45.3%) | loss: 3.126712 | lrm: 0.78 | dt: 157ms | tok/sec: 834,981 | mfu: 20.2% | epoch: 1 | remaining: 164s    
step 00879 (45.3%) | loss: 3.128371 | lrm: 0.78 | dt: 157ms | tok/sec: 835,985 | mfu: 20.2% | epoch: 1 | remaining: 164s    
step 00880 (45.4%) | loss: 3.127951 | lrm: 0.78 | dt: 157ms | tok/sec: 836,327 | mfu: 20.2% | epoch: 1 | remaining: 164s    
step 00881 (45.5%) | loss: 3.128918 | lrm: 0.78 | dt: 157ms | tok/sec: 836,107 | mfu: 20.2% | epoch: 1 | remaining: 163s    
step 00882 (45.5%) | loss: 3.126014 | lrm: 0.78 | dt: 157ms | tok/sec: 835,919 | mfu: 20.2% | epoch: 1 | remaining: 163s    
step 00883 (45.6%) | loss: 3.135386 | lrm: 0.78 | dt: 157ms | tok/sec: 835,951 | mfu: 20.2% | epoch: 1 | remaining: 163s    
step 00884 (45.6%) | loss: 3.133335 | lrm: 0.78 | dt: 157ms | tok/sec: 835,824 | mfu: 20.2% | epoch: 1 | remaining: 163s    
step 00885 (45.7%) | loss: 3.136587 | lrm: 0.78 | dt: 157ms | tok/sec: 836,460 | mfu: 20.2% | epoch: 1 | remaining: 163s    
step 00886 (45.7%) | loss: 3.140003 | lrm: 0.78 | dt: 157ms | tok/sec: 836,134 | mfu: 20.2% | epoch: 1 | remaining: 163s    
step 00887 (45.8%) | loss: 3.141126 | lrm: 0.77 | dt: 157ms | tok/sec: 836,164 | mfu: 20.2% | epoch: 1 | remaining: 163s    
step 00888 (45.8%) | loss: 3.131171 | lrm: 0.77 | dt: 157ms | tok/sec: 836,078 | mfu: 20.2% | epoch: 1 | remaining: 162s    
step 00889 (45.9%) | loss: 3.119222 | lrm: 0.77 | dt: 157ms | tok/sec: 836,178 | mfu: 20.2% | epoch: 1 | remaining: 162s    
step 00890 (45.9%) | loss: 3.117543 | lrm: 0.77 | dt: 157ms | tok/sec: 836,299 | mfu: 20.2% | epoch: 1 | remaining: 162s    
step 00891 (46.0%) | loss: 3.115576 | lrm: 0.77 | dt: 157ms | tok/sec: 836,223 | mfu: 20.2% | epoch: 1 | remaining: 162s    
step 00892 (46.0%) | loss: 3.110260 | lrm: 0.77 | dt: 157ms | tok/sec: 836,162 | mfu: 20.2% | epoch: 1 | remaining: 162s    
step 00893 (46.1%) | loss: 3.113372 | lrm: 0.77 | dt: 157ms | tok/sec: 836,080 | mfu: 20.2% | epoch: 1 | remaining: 162s    
step 00894 (46.1%) | loss: 3.117137 | lrm: 0.77 | dt: 157ms | tok/sec: 836,280 | mfu: 20.2% | epoch: 1 | remaining: 161s    
step 00895 (46.2%) | loss: 3.119597 | lrm: 0.77 | dt: 157ms | tok/sec: 836,155 | mfu: 20.2% | epoch: 1 | remaining: 161s    
step 00896 (46.2%) | loss: 3.117089 | lrm: 0.77 | dt: 157ms | tok/sec: 836,345 | mfu: 20.2% | epoch: 1 | remaining: 161s    
step 00897 (46.3%) | loss: 3.118013 | lrm: 0.77 | dt: 157ms | tok/sec: 836,116 | mfu: 20.2% | epoch: 1 | remaining: 161s    
step 00898 (46.3%) | loss: 3.122102 | lrm: 0.77 | dt: 157ms | tok/sec: 836,484 | mfu: 20.2% | epoch: 1 | remaining: 161s    
step 00899 (46.4%) | loss: 3.118339 | lrm: 0.77 | dt: 157ms | tok/sec: 836,183 | mfu: 20.2% | epoch: 1 | remaining: 161s    
step 00900 (46.4%) | loss: 3.123982 | lrm: 0.77 | dt: 157ms | tok/sec: 836,230 | mfu: 20.2% | epoch: 1 | remaining: 161s    
step 00901 (46.5%) | loss: 3.121300 | lrm: 0.76 | dt: 157ms | tok/sec: 835,971 | mfu: 20.2% | epoch: 1 | remaining: 160s    
step 00902 (46.5%) | loss: 3.127849 | lrm: 0.76 | dt: 157ms | tok/sec: 836,044 | mfu: 20.2% | epoch: 1 | remaining: 160s    
step 00903 (46.6%) | loss: 3.123020 | lrm: 0.76 | dt: 157ms | tok/sec: 836,168 | mfu: 20.2% | epoch: 1 | remaining: 160s    
step 00904 (46.7%) | loss: 3.128924 | lrm: 0.76 | dt: 157ms | tok/sec: 836,325 | mfu: 20.2% | epoch: 1 | remaining: 160s    
step 00905 (46.7%) | loss: 3.128770 | lrm: 0.76 | dt: 157ms | tok/sec: 836,122 | mfu: 20.2% | epoch: 1 | remaining: 160s    
step 00906 (46.8%) | loss: 3.126291 | lrm: 0.76 | dt: 157ms | tok/sec: 835,857 | mfu: 20.2% | epoch: 1 | remaining: 160s    
step 00907 (46.8%) | loss: 3.134543 | lrm: 0.76 | dt: 157ms | tok/sec: 836,234 | mfu: 20.2% | epoch: 1 | remaining: 159s    
step 00908 (46.9%) | loss: 3.129163 | lrm: 0.76 | dt: 157ms | tok/sec: 835,957 | mfu: 20.2% | epoch: 1 | remaining: 159s    
step 00909 (46.9%) | loss: 3.127518 | lrm: 0.76 | dt: 157ms | tok/sec: 836,284 | mfu: 20.2% | epoch: 1 | remaining: 159s    
step 00910 (47.0%) | loss: 3.126688 | lrm: 0.76 | dt: 157ms | tok/sec: 835,980 | mfu: 20.2% | epoch: 1 | remaining: 159s    
step 00911 (47.0%) | loss: 3.126632 | lrm: 0.76 | dt: 157ms | tok/sec: 836,121 | mfu: 20.2% | epoch: 1 | remaining: 159s    
step 00912 (47.1%) | loss: 3.126634 | lrm: 0.76 | dt: 157ms | tok/sec: 836,023 | mfu: 20.2% | epoch: 1 | remaining: 159s    
step 00913 (47.1%) | loss: 3.130771 | lrm: 0.76 | dt: 157ms | tok/sec: 836,205 | mfu: 20.2% | epoch: 1 | remaining: 158s    
step 00914 (47.2%) | loss: 3.131009 | lrm: 0.75 | dt: 157ms | tok/sec: 835,970 | mfu: 20.2% | epoch: 1 | remaining: 158s    
step 00915 (47.2%) | loss: 3.127872 | lrm: 0.75 | dt: 157ms | tok/sec: 835,886 | mfu: 20.2% | epoch: 1 | remaining: 158s    
step 00916 (47.3%) | loss: 3.125930 | lrm: 0.75 | dt: 157ms | tok/sec: 835,984 | mfu: 20.2% | epoch: 1 | remaining: 158s    
step 00917 (47.3%) | loss: 3.127874 | lrm: 0.75 | dt: 157ms | tok/sec: 836,144 | mfu: 20.2% | epoch: 1 | remaining: 158s    
step 00918 (47.4%) | loss: 3.120980 | lrm: 0.75 | dt: 157ms | tok/sec: 836,115 | mfu: 20.2% | epoch: 1 | remaining: 158s    
step 00919 (47.4%) | loss: 3.125534 | lrm: 0.75 | dt: 157ms | tok/sec: 836,344 | mfu: 20.2% | epoch: 1 | remaining: 158s    
step 00920 (47.5%) | loss: 3.125746 | lrm: 0.75 | dt: 157ms | tok/sec: 836,004 | mfu: 20.2% | epoch: 1 | remaining: 157s    
step 00921 (47.5%) | loss: 3.125187 | lrm: 0.75 | dt: 157ms | tok/sec: 835,925 | mfu: 20.2% | epoch: 1 | remaining: 157s    
step 00922 (47.6%) | loss: 3.131057 | lrm: 0.75 | dt: 157ms | tok/sec: 835,949 | mfu: 20.2% | epoch: 1 | remaining: 157s    
step 00923 (47.6%) | loss: 3.129224 | lrm: 0.75 | dt: 157ms | tok/sec: 836,278 | mfu: 20.2% | epoch: 1 | remaining: 157s    
step 00924 (47.7%) | loss: 3.131369 | lrm: 0.75 | dt: 157ms | tok/sec: 836,489 | mfu: 20.2% | epoch: 1 | remaining: 157s    
step 00925 (47.8%) | loss: 3.131127 | lrm: 0.75 | dt: 157ms | tok/sec: 836,510 | mfu: 20.2% | epoch: 1 | remaining: 157s    
step 00926 (47.8%) | loss: 3.137119 | lrm: 0.75 | dt: 157ms | tok/sec: 836,374 | mfu: 20.2% | epoch: 1 | remaining: 156s    
step 00927 (47.9%) | loss: 3.132065 | lrm: 0.74 | dt: 157ms | tok/sec: 836,022 | mfu: 20.2% | epoch: 1 | remaining: 156s    
step 00928 (47.9%) | loss: 3.122220 | lrm: 0.74 | dt: 157ms | tok/sec: 836,195 | mfu: 20.2% | epoch: 1 | remaining: 156s    
step 00929 (48.0%) | loss: 3.121723 | lrm: 0.74 | dt: 157ms | tok/sec: 836,369 | mfu: 20.2% | epoch: 1 | remaining: 156s    
step 00930 (48.0%) | loss: 3.116524 | lrm: 0.74 | dt: 157ms | tok/sec: 836,147 | mfu: 20.2% | epoch: 1 | remaining: 156s    
step 00931 (48.1%) | loss: 3.117516 | lrm: 0.74 | dt: 157ms | tok/sec: 835,772 | mfu: 20.2% | epoch: 1 | remaining: 156s    
step 00932 (48.1%) | loss: 3.113582 | lrm: 0.74 | dt: 157ms | tok/sec: 836,008 | mfu: 20.2% | epoch: 1 | remaining: 155s    
step 00933 (48.2%) | loss: 3.115611 | lrm: 0.74 | dt: 157ms | tok/sec: 836,387 | mfu: 20.2% | epoch: 1 | remaining: 155s    
step 00934 (48.2%) | loss: 3.107847 | lrm: 0.74 | dt: 157ms | tok/sec: 836,209 | mfu: 20.2% | epoch: 1 | remaining: 155s    
step 00935 (48.3%) | loss: 3.111210 | lrm: 0.74 | dt: 157ms | tok/sec: 835,951 | mfu: 20.2% | epoch: 1 | remaining: 155s    
step 00936 (48.3%) | loss: 3.112014 | lrm: 0.74 | dt: 157ms | tok/sec: 836,269 | mfu: 20.2% | epoch: 1 | remaining: 155s    
step 00937 (48.4%) | loss: 3.120883 | lrm: 0.74 | dt: 157ms | tok/sec: 836,383 | mfu: 20.2% | epoch: 1 | remaining: 155s    
step 00938 (48.4%) | loss: 3.124894 | lrm: 0.74 | dt: 157ms | tok/sec: 835,979 | mfu: 20.2% | epoch: 1 | remaining: 155s    
step 00939 (48.5%) | loss: 3.117088 | lrm: 0.74 | dt: 157ms | tok/sec: 836,037 | mfu: 20.2% | epoch: 1 | remaining: 154s    
step 00940 (48.5%) | loss: 3.112639 | lrm: 0.74 | dt: 157ms | tok/sec: 836,157 | mfu: 20.2% | epoch: 1 | remaining: 154s    
step 00941 (48.6%) | loss: 3.116471 | lrm: 0.73 | dt: 157ms | tok/sec: 836,274 | mfu: 20.2% | epoch: 1 | remaining: 154s    
step 00942 (48.6%) | loss: 3.122204 | lrm: 0.73 | dt: 157ms | tok/sec: 836,107 | mfu: 20.2% | epoch: 1 | remaining: 154s    
step 00943 (48.7%) | loss: 3.111265 | lrm: 0.73 | dt: 157ms | tok/sec: 835,981 | mfu: 20.2% | epoch: 1 | remaining: 154s    
step 00944 (48.7%) | loss: 3.109110 | lrm: 0.73 | dt: 157ms | tok/sec: 835,928 | mfu: 20.2% | epoch: 1 | remaining: 154s    
step 00945 (48.8%) | loss: 3.107791 | lrm: 0.73 | dt: 157ms | tok/sec: 835,723 | mfu: 20.2% | epoch: 1 | remaining: 153s    
step 00946 (48.8%) | loss: 3.109916 | lrm: 0.73 | dt: 157ms | tok/sec: 836,233 | mfu: 20.2% | epoch: 1 | remaining: 153s    
step 00947 (48.9%) | loss: 3.104653 | lrm: 0.73 | dt: 157ms | tok/sec: 836,251 | mfu: 20.2% | epoch: 1 | remaining: 153s    
step 00948 (49.0%) | loss: 3.110077 | lrm: 0.73 | dt: 157ms | tok/sec: 836,066 | mfu: 20.2% | epoch: 1 | remaining: 153s    
step 00949 (49.0%) | loss: 3.116078 | lrm: 0.73 | dt: 157ms | tok/sec: 835,861 | mfu: 20.2% | epoch: 1 | remaining: 153s    
step 00950 (49.1%) | loss: 3.111440 | lrm: 0.73 | dt: 157ms | tok/sec: 836,203 | mfu: 20.2% | epoch: 1 | remaining: 153s    
step 00951 (49.1%) | loss: 3.105619 | lrm: 0.73 | dt: 157ms | tok/sec: 835,994 | mfu: 20.2% | epoch: 1 | remaining: 153s    
step 00952 (49.2%) | loss: 3.112132 | lrm: 0.73 | dt: 157ms | tok/sec: 836,304 | mfu: 20.2% | epoch: 1 | remaining: 152s    
step 00953 (49.2%) | loss: 3.107982 | lrm: 0.73 | dt: 157ms | tok/sec: 836,056 | mfu: 20.2% | epoch: 1 | remaining: 152s    
step 00954 (49.3%) | loss: 3.113034 | lrm: 0.72 | dt: 157ms | tok/sec: 835,925 | mfu: 20.2% | epoch: 1 | remaining: 152s    
step 00955 (49.3%) | loss: 3.111513 | lrm: 0.72 | dt: 157ms | tok/sec: 835,852 | mfu: 20.2% | epoch: 1 | remaining: 152s    
step 00956 (49.4%) | loss: 3.111120 | lrm: 0.72 | dt: 157ms | tok/sec: 836,121 | mfu: 20.2% | epoch: 1 | remaining: 152s    
step 00957 (49.4%) | loss: 3.118023 | lrm: 0.72 | dt: 157ms | tok/sec: 836,215 | mfu: 20.2% | epoch: 1 | remaining: 152s    
step 00958 (49.5%) | loss: 3.111171 | lrm: 0.72 | dt: 157ms | tok/sec: 836,129 | mfu: 20.2% | epoch: 1 | remaining: 151s    
step 00959 (49.5%) | loss: 3.113853 | lrm: 0.72 | dt: 157ms | tok/sec: 835,946 | mfu: 20.2% | epoch: 1 | remaining: 151s    
step 00960 (49.6%) | loss: 3.112311 | lrm: 0.72 | dt: 157ms | tok/sec: 835,970 | mfu: 20.2% | epoch: 1 | remaining: 151s    
step 00961 (49.6%) | loss: 3.104874 | lrm: 0.72 | dt: 157ms | tok/sec: 836,056 | mfu: 20.2% | epoch: 1 | remaining: 151s    
step 00962 (49.7%) | loss: 3.101516 | lrm: 0.72 | dt: 157ms | tok/sec: 836,482 | mfu: 20.2% | epoch: 1 | remaining: 151s    
step 00963 (49.7%) | loss: 3.095931 | lrm: 0.72 | dt: 157ms | tok/sec: 836,415 | mfu: 20.2% | epoch: 1 | remaining: 151s    
step 00964 (49.8%) | loss: 3.090342 | lrm: 0.72 | dt: 157ms | tok/sec: 836,230 | mfu: 20.2% | epoch: 1 | remaining: 150s    
step 00965 (49.8%) | loss: 3.082583 | lrm: 0.72 | dt: 157ms | tok/sec: 836,031 | mfu: 20.2% | epoch: 1 | remaining: 150s    
step 00966 (49.9%) | loss: 3.082634 | lrm: 0.72 | dt: 157ms | tok/sec: 835,924 | mfu: 20.2% | epoch: 1 | remaining: 150s    
step 00967 (49.9%) | loss: 3.086577 | lrm: 0.72 | dt: 157ms | tok/sec: 836,122 | mfu: 20.2% | epoch: 1 | remaining: 150s    
step 00968 (50.0%) | loss: 3.087942 | lrm: 0.71 | dt: 157ms | tok/sec: 835,935 | mfu: 20.2% | epoch: 1 | remaining: 150s    
step 00969 (50.1%) | loss: 3.084483 | lrm: 0.71 | dt: 157ms | tok/sec: 835,924 | mfu: 20.2% | epoch: 1 | remaining: 150s    
step 00970 (50.1%) | loss: 3.090001 | lrm: 0.71 | dt: 157ms | tok/sec: 836,141 | mfu: 20.2% | epoch: 1 | remaining: 150s    
step 00971 (50.2%) | loss: 3.091321 | lrm: 0.71 | dt: 157ms | tok/sec: 835,783 | mfu: 20.2% | epoch: 1 | remaining: 149s    
step 00972 (50.2%) | loss: 3.094568 | lrm: 0.71 | dt: 157ms | tok/sec: 836,677 | mfu: 20.2% | epoch: 1 | remaining: 149s    
step 00973 (50.3%) | loss: 3.098711 | lrm: 0.71 | dt: 157ms | tok/sec: 836,192 | mfu: 20.2% | epoch: 1 | remaining: 149s    
step 00974 (50.3%) | loss: 3.102434 | lrm: 0.71 | dt: 157ms | tok/sec: 836,153 | mfu: 20.2% | epoch: 1 | remaining: 149s    
step 00975 (50.4%) | loss: 3.099481 | lrm: 0.71 | dt: 157ms | tok/sec: 836,143 | mfu: 20.2% | epoch: 1 | remaining: 149s    
step 00976 (50.4%) | loss: 3.104108 | lrm: 0.71 | dt: 157ms | tok/sec: 836,133 | mfu: 20.2% | epoch: 1 | remaining: 149s    
step 00977 (50.5%) | loss: 3.105709 | lrm: 0.71 | dt: 157ms | tok/sec: 835,876 | mfu: 20.2% | epoch: 1 | remaining: 148s    
step 00978 (50.5%) | loss: 3.106647 | lrm: 0.71 | dt: 157ms | tok/sec: 836,526 | mfu: 20.2% | epoch: 1 | remaining: 148s    
step 00979 (50.6%) | loss: 3.104539 | lrm: 0.71 | dt: 157ms | tok/sec: 836,112 | mfu: 20.2% | epoch: 1 | remaining: 148s    
step 00980 (50.6%) | loss: 3.110322 | lrm: 0.71 | dt: 157ms | tok/sec: 836,192 | mfu: 20.2% | epoch: 1 | remaining: 148s    
step 00981 (50.7%) | loss: 3.105698 | lrm: 0.70 | dt: 157ms | tok/sec: 836,388 | mfu: 20.2% | epoch: 1 | remaining: 148s    
step 00982 (50.7%) | loss: 3.101056 | lrm: 0.70 | dt: 157ms | tok/sec: 835,974 | mfu: 20.2% | epoch: 1 | remaining: 148s    
step 00983 (50.8%) | loss: 3.091434 | lrm: 0.70 | dt: 157ms | tok/sec: 836,105 | mfu: 20.2% | epoch: 1 | remaining: 147s    
step 00984 (50.8%) | loss: 3.090910 | lrm: 0.70 | dt: 157ms | tok/sec: 835,857 | mfu: 20.2% | epoch: 1 | remaining: 147s    
step 00985 (50.9%) | loss: 3.085369 | lrm: 0.70 | dt: 157ms | tok/sec: 836,269 | mfu: 20.2% | epoch: 1 | remaining: 147s    
step 00986 (50.9%) | loss: 3.080076 | lrm: 0.70 | dt: 157ms | tok/sec: 836,004 | mfu: 20.2% | epoch: 1 | remaining: 147s    
step 00987 (51.0%) | loss: 3.080491 | lrm: 0.70 | dt: 157ms | tok/sec: 836,119 | mfu: 20.2% | epoch: 1 | remaining: 147s    
step 00988 (51.0%) | loss: 3.088382 | lrm: 0.70 | dt: 157ms | tok/sec: 836,316 | mfu: 20.2% | epoch: 1 | remaining: 147s    
step 00989 (51.1%) | loss: 3.089436 | lrm: 0.70 | dt: 157ms | tok/sec: 836,028 | mfu: 20.2% | epoch: 1 | remaining: 147s    
step 00990 (51.1%) | loss: 3.083336 | lrm: 0.70 | dt: 157ms | tok/sec: 836,176 | mfu: 20.2% | epoch: 1 | remaining: 146s    
step 00991 (51.2%) | loss: 3.074392 | lrm: 0.70 | dt: 157ms | tok/sec: 836,164 | mfu: 20.2% | epoch: 1 | remaining: 146s    
step 00992 (51.3%) | loss: 3.072299 | lrm: 0.70 | dt: 157ms | tok/sec: 836,004 | mfu: 20.2% | epoch: 1 | remaining: 146s    
step 00993 (51.3%) | loss: 3.074420 | lrm: 0.70 | dt: 157ms | tok/sec: 836,378 | mfu: 20.2% | epoch: 1 | remaining: 146s    
step 00994 (51.4%) | loss: 3.077610 | lrm: 0.69 | dt: 157ms | tok/sec: 836,321 | mfu: 20.2% | epoch: 1 | remaining: 146s    
step 00995 (51.4%) | loss: 3.080103 | lrm: 0.69 | dt: 157ms | tok/sec: 836,495 | mfu: 20.2% | epoch: 1 | remaining: 146s    
step 00996 (51.5%) | loss: 3.082765 | lrm: 0.69 | dt: 157ms | tok/sec: 835,939 | mfu: 20.2% | epoch: 1 | remaining: 145s    
step 00997 (51.5%) | loss: 3.086385 | lrm: 0.69 | dt: 157ms | tok/sec: 836,224 | mfu: 20.2% | epoch: 1 | remaining: 145s    
step 00998 (51.6%) | loss: 3.084461 | lrm: 0.69 | dt: 157ms | tok/sec: 836,208 | mfu: 20.2% | epoch: 1 | remaining: 145s    
step 00999 (51.6%) | loss: 3.088694 | lrm: 0.69 | dt: 157ms | tok/sec: 836,098 | mfu: 20.2% | epoch: 1 | remaining: 145s    
step 01000 (51.7%) | loss: 3.080094 | lrm: 0.69 | dt: 157ms | tok/sec: 835,943 | mfu: 20.2% | epoch: 1 | remaining: 145s    
step 01001 (51.7%) | loss: 3.078312 | lrm: 0.69 | dt: 157ms | tok/sec: 835,652 | mfu: 20.2% | epoch: 1 | remaining: 145s    
step 01002 (51.8%) | loss: 3.079219 | lrm: 0.69 | dt: 157ms | tok/sec: 834,995 | mfu: 20.2% | epoch: 1 | remaining: 145s    
step 01003 (51.8%) | loss: 3.081452 | lrm: 0.69 | dt: 157ms | tok/sec: 835,507 | mfu: 20.2% | epoch: 1 | remaining: 144s    
step 01004 (51.9%) | loss: 3.082086 | lrm: 0.69 | dt: 157ms | tok/sec: 836,199 | mfu: 20.2% | epoch: 1 | remaining: 144s    
step 01005 (51.9%) | loss: 3.079480 | lrm: 0.69 | dt: 157ms | tok/sec: 835,789 | mfu: 20.2% | epoch: 1 | remaining: 144s    
step 01006 (52.0%) | loss: 3.083606 | lrm: 0.69 | dt: 157ms | tok/sec: 836,119 | mfu: 20.2% | epoch: 1 | remaining: 144s    
step 01007 (52.0%) | loss: 3.086596 | lrm: 0.69 | dt: 157ms | tok/sec: 836,203 | mfu: 20.2% | epoch: 1 | remaining: 144s    
step 01008 (52.1%) | loss: 3.085197 | lrm: 0.68 | dt: 157ms | tok/sec: 836,267 | mfu: 20.2% | epoch: 1 | remaining: 144s    
step 01009 (52.1%) | loss: 3.085256 | lrm: 0.68 | dt: 157ms | tok/sec: 836,058 | mfu: 20.2% | epoch: 1 | remaining: 143s    
step 01010 (52.2%) | loss: 3.088659 | lrm: 0.68 | dt: 157ms | tok/sec: 836,024 | mfu: 20.2% | epoch: 1 | remaining: 143s    
step 01011 (52.2%) | loss: 3.090432 | lrm: 0.68 | dt: 157ms | tok/sec: 836,279 | mfu: 20.2% | epoch: 1 | remaining: 143s    
step 01012 (52.3%) | loss: 3.094547 | lrm: 0.68 | dt: 157ms | tok/sec: 836,169 | mfu: 20.2% | epoch: 1 | remaining: 143s    
step 01013 (52.3%) | loss: 3.086939 | lrm: 0.68 | dt: 157ms | tok/sec: 836,077 | mfu: 20.2% | epoch: 1 | remaining: 143s    
step 01014 (52.4%) | loss: 3.096305 | lrm: 0.68 | dt: 157ms | tok/sec: 836,021 | mfu: 20.2% | epoch: 1 | remaining: 143s    
step 01015 (52.5%) | loss: 3.093160 | lrm: 0.68 | dt: 157ms | tok/sec: 836,175 | mfu: 20.2% | epoch: 1 | remaining: 142s    
step 01016 (52.5%) | loss: 3.086229 | lrm: 0.68 | dt: 157ms | tok/sec: 836,196 | mfu: 20.2% | epoch: 1 | remaining: 142s    
step 01017 (52.6%) | loss: 3.074028 | lrm: 0.68 | dt: 157ms | tok/sec: 835,969 | mfu: 20.2% | epoch: 1 | remaining: 142s    
step 01018 (52.6%) | loss: 3.078168 | lrm: 0.68 | dt: 157ms | tok/sec: 836,074 | mfu: 20.2% | epoch: 1 | remaining: 142s    
step 01019 (52.7%) | loss: 3.084527 | lrm: 0.68 | dt: 157ms | tok/sec: 835,919 | mfu: 20.2% | epoch: 1 | remaining: 142s    
step 01020 (52.7%) | loss: 3.075797 | lrm: 0.68 | dt: 157ms | tok/sec: 835,939 | mfu: 20.2% | epoch: 1 | remaining: 142s    
step 01021 (52.8%) | loss: 3.078359 | lrm: 0.67 | dt: 157ms | tok/sec: 836,089 | mfu: 20.2% | epoch: 1 | remaining: 142s    
step 01022 (52.8%) | loss: 3.082149 | lrm: 0.67 | dt: 157ms | tok/sec: 836,322 | mfu: 20.2% | epoch: 1 | remaining: 141s    
step 01023 (52.9%) | loss: 3.080706 | lrm: 0.67 | dt: 157ms | tok/sec: 835,991 | mfu: 20.2% | epoch: 1 | remaining: 141s    
step 01024 (52.9%) | loss: 3.076854 | lrm: 0.67 | dt: 157ms | tok/sec: 835,919 | mfu: 20.2% | epoch: 1 | remaining: 141s    
step 01025 (53.0%) | loss: 3.079580 | lrm: 0.67 | dt: 157ms | tok/sec: 836,419 | mfu: 20.2% | epoch: 1 | remaining: 141s    
step 01026 (53.0%) | loss: 3.074694 | lrm: 0.67 | dt: 157ms | tok/sec: 836,155 | mfu: 20.2% | epoch: 1 | remaining: 141s    
step 01027 (53.1%) | loss: 3.073620 | lrm: 0.67 | dt: 157ms | tok/sec: 836,223 | mfu: 20.2% | epoch: 1 | remaining: 141s    
step 01028 (53.1%) | loss: 3.076139 | lrm: 0.67 | dt: 157ms | tok/sec: 835,915 | mfu: 20.2% | epoch: 1 | remaining: 140s    
step 01029 (53.2%) | loss: 3.067168 | lrm: 0.67 | dt: 157ms | tok/sec: 835,995 | mfu: 20.2% | epoch: 1 | remaining: 140s    
step 01030 (53.2%) | loss: 3.065731 | lrm: 0.67 | dt: 157ms | tok/sec: 836,112 | mfu: 20.2% | epoch: 1 | remaining: 140s    
step 01031 (53.3%) | loss: 3.074247 | lrm: 0.67 | dt: 157ms | tok/sec: 836,194 | mfu: 20.2% | epoch: 1 | remaining: 140s    
step 01032 (53.3%) | loss: 3.070334 | lrm: 0.67 | dt: 157ms | tok/sec: 836,307 | mfu: 20.2% | epoch: 1 | remaining: 140s    
step 01033 (53.4%) | loss: 3.074087 | lrm: 0.67 | dt: 157ms | tok/sec: 836,092 | mfu: 20.2% | epoch: 1 | remaining: 140s    
step 01034 (53.4%) | loss: 3.071700 | lrm: 0.67 | dt: 157ms | tok/sec: 836,008 | mfu: 20.2% | epoch: 1 | remaining: 140s    
step 01035 (53.5%) | loss: 3.065537 | lrm: 0.66 | dt: 157ms | tok/sec: 836,189 | mfu: 20.2% | epoch: 1 | remaining: 139s    
step 01036 (53.6%) | loss: 3.066403 | lrm: 0.66 | dt: 157ms | tok/sec: 836,316 | mfu: 20.2% | epoch: 1 | remaining: 139s    
step 01037 (53.6%) | loss: 3.072047 | lrm: 0.66 | dt: 157ms | tok/sec: 836,255 | mfu: 20.2% | epoch: 1 | remaining: 139s    
step 01038 (53.7%) | loss: 3.073411 | lrm: 0.66 | dt: 157ms | tok/sec: 836,197 | mfu: 20.2% | epoch: 1 | remaining: 139s    
step 01039 (53.7%) | loss: 3.074301 | lrm: 0.66 | dt: 157ms | tok/sec: 836,256 | mfu: 20.2% | epoch: 1 | remaining: 139s    
step 01040 (53.8%) | loss: 3.078201 | lrm: 0.66 | dt: 157ms | tok/sec: 835,997 | mfu: 20.2% | epoch: 1 | remaining: 139s    
step 01041 (53.8%) | loss: 3.076510 | lrm: 0.66 | dt: 157ms | tok/sec: 836,175 | mfu: 20.2% | epoch: 1 | remaining: 138s    
step 01042 (53.9%) | loss: 3.078701 | lrm: 0.66 | dt: 157ms | tok/sec: 836,082 | mfu: 20.2% | epoch: 1 | remaining: 138s    
step 01043 (53.9%) | loss: 3.074927 | lrm: 0.66 | dt: 157ms | tok/sec: 836,065 | mfu: 20.2% | epoch: 1 | remaining: 138s    
step 01044 (54.0%) | loss: 3.077680 | lrm: 0.66 | dt: 157ms | tok/sec: 836,189 | mfu: 20.2% | epoch: 1 | remaining: 138s    
step 01045 (54.0%) | loss: 3.072388 | lrm: 0.66 | dt: 157ms | tok/sec: 835,902 | mfu: 20.2% | epoch: 1 | remaining: 138s    
step 01046 (54.1%) | loss: 3.073617 | lrm: 0.66 | dt: 157ms | tok/sec: 836,086 | mfu: 20.2% | epoch: 1 | remaining: 138s    
step 01047 (54.1%) | loss: 3.068925 | lrm: 0.66 | dt: 157ms | tok/sec: 836,284 | mfu: 20.2% | epoch: 1 | remaining: 137s    
step 01048 (54.2%) | loss: 3.071072 | lrm: 0.65 | dt: 157ms | tok/sec: 835,981 | mfu: 20.2% | epoch: 1 | remaining: 137s    
step 01049 (54.2%) | loss: 3.074704 | lrm: 0.65 | dt: 157ms | tok/sec: 836,190 | mfu: 20.2% | epoch: 1 | remaining: 137s    
step 01050 (54.3%) | loss: 3.072899 | lrm: 0.65 | dt: 157ms | tok/sec: 836,138 | mfu: 20.2% | epoch: 1 | remaining: 137s    
step 01051 (54.3%) | loss: 3.076980 | lrm: 0.65 | dt: 157ms | tok/sec: 836,084 | mfu: 20.2% | epoch: 1 | remaining: 137s    
step 01052 (54.4%) | loss: 3.070366 | lrm: 0.65 | dt: 157ms | tok/sec: 836,052 | mfu: 20.2% | epoch: 1 | remaining: 137s    
step 01053 (54.4%) | loss: 3.070805 | lrm: 0.65 | dt: 157ms | tok/sec: 836,344 | mfu: 20.2% | epoch: 1 | remaining: 137s    
step 01054 (54.5%) | loss: 3.065668 | lrm: 0.65 | dt: 157ms | tok/sec: 835,910 | mfu: 20.2% | epoch: 1 | remaining: 136s    
step 01055 (54.5%) | loss: 3.071810 | lrm: 0.65 | dt: 157ms | tok/sec: 836,102 | mfu: 20.2% | epoch: 1 | remaining: 136s    
step 01056 (54.6%) | loss: 3.071502 | lrm: 0.65 | dt: 157ms | tok/sec: 836,256 | mfu: 20.2% | epoch: 1 | remaining: 136s    
step 01057 (54.6%) | loss: 3.066463 | lrm: 0.65 | dt: 157ms | tok/sec: 835,848 | mfu: 20.2% | epoch: 1 | remaining: 136s    
step 01058 (54.7%) | loss: 3.066573 | lrm: 0.65 | dt: 157ms | tok/sec: 836,194 | mfu: 20.2% | epoch: 1 | remaining: 136s    
step 01059 (54.8%) | loss: 3.070836 | lrm: 0.65 | dt: 157ms | tok/sec: 836,009 | mfu: 20.2% | epoch: 1 | remaining: 136s    
step 01060 (54.8%) | loss: 3.076261 | lrm: 0.65 | dt: 157ms | tok/sec: 836,074 | mfu: 20.2% | epoch: 1 | remaining: 135s    
step 01061 (54.9%) | loss: 3.066193 | lrm: 0.64 | dt: 157ms | tok/sec: 835,910 | mfu: 20.2% | epoch: 1 | remaining: 135s    
step 01062 (54.9%) | loss: 3.065668 | lrm: 0.64 | dt: 157ms | tok/sec: 835,747 | mfu: 20.2% | epoch: 1 | remaining: 135s    
step 01063 (55.0%) | loss: 3.066161 | lrm: 0.64 | dt: 157ms | tok/sec: 836,093 | mfu: 20.2% | epoch: 1 | remaining: 135s    
step 01064 (55.0%) | loss: 3.059069 | lrm: 0.64 | dt: 157ms | tok/sec: 836,008 | mfu: 20.2% | epoch: 1 | remaining: 135s    
step 01065 (55.1%) | loss: 3.067406 | lrm: 0.64 | dt: 157ms | tok/sec: 835,966 | mfu: 20.2% | epoch: 1 | remaining: 135s    
step 01066 (55.1%) | loss: 3.064809 | lrm: 0.64 | dt: 157ms | tok/sec: 835,873 | mfu: 20.2% | epoch: 1 | remaining: 134s    
step 01067 (55.2%) | loss: 3.060777 | lrm: 0.64 | dt: 157ms | tok/sec: 835,909 | mfu: 20.2% | epoch: 1 | remaining: 134s    
step 01068 (55.2%) | loss: 3.062651 | lrm: 0.64 | dt: 157ms | tok/sec: 836,365 | mfu: 20.2% | epoch: 1 | remaining: 134s    
step 01069 (55.3%) | loss: 3.057100 | lrm: 0.64 | dt: 157ms | tok/sec: 835,989 | mfu: 20.2% | epoch: 1 | remaining: 134s    
step 01070 (55.3%) | loss: 3.060198 | lrm: 0.64 | dt: 157ms | tok/sec: 836,166 | mfu: 20.2% | epoch: 1 | remaining: 134s    
step 01071 (55.4%) | loss: 3.053924 | lrm: 0.64 | dt: 157ms | tok/sec: 836,083 | mfu: 20.2% | epoch: 1 | remaining: 134s    
step 01072 (55.4%) | loss: 3.054550 | lrm: 0.64 | dt: 157ms | tok/sec: 835,951 | mfu: 20.2% | epoch: 1 | remaining: 134s    
step 01073 (55.5%) | loss: 3.046085 | lrm: 0.64 | dt: 157ms | tok/sec: 836,126 | mfu: 20.2% | epoch: 1 | remaining: 133s    
step 01074 (55.5%) | loss: 3.043348 | lrm: 0.64 | dt: 157ms | tok/sec: 835,471 | mfu: 20.2% | epoch: 1 | remaining: 133s    
step 01075 (55.6%) | loss: 3.050218 | lrm: 0.63 | dt: 157ms | tok/sec: 836,005 | mfu: 20.2% | epoch: 1 | remaining: 133s    
step 01076 (55.6%) | loss: 3.054510 | lrm: 0.63 | dt: 157ms | tok/sec: 835,997 | mfu: 20.2% | epoch: 1 | remaining: 133s    
step 01077 (55.7%) | loss: 3.056917 | lrm: 0.63 | dt: 157ms | tok/sec: 836,206 | mfu: 20.2% | epoch: 1 | remaining: 133s    
step 01078 (55.7%) | loss: 3.057408 | lrm: 0.63 | dt: 157ms | tok/sec: 835,871 | mfu: 20.2% | epoch: 1 | remaining: 133s    
step 01079 (55.8%) | loss: 3.051619 | lrm: 0.63 | dt: 157ms | tok/sec: 836,303 | mfu: 20.2% | epoch: 1 | remaining: 132s    
step 01080 (55.9%) | loss: 3.054915 | lrm: 0.63 | dt: 157ms | tok/sec: 836,106 | mfu: 20.2% | epoch: 1 | remaining: 132s    
step 01081 (55.9%) | loss: 3.055294 | lrm: 0.63 | dt: 157ms | tok/sec: 836,381 | mfu: 20.2% | epoch: 1 | remaining: 132s    
step 01082 (56.0%) | loss: 3.055941 | lrm: 0.63 | dt: 157ms | tok/sec: 836,117 | mfu: 20.2% | epoch: 1 | remaining: 132s    
step 01083 (56.0%) | loss: 3.058436 | lrm: 0.63 | dt: 157ms | tok/sec: 836,236 | mfu: 20.2% | epoch: 1 | remaining: 132s    
step 01084 (56.1%) | loss: 3.056700 | lrm: 0.63 | dt: 157ms | tok/sec: 836,129 | mfu: 20.2% | epoch: 1 | remaining: 132s    
step 01085 (56.1%) | loss: 3.052101 | lrm: 0.63 | dt: 157ms | tok/sec: 835,967 | mfu: 20.2% | epoch: 1 | remaining: 132s    
step 01086 (56.2%) | loss: 3.055239 | lrm: 0.63 | dt: 157ms | tok/sec: 836,228 | mfu: 20.2% | epoch: 1 | remaining: 131s    
step 01087 (56.2%) | loss: 3.054813 | lrm: 0.63 | dt: 157ms | tok/sec: 836,214 | mfu: 20.2% | epoch: 1 | remaining: 131s    
step 01088 (56.3%) | loss: 3.054482 | lrm: 0.62 | dt: 157ms | tok/sec: 836,284 | mfu: 20.2% | epoch: 1 | remaining: 131s    
step 01089 (56.3%) | loss: 3.059942 | lrm: 0.62 | dt: 157ms | tok/sec: 836,079 | mfu: 20.2% | epoch: 1 | remaining: 131s    
step 01090 (56.4%) | loss: 3.062088 | lrm: 0.62 | dt: 157ms | tok/sec: 836,113 | mfu: 20.2% | epoch: 1 | remaining: 131s    
step 01091 (56.4%) | loss: 3.063724 | lrm: 0.62 | dt: 157ms | tok/sec: 835,935 | mfu: 20.2% | epoch: 1 | remaining: 131s    
step 01092 (56.5%) | loss: 3.062020 | lrm: 0.62 | dt: 157ms | tok/sec: 836,036 | mfu: 20.2% | epoch: 1 | remaining: 130s    
step 01093 (56.5%) | loss: 3.063239 | lrm: 0.62 | dt: 157ms | tok/sec: 836,173 | mfu: 20.2% | epoch: 1 | remaining: 130s    
step 01094 (56.6%) | loss: 3.059421 | lrm: 0.62 | dt: 157ms | tok/sec: 836,017 | mfu: 20.2% | epoch: 1 | remaining: 130s    
step 01095 (56.6%) | loss: 3.056847 | lrm: 0.62 | dt: 157ms | tok/sec: 836,476 | mfu: 20.2% | epoch: 1 | remaining: 130s    
step 01096 (56.7%) | loss: 3.054005 | lrm: 0.62 | dt: 157ms | tok/sec: 835,657 | mfu: 20.2% | epoch: 1 | remaining: 130s    
step 01097 (56.7%) | loss: 3.056956 | lrm: 0.62 | dt: 157ms | tok/sec: 836,135 | mfu: 20.2% | epoch: 1 | remaining: 130s    
step 01098 (56.8%) | loss: 3.058067 | lrm: 0.62 | dt: 157ms | tok/sec: 835,976 | mfu: 20.2% | epoch: 1 | remaining: 129s    
step 01099 (56.8%) | loss: 3.054559 | lrm: 0.62 | dt: 157ms | tok/sec: 835,883 | mfu: 20.2% | epoch: 1 | remaining: 129s    
step 01100 (56.9%) | loss: 3.058166 | lrm: 0.62 | dt: 157ms | tok/sec: 835,914 | mfu: 20.2% | epoch: 1 | remaining: 129s    
step 01101 (56.9%) | loss: 3.056613 | lrm: 0.62 | dt: 157ms | tok/sec: 836,163 | mfu: 20.2% | epoch: 1 | remaining: 129s    
step 01102 (57.0%) | loss: 3.052864 | lrm: 0.61 | dt: 157ms | tok/sec: 836,075 | mfu: 20.2% | epoch: 1 | remaining: 129s    
step 01103 (57.1%) | loss: 3.049517 | lrm: 0.61 | dt: 157ms | tok/sec: 836,107 | mfu: 20.2% | epoch: 1 | remaining: 129s    
step 01104 (57.1%) | loss: 3.051289 | lrm: 0.61 | dt: 157ms | tok/sec: 836,191 | mfu: 20.2% | epoch: 1 | remaining: 129s    
step 01105 (57.2%) | loss: 3.048892 | lrm: 0.61 | dt: 157ms | tok/sec: 836,009 | mfu: 20.2% | epoch: 1 | remaining: 128s    
step 01106 (57.2%) | loss: 3.056586 | lrm: 0.61 | dt: 157ms | tok/sec: 835,803 | mfu: 20.2% | epoch: 1 | remaining: 128s    
step 01107 (57.3%) | loss: 3.060935 | lrm: 0.61 | dt: 157ms | tok/sec: 836,073 | mfu: 20.2% | epoch: 1 | remaining: 128s    
step 01108 (57.3%) | loss: 3.062019 | lrm: 0.61 | dt: 157ms | tok/sec: 836,136 | mfu: 20.2% | epoch: 1 | remaining: 128s    
step 01109 (57.4%) | loss: 3.056207 | lrm: 0.61 | dt: 157ms | tok/sec: 836,216 | mfu: 20.2% | epoch: 1 | remaining: 128s    
step 01110 (57.4%) | loss: 3.054503 | lrm: 0.61 | dt: 157ms | tok/sec: 836,152 | mfu: 20.2% | epoch: 1 | remaining: 128s    
step 01111 (57.5%) | loss: 3.052931 | lrm: 0.61 | dt: 157ms | tok/sec: 836,153 | mfu: 20.2% | epoch: 1 | remaining: 127s    
step 01112 (57.5%) | loss: 3.056662 | lrm: 0.61 | dt: 157ms | tok/sec: 836,227 | mfu: 20.2% | epoch: 1 | remaining: 127s    
step 01113 (57.6%) | loss: 3.057966 | lrm: 0.61 | dt: 157ms | tok/sec: 836,074 | mfu: 20.2% | epoch: 1 | remaining: 127s    
step 01114 (57.6%) | loss: 3.052407 | lrm: 0.61 | dt: 157ms | tok/sec: 836,012 | mfu: 20.2% | epoch: 1 | remaining: 127s    
step 01115 (57.7%) | loss: 3.052421 | lrm: 0.60 | dt: 157ms | tok/sec: 835,971 | mfu: 20.2% | epoch: 1 | remaining: 127s    
step 01116 (57.7%) | loss: 3.054693 | lrm: 0.60 | dt: 157ms | tok/sec: 835,984 | mfu: 20.2% | epoch: 1 | remaining: 127s    
step 01117 (57.8%) | loss: 3.053173 | lrm: 0.60 | dt: 157ms | tok/sec: 836,005 | mfu: 20.2% | epoch: 1 | remaining: 126s    
step 01118 (57.8%) | loss: 3.057947 | lrm: 0.60 | dt: 157ms | tok/sec: 836,063 | mfu: 20.2% | epoch: 1 | remaining: 126s    
step 01119 (57.9%) | loss: 3.056607 | lrm: 0.60 | dt: 157ms | tok/sec: 836,074 | mfu: 20.2% | epoch: 1 | remaining: 126s    
step 01120 (57.9%) | loss: 3.055294 | lrm: 0.60 | dt: 157ms | tok/sec: 836,378 | mfu: 20.2% | epoch: 1 | remaining: 126s    
step 01121 (58.0%) | loss: 3.053419 | lrm: 0.60 | dt: 157ms | tok/sec: 836,010 | mfu: 20.2% | epoch: 1 | remaining: 126s    
step 01122 (58.0%) | loss: 3.050584 | lrm: 0.60 | dt: 157ms | tok/sec: 835,707 | mfu: 20.2% | epoch: 1 | remaining: 126s    
step 01123 (58.1%) | loss: 3.053183 | lrm: 0.60 | dt: 157ms | tok/sec: 835,939 | mfu: 20.2% | epoch: 1 | remaining: 126s    
step 01124 (58.2%) | loss: 3.057288 | lrm: 0.60 | dt: 157ms | tok/sec: 836,334 | mfu: 20.2% | epoch: 1 | remaining: 125s    
step 01125 (58.2%) | loss: 3.056205 | lrm: 0.60 | dt: 157ms | tok/sec: 836,112 | mfu: 20.2% | epoch: 1 | remaining: 125s    
step 01126 (58.3%) | loss: 3.059368 | lrm: 0.60 | dt: 157ms | tok/sec: 836,134 | mfu: 20.2% | epoch: 1 | remaining: 125s    
step 01127 (58.3%) | loss: 3.058293 | lrm: 0.60 | dt: 157ms | tok/sec: 835,952 | mfu: 20.2% | epoch: 1 | remaining: 125s    
step 01128 (58.4%) | loss: 3.063345 | lrm: 0.59 | dt: 157ms | tok/sec: 836,010 | mfu: 20.2% | epoch: 1 | remaining: 125s    
step 01129 (58.4%) | loss: 3.064159 | lrm: 0.59 | dt: 157ms | tok/sec: 836,028 | mfu: 20.2% | epoch: 1 | remaining: 125s    
step 01130 (58.5%) | loss: 3.062928 | lrm: 0.59 | dt: 157ms | tok/sec: 835,927 | mfu: 20.2% | epoch: 1 | remaining: 124s    
step 01131 (58.5%) | loss: 3.060881 | lrm: 0.59 | dt: 157ms | tok/sec: 836,101 | mfu: 20.2% | epoch: 1 | remaining: 124s    
step 01132 (58.6%) | loss: 3.057860 | lrm: 0.59 | dt: 157ms | tok/sec: 836,106 | mfu: 20.2% | epoch: 1 | remaining: 124s    
step 01133 (58.6%) | loss: 3.057085 | lrm: 0.59 | dt: 157ms | tok/sec: 836,292 | mfu: 20.2% | epoch: 1 | remaining: 124s    
step 01134 (58.7%) | loss: 3.060161 | lrm: 0.59 | dt: 157ms | tok/sec: 836,281 | mfu: 20.2% | epoch: 1 | remaining: 124s    
step 01135 (58.7%) | loss: 3.058413 | lrm: 0.59 | dt: 157ms | tok/sec: 836,035 | mfu: 20.2% | epoch: 1 | remaining: 124s    
step 01136 (58.8%) | loss: 3.061233 | lrm: 0.59 | dt: 157ms | tok/sec: 835,908 | mfu: 20.2% | epoch: 1 | remaining: 124s    
step 01137 (58.8%) | loss: 3.058575 | lrm: 0.59 | dt: 157ms | tok/sec: 836,267 | mfu: 20.2% | epoch: 1 | remaining: 123s    
step 01138 (58.9%) | loss: 3.051272 | lrm: 0.59 | dt: 157ms | tok/sec: 836,125 | mfu: 20.2% | epoch: 1 | remaining: 123s    
step 01139 (58.9%) | loss: 3.053446 | lrm: 0.59 | dt: 157ms | tok/sec: 835,932 | mfu: 20.2% | epoch: 1 | remaining: 123s    
step 01140 (59.0%) | loss: 3.047120 | lrm: 0.59 | dt: 157ms | tok/sec: 836,285 | mfu: 20.2% | epoch: 1 | remaining: 123s    
step 01141 (59.0%) | loss: 3.051744 | lrm: 0.59 | dt: 157ms | tok/sec: 836,136 | mfu: 20.2% | epoch: 1 | remaining: 123s    
step 01142 (59.1%) | loss: 3.051937 | lrm: 0.58 | dt: 157ms | tok/sec: 836,106 | mfu: 20.2% | epoch: 1 | remaining: 123s    
step 01143 (59.1%) | loss: 3.048852 | lrm: 0.58 | dt: 157ms | tok/sec: 836,108 | mfu: 20.2% | epoch: 1 | remaining: 122s    
step 01144 (59.2%) | loss: 3.052938 | lrm: 0.58 | dt: 157ms | tok/sec: 836,022 | mfu: 20.2% | epoch: 1 | remaining: 122s    
step 01145 (59.2%) | loss: 3.052508 | lrm: 0.58 | dt: 157ms | tok/sec: 836,415 | mfu: 20.2% | epoch: 1 | remaining: 122s    
step 01146 (59.3%) | loss: 3.053840 | lrm: 0.58 | dt: 157ms | tok/sec: 835,922 | mfu: 20.2% | epoch: 1 | remaining: 122s    
step 01147 (59.4%) | loss: 3.050888 | lrm: 0.58 | dt: 157ms | tok/sec: 836,036 | mfu: 20.2% | epoch: 1 | remaining: 122s    
step 01148 (59.4%) | loss: 3.042771 | lrm: 0.58 | dt: 157ms | tok/sec: 836,255 | mfu: 20.2% | epoch: 1 | remaining: 122s    
step 01149 (59.5%) | loss: 3.044282 | lrm: 0.58 | dt: 157ms | tok/sec: 835,803 | mfu: 20.2% | epoch: 1 | remaining: 121s    
step 01150 (59.5%) | loss: 3.037643 | lrm: 0.58 | dt: 157ms | tok/sec: 836,168 | mfu: 20.2% | epoch: 1 | remaining: 121s    
step 01151 (59.6%) | loss: 3.043748 | lrm: 0.58 | dt: 157ms | tok/sec: 836,176 | mfu: 20.2% | epoch: 1 | remaining: 121s    
step 01152 (59.6%) | loss: 3.042581 | lrm: 0.58 | dt: 157ms | tok/sec: 836,388 | mfu: 20.2% | epoch: 1 | remaining: 121s    
step 01153 (59.7%) | loss: 3.042946 | lrm: 0.58 | dt: 157ms | tok/sec: 836,429 | mfu: 20.2% | epoch: 1 | remaining: 121s    
step 01154 (59.7%) | loss: 3.046311 | lrm: 0.58 | dt: 157ms | tok/sec: 836,234 | mfu: 20.2% | epoch: 1 | remaining: 121s    
step 01155 (59.8%) | loss: 3.053336 | lrm: 0.57 | dt: 157ms | tok/sec: 835,913 | mfu: 20.2% | epoch: 1 | remaining: 121s    
step 01156 (59.8%) | loss: 3.060242 | lrm: 0.57 | dt: 157ms | tok/sec: 836,278 | mfu: 20.2% | epoch: 1 | remaining: 120s    
step 01157 (59.9%) | loss: 3.058834 | lrm: 0.57 | dt: 157ms | tok/sec: 836,044 | mfu: 20.2% | epoch: 1 | remaining: 120s    
step 01158 (59.9%) | loss: 3.050128 | lrm: 0.57 | dt: 157ms | tok/sec: 836,072 | mfu: 20.2% | epoch: 1 | remaining: 120s    
step 01159 (60.0%) | loss: 3.052987 | lrm: 0.57 | dt: 157ms | tok/sec: 834,167 | mfu: 20.2% | epoch: 1 | remaining: 120s    
step 01160 (60.0%) | loss: 3.042592 | lrm: 0.57 | dt: 157ms | tok/sec: 836,066 | mfu: 20.2% | epoch: 1 | remaining: 120s    
step 01161 (60.1%) | loss: 3.047854 | lrm: 0.57 | dt: 157ms | tok/sec: 835,957 | mfu: 20.2% | epoch: 1 | remaining: 120s    
step 01162 (60.1%) | loss: 3.044676 | lrm: 0.57 | dt: 157ms | tok/sec: 835,052 | mfu: 20.2% | epoch: 1 | remaining: 119s    
step 01163 (60.2%) | loss: 3.042958 | lrm: 0.57 | dt: 157ms | tok/sec: 835,858 | mfu: 20.2% | epoch: 1 | remaining: 119s    
step 01164 (60.2%) | loss: 3.051756 | lrm: 0.57 | dt: 157ms | tok/sec: 835,960 | mfu: 20.2% | epoch: 1 | remaining: 119s    
step 01165 (60.3%) | loss: 3.049768 | lrm: 0.57 | dt: 157ms | tok/sec: 835,843 | mfu: 20.2% | epoch: 1 | remaining: 119s    
step 01166 (60.3%) | loss: 3.050704 | lrm: 0.57 | dt: 157ms | tok/sec: 835,918 | mfu: 20.2% | epoch: 1 | remaining: 119s    
step 01167 (60.4%) | loss: 3.046343 | lrm: 0.57 | dt: 157ms | tok/sec: 836,214 | mfu: 20.2% | epoch: 1 | remaining: 119s    
step 01168 (60.4%) | loss: 3.038705 | lrm: 0.57 | dt: 157ms | tok/sec: 836,479 | mfu: 20.2% | epoch: 1 | remaining: 118s    
step 01169 (60.5%) | loss: 3.031127 | lrm: 0.56 | dt: 157ms | tok/sec: 836,195 | mfu: 20.2% | epoch: 1 | remaining: 118s    
step 01170 (60.6%) | loss: 3.029583 | lrm: 0.56 | dt: 157ms | tok/sec: 836,196 | mfu: 20.2% | epoch: 1 | remaining: 118s    
step 01171 (60.6%) | loss: 3.031021 | lrm: 0.56 | dt: 157ms | tok/sec: 835,740 | mfu: 20.2% | epoch: 1 | remaining: 118s    
step 01172 (60.7%) | loss: 3.024909 | lrm: 0.56 | dt: 157ms | tok/sec: 836,088 | mfu: 20.2% | epoch: 1 | remaining: 118s    
step 01173 (60.7%) | loss: 3.021682 | lrm: 0.56 | dt: 157ms | tok/sec: 836,594 | mfu: 20.2% | epoch: 1 | remaining: 118s    
step 01174 (60.8%) | loss: 3.019412 | lrm: 0.56 | dt: 157ms | tok/sec: 836,036 | mfu: 20.2% | epoch: 1 | remaining: 118s    
step 01175 (60.8%) | loss: 3.020877 | lrm: 0.56 | dt: 157ms | tok/sec: 836,072 | mfu: 20.2% | epoch: 1 | remaining: 117s    
step 01176 (60.9%) | loss: 3.016817 | lrm: 0.56 | dt: 157ms | tok/sec: 836,140 | mfu: 20.2% | epoch: 1 | remaining: 117s    
step 01177 (60.9%) | loss: 3.025544 | lrm: 0.56 | dt: 157ms | tok/sec: 836,355 | mfu: 20.2% | epoch: 1 | remaining: 117s    
step 01178 (61.0%) | loss: 3.026655 | lrm: 0.56 | dt: 157ms | tok/sec: 835,929 | mfu: 20.2% | epoch: 1 | remaining: 117s    
step 01179 (61.0%) | loss: 3.025087 | lrm: 0.56 | dt: 157ms | tok/sec: 836,140 | mfu: 20.2% | epoch: 1 | remaining: 117s    
step 01180 (61.1%) | loss: 3.030439 | lrm: 0.56 | dt: 157ms | tok/sec: 836,200 | mfu: 20.2% | epoch: 1 | remaining: 117s    
step 01181 (61.1%) | loss: 3.027416 | lrm: 0.56 | dt: 157ms | tok/sec: 836,022 | mfu: 20.2% | epoch: 1 | remaining: 116s    
step 01182 (61.2%) | loss: 3.030621 | lrm: 0.55 | dt: 157ms | tok/sec: 836,122 | mfu: 20.2% | epoch: 1 | remaining: 116s    
step 01183 (61.2%) | loss: 3.037898 | lrm: 0.55 | dt: 157ms | tok/sec: 836,250 | mfu: 20.2% | epoch: 1 | remaining: 116s    
step 01184 (61.3%) | loss: 3.041721 | lrm: 0.55 | dt: 157ms | tok/sec: 836,238 | mfu: 20.2% | epoch: 1 | remaining: 116s    
step 01185 (61.3%) | loss: 3.039110 | lrm: 0.55 | dt: 157ms | tok/sec: 836,144 | mfu: 20.2% | epoch: 1 | remaining: 116s    
step 01186 (61.4%) | loss: 3.046285 | lrm: 0.55 | dt: 157ms | tok/sec: 836,005 | mfu: 20.2% | epoch: 1 | remaining: 116s    
step 01187 (61.4%) | loss: 3.042474 | lrm: 0.55 | dt: 157ms | tok/sec: 836,024 | mfu: 20.2% | epoch: 1 | remaining: 116s    
step 01188 (61.5%) | loss: 3.037044 | lrm: 0.55 | dt: 157ms | tok/sec: 836,016 | mfu: 20.2% | epoch: 1 | remaining: 115s    
step 01189 (61.5%) | loss: 3.031309 | lrm: 0.55 | dt: 157ms | tok/sec: 836,339 | mfu: 20.2% | epoch: 1 | remaining: 115s    
step 01190 (61.6%) | loss: 3.036044 | lrm: 0.55 | dt: 157ms | tok/sec: 836,147 | mfu: 20.2% | epoch: 1 | remaining: 115s    
step 01191 (61.7%) | loss: 3.042551 | lrm: 0.55 | dt: 157ms | tok/sec: 835,843 | mfu: 20.2% | epoch: 1 | remaining: 115s    
step 01192 (61.7%) | loss: 3.045275 | lrm: 0.55 | dt: 157ms | tok/sec: 836,336 | mfu: 20.2% | epoch: 1 | remaining: 115s    
step 01193 (61.8%) | loss: 3.042979 | lrm: 0.55 | dt: 157ms | tok/sec: 836,059 | mfu: 20.2% | epoch: 1 | remaining: 115s    
step 01194 (61.8%) | loss: 3.035435 | lrm: 0.55 | dt: 157ms | tok/sec: 836,213 | mfu: 20.2% | epoch: 1 | remaining: 114s    
step 01195 (61.9%) | loss: 3.035293 | lrm: 0.54 | dt: 157ms | tok/sec: 836,318 | mfu: 20.2% | epoch: 1 | remaining: 114s    
step 01196 (61.9%) | loss: 3.039584 | lrm: 0.54 | dt: 157ms | tok/sec: 836,157 | mfu: 20.2% | epoch: 1 | remaining: 114s    
step 01197 (62.0%) | loss: 3.029861 | lrm: 0.54 | dt: 157ms | tok/sec: 836,345 | mfu: 20.2% | epoch: 1 | remaining: 114s    
step 01198 (62.0%) | loss: 3.024805 | lrm: 0.54 | dt: 157ms | tok/sec: 836,147 | mfu: 20.2% | epoch: 1 | remaining: 114s    
step 01199 (62.1%) | loss: 3.014533 | lrm: 0.54 | dt: 157ms | tok/sec: 836,442 | mfu: 20.2% | epoch: 1 | remaining: 114s    
step 01200 (62.1%) | loss: 3.011477 | lrm: 0.54 | dt: 157ms | tok/sec: 836,391 | mfu: 20.2% | epoch: 1 | remaining: 113s    
step 01201 (62.2%) | loss: 3.019735 | lrm: 0.54 | dt: 157ms | tok/sec: 836,150 | mfu: 20.2% | epoch: 1 | remaining: 113s    
step 01202 (62.2%) | loss: 3.023933 | lrm: 0.54 | dt: 157ms | tok/sec: 835,972 | mfu: 20.2% | epoch: 1 | remaining: 113s    
step 01203 (62.3%) | loss: 3.020885 | lrm: 0.54 | dt: 157ms | tok/sec: 836,314 | mfu: 20.2% | epoch: 1 | remaining: 113s    
step 01204 (62.3%) | loss: 3.017602 | lrm: 0.54 | dt: 157ms | tok/sec: 836,234 | mfu: 20.2% | epoch: 1 | remaining: 113s    
step 01205 (62.4%) | loss: 3.019869 | lrm: 0.54 | dt: 157ms | tok/sec: 836,111 | mfu: 20.2% | epoch: 1 | remaining: 113s    
step 01206 (62.4%) | loss: 3.019894 | lrm: 0.54 | dt: 157ms | tok/sec: 836,265 | mfu: 20.2% | epoch: 1 | remaining: 113s    
step 01207 (62.5%) | loss: 3.026126 | lrm: 0.54 | dt: 157ms | tok/sec: 835,989 | mfu: 20.2% | epoch: 1 | remaining: 112s    
step 01208 (62.5%) | loss: 3.025554 | lrm: 0.54 | dt: 157ms | tok/sec: 836,107 | mfu: 20.2% | epoch: 1 | remaining: 112s    
step 01209 (62.6%) | loss: 3.022407 | lrm: 0.53 | dt: 157ms | tok/sec: 836,096 | mfu: 20.2% | epoch: 1 | remaining: 112s    
step 01210 (62.6%) | loss: 3.026434 | lrm: 0.53 | dt: 157ms | tok/sec: 836,125 | mfu: 20.2% | epoch: 1 | remaining: 112s    
step 01211 (62.7%) | loss: 3.022242 | lrm: 0.53 | dt: 157ms | tok/sec: 836,214 | mfu: 20.2% | epoch: 1 | remaining: 112s    
step 01212 (62.7%) | loss: 3.028717 | lrm: 0.53 | dt: 157ms | tok/sec: 836,092 | mfu: 20.2% | epoch: 1 | remaining: 112s    
step 01213 (62.8%) | loss: 3.025539 | lrm: 0.53 | dt: 157ms | tok/sec: 836,449 | mfu: 20.2% | epoch: 1 | remaining: 111s    
step 01214 (62.9%) | loss: 3.023249 | lrm: 0.53 | dt: 157ms | tok/sec: 836,116 | mfu: 20.2% | epoch: 1 | remaining: 111s    
step 01215 (62.9%) | loss: 3.025930 | lrm: 0.53 | dt: 157ms | tok/sec: 836,383 | mfu: 20.2% | epoch: 1 | remaining: 111s    
step 01216 (63.0%) | loss: 3.022939 | lrm: 0.53 | dt: 157ms | tok/sec: 835,965 | mfu: 20.2% | epoch: 1 | remaining: 111s    
step 01217 (63.0%) | loss: 3.025185 | lrm: 0.53 | dt: 157ms | tok/sec: 836,000 | mfu: 20.2% | epoch: 1 | remaining: 111s    
step 01218 (63.1%) | loss: 3.023688 | lrm: 0.53 | dt: 157ms | tok/sec: 836,446 | mfu: 20.2% | epoch: 1 | remaining: 111s    
step 01219 (63.1%) | loss: 3.020604 | lrm: 0.53 | dt: 157ms | tok/sec: 836,250 | mfu: 20.2% | epoch: 1 | remaining: 110s    
step 01220 (63.2%) | loss: 3.016868 | lrm: 0.53 | dt: 157ms | tok/sec: 836,416 | mfu: 20.2% | epoch: 1 | remaining: 110s    
step 01221 (63.2%) | loss: 3.021810 | lrm: 0.53 | dt: 157ms | tok/sec: 836,045 | mfu: 20.2% | epoch: 1 | remaining: 110s    
step 01222 (63.3%) | loss: 3.022254 | lrm: 0.52 | dt: 157ms | tok/sec: 836,032 | mfu: 20.2% | epoch: 1 | remaining: 110s    
step 01223 (63.3%) | loss: 3.020261 | lrm: 0.52 | dt: 157ms | tok/sec: 835,787 | mfu: 20.2% | epoch: 1 | remaining: 110s    
step 01224 (63.4%) | loss: 3.020679 | lrm: 0.52 | dt: 157ms | tok/sec: 836,265 | mfu: 20.2% | epoch: 1 | remaining: 110s    
step 01225 (63.4%) | loss: 3.016404 | lrm: 0.52 | dt: 157ms | tok/sec: 836,272 | mfu: 20.2% | epoch: 1 | remaining: 110s    
step 01226 (63.5%) | loss: 3.009689 | lrm: 0.52 | dt: 157ms | tok/sec: 836,026 | mfu: 20.2% | epoch: 1 | remaining: 109s    
step 01227 (63.5%) | loss: 3.011336 | lrm: 0.52 | dt: 157ms | tok/sec: 836,058 | mfu: 20.2% | epoch: 1 | remaining: 109s    
step 01228 (63.6%) | loss: 3.008124 | lrm: 0.52 | dt: 157ms | tok/sec: 836,196 | mfu: 20.2% | epoch: 1 | remaining: 109s    
step 01229 (63.6%) | loss: 3.005478 | lrm: 0.52 | dt: 157ms | tok/sec: 836,200 | mfu: 20.2% | epoch: 1 | remaining: 109s    
step 01230 (63.7%) | loss: 3.004278 | lrm: 0.52 | dt: 157ms | tok/sec: 835,985 | mfu: 20.2% | epoch: 1 | remaining: 109s    
step 01231 (63.7%) | loss: 2.998728 | lrm: 0.52 | dt: 157ms | tok/sec: 836,097 | mfu: 20.2% | epoch: 1 | remaining: 109s    
step 01232 (63.8%) | loss: 2.995333 | lrm: 0.52 | dt: 157ms | tok/sec: 836,153 | mfu: 20.2% | epoch: 1 | remaining: 108s    
step 01233 (63.8%) | loss: 2.996196 | lrm: 0.52 | dt: 157ms | tok/sec: 836,230 | mfu: 20.2% | epoch: 1 | remaining: 108s    
step 01234 (63.9%) | loss: 2.999084 | lrm: 0.52 | dt: 157ms | tok/sec: 836,395 | mfu: 20.2% | epoch: 1 | remaining: 108s    
step 01235 (64.0%) | loss: 2.995190 | lrm: 0.51 | dt: 157ms | tok/sec: 836,079 | mfu: 20.2% | epoch: 1 | remaining: 108s    
step 01236 (64.0%) | loss: 2.995828 | lrm: 0.51 | dt: 157ms | tok/sec: 836,139 | mfu: 20.2% | epoch: 1 | remaining: 108s    
step 01237 (64.1%) | loss: 2.988125 | lrm: 0.51 | dt: 157ms | tok/sec: 836,003 | mfu: 20.2% | epoch: 1 | remaining: 108s    
step 01238 (64.1%) | loss: 2.988793 | lrm: 0.51 | dt: 157ms | tok/sec: 836,392 | mfu: 20.2% | epoch: 1 | remaining: 108s    
step 01239 (64.2%) | loss: 2.987118 | lrm: 0.51 | dt: 157ms | tok/sec: 836,685 | mfu: 20.2% | epoch: 1 | remaining: 107s    
step 01240 (64.2%) | loss: 2.989679 | lrm: 0.51 | dt: 157ms | tok/sec: 836,122 | mfu: 20.2% | epoch: 1 | remaining: 107s    
step 01241 (64.3%) | loss: 2.983114 | lrm: 0.51 | dt: 157ms | tok/sec: 836,056 | mfu: 20.2% | epoch: 1 | remaining: 107s    
step 01242 (64.3%) | loss: 2.987622 | lrm: 0.51 | dt: 157ms | tok/sec: 836,055 | mfu: 20.2% | epoch: 1 | remaining: 107s    
step 01243 (64.4%) | loss: 2.992763 | lrm: 0.51 | dt: 157ms | tok/sec: 836,392 | mfu: 20.2% | epoch: 1 | remaining: 107s    
step 01244 (64.4%) | loss: 2.989127 | lrm: 0.51 | dt: 157ms | tok/sec: 835,983 | mfu: 20.2% | epoch: 1 | remaining: 107s    
step 01245 (64.5%) | loss: 2.988603 | lrm: 0.51 | dt: 157ms | tok/sec: 836,019 | mfu: 20.2% | epoch: 1 | remaining: 106s    
step 01246 (64.5%) | loss: 2.992601 | lrm: 0.51 | dt: 157ms | tok/sec: 836,314 | mfu: 20.2% | epoch: 1 | remaining: 106s    
step 01247 (64.6%) | loss: 2.995619 | lrm: 0.51 | dt: 157ms | tok/sec: 836,225 | mfu: 20.2% | epoch: 1 | remaining: 106s    
step 01248 (64.6%) | loss: 2.996385 | lrm: 0.51 | dt: 157ms | tok/sec: 836,173 | mfu: 20.2% | epoch: 1 | remaining: 106s    
step 01249 (64.7%) | loss: 2.996766 | lrm: 0.50 | dt: 157ms | tok/sec: 835,949 | mfu: 20.2% | epoch: 1 | remaining: 106s    
step 01250 (64.7%) | loss: 2.995380 | lrm: 0.50 | dt: 157ms | tok/sec: 836,063 | mfu: 20.2% | epoch: 1 | remaining: 106s    
step 01251 (64.8%) | loss: 2.998666 | lrm: 0.50 | dt: 157ms | tok/sec: 835,948 | mfu: 20.2% | epoch: 1 | remaining: 105s    
step 01252 (64.8%) | loss: 2.999138 | lrm: 0.50 | dt: 157ms | tok/sec: 835,935 | mfu: 20.2% | epoch: 1 | remaining: 105s    
step 01253 (64.9%) | loss: 3.002709 | lrm: 0.50 | dt: 157ms | tok/sec: 836,055 | mfu: 20.2% | epoch: 1 | remaining: 105s    
step 01254 (64.9%) | loss: 3.000741 | lrm: 0.50 | dt: 157ms | tok/sec: 835,827 | mfu: 20.2% | epoch: 1 | remaining: 105s    
step 01255 (65.0%) | loss: 3.002245 | lrm: 0.50 | dt: 157ms | tok/sec: 836,253 | mfu: 20.2% | epoch: 1 | remaining: 105s    
step 01256 (65.0%) | loss: 2.993861 | lrm: 0.50 | dt: 157ms | tok/sec: 835,783 | mfu: 20.2% | epoch: 1 | remaining: 105s    
step 01257 (65.1%) | loss: 2.990430 | lrm: 0.50 | dt: 157ms | tok/sec: 836,030 | mfu: 20.2% | epoch: 1 | remaining: 105s    
step 01258 (65.2%) | loss: 2.989603 | lrm: 0.50 | dt: 157ms | tok/sec: 835,895 | mfu: 20.2% | epoch: 1 | remaining: 104s    
step 01259 (65.2%) | loss: 2.986006 | lrm: 0.50 | dt: 157ms | tok/sec: 836,117 | mfu: 20.2% | epoch: 1 | remaining: 104s    
step 01260 (65.3%) | loss: 2.985054 | lrm: 0.50 | dt: 157ms | tok/sec: 835,872 | mfu: 20.2% | epoch: 1 | remaining: 104s    
step 01261 (65.3%) | loss: 2.987810 | lrm: 0.50 | dt: 157ms | tok/sec: 836,232 | mfu: 20.2% | epoch: 1 | remaining: 104s    
step 01262 (65.4%) | loss: 2.986244 | lrm: 0.49 | dt: 157ms | tok/sec: 836,148 | mfu: 20.2% | epoch: 1 | remaining: 104s    
step 01263 (65.4%) | loss: 2.988648 | lrm: 0.49 | dt: 157ms | tok/sec: 836,405 | mfu: 20.2% | epoch: 1 | remaining: 104s    
step 01264 (65.5%) | loss: 2.994433 | lrm: 0.49 | dt: 157ms | tok/sec: 836,068 | mfu: 20.2% | epoch: 1 | remaining: 103s    
step 01265 (65.5%) | loss: 3.003284 | lrm: 0.49 | dt: 157ms | tok/sec: 836,354 | mfu: 20.2% | epoch: 1 | remaining: 103s    
step 01266 (65.6%) | loss: 3.004678 | lrm: 0.49 | dt: 157ms | tok/sec: 835,939 | mfu: 20.2% | epoch: 1 | remaining: 103s    
step 01267 (65.6%) | loss: 3.007196 | lrm: 0.49 | dt: 157ms | tok/sec: 835,979 | mfu: 20.2% | epoch: 1 | remaining: 103s    
step 01268 (65.7%) | loss: 3.005204 | lrm: 0.49 | dt: 157ms | tok/sec: 835,716 | mfu: 20.2% | epoch: 1 | remaining: 103s    
step 01269 (65.7%) | loss: 3.003493 | lrm: 0.49 | dt: 157ms | tok/sec: 835,761 | mfu: 20.2% | epoch: 1 | remaining: 103s    
step 01270 (65.8%) | loss: 3.001748 | lrm: 0.49 | dt: 157ms | tok/sec: 835,872 | mfu: 20.2% | epoch: 1 | remaining: 103s    
step 01271 (65.8%) | loss: 2.994734 | lrm: 0.49 | dt: 157ms | tok/sec: 836,136 | mfu: 20.2% | epoch: 1 | remaining: 102s    
step 01272 (65.9%) | loss: 3.001861 | lrm: 0.49 | dt: 157ms | tok/sec: 835,909 | mfu: 20.2% | epoch: 1 | remaining: 102s    
step 01273 (65.9%) | loss: 2.999103 | lrm: 0.49 | dt: 157ms | tok/sec: 836,139 | mfu: 20.2% | epoch: 1 | remaining: 102s    
step 01274 (66.0%) | loss: 2.996227 | lrm: 0.49 | dt: 157ms | tok/sec: 835,989 | mfu: 20.2% | epoch: 1 | remaining: 102s    
step 01275 (66.0%) | loss: 2.995479 | lrm: 0.49 | dt: 157ms | tok/sec: 835,976 | mfu: 20.2% | epoch: 1 | remaining: 102s    
step 01276 (66.1%) | loss: 2.996067 | lrm: 0.48 | dt: 157ms | tok/sec: 836,320 | mfu: 20.2% | epoch: 1 | remaining: 102s    
step 01277 (66.1%) | loss: 3.000224 | lrm: 0.48 | dt: 157ms | tok/sec: 836,194 | mfu: 20.2% | epoch: 1 | remaining: 101s    
step 01278 (66.2%) | loss: 3.004742 | lrm: 0.48 | dt: 157ms | tok/sec: 836,084 | mfu: 20.2% | epoch: 1 | remaining: 101s    
step 01279 (66.2%) | loss: 3.001919 | lrm: 0.48 | dt: 157ms | tok/sec: 836,402 | mfu: 20.2% | epoch: 1 | remaining: 101s    
step 01280 (66.3%) | loss: 3.000236 | lrm: 0.48 | dt: 157ms | tok/sec: 836,378 | mfu: 20.2% | epoch: 1 | remaining: 101s    
step 01281 (66.4%) | loss: 2.997498 | lrm: 0.48 | dt: 157ms | tok/sec: 836,169 | mfu: 20.2% | epoch: 1 | remaining: 101s    
step 01282 (66.4%) | loss: 2.986768 | lrm: 0.48 | dt: 157ms | tok/sec: 836,068 | mfu: 20.2% | epoch: 1 | remaining: 101s    
step 01283 (66.5%) | loss: 2.997067 | lrm: 0.48 | dt: 157ms | tok/sec: 835,780 | mfu: 20.2% | epoch: 1 | remaining: 100s    
step 01284 (66.5%) | loss: 3.001284 | lrm: 0.48 | dt: 157ms | tok/sec: 835,866 | mfu: 20.2% | epoch: 1 | remaining: 100s    
step 01285 (66.6%) | loss: 2.999863 | lrm: 0.48 | dt: 157ms | tok/sec: 835,952 | mfu: 20.2% | epoch: 1 | remaining: 100s    
step 01286 (66.6%) | loss: 3.003143 | lrm: 0.48 | dt: 157ms | tok/sec: 836,117 | mfu: 20.2% | epoch: 1 | remaining: 100s    
step 01287 (66.7%) | loss: 3.007681 | lrm: 0.48 | dt: 157ms | tok/sec: 836,044 | mfu: 20.2% | epoch: 1 | remaining: 100s    
step 01288 (66.7%) | loss: 3.003411 | lrm: 0.48 | dt: 157ms | tok/sec: 836,404 | mfu: 20.2% | epoch: 1 | remaining: 100s    
step 01289 (66.8%) | loss: 3.000681 | lrm: 0.47 | dt: 157ms | tok/sec: 836,242 | mfu: 20.2% | epoch: 1 | remaining: 100s    
step 01290 (66.8%) | loss: 2.997909 | lrm: 0.47 | dt: 157ms | tok/sec: 836,005 | mfu: 20.2% | epoch: 1 | remaining: 99s    
step 01291 (66.9%) | loss: 2.994977 | lrm: 0.47 | dt: 157ms | tok/sec: 835,956 | mfu: 20.2% | epoch: 1 | remaining: 99s    
step 01292 (66.9%) | loss: 2.989008 | lrm: 0.47 | dt: 157ms | tok/sec: 836,045 | mfu: 20.2% | epoch: 1 | remaining: 99s    
step 01293 (67.0%) | loss: 2.998949 | lrm: 0.47 | dt: 157ms | tok/sec: 836,016 | mfu: 20.2% | epoch: 1 | remaining: 99s    
step 01294 (67.0%) | loss: 2.994383 | lrm: 0.47 | dt: 157ms | tok/sec: 835,867 | mfu: 20.2% | epoch: 1 | remaining: 99s    
step 01295 (67.1%) | loss: 2.993131 | lrm: 0.47 | dt: 157ms | tok/sec: 835,975 | mfu: 20.2% | epoch: 1 | remaining: 99s    
step 01296 (67.1%) | loss: 2.993554 | lrm: 0.47 | dt: 157ms | tok/sec: 836,108 | mfu: 20.2% | epoch: 1 | remaining: 98s    
step 01297 (67.2%) | loss: 2.988147 | lrm: 0.47 | dt: 157ms | tok/sec: 836,002 | mfu: 20.2% | epoch: 1 | remaining: 98s    
step 01298 (67.2%) | loss: 2.991310 | lrm: 0.47 | dt: 157ms | tok/sec: 836,066 | mfu: 20.2% | epoch: 1 | remaining: 98s    
step 01299 (67.3%) | loss: 2.989187 | lrm: 0.47 | dt: 157ms | tok/sec: 835,589 | mfu: 20.2% | epoch: 1 | remaining: 98s    
step 01300 (67.3%) | loss: 2.990326 | lrm: 0.47 | dt: 157ms | tok/sec: 835,838 | mfu: 20.2% | epoch: 1 | remaining: 98s    
step 01301 (67.4%) | loss: 2.981887 | lrm: 0.47 | dt: 157ms | tok/sec: 836,127 | mfu: 20.2% | epoch: 1 | remaining: 98s    
step 01302 (67.5%) | loss: 2.987997 | lrm: 0.46 | dt: 157ms | tok/sec: 836,089 | mfu: 20.2% | epoch: 1 | remaining: 97s    
step 01303 (67.5%) | loss: 2.979959 | lrm: 0.46 | dt: 157ms | tok/sec: 836,058 | mfu: 20.2% | epoch: 1 | remaining: 97s    
step 01304 (67.6%) | loss: 2.981752 | lrm: 0.46 | dt: 157ms | tok/sec: 836,239 | mfu: 20.2% | epoch: 1 | remaining: 97s    
step 01305 (67.6%) | loss: 2.972601 | lrm: 0.46 | dt: 157ms | tok/sec: 836,271 | mfu: 20.2% | epoch: 1 | remaining: 97s    
step 01306 (67.7%) | loss: 2.972085 | lrm: 0.46 | dt: 157ms | tok/sec: 836,068 | mfu: 20.2% | epoch: 1 | remaining: 97s    
step 01307 (67.7%) | loss: 2.983338 | lrm: 0.46 | dt: 157ms | tok/sec: 836,116 | mfu: 20.2% | epoch: 1 | remaining: 97s    
step 01308 (67.8%) | loss: 2.983598 | lrm: 0.46 | dt: 157ms | tok/sec: 836,190 | mfu: 20.2% | epoch: 1 | remaining: 97s    
step 01309 (67.8%) | loss: 2.989093 | lrm: 0.46 | dt: 157ms | tok/sec: 836,376 | mfu: 20.2% | epoch: 1 | remaining: 96s    
step 01310 (67.9%) | loss: 2.999349 | lrm: 0.46 | dt: 157ms | tok/sec: 836,115 | mfu: 20.2% | epoch: 1 | remaining: 96s    
step 01311 (67.9%) | loss: 2.998118 | lrm: 0.46 | dt: 157ms | tok/sec: 836,248 | mfu: 20.2% | epoch: 1 | remaining: 96s    
step 01312 (68.0%) | loss: 2.989341 | lrm: 0.46 | dt: 157ms | tok/sec: 836,176 | mfu: 20.2% | epoch: 1 | remaining: 96s    
step 01313 (68.0%) | loss: 2.988700 | lrm: 0.46 | dt: 157ms | tok/sec: 836,177 | mfu: 20.2% | epoch: 1 | remaining: 96s    
step 01314 (68.1%) | loss: 2.981931 | lrm: 0.46 | dt: 157ms | tok/sec: 836,096 | mfu: 20.2% | epoch: 1 | remaining: 96s    
step 01315 (68.1%) | loss: 2.980795 | lrm: 0.46 | dt: 157ms | tok/sec: 836,239 | mfu: 20.2% | epoch: 1 | remaining: 95s    
step 01316 (68.2%) | loss: 2.982001 | lrm: 0.45 | dt: 157ms | tok/sec: 836,258 | mfu: 20.2% | epoch: 1 | remaining: 95s    
step 01317 (68.2%) | loss: 2.982200 | lrm: 0.45 | dt: 157ms | tok/sec: 836,280 | mfu: 20.2% | epoch: 1 | remaining: 95s    
step 01318 (68.3%) | loss: 2.990269 | lrm: 0.45 | dt: 157ms | tok/sec: 836,012 | mfu: 20.2% | epoch: 1 | remaining: 95s    
step 01319 (68.3%) | loss: 2.987623 | lrm: 0.45 | dt: 157ms | tok/sec: 835,896 | mfu: 20.2% | epoch: 1 | remaining: 95s    
step 01320 (68.4%) | loss: 2.991454 | lrm: 0.45 | dt: 157ms | tok/sec: 836,145 | mfu: 20.2% | epoch: 1 | remaining: 95s    
step 01321 (68.4%) | loss: 2.991366 | lrm: 0.45 | dt: 157ms | tok/sec: 836,255 | mfu: 20.2% | epoch: 1 | remaining: 95s    
step 01322 (68.5%) | loss: 2.984442 | lrm: 0.45 | dt: 157ms | tok/sec: 836,077 | mfu: 20.2% | epoch: 1 | remaining: 94s    
step 01323 (68.5%) | loss: 2.987641 | lrm: 0.45 | dt: 157ms | tok/sec: 836,158 | mfu: 20.2% | epoch: 1 | remaining: 94s    
step 01324 (68.6%) | loss: 2.989440 | lrm: 0.45 | dt: 157ms | tok/sec: 836,110 | mfu: 20.2% | epoch: 1 | remaining: 94s    
step 01325 (68.7%) | loss: 2.987697 | lrm: 0.45 | dt: 157ms | tok/sec: 836,233 | mfu: 20.2% | epoch: 1 | remaining: 94s    
step 01326 (68.7%) | loss: 2.989371 | lrm: 0.45 | dt: 157ms | tok/sec: 835,901 | mfu: 20.2% | epoch: 1 | remaining: 94s    
step 01327 (68.8%) | loss: 2.992284 | lrm: 0.45 | dt: 157ms | tok/sec: 836,384 | mfu: 20.2% | epoch: 1 | remaining: 94s    
step 01328 (68.8%) | loss: 2.990904 | lrm: 0.45 | dt: 157ms | tok/sec: 835,887 | mfu: 20.2% | epoch: 1 | remaining: 93s    
step 01329 (68.9%) | loss: 2.997950 | lrm: 0.44 | dt: 157ms | tok/sec: 836,091 | mfu: 20.2% | epoch: 1 | remaining: 93s    
step 01330 (68.9%) | loss: 2.991798 | lrm: 0.44 | dt: 157ms | tok/sec: 836,306 | mfu: 20.2% | epoch: 1 | remaining: 93s    
step 01331 (69.0%) | loss: 2.994931 | lrm: 0.44 | dt: 157ms | tok/sec: 836,241 | mfu: 20.2% | epoch: 1 | remaining: 93s    
step 01332 (69.0%) | loss: 2.994038 | lrm: 0.44 | dt: 157ms | tok/sec: 836,220 | mfu: 20.2% | epoch: 1 | remaining: 93s    
step 01333 (69.1%) | loss: 2.997903 | lrm: 0.44 | dt: 157ms | tok/sec: 836,248 | mfu: 20.2% | epoch: 1 | remaining: 93s    
step 01334 (69.1%) | loss: 2.992093 | lrm: 0.44 | dt: 157ms | tok/sec: 836,303 | mfu: 20.2% | epoch: 1 | remaining: 92s    
step 01335 (69.2%) | loss: 2.994409 | lrm: 0.44 | dt: 157ms | tok/sec: 836,075 | mfu: 20.2% | epoch: 1 | remaining: 92s    
step 01336 (69.2%) | loss: 2.993747 | lrm: 0.44 | dt: 157ms | tok/sec: 836,743 | mfu: 20.2% | epoch: 1 | remaining: 92s    
step 01337 (69.3%) | loss: 2.992595 | lrm: 0.44 | dt: 157ms | tok/sec: 836,320 | mfu: 20.2% | epoch: 1 | remaining: 92s    
step 01338 (69.3%) | loss: 2.988465 | lrm: 0.44 | dt: 157ms | tok/sec: 836,068 | mfu: 20.2% | epoch: 1 | remaining: 92s    
step 01339 (69.4%) | loss: 2.989953 | lrm: 0.44 | dt: 157ms | tok/sec: 836,031 | mfu: 20.2% | epoch: 1 | remaining: 92s    
step 01340 (69.4%) | loss: 2.993101 | lrm: 0.44 | dt: 157ms | tok/sec: 836,143 | mfu: 20.2% | epoch: 1 | remaining: 92s    
step 01341 (69.5%) | loss: 2.992639 | lrm: 0.44 | dt: 157ms | tok/sec: 836,075 | mfu: 20.2% | epoch: 1 | remaining: 91s    
step 01342 (69.5%) | loss: 2.989614 | lrm: 0.44 | dt: 157ms | tok/sec: 835,989 | mfu: 20.2% | epoch: 1 | remaining: 91s    
step 01343 (69.6%) | loss: 2.987723 | lrm: 0.43 | dt: 157ms | tok/sec: 835,872 | mfu: 20.2% | epoch: 1 | remaining: 91s    
step 01344 (69.6%) | loss: 2.984390 | lrm: 0.43 | dt: 157ms | tok/sec: 836,267 | mfu: 20.2% | epoch: 1 | remaining: 91s    
step 01345 (69.7%) | loss: 2.971406 | lrm: 0.43 | dt: 157ms | tok/sec: 836,030 | mfu: 20.2% | epoch: 1 | remaining: 91s    
step 01346 (69.8%) | loss: 2.976072 | lrm: 0.43 | dt: 157ms | tok/sec: 836,261 | mfu: 20.2% | epoch: 1 | remaining: 91s    
step 01347 (69.8%) | loss: 2.977593 | lrm: 0.43 | dt: 157ms | tok/sec: 836,182 | mfu: 20.2% | epoch: 1 | remaining: 90s    
step 01348 (69.9%) | loss: 2.982420 | lrm: 0.43 | dt: 157ms | tok/sec: 836,033 | mfu: 20.2% | epoch: 1 | remaining: 90s    
step 01349 (69.9%) | loss: 2.980074 | lrm: 0.43 | dt: 157ms | tok/sec: 834,355 | mfu: 20.2% | epoch: 1 | remaining: 90s    
step 01350 (70.0%) | loss: 2.990915 | lrm: 0.43 | dt: 157ms | tok/sec: 835,658 | mfu: 20.2% | epoch: 1 | remaining: 90s    
step 01351 (70.0%) | loss: 2.989660 | lrm: 0.43 | dt: 157ms | tok/sec: 835,723 | mfu: 20.2% | epoch: 1 | remaining: 90s    
step 01352 (70.1%) | loss: 2.987851 | lrm: 0.43 | dt: 157ms | tok/sec: 836,140 | mfu: 20.2% | epoch: 1 | remaining: 90s    
step 01353 (70.1%) | loss: 2.983802 | lrm: 0.43 | dt: 157ms | tok/sec: 835,910 | mfu: 20.2% | epoch: 1 | remaining: 89s    
step 01354 (70.2%) | loss: 2.979553 | lrm: 0.43 | dt: 157ms | tok/sec: 836,298 | mfu: 20.2% | epoch: 1 | remaining: 89s    
step 01355 (70.2%) | loss: 2.981410 | lrm: 0.43 | dt: 157ms | tok/sec: 836,243 | mfu: 20.2% | epoch: 1 | remaining: 89s    
step 01356 (70.3%) | loss: 2.981974 | lrm: 0.42 | dt: 157ms | tok/sec: 835,758 | mfu: 20.2% | epoch: 1 | remaining: 89s    
step 01357 (70.3%) | loss: 2.982031 | lrm: 0.42 | dt: 157ms | tok/sec: 836,003 | mfu: 20.2% | epoch: 1 | remaining: 89s    
step 01358 (70.4%) | loss: 2.980811 | lrm: 0.42 | dt: 157ms | tok/sec: 836,027 | mfu: 20.2% | epoch: 1 | remaining: 89s    
step 01359 (70.4%) | loss: 2.983327 | lrm: 0.42 | dt: 157ms | tok/sec: 836,258 | mfu: 20.2% | epoch: 1 | remaining: 89s    
step 01360 (70.5%) | loss: 2.974950 | lrm: 0.42 | dt: 157ms | tok/sec: 836,070 | mfu: 20.2% | epoch: 1 | remaining: 88s    
step 01361 (70.5%) | loss: 2.970195 | lrm: 0.42 | dt: 157ms | tok/sec: 836,030 | mfu: 20.2% | epoch: 1 | remaining: 88s    
step 01362 (70.6%) | loss: 2.978325 | lrm: 0.42 | dt: 157ms | tok/sec: 835,897 | mfu: 20.2% | epoch: 1 | remaining: 88s    
step 01363 (70.6%) | loss: 2.976185 | lrm: 0.42 | dt: 157ms | tok/sec: 836,229 | mfu: 20.2% | epoch: 1 | remaining: 88s    
step 01364 (70.7%) | loss: 2.978560 | lrm: 0.42 | dt: 157ms | tok/sec: 836,153 | mfu: 20.2% | epoch: 1 | remaining: 88s    
step 01365 (70.7%) | loss: 2.981917 | lrm: 0.42 | dt: 157ms | tok/sec: 836,266 | mfu: 20.2% | epoch: 1 | remaining: 88s    
step 01366 (70.8%) | loss: 2.985679 | lrm: 0.42 | dt: 157ms | tok/sec: 836,281 | mfu: 20.2% | epoch: 1 | remaining: 87s    
step 01367 (70.8%) | loss: 2.990948 | lrm: 0.42 | dt: 157ms | tok/sec: 836,003 | mfu: 20.2% | epoch: 1 | remaining: 87s    
step 01368 (70.9%) | loss: 2.990384 | lrm: 0.42 | dt: 157ms | tok/sec: 836,382 | mfu: 20.2% | epoch: 1 | remaining: 87s    
step 01369 (71.0%) | loss: 2.984052 | lrm: 0.41 | dt: 157ms | tok/sec: 836,072 | mfu: 20.2% | epoch: 1 | remaining: 87s    
step 01370 (71.0%) | loss: 2.984464 | lrm: 0.41 | dt: 157ms | tok/sec: 836,314 | mfu: 20.2% | epoch: 1 | remaining: 87s    
step 01371 (71.1%) | loss: 2.986660 | lrm: 0.41 | dt: 157ms | tok/sec: 836,250 | mfu: 20.2% | epoch: 1 | remaining: 87s    
step 01372 (71.1%) | loss: 2.990117 | lrm: 0.41 | dt: 157ms | tok/sec: 836,082 | mfu: 20.2% | epoch: 1 | remaining: 87s    
step 01373 (71.2%) | loss: 2.992276 | lrm: 0.41 | dt: 157ms | tok/sec: 836,342 | mfu: 20.2% | epoch: 1 | remaining: 86s    
step 01374 (71.2%) | loss: 2.987256 | lrm: 0.41 | dt: 157ms | tok/sec: 836,096 | mfu: 20.2% | epoch: 1 | remaining: 86s    
step 01375 (71.3%) | loss: 2.983696 | lrm: 0.41 | dt: 157ms | tok/sec: 836,052 | mfu: 20.2% | epoch: 1 | remaining: 86s    
step 01376 (71.3%) | loss: 2.990881 | lrm: 0.41 | dt: 157ms | tok/sec: 835,927 | mfu: 20.2% | epoch: 1 | remaining: 86s    
step 01377 (71.4%) | loss: 2.992668 | lrm: 0.41 | dt: 157ms | tok/sec: 836,320 | mfu: 20.2% | epoch: 1 | remaining: 86s    
step 01378 (71.4%) | loss: 2.994130 | lrm: 0.41 | dt: 157ms | tok/sec: 836,124 | mfu: 20.2% | epoch: 1 | remaining: 86s    
step 01379 (71.5%) | loss: 2.989676 | lrm: 0.41 | dt: 157ms | tok/sec: 836,080 | mfu: 20.2% | epoch: 1 | remaining: 85s    
step 01380 (71.5%) | loss: 2.992734 | lrm: 0.41 | dt: 157ms | tok/sec: 836,195 | mfu: 20.2% | epoch: 1 | remaining: 85s    
step 01381 (71.6%) | loss: 2.988133 | lrm: 0.41 | dt: 157ms | tok/sec: 835,854 | mfu: 20.2% | epoch: 1 | remaining: 85s    
step 01382 (71.6%) | loss: 2.989388 | lrm: 0.41 | dt: 157ms | tok/sec: 835,955 | mfu: 20.2% | epoch: 1 | remaining: 85s    
step 01383 (71.7%) | loss: 2.997524 | lrm: 0.40 | dt: 157ms | tok/sec: 836,339 | mfu: 20.2% | epoch: 1 | remaining: 85s    
step 01384 (71.7%) | loss: 2.995002 | lrm: 0.40 | dt: 157ms | tok/sec: 836,045 | mfu: 20.2% | epoch: 1 | remaining: 85s    
step 01385 (71.8%) | loss: 2.991067 | lrm: 0.40 | dt: 157ms | tok/sec: 835,979 | mfu: 20.2% | epoch: 1 | remaining: 84s    
step 01386 (71.8%) | loss: 2.982765 | lrm: 0.40 | dt: 157ms | tok/sec: 836,303 | mfu: 20.2% | epoch: 1 | remaining: 84s    
step 01387 (71.9%) | loss: 2.983647 | lrm: 0.40 | dt: 157ms | tok/sec: 836,258 | mfu: 20.2% | epoch: 1 | remaining: 84s    
step 01388 (71.9%) | loss: 2.986946 | lrm: 0.40 | dt: 157ms | tok/sec: 836,018 | mfu: 20.2% | epoch: 1 | remaining: 84s    
step 01389 (72.0%) | loss: 2.983659 | lrm: 0.40 | dt: 157ms | tok/sec: 835,858 | mfu: 20.2% | epoch: 1 | remaining: 84s    
step 01390 (72.1%) | loss: 2.980275 | lrm: 0.40 | dt: 157ms | tok/sec: 836,102 | mfu: 20.2% | epoch: 1 | remaining: 84s    
step 01391 (72.1%) | loss: 2.974309 | lrm: 0.40 | dt: 157ms | tok/sec: 836,136 | mfu: 20.2% | epoch: 1 | remaining: 84s    
step 01392 (72.2%) | loss: 2.972702 | lrm: 0.40 | dt: 157ms | tok/sec: 836,233 | mfu: 20.2% | epoch: 1 | remaining: 83s    
step 01393 (72.2%) | loss: 2.974998 | lrm: 0.40 | dt: 157ms | tok/sec: 836,551 | mfu: 20.2% | epoch: 1 | remaining: 83s    
step 01394 (72.3%) | loss: 2.973863 | lrm: 0.40 | dt: 157ms | tok/sec: 835,941 | mfu: 20.2% | epoch: 1 | remaining: 83s    
step 01395 (72.3%) | loss: 2.971729 | lrm: 0.40 | dt: 157ms | tok/sec: 835,958 | mfu: 20.2% | epoch: 1 | remaining: 83s    
step 01396 (72.4%) | loss: 2.968863 | lrm: 0.39 | dt: 157ms | tok/sec: 836,005 | mfu: 20.2% | epoch: 1 | remaining: 83s    
step 01397 (72.4%) | loss: 2.966280 | lrm: 0.39 | dt: 157ms | tok/sec: 836,040 | mfu: 20.2% | epoch: 1 | remaining: 83s    
step 01398 (72.5%) | loss: 2.969385 | lrm: 0.39 | dt: 157ms | tok/sec: 836,318 | mfu: 20.2% | epoch: 1 | remaining: 82s    
step 01399 (72.5%) | loss: 2.967978 | lrm: 0.39 | dt: 157ms | tok/sec: 835,872 | mfu: 20.2% | epoch: 1 | remaining: 82s    
step 01400 (72.6%) | loss: 2.968547 | lrm: 0.39 | dt: 157ms | tok/sec: 835,869 | mfu: 20.2% | epoch: 1 | remaining: 82s    
step 01401 (72.6%) | loss: 2.968400 | lrm: 0.39 | dt: 157ms | tok/sec: 836,055 | mfu: 20.2% | epoch: 1 | remaining: 82s    
step 01402 (72.7%) | loss: 2.968976 | lrm: 0.39 | dt: 157ms | tok/sec: 836,069 | mfu: 20.2% | epoch: 1 | remaining: 82s    
step 01403 (72.7%) | loss: 2.968279 | lrm: 0.39 | dt: 157ms | tok/sec: 835,967 | mfu: 20.2% | epoch: 1 | remaining: 82s    
step 01404 (72.8%) | loss: 2.966708 | lrm: 0.39 | dt: 157ms | tok/sec: 836,213 | mfu: 20.2% | epoch: 1 | remaining: 81s    
step 01405 (72.8%) | loss: 2.968004 | lrm: 0.39 | dt: 157ms | tok/sec: 836,251 | mfu: 20.2% | epoch: 1 | remaining: 81s    
step 01406 (72.9%) | loss: 2.963427 | lrm: 0.39 | dt: 157ms | tok/sec: 836,410 | mfu: 20.2% | epoch: 1 | remaining: 81s    
step 01407 (72.9%) | loss: 2.968624 | lrm: 0.39 | dt: 157ms | tok/sec: 835,943 | mfu: 20.2% | epoch: 1 | remaining: 81s    
step 01408 (73.0%) | loss: 2.964266 | lrm: 0.39 | dt: 157ms | tok/sec: 835,971 | mfu: 20.2% | epoch: 1 | remaining: 81s    
step 01409 (73.0%) | loss: 2.964487 | lrm: 0.39 | dt: 157ms | tok/sec: 836,447 | mfu: 20.2% | epoch: 1 | remaining: 81s    
step 01410 (73.1%) | loss: 2.960332 | lrm: 0.38 | dt: 157ms | tok/sec: 836,275 | mfu: 20.2% | epoch: 1 | remaining: 81s    
step 01411 (73.1%) | loss: 2.963131 | lrm: 0.38 | dt: 157ms | tok/sec: 835,885 | mfu: 20.2% | epoch: 1 | remaining: 80s    
step 01412 (73.2%) | loss: 2.973005 | lrm: 0.38 | dt: 157ms | tok/sec: 836,083 | mfu: 20.2% | epoch: 1 | remaining: 80s    
step 01413 (73.3%) | loss: 2.970075 | lrm: 0.38 | dt: 157ms | tok/sec: 836,383 | mfu: 20.2% | epoch: 1 | remaining: 80s    
step 01414 (73.3%) | loss: 2.972306 | lrm: 0.38 | dt: 157ms | tok/sec: 836,023 | mfu: 20.2% | epoch: 1 | remaining: 80s    
step 01415 (73.4%) | loss: 2.970503 | lrm: 0.38 | dt: 157ms | tok/sec: 836,327 | mfu: 20.2% | epoch: 1 | remaining: 80s    
step 01416 (73.4%) | loss: 2.967078 | lrm: 0.38 | dt: 157ms | tok/sec: 836,044 | mfu: 20.2% | epoch: 1 | remaining: 80s    
step 01417 (73.5%) | loss: 2.964187 | lrm: 0.38 | dt: 157ms | tok/sec: 836,124 | mfu: 20.2% | epoch: 1 | remaining: 79s    
step 01418 (73.5%) | loss: 2.963023 | lrm: 0.38 | dt: 157ms | tok/sec: 836,218 | mfu: 20.2% | epoch: 1 | remaining: 79s    
step 01419 (73.6%) | loss: 2.956795 | lrm: 0.38 | dt: 157ms | tok/sec: 836,194 | mfu: 20.2% | epoch: 1 | remaining: 79s    
step 01420 (73.6%) | loss: 2.956677 | lrm: 0.38 | dt: 157ms | tok/sec: 836,348 | mfu: 20.2% | epoch: 1 | remaining: 79s    
step 01421 (73.7%) | loss: 2.963566 | lrm: 0.38 | dt: 157ms | tok/sec: 836,077 | mfu: 20.2% | epoch: 1 | remaining: 79s    
step 01422 (73.7%) | loss: 2.955872 | lrm: 0.38 | dt: 157ms | tok/sec: 836,023 | mfu: 20.2% | epoch: 1 | remaining: 79s    
step 01423 (73.8%) | loss: 2.954958 | lrm: 0.37 | dt: 157ms | tok/sec: 836,110 | mfu: 20.2% | epoch: 1 | remaining: 79s    
step 01424 (73.8%) | loss: 2.959443 | lrm: 0.37 | dt: 157ms | tok/sec: 836,514 | mfu: 20.2% | epoch: 1 | remaining: 78s    
step 01425 (73.9%) | loss: 2.957471 | lrm: 0.37 | dt: 157ms | tok/sec: 836,225 | mfu: 20.2% | epoch: 1 | remaining: 78s    
step 01426 (73.9%) | loss: 2.962801 | lrm: 0.37 | dt: 157ms | tok/sec: 836,130 | mfu: 20.2% | epoch: 1 | remaining: 78s    
step 01427 (74.0%) | loss: 2.966505 | lrm: 0.37 | dt: 157ms | tok/sec: 836,115 | mfu: 20.2% | epoch: 1 | remaining: 78s    
step 01428 (74.0%) | loss: 2.960669 | lrm: 0.37 | dt: 157ms | tok/sec: 836,068 | mfu: 20.2% | epoch: 1 | remaining: 78s    
step 01429 (74.1%) | loss: 2.955042 | lrm: 0.37 | dt: 157ms | tok/sec: 835,858 | mfu: 20.2% | epoch: 1 | remaining: 78s    
step 01430 (74.1%) | loss: 2.959165 | lrm: 0.37 | dt: 157ms | tok/sec: 836,144 | mfu: 20.2% | epoch: 1 | remaining: 77s    
step 01431 (74.2%) | loss: 2.964797 | lrm: 0.37 | dt: 157ms | tok/sec: 836,098 | mfu: 20.2% | epoch: 1 | remaining: 77s    
step 01432 (74.2%) | loss: 2.956300 | lrm: 0.37 | dt: 157ms | tok/sec: 836,325 | mfu: 20.2% | epoch: 1 | remaining: 77s    
step 01433 (74.3%) | loss: 2.956277 | lrm: 0.37 | dt: 157ms | tok/sec: 836,444 | mfu: 20.2% | epoch: 1 | remaining: 77s    
step 01434 (74.3%) | loss: 2.962736 | lrm: 0.37 | dt: 157ms | tok/sec: 836,106 | mfu: 20.2% | epoch: 1 | remaining: 77s    
step 01435 (74.4%) | loss: 2.962999 | lrm: 0.37 | dt: 157ms | tok/sec: 836,102 | mfu: 20.2% | epoch: 1 | remaining: 77s    
step 01436 (74.5%) | loss: 2.960586 | lrm: 0.36 | dt: 157ms | tok/sec: 836,129 | mfu: 20.2% | epoch: 1 | remaining: 76s    
step 01437 (74.5%) | loss: 2.958068 | lrm: 0.36 | dt: 157ms | tok/sec: 836,098 | mfu: 20.2% | epoch: 1 | remaining: 76s    
step 01438 (74.6%) | loss: 2.963403 | lrm: 0.36 | dt: 157ms | tok/sec: 835,848 | mfu: 20.2% | epoch: 1 | remaining: 76s    
step 01439 (74.6%) | loss: 2.962005 | lrm: 0.36 | dt: 157ms | tok/sec: 836,154 | mfu: 20.2% | epoch: 1 | remaining: 76s    
step 01440 (74.7%) | loss: 2.965918 | lrm: 0.36 | dt: 157ms | tok/sec: 836,178 | mfu: 20.2% | epoch: 1 | remaining: 76s    
step 01441 (74.7%) | loss: 2.958539 | lrm: 0.36 | dt: 157ms | tok/sec: 836,158 | mfu: 20.2% | epoch: 1 | remaining: 76s    
step 01442 (74.8%) | loss: 2.956633 | lrm: 0.36 | dt: 157ms | tok/sec: 836,134 | mfu: 20.2% | epoch: 1 | remaining: 76s    
step 01443 (74.8%) | loss: 2.958207 | lrm: 0.36 | dt: 157ms | tok/sec: 836,314 | mfu: 20.2% | epoch: 1 | remaining: 75s    
step 01444 (74.9%) | loss: 2.957302 | lrm: 0.36 | dt: 157ms | tok/sec: 836,668 | mfu: 20.2% | epoch: 1 | remaining: 75s    
step 01445 (74.9%) | loss: 2.955685 | lrm: 0.36 | dt: 157ms | tok/sec: 836,018 | mfu: 20.2% | epoch: 1 | remaining: 75s    
step 01446 (75.0%) | loss: 2.957737 | lrm: 0.36 | dt: 157ms | tok/sec: 836,019 | mfu: 20.2% | epoch: 1 | remaining: 75s    
step 01447 (75.0%) | loss: 2.956734 | lrm: 0.36 | dt: 157ms | tok/sec: 836,346 | mfu: 20.2% | epoch: 1 | remaining: 75s    
step 01448 (75.1%) | loss: 2.945508 | lrm: 0.36 | dt: 157ms | tok/sec: 836,159 | mfu: 20.2% | epoch: 1 | remaining: 75s    
step 01449 (75.1%) | loss: 2.944809 | lrm: 0.36 | dt: 157ms | tok/sec: 836,145 | mfu: 20.2% | epoch: 1 | remaining: 74s    
step 01450 (75.2%) | loss: 2.939495 | lrm: 0.35 | dt: 157ms | tok/sec: 836,229 | mfu: 20.2% | epoch: 1 | remaining: 74s    
step 01451 (75.2%) | loss: 2.939831 | lrm: 0.35 | dt: 157ms | tok/sec: 836,131 | mfu: 20.2% | epoch: 1 | remaining: 74s    
step 01452 (75.3%) | loss: 2.940892 | lrm: 0.35 | dt: 157ms | tok/sec: 836,325 | mfu: 20.2% | epoch: 1 | remaining: 74s    
step 01453 (75.3%) | loss: 2.957741 | lrm: 0.35 | dt: 157ms | tok/sec: 836,103 | mfu: 20.2% | epoch: 1 | remaining: 74s    
step 01454 (75.4%) | loss: 2.960676 | lrm: 0.35 | dt: 157ms | tok/sec: 836,191 | mfu: 20.2% | epoch: 1 | remaining: 74s    
step 01455 (75.4%) | loss: 2.961001 | lrm: 0.35 | dt: 157ms | tok/sec: 836,080 | mfu: 20.2% | epoch: 1 | remaining: 74s    
step 01456 (75.5%) | loss: 2.956840 | lrm: 0.35 | dt: 157ms | tok/sec: 836,098 | mfu: 20.2% | epoch: 1 | remaining: 73s    
step 01457 (75.6%) | loss: 2.961636 | lrm: 0.35 | dt: 157ms | tok/sec: 836,049 | mfu: 20.2% | epoch: 1 | remaining: 73s    
step 01458 (75.6%) | loss: 2.957360 | lrm: 0.35 | dt: 157ms | tok/sec: 835,876 | mfu: 20.2% | epoch: 1 | remaining: 73s    
step 01459 (75.7%) | loss: 2.956904 | lrm: 0.35 | dt: 157ms | tok/sec: 835,752 | mfu: 20.2% | epoch: 1 | remaining: 73s    
step 01460 (75.7%) | loss: 2.955054 | lrm: 0.35 | dt: 157ms | tok/sec: 835,557 | mfu: 20.2% | epoch: 1 | remaining: 73s    
step 01461 (75.8%) | loss: 2.960968 | lrm: 0.35 | dt: 157ms | tok/sec: 836,052 | mfu: 20.2% | epoch: 1 | remaining: 73s    
step 01462 (75.8%) | loss: 2.957847 | lrm: 0.35 | dt: 157ms | tok/sec: 836,276 | mfu: 20.2% | epoch: 1 | remaining: 72s    
step 01463 (75.9%) | loss: 2.960550 | lrm: 0.34 | dt: 157ms | tok/sec: 836,351 | mfu: 20.2% | epoch: 1 | remaining: 72s    
step 01464 (75.9%) | loss: 2.955029 | lrm: 0.34 | dt: 157ms | tok/sec: 836,092 | mfu: 20.2% | epoch: 1 | remaining: 72s    
step 01465 (76.0%) | loss: 2.948072 | lrm: 0.34 | dt: 157ms | tok/sec: 836,260 | mfu: 20.2% | epoch: 1 | remaining: 72s    
step 01466 (76.0%) | loss: 2.948464 | lrm: 0.34 | dt: 157ms | tok/sec: 835,838 | mfu: 20.2% | epoch: 1 | remaining: 72s    
step 01467 (76.1%) | loss: 2.945075 | lrm: 0.34 | dt: 157ms | tok/sec: 836,112 | mfu: 20.2% | epoch: 1 | remaining: 72s    
step 01468 (76.1%) | loss: 2.945346 | lrm: 0.34 | dt: 157ms | tok/sec: 836,135 | mfu: 20.2% | epoch: 1 | remaining: 71s    
step 01469 (76.2%) | loss: 2.948463 | lrm: 0.34 | dt: 157ms | tok/sec: 835,939 | mfu: 20.2% | epoch: 1 | remaining: 71s    
step 01470 (76.2%) | loss: 2.955469 | lrm: 0.34 | dt: 157ms | tok/sec: 836,192 | mfu: 20.2% | epoch: 1 | remaining: 71s    
step 01471 (76.3%) | loss: 2.954618 | lrm: 0.34 | dt: 157ms | tok/sec: 836,107 | mfu: 20.2% | epoch: 1 | remaining: 71s    
step 01472 (76.3%) | loss: 2.950816 | lrm: 0.34 | dt: 157ms | tok/sec: 836,181 | mfu: 20.2% | epoch: 1 | remaining: 71s    
step 01473 (76.4%) | loss: 2.953116 | lrm: 0.34 | dt: 157ms | tok/sec: 836,155 | mfu: 20.2% | epoch: 1 | remaining: 71s    
step 01474 (76.4%) | loss: 2.953691 | lrm: 0.34 | dt: 157ms | tok/sec: 835,850 | mfu: 20.2% | epoch: 1 | remaining: 71s    
step 01475 (76.5%) | loss: 2.954615 | lrm: 0.34 | dt: 157ms | tok/sec: 836,056 | mfu: 20.2% | epoch: 1 | remaining: 70s    
step 01476 (76.5%) | loss: 2.951207 | lrm: 0.34 | dt: 157ms | tok/sec: 836,196 | mfu: 20.2% | epoch: 1 | remaining: 70s    
step 01477 (76.6%) | loss: 2.942118 | lrm: 0.33 | dt: 157ms | tok/sec: 836,620 | mfu: 20.2% | epoch: 1 | remaining: 70s    
step 01478 (76.6%) | loss: 2.947158 | lrm: 0.33 | dt: 157ms | tok/sec: 836,206 | mfu: 20.2% | epoch: 1 | remaining: 70s    
step 01479 (76.7%) | loss: 2.946018 | lrm: 0.33 | dt: 157ms | tok/sec: 836,115 | mfu: 20.2% | epoch: 1 | remaining: 70s    
step 01480 (76.8%) | loss: 2.943739 | lrm: 0.33 | dt: 157ms | tok/sec: 836,283 | mfu: 20.2% | epoch: 1 | remaining: 70s    
step 01481 (76.8%) | loss: 2.943683 | lrm: 0.33 | dt: 157ms | tok/sec: 836,236 | mfu: 20.2% | epoch: 1 | remaining: 69s    
step 01482 (76.9%) | loss: 2.941471 | lrm: 0.33 | dt: 157ms | tok/sec: 835,975 | mfu: 20.2% | epoch: 1 | remaining: 69s    
step 01483 (76.9%) | loss: 2.940186 | lrm: 0.33 | dt: 157ms | tok/sec: 835,993 | mfu: 20.2% | epoch: 1 | remaining: 69s    
step 01484 (77.0%) | loss: 2.937596 | lrm: 0.33 | dt: 157ms | tok/sec: 836,091 | mfu: 20.2% | epoch: 1 | remaining: 69s    
step 01485 (77.0%) | loss: 2.935922 | lrm: 0.33 | dt: 157ms | tok/sec: 835,974 | mfu: 20.2% | epoch: 1 | remaining: 69s    
step 01486 (77.1%) | loss: 2.939185 | lrm: 0.33 | dt: 157ms | tok/sec: 836,164 | mfu: 20.2% | epoch: 1 | remaining: 69s    
step 01487 (77.1%) | loss: 2.935324 | lrm: 0.33 | dt: 157ms | tok/sec: 835,900 | mfu: 20.2% | epoch: 1 | remaining: 68s    
step 01488 (77.2%) | loss: 2.936476 | lrm: 0.33 | dt: 157ms | tok/sec: 835,700 | mfu: 20.2% | epoch: 1 | remaining: 68s    
step 01489 (77.2%) | loss: 2.932063 | lrm: 0.33 | dt: 157ms | tok/sec: 835,965 | mfu: 20.2% | epoch: 1 | remaining: 68s    
step 01490 (77.3%) | loss: 2.938929 | lrm: 0.32 | dt: 157ms | tok/sec: 836,326 | mfu: 20.2% | epoch: 1 | remaining: 68s    
step 01491 (77.3%) | loss: 2.941202 | lrm: 0.32 | dt: 157ms | tok/sec: 836,200 | mfu: 20.2% | epoch: 1 | remaining: 68s    
step 01492 (77.4%) | loss: 2.933402 | lrm: 0.32 | dt: 157ms | tok/sec: 836,046 | mfu: 20.2% | epoch: 1 | remaining: 68s    
step 01493 (77.4%) | loss: 2.935561 | lrm: 0.32 | dt: 157ms | tok/sec: 835,866 | mfu: 20.2% | epoch: 1 | remaining: 68s    
step 01494 (77.5%) | loss: 2.939479 | lrm: 0.32 | dt: 157ms | tok/sec: 835,808 | mfu: 20.2% | epoch: 1 | remaining: 67s    
step 01495 (77.5%) | loss: 2.939182 | lrm: 0.32 | dt: 157ms | tok/sec: 836,061 | mfu: 20.2% | epoch: 1 | remaining: 67s    
step 01496 (77.6%) | loss: 2.949293 | lrm: 0.32 | dt: 157ms | tok/sec: 836,322 | mfu: 20.2% | epoch: 1 | remaining: 67s    
step 01497 (77.6%) | loss: 2.948598 | lrm: 0.32 | dt: 157ms | tok/sec: 836,028 | mfu: 20.2% | epoch: 1 | remaining: 67s    
step 01498 (77.7%) | loss: 2.942682 | lrm: 0.32 | dt: 157ms | tok/sec: 836,030 | mfu: 20.2% | epoch: 1 | remaining: 67s    
step 01499 (77.7%) | loss: 2.939878 | lrm: 0.32 | dt: 157ms | tok/sec: 836,009 | mfu: 20.2% | epoch: 1 | remaining: 67s    
step 01500 (77.8%) | loss: 2.935836 | lrm: 0.32 | dt: 157ms | tok/sec: 836,189 | mfu: 20.2% | epoch: 1 | remaining: 66s    
step 01501 (77.9%) | loss: 2.931934 | lrm: 0.32 | dt: 157ms | tok/sec: 836,007 | mfu: 20.2% | epoch: 1 | remaining: 66s    
step 01502 (77.9%) | loss: 2.934173 | lrm: 0.32 | dt: 157ms | tok/sec: 836,367 | mfu: 20.2% | epoch: 1 | remaining: 66s    
step 01503 (78.0%) | loss: 2.931719 | lrm: 0.31 | dt: 157ms | tok/sec: 835,974 | mfu: 20.2% | epoch: 1 | remaining: 66s    
step 01504 (78.0%) | loss: 2.930196 | lrm: 0.31 | dt: 157ms | tok/sec: 836,093 | mfu: 20.2% | epoch: 1 | remaining: 66s    
step 01505 (78.1%) | loss: 2.925713 | lrm: 0.31 | dt: 157ms | tok/sec: 836,103 | mfu: 20.2% | epoch: 1 | remaining: 66s    
step 01506 (78.1%) | loss: 2.933678 | lrm: 0.31 | dt: 157ms | tok/sec: 836,382 | mfu: 20.2% | epoch: 1 | remaining: 66s    
step 01507 (78.2%) | loss: 2.930204 | lrm: 0.31 | dt: 157ms | tok/sec: 836,084 | mfu: 20.2% | epoch: 1 | remaining: 65s    
step 01508 (78.2%) | loss: 2.935331 | lrm: 0.31 | dt: 157ms | tok/sec: 836,113 | mfu: 20.2% | epoch: 1 | remaining: 65s    
step 01509 (78.3%) | loss: 2.935673 | lrm: 0.31 | dt: 157ms | tok/sec: 835,830 | mfu: 20.2% | epoch: 1 | remaining: 65s    
step 01510 (78.3%) | loss: 2.939451 | lrm: 0.31 | dt: 157ms | tok/sec: 836,177 | mfu: 20.2% | epoch: 1 | remaining: 65s    
step 01511 (78.4%) | loss: 2.934439 | lrm: 0.31 | dt: 157ms | tok/sec: 836,260 | mfu: 20.2% | epoch: 1 | remaining: 65s    
step 01512 (78.4%) | loss: 2.938237 | lrm: 0.31 | dt: 157ms | tok/sec: 836,061 | mfu: 20.2% | epoch: 1 | remaining: 65s    
step 01513 (78.5%) | loss: 2.941392 | lrm: 0.31 | dt: 157ms | tok/sec: 835,998 | mfu: 20.2% | epoch: 1 | remaining: 64s    
step 01514 (78.5%) | loss: 2.940929 | lrm: 0.31 | dt: 157ms | tok/sec: 836,410 | mfu: 20.2% | epoch: 1 | remaining: 64s    
step 01515 (78.6%) | loss: 2.943453 | lrm: 0.31 | dt: 157ms | tok/sec: 836,354 | mfu: 20.2% | epoch: 1 | remaining: 64s    
step 01516 (78.6%) | loss: 2.944102 | lrm: 0.31 | dt: 157ms | tok/sec: 836,143 | mfu: 20.2% | epoch: 1 | remaining: 64s    
step 01517 (78.7%) | loss: 2.949735 | lrm: 0.30 | dt: 157ms | tok/sec: 836,079 | mfu: 20.2% | epoch: 1 | remaining: 64s    
step 01518 (78.7%) | loss: 2.947556 | lrm: 0.30 | dt: 157ms | tok/sec: 836,153 | mfu: 20.2% | epoch: 1 | remaining: 64s    
step 01519 (78.8%) | loss: 2.944175 | lrm: 0.30 | dt: 157ms | tok/sec: 836,196 | mfu: 20.2% | epoch: 1 | remaining: 63s    
step 01520 (78.8%) | loss: 2.941940 | lrm: 0.30 | dt: 157ms | tok/sec: 836,016 | mfu: 20.2% | epoch: 1 | remaining: 63s    
step 01521 (78.9%) | loss: 2.934771 | lrm: 0.30 | dt: 157ms | tok/sec: 835,937 | mfu: 20.2% | epoch: 1 | remaining: 63s    
step 01522 (78.9%) | loss: 2.928122 | lrm: 0.30 | dt: 157ms | tok/sec: 835,577 | mfu: 20.2% | epoch: 1 | remaining: 63s    
step 01523 (79.0%) | loss: 2.923901 | lrm: 0.30 | dt: 157ms | tok/sec: 835,256 | mfu: 20.2% | epoch: 1 | remaining: 63s    
step 01524 (79.1%) | loss: 2.923033 | lrm: 0.30 | dt: 157ms | tok/sec: 835,617 | mfu: 20.2% | epoch: 1 | remaining: 63s    
step 01525 (79.1%) | loss: 2.930209 | lrm: 0.30 | dt: 157ms | tok/sec: 836,091 | mfu: 20.2% | epoch: 1 | remaining: 63s    
step 01526 (79.2%) | loss: 2.935382 | lrm: 0.30 | dt: 157ms | tok/sec: 835,939 | mfu: 20.2% | epoch: 1 | remaining: 62s    
step 01527 (79.2%) | loss: 2.934798 | lrm: 0.30 | dt: 157ms | tok/sec: 836,154 | mfu: 20.2% | epoch: 1 | remaining: 62s    
step 01528 (79.3%) | loss: 2.934094 | lrm: 0.30 | dt: 157ms | tok/sec: 836,322 | mfu: 20.2% | epoch: 1 | remaining: 62s    
step 01529 (79.3%) | loss: 2.932658 | lrm: 0.30 | dt: 157ms | tok/sec: 836,320 | mfu: 20.2% | epoch: 1 | remaining: 62s    
step 01530 (79.4%) | loss: 2.926088 | lrm: 0.29 | dt: 157ms | tok/sec: 836,106 | mfu: 20.2% | epoch: 1 | remaining: 62s    
step 01531 (79.4%) | loss: 2.929315 | lrm: 0.29 | dt: 157ms | tok/sec: 836,227 | mfu: 20.2% | epoch: 1 | remaining: 62s    
step 01532 (79.5%) | loss: 2.924065 | lrm: 0.29 | dt: 157ms | tok/sec: 836,108 | mfu: 20.2% | epoch: 1 | remaining: 61s    
step 01533 (79.5%) | loss: 2.923561 | lrm: 0.29 | dt: 157ms | tok/sec: 835,796 | mfu: 20.2% | epoch: 1 | remaining: 61s    
step 01534 (79.6%) | loss: 2.921107 | lrm: 0.29 | dt: 157ms | tok/sec: 835,934 | mfu: 20.2% | epoch: 1 | remaining: 61s    
step 01535 (79.6%) | loss: 2.923761 | lrm: 0.29 | dt: 157ms | tok/sec: 836,097 | mfu: 20.2% | epoch: 1 | remaining: 61s    
step 01536 (79.7%) | loss: 2.925298 | lrm: 0.29 | dt: 157ms | tok/sec: 836,220 | mfu: 20.2% | epoch: 1 | remaining: 61s    
step 01537 (79.7%) | loss: 2.931158 | lrm: 0.29 | dt: 157ms | tok/sec: 836,094 | mfu: 20.2% | epoch: 1 | remaining: 61s    
step 01538 (79.8%) | loss: 2.931261 | lrm: 0.29 | dt: 157ms | tok/sec: 836,046 | mfu: 20.2% | epoch: 1 | remaining: 60s    
step 01539 (79.8%) | loss: 2.932832 | lrm: 0.29 | dt: 157ms | tok/sec: 835,990 | mfu: 20.2% | epoch: 1 | remaining: 60s    
step 01540 (79.9%) | loss: 2.930033 | lrm: 0.29 | dt: 157ms | tok/sec: 836,058 | mfu: 20.2% | epoch: 1 | remaining: 60s    
step 01541 (79.9%) | loss: 2.927439 | lrm: 0.29 | dt: 157ms | tok/sec: 836,168 | mfu: 20.2% | epoch: 1 | remaining: 60s    
step 01542 (80.0%) | loss: 2.932632 | lrm: 0.29 | dt: 157ms | tok/sec: 835,803 | mfu: 20.2% | epoch: 1 | remaining: 60s    
step 01543 (80.0%) | loss: 2.933861 | lrm: 0.29 | dt: 157ms | tok/sec: 835,123 | mfu: 20.2% | epoch: 1 | remaining: 60s    
step 01544 (80.1%) | loss: 2.938991 | lrm: 0.28 | dt: 157ms | tok/sec: 835,849 | mfu: 20.2% | epoch: 1 | remaining: 60s    
step 01545 (80.1%) | loss: 2.933530 | lrm: 0.28 | dt: 157ms | tok/sec: 835,335 | mfu: 20.2% | epoch: 1 | remaining: 59s    
step 01546 (80.2%) | loss: 2.931814 | lrm: 0.28 | dt: 157ms | tok/sec: 835,226 | mfu: 20.2% | epoch: 1 | remaining: 59s    
step 01547 (80.3%) | loss: 2.940185 | lrm: 0.28 | dt: 157ms | tok/sec: 835,951 | mfu: 20.2% | epoch: 1 | remaining: 59s    
step 01548 (80.3%) | loss: 2.947977 | lrm: 0.28 | dt: 157ms | tok/sec: 835,962 | mfu: 20.2% | epoch: 1 | remaining: 59s    
step 01549 (80.4%) | loss: 2.943209 | lrm: 0.28 | dt: 157ms | tok/sec: 835,881 | mfu: 20.2% | epoch: 1 | remaining: 59s    
step 01550 (80.4%) | loss: 2.946395 | lrm: 0.28 | dt: 157ms | tok/sec: 835,819 | mfu: 20.2% | epoch: 1 | remaining: 59s    
step 01551 (80.5%) | loss: 2.939731 | lrm: 0.28 | dt: 157ms | tok/sec: 835,869 | mfu: 20.2% | epoch: 1 | remaining: 58s    
step 01552 (80.5%) | loss: 2.935416 | lrm: 0.28 | dt: 157ms | tok/sec: 835,820 | mfu: 20.2% | epoch: 1 | remaining: 58s    
step 01553 (80.6%) | loss: 2.927843 | lrm: 0.28 | dt: 157ms | tok/sec: 835,969 | mfu: 20.2% | epoch: 1 | remaining: 58s    
step 01554 (80.6%) | loss: 2.924930 | lrm: 0.28 | dt: 157ms | tok/sec: 835,432 | mfu: 20.2% | epoch: 1 | remaining: 58s    
step 01555 (80.7%) | loss: 2.925700 | lrm: 0.28 | dt: 157ms | tok/sec: 835,501 | mfu: 20.2% | epoch: 1 | remaining: 58s    
step 01556 (80.7%) | loss: 2.922665 | lrm: 0.28 | dt: 157ms | tok/sec: 835,918 | mfu: 20.2% | epoch: 1 | remaining: 58s    
step 01557 (80.8%) | loss: 2.924749 | lrm: 0.27 | dt: 157ms | tok/sec: 835,498 | mfu: 20.2% | epoch: 1 | remaining: 58s    
step 01558 (80.8%) | loss: 2.925894 | lrm: 0.27 | dt: 157ms | tok/sec: 835,812 | mfu: 20.2% | epoch: 1 | remaining: 57s    
step 01559 (80.9%) | loss: 2.927454 | lrm: 0.27 | dt: 157ms | tok/sec: 836,061 | mfu: 20.2% | epoch: 1 | remaining: 57s    
step 01560 (80.9%) | loss: 2.923113 | lrm: 0.27 | dt: 157ms | tok/sec: 836,178 | mfu: 20.2% | epoch: 1 | remaining: 57s    
step 01561 (81.0%) | loss: 2.922147 | lrm: 0.27 | dt: 157ms | tok/sec: 835,949 | mfu: 20.2% | epoch: 1 | remaining: 57s    
step 01562 (81.0%) | loss: 2.925920 | lrm: 0.27 | dt: 157ms | tok/sec: 835,885 | mfu: 20.2% | epoch: 1 | remaining: 57s    
step 01563 (81.1%) | loss: 2.924182 | lrm: 0.27 | dt: 157ms | tok/sec: 833,999 | mfu: 20.2% | epoch: 1 | remaining: 57s    
step 01564 (81.1%) | loss: 2.922104 | lrm: 0.27 | dt: 157ms | tok/sec: 835,598 | mfu: 20.2% | epoch: 1 | remaining: 56s    
step 01565 (81.2%) | loss: 2.921341 | lrm: 0.27 | dt: 157ms | tok/sec: 835,768 | mfu: 20.2% | epoch: 1 | remaining: 56s    
step 01566 (81.2%) | loss: 2.920578 | lrm: 0.27 | dt: 157ms | tok/sec: 835,567 | mfu: 20.2% | epoch: 1 | remaining: 56s    
step 01567 (81.3%) | loss: 2.919926 | lrm: 0.27 | dt: 157ms | tok/sec: 836,055 | mfu: 20.2% | epoch: 1 | remaining: 56s    
step 01568 (81.4%) | loss: 2.914691 | lrm: 0.27 | dt: 157ms | tok/sec: 835,980 | mfu: 20.2% | epoch: 1 | remaining: 56s    
step 01569 (81.4%) | loss: 2.915479 | lrm: 0.27 | dt: 157ms | tok/sec: 835,671 | mfu: 20.2% | epoch: 1 | remaining: 56s    
step 01570 (81.5%) | loss: 2.914707 | lrm: 0.26 | dt: 157ms | tok/sec: 835,662 | mfu: 20.2% | epoch: 1 | remaining: 55s    
step 01571 (81.5%) | loss: 2.909200 | lrm: 0.26 | dt: 157ms | tok/sec: 835,671 | mfu: 20.2% | epoch: 1 | remaining: 55s    
step 01572 (81.6%) | loss: 2.907992 | lrm: 0.26 | dt: 157ms | tok/sec: 835,737 | mfu: 20.2% | epoch: 1 | remaining: 55s    
step 01573 (81.6%) | loss: 2.907279 | lrm: 0.26 | dt: 157ms | tok/sec: 835,825 | mfu: 20.2% | epoch: 1 | remaining: 55s    
step 01574 (81.7%) | loss: 2.906665 | lrm: 0.26 | dt: 157ms | tok/sec: 836,036 | mfu: 20.2% | epoch: 1 | remaining: 55s    
step 01575 (81.7%) | loss: 2.911833 | lrm: 0.26 | dt: 157ms | tok/sec: 836,070 | mfu: 20.2% | epoch: 1 | remaining: 55s    
step 01576 (81.8%) | loss: 2.923110 | lrm: 0.26 | dt: 157ms | tok/sec: 836,239 | mfu: 20.2% | epoch: 1 | remaining: 55s    
step 01577 (81.8%) | loss: 2.917812 | lrm: 0.26 | dt: 157ms | tok/sec: 835,676 | mfu: 20.2% | epoch: 1 | remaining: 54s    
step 01578 (81.9%) | loss: 2.910603 | lrm: 0.26 | dt: 157ms | tok/sec: 835,914 | mfu: 20.2% | epoch: 1 | remaining: 54s    
step 01579 (81.9%) | loss: 2.912123 | lrm: 0.26 | dt: 157ms | tok/sec: 835,755 | mfu: 20.2% | epoch: 1 | remaining: 54s    
step 01580 (82.0%) | loss: 2.912407 | lrm: 0.26 | dt: 157ms | tok/sec: 835,847 | mfu: 20.2% | epoch: 1 | remaining: 54s    
step 01581 (82.0%) | loss: 2.914085 | lrm: 0.26 | dt: 157ms | tok/sec: 835,928 | mfu: 20.2% | epoch: 1 | remaining: 54s    
step 01582 (82.1%) | loss: 2.910572 | lrm: 0.26 | dt: 157ms | tok/sec: 835,664 | mfu: 20.2% | epoch: 1 | remaining: 54s    
step 01583 (82.1%) | loss: 2.906186 | lrm: 0.26 | dt: 157ms | tok/sec: 835,742 | mfu: 20.2% | epoch: 1 | remaining: 53s    
step 01584 (82.2%) | loss: 2.912233 | lrm: 0.25 | dt: 157ms | tok/sec: 835,864 | mfu: 20.2% | epoch: 1 | remaining: 53s    
step 01585 (82.2%) | loss: 2.918196 | lrm: 0.25 | dt: 157ms | tok/sec: 835,763 | mfu: 20.2% | epoch: 1 | remaining: 53s    
step 01586 (82.3%) | loss: 2.909029 | lrm: 0.25 | dt: 157ms | tok/sec: 836,010 | mfu: 20.2% | epoch: 1 | remaining: 53s    
step 01587 (82.3%) | loss: 2.906945 | lrm: 0.25 | dt: 157ms | tok/sec: 835,739 | mfu: 20.2% | epoch: 1 | remaining: 53s    
step 01588 (82.4%) | loss: 2.909362 | lrm: 0.25 | dt: 157ms | tok/sec: 835,815 | mfu: 20.2% | epoch: 1 | remaining: 53s    
step 01589 (82.4%) | loss: 2.910092 | lrm: 0.25 | dt: 157ms | tok/sec: 835,764 | mfu: 20.2% | epoch: 1 | remaining: 52s    
step 01590 (82.5%) | loss: 2.909939 | lrm: 0.25 | dt: 157ms | tok/sec: 835,735 | mfu: 20.2% | epoch: 1 | remaining: 52s    
step 01591 (82.6%) | loss: 2.915428 | lrm: 0.25 | dt: 157ms | tok/sec: 835,802 | mfu: 20.2% | epoch: 1 | remaining: 52s    
step 01592 (82.6%) | loss: 2.917210 | lrm: 0.25 | dt: 157ms | tok/sec: 835,831 | mfu: 20.2% | epoch: 1 | remaining: 52s    
step 01593 (82.7%) | loss: 2.911709 | lrm: 0.25 | dt: 157ms | tok/sec: 835,557 | mfu: 20.2% | epoch: 1 | remaining: 52s    
step 01594 (82.7%) | loss: 2.910024 | lrm: 0.25 | dt: 157ms | tok/sec: 836,134 | mfu: 20.2% | epoch: 1 | remaining: 52s    
step 01595 (82.8%) | loss: 2.916191 | lrm: 0.25 | dt: 157ms | tok/sec: 836,023 | mfu: 20.2% | epoch: 1 | remaining: 52s    
step 01596 (82.8%) | loss: 2.913953 | lrm: 0.25 | dt: 157ms | tok/sec: 835,755 | mfu: 20.2% | epoch: 1 | remaining: 51s    
step 01597 (82.9%) | loss: 2.910075 | lrm: 0.24 | dt: 157ms | tok/sec: 835,919 | mfu: 20.2% | epoch: 1 | remaining: 51s    
step 01598 (82.9%) | loss: 2.907434 | lrm: 0.24 | dt: 157ms | tok/sec: 836,210 | mfu: 20.2% | epoch: 1 | remaining: 51s    
step 01599 (83.0%) | loss: 2.895785 | lrm: 0.24 | dt: 157ms | tok/sec: 836,070 | mfu: 20.2% | epoch: 1 | remaining: 51s    
step 01600 (83.0%) | loss: 2.895025 | lrm: 0.24 | dt: 157ms | tok/sec: 835,935 | mfu: 20.2% | epoch: 1 | remaining: 51s    
step 01601 (83.1%) | loss: 2.902154 | lrm: 0.24 | dt: 157ms | tok/sec: 835,596 | mfu: 20.2% | epoch: 1 | remaining: 51s    
step 01602 (83.1%) | loss: 2.896201 | lrm: 0.24 | dt: 157ms | tok/sec: 835,632 | mfu: 20.2% | epoch: 1 | remaining: 50s    
step 01603 (83.2%) | loss: 2.901065 | lrm: 0.24 | dt: 157ms | tok/sec: 834,419 | mfu: 20.2% | epoch: 1 | remaining: 50s    
step 01604 (83.2%) | loss: 2.900741 | lrm: 0.24 | dt: 157ms | tok/sec: 835,174 | mfu: 20.2% | epoch: 1 | remaining: 50s    
step 01605 (83.3%) | loss: 2.904505 | lrm: 0.24 | dt: 157ms | tok/sec: 835,693 | mfu: 20.2% | epoch: 1 | remaining: 50s    
step 01606 (83.3%) | loss: 2.898385 | lrm: 0.24 | dt: 157ms | tok/sec: 835,623 | mfu: 20.2% | epoch: 1 | remaining: 50s    
step 01607 (83.4%) | loss: 2.895515 | lrm: 0.24 | dt: 157ms | tok/sec: 836,013 | mfu: 20.2% | epoch: 1 | remaining: 50s    
step 01608 (83.4%) | loss: 2.891543 | lrm: 0.24 | dt: 157ms | tok/sec: 835,988 | mfu: 20.2% | epoch: 1 | remaining: 50s    
step 01609 (83.5%) | loss: 2.894875 | lrm: 0.24 | dt: 157ms | tok/sec: 835,998 | mfu: 20.2% | epoch: 1 | remaining: 49s    
step 01610 (83.5%) | loss: 2.899684 | lrm: 0.24 | dt: 157ms | tok/sec: 836,227 | mfu: 20.2% | epoch: 1 | remaining: 49s    
step 01611 (83.6%) | loss: 2.896211 | lrm: 0.23 | dt: 157ms | tok/sec: 835,685 | mfu: 20.2% | epoch: 1 | remaining: 49s    
step 01612 (83.7%) | loss: 2.901022 | lrm: 0.23 | dt: 157ms | tok/sec: 835,958 | mfu: 20.2% | epoch: 1 | remaining: 49s    
step 01613 (83.7%) | loss: 2.895004 | lrm: 0.23 | dt: 157ms | tok/sec: 835,933 | mfu: 20.2% | epoch: 1 | remaining: 49s    
step 01614 (83.8%) | loss: 2.890479 | lrm: 0.23 | dt: 157ms | tok/sec: 835,952 | mfu: 20.2% | epoch: 1 | remaining: 49s    
step 01615 (83.8%) | loss: 2.893801 | lrm: 0.23 | dt: 157ms | tok/sec: 835,810 | mfu: 20.2% | epoch: 1 | remaining: 48s    
step 01616 (83.9%) | loss: 2.888708 | lrm: 0.23 | dt: 157ms | tok/sec: 835,819 | mfu: 20.2% | epoch: 1 | remaining: 48s    
step 01617 (83.9%) | loss: 2.897547 | lrm: 0.23 | dt: 157ms | tok/sec: 835,699 | mfu: 20.2% | epoch: 1 | remaining: 48s    
step 01618 (84.0%) | loss: 2.899357 | lrm: 0.23 | dt: 157ms | tok/sec: 835,874 | mfu: 20.2% | epoch: 1 | remaining: 48s    
step 01619 (84.0%) | loss: 2.895050 | lrm: 0.23 | dt: 157ms | tok/sec: 836,191 | mfu: 20.2% | epoch: 1 | remaining: 48s    
step 01620 (84.1%) | loss: 2.899883 | lrm: 0.23 | dt: 157ms | tok/sec: 835,683 | mfu: 20.2% | epoch: 1 | remaining: 48s    
step 01621 (84.1%) | loss: 2.899831 | lrm: 0.23 | dt: 157ms | tok/sec: 836,141 | mfu: 20.2% | epoch: 1 | remaining: 47s    
step 01622 (84.2%) | loss: 2.901667 | lrm: 0.23 | dt: 157ms | tok/sec: 835,773 | mfu: 20.2% | epoch: 1 | remaining: 47s    
step 01623 (84.2%) | loss: 2.901192 | lrm: 0.23 | dt: 157ms | tok/sec: 834,143 | mfu: 20.2% | epoch: 1 | remaining: 47s    
step 01624 (84.3%) | loss: 2.896422 | lrm: 0.22 | dt: 157ms | tok/sec: 835,029 | mfu: 20.2% | epoch: 1 | remaining: 47s    
step 01625 (84.3%) | loss: 2.894163 | lrm: 0.22 | dt: 157ms | tok/sec: 834,972 | mfu: 20.2% | epoch: 1 | remaining: 47s    
step 01626 (84.4%) | loss: 2.894651 | lrm: 0.22 | dt: 157ms | tok/sec: 835,666 | mfu: 20.2% | epoch: 1 | remaining: 47s    
step 01627 (84.4%) | loss: 2.902415 | lrm: 0.22 | dt: 157ms | tok/sec: 835,681 | mfu: 20.2% | epoch: 1 | remaining: 47s    
step 01628 (84.5%) | loss: 2.906430 | lrm: 0.22 | dt: 157ms | tok/sec: 835,752 | mfu: 20.2% | epoch: 1 | remaining: 46s    
step 01629 (84.5%) | loss: 2.901562 | lrm: 0.22 | dt: 157ms | tok/sec: 835,783 | mfu: 20.2% | epoch: 1 | remaining: 46s    
step 01630 (84.6%) | loss: 2.907551 | lrm: 0.22 | dt: 157ms | tok/sec: 835,685 | mfu: 20.2% | epoch: 1 | remaining: 46s    
step 01631 (84.6%) | loss: 2.906797 | lrm: 0.22 | dt: 157ms | tok/sec: 835,937 | mfu: 20.2% | epoch: 1 | remaining: 46s    
step 01632 (84.7%) | loss: 2.905184 | lrm: 0.22 | dt: 157ms | tok/sec: 836,009 | mfu: 20.2% | epoch: 1 | remaining: 46s    
step 01633 (84.8%) | loss: 2.910328 | lrm: 0.22 | dt: 157ms | tok/sec: 836,182 | mfu: 20.2% | epoch: 1 | remaining: 46s    
step 01634 (84.8%) | loss: 2.906025 | lrm: 0.22 | dt: 157ms | tok/sec: 835,772 | mfu: 20.2% | epoch: 1 | remaining: 45s    
step 01635 (84.9%) | loss: 2.895288 | lrm: 0.22 | dt: 157ms | tok/sec: 835,861 | mfu: 20.2% | epoch: 1 | remaining: 45s    
step 01636 (84.9%) | loss: 2.897587 | lrm: 0.22 | dt: 157ms | tok/sec: 836,059 | mfu: 20.2% | epoch: 1 | remaining: 45s    
step 01637 (85.0%) | loss: 2.893315 | lrm: 0.21 | dt: 157ms | tok/sec: 836,079 | mfu: 20.2% | epoch: 1 | remaining: 45s    
step 01638 (85.0%) | loss: 2.893833 | lrm: 0.21 | dt: 157ms | tok/sec: 835,727 | mfu: 20.2% | epoch: 1 | remaining: 45s    
step 01639 (85.1%) | loss: 2.898201 | lrm: 0.21 | dt: 157ms | tok/sec: 836,172 | mfu: 20.2% | epoch: 1 | remaining: 45s    
step 01640 (85.1%) | loss: 2.897568 | lrm: 0.21 | dt: 157ms | tok/sec: 835,913 | mfu: 20.2% | epoch: 1 | remaining: 44s    
step 01641 (85.2%) | loss: 2.901445 | lrm: 0.21 | dt: 157ms | tok/sec: 835,840 | mfu: 20.2% | epoch: 1 | remaining: 44s    
step 01642 (85.2%) | loss: 2.908638 | lrm: 0.21 | dt: 157ms | tok/sec: 835,453 | mfu: 20.2% | epoch: 1 | remaining: 44s    
step 01643 (85.3%) | loss: 2.911974 | lrm: 0.21 | dt: 157ms | tok/sec: 833,919 | mfu: 20.1% | epoch: 1 | remaining: 44s    
step 01644 (85.3%) | loss: 2.911378 | lrm: 0.21 | dt: 157ms | tok/sec: 835,171 | mfu: 20.2% | epoch: 1 | remaining: 44s    
step 01645 (85.4%) | loss: 2.915654 | lrm: 0.21 | dt: 157ms | tok/sec: 835,495 | mfu: 20.2% | epoch: 1 | remaining: 44s    
step 01646 (85.4%) | loss: 2.918027 | lrm: 0.21 | dt: 157ms | tok/sec: 835,910 | mfu: 20.2% | epoch: 1 | remaining: 44s    
step 01647 (85.5%) | loss: 2.923654 | lrm: 0.21 | dt: 157ms | tok/sec: 836,047 | mfu: 20.2% | epoch: 1 | remaining: 43s    
step 01648 (85.5%) | loss: 2.924051 | lrm: 0.21 | dt: 157ms | tok/sec: 835,506 | mfu: 20.2% | epoch: 1 | remaining: 43s    
step 01649 (85.6%) | loss: 2.918547 | lrm: 0.21 | dt: 157ms | tok/sec: 835,929 | mfu: 20.2% | epoch: 1 | remaining: 43s    
step 01650 (85.6%) | loss: 2.914197 | lrm: 0.21 | dt: 157ms | tok/sec: 836,050 | mfu: 20.2% | epoch: 1 | remaining: 43s    
step 01651 (85.7%) | loss: 2.911683 | lrm: 0.20 | dt: 157ms | tok/sec: 835,868 | mfu: 20.2% | epoch: 1 | remaining: 43s    
step 01652 (85.7%) | loss: 2.905810 | lrm: 0.20 | dt: 157ms | tok/sec: 835,548 | mfu: 20.2% | epoch: 1 | remaining: 43s    
step 01653 (85.8%) | loss: 2.905259 | lrm: 0.20 | dt: 157ms | tok/sec: 836,103 | mfu: 20.2% | epoch: 1 | remaining: 42s    
step 01654 (85.8%) | loss: 2.906728 | lrm: 0.20 | dt: 157ms | tok/sec: 835,834 | mfu: 20.2% | epoch: 1 | remaining: 42s    
step 01655 (85.9%) | loss: 2.911168 | lrm: 0.20 | dt: 157ms | tok/sec: 836,046 | mfu: 20.2% | epoch: 1 | remaining: 42s    
step 01656 (86.0%) | loss: 2.909207 | lrm: 0.20 | dt: 157ms | tok/sec: 836,122 | mfu: 20.2% | epoch: 1 | remaining: 42s    
step 01657 (86.0%) | loss: 2.914524 | lrm: 0.20 | dt: 157ms | tok/sec: 835,650 | mfu: 20.2% | epoch: 1 | remaining: 42s    
step 01658 (86.1%) | loss: 2.910457 | lrm: 0.20 | dt: 157ms | tok/sec: 835,871 | mfu: 20.2% | epoch: 1 | remaining: 42s    
step 01659 (86.1%) | loss: 2.909489 | lrm: 0.20 | dt: 157ms | tok/sec: 836,111 | mfu: 20.2% | epoch: 1 | remaining: 42s    
step 01660 (86.2%) | loss: 2.902214 | lrm: 0.20 | dt: 157ms | tok/sec: 836,098 | mfu: 20.2% | epoch: 1 | remaining: 41s    
step 01661 (86.2%) | loss: 2.891771 | lrm: 0.20 | dt: 157ms | tok/sec: 835,788 | mfu: 20.2% | epoch: 1 | remaining: 41s    
step 01662 (86.3%) | loss: 2.889801 | lrm: 0.20 | dt: 157ms | tok/sec: 835,927 | mfu: 20.2% | epoch: 1 | remaining: 41s    
step 01663 (86.3%) | loss: 2.891020 | lrm: 0.20 | dt: 157ms | tok/sec: 835,713 | mfu: 20.2% | epoch: 1 | remaining: 41s    
step 01664 (86.4%) | loss: 2.896513 | lrm: 0.19 | dt: 157ms | tok/sec: 835,998 | mfu: 20.2% | epoch: 1 | remaining: 41s    
step 01665 (86.4%) | loss: 2.894768 | lrm: 0.19 | dt: 157ms | tok/sec: 835,782 | mfu: 20.2% | epoch: 1 | remaining: 41s    
step 01666 (86.5%) | loss: 2.896636 | lrm: 0.19 | dt: 157ms | tok/sec: 835,714 | mfu: 20.2% | epoch: 1 | remaining: 40s    
step 01667 (86.5%) | loss: 2.899210 | lrm: 0.19 | dt: 157ms | tok/sec: 835,714 | mfu: 20.2% | epoch: 1 | remaining: 40s    
step 01668 (86.6%) | loss: 2.903666 | lrm: 0.19 | dt: 157ms | tok/sec: 835,813 | mfu: 20.2% | epoch: 1 | remaining: 40s    
step 01669 (86.6%) | loss: 2.896438 | lrm: 0.19 | dt: 157ms | tok/sec: 836,082 | mfu: 20.2% | epoch: 1 | remaining: 40s    
step 01670 (86.7%) | loss: 2.902543 | lrm: 0.19 | dt: 157ms | tok/sec: 836,092 | mfu: 20.2% | epoch: 1 | remaining: 40s    
step 01671 (86.7%) | loss: 2.902551 | lrm: 0.19 | dt: 157ms | tok/sec: 835,610 | mfu: 20.2% | epoch: 1 | remaining: 40s    
step 01672 (86.8%) | loss: 2.902013 | lrm: 0.19 | dt: 157ms | tok/sec: 836,153 | mfu: 20.2% | epoch: 1 | remaining: 39s    
step 01673 (86.8%) | loss: 2.906465 | lrm: 0.19 | dt: 157ms | tok/sec: 835,913 | mfu: 20.2% | epoch: 1 | remaining: 39s    
step 01674 (86.9%) | loss: 2.907345 | lrm: 0.19 | dt: 157ms | tok/sec: 835,831 | mfu: 20.2% | epoch: 1 | remaining: 39s    
step 01675 (86.9%) | loss: 2.906595 | lrm: 0.19 | dt: 157ms | tok/sec: 835,991 | mfu: 20.2% | epoch: 1 | remaining: 39s    
step 01676 (87.0%) | loss: 2.902223 | lrm: 0.19 | dt: 157ms | tok/sec: 835,443 | mfu: 20.2% | epoch: 1 | remaining: 39s    
step 01677 (87.1%) | loss: 2.908861 | lrm: 0.18 | dt: 157ms | tok/sec: 835,916 | mfu: 20.2% | epoch: 1 | remaining: 39s    
step 01678 (87.1%) | loss: 2.904136 | lrm: 0.18 | dt: 157ms | tok/sec: 836,016 | mfu: 20.2% | epoch: 1 | remaining: 39s    
step 01679 (87.2%) | loss: 2.895086 | lrm: 0.18 | dt: 157ms | tok/sec: 836,107 | mfu: 20.2% | epoch: 1 | remaining: 38s    
step 01680 (87.2%) | loss: 2.890964 | lrm: 0.18 | dt: 157ms | tok/sec: 836,063 | mfu: 20.2% | epoch: 1 | remaining: 38s    
step 01681 (87.3%) | loss: 2.893901 | lrm: 0.18 | dt: 157ms | tok/sec: 835,892 | mfu: 20.2% | epoch: 1 | remaining: 38s    
step 01682 (87.3%) | loss: 2.891204 | lrm: 0.18 | dt: 157ms | tok/sec: 836,111 | mfu: 20.2% | epoch: 1 | remaining: 38s    
step 01683 (87.4%) | loss: 2.891470 | lrm: 0.18 | dt: 157ms | tok/sec: 836,051 | mfu: 20.2% | epoch: 1 | remaining: 38s    
step 01684 (87.4%) | loss: 2.883673 | lrm: 0.18 | dt: 157ms | tok/sec: 835,852 | mfu: 20.2% | epoch: 1 | remaining: 38s    
step 01685 (87.5%) | loss: 2.887872 | lrm: 0.18 | dt: 157ms | tok/sec: 835,819 | mfu: 20.2% | epoch: 1 | remaining: 37s    
step 01686 (87.5%) | loss: 2.887350 | lrm: 0.18 | dt: 157ms | tok/sec: 836,017 | mfu: 20.2% | epoch: 1 | remaining: 37s    
step 01687 (87.6%) | loss: 2.881479 | lrm: 0.18 | dt: 157ms | tok/sec: 836,032 | mfu: 20.2% | epoch: 1 | remaining: 37s    
step 01688 (87.6%) | loss: 2.883092 | lrm: 0.18 | dt: 157ms | tok/sec: 835,778 | mfu: 20.2% | epoch: 1 | remaining: 37s    
step 01689 (87.7%) | loss: 2.886744 | lrm: 0.18 | dt: 157ms | tok/sec: 835,661 | mfu: 20.2% | epoch: 1 | remaining: 37s    
step 01690 (87.7%) | loss: 2.889014 | lrm: 0.18 | dt: 157ms | tok/sec: 835,895 | mfu: 20.2% | epoch: 1 | remaining: 37s    
step 01691 (87.8%) | loss: 2.885947 | lrm: 0.17 | dt: 157ms | tok/sec: 835,955 | mfu: 20.2% | epoch: 1 | remaining: 36s    
step 01692 (87.8%) | loss: 2.876294 | lrm: 0.17 | dt: 157ms | tok/sec: 835,977 | mfu: 20.2% | epoch: 1 | remaining: 36s    
step 01693 (87.9%) | loss: 2.876748 | lrm: 0.17 | dt: 157ms | tok/sec: 835,854 | mfu: 20.2% | epoch: 1 | remaining: 36s    
step 01694 (87.9%) | loss: 2.884290 | lrm: 0.17 | dt: 157ms | tok/sec: 836,017 | mfu: 20.2% | epoch: 1 | remaining: 36s    
step 01695 (88.0%) | loss: 2.890869 | lrm: 0.17 | dt: 157ms | tok/sec: 835,708 | mfu: 20.2% | epoch: 1 | remaining: 36s    
step 01696 (88.0%) | loss: 2.887418 | lrm: 0.17 | dt: 157ms | tok/sec: 835,633 | mfu: 20.2% | epoch: 1 | remaining: 36s    
step 01697 (88.1%) | loss: 2.886433 | lrm: 0.17 | dt: 157ms | tok/sec: 835,944 | mfu: 20.2% | epoch: 1 | remaining: 36s    
step 01698 (88.1%) | loss: 2.884493 | lrm: 0.17 | dt: 157ms | tok/sec: 836,086 | mfu: 20.2% | epoch: 1 | remaining: 35s    
step 01699 (88.2%) | loss: 2.891565 | lrm: 0.17 | dt: 157ms | tok/sec: 836,031 | mfu: 20.2% | epoch: 1 | remaining: 35s    
step 01700 (88.3%) | loss: 2.889613 | lrm: 0.17 | dt: 157ms | tok/sec: 836,141 | mfu: 20.2% | epoch: 1 | remaining: 35s    
step 01701 (88.3%) | loss: 2.892508 | lrm: 0.17 | dt: 157ms | tok/sec: 836,031 | mfu: 20.2% | epoch: 1 | remaining: 35s    
step 01702 (88.4%) | loss: 2.889910 | lrm: 0.17 | dt: 157ms | tok/sec: 835,840 | mfu: 20.2% | epoch: 1 | remaining: 35s    
step 01703 (88.4%) | loss: 2.896014 | lrm: 0.17 | dt: 157ms | tok/sec: 836,166 | mfu: 20.2% | epoch: 1 | remaining: 35s    
step 01704 (88.5%) | loss: 2.893730 | lrm: 0.16 | dt: 157ms | tok/sec: 835,709 | mfu: 20.2% | epoch: 1 | remaining: 34s    
step 01705 (88.5%) | loss: 2.890004 | lrm: 0.16 | dt: 157ms | tok/sec: 835,636 | mfu: 20.2% | epoch: 1 | remaining: 34s    
step 01706 (88.6%) | loss: 2.883372 | lrm: 0.16 | dt: 157ms | tok/sec: 835,948 | mfu: 20.2% | epoch: 1 | remaining: 34s    
step 01707 (88.6%) | loss: 2.881813 | lrm: 0.16 | dt: 157ms | tok/sec: 835,998 | mfu: 20.2% | epoch: 1 | remaining: 34s    
step 01708 (88.7%) | loss: 2.882233 | lrm: 0.16 | dt: 157ms | tok/sec: 835,943 | mfu: 20.2% | epoch: 1 | remaining: 34s    
step 01709 (88.7%) | loss: 2.885620 | lrm: 0.16 | dt: 157ms | tok/sec: 835,779 | mfu: 20.2% | epoch: 1 | remaining: 34s    
step 01710 (88.8%) | loss: 2.883392 | lrm: 0.16 | dt: 157ms | tok/sec: 835,896 | mfu: 20.2% | epoch: 1 | remaining: 34s    
step 01711 (88.8%) | loss: 2.887502 | lrm: 0.16 | dt: 157ms | tok/sec: 835,900 | mfu: 20.2% | epoch: 1 | remaining: 33s    
step 01712 (88.9%) | loss: 2.882349 | lrm: 0.16 | dt: 157ms | tok/sec: 836,176 | mfu: 20.2% | epoch: 1 | remaining: 33s    
step 01713 (88.9%) | loss: 2.886139 | lrm: 0.16 | dt: 157ms | tok/sec: 835,988 | mfu: 20.2% | epoch: 1 | remaining: 33s    
step 01714 (89.0%) | loss: 2.887740 | lrm: 0.16 | dt: 157ms | tok/sec: 836,112 | mfu: 20.2% | epoch: 1 | remaining: 33s    
step 01715 (89.0%) | loss: 2.882003 | lrm: 0.16 | dt: 157ms | tok/sec: 836,107 | mfu: 20.2% | epoch: 1 | remaining: 33s    
step 01716 (89.1%) | loss: 2.879540 | lrm: 0.16 | dt: 157ms | tok/sec: 835,980 | mfu: 20.2% | epoch: 1 | remaining: 33s    
step 01717 (89.1%) | loss: 2.884725 | lrm: 0.16 | dt: 157ms | tok/sec: 834,832 | mfu: 20.2% | epoch: 1 | remaining: 32s    
step 01718 (89.2%) | loss: 2.884919 | lrm: 0.15 | dt: 157ms | tok/sec: 835,642 | mfu: 20.2% | epoch: 1 | remaining: 32s    
step 01719 (89.2%) | loss: 2.874483 | lrm: 0.15 | dt: 157ms | tok/sec: 835,855 | mfu: 20.2% | epoch: 1 | remaining: 32s    
step 01720 (89.3%) | loss: 2.870927 | lrm: 0.15 | dt: 157ms | tok/sec: 836,042 | mfu: 20.2% | epoch: 1 | remaining: 32s    
step 01721 (89.3%) | loss: 2.870356 | lrm: 0.15 | dt: 157ms | tok/sec: 835,847 | mfu: 20.2% | epoch: 1 | remaining: 32s    
step 01722 (89.4%) | loss: 2.876776 | lrm: 0.15 | dt: 157ms | tok/sec: 835,716 | mfu: 20.2% | epoch: 1 | remaining: 32s    
step 01723 (89.5%) | loss: 2.876724 | lrm: 0.15 | dt: 157ms | tok/sec: 835,528 | mfu: 20.2% | epoch: 1 | remaining: 31s    
step 01724 (89.5%) | loss: 2.881658 | lrm: 0.15 | dt: 157ms | tok/sec: 836,200 | mfu: 20.2% | epoch: 1 | remaining: 31s    
step 01725 (89.6%) | loss: 2.885918 | lrm: 0.15 | dt: 157ms | tok/sec: 836,069 | mfu: 20.2% | epoch: 1 | remaining: 31s    
step 01726 (89.6%) | loss: 2.881917 | lrm: 0.15 | dt: 157ms | tok/sec: 836,199 | mfu: 20.2% | epoch: 1 | remaining: 31s    
step 01727 (89.7%) | loss: 2.887394 | lrm: 0.15 | dt: 157ms | tok/sec: 835,961 | mfu: 20.2% | epoch: 1 | remaining: 31s    
step 01728 (89.7%) | loss: 2.886044 | lrm: 0.15 | dt: 157ms | tok/sec: 836,073 | mfu: 20.2% | epoch: 1 | remaining: 31s    
step 01729 (89.8%) | loss: 2.885275 | lrm: 0.15 | dt: 157ms | tok/sec: 836,163 | mfu: 20.2% | epoch: 1 | remaining: 31s    
step 01730 (89.8%) | loss: 2.888040 | lrm: 0.15 | dt: 157ms | tok/sec: 835,829 | mfu: 20.2% | epoch: 1 | remaining: 30s    
step 01731 (89.9%) | loss: 2.883352 | lrm: 0.14 | dt: 157ms | tok/sec: 835,666 | mfu: 20.2% | epoch: 1 | remaining: 30s    
step 01732 (89.9%) | loss: 2.880031 | lrm: 0.14 | dt: 157ms | tok/sec: 835,994 | mfu: 20.2% | epoch: 1 | remaining: 30s    
step 01733 (90.0%) | loss: 2.889922 | lrm: 0.14 | dt: 157ms | tok/sec: 836,124 | mfu: 20.2% | epoch: 1 | remaining: 30s    
step 01734 (90.0%) | loss: 2.889047 | lrm: 0.14 | dt: 157ms | tok/sec: 835,896 | mfu: 20.2% | epoch: 1 | remaining: 30s    
step 01735 (90.1%) | loss: 2.884048 | lrm: 0.14 | dt: 157ms | tok/sec: 835,990 | mfu: 20.2% | epoch: 1 | remaining: 30s    
step 01736 (90.1%) | loss: 2.890433 | lrm: 0.14 | dt: 157ms | tok/sec: 835,709 | mfu: 20.2% | epoch: 1 | remaining: 29s    
step 01737 (90.2%) | loss: 2.883837 | lrm: 0.14 | dt: 157ms | tok/sec: 836,040 | mfu: 20.2% | epoch: 1 | remaining: 29s    
step 01738 (90.2%) | loss: 2.890611 | lrm: 0.14 | dt: 157ms | tok/sec: 836,045 | mfu: 20.2% | epoch: 1 | remaining: 29s    
step 01739 (90.3%) | loss: 2.891645 | lrm: 0.14 | dt: 157ms | tok/sec: 836,066 | mfu: 20.2% | epoch: 1 | remaining: 29s    
step 01740 (90.3%) | loss: 2.891222 | lrm: 0.14 | dt: 157ms | tok/sec: 836,197 | mfu: 20.2% | epoch: 1 | remaining: 29s    
step 01741 (90.4%) | loss: 2.890938 | lrm: 0.14 | dt: 157ms | tok/sec: 835,713 | mfu: 20.2% | epoch: 1 | remaining: 29s    
step 01742 (90.4%) | loss: 2.892723 | lrm: 0.14 | dt: 157ms | tok/sec: 835,672 | mfu: 20.2% | epoch: 1 | remaining: 29s    
step 01743 (90.5%) | loss: 2.881662 | lrm: 0.14 | dt: 157ms | tok/sec: 835,897 | mfu: 20.2% | epoch: 1 | remaining: 28s    
step 01744 (90.6%) | loss: 2.887894 | lrm: 0.13 | dt: 157ms | tok/sec: 835,997 | mfu: 20.2% | epoch: 1 | remaining: 28s    
step 01745 (90.6%) | loss: 2.887226 | lrm: 0.13 | dt: 157ms | tok/sec: 836,009 | mfu: 20.2% | epoch: 1 | remaining: 28s    
step 01746 (90.7%) | loss: 2.887687 | lrm: 0.13 | dt: 157ms | tok/sec: 835,319 | mfu: 20.2% | epoch: 1 | remaining: 28s    
step 01747 (90.7%) | loss: 2.891033 | lrm: 0.13 | dt: 157ms | tok/sec: 835,787 | mfu: 20.2% | epoch: 1 | remaining: 28s    
step 01748 (90.8%) | loss: 2.890235 | lrm: 0.13 | dt: 157ms | tok/sec: 835,836 | mfu: 20.2% | epoch: 1 | remaining: 28s    
step 01749 (90.8%) | loss: 2.887354 | lrm: 0.13 | dt: 157ms | tok/sec: 835,827 | mfu: 20.2% | epoch: 1 | remaining: 27s    
step 01750 (90.9%) | loss: 2.887911 | lrm: 0.13 | dt: 157ms | tok/sec: 835,507 | mfu: 20.2% | epoch: 1 | remaining: 27s    
step 01751 (90.9%) | loss: 2.894578 | lrm: 0.13 | dt: 157ms | tok/sec: 835,919 | mfu: 20.2% | epoch: 1 | remaining: 27s    
step 01752 (91.0%) | loss: 2.886911 | lrm: 0.13 | dt: 157ms | tok/sec: 836,159 | mfu: 20.2% | epoch: 1 | remaining: 27s    
step 01753 (91.0%) | loss: 2.884105 | lrm: 0.13 | dt: 157ms | tok/sec: 835,914 | mfu: 20.2% | epoch: 1 | remaining: 27s    
step 01754 (91.1%) | loss: 2.878876 | lrm: 0.13 | dt: 157ms | tok/sec: 836,042 | mfu: 20.2% | epoch: 1 | remaining: 27s    
step 01755 (91.1%) | loss: 2.887840 | lrm: 0.13 | dt: 157ms | tok/sec: 835,530 | mfu: 20.2% | epoch: 1 | remaining: 26s    
step 01756 (91.2%) | loss: 2.888456 | lrm: 0.13 | dt: 157ms | tok/sec: 835,913 | mfu: 20.2% | epoch: 1 | remaining: 26s    
step 01757 (91.2%) | loss: 2.885552 | lrm: 0.13 | dt: 157ms | tok/sec: 836,101 | mfu: 20.2% | epoch: 1 | remaining: 26s    
step 01758 (91.3%) | loss: 2.887210 | lrm: 0.12 | dt: 157ms | tok/sec: 836,242 | mfu: 20.2% | epoch: 1 | remaining: 26s    
step 01759 (91.3%) | loss: 2.887541 | lrm: 0.12 | dt: 157ms | tok/sec: 836,384 | mfu: 20.2% | epoch: 1 | remaining: 26s    
step 01760 (91.4%) | loss: 2.888798 | lrm: 0.12 | dt: 157ms | tok/sec: 835,736 | mfu: 20.2% | epoch: 1 | remaining: 26s    
step 01761 (91.4%) | loss: 2.883913 | lrm: 0.12 | dt: 157ms | tok/sec: 835,935 | mfu: 20.2% | epoch: 1 | remaining: 26s    
step 01762 (91.5%) | loss: 2.883948 | lrm: 0.12 | dt: 157ms | tok/sec: 835,993 | mfu: 20.2% | epoch: 1 | remaining: 25s    
step 01763 (91.5%) | loss: 2.881424 | lrm: 0.12 | dt: 157ms | tok/sec: 835,801 | mfu: 20.2% | epoch: 1 | remaining: 25s    
step 01764 (91.6%) | loss: 2.881330 | lrm: 0.12 | dt: 157ms | tok/sec: 835,702 | mfu: 20.2% | epoch: 1 | remaining: 25s    
step 01765 (91.6%) | loss: 2.879783 | lrm: 0.12 | dt: 157ms | tok/sec: 835,840 | mfu: 20.2% | epoch: 1 | remaining: 25s    
step 01766 (91.7%) | loss: 2.883997 | lrm: 0.12 | dt: 157ms | tok/sec: 835,712 | mfu: 20.2% | epoch: 1 | remaining: 25s    
step 01767 (91.8%) | loss: 2.897402 | lrm: 0.12 | dt: 157ms | tok/sec: 836,012 | mfu: 20.2% | epoch: 1 | remaining: 25s    
step 01768 (91.8%) | loss: 2.895602 | lrm: 0.12 | dt: 157ms | tok/sec: 836,009 | mfu: 20.2% | epoch: 1 | remaining: 24s    
step 01769 (91.9%) | loss: 2.890817 | lrm: 0.12 | dt: 157ms | tok/sec: 835,991 | mfu: 20.2% | epoch: 1 | remaining: 24s    
step 01770 (91.9%) | loss: 2.893293 | lrm: 0.12 | dt: 157ms | tok/sec: 835,727 | mfu: 20.2% | epoch: 1 | remaining: 24s    
step 01771 (92.0%) | loss: 2.894632 | lrm: 0.11 | dt: 157ms | tok/sec: 835,935 | mfu: 20.2% | epoch: 1 | remaining: 24s    
step 01772 (92.0%) | loss: 2.892723 | lrm: 0.11 | dt: 157ms | tok/sec: 835,928 | mfu: 20.2% | epoch: 1 | remaining: 24s    
step 01773 (92.1%) | loss: 2.892541 | lrm: 0.11 | dt: 157ms | tok/sec: 835,974 | mfu: 20.2% | epoch: 1 | remaining: 24s    
step 01774 (92.1%) | loss: 2.886404 | lrm: 0.11 | dt: 157ms | tok/sec: 835,876 | mfu: 20.2% | epoch: 1 | remaining: 23s    
step 01775 (92.2%) | loss: 2.882250 | lrm: 0.11 | dt: 157ms | tok/sec: 835,868 | mfu: 20.2% | epoch: 1 | remaining: 23s    
step 01776 (92.2%) | loss: 2.881107 | lrm: 0.11 | dt: 157ms | tok/sec: 835,994 | mfu: 20.2% | epoch: 1 | remaining: 23s    
step 01777 (92.3%) | loss: 2.885239 | lrm: 0.11 | dt: 157ms | tok/sec: 835,340 | mfu: 20.2% | epoch: 1 | remaining: 23s    
step 01778 (92.3%) | loss: 2.891107 | lrm: 0.11 | dt: 157ms | tok/sec: 833,685 | mfu: 20.1% | epoch: 1 | remaining: 23s    
step 01779 (92.4%) | loss: 2.892395 | lrm: 0.11 | dt: 157ms | tok/sec: 834,759 | mfu: 20.2% | epoch: 1 | remaining: 23s    
step 01780 (92.4%) | loss: 2.889748 | lrm: 0.11 | dt: 157ms | tok/sec: 835,834 | mfu: 20.2% | epoch: 1 | remaining: 23s    
step 01781 (92.5%) | loss: 2.894479 | lrm: 0.11 | dt: 157ms | tok/sec: 835,777 | mfu: 20.2% | epoch: 1 | remaining: 22s    
step 01782 (92.5%) | loss: 2.893575 | lrm: 0.11 | dt: 157ms | tok/sec: 835,645 | mfu: 20.2% | epoch: 1 | remaining: 22s    
step 01783 (92.6%) | loss: 2.894589 | lrm: 0.11 | dt: 157ms | tok/sec: 835,458 | mfu: 20.2% | epoch: 1 | remaining: 22s    
step 01784 (92.6%) | loss: 2.896251 | lrm: 0.11 | dt: 157ms | tok/sec: 835,205 | mfu: 20.2% | epoch: 1 | remaining: 22s    
step 01785 (92.7%) | loss: 2.889094 | lrm: 0.10 | dt: 157ms | tok/sec: 835,633 | mfu: 20.2% | epoch: 1 | remaining: 22s    
step 01786 (92.7%) | loss: 2.892577 | lrm: 0.10 | dt: 157ms | tok/sec: 835,596 | mfu: 20.2% | epoch: 1 | remaining: 22s    
step 01787 (92.8%) | loss: 2.886041 | lrm: 0.10 | dt: 157ms | tok/sec: 835,881 | mfu: 20.2% | epoch: 1 | remaining: 21s    
step 01788 (92.9%) | loss: 2.885131 | lrm: 0.10 | dt: 157ms | tok/sec: 835,726 | mfu: 20.2% | epoch: 1 | remaining: 21s    
step 01789 (92.9%) | loss: 2.875580 | lrm: 0.10 | dt: 157ms | tok/sec: 835,840 | mfu: 20.2% | epoch: 1 | remaining: 21s    
step 01790 (93.0%) | loss: 2.871805 | lrm: 0.10 | dt: 157ms | tok/sec: 835,822 | mfu: 20.2% | epoch: 1 | remaining: 21s    
step 01791 (93.0%) | loss: 2.865682 | lrm: 0.10 | dt: 157ms | tok/sec: 835,918 | mfu: 20.2% | epoch: 1 | remaining: 21s    
step 01792 (93.1%) | loss: 2.870669 | lrm: 0.10 | dt: 157ms | tok/sec: 835,746 | mfu: 20.2% | epoch: 1 | remaining: 21s    
step 01793 (93.1%) | loss: 2.873491 | lrm: 0.10 | dt: 157ms | tok/sec: 835,847 | mfu: 20.2% | epoch: 1 | remaining: 21s    
step 01794 (93.2%) | loss: 2.872845 | lrm: 0.10 | dt: 157ms | tok/sec: 835,773 | mfu: 20.2% | epoch: 1 | remaining: 20s    
step 01795 (93.2%) | loss: 2.873970 | lrm: 0.10 | dt: 157ms | tok/sec: 835,868 | mfu: 20.2% | epoch: 1 | remaining: 20s    
step 01796 (93.3%) | loss: 2.876745 | lrm: 0.10 | dt: 157ms | tok/sec: 835,939 | mfu: 20.2% | epoch: 1 | remaining: 20s    
step 01797 (93.3%) | loss: 2.868928 | lrm: 0.10 | dt: 157ms | tok/sec: 835,751 | mfu: 20.2% | epoch: 1 | remaining: 20s    
step 01798 (93.4%) | loss: 2.867552 | lrm: 0.09 | dt: 157ms | tok/sec: 836,000 | mfu: 20.2% | epoch: 1 | remaining: 20s    
step 01799 (93.4%) | loss: 2.871688 | lrm: 0.09 | dt: 157ms | tok/sec: 836,032 | mfu: 20.2% | epoch: 1 | remaining: 20s    
step 01800 (93.5%) | loss: 2.863695 | lrm: 0.09 | dt: 157ms | tok/sec: 836,177 | mfu: 20.2% | epoch: 1 | remaining: 19s    
step 01801 (93.5%) | loss: 2.863631 | lrm: 0.09 | dt: 157ms | tok/sec: 835,976 | mfu: 20.2% | epoch: 1 | remaining: 19s    
step 01802 (93.6%) | loss: 2.866642 | lrm: 0.09 | dt: 157ms | tok/sec: 836,096 | mfu: 20.2% | epoch: 1 | remaining: 19s    
step 01803 (93.6%) | loss: 2.864124 | lrm: 0.09 | dt: 157ms | tok/sec: 836,050 | mfu: 20.2% | epoch: 1 | remaining: 19s    
step 01804 (93.7%) | loss: 2.873055 | lrm: 0.09 | dt: 157ms | tok/sec: 835,928 | mfu: 20.2% | epoch: 1 | remaining: 19s    
step 01805 (93.7%) | loss: 2.872198 | lrm: 0.09 | dt: 157ms | tok/sec: 836,125 | mfu: 20.2% | epoch: 1 | remaining: 19s    
step 01806 (93.8%) | loss: 2.866236 | lrm: 0.09 | dt: 157ms | tok/sec: 835,882 | mfu: 20.2% | epoch: 1 | remaining: 18s    
step 01807 (93.8%) | loss: 2.870242 | lrm: 0.09 | dt: 157ms | tok/sec: 836,120 | mfu: 20.2% | epoch: 1 | remaining: 18s    
step 01808 (93.9%) | loss: 2.868072 | lrm: 0.09 | dt: 157ms | tok/sec: 836,017 | mfu: 20.2% | epoch: 1 | remaining: 18s    
step 01809 (93.9%) | loss: 2.879042 | lrm: 0.09 | dt: 157ms | tok/sec: 835,664 | mfu: 20.2% | epoch: 1 | remaining: 18s    
step 01810 (94.0%) | loss: 2.874204 | lrm: 0.09 | dt: 157ms | tok/sec: 835,708 | mfu: 20.2% | epoch: 1 | remaining: 18s    
step 01811 (94.1%) | loss: 2.870601 | lrm: 0.08 | dt: 157ms | tok/sec: 835,994 | mfu: 20.2% | epoch: 1 | remaining: 18s    
step 01812 (94.1%) | loss: 2.867196 | lrm: 0.08 | dt: 157ms | tok/sec: 835,808 | mfu: 20.2% | epoch: 1 | remaining: 18s    
step 01813 (94.2%) | loss: 2.865354 | lrm: 0.08 | dt: 157ms | tok/sec: 835,807 | mfu: 20.2% | epoch: 1 | remaining: 17s    
step 01814 (94.2%) | loss: 2.866702 | lrm: 0.08 | dt: 157ms | tok/sec: 836,195 | mfu: 20.2% | epoch: 1 | remaining: 17s    
step 01815 (94.3%) | loss: 2.871424 | lrm: 0.08 | dt: 157ms | tok/sec: 836,140 | mfu: 20.2% | epoch: 1 | remaining: 17s    
step 01816 (94.3%) | loss: 2.866481 | lrm: 0.08 | dt: 157ms | tok/sec: 835,960 | mfu: 20.2% | epoch: 1 | remaining: 17s    
step 01817 (94.4%) | loss: 2.865881 | lrm: 0.08 | dt: 157ms | tok/sec: 836,068 | mfu: 20.2% | epoch: 1 | remaining: 17s    
step 01818 (94.4%) | loss: 2.861880 | lrm: 0.08 | dt: 157ms | tok/sec: 835,951 | mfu: 20.2% | epoch: 1 | remaining: 17s    
step 01819 (94.5%) | loss: 2.859454 | lrm: 0.08 | dt: 157ms | tok/sec: 835,835 | mfu: 20.2% | epoch: 1 | remaining: 16s    
step 01820 (94.5%) | loss: 2.856453 | lrm: 0.08 | dt: 157ms | tok/sec: 836,300 | mfu: 20.2% | epoch: 1 | remaining: 16s    
step 01821 (94.6%) | loss: 2.854120 | lrm: 0.08 | dt: 157ms | tok/sec: 835,904 | mfu: 20.2% | epoch: 1 | remaining: 16s    
step 01822 (94.6%) | loss: 2.857816 | lrm: 0.08 | dt: 157ms | tok/sec: 834,089 | mfu: 20.2% | epoch: 1 | remaining: 16s    
step 01823 (94.7%) | loss: 2.861014 | lrm: 0.08 | dt: 157ms | tok/sec: 835,530 | mfu: 20.2% | epoch: 1 | remaining: 16s    
step 01824 (94.7%) | loss: 2.855970 | lrm: 0.08 | dt: 157ms | tok/sec: 836,075 | mfu: 20.2% | epoch: 1 | remaining: 16s    
step 01825 (94.8%) | loss: 2.862873 | lrm: 0.07 | dt: 157ms | tok/sec: 835,857 | mfu: 20.2% | epoch: 1 | remaining: 15s    
step 01826 (94.8%) | loss: 2.863964 | lrm: 0.07 | dt: 157ms | tok/sec: 835,692 | mfu: 20.2% | epoch: 1 | remaining: 15s    
step 01827 (94.9%) | loss: 2.867428 | lrm: 0.07 | dt: 157ms | tok/sec: 836,089 | mfu: 20.2% | epoch: 1 | remaining: 15s    
step 01828 (94.9%) | loss: 2.869096 | lrm: 0.07 | dt: 157ms | tok/sec: 835,735 | mfu: 20.2% | epoch: 1 | remaining: 15s    
step 01829 (95.0%) | loss: 2.863511 | lrm: 0.07 | dt: 157ms | tok/sec: 836,091 | mfu: 20.2% | epoch: 1 | remaining: 15s    
step 01830 (95.0%) | loss: 2.866303 | lrm: 0.07 | dt: 157ms | tok/sec: 836,030 | mfu: 20.2% | epoch: 1 | remaining: 15s    
step 01831 (95.1%) | loss: 2.865078 | lrm: 0.07 | dt: 157ms | tok/sec: 835,797 | mfu: 20.2% | epoch: 1 | remaining: 15s    
step 01832 (95.2%) | loss: 2.861710 | lrm: 0.07 | dt: 157ms | tok/sec: 836,046 | mfu: 20.2% | epoch: 1 | remaining: 14s    
step 01833 (95.2%) | loss: 2.858025 | lrm: 0.07 | dt: 157ms | tok/sec: 836,252 | mfu: 20.2% | epoch: 1 | remaining: 14s    
step 01834 (95.3%) | loss: 2.857484 | lrm: 0.07 | dt: 157ms | tok/sec: 835,983 | mfu: 20.2% | epoch: 1 | remaining: 14s    
step 01835 (95.3%) | loss: 2.858911 | lrm: 0.07 | dt: 157ms | tok/sec: 836,030 | mfu: 20.2% | epoch: 1 | remaining: 14s    
step 01836 (95.4%) | loss: 2.859484 | lrm: 0.07 | dt: 157ms | tok/sec: 836,082 | mfu: 20.2% | epoch: 1 | remaining: 14s    
step 01837 (95.4%) | loss: 2.865793 | lrm: 0.07 | dt: 157ms | tok/sec: 836,252 | mfu: 20.2% | epoch: 1 | remaining: 14s    
step 01838 (95.5%) | loss: 2.869374 | lrm: 0.06 | dt: 157ms | tok/sec: 835,966 | mfu: 20.2% | epoch: 1 | remaining: 13s    
step 01839 (95.5%) | loss: 2.866900 | lrm: 0.06 | dt: 157ms | tok/sec: 835,974 | mfu: 20.2% | epoch: 1 | remaining: 13s    
step 01840 (95.6%) | loss: 2.869087 | lrm: 0.06 | dt: 157ms | tok/sec: 835,786 | mfu: 20.2% | epoch: 1 | remaining: 13s    
step 01841 (95.6%) | loss: 2.870740 | lrm: 0.06 | dt: 157ms | tok/sec: 835,989 | mfu: 20.2% | epoch: 1 | remaining: 13s    
step 01842 (95.7%) | loss: 2.873232 | lrm: 0.06 | dt: 157ms | tok/sec: 836,232 | mfu: 20.2% | epoch: 1 | remaining: 13s    
step 01843 (95.7%) | loss: 2.866570 | lrm: 0.06 | dt: 157ms | tok/sec: 835,751 | mfu: 20.2% | epoch: 1 | remaining: 13s    
step 01844 (95.8%) | loss: 2.873984 | lrm: 0.06 | dt: 157ms | tok/sec: 833,472 | mfu: 20.1% | epoch: 1 | remaining: 13s    
step 01845 (95.8%) | loss: 2.872807 | lrm: 0.06 | dt: 157ms | tok/sec: 835,825 | mfu: 20.2% | epoch: 1 | remaining: 12s    
step 01846 (95.9%) | loss: 2.870651 | lrm: 0.06 | dt: 157ms | tok/sec: 836,200 | mfu: 20.2% | epoch: 1 | remaining: 12s    
step 01847 (95.9%) | loss: 2.869162 | lrm: 0.06 | dt: 157ms | tok/sec: 835,919 | mfu: 20.2% | epoch: 1 | remaining: 12s    
step 01848 (96.0%) | loss: 2.869642 | lrm: 0.06 | dt: 157ms | tok/sec: 836,187 | mfu: 20.2% | epoch: 1 | remaining: 12s    
step 01849 (96.0%) | loss: 2.873063 | lrm: 0.06 | dt: 157ms | tok/sec: 836,237 | mfu: 20.2% | epoch: 1 | remaining: 12s    
step 01850 (96.1%) | loss: 2.867200 | lrm: 0.06 | dt: 157ms | tok/sec: 836,337 | mfu: 20.2% | epoch: 1 | remaining: 12s    
step 01851 (96.1%) | loss: 2.870707 | lrm: 0.06 | dt: 157ms | tok/sec: 836,239 | mfu: 20.2% | epoch: 1 | remaining: 11s    
step 01852 (96.2%) | loss: 2.874619 | lrm: 0.05 | dt: 157ms | tok/sec: 835,792 | mfu: 20.2% | epoch: 1 | remaining: 11s    
step 01853 (96.2%) | loss: 2.870758 | lrm: 0.05 | dt: 157ms | tok/sec: 836,130 | mfu: 20.2% | epoch: 1 | remaining: 11s    
step 01854 (96.3%) | loss: 2.868785 | lrm: 0.05 | dt: 157ms | tok/sec: 836,167 | mfu: 20.2% | epoch: 1 | remaining: 11s    
step 01855 (96.4%) | loss: 2.867279 | lrm: 0.05 | dt: 157ms | tok/sec: 835,997 | mfu: 20.2% | epoch: 1 | remaining: 11s    
step 01856 (96.4%) | loss: 2.869422 | lrm: 0.05 | dt: 157ms | tok/sec: 836,012 | mfu: 20.2% | epoch: 1 | remaining: 11s    
step 01857 (96.5%) | loss: 2.871814 | lrm: 0.05 | dt: 157ms | tok/sec: 835,858 | mfu: 20.2% | epoch: 1 | remaining: 10s    
step 01858 (96.5%) | loss: 2.874267 | lrm: 0.05 | dt: 157ms | tok/sec: 835,923 | mfu: 20.2% | epoch: 1 | remaining: 10s    
step 01859 (96.6%) | loss: 2.876398 | lrm: 0.05 | dt: 157ms | tok/sec: 835,957 | mfu: 20.2% | epoch: 1 | remaining: 10s    
step 01860 (96.6%) | loss: 2.874933 | lrm: 0.05 | dt: 157ms | tok/sec: 836,126 | mfu: 20.2% | epoch: 1 | remaining: 10s    
step 01861 (96.7%) | loss: 2.876629 | lrm: 0.05 | dt: 157ms | tok/sec: 836,049 | mfu: 20.2% | epoch: 1 | remaining: 10s    
step 01862 (96.7%) | loss: 2.871893 | lrm: 0.05 | dt: 157ms | tok/sec: 835,908 | mfu: 20.2% | epoch: 1 | remaining: 10s    
step 01863 (96.8%) | loss: 2.866502 | lrm: 0.05 | dt: 157ms | tok/sec: 835,994 | mfu: 20.2% | epoch: 1 | remaining: 10s    
step 01864 (96.8%) | loss: 2.858666 | lrm: 0.05 | dt: 157ms | tok/sec: 836,173 | mfu: 20.2% | epoch: 1 | remaining: 9s    
step 01865 (96.9%) | loss: 2.862518 | lrm: 0.04 | dt: 157ms | tok/sec: 836,203 | mfu: 20.2% | epoch: 1 | remaining: 9s    
step 01866 (96.9%) | loss: 2.865251 | lrm: 0.04 | dt: 157ms | tok/sec: 836,069 | mfu: 20.2% | epoch: 1 | remaining: 9s    
step 01867 (97.0%) | loss: 2.862407 | lrm: 0.04 | dt: 157ms | tok/sec: 835,927 | mfu: 20.2% | epoch: 1 | remaining: 9s    
step 01868 (97.0%) | loss: 2.861457 | lrm: 0.04 | dt: 157ms | tok/sec: 835,768 | mfu: 20.2% | epoch: 1 | remaining: 9s    
step 01869 (97.1%) | loss: 2.863011 | lrm: 0.04 | dt: 157ms | tok/sec: 836,135 | mfu: 20.2% | epoch: 1 | remaining: 9s    
step 01870 (97.1%) | loss: 2.858047 | lrm: 0.04 | dt: 157ms | tok/sec: 835,937 | mfu: 20.2% | epoch: 1 | remaining: 8s    
step 01871 (97.2%) | loss: 2.856166 | lrm: 0.04 | dt: 157ms | tok/sec: 836,008 | mfu: 20.2% | epoch: 1 | remaining: 8s    
step 01872 (97.2%) | loss: 2.858869 | lrm: 0.04 | dt: 157ms | tok/sec: 835,752 | mfu: 20.2% | epoch: 1 | remaining: 8s    
step 01873 (97.3%) | loss: 2.862692 | lrm: 0.04 | dt: 157ms | tok/sec: 836,073 | mfu: 20.2% | epoch: 1 | remaining: 8s    
step 01874 (97.3%) | loss: 2.865543 | lrm: 0.04 | dt: 157ms | tok/sec: 836,012 | mfu: 20.2% | epoch: 1 | remaining: 8s    
step 01875 (97.4%) | loss: 2.864000 | lrm: 0.04 | dt: 157ms | tok/sec: 836,012 | mfu: 20.2% | epoch: 1 | remaining: 8s    
step 01876 (97.5%) | loss: 2.870232 | lrm: 0.04 | dt: 157ms | tok/sec: 836,061 | mfu: 20.2% | epoch: 1 | remaining: 7s    
step 01877 (97.5%) | loss: 2.875118 | lrm: 0.04 | dt: 157ms | tok/sec: 835,991 | mfu: 20.2% | epoch: 1 | remaining: 7s    
step 01878 (97.6%) | loss: 2.871247 | lrm: 0.03 | dt: 157ms | tok/sec: 836,326 | mfu: 20.2% | epoch: 1 | remaining: 7s    
step 01879 (97.6%) | loss: 2.863295 | lrm: 0.03 | dt: 157ms | tok/sec: 836,116 | mfu: 20.2% | epoch: 1 | remaining: 7s    
step 01880 (97.7%) | loss: 2.864644 | lrm: 0.03 | dt: 157ms | tok/sec: 836,182 | mfu: 20.2% | epoch: 1 | remaining: 7s    
step 01881 (97.7%) | loss: 2.868274 | lrm: 0.03 | dt: 157ms | tok/sec: 836,117 | mfu: 20.2% | epoch: 1 | remaining: 7s    
step 01882 (97.8%) | loss: 2.858309 | lrm: 0.03 | dt: 157ms | tok/sec: 835,961 | mfu: 20.2% | epoch: 1 | remaining: 7s    
step 01883 (97.8%) | loss: 2.851487 | lrm: 0.03 | dt: 157ms | tok/sec: 835,678 | mfu: 20.2% | epoch: 1 | remaining: 6s    
step 01884 (97.9%) | loss: 2.853175 | lrm: 0.03 | dt: 157ms | tok/sec: 835,012 | mfu: 20.2% | epoch: 1 | remaining: 6s    
step 01885 (97.9%) | loss: 2.859257 | lrm: 0.03 | dt: 157ms | tok/sec: 835,643 | mfu: 20.2% | epoch: 1 | remaining: 6s    
step 01886 (98.0%) | loss: 2.855152 | lrm: 0.03 | dt: 157ms | tok/sec: 835,596 | mfu: 20.2% | epoch: 1 | remaining: 6s    
step 01887 (98.0%) | loss: 2.855235 | lrm: 0.03 | dt: 157ms | tok/sec: 835,643 | mfu: 20.2% | epoch: 1 | remaining: 6s    
step 01888 (98.1%) | loss: 2.857346 | lrm: 0.03 | dt: 157ms | tok/sec: 835,774 | mfu: 20.2% | epoch: 1 | remaining: 6s    
step 01889 (98.1%) | loss: 2.859953 | lrm: 0.03 | dt: 157ms | tok/sec: 835,637 | mfu: 20.2% | epoch: 1 | remaining: 5s    
step 01890 (98.2%) | loss: 2.860206 | lrm: 0.03 | dt: 157ms | tok/sec: 835,843 | mfu: 20.2% | epoch: 1 | remaining: 5s    
step 01891 (98.2%) | loss: 2.859901 | lrm: 0.03 | dt: 157ms | tok/sec: 835,918 | mfu: 20.2% | epoch: 1 | remaining: 5s    
step 01892 (98.3%) | loss: 2.849461 | lrm: 0.02 | dt: 157ms | tok/sec: 836,103 | mfu: 20.2% | epoch: 1 | remaining: 5s    
step 01893 (98.3%) | loss: 2.847192 | lrm: 0.02 | dt: 157ms | tok/sec: 835,780 | mfu: 20.2% | epoch: 1 | remaining: 5s    
step 01894 (98.4%) | loss: 2.853598 | lrm: 0.02 | dt: 157ms | tok/sec: 835,859 | mfu: 20.2% | epoch: 1 | remaining: 5s    
step 01895 (98.4%) | loss: 2.852553 | lrm: 0.02 | dt: 157ms | tok/sec: 836,127 | mfu: 20.2% | epoch: 1 | remaining: 5s    
step 01896 (98.5%) | loss: 2.850053 | lrm: 0.02 | dt: 157ms | tok/sec: 836,167 | mfu: 20.2% | epoch: 1 | remaining: 4s    
step 01897 (98.5%) | loss: 2.849274 | lrm: 0.02 | dt: 157ms | tok/sec: 835,938 | mfu: 20.2% | epoch: 1 | remaining: 4s    
step 01898 (98.6%) | loss: 2.850745 | lrm: 0.02 | dt: 157ms | tok/sec: 836,152 | mfu: 20.2% | epoch: 1 | remaining: 4s    
step 01899 (98.7%) | loss: 2.851927 | lrm: 0.02 | dt: 157ms | tok/sec: 836,093 | mfu: 20.2% | epoch: 1 | remaining: 4s    
step 01900 (98.7%) | loss: 2.845460 | lrm: 0.02 | dt: 157ms | tok/sec: 835,994 | mfu: 20.2% | epoch: 1 | remaining: 4s    
step 01901 (98.8%) | loss: 2.848193 | lrm: 0.02 | dt: 157ms | tok/sec: 835,979 | mfu: 20.2% | epoch: 1 | remaining: 4s    
step 01902 (98.8%) | loss: 2.852431 | lrm: 0.02 | dt: 157ms | tok/sec: 835,904 | mfu: 20.2% | epoch: 1 | remaining: 3s    
step 01903 (98.9%) | loss: 2.854354 | lrm: 0.02 | dt: 157ms | tok/sec: 836,089 | mfu: 20.2% | epoch: 1 | remaining: 3s    
step 01904 (98.9%) | loss: 2.861957 | lrm: 0.02 | dt: 157ms | tok/sec: 835,285 | mfu: 20.2% | epoch: 1 | remaining: 3s    
step 01905 (99.0%) | loss: 2.866717 | lrm: 0.01 | dt: 157ms | tok/sec: 835,577 | mfu: 20.2% | epoch: 1 | remaining: 3s    
step 01906 (99.0%) | loss: 2.874290 | lrm: 0.01 | dt: 157ms | tok/sec: 835,797 | mfu: 20.2% | epoch: 1 | remaining: 3s    
step 01907 (99.1%) | loss: 2.877368 | lrm: 0.01 | dt: 157ms | tok/sec: 835,855 | mfu: 20.2% | epoch: 1 | remaining: 3s    
step 01908 (99.1%) | loss: 2.876893 | lrm: 0.01 | dt: 157ms | tok/sec: 835,887 | mfu: 20.2% | epoch: 1 | remaining: 2s    
step 01909 (99.2%) | loss: 2.878651 | lrm: 0.01 | dt: 157ms | tok/sec: 835,648 | mfu: 20.2% | epoch: 1 | remaining: 2s    
step 01910 (99.2%) | loss: 2.875555 | lrm: 0.01 | dt: 157ms | tok/sec: 835,922 | mfu: 20.2% | epoch: 1 | remaining: 2s    
step 01911 (99.3%) | loss: 2.865851 | lrm: 0.01 | dt: 157ms | tok/sec: 835,955 | mfu: 20.2% | epoch: 1 | remaining: 2s    
step 01912 (99.3%) | loss: 2.866436 | lrm: 0.01 | dt: 157ms | tok/sec: 835,803 | mfu: 20.2% | epoch: 1 | remaining: 2s    
step 01913 (99.4%) | loss: 2.862646 | lrm: 0.01 | dt: 157ms | tok/sec: 836,014 | mfu: 20.2% | epoch: 1 | remaining: 2s    
step 01914 (99.4%) | loss: 2.868696 | lrm: 0.01 | dt: 157ms | tok/sec: 835,957 | mfu: 20.2% | epoch: 1 | remaining: 2s    
step 01915 (99.5%) | loss: 2.862611 | lrm: 0.01 | dt: 157ms | tok/sec: 835,994 | mfu: 20.2% | epoch: 1 | remaining: 1s    
step 01916 (99.5%) | loss: 2.868219 | lrm: 0.01 | dt: 157ms | tok/sec: 836,069 | mfu: 20.2% | epoch: 1 | remaining: 1s    
step 01917 (99.6%) | loss: 2.869568 | lrm: 0.01 | dt: 157ms | tok/sec: 836,038 | mfu: 20.2% | epoch: 1 | remaining: 1s    
step 01918 (99.6%) | loss: 2.865095 | lrm: 0.01 | dt: 157ms | tok/sec: 836,107 | mfu: 20.2% | epoch: 1 | remaining: 1s    
step 01919 (99.7%) | loss: 2.861261 | lrm: 0.00 | dt: 157ms | tok/sec: 836,368 | mfu: 20.2% | epoch: 1 | remaining: 1s    
step 01920 (99.8%) | loss: 2.861908 | lrm: 0.00 | dt: 157ms | tok/sec: 835,858 | mfu: 20.2% | epoch: 1 | remaining: 1s    
step 01921 (99.8%) | loss: 2.859965 | lrm: 0.00 | dt: 157ms | tok/sec: 836,042 | mfu: 20.2% | epoch: 1 | remaining: 0s    
step 01922 (99.9%) | loss: 2.856475 | lrm: 0.00 | dt: 157ms | tok/sec: 836,033 | mfu: 20.2% | epoch: 1 | remaining: 0s    
step 01923 (99.9%) | loss: 2.858417 | lrm: 0.00 | dt: 157ms | tok/sec: 835,742 | mfu: 20.2% | epoch: 1 | remaining: 0s    
step 01924 (100.0%) | loss: 2.861030 | lrm: 0.00 | dt: 157ms | tok/sec: 835,815 | mfu: 20.2% | epoch: 1 | remaining: 0s    $RLTLDR_ROOT/runner_ws/.venv/lib/python3.10/site-packages/torch/nn/attention/flex_attention.py:1687: UserWarning: flex_attention called without torch.compile() - this will use an unfused implementation that materializes the full scores matrix instead of generating a fused kernel.

SOLUTION: Use torch.compile(flex_attention)(...)

If you want to debug your score_mod/mask_mod, you can set:
torch.nn.attention.flex_attention._FLEX_ATTENTION_DISABLE_COMPILE_DEBUG = True

This will allow you to use print statements or breakpoints. Note: This doesn't work with the backwards pass and may produce incorrect results.
  _warn_once(

---
val_bpb:          1.017604
training_seconds: 300.0
total_seconds:    337.0
peak_vram_mb:     22653.5
mfu_percent:      20.21
total_tokens_M:   252.3
num_steps:        1925
num_params_M:     50.3
depth:            8
