Vocab size: 8,192
Model config: {'sequence_len': 2048, 'vocab_size': 8192, 'n_layer': 5, 'n_head': 3, 'n_kv_head': 3, 'n_embd': 384, 'window_pattern': 'SSSL'}
Parameter counts:
  wte                     : 3,145,728
  value_embeds            : 9,437,184
  lm_head                 : 3,145,728
  transformer_matrices    : 8,847,648
  scalars                 : 10
  total                   : 24,576,298
Estimated FLOPs per token: 1.049904e+08
Scaling AdamW LRs by 1/sqrt(384/768) = 1.414214
Time budget: 300s
Gradient accumulation steps: 1

step 00000 (0.0%) | loss: 9.011139 | lrm: 1.00 | dt: 13476ms | tok/sec: 19,453 | mfu: 0.2% | epoch: 1 | remaining: 300s    
step 00001 (0.0%) | loss: 8.891919 | lrm: 1.00 | dt: 155ms | tok/sec: 1,693,241 | mfu: 18.0% | epoch: 1 | remaining: 300s    
step 00002 (0.0%) | loss: 8.537992 | lrm: 1.00 | dt: 154ms | tok/sec: 1,707,464 | mfu: 18.1% | epoch: 1 | remaining: 300s    
step 00003 (0.0%) | loss: 8.110872 | lrm: 1.00 | dt: 153ms | tok/sec: 1,715,483 | mfu: 18.2% | epoch: 1 | remaining: 300s    
step 00004 (0.0%) | loss: 7.741605 | lrm: 1.00 | dt: 151ms | tok/sec: 1,732,671 | mfu: 18.4% | epoch: 1 | remaining: 300s    
step 00005 (0.0%) | loss: 7.409143 | lrm: 1.00 | dt: 152ms | tok/sec: 1,719,529 | mfu: 18.2% | epoch: 1 | remaining: 300s    
step 00006 (0.0%) | loss: 7.149772 | lrm: 1.00 | dt: 151ms | tok/sec: 1,737,685 | mfu: 18.4% | epoch: 1 | remaining: 300s    
step 00007 (0.0%) | loss: 6.938145 | lrm: 1.00 | dt: 151ms | tok/sec: 1,733,985 | mfu: 18.4% | epoch: 1 | remaining: 300s    
step 00008 (0.0%) | loss: 6.760054 | lrm: 1.00 | dt: 151ms | tok/sec: 1,738,102 | mfu: 18.4% | epoch: 1 | remaining: 300s    
step 00009 (0.0%) | loss: 6.608517 | lrm: 1.00 | dt: 150ms | tok/sec: 1,744,340 | mfu: 18.5% | epoch: 1 | remaining: 300s    
step 00010 (0.0%) | loss: 6.482538 | lrm: 1.00 | dt: 150ms | tok/sec: 1,749,062 | mfu: 18.6% | epoch: 1 | remaining: 300s    
step 00011 (0.0%) | loss: 6.370319 | lrm: 1.00 | dt: 150ms | tok/sec: 1,744,951 | mfu: 18.5% | epoch: 1 | remaining: 300s    
step 00012 (0.1%) | loss: 6.269818 | lrm: 1.00 | dt: 150ms | tok/sec: 1,749,524 | mfu: 18.6% | epoch: 1 | remaining: 300s    
step 00013 (0.1%) | loss: 6.185834 | lrm: 1.00 | dt: 150ms | tok/sec: 1,744,899 | mfu: 18.5% | epoch: 1 | remaining: 300s    
step 00014 (0.2%) | loss: 6.109718 | lrm: 1.00 | dt: 150ms | tok/sec: 1,742,794 | mfu: 18.5% | epoch: 1 | remaining: 299s    
step 00015 (0.2%) | loss: 6.038766 | lrm: 1.00 | dt: 150ms | tok/sec: 1,750,034 | mfu: 18.6% | epoch: 1 | remaining: 299s    
step 00016 (0.3%) | loss: 5.976223 | lrm: 1.00 | dt: 150ms | tok/sec: 1,749,959 | mfu: 18.6% | epoch: 1 | remaining: 299s    
step 00017 (0.3%) | loss: 5.916274 | lrm: 1.00 | dt: 150ms | tok/sec: 1,749,992 | mfu: 18.6% | epoch: 1 | remaining: 299s    
step 00018 (0.4%) | loss: 5.863363 | lrm: 1.00 | dt: 150ms | tok/sec: 1,749,382 | mfu: 18.6% | epoch: 1 | remaining: 299s    
step 00019 (0.4%) | loss: 5.813150 | lrm: 1.00 | dt: 150ms | tok/sec: 1,749,822 | mfu: 18.6% | epoch: 1 | remaining: 299s    
step 00020 (0.4%) | loss: 5.765870 | lrm: 1.00 | dt: 150ms | tok/sec: 1,749,861 | mfu: 18.6% | epoch: 1 | remaining: 299s    
step 00021 (0.5%) | loss: 5.722097 | lrm: 1.00 | dt: 150ms | tok/sec: 1,750,260 | mfu: 18.6% | epoch: 1 | remaining: 298s    
step 00022 (0.5%) | loss: 5.683358 | lrm: 1.00 | dt: 150ms | tok/sec: 1,749,772 | mfu: 18.6% | epoch: 1 | remaining: 298s    
step 00023 (0.6%) | loss: 5.646000 | lrm: 1.00 | dt: 150ms | tok/sec: 1,749,822 | mfu: 18.6% | epoch: 1 | remaining: 298s    
step 00024 (0.6%) | loss: 5.611492 | lrm: 1.00 | dt: 150ms | tok/sec: 1,749,530 | mfu: 18.6% | epoch: 1 | remaining: 298s    
step 00025 (0.7%) | loss: 5.576014 | lrm: 1.00 | dt: 150ms | tok/sec: 1,749,847 | mfu: 18.6% | epoch: 1 | remaining: 298s    
step 00026 (0.7%) | loss: 5.541110 | lrm: 1.00 | dt: 150ms | tok/sec: 1,748,245 | mfu: 18.5% | epoch: 1 | remaining: 298s    
step 00027 (0.8%) | loss: 5.507176 | lrm: 1.00 | dt: 150ms | tok/sec: 1,749,137 | mfu: 18.6% | epoch: 1 | remaining: 297s    
step 00028 (0.8%) | loss: 5.478294 | lrm: 1.00 | dt: 150ms | tok/sec: 1,749,368 | mfu: 18.6% | epoch: 1 | remaining: 297s    
step 00029 (0.9%) | loss: 5.449075 | lrm: 1.00 | dt: 150ms | tok/sec: 1,749,388 | mfu: 18.6% | epoch: 1 | remaining: 297s    
step 00030 (0.9%) | loss: 5.416376 | lrm: 1.00 | dt: 150ms | tok/sec: 1,748,823 | mfu: 18.6% | epoch: 1 | remaining: 297s    
step 00031 (1.0%) | loss: 5.387496 | lrm: 1.00 | dt: 150ms | tok/sec: 1,749,613 | mfu: 18.6% | epoch: 1 | remaining: 297s    
step 00032 (1.0%) | loss: 5.359753 | lrm: 1.00 | dt: 150ms | tok/sec: 1,748,323 | mfu: 18.6% | epoch: 1 | remaining: 297s    
step 00033 (1.1%) | loss: 5.332537 | lrm: 1.00 | dt: 150ms | tok/sec: 1,749,950 | mfu: 18.6% | epoch: 1 | remaining: 297s    
step 00034 (1.1%) | loss: 5.304302 | lrm: 1.00 | dt: 150ms | tok/sec: 1,748,503 | mfu: 18.6% | epoch: 1 | remaining: 296s    
step 00035 (1.2%) | loss: 5.275980 | lrm: 1.00 | dt: 150ms | tok/sec: 1,749,591 | mfu: 18.6% | epoch: 1 | remaining: 296s    
step 00036 (1.2%) | loss: 5.247867 | lrm: 1.00 | dt: 150ms | tok/sec: 1,749,552 | mfu: 18.6% | epoch: 1 | remaining: 296s    
step 00037 (1.3%) | loss: 5.221168 | lrm: 1.00 | dt: 150ms | tok/sec: 1,749,037 | mfu: 18.6% | epoch: 1 | remaining: 296s    
step 00038 (1.3%) | loss: 5.192871 | lrm: 1.00 | dt: 150ms | tok/sec: 1,748,954 | mfu: 18.6% | epoch: 1 | remaining: 296s    
step 00039 (1.4%) | loss: 5.165790 | lrm: 1.00 | dt: 150ms | tok/sec: 1,747,989 | mfu: 18.5% | epoch: 1 | remaining: 296s    
step 00040 (1.4%) | loss: 5.142370 | lrm: 1.00 | dt: 150ms | tok/sec: 1,749,530 | mfu: 18.6% | epoch: 1 | remaining: 296s    
step 00041 (1.5%) | loss: 5.115383 | lrm: 1.00 | dt: 150ms | tok/sec: 1,748,937 | mfu: 18.6% | epoch: 1 | remaining: 295s    
step 00042 (1.5%) | loss: 5.091694 | lrm: 1.00 | dt: 150ms | tok/sec: 1,748,984 | mfu: 18.6% | epoch: 1 | remaining: 295s    
step 00043 (1.6%) | loss: 5.064580 | lrm: 1.00 | dt: 150ms | tok/sec: 1,747,956 | mfu: 18.5% | epoch: 1 | remaining: 295s    
step 00044 (1.6%) | loss: 5.040136 | lrm: 1.00 | dt: 150ms | tok/sec: 1,745,913 | mfu: 18.5% | epoch: 1 | remaining: 295s    
step 00045 (1.7%) | loss: 5.018154 | lrm: 1.00 | dt: 150ms | tok/sec: 1,748,092 | mfu: 18.5% | epoch: 1 | remaining: 295s    
step 00046 (1.7%) | loss: 4.994082 | lrm: 1.00 | dt: 150ms | tok/sec: 1,748,531 | mfu: 18.6% | epoch: 1 | remaining: 295s    
step 00047 (1.8%) | loss: 4.968146 | lrm: 1.00 | dt: 150ms | tok/sec: 1,748,303 | mfu: 18.6% | epoch: 1 | remaining: 294s    
step 00048 (1.8%) | loss: 4.944948 | lrm: 1.00 | dt: 150ms | tok/sec: 1,748,084 | mfu: 18.5% | epoch: 1 | remaining: 294s    
step 00049 (1.9%) | loss: 4.918820 | lrm: 1.00 | dt: 150ms | tok/sec: 1,748,111 | mfu: 18.5% | epoch: 1 | remaining: 294s    
step 00050 (1.9%) | loss: 4.898620 | lrm: 1.00 | dt: 150ms | tok/sec: 1,748,656 | mfu: 18.6% | epoch: 1 | remaining: 294s    
step 00051 (2.0%) | loss: 4.874928 | lrm: 1.00 | dt: 150ms | tok/sec: 1,748,642 | mfu: 18.6% | epoch: 1 | remaining: 294s    
step 00052 (2.0%) | loss: 4.853926 | lrm: 1.00 | dt: 150ms | tok/sec: 1,747,667 | mfu: 18.5% | epoch: 1 | remaining: 294s    
step 00053 (2.1%) | loss: 4.832173 | lrm: 1.00 | dt: 150ms | tok/sec: 1,747,906 | mfu: 18.5% | epoch: 1 | remaining: 294s    
step 00054 (2.1%) | loss: 4.806095 | lrm: 1.00 | dt: 150ms | tok/sec: 1,747,689 | mfu: 18.5% | epoch: 1 | remaining: 293s    
step 00055 (2.2%) | loss: 4.785432 | lrm: 1.00 | dt: 150ms | tok/sec: 1,746,143 | mfu: 18.5% | epoch: 1 | remaining: 293s    
step 00056 (2.2%) | loss: 4.765610 | lrm: 1.00 | dt: 150ms | tok/sec: 1,747,383 | mfu: 18.5% | epoch: 1 | remaining: 293s    
step 00057 (2.3%) | loss: 4.745883 | lrm: 1.00 | dt: 150ms | tok/sec: 1,747,911 | mfu: 18.5% | epoch: 1 | remaining: 293s    
step 00058 (2.3%) | loss: 4.726072 | lrm: 1.00 | dt: 150ms | tok/sec: 1,747,536 | mfu: 18.5% | epoch: 1 | remaining: 293s    
step 00059 (2.4%) | loss: 4.706046 | lrm: 1.00 | dt: 150ms | tok/sec: 1,746,537 | mfu: 18.5% | epoch: 1 | remaining: 293s    
step 00060 (2.4%) | loss: 4.687671 | lrm: 1.00 | dt: 150ms | tok/sec: 1,747,858 | mfu: 18.5% | epoch: 1 | remaining: 293s    
step 00061 (2.5%) | loss: 4.665401 | lrm: 1.00 | dt: 150ms | tok/sec: 1,746,495 | mfu: 18.5% | epoch: 1 | remaining: 292s    
step 00062 (2.5%) | loss: 4.644409 | lrm: 1.00 | dt: 150ms | tok/sec: 1,746,154 | mfu: 18.5% | epoch: 1 | remaining: 292s    
step 00063 (2.6%) | loss: 4.622986 | lrm: 1.00 | dt: 150ms | tok/sec: 1,747,011 | mfu: 18.5% | epoch: 1 | remaining: 292s    
step 00064 (2.6%) | loss: 4.601506 | lrm: 1.00 | dt: 150ms | tok/sec: 1,746,886 | mfu: 18.5% | epoch: 1 | remaining: 292s    
step 00065 (2.7%) | loss: 4.580296 | lrm: 1.00 | dt: 150ms | tok/sec: 1,746,576 | mfu: 18.5% | epoch: 1 | remaining: 292s    
step 00066 (2.7%) | loss: 4.563575 | lrm: 1.00 | dt: 150ms | tok/sec: 1,747,406 | mfu: 18.5% | epoch: 1 | remaining: 292s    
step 00067 (2.8%) | loss: 4.544697 | lrm: 1.00 | dt: 150ms | tok/sec: 1,748,081 | mfu: 18.5% | epoch: 1 | remaining: 291s    
step 00068 (2.8%) | loss: 4.523407 | lrm: 1.00 | dt: 150ms | tok/sec: 1,747,422 | mfu: 18.5% | epoch: 1 | remaining: 291s    
step 00069 (2.9%) | loss: 4.500773 | lrm: 1.00 | dt: 150ms | tok/sec: 1,747,939 | mfu: 18.5% | epoch: 1 | remaining: 291s    
step 00070 (2.9%) | loss: 4.478077 | lrm: 1.00 | dt: 150ms | tok/sec: 1,747,050 | mfu: 18.5% | epoch: 1 | remaining: 291s    
step 00071 (3.0%) | loss: 4.459590 | lrm: 1.00 | dt: 150ms | tok/sec: 1,747,322 | mfu: 18.5% | epoch: 1 | remaining: 291s    
step 00072 (3.0%) | loss: 4.440597 | lrm: 1.00 | dt: 150ms | tok/sec: 1,746,931 | mfu: 18.5% | epoch: 1 | remaining: 291s    
step 00073 (3.1%) | loss: 4.421584 | lrm: 1.00 | dt: 150ms | tok/sec: 1,747,289 | mfu: 18.5% | epoch: 1 | remaining: 291s    
step 00074 (3.1%) | loss: 4.406345 | lrm: 1.00 | dt: 150ms | tok/sec: 1,747,164 | mfu: 18.5% | epoch: 1 | remaining: 290s    
step 00075 (3.2%) | loss: 4.389024 | lrm: 1.00 | dt: 150ms | tok/sec: 1,746,856 | mfu: 18.5% | epoch: 1 | remaining: 290s    
step 00076 (3.2%) | loss: 4.371190 | lrm: 1.00 | dt: 150ms | tok/sec: 1,746,193 | mfu: 18.5% | epoch: 1 | remaining: 290s    
step 00077 (3.3%) | loss: 4.353026 | lrm: 1.00 | dt: 150ms | tok/sec: 1,746,764 | mfu: 18.5% | epoch: 1 | remaining: 290s    
step 00078 (3.3%) | loss: 4.338293 | lrm: 1.00 | dt: 150ms | tok/sec: 1,747,661 | mfu: 18.5% | epoch: 1 | remaining: 290s    
step 00079 (3.4%) | loss: 4.323302 | lrm: 1.00 | dt: 150ms | tok/sec: 1,748,367 | mfu: 18.6% | epoch: 1 | remaining: 290s    
step 00080 (3.4%) | loss: 4.301805 | lrm: 1.00 | dt: 150ms | tok/sec: 1,747,289 | mfu: 18.5% | epoch: 1 | remaining: 290s    
step 00081 (3.5%) | loss: 4.283656 | lrm: 1.00 | dt: 150ms | tok/sec: 1,749,510 | mfu: 18.6% | epoch: 1 | remaining: 289s    
step 00082 (3.5%) | loss: 4.262017 | lrm: 1.00 | dt: 150ms | tok/sec: 1,748,742 | mfu: 18.6% | epoch: 1 | remaining: 289s    
step 00083 (3.6%) | loss: 4.245092 | lrm: 1.00 | dt: 150ms | tok/sec: 1,749,076 | mfu: 18.6% | epoch: 1 | remaining: 289s    
step 00084 (3.6%) | loss: 4.230838 | lrm: 1.00 | dt: 150ms | tok/sec: 1,748,598 | mfu: 18.6% | epoch: 1 | remaining: 289s    
step 00085 (3.7%) | loss: 4.216609 | lrm: 1.00 | dt: 150ms | tok/sec: 1,748,651 | mfu: 18.6% | epoch: 1 | remaining: 289s    
step 00086 (3.7%) | loss: 4.201311 | lrm: 1.00 | dt: 150ms | tok/sec: 1,748,784 | mfu: 18.6% | epoch: 1 | remaining: 289s    
step 00087 (3.8%) | loss: 4.184946 | lrm: 1.00 | dt: 150ms | tok/sec: 1,748,414 | mfu: 18.6% | epoch: 1 | remaining: 288s    
step 00088 (3.8%) | loss: 4.164914 | lrm: 1.00 | dt: 150ms | tok/sec: 1,748,779 | mfu: 18.6% | epoch: 1 | remaining: 288s    
step 00089 (3.9%) | loss: 4.151163 | lrm: 1.00 | dt: 150ms | tok/sec: 1,747,764 | mfu: 18.5% | epoch: 1 | remaining: 288s    
step 00090 (3.9%) | loss: 4.135053 | lrm: 1.00 | dt: 150ms | tok/sec: 1,748,303 | mfu: 18.6% | epoch: 1 | remaining: 288s    
step 00091 (4.0%) | loss: 4.122632 | lrm: 1.00 | dt: 150ms | tok/sec: 1,748,025 | mfu: 18.5% | epoch: 1 | remaining: 288s    
step 00092 (4.0%) | loss: 4.104820 | lrm: 1.00 | dt: 150ms | tok/sec: 1,748,637 | mfu: 18.6% | epoch: 1 | remaining: 288s    
step 00093 (4.1%) | loss: 4.092044 | lrm: 1.00 | dt: 150ms | tok/sec: 1,748,742 | mfu: 18.6% | epoch: 1 | remaining: 288s    
step 00094 (4.1%) | loss: 4.077304 | lrm: 1.00 | dt: 150ms | tok/sec: 1,748,348 | mfu: 18.6% | epoch: 1 | remaining: 287s    
step 00095 (4.2%) | loss: 4.055163 | lrm: 1.00 | dt: 150ms | tok/sec: 1,748,567 | mfu: 18.6% | epoch: 1 | remaining: 287s    
step 00096 (4.2%) | loss: 4.039883 | lrm: 1.00 | dt: 150ms | tok/sec: 1,747,833 | mfu: 18.5% | epoch: 1 | remaining: 287s    
step 00097 (4.3%) | loss: 4.031920 | lrm: 1.00 | dt: 150ms | tok/sec: 1,748,754 | mfu: 18.6% | epoch: 1 | remaining: 287s    
step 00098 (4.3%) | loss: 4.022542 | lrm: 1.00 | dt: 150ms | tok/sec: 1,748,161 | mfu: 18.5% | epoch: 1 | remaining: 287s    
step 00099 (4.4%) | loss: 4.011604 | lrm: 1.00 | dt: 150ms | tok/sec: 1,748,923 | mfu: 18.6% | epoch: 1 | remaining: 287s    
step 00100 (4.4%) | loss: 4.001499 | lrm: 1.00 | dt: 150ms | tok/sec: 1,748,923 | mfu: 18.6% | epoch: 1 | remaining: 287s    
step 00101 (4.5%) | loss: 3.988141 | lrm: 1.00 | dt: 150ms | tok/sec: 1,748,017 | mfu: 18.5% | epoch: 1 | remaining: 286s    
step 00102 (4.5%) | loss: 3.974909 | lrm: 1.00 | dt: 150ms | tok/sec: 1,745,505 | mfu: 18.5% | epoch: 1 | remaining: 286s    
step 00103 (4.6%) | loss: 3.965893 | lrm: 1.00 | dt: 150ms | tok/sec: 1,748,170 | mfu: 18.5% | epoch: 1 | remaining: 286s    
step 00104 (4.6%) | loss: 3.954230 | lrm: 1.00 | dt: 150ms | tok/sec: 1,747,847 | mfu: 18.5% | epoch: 1 | remaining: 286s    
step 00105 (4.7%) | loss: 3.943134 | lrm: 1.00 | dt: 150ms | tok/sec: 1,747,858 | mfu: 18.5% | epoch: 1 | remaining: 286s    
step 00106 (4.7%) | loss: 3.933623 | lrm: 1.00 | dt: 150ms | tok/sec: 1,747,958 | mfu: 18.5% | epoch: 1 | remaining: 286s    
step 00107 (4.8%) | loss: 3.927817 | lrm: 1.00 | dt: 150ms | tok/sec: 1,749,399 | mfu: 18.6% | epoch: 1 | remaining: 285s    
step 00108 (4.8%) | loss: 3.921424 | lrm: 1.00 | dt: 150ms | tok/sec: 1,747,736 | mfu: 18.5% | epoch: 1 | remaining: 285s    
step 00109 (4.9%) | loss: 3.915859 | lrm: 1.00 | dt: 150ms | tok/sec: 1,747,347 | mfu: 18.5% | epoch: 1 | remaining: 285s    
step 00110 (4.9%) | loss: 3.910425 | lrm: 1.00 | dt: 150ms | tok/sec: 1,747,950 | mfu: 18.5% | epoch: 1 | remaining: 285s    
step 00111 (5.0%) | loss: 3.900674 | lrm: 1.00 | dt: 150ms | tok/sec: 1,748,264 | mfu: 18.5% | epoch: 1 | remaining: 285s    
step 00112 (5.0%) | loss: 3.889960 | lrm: 1.00 | dt: 150ms | tok/sec: 1,747,636 | mfu: 18.5% | epoch: 1 | remaining: 285s    
step 00113 (5.1%) | loss: 3.887249 | lrm: 1.00 | dt: 150ms | tok/sec: 1,748,531 | mfu: 18.6% | epoch: 1 | remaining: 285s    
step 00114 (5.1%) | loss: 3.878796 | lrm: 1.00 | dt: 150ms | tok/sec: 1,748,309 | mfu: 18.6% | epoch: 1 | remaining: 284s    
step 00115 (5.2%) | loss: 3.871722 | lrm: 1.00 | dt: 150ms | tok/sec: 1,747,900 | mfu: 18.5% | epoch: 1 | remaining: 284s    
step 00116 (5.2%) | loss: 3.862872 | lrm: 1.00 | dt: 150ms | tok/sec: 1,747,792 | mfu: 18.5% | epoch: 1 | remaining: 284s    
step 00117 (5.3%) | loss: 3.852797 | lrm: 1.00 | dt: 150ms | tok/sec: 1,747,642 | mfu: 18.5% | epoch: 1 | remaining: 284s    
step 00118 (5.3%) | loss: 3.847790 | lrm: 1.00 | dt: 150ms | tok/sec: 1,747,550 | mfu: 18.5% | epoch: 1 | remaining: 284s    
step 00119 (5.4%) | loss: 3.844701 | lrm: 1.00 | dt: 150ms | tok/sec: 1,747,339 | mfu: 18.5% | epoch: 1 | remaining: 284s    
step 00120 (5.4%) | loss: 3.835876 | lrm: 1.00 | dt: 150ms | tok/sec: 1,748,217 | mfu: 18.5% | epoch: 1 | remaining: 284s    
step 00121 (5.5%) | loss: 3.831123 | lrm: 1.00 | dt: 150ms | tok/sec: 1,747,045 | mfu: 18.5% | epoch: 1 | remaining: 283s    
step 00122 (5.5%) | loss: 3.824942 | lrm: 1.00 | dt: 150ms | tok/sec: 1,747,261 | mfu: 18.5% | epoch: 1 | remaining: 283s    
step 00123 (5.6%) | loss: 3.815844 | lrm: 1.00 | dt: 150ms | tok/sec: 1,747,650 | mfu: 18.5% | epoch: 1 | remaining: 283s    
step 00124 (5.6%) | loss: 3.812332 | lrm: 1.00 | dt: 150ms | tok/sec: 1,746,842 | mfu: 18.5% | epoch: 1 | remaining: 283s    
step 00125 (5.7%) | loss: 3.809107 | lrm: 1.00 | dt: 150ms | tok/sec: 1,747,642 | mfu: 18.5% | epoch: 1 | remaining: 283s    
step 00126 (5.7%) | loss: 3.803124 | lrm: 1.00 | dt: 150ms | tok/sec: 1,747,878 | mfu: 18.5% | epoch: 1 | remaining: 283s    
step 00127 (5.8%) | loss: 3.799901 | lrm: 1.00 | dt: 150ms | tok/sec: 1,746,764 | mfu: 18.5% | epoch: 1 | remaining: 282s    
step 00128 (5.8%) | loss: 3.791310 | lrm: 1.00 | dt: 150ms | tok/sec: 1,747,022 | mfu: 18.5% | epoch: 1 | remaining: 282s    
step 00129 (5.9%) | loss: 3.785964 | lrm: 1.00 | dt: 150ms | tok/sec: 1,747,120 | mfu: 18.5% | epoch: 1 | remaining: 282s    
step 00130 (5.9%) | loss: 3.778848 | lrm: 1.00 | dt: 150ms | tok/sec: 1,747,850 | mfu: 18.5% | epoch: 1 | remaining: 282s    
step 00131 (6.0%) | loss: 3.768707 | lrm: 1.00 | dt: 150ms | tok/sec: 1,747,758 | mfu: 18.5% | epoch: 1 | remaining: 282s    
step 00132 (6.0%) | loss: 3.766012 | lrm: 1.00 | dt: 150ms | tok/sec: 1,747,764 | mfu: 18.5% | epoch: 1 | remaining: 282s    
step 00133 (6.1%) | loss: 3.762311 | lrm: 1.00 | dt: 150ms | tok/sec: 1,747,358 | mfu: 18.5% | epoch: 1 | remaining: 282s    
step 00134 (6.1%) | loss: 3.760498 | lrm: 1.00 | dt: 150ms | tok/sec: 1,747,670 | mfu: 18.5% | epoch: 1 | remaining: 281s    
step 00135 (6.2%) | loss: 3.756858 | lrm: 1.00 | dt: 150ms | tok/sec: 1,747,472 | mfu: 18.5% | epoch: 1 | remaining: 281s    
step 00136 (6.2%) | loss: 3.754263 | lrm: 1.00 | dt: 150ms | tok/sec: 1,747,870 | mfu: 18.5% | epoch: 1 | remaining: 281s    
step 00137 (6.3%) | loss: 3.752393 | lrm: 1.00 | dt: 150ms | tok/sec: 1,746,495 | mfu: 18.5% | epoch: 1 | remaining: 281s    
step 00138 (6.3%) | loss: 3.750413 | lrm: 1.00 | dt: 150ms | tok/sec: 1,747,583 | mfu: 18.5% | epoch: 1 | remaining: 281s    
step 00139 (6.4%) | loss: 3.748629 | lrm: 1.00 | dt: 150ms | tok/sec: 1,746,149 | mfu: 18.5% | epoch: 1 | remaining: 281s    
step 00140 (6.4%) | loss: 3.742666 | lrm: 1.00 | dt: 150ms | tok/sec: 1,747,508 | mfu: 18.5% | epoch: 1 | remaining: 281s    
step 00141 (6.5%) | loss: 3.737241 | lrm: 1.00 | dt: 150ms | tok/sec: 1,747,500 | mfu: 18.5% | epoch: 1 | remaining: 280s    
step 00142 (6.5%) | loss: 3.729646 | lrm: 1.00 | dt: 150ms | tok/sec: 1,747,911 | mfu: 18.5% | epoch: 1 | remaining: 280s    
step 00143 (6.6%) | loss: 3.730755 | lrm: 1.00 | dt: 150ms | tok/sec: 1,747,356 | mfu: 18.5% | epoch: 1 | remaining: 280s    
step 00144 (6.6%) | loss: 3.719500 | lrm: 1.00 | dt: 150ms | tok/sec: 1,747,250 | mfu: 18.5% | epoch: 1 | remaining: 280s    
step 00145 (6.7%) | loss: 3.714913 | lrm: 1.00 | dt: 150ms | tok/sec: 1,746,684 | mfu: 18.5% | epoch: 1 | remaining: 280s    
step 00146 (6.7%) | loss: 3.717288 | lrm: 1.00 | dt: 150ms | tok/sec: 1,748,008 | mfu: 18.5% | epoch: 1 | remaining: 280s    
step 00147 (6.8%) | loss: 3.707272 | lrm: 1.00 | dt: 150ms | tok/sec: 1,746,323 | mfu: 18.5% | epoch: 1 | remaining: 279s    
step 00148 (6.8%) | loss: 3.706709 | lrm: 1.00 | dt: 150ms | tok/sec: 1,747,217 | mfu: 18.5% | epoch: 1 | remaining: 279s    
step 00149 (6.9%) | loss: 3.700559 | lrm: 1.00 | dt: 150ms | tok/sec: 1,746,429 | mfu: 18.5% | epoch: 1 | remaining: 279s    
step 00150 (6.9%) | loss: 3.697052 | lrm: 1.00 | dt: 150ms | tok/sec: 1,747,192 | mfu: 18.5% | epoch: 1 | remaining: 279s    
step 00151 (7.0%) | loss: 3.695972 | lrm: 1.00 | dt: 150ms | tok/sec: 1,746,717 | mfu: 18.5% | epoch: 1 | remaining: 279s    
step 00152 (7.0%) | loss: 3.692672 | lrm: 1.00 | dt: 150ms | tok/sec: 1,746,884 | mfu: 18.5% | epoch: 1 | remaining: 279s    
step 00153 (7.1%) | loss: 3.691484 | lrm: 1.00 | dt: 150ms | tok/sec: 1,747,658 | mfu: 18.5% | epoch: 1 | remaining: 279s    
step 00154 (7.1%) | loss: 3.691999 | lrm: 1.00 | dt: 150ms | tok/sec: 1,747,400 | mfu: 18.5% | epoch: 1 | remaining: 278s    
step 00155 (7.2%) | loss: 3.692443 | lrm: 1.00 | dt: 150ms | tok/sec: 1,746,523 | mfu: 18.5% | epoch: 1 | remaining: 278s    
step 00156 (7.2%) | loss: 3.693231 | lrm: 1.00 | dt: 150ms | tok/sec: 1,747,086 | mfu: 18.5% | epoch: 1 | remaining: 278s    
step 00157 (7.3%) | loss: 3.684971 | lrm: 1.00 | dt: 150ms | tok/sec: 1,745,763 | mfu: 18.5% | epoch: 1 | remaining: 278s    
step 00158 (7.3%) | loss: 3.679168 | lrm: 1.00 | dt: 150ms | tok/sec: 1,745,971 | mfu: 18.5% | epoch: 1 | remaining: 278s    
step 00159 (7.4%) | loss: 3.676577 | lrm: 1.00 | dt: 150ms | tok/sec: 1,746,945 | mfu: 18.5% | epoch: 1 | remaining: 278s    
step 00160 (7.4%) | loss: 3.673548 | lrm: 1.00 | dt: 150ms | tok/sec: 1,746,234 | mfu: 18.5% | epoch: 1 | remaining: 278s    
step 00161 (7.5%) | loss: 3.668943 | lrm: 1.00 | dt: 150ms | tok/sec: 1,746,664 | mfu: 18.5% | epoch: 1 | remaining: 277s    
step 00162 (7.5%) | loss: 3.666646 | lrm: 1.00 | dt: 150ms | tok/sec: 1,747,264 | mfu: 18.5% | epoch: 1 | remaining: 277s    
step 00163 (7.6%) | loss: 3.661791 | lrm: 1.00 | dt: 150ms | tok/sec: 1,746,942 | mfu: 18.5% | epoch: 1 | remaining: 277s    
step 00164 (7.6%) | loss: 3.661939 | lrm: 1.00 | dt: 150ms | tok/sec: 1,746,862 | mfu: 18.5% | epoch: 1 | remaining: 277s    
step 00165 (7.7%) | loss: 3.658047 | lrm: 1.00 | dt: 150ms | tok/sec: 1,746,925 | mfu: 18.5% | epoch: 1 | remaining: 277s    
step 00166 (7.7%) | loss: 3.657096 | lrm: 1.00 | dt: 150ms | tok/sec: 1,746,623 | mfu: 18.5% | epoch: 1 | remaining: 277s    
step 00167 (7.8%) | loss: 3.653424 | lrm: 1.00 | dt: 150ms | tok/sec: 1,747,253 | mfu: 18.5% | epoch: 1 | remaining: 276s    
step 00168 (7.8%) | loss: 3.649386 | lrm: 1.00 | dt: 150ms | tok/sec: 1,746,529 | mfu: 18.5% | epoch: 1 | remaining: 276s    
step 00169 (7.9%) | loss: 3.647084 | lrm: 1.00 | dt: 150ms | tok/sec: 1,746,812 | mfu: 18.5% | epoch: 1 | remaining: 276s    
step 00170 (7.9%) | loss: 3.641518 | lrm: 1.00 | dt: 150ms | tok/sec: 1,746,420 | mfu: 18.5% | epoch: 1 | remaining: 276s    
step 00171 (8.0%) | loss: 3.644655 | lrm: 1.00 | dt: 150ms | tok/sec: 1,746,351 | mfu: 18.5% | epoch: 1 | remaining: 276s    
step 00172 (8.0%) | loss: 3.644389 | lrm: 1.00 | dt: 150ms | tok/sec: 1,747,092 | mfu: 18.5% | epoch: 1 | remaining: 276s    
step 00173 (8.1%) | loss: 3.643127 | lrm: 1.00 | dt: 150ms | tok/sec: 1,746,717 | mfu: 18.5% | epoch: 1 | remaining: 276s    
step 00174 (8.1%) | loss: 3.639968 | lrm: 1.00 | dt: 150ms | tok/sec: 1,746,440 | mfu: 18.5% | epoch: 1 | remaining: 275s    
step 00175 (8.2%) | loss: 3.637131 | lrm: 1.00 | dt: 150ms | tok/sec: 1,747,059 | mfu: 18.5% | epoch: 1 | remaining: 275s    
step 00176 (8.2%) | loss: 3.636775 | lrm: 1.00 | dt: 150ms | tok/sec: 1,746,451 | mfu: 18.5% | epoch: 1 | remaining: 275s    
step 00177 (8.3%) | loss: 3.630631 | lrm: 1.00 | dt: 150ms | tok/sec: 1,747,181 | mfu: 18.5% | epoch: 1 | remaining: 275s    
step 00178 (8.3%) | loss: 3.631213 | lrm: 1.00 | dt: 150ms | tok/sec: 1,745,780 | mfu: 18.5% | epoch: 1 | remaining: 275s    
step 00179 (8.4%) | loss: 3.624561 | lrm: 1.00 | dt: 150ms | tok/sec: 1,746,545 | mfu: 18.5% | epoch: 1 | remaining: 275s    
step 00180 (8.4%) | loss: 3.619778 | lrm: 1.00 | dt: 150ms | tok/sec: 1,746,431 | mfu: 18.5% | epoch: 1 | remaining: 275s    
step 00181 (8.5%) | loss: 3.618958 | lrm: 1.00 | dt: 150ms | tok/sec: 1,746,479 | mfu: 18.5% | epoch: 1 | remaining: 274s    
step 00182 (8.5%) | loss: 3.619055 | lrm: 1.00 | dt: 150ms | tok/sec: 1,745,760 | mfu: 18.5% | epoch: 1 | remaining: 274s    
step 00183 (8.6%) | loss: 3.616666 | lrm: 1.00 | dt: 150ms | tok/sec: 1,746,676 | mfu: 18.5% | epoch: 1 | remaining: 274s    
step 00184 (8.6%) | loss: 3.611902 | lrm: 1.00 | dt: 150ms | tok/sec: 1,746,251 | mfu: 18.5% | epoch: 1 | remaining: 274s    
step 00185 (8.7%) | loss: 3.607138 | lrm: 1.00 | dt: 150ms | tok/sec: 1,746,431 | mfu: 18.5% | epoch: 1 | remaining: 274s    
step 00186 (8.7%) | loss: 3.607568 | lrm: 1.00 | dt: 150ms | tok/sec: 1,746,204 | mfu: 18.5% | epoch: 1 | remaining: 274s    
step 00187 (8.8%) | loss: 3.608724 | lrm: 1.00 | dt: 150ms | tok/sec: 1,746,642 | mfu: 18.5% | epoch: 1 | remaining: 273s    
step 00188 (8.8%) | loss: 3.606337 | lrm: 1.00 | dt: 150ms | tok/sec: 1,745,988 | mfu: 18.5% | epoch: 1 | remaining: 273s    
step 00189 (8.9%) | loss: 3.604220 | lrm: 1.00 | dt: 150ms | tok/sec: 1,746,060 | mfu: 18.5% | epoch: 1 | remaining: 273s    
step 00190 (8.9%) | loss: 3.605556 | lrm: 1.00 | dt: 150ms | tok/sec: 1,745,935 | mfu: 18.5% | epoch: 1 | remaining: 273s    
step 00191 (9.0%) | loss: 3.605270 | lrm: 1.00 | dt: 150ms | tok/sec: 1,746,506 | mfu: 18.5% | epoch: 1 | remaining: 273s    
step 00192 (9.0%) | loss: 3.606076 | lrm: 1.00 | dt: 150ms | tok/sec: 1,746,232 | mfu: 18.5% | epoch: 1 | remaining: 273s    
step 00193 (9.1%) | loss: 3.607511 | lrm: 1.00 | dt: 150ms | tok/sec: 1,746,171 | mfu: 18.5% | epoch: 1 | remaining: 273s    
step 00194 (9.1%) | loss: 3.601384 | lrm: 1.00 | dt: 150ms | tok/sec: 1,745,810 | mfu: 18.5% | epoch: 1 | remaining: 272s    
step 00195 (9.2%) | loss: 3.596495 | lrm: 1.00 | dt: 150ms | tok/sec: 1,746,390 | mfu: 18.5% | epoch: 1 | remaining: 272s    
step 00196 (9.3%) | loss: 3.595598 | lrm: 1.00 | dt: 150ms | tok/sec: 1,746,490 | mfu: 18.5% | epoch: 1 | remaining: 272s    
step 00197 (9.3%) | loss: 3.596021 | lrm: 1.00 | dt: 150ms | tok/sec: 1,746,431 | mfu: 18.5% | epoch: 1 | remaining: 272s    
step 00198 (9.4%) | loss: 3.591833 | lrm: 1.00 | dt: 150ms | tok/sec: 1,746,101 | mfu: 18.5% | epoch: 1 | remaining: 272s    
step 00199 (9.4%) | loss: 3.589860 | lrm: 1.00 | dt: 150ms | tok/sec: 1,747,225 | mfu: 18.5% | epoch: 1 | remaining: 272s    
step 00200 (9.5%) | loss: 3.589388 | lrm: 1.00 | dt: 150ms | tok/sec: 1,746,243 | mfu: 18.5% | epoch: 1 | remaining: 271s    
step 00201 (9.5%) | loss: 3.588145 | lrm: 1.00 | dt: 150ms | tok/sec: 1,746,168 | mfu: 18.5% | epoch: 1 | remaining: 271s    
step 00202 (9.6%) | loss: 3.586371 | lrm: 1.00 | dt: 150ms | tok/sec: 1,745,866 | mfu: 18.5% | epoch: 1 | remaining: 271s    
step 00203 (9.6%) | loss: 3.580553 | lrm: 1.00 | dt: 150ms | tok/sec: 1,745,832 | mfu: 18.5% | epoch: 1 | remaining: 271s    
step 00204 (9.7%) | loss: 3.576423 | lrm: 1.00 | dt: 150ms | tok/sec: 1,746,112 | mfu: 18.5% | epoch: 1 | remaining: 271s    
step 00205 (9.7%) | loss: 3.574308 | lrm: 1.00 | dt: 150ms | tok/sec: 1,746,271 | mfu: 18.5% | epoch: 1 | remaining: 271s    
step 00206 (9.8%) | loss: 3.570411 | lrm: 1.00 | dt: 150ms | tok/sec: 1,745,849 | mfu: 18.5% | epoch: 1 | remaining: 271s    
step 00207 (9.8%) | loss: 3.570498 | lrm: 1.00 | dt: 150ms | tok/sec: 1,744,932 | mfu: 18.5% | epoch: 1 | remaining: 270s    
step 00208 (9.9%) | loss: 3.558573 | lrm: 1.00 | dt: 150ms | tok/sec: 1,744,694 | mfu: 18.5% | epoch: 1 | remaining: 270s    
step 00209 (9.9%) | loss: 3.551008 | lrm: 1.00 | dt: 150ms | tok/sec: 1,746,049 | mfu: 18.5% | epoch: 1 | remaining: 270s    
step 00210 (10.0%) | loss: 3.547622 | lrm: 1.00 | dt: 150ms | tok/sec: 1,745,941 | mfu: 18.5% | epoch: 1 | remaining: 270s    
step 00211 (10.0%) | loss: 3.549480 | lrm: 1.00 | dt: 150ms | tok/sec: 1,746,431 | mfu: 18.5% | epoch: 1 | remaining: 270s    
step 00212 (10.1%) | loss: 3.546341 | lrm: 1.00 | dt: 150ms | tok/sec: 1,746,393 | mfu: 18.5% | epoch: 1 | remaining: 270s    
step 00213 (10.1%) | loss: 3.548284 | lrm: 1.00 | dt: 150ms | tok/sec: 1,746,193 | mfu: 18.5% | epoch: 1 | remaining: 270s    
step 00214 (10.2%) | loss: 3.545304 | lrm: 1.00 | dt: 150ms | tok/sec: 1,746,373 | mfu: 18.5% | epoch: 1 | remaining: 269s    
step 00215 (10.2%) | loss: 3.541886 | lrm: 1.00 | dt: 150ms | tok/sec: 1,746,063 | mfu: 18.5% | epoch: 1 | remaining: 269s    
step 00216 (10.3%) | loss: 3.542995 | lrm: 1.00 | dt: 150ms | tok/sec: 1,745,771 | mfu: 18.5% | epoch: 1 | remaining: 269s    
step 00217 (10.3%) | loss: 3.545432 | lrm: 1.00 | dt: 150ms | tok/sec: 1,746,706 | mfu: 18.5% | epoch: 1 | remaining: 269s    
step 00218 (10.4%) | loss: 3.545721 | lrm: 1.00 | dt: 150ms | tok/sec: 1,745,794 | mfu: 18.5% | epoch: 1 | remaining: 269s    
step 00219 (10.4%) | loss: 3.539858 | lrm: 1.00 | dt: 150ms | tok/sec: 1,746,040 | mfu: 18.5% | epoch: 1 | remaining: 269s    
step 00220 (10.5%) | loss: 3.540253 | lrm: 1.00 | dt: 150ms | tok/sec: 1,745,747 | mfu: 18.5% | epoch: 1 | remaining: 268s    
step 00221 (10.5%) | loss: 3.540071 | lrm: 1.00 | dt: 150ms | tok/sec: 1,745,960 | mfu: 18.5% | epoch: 1 | remaining: 268s    
step 00222 (10.6%) | loss: 3.536492 | lrm: 1.00 | dt: 150ms | tok/sec: 1,745,439 | mfu: 18.5% | epoch: 1 | remaining: 268s    
step 00223 (10.6%) | loss: 3.538065 | lrm: 1.00 | dt: 150ms | tok/sec: 1,746,628 | mfu: 18.5% | epoch: 1 | remaining: 268s    
step 00224 (10.7%) | loss: 3.541457 | lrm: 1.00 | dt: 150ms | tok/sec: 1,745,600 | mfu: 18.5% | epoch: 1 | remaining: 268s    
step 00225 (10.7%) | loss: 3.541583 | lrm: 1.00 | dt: 150ms | tok/sec: 1,744,572 | mfu: 18.5% | epoch: 1 | remaining: 268s    
step 00226 (10.8%) | loss: 3.541743 | lrm: 1.00 | dt: 150ms | tok/sec: 1,746,204 | mfu: 18.5% | epoch: 1 | remaining: 268s    
step 00227 (10.8%) | loss: 3.538378 | lrm: 1.00 | dt: 150ms | tok/sec: 1,745,968 | mfu: 18.5% | epoch: 1 | remaining: 267s    
step 00228 (10.9%) | loss: 3.541520 | lrm: 1.00 | dt: 150ms | tok/sec: 1,746,640 | mfu: 18.5% | epoch: 1 | remaining: 267s    
step 00229 (10.9%) | loss: 3.536882 | lrm: 1.00 | dt: 150ms | tok/sec: 1,746,401 | mfu: 18.5% | epoch: 1 | remaining: 267s    
step 00230 (11.0%) | loss: 3.542847 | lrm: 1.00 | dt: 150ms | tok/sec: 1,746,176 | mfu: 18.5% | epoch: 1 | remaining: 267s    
step 00231 (11.0%) | loss: 3.543931 | lrm: 1.00 | dt: 150ms | tok/sec: 1,746,079 | mfu: 18.5% | epoch: 1 | remaining: 267s    
step 00232 (11.1%) | loss: 3.543165 | lrm: 1.00 | dt: 150ms | tok/sec: 1,746,176 | mfu: 18.5% | epoch: 1 | remaining: 267s    
step 00233 (11.1%) | loss: 3.540636 | lrm: 1.00 | dt: 150ms | tok/sec: 1,745,686 | mfu: 18.5% | epoch: 1 | remaining: 267s    
step 00234 (11.2%) | loss: 3.536057 | lrm: 1.00 | dt: 150ms | tok/sec: 1,745,747 | mfu: 18.5% | epoch: 1 | remaining: 266s    
step 00235 (11.2%) | loss: 3.537946 | lrm: 1.00 | dt: 150ms | tok/sec: 1,745,697 | mfu: 18.5% | epoch: 1 | remaining: 266s    
step 00236 (11.3%) | loss: 3.540390 | lrm: 1.00 | dt: 150ms | tok/sec: 1,746,262 | mfu: 18.5% | epoch: 1 | remaining: 266s    
step 00237 (11.3%) | loss: 3.540628 | lrm: 1.00 | dt: 150ms | tok/sec: 1,746,301 | mfu: 18.5% | epoch: 1 | remaining: 266s    
step 00238 (11.4%) | loss: 3.536382 | lrm: 1.00 | dt: 150ms | tok/sec: 1,746,121 | mfu: 18.5% | epoch: 1 | remaining: 266s    
step 00239 (11.4%) | loss: 3.533930 | lrm: 1.00 | dt: 150ms | tok/sec: 1,745,982 | mfu: 18.5% | epoch: 1 | remaining: 266s    
step 00240 (11.5%) | loss: 3.535271 | lrm: 1.00 | dt: 150ms | tok/sec: 1,745,710 | mfu: 18.5% | epoch: 1 | remaining: 265s    
step 00241 (11.5%) | loss: 3.535656 | lrm: 1.00 | dt: 150ms | tok/sec: 1,746,212 | mfu: 18.5% | epoch: 1 | remaining: 265s    
step 00242 (11.6%) | loss: 3.536882 | lrm: 1.00 | dt: 150ms | tok/sec: 1,746,046 | mfu: 18.5% | epoch: 1 | remaining: 265s    
step 00243 (11.6%) | loss: 3.531790 | lrm: 1.00 | dt: 150ms | tok/sec: 1,746,165 | mfu: 18.5% | epoch: 1 | remaining: 265s    
step 00244 (11.7%) | loss: 3.521291 | lrm: 1.00 | dt: 150ms | tok/sec: 1,745,977 | mfu: 18.5% | epoch: 1 | remaining: 265s    
step 00245 (11.7%) | loss: 3.513925 | lrm: 1.00 | dt: 150ms | tok/sec: 1,746,173 | mfu: 18.5% | epoch: 1 | remaining: 265s    
step 00246 (11.8%) | loss: 3.511572 | lrm: 1.00 | dt: 150ms | tok/sec: 1,745,669 | mfu: 18.5% | epoch: 1 | remaining: 265s    
step 00247 (11.8%) | loss: 3.510689 | lrm: 1.00 | dt: 150ms | tok/sec: 1,746,018 | mfu: 18.5% | epoch: 1 | remaining: 264s    
step 00248 (11.9%) | loss: 3.509562 | lrm: 1.00 | dt: 150ms | tok/sec: 1,745,273 | mfu: 18.5% | epoch: 1 | remaining: 264s    
step 00249 (11.9%) | loss: 3.512626 | lrm: 1.00 | dt: 150ms | tok/sec: 1,745,569 | mfu: 18.5% | epoch: 1 | remaining: 264s    
step 00250 (12.0%) | loss: 3.512288 | lrm: 1.00 | dt: 150ms | tok/sec: 1,745,170 | mfu: 18.5% | epoch: 1 | remaining: 264s    
step 00251 (12.0%) | loss: 3.512853 | lrm: 1.00 | dt: 150ms | tok/sec: 1,745,985 | mfu: 18.5% | epoch: 1 | remaining: 264s    
step 00252 (12.1%) | loss: 3.508015 | lrm: 1.00 | dt: 150ms | tok/sec: 1,745,206 | mfu: 18.5% | epoch: 1 | remaining: 264s    
step 00253 (12.1%) | loss: 3.507098 | lrm: 1.00 | dt: 150ms | tok/sec: 1,745,949 | mfu: 18.5% | epoch: 1 | remaining: 264s    
step 00254 (12.2%) | loss: 3.503787 | lrm: 1.00 | dt: 150ms | tok/sec: 1,745,198 | mfu: 18.5% | epoch: 1 | remaining: 263s    
step 00255 (12.2%) | loss: 3.506209 | lrm: 1.00 | dt: 150ms | tok/sec: 1,745,641 | mfu: 18.5% | epoch: 1 | remaining: 263s    
step 00256 (12.3%) | loss: 3.500043 | lrm: 1.00 | dt: 150ms | tok/sec: 1,745,516 | mfu: 18.5% | epoch: 1 | remaining: 263s    
step 00257 (12.3%) | loss: 3.497923 | lrm: 1.00 | dt: 150ms | tok/sec: 1,745,849 | mfu: 18.5% | epoch: 1 | remaining: 263s    
step 00258 (12.4%) | loss: 3.500589 | lrm: 1.00 | dt: 150ms | tok/sec: 1,745,486 | mfu: 18.5% | epoch: 1 | remaining: 263s    
step 00259 (12.4%) | loss: 3.498092 | lrm: 1.00 | dt: 150ms | tok/sec: 1,745,799 | mfu: 18.5% | epoch: 1 | remaining: 263s    
step 00260 (12.5%) | loss: 3.495819 | lrm: 1.00 | dt: 150ms | tok/sec: 1,746,237 | mfu: 18.5% | epoch: 1 | remaining: 262s    
step 00261 (12.5%) | loss: 3.494901 | lrm: 1.00 | dt: 150ms | tok/sec: 1,746,015 | mfu: 18.5% | epoch: 1 | remaining: 262s    
step 00262 (12.6%) | loss: 3.495846 | lrm: 1.00 | dt: 150ms | tok/sec: 1,745,830 | mfu: 18.5% | epoch: 1 | remaining: 262s    
step 00263 (12.6%) | loss: 3.494703 | lrm: 1.00 | dt: 150ms | tok/sec: 1,745,963 | mfu: 18.5% | epoch: 1 | remaining: 262s    
step 00264 (12.7%) | loss: 3.492875 | lrm: 1.00 | dt: 150ms | tok/sec: 1,745,744 | mfu: 18.5% | epoch: 1 | remaining: 262s    
step 00265 (12.7%) | loss: 3.492121 | lrm: 1.00 | dt: 150ms | tok/sec: 1,745,788 | mfu: 18.5% | epoch: 1 | remaining: 262s    
step 00266 (12.8%) | loss: 3.489412 | lrm: 1.00 | dt: 150ms | tok/sec: 1,745,234 | mfu: 18.5% | epoch: 1 | remaining: 262s    
step 00267 (12.8%) | loss: 3.487159 | lrm: 1.00 | dt: 150ms | tok/sec: 1,745,996 | mfu: 18.5% | epoch: 1 | remaining: 261s    
step 00268 (12.9%) | loss: 3.490218 | lrm: 1.00 | dt: 150ms | tok/sec: 1,745,336 | mfu: 18.5% | epoch: 1 | remaining: 261s    
step 00269 (12.9%) | loss: 3.488691 | lrm: 1.00 | dt: 150ms | tok/sec: 1,745,999 | mfu: 18.5% | epoch: 1 | remaining: 261s    
step 00270 (13.0%) | loss: 3.482281 | lrm: 1.00 | dt: 150ms | tok/sec: 1,745,553 | mfu: 18.5% | epoch: 1 | remaining: 261s    
step 00271 (13.0%) | loss: 3.483706 | lrm: 1.00 | dt: 150ms | tok/sec: 1,745,442 | mfu: 18.5% | epoch: 1 | remaining: 261s    
step 00272 (13.1%) | loss: 3.480095 | lrm: 1.00 | dt: 150ms | tok/sec: 1,745,974 | mfu: 18.5% | epoch: 1 | remaining: 261s    
step 00273 (13.1%) | loss: 3.477461 | lrm: 1.00 | dt: 150ms | tok/sec: 1,745,974 | mfu: 18.5% | epoch: 1 | remaining: 261s    
step 00274 (13.2%) | loss: 3.472427 | lrm: 1.00 | dt: 150ms | tok/sec: 1,745,325 | mfu: 18.5% | epoch: 1 | remaining: 260s    
step 00275 (13.2%) | loss: 3.473047 | lrm: 1.00 | dt: 150ms | tok/sec: 1,745,444 | mfu: 18.5% | epoch: 1 | remaining: 260s    
step 00276 (13.3%) | loss: 3.471185 | lrm: 1.00 | dt: 150ms | tok/sec: 1,745,968 | mfu: 18.5% | epoch: 1 | remaining: 260s    
step 00277 (13.3%) | loss: 3.466758 | lrm: 1.00 | dt: 150ms | tok/sec: 1,745,918 | mfu: 18.5% | epoch: 1 | remaining: 260s    
step 00278 (13.4%) | loss: 3.471224 | lrm: 1.00 | dt: 150ms | tok/sec: 1,745,370 | mfu: 18.5% | epoch: 1 | remaining: 260s    
step 00279 (13.4%) | loss: 3.465617 | lrm: 1.00 | dt: 150ms | tok/sec: 1,745,716 | mfu: 18.5% | epoch: 1 | remaining: 260s    
step 00280 (13.5%) | loss: 3.459573 | lrm: 1.00 | dt: 150ms | tok/sec: 1,746,049 | mfu: 18.5% | epoch: 1 | remaining: 259s    
step 00281 (13.5%) | loss: 3.458436 | lrm: 1.00 | dt: 150ms | tok/sec: 1,746,129 | mfu: 18.5% | epoch: 1 | remaining: 259s    
step 00282 (13.6%) | loss: 3.455063 | lrm: 1.00 | dt: 150ms | tok/sec: 1,745,372 | mfu: 18.5% | epoch: 1 | remaining: 259s    
step 00283 (13.6%) | loss: 3.453939 | lrm: 1.00 | dt: 150ms | tok/sec: 1,745,417 | mfu: 18.5% | epoch: 1 | remaining: 259s    
step 00284 (13.7%) | loss: 3.454086 | lrm: 1.00 | dt: 150ms | tok/sec: 1,745,677 | mfu: 18.5% | epoch: 1 | remaining: 259s    
step 00285 (13.7%) | loss: 3.455926 | lrm: 1.00 | dt: 150ms | tok/sec: 1,745,683 | mfu: 18.5% | epoch: 1 | remaining: 259s    
step 00286 (13.8%) | loss: 3.456564 | lrm: 1.00 | dt: 150ms | tok/sec: 1,746,232 | mfu: 18.5% | epoch: 1 | remaining: 259s    
step 00287 (13.8%) | loss: 3.458546 | lrm: 1.00 | dt: 150ms | tok/sec: 1,745,589 | mfu: 18.5% | epoch: 1 | remaining: 258s    
step 00288 (13.9%) | loss: 3.455867 | lrm: 1.00 | dt: 150ms | tok/sec: 1,745,860 | mfu: 18.5% | epoch: 1 | remaining: 258s    
step 00289 (13.9%) | loss: 3.453727 | lrm: 1.00 | dt: 150ms | tok/sec: 1,745,206 | mfu: 18.5% | epoch: 1 | remaining: 258s    
step 00290 (14.0%) | loss: 3.459786 | lrm: 1.00 | dt: 150ms | tok/sec: 1,745,863 | mfu: 18.5% | epoch: 1 | remaining: 258s    
step 00291 (14.0%) | loss: 3.459970 | lrm: 1.00 | dt: 150ms | tok/sec: 1,745,666 | mfu: 18.5% | epoch: 1 | remaining: 258s    
step 00292 (14.1%) | loss: 3.458074 | lrm: 1.00 | dt: 150ms | tok/sec: 1,745,916 | mfu: 18.5% | epoch: 1 | remaining: 258s    
step 00293 (14.1%) | loss: 3.458987 | lrm: 1.00 | dt: 150ms | tok/sec: 1,745,960 | mfu: 18.5% | epoch: 1 | remaining: 258s    
step 00294 (14.2%) | loss: 3.456671 | lrm: 1.00 | dt: 150ms | tok/sec: 1,744,622 | mfu: 18.5% | epoch: 1 | remaining: 257s    
step 00295 (14.2%) | loss: 3.459384 | lrm: 1.00 | dt: 150ms | tok/sec: 1,745,666 | mfu: 18.5% | epoch: 1 | remaining: 257s    
step 00296 (14.3%) | loss: 3.460813 | lrm: 1.00 | dt: 150ms | tok/sec: 1,745,267 | mfu: 18.5% | epoch: 1 | remaining: 257s    
step 00297 (14.3%) | loss: 3.463699 | lrm: 1.00 | dt: 150ms | tok/sec: 1,745,805 | mfu: 18.5% | epoch: 1 | remaining: 257s    
step 00298 (14.4%) | loss: 3.459083 | lrm: 1.00 | dt: 150ms | tok/sec: 1,745,888 | mfu: 18.5% | epoch: 1 | remaining: 257s    
step 00299 (14.4%) | loss: 3.459735 | lrm: 1.00 | dt: 150ms | tok/sec: 1,746,115 | mfu: 18.5% | epoch: 1 | remaining: 257s    
step 00300 (14.5%) | loss: 3.452311 | lrm: 1.00 | dt: 150ms | tok/sec: 1,745,777 | mfu: 18.5% | epoch: 1 | remaining: 256s    
step 00301 (14.5%) | loss: 3.447534 | lrm: 1.00 | dt: 150ms | tok/sec: 1,746,232 | mfu: 18.5% | epoch: 1 | remaining: 256s    
step 00302 (14.6%) | loss: 3.446695 | lrm: 1.00 | dt: 150ms | tok/sec: 1,745,287 | mfu: 18.5% | epoch: 1 | remaining: 256s    
step 00303 (14.6%) | loss: 3.447261 | lrm: 1.00 | dt: 150ms | tok/sec: 1,745,309 | mfu: 18.5% | epoch: 1 | remaining: 256s    
step 00304 (14.7%) | loss: 3.448441 | lrm: 1.00 | dt: 150ms | tok/sec: 1,745,079 | mfu: 18.5% | epoch: 1 | remaining: 256s    
step 00305 (14.7%) | loss: 3.447163 | lrm: 1.00 | dt: 150ms | tok/sec: 1,745,525 | mfu: 18.5% | epoch: 1 | remaining: 256s    
step 00306 (14.8%) | loss: 3.444794 | lrm: 1.00 | dt: 150ms | tok/sec: 1,746,381 | mfu: 18.5% | epoch: 1 | remaining: 256s    
step 00307 (14.8%) | loss: 3.445476 | lrm: 1.00 | dt: 150ms | tok/sec: 1,745,758 | mfu: 18.5% | epoch: 1 | remaining: 255s    
step 00308 (14.9%) | loss: 3.450377 | lrm: 1.00 | dt: 150ms | tok/sec: 1,745,921 | mfu: 18.5% | epoch: 1 | remaining: 255s    
step 00309 (14.9%) | loss: 3.451200 | lrm: 1.00 | dt: 150ms | tok/sec: 1,745,841 | mfu: 18.5% | epoch: 1 | remaining: 255s    
step 00310 (15.0%) | loss: 3.451587 | lrm: 1.00 | dt: 150ms | tok/sec: 1,745,367 | mfu: 18.5% | epoch: 1 | remaining: 255s    
step 00311 (15.0%) | loss: 3.448228 | lrm: 1.00 | dt: 150ms | tok/sec: 1,745,392 | mfu: 18.5% | epoch: 1 | remaining: 255s    
step 00312 (15.1%) | loss: 3.445785 | lrm: 1.00 | dt: 150ms | tok/sec: 1,745,672 | mfu: 18.5% | epoch: 1 | remaining: 255s    
step 00313 (15.1%) | loss: 3.443786 | lrm: 1.00 | dt: 150ms | tok/sec: 1,744,686 | mfu: 18.5% | epoch: 1 | remaining: 255s    
step 00314 (15.2%) | loss: 3.440173 | lrm: 1.00 | dt: 150ms | tok/sec: 1,745,849 | mfu: 18.5% | epoch: 1 | remaining: 254s    
step 00315 (15.2%) | loss: 3.439534 | lrm: 1.00 | dt: 150ms | tok/sec: 1,745,046 | mfu: 18.5% | epoch: 1 | remaining: 254s    
step 00316 (15.3%) | loss: 3.436292 | lrm: 1.00 | dt: 150ms | tok/sec: 1,745,974 | mfu: 18.5% | epoch: 1 | remaining: 254s    
step 00317 (15.3%) | loss: 3.434963 | lrm: 1.00 | dt: 150ms | tok/sec: 1,745,076 | mfu: 18.5% | epoch: 1 | remaining: 254s    
step 00318 (15.4%) | loss: 3.435461 | lrm: 1.00 | dt: 150ms | tok/sec: 1,745,386 | mfu: 18.5% | epoch: 1 | remaining: 254s    
step 00319 (15.4%) | loss: 3.431976 | lrm: 1.00 | dt: 150ms | tok/sec: 1,745,796 | mfu: 18.5% | epoch: 1 | remaining: 254s    
step 00320 (15.5%) | loss: 3.426936 | lrm: 1.00 | dt: 150ms | tok/sec: 1,746,024 | mfu: 18.5% | epoch: 1 | remaining: 253s    
step 00321 (15.5%) | loss: 3.422588 | lrm: 1.00 | dt: 150ms | tok/sec: 1,745,625 | mfu: 18.5% | epoch: 1 | remaining: 253s    
step 00322 (15.6%) | loss: 3.423721 | lrm: 1.00 | dt: 150ms | tok/sec: 1,745,899 | mfu: 18.5% | epoch: 1 | remaining: 253s    
step 00323 (15.6%) | loss: 3.421307 | lrm: 1.00 | dt: 150ms | tok/sec: 1,744,849 | mfu: 18.5% | epoch: 1 | remaining: 253s    
step 00324 (15.7%) | loss: 3.421145 | lrm: 1.00 | dt: 150ms | tok/sec: 1,745,771 | mfu: 18.5% | epoch: 1 | remaining: 253s    
step 00325 (15.7%) | loss: 3.419671 | lrm: 1.00 | dt: 150ms | tok/sec: 1,745,126 | mfu: 18.5% | epoch: 1 | remaining: 253s    
step 00326 (15.8%) | loss: 3.422530 | lrm: 1.00 | dt: 150ms | tok/sec: 1,745,483 | mfu: 18.5% | epoch: 1 | remaining: 253s    
step 00327 (15.8%) | loss: 3.419616 | lrm: 1.00 | dt: 150ms | tok/sec: 1,745,195 | mfu: 18.5% | epoch: 1 | remaining: 252s    
step 00328 (15.9%) | loss: 3.415877 | lrm: 1.00 | dt: 150ms | tok/sec: 1,745,397 | mfu: 18.5% | epoch: 1 | remaining: 252s    
step 00329 (15.9%) | loss: 3.415679 | lrm: 1.00 | dt: 150ms | tok/sec: 1,745,941 | mfu: 18.5% | epoch: 1 | remaining: 252s    
step 00330 (16.0%) | loss: 3.417382 | lrm: 1.00 | dt: 150ms | tok/sec: 1,745,802 | mfu: 18.5% | epoch: 1 | remaining: 252s    
step 00331 (16.0%) | loss: 3.414081 | lrm: 1.00 | dt: 150ms | tok/sec: 1,745,444 | mfu: 18.5% | epoch: 1 | remaining: 252s    
step 00332 (16.1%) | loss: 3.414394 | lrm: 1.00 | dt: 150ms | tok/sec: 1,746,165 | mfu: 18.5% | epoch: 1 | remaining: 252s    
step 00333 (16.1%) | loss: 3.413559 | lrm: 1.00 | dt: 150ms | tok/sec: 1,744,719 | mfu: 18.5% | epoch: 1 | remaining: 252s    
step 00334 (16.2%) | loss: 3.412440 | lrm: 1.00 | dt: 150ms | tok/sec: 1,746,454 | mfu: 18.5% | epoch: 1 | remaining: 251s    
step 00335 (16.2%) | loss: 3.412395 | lrm: 1.00 | dt: 150ms | tok/sec: 1,745,095 | mfu: 18.5% | epoch: 1 | remaining: 251s    
step 00336 (16.3%) | loss: 3.411196 | lrm: 1.00 | dt: 150ms | tok/sec: 1,745,453 | mfu: 18.5% | epoch: 1 | remaining: 251s    
step 00337 (16.3%) | loss: 3.413199 | lrm: 1.00 | dt: 150ms | tok/sec: 1,745,458 | mfu: 18.5% | epoch: 1 | remaining: 251s    
step 00338 (16.4%) | loss: 3.412849 | lrm: 1.00 | dt: 150ms | tok/sec: 1,745,855 | mfu: 18.5% | epoch: 1 | remaining: 251s    
step 00339 (16.4%) | loss: 3.418573 | lrm: 1.00 | dt: 150ms | tok/sec: 1,746,124 | mfu: 18.5% | epoch: 1 | remaining: 251s    
step 00340 (16.5%) | loss: 3.415501 | lrm: 1.00 | dt: 150ms | tok/sec: 1,745,871 | mfu: 18.5% | epoch: 1 | remaining: 250s    
step 00341 (16.5%) | loss: 3.418460 | lrm: 1.00 | dt: 150ms | tok/sec: 1,745,483 | mfu: 18.5% | epoch: 1 | remaining: 250s    
step 00342 (16.6%) | loss: 3.412646 | lrm: 1.00 | dt: 150ms | tok/sec: 1,745,744 | mfu: 18.5% | epoch: 1 | remaining: 250s    
step 00343 (16.6%) | loss: 3.409005 | lrm: 1.00 | dt: 150ms | tok/sec: 1,745,203 | mfu: 18.5% | epoch: 1 | remaining: 250s    
step 00344 (16.7%) | loss: 3.409547 | lrm: 1.00 | dt: 150ms | tok/sec: 1,745,738 | mfu: 18.5% | epoch: 1 | remaining: 250s    
step 00345 (16.7%) | loss: 3.412239 | lrm: 1.00 | dt: 150ms | tok/sec: 1,745,561 | mfu: 18.5% | epoch: 1 | remaining: 250s    
step 00346 (16.8%) | loss: 3.412166 | lrm: 1.00 | dt: 150ms | tok/sec: 1,745,638 | mfu: 18.5% | epoch: 1 | remaining: 250s    
step 00347 (16.8%) | loss: 3.411497 | lrm: 1.00 | dt: 150ms | tok/sec: 1,745,444 | mfu: 18.5% | epoch: 1 | remaining: 249s    
step 00348 (16.9%) | loss: 3.409249 | lrm: 1.00 | dt: 150ms | tok/sec: 1,745,871 | mfu: 18.5% | epoch: 1 | remaining: 249s    
step 00349 (16.9%) | loss: 3.407191 | lrm: 1.00 | dt: 150ms | tok/sec: 1,745,306 | mfu: 18.5% | epoch: 1 | remaining: 249s    
step 00350 (17.0%) | loss: 3.407623 | lrm: 1.00 | dt: 150ms | tok/sec: 1,745,633 | mfu: 18.5% | epoch: 1 | remaining: 249s    
step 00351 (17.0%) | loss: 3.401360 | lrm: 1.00 | dt: 150ms | tok/sec: 1,745,046 | mfu: 18.5% | epoch: 1 | remaining: 249s    
step 00352 (17.1%) | loss: 3.399729 | lrm: 1.00 | dt: 150ms | tok/sec: 1,745,954 | mfu: 18.5% | epoch: 1 | remaining: 249s    
step 00353 (17.1%) | loss: 3.404845 | lrm: 1.00 | dt: 150ms | tok/sec: 1,745,691 | mfu: 18.5% | epoch: 1 | remaining: 249s    
step 00354 (17.2%) | loss: 3.404073 | lrm: 1.00 | dt: 150ms | tok/sec: 1,744,907 | mfu: 18.5% | epoch: 1 | remaining: 248s    
step 00355 (17.2%) | loss: 3.395250 | lrm: 1.00 | dt: 150ms | tok/sec: 1,745,034 | mfu: 18.5% | epoch: 1 | remaining: 248s    
step 00356 (17.3%) | loss: 3.394834 | lrm: 1.00 | dt: 150ms | tok/sec: 1,744,719 | mfu: 18.5% | epoch: 1 | remaining: 248s    
step 00357 (17.3%) | loss: 3.393794 | lrm: 1.00 | dt: 150ms | tok/sec: 1,745,192 | mfu: 18.5% | epoch: 1 | remaining: 248s    
step 00358 (17.4%) | loss: 3.395720 | lrm: 1.00 | dt: 150ms | tok/sec: 1,744,863 | mfu: 18.5% | epoch: 1 | remaining: 248s    
step 00359 (17.4%) | loss: 3.393989 | lrm: 1.00 | dt: 150ms | tok/sec: 1,744,453 | mfu: 18.5% | epoch: 1 | remaining: 248s    
step 00360 (17.5%) | loss: 3.392151 | lrm: 1.00 | dt: 150ms | tok/sec: 1,744,882 | mfu: 18.5% | epoch: 1 | remaining: 247s    
step 00361 (17.5%) | loss: 3.385311 | lrm: 1.00 | dt: 150ms | tok/sec: 1,742,846 | mfu: 18.5% | epoch: 1 | remaining: 247s    
step 00362 (17.6%) | loss: 3.386116 | lrm: 1.00 | dt: 150ms | tok/sec: 1,745,730 | mfu: 18.5% | epoch: 1 | remaining: 247s    
step 00363 (17.6%) | loss: 3.382855 | lrm: 1.00 | dt: 150ms | tok/sec: 1,745,691 | mfu: 18.5% | epoch: 1 | remaining: 247s    
step 00364 (17.7%) | loss: 3.380533 | lrm: 1.00 | dt: 150ms | tok/sec: 1,745,181 | mfu: 18.5% | epoch: 1 | remaining: 247s    
step 00365 (17.7%) | loss: 3.381915 | lrm: 1.00 | dt: 150ms | tok/sec: 1,745,469 | mfu: 18.5% | epoch: 1 | remaining: 247s    
step 00366 (17.8%) | loss: 3.375940 | lrm: 1.00 | dt: 150ms | tok/sec: 1,745,372 | mfu: 18.5% | epoch: 1 | remaining: 247s    
step 00367 (17.8%) | loss: 3.376765 | lrm: 1.00 | dt: 150ms | tok/sec: 1,744,987 | mfu: 18.5% | epoch: 1 | remaining: 246s    
step 00368 (17.9%) | loss: 3.372052 | lrm: 1.00 | dt: 150ms | tok/sec: 1,745,525 | mfu: 18.5% | epoch: 1 | remaining: 246s    
step 00369 (17.9%) | loss: 3.365911 | lrm: 1.00 | dt: 150ms | tok/sec: 1,745,630 | mfu: 18.5% | epoch: 1 | remaining: 246s    
step 00370 (18.0%) | loss: 3.367452 | lrm: 1.00 | dt: 150ms | tok/sec: 1,744,924 | mfu: 18.5% | epoch: 1 | remaining: 246s    
step 00371 (18.0%) | loss: 3.370828 | lrm: 1.00 | dt: 150ms | tok/sec: 1,745,564 | mfu: 18.5% | epoch: 1 | remaining: 246s    
step 00372 (18.1%) | loss: 3.368902 | lrm: 1.00 | dt: 150ms | tok/sec: 1,745,306 | mfu: 18.5% | epoch: 1 | remaining: 246s    
step 00373 (18.1%) | loss: 3.368057 | lrm: 1.00 | dt: 150ms | tok/sec: 1,745,752 | mfu: 18.5% | epoch: 1 | remaining: 246s    
step 00374 (18.2%) | loss: 3.364976 | lrm: 1.00 | dt: 150ms | tok/sec: 1,745,530 | mfu: 18.5% | epoch: 1 | remaining: 245s    
step 00375 (18.2%) | loss: 3.362579 | lrm: 1.00 | dt: 150ms | tok/sec: 1,745,131 | mfu: 18.5% | epoch: 1 | remaining: 245s    
step 00376 (18.3%) | loss: 3.361409 | lrm: 1.00 | dt: 150ms | tok/sec: 1,745,281 | mfu: 18.5% | epoch: 1 | remaining: 245s    
step 00377 (18.3%) | loss: 3.358468 | lrm: 1.00 | dt: 150ms | tok/sec: 1,745,118 | mfu: 18.5% | epoch: 1 | remaining: 245s    
step 00378 (18.4%) | loss: 3.360691 | lrm: 1.00 | dt: 150ms | tok/sec: 1,745,422 | mfu: 18.5% | epoch: 1 | remaining: 245s    
step 00379 (18.4%) | loss: 3.367071 | lrm: 1.00 | dt: 150ms | tok/sec: 1,745,503 | mfu: 18.5% | epoch: 1 | remaining: 245s    
step 00380 (18.5%) | loss: 3.366075 | lrm: 1.00 | dt: 150ms | tok/sec: 1,746,395 | mfu: 18.5% | epoch: 1 | remaining: 244s    
step 00381 (18.5%) | loss: 3.368574 | lrm: 1.00 | dt: 150ms | tok/sec: 1,745,483 | mfu: 18.5% | epoch: 1 | remaining: 244s    
step 00382 (18.6%) | loss: 3.369124 | lrm: 1.00 | dt: 150ms | tok/sec: 1,745,178 | mfu: 18.5% | epoch: 1 | remaining: 244s    
step 00383 (18.6%) | loss: 3.370383 | lrm: 1.00 | dt: 150ms | tok/sec: 1,743,922 | mfu: 18.5% | epoch: 1 | remaining: 244s    
step 00384 (18.7%) | loss: 3.371594 | lrm: 1.00 | dt: 150ms | tok/sec: 1,745,403 | mfu: 18.5% | epoch: 1 | remaining: 244s    
step 00385 (18.7%) | loss: 3.371646 | lrm: 1.00 | dt: 150ms | tok/sec: 1,745,533 | mfu: 18.5% | epoch: 1 | remaining: 244s    
step 00386 (18.8%) | loss: 3.366611 | lrm: 1.00 | dt: 150ms | tok/sec: 1,744,669 | mfu: 18.5% | epoch: 1 | remaining: 244s    
step 00387 (18.8%) | loss: 3.366890 | lrm: 1.00 | dt: 150ms | tok/sec: 1,745,372 | mfu: 18.5% | epoch: 1 | remaining: 243s    
step 00388 (18.9%) | loss: 3.362926 | lrm: 1.00 | dt: 150ms | tok/sec: 1,745,098 | mfu: 18.5% | epoch: 1 | remaining: 243s    
step 00389 (18.9%) | loss: 3.358199 | lrm: 1.00 | dt: 150ms | tok/sec: 1,745,287 | mfu: 18.5% | epoch: 1 | remaining: 243s    
step 00390 (19.0%) | loss: 3.360423 | lrm: 1.00 | dt: 150ms | tok/sec: 1,745,699 | mfu: 18.5% | epoch: 1 | remaining: 243s    
step 00391 (19.0%) | loss: 3.361237 | lrm: 1.00 | dt: 150ms | tok/sec: 1,745,292 | mfu: 18.5% | epoch: 1 | remaining: 243s    
step 00392 (19.1%) | loss: 3.359039 | lrm: 1.00 | dt: 150ms | tok/sec: 1,745,073 | mfu: 18.5% | epoch: 1 | remaining: 243s    
step 00393 (19.1%) | loss: 3.360806 | lrm: 1.00 | dt: 150ms | tok/sec: 1,745,292 | mfu: 18.5% | epoch: 1 | remaining: 243s    
step 00394 (19.2%) | loss: 3.360964 | lrm: 1.00 | dt: 150ms | tok/sec: 1,745,079 | mfu: 18.5% | epoch: 1 | remaining: 242s    
step 00395 (19.2%) | loss: 3.361249 | lrm: 1.00 | dt: 150ms | tok/sec: 1,744,273 | mfu: 18.5% | epoch: 1 | remaining: 242s    
step 00396 (19.3%) | loss: 3.363670 | lrm: 1.00 | dt: 150ms | tok/sec: 1,744,265 | mfu: 18.5% | epoch: 1 | remaining: 242s    
step 00397 (19.3%) | loss: 3.354934 | lrm: 1.00 | dt: 150ms | tok/sec: 1,744,481 | mfu: 18.5% | epoch: 1 | remaining: 242s    
step 00398 (19.4%) | loss: 3.351741 | lrm: 1.00 | dt: 150ms | tok/sec: 1,745,968 | mfu: 18.5% | epoch: 1 | remaining: 242s    
step 00399 (19.4%) | loss: 3.349863 | lrm: 1.00 | dt: 150ms | tok/sec: 1,745,032 | mfu: 18.5% | epoch: 1 | remaining: 242s    
step 00400 (19.5%) | loss: 3.347547 | lrm: 1.00 | dt: 150ms | tok/sec: 1,745,866 | mfu: 18.5% | epoch: 1 | remaining: 241s    
step 00401 (19.5%) | loss: 3.347119 | lrm: 1.00 | dt: 150ms | tok/sec: 1,744,497 | mfu: 18.5% | epoch: 1 | remaining: 241s    
step 00402 (19.6%) | loss: 3.350448 | lrm: 1.00 | dt: 150ms | tok/sec: 1,745,278 | mfu: 18.5% | epoch: 1 | remaining: 241s    
step 00403 (19.6%) | loss: 3.351276 | lrm: 1.00 | dt: 150ms | tok/sec: 1,745,453 | mfu: 18.5% | epoch: 1 | remaining: 241s    
step 00404 (19.7%) | loss: 3.351214 | lrm: 1.00 | dt: 150ms | tok/sec: 1,744,583 | mfu: 18.5% | epoch: 1 | remaining: 241s    
step 00405 (19.7%) | loss: 3.352909 | lrm: 1.00 | dt: 150ms | tok/sec: 1,744,818 | mfu: 18.5% | epoch: 1 | remaining: 241s    
step 00406 (19.8%) | loss: 3.351531 | lrm: 1.00 | dt: 150ms | tok/sec: 1,745,032 | mfu: 18.5% | epoch: 1 | remaining: 241s    
step 00407 (19.8%) | loss: 3.350666 | lrm: 1.00 | dt: 150ms | tok/sec: 1,745,428 | mfu: 18.5% | epoch: 1 | remaining: 240s    
step 00408 (19.9%) | loss: 3.349563 | lrm: 1.00 | dt: 150ms | tok/sec: 1,744,472 | mfu: 18.5% | epoch: 1 | remaining: 240s    
step 00409 (19.9%) | loss: 3.346590 | lrm: 1.00 | dt: 150ms | tok/sec: 1,745,048 | mfu: 18.5% | epoch: 1 | remaining: 240s    
step 00410 (20.0%) | loss: 3.345878 | lrm: 1.00 | dt: 150ms | tok/sec: 1,745,314 | mfu: 18.5% | epoch: 1 | remaining: 240s    
step 00411 (20.0%) | loss: 3.336923 | lrm: 1.00 | dt: 150ms | tok/sec: 1,743,236 | mfu: 18.5% | epoch: 1 | remaining: 240s    
step 00412 (20.1%) | loss: 3.338255 | lrm: 1.00 | dt: 150ms | tok/sec: 1,744,591 | mfu: 18.5% | epoch: 1 | remaining: 240s    
step 00413 (20.1%) | loss: 3.337510 | lrm: 1.00 | dt: 150ms | tok/sec: 1,745,118 | mfu: 18.5% | epoch: 1 | remaining: 240s    
step 00414 (20.2%) | loss: 3.336965 | lrm: 1.00 | dt: 150ms | tok/sec: 1,745,436 | mfu: 18.5% | epoch: 1 | remaining: 239s    
step 00415 (20.2%) | loss: 3.336614 | lrm: 1.00 | dt: 150ms | tok/sec: 1,745,217 | mfu: 18.5% | epoch: 1 | remaining: 239s    
step 00416 (20.3%) | loss: 3.335580 | lrm: 1.00 | dt: 150ms | tok/sec: 1,745,877 | mfu: 18.5% | epoch: 1 | remaining: 239s    
step 00417 (20.3%) | loss: 3.336258 | lrm: 1.00 | dt: 150ms | tok/sec: 1,745,162 | mfu: 18.5% | epoch: 1 | remaining: 239s    
step 00418 (20.4%) | loss: 3.336390 | lrm: 1.00 | dt: 150ms | tok/sec: 1,745,583 | mfu: 18.5% | epoch: 1 | remaining: 239s    
step 00419 (20.4%) | loss: 3.334832 | lrm: 1.00 | dt: 150ms | tok/sec: 1,745,370 | mfu: 18.5% | epoch: 1 | remaining: 239s    
step 00420 (20.5%) | loss: 3.336009 | lrm: 1.00 | dt: 150ms | tok/sec: 1,746,057 | mfu: 18.5% | epoch: 1 | remaining: 238s    
step 00421 (20.5%) | loss: 3.331374 | lrm: 1.00 | dt: 150ms | tok/sec: 1,744,287 | mfu: 18.5% | epoch: 1 | remaining: 238s    
step 00422 (20.6%) | loss: 3.331157 | lrm: 1.00 | dt: 150ms | tok/sec: 1,745,505 | mfu: 18.5% | epoch: 1 | remaining: 238s    
step 00423 (20.6%) | loss: 3.337172 | lrm: 1.00 | dt: 150ms | tok/sec: 1,744,827 | mfu: 18.5% | epoch: 1 | remaining: 238s    
step 00424 (20.7%) | loss: 3.339706 | lrm: 1.00 | dt: 150ms | tok/sec: 1,744,816 | mfu: 18.5% | epoch: 1 | remaining: 238s    
step 00425 (20.7%) | loss: 3.334700 | lrm: 1.00 | dt: 150ms | tok/sec: 1,745,046 | mfu: 18.5% | epoch: 1 | remaining: 238s    
step 00426 (20.8%) | loss: 3.333986 | lrm: 1.00 | dt: 150ms | tok/sec: 1,743,994 | mfu: 18.5% | epoch: 1 | remaining: 238s    
step 00427 (20.8%) | loss: 3.329876 | lrm: 1.00 | dt: 150ms | tok/sec: 1,745,433 | mfu: 18.5% | epoch: 1 | remaining: 237s    
step 00428 (20.9%) | loss: 3.326524 | lrm: 1.00 | dt: 150ms | tok/sec: 1,745,095 | mfu: 18.5% | epoch: 1 | remaining: 237s    
step 00429 (20.9%) | loss: 3.324570 | lrm: 1.00 | dt: 150ms | tok/sec: 1,745,062 | mfu: 18.5% | epoch: 1 | remaining: 237s    
step 00430 (21.0%) | loss: 3.327146 | lrm: 1.00 | dt: 150ms | tok/sec: 1,744,636 | mfu: 18.5% | epoch: 1 | remaining: 237s    
step 00431 (21.0%) | loss: 3.325327 | lrm: 1.00 | dt: 150ms | tok/sec: 1,745,167 | mfu: 18.5% | epoch: 1 | remaining: 237s    
step 00432 (21.1%) | loss: 3.321209 | lrm: 1.00 | dt: 150ms | tok/sec: 1,744,979 | mfu: 18.5% | epoch: 1 | remaining: 237s    
step 00433 (21.1%) | loss: 3.323858 | lrm: 1.00 | dt: 150ms | tok/sec: 1,745,106 | mfu: 18.5% | epoch: 1 | remaining: 237s    
step 00434 (21.2%) | loss: 3.327491 | lrm: 1.00 | dt: 150ms | tok/sec: 1,745,046 | mfu: 18.5% | epoch: 1 | remaining: 236s    
step 00435 (21.2%) | loss: 3.329496 | lrm: 1.00 | dt: 150ms | tok/sec: 1,745,425 | mfu: 18.5% | epoch: 1 | remaining: 236s    
step 00436 (21.3%) | loss: 3.328367 | lrm: 1.00 | dt: 150ms | tok/sec: 1,744,174 | mfu: 18.5% | epoch: 1 | remaining: 236s    
step 00437 (21.3%) | loss: 3.328039 | lrm: 1.00 | dt: 150ms | tok/sec: 1,745,511 | mfu: 18.5% | epoch: 1 | remaining: 236s    
step 00438 (21.4%) | loss: 3.328559 | lrm: 1.00 | dt: 150ms | tok/sec: 1,745,068 | mfu: 18.5% | epoch: 1 | remaining: 236s    
step 00439 (21.4%) | loss: 3.329202 | lrm: 1.00 | dt: 150ms | tok/sec: 1,745,237 | mfu: 18.5% | epoch: 1 | remaining: 236s    
step 00440 (21.5%) | loss: 3.329666 | lrm: 1.00 | dt: 150ms | tok/sec: 1,744,924 | mfu: 18.5% | epoch: 1 | remaining: 235s    
step 00441 (21.5%) | loss: 3.332577 | lrm: 1.00 | dt: 150ms | tok/sec: 1,744,572 | mfu: 18.5% | epoch: 1 | remaining: 235s    
step 00442 (21.6%) | loss: 3.333292 | lrm: 1.00 | dt: 150ms | tok/sec: 1,744,846 | mfu: 18.5% | epoch: 1 | remaining: 235s    
step 00443 (21.6%) | loss: 3.335905 | lrm: 1.00 | dt: 150ms | tok/sec: 1,744,472 | mfu: 18.5% | epoch: 1 | remaining: 235s    
step 00444 (21.7%) | loss: 3.325516 | lrm: 1.00 | dt: 150ms | tok/sec: 1,744,605 | mfu: 18.5% | epoch: 1 | remaining: 235s    
step 00445 (21.7%) | loss: 3.323450 | lrm: 1.00 | dt: 150ms | tok/sec: 1,745,489 | mfu: 18.5% | epoch: 1 | remaining: 235s    
step 00446 (21.8%) | loss: 3.321872 | lrm: 1.00 | dt: 150ms | tok/sec: 1,744,940 | mfu: 18.5% | epoch: 1 | remaining: 235s    
step 00447 (21.8%) | loss: 3.325169 | lrm: 1.00 | dt: 150ms | tok/sec: 1,745,808 | mfu: 18.5% | epoch: 1 | remaining: 234s    
step 00448 (21.9%) | loss: 3.324858 | lrm: 1.00 | dt: 150ms | tok/sec: 1,744,771 | mfu: 18.5% | epoch: 1 | remaining: 234s    
step 00449 (21.9%) | loss: 3.325549 | lrm: 1.00 | dt: 150ms | tok/sec: 1,745,289 | mfu: 18.5% | epoch: 1 | remaining: 234s    
step 00450 (22.0%) | loss: 3.326670 | lrm: 1.00 | dt: 150ms | tok/sec: 1,744,320 | mfu: 18.5% | epoch: 1 | remaining: 234s    
step 00451 (22.0%) | loss: 3.328363 | lrm: 1.00 | dt: 150ms | tok/sec: 1,745,425 | mfu: 18.5% | epoch: 1 | remaining: 234s    
step 00452 (22.1%) | loss: 3.331882 | lrm: 1.00 | dt: 150ms | tok/sec: 1,745,082 | mfu: 18.5% | epoch: 1 | remaining: 234s    
step 00453 (22.1%) | loss: 3.334934 | lrm: 1.00 | dt: 150ms | tok/sec: 1,745,339 | mfu: 18.5% | epoch: 1 | remaining: 234s    
step 00454 (22.2%) | loss: 3.331800 | lrm: 1.00 | dt: 150ms | tok/sec: 1,744,578 | mfu: 18.5% | epoch: 1 | remaining: 233s    
step 00455 (22.2%) | loss: 3.332181 | lrm: 1.00 | dt: 150ms | tok/sec: 1,744,392 | mfu: 18.5% | epoch: 1 | remaining: 233s    
step 00456 (22.3%) | loss: 3.334681 | lrm: 1.00 | dt: 150ms | tok/sec: 1,744,899 | mfu: 18.5% | epoch: 1 | remaining: 233s    
step 00457 (22.3%) | loss: 3.333435 | lrm: 1.00 | dt: 150ms | tok/sec: 1,745,203 | mfu: 18.5% | epoch: 1 | remaining: 233s    
step 00458 (22.4%) | loss: 3.333473 | lrm: 1.00 | dt: 150ms | tok/sec: 1,744,974 | mfu: 18.5% | epoch: 1 | remaining: 233s    
step 00459 (22.4%) | loss: 3.332217 | lrm: 1.00 | dt: 150ms | tok/sec: 1,745,212 | mfu: 18.5% | epoch: 1 | remaining: 233s    
step 00460 (22.5%) | loss: 3.332158 | lrm: 1.00 | dt: 150ms | tok/sec: 1,744,940 | mfu: 18.5% | epoch: 1 | remaining: 232s    
step 00461 (22.5%) | loss: 3.334052 | lrm: 1.00 | dt: 150ms | tok/sec: 1,744,832 | mfu: 18.5% | epoch: 1 | remaining: 232s    
step 00462 (22.6%) | loss: 3.335991 | lrm: 1.00 | dt: 150ms | tok/sec: 1,745,566 | mfu: 18.5% | epoch: 1 | remaining: 232s    
step 00463 (22.6%) | loss: 3.336974 | lrm: 1.00 | dt: 150ms | tok/sec: 1,744,874 | mfu: 18.5% | epoch: 1 | remaining: 232s    
step 00464 (22.7%) | loss: 3.331414 | lrm: 1.00 | dt: 150ms | tok/sec: 1,744,578 | mfu: 18.5% | epoch: 1 | remaining: 232s    
step 00465 (22.7%) | loss: 3.328947 | lrm: 1.00 | dt: 150ms | tok/sec: 1,745,306 | mfu: 18.5% | epoch: 1 | remaining: 232s    
step 00466 (22.8%) | loss: 3.327460 | lrm: 1.00 | dt: 150ms | tok/sec: 1,744,185 | mfu: 18.5% | epoch: 1 | remaining: 232s    
step 00467 (22.8%) | loss: 3.325034 | lrm: 1.00 | dt: 150ms | tok/sec: 1,745,311 | mfu: 18.5% | epoch: 1 | remaining: 231s    
step 00468 (22.9%) | loss: 3.329856 | lrm: 1.00 | dt: 150ms | tok/sec: 1,744,434 | mfu: 18.5% | epoch: 1 | remaining: 231s    
step 00469 (22.9%) | loss: 3.327939 | lrm: 1.00 | dt: 150ms | tok/sec: 1,745,273 | mfu: 18.5% | epoch: 1 | remaining: 231s    
step 00470 (23.0%) | loss: 3.327477 | lrm: 1.00 | dt: 150ms | tok/sec: 1,745,054 | mfu: 18.5% | epoch: 1 | remaining: 231s    
step 00471 (23.0%) | loss: 3.325249 | lrm: 1.00 | dt: 150ms | tok/sec: 1,743,338 | mfu: 18.5% | epoch: 1 | remaining: 231s    
step 00472 (23.1%) | loss: 3.322844 | lrm: 1.00 | dt: 150ms | tok/sec: 1,744,982 | mfu: 18.5% | epoch: 1 | remaining: 231s    
step 00473 (23.1%) | loss: 3.320584 | lrm: 1.00 | dt: 150ms | tok/sec: 1,744,572 | mfu: 18.5% | epoch: 1 | remaining: 230s    
step 00474 (23.2%) | loss: 3.325922 | lrm: 1.00 | dt: 150ms | tok/sec: 1,744,960 | mfu: 18.5% | epoch: 1 | remaining: 230s    
step 00475 (23.2%) | loss: 3.320548 | lrm: 1.00 | dt: 150ms | tok/sec: 1,744,896 | mfu: 18.5% | epoch: 1 | remaining: 230s    
step 00476 (23.3%) | loss: 3.321888 | lrm: 1.00 | dt: 150ms | tok/sec: 1,745,650 | mfu: 18.5% | epoch: 1 | remaining: 230s    
step 00477 (23.3%) | loss: 3.323837 | lrm: 1.00 | dt: 150ms | tok/sec: 1,744,121 | mfu: 18.5% | epoch: 1 | remaining: 230s    
step 00478 (23.4%) | loss: 3.327106 | lrm: 1.00 | dt: 150ms | tok/sec: 1,745,372 | mfu: 18.5% | epoch: 1 | remaining: 230s    
step 00479 (23.4%) | loss: 3.323925 | lrm: 1.00 | dt: 150ms | tok/sec: 1,744,744 | mfu: 18.5% | epoch: 1 | remaining: 230s    
step 00480 (23.5%) | loss: 3.319595 | lrm: 1.00 | dt: 150ms | tok/sec: 1,745,190 | mfu: 18.5% | epoch: 1 | remaining: 229s    
step 00481 (23.5%) | loss: 3.315321 | lrm: 1.00 | dt: 150ms | tok/sec: 1,744,962 | mfu: 18.5% | epoch: 1 | remaining: 229s    
step 00482 (23.6%) | loss: 3.308084 | lrm: 1.00 | dt: 150ms | tok/sec: 1,744,683 | mfu: 18.5% | epoch: 1 | remaining: 229s    
step 00483 (23.6%) | loss: 3.308719 | lrm: 1.00 | dt: 150ms | tok/sec: 1,745,248 | mfu: 18.5% | epoch: 1 | remaining: 229s    
step 00484 (23.7%) | loss: 3.306574 | lrm: 1.00 | dt: 150ms | tok/sec: 1,744,788 | mfu: 18.5% | epoch: 1 | remaining: 229s    
step 00485 (23.7%) | loss: 3.308944 | lrm: 1.00 | dt: 150ms | tok/sec: 1,744,580 | mfu: 18.5% | epoch: 1 | remaining: 229s    
step 00486 (23.8%) | loss: 3.311903 | lrm: 1.00 | dt: 150ms | tok/sec: 1,744,841 | mfu: 18.5% | epoch: 1 | remaining: 229s    
step 00487 (23.8%) | loss: 3.312024 | lrm: 1.00 | dt: 150ms | tok/sec: 1,744,356 | mfu: 18.5% | epoch: 1 | remaining: 228s    
step 00488 (23.9%) | loss: 3.315100 | lrm: 1.00 | dt: 150ms | tok/sec: 1,744,835 | mfu: 18.5% | epoch: 1 | remaining: 228s    
step 00489 (23.9%) | loss: 3.314562 | lrm: 1.00 | dt: 150ms | tok/sec: 1,745,273 | mfu: 18.5% | epoch: 1 | remaining: 228s    
step 00490 (24.0%) | loss: 3.316521 | lrm: 1.00 | dt: 150ms | tok/sec: 1,744,636 | mfu: 18.5% | epoch: 1 | remaining: 228s    
step 00491 (24.0%) | loss: 3.309510 | lrm: 1.00 | dt: 150ms | tok/sec: 1,744,758 | mfu: 18.5% | epoch: 1 | remaining: 228s    
step 00492 (24.1%) | loss: 3.306551 | lrm: 1.00 | dt: 150ms | tok/sec: 1,744,965 | mfu: 18.5% | epoch: 1 | remaining: 228s    
step 00493 (24.1%) | loss: 3.303036 | lrm: 1.00 | dt: 150ms | tok/sec: 1,744,688 | mfu: 18.5% | epoch: 1 | remaining: 227s    
step 00494 (24.2%) | loss: 3.306409 | lrm: 1.00 | dt: 150ms | tok/sec: 1,744,608 | mfu: 18.5% | epoch: 1 | remaining: 227s    
step 00495 (24.2%) | loss: 3.298411 | lrm: 1.00 | dt: 150ms | tok/sec: 1,744,232 | mfu: 18.5% | epoch: 1 | remaining: 227s    
step 00496 (24.3%) | loss: 3.297737 | lrm: 1.00 | dt: 150ms | tok/sec: 1,744,982 | mfu: 18.5% | epoch: 1 | remaining: 227s    
step 00497 (24.3%) | loss: 3.299561 | lrm: 1.00 | dt: 150ms | tok/sec: 1,744,079 | mfu: 18.5% | epoch: 1 | remaining: 227s    
step 00498 (24.4%) | loss: 3.302636 | lrm: 1.00 | dt: 150ms | tok/sec: 1,745,420 | mfu: 18.5% | epoch: 1 | remaining: 227s    
step 00499 (24.4%) | loss: 3.303906 | lrm: 1.00 | dt: 150ms | tok/sec: 1,744,661 | mfu: 18.5% | epoch: 1 | remaining: 227s    
step 00500 (24.5%) | loss: 3.298573 | lrm: 1.00 | dt: 150ms | tok/sec: 1,745,112 | mfu: 18.5% | epoch: 1 | remaining: 226s    
step 00501 (24.5%) | loss: 3.299995 | lrm: 1.00 | dt: 150ms | tok/sec: 1,744,348 | mfu: 18.5% | epoch: 1 | remaining: 226s    
step 00502 (24.6%) | loss: 3.298729 | lrm: 1.00 | dt: 150ms | tok/sec: 1,746,032 | mfu: 18.5% | epoch: 1 | remaining: 226s    
step 00503 (24.6%) | loss: 3.302132 | lrm: 1.00 | dt: 150ms | tok/sec: 1,744,279 | mfu: 18.5% | epoch: 1 | remaining: 226s    
step 00504 (24.7%) | loss: 3.301540 | lrm: 1.00 | dt: 150ms | tok/sec: 1,745,694 | mfu: 18.5% | epoch: 1 | remaining: 226s    
step 00505 (24.7%) | loss: 3.304408 | lrm: 1.00 | dt: 150ms | tok/sec: 1,744,514 | mfu: 18.5% | epoch: 1 | remaining: 226s    
step 00506 (24.8%) | loss: 3.303826 | lrm: 1.00 | dt: 150ms | tok/sec: 1,745,505 | mfu: 18.5% | epoch: 1 | remaining: 226s    
step 00507 (24.8%) | loss: 3.307914 | lrm: 1.00 | dt: 150ms | tok/sec: 1,744,196 | mfu: 18.5% | epoch: 1 | remaining: 225s    
step 00508 (24.9%) | loss: 3.298437 | lrm: 1.00 | dt: 150ms | tok/sec: 1,744,699 | mfu: 18.5% | epoch: 1 | remaining: 225s    
step 00509 (24.9%) | loss: 3.303611 | lrm: 1.00 | dt: 150ms | tok/sec: 1,744,298 | mfu: 18.5% | epoch: 1 | remaining: 225s    
step 00510 (25.0%) | loss: 3.299714 | lrm: 1.00 | dt: 150ms | tok/sec: 1,745,267 | mfu: 18.5% | epoch: 1 | remaining: 225s    
step 00511 (25.0%) | loss: 3.300784 | lrm: 1.00 | dt: 150ms | tok/sec: 1,745,741 | mfu: 18.5% | epoch: 1 | remaining: 225s    
step 00512 (25.1%) | loss: 3.299883 | lrm: 1.00 | dt: 150ms | tok/sec: 1,744,843 | mfu: 18.5% | epoch: 1 | remaining: 225s    
step 00513 (25.1%) | loss: 3.297145 | lrm: 1.00 | dt: 150ms | tok/sec: 1,745,325 | mfu: 18.5% | epoch: 1 | remaining: 224s    
step 00514 (25.2%) | loss: 3.294391 | lrm: 1.00 | dt: 150ms | tok/sec: 1,744,481 | mfu: 18.5% | epoch: 1 | remaining: 224s    
step 00515 (25.2%) | loss: 3.297801 | lrm: 1.00 | dt: 150ms | tok/sec: 1,744,777 | mfu: 18.5% | epoch: 1 | remaining: 224s    
step 00516 (25.3%) | loss: 3.297593 | lrm: 1.00 | dt: 150ms | tok/sec: 1,745,428 | mfu: 18.5% | epoch: 1 | remaining: 224s    
step 00517 (25.3%) | loss: 3.292898 | lrm: 1.00 | dt: 150ms | tok/sec: 1,745,190 | mfu: 18.5% | epoch: 1 | remaining: 224s    
step 00518 (25.4%) | loss: 3.295135 | lrm: 1.00 | dt: 150ms | tok/sec: 1,745,057 | mfu: 18.5% | epoch: 1 | remaining: 224s    
step 00519 (25.4%) | loss: 3.296122 | lrm: 1.00 | dt: 150ms | tok/sec: 1,745,234 | mfu: 18.5% | epoch: 1 | remaining: 224s    
step 00520 (25.5%) | loss: 3.296697 | lrm: 1.00 | dt: 150ms | tok/sec: 1,744,423 | mfu: 18.5% | epoch: 1 | remaining: 223s    
step 00521 (25.5%) | loss: 3.296221 | lrm: 1.00 | dt: 150ms | tok/sec: 1,745,026 | mfu: 18.5% | epoch: 1 | remaining: 223s    
step 00522 (25.6%) | loss: 3.295273 | lrm: 1.00 | dt: 150ms | tok/sec: 1,745,251 | mfu: 18.5% | epoch: 1 | remaining: 223s    
step 00523 (25.6%) | loss: 3.293751 | lrm: 1.00 | dt: 150ms | tok/sec: 1,744,146 | mfu: 18.5% | epoch: 1 | remaining: 223s    
step 00524 (25.7%) | loss: 3.296383 | lrm: 1.00 | dt: 150ms | tok/sec: 1,745,220 | mfu: 18.5% | epoch: 1 | remaining: 223s    
step 00525 (25.7%) | loss: 3.297542 | lrm: 1.00 | dt: 150ms | tok/sec: 1,744,146 | mfu: 18.5% | epoch: 1 | remaining: 223s    
step 00526 (25.8%) | loss: 3.294483 | lrm: 1.00 | dt: 150ms | tok/sec: 1,744,306 | mfu: 18.5% | epoch: 1 | remaining: 223s    
step 00527 (25.8%) | loss: 3.294377 | lrm: 1.00 | dt: 150ms | tok/sec: 1,744,713 | mfu: 18.5% | epoch: 1 | remaining: 222s    
step 00528 (25.9%) | loss: 3.291845 | lrm: 1.00 | dt: 150ms | tok/sec: 1,744,398 | mfu: 18.5% | epoch: 1 | remaining: 222s    
step 00529 (25.9%) | loss: 3.293224 | lrm: 1.00 | dt: 150ms | tok/sec: 1,745,533 | mfu: 18.5% | epoch: 1 | remaining: 222s    
step 00530 (26.0%) | loss: 3.291565 | lrm: 1.00 | dt: 150ms | tok/sec: 1,743,211 | mfu: 18.5% | epoch: 1 | remaining: 222s    
step 00531 (26.0%) | loss: 3.291367 | lrm: 1.00 | dt: 150ms | tok/sec: 1,745,018 | mfu: 18.5% | epoch: 1 | remaining: 222s    
step 00532 (26.1%) | loss: 3.291438 | lrm: 1.00 | dt: 150ms | tok/sec: 1,744,924 | mfu: 18.5% | epoch: 1 | remaining: 222s    
step 00533 (26.1%) | loss: 3.287940 | lrm: 1.00 | dt: 150ms | tok/sec: 1,744,677 | mfu: 18.5% | epoch: 1 | remaining: 221s    
step 00534 (26.2%) | loss: 3.286296 | lrm: 1.00 | dt: 150ms | tok/sec: 1,744,564 | mfu: 18.5% | epoch: 1 | remaining: 221s    
step 00535 (26.2%) | loss: 3.284905 | lrm: 1.00 | dt: 150ms | tok/sec: 1,744,157 | mfu: 18.5% | epoch: 1 | remaining: 221s    
step 00536 (26.3%) | loss: 3.280735 | lrm: 1.00 | dt: 150ms | tok/sec: 1,744,229 | mfu: 18.5% | epoch: 1 | remaining: 221s    
step 00537 (26.3%) | loss: 3.282004 | lrm: 1.00 | dt: 150ms | tok/sec: 1,744,805 | mfu: 18.5% | epoch: 1 | remaining: 221s    
step 00538 (26.4%) | loss: 3.285079 | lrm: 1.00 | dt: 150ms | tok/sec: 1,744,594 | mfu: 18.5% | epoch: 1 | remaining: 221s    
step 00539 (26.4%) | loss: 3.282676 | lrm: 1.00 | dt: 150ms | tok/sec: 1,745,181 | mfu: 18.5% | epoch: 1 | remaining: 221s    
step 00540 (26.5%) | loss: 3.284084 | lrm: 1.00 | dt: 150ms | tok/sec: 1,745,098 | mfu: 18.5% | epoch: 1 | remaining: 220s    
step 00541 (26.5%) | loss: 3.285711 | lrm: 1.00 | dt: 150ms | tok/sec: 1,744,478 | mfu: 18.5% | epoch: 1 | remaining: 220s    
step 00542 (26.6%) | loss: 3.283121 | lrm: 1.00 | dt: 150ms | tok/sec: 1,744,788 | mfu: 18.5% | epoch: 1 | remaining: 220s    
step 00543 (26.6%) | loss: 3.284878 | lrm: 1.00 | dt: 150ms | tok/sec: 1,744,738 | mfu: 18.5% | epoch: 1 | remaining: 220s    
step 00544 (26.7%) | loss: 3.286965 | lrm: 1.00 | dt: 150ms | tok/sec: 1,744,171 | mfu: 18.5% | epoch: 1 | remaining: 220s    
step 00545 (26.7%) | loss: 3.288845 | lrm: 1.00 | dt: 150ms | tok/sec: 1,744,412 | mfu: 18.5% | epoch: 1 | remaining: 220s    
step 00546 (26.8%) | loss: 3.288460 | lrm: 1.00 | dt: 150ms | tok/sec: 1,745,046 | mfu: 18.5% | epoch: 1 | remaining: 220s    
step 00547 (26.8%) | loss: 3.285584 | lrm: 1.00 | dt: 150ms | tok/sec: 1,744,669 | mfu: 18.5% | epoch: 1 | remaining: 219s    
step 00548 (26.9%) | loss: 3.285295 | lrm: 1.00 | dt: 150ms | tok/sec: 1,744,758 | mfu: 18.5% | epoch: 1 | remaining: 219s    
step 00549 (26.9%) | loss: 3.284467 | lrm: 1.00 | dt: 150ms | tok/sec: 1,745,015 | mfu: 18.5% | epoch: 1 | remaining: 219s    
step 00550 (27.0%) | loss: 3.285939 | lrm: 1.00 | dt: 150ms | tok/sec: 1,745,320 | mfu: 18.5% | epoch: 1 | remaining: 219s    
step 00551 (27.0%) | loss: 3.282457 | lrm: 1.00 | dt: 150ms | tok/sec: 1,745,043 | mfu: 18.5% | epoch: 1 | remaining: 219s    
step 00552 (27.1%) | loss: 3.282111 | lrm: 1.00 | dt: 150ms | tok/sec: 1,743,612 | mfu: 18.5% | epoch: 1 | remaining: 219s    
step 00553 (27.1%) | loss: 3.288031 | lrm: 1.00 | dt: 150ms | tok/sec: 1,745,098 | mfu: 18.5% | epoch: 1 | remaining: 218s    
step 00554 (27.2%) | loss: 3.286045 | lrm: 1.00 | dt: 150ms | tok/sec: 1,744,680 | mfu: 18.5% | epoch: 1 | remaining: 218s    
step 00555 (27.2%) | loss: 3.284979 | lrm: 1.00 | dt: 150ms | tok/sec: 1,745,034 | mfu: 18.5% | epoch: 1 | remaining: 218s    
step 00556 (27.3%) | loss: 3.287869 | lrm: 1.00 | dt: 150ms | tok/sec: 1,744,240 | mfu: 18.5% | epoch: 1 | remaining: 218s    
step 00557 (27.3%) | loss: 3.285572 | lrm: 1.00 | dt: 150ms | tok/sec: 1,745,115 | mfu: 18.5% | epoch: 1 | remaining: 218s    
step 00558 (27.4%) | loss: 3.286111 | lrm: 1.00 | dt: 150ms | tok/sec: 1,745,808 | mfu: 18.5% | epoch: 1 | remaining: 218s    
step 00559 (27.4%) | loss: 3.287535 | lrm: 1.00 | dt: 150ms | tok/sec: 1,744,807 | mfu: 18.5% | epoch: 1 | remaining: 218s    
step 00560 (27.5%) | loss: 3.286221 | lrm: 1.00 | dt: 150ms | tok/sec: 1,745,201 | mfu: 18.5% | epoch: 1 | remaining: 217s    
step 00561 (27.5%) | loss: 3.285821 | lrm: 1.00 | dt: 150ms | tok/sec: 1,745,214 | mfu: 18.5% | epoch: 1 | remaining: 217s    
step 00562 (27.6%) | loss: 3.287678 | lrm: 1.00 | dt: 150ms | tok/sec: 1,745,212 | mfu: 18.5% | epoch: 1 | remaining: 217s    
step 00563 (27.6%) | loss: 3.289114 | lrm: 1.00 | dt: 150ms | tok/sec: 1,744,547 | mfu: 18.5% | epoch: 1 | remaining: 217s    
step 00564 (27.7%) | loss: 3.293250 | lrm: 1.00 | dt: 150ms | tok/sec: 1,744,885 | mfu: 18.5% | epoch: 1 | remaining: 217s    
step 00565 (27.7%) | loss: 3.291724 | lrm: 1.00 | dt: 150ms | tok/sec: 1,744,782 | mfu: 18.5% | epoch: 1 | remaining: 217s    
step 00566 (27.8%) | loss: 3.289565 | lrm: 1.00 | dt: 150ms | tok/sec: 1,744,351 | mfu: 18.5% | epoch: 1 | remaining: 217s    
step 00567 (27.8%) | loss: 3.290740 | lrm: 1.00 | dt: 150ms | tok/sec: 1,744,877 | mfu: 18.5% | epoch: 1 | remaining: 216s    
step 00568 (27.9%) | loss: 3.291405 | lrm: 1.00 | dt: 150ms | tok/sec: 1,744,990 | mfu: 18.5% | epoch: 1 | remaining: 216s    
step 00569 (27.9%) | loss: 3.288400 | lrm: 1.00 | dt: 150ms | tok/sec: 1,745,106 | mfu: 18.5% | epoch: 1 | remaining: 216s    
step 00570 (28.0%) | loss: 3.287579 | lrm: 1.00 | dt: 150ms | tok/sec: 1,744,807 | mfu: 18.5% | epoch: 1 | remaining: 216s    
step 00571 (28.0%) | loss: 3.286393 | lrm: 1.00 | dt: 150ms | tok/sec: 1,744,694 | mfu: 18.5% | epoch: 1 | remaining: 216s    
step 00572 (28.1%) | loss: 3.288726 | lrm: 1.00 | dt: 150ms | tok/sec: 1,745,633 | mfu: 18.5% | epoch: 1 | remaining: 216s    
step 00573 (28.1%) | loss: 3.288805 | lrm: 1.00 | dt: 150ms | tok/sec: 1,744,672 | mfu: 18.5% | epoch: 1 | remaining: 215s    
step 00574 (28.2%) | loss: 3.285114 | lrm: 1.00 | dt: 150ms | tok/sec: 1,744,193 | mfu: 18.5% | epoch: 1 | remaining: 215s    
step 00575 (28.2%) | loss: 3.283943 | lrm: 1.00 | dt: 150ms | tok/sec: 1,744,497 | mfu: 18.5% | epoch: 1 | remaining: 215s    
step 00576 (28.3%) | loss: 3.283259 | lrm: 1.00 | dt: 150ms | tok/sec: 1,744,940 | mfu: 18.5% | epoch: 1 | remaining: 215s    
step 00577 (28.3%) | loss: 3.288060 | lrm: 1.00 | dt: 150ms | tok/sec: 1,744,597 | mfu: 18.5% | epoch: 1 | remaining: 215s    
step 00578 (28.4%) | loss: 3.290762 | lrm: 1.00 | dt: 150ms | tok/sec: 1,744,998 | mfu: 18.5% | epoch: 1 | remaining: 215s    
step 00579 (28.4%) | loss: 3.287803 | lrm: 1.00 | dt: 150ms | tok/sec: 1,745,237 | mfu: 18.5% | epoch: 1 | remaining: 215s    
step 00580 (28.5%) | loss: 3.285334 | lrm: 1.00 | dt: 150ms | tok/sec: 1,745,029 | mfu: 18.5% | epoch: 1 | remaining: 214s    
step 00581 (28.5%) | loss: 3.283072 | lrm: 1.00 | dt: 150ms | tok/sec: 1,745,408 | mfu: 18.5% | epoch: 1 | remaining: 214s    
step 00582 (28.6%) | loss: 3.287338 | lrm: 1.00 | dt: 150ms | tok/sec: 1,745,015 | mfu: 18.5% | epoch: 1 | remaining: 214s    
step 00583 (28.6%) | loss: 3.286538 | lrm: 1.00 | dt: 150ms | tok/sec: 1,744,755 | mfu: 18.5% | epoch: 1 | remaining: 214s    
step 00584 (28.7%) | loss: 3.279108 | lrm: 1.00 | dt: 150ms | tok/sec: 1,743,764 | mfu: 18.5% | epoch: 1 | remaining: 214s    
step 00585 (28.7%) | loss: 3.278067 | lrm: 1.00 | dt: 150ms | tok/sec: 1,745,082 | mfu: 18.5% | epoch: 1 | remaining: 214s    
step 00586 (28.8%) | loss: 3.272413 | lrm: 1.00 | dt: 150ms | tok/sec: 1,744,996 | mfu: 18.5% | epoch: 1 | remaining: 214s    
step 00587 (28.8%) | loss: 3.271575 | lrm: 1.00 | dt: 150ms | tok/sec: 1,744,561 | mfu: 18.5% | epoch: 1 | remaining: 213s    
step 00588 (28.9%) | loss: 3.273295 | lrm: 1.00 | dt: 150ms | tok/sec: 1,745,395 | mfu: 18.5% | epoch: 1 | remaining: 213s    
step 00589 (28.9%) | loss: 3.272985 | lrm: 1.00 | dt: 150ms | tok/sec: 1,744,771 | mfu: 18.5% | epoch: 1 | remaining: 213s    
step 00590 (29.0%) | loss: 3.273590 | lrm: 1.00 | dt: 150ms | tok/sec: 1,744,758 | mfu: 18.5% | epoch: 1 | remaining: 213s    
step 00591 (29.0%) | loss: 3.278252 | lrm: 1.00 | dt: 150ms | tok/sec: 1,744,049 | mfu: 18.5% | epoch: 1 | remaining: 213s    
step 00592 (29.1%) | loss: 3.279040 | lrm: 1.00 | dt: 150ms | tok/sec: 1,745,087 | mfu: 18.5% | epoch: 1 | remaining: 213s    
step 00593 (29.1%) | loss: 3.281191 | lrm: 1.00 | dt: 150ms | tok/sec: 1,744,968 | mfu: 18.5% | epoch: 1 | remaining: 212s    
step 00594 (29.2%) | loss: 3.276130 | lrm: 1.00 | dt: 150ms | tok/sec: 1,744,616 | mfu: 18.5% | epoch: 1 | remaining: 212s    
step 00595 (29.2%) | loss: 3.281683 | lrm: 1.00 | dt: 150ms | tok/sec: 1,744,830 | mfu: 18.5% | epoch: 1 | remaining: 212s    
step 00596 (29.3%) | loss: 3.283108 | lrm: 1.00 | dt: 150ms | tok/sec: 1,744,791 | mfu: 18.5% | epoch: 1 | remaining: 212s    
step 00597 (29.3%) | loss: 3.279972 | lrm: 1.00 | dt: 150ms | tok/sec: 1,746,079 | mfu: 18.5% | epoch: 1 | remaining: 212s    
step 00598 (29.4%) | loss: 3.277972 | lrm: 1.00 | dt: 150ms | tok/sec: 1,744,882 | mfu: 18.5% | epoch: 1 | remaining: 212s    
step 00599 (29.4%) | loss: 3.270330 | lrm: 1.00 | dt: 150ms | tok/sec: 1,745,356 | mfu: 18.5% | epoch: 1 | remaining: 212s    
step 00600 (29.5%) | loss: 3.271593 | lrm: 1.00 | dt: 150ms | tok/sec: 1,744,542 | mfu: 18.5% | epoch: 1 | remaining: 211s    
step 00601 (29.5%) | loss: 3.271429 | lrm: 1.00 | dt: 150ms | tok/sec: 1,743,772 | mfu: 18.5% | epoch: 1 | remaining: 211s    
step 00602 (29.6%) | loss: 3.270148 | lrm: 1.00 | dt: 150ms | tok/sec: 1,744,005 | mfu: 18.5% | epoch: 1 | remaining: 211s    
step 00603 (29.6%) | loss: 3.272284 | lrm: 1.00 | dt: 150ms | tok/sec: 1,744,982 | mfu: 18.5% | epoch: 1 | remaining: 211s    
step 00604 (29.7%) | loss: 3.269508 | lrm: 1.00 | dt: 150ms | tok/sec: 1,744,832 | mfu: 18.5% | epoch: 1 | remaining: 211s    
step 00605 (29.7%) | loss: 3.269658 | lrm: 1.00 | dt: 150ms | tok/sec: 1,744,998 | mfu: 18.5% | epoch: 1 | remaining: 211s    
step 00606 (29.8%) | loss: 3.271747 | lrm: 1.00 | dt: 150ms | tok/sec: 1,744,763 | mfu: 18.5% | epoch: 1 | remaining: 211s    
step 00607 (29.8%) | loss: 3.272988 | lrm: 1.00 | dt: 150ms | tok/sec: 1,745,176 | mfu: 18.5% | epoch: 1 | remaining: 210s    
step 00608 (29.9%) | loss: 3.272589 | lrm: 1.00 | dt: 150ms | tok/sec: 1,744,846 | mfu: 18.5% | epoch: 1 | remaining: 210s    
step 00609 (29.9%) | loss: 3.270605 | lrm: 1.00 | dt: 150ms | tok/sec: 1,744,993 | mfu: 18.5% | epoch: 1 | remaining: 210s    
step 00610 (30.0%) | loss: 3.270980 | lrm: 1.00 | dt: 150ms | tok/sec: 1,744,644 | mfu: 18.5% | epoch: 1 | remaining: 210s    
step 00611 (30.0%) | loss: 3.270619 | lrm: 1.00 | dt: 150ms | tok/sec: 1,744,998 | mfu: 18.5% | epoch: 1 | remaining: 210s    
step 00612 (30.1%) | loss: 3.268926 | lrm: 1.00 | dt: 150ms | tok/sec: 1,744,954 | mfu: 18.5% | epoch: 1 | remaining: 210s    
step 00613 (30.1%) | loss: 3.265914 | lrm: 1.00 | dt: 150ms | tok/sec: 1,741,985 | mfu: 18.5% | epoch: 1 | remaining: 209s    
step 00614 (30.2%) | loss: 3.262462 | lrm: 1.00 | dt: 150ms | tok/sec: 1,744,652 | mfu: 18.5% | epoch: 1 | remaining: 209s    
step 00615 (30.2%) | loss: 3.258137 | lrm: 1.00 | dt: 150ms | tok/sec: 1,744,229 | mfu: 18.5% | epoch: 1 | remaining: 209s    
step 00616 (30.3%) | loss: 3.256008 | lrm: 1.00 | dt: 150ms | tok/sec: 1,745,234 | mfu: 18.5% | epoch: 1 | remaining: 209s    
step 00617 (30.3%) | loss: 3.254373 | lrm: 1.00 | dt: 150ms | tok/sec: 1,744,481 | mfu: 18.5% | epoch: 1 | remaining: 209s    
step 00618 (30.4%) | loss: 3.249705 | lrm: 1.00 | dt: 150ms | tok/sec: 1,744,929 | mfu: 18.5% | epoch: 1 | remaining: 209s    
step 00619 (30.4%) | loss: 3.248633 | lrm: 1.00 | dt: 150ms | tok/sec: 1,744,569 | mfu: 18.5% | epoch: 1 | remaining: 209s    
step 00620 (30.5%) | loss: 3.246292 | lrm: 1.00 | dt: 150ms | tok/sec: 1,745,256 | mfu: 18.5% | epoch: 1 | remaining: 208s    
step 00621 (30.5%) | loss: 3.249429 | lrm: 1.00 | dt: 150ms | tok/sec: 1,744,993 | mfu: 18.5% | epoch: 1 | remaining: 208s    
step 00622 (30.6%) | loss: 3.246521 | lrm: 1.00 | dt: 150ms | tok/sec: 1,744,503 | mfu: 18.5% | epoch: 1 | remaining: 208s    
step 00623 (30.6%) | loss: 3.249572 | lrm: 1.00 | dt: 150ms | tok/sec: 1,745,046 | mfu: 18.5% | epoch: 1 | remaining: 208s    
step 00624 (30.7%) | loss: 3.250866 | lrm: 1.00 | dt: 150ms | tok/sec: 1,744,578 | mfu: 18.5% | epoch: 1 | remaining: 208s    
step 00625 (30.7%) | loss: 3.251818 | lrm: 1.00 | dt: 150ms | tok/sec: 1,744,677 | mfu: 18.5% | epoch: 1 | remaining: 208s    
step 00626 (30.8%) | loss: 3.254408 | lrm: 1.00 | dt: 150ms | tok/sec: 1,744,115 | mfu: 18.5% | epoch: 1 | remaining: 208s    
step 00627 (30.8%) | loss: 3.254235 | lrm: 1.00 | dt: 150ms | tok/sec: 1,745,400 | mfu: 18.5% | epoch: 1 | remaining: 207s    
step 00628 (30.9%) | loss: 3.248013 | lrm: 1.00 | dt: 150ms | tok/sec: 1,744,940 | mfu: 18.5% | epoch: 1 | remaining: 207s    
step 00629 (30.9%) | loss: 3.245083 | lrm: 1.00 | dt: 150ms | tok/sec: 1,745,408 | mfu: 18.5% | epoch: 1 | remaining: 207s    
step 00630 (31.0%) | loss: 3.245542 | lrm: 1.00 | dt: 150ms | tok/sec: 1,744,495 | mfu: 18.5% | epoch: 1 | remaining: 207s    
step 00631 (31.0%) | loss: 3.245340 | lrm: 1.00 | dt: 150ms | tok/sec: 1,745,284 | mfu: 18.5% | epoch: 1 | remaining: 207s    
step 00632 (31.1%) | loss: 3.252208 | lrm: 1.00 | dt: 150ms | tok/sec: 1,745,577 | mfu: 18.5% | epoch: 1 | remaining: 207s    
step 00633 (31.1%) | loss: 3.255255 | lrm: 1.00 | dt: 150ms | tok/sec: 1,745,298 | mfu: 18.5% | epoch: 1 | remaining: 206s    
step 00634 (31.2%) | loss: 3.254036 | lrm: 1.00 | dt: 150ms | tok/sec: 1,745,248 | mfu: 18.5% | epoch: 1 | remaining: 206s    
step 00635 (31.2%) | loss: 3.250066 | lrm: 1.00 | dt: 150ms | tok/sec: 1,743,499 | mfu: 18.5% | epoch: 1 | remaining: 206s    
step 00636 (31.3%) | loss: 3.253162 | lrm: 1.00 | dt: 150ms | tok/sec: 1,744,976 | mfu: 18.5% | epoch: 1 | remaining: 206s    
step 00637 (31.3%) | loss: 3.251973 | lrm: 1.00 | dt: 150ms | tok/sec: 1,744,533 | mfu: 18.5% | epoch: 1 | remaining: 206s    
step 00638 (31.4%) | loss: 3.254311 | lrm: 1.00 | dt: 150ms | tok/sec: 1,744,351 | mfu: 18.5% | epoch: 1 | remaining: 206s    
step 00639 (31.4%) | loss: 3.255035 | lrm: 1.00 | dt: 150ms | tok/sec: 1,743,781 | mfu: 18.5% | epoch: 1 | remaining: 206s    
step 00640 (31.5%) | loss: 3.252639 | lrm: 1.00 | dt: 150ms | tok/sec: 1,744,096 | mfu: 18.5% | epoch: 1 | remaining: 205s    
step 00641 (31.5%) | loss: 3.251887 | lrm: 1.00 | dt: 150ms | tok/sec: 1,744,099 | mfu: 18.5% | epoch: 1 | remaining: 205s    
step 00642 (31.6%) | loss: 3.253267 | lrm: 1.00 | dt: 150ms | tok/sec: 1,744,171 | mfu: 18.5% | epoch: 1 | remaining: 205s    
step 00643 (31.6%) | loss: 3.257930 | lrm: 1.00 | dt: 150ms | tok/sec: 1,745,068 | mfu: 18.5% | epoch: 1 | remaining: 205s    
step 00644 (31.7%) | loss: 3.255137 | lrm: 1.00 | dt: 150ms | tok/sec: 1,743,667 | mfu: 18.5% | epoch: 1 | remaining: 205s    
step 00645 (31.7%) | loss: 3.252631 | lrm: 1.00 | dt: 150ms | tok/sec: 1,744,915 | mfu: 18.5% | epoch: 1 | remaining: 205s    
step 00646 (31.8%) | loss: 3.254093 | lrm: 1.00 | dt: 150ms | tok/sec: 1,745,046 | mfu: 18.5% | epoch: 1 | remaining: 205s    
step 00647 (31.8%) | loss: 3.251240 | lrm: 1.00 | dt: 150ms | tok/sec: 1,744,190 | mfu: 18.5% | epoch: 1 | remaining: 204s    
step 00648 (31.9%) | loss: 3.248825 | lrm: 1.00 | dt: 150ms | tok/sec: 1,744,237 | mfu: 18.5% | epoch: 1 | remaining: 204s    
step 00649 (31.9%) | loss: 3.249413 | lrm: 1.00 | dt: 150ms | tok/sec: 1,744,949 | mfu: 18.5% | epoch: 1 | remaining: 204s    
step 00650 (32.0%) | loss: 3.245424 | lrm: 1.00 | dt: 150ms | tok/sec: 1,744,287 | mfu: 18.5% | epoch: 1 | remaining: 204s    
step 00651 (32.0%) | loss: 3.244133 | lrm: 1.00 | dt: 150ms | tok/sec: 1,744,686 | mfu: 18.5% | epoch: 1 | remaining: 204s    
step 00652 (32.1%) | loss: 3.240140 | lrm: 1.00 | dt: 150ms | tok/sec: 1,744,359 | mfu: 18.5% | epoch: 1 | remaining: 204s    
step 00653 (32.1%) | loss: 3.245286 | lrm: 1.00 | dt: 150ms | tok/sec: 1,744,464 | mfu: 18.5% | epoch: 1 | remaining: 203s    
step 00654 (32.2%) | loss: 3.248188 | lrm: 1.00 | dt: 150ms | tok/sec: 1,743,441 | mfu: 18.5% | epoch: 1 | remaining: 203s    
step 00655 (32.2%) | loss: 3.253993 | lrm: 1.00 | dt: 150ms | tok/sec: 1,745,076 | mfu: 18.5% | epoch: 1 | remaining: 203s    
step 00656 (32.3%) | loss: 3.249673 | lrm: 1.00 | dt: 150ms | tok/sec: 1,744,398 | mfu: 18.5% | epoch: 1 | remaining: 203s    
step 00657 (32.3%) | loss: 3.246153 | lrm: 1.00 | dt: 150ms | tok/sec: 1,745,137 | mfu: 18.5% | epoch: 1 | remaining: 203s    
step 00658 (32.4%) | loss: 3.246204 | lrm: 1.00 | dt: 150ms | tok/sec: 1,745,082 | mfu: 18.5% | epoch: 1 | remaining: 203s    
step 00659 (32.4%) | loss: 3.248682 | lrm: 1.00 | dt: 150ms | tok/sec: 1,745,287 | mfu: 18.5% | epoch: 1 | remaining: 203s    
step 00660 (32.5%) | loss: 3.251409 | lrm: 1.00 | dt: 150ms | tok/sec: 1,744,929 | mfu: 18.5% | epoch: 1 | remaining: 202s    
step 00661 (32.5%) | loss: 3.249915 | lrm: 1.00 | dt: 150ms | tok/sec: 1,744,644 | mfu: 18.5% | epoch: 1 | remaining: 202s    
step 00662 (32.6%) | loss: 3.250131 | lrm: 1.00 | dt: 150ms | tok/sec: 1,744,572 | mfu: 18.5% | epoch: 1 | remaining: 202s    
step 00663 (32.6%) | loss: 3.252840 | lrm: 1.00 | dt: 150ms | tok/sec: 1,744,273 | mfu: 18.5% | epoch: 1 | remaining: 202s    
step 00664 (32.7%) | loss: 3.256173 | lrm: 1.00 | dt: 150ms | tok/sec: 1,744,744 | mfu: 18.5% | epoch: 1 | remaining: 202s    
step 00665 (32.7%) | loss: 3.255504 | lrm: 1.00 | dt: 150ms | tok/sec: 1,745,292 | mfu: 18.5% | epoch: 1 | remaining: 202s    
step 00666 (32.8%) | loss: 3.257674 | lrm: 1.00 | dt: 150ms | tok/sec: 1,745,054 | mfu: 18.5% | epoch: 1 | remaining: 202s    
step 00667 (32.8%) | loss: 3.255751 | lrm: 1.00 | dt: 150ms | tok/sec: 1,744,323 | mfu: 18.5% | epoch: 1 | remaining: 201s    
step 00668 (32.9%) | loss: 3.255158 | lrm: 1.00 | dt: 150ms | tok/sec: 1,744,639 | mfu: 18.5% | epoch: 1 | remaining: 201s    
step 00669 (32.9%) | loss: 3.254519 | lrm: 1.00 | dt: 150ms | tok/sec: 1,744,885 | mfu: 18.5% | epoch: 1 | remaining: 201s    
step 00670 (33.0%) | loss: 3.256063 | lrm: 1.00 | dt: 150ms | tok/sec: 1,744,896 | mfu: 18.5% | epoch: 1 | remaining: 201s    
step 00671 (33.0%) | loss: 3.253664 | lrm: 1.00 | dt: 150ms | tok/sec: 1,744,306 | mfu: 18.5% | epoch: 1 | remaining: 201s    
step 00672 (33.1%) | loss: 3.244756 | lrm: 1.00 | dt: 150ms | tok/sec: 1,744,708 | mfu: 18.5% | epoch: 1 | remaining: 201s    
step 00673 (33.1%) | loss: 3.247957 | lrm: 1.00 | dt: 150ms | tok/sec: 1,744,539 | mfu: 18.5% | epoch: 1 | remaining: 200s    
step 00674 (33.2%) | loss: 3.249166 | lrm: 1.00 | dt: 150ms | tok/sec: 1,744,821 | mfu: 18.5% | epoch: 1 | remaining: 200s    
step 00675 (33.2%) | loss: 3.254150 | lrm: 1.00 | dt: 150ms | tok/sec: 1,743,532 | mfu: 18.5% | epoch: 1 | remaining: 200s    
step 00676 (33.3%) | loss: 3.251143 | lrm: 1.00 | dt: 150ms | tok/sec: 1,744,212 | mfu: 18.5% | epoch: 1 | remaining: 200s    
step 00677 (33.3%) | loss: 3.250137 | lrm: 1.00 | dt: 150ms | tok/sec: 1,744,423 | mfu: 18.5% | epoch: 1 | remaining: 200s    
step 00678 (33.4%) | loss: 3.250055 | lrm: 1.00 | dt: 150ms | tok/sec: 1,743,938 | mfu: 18.5% | epoch: 1 | remaining: 200s    
step 00679 (33.4%) | loss: 3.250992 | lrm: 1.00 | dt: 150ms | tok/sec: 1,744,196 | mfu: 18.5% | epoch: 1 | remaining: 200s    
step 00680 (33.5%) | loss: 3.244831 | lrm: 1.00 | dt: 150ms | tok/sec: 1,744,877 | mfu: 18.5% | epoch: 1 | remaining: 199s    
step 00681 (33.5%) | loss: 3.247037 | lrm: 1.00 | dt: 150ms | tok/sec: 1,743,654 | mfu: 18.5% | epoch: 1 | remaining: 199s    
step 00682 (33.6%) | loss: 3.249710 | lrm: 1.00 | dt: 150ms | tok/sec: 1,743,607 | mfu: 18.5% | epoch: 1 | remaining: 199s    
step 00683 (33.6%) | loss: 3.254567 | lrm: 1.00 | dt: 150ms | tok/sec: 1,744,719 | mfu: 18.5% | epoch: 1 | remaining: 199s    
step 00684 (33.7%) | loss: 3.251595 | lrm: 1.00 | dt: 150ms | tok/sec: 1,745,206 | mfu: 18.5% | epoch: 1 | remaining: 199s    
step 00685 (33.7%) | loss: 3.252848 | lrm: 1.00 | dt: 150ms | tok/sec: 1,745,181 | mfu: 18.5% | epoch: 1 | remaining: 199s    
step 00686 (33.8%) | loss: 3.255938 | lrm: 1.00 | dt: 150ms | tok/sec: 1,745,184 | mfu: 18.5% | epoch: 1 | remaining: 198s    
step 00687 (33.8%) | loss: 3.252042 | lrm: 1.00 | dt: 150ms | tok/sec: 1,744,663 | mfu: 18.5% | epoch: 1 | remaining: 198s    
step 00688 (33.9%) | loss: 3.256533 | lrm: 1.00 | dt: 150ms | tok/sec: 1,745,156 | mfu: 18.5% | epoch: 1 | remaining: 198s    
step 00689 (33.9%) | loss: 3.255964 | lrm: 1.00 | dt: 150ms | tok/sec: 1,745,411 | mfu: 18.5% | epoch: 1 | remaining: 198s    
step 00690 (34.0%) | loss: 3.255896 | lrm: 1.00 | dt: 150ms | tok/sec: 1,745,214 | mfu: 18.5% | epoch: 1 | remaining: 198s    
step 00691 (34.0%) | loss: 3.261096 | lrm: 1.00 | dt: 150ms | tok/sec: 1,744,378 | mfu: 18.5% | epoch: 1 | remaining: 198s    
step 00692 (34.1%) | loss: 3.258614 | lrm: 1.00 | dt: 150ms | tok/sec: 1,743,593 | mfu: 18.5% | epoch: 1 | remaining: 198s    
step 00693 (34.1%) | loss: 3.254947 | lrm: 1.00 | dt: 150ms | tok/sec: 1,744,442 | mfu: 18.5% | epoch: 1 | remaining: 197s    
step 00694 (34.2%) | loss: 3.255208 | lrm: 1.00 | dt: 150ms | tok/sec: 1,745,032 | mfu: 18.5% | epoch: 1 | remaining: 197s    
step 00695 (34.2%) | loss: 3.250745 | lrm: 1.00 | dt: 150ms | tok/sec: 1,744,730 | mfu: 18.5% | epoch: 1 | remaining: 197s    
step 00696 (34.3%) | loss: 3.250063 | lrm: 1.00 | dt: 150ms | tok/sec: 1,745,073 | mfu: 18.5% | epoch: 1 | remaining: 197s    
step 00697 (34.3%) | loss: 3.248413 | lrm: 1.00 | dt: 150ms | tok/sec: 1,744,921 | mfu: 18.5% | epoch: 1 | remaining: 197s    
step 00698 (34.4%) | loss: 3.245282 | lrm: 1.00 | dt: 150ms | tok/sec: 1,742,940 | mfu: 18.5% | epoch: 1 | remaining: 197s    
step 00699 (34.4%) | loss: 3.245861 | lrm: 1.00 | dt: 150ms | tok/sec: 1,744,550 | mfu: 18.5% | epoch: 1 | remaining: 197s    
step 00700 (34.5%) | loss: 3.245864 | lrm: 1.00 | dt: 150ms | tok/sec: 1,744,791 | mfu: 18.5% | epoch: 1 | remaining: 196s    
step 00701 (34.5%) | loss: 3.245765 | lrm: 1.00 | dt: 150ms | tok/sec: 1,744,257 | mfu: 18.5% | epoch: 1 | remaining: 196s    
step 00702 (34.6%) | loss: 3.245606 | lrm: 1.00 | dt: 150ms | tok/sec: 1,745,065 | mfu: 18.5% | epoch: 1 | remaining: 196s    
step 00703 (34.6%) | loss: 3.244997 | lrm: 1.00 | dt: 150ms | tok/sec: 1,744,735 | mfu: 18.5% | epoch: 1 | remaining: 196s    
step 00704 (34.7%) | loss: 3.242550 | lrm: 1.00 | dt: 150ms | tok/sec: 1,744,558 | mfu: 18.5% | epoch: 1 | remaining: 196s    
step 00705 (34.7%) | loss: 3.241549 | lrm: 1.00 | dt: 150ms | tok/sec: 1,744,816 | mfu: 18.5% | epoch: 1 | remaining: 196s    
step 00706 (34.8%) | loss: 3.245397 | lrm: 1.00 | dt: 150ms | tok/sec: 1,743,938 | mfu: 18.5% | epoch: 1 | remaining: 195s    
step 00707 (34.8%) | loss: 3.246030 | lrm: 1.00 | dt: 150ms | tok/sec: 1,744,215 | mfu: 18.5% | epoch: 1 | remaining: 195s    
step 00708 (34.9%) | loss: 3.242623 | lrm: 1.00 | dt: 150ms | tok/sec: 1,744,353 | mfu: 18.5% | epoch: 1 | remaining: 195s    
step 00709 (34.9%) | loss: 3.238837 | lrm: 1.00 | dt: 150ms | tok/sec: 1,743,537 | mfu: 18.5% | epoch: 1 | remaining: 195s    
step 00710 (35.0%) | loss: 3.241640 | lrm: 1.00 | dt: 150ms | tok/sec: 1,745,068 | mfu: 18.5% | epoch: 1 | remaining: 195s    
step 00711 (35.0%) | loss: 3.236955 | lrm: 1.00 | dt: 150ms | tok/sec: 1,744,805 | mfu: 18.5% | epoch: 1 | remaining: 195s    
step 00712 (35.1%) | loss: 3.238185 | lrm: 1.00 | dt: 150ms | tok/sec: 1,745,140 | mfu: 18.5% | epoch: 1 | remaining: 195s    
step 00713 (35.1%) | loss: 3.242894 | lrm: 1.00 | dt: 150ms | tok/sec: 1,744,481 | mfu: 18.5% | epoch: 1 | remaining: 194s    
step 00714 (35.2%) | loss: 3.237509 | lrm: 1.00 | dt: 150ms | tok/sec: 1,744,935 | mfu: 18.5% | epoch: 1 | remaining: 194s    
step 00715 (35.2%) | loss: 3.242509 | lrm: 1.00 | dt: 150ms | tok/sec: 1,744,154 | mfu: 18.5% | epoch: 1 | remaining: 194s    
step 00716 (35.3%) | loss: 3.238270 | lrm: 1.00 | dt: 150ms | tok/sec: 1,744,533 | mfu: 18.5% | epoch: 1 | remaining: 194s    
step 00717 (35.3%) | loss: 3.241254 | lrm: 1.00 | dt: 150ms | tok/sec: 1,744,799 | mfu: 18.5% | epoch: 1 | remaining: 194s    
step 00718 (35.4%) | loss: 3.238336 | lrm: 1.00 | dt: 150ms | tok/sec: 1,744,578 | mfu: 18.5% | epoch: 1 | remaining: 194s    
step 00719 (35.4%) | loss: 3.241075 | lrm: 1.00 | dt: 150ms | tok/sec: 1,744,533 | mfu: 18.5% | epoch: 1 | remaining: 194s    
step 00720 (35.5%) | loss: 3.240125 | lrm: 1.00 | dt: 150ms | tok/sec: 1,745,065 | mfu: 18.5% | epoch: 1 | remaining: 193s    
step 00721 (35.5%) | loss: 3.239569 | lrm: 1.00 | dt: 150ms | tok/sec: 1,745,616 | mfu: 18.5% | epoch: 1 | remaining: 193s    
step 00722 (35.6%) | loss: 3.238085 | lrm: 1.00 | dt: 150ms | tok/sec: 1,744,907 | mfu: 18.5% | epoch: 1 | remaining: 193s    
step 00723 (35.6%) | loss: 3.238621 | lrm: 1.00 | dt: 150ms | tok/sec: 1,744,450 | mfu: 18.5% | epoch: 1 | remaining: 193s    
step 00724 (35.7%) | loss: 3.232200 | lrm: 1.00 | dt: 150ms | tok/sec: 1,745,239 | mfu: 18.5% | epoch: 1 | remaining: 193s    
step 00725 (35.7%) | loss: 3.229054 | lrm: 1.00 | dt: 150ms | tok/sec: 1,742,846 | mfu: 18.5% | epoch: 1 | remaining: 193s    
step 00726 (35.8%) | loss: 3.237206 | lrm: 1.00 | dt: 150ms | tok/sec: 1,745,633 | mfu: 18.5% | epoch: 1 | remaining: 192s    
step 00727 (35.8%) | loss: 3.240009 | lrm: 1.00 | dt: 150ms | tok/sec: 1,744,331 | mfu: 18.5% | epoch: 1 | remaining: 192s    
step 00728 (35.9%) | loss: 3.240389 | lrm: 1.00 | dt: 150ms | tok/sec: 1,745,201 | mfu: 18.5% | epoch: 1 | remaining: 192s    
step 00729 (35.9%) | loss: 3.238494 | lrm: 1.00 | dt: 150ms | tok/sec: 1,744,351 | mfu: 18.5% | epoch: 1 | remaining: 192s    
step 00730 (36.0%) | loss: 3.240736 | lrm: 1.00 | dt: 150ms | tok/sec: 1,745,389 | mfu: 18.5% | epoch: 1 | remaining: 192s    
step 00731 (36.0%) | loss: 3.240842 | lrm: 1.00 | dt: 150ms | tok/sec: 1,742,725 | mfu: 18.5% | epoch: 1 | remaining: 192s    
step 00732 (36.1%) | loss: 3.235164 | lrm: 1.00 | dt: 150ms | tok/sec: 1,744,326 | mfu: 18.5% | epoch: 1 | remaining: 192s    
step 00733 (36.1%) | loss: 3.234020 | lrm: 1.00 | dt: 150ms | tok/sec: 1,744,846 | mfu: 18.5% | epoch: 1 | remaining: 191s    
step 00734 (36.2%) | loss: 3.235029 | lrm: 1.00 | dt: 150ms | tok/sec: 1,745,170 | mfu: 18.5% | epoch: 1 | remaining: 191s    
step 00735 (36.2%) | loss: 3.238487 | lrm: 1.00 | dt: 150ms | tok/sec: 1,744,146 | mfu: 18.5% | epoch: 1 | remaining: 191s    
step 00736 (36.3%) | loss: 3.237931 | lrm: 1.00 | dt: 150ms | tok/sec: 1,744,425 | mfu: 18.5% | epoch: 1 | remaining: 191s    
step 00737 (36.3%) | loss: 3.238621 | lrm: 1.00 | dt: 150ms | tok/sec: 1,745,251 | mfu: 18.5% | epoch: 1 | remaining: 191s    
step 00738 (36.4%) | loss: 3.232197 | lrm: 1.00 | dt: 150ms | tok/sec: 1,744,472 | mfu: 18.5% | epoch: 1 | remaining: 191s    
step 00739 (36.4%) | loss: 3.233693 | lrm: 1.00 | dt: 150ms | tok/sec: 1,744,196 | mfu: 18.5% | epoch: 1 | remaining: 191s    
step 00740 (36.5%) | loss: 3.231924 | lrm: 1.00 | dt: 150ms | tok/sec: 1,744,273 | mfu: 18.5% | epoch: 1 | remaining: 190s    
step 00741 (36.5%) | loss: 3.229656 | lrm: 1.00 | dt: 150ms | tok/sec: 1,745,015 | mfu: 18.5% | epoch: 1 | remaining: 190s    
step 00742 (36.6%) | loss: 3.227369 | lrm: 1.00 | dt: 150ms | tok/sec: 1,744,946 | mfu: 18.5% | epoch: 1 | remaining: 190s    
step 00743 (36.6%) | loss: 3.227684 | lrm: 1.00 | dt: 150ms | tok/sec: 1,744,688 | mfu: 18.5% | epoch: 1 | remaining: 190s    
step 00744 (36.7%) | loss: 3.226153 | lrm: 1.00 | dt: 150ms | tok/sec: 1,744,990 | mfu: 18.5% | epoch: 1 | remaining: 190s    
step 00745 (36.7%) | loss: 3.230975 | lrm: 1.00 | dt: 150ms | tok/sec: 1,745,237 | mfu: 18.5% | epoch: 1 | remaining: 190s    
step 00746 (36.8%) | loss: 3.227747 | lrm: 1.00 | dt: 150ms | tok/sec: 1,744,475 | mfu: 18.5% | epoch: 1 | remaining: 189s    
step 00747 (36.8%) | loss: 3.229504 | lrm: 1.00 | dt: 150ms | tok/sec: 1,744,578 | mfu: 18.5% | epoch: 1 | remaining: 189s    
step 00748 (36.9%) | loss: 3.234174 | lrm: 1.00 | dt: 150ms | tok/sec: 1,745,118 | mfu: 18.5% | epoch: 1 | remaining: 189s    
step 00749 (36.9%) | loss: 3.229106 | lrm: 1.00 | dt: 150ms | tok/sec: 1,744,835 | mfu: 18.5% | epoch: 1 | remaining: 189s    
step 00750 (37.0%) | loss: 3.225886 | lrm: 1.00 | dt: 150ms | tok/sec: 1,744,395 | mfu: 18.5% | epoch: 1 | remaining: 189s    
step 00751 (37.0%) | loss: 3.226374 | lrm: 1.00 | dt: 150ms | tok/sec: 1,743,695 | mfu: 18.5% | epoch: 1 | remaining: 189s    
step 00752 (37.1%) | loss: 3.224076 | lrm: 1.00 | dt: 150ms | tok/sec: 1,744,974 | mfu: 18.5% | epoch: 1 | remaining: 189s    
step 00753 (37.1%) | loss: 3.225581 | lrm: 1.00 | dt: 150ms | tok/sec: 1,743,936 | mfu: 18.5% | epoch: 1 | remaining: 188s    
step 00754 (37.2%) | loss: 3.227977 | lrm: 1.00 | dt: 150ms | tok/sec: 1,743,949 | mfu: 18.5% | epoch: 1 | remaining: 188s    
step 00755 (37.2%) | loss: 3.227267 | lrm: 1.00 | dt: 150ms | tok/sec: 1,744,381 | mfu: 18.5% | epoch: 1 | remaining: 188s    
step 00756 (37.3%) | loss: 3.230199 | lrm: 1.00 | dt: 150ms | tok/sec: 1,745,034 | mfu: 18.5% | epoch: 1 | remaining: 188s    
step 00757 (37.3%) | loss: 3.232073 | lrm: 1.00 | dt: 150ms | tok/sec: 1,744,334 | mfu: 18.5% | epoch: 1 | remaining: 188s    
step 00758 (37.4%) | loss: 3.235923 | lrm: 1.00 | dt: 150ms | tok/sec: 1,744,899 | mfu: 18.5% | epoch: 1 | remaining: 188s    
step 00759 (37.4%) | loss: 3.233937 | lrm: 1.00 | dt: 150ms | tok/sec: 1,744,428 | mfu: 18.5% | epoch: 1 | remaining: 188s    
step 00760 (37.5%) | loss: 3.229164 | lrm: 1.00 | dt: 150ms | tok/sec: 1,744,694 | mfu: 18.5% | epoch: 1 | remaining: 187s    
step 00761 (37.5%) | loss: 3.223506 | lrm: 1.00 | dt: 150ms | tok/sec: 1,744,605 | mfu: 18.5% | epoch: 1 | remaining: 187s    
step 00762 (37.6%) | loss: 3.225487 | lrm: 1.00 | dt: 150ms | tok/sec: 1,744,400 | mfu: 18.5% | epoch: 1 | remaining: 187s    
step 00763 (37.6%) | loss: 3.228423 | lrm: 1.00 | dt: 150ms | tok/sec: 1,744,149 | mfu: 18.5% | epoch: 1 | remaining: 187s    
step 00764 (37.7%) | loss: 3.227289 | lrm: 1.00 | dt: 150ms | tok/sec: 1,744,174 | mfu: 18.5% | epoch: 1 | remaining: 187s    
step 00765 (37.7%) | loss: 3.224947 | lrm: 1.00 | dt: 150ms | tok/sec: 1,744,888 | mfu: 18.5% | epoch: 1 | remaining: 187s    
step 00766 (37.8%) | loss: 3.221669 | lrm: 1.00 | dt: 150ms | tok/sec: 1,744,821 | mfu: 18.5% | epoch: 1 | remaining: 186s    
step 00767 (37.8%) | loss: 3.221237 | lrm: 1.00 | dt: 150ms | tok/sec: 1,744,035 | mfu: 18.5% | epoch: 1 | remaining: 186s    
step 00768 (37.9%) | loss: 3.225237 | lrm: 1.00 | dt: 150ms | tok/sec: 1,745,070 | mfu: 18.5% | epoch: 1 | remaining: 186s    
step 00769 (37.9%) | loss: 3.227061 | lrm: 1.00 | dt: 150ms | tok/sec: 1,744,021 | mfu: 18.5% | epoch: 1 | remaining: 186s    
step 00770 (38.0%) | loss: 3.224638 | lrm: 1.00 | dt: 150ms | tok/sec: 1,744,434 | mfu: 18.5% | epoch: 1 | remaining: 186s    
step 00771 (38.0%) | loss: 3.227953 | lrm: 1.00 | dt: 150ms | tok/sec: 1,744,893 | mfu: 18.5% | epoch: 1 | remaining: 186s    
step 00772 (38.1%) | loss: 3.228179 | lrm: 1.00 | dt: 150ms | tok/sec: 1,744,539 | mfu: 18.5% | epoch: 1 | remaining: 186s    
step 00773 (38.1%) | loss: 3.231313 | lrm: 1.00 | dt: 150ms | tok/sec: 1,744,450 | mfu: 18.5% | epoch: 1 | remaining: 185s    
step 00774 (38.2%) | loss: 3.233748 | lrm: 1.00 | dt: 150ms | tok/sec: 1,744,641 | mfu: 18.5% | epoch: 1 | remaining: 185s    
step 00775 (38.2%) | loss: 3.232690 | lrm: 1.00 | dt: 150ms | tok/sec: 1,745,123 | mfu: 18.5% | epoch: 1 | remaining: 185s    
step 00776 (38.3%) | loss: 3.227008 | lrm: 1.00 | dt: 150ms | tok/sec: 1,743,911 | mfu: 18.5% | epoch: 1 | remaining: 185s    
step 00777 (38.3%) | loss: 3.226224 | lrm: 1.00 | dt: 150ms | tok/sec: 1,744,032 | mfu: 18.5% | epoch: 1 | remaining: 185s    
step 00778 (38.4%) | loss: 3.225980 | lrm: 1.00 | dt: 150ms | tok/sec: 1,745,012 | mfu: 18.5% | epoch: 1 | remaining: 185s    
step 00779 (38.4%) | loss: 3.226678 | lrm: 1.00 | dt: 150ms | tok/sec: 1,744,320 | mfu: 18.5% | epoch: 1 | remaining: 185s    
step 00780 (38.5%) | loss: 3.223845 | lrm: 1.00 | dt: 150ms | tok/sec: 1,745,298 | mfu: 18.5% | epoch: 1 | remaining: 184s    
step 00781 (38.5%) | loss: 3.225155 | lrm: 1.00 | dt: 150ms | tok/sec: 1,744,420 | mfu: 18.5% | epoch: 1 | remaining: 184s    
step 00782 (38.6%) | loss: 3.223818 | lrm: 1.00 | dt: 150ms | tok/sec: 1,744,644 | mfu: 18.5% | epoch: 1 | remaining: 184s    
step 00783 (38.6%) | loss: 3.223260 | lrm: 1.00 | dt: 150ms | tok/sec: 1,744,467 | mfu: 18.5% | epoch: 1 | remaining: 184s    
step 00784 (38.7%) | loss: 3.221218 | lrm: 1.00 | dt: 150ms | tok/sec: 1,745,167 | mfu: 18.5% | epoch: 1 | remaining: 184s    
step 00785 (38.7%) | loss: 3.218228 | lrm: 1.00 | dt: 150ms | tok/sec: 1,744,359 | mfu: 18.5% | epoch: 1 | remaining: 184s    
step 00786 (38.8%) | loss: 3.217194 | lrm: 1.00 | dt: 150ms | tok/sec: 1,744,650 | mfu: 18.5% | epoch: 1 | remaining: 183s    
step 00787 (38.8%) | loss: 3.218596 | lrm: 1.00 | dt: 150ms | tok/sec: 1,743,994 | mfu: 18.5% | epoch: 1 | remaining: 183s    
step 00788 (38.9%) | loss: 3.221534 | lrm: 1.00 | dt: 150ms | tok/sec: 1,744,733 | mfu: 18.5% | epoch: 1 | remaining: 183s    
step 00789 (38.9%) | loss: 3.218809 | lrm: 1.00 | dt: 150ms | tok/sec: 1,744,348 | mfu: 18.5% | epoch: 1 | remaining: 183s    
step 00790 (39.0%) | loss: 3.219556 | lrm: 1.00 | dt: 150ms | tok/sec: 1,744,827 | mfu: 18.5% | epoch: 1 | remaining: 183s    
step 00791 (39.0%) | loss: 3.214885 | lrm: 1.00 | dt: 150ms | tok/sec: 1,743,869 | mfu: 18.5% | epoch: 1 | remaining: 183s    
step 00792 (39.1%) | loss: 3.219809 | lrm: 1.00 | dt: 150ms | tok/sec: 1,744,619 | mfu: 18.5% | epoch: 1 | remaining: 183s    
step 00793 (39.1%) | loss: 3.214122 | lrm: 1.00 | dt: 150ms | tok/sec: 1,743,905 | mfu: 18.5% | epoch: 1 | remaining: 182s    
step 00794 (39.2%) | loss: 3.215474 | lrm: 1.00 | dt: 150ms | tok/sec: 1,744,910 | mfu: 18.5% | epoch: 1 | remaining: 182s    
step 00795 (39.2%) | loss: 3.218610 | lrm: 1.00 | dt: 150ms | tok/sec: 1,744,555 | mfu: 18.5% | epoch: 1 | remaining: 182s    
step 00796 (39.3%) | loss: 3.217398 | lrm: 1.00 | dt: 150ms | tok/sec: 1,744,121 | mfu: 18.5% | epoch: 1 | remaining: 182s    
step 00797 (39.3%) | loss: 3.219580 | lrm: 1.00 | dt: 150ms | tok/sec: 1,744,940 | mfu: 18.5% | epoch: 1 | remaining: 182s    
step 00798 (39.4%) | loss: 3.216081 | lrm: 1.00 | dt: 150ms | tok/sec: 1,744,497 | mfu: 18.5% | epoch: 1 | remaining: 182s    
step 00799 (39.4%) | loss: 3.208987 | lrm: 1.00 | dt: 150ms | tok/sec: 1,744,384 | mfu: 18.5% | epoch: 1 | remaining: 182s    
step 00800 (39.5%) | loss: 3.211585 | lrm: 1.00 | dt: 150ms | tok/sec: 1,743,618 | mfu: 18.5% | epoch: 1 | remaining: 181s    
step 00801 (39.5%) | loss: 3.210719 | lrm: 1.00 | dt: 150ms | tok/sec: 1,744,924 | mfu: 18.5% | epoch: 1 | remaining: 181s    
step 00802 (39.6%) | loss: 3.212832 | lrm: 1.00 | dt: 150ms | tok/sec: 1,745,295 | mfu: 18.5% | epoch: 1 | remaining: 181s    
step 00803 (39.6%) | loss: 3.207711 | lrm: 1.00 | dt: 150ms | tok/sec: 1,744,002 | mfu: 18.5% | epoch: 1 | remaining: 181s    
step 00804 (39.7%) | loss: 3.206334 | lrm: 1.00 | dt: 150ms | tok/sec: 1,744,340 | mfu: 18.5% | epoch: 1 | remaining: 181s    
step 00805 (39.7%) | loss: 3.206310 | lrm: 1.00 | dt: 150ms | tok/sec: 1,743,878 | mfu: 18.5% | epoch: 1 | remaining: 181s    
step 00806 (39.8%) | loss: 3.205769 | lrm: 1.00 | dt: 150ms | tok/sec: 1,741,905 | mfu: 18.5% | epoch: 1 | remaining: 180s    
step 00807 (39.8%) | loss: 3.205441 | lrm: 1.00 | dt: 150ms | tok/sec: 1,743,126 | mfu: 18.5% | epoch: 1 | remaining: 180s    
step 00808 (39.9%) | loss: 3.207408 | lrm: 1.00 | dt: 150ms | tok/sec: 1,743,432 | mfu: 18.5% | epoch: 1 | remaining: 180s    
step 00809 (39.9%) | loss: 3.206757 | lrm: 1.00 | dt: 150ms | tok/sec: 1,744,138 | mfu: 18.5% | epoch: 1 | remaining: 180s    
step 00810 (40.0%) | loss: 3.209801 | lrm: 1.00 | dt: 150ms | tok/sec: 1,743,048 | mfu: 18.5% | epoch: 1 | remaining: 180s    
step 00811 (40.0%) | loss: 3.210076 | lrm: 1.00 | dt: 150ms | tok/sec: 1,743,778 | mfu: 18.5% | epoch: 1 | remaining: 180s    
step 00812 (40.1%) | loss: 3.206175 | lrm: 1.00 | dt: 151ms | tok/sec: 1,741,629 | mfu: 18.5% | epoch: 1 | remaining: 180s    
step 00813 (40.1%) | loss: 3.209106 | lrm: 1.00 | dt: 150ms | tok/sec: 1,744,337 | mfu: 18.5% | epoch: 1 | remaining: 179s    
step 00814 (40.2%) | loss: 3.209610 | lrm: 1.00 | dt: 150ms | tok/sec: 1,744,005 | mfu: 18.5% | epoch: 1 | remaining: 179s    
step 00815 (40.2%) | loss: 3.212611 | lrm: 1.00 | dt: 150ms | tok/sec: 1,743,955 | mfu: 18.5% | epoch: 1 | remaining: 179s    
step 00816 (40.3%) | loss: 3.214511 | lrm: 1.00 | dt: 150ms | tok/sec: 1,744,373 | mfu: 18.5% | epoch: 1 | remaining: 179s    
step 00817 (40.3%) | loss: 3.207678 | lrm: 1.00 | dt: 150ms | tok/sec: 1,744,780 | mfu: 18.5% | epoch: 1 | remaining: 179s    
step 00818 (40.4%) | loss: 3.206031 | lrm: 1.00 | dt: 150ms | tok/sec: 1,743,651 | mfu: 18.5% | epoch: 1 | remaining: 179s    
step 00819 (40.4%) | loss: 3.207963 | lrm: 1.00 | dt: 150ms | tok/sec: 1,744,572 | mfu: 18.5% | epoch: 1 | remaining: 179s    
step 00820 (40.5%) | loss: 3.209807 | lrm: 1.00 | dt: 150ms | tok/sec: 1,744,389 | mfu: 18.5% | epoch: 1 | remaining: 178s    
step 00821 (40.5%) | loss: 3.215418 | lrm: 1.00 | dt: 150ms | tok/sec: 1,744,965 | mfu: 18.5% | epoch: 1 | remaining: 178s    
step 00822 (40.6%) | loss: 3.217965 | lrm: 1.00 | dt: 150ms | tok/sec: 1,744,353 | mfu: 18.5% | epoch: 1 | remaining: 178s    
step 00823 (40.6%) | loss: 3.223446 | lrm: 1.00 | dt: 150ms | tok/sec: 1,744,400 | mfu: 18.5% | epoch: 1 | remaining: 178s    
step 00824 (40.7%) | loss: 3.222277 | lrm: 1.00 | dt: 150ms | tok/sec: 1,744,364 | mfu: 18.5% | epoch: 1 | remaining: 178s    
step 00825 (40.7%) | loss: 3.219976 | lrm: 1.00 | dt: 150ms | tok/sec: 1,744,575 | mfu: 18.5% | epoch: 1 | remaining: 178s    
step 00826 (40.8%) | loss: 3.217472 | lrm: 1.00 | dt: 150ms | tok/sec: 1,744,630 | mfu: 18.5% | epoch: 1 | remaining: 177s    
step 00827 (40.8%) | loss: 3.220608 | lrm: 1.00 | dt: 150ms | tok/sec: 1,744,295 | mfu: 18.5% | epoch: 1 | remaining: 177s    
step 00828 (40.9%) | loss: 3.222437 | lrm: 1.00 | dt: 150ms | tok/sec: 1,744,683 | mfu: 18.5% | epoch: 1 | remaining: 177s    
step 00829 (40.9%) | loss: 3.220786 | lrm: 1.00 | dt: 150ms | tok/sec: 1,744,448 | mfu: 18.5% | epoch: 1 | remaining: 177s    
step 00830 (41.0%) | loss: 3.211944 | lrm: 1.00 | dt: 150ms | tok/sec: 1,744,364 | mfu: 18.5% | epoch: 1 | remaining: 177s    
step 00831 (41.0%) | loss: 3.210719 | lrm: 1.00 | dt: 150ms | tok/sec: 1,744,179 | mfu: 18.5% | epoch: 1 | remaining: 177s    
step 00832 (41.1%) | loss: 3.212371 | lrm: 1.00 | dt: 150ms | tok/sec: 1,744,727 | mfu: 18.5% | epoch: 1 | remaining: 177s    
step 00833 (41.1%) | loss: 3.214604 | lrm: 1.00 | dt: 150ms | tok/sec: 1,745,134 | mfu: 18.5% | epoch: 1 | remaining: 176s    
step 00834 (41.2%) | loss: 3.212911 | lrm: 1.00 | dt: 150ms | tok/sec: 1,744,171 | mfu: 18.5% | epoch: 1 | remaining: 176s    
step 00835 (41.2%) | loss: 3.216602 | lrm: 1.00 | dt: 150ms | tok/sec: 1,743,352 | mfu: 18.5% | epoch: 1 | remaining: 176s    
step 00836 (41.3%) | loss: 3.219077 | lrm: 1.00 | dt: 150ms | tok/sec: 1,744,553 | mfu: 18.5% | epoch: 1 | remaining: 176s    
step 00837 (41.3%) | loss: 3.219209 | lrm: 1.00 | dt: 150ms | tok/sec: 1,744,758 | mfu: 18.5% | epoch: 1 | remaining: 176s    
step 00838 (41.4%) | loss: 3.220759 | lrm: 1.00 | dt: 150ms | tok/sec: 1,744,796 | mfu: 18.5% | epoch: 1 | remaining: 176s    
step 00839 (41.4%) | loss: 3.214387 | lrm: 1.00 | dt: 150ms | tok/sec: 1,744,893 | mfu: 18.5% | epoch: 1 | remaining: 176s    
step 00840 (41.5%) | loss: 3.214176 | lrm: 1.00 | dt: 150ms | tok/sec: 1,744,608 | mfu: 18.5% | epoch: 1 | remaining: 175s    
step 00841 (41.5%) | loss: 3.212632 | lrm: 1.00 | dt: 150ms | tok/sec: 1,744,270 | mfu: 18.5% | epoch: 1 | remaining: 175s    
step 00842 (41.6%) | loss: 3.210451 | lrm: 1.00 | dt: 150ms | tok/sec: 1,744,251 | mfu: 18.5% | epoch: 1 | remaining: 175s    
step 00843 (41.6%) | loss: 3.206767 | lrm: 1.00 | dt: 150ms | tok/sec: 1,744,597 | mfu: 18.5% | epoch: 1 | remaining: 175s    
step 00844 (41.7%) | loss: 3.208429 | lrm: 1.00 | dt: 150ms | tok/sec: 1,743,980 | mfu: 18.5% | epoch: 1 | remaining: 175s    
step 00845 (41.7%) | loss: 3.207806 | lrm: 1.00 | dt: 150ms | tok/sec: 1,744,528 | mfu: 18.5% | epoch: 1 | remaining: 175s    
step 00846 (41.8%) | loss: 3.202724 | lrm: 1.00 | dt: 150ms | tok/sec: 1,744,041 | mfu: 18.5% | epoch: 1 | remaining: 174s    
step 00847 (41.8%) | loss: 3.209362 | lrm: 1.00 | dt: 150ms | tok/sec: 1,744,442 | mfu: 18.5% | epoch: 1 | remaining: 174s    
step 00848 (41.9%) | loss: 3.206758 | lrm: 1.00 | dt: 150ms | tok/sec: 1,744,146 | mfu: 18.5% | epoch: 1 | remaining: 174s    
step 00849 (41.9%) | loss: 3.209237 | lrm: 1.00 | dt: 150ms | tok/sec: 1,744,702 | mfu: 18.5% | epoch: 1 | remaining: 174s    
step 00850 (42.0%) | loss: 3.210168 | lrm: 1.00 | dt: 150ms | tok/sec: 1,744,309 | mfu: 18.5% | epoch: 1 | remaining: 174s    
step 00851 (42.0%) | loss: 3.211392 | lrm: 1.00 | dt: 151ms | tok/sec: 1,741,615 | mfu: 18.5% | epoch: 1 | remaining: 174s    
step 00852 (42.1%) | loss: 3.208836 | lrm: 1.00 | dt: 151ms | tok/sec: 1,741,723 | mfu: 18.5% | epoch: 1 | remaining: 174s    
step 00853 (42.2%) | loss: 3.204482 | lrm: 1.00 | dt: 150ms | tok/sec: 1,743,432 | mfu: 18.5% | epoch: 1 | remaining: 173s    
step 00854 (42.2%) | loss: 3.206443 | lrm: 1.00 | dt: 150ms | tok/sec: 1,743,435 | mfu: 18.5% | epoch: 1 | remaining: 173s    
step 00855 (42.3%) | loss: 3.207431 | lrm: 1.00 | dt: 150ms | tok/sec: 1,743,532 | mfu: 18.5% | epoch: 1 | remaining: 173s    
step 00856 (42.3%) | loss: 3.206938 | lrm: 1.00 | dt: 150ms | tok/sec: 1,743,584 | mfu: 18.5% | epoch: 1 | remaining: 173s    
step 00857 (42.4%) | loss: 3.205031 | lrm: 1.00 | dt: 150ms | tok/sec: 1,742,162 | mfu: 18.5% | epoch: 1 | remaining: 173s    
step 00858 (42.4%) | loss: 3.205847 | lrm: 1.00 | dt: 151ms | tok/sec: 1,741,259 | mfu: 18.5% | epoch: 1 | remaining: 173s    
step 00859 (42.5%) | loss: 3.200434 | lrm: 1.00 | dt: 150ms | tok/sec: 1,743,513 | mfu: 18.5% | epoch: 1 | remaining: 172s    
step 00860 (42.5%) | loss: 3.198323 | lrm: 1.00 | dt: 150ms | tok/sec: 1,743,175 | mfu: 18.5% | epoch: 1 | remaining: 172s    
step 00861 (42.6%) | loss: 3.201515 | lrm: 1.00 | dt: 150ms | tok/sec: 1,743,930 | mfu: 18.5% | epoch: 1 | remaining: 172s    
step 00862 (42.6%) | loss: 3.206208 | lrm: 1.00 | dt: 150ms | tok/sec: 1,744,528 | mfu: 18.5% | epoch: 1 | remaining: 172s    
step 00863 (42.7%) | loss: 3.206595 | lrm: 1.00 | dt: 150ms | tok/sec: 1,744,661 | mfu: 18.5% | epoch: 1 | remaining: 172s    
step 00864 (42.7%) | loss: 3.206628 | lrm: 1.00 | dt: 150ms | tok/sec: 1,743,725 | mfu: 18.5% | epoch: 1 | remaining: 172s    
step 00865 (42.8%) | loss: 3.205752 | lrm: 1.00 | dt: 150ms | tok/sec: 1,744,470 | mfu: 18.5% | epoch: 1 | remaining: 172s    
step 00866 (42.8%) | loss: 3.208265 | lrm: 1.00 | dt: 150ms | tok/sec: 1,745,082 | mfu: 18.5% | epoch: 1 | remaining: 171s    
step 00867 (42.9%) | loss: 3.205319 | lrm: 1.00 | dt: 150ms | tok/sec: 1,745,181 | mfu: 18.5% | epoch: 1 | remaining: 171s    
step 00868 (42.9%) | loss: 3.205904 | lrm: 1.00 | dt: 150ms | tok/sec: 1,744,536 | mfu: 18.5% | epoch: 1 | remaining: 171s    
step 00869 (43.0%) | loss: 3.209784 | lrm: 1.00 | dt: 150ms | tok/sec: 1,743,925 | mfu: 18.5% | epoch: 1 | remaining: 171s    
step 00870 (43.0%) | loss: 3.209682 | lrm: 1.00 | dt: 150ms | tok/sec: 1,744,600 | mfu: 18.5% | epoch: 1 | remaining: 171s    
step 00871 (43.1%) | loss: 3.206106 | lrm: 1.00 | dt: 150ms | tok/sec: 1,744,392 | mfu: 18.5% | epoch: 1 | remaining: 171s    
step 00872 (43.1%) | loss: 3.209405 | lrm: 1.00 | dt: 150ms | tok/sec: 1,744,146 | mfu: 18.5% | epoch: 1 | remaining: 171s    
step 00873 (43.2%) | loss: 3.211546 | lrm: 1.00 | dt: 150ms | tok/sec: 1,743,601 | mfu: 18.5% | epoch: 1 | remaining: 170s    
step 00874 (43.2%) | loss: 3.210448 | lrm: 1.00 | dt: 151ms | tok/sec: 1,740,829 | mfu: 18.5% | epoch: 1 | remaining: 170s    
step 00875 (43.3%) | loss: 3.214204 | lrm: 1.00 | dt: 151ms | tok/sec: 1,741,665 | mfu: 18.5% | epoch: 1 | remaining: 170s    
step 00876 (43.3%) | loss: 3.209900 | lrm: 1.00 | dt: 151ms | tok/sec: 1,741,701 | mfu: 18.5% | epoch: 1 | remaining: 170s    
step 00877 (43.4%) | loss: 3.211504 | lrm: 1.00 | dt: 150ms | tok/sec: 1,742,775 | mfu: 18.5% | epoch: 1 | remaining: 170s    
step 00878 (43.4%) | loss: 3.210948 | lrm: 1.00 | dt: 150ms | tok/sec: 1,743,629 | mfu: 18.5% | epoch: 1 | remaining: 170s    
step 00879 (43.5%) | loss: 3.212418 | lrm: 1.00 | dt: 151ms | tok/sec: 1,740,634 | mfu: 18.5% | epoch: 1 | remaining: 169s    
step 00880 (43.5%) | loss: 3.211209 | lrm: 1.00 | dt: 150ms | tok/sec: 1,743,264 | mfu: 18.5% | epoch: 1 | remaining: 169s    
step 00881 (43.6%) | loss: 3.210395 | lrm: 1.00 | dt: 150ms | tok/sec: 1,743,734 | mfu: 18.5% | epoch: 1 | remaining: 169s    
step 00882 (43.6%) | loss: 3.209398 | lrm: 1.00 | dt: 150ms | tok/sec: 1,743,137 | mfu: 18.5% | epoch: 1 | remaining: 169s    
step 00883 (43.7%) | loss: 3.217986 | lrm: 1.00 | dt: 150ms | tok/sec: 1,744,400 | mfu: 18.5% | epoch: 1 | remaining: 169s    
step 00884 (43.7%) | loss: 3.216123 | lrm: 1.00 | dt: 150ms | tok/sec: 1,744,226 | mfu: 18.5% | epoch: 1 | remaining: 169s    
step 00885 (43.8%) | loss: 3.218822 | lrm: 1.00 | dt: 150ms | tok/sec: 1,743,864 | mfu: 18.5% | epoch: 1 | remaining: 169s    
step 00886 (43.8%) | loss: 3.218015 | lrm: 1.00 | dt: 150ms | tok/sec: 1,743,678 | mfu: 18.5% | epoch: 1 | remaining: 168s    
step 00887 (43.9%) | loss: 3.213153 | lrm: 1.00 | dt: 150ms | tok/sec: 1,744,245 | mfu: 18.5% | epoch: 1 | remaining: 168s    
step 00888 (43.9%) | loss: 3.214473 | lrm: 1.00 | dt: 150ms | tok/sec: 1,744,436 | mfu: 18.5% | epoch: 1 | remaining: 168s    
step 00889 (44.0%) | loss: 3.217787 | lrm: 1.00 | dt: 150ms | tok/sec: 1,742,695 | mfu: 18.5% | epoch: 1 | remaining: 168s    
step 00890 (44.0%) | loss: 3.218468 | lrm: 1.00 | dt: 150ms | tok/sec: 1,743,189 | mfu: 18.5% | epoch: 1 | remaining: 168s    
step 00891 (44.1%) | loss: 3.218706 | lrm: 1.00 | dt: 150ms | tok/sec: 1,742,885 | mfu: 18.5% | epoch: 1 | remaining: 168s    
step 00892 (44.1%) | loss: 3.216223 | lrm: 1.00 | dt: 150ms | tok/sec: 1,743,955 | mfu: 18.5% | epoch: 1 | remaining: 168s    
step 00893 (44.2%) | loss: 3.214709 | lrm: 1.00 | dt: 150ms | tok/sec: 1,744,248 | mfu: 18.5% | epoch: 1 | remaining: 167s    
step 00894 (44.2%) | loss: 3.210071 | lrm: 1.00 | dt: 150ms | tok/sec: 1,745,070 | mfu: 18.5% | epoch: 1 | remaining: 167s    
step 00895 (44.3%) | loss: 3.204652 | lrm: 1.00 | dt: 150ms | tok/sec: 1,743,308 | mfu: 18.5% | epoch: 1 | remaining: 167s    
step 00896 (44.3%) | loss: 3.207246 | lrm: 1.00 | dt: 150ms | tok/sec: 1,743,908 | mfu: 18.5% | epoch: 1 | remaining: 167s    
step 00897 (44.4%) | loss: 3.206704 | lrm: 1.00 | dt: 150ms | tok/sec: 1,744,035 | mfu: 18.5% | epoch: 1 | remaining: 167s    
step 00898 (44.4%) | loss: 3.205156 | lrm: 1.00 | dt: 151ms | tok/sec: 1,740,568 | mfu: 18.5% | epoch: 1 | remaining: 167s    
step 00899 (44.5%) | loss: 3.205230 | lrm: 1.00 | dt: 150ms | tok/sec: 1,742,587 | mfu: 18.5% | epoch: 1 | remaining: 166s    
step 00900 (44.5%) | loss: 3.200790 | lrm: 1.00 | dt: 150ms | tok/sec: 1,743,170 | mfu: 18.5% | epoch: 1 | remaining: 166s    
step 00901 (44.6%) | loss: 3.200014 | lrm: 1.00 | dt: 150ms | tok/sec: 1,743,186 | mfu: 18.5% | epoch: 1 | remaining: 166s    
step 00902 (44.6%) | loss: 3.204573 | lrm: 1.00 | dt: 150ms | tok/sec: 1,743,377 | mfu: 18.5% | epoch: 1 | remaining: 166s    
step 00903 (44.7%) | loss: 3.203883 | lrm: 1.00 | dt: 151ms | tok/sec: 1,740,479 | mfu: 18.5% | epoch: 1 | remaining: 166s    
step 00904 (44.7%) | loss: 3.207915 | lrm: 1.00 | dt: 150ms | tok/sec: 1,743,211 | mfu: 18.5% | epoch: 1 | remaining: 166s    
step 00905 (44.8%) | loss: 3.203206 | lrm: 1.00 | dt: 150ms | tok/sec: 1,742,910 | mfu: 18.5% | epoch: 1 | remaining: 166s    
step 00906 (44.8%) | loss: 3.200715 | lrm: 1.00 | dt: 150ms | tok/sec: 1,744,038 | mfu: 18.5% | epoch: 1 | remaining: 165s    
step 00907 (44.9%) | loss: 3.203929 | lrm: 1.00 | dt: 150ms | tok/sec: 1,743,908 | mfu: 18.5% | epoch: 1 | remaining: 165s    
step 00908 (44.9%) | loss: 3.201035 | lrm: 1.00 | dt: 150ms | tok/sec: 1,743,977 | mfu: 18.5% | epoch: 1 | remaining: 165s    
step 00909 (45.0%) | loss: 3.197524 | lrm: 1.00 | dt: 150ms | tok/sec: 1,743,560 | mfu: 18.5% | epoch: 1 | remaining: 165s    
step 00910 (45.0%) | loss: 3.194505 | lrm: 1.00 | dt: 150ms | tok/sec: 1,744,234 | mfu: 18.5% | epoch: 1 | remaining: 165s    
step 00911 (45.1%) | loss: 3.197207 | lrm: 1.00 | dt: 150ms | tok/sec: 1,743,670 | mfu: 18.5% | epoch: 1 | remaining: 165s    
step 00912 (45.1%) | loss: 3.197500 | lrm: 1.00 | dt: 150ms | tok/sec: 1,742,106 | mfu: 18.5% | epoch: 1 | remaining: 165s    
step 00913 (45.2%) | loss: 3.198899 | lrm: 1.00 | dt: 150ms | tok/sec: 1,743,479 | mfu: 18.5% | epoch: 1 | remaining: 164s    
step 00914 (45.2%) | loss: 3.197074 | lrm: 1.00 | dt: 150ms | tok/sec: 1,742,888 | mfu: 18.5% | epoch: 1 | remaining: 164s    
step 00915 (45.3%) | loss: 3.197982 | lrm: 1.00 | dt: 150ms | tok/sec: 1,743,582 | mfu: 18.5% | epoch: 1 | remaining: 164s    
step 00916 (45.3%) | loss: 3.194365 | lrm: 1.00 | dt: 150ms | tok/sec: 1,742,902 | mfu: 18.5% | epoch: 1 | remaining: 164s    
step 00917 (45.4%) | loss: 3.194906 | lrm: 1.00 | dt: 150ms | tok/sec: 1,743,864 | mfu: 18.5% | epoch: 1 | remaining: 164s    
step 00918 (45.4%) | loss: 3.198094 | lrm: 1.00 | dt: 150ms | tok/sec: 1,744,290 | mfu: 18.5% | epoch: 1 | remaining: 164s    
step 00919 (45.5%) | loss: 3.198746 | lrm: 1.00 | dt: 150ms | tok/sec: 1,743,454 | mfu: 18.5% | epoch: 1 | remaining: 163s    
step 00920 (45.5%) | loss: 3.201068 | lrm: 1.00 | dt: 150ms | tok/sec: 1,743,944 | mfu: 18.5% | epoch: 1 | remaining: 163s    
step 00921 (45.6%) | loss: 3.200213 | lrm: 1.00 | dt: 150ms | tok/sec: 1,742,938 | mfu: 18.5% | epoch: 1 | remaining: 163s    
step 00922 (45.6%) | loss: 3.204387 | lrm: 1.00 | dt: 150ms | tok/sec: 1,742,485 | mfu: 18.5% | epoch: 1 | remaining: 163s    
step 00923 (45.7%) | loss: 3.203223 | lrm: 1.00 | dt: 150ms | tok/sec: 1,742,813 | mfu: 18.5% | epoch: 1 | remaining: 163s    
step 00924 (45.7%) | loss: 3.205081 | lrm: 1.00 | dt: 150ms | tok/sec: 1,743,032 | mfu: 18.5% | epoch: 1 | remaining: 163s    
step 00925 (45.8%) | loss: 3.203642 | lrm: 1.00 | dt: 150ms | tok/sec: 1,743,582 | mfu: 18.5% | epoch: 1 | remaining: 163s    
step 00926 (45.8%) | loss: 3.203361 | lrm: 1.00 | dt: 150ms | tok/sec: 1,743,795 | mfu: 18.5% | epoch: 1 | remaining: 162s    
step 00927 (45.9%) | loss: 3.201398 | lrm: 1.00 | dt: 150ms | tok/sec: 1,743,175 | mfu: 18.5% | epoch: 1 | remaining: 162s    
step 00928 (45.9%) | loss: 3.203724 | lrm: 1.00 | dt: 150ms | tok/sec: 1,743,775 | mfu: 18.5% | epoch: 1 | remaining: 162s    
step 00929 (46.0%) | loss: 3.207282 | lrm: 1.00 | dt: 150ms | tok/sec: 1,743,106 | mfu: 18.5% | epoch: 1 | remaining: 162s    
step 00930 (46.0%) | loss: 3.207571 | lrm: 1.00 | dt: 150ms | tok/sec: 1,743,936 | mfu: 18.5% | epoch: 1 | remaining: 162s    
step 00931 (46.1%) | loss: 3.202499 | lrm: 1.00 | dt: 150ms | tok/sec: 1,742,692 | mfu: 18.5% | epoch: 1 | remaining: 162s    
step 00932 (46.1%) | loss: 3.199900 | lrm: 1.00 | dt: 150ms | tok/sec: 1,744,005 | mfu: 18.5% | epoch: 1 | remaining: 162s    
step 00933 (46.2%) | loss: 3.199450 | lrm: 1.00 | dt: 150ms | tok/sec: 1,744,569 | mfu: 18.5% | epoch: 1 | remaining: 161s    
step 00934 (46.2%) | loss: 3.199537 | lrm: 1.00 | dt: 150ms | tok/sec: 1,744,298 | mfu: 18.5% | epoch: 1 | remaining: 161s    
step 00935 (46.3%) | loss: 3.196246 | lrm: 1.00 | dt: 150ms | tok/sec: 1,744,138 | mfu: 18.5% | epoch: 1 | remaining: 161s    
step 00936 (46.3%) | loss: 3.198985 | lrm: 1.00 | dt: 150ms | tok/sec: 1,742,576 | mfu: 18.5% | epoch: 1 | remaining: 161s    
step 00937 (46.4%) | loss: 3.199394 | lrm: 1.00 | dt: 150ms | tok/sec: 1,743,919 | mfu: 18.5% | epoch: 1 | remaining: 161s    
step 00938 (46.4%) | loss: 3.205301 | lrm: 1.00 | dt: 150ms | tok/sec: 1,743,562 | mfu: 18.5% | epoch: 1 | remaining: 161s    
step 00939 (46.5%) | loss: 3.200072 | lrm: 1.00 | dt: 150ms | tok/sec: 1,743,961 | mfu: 18.5% | epoch: 1 | remaining: 160s    
step 00940 (46.5%) | loss: 3.202475 | lrm: 1.00 | dt: 150ms | tok/sec: 1,743,325 | mfu: 18.5% | epoch: 1 | remaining: 160s    
step 00941 (46.6%) | loss: 3.194434 | lrm: 1.00 | dt: 150ms | tok/sec: 1,744,564 | mfu: 18.5% | epoch: 1 | remaining: 160s    
step 00942 (46.6%) | loss: 3.198188 | lrm: 1.00 | dt: 150ms | tok/sec: 1,742,565 | mfu: 18.5% | epoch: 1 | remaining: 160s    
step 00943 (46.7%) | loss: 3.195658 | lrm: 1.00 | dt: 150ms | tok/sec: 1,742,537 | mfu: 18.5% | epoch: 1 | remaining: 160s    
step 00944 (46.7%) | loss: 3.197125 | lrm: 1.00 | dt: 150ms | tok/sec: 1,743,018 | mfu: 18.5% | epoch: 1 | remaining: 160s    
step 00945 (46.8%) | loss: 3.197043 | lrm: 1.00 | dt: 150ms | tok/sec: 1,744,212 | mfu: 18.5% | epoch: 1 | remaining: 160s    
step 00946 (46.8%) | loss: 3.190812 | lrm: 1.00 | dt: 150ms | tok/sec: 1,742,360 | mfu: 18.5% | epoch: 1 | remaining: 159s    
step 00947 (46.9%) | loss: 3.192738 | lrm: 1.00 | dt: 150ms | tok/sec: 1,743,092 | mfu: 18.5% | epoch: 1 | remaining: 159s    
step 00948 (46.9%) | loss: 3.190969 | lrm: 1.00 | dt: 150ms | tok/sec: 1,743,526 | mfu: 18.5% | epoch: 1 | remaining: 159s    
step 00949 (47.0%) | loss: 3.191930 | lrm: 1.00 | dt: 150ms | tok/sec: 1,743,972 | mfu: 18.5% | epoch: 1 | remaining: 159s    
step 00950 (47.0%) | loss: 3.189091 | lrm: 1.00 | dt: 150ms | tok/sec: 1,743,703 | mfu: 18.5% | epoch: 1 | remaining: 159s    
step 00951 (47.1%) | loss: 3.191176 | lrm: 1.00 | dt: 150ms | tok/sec: 1,744,434 | mfu: 18.5% | epoch: 1 | remaining: 159s    
step 00952 (47.1%) | loss: 3.197443 | lrm: 1.00 | dt: 150ms | tok/sec: 1,744,298 | mfu: 18.5% | epoch: 1 | remaining: 159s    
step 00953 (47.2%) | loss: 3.203113 | lrm: 1.00 | dt: 150ms | tok/sec: 1,744,431 | mfu: 18.5% | epoch: 1 | remaining: 158s    
step 00954 (47.2%) | loss: 3.203564 | lrm: 1.00 | dt: 150ms | tok/sec: 1,744,002 | mfu: 18.5% | epoch: 1 | remaining: 158s    
step 00955 (47.3%) | loss: 3.198367 | lrm: 1.00 | dt: 150ms | tok/sec: 1,743,916 | mfu: 18.5% | epoch: 1 | remaining: 158s    
step 00956 (47.3%) | loss: 3.197270 | lrm: 1.00 | dt: 150ms | tok/sec: 1,743,659 | mfu: 18.5% | epoch: 1 | remaining: 158s    
step 00957 (47.4%) | loss: 3.197747 | lrm: 1.00 | dt: 150ms | tok/sec: 1,743,778 | mfu: 18.5% | epoch: 1 | remaining: 158s    
step 00958 (47.4%) | loss: 3.201533 | lrm: 1.00 | dt: 150ms | tok/sec: 1,743,264 | mfu: 18.5% | epoch: 1 | remaining: 158s    
step 00959 (47.5%) | loss: 3.197568 | lrm: 1.00 | dt: 150ms | tok/sec: 1,744,284 | mfu: 18.5% | epoch: 1 | remaining: 157s    
step 00960 (47.5%) | loss: 3.196506 | lrm: 1.00 | dt: 150ms | tok/sec: 1,743,264 | mfu: 18.5% | epoch: 1 | remaining: 157s    
step 00961 (47.6%) | loss: 3.195263 | lrm: 1.00 | dt: 150ms | tok/sec: 1,743,872 | mfu: 18.5% | epoch: 1 | remaining: 157s    
step 00962 (47.6%) | loss: 3.194886 | lrm: 1.00 | dt: 150ms | tok/sec: 1,743,584 | mfu: 18.5% | epoch: 1 | remaining: 157s    
step 00963 (47.7%) | loss: 3.195067 | lrm: 1.00 | dt: 150ms | tok/sec: 1,742,725 | mfu: 18.5% | epoch: 1 | remaining: 157s    
step 00964 (47.7%) | loss: 3.193687 | lrm: 1.00 | dt: 150ms | tok/sec: 1,742,485 | mfu: 18.5% | epoch: 1 | remaining: 157s    
step 00965 (47.8%) | loss: 3.193129 | lrm: 1.00 | dt: 150ms | tok/sec: 1,743,883 | mfu: 18.5% | epoch: 1 | remaining: 157s    
step 00966 (47.8%) | loss: 3.193082 | lrm: 1.00 | dt: 150ms | tok/sec: 1,743,565 | mfu: 18.5% | epoch: 1 | remaining: 156s    
step 00967 (47.9%) | loss: 3.195006 | lrm: 1.00 | dt: 150ms | tok/sec: 1,743,499 | mfu: 18.5% | epoch: 1 | remaining: 156s    
step 00968 (47.9%) | loss: 3.191960 | lrm: 1.00 | dt: 150ms | tok/sec: 1,742,352 | mfu: 18.5% | epoch: 1 | remaining: 156s    
step 00969 (48.0%) | loss: 3.190797 | lrm: 1.00 | dt: 150ms | tok/sec: 1,743,974 | mfu: 18.5% | epoch: 1 | remaining: 156s    
step 00970 (48.0%) | loss: 3.187397 | lrm: 1.00 | dt: 150ms | tok/sec: 1,743,336 | mfu: 18.5% | epoch: 1 | remaining: 156s    
step 00971 (48.1%) | loss: 3.184843 | lrm: 1.00 | dt: 150ms | tok/sec: 1,742,788 | mfu: 18.5% | epoch: 1 | remaining: 156s    
step 00972 (48.1%) | loss: 3.178618 | lrm: 1.00 | dt: 150ms | tok/sec: 1,742,932 | mfu: 18.5% | epoch: 1 | remaining: 156s    
step 00973 (48.2%) | loss: 3.177636 | lrm: 1.00 | dt: 150ms | tok/sec: 1,743,322 | mfu: 18.5% | epoch: 1 | remaining: 155s    
step 00974 (48.2%) | loss: 3.175797 | lrm: 1.00 | dt: 150ms | tok/sec: 1,743,432 | mfu: 18.5% | epoch: 1 | remaining: 155s    
step 00975 (48.3%) | loss: 3.174608 | lrm: 1.00 | dt: 150ms | tok/sec: 1,743,181 | mfu: 18.5% | epoch: 1 | remaining: 155s    
step 00976 (48.3%) | loss: 3.172991 | lrm: 1.00 | dt: 150ms | tok/sec: 1,744,060 | mfu: 18.5% | epoch: 1 | remaining: 155s    
step 00977 (48.4%) | loss: 3.173837 | lrm: 1.00 | dt: 150ms | tok/sec: 1,744,580 | mfu: 18.5% | epoch: 1 | remaining: 155s    
step 00978 (48.4%) | loss: 3.172197 | lrm: 1.00 | dt: 150ms | tok/sec: 1,744,835 | mfu: 18.5% | epoch: 1 | remaining: 155s    
step 00979 (48.5%) | loss: 3.172451 | lrm: 1.00 | dt: 150ms | tok/sec: 1,743,792 | mfu: 18.5% | epoch: 1 | remaining: 154s    
step 00980 (48.5%) | loss: 3.169009 | lrm: 1.00 | dt: 150ms | tok/sec: 1,743,416 | mfu: 18.5% | epoch: 1 | remaining: 154s    
step 00981 (48.6%) | loss: 3.171219 | lrm: 1.00 | dt: 150ms | tok/sec: 1,743,886 | mfu: 18.5% | epoch: 1 | remaining: 154s    
step 00982 (48.6%) | loss: 3.169060 | lrm: 1.00 | dt: 150ms | tok/sec: 1,744,127 | mfu: 18.5% | epoch: 1 | remaining: 154s    
step 00983 (48.7%) | loss: 3.168522 | lrm: 1.00 | dt: 150ms | tok/sec: 1,743,850 | mfu: 18.5% | epoch: 1 | remaining: 154s    
step 00984 (48.7%) | loss: 3.165963 | lrm: 1.00 | dt: 150ms | tok/sec: 1,743,764 | mfu: 18.5% | epoch: 1 | remaining: 154s    
step 00985 (48.8%) | loss: 3.174496 | lrm: 1.00 | dt: 150ms | tok/sec: 1,744,555 | mfu: 18.5% | epoch: 1 | remaining: 154s    
step 00986 (48.8%) | loss: 3.172656 | lrm: 1.00 | dt: 150ms | tok/sec: 1,743,723 | mfu: 18.5% | epoch: 1 | remaining: 153s    
step 00987 (48.9%) | loss: 3.179252 | lrm: 1.00 | dt: 151ms | tok/sec: 1,741,624 | mfu: 18.5% | epoch: 1 | remaining: 153s    
step 00988 (48.9%) | loss: 3.182593 | lrm: 1.00 | dt: 150ms | tok/sec: 1,743,919 | mfu: 18.5% | epoch: 1 | remaining: 153s    
step 00989 (49.0%) | loss: 3.186212 | lrm: 1.00 | dt: 150ms | tok/sec: 1,742,695 | mfu: 18.5% | epoch: 1 | remaining: 153s    
step 00990 (49.0%) | loss: 3.182957 | lrm: 1.00 | dt: 150ms | tok/sec: 1,744,118 | mfu: 18.5% | epoch: 1 | remaining: 153s    
step 00991 (49.1%) | loss: 3.183022 | lrm: 1.00 | dt: 150ms | tok/sec: 1,743,584 | mfu: 18.5% | epoch: 1 | remaining: 153s    
step 00992 (49.1%) | loss: 3.180314 | lrm: 1.00 | dt: 150ms | tok/sec: 1,743,654 | mfu: 18.5% | epoch: 1 | remaining: 152s    
step 00993 (49.2%) | loss: 3.181373 | lrm: 1.00 | dt: 150ms | tok/sec: 1,743,001 | mfu: 18.5% | epoch: 1 | remaining: 152s    
step 00994 (49.2%) | loss: 3.183051 | lrm: 1.00 | dt: 150ms | tok/sec: 1,743,618 | mfu: 18.5% | epoch: 1 | remaining: 152s    
step 00995 (49.3%) | loss: 3.183779 | lrm: 1.00 | dt: 150ms | tok/sec: 1,742,322 | mfu: 18.5% | epoch: 1 | remaining: 152s    
step 00996 (49.3%) | loss: 3.184310 | lrm: 1.00 | dt: 150ms | tok/sec: 1,742,725 | mfu: 18.5% | epoch: 1 | remaining: 152s    
step 00997 (49.4%) | loss: 3.183204 | lrm: 1.00 | dt: 150ms | tok/sec: 1,742,112 | mfu: 18.5% | epoch: 1 | remaining: 152s    
step 00998 (49.4%) | loss: 3.183431 | lrm: 1.00 | dt: 150ms | tok/sec: 1,743,267 | mfu: 18.5% | epoch: 1 | remaining: 152s    
step 00999 (49.5%) | loss: 3.187136 | lrm: 1.00 | dt: 150ms | tok/sec: 1,742,573 | mfu: 18.5% | epoch: 1 | remaining: 151s    
step 01000 (49.5%) | loss: 3.186076 | lrm: 1.00 | dt: 150ms | tok/sec: 1,743,231 | mfu: 18.5% | epoch: 1 | remaining: 151s    
step 01001 (49.6%) | loss: 3.191945 | lrm: 1.00 | dt: 150ms | tok/sec: 1,742,523 | mfu: 18.5% | epoch: 1 | remaining: 151s    
step 01002 (49.6%) | loss: 3.192099 | lrm: 1.00 | dt: 150ms | tok/sec: 1,743,521 | mfu: 18.5% | epoch: 1 | remaining: 151s    
step 01003 (49.7%) | loss: 3.187313 | lrm: 1.00 | dt: 150ms | tok/sec: 1,742,258 | mfu: 18.5% | epoch: 1 | remaining: 151s    
step 01004 (49.7%) | loss: 3.183884 | lrm: 1.00 | dt: 150ms | tok/sec: 1,743,952 | mfu: 18.5% | epoch: 1 | remaining: 151s    
step 01005 (49.8%) | loss: 3.182199 | lrm: 1.00 | dt: 150ms | tok/sec: 1,743,344 | mfu: 18.5% | epoch: 1 | remaining: 151s    
step 01006 (49.8%) | loss: 3.182016 | lrm: 1.00 | dt: 150ms | tok/sec: 1,743,676 | mfu: 18.5% | epoch: 1 | remaining: 150s    
step 01007 (49.9%) | loss: 3.184834 | lrm: 1.00 | dt: 150ms | tok/sec: 1,744,569 | mfu: 18.5% | epoch: 1 | remaining: 150s    
step 01008 (49.9%) | loss: 3.176584 | lrm: 1.00 | dt: 150ms | tok/sec: 1,743,803 | mfu: 18.5% | epoch: 1 | remaining: 150s    
step 01009 (50.0%) | loss: 3.175740 | lrm: 1.00 | dt: 150ms | tok/sec: 1,743,966 | mfu: 18.5% | epoch: 1 | remaining: 150s    
step 01010 (50.0%) | loss: 3.177380 | lrm: 1.00 | dt: 150ms | tok/sec: 1,744,240 | mfu: 18.5% | epoch: 1 | remaining: 150s    
step 01011 (50.1%) | loss: 3.176090 | lrm: 1.00 | dt: 150ms | tok/sec: 1,743,145 | mfu: 18.5% | epoch: 1 | remaining: 150s    
step 01012 (50.1%) | loss: 3.178628 | lrm: 1.00 | dt: 150ms | tok/sec: 1,743,836 | mfu: 18.5% | epoch: 1 | remaining: 149s    
step 01013 (50.2%) | loss: 3.178582 | lrm: 1.00 | dt: 150ms | tok/sec: 1,743,607 | mfu: 18.5% | epoch: 1 | remaining: 149s    
step 01014 (50.2%) | loss: 3.178162 | lrm: 1.00 | dt: 150ms | tok/sec: 1,743,684 | mfu: 18.5% | epoch: 1 | remaining: 149s    
step 01015 (50.3%) | loss: 3.182524 | lrm: 1.00 | dt: 150ms | tok/sec: 1,744,110 | mfu: 18.5% | epoch: 1 | remaining: 149s    
step 01016 (50.3%) | loss: 3.182520 | lrm: 1.00 | dt: 150ms | tok/sec: 1,743,607 | mfu: 18.5% | epoch: 1 | remaining: 149s    
step 01017 (50.4%) | loss: 3.183870 | lrm: 1.00 | dt: 150ms | tok/sec: 1,743,571 | mfu: 18.5% | epoch: 1 | remaining: 149s    
step 01018 (50.4%) | loss: 3.182622 | lrm: 1.00 | dt: 150ms | tok/sec: 1,743,043 | mfu: 18.5% | epoch: 1 | remaining: 149s    
step 01019 (50.5%) | loss: 3.179262 | lrm: 1.00 | dt: 150ms | tok/sec: 1,742,808 | mfu: 18.5% | epoch: 1 | remaining: 148s    
step 01020 (50.5%) | loss: 3.178068 | lrm: 1.00 | dt: 150ms | tok/sec: 1,743,208 | mfu: 18.5% | epoch: 1 | remaining: 148s    
step 01021 (50.6%) | loss: 3.179756 | lrm: 1.00 | dt: 150ms | tok/sec: 1,743,360 | mfu: 18.5% | epoch: 1 | remaining: 148s    
step 01022 (50.6%) | loss: 3.175426 | lrm: 1.00 | dt: 150ms | tok/sec: 1,744,002 | mfu: 18.5% | epoch: 1 | remaining: 148s    
step 01023 (50.7%) | loss: 3.172302 | lrm: 1.00 | dt: 150ms | tok/sec: 1,743,015 | mfu: 18.5% | epoch: 1 | remaining: 148s    
step 01024 (50.7%) | loss: 3.171858 | lrm: 1.00 | dt: 150ms | tok/sec: 1,743,584 | mfu: 18.5% | epoch: 1 | remaining: 148s    
step 01025 (50.8%) | loss: 3.175849 | lrm: 1.00 | dt: 150ms | tok/sec: 1,742,573 | mfu: 18.5% | epoch: 1 | remaining: 148s    
step 01026 (50.8%) | loss: 3.173963 | lrm: 1.00 | dt: 150ms | tok/sec: 1,743,936 | mfu: 18.5% | epoch: 1 | remaining: 147s    
step 01027 (50.9%) | loss: 3.170240 | lrm: 1.00 | dt: 150ms | tok/sec: 1,742,498 | mfu: 18.5% | epoch: 1 | remaining: 147s    
step 01028 (50.9%) | loss: 3.170241 | lrm: 1.00 | dt: 150ms | tok/sec: 1,743,822 | mfu: 18.5% | epoch: 1 | remaining: 147s    
step 01029 (51.0%) | loss: 3.168505 | lrm: 1.00 | dt: 150ms | tok/sec: 1,743,684 | mfu: 18.5% | epoch: 1 | remaining: 147s    
step 01030 (51.0%) | loss: 3.173504 | lrm: 1.00 | dt: 150ms | tok/sec: 1,743,698 | mfu: 18.5% | epoch: 1 | remaining: 147s    
step 01031 (51.1%) | loss: 3.174917 | lrm: 1.00 | dt: 150ms | tok/sec: 1,744,099 | mfu: 18.5% | epoch: 1 | remaining: 147s    
step 01032 (51.1%) | loss: 3.176788 | lrm: 1.00 | dt: 150ms | tok/sec: 1,743,419 | mfu: 18.5% | epoch: 1 | remaining: 146s    
step 01033 (51.2%) | loss: 3.180081 | lrm: 1.00 | dt: 150ms | tok/sec: 1,744,088 | mfu: 18.5% | epoch: 1 | remaining: 146s    
step 01034 (51.2%) | loss: 3.177819 | lrm: 1.00 | dt: 150ms | tok/sec: 1,742,968 | mfu: 18.5% | epoch: 1 | remaining: 146s    
step 01035 (51.3%) | loss: 3.182100 | lrm: 1.00 | dt: 150ms | tok/sec: 1,744,364 | mfu: 18.5% | epoch: 1 | remaining: 146s    
step 01036 (51.3%) | loss: 3.179585 | lrm: 1.00 | dt: 150ms | tok/sec: 1,743,148 | mfu: 18.5% | epoch: 1 | remaining: 146s    
step 01037 (51.4%) | loss: 3.180495 | lrm: 1.00 | dt: 150ms | tok/sec: 1,743,402 | mfu: 18.5% | epoch: 1 | remaining: 146s    
step 01038 (51.4%) | loss: 3.179866 | lrm: 1.00 | dt: 151ms | tok/sec: 1,741,039 | mfu: 18.5% | epoch: 1 | remaining: 146s    
step 01039 (51.5%) | loss: 3.178576 | lrm: 1.00 | dt: 150ms | tok/sec: 1,743,833 | mfu: 18.5% | epoch: 1 | remaining: 145s    
step 01040 (51.5%) | loss: 3.183180 | lrm: 1.00 | dt: 150ms | tok/sec: 1,743,504 | mfu: 18.5% | epoch: 1 | remaining: 145s    
step 01041 (51.6%) | loss: 3.184187 | lrm: 1.00 | dt: 150ms | tok/sec: 1,743,264 | mfu: 18.5% | epoch: 1 | remaining: 145s    
step 01042 (51.6%) | loss: 3.183725 | lrm: 1.00 | dt: 150ms | tok/sec: 1,743,242 | mfu: 18.5% | epoch: 1 | remaining: 145s    
step 01043 (51.7%) | loss: 3.182858 | lrm: 1.00 | dt: 150ms | tok/sec: 1,743,062 | mfu: 18.5% | epoch: 1 | remaining: 145s    
step 01044 (51.7%) | loss: 3.187547 | lrm: 1.00 | dt: 151ms | tok/sec: 1,741,640 | mfu: 18.5% | epoch: 1 | remaining: 145s    
step 01045 (51.8%) | loss: 3.186363 | lrm: 1.00 | dt: 151ms | tok/sec: 1,741,422 | mfu: 18.5% | epoch: 1 | remaining: 145s    
step 01046 (51.8%) | loss: 3.182624 | lrm: 1.00 | dt: 150ms | tok/sec: 1,742,628 | mfu: 18.5% | epoch: 1 | remaining: 144s    
step 01047 (51.9%) | loss: 3.184394 | lrm: 1.00 | dt: 150ms | tok/sec: 1,742,587 | mfu: 18.5% | epoch: 1 | remaining: 144s    
step 01048 (51.9%) | loss: 3.186881 | lrm: 1.00 | dt: 150ms | tok/sec: 1,742,974 | mfu: 18.5% | epoch: 1 | remaining: 144s    
step 01049 (52.0%) | loss: 3.186092 | lrm: 1.00 | dt: 150ms | tok/sec: 1,743,883 | mfu: 18.5% | epoch: 1 | remaining: 144s    
step 01050 (52.0%) | loss: 3.178619 | lrm: 1.00 | dt: 150ms | tok/sec: 1,743,515 | mfu: 18.5% | epoch: 1 | remaining: 144s    
step 01051 (52.1%) | loss: 3.177839 | lrm: 1.00 | dt: 150ms | tok/sec: 1,743,748 | mfu: 18.5% | epoch: 1 | remaining: 144s    
step 01052 (52.1%) | loss: 3.179840 | lrm: 1.00 | dt: 151ms | tok/sec: 1,741,053 | mfu: 18.5% | epoch: 1 | remaining: 143s    
step 01053 (52.2%) | loss: 3.176657 | lrm: 1.00 | dt: 151ms | tok/sec: 1,741,246 | mfu: 18.5% | epoch: 1 | remaining: 143s    
step 01054 (52.2%) | loss: 3.176480 | lrm: 1.00 | dt: 150ms | tok/sec: 1,742,590 | mfu: 18.5% | epoch: 1 | remaining: 143s    
step 01055 (52.3%) | loss: 3.174676 | lrm: 1.00 | dt: 150ms | tok/sec: 1,742,913 | mfu: 18.5% | epoch: 1 | remaining: 143s    
step 01056 (52.3%) | loss: 3.170613 | lrm: 1.00 | dt: 150ms | tok/sec: 1,743,385 | mfu: 18.5% | epoch: 1 | remaining: 143s    
step 01057 (52.4%) | loss: 3.169189 | lrm: 1.00 | dt: 150ms | tok/sec: 1,742,474 | mfu: 18.5% | epoch: 1 | remaining: 143s    
step 01058 (52.4%) | loss: 3.165299 | lrm: 1.00 | dt: 150ms | tok/sec: 1,743,131 | mfu: 18.5% | epoch: 1 | remaining: 143s    
step 01059 (52.5%) | loss: 3.166003 | lrm: 1.00 | dt: 150ms | tok/sec: 1,742,985 | mfu: 18.5% | epoch: 1 | remaining: 142s    
step 01060 (52.5%) | loss: 3.166725 | lrm: 1.00 | dt: 150ms | tok/sec: 1,743,203 | mfu: 18.5% | epoch: 1 | remaining: 142s    
step 01061 (52.6%) | loss: 3.167554 | lrm: 1.00 | dt: 150ms | tok/sec: 1,743,347 | mfu: 18.5% | epoch: 1 | remaining: 142s    
step 01062 (52.6%) | loss: 3.172057 | lrm: 1.00 | dt: 150ms | tok/sec: 1,742,581 | mfu: 18.5% | epoch: 1 | remaining: 142s    
step 01063 (52.7%) | loss: 3.167421 | lrm: 1.00 | dt: 150ms | tok/sec: 1,743,366 | mfu: 18.5% | epoch: 1 | remaining: 142s    
step 01064 (52.7%) | loss: 3.166434 | lrm: 1.00 | dt: 150ms | tok/sec: 1,743,059 | mfu: 18.5% | epoch: 1 | remaining: 142s    
step 01065 (52.8%) | loss: 3.163037 | lrm: 1.00 | dt: 150ms | tok/sec: 1,743,156 | mfu: 18.5% | epoch: 1 | remaining: 142s    
step 01066 (52.8%) | loss: 3.168877 | lrm: 1.00 | dt: 150ms | tok/sec: 1,743,106 | mfu: 18.5% | epoch: 1 | remaining: 141s    
step 01067 (52.9%) | loss: 3.172088 | lrm: 1.00 | dt: 150ms | tok/sec: 1,742,742 | mfu: 18.5% | epoch: 1 | remaining: 141s    
step 01068 (52.9%) | loss: 3.173829 | lrm: 1.00 | dt: 150ms | tok/sec: 1,743,612 | mfu: 18.5% | epoch: 1 | remaining: 141s    
step 01069 (53.0%) | loss: 3.169760 | lrm: 1.00 | dt: 150ms | tok/sec: 1,743,275 | mfu: 18.5% | epoch: 1 | remaining: 141s    
step 01070 (53.0%) | loss: 3.174752 | lrm: 1.00 | dt: 150ms | tok/sec: 1,742,880 | mfu: 18.5% | epoch: 1 | remaining: 141s    
step 01071 (53.1%) | loss: 3.173266 | lrm: 1.00 | dt: 150ms | tok/sec: 1,744,254 | mfu: 18.5% | epoch: 1 | remaining: 141s    
step 01072 (53.1%) | loss: 3.174612 | lrm: 1.00 | dt: 150ms | tok/sec: 1,743,430 | mfu: 18.5% | epoch: 1 | remaining: 140s    
step 01073 (53.2%) | loss: 3.168901 | lrm: 1.00 | dt: 150ms | tok/sec: 1,743,833 | mfu: 18.5% | epoch: 1 | remaining: 140s    
step 01074 (53.2%) | loss: 3.165592 | lrm: 1.00 | dt: 150ms | tok/sec: 1,744,121 | mfu: 18.5% | epoch: 1 | remaining: 140s    
step 01075 (53.3%) | loss: 3.164379 | lrm: 1.00 | dt: 150ms | tok/sec: 1,743,938 | mfu: 18.5% | epoch: 1 | remaining: 140s    
step 01076 (53.3%) | loss: 3.159227 | lrm: 1.00 | dt: 150ms | tok/sec: 1,743,358 | mfu: 18.5% | epoch: 1 | remaining: 140s    
step 01077 (53.4%) | loss: 3.164759 | lrm: 1.00 | dt: 150ms | tok/sec: 1,744,099 | mfu: 18.5% | epoch: 1 | remaining: 140s    
step 01078 (53.4%) | loss: 3.170109 | lrm: 1.00 | dt: 150ms | tok/sec: 1,744,506 | mfu: 18.5% | epoch: 1 | remaining: 140s    
step 01079 (53.5%) | loss: 3.165443 | lrm: 1.00 | dt: 150ms | tok/sec: 1,743,933 | mfu: 18.5% | epoch: 1 | remaining: 139s    
step 01080 (53.5%) | loss: 3.161666 | lrm: 1.00 | dt: 150ms | tok/sec: 1,743,634 | mfu: 18.5% | epoch: 1 | remaining: 139s    
step 01081 (53.6%) | loss: 3.163575 | lrm: 1.00 | dt: 150ms | tok/sec: 1,744,293 | mfu: 18.5% | epoch: 1 | remaining: 139s    
step 01082 (53.6%) | loss: 3.165010 | lrm: 1.00 | dt: 150ms | tok/sec: 1,743,927 | mfu: 18.5% | epoch: 1 | remaining: 139s    
step 01083 (53.7%) | loss: 3.164167 | lrm: 1.00 | dt: 150ms | tok/sec: 1,743,833 | mfu: 18.5% | epoch: 1 | remaining: 139s    
step 01084 (53.7%) | loss: 3.168230 | lrm: 1.00 | dt: 150ms | tok/sec: 1,742,855 | mfu: 18.5% | epoch: 1 | remaining: 139s    
step 01085 (53.8%) | loss: 3.165798 | lrm: 1.00 | dt: 150ms | tok/sec: 1,742,888 | mfu: 18.5% | epoch: 1 | remaining: 139s    
step 01086 (53.8%) | loss: 3.170430 | lrm: 1.00 | dt: 150ms | tok/sec: 1,744,317 | mfu: 18.5% | epoch: 1 | remaining: 138s    
step 01087 (53.9%) | loss: 3.166261 | lrm: 1.00 | dt: 154ms | tok/sec: 1,696,910 | mfu: 18.0% | epoch: 1 | remaining: 138s    
step 01088 (53.9%) | loss: 3.163185 | lrm: 1.00 | dt: 150ms | tok/sec: 1,742,377 | mfu: 18.5% | epoch: 1 | remaining: 138s    
step 01089 (54.0%) | loss: 3.161629 | lrm: 1.00 | dt: 150ms | tok/sec: 1,743,902 | mfu: 18.5% | epoch: 1 | remaining: 138s    
step 01090 (54.0%) | loss: 3.166257 | lrm: 1.00 | dt: 150ms | tok/sec: 1,742,913 | mfu: 18.5% | epoch: 1 | remaining: 138s    
step 01091 (54.1%) | loss: 3.165342 | lrm: 1.00 | dt: 151ms | tok/sec: 1,741,555 | mfu: 18.5% | epoch: 1 | remaining: 138s    
step 01092 (54.1%) | loss: 3.165865 | lrm: 1.00 | dt: 150ms | tok/sec: 1,743,983 | mfu: 18.5% | epoch: 1 | remaining: 137s    
step 01093 (54.2%) | loss: 3.166069 | lrm: 1.00 | dt: 150ms | tok/sec: 1,743,156 | mfu: 18.5% | epoch: 1 | remaining: 137s    
step 01094 (54.2%) | loss: 3.165433 | lrm: 1.00 | dt: 150ms | tok/sec: 1,743,640 | mfu: 18.5% | epoch: 1 | remaining: 137s    
step 01095 (54.3%) | loss: 3.168356 | lrm: 1.00 | dt: 150ms | tok/sec: 1,743,974 | mfu: 18.5% | epoch: 1 | remaining: 137s    
step 01096 (54.3%) | loss: 3.163279 | lrm: 1.00 | dt: 150ms | tok/sec: 1,743,095 | mfu: 18.5% | epoch: 1 | remaining: 137s    
step 01097 (54.4%) | loss: 3.164799 | lrm: 1.00 | dt: 150ms | tok/sec: 1,742,888 | mfu: 18.5% | epoch: 1 | remaining: 137s    
step 01098 (54.4%) | loss: 3.166001 | lrm: 1.00 | dt: 150ms | tok/sec: 1,743,319 | mfu: 18.5% | epoch: 1 | remaining: 137s    
step 01099 (54.5%) | loss: 3.158599 | lrm: 1.00 | dt: 150ms | tok/sec: 1,744,010 | mfu: 18.5% | epoch: 1 | remaining: 136s    
step 01100 (54.5%) | loss: 3.155305 | lrm: 1.00 | dt: 150ms | tok/sec: 1,742,225 | mfu: 18.5% | epoch: 1 | remaining: 136s    
step 01101 (54.6%) | loss: 3.155969 | lrm: 1.00 | dt: 150ms | tok/sec: 1,743,045 | mfu: 18.5% | epoch: 1 | remaining: 136s    
step 01102 (54.6%) | loss: 3.157082 | lrm: 1.00 | dt: 150ms | tok/sec: 1,743,156 | mfu: 18.5% | epoch: 1 | remaining: 136s    
step 01103 (54.7%) | loss: 3.155138 | lrm: 1.00 | dt: 150ms | tok/sec: 1,744,041 | mfu: 18.5% | epoch: 1 | remaining: 136s    
step 01104 (54.7%) | loss: 3.157210 | lrm: 1.00 | dt: 150ms | tok/sec: 1,744,276 | mfu: 18.5% | epoch: 1 | remaining: 136s    
step 01105 (54.8%) | loss: 3.154234 | lrm: 1.00 | dt: 150ms | tok/sec: 1,742,982 | mfu: 18.5% | epoch: 1 | remaining: 136s    
step 01106 (54.8%) | loss: 3.160022 | lrm: 1.00 | dt: 150ms | tok/sec: 1,742,711 | mfu: 18.5% | epoch: 1 | remaining: 135s    
step 01107 (54.9%) | loss: 3.162785 | lrm: 1.00 | dt: 150ms | tok/sec: 1,744,248 | mfu: 18.5% | epoch: 1 | remaining: 135s    
step 01108 (54.9%) | loss: 3.165047 | lrm: 1.00 | dt: 150ms | tok/sec: 1,743,076 | mfu: 18.5% | epoch: 1 | remaining: 135s    
step 01109 (55.0%) | loss: 3.169757 | lrm: 1.00 | dt: 150ms | tok/sec: 1,743,737 | mfu: 18.5% | epoch: 1 | remaining: 135s    
step 01110 (55.0%) | loss: 3.167591 | lrm: 1.00 | dt: 150ms | tok/sec: 1,742,267 | mfu: 18.5% | epoch: 1 | remaining: 135s    
step 01111 (55.1%) | loss: 3.165916 | lrm: 1.00 | dt: 150ms | tok/sec: 1,742,341 | mfu: 18.5% | epoch: 1 | remaining: 135s    
step 01112 (55.1%) | loss: 3.167835 | lrm: 1.00 | dt: 150ms | tok/sec: 1,743,515 | mfu: 18.5% | epoch: 1 | remaining: 134s    
step 01113 (55.2%) | loss: 3.167491 | lrm: 1.00 | dt: 150ms | tok/sec: 1,743,728 | mfu: 18.5% | epoch: 1 | remaining: 134s    
step 01114 (55.2%) | loss: 3.167434 | lrm: 1.00 | dt: 150ms | tok/sec: 1,743,372 | mfu: 18.5% | epoch: 1 | remaining: 134s    
step 01115 (55.3%) | loss: 3.162966 | lrm: 1.00 | dt: 150ms | tok/sec: 1,743,142 | mfu: 18.5% | epoch: 1 | remaining: 134s    
step 01116 (55.3%) | loss: 3.159019 | lrm: 1.00 | dt: 150ms | tok/sec: 1,742,222 | mfu: 18.5% | epoch: 1 | remaining: 134s    
step 01117 (55.4%) | loss: 3.156794 | lrm: 1.00 | dt: 150ms | tok/sec: 1,743,383 | mfu: 18.5% | epoch: 1 | remaining: 134s    
step 01118 (55.4%) | loss: 3.154081 | lrm: 1.00 | dt: 150ms | tok/sec: 1,742,910 | mfu: 18.5% | epoch: 1 | remaining: 134s    
step 01119 (55.5%) | loss: 3.157691 | lrm: 1.00 | dt: 150ms | tok/sec: 1,742,302 | mfu: 18.5% | epoch: 1 | remaining: 133s    
step 01120 (55.5%) | loss: 3.161315 | lrm: 1.00 | dt: 150ms | tok/sec: 1,743,529 | mfu: 18.5% | epoch: 1 | remaining: 133s    
step 01121 (55.6%) | loss: 3.157887 | lrm: 1.00 | dt: 150ms | tok/sec: 1,743,302 | mfu: 18.5% | epoch: 1 | remaining: 133s    
step 01122 (55.6%) | loss: 3.158552 | lrm: 1.00 | dt: 150ms | tok/sec: 1,743,023 | mfu: 18.5% | epoch: 1 | remaining: 133s    
step 01123 (55.7%) | loss: 3.163708 | lrm: 1.00 | dt: 150ms | tok/sec: 1,743,991 | mfu: 18.5% | epoch: 1 | remaining: 133s    
step 01124 (55.7%) | loss: 3.157736 | lrm: 1.00 | dt: 150ms | tok/sec: 1,744,005 | mfu: 18.5% | epoch: 1 | remaining: 133s    
step 01125 (55.8%) | loss: 3.155969 | lrm: 1.00 | dt: 150ms | tok/sec: 1,744,174 | mfu: 18.5% | epoch: 1 | remaining: 132s    
step 01126 (55.8%) | loss: 3.155810 | lrm: 1.00 | dt: 150ms | tok/sec: 1,744,885 | mfu: 18.5% | epoch: 1 | remaining: 132s    
step 01127 (55.9%) | loss: 3.156433 | lrm: 1.00 | dt: 150ms | tok/sec: 1,744,794 | mfu: 18.5% | epoch: 1 | remaining: 132s    
step 01128 (55.9%) | loss: 3.158727 | lrm: 1.00 | dt: 150ms | tok/sec: 1,744,367 | mfu: 18.5% | epoch: 1 | remaining: 132s    
step 01129 (56.0%) | loss: 3.165196 | lrm: 1.00 | dt: 150ms | tok/sec: 1,744,312 | mfu: 18.5% | epoch: 1 | remaining: 132s    
step 01130 (56.0%) | loss: 3.169500 | lrm: 1.00 | dt: 150ms | tok/sec: 1,742,598 | mfu: 18.5% | epoch: 1 | remaining: 132s    
step 01131 (56.1%) | loss: 3.168674 | lrm: 1.00 | dt: 150ms | tok/sec: 1,743,537 | mfu: 18.5% | epoch: 1 | remaining: 132s    
step 01132 (56.1%) | loss: 3.164023 | lrm: 1.00 | dt: 150ms | tok/sec: 1,743,195 | mfu: 18.5% | epoch: 1 | remaining: 131s    
step 01133 (56.2%) | loss: 3.166297 | lrm: 1.00 | dt: 150ms | tok/sec: 1,744,555 | mfu: 18.5% | epoch: 1 | remaining: 131s    
step 01134 (56.2%) | loss: 3.164901 | lrm: 1.00 | dt: 150ms | tok/sec: 1,743,007 | mfu: 18.5% | epoch: 1 | remaining: 131s    
step 01135 (56.3%) | loss: 3.161903 | lrm: 1.00 | dt: 150ms | tok/sec: 1,743,770 | mfu: 18.5% | epoch: 1 | remaining: 131s    
step 01136 (56.3%) | loss: 3.161332 | lrm: 1.00 | dt: 150ms | tok/sec: 1,743,855 | mfu: 18.5% | epoch: 1 | remaining: 131s    
step 01137 (56.4%) | loss: 3.163634 | lrm: 1.00 | dt: 150ms | tok/sec: 1,744,093 | mfu: 18.5% | epoch: 1 | remaining: 131s    
step 01138 (56.4%) | loss: 3.161950 | lrm: 1.00 | dt: 150ms | tok/sec: 1,744,580 | mfu: 18.5% | epoch: 1 | remaining: 131s    
step 01139 (56.5%) | loss: 3.162683 | lrm: 1.00 | dt: 150ms | tok/sec: 1,744,567 | mfu: 18.5% | epoch: 1 | remaining: 130s    
step 01140 (56.5%) | loss: 3.158615 | lrm: 1.00 | dt: 150ms | tok/sec: 1,743,590 | mfu: 18.5% | epoch: 1 | remaining: 130s    
step 01141 (56.6%) | loss: 3.159660 | lrm: 1.00 | dt: 150ms | tok/sec: 1,743,349 | mfu: 18.5% | epoch: 1 | remaining: 130s    
step 01142 (56.6%) | loss: 3.156202 | lrm: 1.00 | dt: 150ms | tok/sec: 1,743,302 | mfu: 18.5% | epoch: 1 | remaining: 130s    
step 01143 (56.7%) | loss: 3.151786 | lrm: 1.00 | dt: 150ms | tok/sec: 1,743,808 | mfu: 18.5% | epoch: 1 | remaining: 130s    
step 01144 (56.7%) | loss: 3.152843 | lrm: 1.00 | dt: 150ms | tok/sec: 1,743,554 | mfu: 18.5% | epoch: 1 | remaining: 130s    
step 01145 (56.8%) | loss: 3.150119 | lrm: 1.00 | dt: 150ms | tok/sec: 1,744,470 | mfu: 18.5% | epoch: 1 | remaining: 129s    
step 01146 (56.8%) | loss: 3.147926 | lrm: 1.00 | dt: 150ms | tok/sec: 1,744,304 | mfu: 18.5% | epoch: 1 | remaining: 129s    
step 01147 (56.9%) | loss: 3.157088 | lrm: 1.00 | dt: 150ms | tok/sec: 1,743,441 | mfu: 18.5% | epoch: 1 | remaining: 129s    
step 01148 (56.9%) | loss: 3.166387 | lrm: 1.00 | dt: 150ms | tok/sec: 1,743,748 | mfu: 18.5% | epoch: 1 | remaining: 129s    
step 01149 (57.0%) | loss: 3.169374 | lrm: 1.00 | dt: 150ms | tok/sec: 1,743,875 | mfu: 18.5% | epoch: 1 | remaining: 129s    
step 01150 (57.0%) | loss: 3.167956 | lrm: 1.00 | dt: 150ms | tok/sec: 1,742,642 | mfu: 18.5% | epoch: 1 | remaining: 129s    
step 01151 (57.1%) | loss: 3.164080 | lrm: 1.00 | dt: 151ms | tok/sec: 1,739,791 | mfu: 18.5% | epoch: 1 | remaining: 129s    
step 01152 (57.1%) | loss: 3.166786 | lrm: 1.00 | dt: 150ms | tok/sec: 1,743,377 | mfu: 18.5% | epoch: 1 | remaining: 128s    
step 01153 (57.2%) | loss: 3.168134 | lrm: 1.00 | dt: 150ms | tok/sec: 1,744,370 | mfu: 18.5% | epoch: 1 | remaining: 128s    
step 01154 (57.2%) | loss: 3.167940 | lrm: 1.00 | dt: 150ms | tok/sec: 1,743,612 | mfu: 18.5% | epoch: 1 | remaining: 128s    
step 01155 (57.3%) | loss: 3.167054 | lrm: 1.00 | dt: 150ms | tok/sec: 1,743,231 | mfu: 18.5% | epoch: 1 | remaining: 128s    
step 01156 (57.3%) | loss: 3.168988 | lrm: 1.00 | dt: 150ms | tok/sec: 1,743,551 | mfu: 18.5% | epoch: 1 | remaining: 128s    
step 01157 (57.4%) | loss: 3.162984 | lrm: 1.00 | dt: 150ms | tok/sec: 1,744,154 | mfu: 18.5% | epoch: 1 | remaining: 128s    
step 01158 (57.4%) | loss: 3.169362 | lrm: 1.00 | dt: 150ms | tok/sec: 1,743,474 | mfu: 18.5% | epoch: 1 | remaining: 128s    
step 01159 (57.5%) | loss: 3.170125 | lrm: 1.00 | dt: 150ms | tok/sec: 1,744,030 | mfu: 18.5% | epoch: 1 | remaining: 127s    
step 01160 (57.5%) | loss: 3.167490 | lrm: 1.00 | dt: 150ms | tok/sec: 1,744,351 | mfu: 18.5% | epoch: 1 | remaining: 127s    
step 01161 (57.6%) | loss: 3.167262 | lrm: 1.00 | dt: 150ms | tok/sec: 1,743,247 | mfu: 18.5% | epoch: 1 | remaining: 127s    
step 01162 (57.6%) | loss: 3.167273 | lrm: 1.00 | dt: 150ms | tok/sec: 1,743,919 | mfu: 18.5% | epoch: 1 | remaining: 127s    
step 01163 (57.7%) | loss: 3.164248 | lrm: 1.00 | dt: 150ms | tok/sec: 1,743,725 | mfu: 18.5% | epoch: 1 | remaining: 127s    
step 01164 (57.7%) | loss: 3.159220 | lrm: 1.00 | dt: 151ms | tok/sec: 1,741,568 | mfu: 18.5% | epoch: 1 | remaining: 127s    
step 01165 (57.8%) | loss: 3.159156 | lrm: 1.00 | dt: 150ms | tok/sec: 1,742,468 | mfu: 18.5% | epoch: 1 | remaining: 126s    
step 01166 (57.8%) | loss: 3.158324 | lrm: 1.00 | dt: 150ms | tok/sec: 1,742,833 | mfu: 18.5% | epoch: 1 | remaining: 126s    
step 01167 (57.9%) | loss: 3.154447 | lrm: 1.00 | dt: 150ms | tok/sec: 1,742,742 | mfu: 18.5% | epoch: 1 | remaining: 126s    
step 01168 (57.9%) | loss: 3.151250 | lrm: 1.00 | dt: 150ms | tok/sec: 1,742,369 | mfu: 18.5% | epoch: 1 | remaining: 126s    
step 01169 (58.0%) | loss: 3.151490 | lrm: 1.00 | dt: 150ms | tok/sec: 1,743,438 | mfu: 18.5% | epoch: 1 | remaining: 126s    
step 01170 (58.0%) | loss: 3.150008 | lrm: 1.00 | dt: 150ms | tok/sec: 1,742,526 | mfu: 18.5% | epoch: 1 | remaining: 126s    
step 01171 (58.1%) | loss: 3.151851 | lrm: 1.00 | dt: 150ms | tok/sec: 1,743,441 | mfu: 18.5% | epoch: 1 | remaining: 126s    
step 01172 (58.1%) | loss: 3.150708 | lrm: 1.00 | dt: 150ms | tok/sec: 1,742,413 | mfu: 18.5% | epoch: 1 | remaining: 125s    
step 01173 (58.2%) | loss: 3.150249 | lrm: 1.00 | dt: 150ms | tok/sec: 1,743,115 | mfu: 18.5% | epoch: 1 | remaining: 125s    
step 01174 (58.2%) | loss: 3.149390 | lrm: 1.00 | dt: 150ms | tok/sec: 1,743,087 | mfu: 18.5% | epoch: 1 | remaining: 125s    
step 01175 (58.3%) | loss: 3.149331 | lrm: 1.00 | dt: 150ms | tok/sec: 1,743,148 | mfu: 18.5% | epoch: 1 | remaining: 125s    
step 01176 (58.3%) | loss: 3.150140 | lrm: 1.00 | dt: 160ms | tok/sec: 1,633,348 | mfu: 17.3% | epoch: 1 | remaining: 125s    
step 01177 (58.4%) | loss: 3.145066 | lrm: 1.00 | dt: 150ms | tok/sec: 1,742,515 | mfu: 18.5% | epoch: 1 | remaining: 125s    
step 01178 (58.4%) | loss: 3.145489 | lrm: 1.00 | dt: 150ms | tok/sec: 1,742,863 | mfu: 18.5% | epoch: 1 | remaining: 125s    
step 01179 (58.5%) | loss: 3.150084 | lrm: 1.00 | dt: 150ms | tok/sec: 1,744,074 | mfu: 18.5% | epoch: 1 | remaining: 124s    
step 01180 (58.5%) | loss: 3.155830 | lrm: 1.00 | dt: 150ms | tok/sec: 1,744,113 | mfu: 18.5% | epoch: 1 | remaining: 124s    
step 01181 (58.6%) | loss: 3.158175 | lrm: 1.00 | dt: 150ms | tok/sec: 1,744,782 | mfu: 18.5% | epoch: 1 | remaining: 124s    
step 01182 (58.6%) | loss: 3.156486 | lrm: 1.00 | dt: 150ms | tok/sec: 1,743,513 | mfu: 18.5% | epoch: 1 | remaining: 124s    
step 01183 (58.7%) | loss: 3.158743 | lrm: 1.00 | dt: 150ms | tok/sec: 1,743,689 | mfu: 18.5% | epoch: 1 | remaining: 124s    
step 01184 (58.7%) | loss: 3.160058 | lrm: 1.00 | dt: 150ms | tok/sec: 1,744,450 | mfu: 18.5% | epoch: 1 | remaining: 124s    
step 01185 (58.8%) | loss: 3.155242 | lrm: 1.00 | dt: 150ms | tok/sec: 1,744,057 | mfu: 18.5% | epoch: 1 | remaining: 123s    
step 01186 (58.8%) | loss: 3.158964 | lrm: 1.00 | dt: 150ms | tok/sec: 1,744,979 | mfu: 18.5% | epoch: 1 | remaining: 123s    
step 01187 (58.9%) | loss: 3.162089 | lrm: 1.00 | dt: 150ms | tok/sec: 1,744,558 | mfu: 18.5% | epoch: 1 | remaining: 123s    
step 01188 (58.9%) | loss: 3.159424 | lrm: 1.00 | dt: 150ms | tok/sec: 1,745,010 | mfu: 18.5% | epoch: 1 | remaining: 123s    
step 01189 (59.0%) | loss: 3.159950 | lrm: 1.00 | dt: 150ms | tok/sec: 1,744,132 | mfu: 18.5% | epoch: 1 | remaining: 123s    
step 01190 (59.0%) | loss: 3.160165 | lrm: 1.00 | dt: 150ms | tok/sec: 1,744,492 | mfu: 18.5% | epoch: 1 | remaining: 123s    
step 01191 (59.1%) | loss: 3.158841 | lrm: 1.00 | dt: 150ms | tok/sec: 1,744,414 | mfu: 18.5% | epoch: 1 | remaining: 123s    
step 01192 (59.1%) | loss: 3.157435 | lrm: 1.00 | dt: 150ms | tok/sec: 1,743,673 | mfu: 18.5% | epoch: 1 | remaining: 122s    
step 01193 (59.2%) | loss: 3.163336 | lrm: 1.00 | dt: 150ms | tok/sec: 1,743,784 | mfu: 18.5% | epoch: 1 | remaining: 122s    
step 01194 (59.2%) | loss: 3.161384 | lrm: 1.00 | dt: 152ms | tok/sec: 1,729,556 | mfu: 18.4% | epoch: 1 | remaining: 122s    
step 01195 (59.3%) | loss: 3.154745 | lrm: 1.00 | dt: 150ms | tok/sec: 1,742,874 | mfu: 18.5% | epoch: 1 | remaining: 122s    
step 01196 (59.3%) | loss: 3.155148 | lrm: 1.00 | dt: 150ms | tok/sec: 1,743,681 | mfu: 18.5% | epoch: 1 | remaining: 122s    
step 01197 (59.4%) | loss: 3.152178 | lrm: 1.00 | dt: 150ms | tok/sec: 1,743,814 | mfu: 18.5% | epoch: 1 | remaining: 122s    
step 01198 (59.4%) | loss: 3.153202 | lrm: 1.00 | dt: 150ms | tok/sec: 1,742,634 | mfu: 18.5% | epoch: 1 | remaining: 122s    
step 01199 (59.5%) | loss: 3.149027 | lrm: 1.00 | dt: 150ms | tok/sec: 1,742,871 | mfu: 18.5% | epoch: 1 | remaining: 121s    
step 01200 (59.5%) | loss: 3.153428 | lrm: 1.00 | dt: 150ms | tok/sec: 1,742,924 | mfu: 18.5% | epoch: 1 | remaining: 121s    
step 01201 (59.6%) | loss: 3.153341 | lrm: 1.00 | dt: 150ms | tok/sec: 1,742,545 | mfu: 18.5% | epoch: 1 | remaining: 121s    
step 01202 (59.6%) | loss: 3.151162 | lrm: 1.00 | dt: 150ms | tok/sec: 1,743,200 | mfu: 18.5% | epoch: 1 | remaining: 121s    
step 01203 (59.7%) | loss: 3.147246 | lrm: 1.00 | dt: 150ms | tok/sec: 1,742,929 | mfu: 18.5% | epoch: 1 | remaining: 121s    
step 01204 (59.7%) | loss: 3.143031 | lrm: 1.00 | dt: 150ms | tok/sec: 1,743,654 | mfu: 18.5% | epoch: 1 | remaining: 121s    
step 01205 (59.8%) | loss: 3.141571 | lrm: 1.00 | dt: 150ms | tok/sec: 1,743,651 | mfu: 18.5% | epoch: 1 | remaining: 120s    
step 01206 (59.8%) | loss: 3.141489 | lrm: 1.00 | dt: 150ms | tok/sec: 1,744,132 | mfu: 18.5% | epoch: 1 | remaining: 120s    
step 01207 (59.9%) | loss: 3.141796 | lrm: 1.00 | dt: 150ms | tok/sec: 1,744,002 | mfu: 18.5% | epoch: 1 | remaining: 120s    
step 01208 (59.9%) | loss: 3.141119 | lrm: 1.00 | dt: 150ms | tok/sec: 1,744,254 | mfu: 18.5% | epoch: 1 | remaining: 120s    
step 01209 (60.0%) | loss: 3.144258 | lrm: 1.00 | dt: 150ms | tok/sec: 1,743,988 | mfu: 18.5% | epoch: 1 | remaining: 120s    
step 01210 (60.0%) | loss: 3.143599 | lrm: 1.00 | dt: 150ms | tok/sec: 1,743,571 | mfu: 18.5% | epoch: 1 | remaining: 120s    
step 01211 (60.1%) | loss: 3.140737 | lrm: 1.00 | dt: 150ms | tok/sec: 1,742,529 | mfu: 18.5% | epoch: 1 | remaining: 120s    
step 01212 (60.1%) | loss: 3.139603 | lrm: 1.00 | dt: 150ms | tok/sec: 1,743,499 | mfu: 18.5% | epoch: 1 | remaining: 119s    
step 01213 (60.2%) | loss: 3.144654 | lrm: 1.00 | dt: 150ms | tok/sec: 1,743,269 | mfu: 18.5% | epoch: 1 | remaining: 119s    
step 01214 (60.2%) | loss: 3.143759 | lrm: 1.00 | dt: 150ms | tok/sec: 1,744,226 | mfu: 18.5% | epoch: 1 | remaining: 119s    
step 01215 (60.3%) | loss: 3.146380 | lrm: 1.00 | dt: 150ms | tok/sec: 1,743,236 | mfu: 18.5% | epoch: 1 | remaining: 119s    
step 01216 (60.3%) | loss: 3.146173 | lrm: 1.00 | dt: 150ms | tok/sec: 1,742,949 | mfu: 18.5% | epoch: 1 | remaining: 119s    
step 01217 (60.4%) | loss: 3.144620 | lrm: 1.00 | dt: 150ms | tok/sec: 1,743,128 | mfu: 18.5% | epoch: 1 | remaining: 119s    
step 01218 (60.4%) | loss: 3.145159 | lrm: 1.00 | dt: 150ms | tok/sec: 1,743,015 | mfu: 18.5% | epoch: 1 | remaining: 119s    
step 01219 (60.5%) | loss: 3.139988 | lrm: 1.00 | dt: 150ms | tok/sec: 1,742,476 | mfu: 18.5% | epoch: 1 | remaining: 118s    
step 01220 (60.5%) | loss: 3.142781 | lrm: 1.00 | dt: 150ms | tok/sec: 1,743,278 | mfu: 18.5% | epoch: 1 | remaining: 118s    
step 01221 (60.6%) | loss: 3.145770 | lrm: 1.00 | dt: 150ms | tok/sec: 1,743,449 | mfu: 18.5% | epoch: 1 | remaining: 118s    
step 01222 (60.6%) | loss: 3.146609 | lrm: 1.00 | dt: 150ms | tok/sec: 1,744,121 | mfu: 18.5% | epoch: 1 | remaining: 118s    
step 01223 (60.7%) | loss: 3.148684 | lrm: 1.00 | dt: 150ms | tok/sec: 1,744,005 | mfu: 18.5% | epoch: 1 | remaining: 118s    
step 01224 (60.7%) | loss: 3.146229 | lrm: 1.00 | dt: 150ms | tok/sec: 1,743,302 | mfu: 18.5% | epoch: 1 | remaining: 118s    
step 01225 (60.8%) | loss: 3.144766 | lrm: 1.00 | dt: 150ms | tok/sec: 1,743,626 | mfu: 18.5% | epoch: 1 | remaining: 117s    
step 01226 (60.9%) | loss: 3.140530 | lrm: 1.00 | dt: 150ms | tok/sec: 1,743,090 | mfu: 18.5% | epoch: 1 | remaining: 117s    
step 01227 (60.9%) | loss: 3.140162 | lrm: 1.00 | dt: 150ms | tok/sec: 1,742,916 | mfu: 18.5% | epoch: 1 | remaining: 117s    
step 01228 (61.0%) | loss: 3.144513 | lrm: 1.00 | dt: 150ms | tok/sec: 1,744,171 | mfu: 18.5% | epoch: 1 | remaining: 117s    
step 01229 (61.0%) | loss: 3.139982 | lrm: 1.00 | dt: 150ms | tok/sec: 1,743,925 | mfu: 18.5% | epoch: 1 | remaining: 117s    
step 01230 (61.1%) | loss: 3.145213 | lrm: 1.00 | dt: 150ms | tok/sec: 1,744,135 | mfu: 18.5% | epoch: 1 | remaining: 117s    
step 01231 (61.1%) | loss: 3.143207 | lrm: 1.00 | dt: 150ms | tok/sec: 1,744,364 | mfu: 18.5% | epoch: 1 | remaining: 117s    
step 01232 (61.2%) | loss: 3.138923 | lrm: 1.00 | dt: 150ms | tok/sec: 1,744,293 | mfu: 18.5% | epoch: 1 | remaining: 116s    
step 01233 (61.2%) | loss: 3.137642 | lrm: 1.00 | dt: 150ms | tok/sec: 1,743,703 | mfu: 18.5% | epoch: 1 | remaining: 116s    
step 01234 (61.3%) | loss: 3.138942 | lrm: 1.00 | dt: 150ms | tok/sec: 1,743,880 | mfu: 18.5% | epoch: 1 | remaining: 116s    
step 01235 (61.3%) | loss: 3.139135 | lrm: 1.00 | dt: 150ms | tok/sec: 1,743,059 | mfu: 18.5% | epoch: 1 | remaining: 116s    
step 01236 (61.4%) | loss: 3.138303 | lrm: 1.00 | dt: 150ms | tok/sec: 1,744,237 | mfu: 18.5% | epoch: 1 | remaining: 116s    
step 01237 (61.4%) | loss: 3.143514 | lrm: 1.00 | dt: 150ms | tok/sec: 1,742,772 | mfu: 18.5% | epoch: 1 | remaining: 116s    
step 01238 (61.5%) | loss: 3.145362 | lrm: 1.00 | dt: 150ms | tok/sec: 1,744,575 | mfu: 18.5% | epoch: 1 | remaining: 115s    
step 01239 (61.5%) | loss: 3.142255 | lrm: 1.00 | dt: 150ms | tok/sec: 1,743,446 | mfu: 18.5% | epoch: 1 | remaining: 115s    
step 01240 (61.6%) | loss: 3.145866 | lrm: 1.00 | dt: 150ms | tok/sec: 1,743,828 | mfu: 18.5% | epoch: 1 | remaining: 115s    
step 01241 (61.6%) | loss: 3.144579 | lrm: 1.00 | dt: 150ms | tok/sec: 1,742,896 | mfu: 18.5% | epoch: 1 | remaining: 115s    
step 01242 (61.7%) | loss: 3.142697 | lrm: 1.00 | dt: 150ms | tok/sec: 1,743,289 | mfu: 18.5% | epoch: 1 | remaining: 115s    
step 01243 (61.7%) | loss: 3.144056 | lrm: 1.00 | dt: 150ms | tok/sec: 1,743,493 | mfu: 18.5% | epoch: 1 | remaining: 115s    
step 01244 (61.8%) | loss: 3.148301 | lrm: 1.00 | dt: 150ms | tok/sec: 1,743,731 | mfu: 18.5% | epoch: 1 | remaining: 115s    
step 01245 (61.8%) | loss: 3.151861 | lrm: 1.00 | dt: 150ms | tok/sec: 1,742,661 | mfu: 18.5% | epoch: 1 | remaining: 114s    
step 01246 (61.9%) | loss: 3.148343 | lrm: 1.00 | dt: 150ms | tok/sec: 1,744,619 | mfu: 18.5% | epoch: 1 | remaining: 114s    
step 01247 (61.9%) | loss: 3.147963 | lrm: 1.00 | dt: 150ms | tok/sec: 1,744,185 | mfu: 18.5% | epoch: 1 | remaining: 114s    
step 01248 (62.0%) | loss: 3.148276 | lrm: 1.00 | dt: 150ms | tok/sec: 1,743,844 | mfu: 18.5% | epoch: 1 | remaining: 114s    
step 01249 (62.0%) | loss: 3.145751 | lrm: 1.00 | dt: 150ms | tok/sec: 1,743,573 | mfu: 18.5% | epoch: 1 | remaining: 114s    
step 01250 (62.1%) | loss: 3.144585 | lrm: 1.00 | dt: 150ms | tok/sec: 1,744,118 | mfu: 18.5% | epoch: 1 | remaining: 114s    
step 01251 (62.1%) | loss: 3.143937 | lrm: 1.00 | dt: 150ms | tok/sec: 1,743,073 | mfu: 18.5% | epoch: 1 | remaining: 114s    
step 01252 (62.2%) | loss: 3.142017 | lrm: 1.00 | dt: 150ms | tok/sec: 1,742,695 | mfu: 18.5% | epoch: 1 | remaining: 113s    
step 01253 (62.2%) | loss: 3.147712 | lrm: 1.00 | dt: 150ms | tok/sec: 1,743,314 | mfu: 18.5% | epoch: 1 | remaining: 113s    
step 01254 (62.3%) | loss: 3.150649 | lrm: 1.00 | dt: 150ms | tok/sec: 1,743,435 | mfu: 18.5% | epoch: 1 | remaining: 113s    
step 01255 (62.3%) | loss: 3.149127 | lrm: 1.00 | dt: 150ms | tok/sec: 1,743,490 | mfu: 18.5% | epoch: 1 | remaining: 113s    
step 01256 (62.4%) | loss: 3.141233 | lrm: 1.00 | dt: 150ms | tok/sec: 1,744,287 | mfu: 18.5% | epoch: 1 | remaining: 113s    
step 01257 (62.4%) | loss: 3.142795 | lrm: 1.00 | dt: 150ms | tok/sec: 1,744,273 | mfu: 18.5% | epoch: 1 | remaining: 113s    
step 01258 (62.5%) | loss: 3.143608 | lrm: 1.00 | dt: 150ms | tok/sec: 1,742,371 | mfu: 18.5% | epoch: 1 | remaining: 112s    
step 01259 (62.5%) | loss: 3.139081 | lrm: 1.00 | dt: 150ms | tok/sec: 1,744,423 | mfu: 18.5% | epoch: 1 | remaining: 112s    
step 01260 (62.6%) | loss: 3.135679 | lrm: 1.00 | dt: 150ms | tok/sec: 1,744,063 | mfu: 18.5% | epoch: 1 | remaining: 112s    
step 01261 (62.6%) | loss: 3.141698 | lrm: 1.00 | dt: 150ms | tok/sec: 1,744,185 | mfu: 18.5% | epoch: 1 | remaining: 112s    
step 01262 (62.7%) | loss: 3.142006 | lrm: 1.00 | dt: 150ms | tok/sec: 1,743,607 | mfu: 18.5% | epoch: 1 | remaining: 112s    
step 01263 (62.7%) | loss: 3.140297 | lrm: 1.00 | dt: 150ms | tok/sec: 1,744,436 | mfu: 18.5% | epoch: 1 | remaining: 112s    
step 01264 (62.8%) | loss: 3.142391 | lrm: 1.00 | dt: 150ms | tok/sec: 1,742,556 | mfu: 18.5% | epoch: 1 | remaining: 112s    
step 01265 (62.8%) | loss: 3.140169 | lrm: 1.00 | dt: 150ms | tok/sec: 1,744,603 | mfu: 18.5% | epoch: 1 | remaining: 111s    
step 01266 (62.9%) | loss: 3.137941 | lrm: 1.00 | dt: 150ms | tok/sec: 1,743,864 | mfu: 18.5% | epoch: 1 | remaining: 111s    
step 01267 (62.9%) | loss: 3.134583 | lrm: 1.00 | dt: 150ms | tok/sec: 1,744,625 | mfu: 18.5% | epoch: 1 | remaining: 111s    
step 01268 (63.0%) | loss: 3.135979 | lrm: 1.00 | dt: 150ms | tok/sec: 1,743,501 | mfu: 18.5% | epoch: 1 | remaining: 111s    
step 01269 (63.0%) | loss: 3.137150 | lrm: 1.00 | dt: 150ms | tok/sec: 1,743,701 | mfu: 18.5% | epoch: 1 | remaining: 111s    
step 01270 (63.1%) | loss: 3.136365 | lrm: 1.00 | dt: 150ms | tok/sec: 1,743,280 | mfu: 18.5% | epoch: 1 | remaining: 111s    
step 01271 (63.1%) | loss: 3.139289 | lrm: 1.00 | dt: 150ms | tok/sec: 1,744,519 | mfu: 18.5% | epoch: 1 | remaining: 111s    
step 01272 (63.2%) | loss: 3.139576 | lrm: 1.00 | dt: 150ms | tok/sec: 1,744,201 | mfu: 18.5% | epoch: 1 | remaining: 110s    
step 01273 (63.2%) | loss: 3.141349 | lrm: 1.00 | dt: 150ms | tok/sec: 1,742,327 | mfu: 18.5% | epoch: 1 | remaining: 110s    
step 01274 (63.3%) | loss: 3.141467 | lrm: 1.00 | dt: 150ms | tok/sec: 1,744,210 | mfu: 18.5% | epoch: 1 | remaining: 110s    
step 01275 (63.3%) | loss: 3.136051 | lrm: 1.00 | dt: 150ms | tok/sec: 1,744,138 | mfu: 18.5% | epoch: 1 | remaining: 110s    
step 01276 (63.4%) | loss: 3.130442 | lrm: 1.00 | dt: 150ms | tok/sec: 1,744,810 | mfu: 18.5% | epoch: 1 | remaining: 110s    
step 01277 (63.4%) | loss: 3.134467 | lrm: 1.00 | dt: 150ms | tok/sec: 1,744,293 | mfu: 18.5% | epoch: 1 | remaining: 110s    
step 01278 (63.5%) | loss: 3.134829 | lrm: 1.00 | dt: 150ms | tok/sec: 1,743,875 | mfu: 18.5% | epoch: 1 | remaining: 109s    
step 01279 (63.5%) | loss: 3.137575 | lrm: 1.00 | dt: 150ms | tok/sec: 1,744,456 | mfu: 18.5% | epoch: 1 | remaining: 109s    
step 01280 (63.6%) | loss: 3.136583 | lrm: 1.00 | dt: 150ms | tok/sec: 1,744,508 | mfu: 18.5% | epoch: 1 | remaining: 109s    
step 01281 (63.6%) | loss: 3.136843 | lrm: 1.00 | dt: 150ms | tok/sec: 1,743,825 | mfu: 18.5% | epoch: 1 | remaining: 109s    
step 01282 (63.7%) | loss: 3.140221 | lrm: 1.00 | dt: 150ms | tok/sec: 1,744,467 | mfu: 18.5% | epoch: 1 | remaining: 109s    
step 01283 (63.7%) | loss: 3.138851 | lrm: 1.00 | dt: 150ms | tok/sec: 1,743,703 | mfu: 18.5% | epoch: 1 | remaining: 109s    
step 01284 (63.8%) | loss: 3.136994 | lrm: 1.00 | dt: 150ms | tok/sec: 1,743,242 | mfu: 18.5% | epoch: 1 | remaining: 109s    
step 01285 (63.8%) | loss: 3.137170 | lrm: 1.00 | dt: 150ms | tok/sec: 1,744,193 | mfu: 18.5% | epoch: 1 | remaining: 108s    
step 01286 (63.9%) | loss: 3.141117 | lrm: 1.00 | dt: 150ms | tok/sec: 1,743,772 | mfu: 18.5% | epoch: 1 | remaining: 108s    
step 01287 (63.9%) | loss: 3.139465 | lrm: 1.00 | dt: 150ms | tok/sec: 1,743,275 | mfu: 18.5% | epoch: 1 | remaining: 108s    
step 01288 (64.0%) | loss: 3.135654 | lrm: 1.00 | dt: 150ms | tok/sec: 1,744,544 | mfu: 18.5% | epoch: 1 | remaining: 108s    
step 01289 (64.0%) | loss: 3.129364 | lrm: 1.00 | dt: 150ms | tok/sec: 1,744,212 | mfu: 18.5% | epoch: 1 | remaining: 108s    
step 01290 (64.1%) | loss: 3.133259 | lrm: 1.00 | dt: 150ms | tok/sec: 1,743,297 | mfu: 18.5% | epoch: 1 | remaining: 108s    
step 01291 (64.1%) | loss: 3.128674 | lrm: 1.00 | dt: 150ms | tok/sec: 1,743,532 | mfu: 18.5% | epoch: 1 | remaining: 108s    
step 01292 (64.2%) | loss: 3.126868 | lrm: 1.00 | dt: 150ms | tok/sec: 1,742,822 | mfu: 18.5% | epoch: 1 | remaining: 107s    
step 01293 (64.2%) | loss: 3.129375 | lrm: 1.00 | dt: 150ms | tok/sec: 1,744,788 | mfu: 18.5% | epoch: 1 | remaining: 107s    
step 01294 (64.3%) | loss: 3.132204 | lrm: 1.00 | dt: 150ms | tok/sec: 1,743,756 | mfu: 18.5% | epoch: 1 | remaining: 107s    
step 01295 (64.3%) | loss: 3.133596 | lrm: 1.00 | dt: 150ms | tok/sec: 1,743,933 | mfu: 18.5% | epoch: 1 | remaining: 107s    
step 01296 (64.4%) | loss: 3.134064 | lrm: 1.00 | dt: 150ms | tok/sec: 1,744,221 | mfu: 18.5% | epoch: 1 | remaining: 107s    
step 01297 (64.4%) | loss: 3.134715 | lrm: 1.00 | dt: 150ms | tok/sec: 1,743,831 | mfu: 18.5% | epoch: 1 | remaining: 107s    
step 01298 (64.5%) | loss: 3.137134 | lrm: 1.00 | dt: 150ms | tok/sec: 1,744,021 | mfu: 18.5% | epoch: 1 | remaining: 106s    
step 01299 (64.5%) | loss: 3.140569 | lrm: 1.00 | dt: 150ms | tok/sec: 1,744,226 | mfu: 18.5% | epoch: 1 | remaining: 106s    
step 01300 (64.6%) | loss: 3.139215 | lrm: 1.00 | dt: 150ms | tok/sec: 1,742,946 | mfu: 18.5% | epoch: 1 | remaining: 106s    
step 01301 (64.6%) | loss: 3.136087 | lrm: 1.00 | dt: 150ms | tok/sec: 1,743,573 | mfu: 18.5% | epoch: 1 | remaining: 106s    
step 01302 (64.7%) | loss: 3.137606 | lrm: 1.00 | dt: 150ms | tok/sec: 1,743,681 | mfu: 18.5% | epoch: 1 | remaining: 106s    
step 01303 (64.7%) | loss: 3.134775 | lrm: 1.00 | dt: 150ms | tok/sec: 1,744,198 | mfu: 18.5% | epoch: 1 | remaining: 106s    
step 01304 (64.8%) | loss: 3.131551 | lrm: 1.00 | dt: 150ms | tok/sec: 1,743,806 | mfu: 18.5% | epoch: 1 | remaining: 106s    
step 01305 (64.8%) | loss: 3.132163 | lrm: 1.00 | dt: 150ms | tok/sec: 1,744,636 | mfu: 18.5% | epoch: 1 | remaining: 105s    
step 01306 (64.9%) | loss: 3.125710 | lrm: 1.00 | dt: 150ms | tok/sec: 1,743,607 | mfu: 18.5% | epoch: 1 | remaining: 105s    
step 01307 (64.9%) | loss: 3.126820 | lrm: 1.00 | dt: 150ms | tok/sec: 1,744,171 | mfu: 18.5% | epoch: 1 | remaining: 105s    
step 01308 (65.0%) | loss: 3.129304 | lrm: 1.00 | dt: 150ms | tok/sec: 1,744,542 | mfu: 18.5% | epoch: 1 | remaining: 105s    
step 01309 (65.0%) | loss: 3.129200 | lrm: 1.00 | dt: 150ms | tok/sec: 1,744,127 | mfu: 18.5% | epoch: 1 | remaining: 105s    
step 01310 (65.1%) | loss: 3.128760 | lrm: 1.00 | dt: 150ms | tok/sec: 1,744,475 | mfu: 18.5% | epoch: 1 | remaining: 105s    
step 01311 (65.1%) | loss: 3.126965 | lrm: 1.00 | dt: 150ms | tok/sec: 1,743,961 | mfu: 18.5% | epoch: 1 | remaining: 105s    
step 01312 (65.2%) | loss: 3.123108 | lrm: 1.00 | dt: 150ms | tok/sec: 1,744,315 | mfu: 18.5% | epoch: 1 | remaining: 104s    
step 01313 (65.2%) | loss: 3.119608 | lrm: 1.00 | dt: 150ms | tok/sec: 1,743,590 | mfu: 18.5% | epoch: 1 | remaining: 104s    
step 01314 (65.3%) | loss: 3.127456 | lrm: 1.00 | dt: 150ms | tok/sec: 1,743,101 | mfu: 18.5% | epoch: 1 | remaining: 104s    
step 01315 (65.3%) | loss: 3.130840 | lrm: 1.00 | dt: 150ms | tok/sec: 1,742,645 | mfu: 18.5% | epoch: 1 | remaining: 104s    
step 01316 (65.4%) | loss: 3.126902 | lrm: 1.00 | dt: 150ms | tok/sec: 1,743,540 | mfu: 18.5% | epoch: 1 | remaining: 104s    
step 01317 (65.4%) | loss: 3.129190 | lrm: 1.00 | dt: 150ms | tok/sec: 1,744,340 | mfu: 18.5% | epoch: 1 | remaining: 104s    
step 01318 (65.5%) | loss: 3.129930 | lrm: 1.00 | dt: 150ms | tok/sec: 1,744,179 | mfu: 18.5% | epoch: 1 | remaining: 103s    
step 01319 (65.5%) | loss: 3.129607 | lrm: 1.00 | dt: 150ms | tok/sec: 1,744,962 | mfu: 18.5% | epoch: 1 | remaining: 103s    
step 01320 (65.6%) | loss: 3.133762 | lrm: 1.00 | dt: 150ms | tok/sec: 1,744,055 | mfu: 18.5% | epoch: 1 | remaining: 103s    
step 01321 (65.6%) | loss: 3.131862 | lrm: 1.00 | dt: 150ms | tok/sec: 1,744,412 | mfu: 18.5% | epoch: 1 | remaining: 103s    
step 01322 (65.7%) | loss: 3.130626 | lrm: 1.00 | dt: 150ms | tok/sec: 1,744,118 | mfu: 18.5% | epoch: 1 | remaining: 103s    
step 01323 (65.7%) | loss: 3.135071 | lrm: 1.00 | dt: 150ms | tok/sec: 1,743,698 | mfu: 18.5% | epoch: 1 | remaining: 103s    
step 01324 (65.8%) | loss: 3.136179 | lrm: 1.00 | dt: 150ms | tok/sec: 1,743,460 | mfu: 18.5% | epoch: 1 | remaining: 103s    
step 01325 (65.8%) | loss: 3.138387 | lrm: 1.00 | dt: 150ms | tok/sec: 1,744,041 | mfu: 18.5% | epoch: 1 | remaining: 102s    
step 01326 (65.9%) | loss: 3.133075 | lrm: 1.00 | dt: 150ms | tok/sec: 1,742,626 | mfu: 18.5% | epoch: 1 | remaining: 102s    
step 01327 (65.9%) | loss: 3.130284 | lrm: 1.00 | dt: 150ms | tok/sec: 1,743,430 | mfu: 18.5% | epoch: 1 | remaining: 102s    
step 01328 (66.0%) | loss: 3.132480 | lrm: 1.00 | dt: 150ms | tok/sec: 1,742,736 | mfu: 18.5% | epoch: 1 | remaining: 102s    
step 01329 (66.0%) | loss: 3.130209 | lrm: 1.00 | dt: 150ms | tok/sec: 1,743,029 | mfu: 18.5% | epoch: 1 | remaining: 102s    
step 01330 (66.1%) | loss: 3.127182 | lrm: 1.00 | dt: 150ms | tok/sec: 1,743,510 | mfu: 18.5% | epoch: 1 | remaining: 102s    
step 01331 (66.1%) | loss: 3.127270 | lrm: 1.00 | dt: 150ms | tok/sec: 1,743,529 | mfu: 18.5% | epoch: 1 | remaining: 102s    
step 01332 (66.2%) | loss: 3.119843 | lrm: 1.00 | dt: 150ms | tok/sec: 1,742,990 | mfu: 18.5% | epoch: 1 | remaining: 101s    
step 01333 (66.2%) | loss: 3.117693 | lrm: 1.00 | dt: 150ms | tok/sec: 1,743,275 | mfu: 18.5% | epoch: 1 | remaining: 101s    
step 01334 (66.3%) | loss: 3.119523 | lrm: 1.00 | dt: 150ms | tok/sec: 1,743,750 | mfu: 18.5% | epoch: 1 | remaining: 101s    
step 01335 (66.3%) | loss: 3.119191 | lrm: 1.00 | dt: 150ms | tok/sec: 1,742,537 | mfu: 18.5% | epoch: 1 | remaining: 101s    
step 01336 (66.4%) | loss: 3.122580 | lrm: 1.00 | dt: 150ms | tok/sec: 1,743,974 | mfu: 18.5% | epoch: 1 | remaining: 101s    
step 01337 (66.4%) | loss: 3.122846 | lrm: 1.00 | dt: 150ms | tok/sec: 1,741,933 | mfu: 18.5% | epoch: 1 | remaining: 101s    
step 01338 (66.5%) | loss: 3.120307 | lrm: 1.00 | dt: 150ms | tok/sec: 1,743,297 | mfu: 18.5% | epoch: 1 | remaining: 100s    
step 01339 (66.5%) | loss: 3.120443 | lrm: 1.00 | dt: 150ms | tok/sec: 1,742,650 | mfu: 18.5% | epoch: 1 | remaining: 100s    
step 01340 (66.6%) | loss: 3.117937 | lrm: 1.00 | dt: 150ms | tok/sec: 1,742,109 | mfu: 18.5% | epoch: 1 | remaining: 100s    
step 01341 (66.6%) | loss: 3.124440 | lrm: 1.00 | dt: 150ms | tok/sec: 1,742,559 | mfu: 18.5% | epoch: 1 | remaining: 100s    
step 01342 (66.7%) | loss: 3.120085 | lrm: 1.00 | dt: 150ms | tok/sec: 1,743,383 | mfu: 18.5% | epoch: 1 | remaining: 100s    
step 01343 (66.7%) | loss: 3.126135 | lrm: 1.00 | dt: 150ms | tok/sec: 1,742,979 | mfu: 18.5% | epoch: 1 | remaining: 100s    
step 01344 (66.8%) | loss: 3.124027 | lrm: 1.00 | dt: 150ms | tok/sec: 1,743,021 | mfu: 18.5% | epoch: 1 | remaining: 100s    
step 01345 (66.8%) | loss: 3.122215 | lrm: 1.00 | dt: 150ms | tok/sec: 1,742,968 | mfu: 18.5% | epoch: 1 | remaining: 99s    
step 01346 (66.9%) | loss: 3.127274 | lrm: 1.00 | dt: 150ms | tok/sec: 1,743,620 | mfu: 18.5% | epoch: 1 | remaining: 99s    
step 01347 (66.9%) | loss: 3.125556 | lrm: 1.00 | dt: 150ms | tok/sec: 1,742,294 | mfu: 18.5% | epoch: 1 | remaining: 99s    
step 01348 (67.0%) | loss: 3.120671 | lrm: 1.00 | dt: 150ms | tok/sec: 1,743,925 | mfu: 18.5% | epoch: 1 | remaining: 99s    
step 01349 (67.0%) | loss: 3.119150 | lrm: 1.00 | dt: 150ms | tok/sec: 1,742,846 | mfu: 18.5% | epoch: 1 | remaining: 99s    
step 01350 (67.1%) | loss: 3.120236 | lrm: 1.00 | dt: 150ms | tok/sec: 1,744,198 | mfu: 18.5% | epoch: 1 | remaining: 99s    
step 01351 (67.1%) | loss: 3.121032 | lrm: 1.00 | dt: 150ms | tok/sec: 1,743,443 | mfu: 18.5% | epoch: 1 | remaining: 99s    
step 01352 (67.2%) | loss: 3.125463 | lrm: 1.00 | dt: 150ms | tok/sec: 1,742,938 | mfu: 18.5% | epoch: 1 | remaining: 98s    
step 01353 (67.2%) | loss: 3.129207 | lrm: 1.00 | dt: 150ms | tok/sec: 1,743,148 | mfu: 18.5% | epoch: 1 | remaining: 98s    
step 01354 (67.3%) | loss: 3.126756 | lrm: 1.00 | dt: 150ms | tok/sec: 1,743,079 | mfu: 18.5% | epoch: 1 | remaining: 98s    
step 01355 (67.3%) | loss: 3.128546 | lrm: 1.00 | dt: 150ms | tok/sec: 1,743,128 | mfu: 18.5% | epoch: 1 | remaining: 98s    
step 01356 (67.4%) | loss: 3.129828 | lrm: 1.00 | dt: 150ms | tok/sec: 1,743,728 | mfu: 18.5% | epoch: 1 | remaining: 98s    
step 01357 (67.4%) | loss: 3.134092 | lrm: 1.00 | dt: 150ms | tok/sec: 1,742,653 | mfu: 18.5% | epoch: 1 | remaining: 98s    
step 01358 (67.5%) | loss: 3.135778 | lrm: 1.00 | dt: 150ms | tok/sec: 1,742,253 | mfu: 18.5% | epoch: 1 | remaining: 97s    
step 01359 (67.5%) | loss: 3.132153 | lrm: 1.00 | dt: 150ms | tok/sec: 1,743,275 | mfu: 18.5% | epoch: 1 | remaining: 97s    
step 01360 (67.6%) | loss: 3.132971 | lrm: 1.00 | dt: 150ms | tok/sec: 1,741,850 | mfu: 18.5% | epoch: 1 | remaining: 97s    
step 01361 (67.6%) | loss: 3.131339 | lrm: 1.00 | dt: 150ms | tok/sec: 1,743,432 | mfu: 18.5% | epoch: 1 | remaining: 97s    
step 01362 (67.7%) | loss: 3.130027 | lrm: 1.00 | dt: 150ms | tok/sec: 1,742,280 | mfu: 18.5% | epoch: 1 | remaining: 97s    
step 01363 (67.7%) | loss: 3.127472 | lrm: 1.00 | dt: 150ms | tok/sec: 1,742,678 | mfu: 18.5% | epoch: 1 | remaining: 97s    
step 01364 (67.8%) | loss: 3.127924 | lrm: 1.00 | dt: 150ms | tok/sec: 1,743,513 | mfu: 18.5% | epoch: 1 | remaining: 97s    
step 01365 (67.8%) | loss: 3.127806 | lrm: 1.00 | dt: 150ms | tok/sec: 1,743,756 | mfu: 18.5% | epoch: 1 | remaining: 96s    
step 01366 (67.9%) | loss: 3.127594 | lrm: 1.00 | dt: 150ms | tok/sec: 1,744,110 | mfu: 18.5% | epoch: 1 | remaining: 96s    
step 01367 (67.9%) | loss: 3.135238 | lrm: 1.00 | dt: 150ms | tok/sec: 1,743,164 | mfu: 18.5% | epoch: 1 | remaining: 96s    
step 01368 (68.0%) | loss: 3.133940 | lrm: 1.00 | dt: 150ms | tok/sec: 1,743,612 | mfu: 18.5% | epoch: 1 | remaining: 96s    
step 01369 (68.0%) | loss: 3.130687 | lrm: 1.00 | dt: 150ms | tok/sec: 1,743,029 | mfu: 18.5% | epoch: 1 | remaining: 96s    
step 01370 (68.1%) | loss: 3.132078 | lrm: 1.00 | dt: 150ms | tok/sec: 1,744,198 | mfu: 18.5% | epoch: 1 | remaining: 96s    
step 01371 (68.1%) | loss: 3.136993 | lrm: 1.00 | dt: 150ms | tok/sec: 1,743,496 | mfu: 18.5% | epoch: 1 | remaining: 95s    
step 01372 (68.2%) | loss: 3.132511 | lrm: 1.00 | dt: 150ms | tok/sec: 1,743,966 | mfu: 18.5% | epoch: 1 | remaining: 95s    
step 01373 (68.2%) | loss: 3.132633 | lrm: 1.00 | dt: 150ms | tok/sec: 1,743,825 | mfu: 18.5% | epoch: 1 | remaining: 95s    
step 01374 (68.3%) | loss: 3.131771 | lrm: 1.00 | dt: 150ms | tok/sec: 1,743,587 | mfu: 18.5% | epoch: 1 | remaining: 95s    
step 01375 (68.3%) | loss: 3.133508 | lrm: 1.00 | dt: 150ms | tok/sec: 1,743,994 | mfu: 18.5% | epoch: 1 | remaining: 95s    
step 01376 (68.4%) | loss: 3.136402 | lrm: 1.00 | dt: 150ms | tok/sec: 1,743,220 | mfu: 18.5% | epoch: 1 | remaining: 95s    
step 01377 (68.4%) | loss: 3.136425 | lrm: 1.00 | dt: 150ms | tok/sec: 1,743,811 | mfu: 18.5% | epoch: 1 | remaining: 95s    
step 01378 (68.5%) | loss: 3.136156 | lrm: 1.00 | dt: 150ms | tok/sec: 1,743,040 | mfu: 18.5% | epoch: 1 | remaining: 94s    
step 01379 (68.5%) | loss: 3.138111 | lrm: 1.00 | dt: 150ms | tok/sec: 1,743,203 | mfu: 18.5% | epoch: 1 | remaining: 94s    
step 01380 (68.6%) | loss: 3.139620 | lrm: 1.00 | dt: 150ms | tok/sec: 1,743,164 | mfu: 18.5% | epoch: 1 | remaining: 94s    
step 01381 (68.6%) | loss: 3.136992 | lrm: 1.00 | dt: 150ms | tok/sec: 1,742,686 | mfu: 18.5% | epoch: 1 | remaining: 94s    
step 01382 (68.7%) | loss: 3.131058 | lrm: 1.00 | dt: 150ms | tok/sec: 1,742,581 | mfu: 18.5% | epoch: 1 | remaining: 94s    
step 01383 (68.7%) | loss: 3.133371 | lrm: 1.00 | dt: 150ms | tok/sec: 1,742,755 | mfu: 18.5% | epoch: 1 | remaining: 94s    
step 01384 (68.8%) | loss: 3.132957 | lrm: 1.00 | dt: 150ms | tok/sec: 1,741,888 | mfu: 18.5% | epoch: 1 | remaining: 94s    
step 01385 (68.8%) | loss: 3.132551 | lrm: 1.00 | dt: 150ms | tok/sec: 1,741,935 | mfu: 18.5% | epoch: 1 | remaining: 93s    
step 01386 (68.9%) | loss: 3.130684 | lrm: 1.00 | dt: 184ms | tok/sec: 1,422,009 | mfu: 15.1% | epoch: 1 | remaining: 93s    
step 01387 (68.9%) | loss: 3.129249 | lrm: 1.00 | dt: 150ms | tok/sec: 1,742,935 | mfu: 18.5% | epoch: 1 | remaining: 93s    
step 01388 (69.0%) | loss: 3.128760 | lrm: 1.00 | dt: 151ms | tok/sec: 1,741,819 | mfu: 18.5% | epoch: 1 | remaining: 93s    
step 01389 (69.0%) | loss: 3.132457 | lrm: 1.00 | dt: 150ms | tok/sec: 1,743,819 | mfu: 18.5% | epoch: 1 | remaining: 93s    
step 01390 (69.1%) | loss: 3.131328 | lrm: 1.00 | dt: 150ms | tok/sec: 1,742,846 | mfu: 18.5% | epoch: 1 | remaining: 93s    
step 01391 (69.1%) | loss: 3.130942 | lrm: 1.00 | dt: 150ms | tok/sec: 1,742,071 | mfu: 18.5% | epoch: 1 | remaining: 92s    
step 01392 (69.2%) | loss: 3.131019 | lrm: 1.00 | dt: 150ms | tok/sec: 1,742,794 | mfu: 18.5% | epoch: 1 | remaining: 92s    
step 01393 (69.2%) | loss: 3.129784 | lrm: 1.00 | dt: 150ms | tok/sec: 1,743,197 | mfu: 18.5% | epoch: 1 | remaining: 92s    
step 01394 (69.3%) | loss: 3.131096 | lrm: 1.00 | dt: 150ms | tok/sec: 1,743,164 | mfu: 18.5% | epoch: 1 | remaining: 92s    
step 01395 (69.3%) | loss: 3.132029 | lrm: 1.00 | dt: 150ms | tok/sec: 1,743,236 | mfu: 18.5% | epoch: 1 | remaining: 92s    
step 01396 (69.4%) | loss: 3.130528 | lrm: 1.00 | dt: 150ms | tok/sec: 1,742,794 | mfu: 18.5% | epoch: 1 | remaining: 92s    
step 01397 (69.4%) | loss: 3.130497 | lrm: 1.00 | dt: 150ms | tok/sec: 1,742,639 | mfu: 18.5% | epoch: 1 | remaining: 92s    
step 01398 (69.5%) | loss: 3.135961 | lrm: 1.00 | dt: 150ms | tok/sec: 1,743,676 | mfu: 18.5% | epoch: 1 | remaining: 91s    
step 01399 (69.5%) | loss: 3.135119 | lrm: 1.00 | dt: 150ms | tok/sec: 1,743,963 | mfu: 18.5% | epoch: 1 | remaining: 91s    
step 01400 (69.6%) | loss: 3.134824 | lrm: 1.00 | dt: 150ms | tok/sec: 1,743,275 | mfu: 18.5% | epoch: 1 | remaining: 91s    
step 01401 (69.6%) | loss: 3.133937 | lrm: 1.00 | dt: 150ms | tok/sec: 1,743,579 | mfu: 18.5% | epoch: 1 | remaining: 91s    
step 01402 (69.7%) | loss: 3.136601 | lrm: 1.00 | dt: 150ms | tok/sec: 1,743,272 | mfu: 18.5% | epoch: 1 | remaining: 91s    
step 01403 (69.7%) | loss: 3.138019 | lrm: 1.00 | dt: 150ms | tok/sec: 1,743,535 | mfu: 18.5% | epoch: 1 | remaining: 91s    
step 01404 (69.8%) | loss: 3.136171 | lrm: 1.00 | dt: 150ms | tok/sec: 1,744,370 | mfu: 18.5% | epoch: 1 | remaining: 91s    
step 01405 (69.8%) | loss: 3.134714 | lrm: 1.00 | dt: 151ms | tok/sec: 1,741,585 | mfu: 18.5% | epoch: 1 | remaining: 90s    
step 01406 (69.9%) | loss: 3.134007 | lrm: 1.00 | dt: 150ms | tok/sec: 1,743,023 | mfu: 18.5% | epoch: 1 | remaining: 90s    
step 01407 (69.9%) | loss: 3.139556 | lrm: 1.00 | dt: 150ms | tok/sec: 1,742,424 | mfu: 18.5% | epoch: 1 | remaining: 90s    
step 01408 (70.0%) | loss: 3.131708 | lrm: 1.00 | dt: 150ms | tok/sec: 1,743,214 | mfu: 18.5% | epoch: 1 | remaining: 90s    
step 01409 (70.0%) | loss: 3.129486 | lrm: 1.00 | dt: 151ms | tok/sec: 1,741,270 | mfu: 18.5% | epoch: 1 | remaining: 90s    
step 01410 (70.1%) | loss: 3.129128 | lrm: 1.00 | dt: 150ms | tok/sec: 1,743,698 | mfu: 18.5% | epoch: 1 | remaining: 90s    
step 01411 (70.1%) | loss: 3.126727 | lrm: 1.00 | dt: 150ms | tok/sec: 1,743,374 | mfu: 18.5% | epoch: 1 | remaining: 89s    
step 01412 (70.2%) | loss: 3.127453 | lrm: 1.00 | dt: 150ms | tok/sec: 1,743,164 | mfu: 18.5% | epoch: 1 | remaining: 89s    
step 01413 (70.2%) | loss: 3.125617 | lrm: 1.00 | dt: 151ms | tok/sec: 1,741,306 | mfu: 18.5% | epoch: 1 | remaining: 89s    
step 01414 (70.3%) | loss: 3.126614 | lrm: 1.00 | dt: 150ms | tok/sec: 1,742,998 | mfu: 18.5% | epoch: 1 | remaining: 89s    
step 01415 (70.3%) | loss: 3.122870 | lrm: 1.00 | dt: 150ms | tok/sec: 1,743,319 | mfu: 18.5% | epoch: 1 | remaining: 89s    
step 01416 (70.4%) | loss: 3.117131 | lrm: 1.00 | dt: 150ms | tok/sec: 1,743,656 | mfu: 18.5% | epoch: 1 | remaining: 89s    
step 01417 (70.4%) | loss: 3.118794 | lrm: 1.00 | dt: 150ms | tok/sec: 1,743,499 | mfu: 18.5% | epoch: 1 | remaining: 89s    
step 01418 (70.5%) | loss: 3.116257 | lrm: 1.00 | dt: 150ms | tok/sec: 1,743,054 | mfu: 18.5% | epoch: 1 | remaining: 88s    
step 01419 (70.5%) | loss: 3.117359 | lrm: 1.00 | dt: 150ms | tok/sec: 1,743,927 | mfu: 18.5% | epoch: 1 | remaining: 88s    
step 01420 (70.6%) | loss: 3.115862 | lrm: 1.00 | dt: 150ms | tok/sec: 1,743,413 | mfu: 18.5% | epoch: 1 | remaining: 88s    
step 01421 (70.6%) | loss: 3.114704 | lrm: 1.00 | dt: 150ms | tok/sec: 1,743,131 | mfu: 18.5% | epoch: 1 | remaining: 88s    
step 01422 (70.7%) | loss: 3.111050 | lrm: 1.00 | dt: 150ms | tok/sec: 1,743,098 | mfu: 18.5% | epoch: 1 | remaining: 88s    
step 01423 (70.7%) | loss: 3.111429 | lrm: 1.00 | dt: 150ms | tok/sec: 1,744,063 | mfu: 18.5% | epoch: 1 | remaining: 88s    
step 01424 (70.8%) | loss: 3.113436 | lrm: 1.00 | dt: 150ms | tok/sec: 1,743,441 | mfu: 18.5% | epoch: 1 | remaining: 87s    
step 01425 (70.8%) | loss: 3.117449 | lrm: 1.00 | dt: 150ms | tok/sec: 1,742,871 | mfu: 18.5% | epoch: 1 | remaining: 87s    
step 01426 (70.9%) | loss: 3.116515 | lrm: 1.00 | dt: 151ms | tok/sec: 1,739,130 | mfu: 18.5% | epoch: 1 | remaining: 87s    
step 01427 (70.9%) | loss: 3.116868 | lrm: 1.00 | dt: 150ms | tok/sec: 1,743,460 | mfu: 18.5% | epoch: 1 | remaining: 87s    
step 01428 (71.0%) | loss: 3.118958 | lrm: 1.00 | dt: 150ms | tok/sec: 1,742,755 | mfu: 18.5% | epoch: 1 | remaining: 87s    
step 01429 (71.0%) | loss: 3.119010 | lrm: 1.00 | dt: 150ms | tok/sec: 1,743,739 | mfu: 18.5% | epoch: 1 | remaining: 87s    
step 01430 (71.1%) | loss: 3.118357 | lrm: 1.00 | dt: 150ms | tok/sec: 1,744,470 | mfu: 18.5% | epoch: 1 | remaining: 87s    
step 01431 (71.1%) | loss: 3.116578 | lrm: 1.00 | dt: 150ms | tok/sec: 1,743,186 | mfu: 18.5% | epoch: 1 | remaining: 86s    
step 01432 (71.2%) | loss: 3.115765 | lrm: 1.00 | dt: 150ms | tok/sec: 1,744,293 | mfu: 18.5% | epoch: 1 | remaining: 86s    
step 01433 (71.2%) | loss: 3.113190 | lrm: 1.00 | dt: 150ms | tok/sec: 1,743,206 | mfu: 18.5% | epoch: 1 | remaining: 86s    
step 01434 (71.3%) | loss: 3.109809 | lrm: 1.00 | dt: 150ms | tok/sec: 1,744,044 | mfu: 18.5% | epoch: 1 | remaining: 86s    
step 01435 (71.3%) | loss: 3.112027 | lrm: 1.00 | dt: 150ms | tok/sec: 1,742,744 | mfu: 18.5% | epoch: 1 | remaining: 86s    
step 01436 (71.4%) | loss: 3.115213 | lrm: 1.00 | dt: 150ms | tok/sec: 1,744,506 | mfu: 18.5% | epoch: 1 | remaining: 86s    
step 01437 (71.4%) | loss: 3.111424 | lrm: 1.00 | dt: 150ms | tok/sec: 1,742,510 | mfu: 18.5% | epoch: 1 | remaining: 86s    
step 01438 (71.5%) | loss: 3.107455 | lrm: 1.00 | dt: 150ms | tok/sec: 1,743,325 | mfu: 18.5% | epoch: 1 | remaining: 85s    
step 01439 (71.5%) | loss: 3.110658 | lrm: 1.00 | dt: 150ms | tok/sec: 1,743,670 | mfu: 18.5% | epoch: 1 | remaining: 85s    
step 01440 (71.6%) | loss: 3.108002 | lrm: 1.00 | dt: 150ms | tok/sec: 1,743,833 | mfu: 18.5% | epoch: 1 | remaining: 85s    
step 01441 (71.6%) | loss: 3.108300 | lrm: 1.00 | dt: 150ms | tok/sec: 1,743,797 | mfu: 18.5% | epoch: 1 | remaining: 85s    
step 01442 (71.7%) | loss: 3.106876 | lrm: 1.00 | dt: 150ms | tok/sec: 1,744,276 | mfu: 18.5% | epoch: 1 | remaining: 85s    
step 01443 (71.7%) | loss: 3.107475 | lrm: 1.00 | dt: 150ms | tok/sec: 1,743,211 | mfu: 18.5% | epoch: 1 | remaining: 85s    
step 01444 (71.8%) | loss: 3.109676 | lrm: 1.00 | dt: 150ms | tok/sec: 1,742,626 | mfu: 18.5% | epoch: 1 | remaining: 84s    
step 01445 (71.8%) | loss: 3.110407 | lrm: 1.00 | dt: 150ms | tok/sec: 1,743,612 | mfu: 18.5% | epoch: 1 | remaining: 84s    
step 01446 (71.9%) | loss: 3.109998 | lrm: 1.00 | dt: 150ms | tok/sec: 1,744,412 | mfu: 18.5% | epoch: 1 | remaining: 84s    
step 01447 (71.9%) | loss: 3.109909 | lrm: 1.00 | dt: 150ms | tok/sec: 1,743,490 | mfu: 18.5% | epoch: 1 | remaining: 84s    
step 01448 (72.0%) | loss: 3.108341 | lrm: 1.00 | dt: 150ms | tok/sec: 1,742,838 | mfu: 18.5% | epoch: 1 | remaining: 84s    
step 01449 (72.0%) | loss: 3.105796 | lrm: 1.00 | dt: 150ms | tok/sec: 1,743,936 | mfu: 18.5% | epoch: 1 | remaining: 84s    
step 01450 (72.1%) | loss: 3.106409 | lrm: 1.00 | dt: 150ms | tok/sec: 1,744,118 | mfu: 18.5% | epoch: 1 | remaining: 84s    
step 01451 (72.1%) | loss: 3.109765 | lrm: 1.00 | dt: 150ms | tok/sec: 1,744,185 | mfu: 18.5% | epoch: 1 | remaining: 83s    
step 01452 (72.2%) | loss: 3.111772 | lrm: 1.00 | dt: 150ms | tok/sec: 1,744,251 | mfu: 18.5% | epoch: 1 | remaining: 83s    
step 01453 (72.2%) | loss: 3.112553 | lrm: 1.00 | dt: 150ms | tok/sec: 1,743,115 | mfu: 18.5% | epoch: 1 | remaining: 83s    
step 01454 (72.3%) | loss: 3.109380 | lrm: 1.00 | dt: 150ms | tok/sec: 1,743,996 | mfu: 18.5% | epoch: 1 | remaining: 83s    
step 01455 (72.3%) | loss: 3.110106 | lrm: 1.00 | dt: 150ms | tok/sec: 1,743,554 | mfu: 18.5% | epoch: 1 | remaining: 83s    
step 01456 (72.4%) | loss: 3.112887 | lrm: 1.00 | dt: 150ms | tok/sec: 1,744,212 | mfu: 18.5% | epoch: 1 | remaining: 83s    
step 01457 (72.4%) | loss: 3.113553 | lrm: 1.00 | dt: 150ms | tok/sec: 1,743,938 | mfu: 18.5% | epoch: 1 | remaining: 83s    
step 01458 (72.5%) | loss: 3.112572 | lrm: 1.00 | dt: 150ms | tok/sec: 1,744,483 | mfu: 18.5% | epoch: 1 | remaining: 82s    
step 01459 (72.5%) | loss: 3.114583 | lrm: 1.00 | dt: 150ms | tok/sec: 1,743,134 | mfu: 18.5% | epoch: 1 | remaining: 82s    
step 01460 (72.6%) | loss: 3.112903 | lrm: 1.00 | dt: 150ms | tok/sec: 1,743,543 | mfu: 18.5% | epoch: 1 | remaining: 82s    
step 01461 (72.6%) | loss: 3.110221 | lrm: 1.00 | dt: 150ms | tok/sec: 1,743,521 | mfu: 18.5% | epoch: 1 | remaining: 82s    
step 01462 (72.7%) | loss: 3.112301 | lrm: 1.00 | dt: 150ms | tok/sec: 1,743,363 | mfu: 18.5% | epoch: 1 | remaining: 82s    
step 01463 (72.7%) | loss: 3.106450 | lrm: 1.00 | dt: 150ms | tok/sec: 1,743,911 | mfu: 18.5% | epoch: 1 | remaining: 82s    
step 01464 (72.8%) | loss: 3.105868 | lrm: 1.00 | dt: 150ms | tok/sec: 1,745,010 | mfu: 18.5% | epoch: 1 | remaining: 81s    
step 01465 (72.8%) | loss: 3.108257 | lrm: 1.00 | dt: 150ms | tok/sec: 1,743,775 | mfu: 18.5% | epoch: 1 | remaining: 81s    
step 01466 (72.9%) | loss: 3.105513 | lrm: 1.00 | dt: 150ms | tok/sec: 1,744,448 | mfu: 18.5% | epoch: 1 | remaining: 81s    
step 01467 (72.9%) | loss: 3.106382 | lrm: 1.00 | dt: 150ms | tok/sec: 1,743,278 | mfu: 18.5% | epoch: 1 | remaining: 81s    
step 01468 (73.0%) | loss: 3.100843 | lrm: 1.00 | dt: 150ms | tok/sec: 1,742,963 | mfu: 18.5% | epoch: 1 | remaining: 81s    
step 01469 (73.0%) | loss: 3.101767 | lrm: 1.00 | dt: 150ms | tok/sec: 1,742,725 | mfu: 18.5% | epoch: 1 | remaining: 81s    
step 01470 (73.1%) | loss: 3.098091 | lrm: 1.00 | dt: 150ms | tok/sec: 1,743,748 | mfu: 18.5% | epoch: 1 | remaining: 81s    
step 01471 (73.1%) | loss: 3.096592 | lrm: 1.00 | dt: 150ms | tok/sec: 1,743,994 | mfu: 18.5% | epoch: 1 | remaining: 80s    
step 01472 (73.2%) | loss: 3.094278 | lrm: 1.00 | dt: 150ms | tok/sec: 1,743,651 | mfu: 18.5% | epoch: 1 | remaining: 80s    
step 01473 (73.2%) | loss: 3.097177 | lrm: 1.00 | dt: 150ms | tok/sec: 1,744,041 | mfu: 18.5% | epoch: 1 | remaining: 80s    
step 01474 (73.3%) | loss: 3.096641 | lrm: 1.00 | dt: 150ms | tok/sec: 1,742,427 | mfu: 18.5% | epoch: 1 | remaining: 80s    
step 01475 (73.3%) | loss: 3.097346 | lrm: 1.00 | dt: 150ms | tok/sec: 1,743,449 | mfu: 18.5% | epoch: 1 | remaining: 80s    
step 01476 (73.4%) | loss: 3.096140 | lrm: 1.00 | dt: 150ms | tok/sec: 1,743,739 | mfu: 18.5% | epoch: 1 | remaining: 80s    
step 01477 (73.4%) | loss: 3.097864 | lrm: 1.00 | dt: 150ms | tok/sec: 1,744,146 | mfu: 18.5% | epoch: 1 | remaining: 80s    
step 01478 (73.5%) | loss: 3.103084 | lrm: 1.00 | dt: 150ms | tok/sec: 1,743,615 | mfu: 18.5% | epoch: 1 | remaining: 79s    
step 01479 (73.5%) | loss: 3.104777 | lrm: 1.00 | dt: 150ms | tok/sec: 1,744,115 | mfu: 18.5% | epoch: 1 | remaining: 79s    
step 01480 (73.6%) | loss: 3.101175 | lrm: 1.00 | dt: 150ms | tok/sec: 1,744,301 | mfu: 18.5% | epoch: 1 | remaining: 79s    
step 01481 (73.6%) | loss: 3.105756 | lrm: 1.00 | dt: 150ms | tok/sec: 1,742,938 | mfu: 18.5% | epoch: 1 | remaining: 79s    
step 01482 (73.7%) | loss: 3.105804 | lrm: 1.00 | dt: 150ms | tok/sec: 1,743,543 | mfu: 18.5% | epoch: 1 | remaining: 79s    
step 01483 (73.7%) | loss: 3.110291 | lrm: 1.00 | dt: 150ms | tok/sec: 1,744,517 | mfu: 18.5% | epoch: 1 | remaining: 79s    
step 01484 (73.8%) | loss: 3.106693 | lrm: 1.00 | dt: 150ms | tok/sec: 1,743,554 | mfu: 18.5% | epoch: 1 | remaining: 78s    
step 01485 (73.8%) | loss: 3.103014 | lrm: 1.00 | dt: 150ms | tok/sec: 1,743,220 | mfu: 18.5% | epoch: 1 | remaining: 78s    
step 01486 (73.9%) | loss: 3.103555 | lrm: 1.00 | dt: 150ms | tok/sec: 1,744,096 | mfu: 18.5% | epoch: 1 | remaining: 78s    
step 01487 (73.9%) | loss: 3.103167 | lrm: 1.00 | dt: 150ms | tok/sec: 1,743,289 | mfu: 18.5% | epoch: 1 | remaining: 78s    
step 01488 (74.0%) | loss: 3.104242 | lrm: 1.00 | dt: 150ms | tok/sec: 1,743,977 | mfu: 18.5% | epoch: 1 | remaining: 78s    
step 01489 (74.0%) | loss: 3.102966 | lrm: 1.00 | dt: 150ms | tok/sec: 1,743,850 | mfu: 18.5% | epoch: 1 | remaining: 78s    
step 01490 (74.1%) | loss: 3.102564 | lrm: 1.00 | dt: 150ms | tok/sec: 1,744,412 | mfu: 18.5% | epoch: 1 | remaining: 78s    
step 01491 (74.1%) | loss: 3.101065 | lrm: 1.00 | dt: 150ms | tok/sec: 1,742,827 | mfu: 18.5% | epoch: 1 | remaining: 77s    
step 01492 (74.2%) | loss: 3.103600 | lrm: 1.00 | dt: 150ms | tok/sec: 1,744,046 | mfu: 18.5% | epoch: 1 | remaining: 77s    
step 01493 (74.2%) | loss: 3.101158 | lrm: 1.00 | dt: 150ms | tok/sec: 1,743,493 | mfu: 18.5% | epoch: 1 | remaining: 77s    
step 01494 (74.3%) | loss: 3.104655 | lrm: 1.00 | dt: 150ms | tok/sec: 1,742,822 | mfu: 18.5% | epoch: 1 | remaining: 77s    
step 01495 (74.3%) | loss: 3.107400 | lrm: 1.00 | dt: 150ms | tok/sec: 1,743,269 | mfu: 18.5% | epoch: 1 | remaining: 77s    
step 01496 (74.4%) | loss: 3.108727 | lrm: 1.00 | dt: 150ms | tok/sec: 1,744,406 | mfu: 18.5% | epoch: 1 | remaining: 77s    
step 01497 (74.4%) | loss: 3.112853 | lrm: 1.00 | dt: 150ms | tok/sec: 1,744,508 | mfu: 18.5% | epoch: 1 | remaining: 77s    
step 01498 (74.5%) | loss: 3.112133 | lrm: 1.00 | dt: 150ms | tok/sec: 1,743,164 | mfu: 18.5% | epoch: 1 | remaining: 76s    
step 01499 (74.5%) | loss: 3.110755 | lrm: 1.00 | dt: 150ms | tok/sec: 1,744,464 | mfu: 18.5% | epoch: 1 | remaining: 76s    
step 01500 (74.6%) | loss: 3.113821 | lrm: 1.00 | dt: 150ms | tok/sec: 1,743,894 | mfu: 18.5% | epoch: 1 | remaining: 76s    
step 01501 (74.6%) | loss: 3.114362 | lrm: 1.00 | dt: 150ms | tok/sec: 1,744,151 | mfu: 18.5% | epoch: 1 | remaining: 76s    
step 01502 (74.7%) | loss: 3.120115 | lrm: 1.00 | dt: 150ms | tok/sec: 1,742,963 | mfu: 18.5% | epoch: 1 | remaining: 76s    
step 01503 (74.7%) | loss: 3.121188 | lrm: 1.00 | dt: 150ms | tok/sec: 1,744,298 | mfu: 18.5% | epoch: 1 | remaining: 76s    
step 01504 (74.8%) | loss: 3.118135 | lrm: 1.00 | dt: 150ms | tok/sec: 1,743,897 | mfu: 18.5% | epoch: 1 | remaining: 75s    
step 01505 (74.8%) | loss: 3.113751 | lrm: 1.00 | dt: 150ms | tok/sec: 1,743,565 | mfu: 18.5% | epoch: 1 | remaining: 75s    
step 01506 (74.9%) | loss: 3.112935 | lrm: 1.00 | dt: 150ms | tok/sec: 1,743,222 | mfu: 18.5% | epoch: 1 | remaining: 75s    
step 01507 (74.9%) | loss: 3.113323 | lrm: 1.00 | dt: 150ms | tok/sec: 1,743,609 | mfu: 18.5% | epoch: 1 | remaining: 75s    
step 01508 (75.0%) | loss: 3.112522 | lrm: 1.00 | dt: 150ms | tok/sec: 1,742,791 | mfu: 18.5% | epoch: 1 | remaining: 75s    
step 01509 (75.0%) | loss: 3.109862 | lrm: 1.00 | dt: 150ms | tok/sec: 1,743,175 | mfu: 18.5% | epoch: 1 | remaining: 75s    
step 01510 (75.1%) | loss: 3.112176 | lrm: 1.00 | dt: 150ms | tok/sec: 1,742,777 | mfu: 18.5% | epoch: 1 | remaining: 75s    
step 01511 (75.1%) | loss: 3.107565 | lrm: 0.99 | dt: 150ms | tok/sec: 1,743,421 | mfu: 18.5% | epoch: 1 | remaining: 74s    
step 01512 (75.2%) | loss: 3.110961 | lrm: 0.99 | dt: 150ms | tok/sec: 1,743,626 | mfu: 18.5% | epoch: 1 | remaining: 74s    
step 01513 (75.2%) | loss: 3.110211 | lrm: 0.99 | dt: 150ms | tok/sec: 1,744,777 | mfu: 18.5% | epoch: 1 | remaining: 74s    
step 01514 (75.3%) | loss: 3.112729 | lrm: 0.99 | dt: 150ms | tok/sec: 1,744,030 | mfu: 18.5% | epoch: 1 | remaining: 74s    
step 01515 (75.3%) | loss: 3.111853 | lrm: 0.99 | dt: 150ms | tok/sec: 1,744,113 | mfu: 18.5% | epoch: 1 | remaining: 74s    
step 01516 (75.4%) | loss: 3.112126 | lrm: 0.98 | dt: 150ms | tok/sec: 1,743,656 | mfu: 18.5% | epoch: 1 | remaining: 74s    
step 01517 (75.4%) | loss: 3.108530 | lrm: 0.98 | dt: 150ms | tok/sec: 1,744,483 | mfu: 18.5% | epoch: 1 | remaining: 74s    
step 01518 (75.5%) | loss: 3.114810 | lrm: 0.98 | dt: 150ms | tok/sec: 1,743,728 | mfu: 18.5% | epoch: 1 | remaining: 73s    
step 01519 (75.5%) | loss: 3.109811 | lrm: 0.98 | dt: 150ms | tok/sec: 1,742,565 | mfu: 18.5% | epoch: 1 | remaining: 73s    
step 01520 (75.6%) | loss: 3.105810 | lrm: 0.98 | dt: 150ms | tok/sec: 1,744,215 | mfu: 18.5% | epoch: 1 | remaining: 73s    
step 01521 (75.6%) | loss: 3.106595 | lrm: 0.97 | dt: 150ms | tok/sec: 1,743,778 | mfu: 18.5% | epoch: 1 | remaining: 73s    
step 01522 (75.7%) | loss: 3.108981 | lrm: 0.97 | dt: 150ms | tok/sec: 1,742,264 | mfu: 18.5% | epoch: 1 | remaining: 73s    
step 01523 (75.7%) | loss: 3.108359 | lrm: 0.97 | dt: 150ms | tok/sec: 1,744,497 | mfu: 18.5% | epoch: 1 | remaining: 73s    
step 01524 (75.8%) | loss: 3.107527 | lrm: 0.97 | dt: 150ms | tok/sec: 1,744,348 | mfu: 18.5% | epoch: 1 | remaining: 72s    
step 01525 (75.8%) | loss: 3.115463 | lrm: 0.97 | dt: 150ms | tok/sec: 1,742,330 | mfu: 18.5% | epoch: 1 | remaining: 72s    
step 01526 (75.9%) | loss: 3.121348 | lrm: 0.96 | dt: 150ms | tok/sec: 1,743,728 | mfu: 18.5% | epoch: 1 | remaining: 72s    
step 01527 (75.9%) | loss: 3.119504 | lrm: 0.96 | dt: 150ms | tok/sec: 1,744,232 | mfu: 18.5% | epoch: 1 | remaining: 72s    
step 01528 (76.0%) | loss: 3.117520 | lrm: 0.96 | dt: 150ms | tok/sec: 1,743,717 | mfu: 18.5% | epoch: 1 | remaining: 72s    
step 01529 (76.0%) | loss: 3.115131 | lrm: 0.96 | dt: 150ms | tok/sec: 1,743,806 | mfu: 18.5% | epoch: 1 | remaining: 72s    
step 01530 (76.1%) | loss: 3.117066 | lrm: 0.96 | dt: 150ms | tok/sec: 1,743,833 | mfu: 18.5% | epoch: 1 | remaining: 72s    
step 01531 (76.1%) | loss: 3.113933 | lrm: 0.95 | dt: 150ms | tok/sec: 1,743,181 | mfu: 18.5% | epoch: 1 | remaining: 71s    
step 01532 (76.2%) | loss: 3.112565 | lrm: 0.95 | dt: 150ms | tok/sec: 1,742,614 | mfu: 18.5% | epoch: 1 | remaining: 71s    
step 01533 (76.2%) | loss: 3.118822 | lrm: 0.95 | dt: 150ms | tok/sec: 1,743,065 | mfu: 18.5% | epoch: 1 | remaining: 71s    
step 01534 (76.3%) | loss: 3.114160 | lrm: 0.95 | dt: 150ms | tok/sec: 1,744,013 | mfu: 18.5% | epoch: 1 | remaining: 71s    
step 01535 (76.3%) | loss: 3.111179 | lrm: 0.95 | dt: 150ms | tok/sec: 1,743,115 | mfu: 18.5% | epoch: 1 | remaining: 71s    
step 01536 (76.4%) | loss: 3.107887 | lrm: 0.94 | dt: 150ms | tok/sec: 1,743,543 | mfu: 18.5% | epoch: 1 | remaining: 71s    
step 01537 (76.4%) | loss: 3.106965 | lrm: 0.94 | dt: 151ms | tok/sec: 1,739,835 | mfu: 18.5% | epoch: 1 | remaining: 71s    
step 01538 (76.5%) | loss: 3.101782 | lrm: 0.94 | dt: 150ms | tok/sec: 1,742,916 | mfu: 18.5% | epoch: 1 | remaining: 70s    
step 01539 (76.5%) | loss: 3.099742 | lrm: 0.94 | dt: 150ms | tok/sec: 1,742,606 | mfu: 18.5% | epoch: 1 | remaining: 70s    
step 01540 (76.6%) | loss: 3.097104 | lrm: 0.94 | dt: 150ms | tok/sec: 1,743,775 | mfu: 18.5% | epoch: 1 | remaining: 70s    
step 01541 (76.6%) | loss: 3.097835 | lrm: 0.93 | dt: 150ms | tok/sec: 1,743,358 | mfu: 18.5% | epoch: 1 | remaining: 70s    
step 01542 (76.7%) | loss: 3.102335 | lrm: 0.93 | dt: 150ms | tok/sec: 1,743,618 | mfu: 18.5% | epoch: 1 | remaining: 70s    
step 01543 (76.7%) | loss: 3.100850 | lrm: 0.93 | dt: 150ms | tok/sec: 1,743,015 | mfu: 18.5% | epoch: 1 | remaining: 70s    
step 01544 (76.8%) | loss: 3.100165 | lrm: 0.93 | dt: 150ms | tok/sec: 1,743,308 | mfu: 18.5% | epoch: 1 | remaining: 69s    
step 01545 (76.8%) | loss: 3.097781 | lrm: 0.93 | dt: 150ms | tok/sec: 1,743,689 | mfu: 18.5% | epoch: 1 | remaining: 69s    
step 01546 (76.9%) | loss: 3.095211 | lrm: 0.92 | dt: 150ms | tok/sec: 1,744,362 | mfu: 18.5% | epoch: 1 | remaining: 69s    
step 01547 (76.9%) | loss: 3.095629 | lrm: 0.92 | dt: 150ms | tok/sec: 1,743,267 | mfu: 18.5% | epoch: 1 | remaining: 69s    
step 01548 (77.0%) | loss: 3.092729 | lrm: 0.92 | dt: 150ms | tok/sec: 1,743,667 | mfu: 18.5% | epoch: 1 | remaining: 69s    
step 01549 (77.0%) | loss: 3.088117 | lrm: 0.92 | dt: 150ms | tok/sec: 1,743,333 | mfu: 18.5% | epoch: 1 | remaining: 69s    
step 01550 (77.1%) | loss: 3.082170 | lrm: 0.92 | dt: 150ms | tok/sec: 1,743,474 | mfu: 18.5% | epoch: 1 | remaining: 69s    
step 01551 (77.1%) | loss: 3.086534 | lrm: 0.91 | dt: 150ms | tok/sec: 1,742,476 | mfu: 18.5% | epoch: 1 | remaining: 68s    
step 01552 (77.2%) | loss: 3.085975 | lrm: 0.91 | dt: 150ms | tok/sec: 1,743,173 | mfu: 18.5% | epoch: 1 | remaining: 68s    
step 01553 (77.3%) | loss: 3.088780 | lrm: 0.91 | dt: 150ms | tok/sec: 1,743,029 | mfu: 18.5% | epoch: 1 | remaining: 68s    
step 01554 (77.3%) | loss: 3.090251 | lrm: 0.91 | dt: 150ms | tok/sec: 1,743,192 | mfu: 18.5% | epoch: 1 | remaining: 68s    
step 01555 (77.4%) | loss: 3.091326 | lrm: 0.91 | dt: 150ms | tok/sec: 1,742,377 | mfu: 18.5% | epoch: 1 | remaining: 68s    
step 01556 (77.4%) | loss: 3.089929 | lrm: 0.90 | dt: 150ms | tok/sec: 1,743,402 | mfu: 18.5% | epoch: 1 | remaining: 68s    
step 01557 (77.5%) | loss: 3.088150 | lrm: 0.90 | dt: 151ms | tok/sec: 1,741,306 | mfu: 18.5% | epoch: 1 | remaining: 67s    
step 01558 (77.5%) | loss: 3.086409 | lrm: 0.90 | dt: 150ms | tok/sec: 1,742,554 | mfu: 18.5% | epoch: 1 | remaining: 67s    
step 01559 (77.6%) | loss: 3.088772 | lrm: 0.90 | dt: 150ms | tok/sec: 1,742,349 | mfu: 18.5% | epoch: 1 | remaining: 67s    
step 01560 (77.6%) | loss: 3.090388 | lrm: 0.90 | dt: 150ms | tok/sec: 1,742,554 | mfu: 18.5% | epoch: 1 | remaining: 67s    
step 01561 (77.7%) | loss: 3.087924 | lrm: 0.89 | dt: 150ms | tok/sec: 1,743,468 | mfu: 18.5% | epoch: 1 | remaining: 67s    
step 01562 (77.7%) | loss: 3.089522 | lrm: 0.89 | dt: 150ms | tok/sec: 1,743,048 | mfu: 18.5% | epoch: 1 | remaining: 67s    
step 01563 (77.8%) | loss: 3.088148 | lrm: 0.89 | dt: 150ms | tok/sec: 1,744,254 | mfu: 18.5% | epoch: 1 | remaining: 67s    
step 01564 (77.8%) | loss: 3.080009 | lrm: 0.89 | dt: 150ms | tok/sec: 1,742,739 | mfu: 18.5% | epoch: 1 | remaining: 66s    
step 01565 (77.9%) | loss: 3.084751 | lrm: 0.89 | dt: 150ms | tok/sec: 1,744,005 | mfu: 18.5% | epoch: 1 | remaining: 66s    
step 01566 (77.9%) | loss: 3.086589 | lrm: 0.88 | dt: 150ms | tok/sec: 1,742,863 | mfu: 18.5% | epoch: 1 | remaining: 66s    
step 01567 (78.0%) | loss: 3.086170 | lrm: 0.88 | dt: 150ms | tok/sec: 1,742,822 | mfu: 18.5% | epoch: 1 | remaining: 66s    
step 01568 (78.0%) | loss: 3.086239 | lrm: 0.88 | dt: 151ms | tok/sec: 1,738,561 | mfu: 18.4% | epoch: 1 | remaining: 66s    
step 01569 (78.1%) | loss: 3.086509 | lrm: 0.88 | dt: 150ms | tok/sec: 1,742,377 | mfu: 18.5% | epoch: 1 | remaining: 66s    
step 01570 (78.1%) | loss: 3.086088 | lrm: 0.88 | dt: 150ms | tok/sec: 1,743,424 | mfu: 18.5% | epoch: 1 | remaining: 66s    
step 01571 (78.2%) | loss: 3.085298 | lrm: 0.87 | dt: 150ms | tok/sec: 1,743,648 | mfu: 18.5% | epoch: 1 | remaining: 65s    
step 01572 (78.2%) | loss: 3.087050 | lrm: 0.87 | dt: 150ms | tok/sec: 1,744,453 | mfu: 18.5% | epoch: 1 | remaining: 65s    
step 01573 (78.3%) | loss: 3.084868 | lrm: 0.87 | dt: 150ms | tok/sec: 1,743,493 | mfu: 18.5% | epoch: 1 | remaining: 65s    
step 01574 (78.3%) | loss: 3.082066 | lrm: 0.87 | dt: 150ms | tok/sec: 1,743,753 | mfu: 18.5% | epoch: 1 | remaining: 65s    
step 01575 (78.4%) | loss: 3.083146 | lrm: 0.87 | dt: 150ms | tok/sec: 1,743,524 | mfu: 18.5% | epoch: 1 | remaining: 65s    
step 01576 (78.4%) | loss: 3.085898 | lrm: 0.86 | dt: 150ms | tok/sec: 1,741,841 | mfu: 18.5% | epoch: 1 | remaining: 65s    
step 01577 (78.5%) | loss: 3.081876 | lrm: 0.86 | dt: 150ms | tok/sec: 1,743,748 | mfu: 18.5% | epoch: 1 | remaining: 64s    
step 01578 (78.5%) | loss: 3.083222 | lrm: 0.86 | dt: 150ms | tok/sec: 1,743,391 | mfu: 18.5% | epoch: 1 | remaining: 64s    
step 01579 (78.6%) | loss: 3.078892 | lrm: 0.86 | dt: 150ms | tok/sec: 1,743,640 | mfu: 18.5% | epoch: 1 | remaining: 64s    
step 01580 (78.6%) | loss: 3.082191 | lrm: 0.86 | dt: 150ms | tok/sec: 1,743,474 | mfu: 18.5% | epoch: 1 | remaining: 64s    
step 01581 (78.7%) | loss: 3.084168 | lrm: 0.85 | dt: 150ms | tok/sec: 1,743,501 | mfu: 18.5% | epoch: 1 | remaining: 64s    
step 01582 (78.7%) | loss: 3.078171 | lrm: 0.85 | dt: 150ms | tok/sec: 1,743,186 | mfu: 18.5% | epoch: 1 | remaining: 64s    
step 01583 (78.8%) | loss: 3.077205 | lrm: 0.85 | dt: 150ms | tok/sec: 1,744,215 | mfu: 18.5% | epoch: 1 | remaining: 64s    
step 01584 (78.8%) | loss: 3.079456 | lrm: 0.85 | dt: 150ms | tok/sec: 1,743,725 | mfu: 18.5% | epoch: 1 | remaining: 63s    
step 01585 (78.9%) | loss: 3.077898 | lrm: 0.85 | dt: 150ms | tok/sec: 1,744,580 | mfu: 18.5% | epoch: 1 | remaining: 63s    
step 01586 (78.9%) | loss: 3.077759 | lrm: 0.84 | dt: 150ms | tok/sec: 1,743,565 | mfu: 18.5% | epoch: 1 | remaining: 63s    
step 01587 (79.0%) | loss: 3.081882 | lrm: 0.84 | dt: 170ms | tok/sec: 1,540,387 | mfu: 16.3% | epoch: 1 | remaining: 63s    
step 01588 (79.0%) | loss: 3.086376 | lrm: 0.84 | dt: 150ms | tok/sec: 1,743,250 | mfu: 18.5% | epoch: 1 | remaining: 63s    
step 01589 (79.1%) | loss: 3.085300 | lrm: 0.84 | dt: 150ms | tok/sec: 1,744,024 | mfu: 18.5% | epoch: 1 | remaining: 63s    
step 01590 (79.1%) | loss: 3.084434 | lrm: 0.84 | dt: 150ms | tok/sec: 1,743,750 | mfu: 18.5% | epoch: 1 | remaining: 63s    
step 01591 (79.2%) | loss: 3.083116 | lrm: 0.83 | dt: 150ms | tok/sec: 1,744,290 | mfu: 18.5% | epoch: 1 | remaining: 62s    
step 01592 (79.2%) | loss: 3.081450 | lrm: 0.83 | dt: 150ms | tok/sec: 1,743,687 | mfu: 18.5% | epoch: 1 | remaining: 62s    
step 01593 (79.3%) | loss: 3.080770 | lrm: 0.83 | dt: 150ms | tok/sec: 1,744,027 | mfu: 18.5% | epoch: 1 | remaining: 62s    
step 01594 (79.3%) | loss: 3.076578 | lrm: 0.83 | dt: 150ms | tok/sec: 1,743,977 | mfu: 18.5% | epoch: 1 | remaining: 62s    
step 01595 (79.4%) | loss: 3.079107 | lrm: 0.83 | dt: 150ms | tok/sec: 1,744,522 | mfu: 18.5% | epoch: 1 | remaining: 62s    
step 01596 (79.4%) | loss: 3.076242 | lrm: 0.82 | dt: 150ms | tok/sec: 1,743,703 | mfu: 18.5% | epoch: 1 | remaining: 62s    
step 01597 (79.5%) | loss: 3.077822 | lrm: 0.82 | dt: 150ms | tok/sec: 1,743,756 | mfu: 18.5% | epoch: 1 | remaining: 61s    
step 01598 (79.5%) | loss: 3.076242 | lrm: 0.82 | dt: 150ms | tok/sec: 1,743,902 | mfu: 18.5% | epoch: 1 | remaining: 61s    
step 01599 (79.6%) | loss: 3.077069 | lrm: 0.82 | dt: 150ms | tok/sec: 1,743,723 | mfu: 18.5% | epoch: 1 | remaining: 61s    
step 01600 (79.6%) | loss: 3.078577 | lrm: 0.82 | dt: 150ms | tok/sec: 1,744,021 | mfu: 18.5% | epoch: 1 | remaining: 61s    
step 01601 (79.7%) | loss: 3.074007 | lrm: 0.81 | dt: 150ms | tok/sec: 1,744,650 | mfu: 18.5% | epoch: 1 | remaining: 61s    
step 01602 (79.7%) | loss: 3.066026 | lrm: 0.81 | dt: 150ms | tok/sec: 1,743,938 | mfu: 18.5% | epoch: 1 | remaining: 61s    
step 01603 (79.8%) | loss: 3.058972 | lrm: 0.81 | dt: 150ms | tok/sec: 1,743,623 | mfu: 18.5% | epoch: 1 | remaining: 61s    
step 01604 (79.8%) | loss: 3.061488 | lrm: 0.81 | dt: 150ms | tok/sec: 1,744,077 | mfu: 18.5% | epoch: 1 | remaining: 60s    
step 01605 (79.9%) | loss: 3.059237 | lrm: 0.81 | dt: 150ms | tok/sec: 1,744,417 | mfu: 18.5% | epoch: 1 | remaining: 60s    
step 01606 (79.9%) | loss: 3.061841 | lrm: 0.80 | dt: 150ms | tok/sec: 1,743,308 | mfu: 18.5% | epoch: 1 | remaining: 60s    
step 01607 (80.0%) | loss: 3.064181 | lrm: 0.80 | dt: 150ms | tok/sec: 1,743,961 | mfu: 18.5% | epoch: 1 | remaining: 60s    
step 01608 (80.0%) | loss: 3.062065 | lrm: 0.80 | dt: 150ms | tok/sec: 1,743,341 | mfu: 18.5% | epoch: 1 | remaining: 60s    
step 01609 (80.1%) | loss: 3.061056 | lrm: 0.80 | dt: 150ms | tok/sec: 1,743,866 | mfu: 18.5% | epoch: 1 | remaining: 60s    
step 01610 (80.1%) | loss: 3.065076 | lrm: 0.80 | dt: 150ms | tok/sec: 1,743,432 | mfu: 18.5% | epoch: 1 | remaining: 60s    
step 01611 (80.2%) | loss: 3.064118 | lrm: 0.79 | dt: 150ms | tok/sec: 1,744,046 | mfu: 18.5% | epoch: 1 | remaining: 59s    
step 01612 (80.2%) | loss: 3.070390 | lrm: 0.79 | dt: 150ms | tok/sec: 1,743,872 | mfu: 18.5% | epoch: 1 | remaining: 59s    
step 01613 (80.3%) | loss: 3.067499 | lrm: 0.79 | dt: 150ms | tok/sec: 1,742,813 | mfu: 18.5% | epoch: 1 | remaining: 59s    
step 01614 (80.3%) | loss: 3.069911 | lrm: 0.79 | dt: 150ms | tok/sec: 1,744,174 | mfu: 18.5% | epoch: 1 | remaining: 59s    
step 01615 (80.4%) | loss: 3.070270 | lrm: 0.79 | dt: 150ms | tok/sec: 1,743,803 | mfu: 18.5% | epoch: 1 | remaining: 59s    
step 01616 (80.4%) | loss: 3.066618 | lrm: 0.78 | dt: 150ms | tok/sec: 1,744,323 | mfu: 18.5% | epoch: 1 | remaining: 59s    
step 01617 (80.5%) | loss: 3.062999 | lrm: 0.78 | dt: 150ms | tok/sec: 1,743,853 | mfu: 18.5% | epoch: 1 | remaining: 58s    
step 01618 (80.5%) | loss: 3.065367 | lrm: 0.78 | dt: 150ms | tok/sec: 1,744,489 | mfu: 18.5% | epoch: 1 | remaining: 58s    
step 01619 (80.6%) | loss: 3.062572 | lrm: 0.78 | dt: 150ms | tok/sec: 1,743,985 | mfu: 18.5% | epoch: 1 | remaining: 58s    
step 01620 (80.6%) | loss: 3.063433 | lrm: 0.78 | dt: 150ms | tok/sec: 1,743,056 | mfu: 18.5% | epoch: 1 | remaining: 58s    
step 01621 (80.7%) | loss: 3.068298 | lrm: 0.77 | dt: 150ms | tok/sec: 1,744,290 | mfu: 18.5% | epoch: 1 | remaining: 58s    
step 01622 (80.7%) | loss: 3.070901 | lrm: 0.77 | dt: 150ms | tok/sec: 1,744,384 | mfu: 18.5% | epoch: 1 | remaining: 58s    
step 01623 (80.8%) | loss: 3.072094 | lrm: 0.77 | dt: 150ms | tok/sec: 1,743,994 | mfu: 18.5% | epoch: 1 | remaining: 58s    
step 01624 (80.8%) | loss: 3.072308 | lrm: 0.77 | dt: 150ms | tok/sec: 1,743,665 | mfu: 18.5% | epoch: 1 | remaining: 57s    
step 01625 (80.9%) | loss: 3.070803 | lrm: 0.77 | dt: 150ms | tok/sec: 1,744,852 | mfu: 18.5% | epoch: 1 | remaining: 57s    
step 01626 (80.9%) | loss: 3.063942 | lrm: 0.76 | dt: 150ms | tok/sec: 1,743,789 | mfu: 18.5% | epoch: 1 | remaining: 57s    
step 01627 (81.0%) | loss: 3.065227 | lrm: 0.76 | dt: 150ms | tok/sec: 1,744,226 | mfu: 18.5% | epoch: 1 | remaining: 57s    
step 01628 (81.0%) | loss: 3.071931 | lrm: 0.76 | dt: 150ms | tok/sec: 1,743,853 | mfu: 18.5% | epoch: 1 | remaining: 57s    
step 01629 (81.1%) | loss: 3.070305 | lrm: 0.76 | dt: 150ms | tok/sec: 1,743,701 | mfu: 18.5% | epoch: 1 | remaining: 57s    
step 01630 (81.1%) | loss: 3.072024 | lrm: 0.76 | dt: 151ms | tok/sec: 1,733,572 | mfu: 18.4% | epoch: 1 | remaining: 57s    
step 01631 (81.2%) | loss: 3.073702 | lrm: 0.75 | dt: 150ms | tok/sec: 1,743,681 | mfu: 18.5% | epoch: 1 | remaining: 56s    
step 01632 (81.2%) | loss: 3.071036 | lrm: 0.75 | dt: 150ms | tok/sec: 1,743,551 | mfu: 18.5% | epoch: 1 | remaining: 56s    
step 01633 (81.3%) | loss: 3.071454 | lrm: 0.75 | dt: 150ms | tok/sec: 1,743,562 | mfu: 18.5% | epoch: 1 | remaining: 56s    
step 01634 (81.3%) | loss: 3.071556 | lrm: 0.75 | dt: 150ms | tok/sec: 1,743,463 | mfu: 18.5% | epoch: 1 | remaining: 56s    
step 01635 (81.4%) | loss: 3.069012 | lrm: 0.75 | dt: 150ms | tok/sec: 1,745,347 | mfu: 18.5% | epoch: 1 | remaining: 56s    
step 01636 (81.4%) | loss: 3.071786 | lrm: 0.74 | dt: 150ms | tok/sec: 1,743,620 | mfu: 18.5% | epoch: 1 | remaining: 56s    
step 01637 (81.5%) | loss: 3.065805 | lrm: 0.74 | dt: 150ms | tok/sec: 1,743,399 | mfu: 18.5% | epoch: 1 | remaining: 55s    
step 01638 (81.5%) | loss: 3.063600 | lrm: 0.74 | dt: 150ms | tok/sec: 1,743,200 | mfu: 18.5% | epoch: 1 | remaining: 55s    
step 01639 (81.6%) | loss: 3.067405 | lrm: 0.74 | dt: 150ms | tok/sec: 1,744,182 | mfu: 18.5% | epoch: 1 | remaining: 55s    
step 01640 (81.6%) | loss: 3.061936 | lrm: 0.74 | dt: 150ms | tok/sec: 1,744,124 | mfu: 18.5% | epoch: 1 | remaining: 55s    
step 01641 (81.7%) | loss: 3.058833 | lrm: 0.73 | dt: 150ms | tok/sec: 1,743,919 | mfu: 18.5% | epoch: 1 | remaining: 55s    
step 01642 (81.7%) | loss: 3.057616 | lrm: 0.73 | dt: 150ms | tok/sec: 1,744,564 | mfu: 18.5% | epoch: 1 | remaining: 55s    
step 01643 (81.8%) | loss: 3.055794 | lrm: 0.73 | dt: 150ms | tok/sec: 1,744,035 | mfu: 18.5% | epoch: 1 | remaining: 55s    
step 01644 (81.8%) | loss: 3.055970 | lrm: 0.73 | dt: 150ms | tok/sec: 1,744,442 | mfu: 18.5% | epoch: 1 | remaining: 54s    
step 01645 (81.9%) | loss: 3.054229 | lrm: 0.73 | dt: 150ms | tok/sec: 1,744,340 | mfu: 18.5% | epoch: 1 | remaining: 54s    
step 01646 (81.9%) | loss: 3.055892 | lrm: 0.72 | dt: 150ms | tok/sec: 1,743,933 | mfu: 18.5% | epoch: 1 | remaining: 54s    
step 01647 (82.0%) | loss: 3.055417 | lrm: 0.72 | dt: 150ms | tok/sec: 1,743,996 | mfu: 18.5% | epoch: 1 | remaining: 54s    
step 01648 (82.0%) | loss: 3.052066 | lrm: 0.72 | dt: 150ms | tok/sec: 1,744,032 | mfu: 18.5% | epoch: 1 | remaining: 54s    
step 01649 (82.1%) | loss: 3.048871 | lrm: 0.72 | dt: 150ms | tok/sec: 1,744,591 | mfu: 18.5% | epoch: 1 | remaining: 54s    
step 01650 (82.1%) | loss: 3.045253 | lrm: 0.72 | dt: 150ms | tok/sec: 1,743,068 | mfu: 18.5% | epoch: 1 | remaining: 53s    
step 01651 (82.2%) | loss: 3.049447 | lrm: 0.71 | dt: 150ms | tok/sec: 1,743,250 | mfu: 18.5% | epoch: 1 | remaining: 53s    
step 01652 (82.2%) | loss: 3.049670 | lrm: 0.71 | dt: 150ms | tok/sec: 1,744,273 | mfu: 18.5% | epoch: 1 | remaining: 53s    
step 01653 (82.3%) | loss: 3.053274 | lrm: 0.71 | dt: 150ms | tok/sec: 1,743,601 | mfu: 18.5% | epoch: 1 | remaining: 53s    
step 01654 (82.3%) | loss: 3.057606 | lrm: 0.71 | dt: 150ms | tok/sec: 1,743,886 | mfu: 18.5% | epoch: 1 | remaining: 53s    
step 01655 (82.4%) | loss: 3.058372 | lrm: 0.71 | dt: 150ms | tok/sec: 1,743,759 | mfu: 18.5% | epoch: 1 | remaining: 53s    
step 01656 (82.4%) | loss: 3.059573 | lrm: 0.70 | dt: 150ms | tok/sec: 1,744,257 | mfu: 18.5% | epoch: 1 | remaining: 53s    
step 01657 (82.5%) | loss: 3.056218 | lrm: 0.70 | dt: 150ms | tok/sec: 1,743,905 | mfu: 18.5% | epoch: 1 | remaining: 52s    
step 01658 (82.5%) | loss: 3.053914 | lrm: 0.70 | dt: 150ms | tok/sec: 1,743,654 | mfu: 18.5% | epoch: 1 | remaining: 52s    
step 01659 (82.6%) | loss: 3.057999 | lrm: 0.70 | dt: 150ms | tok/sec: 1,743,286 | mfu: 18.5% | epoch: 1 | remaining: 52s    
step 01660 (82.6%) | loss: 3.058279 | lrm: 0.70 | dt: 150ms | tok/sec: 1,743,267 | mfu: 18.5% | epoch: 1 | remaining: 52s    
step 01661 (82.7%) | loss: 3.057089 | lrm: 0.69 | dt: 150ms | tok/sec: 1,743,894 | mfu: 18.5% | epoch: 1 | remaining: 52s    
step 01662 (82.7%) | loss: 3.055401 | lrm: 0.69 | dt: 150ms | tok/sec: 1,744,425 | mfu: 18.5% | epoch: 1 | remaining: 52s    
step 01663 (82.8%) | loss: 3.050763 | lrm: 0.69 | dt: 150ms | tok/sec: 1,744,060 | mfu: 18.5% | epoch: 1 | remaining: 52s    
step 01664 (82.8%) | loss: 3.050665 | lrm: 0.69 | dt: 150ms | tok/sec: 1,743,441 | mfu: 18.5% | epoch: 1 | remaining: 51s    
step 01665 (82.9%) | loss: 3.048259 | lrm: 0.69 | dt: 150ms | tok/sec: 1,744,356 | mfu: 18.5% | epoch: 1 | remaining: 51s    
step 01666 (82.9%) | loss: 3.046919 | lrm: 0.68 | dt: 150ms | tok/sec: 1,744,229 | mfu: 18.5% | epoch: 1 | remaining: 51s    
step 01667 (83.0%) | loss: 3.046839 | lrm: 0.68 | dt: 150ms | tok/sec: 1,744,127 | mfu: 18.5% | epoch: 1 | remaining: 51s    
step 01668 (83.0%) | loss: 3.045489 | lrm: 0.68 | dt: 150ms | tok/sec: 1,742,559 | mfu: 18.5% | epoch: 1 | remaining: 51s    
step 01669 (83.1%) | loss: 3.046064 | lrm: 0.68 | dt: 150ms | tok/sec: 1,743,347 | mfu: 18.5% | epoch: 1 | remaining: 51s    
step 01670 (83.1%) | loss: 3.045958 | lrm: 0.68 | dt: 150ms | tok/sec: 1,743,723 | mfu: 18.5% | epoch: 1 | remaining: 50s    
step 01671 (83.2%) | loss: 3.040913 | lrm: 0.67 | dt: 150ms | tok/sec: 1,743,725 | mfu: 18.5% | epoch: 1 | remaining: 50s    
step 01672 (83.2%) | loss: 3.036610 | lrm: 0.67 | dt: 150ms | tok/sec: 1,743,817 | mfu: 18.5% | epoch: 1 | remaining: 50s    
step 01673 (83.3%) | loss: 3.042834 | lrm: 0.67 | dt: 150ms | tok/sec: 1,743,905 | mfu: 18.5% | epoch: 1 | remaining: 50s    
step 01674 (83.3%) | loss: 3.041059 | lrm: 0.67 | dt: 150ms | tok/sec: 1,743,454 | mfu: 18.5% | epoch: 1 | remaining: 50s    
step 01675 (83.4%) | loss: 3.036796 | lrm: 0.67 | dt: 150ms | tok/sec: 1,741,830 | mfu: 18.5% | epoch: 1 | remaining: 50s    
step 01676 (83.4%) | loss: 3.040555 | lrm: 0.66 | dt: 150ms | tok/sec: 1,743,750 | mfu: 18.5% | epoch: 1 | remaining: 50s    
step 01677 (83.5%) | loss: 3.038688 | lrm: 0.66 | dt: 150ms | tok/sec: 1,743,297 | mfu: 18.5% | epoch: 1 | remaining: 49s    
step 01678 (83.5%) | loss: 3.041521 | lrm: 0.66 | dt: 150ms | tok/sec: 1,743,941 | mfu: 18.5% | epoch: 1 | remaining: 49s    
step 01679 (83.6%) | loss: 3.049876 | lrm: 0.66 | dt: 150ms | tok/sec: 1,743,961 | mfu: 18.5% | epoch: 1 | remaining: 49s    
step 01680 (83.6%) | loss: 3.049011 | lrm: 0.66 | dt: 150ms | tok/sec: 1,743,239 | mfu: 18.5% | epoch: 1 | remaining: 49s    
step 01681 (83.7%) | loss: 3.052260 | lrm: 0.65 | dt: 150ms | tok/sec: 1,744,362 | mfu: 18.5% | epoch: 1 | remaining: 49s    
step 01682 (83.7%) | loss: 3.051789 | lrm: 0.65 | dt: 150ms | tok/sec: 1,743,811 | mfu: 18.5% | epoch: 1 | remaining: 49s    
step 01683 (83.8%) | loss: 3.046809 | lrm: 0.65 | dt: 150ms | tok/sec: 1,743,145 | mfu: 18.5% | epoch: 1 | remaining: 49s    
step 01684 (83.8%) | loss: 3.044517 | lrm: 0.65 | dt: 150ms | tok/sec: 1,744,221 | mfu: 18.5% | epoch: 1 | remaining: 48s    
step 01685 (83.9%) | loss: 3.047897 | lrm: 0.65 | dt: 150ms | tok/sec: 1,743,302 | mfu: 18.5% | epoch: 1 | remaining: 48s    
step 01686 (83.9%) | loss: 3.046260 | lrm: 0.64 | dt: 150ms | tok/sec: 1,743,825 | mfu: 18.5% | epoch: 1 | remaining: 48s    
step 01687 (84.0%) | loss: 3.043058 | lrm: 0.64 | dt: 150ms | tok/sec: 1,743,181 | mfu: 18.5% | epoch: 1 | remaining: 48s    
step 01688 (84.0%) | loss: 3.043743 | lrm: 0.64 | dt: 150ms | tok/sec: 1,744,204 | mfu: 18.5% | epoch: 1 | remaining: 48s    
step 01689 (84.1%) | loss: 3.044381 | lrm: 0.64 | dt: 150ms | tok/sec: 1,743,231 | mfu: 18.5% | epoch: 1 | remaining: 48s    
step 01690 (84.1%) | loss: 3.041989 | lrm: 0.64 | dt: 150ms | tok/sec: 1,743,875 | mfu: 18.5% | epoch: 1 | remaining: 47s    
step 01691 (84.2%) | loss: 3.042716 | lrm: 0.63 | dt: 150ms | tok/sec: 1,743,258 | mfu: 18.5% | epoch: 1 | remaining: 47s    
step 01692 (84.2%) | loss: 3.039565 | lrm: 0.63 | dt: 150ms | tok/sec: 1,743,803 | mfu: 18.5% | epoch: 1 | remaining: 47s    
step 01693 (84.3%) | loss: 3.037449 | lrm: 0.63 | dt: 150ms | tok/sec: 1,744,165 | mfu: 18.5% | epoch: 1 | remaining: 47s    
step 01694 (84.3%) | loss: 3.034991 | lrm: 0.63 | dt: 150ms | tok/sec: 1,743,432 | mfu: 18.5% | epoch: 1 | remaining: 47s    
step 01695 (84.4%) | loss: 3.038273 | lrm: 0.63 | dt: 150ms | tok/sec: 1,743,847 | mfu: 18.5% | epoch: 1 | remaining: 47s    
step 01696 (84.4%) | loss: 3.037511 | lrm: 0.62 | dt: 150ms | tok/sec: 1,744,055 | mfu: 18.5% | epoch: 1 | remaining: 47s    
step 01697 (84.5%) | loss: 3.035157 | lrm: 0.62 | dt: 150ms | tok/sec: 1,743,383 | mfu: 18.5% | epoch: 1 | remaining: 46s    
step 01698 (84.5%) | loss: 3.034772 | lrm: 0.62 | dt: 150ms | tok/sec: 1,743,911 | mfu: 18.5% | epoch: 1 | remaining: 46s    
step 01699 (84.6%) | loss: 3.033161 | lrm: 0.62 | dt: 150ms | tok/sec: 1,743,377 | mfu: 18.5% | epoch: 1 | remaining: 46s    
step 01700 (84.6%) | loss: 3.032481 | lrm: 0.62 | dt: 150ms | tok/sec: 1,743,319 | mfu: 18.5% | epoch: 1 | remaining: 46s    
step 01701 (84.7%) | loss: 3.036995 | lrm: 0.61 | dt: 150ms | tok/sec: 1,743,521 | mfu: 18.5% | epoch: 1 | remaining: 46s    
step 01702 (84.7%) | loss: 3.033007 | lrm: 0.61 | dt: 150ms | tok/sec: 1,743,264 | mfu: 18.5% | epoch: 1 | remaining: 46s    
step 01703 (84.8%) | loss: 3.032635 | lrm: 0.61 | dt: 150ms | tok/sec: 1,743,167 | mfu: 18.5% | epoch: 1 | remaining: 46s    
step 01704 (84.8%) | loss: 3.033270 | lrm: 0.61 | dt: 150ms | tok/sec: 1,743,905 | mfu: 18.5% | epoch: 1 | remaining: 45s    
step 01705 (84.9%) | loss: 3.029725 | lrm: 0.61 | dt: 150ms | tok/sec: 1,744,389 | mfu: 18.5% | epoch: 1 | remaining: 45s    
step 01706 (84.9%) | loss: 3.028402 | lrm: 0.60 | dt: 150ms | tok/sec: 1,744,008 | mfu: 18.5% | epoch: 1 | remaining: 45s    
step 01707 (85.0%) | loss: 3.028908 | lrm: 0.60 | dt: 150ms | tok/sec: 1,744,409 | mfu: 18.5% | epoch: 1 | remaining: 45s    
step 01708 (85.0%) | loss: 3.027910 | lrm: 0.60 | dt: 150ms | tok/sec: 1,743,280 | mfu: 18.5% | epoch: 1 | remaining: 45s    
step 01709 (85.1%) | loss: 3.023263 | lrm: 0.60 | dt: 150ms | tok/sec: 1,743,980 | mfu: 18.5% | epoch: 1 | remaining: 45s    
step 01710 (85.1%) | loss: 3.025269 | lrm: 0.60 | dt: 150ms | tok/sec: 1,743,911 | mfu: 18.5% | epoch: 1 | remaining: 44s    
step 01711 (85.2%) | loss: 3.025278 | lrm: 0.59 | dt: 150ms | tok/sec: 1,743,897 | mfu: 18.5% | epoch: 1 | remaining: 44s    
step 01712 (85.2%) | loss: 3.017112 | lrm: 0.59 | dt: 150ms | tok/sec: 1,743,836 | mfu: 18.5% | epoch: 1 | remaining: 44s    
step 01713 (85.3%) | loss: 3.023549 | lrm: 0.59 | dt: 151ms | tok/sec: 1,741,668 | mfu: 18.5% | epoch: 1 | remaining: 44s    
step 01714 (85.3%) | loss: 3.022059 | lrm: 0.59 | dt: 151ms | tok/sec: 1,739,362 | mfu: 18.5% | epoch: 1 | remaining: 44s    
step 01715 (85.4%) | loss: 3.026496 | lrm: 0.58 | dt: 150ms | tok/sec: 1,743,231 | mfu: 18.5% | epoch: 1 | remaining: 44s    
step 01716 (85.4%) | loss: 3.028895 | lrm: 0.58 | dt: 150ms | tok/sec: 1,743,806 | mfu: 18.5% | epoch: 1 | remaining: 44s    
step 01717 (85.5%) | loss: 3.028420 | lrm: 0.58 | dt: 150ms | tok/sec: 1,744,005 | mfu: 18.5% | epoch: 1 | remaining: 43s    
step 01718 (85.5%) | loss: 3.027260 | lrm: 0.58 | dt: 150ms | tok/sec: 1,743,037 | mfu: 18.5% | epoch: 1 | remaining: 43s    
step 01719 (85.6%) | loss: 3.031000 | lrm: 0.58 | dt: 150ms | tok/sec: 1,744,215 | mfu: 18.5% | epoch: 1 | remaining: 43s    
step 01720 (85.6%) | loss: 3.034967 | lrm: 0.57 | dt: 150ms | tok/sec: 1,743,468 | mfu: 18.5% | epoch: 1 | remaining: 43s    
step 01721 (85.7%) | loss: 3.035201 | lrm: 0.57 | dt: 150ms | tok/sec: 1,743,336 | mfu: 18.5% | epoch: 1 | remaining: 43s    
step 01722 (85.7%) | loss: 3.035822 | lrm: 0.57 | dt: 150ms | tok/sec: 1,743,737 | mfu: 18.5% | epoch: 1 | remaining: 43s    
step 01723 (85.8%) | loss: 3.037406 | lrm: 0.57 | dt: 150ms | tok/sec: 1,743,817 | mfu: 18.5% | epoch: 1 | remaining: 43s    
step 01724 (85.8%) | loss: 3.035765 | lrm: 0.57 | dt: 150ms | tok/sec: 1,743,637 | mfu: 18.5% | epoch: 1 | remaining: 42s    
step 01725 (85.9%) | loss: 3.034934 | lrm: 0.56 | dt: 150ms | tok/sec: 1,741,869 | mfu: 18.5% | epoch: 1 | remaining: 42s    
step 01726 (85.9%) | loss: 3.030829 | lrm: 0.56 | dt: 150ms | tok/sec: 1,743,454 | mfu: 18.5% | epoch: 1 | remaining: 42s    
step 01727 (86.0%) | loss: 3.030681 | lrm: 0.56 | dt: 150ms | tok/sec: 1,743,065 | mfu: 18.5% | epoch: 1 | remaining: 42s    
step 01728 (86.0%) | loss: 3.028316 | lrm: 0.56 | dt: 150ms | tok/sec: 1,743,203 | mfu: 18.5% | epoch: 1 | remaining: 42s    
step 01729 (86.1%) | loss: 3.027085 | lrm: 0.56 | dt: 150ms | tok/sec: 1,744,276 | mfu: 18.5% | epoch: 1 | remaining: 42s    
step 01730 (86.1%) | loss: 3.028440 | lrm: 0.55 | dt: 150ms | tok/sec: 1,743,612 | mfu: 18.5% | epoch: 1 | remaining: 41s    
step 01731 (86.2%) | loss: 3.027052 | lrm: 0.55 | dt: 150ms | tok/sec: 1,743,673 | mfu: 18.5% | epoch: 1 | remaining: 41s    
step 01732 (86.2%) | loss: 3.025309 | lrm: 0.55 | dt: 150ms | tok/sec: 1,743,079 | mfu: 18.5% | epoch: 1 | remaining: 41s    
step 01733 (86.3%) | loss: 3.024580 | lrm: 0.55 | dt: 150ms | tok/sec: 1,744,008 | mfu: 18.5% | epoch: 1 | remaining: 41s    
step 01734 (86.3%) | loss: 3.022871 | lrm: 0.55 | dt: 150ms | tok/sec: 1,743,441 | mfu: 18.5% | epoch: 1 | remaining: 41s    
step 01735 (86.4%) | loss: 3.024149 | lrm: 0.54 | dt: 150ms | tok/sec: 1,744,381 | mfu: 18.5% | epoch: 1 | remaining: 41s    
step 01736 (86.4%) | loss: 3.026918 | lrm: 0.54 | dt: 150ms | tok/sec: 1,743,770 | mfu: 18.5% | epoch: 1 | remaining: 41s    
step 01737 (86.5%) | loss: 3.027249 | lrm: 0.54 | dt: 150ms | tok/sec: 1,743,949 | mfu: 18.5% | epoch: 1 | remaining: 40s    
step 01738 (86.5%) | loss: 3.026105 | lrm: 0.54 | dt: 150ms | tok/sec: 1,744,204 | mfu: 18.5% | epoch: 1 | remaining: 40s    
step 01739 (86.6%) | loss: 3.025193 | lrm: 0.54 | dt: 150ms | tok/sec: 1,744,079 | mfu: 18.5% | epoch: 1 | remaining: 40s    
step 01740 (86.6%) | loss: 3.028455 | lrm: 0.53 | dt: 150ms | tok/sec: 1,743,631 | mfu: 18.5% | epoch: 1 | remaining: 40s    
step 01741 (86.7%) | loss: 3.023531 | lrm: 0.53 | dt: 150ms | tok/sec: 1,742,418 | mfu: 18.5% | epoch: 1 | remaining: 40s    
step 01742 (86.7%) | loss: 3.020682 | lrm: 0.53 | dt: 150ms | tok/sec: 1,743,446 | mfu: 18.5% | epoch: 1 | remaining: 40s    
step 01743 (86.8%) | loss: 3.018845 | lrm: 0.53 | dt: 150ms | tok/sec: 1,743,526 | mfu: 18.5% | epoch: 1 | remaining: 40s    
step 01744 (86.8%) | loss: 3.019223 | lrm: 0.53 | dt: 150ms | tok/sec: 1,743,010 | mfu: 18.5% | epoch: 1 | remaining: 39s    
step 01745 (86.9%) | loss: 3.016356 | lrm: 0.52 | dt: 150ms | tok/sec: 1,743,930 | mfu: 18.5% | epoch: 1 | remaining: 39s    
step 01746 (86.9%) | loss: 3.012296 | lrm: 0.52 | dt: 150ms | tok/sec: 1,743,280 | mfu: 18.5% | epoch: 1 | remaining: 39s    
step 01747 (87.0%) | loss: 3.006097 | lrm: 0.52 | dt: 150ms | tok/sec: 1,743,441 | mfu: 18.5% | epoch: 1 | remaining: 39s    
step 01748 (87.0%) | loss: 3.009396 | lrm: 0.52 | dt: 150ms | tok/sec: 1,742,971 | mfu: 18.5% | epoch: 1 | remaining: 39s    
step 01749 (87.1%) | loss: 3.009148 | lrm: 0.52 | dt: 150ms | tok/sec: 1,743,568 | mfu: 18.5% | epoch: 1 | remaining: 39s    
step 01750 (87.1%) | loss: 3.009910 | lrm: 0.51 | dt: 150ms | tok/sec: 1,743,369 | mfu: 18.5% | epoch: 1 | remaining: 38s    
step 01751 (87.2%) | loss: 3.013511 | lrm: 0.51 | dt: 150ms | tok/sec: 1,743,515 | mfu: 18.5% | epoch: 1 | remaining: 38s    
step 01752 (87.2%) | loss: 3.011294 | lrm: 0.51 | dt: 150ms | tok/sec: 1,744,453 | mfu: 18.5% | epoch: 1 | remaining: 38s    
step 01753 (87.3%) | loss: 3.014675 | lrm: 0.51 | dt: 150ms | tok/sec: 1,743,878 | mfu: 18.5% | epoch: 1 | remaining: 38s    
step 01754 (87.3%) | loss: 3.014172 | lrm: 0.51 | dt: 150ms | tok/sec: 1,744,268 | mfu: 18.5% | epoch: 1 | remaining: 38s    
step 01755 (87.4%) | loss: 3.013675 | lrm: 0.50 | dt: 150ms | tok/sec: 1,743,026 | mfu: 18.5% | epoch: 1 | remaining: 38s    
step 01756 (87.4%) | loss: 3.013150 | lrm: 0.50 | dt: 150ms | tok/sec: 1,744,013 | mfu: 18.5% | epoch: 1 | remaining: 38s    
step 01757 (87.5%) | loss: 3.014902 | lrm: 0.50 | dt: 150ms | tok/sec: 1,743,963 | mfu: 18.5% | epoch: 1 | remaining: 37s    
step 01758 (87.5%) | loss: 3.012283 | lrm: 0.50 | dt: 150ms | tok/sec: 1,744,412 | mfu: 18.5% | epoch: 1 | remaining: 37s    
step 01759 (87.6%) | loss: 3.010480 | lrm: 0.50 | dt: 150ms | tok/sec: 1,744,046 | mfu: 18.5% | epoch: 1 | remaining: 37s    
step 01760 (87.6%) | loss: 3.010961 | lrm: 0.49 | dt: 150ms | tok/sec: 1,743,858 | mfu: 18.5% | epoch: 1 | remaining: 37s    
step 01761 (87.7%) | loss: 3.012603 | lrm: 0.49 | dt: 150ms | tok/sec: 1,743,642 | mfu: 18.5% | epoch: 1 | remaining: 37s    
step 01762 (87.7%) | loss: 3.003461 | lrm: 0.49 | dt: 150ms | tok/sec: 1,742,529 | mfu: 18.5% | epoch: 1 | remaining: 37s    
step 01763 (87.8%) | loss: 3.001752 | lrm: 0.49 | dt: 151ms | tok/sec: 1,741,348 | mfu: 18.5% | epoch: 1 | remaining: 37s    
step 01764 (87.8%) | loss: 3.003692 | lrm: 0.49 | dt: 150ms | tok/sec: 1,741,910 | mfu: 18.5% | epoch: 1 | remaining: 36s    
step 01765 (87.9%) | loss: 3.007519 | lrm: 0.48 | dt: 150ms | tok/sec: 1,742,689 | mfu: 18.5% | epoch: 1 | remaining: 36s    
step 01766 (87.9%) | loss: 3.008744 | lrm: 0.48 | dt: 150ms | tok/sec: 1,742,938 | mfu: 18.5% | epoch: 1 | remaining: 36s    
step 01767 (88.0%) | loss: 3.008216 | lrm: 0.48 | dt: 150ms | tok/sec: 1,743,515 | mfu: 18.5% | epoch: 1 | remaining: 36s    
step 01768 (88.0%) | loss: 3.006535 | lrm: 0.48 | dt: 150ms | tok/sec: 1,743,363 | mfu: 18.5% | epoch: 1 | remaining: 36s    
step 01769 (88.1%) | loss: 3.002938 | lrm: 0.48 | dt: 150ms | tok/sec: 1,743,305 | mfu: 18.5% | epoch: 1 | remaining: 36s    
step 01770 (88.1%) | loss: 3.006271 | lrm: 0.47 | dt: 150ms | tok/sec: 1,744,326 | mfu: 18.5% | epoch: 1 | remaining: 35s    
step 01771 (88.2%) | loss: 3.007702 | lrm: 0.47 | dt: 150ms | tok/sec: 1,744,262 | mfu: 18.5% | epoch: 1 | remaining: 35s    
step 01772 (88.2%) | loss: 3.007987 | lrm: 0.47 | dt: 150ms | tok/sec: 1,743,319 | mfu: 18.5% | epoch: 1 | remaining: 35s    
step 01773 (88.3%) | loss: 3.008272 | lrm: 0.47 | dt: 150ms | tok/sec: 1,743,255 | mfu: 18.5% | epoch: 1 | remaining: 35s    
step 01774 (88.3%) | loss: 3.011440 | lrm: 0.47 | dt: 150ms | tok/sec: 1,744,168 | mfu: 18.5% | epoch: 1 | remaining: 35s    
step 01775 (88.4%) | loss: 3.012521 | lrm: 0.46 | dt: 150ms | tok/sec: 1,743,568 | mfu: 18.5% | epoch: 1 | remaining: 35s    
step 01776 (88.4%) | loss: 3.008804 | lrm: 0.46 | dt: 150ms | tok/sec: 1,744,016 | mfu: 18.5% | epoch: 1 | remaining: 35s    
step 01777 (88.5%) | loss: 3.004437 | lrm: 0.46 | dt: 150ms | tok/sec: 1,743,092 | mfu: 18.5% | epoch: 1 | remaining: 34s    
step 01778 (88.5%) | loss: 3.005241 | lrm: 0.46 | dt: 150ms | tok/sec: 1,742,352 | mfu: 18.5% | epoch: 1 | remaining: 34s    
step 01779 (88.6%) | loss: 3.001604 | lrm: 0.46 | dt: 150ms | tok/sec: 1,744,193 | mfu: 18.5% | epoch: 1 | remaining: 34s    
step 01780 (88.6%) | loss: 3.001298 | lrm: 0.45 | dt: 150ms | tok/sec: 1,743,142 | mfu: 18.5% | epoch: 1 | remaining: 34s    
step 01781 (88.7%) | loss: 2.998433 | lrm: 0.45 | dt: 150ms | tok/sec: 1,743,889 | mfu: 18.5% | epoch: 1 | remaining: 34s    
step 01782 (88.7%) | loss: 3.001494 | lrm: 0.45 | dt: 150ms | tok/sec: 1,743,764 | mfu: 18.5% | epoch: 1 | remaining: 34s    
step 01783 (88.8%) | loss: 2.998490 | lrm: 0.45 | dt: 150ms | tok/sec: 1,743,338 | mfu: 18.5% | epoch: 1 | remaining: 33s    
step 01784 (88.8%) | loss: 2.998736 | lrm: 0.45 | dt: 150ms | tok/sec: 1,743,098 | mfu: 18.5% | epoch: 1 | remaining: 33s    
step 01785 (88.9%) | loss: 2.992864 | lrm: 0.44 | dt: 150ms | tok/sec: 1,743,582 | mfu: 18.5% | epoch: 1 | remaining: 33s    
step 01786 (88.9%) | loss: 2.994173 | lrm: 0.44 | dt: 150ms | tok/sec: 1,742,308 | mfu: 18.5% | epoch: 1 | remaining: 33s    
step 01787 (89.0%) | loss: 2.997060 | lrm: 0.44 | dt: 150ms | tok/sec: 1,742,905 | mfu: 18.5% | epoch: 1 | remaining: 33s    
step 01788 (89.0%) | loss: 3.000534 | lrm: 0.44 | dt: 150ms | tok/sec: 1,743,446 | mfu: 18.5% | epoch: 1 | remaining: 33s    
step 01789 (89.1%) | loss: 2.998427 | lrm: 0.44 | dt: 150ms | tok/sec: 1,743,955 | mfu: 18.5% | epoch: 1 | remaining: 33s    
step 01790 (89.1%) | loss: 2.995146 | lrm: 0.43 | dt: 150ms | tok/sec: 1,742,438 | mfu: 18.5% | epoch: 1 | remaining: 32s    
step 01791 (89.2%) | loss: 2.997118 | lrm: 0.43 | dt: 150ms | tok/sec: 1,744,268 | mfu: 18.5% | epoch: 1 | remaining: 32s    
step 01792 (89.2%) | loss: 2.999718 | lrm: 0.43 | dt: 150ms | tok/sec: 1,743,944 | mfu: 18.5% | epoch: 1 | remaining: 32s    
step 01793 (89.3%) | loss: 3.001891 | lrm: 0.43 | dt: 150ms | tok/sec: 1,743,145 | mfu: 18.5% | epoch: 1 | remaining: 32s    
step 01794 (89.3%) | loss: 3.007355 | lrm: 0.43 | dt: 150ms | tok/sec: 1,743,925 | mfu: 18.5% | epoch: 1 | remaining: 32s    
step 01795 (89.4%) | loss: 3.006953 | lrm: 0.42 | dt: 150ms | tok/sec: 1,742,706 | mfu: 18.5% | epoch: 1 | remaining: 32s    
step 01796 (89.4%) | loss: 3.003849 | lrm: 0.42 | dt: 150ms | tok/sec: 1,742,885 | mfu: 18.5% | epoch: 1 | remaining: 32s    
step 01797 (89.5%) | loss: 3.001636 | lrm: 0.42 | dt: 150ms | tok/sec: 1,743,640 | mfu: 18.5% | epoch: 1 | remaining: 31s    
step 01798 (89.5%) | loss: 3.000289 | lrm: 0.42 | dt: 150ms | tok/sec: 1,743,280 | mfu: 18.5% | epoch: 1 | remaining: 31s    
step 01799 (89.6%) | loss: 2.999519 | lrm: 0.42 | dt: 150ms | tok/sec: 1,743,186 | mfu: 18.5% | epoch: 1 | remaining: 31s    
step 01800 (89.6%) | loss: 2.998505 | lrm: 0.41 | dt: 150ms | tok/sec: 1,743,084 | mfu: 18.5% | epoch: 1 | remaining: 31s    
step 01801 (89.7%) | loss: 3.002992 | lrm: 0.41 | dt: 150ms | tok/sec: 1,744,672 | mfu: 18.5% | epoch: 1 | remaining: 31s    
step 01802 (89.7%) | loss: 3.005238 | lrm: 0.41 | dt: 150ms | tok/sec: 1,743,471 | mfu: 18.5% | epoch: 1 | remaining: 31s    
step 01803 (89.8%) | loss: 3.006769 | lrm: 0.41 | dt: 150ms | tok/sec: 1,744,234 | mfu: 18.5% | epoch: 1 | remaining: 30s    
step 01804 (89.8%) | loss: 3.004199 | lrm: 0.41 | dt: 150ms | tok/sec: 1,744,367 | mfu: 18.5% | epoch: 1 | remaining: 30s    
step 01805 (89.9%) | loss: 3.000320 | lrm: 0.40 | dt: 150ms | tok/sec: 1,744,016 | mfu: 18.5% | epoch: 1 | remaining: 30s    
step 01806 (89.9%) | loss: 3.000521 | lrm: 0.40 | dt: 150ms | tok/sec: 1,743,858 | mfu: 18.5% | epoch: 1 | remaining: 30s    
step 01807 (90.0%) | loss: 2.999197 | lrm: 0.40 | dt: 150ms | tok/sec: 1,743,623 | mfu: 18.5% | epoch: 1 | remaining: 30s    
step 01808 (90.0%) | loss: 3.002134 | lrm: 0.40 | dt: 150ms | tok/sec: 1,744,066 | mfu: 18.5% | epoch: 1 | remaining: 30s    
step 01809 (90.1%) | loss: 3.005425 | lrm: 0.40 | dt: 150ms | tok/sec: 1,744,423 | mfu: 18.5% | epoch: 1 | remaining: 30s    
step 01810 (90.1%) | loss: 3.002503 | lrm: 0.39 | dt: 150ms | tok/sec: 1,742,841 | mfu: 18.5% | epoch: 1 | remaining: 29s    
step 01811 (90.2%) | loss: 2.999497 | lrm: 0.39 | dt: 150ms | tok/sec: 1,743,222 | mfu: 18.5% | epoch: 1 | remaining: 29s    
step 01812 (90.2%) | loss: 2.996956 | lrm: 0.39 | dt: 150ms | tok/sec: 1,743,703 | mfu: 18.5% | epoch: 1 | remaining: 29s    
step 01813 (90.3%) | loss: 2.993901 | lrm: 0.39 | dt: 150ms | tok/sec: 1,742,728 | mfu: 18.5% | epoch: 1 | remaining: 29s    
step 01814 (90.3%) | loss: 2.992787 | lrm: 0.39 | dt: 150ms | tok/sec: 1,743,734 | mfu: 18.5% | epoch: 1 | remaining: 29s    
step 01815 (90.4%) | loss: 2.994720 | lrm: 0.38 | dt: 150ms | tok/sec: 1,743,214 | mfu: 18.5% | epoch: 1 | remaining: 29s    
step 01816 (90.4%) | loss: 2.995838 | lrm: 0.38 | dt: 150ms | tok/sec: 1,743,460 | mfu: 18.5% | epoch: 1 | remaining: 29s    
step 01817 (90.5%) | loss: 2.992553 | lrm: 0.38 | dt: 150ms | tok/sec: 1,742,824 | mfu: 18.5% | epoch: 1 | remaining: 28s    
step 01818 (90.5%) | loss: 2.992176 | lrm: 0.38 | dt: 150ms | tok/sec: 1,743,637 | mfu: 18.5% | epoch: 1 | remaining: 28s    
step 01819 (90.6%) | loss: 2.995796 | lrm: 0.38 | dt: 150ms | tok/sec: 1,742,684 | mfu: 18.5% | epoch: 1 | remaining: 28s    
step 01820 (90.6%) | loss: 2.993375 | lrm: 0.37 | dt: 150ms | tok/sec: 1,743,192 | mfu: 18.5% | epoch: 1 | remaining: 28s    
step 01821 (90.7%) | loss: 2.990243 | lrm: 0.37 | dt: 150ms | tok/sec: 1,743,079 | mfu: 18.5% | epoch: 1 | remaining: 28s    
step 01822 (90.7%) | loss: 2.995699 | lrm: 0.37 | dt: 150ms | tok/sec: 1,743,322 | mfu: 18.5% | epoch: 1 | remaining: 28s    
step 01823 (90.8%) | loss: 3.002954 | lrm: 0.37 | dt: 150ms | tok/sec: 1,742,424 | mfu: 18.5% | epoch: 1 | remaining: 27s    
step 01824 (90.8%) | loss: 2.999716 | lrm: 0.37 | dt: 150ms | tok/sec: 1,743,032 | mfu: 18.5% | epoch: 1 | remaining: 27s    
step 01825 (90.9%) | loss: 2.993686 | lrm: 0.36 | dt: 150ms | tok/sec: 1,743,297 | mfu: 18.5% | epoch: 1 | remaining: 27s    
step 01826 (90.9%) | loss: 2.990960 | lrm: 0.36 | dt: 150ms | tok/sec: 1,743,255 | mfu: 18.5% | epoch: 1 | remaining: 27s    
step 01827 (91.0%) | loss: 2.982463 | lrm: 0.36 | dt: 150ms | tok/sec: 1,742,189 | mfu: 18.5% | epoch: 1 | remaining: 27s    
step 01828 (91.0%) | loss: 2.981830 | lrm: 0.36 | dt: 150ms | tok/sec: 1,743,717 | mfu: 18.5% | epoch: 1 | remaining: 27s    
step 01829 (91.1%) | loss: 2.977739 | lrm: 0.36 | dt: 150ms | tok/sec: 1,743,947 | mfu: 18.5% | epoch: 1 | remaining: 27s    
step 01830 (91.1%) | loss: 2.980773 | lrm: 0.35 | dt: 150ms | tok/sec: 1,743,037 | mfu: 18.5% | epoch: 1 | remaining: 26s    
step 01831 (91.2%) | loss: 2.981111 | lrm: 0.35 | dt: 150ms | tok/sec: 1,743,878 | mfu: 18.5% | epoch: 1 | remaining: 26s    
step 01832 (91.2%) | loss: 2.979861 | lrm: 0.35 | dt: 150ms | tok/sec: 1,743,709 | mfu: 18.5% | epoch: 1 | remaining: 26s    
step 01833 (91.3%) | loss: 2.979836 | lrm: 0.35 | dt: 151ms | tok/sec: 1,741,419 | mfu: 18.5% | epoch: 1 | remaining: 26s    
step 01834 (91.3%) | loss: 2.981222 | lrm: 0.35 | dt: 150ms | tok/sec: 1,743,084 | mfu: 18.5% | epoch: 1 | remaining: 26s    
step 01835 (91.4%) | loss: 2.988484 | lrm: 0.34 | dt: 150ms | tok/sec: 1,744,140 | mfu: 18.5% | epoch: 1 | remaining: 26s    
step 01836 (91.4%) | loss: 2.988055 | lrm: 0.34 | dt: 150ms | tok/sec: 1,744,293 | mfu: 18.5% | epoch: 1 | remaining: 26s    
step 01837 (91.5%) | loss: 2.990502 | lrm: 0.34 | dt: 150ms | tok/sec: 1,743,521 | mfu: 18.5% | epoch: 1 | remaining: 25s    
step 01838 (91.5%) | loss: 2.988490 | lrm: 0.34 | dt: 150ms | tok/sec: 1,744,254 | mfu: 18.5% | epoch: 1 | remaining: 25s    
step 01839 (91.6%) | loss: 2.985184 | lrm: 0.34 | dt: 150ms | tok/sec: 1,744,162 | mfu: 18.5% | epoch: 1 | remaining: 25s    
step 01840 (91.6%) | loss: 2.987467 | lrm: 0.33 | dt: 150ms | tok/sec: 1,743,872 | mfu: 18.5% | epoch: 1 | remaining: 25s    
step 01841 (91.7%) | loss: 2.990734 | lrm: 0.33 | dt: 150ms | tok/sec: 1,744,398 | mfu: 18.5% | epoch: 1 | remaining: 25s    
step 01842 (91.7%) | loss: 2.990283 | lrm: 0.33 | dt: 150ms | tok/sec: 1,743,159 | mfu: 18.5% | epoch: 1 | remaining: 25s    
step 01843 (91.8%) | loss: 2.990468 | lrm: 0.33 | dt: 150ms | tok/sec: 1,742,468 | mfu: 18.5% | epoch: 1 | remaining: 24s    
step 01844 (91.8%) | loss: 2.988637 | lrm: 0.33 | dt: 150ms | tok/sec: 1,743,955 | mfu: 18.5% | epoch: 1 | remaining: 24s    
step 01845 (91.9%) | loss: 2.986795 | lrm: 0.32 | dt: 150ms | tok/sec: 1,743,858 | mfu: 18.5% | epoch: 1 | remaining: 24s    
step 01846 (91.9%) | loss: 2.987748 | lrm: 0.32 | dt: 150ms | tok/sec: 1,743,587 | mfu: 18.5% | epoch: 1 | remaining: 24s    
step 01847 (92.0%) | loss: 2.986687 | lrm: 0.32 | dt: 150ms | tok/sec: 1,743,330 | mfu: 18.5% | epoch: 1 | remaining: 24s    
step 01848 (92.0%) | loss: 2.983201 | lrm: 0.32 | dt: 150ms | tok/sec: 1,743,850 | mfu: 18.5% | epoch: 1 | remaining: 24s    
step 01849 (92.1%) | loss: 2.981427 | lrm: 0.32 | dt: 150ms | tok/sec: 1,743,933 | mfu: 18.5% | epoch: 1 | remaining: 24s    
step 01850 (92.1%) | loss: 2.979608 | lrm: 0.31 | dt: 150ms | tok/sec: 1,744,802 | mfu: 18.5% | epoch: 1 | remaining: 23s    
step 01851 (92.2%) | loss: 2.982214 | lrm: 0.31 | dt: 150ms | tok/sec: 1,744,478 | mfu: 18.5% | epoch: 1 | remaining: 23s    
step 01852 (92.2%) | loss: 2.975892 | lrm: 0.31 | dt: 150ms | tok/sec: 1,742,595 | mfu: 18.5% | epoch: 1 | remaining: 23s    
step 01853 (92.3%) | loss: 2.979609 | lrm: 0.31 | dt: 150ms | tok/sec: 1,743,537 | mfu: 18.5% | epoch: 1 | remaining: 23s    
step 01854 (92.3%) | loss: 2.979200 | lrm: 0.31 | dt: 150ms | tok/sec: 1,744,650 | mfu: 18.5% | epoch: 1 | remaining: 23s    
step 01855 (92.4%) | loss: 2.975647 | lrm: 0.30 | dt: 150ms | tok/sec: 1,744,176 | mfu: 18.5% | epoch: 1 | remaining: 23s    
step 01856 (92.4%) | loss: 2.975414 | lrm: 0.30 | dt: 150ms | tok/sec: 1,743,980 | mfu: 18.5% | epoch: 1 | remaining: 23s    
step 01857 (92.5%) | loss: 2.978043 | lrm: 0.30 | dt: 150ms | tok/sec: 1,743,961 | mfu: 18.5% | epoch: 1 | remaining: 22s    
step 01858 (92.5%) | loss: 2.977557 | lrm: 0.30 | dt: 150ms | tok/sec: 1,743,167 | mfu: 18.5% | epoch: 1 | remaining: 22s    
step 01859 (92.6%) | loss: 2.980553 | lrm: 0.30 | dt: 150ms | tok/sec: 1,743,291 | mfu: 18.5% | epoch: 1 | remaining: 22s    
step 01860 (92.6%) | loss: 2.978975 | lrm: 0.29 | dt: 150ms | tok/sec: 1,743,231 | mfu: 18.5% | epoch: 1 | remaining: 22s    
step 01861 (92.7%) | loss: 2.972548 | lrm: 0.29 | dt: 150ms | tok/sec: 1,743,438 | mfu: 18.5% | epoch: 1 | remaining: 22s    
step 01862 (92.7%) | loss: 2.968993 | lrm: 0.29 | dt: 150ms | tok/sec: 1,744,132 | mfu: 18.5% | epoch: 1 | remaining: 22s    
step 01863 (92.8%) | loss: 2.966201 | lrm: 0.29 | dt: 150ms | tok/sec: 1,743,363 | mfu: 18.5% | epoch: 1 | remaining: 21s    
step 01864 (92.8%) | loss: 2.966403 | lrm: 0.29 | dt: 150ms | tok/sec: 1,743,720 | mfu: 18.5% | epoch: 1 | remaining: 21s    
step 01865 (92.9%) | loss: 2.968309 | lrm: 0.28 | dt: 150ms | tok/sec: 1,744,384 | mfu: 18.5% | epoch: 1 | remaining: 21s    
step 01866 (92.9%) | loss: 2.966938 | lrm: 0.28 | dt: 150ms | tok/sec: 1,743,430 | mfu: 18.5% | epoch: 1 | remaining: 21s    
step 01867 (93.0%) | loss: 2.973434 | lrm: 0.28 | dt: 150ms | tok/sec: 1,743,665 | mfu: 18.5% | epoch: 1 | remaining: 21s    
step 01868 (93.0%) | loss: 2.973745 | lrm: 0.28 | dt: 150ms | tok/sec: 1,744,093 | mfu: 18.5% | epoch: 1 | remaining: 21s    
step 01869 (93.1%) | loss: 2.969803 | lrm: 0.28 | dt: 150ms | tok/sec: 1,743,573 | mfu: 18.5% | epoch: 1 | remaining: 21s    
step 01870 (93.1%) | loss: 2.970816 | lrm: 0.27 | dt: 150ms | tok/sec: 1,743,142 | mfu: 18.5% | epoch: 1 | remaining: 20s    
step 01871 (93.2%) | loss: 2.968006 | lrm: 0.27 | dt: 150ms | tok/sec: 1,743,325 | mfu: 18.5% | epoch: 1 | remaining: 20s    
step 01872 (93.2%) | loss: 2.967336 | lrm: 0.27 | dt: 150ms | tok/sec: 1,743,853 | mfu: 18.5% | epoch: 1 | remaining: 20s    
step 01873 (93.3%) | loss: 2.967730 | lrm: 0.27 | dt: 150ms | tok/sec: 1,743,305 | mfu: 18.5% | epoch: 1 | remaining: 20s    
step 01874 (93.3%) | loss: 2.969235 | lrm: 0.27 | dt: 150ms | tok/sec: 1,744,215 | mfu: 18.5% | epoch: 1 | remaining: 20s    
step 01875 (93.4%) | loss: 2.970758 | lrm: 0.26 | dt: 150ms | tok/sec: 1,743,267 | mfu: 18.5% | epoch: 1 | remaining: 20s    
step 01876 (93.4%) | loss: 2.968074 | lrm: 0.26 | dt: 150ms | tok/sec: 1,743,977 | mfu: 18.5% | epoch: 1 | remaining: 20s    
step 01877 (93.5%) | loss: 2.971217 | lrm: 0.26 | dt: 150ms | tok/sec: 1,743,410 | mfu: 18.5% | epoch: 1 | remaining: 19s    
step 01878 (93.5%) | loss: 2.971698 | lrm: 0.26 | dt: 150ms | tok/sec: 1,743,833 | mfu: 18.5% | epoch: 1 | remaining: 19s    
step 01879 (93.6%) | loss: 2.979529 | lrm: 0.26 | dt: 150ms | tok/sec: 1,743,902 | mfu: 18.5% | epoch: 1 | remaining: 19s    
step 01880 (93.6%) | loss: 2.974232 | lrm: 0.25 | dt: 150ms | tok/sec: 1,744,226 | mfu: 18.5% | epoch: 1 | remaining: 19s    
step 01881 (93.7%) | loss: 2.973884 | lrm: 0.25 | dt: 150ms | tok/sec: 1,744,030 | mfu: 18.5% | epoch: 1 | remaining: 19s    
step 01882 (93.7%) | loss: 2.979814 | lrm: 0.25 | dt: 150ms | tok/sec: 1,744,367 | mfu: 18.5% | epoch: 1 | remaining: 19s    
step 01883 (93.8%) | loss: 2.978993 | lrm: 0.25 | dt: 150ms | tok/sec: 1,743,969 | mfu: 18.5% | epoch: 1 | remaining: 18s    
step 01884 (93.8%) | loss: 2.982909 | lrm: 0.25 | dt: 150ms | tok/sec: 1,743,855 | mfu: 18.5% | epoch: 1 | remaining: 18s    
step 01885 (93.9%) | loss: 2.980441 | lrm: 0.24 | dt: 150ms | tok/sec: 1,744,243 | mfu: 18.5% | epoch: 1 | remaining: 18s    
step 01886 (93.9%) | loss: 2.979430 | lrm: 0.24 | dt: 150ms | tok/sec: 1,742,822 | mfu: 18.5% | epoch: 1 | remaining: 18s    
step 01887 (94.0%) | loss: 2.981313 | lrm: 0.24 | dt: 150ms | tok/sec: 1,744,038 | mfu: 18.5% | epoch: 1 | remaining: 18s    
step 01888 (94.0%) | loss: 2.982921 | lrm: 0.24 | dt: 150ms | tok/sec: 1,744,113 | mfu: 18.5% | epoch: 1 | remaining: 18s    
step 01889 (94.1%) | loss: 2.982433 | lrm: 0.24 | dt: 150ms | tok/sec: 1,744,044 | mfu: 18.5% | epoch: 1 | remaining: 18s    
step 01890 (94.1%) | loss: 2.981325 | lrm: 0.23 | dt: 150ms | tok/sec: 1,743,228 | mfu: 18.5% | epoch: 1 | remaining: 17s    
step 01891 (94.2%) | loss: 2.981687 | lrm: 0.23 | dt: 150ms | tok/sec: 1,741,924 | mfu: 18.5% | epoch: 1 | remaining: 17s    
step 01892 (94.2%) | loss: 2.981152 | lrm: 0.23 | dt: 150ms | tok/sec: 1,743,322 | mfu: 18.5% | epoch: 1 | remaining: 17s    
step 01893 (94.3%) | loss: 2.977558 | lrm: 0.23 | dt: 150ms | tok/sec: 1,743,283 | mfu: 18.5% | epoch: 1 | remaining: 17s    
step 01894 (94.3%) | loss: 2.978878 | lrm: 0.23 | dt: 150ms | tok/sec: 1,742,866 | mfu: 18.5% | epoch: 1 | remaining: 17s    
step 01895 (94.4%) | loss: 2.977969 | lrm: 0.22 | dt: 150ms | tok/sec: 1,743,043 | mfu: 18.5% | epoch: 1 | remaining: 17s    
step 01896 (94.4%) | loss: 2.980998 | lrm: 0.22 | dt: 151ms | tok/sec: 1,740,546 | mfu: 18.5% | epoch: 1 | remaining: 17s    
step 01897 (94.5%) | loss: 2.979356 | lrm: 0.22 | dt: 150ms | tok/sec: 1,743,040 | mfu: 18.5% | epoch: 1 | remaining: 16s    
step 01898 (94.5%) | loss: 2.979718 | lrm: 0.22 | dt: 150ms | tok/sec: 1,743,515 | mfu: 18.5% | epoch: 1 | remaining: 16s    
step 01899 (94.6%) | loss: 2.978603 | lrm: 0.22 | dt: 150ms | tok/sec: 1,743,689 | mfu: 18.5% | epoch: 1 | remaining: 16s    
step 01900 (94.6%) | loss: 2.978948 | lrm: 0.21 | dt: 150ms | tok/sec: 1,743,424 | mfu: 18.5% | epoch: 1 | remaining: 16s    
step 01901 (94.7%) | loss: 2.976051 | lrm: 0.21 | dt: 150ms | tok/sec: 1,744,234 | mfu: 18.5% | epoch: 1 | remaining: 16s    
step 01902 (94.7%) | loss: 2.971108 | lrm: 0.21 | dt: 150ms | tok/sec: 1,743,880 | mfu: 18.5% | epoch: 1 | remaining: 16s    
step 01903 (94.8%) | loss: 2.970558 | lrm: 0.21 | dt: 150ms | tok/sec: 1,742,797 | mfu: 18.5% | epoch: 1 | remaining: 15s    
step 01904 (94.8%) | loss: 2.967496 | lrm: 0.21 | dt: 150ms | tok/sec: 1,744,049 | mfu: 18.5% | epoch: 1 | remaining: 15s    
step 01905 (94.9%) | loss: 2.965165 | lrm: 0.20 | dt: 150ms | tok/sec: 1,743,684 | mfu: 18.5% | epoch: 1 | remaining: 15s    
step 01906 (94.9%) | loss: 2.957687 | lrm: 0.20 | dt: 150ms | tok/sec: 1,743,488 | mfu: 18.5% | epoch: 1 | remaining: 15s    
step 01907 (95.0%) | loss: 2.956136 | lrm: 0.20 | dt: 150ms | tok/sec: 1,743,642 | mfu: 18.5% | epoch: 1 | remaining: 15s    
step 01908 (95.0%) | loss: 2.959091 | lrm: 0.20 | dt: 150ms | tok/sec: 1,744,187 | mfu: 18.5% | epoch: 1 | remaining: 15s    
step 01909 (95.1%) | loss: 2.959689 | lrm: 0.20 | dt: 150ms | tok/sec: 1,743,781 | mfu: 18.5% | epoch: 1 | remaining: 15s    
step 01910 (95.1%) | loss: 2.955550 | lrm: 0.19 | dt: 150ms | tok/sec: 1,743,178 | mfu: 18.5% | epoch: 1 | remaining: 14s    
step 01911 (95.2%) | loss: 2.961628 | lrm: 0.19 | dt: 150ms | tok/sec: 1,743,460 | mfu: 18.5% | epoch: 1 | remaining: 14s    
step 01912 (95.2%) | loss: 2.964620 | lrm: 0.19 | dt: 150ms | tok/sec: 1,743,587 | mfu: 18.5% | epoch: 1 | remaining: 14s    
step 01913 (95.3%) | loss: 2.963925 | lrm: 0.19 | dt: 150ms | tok/sec: 1,742,979 | mfu: 18.5% | epoch: 1 | remaining: 14s    
step 01914 (95.3%) | loss: 2.962027 | lrm: 0.19 | dt: 150ms | tok/sec: 1,743,452 | mfu: 18.5% | epoch: 1 | remaining: 14s    
step 01915 (95.4%) | loss: 2.964183 | lrm: 0.18 | dt: 150ms | tok/sec: 1,743,949 | mfu: 18.5% | epoch: 1 | remaining: 14s    
step 01916 (95.4%) | loss: 2.965836 | lrm: 0.18 | dt: 150ms | tok/sec: 1,743,134 | mfu: 18.5% | epoch: 1 | remaining: 14s    
step 01917 (95.5%) | loss: 2.966307 | lrm: 0.18 | dt: 150ms | tok/sec: 1,743,466 | mfu: 18.5% | epoch: 1 | remaining: 13s    
step 01918 (95.5%) | loss: 2.967694 | lrm: 0.18 | dt: 150ms | tok/sec: 1,743,640 | mfu: 18.5% | epoch: 1 | remaining: 13s    
step 01919 (95.6%) | loss: 2.961336 | lrm: 0.18 | dt: 150ms | tok/sec: 1,743,098 | mfu: 18.5% | epoch: 1 | remaining: 13s    
step 01920 (95.6%) | loss: 2.958494 | lrm: 0.17 | dt: 150ms | tok/sec: 1,743,338 | mfu: 18.5% | epoch: 1 | remaining: 13s    
step 01921 (95.7%) | loss: 2.953681 | lrm: 0.17 | dt: 150ms | tok/sec: 1,743,717 | mfu: 18.5% | epoch: 1 | remaining: 13s    
step 01922 (95.8%) | loss: 2.956843 | lrm: 0.17 | dt: 150ms | tok/sec: 1,743,792 | mfu: 18.5% | epoch: 1 | remaining: 13s    
step 01923 (95.8%) | loss: 2.957566 | lrm: 0.17 | dt: 150ms | tok/sec: 1,744,475 | mfu: 18.5% | epoch: 1 | remaining: 12s    
step 01924 (95.9%) | loss: 2.954189 | lrm: 0.17 | dt: 150ms | tok/sec: 1,744,124 | mfu: 18.5% | epoch: 1 | remaining: 12s    
step 01925 (95.9%) | loss: 2.960748 | lrm: 0.16 | dt: 150ms | tok/sec: 1,743,629 | mfu: 18.5% | epoch: 1 | remaining: 12s    
step 01926 (96.0%) | loss: 2.961446 | lrm: 0.16 | dt: 150ms | tok/sec: 1,743,792 | mfu: 18.5% | epoch: 1 | remaining: 12s    
step 01927 (96.0%) | loss: 2.953685 | lrm: 0.16 | dt: 150ms | tok/sec: 1,743,692 | mfu: 18.5% | epoch: 1 | remaining: 12s    
step 01928 (96.1%) | loss: 2.954825 | lrm: 0.16 | dt: 150ms | tok/sec: 1,743,233 | mfu: 18.5% | epoch: 1 | remaining: 12s    
step 01929 (96.1%) | loss: 2.953557 | lrm: 0.16 | dt: 150ms | tok/sec: 1,743,620 | mfu: 18.5% | epoch: 1 | remaining: 12s    
step 01930 (96.2%) | loss: 2.956836 | lrm: 0.15 | dt: 150ms | tok/sec: 1,743,079 | mfu: 18.5% | epoch: 1 | remaining: 11s    
step 01931 (96.2%) | loss: 2.955919 | lrm: 0.15 | dt: 150ms | tok/sec: 1,742,576 | mfu: 18.5% | epoch: 1 | remaining: 11s    
step 01932 (96.3%) | loss: 2.950871 | lrm: 0.15 | dt: 150ms | tok/sec: 1,741,955 | mfu: 18.5% | epoch: 1 | remaining: 11s    
step 01933 (96.3%) | loss: 2.951517 | lrm: 0.15 | dt: 150ms | tok/sec: 1,742,893 | mfu: 18.5% | epoch: 1 | remaining: 11s    
step 01934 (96.4%) | loss: 2.951272 | lrm: 0.15 | dt: 150ms | tok/sec: 1,742,297 | mfu: 18.5% | epoch: 1 | remaining: 11s    
step 01935 (96.4%) | loss: 2.954236 | lrm: 0.14 | dt: 150ms | tok/sec: 1,742,294 | mfu: 18.5% | epoch: 1 | remaining: 11s    
step 01936 (96.5%) | loss: 2.955153 | lrm: 0.14 | dt: 150ms | tok/sec: 1,742,924 | mfu: 18.5% | epoch: 1 | remaining: 10s    
step 01937 (96.5%) | loss: 2.952085 | lrm: 0.14 | dt: 150ms | tok/sec: 1,742,766 | mfu: 18.5% | epoch: 1 | remaining: 10s    
step 01938 (96.6%) | loss: 2.949526 | lrm: 0.14 | dt: 150ms | tok/sec: 1,742,800 | mfu: 18.5% | epoch: 1 | remaining: 10s    
step 01939 (96.6%) | loss: 2.946592 | lrm: 0.14 | dt: 151ms | tok/sec: 1,741,698 | mfu: 18.5% | epoch: 1 | remaining: 10s    
step 01940 (96.7%) | loss: 2.947464 | lrm: 0.13 | dt: 150ms | tok/sec: 1,742,200 | mfu: 18.5% | epoch: 1 | remaining: 10s    
step 01941 (96.7%) | loss: 2.948144 | lrm: 0.13 | dt: 151ms | tok/sec: 1,740,898 | mfu: 18.5% | epoch: 1 | remaining: 10s    
step 01942 (96.8%) | loss: 2.948370 | lrm: 0.13 | dt: 150ms | tok/sec: 1,742,112 | mfu: 18.5% | epoch: 1 | remaining: 10s    
step 01943 (96.8%) | loss: 2.947032 | lrm: 0.13 | dt: 150ms | tok/sec: 1,742,167 | mfu: 18.5% | epoch: 1 | remaining: 9s    
step 01944 (96.9%) | loss: 2.944567 | lrm: 0.13 | dt: 150ms | tok/sec: 1,742,891 | mfu: 18.5% | epoch: 1 | remaining: 9s    
step 01945 (96.9%) | loss: 2.941714 | lrm: 0.12 | dt: 150ms | tok/sec: 1,742,907 | mfu: 18.5% | epoch: 1 | remaining: 9s    
step 01946 (97.0%) | loss: 2.941254 | lrm: 0.12 | dt: 150ms | tok/sec: 1,743,283 | mfu: 18.5% | epoch: 1 | remaining: 9s    
step 01947 (97.0%) | loss: 2.939158 | lrm: 0.12 | dt: 150ms | tok/sec: 1,743,372 | mfu: 18.5% | epoch: 1 | remaining: 9s    
step 01948 (97.1%) | loss: 2.943126 | lrm: 0.12 | dt: 150ms | tok/sec: 1,743,305 | mfu: 18.5% | epoch: 1 | remaining: 9s    
step 01949 (97.1%) | loss: 2.946561 | lrm: 0.12 | dt: 150ms | tok/sec: 1,743,197 | mfu: 18.5% | epoch: 1 | remaining: 9s    
step 01950 (97.2%) | loss: 2.945019 | lrm: 0.11 | dt: 150ms | tok/sec: 1,743,797 | mfu: 18.5% | epoch: 1 | remaining: 8s    
step 01951 (97.2%) | loss: 2.944480 | lrm: 0.11 | dt: 150ms | tok/sec: 1,743,159 | mfu: 18.5% | epoch: 1 | remaining: 8s    
step 01952 (97.3%) | loss: 2.944296 | lrm: 0.11 | dt: 150ms | tok/sec: 1,742,570 | mfu: 18.5% | epoch: 1 | remaining: 8s    
step 01953 (97.3%) | loss: 2.941939 | lrm: 0.11 | dt: 151ms | tok/sec: 1,741,381 | mfu: 18.5% | epoch: 1 | remaining: 8s    
step 01954 (97.4%) | loss: 2.946560 | lrm: 0.11 | dt: 150ms | tok/sec: 1,742,079 | mfu: 18.5% | epoch: 1 | remaining: 8s    
step 01955 (97.4%) | loss: 2.951431 | lrm: 0.10 | dt: 150ms | tok/sec: 1,742,609 | mfu: 18.5% | epoch: 1 | remaining: 8s    
step 01956 (97.5%) | loss: 2.949894 | lrm: 0.10 | dt: 150ms | tok/sec: 1,741,869 | mfu: 18.5% | epoch: 1 | remaining: 7s    
step 01957 (97.5%) | loss: 2.952883 | lrm: 0.10 | dt: 150ms | tok/sec: 1,742,808 | mfu: 18.5% | epoch: 1 | remaining: 7s    
step 01958 (97.6%) | loss: 2.956553 | lrm: 0.10 | dt: 150ms | tok/sec: 1,743,388 | mfu: 18.5% | epoch: 1 | remaining: 7s    
step 01959 (97.6%) | loss: 2.953604 | lrm: 0.10 | dt: 173ms | tok/sec: 1,517,118 | mfu: 16.1% | epoch: 1 | remaining: 7s    
step 01960 (97.7%) | loss: 2.954661 | lrm: 0.09 | dt: 150ms | tok/sec: 1,743,139 | mfu: 18.5% | epoch: 1 | remaining: 7s    
step 01961 (97.7%) | loss: 2.951626 | lrm: 0.09 | dt: 150ms | tok/sec: 1,742,631 | mfu: 18.5% | epoch: 1 | remaining: 7s    
step 01962 (97.8%) | loss: 2.948766 | lrm: 0.09 | dt: 150ms | tok/sec: 1,743,109 | mfu: 18.5% | epoch: 1 | remaining: 7s    
step 01963 (97.8%) | loss: 2.945189 | lrm: 0.09 | dt: 150ms | tok/sec: 1,742,231 | mfu: 18.5% | epoch: 1 | remaining: 6s    
step 01964 (97.9%) | loss: 2.947897 | lrm: 0.09 | dt: 150ms | tok/sec: 1,742,802 | mfu: 18.5% | epoch: 1 | remaining: 6s    
step 01965 (97.9%) | loss: 2.946283 | lrm: 0.08 | dt: 150ms | tok/sec: 1,744,353 | mfu: 18.5% | epoch: 1 | remaining: 6s    
step 01966 (98.0%) | loss: 2.948638 | lrm: 0.08 | dt: 150ms | tok/sec: 1,743,062 | mfu: 18.5% | epoch: 1 | remaining: 6s    
step 01967 (98.0%) | loss: 2.944326 | lrm: 0.08 | dt: 150ms | tok/sec: 1,742,639 | mfu: 18.5% | epoch: 1 | remaining: 6s    
step 01968 (98.1%) | loss: 2.942275 | lrm: 0.08 | dt: 150ms | tok/sec: 1,742,590 | mfu: 18.5% | epoch: 1 | remaining: 6s    
step 01969 (98.1%) | loss: 2.937757 | lrm: 0.08 | dt: 150ms | tok/sec: 1,744,301 | mfu: 18.5% | epoch: 1 | remaining: 6s    
step 01970 (98.2%) | loss: 2.935379 | lrm: 0.07 | dt: 150ms | tok/sec: 1,743,842 | mfu: 18.5% | epoch: 1 | remaining: 5s    
step 01971 (98.2%) | loss: 2.936865 | lrm: 0.07 | dt: 150ms | tok/sec: 1,742,708 | mfu: 18.5% | epoch: 1 | remaining: 5s    
step 01972 (98.3%) | loss: 2.927007 | lrm: 0.07 | dt: 150ms | tok/sec: 1,743,689 | mfu: 18.5% | epoch: 1 | remaining: 5s    
step 01973 (98.3%) | loss: 2.928410 | lrm: 0.07 | dt: 150ms | tok/sec: 1,743,670 | mfu: 18.5% | epoch: 1 | remaining: 5s    
step 01974 (98.4%) | loss: 2.927689 | lrm: 0.07 | dt: 150ms | tok/sec: 1,743,689 | mfu: 18.5% | epoch: 1 | remaining: 5s    
step 01975 (98.4%) | loss: 2.929881 | lrm: 0.06 | dt: 150ms | tok/sec: 1,743,258 | mfu: 18.5% | epoch: 1 | remaining: 5s    
step 01976 (98.5%) | loss: 2.931071 | lrm: 0.06 | dt: 150ms | tok/sec: 1,743,911 | mfu: 18.5% | epoch: 1 | remaining: 4s    
step 01977 (98.5%) | loss: 2.935129 | lrm: 0.06 | dt: 167ms | tok/sec: 1,571,548 | mfu: 16.7% | epoch: 1 | remaining: 4s    
step 01978 (98.6%) | loss: 2.938002 | lrm: 0.06 | dt: 150ms | tok/sec: 1,743,316 | mfu: 18.5% | epoch: 1 | remaining: 4s    
step 01979 (98.6%) | loss: 2.936953 | lrm: 0.06 | dt: 150ms | tok/sec: 1,743,692 | mfu: 18.5% | epoch: 1 | remaining: 4s    
step 01980 (98.7%) | loss: 2.934658 | lrm: 0.05 | dt: 150ms | tok/sec: 1,742,609 | mfu: 18.5% | epoch: 1 | remaining: 4s    
step 01981 (98.7%) | loss: 2.935796 | lrm: 0.05 | dt: 150ms | tok/sec: 1,743,084 | mfu: 18.5% | epoch: 1 | remaining: 4s    
step 01982 (98.8%) | loss: 2.930350 | lrm: 0.05 | dt: 150ms | tok/sec: 1,742,907 | mfu: 18.5% | epoch: 1 | remaining: 4s    
step 01983 (98.8%) | loss: 2.934606 | lrm: 0.05 | dt: 150ms | tok/sec: 1,743,410 | mfu: 18.5% | epoch: 1 | remaining: 3s    
step 01984 (98.9%) | loss: 2.927953 | lrm: 0.05 | dt: 150ms | tok/sec: 1,743,015 | mfu: 18.5% | epoch: 1 | remaining: 3s    
step 01985 (98.9%) | loss: 2.931102 | lrm: 0.04 | dt: 150ms | tok/sec: 1,742,772 | mfu: 18.5% | epoch: 1 | remaining: 3s    
step 01986 (99.0%) | loss: 2.930184 | lrm: 0.04 | dt: 150ms | tok/sec: 1,742,523 | mfu: 18.5% | epoch: 1 | remaining: 3s    
step 01987 (99.0%) | loss: 2.933048 | lrm: 0.04 | dt: 150ms | tok/sec: 1,743,698 | mfu: 18.5% | epoch: 1 | remaining: 3s    
step 01988 (99.1%) | loss: 2.933161 | lrm: 0.04 | dt: 151ms | tok/sec: 1,732,275 | mfu: 18.4% | epoch: 1 | remaining: 3s    
step 01989 (99.1%) | loss: 2.937886 | lrm: 0.04 | dt: 150ms | tok/sec: 1,742,570 | mfu: 18.5% | epoch: 1 | remaining: 2s    
step 01990 (99.2%) | loss: 2.936942 | lrm: 0.03 | dt: 150ms | tok/sec: 1,741,977 | mfu: 18.5% | epoch: 1 | remaining: 2s    
step 01991 (99.2%) | loss: 2.939052 | lrm: 0.03 | dt: 150ms | tok/sec: 1,742,639 | mfu: 18.5% | epoch: 1 | remaining: 2s    
step 01992 (99.3%) | loss: 2.940913 | lrm: 0.03 | dt: 150ms | tok/sec: 1,743,123 | mfu: 18.5% | epoch: 1 | remaining: 2s    
step 01993 (99.3%) | loss: 2.944551 | lrm: 0.03 | dt: 150ms | tok/sec: 1,743,770 | mfu: 18.5% | epoch: 1 | remaining: 2s    
step 01994 (99.4%) | loss: 2.942421 | lrm: 0.03 | dt: 151ms | tok/sec: 1,741,185 | mfu: 18.5% | epoch: 1 | remaining: 2s    
step 01995 (99.4%) | loss: 2.942319 | lrm: 0.02 | dt: 150ms | tok/sec: 1,742,811 | mfu: 18.5% | epoch: 1 | remaining: 2s    
step 01996 (99.5%) | loss: 2.942801 | lrm: 0.02 | dt: 150ms | tok/sec: 1,743,264 | mfu: 18.5% | epoch: 1 | remaining: 1s    
step 01997 (99.5%) | loss: 2.942071 | lrm: 0.02 | dt: 150ms | tok/sec: 1,743,352 | mfu: 18.5% | epoch: 1 | remaining: 1s    
step 01998 (99.6%) | loss: 2.943207 | lrm: 0.02 | dt: 150ms | tok/sec: 1,743,322 | mfu: 18.5% | epoch: 1 | remaining: 1s    
step 01999 (99.6%) | loss: 2.943377 | lrm: 0.02 | dt: 150ms | tok/sec: 1,743,537 | mfu: 18.5% | epoch: 1 | remaining: 1s    
step 02000 (99.7%) | loss: 2.945660 | lrm: 0.01 | dt: 150ms | tok/sec: 1,743,584 | mfu: 18.5% | epoch: 1 | remaining: 1s    
step 02001 (99.7%) | loss: 2.941615 | lrm: 0.01 | dt: 150ms | tok/sec: 1,743,789 | mfu: 18.5% | epoch: 1 | remaining: 1s    
step 02002 (99.8%) | loss: 2.943109 | lrm: 0.01 | dt: 150ms | tok/sec: 1,743,023 | mfu: 18.5% | epoch: 1 | remaining: 1s    
step 02003 (99.8%) | loss: 2.939983 | lrm: 0.01 | dt: 150ms | tok/sec: 1,742,388 | mfu: 18.5% | epoch: 1 | remaining: 0s    
step 02004 (99.9%) | loss: 2.941046 | lrm: 0.01 | dt: 150ms | tok/sec: 1,742,979 | mfu: 18.5% | epoch: 1 | remaining: 0s    
step 02005 (99.9%) | loss: 2.938796 | lrm: 0.00 | dt: 150ms | tok/sec: 1,743,546 | mfu: 18.5% | epoch: 1 | remaining: 0s    
step 02006 (100.0%) | loss: 2.938408 | lrm: 0.00 | dt: 150ms | tok/sec: 1,743,443 | mfu: 18.5% | epoch: 1 | remaining: 0s    
---
val_bpb:          1.048922
training_seconds: 300.1
total_seconds:    334.7
peak_vram_mb:     23399.9
mfu_percent:      18.51
total_tokens_M:   526.1
num_steps:        2007
num_params_M:     24.6
depth:            5
[W1004 11:50:33.717603770 CudaIPCTypes.cpp:16] Producer process has been terminated before all shared CUDA tensors released. See Note [Sharing CUDA tensors]
