Vocab size: 8,192
Model config: {'sequence_len': 2048, 'vocab_size': 8192, 'n_layer': 9, 'n_head': 4, 'n_kv_head': 4, 'n_embd': 512, 'window_pattern': 'SSLL'}
Parameter counts:
  wte                     : 4,194,304
  value_embeds            : 37,748,736
  lm_head                 : 4,194,304
  transformer_matrices    : 28,312,704
  scalars                 : 18
  total                   : 74,450,066
Estimated FLOPs per token: 2.831224e+08
Scaling AdamW LRs by 1/sqrt(512/768) = 1.224745
Time budget: 300s
Gradient accumulation steps: 1

step 00000 (0.0%) | loss: 9.011469 | lrm: 1.00 | dt: 56884ms | tok/sec: 2,304 | mfu: 0.1% | epoch: 1 | remaining: 300s    
step 00001 (0.0%) | loss: 8.883494 | lrm: 1.00 | dt: 170ms | tok/sec: 771,110 | mfu: 22.1% | epoch: 1 | remaining: 300s    
step 00002 (0.0%) | loss: 8.547763 | lrm: 1.00 | dt: 166ms | tok/sec: 787,888 | mfu: 22.5% | epoch: 1 | remaining: 300s    
step 00003 (0.0%) | loss: 8.121211 | lrm: 1.00 | dt: 166ms | tok/sec: 790,129 | mfu: 22.6% | epoch: 1 | remaining: 300s    
step 00004 (0.0%) | loss: 7.757303 | lrm: 1.00 | dt: 166ms | tok/sec: 790,241 | mfu: 22.6% | epoch: 1 | remaining: 300s    
step 00005 (0.0%) | loss: 7.442114 | lrm: 1.00 | dt: 166ms | tok/sec: 789,869 | mfu: 22.6% | epoch: 1 | remaining: 300s    
step 00006 (0.0%) | loss: 7.193699 | lrm: 1.00 | dt: 166ms | tok/sec: 790,359 | mfu: 22.6% | epoch: 1 | remaining: 300s    
step 00007 (0.0%) | loss: 6.986210 | lrm: 1.00 | dt: 166ms | tok/sec: 790,057 | mfu: 22.6% | epoch: 1 | remaining: 300s    
step 00008 (0.0%) | loss: 6.810926 | lrm: 1.00 | dt: 166ms | tok/sec: 790,060 | mfu: 22.6% | epoch: 1 | remaining: 300s    
step 00009 (0.0%) | loss: 6.662842 | lrm: 1.00 | dt: 166ms | tok/sec: 790,177 | mfu: 22.6% | epoch: 1 | remaining: 300s    
step 00010 (0.0%) | loss: 6.533998 | lrm: 1.00 | dt: 166ms | tok/sec: 790,401 | mfu: 22.6% | epoch: 1 | remaining: 300s    
step 00011 (0.0%) | loss: 6.419076 | lrm: 1.00 | dt: 166ms | tok/sec: 790,053 | mfu: 22.6% | epoch: 1 | remaining: 300s    
step 00012 (0.1%) | loss: 6.323880 | lrm: 1.00 | dt: 166ms | tok/sec: 790,207 | mfu: 22.6% | epoch: 1 | remaining: 300s    
step 00013 (0.1%) | loss: 6.239640 | lrm: 1.00 | dt: 166ms | tok/sec: 790,311 | mfu: 22.6% | epoch: 1 | remaining: 300s    
step 00014 (0.2%) | loss: 6.162403 | lrm: 1.00 | dt: 166ms | tok/sec: 790,154 | mfu: 22.6% | epoch: 1 | remaining: 299s    
step 00015 (0.2%) | loss: 6.098487 | lrm: 1.00 | dt: 166ms | tok/sec: 790,240 | mfu: 22.6% | epoch: 1 | remaining: 299s    
step 00016 (0.3%) | loss: 6.041887 | lrm: 1.00 | dt: 166ms | tok/sec: 789,993 | mfu: 22.6% | epoch: 1 | remaining: 299s    
step 00017 (0.3%) | loss: 5.986064 | lrm: 1.00 | dt: 166ms | tok/sec: 789,951 | mfu: 22.6% | epoch: 1 | remaining: 299s    
step 00018 (0.4%) | loss: 5.936582 | lrm: 1.00 | dt: 166ms | tok/sec: 790,118 | mfu: 22.6% | epoch: 1 | remaining: 299s    
step 00019 (0.4%) | loss: 5.891834 | lrm: 1.00 | dt: 166ms | tok/sec: 789,776 | mfu: 22.6% | epoch: 1 | remaining: 299s    
step 00020 (0.5%) | loss: 5.853362 | lrm: 1.00 | dt: 166ms | tok/sec: 790,176 | mfu: 22.6% | epoch: 1 | remaining: 298s    
step 00021 (0.6%) | loss: 5.817431 | lrm: 1.00 | dt: 166ms | tok/sec: 790,112 | mfu: 22.6% | epoch: 1 | remaining: 298s    
step 00022 (0.6%) | loss: 5.782345 | lrm: 1.00 | dt: 166ms | tok/sec: 789,733 | mfu: 22.6% | epoch: 1 | remaining: 298s    
step 00023 (0.7%) | loss: 5.748626 | lrm: 1.00 | dt: 166ms | tok/sec: 789,805 | mfu: 22.6% | epoch: 1 | remaining: 298s    
step 00024 (0.7%) | loss: 5.717952 | lrm: 1.00 | dt: 166ms | tok/sec: 789,914 | mfu: 22.6% | epoch: 1 | remaining: 298s    
step 00025 (0.8%) | loss: 5.681230 | lrm: 1.00 | dt: 166ms | tok/sec: 789,776 | mfu: 22.6% | epoch: 1 | remaining: 298s    
step 00026 (0.8%) | loss: 5.652348 | lrm: 1.00 | dt: 166ms | tok/sec: 789,921 | mfu: 22.6% | epoch: 1 | remaining: 297s    
step 00027 (0.9%) | loss: 5.627343 | lrm: 1.00 | dt: 166ms | tok/sec: 789,894 | mfu: 22.6% | epoch: 1 | remaining: 297s    
step 00028 (0.9%) | loss: 5.603677 | lrm: 1.00 | dt: 166ms | tok/sec: 789,889 | mfu: 22.6% | epoch: 1 | remaining: 297s    
step 00029 (1.0%) | loss: 5.576647 | lrm: 1.00 | dt: 166ms | tok/sec: 789,841 | mfu: 22.6% | epoch: 1 | remaining: 297s    
step 00030 (1.1%) | loss: 5.551101 | lrm: 1.00 | dt: 166ms | tok/sec: 789,745 | mfu: 22.6% | epoch: 1 | remaining: 297s    
step 00031 (1.1%) | loss: 5.525639 | lrm: 1.00 | dt: 166ms | tok/sec: 789,581 | mfu: 22.6% | epoch: 1 | remaining: 297s    
step 00032 (1.2%) | loss: 5.498952 | lrm: 1.00 | dt: 166ms | tok/sec: 789,602 | mfu: 22.6% | epoch: 1 | remaining: 296s    
step 00033 (1.2%) | loss: 5.477015 | lrm: 1.00 | dt: 166ms | tok/sec: 789,854 | mfu: 22.6% | epoch: 1 | remaining: 296s    
step 00034 (1.3%) | loss: 5.450426 | lrm: 1.00 | dt: 166ms | tok/sec: 789,697 | mfu: 22.6% | epoch: 1 | remaining: 296s    
step 00035 (1.3%) | loss: 5.424706 | lrm: 1.00 | dt: 166ms | tok/sec: 789,440 | mfu: 22.6% | epoch: 1 | remaining: 296s    
step 00036 (1.4%) | loss: 5.403117 | lrm: 1.00 | dt: 166ms | tok/sec: 789,738 | mfu: 22.6% | epoch: 1 | remaining: 296s    
step 00037 (1.4%) | loss: 5.377506 | lrm: 1.00 | dt: 166ms | tok/sec: 789,822 | mfu: 22.6% | epoch: 1 | remaining: 296s    
step 00038 (1.5%) | loss: 5.354159 | lrm: 1.00 | dt: 166ms | tok/sec: 789,915 | mfu: 22.6% | epoch: 1 | remaining: 295s    
step 00039 (1.5%) | loss: 5.330314 | lrm: 1.00 | dt: 166ms | tok/sec: 790,035 | mfu: 22.6% | epoch: 1 | remaining: 295s    
step 00040 (1.6%) | loss: 5.306229 | lrm: 1.00 | dt: 166ms | tok/sec: 789,740 | mfu: 22.6% | epoch: 1 | remaining: 295s    
step 00041 (1.7%) | loss: 5.283153 | lrm: 1.00 | dt: 166ms | tok/sec: 789,762 | mfu: 22.6% | epoch: 1 | remaining: 295s    
step 00042 (1.7%) | loss: 5.262005 | lrm: 1.00 | dt: 166ms | tok/sec: 789,952 | mfu: 22.6% | epoch: 1 | remaining: 295s    
step 00043 (1.8%) | loss: 5.236862 | lrm: 1.00 | dt: 166ms | tok/sec: 789,615 | mfu: 22.6% | epoch: 1 | remaining: 295s    
step 00044 (1.8%) | loss: 5.215203 | lrm: 1.00 | dt: 166ms | tok/sec: 789,884 | mfu: 22.6% | epoch: 1 | remaining: 294s    
step 00045 (1.9%) | loss: 5.196438 | lrm: 1.00 | dt: 166ms | tok/sec: 790,025 | mfu: 22.6% | epoch: 1 | remaining: 294s    
step 00046 (1.9%) | loss: 5.177663 | lrm: 1.00 | dt: 166ms | tok/sec: 790,301 | mfu: 22.6% | epoch: 1 | remaining: 294s    
step 00047 (2.0%) | loss: 5.155796 | lrm: 1.00 | dt: 166ms | tok/sec: 790,415 | mfu: 22.6% | epoch: 1 | remaining: 294s    
step 00048 (2.0%) | loss: 5.135381 | lrm: 1.00 | dt: 166ms | tok/sec: 790,833 | mfu: 22.6% | epoch: 1 | remaining: 294s    
step 00049 (2.1%) | loss: 5.115553 | lrm: 1.00 | dt: 166ms | tok/sec: 790,400 | mfu: 22.6% | epoch: 1 | remaining: 294s    
step 00050 (2.2%) | loss: 5.094989 | lrm: 1.00 | dt: 166ms | tok/sec: 790,392 | mfu: 22.6% | epoch: 1 | remaining: 293s    
step 00051 (2.2%) | loss: 5.073373 | lrm: 1.00 | dt: 166ms | tok/sec: 790,971 | mfu: 22.6% | epoch: 1 | remaining: 293s    
step 00052 (2.3%) | loss: 5.049115 | lrm: 1.00 | dt: 166ms | tok/sec: 790,847 | mfu: 22.6% | epoch: 1 | remaining: 293s    
step 00053 (2.3%) | loss: 5.031379 | lrm: 1.00 | dt: 166ms | tok/sec: 790,839 | mfu: 22.6% | epoch: 1 | remaining: 293s    
step 00054 (2.4%) | loss: 5.009969 | lrm: 1.00 | dt: 166ms | tok/sec: 790,985 | mfu: 22.6% | epoch: 1 | remaining: 293s    
step 00055 (2.4%) | loss: 4.989114 | lrm: 1.00 | dt: 166ms | tok/sec: 790,809 | mfu: 22.6% | epoch: 1 | remaining: 293s    
step 00056 (2.5%) | loss: 4.968350 | lrm: 1.00 | dt: 166ms | tok/sec: 790,438 | mfu: 22.6% | epoch: 1 | remaining: 292s    
step 00057 (2.5%) | loss: 4.950955 | lrm: 1.00 | dt: 166ms | tok/sec: 790,701 | mfu: 22.6% | epoch: 1 | remaining: 292s    
step 00058 (2.6%) | loss: 4.936609 | lrm: 1.00 | dt: 166ms | tok/sec: 790,808 | mfu: 22.6% | epoch: 1 | remaining: 292s    
step 00059 (2.7%) | loss: 4.914117 | lrm: 1.00 | dt: 166ms | tok/sec: 790,645 | mfu: 22.6% | epoch: 1 | remaining: 292s    
step 00060 (2.7%) | loss: 4.893852 | lrm: 1.00 | dt: 166ms | tok/sec: 790,916 | mfu: 22.6% | epoch: 1 | remaining: 292s    
step 00061 (2.8%) | loss: 4.868750 | lrm: 1.00 | dt: 166ms | tok/sec: 790,714 | mfu: 22.6% | epoch: 1 | remaining: 292s    
step 00062 (2.8%) | loss: 4.849379 | lrm: 1.00 | dt: 166ms | tok/sec: 791,053 | mfu: 22.6% | epoch: 1 | remaining: 291s    
step 00063 (2.9%) | loss: 4.833074 | lrm: 1.00 | dt: 166ms | tok/sec: 790,921 | mfu: 22.6% | epoch: 1 | remaining: 291s    
step 00064 (2.9%) | loss: 4.815727 | lrm: 1.00 | dt: 166ms | tok/sec: 790,753 | mfu: 22.6% | epoch: 1 | remaining: 291s    
step 00065 (3.0%) | loss: 4.797139 | lrm: 1.00 | dt: 166ms | tok/sec: 790,618 | mfu: 22.6% | epoch: 1 | remaining: 291s    
step 00066 (3.0%) | loss: 4.775879 | lrm: 1.00 | dt: 166ms | tok/sec: 790,576 | mfu: 22.6% | epoch: 1 | remaining: 291s    
step 00067 (3.1%) | loss: 4.760461 | lrm: 1.00 | dt: 166ms | tok/sec: 790,699 | mfu: 22.6% | epoch: 1 | remaining: 291s    
step 00068 (3.2%) | loss: 4.741888 | lrm: 1.00 | dt: 166ms | tok/sec: 790,743 | mfu: 22.6% | epoch: 1 | remaining: 290s    
step 00069 (3.2%) | loss: 4.721616 | lrm: 1.00 | dt: 166ms | tok/sec: 790,954 | mfu: 22.6% | epoch: 1 | remaining: 290s    
step 00070 (3.3%) | loss: 4.704447 | lrm: 1.00 | dt: 166ms | tok/sec: 790,627 | mfu: 22.6% | epoch: 1 | remaining: 290s    
step 00071 (3.3%) | loss: 4.680057 | lrm: 1.00 | dt: 166ms | tok/sec: 790,600 | mfu: 22.6% | epoch: 1 | remaining: 290s    
step 00072 (3.4%) | loss: 4.663496 | lrm: 1.00 | dt: 166ms | tok/sec: 790,640 | mfu: 22.6% | epoch: 1 | remaining: 290s    
step 00073 (3.4%) | loss: 4.643699 | lrm: 1.00 | dt: 166ms | tok/sec: 790,653 | mfu: 22.6% | epoch: 1 | remaining: 290s    
step 00074 (3.5%) | loss: 4.628210 | lrm: 1.00 | dt: 166ms | tok/sec: 790,592 | mfu: 22.6% | epoch: 1 | remaining: 289s    
step 00075 (3.5%) | loss: 4.609604 | lrm: 1.00 | dt: 166ms | tok/sec: 790,556 | mfu: 22.6% | epoch: 1 | remaining: 289s    
step 00076 (3.6%) | loss: 4.590448 | lrm: 1.00 | dt: 166ms | tok/sec: 790,542 | mfu: 22.6% | epoch: 1 | remaining: 289s    
step 00077 (3.6%) | loss: 4.568106 | lrm: 1.00 | dt: 166ms | tok/sec: 790,594 | mfu: 22.6% | epoch: 1 | remaining: 289s    
step 00078 (3.7%) | loss: 4.546625 | lrm: 1.00 | dt: 166ms | tok/sec: 790,318 | mfu: 22.6% | epoch: 1 | remaining: 289s    
step 00079 (3.8%) | loss: 4.529561 | lrm: 1.00 | dt: 166ms | tok/sec: 790,650 | mfu: 22.6% | epoch: 1 | remaining: 289s    
step 00080 (3.8%) | loss: 4.512590 | lrm: 1.00 | dt: 166ms | tok/sec: 790,500 | mfu: 22.6% | epoch: 1 | remaining: 288s    
step 00081 (3.9%) | loss: 4.498066 | lrm: 1.00 | dt: 166ms | tok/sec: 790,723 | mfu: 22.6% | epoch: 1 | remaining: 288s    
step 00082 (3.9%) | loss: 4.478187 | lrm: 1.00 | dt: 166ms | tok/sec: 790,251 | mfu: 22.6% | epoch: 1 | remaining: 288s    
step 00083 (4.0%) | loss: 4.460123 | lrm: 1.00 | dt: 166ms | tok/sec: 790,533 | mfu: 22.6% | epoch: 1 | remaining: 288s    
step 00084 (4.0%) | loss: 4.442674 | lrm: 1.00 | dt: 166ms | tok/sec: 790,582 | mfu: 22.6% | epoch: 1 | remaining: 288s    
step 00085 (4.1%) | loss: 4.431243 | lrm: 1.00 | dt: 166ms | tok/sec: 790,567 | mfu: 22.6% | epoch: 1 | remaining: 288s    
step 00086 (4.1%) | loss: 4.412458 | lrm: 1.00 | dt: 166ms | tok/sec: 790,249 | mfu: 22.6% | epoch: 1 | remaining: 287s    
step 00087 (4.2%) | loss: 4.391707 | lrm: 1.00 | dt: 166ms | tok/sec: 790,252 | mfu: 22.6% | epoch: 1 | remaining: 287s    
step 00088 (4.3%) | loss: 4.377587 | lrm: 1.00 | dt: 166ms | tok/sec: 790,416 | mfu: 22.6% | epoch: 1 | remaining: 287s    
step 00089 (4.3%) | loss: 4.359697 | lrm: 1.00 | dt: 166ms | tok/sec: 790,473 | mfu: 22.6% | epoch: 1 | remaining: 287s    
step 00090 (4.4%) | loss: 4.343458 | lrm: 1.00 | dt: 166ms | tok/sec: 790,400 | mfu: 22.6% | epoch: 1 | remaining: 287s    
step 00091 (4.4%) | loss: 4.333104 | lrm: 1.00 | dt: 166ms | tok/sec: 790,341 | mfu: 22.6% | epoch: 1 | remaining: 287s    
step 00092 (4.5%) | loss: 4.318513 | lrm: 1.00 | dt: 166ms | tok/sec: 790,185 | mfu: 22.6% | epoch: 1 | remaining: 286s    
step 00093 (4.5%) | loss: 4.301997 | lrm: 1.00 | dt: 166ms | tok/sec: 790,513 | mfu: 22.6% | epoch: 1 | remaining: 286s    
step 00094 (4.6%) | loss: 4.287320 | lrm: 1.00 | dt: 166ms | tok/sec: 790,384 | mfu: 22.6% | epoch: 1 | remaining: 286s    
step 00095 (4.6%) | loss: 4.267959 | lrm: 1.00 | dt: 166ms | tok/sec: 790,338 | mfu: 22.6% | epoch: 1 | remaining: 286s    
step 00096 (4.7%) | loss: 4.253778 | lrm: 1.00 | dt: 166ms | tok/sec: 790,437 | mfu: 22.6% | epoch: 1 | remaining: 286s    
step 00097 (4.8%) | loss: 4.236677 | lrm: 1.00 | dt: 166ms | tok/sec: 790,382 | mfu: 22.6% | epoch: 1 | remaining: 286s    
step 00098 (4.8%) | loss: 4.216181 | lrm: 1.00 | dt: 166ms | tok/sec: 790,209 | mfu: 22.6% | epoch: 1 | remaining: 285s    
step 00099 (4.9%) | loss: 4.202773 | lrm: 1.00 | dt: 166ms | tok/sec: 790,051 | mfu: 22.6% | epoch: 1 | remaining: 285s    
step 00100 (4.9%) | loss: 4.195615 | lrm: 1.00 | dt: 166ms | tok/sec: 790,330 | mfu: 22.6% | epoch: 1 | remaining: 285s    
step 00101 (5.0%) | loss: 4.186256 | lrm: 1.00 | dt: 166ms | tok/sec: 790,623 | mfu: 22.6% | epoch: 1 | remaining: 285s    
step 00102 (5.0%) | loss: 4.173797 | lrm: 1.00 | dt: 166ms | tok/sec: 790,204 | mfu: 22.6% | epoch: 1 | remaining: 285s    
step 00103 (5.1%) | loss: 4.159299 | lrm: 1.00 | dt: 166ms | tok/sec: 790,259 | mfu: 22.6% | epoch: 1 | remaining: 285s    
step 00104 (5.1%) | loss: 4.148135 | lrm: 1.00 | dt: 166ms | tok/sec: 790,425 | mfu: 22.6% | epoch: 1 | remaining: 284s    
step 00105 (5.2%) | loss: 4.137256 | lrm: 1.00 | dt: 166ms | tok/sec: 790,135 | mfu: 22.6% | epoch: 1 | remaining: 284s    
step 00106 (5.3%) | loss: 4.125685 | lrm: 1.00 | dt: 166ms | tok/sec: 790,131 | mfu: 22.6% | epoch: 1 | remaining: 284s    
step 00107 (5.3%) | loss: 4.113301 | lrm: 1.00 | dt: 166ms | tok/sec: 790,150 | mfu: 22.6% | epoch: 1 | remaining: 284s    
step 00108 (5.4%) | loss: 4.096620 | lrm: 1.00 | dt: 166ms | tok/sec: 790,132 | mfu: 22.6% | epoch: 1 | remaining: 284s    
step 00109 (5.4%) | loss: 4.081319 | lrm: 1.00 | dt: 166ms | tok/sec: 790,524 | mfu: 22.6% | epoch: 1 | remaining: 284s    
step 00110 (5.5%) | loss: 4.069355 | lrm: 1.00 | dt: 166ms | tok/sec: 790,318 | mfu: 22.6% | epoch: 1 | remaining: 283s    
step 00111 (5.5%) | loss: 4.064380 | lrm: 1.00 | dt: 166ms | tok/sec: 790,346 | mfu: 22.6% | epoch: 1 | remaining: 283s    
step 00112 (5.6%) | loss: 4.057599 | lrm: 1.00 | dt: 166ms | tok/sec: 790,240 | mfu: 22.6% | epoch: 1 | remaining: 283s    
step 00113 (5.6%) | loss: 4.050509 | lrm: 1.00 | dt: 166ms | tok/sec: 790,462 | mfu: 22.6% | epoch: 1 | remaining: 283s    
step 00114 (5.7%) | loss: 4.038121 | lrm: 1.00 | dt: 166ms | tok/sec: 790,278 | mfu: 22.6% | epoch: 1 | remaining: 283s    
step 00115 (5.7%) | loss: 4.029915 | lrm: 1.00 | dt: 166ms | tok/sec: 790,142 | mfu: 22.6% | epoch: 1 | remaining: 283s    
step 00116 (5.8%) | loss: 4.023101 | lrm: 1.00 | dt: 166ms | tok/sec: 790,120 | mfu: 22.6% | epoch: 1 | remaining: 282s    
step 00117 (5.9%) | loss: 4.010914 | lrm: 1.00 | dt: 166ms | tok/sec: 790,259 | mfu: 22.6% | epoch: 1 | remaining: 282s    
step 00118 (5.9%) | loss: 4.001875 | lrm: 1.00 | dt: 166ms | tok/sec: 790,146 | mfu: 22.6% | epoch: 1 | remaining: 282s    
step 00119 (6.0%) | loss: 3.993690 | lrm: 1.00 | dt: 166ms | tok/sec: 790,221 | mfu: 22.6% | epoch: 1 | remaining: 282s    
step 00120 (6.0%) | loss: 3.989594 | lrm: 1.00 | dt: 166ms | tok/sec: 790,015 | mfu: 22.6% | epoch: 1 | remaining: 282s    
step 00121 (6.1%) | loss: 3.978189 | lrm: 1.00 | dt: 166ms | tok/sec: 790,258 | mfu: 22.6% | epoch: 1 | remaining: 282s    
step 00122 (6.1%) | loss: 3.969416 | lrm: 1.00 | dt: 166ms | tok/sec: 790,075 | mfu: 22.6% | epoch: 1 | remaining: 281s    
step 00123 (6.2%) | loss: 3.959033 | lrm: 1.00 | dt: 166ms | tok/sec: 790,014 | mfu: 22.6% | epoch: 1 | remaining: 281s    
step 00124 (6.2%) | loss: 3.950193 | lrm: 1.00 | dt: 166ms | tok/sec: 790,139 | mfu: 22.6% | epoch: 1 | remaining: 281s    
step 00125 (6.3%) | loss: 3.941854 | lrm: 1.00 | dt: 166ms | tok/sec: 789,757 | mfu: 22.6% | epoch: 1 | remaining: 281s    
step 00126 (6.4%) | loss: 3.931306 | lrm: 1.00 | dt: 166ms | tok/sec: 790,010 | mfu: 22.6% | epoch: 1 | remaining: 281s    
step 00127 (6.4%) | loss: 3.927264 | lrm: 1.00 | dt: 166ms | tok/sec: 790,102 | mfu: 22.6% | epoch: 1 | remaining: 281s    
step 00128 (6.5%) | loss: 3.923746 | lrm: 1.00 | dt: 166ms | tok/sec: 789,983 | mfu: 22.6% | epoch: 1 | remaining: 280s    
step 00129 (6.5%) | loss: 3.911953 | lrm: 1.00 | dt: 166ms | tok/sec: 789,874 | mfu: 22.6% | epoch: 1 | remaining: 280s    
step 00130 (6.6%) | loss: 3.902966 | lrm: 1.00 | dt: 166ms | tok/sec: 789,934 | mfu: 22.6% | epoch: 1 | remaining: 280s    
step 00131 (6.6%) | loss: 3.890768 | lrm: 1.00 | dt: 166ms | tok/sec: 789,717 | mfu: 22.6% | epoch: 1 | remaining: 280s    
step 00132 (6.7%) | loss: 3.887013 | lrm: 1.00 | dt: 166ms | tok/sec: 789,779 | mfu: 22.6% | epoch: 1 | remaining: 280s    
step 00133 (6.7%) | loss: 3.884062 | lrm: 1.00 | dt: 166ms | tok/sec: 789,551 | mfu: 22.6% | epoch: 1 | remaining: 280s    
step 00134 (6.8%) | loss: 3.873905 | lrm: 1.00 | dt: 166ms | tok/sec: 789,609 | mfu: 22.6% | epoch: 1 | remaining: 279s    
step 00135 (6.9%) | loss: 3.871356 | lrm: 1.00 | dt: 166ms | tok/sec: 789,607 | mfu: 22.6% | epoch: 1 | remaining: 279s    
step 00136 (6.9%) | loss: 3.863049 | lrm: 1.00 | dt: 166ms | tok/sec: 789,284 | mfu: 22.6% | epoch: 1 | remaining: 279s    
step 00137 (7.0%) | loss: 3.854709 | lrm: 1.00 | dt: 166ms | tok/sec: 789,357 | mfu: 22.6% | epoch: 1 | remaining: 279s    
step 00138 (7.0%) | loss: 3.843383 | lrm: 1.00 | dt: 166ms | tok/sec: 789,554 | mfu: 22.6% | epoch: 1 | remaining: 279s    
step 00139 (7.1%) | loss: 3.836592 | lrm: 1.00 | dt: 166ms | tok/sec: 789,262 | mfu: 22.6% | epoch: 1 | remaining: 279s    
step 00140 (7.1%) | loss: 3.826459 | lrm: 1.00 | dt: 166ms | tok/sec: 789,358 | mfu: 22.6% | epoch: 1 | remaining: 278s    
step 00141 (7.2%) | loss: 3.822026 | lrm: 1.00 | dt: 166ms | tok/sec: 789,249 | mfu: 22.6% | epoch: 1 | remaining: 278s    
step 00142 (7.2%) | loss: 3.818204 | lrm: 1.00 | dt: 166ms | tok/sec: 789,162 | mfu: 22.6% | epoch: 1 | remaining: 278s    
step 00143 (7.3%) | loss: 3.813962 | lrm: 1.00 | dt: 166ms | tok/sec: 789,067 | mfu: 22.6% | epoch: 1 | remaining: 278s    
step 00144 (7.4%) | loss: 3.809241 | lrm: 1.00 | dt: 166ms | tok/sec: 789,122 | mfu: 22.6% | epoch: 1 | remaining: 278s    
step 00145 (7.4%) | loss: 3.806893 | lrm: 1.00 | dt: 166ms | tok/sec: 789,085 | mfu: 22.6% | epoch: 1 | remaining: 278s    
step 00146 (7.5%) | loss: 3.804103 | lrm: 1.00 | dt: 166ms | tok/sec: 788,762 | mfu: 22.6% | epoch: 1 | remaining: 277s    
step 00147 (7.5%) | loss: 3.793709 | lrm: 1.00 | dt: 166ms | tok/sec: 788,908 | mfu: 22.6% | epoch: 1 | remaining: 277s    
step 00148 (7.6%) | loss: 3.794950 | lrm: 1.00 | dt: 166ms | tok/sec: 789,042 | mfu: 22.6% | epoch: 1 | remaining: 277s    
step 00149 (7.6%) | loss: 3.790054 | lrm: 1.00 | dt: 166ms | tok/sec: 788,180 | mfu: 22.6% | epoch: 1 | remaining: 277s    
step 00150 (7.7%) | loss: 3.785212 | lrm: 1.00 | dt: 167ms | tok/sec: 787,051 | mfu: 22.5% | epoch: 1 | remaining: 277s    
step 00151 (7.7%) | loss: 3.781363 | lrm: 1.00 | dt: 166ms | tok/sec: 788,218 | mfu: 22.6% | epoch: 1 | remaining: 277s    
step 00152 (7.8%) | loss: 3.775748 | lrm: 1.00 | dt: 166ms | tok/sec: 788,477 | mfu: 22.6% | epoch: 1 | remaining: 276s    
step 00153 (7.9%) | loss: 3.772187 | lrm: 1.00 | dt: 166ms | tok/sec: 788,552 | mfu: 22.6% | epoch: 1 | remaining: 276s    
step 00154 (7.9%) | loss: 3.768319 | lrm: 1.00 | dt: 166ms | tok/sec: 788,212 | mfu: 22.6% | epoch: 1 | remaining: 276s    
step 00155 (8.0%) | loss: 3.766318 | lrm: 1.00 | dt: 166ms | tok/sec: 788,622 | mfu: 22.6% | epoch: 1 | remaining: 276s    
step 00156 (8.0%) | loss: 3.762949 | lrm: 1.00 | dt: 166ms | tok/sec: 788,490 | mfu: 22.6% | epoch: 1 | remaining: 276s    
step 00157 (8.1%) | loss: 3.765651 | lrm: 1.00 | dt: 166ms | tok/sec: 788,188 | mfu: 22.6% | epoch: 1 | remaining: 276s    
step 00158 (8.1%) | loss: 3.763569 | lrm: 1.00 | dt: 166ms | tok/sec: 788,602 | mfu: 22.6% | epoch: 1 | remaining: 275s    
step 00159 (8.2%) | loss: 3.762459 | lrm: 1.00 | dt: 166ms | tok/sec: 788,320 | mfu: 22.6% | epoch: 1 | remaining: 275s    
step 00160 (8.2%) | loss: 3.753100 | lrm: 1.00 | dt: 166ms | tok/sec: 788,007 | mfu: 22.5% | epoch: 1 | remaining: 275s    
step 00161 (8.3%) | loss: 3.745955 | lrm: 1.00 | dt: 166ms | tok/sec: 787,633 | mfu: 22.5% | epoch: 1 | remaining: 275s    
step 00162 (8.4%) | loss: 3.735225 | lrm: 1.00 | dt: 166ms | tok/sec: 787,967 | mfu: 22.5% | epoch: 1 | remaining: 275s    
step 00163 (8.4%) | loss: 3.731265 | lrm: 1.00 | dt: 166ms | tok/sec: 787,719 | mfu: 22.5% | epoch: 1 | remaining: 275s    
step 00164 (8.5%) | loss: 3.722869 | lrm: 1.00 | dt: 166ms | tok/sec: 787,739 | mfu: 22.5% | epoch: 1 | remaining: 274s    
step 00165 (8.5%) | loss: 3.714256 | lrm: 1.00 | dt: 166ms | tok/sec: 787,931 | mfu: 22.5% | epoch: 1 | remaining: 274s    
step 00166 (8.6%) | loss: 3.707314 | lrm: 1.00 | dt: 166ms | tok/sec: 787,996 | mfu: 22.5% | epoch: 1 | remaining: 274s    
step 00167 (8.6%) | loss: 3.704794 | lrm: 1.00 | dt: 166ms | tok/sec: 787,747 | mfu: 22.5% | epoch: 1 | remaining: 274s    
step 00168 (8.7%) | loss: 3.709808 | lrm: 1.00 | dt: 166ms | tok/sec: 787,937 | mfu: 22.5% | epoch: 1 | remaining: 274s    
step 00169 (8.7%) | loss: 3.700008 | lrm: 1.00 | dt: 166ms | tok/sec: 787,876 | mfu: 22.5% | epoch: 1 | remaining: 274s    
step 00170 (8.8%) | loss: 3.696855 | lrm: 1.00 | dt: 166ms | tok/sec: 787,708 | mfu: 22.5% | epoch: 1 | remaining: 273s    
step 00171 (8.9%) | loss: 3.697405 | lrm: 1.00 | dt: 166ms | tok/sec: 787,981 | mfu: 22.5% | epoch: 1 | remaining: 273s    
step 00172 (8.9%) | loss: 3.692670 | lrm: 1.00 | dt: 166ms | tok/sec: 787,996 | mfu: 22.5% | epoch: 1 | remaining: 273s    
step 00173 (9.0%) | loss: 3.692103 | lrm: 1.00 | dt: 166ms | tok/sec: 787,869 | mfu: 22.5% | epoch: 1 | remaining: 273s    
step 00174 (9.0%) | loss: 3.683988 | lrm: 1.00 | dt: 166ms | tok/sec: 787,930 | mfu: 22.5% | epoch: 1 | remaining: 273s    
step 00175 (9.1%) | loss: 3.687097 | lrm: 1.00 | dt: 166ms | tok/sec: 787,925 | mfu: 22.5% | epoch: 1 | remaining: 273s    
step 00176 (9.1%) | loss: 3.687530 | lrm: 1.00 | dt: 166ms | tok/sec: 787,666 | mfu: 22.5% | epoch: 1 | remaining: 272s    
step 00177 (9.2%) | loss: 3.671677 | lrm: 1.00 | dt: 166ms | tok/sec: 787,551 | mfu: 22.5% | epoch: 1 | remaining: 272s    
step 00178 (9.2%) | loss: 3.673520 | lrm: 1.00 | dt: 166ms | tok/sec: 787,791 | mfu: 22.5% | epoch: 1 | remaining: 272s    
step 00179 (9.3%) | loss: 3.669838 | lrm: 1.00 | dt: 166ms | tok/sec: 788,139 | mfu: 22.6% | epoch: 1 | remaining: 272s    
step 00180 (9.3%) | loss: 3.664504 | lrm: 1.00 | dt: 166ms | tok/sec: 787,794 | mfu: 22.5% | epoch: 1 | remaining: 272s    
step 00181 (9.4%) | loss: 3.662630 | lrm: 1.00 | dt: 166ms | tok/sec: 787,929 | mfu: 22.5% | epoch: 1 | remaining: 272s    
step 00182 (9.5%) | loss: 3.658379 | lrm: 1.00 | dt: 166ms | tok/sec: 787,622 | mfu: 22.5% | epoch: 1 | remaining: 271s    
step 00183 (9.5%) | loss: 3.662748 | lrm: 1.00 | dt: 166ms | tok/sec: 787,454 | mfu: 22.5% | epoch: 1 | remaining: 271s    
step 00184 (9.6%) | loss: 3.654783 | lrm: 1.00 | dt: 166ms | tok/sec: 787,542 | mfu: 22.5% | epoch: 1 | remaining: 271s    
step 00185 (9.6%) | loss: 3.648421 | lrm: 1.00 | dt: 166ms | tok/sec: 787,725 | mfu: 22.5% | epoch: 1 | remaining: 271s    
step 00186 (9.7%) | loss: 3.649409 | lrm: 1.00 | dt: 166ms | tok/sec: 787,786 | mfu: 22.5% | epoch: 1 | remaining: 271s    
step 00187 (9.7%) | loss: 3.645675 | lrm: 1.00 | dt: 166ms | tok/sec: 787,614 | mfu: 22.5% | epoch: 1 | remaining: 271s    
step 00188 (9.8%) | loss: 3.637261 | lrm: 1.00 | dt: 166ms | tok/sec: 787,700 | mfu: 22.5% | epoch: 1 | remaining: 270s    
step 00189 (9.8%) | loss: 3.635818 | lrm: 1.00 | dt: 166ms | tok/sec: 787,790 | mfu: 22.5% | epoch: 1 | remaining: 270s    
step 00190 (9.9%) | loss: 3.623632 | lrm: 1.00 | dt: 166ms | tok/sec: 787,837 | mfu: 22.5% | epoch: 1 | remaining: 270s    
step 00191 (10.0%) | loss: 3.613211 | lrm: 1.00 | dt: 166ms | tok/sec: 787,893 | mfu: 22.5% | epoch: 1 | remaining: 270s    
step 00192 (10.0%) | loss: 3.611508 | lrm: 1.00 | dt: 166ms | tok/sec: 787,832 | mfu: 22.5% | epoch: 1 | remaining: 270s    
step 00193 (10.1%) | loss: 3.604863 | lrm: 1.00 | dt: 166ms | tok/sec: 787,885 | mfu: 22.5% | epoch: 1 | remaining: 270s    
step 00194 (10.1%) | loss: 3.606346 | lrm: 1.00 | dt: 166ms | tok/sec: 787,822 | mfu: 22.5% | epoch: 1 | remaining: 269s    
step 00195 (10.2%) | loss: 3.612107 | lrm: 1.00 | dt: 166ms | tok/sec: 787,666 | mfu: 22.5% | epoch: 1 | remaining: 269s    
step 00196 (10.2%) | loss: 3.614475 | lrm: 1.00 | dt: 166ms | tok/sec: 787,926 | mfu: 22.5% | epoch: 1 | remaining: 269s    
step 00197 (10.3%) | loss: 3.612051 | lrm: 1.00 | dt: 166ms | tok/sec: 787,895 | mfu: 22.5% | epoch: 1 | remaining: 269s    
step 00198 (10.3%) | loss: 3.613452 | lrm: 1.00 | dt: 166ms | tok/sec: 787,692 | mfu: 22.5% | epoch: 1 | remaining: 269s    
step 00199 (10.4%) | loss: 3.605237 | lrm: 1.00 | dt: 166ms | tok/sec: 787,778 | mfu: 22.5% | epoch: 1 | remaining: 269s    
step 00200 (10.5%) | loss: 3.600536 | lrm: 1.00 | dt: 166ms | tok/sec: 787,891 | mfu: 22.5% | epoch: 1 | remaining: 268s    
step 00201 (10.5%) | loss: 3.599522 | lrm: 1.00 | dt: 166ms | tok/sec: 787,876 | mfu: 22.5% | epoch: 1 | remaining: 268s    
step 00202 (10.6%) | loss: 3.592391 | lrm: 1.00 | dt: 166ms | tok/sec: 787,808 | mfu: 22.5% | epoch: 1 | remaining: 268s    
step 00203 (10.6%) | loss: 3.591605 | lrm: 1.00 | dt: 166ms | tok/sec: 787,787 | mfu: 22.5% | epoch: 1 | remaining: 268s    
step 00204 (10.7%) | loss: 3.585230 | lrm: 1.00 | dt: 166ms | tok/sec: 787,684 | mfu: 22.5% | epoch: 1 | remaining: 268s    
step 00205 (10.7%) | loss: 3.585331 | lrm: 1.00 | dt: 166ms | tok/sec: 787,905 | mfu: 22.5% | epoch: 1 | remaining: 268s    
step 00206 (10.8%) | loss: 3.583935 | lrm: 1.00 | dt: 166ms | tok/sec: 787,743 | mfu: 22.5% | epoch: 1 | remaining: 267s    
step 00207 (10.8%) | loss: 3.584552 | lrm: 1.00 | dt: 166ms | tok/sec: 787,859 | mfu: 22.5% | epoch: 1 | remaining: 267s    
step 00208 (10.9%) | loss: 3.583238 | lrm: 1.00 | dt: 166ms | tok/sec: 787,825 | mfu: 22.5% | epoch: 1 | remaining: 267s    
step 00209 (11.0%) | loss: 3.579436 | lrm: 1.00 | dt: 166ms | tok/sec: 787,978 | mfu: 22.5% | epoch: 1 | remaining: 267s    
step 00210 (11.0%) | loss: 3.572369 | lrm: 1.00 | dt: 166ms | tok/sec: 787,785 | mfu: 22.5% | epoch: 1 | remaining: 267s    
step 00211 (11.1%) | loss: 3.572732 | lrm: 1.00 | dt: 166ms | tok/sec: 787,887 | mfu: 22.5% | epoch: 1 | remaining: 267s    
step 00212 (11.1%) | loss: 3.569698 | lrm: 1.00 | dt: 166ms | tok/sec: 787,621 | mfu: 22.5% | epoch: 1 | remaining: 266s    
step 00213 (11.2%) | loss: 3.568809 | lrm: 1.00 | dt: 166ms | tok/sec: 787,518 | mfu: 22.5% | epoch: 1 | remaining: 266s    
step 00214 (11.2%) | loss: 3.570187 | lrm: 1.00 | dt: 166ms | tok/sec: 787,998 | mfu: 22.5% | epoch: 1 | remaining: 266s    
step 00215 (11.3%) | loss: 3.570406 | lrm: 1.00 | dt: 166ms | tok/sec: 787,892 | mfu: 22.5% | epoch: 1 | remaining: 266s    
step 00216 (11.3%) | loss: 3.569155 | lrm: 1.00 | dt: 166ms | tok/sec: 787,817 | mfu: 22.5% | epoch: 1 | remaining: 266s    
step 00217 (11.4%) | loss: 3.573189 | lrm: 1.00 | dt: 166ms | tok/sec: 787,816 | mfu: 22.5% | epoch: 1 | remaining: 266s    
step 00218 (11.5%) | loss: 3.570350 | lrm: 1.00 | dt: 166ms | tok/sec: 787,571 | mfu: 22.5% | epoch: 1 | remaining: 265s    
step 00219 (11.5%) | loss: 3.573790 | lrm: 1.00 | dt: 166ms | tok/sec: 787,699 | mfu: 22.5% | epoch: 1 | remaining: 265s    
step 00220 (11.6%) | loss: 3.576889 | lrm: 1.00 | dt: 166ms | tok/sec: 787,621 | mfu: 22.5% | epoch: 1 | remaining: 265s    
step 00221 (11.6%) | loss: 3.576397 | lrm: 1.00 | dt: 166ms | tok/sec: 787,762 | mfu: 22.5% | epoch: 1 | remaining: 265s    
step 00222 (11.7%) | loss: 3.576237 | lrm: 1.00 | dt: 166ms | tok/sec: 787,962 | mfu: 22.5% | epoch: 1 | remaining: 265s    
step 00223 (11.7%) | loss: 3.570600 | lrm: 1.00 | dt: 166ms | tok/sec: 787,743 | mfu: 22.5% | epoch: 1 | remaining: 265s    
step 00224 (11.8%) | loss: 3.570869 | lrm: 1.00 | dt: 166ms | tok/sec: 787,916 | mfu: 22.5% | epoch: 1 | remaining: 264s    
step 00225 (11.8%) | loss: 3.560732 | lrm: 1.00 | dt: 166ms | tok/sec: 787,862 | mfu: 22.5% | epoch: 1 | remaining: 264s    
step 00226 (11.9%) | loss: 3.564360 | lrm: 1.00 | dt: 166ms | tok/sec: 787,885 | mfu: 22.5% | epoch: 1 | remaining: 264s    
step 00227 (12.0%) | loss: 3.566113 | lrm: 1.00 | dt: 166ms | tok/sec: 787,891 | mfu: 22.5% | epoch: 1 | remaining: 264s    
step 00228 (12.0%) | loss: 3.561429 | lrm: 1.00 | dt: 166ms | tok/sec: 787,709 | mfu: 22.5% | epoch: 1 | remaining: 264s    
step 00229 (12.1%) | loss: 3.560509 | lrm: 1.00 | dt: 166ms | tok/sec: 787,841 | mfu: 22.5% | epoch: 1 | remaining: 264s    
step 00230 (12.1%) | loss: 3.559735 | lrm: 1.00 | dt: 166ms | tok/sec: 787,974 | mfu: 22.5% | epoch: 1 | remaining: 263s    
step 00231 (12.2%) | loss: 3.557211 | lrm: 1.00 | dt: 166ms | tok/sec: 787,894 | mfu: 22.5% | epoch: 1 | remaining: 263s    
step 00232 (12.2%) | loss: 3.554332 | lrm: 1.00 | dt: 166ms | tok/sec: 787,768 | mfu: 22.5% | epoch: 1 | remaining: 263s    
step 00233 (12.3%) | loss: 3.548655 | lrm: 1.00 | dt: 166ms | tok/sec: 787,576 | mfu: 22.5% | epoch: 1 | remaining: 263s    
step 00234 (12.3%) | loss: 3.545345 | lrm: 1.00 | dt: 166ms | tok/sec: 787,922 | mfu: 22.5% | epoch: 1 | remaining: 263s    
step 00235 (12.4%) | loss: 3.541195 | lrm: 1.00 | dt: 166ms | tok/sec: 787,894 | mfu: 22.5% | epoch: 1 | remaining: 263s    
step 00236 (12.5%) | loss: 3.541733 | lrm: 1.00 | dt: 166ms | tok/sec: 787,654 | mfu: 22.5% | epoch: 1 | remaining: 262s    
step 00237 (12.5%) | loss: 3.542452 | lrm: 1.00 | dt: 166ms | tok/sec: 787,852 | mfu: 22.5% | epoch: 1 | remaining: 262s    
step 00238 (12.6%) | loss: 3.544956 | lrm: 1.00 | dt: 166ms | tok/sec: 787,870 | mfu: 22.5% | epoch: 1 | remaining: 262s    
step 00239 (12.6%) | loss: 3.545788 | lrm: 1.00 | dt: 166ms | tok/sec: 787,947 | mfu: 22.5% | epoch: 1 | remaining: 262s    
step 00240 (12.7%) | loss: 3.540451 | lrm: 1.00 | dt: 166ms | tok/sec: 787,978 | mfu: 22.5% | epoch: 1 | remaining: 262s    
step 00241 (12.7%) | loss: 3.537153 | lrm: 1.00 | dt: 166ms | tok/sec: 787,707 | mfu: 22.5% | epoch: 1 | remaining: 262s    
step 00242 (12.8%) | loss: 3.535914 | lrm: 1.00 | dt: 166ms | tok/sec: 787,895 | mfu: 22.5% | epoch: 1 | remaining: 261s    
step 00243 (12.8%) | loss: 3.535185 | lrm: 1.00 | dt: 166ms | tok/sec: 787,866 | mfu: 22.5% | epoch: 1 | remaining: 261s    
step 00244 (12.9%) | loss: 3.530141 | lrm: 1.00 | dt: 166ms | tok/sec: 787,958 | mfu: 22.5% | epoch: 1 | remaining: 261s    
step 00245 (13.0%) | loss: 3.530706 | lrm: 1.00 | dt: 166ms | tok/sec: 787,983 | mfu: 22.5% | epoch: 1 | remaining: 261s    
step 00246 (13.0%) | loss: 3.530840 | lrm: 1.00 | dt: 166ms | tok/sec: 787,732 | mfu: 22.5% | epoch: 1 | remaining: 261s    
step 00247 (13.1%) | loss: 3.522832 | lrm: 1.00 | dt: 166ms | tok/sec: 787,724 | mfu: 22.5% | epoch: 1 | remaining: 261s    
step 00248 (13.1%) | loss: 3.525422 | lrm: 1.00 | dt: 166ms | tok/sec: 787,873 | mfu: 22.5% | epoch: 1 | remaining: 260s    
step 00249 (13.2%) | loss: 3.526996 | lrm: 1.00 | dt: 166ms | tok/sec: 787,681 | mfu: 22.5% | epoch: 1 | remaining: 260s    
step 00250 (13.2%) | loss: 3.524521 | lrm: 1.00 | dt: 166ms | tok/sec: 787,975 | mfu: 22.5% | epoch: 1 | remaining: 260s    
step 00251 (13.3%) | loss: 3.527794 | lrm: 1.00 | dt: 166ms | tok/sec: 787,925 | mfu: 22.5% | epoch: 1 | remaining: 260s    
step 00252 (13.3%) | loss: 3.521731 | lrm: 1.00 | dt: 166ms | tok/sec: 787,948 | mfu: 22.5% | epoch: 1 | remaining: 260s    
step 00253 (13.4%) | loss: 3.522505 | lrm: 1.00 | dt: 166ms | tok/sec: 787,818 | mfu: 22.5% | epoch: 1 | remaining: 260s    
step 00254 (13.5%) | loss: 3.519638 | lrm: 1.00 | dt: 166ms | tok/sec: 787,895 | mfu: 22.5% | epoch: 1 | remaining: 259s    
step 00255 (13.5%) | loss: 3.523788 | lrm: 1.00 | dt: 166ms | tok/sec: 787,817 | mfu: 22.5% | epoch: 1 | remaining: 259s    
step 00256 (13.6%) | loss: 3.519129 | lrm: 1.00 | dt: 166ms | tok/sec: 787,892 | mfu: 22.5% | epoch: 1 | remaining: 259s    
step 00257 (13.6%) | loss: 3.511829 | lrm: 1.00 | dt: 166ms | tok/sec: 787,737 | mfu: 22.5% | epoch: 1 | remaining: 259s    
step 00258 (13.7%) | loss: 3.504066 | lrm: 1.00 | dt: 166ms | tok/sec: 788,019 | mfu: 22.5% | epoch: 1 | remaining: 259s    
step 00259 (13.7%) | loss: 3.510765 | lrm: 1.00 | dt: 166ms | tok/sec: 788,101 | mfu: 22.5% | epoch: 1 | remaining: 259s    
step 00260 (13.8%) | loss: 3.509734 | lrm: 1.00 | dt: 166ms | tok/sec: 787,932 | mfu: 22.5% | epoch: 1 | remaining: 258s    
step 00261 (13.8%) | loss: 3.506172 | lrm: 1.00 | dt: 166ms | tok/sec: 787,769 | mfu: 22.5% | epoch: 1 | remaining: 258s    
step 00262 (13.9%) | loss: 3.503920 | lrm: 1.00 | dt: 166ms | tok/sec: 787,969 | mfu: 22.5% | epoch: 1 | remaining: 258s    
step 00263 (14.0%) | loss: 3.494553 | lrm: 1.00 | dt: 166ms | tok/sec: 787,861 | mfu: 22.5% | epoch: 1 | remaining: 258s    
step 00264 (14.0%) | loss: 3.495423 | lrm: 1.00 | dt: 166ms | tok/sec: 787,967 | mfu: 22.5% | epoch: 1 | remaining: 258s    
step 00265 (14.1%) | loss: 3.497940 | lrm: 1.00 | dt: 166ms | tok/sec: 787,786 | mfu: 22.5% | epoch: 1 | remaining: 258s    
step 00266 (14.1%) | loss: 3.502945 | lrm: 1.00 | dt: 166ms | tok/sec: 787,596 | mfu: 22.5% | epoch: 1 | remaining: 257s    
step 00267 (14.2%) | loss: 3.497566 | lrm: 1.00 | dt: 166ms | tok/sec: 787,893 | mfu: 22.5% | epoch: 1 | remaining: 257s    
step 00268 (14.2%) | loss: 3.504765 | lrm: 1.00 | dt: 166ms | tok/sec: 787,905 | mfu: 22.5% | epoch: 1 | remaining: 257s    
step 00269 (14.3%) | loss: 3.502055 | lrm: 1.00 | dt: 166ms | tok/sec: 787,838 | mfu: 22.5% | epoch: 1 | remaining: 257s    
step 00270 (14.3%) | loss: 3.499955 | lrm: 1.00 | dt: 166ms | tok/sec: 787,751 | mfu: 22.5% | epoch: 1 | remaining: 257s    
step 00271 (14.4%) | loss: 3.501468 | lrm: 1.00 | dt: 166ms | tok/sec: 787,638 | mfu: 22.5% | epoch: 1 | remaining: 257s    
step 00272 (14.5%) | loss: 3.498850 | lrm: 1.00 | dt: 166ms | tok/sec: 787,905 | mfu: 22.5% | epoch: 1 | remaining: 256s    
step 00273 (14.5%) | loss: 3.501149 | lrm: 1.00 | dt: 166ms | tok/sec: 788,075 | mfu: 22.5% | epoch: 1 | remaining: 256s    
step 00274 (14.6%) | loss: 3.503470 | lrm: 1.00 | dt: 166ms | tok/sec: 787,820 | mfu: 22.5% | epoch: 1 | remaining: 256s    
step 00275 (14.6%) | loss: 3.502454 | lrm: 1.00 | dt: 166ms | tok/sec: 787,629 | mfu: 22.5% | epoch: 1 | remaining: 256s    
step 00276 (14.7%) | loss: 3.503657 | lrm: 1.00 | dt: 166ms | tok/sec: 787,928 | mfu: 22.5% | epoch: 1 | remaining: 256s    
step 00277 (14.7%) | loss: 3.502778 | lrm: 1.00 | dt: 166ms | tok/sec: 787,720 | mfu: 22.5% | epoch: 1 | remaining: 256s    
step 00278 (14.8%) | loss: 3.499472 | lrm: 1.00 | dt: 166ms | tok/sec: 787,890 | mfu: 22.5% | epoch: 1 | remaining: 255s    
step 00279 (14.8%) | loss: 3.505087 | lrm: 1.00 | dt: 166ms | tok/sec: 787,887 | mfu: 22.5% | epoch: 1 | remaining: 255s    
step 00280 (14.9%) | loss: 3.501868 | lrm: 1.00 | dt: 166ms | tok/sec: 788,054 | mfu: 22.5% | epoch: 1 | remaining: 255s    
step 00281 (15.0%) | loss: 3.496713 | lrm: 1.00 | dt: 166ms | tok/sec: 787,726 | mfu: 22.5% | epoch: 1 | remaining: 255s    
step 00282 (15.0%) | loss: 3.494334 | lrm: 1.00 | dt: 166ms | tok/sec: 787,966 | mfu: 22.5% | epoch: 1 | remaining: 255s    
step 00283 (15.1%) | loss: 3.491380 | lrm: 1.00 | dt: 166ms | tok/sec: 787,958 | mfu: 22.5% | epoch: 1 | remaining: 255s    
step 00284 (15.1%) | loss: 3.482749 | lrm: 1.00 | dt: 166ms | tok/sec: 787,945 | mfu: 22.5% | epoch: 1 | remaining: 254s    
step 00285 (15.2%) | loss: 3.483255 | lrm: 1.00 | dt: 166ms | tok/sec: 787,888 | mfu: 22.5% | epoch: 1 | remaining: 254s    
step 00286 (15.2%) | loss: 3.494596 | lrm: 1.00 | dt: 166ms | tok/sec: 787,872 | mfu: 22.5% | epoch: 1 | remaining: 254s    
step 00287 (15.3%) | loss: 3.490851 | lrm: 1.00 | dt: 166ms | tok/sec: 788,087 | mfu: 22.5% | epoch: 1 | remaining: 254s    
step 00288 (15.3%) | loss: 3.476841 | lrm: 1.00 | dt: 166ms | tok/sec: 787,926 | mfu: 22.5% | epoch: 1 | remaining: 254s    
step 00289 (15.4%) | loss: 3.473456 | lrm: 1.00 | dt: 166ms | tok/sec: 788,016 | mfu: 22.5% | epoch: 1 | remaining: 254s    
step 00290 (15.4%) | loss: 3.469942 | lrm: 1.00 | dt: 166ms | tok/sec: 787,690 | mfu: 22.5% | epoch: 1 | remaining: 253s    
step 00291 (15.5%) | loss: 3.469459 | lrm: 1.00 | dt: 166ms | tok/sec: 787,931 | mfu: 22.5% | epoch: 1 | remaining: 253s    
step 00292 (15.6%) | loss: 3.475190 | lrm: 1.00 | dt: 166ms | tok/sec: 788,000 | mfu: 22.5% | epoch: 1 | remaining: 253s    
step 00293 (15.6%) | loss: 3.478409 | lrm: 1.00 | dt: 166ms | tok/sec: 787,944 | mfu: 22.5% | epoch: 1 | remaining: 253s    
step 00294 (15.7%) | loss: 3.467663 | lrm: 1.00 | dt: 166ms | tok/sec: 787,965 | mfu: 22.5% | epoch: 1 | remaining: 253s    
step 00295 (15.7%) | loss: 3.464914 | lrm: 1.00 | dt: 166ms | tok/sec: 787,791 | mfu: 22.5% | epoch: 1 | remaining: 253s    
step 00296 (15.8%) | loss: 3.465464 | lrm: 1.00 | dt: 166ms | tok/sec: 787,769 | mfu: 22.5% | epoch: 1 | remaining: 252s    
step 00297 (15.8%) | loss: 3.467846 | lrm: 1.00 | dt: 166ms | tok/sec: 788,057 | mfu: 22.5% | epoch: 1 | remaining: 252s    
step 00298 (15.9%) | loss: 3.462431 | lrm: 1.00 | dt: 166ms | tok/sec: 787,866 | mfu: 22.5% | epoch: 1 | remaining: 252s    
step 00299 (15.9%) | loss: 3.461158 | lrm: 1.00 | dt: 166ms | tok/sec: 787,997 | mfu: 22.5% | epoch: 1 | remaining: 252s    
step 00300 (16.0%) | loss: 3.459220 | lrm: 1.00 | dt: 166ms | tok/sec: 788,064 | mfu: 22.5% | epoch: 1 | remaining: 252s    
step 00301 (16.1%) | loss: 3.459924 | lrm: 1.00 | dt: 166ms | tok/sec: 788,127 | mfu: 22.6% | epoch: 1 | remaining: 252s    
step 00302 (16.1%) | loss: 3.462139 | lrm: 1.00 | dt: 166ms | tok/sec: 787,910 | mfu: 22.5% | epoch: 1 | remaining: 251s    
step 00303 (16.2%) | loss: 3.462335 | lrm: 1.00 | dt: 166ms | tok/sec: 788,018 | mfu: 22.5% | epoch: 1 | remaining: 251s    
step 00304 (16.2%) | loss: 3.463756 | lrm: 1.00 | dt: 166ms | tok/sec: 787,996 | mfu: 22.5% | epoch: 1 | remaining: 251s    
step 00305 (16.3%) | loss: 3.459534 | lrm: 1.00 | dt: 166ms | tok/sec: 788,024 | mfu: 22.5% | epoch: 1 | remaining: 251s    
step 00306 (16.3%) | loss: 3.462536 | lrm: 1.00 | dt: 166ms | tok/sec: 787,957 | mfu: 22.5% | epoch: 1 | remaining: 251s    
step 00307 (16.4%) | loss: 3.459910 | lrm: 1.00 | dt: 166ms | tok/sec: 787,745 | mfu: 22.5% | epoch: 1 | remaining: 251s    
step 00308 (16.4%) | loss: 3.457414 | lrm: 1.00 | dt: 166ms | tok/sec: 787,756 | mfu: 22.5% | epoch: 1 | remaining: 250s    
step 00309 (16.5%) | loss: 3.462443 | lrm: 1.00 | dt: 166ms | tok/sec: 787,665 | mfu: 22.5% | epoch: 1 | remaining: 250s    
step 00310 (16.6%) | loss: 3.466534 | lrm: 1.00 | dt: 166ms | tok/sec: 788,008 | mfu: 22.5% | epoch: 1 | remaining: 250s    
step 00311 (16.6%) | loss: 3.469234 | lrm: 1.00 | dt: 166ms | tok/sec: 787,897 | mfu: 22.5% | epoch: 1 | remaining: 250s    
step 00312 (16.7%) | loss: 3.467648 | lrm: 1.00 | dt: 166ms | tok/sec: 788,009 | mfu: 22.5% | epoch: 1 | remaining: 250s    
step 00313 (16.7%) | loss: 3.474401 | lrm: 1.00 | dt: 166ms | tok/sec: 787,917 | mfu: 22.5% | epoch: 1 | remaining: 250s    
step 00314 (16.8%) | loss: 3.466992 | lrm: 1.00 | dt: 166ms | tok/sec: 787,937 | mfu: 22.5% | epoch: 1 | remaining: 249s    
step 00315 (16.8%) | loss: 3.460508 | lrm: 1.00 | dt: 166ms | tok/sec: 787,895 | mfu: 22.5% | epoch: 1 | remaining: 249s    
step 00316 (16.9%) | loss: 3.454019 | lrm: 1.00 | dt: 166ms | tok/sec: 787,856 | mfu: 22.5% | epoch: 1 | remaining: 249s    
step 00317 (16.9%) | loss: 3.452859 | lrm: 1.00 | dt: 166ms | tok/sec: 787,922 | mfu: 22.5% | epoch: 1 | remaining: 249s    
step 00318 (17.0%) | loss: 3.444910 | lrm: 1.00 | dt: 166ms | tok/sec: 787,893 | mfu: 22.5% | epoch: 1 | remaining: 249s    
step 00319 (17.1%) | loss: 3.448149 | lrm: 1.00 | dt: 166ms | tok/sec: 787,827 | mfu: 22.5% | epoch: 1 | remaining: 249s    
step 00320 (17.1%) | loss: 3.446228 | lrm: 1.00 | dt: 166ms | tok/sec: 788,048 | mfu: 22.5% | epoch: 1 | remaining: 248s    
step 00321 (17.2%) | loss: 3.444737 | lrm: 1.00 | dt: 166ms | tok/sec: 787,709 | mfu: 22.5% | epoch: 1 | remaining: 248s    
step 00322 (17.2%) | loss: 3.440384 | lrm: 1.00 | dt: 166ms | tok/sec: 787,833 | mfu: 22.5% | epoch: 1 | remaining: 248s    
step 00323 (17.3%) | loss: 3.439871 | lrm: 1.00 | dt: 166ms | tok/sec: 787,838 | mfu: 22.5% | epoch: 1 | remaining: 248s    
step 00324 (17.3%) | loss: 3.443731 | lrm: 1.00 | dt: 166ms | tok/sec: 787,721 | mfu: 22.5% | epoch: 1 | remaining: 248s    
step 00325 (17.4%) | loss: 3.438013 | lrm: 1.00 | dt: 166ms | tok/sec: 788,128 | mfu: 22.6% | epoch: 1 | remaining: 248s    
step 00326 (17.4%) | loss: 3.438971 | lrm: 1.00 | dt: 166ms | tok/sec: 788,131 | mfu: 22.6% | epoch: 1 | remaining: 247s    
step 00327 (17.5%) | loss: 3.431122 | lrm: 1.00 | dt: 166ms | tok/sec: 787,966 | mfu: 22.5% | epoch: 1 | remaining: 247s    
step 00328 (17.6%) | loss: 3.431637 | lrm: 1.00 | dt: 166ms | tok/sec: 788,024 | mfu: 22.5% | epoch: 1 | remaining: 247s    
step 00329 (17.6%) | loss: 3.435433 | lrm: 1.00 | dt: 166ms | tok/sec: 787,942 | mfu: 22.5% | epoch: 1 | remaining: 247s    
step 00330 (17.7%) | loss: 3.436638 | lrm: 1.00 | dt: 166ms | tok/sec: 787,658 | mfu: 22.5% | epoch: 1 | remaining: 247s    
step 00331 (17.7%) | loss: 3.430624 | lrm: 1.00 | dt: 166ms | tok/sec: 788,017 | mfu: 22.5% | epoch: 1 | remaining: 247s    
step 00332 (17.8%) | loss: 3.435853 | lrm: 1.00 | dt: 166ms | tok/sec: 787,851 | mfu: 22.5% | epoch: 1 | remaining: 246s    
step 00333 (17.8%) | loss: 3.434244 | lrm: 1.00 | dt: 166ms | tok/sec: 787,764 | mfu: 22.5% | epoch: 1 | remaining: 246s    
step 00334 (17.9%) | loss: 3.434766 | lrm: 1.00 | dt: 166ms | tok/sec: 787,929 | mfu: 22.5% | epoch: 1 | remaining: 246s    
step 00335 (17.9%) | loss: 3.430626 | lrm: 1.00 | dt: 166ms | tok/sec: 787,953 | mfu: 22.5% | epoch: 1 | remaining: 246s    
step 00336 (18.0%) | loss: 3.426386 | lrm: 1.00 | dt: 166ms | tok/sec: 787,957 | mfu: 22.5% | epoch: 1 | remaining: 246s    
step 00337 (18.1%) | loss: 3.425079 | lrm: 1.00 | dt: 166ms | tok/sec: 787,710 | mfu: 22.5% | epoch: 1 | remaining: 246s    
step 00338 (18.1%) | loss: 3.427252 | lrm: 1.00 | dt: 166ms | tok/sec: 787,848 | mfu: 22.5% | epoch: 1 | remaining: 245s    
step 00339 (18.2%) | loss: 3.422497 | lrm: 1.00 | dt: 166ms | tok/sec: 788,007 | mfu: 22.5% | epoch: 1 | remaining: 245s    
step 00340 (18.2%) | loss: 3.417973 | lrm: 1.00 | dt: 166ms | tok/sec: 788,019 | mfu: 22.5% | epoch: 1 | remaining: 245s    
step 00341 (18.3%) | loss: 3.414204 | lrm: 1.00 | dt: 166ms | tok/sec: 787,912 | mfu: 22.5% | epoch: 1 | remaining: 245s    
step 00342 (18.3%) | loss: 3.419993 | lrm: 1.00 | dt: 166ms | tok/sec: 787,754 | mfu: 22.5% | epoch: 1 | remaining: 245s    
step 00343 (18.4%) | loss: 3.424638 | lrm: 1.00 | dt: 166ms | tok/sec: 787,767 | mfu: 22.5% | epoch: 1 | remaining: 245s    
step 00344 (18.4%) | loss: 3.429550 | lrm: 1.00 | dt: 166ms | tok/sec: 788,039 | mfu: 22.5% | epoch: 1 | remaining: 245s    
step 00345 (18.5%) | loss: 3.426407 | lrm: 1.00 | dt: 166ms | tok/sec: 788,110 | mfu: 22.5% | epoch: 1 | remaining: 244s    
step 00346 (18.6%) | loss: 3.419153 | lrm: 1.00 | dt: 166ms | tok/sec: 787,788 | mfu: 22.5% | epoch: 1 | remaining: 244s    
step 00347 (18.6%) | loss: 3.425092 | lrm: 1.00 | dt: 166ms | tok/sec: 787,698 | mfu: 22.5% | epoch: 1 | remaining: 244s    
step 00348 (18.7%) | loss: 3.425891 | lrm: 1.00 | dt: 166ms | tok/sec: 787,805 | mfu: 22.5% | epoch: 1 | remaining: 244s    
step 00349 (18.7%) | loss: 3.420330 | lrm: 1.00 | dt: 166ms | tok/sec: 787,888 | mfu: 22.5% | epoch: 1 | remaining: 244s    
step 00350 (18.8%) | loss: 3.418839 | lrm: 1.00 | dt: 166ms | tok/sec: 787,913 | mfu: 22.5% | epoch: 1 | remaining: 244s    
step 00351 (18.8%) | loss: 3.417691 | lrm: 1.00 | dt: 166ms | tok/sec: 787,955 | mfu: 22.5% | epoch: 1 | remaining: 243s    
step 00352 (18.9%) | loss: 3.420981 | lrm: 1.00 | dt: 166ms | tok/sec: 787,797 | mfu: 22.5% | epoch: 1 | remaining: 243s    
step 00353 (18.9%) | loss: 3.420058 | lrm: 1.00 | dt: 166ms | tok/sec: 787,791 | mfu: 22.5% | epoch: 1 | remaining: 243s    
step 00354 (19.0%) | loss: 3.412318 | lrm: 1.00 | dt: 166ms | tok/sec: 788,136 | mfu: 22.6% | epoch: 1 | remaining: 243s    
step 00355 (19.1%) | loss: 3.408971 | lrm: 1.00 | dt: 166ms | tok/sec: 788,079 | mfu: 22.5% | epoch: 1 | remaining: 243s    
step 00356 (19.1%) | loss: 3.409073 | lrm: 1.00 | dt: 166ms | tok/sec: 787,800 | mfu: 22.5% | epoch: 1 | remaining: 243s    
step 00357 (19.2%) | loss: 3.412513 | lrm: 1.00 | dt: 166ms | tok/sec: 787,891 | mfu: 22.5% | epoch: 1 | remaining: 242s    
step 00358 (19.2%) | loss: 3.404638 | lrm: 1.00 | dt: 166ms | tok/sec: 787,948 | mfu: 22.5% | epoch: 1 | remaining: 242s    
step 00359 (19.3%) | loss: 3.402622 | lrm: 1.00 | dt: 166ms | tok/sec: 788,121 | mfu: 22.6% | epoch: 1 | remaining: 242s    
step 00360 (19.3%) | loss: 3.398718 | lrm: 1.00 | dt: 166ms | tok/sec: 787,755 | mfu: 22.5% | epoch: 1 | remaining: 242s    
step 00361 (19.4%) | loss: 3.396458 | lrm: 1.00 | dt: 166ms | tok/sec: 787,931 | mfu: 22.5% | epoch: 1 | remaining: 242s    
step 00362 (19.4%) | loss: 3.396717 | lrm: 1.00 | dt: 166ms | tok/sec: 787,983 | mfu: 22.5% | epoch: 1 | remaining: 242s    
step 00363 (19.5%) | loss: 3.398057 | lrm: 1.00 | dt: 166ms | tok/sec: 787,847 | mfu: 22.5% | epoch: 1 | remaining: 241s    
step 00364 (19.6%) | loss: 3.404389 | lrm: 1.00 | dt: 166ms | tok/sec: 787,298 | mfu: 22.5% | epoch: 1 | remaining: 241s    
step 00365 (19.6%) | loss: 3.399523 | lrm: 1.00 | dt: 166ms | tok/sec: 787,465 | mfu: 22.5% | epoch: 1 | remaining: 241s    
step 00366 (19.7%) | loss: 3.397284 | lrm: 1.00 | dt: 166ms | tok/sec: 787,803 | mfu: 22.5% | epoch: 1 | remaining: 241s    
step 00367 (19.7%) | loss: 3.394566 | lrm: 1.00 | dt: 166ms | tok/sec: 787,881 | mfu: 22.5% | epoch: 1 | remaining: 241s    
step 00368 (19.8%) | loss: 3.395491 | lrm: 1.00 | dt: 166ms | tok/sec: 787,908 | mfu: 22.5% | epoch: 1 | remaining: 241s    
step 00369 (19.8%) | loss: 3.389604 | lrm: 1.00 | dt: 166ms | tok/sec: 787,921 | mfu: 22.5% | epoch: 1 | remaining: 240s    
step 00370 (19.9%) | loss: 3.382129 | lrm: 1.00 | dt: 166ms | tok/sec: 787,925 | mfu: 22.5% | epoch: 1 | remaining: 240s    
step 00371 (19.9%) | loss: 3.384518 | lrm: 1.00 | dt: 166ms | tok/sec: 788,108 | mfu: 22.5% | epoch: 1 | remaining: 240s    
step 00372 (20.0%) | loss: 3.384531 | lrm: 1.00 | dt: 166ms | tok/sec: 787,853 | mfu: 22.5% | epoch: 1 | remaining: 240s    
step 00373 (20.1%) | loss: 3.389103 | lrm: 1.00 | dt: 166ms | tok/sec: 788,103 | mfu: 22.5% | epoch: 1 | remaining: 240s    
step 00374 (20.1%) | loss: 3.388210 | lrm: 1.00 | dt: 166ms | tok/sec: 787,791 | mfu: 22.5% | epoch: 1 | remaining: 240s    
step 00375 (20.2%) | loss: 3.393621 | lrm: 1.00 | dt: 166ms | tok/sec: 787,890 | mfu: 22.5% | epoch: 1 | remaining: 239s    
step 00376 (20.2%) | loss: 3.393758 | lrm: 1.00 | dt: 166ms | tok/sec: 788,074 | mfu: 22.5% | epoch: 1 | remaining: 239s    
step 00377 (20.3%) | loss: 3.390109 | lrm: 1.00 | dt: 166ms | tok/sec: 787,769 | mfu: 22.5% | epoch: 1 | remaining: 239s    
step 00378 (20.3%) | loss: 3.390701 | lrm: 1.00 | dt: 166ms | tok/sec: 788,128 | mfu: 22.6% | epoch: 1 | remaining: 239s    
step 00379 (20.4%) | loss: 3.389194 | lrm: 1.00 | dt: 166ms | tok/sec: 787,865 | mfu: 22.5% | epoch: 1 | remaining: 239s    
step 00380 (20.4%) | loss: 3.389260 | lrm: 1.00 | dt: 166ms | tok/sec: 788,069 | mfu: 22.5% | epoch: 1 | remaining: 239s    
step 00381 (20.5%) | loss: 3.393247 | lrm: 1.00 | dt: 166ms | tok/sec: 787,913 | mfu: 22.5% | epoch: 1 | remaining: 238s    
step 00382 (20.6%) | loss: 3.394603 | lrm: 1.00 | dt: 166ms | tok/sec: 788,010 | mfu: 22.5% | epoch: 1 | remaining: 238s    
step 00383 (20.6%) | loss: 3.395347 | lrm: 1.00 | dt: 166ms | tok/sec: 787,925 | mfu: 22.5% | epoch: 1 | remaining: 238s    
step 00384 (20.7%) | loss: 3.394316 | lrm: 1.00 | dt: 166ms | tok/sec: 787,817 | mfu: 22.5% | epoch: 1 | remaining: 238s    
step 00385 (20.7%) | loss: 3.398021 | lrm: 1.00 | dt: 166ms | tok/sec: 787,869 | mfu: 22.5% | epoch: 1 | remaining: 238s    
step 00386 (20.8%) | loss: 3.400077 | lrm: 1.00 | dt: 166ms | tok/sec: 788,173 | mfu: 22.6% | epoch: 1 | remaining: 238s    
step 00387 (20.8%) | loss: 3.401931 | lrm: 1.00 | dt: 166ms | tok/sec: 788,044 | mfu: 22.5% | epoch: 1 | remaining: 237s    
step 00388 (20.9%) | loss: 3.393267 | lrm: 1.00 | dt: 166ms | tok/sec: 788,035 | mfu: 22.5% | epoch: 1 | remaining: 237s    
step 00389 (20.9%) | loss: 3.391430 | lrm: 1.00 | dt: 166ms | tok/sec: 787,901 | mfu: 22.5% | epoch: 1 | remaining: 237s    
step 00390 (21.0%) | loss: 3.389386 | lrm: 1.00 | dt: 166ms | tok/sec: 787,945 | mfu: 22.5% | epoch: 1 | remaining: 237s    
step 00391 (21.1%) | loss: 3.382361 | lrm: 1.00 | dt: 166ms | tok/sec: 787,886 | mfu: 22.5% | epoch: 1 | remaining: 237s    
step 00392 (21.1%) | loss: 3.383373 | lrm: 1.00 | dt: 166ms | tok/sec: 787,971 | mfu: 22.5% | epoch: 1 | remaining: 237s    
step 00393 (21.2%) | loss: 3.381171 | lrm: 1.00 | dt: 166ms | tok/sec: 787,726 | mfu: 22.5% | epoch: 1 | remaining: 236s    
step 00394 (21.2%) | loss: 3.382374 | lrm: 1.00 | dt: 166ms | tok/sec: 787,993 | mfu: 22.5% | epoch: 1 | remaining: 236s    
step 00395 (21.3%) | loss: 3.383857 | lrm: 1.00 | dt: 166ms | tok/sec: 787,939 | mfu: 22.5% | epoch: 1 | remaining: 236s    
step 00396 (21.3%) | loss: 3.381924 | lrm: 1.00 | dt: 166ms | tok/sec: 787,993 | mfu: 22.5% | epoch: 1 | remaining: 236s    
step 00397 (21.4%) | loss: 3.377242 | lrm: 1.00 | dt: 166ms | tok/sec: 788,045 | mfu: 22.5% | epoch: 1 | remaining: 236s    
step 00398 (21.4%) | loss: 3.373003 | lrm: 1.00 | dt: 166ms | tok/sec: 787,919 | mfu: 22.5% | epoch: 1 | remaining: 236s    
step 00399 (21.5%) | loss: 3.373647 | lrm: 1.00 | dt: 166ms | tok/sec: 787,657 | mfu: 22.5% | epoch: 1 | remaining: 235s    
step 00400 (21.5%) | loss: 3.376885 | lrm: 1.00 | dt: 166ms | tok/sec: 788,068 | mfu: 22.5% | epoch: 1 | remaining: 235s    
step 00401 (21.6%) | loss: 3.372637 | lrm: 1.00 | dt: 166ms | tok/sec: 788,077 | mfu: 22.5% | epoch: 1 | remaining: 235s    
step 00402 (21.7%) | loss: 3.371378 | lrm: 1.00 | dt: 166ms | tok/sec: 787,967 | mfu: 22.5% | epoch: 1 | remaining: 235s    
step 00403 (21.7%) | loss: 3.373002 | lrm: 1.00 | dt: 166ms | tok/sec: 788,138 | mfu: 22.6% | epoch: 1 | remaining: 235s    
step 00404 (21.8%) | loss: 3.375457 | lrm: 1.00 | dt: 166ms | tok/sec: 787,799 | mfu: 22.5% | epoch: 1 | remaining: 235s    
step 00405 (21.8%) | loss: 3.370430 | lrm: 1.00 | dt: 166ms | tok/sec: 788,084 | mfu: 22.5% | epoch: 1 | remaining: 234s    
step 00406 (21.9%) | loss: 3.360532 | lrm: 1.00 | dt: 166ms | tok/sec: 787,927 | mfu: 22.5% | epoch: 1 | remaining: 234s    
step 00407 (21.9%) | loss: 3.360979 | lrm: 1.00 | dt: 166ms | tok/sec: 787,956 | mfu: 22.5% | epoch: 1 | remaining: 234s    
step 00408 (22.0%) | loss: 3.357481 | lrm: 1.00 | dt: 166ms | tok/sec: 787,918 | mfu: 22.5% | epoch: 1 | remaining: 234s    
step 00409 (22.0%) | loss: 3.354171 | lrm: 1.00 | dt: 166ms | tok/sec: 787,899 | mfu: 22.5% | epoch: 1 | remaining: 234s    
step 00410 (22.1%) | loss: 3.352398 | lrm: 1.00 | dt: 166ms | tok/sec: 788,091 | mfu: 22.5% | epoch: 1 | remaining: 234s    
step 00411 (22.2%) | loss: 3.351025 | lrm: 1.00 | dt: 166ms | tok/sec: 788,000 | mfu: 22.5% | epoch: 1 | remaining: 233s    
step 00412 (22.2%) | loss: 3.347955 | lrm: 1.00 | dt: 166ms | tok/sec: 788,245 | mfu: 22.6% | epoch: 1 | remaining: 233s    
step 00413 (22.3%) | loss: 3.345477 | lrm: 1.00 | dt: 166ms | tok/sec: 788,022 | mfu: 22.5% | epoch: 1 | remaining: 233s    
step 00414 (22.3%) | loss: 3.345833 | lrm: 1.00 | dt: 166ms | tok/sec: 788,213 | mfu: 22.6% | epoch: 1 | remaining: 233s    
step 00415 (22.4%) | loss: 3.347923 | lrm: 1.00 | dt: 166ms | tok/sec: 788,041 | mfu: 22.5% | epoch: 1 | remaining: 233s    
step 00416 (22.4%) | loss: 3.340549 | lrm: 1.00 | dt: 166ms | tok/sec: 787,948 | mfu: 22.5% | epoch: 1 | remaining: 233s    
step 00417 (22.5%) | loss: 3.328862 | lrm: 1.00 | dt: 166ms | tok/sec: 788,088 | mfu: 22.5% | epoch: 1 | remaining: 232s    
step 00418 (22.5%) | loss: 3.322358 | lrm: 1.00 | dt: 166ms | tok/sec: 787,936 | mfu: 22.5% | epoch: 1 | remaining: 232s    
step 00419 (22.6%) | loss: 3.317741 | lrm: 1.00 | dt: 166ms | tok/sec: 788,218 | mfu: 22.6% | epoch: 1 | remaining: 232s    
step 00420 (22.7%) | loss: 3.317479 | lrm: 1.00 | dt: 166ms | tok/sec: 788,208 | mfu: 22.6% | epoch: 1 | remaining: 232s    
step 00421 (22.7%) | loss: 3.316242 | lrm: 1.00 | dt: 166ms | tok/sec: 788,166 | mfu: 22.6% | epoch: 1 | remaining: 232s    
step 00422 (22.8%) | loss: 3.314429 | lrm: 1.00 | dt: 166ms | tok/sec: 787,789 | mfu: 22.5% | epoch: 1 | remaining: 232s    
step 00423 (22.8%) | loss: 3.324538 | lrm: 1.00 | dt: 166ms | tok/sec: 788,186 | mfu: 22.6% | epoch: 1 | remaining: 231s    
step 00424 (22.9%) | loss: 3.321281 | lrm: 1.00 | dt: 166ms | tok/sec: 788,120 | mfu: 22.6% | epoch: 1 | remaining: 231s    
step 00425 (22.9%) | loss: 3.323037 | lrm: 1.00 | dt: 166ms | tok/sec: 787,823 | mfu: 22.5% | epoch: 1 | remaining: 231s    
step 00426 (23.0%) | loss: 3.326007 | lrm: 1.00 | dt: 166ms | tok/sec: 788,113 | mfu: 22.6% | epoch: 1 | remaining: 231s    
step 00427 (23.0%) | loss: 3.330055 | lrm: 1.00 | dt: 166ms | tok/sec: 788,092 | mfu: 22.5% | epoch: 1 | remaining: 231s    
step 00428 (23.1%) | loss: 3.331702 | lrm: 1.00 | dt: 166ms | tok/sec: 788,173 | mfu: 22.6% | epoch: 1 | remaining: 231s    
step 00429 (23.2%) | loss: 3.328284 | lrm: 1.00 | dt: 166ms | tok/sec: 787,856 | mfu: 22.5% | epoch: 1 | remaining: 230s    
step 00430 (23.2%) | loss: 3.326403 | lrm: 1.00 | dt: 166ms | tok/sec: 787,951 | mfu: 22.5% | epoch: 1 | remaining: 230s    
step 00431 (23.3%) | loss: 3.324050 | lrm: 1.00 | dt: 166ms | tok/sec: 787,872 | mfu: 22.5% | epoch: 1 | remaining: 230s    
step 00432 (23.3%) | loss: 3.329553 | lrm: 1.00 | dt: 166ms | tok/sec: 787,943 | mfu: 22.5% | epoch: 1 | remaining: 230s    
step 00433 (23.4%) | loss: 3.328240 | lrm: 1.00 | dt: 166ms | tok/sec: 787,978 | mfu: 22.5% | epoch: 1 | remaining: 230s    
step 00434 (23.4%) | loss: 3.334035 | lrm: 1.00 | dt: 166ms | tok/sec: 788,207 | mfu: 22.6% | epoch: 1 | remaining: 230s    
step 00435 (23.5%) | loss: 3.332075 | lrm: 1.00 | dt: 166ms | tok/sec: 788,092 | mfu: 22.5% | epoch: 1 | remaining: 229s    
step 00436 (23.5%) | loss: 3.337614 | lrm: 1.00 | dt: 166ms | tok/sec: 788,080 | mfu: 22.5% | epoch: 1 | remaining: 229s    
step 00437 (23.6%) | loss: 3.333478 | lrm: 1.00 | dt: 166ms | tok/sec: 788,223 | mfu: 22.6% | epoch: 1 | remaining: 229s    
step 00438 (23.7%) | loss: 3.328772 | lrm: 1.00 | dt: 166ms | tok/sec: 787,862 | mfu: 22.5% | epoch: 1 | remaining: 229s    
step 00439 (23.7%) | loss: 3.324184 | lrm: 1.00 | dt: 166ms | tok/sec: 788,148 | mfu: 22.6% | epoch: 1 | remaining: 229s    
step 00440 (23.8%) | loss: 3.327353 | lrm: 1.00 | dt: 166ms | tok/sec: 788,080 | mfu: 22.5% | epoch: 1 | remaining: 229s    
step 00441 (23.8%) | loss: 3.326294 | lrm: 1.00 | dt: 166ms | tok/sec: 788,162 | mfu: 22.6% | epoch: 1 | remaining: 228s    
step 00442 (23.9%) | loss: 3.327271 | lrm: 1.00 | dt: 166ms | tok/sec: 787,947 | mfu: 22.5% | epoch: 1 | remaining: 228s    
step 00443 (23.9%) | loss: 3.328936 | lrm: 1.00 | dt: 166ms | tok/sec: 787,952 | mfu: 22.5% | epoch: 1 | remaining: 228s    
step 00444 (24.0%) | loss: 3.326621 | lrm: 1.00 | dt: 166ms | tok/sec: 787,794 | mfu: 22.5% | epoch: 1 | remaining: 228s    
step 00445 (24.0%) | loss: 3.324691 | lrm: 1.00 | dt: 166ms | tok/sec: 788,030 | mfu: 22.5% | epoch: 1 | remaining: 228s    
step 00446 (24.1%) | loss: 3.327611 | lrm: 1.00 | dt: 166ms | tok/sec: 787,949 | mfu: 22.5% | epoch: 1 | remaining: 228s    
step 00447 (24.2%) | loss: 3.329569 | lrm: 1.00 | dt: 166ms | tok/sec: 788,100 | mfu: 22.5% | epoch: 1 | remaining: 227s    
step 00448 (24.2%) | loss: 3.335785 | lrm: 1.00 | dt: 166ms | tok/sec: 787,960 | mfu: 22.5% | epoch: 1 | remaining: 227s    
step 00449 (24.3%) | loss: 3.338227 | lrm: 1.00 | dt: 166ms | tok/sec: 787,944 | mfu: 22.5% | epoch: 1 | remaining: 227s    
step 00450 (24.3%) | loss: 3.335872 | lrm: 1.00 | dt: 166ms | tok/sec: 787,879 | mfu: 22.5% | epoch: 1 | remaining: 227s    
step 00451 (24.4%) | loss: 3.339803 | lrm: 1.00 | dt: 166ms | tok/sec: 787,956 | mfu: 22.5% | epoch: 1 | remaining: 227s    
step 00452 (24.4%) | loss: 3.334075 | lrm: 1.00 | dt: 166ms | tok/sec: 787,975 | mfu: 22.5% | epoch: 1 | remaining: 227s    
step 00453 (24.5%) | loss: 3.340345 | lrm: 1.00 | dt: 166ms | tok/sec: 788,035 | mfu: 22.5% | epoch: 1 | remaining: 226s    
step 00454 (24.5%) | loss: 3.332149 | lrm: 1.00 | dt: 166ms | tok/sec: 787,765 | mfu: 22.5% | epoch: 1 | remaining: 226s    
step 00455 (24.6%) | loss: 3.333306 | lrm: 1.00 | dt: 166ms | tok/sec: 787,892 | mfu: 22.5% | epoch: 1 | remaining: 226s    
step 00456 (24.7%) | loss: 3.340642 | lrm: 1.00 | dt: 166ms | tok/sec: 788,023 | mfu: 22.5% | epoch: 1 | remaining: 226s    
step 00457 (24.7%) | loss: 3.339889 | lrm: 1.00 | dt: 166ms | tok/sec: 787,888 | mfu: 22.5% | epoch: 1 | remaining: 226s    
step 00458 (24.8%) | loss: 3.334056 | lrm: 1.00 | dt: 166ms | tok/sec: 788,121 | mfu: 22.6% | epoch: 1 | remaining: 226s    
step 00459 (24.8%) | loss: 3.329778 | lrm: 1.00 | dt: 166ms | tok/sec: 787,975 | mfu: 22.5% | epoch: 1 | remaining: 225s    
step 00460 (24.9%) | loss: 3.335666 | lrm: 1.00 | dt: 166ms | tok/sec: 787,664 | mfu: 22.5% | epoch: 1 | remaining: 225s    
step 00461 (24.9%) | loss: 3.340996 | lrm: 1.00 | dt: 166ms | tok/sec: 787,844 | mfu: 22.5% | epoch: 1 | remaining: 225s    
step 00462 (25.0%) | loss: 3.340291 | lrm: 1.00 | dt: 166ms | tok/sec: 787,907 | mfu: 22.5% | epoch: 1 | remaining: 225s    
step 00463 (25.0%) | loss: 3.342413 | lrm: 1.00 | dt: 166ms | tok/sec: 787,789 | mfu: 22.5% | epoch: 1 | remaining: 225s    
step 00464 (25.1%) | loss: 3.345116 | lrm: 1.00 | dt: 166ms | tok/sec: 787,901 | mfu: 22.5% | epoch: 1 | remaining: 225s    
step 00465 (25.2%) | loss: 3.341136 | lrm: 1.00 | dt: 166ms | tok/sec: 787,962 | mfu: 22.5% | epoch: 1 | remaining: 224s    
step 00466 (25.2%) | loss: 3.344060 | lrm: 1.00 | dt: 166ms | tok/sec: 787,945 | mfu: 22.5% | epoch: 1 | remaining: 224s    
step 00467 (25.3%) | loss: 3.336041 | lrm: 1.00 | dt: 166ms | tok/sec: 787,997 | mfu: 22.5% | epoch: 1 | remaining: 224s    
step 00468 (25.3%) | loss: 3.329083 | lrm: 1.00 | dt: 166ms | tok/sec: 788,044 | mfu: 22.5% | epoch: 1 | remaining: 224s    
step 00469 (25.4%) | loss: 3.328068 | lrm: 1.00 | dt: 166ms | tok/sec: 788,019 | mfu: 22.5% | epoch: 1 | remaining: 224s    
step 00470 (25.4%) | loss: 3.328881 | lrm: 1.00 | dt: 166ms | tok/sec: 787,957 | mfu: 22.5% | epoch: 1 | remaining: 224s    
step 00471 (25.5%) | loss: 3.333848 | lrm: 1.00 | dt: 166ms | tok/sec: 788,110 | mfu: 22.5% | epoch: 1 | remaining: 223s    
step 00472 (25.5%) | loss: 3.340869 | lrm: 1.00 | dt: 166ms | tok/sec: 788,047 | mfu: 22.5% | epoch: 1 | remaining: 223s    
step 00473 (25.6%) | loss: 3.339320 | lrm: 1.00 | dt: 166ms | tok/sec: 787,979 | mfu: 22.5% | epoch: 1 | remaining: 223s    
step 00474 (25.7%) | loss: 3.341173 | lrm: 1.00 | dt: 166ms | tok/sec: 788,120 | mfu: 22.6% | epoch: 1 | remaining: 223s    
step 00475 (25.7%) | loss: 3.338935 | lrm: 1.00 | dt: 166ms | tok/sec: 787,951 | mfu: 22.5% | epoch: 1 | remaining: 223s    
step 00476 (25.8%) | loss: 3.332325 | lrm: 1.00 | dt: 166ms | tok/sec: 788,050 | mfu: 22.5% | epoch: 1 | remaining: 223s    
step 00477 (25.8%) | loss: 3.330609 | lrm: 1.00 | dt: 166ms | tok/sec: 788,070 | mfu: 22.5% | epoch: 1 | remaining: 222s    
step 00478 (25.9%) | loss: 3.325092 | lrm: 1.00 | dt: 166ms | tok/sec: 787,921 | mfu: 22.5% | epoch: 1 | remaining: 222s    
step 00479 (25.9%) | loss: 3.325841 | lrm: 1.00 | dt: 166ms | tok/sec: 787,852 | mfu: 22.5% | epoch: 1 | remaining: 222s    
step 00480 (26.0%) | loss: 3.323635 | lrm: 1.00 | dt: 166ms | tok/sec: 788,155 | mfu: 22.6% | epoch: 1 | remaining: 222s    
step 00481 (26.0%) | loss: 3.326547 | lrm: 1.00 | dt: 166ms | tok/sec: 788,033 | mfu: 22.5% | epoch: 1 | remaining: 222s    
step 00482 (26.1%) | loss: 3.325831 | lrm: 1.00 | dt: 166ms | tok/sec: 787,551 | mfu: 22.5% | epoch: 1 | remaining: 222s    
step 00483 (26.2%) | loss: 3.326940 | lrm: 1.00 | dt: 166ms | tok/sec: 787,877 | mfu: 22.5% | epoch: 1 | remaining: 221s    
step 00484 (26.2%) | loss: 3.328119 | lrm: 1.00 | dt: 166ms | tok/sec: 787,878 | mfu: 22.5% | epoch: 1 | remaining: 221s    
step 00485 (26.3%) | loss: 3.329882 | lrm: 1.00 | dt: 166ms | tok/sec: 787,945 | mfu: 22.5% | epoch: 1 | remaining: 221s    
step 00486 (26.3%) | loss: 3.324236 | lrm: 1.00 | dt: 166ms | tok/sec: 787,829 | mfu: 22.5% | epoch: 1 | remaining: 221s    
step 00487 (26.4%) | loss: 3.320730 | lrm: 1.00 | dt: 166ms | tok/sec: 787,707 | mfu: 22.5% | epoch: 1 | remaining: 221s    
step 00488 (26.4%) | loss: 3.316227 | lrm: 1.00 | dt: 166ms | tok/sec: 787,922 | mfu: 22.5% | epoch: 1 | remaining: 221s    
step 00489 (26.5%) | loss: 3.302199 | lrm: 1.00 | dt: 166ms | tok/sec: 787,922 | mfu: 22.5% | epoch: 1 | remaining: 220s    
step 00490 (26.5%) | loss: 3.293339 | lrm: 1.00 | dt: 166ms | tok/sec: 787,862 | mfu: 22.5% | epoch: 1 | remaining: 220s    
step 00491 (26.6%) | loss: 3.291638 | lrm: 1.00 | dt: 166ms | tok/sec: 787,622 | mfu: 22.5% | epoch: 1 | remaining: 220s    
step 00492 (26.7%) | loss: 3.289991 | lrm: 1.00 | dt: 166ms | tok/sec: 788,111 | mfu: 22.5% | epoch: 1 | remaining: 220s    
step 00493 (26.7%) | loss: 3.290872 | lrm: 1.00 | dt: 166ms | tok/sec: 788,015 | mfu: 22.5% | epoch: 1 | remaining: 220s    
step 00494 (26.8%) | loss: 3.288445 | lrm: 1.00 | dt: 166ms | tok/sec: 788,039 | mfu: 22.5% | epoch: 1 | remaining: 220s    
step 00495 (26.8%) | loss: 3.293001 | lrm: 1.00 | dt: 166ms | tok/sec: 788,027 | mfu: 22.5% | epoch: 1 | remaining: 219s    
step 00496 (26.9%) | loss: 3.291696 | lrm: 1.00 | dt: 166ms | tok/sec: 788,018 | mfu: 22.5% | epoch: 1 | remaining: 219s    
step 00497 (26.9%) | loss: 3.294635 | lrm: 1.00 | dt: 166ms | tok/sec: 788,007 | mfu: 22.5% | epoch: 1 | remaining: 219s    
step 00498 (27.0%) | loss: 3.299463 | lrm: 1.00 | dt: 166ms | tok/sec: 787,868 | mfu: 22.5% | epoch: 1 | remaining: 219s    
step 00499 (27.0%) | loss: 3.302613 | lrm: 1.00 | dt: 166ms | tok/sec: 788,115 | mfu: 22.6% | epoch: 1 | remaining: 219s    
step 00500 (27.1%) | loss: 3.304948 | lrm: 1.00 | dt: 166ms | tok/sec: 787,921 | mfu: 22.5% | epoch: 1 | remaining: 219s    
step 00501 (27.1%) | loss: 3.304001 | lrm: 1.00 | dt: 166ms | tok/sec: 787,623 | mfu: 22.5% | epoch: 1 | remaining: 218s    
step 00502 (27.2%) | loss: 3.304463 | lrm: 1.00 | dt: 166ms | tok/sec: 787,794 | mfu: 22.5% | epoch: 1 | remaining: 218s    
step 00503 (27.3%) | loss: 3.306091 | lrm: 1.00 | dt: 166ms | tok/sec: 787,653 | mfu: 22.5% | epoch: 1 | remaining: 218s    
step 00504 (27.3%) | loss: 3.300236 | lrm: 1.00 | dt: 166ms | tok/sec: 787,265 | mfu: 22.5% | epoch: 1 | remaining: 218s    
step 00505 (27.4%) | loss: 3.297701 | lrm: 1.00 | dt: 166ms | tok/sec: 787,314 | mfu: 22.5% | epoch: 1 | remaining: 218s    
step 00506 (27.4%) | loss: 3.295838 | lrm: 1.00 | dt: 166ms | tok/sec: 787,706 | mfu: 22.5% | epoch: 1 | remaining: 218s    
step 00507 (27.5%) | loss: 3.296589 | lrm: 1.00 | dt: 166ms | tok/sec: 787,895 | mfu: 22.5% | epoch: 1 | remaining: 217s    
step 00508 (27.5%) | loss: 3.294537 | lrm: 1.00 | dt: 166ms | tok/sec: 787,716 | mfu: 22.5% | epoch: 1 | remaining: 217s    
step 00509 (27.6%) | loss: 3.290945 | lrm: 1.00 | dt: 166ms | tok/sec: 787,667 | mfu: 22.5% | epoch: 1 | remaining: 217s    
step 00510 (27.6%) | loss: 3.296473 | lrm: 1.00 | dt: 166ms | tok/sec: 787,638 | mfu: 22.5% | epoch: 1 | remaining: 217s    
step 00511 (27.7%) | loss: 3.297989 | lrm: 1.00 | dt: 166ms | tok/sec: 787,803 | mfu: 22.5% | epoch: 1 | remaining: 217s    
step 00512 (27.8%) | loss: 3.293620 | lrm: 1.00 | dt: 166ms | tok/sec: 788,010 | mfu: 22.5% | epoch: 1 | remaining: 217s    
step 00513 (27.8%) | loss: 3.288483 | lrm: 1.00 | dt: 166ms | tok/sec: 787,942 | mfu: 22.5% | epoch: 1 | remaining: 216s    
step 00514 (27.9%) | loss: 3.289345 | lrm: 1.00 | dt: 166ms | tok/sec: 787,817 | mfu: 22.5% | epoch: 1 | remaining: 216s    
step 00515 (27.9%) | loss: 3.286963 | lrm: 1.00 | dt: 166ms | tok/sec: 787,721 | mfu: 22.5% | epoch: 1 | remaining: 216s    
step 00516 (28.0%) | loss: 3.289081 | lrm: 1.00 | dt: 166ms | tok/sec: 787,698 | mfu: 22.5% | epoch: 1 | remaining: 216s    
step 00517 (28.0%) | loss: 3.292216 | lrm: 1.00 | dt: 166ms | tok/sec: 787,925 | mfu: 22.5% | epoch: 1 | remaining: 216s    
step 00518 (28.1%) | loss: 3.287691 | lrm: 1.00 | dt: 166ms | tok/sec: 787,789 | mfu: 22.5% | epoch: 1 | remaining: 216s    
step 00519 (28.1%) | loss: 3.287800 | lrm: 1.00 | dt: 166ms | tok/sec: 787,838 | mfu: 22.5% | epoch: 1 | remaining: 215s    
step 00520 (28.2%) | loss: 3.282920 | lrm: 1.00 | dt: 166ms | tok/sec: 787,984 | mfu: 22.5% | epoch: 1 | remaining: 215s    
step 00521 (28.3%) | loss: 3.283905 | lrm: 1.00 | dt: 166ms | tok/sec: 788,010 | mfu: 22.5% | epoch: 1 | remaining: 215s    
step 00522 (28.3%) | loss: 3.285810 | lrm: 1.00 | dt: 166ms | tok/sec: 788,024 | mfu: 22.5% | epoch: 1 | remaining: 215s    
step 00523 (28.4%) | loss: 3.283588 | lrm: 1.00 | dt: 166ms | tok/sec: 787,945 | mfu: 22.5% | epoch: 1 | remaining: 215s    
step 00524 (28.4%) | loss: 3.287660 | lrm: 1.00 | dt: 166ms | tok/sec: 787,956 | mfu: 22.5% | epoch: 1 | remaining: 215s    
step 00525 (28.5%) | loss: 3.286403 | lrm: 1.00 | dt: 166ms | tok/sec: 787,830 | mfu: 22.5% | epoch: 1 | remaining: 214s    
step 00526 (28.5%) | loss: 3.284872 | lrm: 1.00 | dt: 166ms | tok/sec: 788,141 | mfu: 22.6% | epoch: 1 | remaining: 214s    
step 00527 (28.6%) | loss: 3.285225 | lrm: 1.00 | dt: 166ms | tok/sec: 788,170 | mfu: 22.6% | epoch: 1 | remaining: 214s    
step 00528 (28.6%) | loss: 3.281078 | lrm: 1.00 | dt: 166ms | tok/sec: 788,058 | mfu: 22.5% | epoch: 1 | remaining: 214s    
step 00529 (28.7%) | loss: 3.283776 | lrm: 1.00 | dt: 166ms | tok/sec: 787,763 | mfu: 22.5% | epoch: 1 | remaining: 214s    
step 00530 (28.8%) | loss: 3.283776 | lrm: 1.00 | dt: 166ms | tok/sec: 787,874 | mfu: 22.5% | epoch: 1 | remaining: 214s    
step 00531 (28.8%) | loss: 3.283105 | lrm: 1.00 | dt: 166ms | tok/sec: 787,893 | mfu: 22.5% | epoch: 1 | remaining: 213s    
step 00532 (28.9%) | loss: 3.283867 | lrm: 1.00 | dt: 166ms | tok/sec: 788,024 | mfu: 22.5% | epoch: 1 | remaining: 213s    
step 00533 (28.9%) | loss: 3.279195 | lrm: 1.00 | dt: 166ms | tok/sec: 787,664 | mfu: 22.5% | epoch: 1 | remaining: 213s    
step 00534 (29.0%) | loss: 3.285736 | lrm: 1.00 | dt: 166ms | tok/sec: 787,702 | mfu: 22.5% | epoch: 1 | remaining: 213s    
step 00535 (29.0%) | loss: 3.275933 | lrm: 1.00 | dt: 166ms | tok/sec: 787,981 | mfu: 22.5% | epoch: 1 | remaining: 213s    
step 00536 (29.1%) | loss: 3.277344 | lrm: 1.00 | dt: 166ms | tok/sec: 787,777 | mfu: 22.5% | epoch: 1 | remaining: 213s    
step 00537 (29.1%) | loss: 3.283020 | lrm: 1.00 | dt: 166ms | tok/sec: 787,944 | mfu: 22.5% | epoch: 1 | remaining: 212s    
step 00538 (29.2%) | loss: 3.283626 | lrm: 1.00 | dt: 166ms | tok/sec: 787,862 | mfu: 22.5% | epoch: 1 | remaining: 212s    
step 00539 (29.3%) | loss: 3.279690 | lrm: 1.00 | dt: 166ms | tok/sec: 788,145 | mfu: 22.6% | epoch: 1 | remaining: 212s    
step 00540 (29.3%) | loss: 3.272419 | lrm: 1.00 | dt: 166ms | tok/sec: 787,892 | mfu: 22.5% | epoch: 1 | remaining: 212s    
step 00541 (29.4%) | loss: 3.269561 | lrm: 1.00 | dt: 166ms | tok/sec: 788,158 | mfu: 22.6% | epoch: 1 | remaining: 212s    
step 00542 (29.4%) | loss: 3.273273 | lrm: 1.00 | dt: 166ms | tok/sec: 787,865 | mfu: 22.5% | epoch: 1 | remaining: 212s    
step 00543 (29.5%) | loss: 3.274967 | lrm: 1.00 | dt: 166ms | tok/sec: 788,009 | mfu: 22.5% | epoch: 1 | remaining: 211s    
step 00544 (29.5%) | loss: 3.265789 | lrm: 1.00 | dt: 166ms | tok/sec: 788,053 | mfu: 22.5% | epoch: 1 | remaining: 211s    
step 00545 (29.6%) | loss: 3.270888 | lrm: 1.00 | dt: 166ms | tok/sec: 788,048 | mfu: 22.5% | epoch: 1 | remaining: 211s    
step 00546 (29.6%) | loss: 3.273238 | lrm: 1.00 | dt: 166ms | tok/sec: 788,190 | mfu: 22.6% | epoch: 1 | remaining: 211s    
step 00547 (29.7%) | loss: 3.265310 | lrm: 1.00 | dt: 166ms | tok/sec: 787,966 | mfu: 22.5% | epoch: 1 | remaining: 211s    
step 00548 (29.8%) | loss: 3.266682 | lrm: 1.00 | dt: 166ms | tok/sec: 787,733 | mfu: 22.5% | epoch: 1 | remaining: 211s    
step 00549 (29.8%) | loss: 3.257492 | lrm: 1.00 | dt: 166ms | tok/sec: 787,982 | mfu: 22.5% | epoch: 1 | remaining: 210s    
step 00550 (29.9%) | loss: 3.255370 | lrm: 1.00 | dt: 166ms | tok/sec: 787,936 | mfu: 22.5% | epoch: 1 | remaining: 210s    
step 00551 (29.9%) | loss: 3.262403 | lrm: 1.00 | dt: 166ms | tok/sec: 787,938 | mfu: 22.5% | epoch: 1 | remaining: 210s    
step 00552 (30.0%) | loss: 3.258721 | lrm: 1.00 | dt: 166ms | tok/sec: 788,019 | mfu: 22.5% | epoch: 1 | remaining: 210s    
step 00553 (30.0%) | loss: 3.262181 | lrm: 1.00 | dt: 166ms | tok/sec: 788,040 | mfu: 22.5% | epoch: 1 | remaining: 210s    
step 00554 (30.1%) | loss: 3.254320 | lrm: 1.00 | dt: 166ms | tok/sec: 788,083 | mfu: 22.5% | epoch: 1 | remaining: 210s    
step 00555 (30.1%) | loss: 3.254800 | lrm: 1.00 | dt: 166ms | tok/sec: 787,953 | mfu: 22.5% | epoch: 1 | remaining: 209s    
step 00556 (30.2%) | loss: 3.259998 | lrm: 1.00 | dt: 166ms | tok/sec: 787,803 | mfu: 22.5% | epoch: 1 | remaining: 209s    
step 00557 (30.3%) | loss: 3.265889 | lrm: 1.00 | dt: 166ms | tok/sec: 787,922 | mfu: 22.5% | epoch: 1 | remaining: 209s    
step 00558 (30.3%) | loss: 3.257545 | lrm: 1.00 | dt: 166ms | tok/sec: 787,788 | mfu: 22.5% | epoch: 1 | remaining: 209s    
step 00559 (30.4%) | loss: 3.256681 | lrm: 0.99 | dt: 166ms | tok/sec: 788,073 | mfu: 22.5% | epoch: 1 | remaining: 209s    
step 00560 (30.4%) | loss: 3.248945 | lrm: 0.99 | dt: 166ms | tok/sec: 787,813 | mfu: 22.5% | epoch: 1 | remaining: 209s    
step 00561 (30.5%) | loss: 3.246702 | lrm: 0.99 | dt: 166ms | tok/sec: 787,743 | mfu: 22.5% | epoch: 1 | remaining: 208s    
step 00562 (30.5%) | loss: 3.244767 | lrm: 0.99 | dt: 166ms | tok/sec: 787,737 | mfu: 22.5% | epoch: 1 | remaining: 208s    
step 00563 (30.6%) | loss: 3.246642 | lrm: 0.99 | dt: 166ms | tok/sec: 787,832 | mfu: 22.5% | epoch: 1 | remaining: 208s    
step 00564 (30.6%) | loss: 3.243589 | lrm: 0.99 | dt: 166ms | tok/sec: 787,892 | mfu: 22.5% | epoch: 1 | remaining: 208s    
step 00565 (30.7%) | loss: 3.240917 | lrm: 0.99 | dt: 166ms | tok/sec: 787,913 | mfu: 22.5% | epoch: 1 | remaining: 208s    
step 00566 (30.8%) | loss: 3.243806 | lrm: 0.99 | dt: 166ms | tok/sec: 787,917 | mfu: 22.5% | epoch: 1 | remaining: 208s    
step 00567 (30.8%) | loss: 3.241169 | lrm: 0.99 | dt: 166ms | tok/sec: 787,920 | mfu: 22.5% | epoch: 1 | remaining: 207s    
step 00568 (30.9%) | loss: 3.243257 | lrm: 0.99 | dt: 166ms | tok/sec: 788,180 | mfu: 22.6% | epoch: 1 | remaining: 207s    
step 00569 (30.9%) | loss: 3.242889 | lrm: 0.99 | dt: 166ms | tok/sec: 788,005 | mfu: 22.5% | epoch: 1 | remaining: 207s    
step 00570 (31.0%) | loss: 3.242760 | lrm: 0.99 | dt: 166ms | tok/sec: 787,718 | mfu: 22.5% | epoch: 1 | remaining: 207s    
step 00571 (31.0%) | loss: 3.247477 | lrm: 0.99 | dt: 166ms | tok/sec: 787,881 | mfu: 22.5% | epoch: 1 | remaining: 207s    
step 00572 (31.1%) | loss: 3.248094 | lrm: 0.98 | dt: 166ms | tok/sec: 788,301 | mfu: 22.6% | epoch: 1 | remaining: 207s    
step 00573 (31.1%) | loss: 3.248284 | lrm: 0.98 | dt: 166ms | tok/sec: 787,811 | mfu: 22.5% | epoch: 1 | remaining: 206s    
step 00574 (31.2%) | loss: 3.250059 | lrm: 0.98 | dt: 166ms | tok/sec: 787,862 | mfu: 22.5% | epoch: 1 | remaining: 206s    
step 00575 (31.3%) | loss: 3.251396 | lrm: 0.98 | dt: 166ms | tok/sec: 787,979 | mfu: 22.5% | epoch: 1 | remaining: 206s    
step 00576 (31.3%) | loss: 3.253327 | lrm: 0.98 | dt: 166ms | tok/sec: 787,940 | mfu: 22.5% | epoch: 1 | remaining: 206s    
step 00577 (31.4%) | loss: 3.245746 | lrm: 0.98 | dt: 166ms | tok/sec: 787,773 | mfu: 22.5% | epoch: 1 | remaining: 206s    
step 00578 (31.4%) | loss: 3.247346 | lrm: 0.98 | dt: 166ms | tok/sec: 787,694 | mfu: 22.5% | epoch: 1 | remaining: 206s    
step 00579 (31.5%) | loss: 3.242903 | lrm: 0.98 | dt: 166ms | tok/sec: 787,865 | mfu: 22.5% | epoch: 1 | remaining: 205s    
step 00580 (31.5%) | loss: 3.255690 | lrm: 0.98 | dt: 167ms | tok/sec: 787,214 | mfu: 22.5% | epoch: 1 | remaining: 205s    
step 00581 (31.6%) | loss: 3.255836 | lrm: 0.98 | dt: 166ms | tok/sec: 787,688 | mfu: 22.5% | epoch: 1 | remaining: 205s    
step 00582 (31.6%) | loss: 3.254105 | lrm: 0.98 | dt: 166ms | tok/sec: 787,943 | mfu: 22.5% | epoch: 1 | remaining: 205s    
step 00583 (31.7%) | loss: 3.255698 | lrm: 0.98 | dt: 166ms | tok/sec: 787,881 | mfu: 22.5% | epoch: 1 | remaining: 205s    
step 00584 (31.8%) | loss: 3.253975 | lrm: 0.97 | dt: 166ms | tok/sec: 787,844 | mfu: 22.5% | epoch: 1 | remaining: 205s    
step 00585 (31.8%) | loss: 3.252097 | lrm: 0.97 | dt: 166ms | tok/sec: 787,821 | mfu: 22.5% | epoch: 1 | remaining: 204s    
step 00586 (31.9%) | loss: 3.254644 | lrm: 0.97 | dt: 166ms | tok/sec: 787,953 | mfu: 22.5% | epoch: 1 | remaining: 204s    
step 00587 (31.9%) | loss: 3.254638 | lrm: 0.97 | dt: 166ms | tok/sec: 788,184 | mfu: 22.6% | epoch: 1 | remaining: 204s    
step 00588 (32.0%) | loss: 3.256454 | lrm: 0.97 | dt: 166ms | tok/sec: 787,708 | mfu: 22.5% | epoch: 1 | remaining: 204s    
step 00589 (32.0%) | loss: 3.251559 | lrm: 0.97 | dt: 166ms | tok/sec: 788,144 | mfu: 22.6% | epoch: 1 | remaining: 204s    
step 00590 (32.1%) | loss: 3.252598 | lrm: 0.97 | dt: 166ms | tok/sec: 787,992 | mfu: 22.5% | epoch: 1 | remaining: 204s    
step 00591 (32.1%) | loss: 3.257664 | lrm: 0.97 | dt: 166ms | tok/sec: 788,110 | mfu: 22.5% | epoch: 1 | remaining: 203s    
step 00592 (32.2%) | loss: 3.257129 | lrm: 0.97 | dt: 166ms | tok/sec: 788,092 | mfu: 22.5% | epoch: 1 | remaining: 203s    
step 00593 (32.3%) | loss: 3.260718 | lrm: 0.97 | dt: 166ms | tok/sec: 787,947 | mfu: 22.5% | epoch: 1 | remaining: 203s    
step 00594 (32.3%) | loss: 3.261637 | lrm: 0.97 | dt: 166ms | tok/sec: 787,984 | mfu: 22.5% | epoch: 1 | remaining: 203s    
step 00595 (32.4%) | loss: 3.266488 | lrm: 0.97 | dt: 166ms | tok/sec: 788,061 | mfu: 22.5% | epoch: 1 | remaining: 203s    
step 00596 (32.4%) | loss: 3.260721 | lrm: 0.97 | dt: 166ms | tok/sec: 788,013 | mfu: 22.5% | epoch: 1 | remaining: 203s    
step 00597 (32.5%) | loss: 3.256619 | lrm: 0.96 | dt: 166ms | tok/sec: 787,851 | mfu: 22.5% | epoch: 1 | remaining: 202s    
step 00598 (32.5%) | loss: 3.256276 | lrm: 0.96 | dt: 166ms | tok/sec: 787,804 | mfu: 22.5% | epoch: 1 | remaining: 202s    
step 00599 (32.6%) | loss: 3.256576 | lrm: 0.96 | dt: 166ms | tok/sec: 787,767 | mfu: 22.5% | epoch: 1 | remaining: 202s    
step 00600 (32.6%) | loss: 3.245524 | lrm: 0.96 | dt: 166ms | tok/sec: 788,083 | mfu: 22.5% | epoch: 1 | remaining: 202s    
step 00601 (32.7%) | loss: 3.240838 | lrm: 0.96 | dt: 166ms | tok/sec: 787,796 | mfu: 22.5% | epoch: 1 | remaining: 202s    
step 00602 (32.8%) | loss: 3.238364 | lrm: 0.96 | dt: 166ms | tok/sec: 788,041 | mfu: 22.5% | epoch: 1 | remaining: 202s    
step 00603 (32.8%) | loss: 3.233596 | lrm: 0.96 | dt: 166ms | tok/sec: 787,669 | mfu: 22.5% | epoch: 1 | remaining: 201s    
step 00604 (32.9%) | loss: 3.230400 | lrm: 0.96 | dt: 166ms | tok/sec: 788,051 | mfu: 22.5% | epoch: 1 | remaining: 201s    
step 00605 (32.9%) | loss: 3.234831 | lrm: 0.96 | dt: 166ms | tok/sec: 787,900 | mfu: 22.5% | epoch: 1 | remaining: 201s    
step 00606 (33.0%) | loss: 3.238828 | lrm: 0.96 | dt: 166ms | tok/sec: 787,865 | mfu: 22.5% | epoch: 1 | remaining: 201s    
step 00607 (33.0%) | loss: 3.237264 | lrm: 0.96 | dt: 166ms | tok/sec: 788,188 | mfu: 22.6% | epoch: 1 | remaining: 201s    
step 00608 (33.1%) | loss: 3.236886 | lrm: 0.96 | dt: 166ms | tok/sec: 787,859 | mfu: 22.5% | epoch: 1 | remaining: 201s    
step 00609 (33.1%) | loss: 3.240753 | lrm: 0.96 | dt: 166ms | tok/sec: 787,721 | mfu: 22.5% | epoch: 1 | remaining: 200s    
step 00610 (33.2%) | loss: 3.236025 | lrm: 0.95 | dt: 166ms | tok/sec: 787,990 | mfu: 22.5% | epoch: 1 | remaining: 200s    
step 00611 (33.2%) | loss: 3.239222 | lrm: 0.95 | dt: 166ms | tok/sec: 787,843 | mfu: 22.5% | epoch: 1 | remaining: 200s    
step 00612 (33.3%) | loss: 3.233974 | lrm: 0.95 | dt: 166ms | tok/sec: 787,936 | mfu: 22.5% | epoch: 1 | remaining: 200s    
step 00613 (33.4%) | loss: 3.234627 | lrm: 0.95 | dt: 166ms | tok/sec: 788,200 | mfu: 22.6% | epoch: 1 | remaining: 200s    
step 00614 (33.4%) | loss: 3.235235 | lrm: 0.95 | dt: 166ms | tok/sec: 787,960 | mfu: 22.5% | epoch: 1 | remaining: 200s    
step 00615 (33.5%) | loss: 3.235894 | lrm: 0.95 | dt: 166ms | tok/sec: 788,457 | mfu: 22.6% | epoch: 1 | remaining: 199s    
step 00616 (33.5%) | loss: 3.244278 | lrm: 0.95 | dt: 166ms | tok/sec: 788,143 | mfu: 22.6% | epoch: 1 | remaining: 199s    
step 00617 (33.6%) | loss: 3.244981 | lrm: 0.95 | dt: 166ms | tok/sec: 787,704 | mfu: 22.5% | epoch: 1 | remaining: 199s    
step 00618 (33.6%) | loss: 3.247544 | lrm: 0.95 | dt: 166ms | tok/sec: 788,143 | mfu: 22.6% | epoch: 1 | remaining: 199s    
step 00619 (33.7%) | loss: 3.245276 | lrm: 0.95 | dt: 166ms | tok/sec: 788,181 | mfu: 22.6% | epoch: 1 | remaining: 199s    
step 00620 (33.7%) | loss: 3.243319 | lrm: 0.95 | dt: 166ms | tok/sec: 787,790 | mfu: 22.5% | epoch: 1 | remaining: 199s    
step 00621 (33.8%) | loss: 3.246785 | lrm: 0.95 | dt: 166ms | tok/sec: 787,879 | mfu: 22.5% | epoch: 1 | remaining: 198s    
step 00622 (33.9%) | loss: 3.241861 | lrm: 0.94 | dt: 166ms | tok/sec: 787,823 | mfu: 22.5% | epoch: 1 | remaining: 198s    
step 00623 (33.9%) | loss: 3.240303 | lrm: 0.94 | dt: 166ms | tok/sec: 787,927 | mfu: 22.5% | epoch: 1 | remaining: 198s    
step 00624 (34.0%) | loss: 3.235289 | lrm: 0.94 | dt: 166ms | tok/sec: 787,940 | mfu: 22.5% | epoch: 1 | remaining: 198s    
step 00625 (34.0%) | loss: 3.235628 | lrm: 0.94 | dt: 166ms | tok/sec: 787,970 | mfu: 22.5% | epoch: 1 | remaining: 198s    
step 00626 (34.1%) | loss: 3.233758 | lrm: 0.94 | dt: 166ms | tok/sec: 787,811 | mfu: 22.5% | epoch: 1 | remaining: 198s    
step 00627 (34.1%) | loss: 3.231489 | lrm: 0.94 | dt: 166ms | tok/sec: 787,996 | mfu: 22.5% | epoch: 1 | remaining: 197s    
step 00628 (34.2%) | loss: 3.227385 | lrm: 0.94 | dt: 166ms | tok/sec: 787,867 | mfu: 22.5% | epoch: 1 | remaining: 197s    
step 00629 (34.2%) | loss: 3.225829 | lrm: 0.94 | dt: 166ms | tok/sec: 788,153 | mfu: 22.6% | epoch: 1 | remaining: 197s    
step 00630 (34.3%) | loss: 3.228727 | lrm: 0.94 | dt: 166ms | tok/sec: 787,984 | mfu: 22.5% | epoch: 1 | remaining: 197s    
step 00631 (34.4%) | loss: 3.226408 | lrm: 0.94 | dt: 166ms | tok/sec: 787,812 | mfu: 22.5% | epoch: 1 | remaining: 197s    
step 00632 (34.4%) | loss: 3.223387 | lrm: 0.94 | dt: 166ms | tok/sec: 787,987 | mfu: 22.5% | epoch: 1 | remaining: 197s    
step 00633 (34.5%) | loss: 3.221032 | lrm: 0.94 | dt: 166ms | tok/sec: 787,916 | mfu: 22.5% | epoch: 1 | remaining: 196s    
step 00634 (34.5%) | loss: 3.219206 | lrm: 0.94 | dt: 166ms | tok/sec: 787,806 | mfu: 22.5% | epoch: 1 | remaining: 196s    
step 00635 (34.6%) | loss: 3.221162 | lrm: 0.93 | dt: 166ms | tok/sec: 787,912 | mfu: 22.5% | epoch: 1 | remaining: 196s    
step 00636 (34.6%) | loss: 3.221475 | lrm: 0.93 | dt: 166ms | tok/sec: 787,722 | mfu: 22.5% | epoch: 1 | remaining: 196s    
step 00637 (34.7%) | loss: 3.223921 | lrm: 0.93 | dt: 166ms | tok/sec: 788,053 | mfu: 22.5% | epoch: 1 | remaining: 196s    
step 00638 (34.7%) | loss: 3.222641 | lrm: 0.93 | dt: 166ms | tok/sec: 787,706 | mfu: 22.5% | epoch: 1 | remaining: 196s    
step 00639 (34.8%) | loss: 3.221130 | lrm: 0.93 | dt: 166ms | tok/sec: 787,665 | mfu: 22.5% | epoch: 1 | remaining: 195s    
step 00640 (34.9%) | loss: 3.217506 | lrm: 0.93 | dt: 166ms | tok/sec: 787,818 | mfu: 22.5% | epoch: 1 | remaining: 195s    
step 00641 (34.9%) | loss: 3.213123 | lrm: 0.93 | dt: 166ms | tok/sec: 788,036 | mfu: 22.5% | epoch: 1 | remaining: 195s    
step 00642 (35.0%) | loss: 3.208425 | lrm: 0.93 | dt: 166ms | tok/sec: 787,988 | mfu: 22.5% | epoch: 1 | remaining: 195s    
step 00643 (35.0%) | loss: 3.207964 | lrm: 0.93 | dt: 166ms | tok/sec: 788,043 | mfu: 22.5% | epoch: 1 | remaining: 195s    
step 00644 (35.1%) | loss: 3.208828 | lrm: 0.93 | dt: 166ms | tok/sec: 787,952 | mfu: 22.5% | epoch: 1 | remaining: 195s    
step 00645 (35.1%) | loss: 3.212923 | lrm: 0.93 | dt: 166ms | tok/sec: 787,925 | mfu: 22.5% | epoch: 1 | remaining: 194s    
step 00646 (35.2%) | loss: 3.209349 | lrm: 0.93 | dt: 166ms | tok/sec: 788,013 | mfu: 22.5% | epoch: 1 | remaining: 194s    
step 00647 (35.2%) | loss: 3.209720 | lrm: 0.93 | dt: 166ms | tok/sec: 788,000 | mfu: 22.5% | epoch: 1 | remaining: 194s    
step 00648 (35.3%) | loss: 3.208011 | lrm: 0.92 | dt: 166ms | tok/sec: 787,755 | mfu: 22.5% | epoch: 1 | remaining: 194s    
step 00649 (35.4%) | loss: 3.210488 | lrm: 0.92 | dt: 166ms | tok/sec: 787,888 | mfu: 22.5% | epoch: 1 | remaining: 194s    
step 00650 (35.4%) | loss: 3.206895 | lrm: 0.92 | dt: 166ms | tok/sec: 787,848 | mfu: 22.5% | epoch: 1 | remaining: 194s    
step 00651 (35.5%) | loss: 3.208965 | lrm: 0.92 | dt: 166ms | tok/sec: 788,075 | mfu: 22.5% | epoch: 1 | remaining: 193s    
step 00652 (35.5%) | loss: 3.213514 | lrm: 0.92 | dt: 166ms | tok/sec: 787,948 | mfu: 22.5% | epoch: 1 | remaining: 193s    
step 00653 (35.6%) | loss: 3.215445 | lrm: 0.92 | dt: 166ms | tok/sec: 787,912 | mfu: 22.5% | epoch: 1 | remaining: 193s    
step 00654 (35.6%) | loss: 3.216440 | lrm: 0.92 | dt: 166ms | tok/sec: 788,065 | mfu: 22.5% | epoch: 1 | remaining: 193s    
step 00655 (35.7%) | loss: 3.209937 | lrm: 0.92 | dt: 166ms | tok/sec: 788,012 | mfu: 22.5% | epoch: 1 | remaining: 193s    
step 00656 (35.7%) | loss: 3.203363 | lrm: 0.92 | dt: 166ms | tok/sec: 787,636 | mfu: 22.5% | epoch: 1 | remaining: 193s    
step 00657 (35.8%) | loss: 3.205264 | lrm: 0.92 | dt: 166ms | tok/sec: 787,666 | mfu: 22.5% | epoch: 1 | remaining: 192s    
step 00658 (35.9%) | loss: 3.206034 | lrm: 0.92 | dt: 166ms | tok/sec: 787,851 | mfu: 22.5% | epoch: 1 | remaining: 192s    
step 00659 (35.9%) | loss: 3.206500 | lrm: 0.92 | dt: 166ms | tok/sec: 787,921 | mfu: 22.5% | epoch: 1 | remaining: 192s    
step 00660 (36.0%) | loss: 3.210160 | lrm: 0.91 | dt: 166ms | tok/sec: 787,989 | mfu: 22.5% | epoch: 1 | remaining: 192s    
step 00661 (36.0%) | loss: 3.210417 | lrm: 0.91 | dt: 166ms | tok/sec: 787,961 | mfu: 22.5% | epoch: 1 | remaining: 192s    
step 00662 (36.1%) | loss: 3.209078 | lrm: 0.91 | dt: 166ms | tok/sec: 787,899 | mfu: 22.5% | epoch: 1 | remaining: 192s    
step 00663 (36.1%) | loss: 3.204575 | lrm: 0.91 | dt: 166ms | tok/sec: 787,763 | mfu: 22.5% | epoch: 1 | remaining: 191s    
step 00664 (36.2%) | loss: 3.211721 | lrm: 0.91 | dt: 166ms | tok/sec: 787,855 | mfu: 22.5% | epoch: 1 | remaining: 191s    
step 00665 (36.2%) | loss: 3.206129 | lrm: 0.91 | dt: 166ms | tok/sec: 787,987 | mfu: 22.5% | epoch: 1 | remaining: 191s    
step 00666 (36.3%) | loss: 3.205028 | lrm: 0.91 | dt: 166ms | tok/sec: 787,952 | mfu: 22.5% | epoch: 1 | remaining: 191s    
step 00667 (36.4%) | loss: 3.205077 | lrm: 0.91 | dt: 166ms | tok/sec: 788,137 | mfu: 22.6% | epoch: 1 | remaining: 191s    
step 00668 (36.4%) | loss: 3.204256 | lrm: 0.91 | dt: 166ms | tok/sec: 788,122 | mfu: 22.6% | epoch: 1 | remaining: 191s    
step 00669 (36.5%) | loss: 3.203132 | lrm: 0.91 | dt: 167ms | tok/sec: 785,534 | mfu: 22.5% | epoch: 1 | remaining: 190s    
step 00670 (36.5%) | loss: 3.203278 | lrm: 0.91 | dt: 166ms | tok/sec: 787,688 | mfu: 22.5% | epoch: 1 | remaining: 190s    
step 00671 (36.6%) | loss: 3.203682 | lrm: 0.91 | dt: 166ms | tok/sec: 787,946 | mfu: 22.5% | epoch: 1 | remaining: 190s    
step 00672 (36.6%) | loss: 3.204649 | lrm: 0.91 | dt: 166ms | tok/sec: 787,846 | mfu: 22.5% | epoch: 1 | remaining: 190s    
step 00673 (36.7%) | loss: 3.201701 | lrm: 0.90 | dt: 166ms | tok/sec: 787,774 | mfu: 22.5% | epoch: 1 | remaining: 190s    
step 00674 (36.7%) | loss: 3.206632 | lrm: 0.90 | dt: 166ms | tok/sec: 787,911 | mfu: 22.5% | epoch: 1 | remaining: 190s    
step 00675 (36.8%) | loss: 3.206136 | lrm: 0.90 | dt: 166ms | tok/sec: 787,805 | mfu: 22.5% | epoch: 1 | remaining: 189s    
step 00676 (36.9%) | loss: 3.204152 | lrm: 0.90 | dt: 166ms | tok/sec: 787,829 | mfu: 22.5% | epoch: 1 | remaining: 189s    
step 00677 (36.9%) | loss: 3.205659 | lrm: 0.90 | dt: 166ms | tok/sec: 787,919 | mfu: 22.5% | epoch: 1 | remaining: 189s    
step 00678 (37.0%) | loss: 3.213956 | lrm: 0.90 | dt: 166ms | tok/sec: 788,000 | mfu: 22.5% | epoch: 1 | remaining: 189s    
step 00679 (37.0%) | loss: 3.217142 | lrm: 0.90 | dt: 166ms | tok/sec: 788,244 | mfu: 22.6% | epoch: 1 | remaining: 189s    
step 00680 (37.1%) | loss: 3.214332 | lrm: 0.90 | dt: 166ms | tok/sec: 788,227 | mfu: 22.6% | epoch: 1 | remaining: 189s    
step 00681 (37.1%) | loss: 3.208660 | lrm: 0.90 | dt: 166ms | tok/sec: 788,050 | mfu: 22.5% | epoch: 1 | remaining: 188s    
step 00682 (37.2%) | loss: 3.213154 | lrm: 0.90 | dt: 166ms | tok/sec: 787,851 | mfu: 22.5% | epoch: 1 | remaining: 188s    
step 00683 (37.2%) | loss: 3.214976 | lrm: 0.90 | dt: 166ms | tok/sec: 787,956 | mfu: 22.5% | epoch: 1 | remaining: 188s    
step 00684 (37.3%) | loss: 3.208474 | lrm: 0.90 | dt: 166ms | tok/sec: 787,882 | mfu: 22.5% | epoch: 1 | remaining: 188s    
step 00685 (37.4%) | loss: 3.203879 | lrm: 0.89 | dt: 166ms | tok/sec: 787,869 | mfu: 22.5% | epoch: 1 | remaining: 188s    
step 00686 (37.4%) | loss: 3.203912 | lrm: 0.89 | dt: 166ms | tok/sec: 788,050 | mfu: 22.5% | epoch: 1 | remaining: 188s    
step 00687 (37.5%) | loss: 3.196951 | lrm: 0.89 | dt: 166ms | tok/sec: 788,103 | mfu: 22.5% | epoch: 1 | remaining: 187s    
step 00688 (37.5%) | loss: 3.201953 | lrm: 0.89 | dt: 166ms | tok/sec: 787,925 | mfu: 22.5% | epoch: 1 | remaining: 187s    
step 00689 (37.6%) | loss: 3.198053 | lrm: 0.89 | dt: 166ms | tok/sec: 788,330 | mfu: 22.6% | epoch: 1 | remaining: 187s    
step 00690 (37.6%) | loss: 3.201720 | lrm: 0.89 | dt: 166ms | tok/sec: 788,180 | mfu: 22.6% | epoch: 1 | remaining: 187s    
step 00691 (37.7%) | loss: 3.204743 | lrm: 0.89 | dt: 166ms | tok/sec: 788,007 | mfu: 22.5% | epoch: 1 | remaining: 187s    
step 00692 (37.7%) | loss: 3.205840 | lrm: 0.89 | dt: 166ms | tok/sec: 788,149 | mfu: 22.6% | epoch: 1 | remaining: 187s    
step 00693 (37.8%) | loss: 3.205318 | lrm: 0.89 | dt: 166ms | tok/sec: 788,075 | mfu: 22.5% | epoch: 1 | remaining: 186s    
step 00694 (37.9%) | loss: 3.205833 | lrm: 0.89 | dt: 166ms | tok/sec: 787,951 | mfu: 22.5% | epoch: 1 | remaining: 186s    
step 00695 (37.9%) | loss: 3.204267 | lrm: 0.89 | dt: 166ms | tok/sec: 787,704 | mfu: 22.5% | epoch: 1 | remaining: 186s    
step 00696 (38.0%) | loss: 3.198027 | lrm: 0.89 | dt: 166ms | tok/sec: 787,858 | mfu: 22.5% | epoch: 1 | remaining: 186s    
step 00697 (38.0%) | loss: 3.200197 | lrm: 0.89 | dt: 166ms | tok/sec: 787,919 | mfu: 22.5% | epoch: 1 | remaining: 186s    
step 00698 (38.1%) | loss: 3.195904 | lrm: 0.88 | dt: 166ms | tok/sec: 788,079 | mfu: 22.5% | epoch: 1 | remaining: 186s    
step 00699 (38.1%) | loss: 3.197140 | lrm: 0.88 | dt: 166ms | tok/sec: 788,049 | mfu: 22.5% | epoch: 1 | remaining: 185s    
step 00700 (38.2%) | loss: 3.198713 | lrm: 0.88 | dt: 166ms | tok/sec: 788,066 | mfu: 22.5% | epoch: 1 | remaining: 185s    
step 00701 (38.2%) | loss: 3.198484 | lrm: 0.88 | dt: 166ms | tok/sec: 788,264 | mfu: 22.6% | epoch: 1 | remaining: 185s    
step 00702 (38.3%) | loss: 3.197236 | lrm: 0.88 | dt: 166ms | tok/sec: 787,973 | mfu: 22.5% | epoch: 1 | remaining: 185s    
step 00703 (38.4%) | loss: 3.186603 | lrm: 0.88 | dt: 166ms | tok/sec: 787,865 | mfu: 22.5% | epoch: 1 | remaining: 185s    
step 00704 (38.4%) | loss: 3.185292 | lrm: 0.88 | dt: 166ms | tok/sec: 788,260 | mfu: 22.6% | epoch: 1 | remaining: 185s    
step 00705 (38.5%) | loss: 3.183565 | lrm: 0.88 | dt: 166ms | tok/sec: 787,785 | mfu: 22.5% | epoch: 1 | remaining: 184s    
step 00706 (38.5%) | loss: 3.194392 | lrm: 0.88 | dt: 166ms | tok/sec: 787,877 | mfu: 22.5% | epoch: 1 | remaining: 184s    
step 00707 (38.6%) | loss: 3.194223 | lrm: 0.88 | dt: 166ms | tok/sec: 787,732 | mfu: 22.5% | epoch: 1 | remaining: 184s    
step 00708 (38.6%) | loss: 3.195994 | lrm: 0.88 | dt: 166ms | tok/sec: 788,008 | mfu: 22.5% | epoch: 1 | remaining: 184s    
step 00709 (38.7%) | loss: 3.193981 | lrm: 0.88 | dt: 166ms | tok/sec: 787,853 | mfu: 22.5% | epoch: 1 | remaining: 184s    
step 00710 (38.7%) | loss: 3.188499 | lrm: 0.88 | dt: 166ms | tok/sec: 787,852 | mfu: 22.5% | epoch: 1 | remaining: 184s    
step 00711 (38.8%) | loss: 3.178376 | lrm: 0.87 | dt: 166ms | tok/sec: 788,023 | mfu: 22.5% | epoch: 1 | remaining: 183s    
step 00712 (38.8%) | loss: 3.180737 | lrm: 0.87 | dt: 166ms | tok/sec: 787,910 | mfu: 22.5% | epoch: 1 | remaining: 183s    
step 00713 (38.9%) | loss: 3.180338 | lrm: 0.87 | dt: 166ms | tok/sec: 787,742 | mfu: 22.5% | epoch: 1 | remaining: 183s    
step 00714 (39.0%) | loss: 3.175020 | lrm: 0.87 | dt: 166ms | tok/sec: 788,163 | mfu: 22.6% | epoch: 1 | remaining: 183s    
step 00715 (39.0%) | loss: 3.179096 | lrm: 0.87 | dt: 166ms | tok/sec: 788,023 | mfu: 22.5% | epoch: 1 | remaining: 183s    
step 00716 (39.1%) | loss: 3.185244 | lrm: 0.87 | dt: 166ms | tok/sec: 787,816 | mfu: 22.5% | epoch: 1 | remaining: 183s    
step 00717 (39.1%) | loss: 3.184728 | lrm: 0.87 | dt: 166ms | tok/sec: 787,754 | mfu: 22.5% | epoch: 1 | remaining: 182s    
step 00718 (39.2%) | loss: 3.187145 | lrm: 0.87 | dt: 166ms | tok/sec: 787,802 | mfu: 22.5% | epoch: 1 | remaining: 182s    
step 00719 (39.2%) | loss: 3.182739 | lrm: 0.87 | dt: 166ms | tok/sec: 787,782 | mfu: 22.5% | epoch: 1 | remaining: 182s    
step 00720 (39.3%) | loss: 3.183077 | lrm: 0.87 | dt: 166ms | tok/sec: 787,953 | mfu: 22.5% | epoch: 1 | remaining: 182s    
step 00721 (39.3%) | loss: 3.180177 | lrm: 0.87 | dt: 166ms | tok/sec: 787,891 | mfu: 22.5% | epoch: 1 | remaining: 182s    
step 00722 (39.4%) | loss: 3.172775 | lrm: 0.87 | dt: 166ms | tok/sec: 787,940 | mfu: 22.5% | epoch: 1 | remaining: 182s    
step 00723 (39.5%) | loss: 3.166446 | lrm: 0.86 | dt: 166ms | tok/sec: 787,838 | mfu: 22.5% | epoch: 1 | remaining: 181s    
step 00724 (39.5%) | loss: 3.170653 | lrm: 0.86 | dt: 166ms | tok/sec: 788,039 | mfu: 22.5% | epoch: 1 | remaining: 181s    
step 00725 (39.6%) | loss: 3.170421 | lrm: 0.86 | dt: 166ms | tok/sec: 787,926 | mfu: 22.5% | epoch: 1 | remaining: 181s    
step 00726 (39.6%) | loss: 3.163625 | lrm: 0.86 | dt: 166ms | tok/sec: 788,000 | mfu: 22.5% | epoch: 1 | remaining: 181s    
step 00727 (39.7%) | loss: 3.165553 | lrm: 0.86 | dt: 166ms | tok/sec: 788,120 | mfu: 22.6% | epoch: 1 | remaining: 181s    
step 00728 (39.7%) | loss: 3.164545 | lrm: 0.86 | dt: 166ms | tok/sec: 787,876 | mfu: 22.5% | epoch: 1 | remaining: 181s    
step 00729 (39.8%) | loss: 3.163344 | lrm: 0.86 | dt: 166ms | tok/sec: 788,181 | mfu: 22.6% | epoch: 1 | remaining: 180s    
step 00730 (39.8%) | loss: 3.167266 | lrm: 0.86 | dt: 166ms | tok/sec: 787,936 | mfu: 22.5% | epoch: 1 | remaining: 180s    
step 00731 (39.9%) | loss: 3.167631 | lrm: 0.86 | dt: 166ms | tok/sec: 787,790 | mfu: 22.5% | epoch: 1 | remaining: 180s    
step 00732 (40.0%) | loss: 3.161774 | lrm: 0.86 | dt: 166ms | tok/sec: 787,951 | mfu: 22.5% | epoch: 1 | remaining: 180s    
step 00733 (40.0%) | loss: 3.157367 | lrm: 0.86 | dt: 166ms | tok/sec: 787,872 | mfu: 22.5% | epoch: 1 | remaining: 180s    
step 00734 (40.1%) | loss: 3.163885 | lrm: 0.86 | dt: 166ms | tok/sec: 787,978 | mfu: 22.5% | epoch: 1 | remaining: 180s    
step 00735 (40.1%) | loss: 3.160662 | lrm: 0.86 | dt: 166ms | tok/sec: 788,076 | mfu: 22.5% | epoch: 1 | remaining: 179s    
step 00736 (40.2%) | loss: 3.158089 | lrm: 0.85 | dt: 166ms | tok/sec: 787,837 | mfu: 22.5% | epoch: 1 | remaining: 179s    
step 00737 (40.2%) | loss: 3.152366 | lrm: 0.85 | dt: 166ms | tok/sec: 787,951 | mfu: 22.5% | epoch: 1 | remaining: 179s    
step 00738 (40.3%) | loss: 3.146717 | lrm: 0.85 | dt: 166ms | tok/sec: 788,130 | mfu: 22.6% | epoch: 1 | remaining: 179s    
step 00739 (40.3%) | loss: 3.142978 | lrm: 0.85 | dt: 166ms | tok/sec: 787,800 | mfu: 22.5% | epoch: 1 | remaining: 179s    
step 00740 (40.4%) | loss: 3.141503 | lrm: 0.85 | dt: 166ms | tok/sec: 787,813 | mfu: 22.5% | epoch: 1 | remaining: 179s    
step 00741 (40.5%) | loss: 3.149216 | lrm: 0.85 | dt: 166ms | tok/sec: 787,974 | mfu: 22.5% | epoch: 1 | remaining: 178s    
step 00742 (40.5%) | loss: 3.155733 | lrm: 0.85 | dt: 166ms | tok/sec: 788,261 | mfu: 22.6% | epoch: 1 | remaining: 178s    
step 00743 (40.6%) | loss: 3.157896 | lrm: 0.85 | dt: 166ms | tok/sec: 788,217 | mfu: 22.6% | epoch: 1 | remaining: 178s    
step 00744 (40.6%) | loss: 3.156013 | lrm: 0.85 | dt: 166ms | tok/sec: 788,035 | mfu: 22.5% | epoch: 1 | remaining: 178s    
step 00745 (40.7%) | loss: 3.154602 | lrm: 0.85 | dt: 166ms | tok/sec: 788,067 | mfu: 22.5% | epoch: 1 | remaining: 178s    
step 00746 (40.7%) | loss: 3.154333 | lrm: 0.85 | dt: 166ms | tok/sec: 788,091 | mfu: 22.5% | epoch: 1 | remaining: 178s    
step 00747 (40.8%) | loss: 3.154841 | lrm: 0.85 | dt: 166ms | tok/sec: 787,952 | mfu: 22.5% | epoch: 1 | remaining: 177s    
step 00748 (40.8%) | loss: 3.155747 | lrm: 0.85 | dt: 166ms | tok/sec: 788,171 | mfu: 22.6% | epoch: 1 | remaining: 177s    
step 00749 (40.9%) | loss: 3.147946 | lrm: 0.84 | dt: 166ms | tok/sec: 788,034 | mfu: 22.5% | epoch: 1 | remaining: 177s    
step 00750 (41.0%) | loss: 3.150790 | lrm: 0.84 | dt: 166ms | tok/sec: 787,925 | mfu: 22.5% | epoch: 1 | remaining: 177s    
step 00751 (41.0%) | loss: 3.143638 | lrm: 0.84 | dt: 166ms | tok/sec: 787,986 | mfu: 22.5% | epoch: 1 | remaining: 177s    
step 00752 (41.1%) | loss: 3.146744 | lrm: 0.84 | dt: 166ms | tok/sec: 787,940 | mfu: 22.5% | epoch: 1 | remaining: 177s    
step 00753 (41.1%) | loss: 3.142358 | lrm: 0.84 | dt: 166ms | tok/sec: 788,111 | mfu: 22.5% | epoch: 1 | remaining: 176s    
step 00754 (41.2%) | loss: 3.142754 | lrm: 0.84 | dt: 166ms | tok/sec: 788,054 | mfu: 22.5% | epoch: 1 | remaining: 176s    
step 00755 (41.2%) | loss: 3.137312 | lrm: 0.84 | dt: 166ms | tok/sec: 787,944 | mfu: 22.5% | epoch: 1 | remaining: 176s    
step 00756 (41.3%) | loss: 3.139438 | lrm: 0.84 | dt: 166ms | tok/sec: 788,000 | mfu: 22.5% | epoch: 1 | remaining: 176s    
step 00757 (41.3%) | loss: 3.143100 | lrm: 0.84 | dt: 166ms | tok/sec: 787,981 | mfu: 22.5% | epoch: 1 | remaining: 176s    
step 00758 (41.4%) | loss: 3.147879 | lrm: 0.84 | dt: 166ms | tok/sec: 788,058 | mfu: 22.5% | epoch: 1 | remaining: 176s    
step 00759 (41.5%) | loss: 3.157508 | lrm: 0.84 | dt: 166ms | tok/sec: 787,914 | mfu: 22.5% | epoch: 1 | remaining: 175s    
step 00760 (41.5%) | loss: 3.157644 | lrm: 0.84 | dt: 166ms | tok/sec: 788,092 | mfu: 22.5% | epoch: 1 | remaining: 175s    
step 00761 (41.6%) | loss: 3.155682 | lrm: 0.83 | dt: 166ms | tok/sec: 787,993 | mfu: 22.5% | epoch: 1 | remaining: 175s    
step 00762 (41.6%) | loss: 3.160542 | lrm: 0.83 | dt: 166ms | tok/sec: 787,833 | mfu: 22.5% | epoch: 1 | remaining: 175s    
step 00763 (41.7%) | loss: 3.160219 | lrm: 0.83 | dt: 166ms | tok/sec: 788,309 | mfu: 22.6% | epoch: 1 | remaining: 175s    
step 00764 (41.7%) | loss: 3.162706 | lrm: 0.83 | dt: 166ms | tok/sec: 787,824 | mfu: 22.5% | epoch: 1 | remaining: 175s    
step 00765 (41.8%) | loss: 3.161241 | lrm: 0.83 | dt: 166ms | tok/sec: 788,119 | mfu: 22.6% | epoch: 1 | remaining: 174s    
step 00766 (41.8%) | loss: 3.166078 | lrm: 0.83 | dt: 166ms | tok/sec: 788,137 | mfu: 22.6% | epoch: 1 | remaining: 174s    
step 00767 (41.9%) | loss: 3.162272 | lrm: 0.83 | dt: 166ms | tok/sec: 788,053 | mfu: 22.5% | epoch: 1 | remaining: 174s    
step 00768 (42.0%) | loss: 3.161452 | lrm: 0.83 | dt: 166ms | tok/sec: 787,829 | mfu: 22.5% | epoch: 1 | remaining: 174s    
step 00769 (42.0%) | loss: 3.164382 | lrm: 0.83 | dt: 166ms | tok/sec: 787,838 | mfu: 22.5% | epoch: 1 | remaining: 174s    
step 00770 (42.1%) | loss: 3.162052 | lrm: 0.83 | dt: 166ms | tok/sec: 788,023 | mfu: 22.5% | epoch: 1 | remaining: 174s    
step 00771 (42.1%) | loss: 3.163051 | lrm: 0.83 | dt: 166ms | tok/sec: 787,905 | mfu: 22.5% | epoch: 1 | remaining: 173s    
step 00772 (42.2%) | loss: 3.154311 | lrm: 0.83 | dt: 166ms | tok/sec: 787,761 | mfu: 22.5% | epoch: 1 | remaining: 173s    
step 00773 (42.2%) | loss: 3.153067 | lrm: 0.83 | dt: 166ms | tok/sec: 788,036 | mfu: 22.5% | epoch: 1 | remaining: 173s    
step 00774 (42.3%) | loss: 3.150814 | lrm: 0.82 | dt: 166ms | tok/sec: 788,017 | mfu: 22.5% | epoch: 1 | remaining: 173s    
step 00775 (42.3%) | loss: 3.155074 | lrm: 0.82 | dt: 166ms | tok/sec: 788,368 | mfu: 22.6% | epoch: 1 | remaining: 173s    
step 00776 (42.4%) | loss: 3.150217 | lrm: 0.82 | dt: 166ms | tok/sec: 788,083 | mfu: 22.5% | epoch: 1 | remaining: 173s    
step 00777 (42.5%) | loss: 3.147657 | lrm: 0.82 | dt: 166ms | tok/sec: 787,963 | mfu: 22.5% | epoch: 1 | remaining: 172s    
step 00778 (42.5%) | loss: 3.143597 | lrm: 0.82 | dt: 166ms | tok/sec: 788,093 | mfu: 22.5% | epoch: 1 | remaining: 172s    
step 00779 (42.6%) | loss: 3.137556 | lrm: 0.82 | dt: 166ms | tok/sec: 788,049 | mfu: 22.5% | epoch: 1 | remaining: 172s    
step 00780 (42.6%) | loss: 3.144994 | lrm: 0.82 | dt: 166ms | tok/sec: 788,054 | mfu: 22.5% | epoch: 1 | remaining: 172s    
step 00781 (42.7%) | loss: 3.142669 | lrm: 0.82 | dt: 166ms | tok/sec: 788,195 | mfu: 22.6% | epoch: 1 | remaining: 172s    
step 00782 (42.7%) | loss: 3.139766 | lrm: 0.82 | dt: 166ms | tok/sec: 788,040 | mfu: 22.5% | epoch: 1 | remaining: 172s    
step 00783 (42.8%) | loss: 3.144740 | lrm: 0.82 | dt: 166ms | tok/sec: 787,988 | mfu: 22.5% | epoch: 1 | remaining: 171s    
step 00784 (42.8%) | loss: 3.147842 | lrm: 0.82 | dt: 166ms | tok/sec: 788,027 | mfu: 22.5% | epoch: 1 | remaining: 171s    
step 00785 (42.9%) | loss: 3.142853 | lrm: 0.82 | dt: 166ms | tok/sec: 787,942 | mfu: 22.5% | epoch: 1 | remaining: 171s    
step 00786 (43.0%) | loss: 3.146126 | lrm: 0.81 | dt: 166ms | tok/sec: 788,089 | mfu: 22.5% | epoch: 1 | remaining: 171s    
step 00787 (43.0%) | loss: 3.147628 | lrm: 0.81 | dt: 166ms | tok/sec: 788,120 | mfu: 22.6% | epoch: 1 | remaining: 171s    
step 00788 (43.1%) | loss: 3.145496 | lrm: 0.81 | dt: 166ms | tok/sec: 787,842 | mfu: 22.5% | epoch: 1 | remaining: 171s    
step 00789 (43.1%) | loss: 3.146161 | lrm: 0.81 | dt: 166ms | tok/sec: 788,047 | mfu: 22.5% | epoch: 1 | remaining: 170s    
step 00790 (43.2%) | loss: 3.147596 | lrm: 0.81 | dt: 166ms | tok/sec: 788,105 | mfu: 22.5% | epoch: 1 | remaining: 170s    
step 00791 (43.2%) | loss: 3.145974 | lrm: 0.81 | dt: 166ms | tok/sec: 788,047 | mfu: 22.5% | epoch: 1 | remaining: 170s    
step 00792 (43.3%) | loss: 3.145113 | lrm: 0.81 | dt: 166ms | tok/sec: 787,872 | mfu: 22.5% | epoch: 1 | remaining: 170s    
step 00793 (43.3%) | loss: 3.151799 | lrm: 0.81 | dt: 166ms | tok/sec: 788,138 | mfu: 22.6% | epoch: 1 | remaining: 170s    
step 00794 (43.4%) | loss: 3.150855 | lrm: 0.81 | dt: 166ms | tok/sec: 788,156 | mfu: 22.6% | epoch: 1 | remaining: 170s    
step 00795 (43.5%) | loss: 3.134737 | lrm: 0.81 | dt: 166ms | tok/sec: 788,313 | mfu: 22.6% | epoch: 1 | remaining: 169s    
step 00796 (43.5%) | loss: 3.128729 | lrm: 0.81 | dt: 166ms | tok/sec: 788,071 | mfu: 22.5% | epoch: 1 | remaining: 169s    
step 00797 (43.6%) | loss: 3.130310 | lrm: 0.81 | dt: 166ms | tok/sec: 787,972 | mfu: 22.5% | epoch: 1 | remaining: 169s    
step 00798 (43.6%) | loss: 3.132327 | lrm: 0.81 | dt: 166ms | tok/sec: 788,197 | mfu: 22.6% | epoch: 1 | remaining: 169s    
step 00799 (43.7%) | loss: 3.128965 | lrm: 0.80 | dt: 166ms | tok/sec: 788,221 | mfu: 22.6% | epoch: 1 | remaining: 169s    
step 00800 (43.7%) | loss: 3.129327 | lrm: 0.80 | dt: 166ms | tok/sec: 787,605 | mfu: 22.5% | epoch: 1 | remaining: 169s    
step 00801 (43.8%) | loss: 3.127338 | lrm: 0.80 | dt: 166ms | tok/sec: 787,853 | mfu: 22.5% | epoch: 1 | remaining: 168s    
step 00802 (43.8%) | loss: 3.127782 | lrm: 0.80 | dt: 166ms | tok/sec: 787,814 | mfu: 22.5% | epoch: 1 | remaining: 168s    
step 00803 (43.9%) | loss: 3.127700 | lrm: 0.80 | dt: 166ms | tok/sec: 787,813 | mfu: 22.5% | epoch: 1 | remaining: 168s    
step 00804 (44.0%) | loss: 3.129257 | lrm: 0.80 | dt: 166ms | tok/sec: 787,928 | mfu: 22.5% | epoch: 1 | remaining: 168s    
step 00805 (44.0%) | loss: 3.132792 | lrm: 0.80 | dt: 166ms | tok/sec: 787,954 | mfu: 22.5% | epoch: 1 | remaining: 168s    
step 00806 (44.1%) | loss: 3.131162 | lrm: 0.80 | dt: 166ms | tok/sec: 788,012 | mfu: 22.5% | epoch: 1 | remaining: 168s    
step 00807 (44.1%) | loss: 3.134125 | lrm: 0.80 | dt: 166ms | tok/sec: 787,912 | mfu: 22.5% | epoch: 1 | remaining: 167s    
step 00808 (44.2%) | loss: 3.138247 | lrm: 0.80 | dt: 166ms | tok/sec: 788,048 | mfu: 22.5% | epoch: 1 | remaining: 167s    
step 00809 (44.2%) | loss: 3.133628 | lrm: 0.80 | dt: 166ms | tok/sec: 788,139 | mfu: 22.6% | epoch: 1 | remaining: 167s    
step 00810 (44.3%) | loss: 3.133039 | lrm: 0.80 | dt: 166ms | tok/sec: 787,949 | mfu: 22.5% | epoch: 1 | remaining: 167s    
step 00811 (44.3%) | loss: 3.137699 | lrm: 0.80 | dt: 166ms | tok/sec: 787,953 | mfu: 22.5% | epoch: 1 | remaining: 167s    
step 00812 (44.4%) | loss: 3.135712 | lrm: 0.79 | dt: 166ms | tok/sec: 788,145 | mfu: 22.6% | epoch: 1 | remaining: 167s    
step 00813 (44.4%) | loss: 3.133954 | lrm: 0.79 | dt: 166ms | tok/sec: 788,064 | mfu: 22.5% | epoch: 1 | remaining: 166s    
step 00814 (44.5%) | loss: 3.133172 | lrm: 0.79 | dt: 166ms | tok/sec: 787,755 | mfu: 22.5% | epoch: 1 | remaining: 166s    
step 00815 (44.6%) | loss: 3.131434 | lrm: 0.79 | dt: 166ms | tok/sec: 787,904 | mfu: 22.5% | epoch: 1 | remaining: 166s    
step 00816 (44.6%) | loss: 3.134127 | lrm: 0.79 | dt: 166ms | tok/sec: 787,789 | mfu: 22.5% | epoch: 1 | remaining: 166s    
step 00817 (44.7%) | loss: 3.129117 | lrm: 0.79 | dt: 166ms | tok/sec: 787,832 | mfu: 22.5% | epoch: 1 | remaining: 166s    
step 00818 (44.7%) | loss: 3.122358 | lrm: 0.79 | dt: 166ms | tok/sec: 788,139 | mfu: 22.6% | epoch: 1 | remaining: 166s    
step 00819 (44.8%) | loss: 3.125294 | lrm: 0.79 | dt: 166ms | tok/sec: 788,138 | mfu: 22.6% | epoch: 1 | remaining: 165s    
step 00820 (44.8%) | loss: 3.123870 | lrm: 0.79 | dt: 166ms | tok/sec: 788,040 | mfu: 22.5% | epoch: 1 | remaining: 165s    
step 00821 (44.9%) | loss: 3.125303 | lrm: 0.79 | dt: 166ms | tok/sec: 788,141 | mfu: 22.6% | epoch: 1 | remaining: 165s    
step 00822 (44.9%) | loss: 3.116346 | lrm: 0.79 | dt: 166ms | tok/sec: 788,114 | mfu: 22.6% | epoch: 1 | remaining: 165s    
step 00823 (45.0%) | loss: 3.109437 | lrm: 0.79 | dt: 166ms | tok/sec: 788,222 | mfu: 22.6% | epoch: 1 | remaining: 165s    
step 00824 (45.1%) | loss: 3.109885 | lrm: 0.78 | dt: 166ms | tok/sec: 787,892 | mfu: 22.5% | epoch: 1 | remaining: 165s    
step 00825 (45.1%) | loss: 3.115638 | lrm: 0.78 | dt: 166ms | tok/sec: 788,094 | mfu: 22.5% | epoch: 1 | remaining: 164s    
step 00826 (45.2%) | loss: 3.114051 | lrm: 0.78 | dt: 166ms | tok/sec: 787,987 | mfu: 22.5% | epoch: 1 | remaining: 164s    
step 00827 (45.2%) | loss: 3.114949 | lrm: 0.78 | dt: 166ms | tok/sec: 787,883 | mfu: 22.5% | epoch: 1 | remaining: 164s    
step 00828 (45.3%) | loss: 3.113284 | lrm: 0.78 | dt: 166ms | tok/sec: 788,074 | mfu: 22.5% | epoch: 1 | remaining: 164s    
step 00829 (45.3%) | loss: 3.114254 | lrm: 0.78 | dt: 166ms | tok/sec: 788,188 | mfu: 22.6% | epoch: 1 | remaining: 164s    
step 00830 (45.4%) | loss: 3.115827 | lrm: 0.78 | dt: 166ms | tok/sec: 787,957 | mfu: 22.5% | epoch: 1 | remaining: 164s    
step 00831 (45.4%) | loss: 3.113456 | lrm: 0.78 | dt: 166ms | tok/sec: 788,436 | mfu: 22.6% | epoch: 1 | remaining: 163s    
step 00832 (45.5%) | loss: 3.109640 | lrm: 0.78 | dt: 166ms | tok/sec: 788,065 | mfu: 22.5% | epoch: 1 | remaining: 163s    
step 00833 (45.6%) | loss: 3.113376 | lrm: 0.78 | dt: 166ms | tok/sec: 787,808 | mfu: 22.5% | epoch: 1 | remaining: 163s    
step 00834 (45.6%) | loss: 3.117477 | lrm: 0.78 | dt: 166ms | tok/sec: 788,125 | mfu: 22.6% | epoch: 1 | remaining: 163s    
step 00835 (45.7%) | loss: 3.116408 | lrm: 0.78 | dt: 166ms | tok/sec: 787,901 | mfu: 22.5% | epoch: 1 | remaining: 163s    
step 00836 (45.7%) | loss: 3.114784 | lrm: 0.78 | dt: 166ms | tok/sec: 787,902 | mfu: 22.5% | epoch: 1 | remaining: 163s    
step 00837 (45.8%) | loss: 3.117385 | lrm: 0.77 | dt: 166ms | tok/sec: 788,089 | mfu: 22.5% | epoch: 1 | remaining: 162s    
step 00838 (45.8%) | loss: 3.112127 | lrm: 0.77 | dt: 166ms | tok/sec: 788,192 | mfu: 22.6% | epoch: 1 | remaining: 162s    
step 00839 (45.9%) | loss: 3.114017 | lrm: 0.77 | dt: 166ms | tok/sec: 788,284 | mfu: 22.6% | epoch: 1 | remaining: 162s    
step 00840 (45.9%) | loss: 3.116543 | lrm: 0.77 | dt: 166ms | tok/sec: 788,085 | mfu: 22.5% | epoch: 1 | remaining: 162s    
step 00841 (46.0%) | loss: 3.116760 | lrm: 0.77 | dt: 166ms | tok/sec: 787,972 | mfu: 22.5% | epoch: 1 | remaining: 162s    
step 00842 (46.1%) | loss: 3.116847 | lrm: 0.77 | dt: 166ms | tok/sec: 787,848 | mfu: 22.5% | epoch: 1 | remaining: 162s    
step 00843 (46.1%) | loss: 3.107494 | lrm: 0.77 | dt: 166ms | tok/sec: 788,086 | mfu: 22.5% | epoch: 1 | remaining: 161s    
step 00844 (46.2%) | loss: 3.110271 | lrm: 0.77 | dt: 166ms | tok/sec: 787,938 | mfu: 22.5% | epoch: 1 | remaining: 161s    
step 00845 (46.2%) | loss: 3.106948 | lrm: 0.77 | dt: 166ms | tok/sec: 788,089 | mfu: 22.5% | epoch: 1 | remaining: 161s    
step 00846 (46.3%) | loss: 3.112913 | lrm: 0.77 | dt: 166ms | tok/sec: 788,200 | mfu: 22.6% | epoch: 1 | remaining: 161s    
step 00847 (46.3%) | loss: 3.119101 | lrm: 0.77 | dt: 166ms | tok/sec: 788,065 | mfu: 22.5% | epoch: 1 | remaining: 161s    
step 00848 (46.4%) | loss: 3.123697 | lrm: 0.77 | dt: 166ms | tok/sec: 788,077 | mfu: 22.5% | epoch: 1 | remaining: 161s    
step 00849 (46.4%) | loss: 3.123675 | lrm: 0.77 | dt: 166ms | tok/sec: 788,065 | mfu: 22.5% | epoch: 1 | remaining: 160s    
step 00850 (46.5%) | loss: 3.119351 | lrm: 0.76 | dt: 166ms | tok/sec: 787,952 | mfu: 22.5% | epoch: 1 | remaining: 160s    
step 00851 (46.6%) | loss: 3.113699 | lrm: 0.76 | dt: 166ms | tok/sec: 788,045 | mfu: 22.5% | epoch: 1 | remaining: 160s    
step 00852 (46.6%) | loss: 3.112871 | lrm: 0.76 | dt: 166ms | tok/sec: 787,922 | mfu: 22.5% | epoch: 1 | remaining: 160s    
step 00853 (46.7%) | loss: 3.112934 | lrm: 0.76 | dt: 166ms | tok/sec: 788,053 | mfu: 22.5% | epoch: 1 | remaining: 160s    
step 00854 (46.7%) | loss: 3.110148 | lrm: 0.76 | dt: 166ms | tok/sec: 788,196 | mfu: 22.6% | epoch: 1 | remaining: 160s    
step 00855 (46.8%) | loss: 3.104720 | lrm: 0.76 | dt: 166ms | tok/sec: 787,973 | mfu: 22.5% | epoch: 1 | remaining: 159s    
step 00856 (46.8%) | loss: 3.096346 | lrm: 0.76 | dt: 166ms | tok/sec: 788,053 | mfu: 22.5% | epoch: 1 | remaining: 159s    
step 00857 (46.9%) | loss: 3.098635 | lrm: 0.76 | dt: 166ms | tok/sec: 788,006 | mfu: 22.5% | epoch: 1 | remaining: 159s    
step 00858 (46.9%) | loss: 3.096828 | lrm: 0.76 | dt: 166ms | tok/sec: 788,143 | mfu: 22.6% | epoch: 1 | remaining: 159s    
step 00859 (47.0%) | loss: 3.095701 | lrm: 0.76 | dt: 166ms | tok/sec: 788,033 | mfu: 22.5% | epoch: 1 | remaining: 159s    
step 00860 (47.1%) | loss: 3.097859 | lrm: 0.76 | dt: 166ms | tok/sec: 787,857 | mfu: 22.5% | epoch: 1 | remaining: 159s    
step 00861 (47.1%) | loss: 3.102221 | lrm: 0.76 | dt: 166ms | tok/sec: 788,039 | mfu: 22.5% | epoch: 1 | remaining: 159s    
step 00862 (47.2%) | loss: 3.098669 | lrm: 0.75 | dt: 166ms | tok/sec: 787,969 | mfu: 22.5% | epoch: 1 | remaining: 158s    
step 00863 (47.2%) | loss: 3.099632 | lrm: 0.75 | dt: 166ms | tok/sec: 788,262 | mfu: 22.6% | epoch: 1 | remaining: 158s    
step 00864 (47.3%) | loss: 3.097465 | lrm: 0.75 | dt: 166ms | tok/sec: 787,789 | mfu: 22.5% | epoch: 1 | remaining: 158s    
step 00865 (47.3%) | loss: 3.092863 | lrm: 0.75 | dt: 166ms | tok/sec: 787,877 | mfu: 22.5% | epoch: 1 | remaining: 158s    
step 00866 (47.4%) | loss: 3.096798 | lrm: 0.75 | dt: 166ms | tok/sec: 788,109 | mfu: 22.5% | epoch: 1 | remaining: 158s    
step 00867 (47.4%) | loss: 3.099798 | lrm: 0.75 | dt: 166ms | tok/sec: 788,138 | mfu: 22.6% | epoch: 1 | remaining: 158s    
step 00868 (47.5%) | loss: 3.102408 | lrm: 0.75 | dt: 166ms | tok/sec: 788,125 | mfu: 22.6% | epoch: 1 | remaining: 157s    
step 00869 (47.6%) | loss: 3.106822 | lrm: 0.75 | dt: 166ms | tok/sec: 788,256 | mfu: 22.6% | epoch: 1 | remaining: 157s    
step 00870 (47.6%) | loss: 3.103643 | lrm: 0.75 | dt: 166ms | tok/sec: 787,932 | mfu: 22.5% | epoch: 1 | remaining: 157s    
step 00871 (47.7%) | loss: 3.111666 | lrm: 0.75 | dt: 166ms | tok/sec: 788,126 | mfu: 22.6% | epoch: 1 | remaining: 157s    
step 00872 (47.7%) | loss: 3.114452 | lrm: 0.75 | dt: 166ms | tok/sec: 787,862 | mfu: 22.5% | epoch: 1 | remaining: 157s    
step 00873 (47.8%) | loss: 3.108291 | lrm: 0.75 | dt: 166ms | tok/sec: 787,978 | mfu: 22.5% | epoch: 1 | remaining: 157s    
step 00874 (47.8%) | loss: 3.105377 | lrm: 0.75 | dt: 166ms | tok/sec: 787,739 | mfu: 22.5% | epoch: 1 | remaining: 156s    
step 00875 (47.9%) | loss: 3.107058 | lrm: 0.74 | dt: 166ms | tok/sec: 788,166 | mfu: 22.6% | epoch: 1 | remaining: 156s    
step 00876 (47.9%) | loss: 3.113025 | lrm: 0.74 | dt: 166ms | tok/sec: 787,970 | mfu: 22.5% | epoch: 1 | remaining: 156s    
step 00877 (48.0%) | loss: 3.107821 | lrm: 0.74 | dt: 166ms | tok/sec: 787,901 | mfu: 22.5% | epoch: 1 | remaining: 156s    
step 00878 (48.1%) | loss: 3.107252 | lrm: 0.74 | dt: 166ms | tok/sec: 787,765 | mfu: 22.5% | epoch: 1 | remaining: 156s    
step 00879 (48.1%) | loss: 3.108576 | lrm: 0.74 | dt: 166ms | tok/sec: 788,097 | mfu: 22.5% | epoch: 1 | remaining: 156s    
step 00880 (48.2%) | loss: 3.107839 | lrm: 0.74 | dt: 166ms | tok/sec: 788,165 | mfu: 22.6% | epoch: 1 | remaining: 155s    
step 00881 (48.2%) | loss: 3.108570 | lrm: 0.74 | dt: 166ms | tok/sec: 788,077 | mfu: 22.5% | epoch: 1 | remaining: 155s    
step 00882 (48.3%) | loss: 3.105436 | lrm: 0.74 | dt: 166ms | tok/sec: 787,943 | mfu: 22.5% | epoch: 1 | remaining: 155s    
step 00883 (48.3%) | loss: 3.114746 | lrm: 0.74 | dt: 166ms | tok/sec: 788,061 | mfu: 22.5% | epoch: 1 | remaining: 155s    
step 00884 (48.4%) | loss: 3.112762 | lrm: 0.74 | dt: 166ms | tok/sec: 787,927 | mfu: 22.5% | epoch: 1 | remaining: 155s    
step 00885 (48.4%) | loss: 3.115760 | lrm: 0.74 | dt: 166ms | tok/sec: 788,047 | mfu: 22.5% | epoch: 1 | remaining: 155s    
step 00886 (48.5%) | loss: 3.119346 | lrm: 0.74 | dt: 166ms | tok/sec: 787,930 | mfu: 22.5% | epoch: 1 | remaining: 154s    
step 00887 (48.6%) | loss: 3.120698 | lrm: 0.73 | dt: 166ms | tok/sec: 788,122 | mfu: 22.6% | epoch: 1 | remaining: 154s    
step 00888 (48.6%) | loss: 3.110787 | lrm: 0.73 | dt: 166ms | tok/sec: 787,864 | mfu: 22.5% | epoch: 1 | remaining: 154s    
step 00889 (48.7%) | loss: 3.098908 | lrm: 0.73 | dt: 166ms | tok/sec: 787,829 | mfu: 22.5% | epoch: 1 | remaining: 154s    
step 00890 (48.7%) | loss: 3.097280 | lrm: 0.73 | dt: 166ms | tok/sec: 787,962 | mfu: 22.5% | epoch: 1 | remaining: 154s    
step 00891 (48.8%) | loss: 3.094885 | lrm: 0.73 | dt: 166ms | tok/sec: 788,375 | mfu: 22.6% | epoch: 1 | remaining: 154s    
step 00892 (48.8%) | loss: 3.089329 | lrm: 0.73 | dt: 166ms | tok/sec: 788,112 | mfu: 22.6% | epoch: 1 | remaining: 153s    
step 00893 (48.9%) | loss: 3.092042 | lrm: 0.73 | dt: 166ms | tok/sec: 787,881 | mfu: 22.5% | epoch: 1 | remaining: 153s    
step 00894 (48.9%) | loss: 3.096018 | lrm: 0.73 | dt: 166ms | tok/sec: 788,003 | mfu: 22.5% | epoch: 1 | remaining: 153s    
step 00895 (49.0%) | loss: 3.098022 | lrm: 0.73 | dt: 166ms | tok/sec: 788,175 | mfu: 22.6% | epoch: 1 | remaining: 153s    
step 00896 (49.1%) | loss: 3.095792 | lrm: 0.73 | dt: 166ms | tok/sec: 787,800 | mfu: 22.5% | epoch: 1 | remaining: 153s    
step 00897 (49.1%) | loss: 3.096538 | lrm: 0.73 | dt: 166ms | tok/sec: 788,213 | mfu: 22.6% | epoch: 1 | remaining: 153s    
step 00898 (49.2%) | loss: 3.100921 | lrm: 0.73 | dt: 166ms | tok/sec: 788,115 | mfu: 22.6% | epoch: 1 | remaining: 152s    
step 00899 (49.2%) | loss: 3.097375 | lrm: 0.73 | dt: 166ms | tok/sec: 787,945 | mfu: 22.5% | epoch: 1 | remaining: 152s    
step 00900 (49.3%) | loss: 3.102698 | lrm: 0.72 | dt: 166ms | tok/sec: 787,445 | mfu: 22.5% | epoch: 1 | remaining: 152s    
step 00901 (49.3%) | loss: 3.099444 | lrm: 0.72 | dt: 166ms | tok/sec: 788,062 | mfu: 22.5% | epoch: 1 | remaining: 152s    
step 00902 (49.4%) | loss: 3.105862 | lrm: 0.72 | dt: 166ms | tok/sec: 788,047 | mfu: 22.5% | epoch: 1 | remaining: 152s    
step 00903 (49.4%) | loss: 3.101028 | lrm: 0.72 | dt: 166ms | tok/sec: 788,188 | mfu: 22.6% | epoch: 1 | remaining: 152s    
step 00904 (49.5%) | loss: 3.107505 | lrm: 0.72 | dt: 166ms | tok/sec: 788,013 | mfu: 22.5% | epoch: 1 | remaining: 151s    
step 00905 (49.6%) | loss: 3.107515 | lrm: 0.72 | dt: 166ms | tok/sec: 788,141 | mfu: 22.6% | epoch: 1 | remaining: 151s    
step 00906 (49.6%) | loss: 3.105028 | lrm: 0.72 | dt: 166ms | tok/sec: 787,980 | mfu: 22.5% | epoch: 1 | remaining: 151s    
step 00907 (49.7%) | loss: 3.112995 | lrm: 0.72 | dt: 166ms | tok/sec: 788,108 | mfu: 22.5% | epoch: 1 | remaining: 151s    
step 00908 (49.7%) | loss: 3.107695 | lrm: 0.72 | dt: 166ms | tok/sec: 788,088 | mfu: 22.5% | epoch: 1 | remaining: 151s    
step 00909 (49.8%) | loss: 3.106240 | lrm: 0.72 | dt: 166ms | tok/sec: 788,033 | mfu: 22.5% | epoch: 1 | remaining: 151s    
step 00910 (49.8%) | loss: 3.105667 | lrm: 0.72 | dt: 166ms | tok/sec: 788,050 | mfu: 22.5% | epoch: 1 | remaining: 150s    
step 00911 (49.9%) | loss: 3.105808 | lrm: 0.72 | dt: 166ms | tok/sec: 788,235 | mfu: 22.6% | epoch: 1 | remaining: 150s    
step 00912 (49.9%) | loss: 3.105655 | lrm: 0.72 | dt: 166ms | tok/sec: 787,911 | mfu: 22.5% | epoch: 1 | remaining: 150s    
step 00913 (50.0%) | loss: 3.109755 | lrm: 0.71 | dt: 166ms | tok/sec: 788,192 | mfu: 22.6% | epoch: 1 | remaining: 150s    
step 00914 (50.0%) | loss: 3.110376 | lrm: 0.71 | dt: 166ms | tok/sec: 788,197 | mfu: 22.6% | epoch: 1 | remaining: 150s    
step 00915 (50.1%) | loss: 3.107081 | lrm: 0.71 | dt: 166ms | tok/sec: 787,949 | mfu: 22.5% | epoch: 1 | remaining: 150s    
step 00916 (50.2%) | loss: 3.104320 | lrm: 0.71 | dt: 166ms | tok/sec: 788,010 | mfu: 22.5% | epoch: 1 | remaining: 149s    
step 00917 (50.2%) | loss: 3.106608 | lrm: 0.71 | dt: 166ms | tok/sec: 787,960 | mfu: 22.5% | epoch: 1 | remaining: 149s    
step 00918 (50.3%) | loss: 3.099662 | lrm: 0.71 | dt: 166ms | tok/sec: 788,017 | mfu: 22.5% | epoch: 1 | remaining: 149s    
step 00919 (50.3%) | loss: 3.104261 | lrm: 0.71 | dt: 166ms | tok/sec: 788,181 | mfu: 22.6% | epoch: 1 | remaining: 149s    
step 00920 (50.4%) | loss: 3.104863 | lrm: 0.71 | dt: 166ms | tok/sec: 788,109 | mfu: 22.5% | epoch: 1 | remaining: 149s    
step 00921 (50.4%) | loss: 3.104656 | lrm: 0.71 | dt: 166ms | tok/sec: 787,718 | mfu: 22.5% | epoch: 1 | remaining: 149s    
step 00922 (50.5%) | loss: 3.110552 | lrm: 0.71 | dt: 166ms | tok/sec: 787,937 | mfu: 22.5% | epoch: 1 | remaining: 148s    
step 00923 (50.5%) | loss: 3.108989 | lrm: 0.71 | dt: 166ms | tok/sec: 788,071 | mfu: 22.5% | epoch: 1 | remaining: 148s    
step 00924 (50.6%) | loss: 3.111305 | lrm: 0.71 | dt: 166ms | tok/sec: 788,036 | mfu: 22.5% | epoch: 1 | remaining: 148s    
step 00925 (50.7%) | loss: 3.110931 | lrm: 0.70 | dt: 166ms | tok/sec: 788,062 | mfu: 22.5% | epoch: 1 | remaining: 148s    
step 00926 (50.7%) | loss: 3.116782 | lrm: 0.70 | dt: 166ms | tok/sec: 788,157 | mfu: 22.6% | epoch: 1 | remaining: 148s    
step 00927 (50.8%) | loss: 3.112234 | lrm: 0.70 | dt: 166ms | tok/sec: 788,407 | mfu: 22.6% | epoch: 1 | remaining: 148s    
step 00928 (50.8%) | loss: 3.101935 | lrm: 0.70 | dt: 166ms | tok/sec: 787,983 | mfu: 22.5% | epoch: 1 | remaining: 147s    
step 00929 (50.9%) | loss: 3.101241 | lrm: 0.70 | dt: 166ms | tok/sec: 787,986 | mfu: 22.5% | epoch: 1 | remaining: 147s    
step 00930 (50.9%) | loss: 3.095332 | lrm: 0.70 | dt: 166ms | tok/sec: 788,175 | mfu: 22.6% | epoch: 1 | remaining: 147s    
step 00931 (51.0%) | loss: 3.096541 | lrm: 0.70 | dt: 166ms | tok/sec: 787,952 | mfu: 22.5% | epoch: 1 | remaining: 147s    
step 00932 (51.0%) | loss: 3.092524 | lrm: 0.70 | dt: 166ms | tok/sec: 787,972 | mfu: 22.5% | epoch: 1 | remaining: 147s    
step 00933 (51.1%) | loss: 3.094649 | lrm: 0.70 | dt: 166ms | tok/sec: 788,006 | mfu: 22.5% | epoch: 1 | remaining: 147s    
step 00934 (51.2%) | loss: 3.086760 | lrm: 0.70 | dt: 166ms | tok/sec: 788,044 | mfu: 22.5% | epoch: 1 | remaining: 146s    
step 00935 (51.2%) | loss: 3.090210 | lrm: 0.70 | dt: 166ms | tok/sec: 788,075 | mfu: 22.5% | epoch: 1 | remaining: 146s    
step 00936 (51.3%) | loss: 3.091271 | lrm: 0.70 | dt: 166ms | tok/sec: 788,041 | mfu: 22.5% | epoch: 1 | remaining: 146s    
step 00937 (51.3%) | loss: 3.099668 | lrm: 0.70 | dt: 166ms | tok/sec: 787,899 | mfu: 22.5% | epoch: 1 | remaining: 146s    
step 00938 (51.4%) | loss: 3.103888 | lrm: 0.69 | dt: 166ms | tok/sec: 787,940 | mfu: 22.5% | epoch: 1 | remaining: 146s    
step 00939 (51.4%) | loss: 3.095831 | lrm: 0.69 | dt: 166ms | tok/sec: 787,991 | mfu: 22.5% | epoch: 1 | remaining: 146s    
step 00940 (51.5%) | loss: 3.091610 | lrm: 0.69 | dt: 166ms | tok/sec: 787,881 | mfu: 22.5% | epoch: 1 | remaining: 145s    
step 00941 (51.5%) | loss: 3.095532 | lrm: 0.69 | dt: 166ms | tok/sec: 788,197 | mfu: 22.6% | epoch: 1 | remaining: 145s    
step 00942 (51.6%) | loss: 3.101252 | lrm: 0.69 | dt: 166ms | tok/sec: 787,827 | mfu: 22.5% | epoch: 1 | remaining: 145s    
step 00943 (51.7%) | loss: 3.090789 | lrm: 0.69 | dt: 166ms | tok/sec: 788,267 | mfu: 22.6% | epoch: 1 | remaining: 145s    
step 00944 (51.7%) | loss: 3.088688 | lrm: 0.69 | dt: 166ms | tok/sec: 787,989 | mfu: 22.5% | epoch: 1 | remaining: 145s    
step 00945 (51.8%) | loss: 3.087548 | lrm: 0.69 | dt: 166ms | tok/sec: 787,988 | mfu: 22.5% | epoch: 1 | remaining: 145s    
step 00946 (51.8%) | loss: 3.089305 | lrm: 0.69 | dt: 166ms | tok/sec: 787,940 | mfu: 22.5% | epoch: 1 | remaining: 144s    
step 00947 (51.9%) | loss: 3.083855 | lrm: 0.69 | dt: 166ms | tok/sec: 787,970 | mfu: 22.5% | epoch: 1 | remaining: 144s    
step 00948 (51.9%) | loss: 3.089260 | lrm: 0.69 | dt: 166ms | tok/sec: 787,785 | mfu: 22.5% | epoch: 1 | remaining: 144s    
step 00949 (52.0%) | loss: 3.095115 | lrm: 0.69 | dt: 166ms | tok/sec: 788,033 | mfu: 22.5% | epoch: 1 | remaining: 144s    
step 00950 (52.0%) | loss: 3.090066 | lrm: 0.69 | dt: 166ms | tok/sec: 787,809 | mfu: 22.5% | epoch: 1 | remaining: 144s    
step 00951 (52.1%) | loss: 3.084454 | lrm: 0.68 | dt: 166ms | tok/sec: 788,096 | mfu: 22.5% | epoch: 1 | remaining: 144s    
step 00952 (52.2%) | loss: 3.091290 | lrm: 0.68 | dt: 166ms | tok/sec: 788,157 | mfu: 22.6% | epoch: 1 | remaining: 143s    
step 00953 (52.2%) | loss: 3.087616 | lrm: 0.68 | dt: 166ms | tok/sec: 788,108 | mfu: 22.5% | epoch: 1 | remaining: 143s    
step 00954 (52.3%) | loss: 3.092303 | lrm: 0.68 | dt: 166ms | tok/sec: 787,840 | mfu: 22.5% | epoch: 1 | remaining: 143s    
step 00955 (52.3%) | loss: 3.090696 | lrm: 0.68 | dt: 166ms | tok/sec: 788,126 | mfu: 22.6% | epoch: 1 | remaining: 143s    
step 00956 (52.4%) | loss: 3.090377 | lrm: 0.68 | dt: 166ms | tok/sec: 787,978 | mfu: 22.5% | epoch: 1 | remaining: 143s    
step 00957 (52.4%) | loss: 3.097237 | lrm: 0.68 | dt: 166ms | tok/sec: 788,285 | mfu: 22.6% | epoch: 1 | remaining: 143s    
step 00958 (52.5%) | loss: 3.090197 | lrm: 0.68 | dt: 166ms | tok/sec: 787,788 | mfu: 22.5% | epoch: 1 | remaining: 142s    
step 00959 (52.5%) | loss: 3.093087 | lrm: 0.68 | dt: 166ms | tok/sec: 788,062 | mfu: 22.5% | epoch: 1 | remaining: 142s    
step 00960 (52.6%) | loss: 3.091703 | lrm: 0.68 | dt: 166ms | tok/sec: 788,117 | mfu: 22.6% | epoch: 1 | remaining: 142s    
step 00961 (52.7%) | loss: 3.083728 | lrm: 0.68 | dt: 166ms | tok/sec: 787,996 | mfu: 22.5% | epoch: 1 | remaining: 142s    
step 00962 (52.7%) | loss: 3.080058 | lrm: 0.68 | dt: 166ms | tok/sec: 787,978 | mfu: 22.5% | epoch: 1 | remaining: 142s    
step 00963 (52.8%) | loss: 3.074707 | lrm: 0.67 | dt: 166ms | tok/sec: 788,304 | mfu: 22.6% | epoch: 1 | remaining: 142s    
step 00964 (52.8%) | loss: 3.069058 | lrm: 0.67 | dt: 166ms | tok/sec: 788,199 | mfu: 22.6% | epoch: 1 | remaining: 141s    
step 00965 (52.9%) | loss: 3.061168 | lrm: 0.67 | dt: 166ms | tok/sec: 787,908 | mfu: 22.5% | epoch: 1 | remaining: 141s    
step 00966 (52.9%) | loss: 3.061209 | lrm: 0.67 | dt: 166ms | tok/sec: 788,092 | mfu: 22.5% | epoch: 1 | remaining: 141s    
step 00967 (53.0%) | loss: 3.065342 | lrm: 0.67 | dt: 166ms | tok/sec: 788,014 | mfu: 22.5% | epoch: 1 | remaining: 141s    
step 00968 (53.0%) | loss: 3.066759 | lrm: 0.67 | dt: 166ms | tok/sec: 788,294 | mfu: 22.6% | epoch: 1 | remaining: 141s    
step 00969 (53.1%) | loss: 3.063135 | lrm: 0.67 | dt: 166ms | tok/sec: 788,179 | mfu: 22.6% | epoch: 1 | remaining: 141s    
step 00970 (53.2%) | loss: 3.068486 | lrm: 0.67 | dt: 166ms | tok/sec: 788,032 | mfu: 22.5% | epoch: 1 | remaining: 140s    
step 00971 (53.2%) | loss: 3.069588 | lrm: 0.67 | dt: 166ms | tok/sec: 787,996 | mfu: 22.5% | epoch: 1 | remaining: 140s    
step 00972 (53.3%) | loss: 3.072893 | lrm: 0.67 | dt: 166ms | tok/sec: 788,066 | mfu: 22.5% | epoch: 1 | remaining: 140s    
step 00973 (53.3%) | loss: 3.076773 | lrm: 0.67 | dt: 166ms | tok/sec: 788,056 | mfu: 22.5% | epoch: 1 | remaining: 140s    
step 00974 (53.4%) | loss: 3.080225 | lrm: 0.67 | dt: 166ms | tok/sec: 787,993 | mfu: 22.5% | epoch: 1 | remaining: 140s    
step 00975 (53.4%) | loss: 3.077197 | lrm: 0.67 | dt: 166ms | tok/sec: 787,869 | mfu: 22.5% | epoch: 1 | remaining: 140s    
step 00976 (53.5%) | loss: 3.081798 | lrm: 0.66 | dt: 166ms | tok/sec: 787,961 | mfu: 22.5% | epoch: 1 | remaining: 139s    
step 00977 (53.5%) | loss: 3.083454 | lrm: 0.66 | dt: 166ms | tok/sec: 787,980 | mfu: 22.5% | epoch: 1 | remaining: 139s    
step 00978 (53.6%) | loss: 3.084391 | lrm: 0.66 | dt: 166ms | tok/sec: 788,215 | mfu: 22.6% | epoch: 1 | remaining: 139s    
step 00979 (53.7%) | loss: 3.082143 | lrm: 0.66 | dt: 166ms | tok/sec: 788,091 | mfu: 22.5% | epoch: 1 | remaining: 139s    
step 00980 (53.7%) | loss: 3.087772 | lrm: 0.66 | dt: 166ms | tok/sec: 788,068 | mfu: 22.5% | epoch: 1 | remaining: 139s    
step 00981 (53.8%) | loss: 3.083336 | lrm: 0.66 | dt: 166ms | tok/sec: 788,050 | mfu: 22.5% | epoch: 1 | remaining: 139s    
step 00982 (53.8%) | loss: 3.078767 | lrm: 0.66 | dt: 166ms | tok/sec: 787,895 | mfu: 22.5% | epoch: 1 | remaining: 138s    
step 00983 (53.9%) | loss: 3.069119 | lrm: 0.66 | dt: 166ms | tok/sec: 787,979 | mfu: 22.5% | epoch: 1 | remaining: 138s    
step 00984 (53.9%) | loss: 3.068769 | lrm: 0.66 | dt: 166ms | tok/sec: 787,754 | mfu: 22.5% | epoch: 1 | remaining: 138s    
step 00985 (54.0%) | loss: 3.063409 | lrm: 0.66 | dt: 166ms | tok/sec: 788,154 | mfu: 22.6% | epoch: 1 | remaining: 138s    
step 00986 (54.0%) | loss: 3.058356 | lrm: 0.66 | dt: 166ms | tok/sec: 787,826 | mfu: 22.5% | epoch: 1 | remaining: 138s    
step 00987 (54.1%) | loss: 3.058784 | lrm: 0.66 | dt: 166ms | tok/sec: 788,010 | mfu: 22.5% | epoch: 1 | remaining: 138s    
step 00988 (54.2%) | loss: 3.066801 | lrm: 0.65 | dt: 166ms | tok/sec: 788,196 | mfu: 22.6% | epoch: 1 | remaining: 137s    
step 00989 (54.2%) | loss: 3.067848 | lrm: 0.65 | dt: 166ms | tok/sec: 788,126 | mfu: 22.6% | epoch: 1 | remaining: 137s    
step 00990 (54.3%) | loss: 3.061665 | lrm: 0.65 | dt: 166ms | tok/sec: 788,022 | mfu: 22.5% | epoch: 1 | remaining: 137s    
step 00991 (54.3%) | loss: 3.051956 | lrm: 0.65 | dt: 166ms | tok/sec: 788,007 | mfu: 22.5% | epoch: 1 | remaining: 137s    
step 00992 (54.4%) | loss: 3.049922 | lrm: 0.65 | dt: 166ms | tok/sec: 788,197 | mfu: 22.6% | epoch: 1 | remaining: 137s    
step 00993 (54.4%) | loss: 3.051918 | lrm: 0.65 | dt: 166ms | tok/sec: 787,798 | mfu: 22.5% | epoch: 1 | remaining: 137s    
step 00994 (54.5%) | loss: 3.055177 | lrm: 0.65 | dt: 166ms | tok/sec: 788,023 | mfu: 22.5% | epoch: 1 | remaining: 136s    
step 00995 (54.5%) | loss: 3.057604 | lrm: 0.65 | dt: 166ms | tok/sec: 788,112 | mfu: 22.6% | epoch: 1 | remaining: 136s    
step 00996 (54.6%) | loss: 3.060146 | lrm: 0.65 | dt: 166ms | tok/sec: 788,114 | mfu: 22.6% | epoch: 1 | remaining: 136s    
step 00997 (54.7%) | loss: 3.063968 | lrm: 0.65 | dt: 166ms | tok/sec: 788,088 | mfu: 22.5% | epoch: 1 | remaining: 136s    
step 00998 (54.7%) | loss: 3.061915 | lrm: 0.65 | dt: 166ms | tok/sec: 788,117 | mfu: 22.6% | epoch: 1 | remaining: 136s    
step 00999 (54.8%) | loss: 3.066047 | lrm: 0.65 | dt: 166ms | tok/sec: 787,971 | mfu: 22.5% | epoch: 1 | remaining: 136s    
step 01000 (54.8%) | loss: 3.057285 | lrm: 0.65 | dt: 166ms | tok/sec: 788,071 | mfu: 22.5% | epoch: 1 | remaining: 135s    
step 01001 (54.9%) | loss: 3.055402 | lrm: 0.64 | dt: 166ms | tok/sec: 788,096 | mfu: 22.5% | epoch: 1 | remaining: 135s    
step 01002 (54.9%) | loss: 3.056180 | lrm: 0.64 | dt: 166ms | tok/sec: 788,261 | mfu: 22.6% | epoch: 1 | remaining: 135s    
step 01003 (55.0%) | loss: 3.058562 | lrm: 0.64 | dt: 166ms | tok/sec: 788,171 | mfu: 22.6% | epoch: 1 | remaining: 135s    
step 01004 (55.0%) | loss: 3.059131 | lrm: 0.64 | dt: 166ms | tok/sec: 788,015 | mfu: 22.5% | epoch: 1 | remaining: 135s    
step 01005 (55.1%) | loss: 3.056443 | lrm: 0.64 | dt: 166ms | tok/sec: 787,718 | mfu: 22.5% | epoch: 1 | remaining: 135s    
step 01006 (55.2%) | loss: 3.060872 | lrm: 0.64 | dt: 166ms | tok/sec: 787,834 | mfu: 22.5% | epoch: 1 | remaining: 134s    
step 01007 (55.2%) | loss: 3.064259 | lrm: 0.64 | dt: 166ms | tok/sec: 787,945 | mfu: 22.5% | epoch: 1 | remaining: 134s    
step 01008 (55.3%) | loss: 3.063019 | lrm: 0.64 | dt: 166ms | tok/sec: 787,903 | mfu: 22.5% | epoch: 1 | remaining: 134s    
step 01009 (55.3%) | loss: 3.063341 | lrm: 0.64 | dt: 166ms | tok/sec: 788,132 | mfu: 22.6% | epoch: 1 | remaining: 134s    
step 01010 (55.4%) | loss: 3.066280 | lrm: 0.64 | dt: 166ms | tok/sec: 787,929 | mfu: 22.5% | epoch: 1 | remaining: 134s    
step 01011 (55.4%) | loss: 3.068481 | lrm: 0.64 | dt: 166ms | tok/sec: 787,922 | mfu: 22.5% | epoch: 1 | remaining: 134s    
step 01012 (55.5%) | loss: 3.072912 | lrm: 0.64 | dt: 166ms | tok/sec: 788,132 | mfu: 22.6% | epoch: 1 | remaining: 133s    
step 01013 (55.5%) | loss: 3.064937 | lrm: 0.64 | dt: 166ms | tok/sec: 787,747 | mfu: 22.5% | epoch: 1 | remaining: 133s    
step 01014 (55.6%) | loss: 3.073588 | lrm: 0.63 | dt: 167ms | tok/sec: 785,798 | mfu: 22.5% | epoch: 1 | remaining: 133s    
step 01015 (55.6%) | loss: 3.070529 | lrm: 0.63 | dt: 166ms | tok/sec: 787,629 | mfu: 22.5% | epoch: 1 | remaining: 133s    
step 01016 (55.7%) | loss: 3.063713 | lrm: 0.63 | dt: 166ms | tok/sec: 787,646 | mfu: 22.5% | epoch: 1 | remaining: 133s    
step 01017 (55.8%) | loss: 3.051212 | lrm: 0.63 | dt: 166ms | tok/sec: 787,811 | mfu: 22.5% | epoch: 1 | remaining: 133s    
step 01018 (55.8%) | loss: 3.055075 | lrm: 0.63 | dt: 166ms | tok/sec: 787,583 | mfu: 22.5% | epoch: 1 | remaining: 132s    
step 01019 (55.9%) | loss: 3.061629 | lrm: 0.63 | dt: 166ms | tok/sec: 787,827 | mfu: 22.5% | epoch: 1 | remaining: 132s    
step 01020 (55.9%) | loss: 3.052891 | lrm: 0.63 | dt: 166ms | tok/sec: 788,143 | mfu: 22.6% | epoch: 1 | remaining: 132s    
step 01021 (56.0%) | loss: 3.055576 | lrm: 0.63 | dt: 166ms | tok/sec: 788,049 | mfu: 22.5% | epoch: 1 | remaining: 132s    
step 01022 (56.0%) | loss: 3.059154 | lrm: 0.63 | dt: 166ms | tok/sec: 787,613 | mfu: 22.5% | epoch: 1 | remaining: 132s    
step 01023 (56.1%) | loss: 3.057756 | lrm: 0.63 | dt: 166ms | tok/sec: 787,920 | mfu: 22.5% | epoch: 1 | remaining: 132s    
step 01024 (56.1%) | loss: 3.054136 | lrm: 0.63 | dt: 166ms | tok/sec: 787,971 | mfu: 22.5% | epoch: 1 | remaining: 131s    
step 01025 (56.2%) | loss: 3.056880 | lrm: 0.63 | dt: 166ms | tok/sec: 787,966 | mfu: 22.5% | epoch: 1 | remaining: 131s    
step 01026 (56.3%) | loss: 3.051454 | lrm: 0.62 | dt: 166ms | tok/sec: 787,951 | mfu: 22.5% | epoch: 1 | remaining: 131s    
step 01027 (56.3%) | loss: 3.050367 | lrm: 0.62 | dt: 166ms | tok/sec: 788,443 | mfu: 22.6% | epoch: 1 | remaining: 131s    
step 01028 (56.4%) | loss: 3.052727 | lrm: 0.62 | dt: 166ms | tok/sec: 787,999 | mfu: 22.5% | epoch: 1 | remaining: 131s    
step 01029 (56.4%) | loss: 3.044121 | lrm: 0.62 | dt: 166ms | tok/sec: 787,923 | mfu: 22.5% | epoch: 1 | remaining: 131s    
step 01030 (56.5%) | loss: 3.042667 | lrm: 0.62 | dt: 166ms | tok/sec: 788,059 | mfu: 22.5% | epoch: 1 | remaining: 130s    
step 01031 (56.5%) | loss: 3.050707 | lrm: 0.62 | dt: 166ms | tok/sec: 787,988 | mfu: 22.5% | epoch: 1 | remaining: 130s    
step 01032 (56.6%) | loss: 3.047016 | lrm: 0.62 | dt: 166ms | tok/sec: 788,127 | mfu: 22.6% | epoch: 1 | remaining: 130s    
step 01033 (56.6%) | loss: 3.050729 | lrm: 0.62 | dt: 166ms | tok/sec: 787,905 | mfu: 22.5% | epoch: 1 | remaining: 130s    
step 01034 (56.7%) | loss: 3.048702 | lrm: 0.62 | dt: 166ms | tok/sec: 787,875 | mfu: 22.5% | epoch: 1 | remaining: 130s    
step 01035 (56.8%) | loss: 3.042410 | lrm: 0.62 | dt: 166ms | tok/sec: 788,178 | mfu: 22.6% | epoch: 1 | remaining: 130s    
step 01036 (56.8%) | loss: 3.043521 | lrm: 0.62 | dt: 166ms | tok/sec: 788,067 | mfu: 22.5% | epoch: 1 | remaining: 129s    
step 01037 (56.9%) | loss: 3.048989 | lrm: 0.62 | dt: 166ms | tok/sec: 788,057 | mfu: 22.5% | epoch: 1 | remaining: 129s    
step 01038 (56.9%) | loss: 3.050248 | lrm: 0.62 | dt: 166ms | tok/sec: 787,998 | mfu: 22.5% | epoch: 1 | remaining: 129s    
step 01039 (57.0%) | loss: 3.051050 | lrm: 0.61 | dt: 166ms | tok/sec: 787,923 | mfu: 22.5% | epoch: 1 | remaining: 129s    
step 01040 (57.0%) | loss: 3.055140 | lrm: 0.61 | dt: 166ms | tok/sec: 788,076 | mfu: 22.5% | epoch: 1 | remaining: 129s    
step 01041 (57.1%) | loss: 3.053371 | lrm: 0.61 | dt: 166ms | tok/sec: 788,189 | mfu: 22.6% | epoch: 1 | remaining: 129s    
step 01042 (57.1%) | loss: 3.055896 | lrm: 0.61 | dt: 166ms | tok/sec: 788,100 | mfu: 22.5% | epoch: 1 | remaining: 128s    
step 01043 (57.2%) | loss: 3.051891 | lrm: 0.61 | dt: 166ms | tok/sec: 788,027 | mfu: 22.5% | epoch: 1 | remaining: 128s    
step 01044 (57.3%) | loss: 3.054711 | lrm: 0.61 | dt: 166ms | tok/sec: 787,907 | mfu: 22.5% | epoch: 1 | remaining: 128s    
step 01045 (57.3%) | loss: 3.049740 | lrm: 0.61 | dt: 166ms | tok/sec: 787,975 | mfu: 22.5% | epoch: 1 | remaining: 128s    
step 01046 (57.4%) | loss: 3.050723 | lrm: 0.61 | dt: 166ms | tok/sec: 788,145 | mfu: 22.6% | epoch: 1 | remaining: 128s    
step 01047 (57.4%) | loss: 3.045948 | lrm: 0.61 | dt: 166ms | tok/sec: 788,022 | mfu: 22.5% | epoch: 1 | remaining: 128s    
step 01048 (57.5%) | loss: 3.048600 | lrm: 0.61 | dt: 166ms | tok/sec: 788,023 | mfu: 22.5% | epoch: 1 | remaining: 127s    
step 01049 (57.5%) | loss: 3.052351 | lrm: 0.61 | dt: 166ms | tok/sec: 788,187 | mfu: 22.6% | epoch: 1 | remaining: 127s    
step 01050 (57.6%) | loss: 3.050111 | lrm: 0.61 | dt: 166ms | tok/sec: 788,105 | mfu: 22.5% | epoch: 1 | remaining: 127s    
step 01051 (57.6%) | loss: 3.054271 | lrm: 0.61 | dt: 166ms | tok/sec: 787,958 | mfu: 22.5% | epoch: 1 | remaining: 127s    
step 01052 (57.7%) | loss: 3.047708 | lrm: 0.60 | dt: 166ms | tok/sec: 787,991 | mfu: 22.5% | epoch: 1 | remaining: 127s    
step 01053 (57.8%) | loss: 3.047895 | lrm: 0.60 | dt: 166ms | tok/sec: 788,100 | mfu: 22.5% | epoch: 1 | remaining: 127s    
step 01054 (57.8%) | loss: 3.042551 | lrm: 0.60 | dt: 166ms | tok/sec: 788,093 | mfu: 22.5% | epoch: 1 | remaining: 126s    
step 01055 (57.9%) | loss: 3.048660 | lrm: 0.60 | dt: 166ms | tok/sec: 787,934 | mfu: 22.5% | epoch: 1 | remaining: 126s    
step 01056 (57.9%) | loss: 3.048250 | lrm: 0.60 | dt: 166ms | tok/sec: 787,867 | mfu: 22.5% | epoch: 1 | remaining: 126s    
step 01057 (58.0%) | loss: 3.043205 | lrm: 0.60 | dt: 166ms | tok/sec: 788,174 | mfu: 22.6% | epoch: 1 | remaining: 126s    
step 01058 (58.0%) | loss: 3.043031 | lrm: 0.60 | dt: 166ms | tok/sec: 788,064 | mfu: 22.5% | epoch: 1 | remaining: 126s    
step 01059 (58.1%) | loss: 3.047135 | lrm: 0.60 | dt: 166ms | tok/sec: 788,234 | mfu: 22.6% | epoch: 1 | remaining: 126s    
step 01060 (58.1%) | loss: 3.052481 | lrm: 0.60 | dt: 166ms | tok/sec: 787,948 | mfu: 22.5% | epoch: 1 | remaining: 125s    
step 01061 (58.2%) | loss: 3.042374 | lrm: 0.60 | dt: 166ms | tok/sec: 788,035 | mfu: 22.5% | epoch: 1 | remaining: 125s    
step 01062 (58.3%) | loss: 3.041587 | lrm: 0.60 | dt: 166ms | tok/sec: 787,804 | mfu: 22.5% | epoch: 1 | remaining: 125s    
step 01063 (58.3%) | loss: 3.042177 | lrm: 0.60 | dt: 166ms | tok/sec: 788,126 | mfu: 22.6% | epoch: 1 | remaining: 125s    
step 01064 (58.4%) | loss: 3.035543 | lrm: 0.59 | dt: 166ms | tok/sec: 788,278 | mfu: 22.6% | epoch: 1 | remaining: 125s    
step 01065 (58.4%) | loss: 3.043560 | lrm: 0.59 | dt: 166ms | tok/sec: 788,140 | mfu: 22.6% | epoch: 1 | remaining: 125s    
step 01066 (58.5%) | loss: 3.040792 | lrm: 0.59 | dt: 166ms | tok/sec: 787,869 | mfu: 22.5% | epoch: 1 | remaining: 124s    
step 01067 (58.5%) | loss: 3.036516 | lrm: 0.59 | dt: 166ms | tok/sec: 788,077 | mfu: 22.5% | epoch: 1 | remaining: 124s    
step 01068 (58.6%) | loss: 3.038330 | lrm: 0.59 | dt: 166ms | tok/sec: 787,907 | mfu: 22.5% | epoch: 1 | remaining: 124s    
step 01069 (58.6%) | loss: 3.033254 | lrm: 0.59 | dt: 166ms | tok/sec: 787,928 | mfu: 22.5% | epoch: 1 | remaining: 124s    
step 01070 (58.7%) | loss: 3.036345 | lrm: 0.59 | dt: 166ms | tok/sec: 788,293 | mfu: 22.6% | epoch: 1 | remaining: 124s    
step 01071 (58.8%) | loss: 3.029791 | lrm: 0.59 | dt: 166ms | tok/sec: 788,144 | mfu: 22.6% | epoch: 1 | remaining: 124s    
step 01072 (58.8%) | loss: 3.030460 | lrm: 0.59 | dt: 166ms | tok/sec: 788,091 | mfu: 22.5% | epoch: 1 | remaining: 123s    
step 01073 (58.9%) | loss: 3.022078 | lrm: 0.59 | dt: 166ms | tok/sec: 788,227 | mfu: 22.6% | epoch: 1 | remaining: 123s    
step 01074 (58.9%) | loss: 3.019408 | lrm: 0.59 | dt: 166ms | tok/sec: 788,139 | mfu: 22.6% | epoch: 1 | remaining: 123s    
step 01075 (59.0%) | loss: 3.026337 | lrm: 0.59 | dt: 166ms | tok/sec: 788,023 | mfu: 22.5% | epoch: 1 | remaining: 123s    
step 01076 (59.0%) | loss: 3.030864 | lrm: 0.59 | dt: 166ms | tok/sec: 788,018 | mfu: 22.5% | epoch: 1 | remaining: 123s    
step 01077 (59.1%) | loss: 3.033465 | lrm: 0.58 | dt: 166ms | tok/sec: 788,192 | mfu: 22.6% | epoch: 1 | remaining: 123s    
step 01078 (59.1%) | loss: 3.033715 | lrm: 0.58 | dt: 166ms | tok/sec: 787,869 | mfu: 22.5% | epoch: 1 | remaining: 122s    
step 01079 (59.2%) | loss: 3.028044 | lrm: 0.58 | dt: 166ms | tok/sec: 788,065 | mfu: 22.5% | epoch: 1 | remaining: 122s    
step 01080 (59.3%) | loss: 3.031455 | lrm: 0.58 | dt: 166ms | tok/sec: 788,009 | mfu: 22.5% | epoch: 1 | remaining: 122s    
step 01081 (59.3%) | loss: 3.031535 | lrm: 0.58 | dt: 166ms | tok/sec: 787,698 | mfu: 22.5% | epoch: 1 | remaining: 122s    
step 01082 (59.4%) | loss: 3.032260 | lrm: 0.58 | dt: 166ms | tok/sec: 788,005 | mfu: 22.5% | epoch: 1 | remaining: 122s    
step 01083 (59.4%) | loss: 3.035078 | lrm: 0.58 | dt: 166ms | tok/sec: 787,987 | mfu: 22.5% | epoch: 1 | remaining: 122s    
step 01084 (59.5%) | loss: 3.033554 | lrm: 0.58 | dt: 166ms | tok/sec: 787,953 | mfu: 22.5% | epoch: 1 | remaining: 121s    
step 01085 (59.5%) | loss: 3.028899 | lrm: 0.58 | dt: 166ms | tok/sec: 788,008 | mfu: 22.5% | epoch: 1 | remaining: 121s    
step 01086 (59.6%) | loss: 3.032081 | lrm: 0.58 | dt: 166ms | tok/sec: 788,083 | mfu: 22.5% | epoch: 1 | remaining: 121s    
step 01087 (59.6%) | loss: 3.031625 | lrm: 0.58 | dt: 166ms | tok/sec: 788,166 | mfu: 22.6% | epoch: 1 | remaining: 121s    
step 01088 (59.7%) | loss: 3.031091 | lrm: 0.58 | dt: 166ms | tok/sec: 788,147 | mfu: 22.6% | epoch: 1 | remaining: 121s    
step 01089 (59.8%) | loss: 3.036481 | lrm: 0.57 | dt: 167ms | tok/sec: 786,958 | mfu: 22.5% | epoch: 1 | remaining: 121s    
step 01090 (59.8%) | loss: 3.038849 | lrm: 0.57 | dt: 166ms | tok/sec: 787,413 | mfu: 22.5% | epoch: 1 | remaining: 120s    
step 01091 (59.9%) | loss: 3.040647 | lrm: 0.57 | dt: 166ms | tok/sec: 787,716 | mfu: 22.5% | epoch: 1 | remaining: 120s    
step 01092 (59.9%) | loss: 3.038523 | lrm: 0.57 | dt: 166ms | tok/sec: 787,795 | mfu: 22.5% | epoch: 1 | remaining: 120s    
step 01093 (60.0%) | loss: 3.039693 | lrm: 0.57 | dt: 166ms | tok/sec: 787,730 | mfu: 22.5% | epoch: 1 | remaining: 120s    
step 01094 (60.0%) | loss: 3.035794 | lrm: 0.57 | dt: 166ms | tok/sec: 787,829 | mfu: 22.5% | epoch: 1 | remaining: 120s    
step 01095 (60.1%) | loss: 3.033330 | lrm: 0.57 | dt: 166ms | tok/sec: 787,983 | mfu: 22.5% | epoch: 1 | remaining: 120s    
step 01096 (60.1%) | loss: 3.030634 | lrm: 0.57 | dt: 166ms | tok/sec: 788,129 | mfu: 22.6% | epoch: 1 | remaining: 119s    
step 01097 (60.2%) | loss: 3.033480 | lrm: 0.57 | dt: 166ms | tok/sec: 787,892 | mfu: 22.5% | epoch: 1 | remaining: 119s    
step 01098 (60.3%) | loss: 3.034151 | lrm: 0.57 | dt: 166ms | tok/sec: 787,815 | mfu: 22.5% | epoch: 1 | remaining: 119s    
step 01099 (60.3%) | loss: 3.030494 | lrm: 0.57 | dt: 166ms | tok/sec: 787,930 | mfu: 22.5% | epoch: 1 | remaining: 119s    
step 01100 (60.4%) | loss: 3.033942 | lrm: 0.57 | dt: 166ms | tok/sec: 788,041 | mfu: 22.5% | epoch: 1 | remaining: 119s    
step 01101 (60.4%) | loss: 3.032333 | lrm: 0.57 | dt: 166ms | tok/sec: 787,820 | mfu: 22.5% | epoch: 1 | remaining: 119s    
step 01102 (60.5%) | loss: 3.028693 | lrm: 0.56 | dt: 166ms | tok/sec: 788,140 | mfu: 22.6% | epoch: 1 | remaining: 118s    
step 01103 (60.5%) | loss: 3.025439 | lrm: 0.56 | dt: 166ms | tok/sec: 787,965 | mfu: 22.5% | epoch: 1 | remaining: 118s    
step 01104 (60.6%) | loss: 3.026680 | lrm: 0.56 | dt: 166ms | tok/sec: 788,054 | mfu: 22.5% | epoch: 1 | remaining: 118s    
step 01105 (60.6%) | loss: 3.024400 | lrm: 0.56 | dt: 166ms | tok/sec: 788,036 | mfu: 22.5% | epoch: 1 | remaining: 118s    
step 01106 (60.7%) | loss: 3.031907 | lrm: 0.56 | dt: 166ms | tok/sec: 788,207 | mfu: 22.6% | epoch: 1 | remaining: 118s    
step 01107 (60.8%) | loss: 3.036650 | lrm: 0.56 | dt: 166ms | tok/sec: 787,940 | mfu: 22.5% | epoch: 1 | remaining: 118s    
step 01108 (60.8%) | loss: 3.037951 | lrm: 0.56 | dt: 167ms | tok/sec: 786,652 | mfu: 22.5% | epoch: 1 | remaining: 117s    
step 01109 (60.9%) | loss: 3.031854 | lrm: 0.56 | dt: 166ms | tok/sec: 787,298 | mfu: 22.5% | epoch: 1 | remaining: 117s    
step 01110 (60.9%) | loss: 3.030381 | lrm: 0.56 | dt: 166ms | tok/sec: 787,762 | mfu: 22.5% | epoch: 1 | remaining: 117s    
step 01111 (61.0%) | loss: 3.028594 | lrm: 0.56 | dt: 166ms | tok/sec: 787,932 | mfu: 22.5% | epoch: 1 | remaining: 117s    
step 01112 (61.0%) | loss: 3.032260 | lrm: 0.56 | dt: 166ms | tok/sec: 788,078 | mfu: 22.5% | epoch: 1 | remaining: 117s    
step 01113 (61.1%) | loss: 3.033627 | lrm: 0.56 | dt: 166ms | tok/sec: 787,890 | mfu: 22.5% | epoch: 1 | remaining: 117s    
step 01114 (61.1%) | loss: 3.027989 | lrm: 0.56 | dt: 166ms | tok/sec: 787,844 | mfu: 22.5% | epoch: 1 | remaining: 116s    
step 01115 (61.2%) | loss: 3.028371 | lrm: 0.55 | dt: 166ms | tok/sec: 787,912 | mfu: 22.5% | epoch: 1 | remaining: 116s    
step 01116 (61.2%) | loss: 3.030629 | lrm: 0.55 | dt: 166ms | tok/sec: 788,042 | mfu: 22.5% | epoch: 1 | remaining: 116s    
step 01117 (61.3%) | loss: 3.029340 | lrm: 0.55 | dt: 166ms | tok/sec: 788,048 | mfu: 22.5% | epoch: 1 | remaining: 116s    
step 01118 (61.4%) | loss: 3.033843 | lrm: 0.55 | dt: 166ms | tok/sec: 788,018 | mfu: 22.5% | epoch: 1 | remaining: 116s    
step 01119 (61.4%) | loss: 3.032044 | lrm: 0.55 | dt: 166ms | tok/sec: 788,241 | mfu: 22.6% | epoch: 1 | remaining: 116s    
step 01120 (61.5%) | loss: 3.030863 | lrm: 0.55 | dt: 166ms | tok/sec: 788,303 | mfu: 22.6% | epoch: 1 | remaining: 115s    
step 01121 (61.5%) | loss: 3.029104 | lrm: 0.55 | dt: 166ms | tok/sec: 788,153 | mfu: 22.6% | epoch: 1 | remaining: 115s    
step 01122 (61.6%) | loss: 3.026425 | lrm: 0.55 | dt: 166ms | tok/sec: 788,146 | mfu: 22.6% | epoch: 1 | remaining: 115s    
step 01123 (61.6%) | loss: 3.029165 | lrm: 0.55 | dt: 166ms | tok/sec: 788,060 | mfu: 22.5% | epoch: 1 | remaining: 115s    
step 01124 (61.7%) | loss: 3.032948 | lrm: 0.55 | dt: 166ms | tok/sec: 788,047 | mfu: 22.5% | epoch: 1 | remaining: 115s    
step 01125 (61.7%) | loss: 3.032077 | lrm: 0.55 | dt: 166ms | tok/sec: 788,226 | mfu: 22.6% | epoch: 1 | remaining: 115s    
step 01126 (61.8%) | loss: 3.035298 | lrm: 0.55 | dt: 166ms | tok/sec: 787,939 | mfu: 22.5% | epoch: 1 | remaining: 114s    
step 01127 (61.9%) | loss: 3.034004 | lrm: 0.54 | dt: 167ms | tok/sec: 786,374 | mfu: 22.5% | epoch: 1 | remaining: 114s    
step 01128 (61.9%) | loss: 3.038882 | lrm: 0.54 | dt: 166ms | tok/sec: 787,686 | mfu: 22.5% | epoch: 1 | remaining: 114s    
step 01129 (62.0%) | loss: 3.039701 | lrm: 0.54 | dt: 166ms | tok/sec: 787,874 | mfu: 22.5% | epoch: 1 | remaining: 114s    
step 01130 (62.0%) | loss: 3.038510 | lrm: 0.54 | dt: 166ms | tok/sec: 787,944 | mfu: 22.5% | epoch: 1 | remaining: 114s    
step 01131 (62.1%) | loss: 3.036150 | lrm: 0.54 | dt: 166ms | tok/sec: 788,030 | mfu: 22.5% | epoch: 1 | remaining: 114s    
step 01132 (62.1%) | loss: 3.032888 | lrm: 0.54 | dt: 166ms | tok/sec: 787,773 | mfu: 22.5% | epoch: 1 | remaining: 113s    
step 01133 (62.2%) | loss: 3.032364 | lrm: 0.54 | dt: 166ms | tok/sec: 787,999 | mfu: 22.5% | epoch: 1 | remaining: 113s    
step 01134 (62.2%) | loss: 3.035755 | lrm: 0.54 | dt: 166ms | tok/sec: 788,053 | mfu: 22.5% | epoch: 1 | remaining: 113s    
step 01135 (62.3%) | loss: 3.034026 | lrm: 0.54 | dt: 166ms | tok/sec: 788,067 | mfu: 22.5% | epoch: 1 | remaining: 113s    
step 01136 (62.4%) | loss: 3.036467 | lrm: 0.54 | dt: 166ms | tok/sec: 787,887 | mfu: 22.5% | epoch: 1 | remaining: 113s    
step 01137 (62.4%) | loss: 3.033866 | lrm: 0.54 | dt: 166ms | tok/sec: 788,122 | mfu: 22.6% | epoch: 1 | remaining: 113s    
step 01138 (62.5%) | loss: 3.025924 | lrm: 0.54 | dt: 166ms | tok/sec: 788,070 | mfu: 22.5% | epoch: 1 | remaining: 112s    
step 01139 (62.5%) | loss: 3.028156 | lrm: 0.54 | dt: 166ms | tok/sec: 787,890 | mfu: 22.5% | epoch: 1 | remaining: 112s    
step 01140 (62.6%) | loss: 3.022054 | lrm: 0.53 | dt: 166ms | tok/sec: 788,004 | mfu: 22.5% | epoch: 1 | remaining: 112s    
step 01141 (62.6%) | loss: 3.026941 | lrm: 0.53 | dt: 166ms | tok/sec: 788,240 | mfu: 22.6% | epoch: 1 | remaining: 112s    
step 01142 (62.7%) | loss: 3.027193 | lrm: 0.53 | dt: 166ms | tok/sec: 787,866 | mfu: 22.5% | epoch: 1 | remaining: 112s    
step 01143 (62.7%) | loss: 3.024344 | lrm: 0.53 | dt: 166ms | tok/sec: 788,189 | mfu: 22.6% | epoch: 1 | remaining: 112s    
step 01144 (62.8%) | loss: 3.028712 | lrm: 0.53 | dt: 166ms | tok/sec: 788,027 | mfu: 22.5% | epoch: 1 | remaining: 111s    
step 01145 (62.9%) | loss: 3.027974 | lrm: 0.53 | dt: 166ms | tok/sec: 787,809 | mfu: 22.5% | epoch: 1 | remaining: 111s    
step 01146 (62.9%) | loss: 3.029428 | lrm: 0.53 | dt: 167ms | tok/sec: 786,328 | mfu: 22.5% | epoch: 1 | remaining: 111s    
step 01147 (63.0%) | loss: 3.026397 | lrm: 0.53 | dt: 166ms | tok/sec: 787,418 | mfu: 22.5% | epoch: 1 | remaining: 111s    
step 01148 (63.0%) | loss: 3.018072 | lrm: 0.53 | dt: 166ms | tok/sec: 787,640 | mfu: 22.5% | epoch: 1 | remaining: 111s    
step 01149 (63.1%) | loss: 3.019664 | lrm: 0.53 | dt: 166ms | tok/sec: 787,757 | mfu: 22.5% | epoch: 1 | remaining: 111s    
step 01150 (63.1%) | loss: 3.013003 | lrm: 0.53 | dt: 166ms | tok/sec: 787,785 | mfu: 22.5% | epoch: 1 | remaining: 110s    
step 01151 (63.2%) | loss: 3.019449 | lrm: 0.53 | dt: 166ms | tok/sec: 787,992 | mfu: 22.5% | epoch: 1 | remaining: 110s    
step 01152 (63.2%) | loss: 3.018087 | lrm: 0.53 | dt: 166ms | tok/sec: 787,861 | mfu: 22.5% | epoch: 1 | remaining: 110s    
step 01153 (63.3%) | loss: 3.018231 | lrm: 0.52 | dt: 166ms | tok/sec: 787,730 | mfu: 22.5% | epoch: 1 | remaining: 110s    
step 01154 (63.4%) | loss: 3.021263 | lrm: 0.52 | dt: 166ms | tok/sec: 788,154 | mfu: 22.6% | epoch: 1 | remaining: 110s    
step 01155 (63.4%) | loss: 3.028487 | lrm: 0.52 | dt: 166ms | tok/sec: 787,811 | mfu: 22.5% | epoch: 1 | remaining: 110s    
step 01156 (63.5%) | loss: 3.035036 | lrm: 0.52 | dt: 166ms | tok/sec: 788,018 | mfu: 22.5% | epoch: 1 | remaining: 109s    
step 01157 (63.5%) | loss: 3.032964 | lrm: 0.52 | dt: 166ms | tok/sec: 788,032 | mfu: 22.5% | epoch: 1 | remaining: 109s    
step 01158 (63.6%) | loss: 3.024466 | lrm: 0.52 | dt: 166ms | tok/sec: 788,172 | mfu: 22.6% | epoch: 1 | remaining: 109s    
step 01159 (63.6%) | loss: 3.027230 | lrm: 0.52 | dt: 166ms | tok/sec: 788,050 | mfu: 22.5% | epoch: 1 | remaining: 109s    
step 01160 (63.7%) | loss: 3.016399 | lrm: 0.52 | dt: 166ms | tok/sec: 788,140 | mfu: 22.6% | epoch: 1 | remaining: 109s    
step 01161 (63.7%) | loss: 3.021682 | lrm: 0.52 | dt: 166ms | tok/sec: 788,183 | mfu: 22.6% | epoch: 1 | remaining: 109s    
step 01162 (63.8%) | loss: 3.019315 | lrm: 0.52 | dt: 166ms | tok/sec: 788,105 | mfu: 22.5% | epoch: 1 | remaining: 108s    
step 01163 (63.9%) | loss: 3.017777 | lrm: 0.52 | dt: 166ms | tok/sec: 788,041 | mfu: 22.5% | epoch: 1 | remaining: 108s    
step 01164 (63.9%) | loss: 3.026374 | lrm: 0.52 | dt: 166ms | tok/sec: 788,047 | mfu: 22.5% | epoch: 1 | remaining: 108s    
step 01165 (64.0%) | loss: 3.024294 | lrm: 0.51 | dt: 166ms | tok/sec: 787,934 | mfu: 22.5% | epoch: 1 | remaining: 108s    
step 01166 (64.0%) | loss: 3.025205 | lrm: 0.51 | dt: 166ms | tok/sec: 788,157 | mfu: 22.6% | epoch: 1 | remaining: 108s    
step 01167 (64.1%) | loss: 3.020737 | lrm: 0.51 | dt: 166ms | tok/sec: 788,205 | mfu: 22.6% | epoch: 1 | remaining: 108s    
step 01168 (64.1%) | loss: 3.013632 | lrm: 0.51 | dt: 166ms | tok/sec: 788,026 | mfu: 22.5% | epoch: 1 | remaining: 107s    
step 01169 (64.2%) | loss: 3.006119 | lrm: 0.51 | dt: 166ms | tok/sec: 788,000 | mfu: 22.5% | epoch: 1 | remaining: 107s    
step 01170 (64.2%) | loss: 3.004252 | lrm: 0.51 | dt: 166ms | tok/sec: 787,699 | mfu: 22.5% | epoch: 1 | remaining: 107s    
step 01171 (64.3%) | loss: 3.006167 | lrm: 0.51 | dt: 166ms | tok/sec: 787,837 | mfu: 22.5% | epoch: 1 | remaining: 107s    
step 01172 (64.4%) | loss: 3.000059 | lrm: 0.51 | dt: 166ms | tok/sec: 787,931 | mfu: 22.5% | epoch: 1 | remaining: 107s    
step 01173 (64.4%) | loss: 2.996627 | lrm: 0.51 | dt: 166ms | tok/sec: 788,028 | mfu: 22.5% | epoch: 1 | remaining: 107s    
step 01174 (64.5%) | loss: 2.994372 | lrm: 0.51 | dt: 166ms | tok/sec: 787,902 | mfu: 22.5% | epoch: 1 | remaining: 106s    
step 01175 (64.5%) | loss: 2.996152 | lrm: 0.51 | dt: 166ms | tok/sec: 788,026 | mfu: 22.5% | epoch: 1 | remaining: 106s    
step 01176 (64.6%) | loss: 2.992056 | lrm: 0.51 | dt: 166ms | tok/sec: 788,008 | mfu: 22.5% | epoch: 1 | remaining: 106s    
step 01177 (64.6%) | loss: 3.001115 | lrm: 0.51 | dt: 166ms | tok/sec: 788,134 | mfu: 22.6% | epoch: 1 | remaining: 106s    
step 01178 (64.7%) | loss: 3.002097 | lrm: 0.50 | dt: 166ms | tok/sec: 787,824 | mfu: 22.5% | epoch: 1 | remaining: 106s    
step 01179 (64.7%) | loss: 3.000693 | lrm: 0.50 | dt: 166ms | tok/sec: 788,044 | mfu: 22.5% | epoch: 1 | remaining: 106s    
step 01180 (64.8%) | loss: 3.005867 | lrm: 0.50 | dt: 166ms | tok/sec: 788,158 | mfu: 22.6% | epoch: 1 | remaining: 105s    
step 01181 (64.9%) | loss: 3.002955 | lrm: 0.50 | dt: 166ms | tok/sec: 787,991 | mfu: 22.5% | epoch: 1 | remaining: 105s    
step 01182 (64.9%) | loss: 3.005934 | lrm: 0.50 | dt: 166ms | tok/sec: 787,826 | mfu: 22.5% | epoch: 1 | remaining: 105s    
step 01183 (65.0%) | loss: 3.013473 | lrm: 0.50 | dt: 166ms | tok/sec: 788,087 | mfu: 22.5% | epoch: 1 | remaining: 105s    
step 01184 (65.0%) | loss: 3.017323 | lrm: 0.50 | dt: 166ms | tok/sec: 787,929 | mfu: 22.5% | epoch: 1 | remaining: 105s    
step 01185 (65.1%) | loss: 3.014651 | lrm: 0.50 | dt: 166ms | tok/sec: 787,938 | mfu: 22.5% | epoch: 1 | remaining: 105s    
step 01186 (65.1%) | loss: 3.021770 | lrm: 0.50 | dt: 166ms | tok/sec: 787,963 | mfu: 22.5% | epoch: 1 | remaining: 104s    
step 01187 (65.2%) | loss: 3.017598 | lrm: 0.50 | dt: 166ms | tok/sec: 787,899 | mfu: 22.5% | epoch: 1 | remaining: 104s    
step 01188 (65.2%) | loss: 3.012495 | lrm: 0.50 | dt: 166ms | tok/sec: 788,075 | mfu: 22.5% | epoch: 1 | remaining: 104s    
step 01189 (65.3%) | loss: 3.006898 | lrm: 0.50 | dt: 166ms | tok/sec: 788,015 | mfu: 22.5% | epoch: 1 | remaining: 104s    
step 01190 (65.4%) | loss: 3.011579 | lrm: 0.49 | dt: 166ms | tok/sec: 788,215 | mfu: 22.6% | epoch: 1 | remaining: 104s    
step 01191 (65.4%) | loss: 3.017910 | lrm: 0.49 | dt: 166ms | tok/sec: 788,212 | mfu: 22.6% | epoch: 1 | remaining: 104s    
step 01192 (65.5%) | loss: 3.020640 | lrm: 0.49 | dt: 166ms | tok/sec: 788,228 | mfu: 22.6% | epoch: 1 | remaining: 103s    
step 01193 (65.5%) | loss: 3.018749 | lrm: 0.49 | dt: 166ms | tok/sec: 788,089 | mfu: 22.5% | epoch: 1 | remaining: 103s    
step 01194 (65.6%) | loss: 3.011259 | lrm: 0.49 | dt: 166ms | tok/sec: 787,929 | mfu: 22.5% | epoch: 1 | remaining: 103s    
step 01195 (65.6%) | loss: 3.011316 | lrm: 0.49 | dt: 166ms | tok/sec: 788,023 | mfu: 22.5% | epoch: 1 | remaining: 103s    
step 01196 (65.7%) | loss: 3.015286 | lrm: 0.49 | dt: 166ms | tok/sec: 787,991 | mfu: 22.5% | epoch: 1 | remaining: 103s    
step 01197 (65.7%) | loss: 3.005314 | lrm: 0.49 | dt: 166ms | tok/sec: 787,930 | mfu: 22.5% | epoch: 1 | remaining: 103s    
step 01198 (65.8%) | loss: 3.000135 | lrm: 0.49 | dt: 166ms | tok/sec: 788,024 | mfu: 22.5% | epoch: 1 | remaining: 102s    
step 01199 (65.9%) | loss: 2.989567 | lrm: 0.49 | dt: 166ms | tok/sec: 788,062 | mfu: 22.5% | epoch: 1 | remaining: 102s    
step 01200 (65.9%) | loss: 2.986099 | lrm: 0.49 | dt: 166ms | tok/sec: 788,285 | mfu: 22.6% | epoch: 1 | remaining: 102s    
step 01201 (66.0%) | loss: 2.994239 | lrm: 0.49 | dt: 166ms | tok/sec: 788,073 | mfu: 22.5% | epoch: 1 | remaining: 102s    
step 01202 (66.0%) | loss: 2.998271 | lrm: 0.49 | dt: 166ms | tok/sec: 787,939 | mfu: 22.5% | epoch: 1 | remaining: 102s    
step 01203 (66.1%) | loss: 2.995472 | lrm: 0.48 | dt: 166ms | tok/sec: 787,847 | mfu: 22.5% | epoch: 1 | remaining: 102s    
step 01204 (66.1%) | loss: 2.992299 | lrm: 0.48 | dt: 166ms | tok/sec: 787,990 | mfu: 22.5% | epoch: 1 | remaining: 101s    
step 01205 (66.2%) | loss: 2.994293 | lrm: 0.48 | dt: 166ms | tok/sec: 787,903 | mfu: 22.5% | epoch: 1 | remaining: 101s    
step 01206 (66.2%) | loss: 2.994086 | lrm: 0.48 | dt: 166ms | tok/sec: 787,922 | mfu: 22.5% | epoch: 1 | remaining: 101s    
step 01207 (66.3%) | loss: 3.000178 | lrm: 0.48 | dt: 166ms | tok/sec: 787,875 | mfu: 22.5% | epoch: 1 | remaining: 101s    
step 01208 (66.4%) | loss: 2.999161 | lrm: 0.48 | dt: 166ms | tok/sec: 787,826 | mfu: 22.5% | epoch: 1 | remaining: 101s    
step 01209 (66.4%) | loss: 2.996056 | lrm: 0.48 | dt: 166ms | tok/sec: 788,095 | mfu: 22.5% | epoch: 1 | remaining: 101s    
step 01210 (66.5%) | loss: 2.999943 | lrm: 0.48 | dt: 166ms | tok/sec: 788,014 | mfu: 22.5% | epoch: 1 | remaining: 100s    
step 01211 (66.5%) | loss: 2.995878 | lrm: 0.48 | dt: 166ms | tok/sec: 788,033 | mfu: 22.5% | epoch: 1 | remaining: 100s    
step 01212 (66.6%) | loss: 3.002488 | lrm: 0.48 | dt: 166ms | tok/sec: 788,093 | mfu: 22.5% | epoch: 1 | remaining: 100s    
step 01213 (66.6%) | loss: 2.999425 | lrm: 0.48 | dt: 166ms | tok/sec: 788,006 | mfu: 22.5% | epoch: 1 | remaining: 100s    
step 01214 (66.7%) | loss: 2.996940 | lrm: 0.48 | dt: 166ms | tok/sec: 788,154 | mfu: 22.6% | epoch: 1 | remaining: 100s    
step 01215 (66.7%) | loss: 2.999976 | lrm: 0.48 | dt: 166ms | tok/sec: 787,918 | mfu: 22.5% | epoch: 1 | remaining: 100s    
step 01216 (66.8%) | loss: 2.996855 | lrm: 0.47 | dt: 166ms | tok/sec: 787,908 | mfu: 22.5% | epoch: 1 | remaining: 99s    
step 01217 (66.8%) | loss: 2.998851 | lrm: 0.47 | dt: 166ms | tok/sec: 788,006 | mfu: 22.5% | epoch: 1 | remaining: 99s    
step 01218 (66.9%) | loss: 2.997360 | lrm: 0.47 | dt: 166ms | tok/sec: 787,813 | mfu: 22.5% | epoch: 1 | remaining: 99s    
step 01219 (67.0%) | loss: 2.994093 | lrm: 0.47 | dt: 166ms | tok/sec: 787,972 | mfu: 22.5% | epoch: 1 | remaining: 99s    
step 01220 (67.0%) | loss: 2.990353 | lrm: 0.47 | dt: 166ms | tok/sec: 787,910 | mfu: 22.5% | epoch: 1 | remaining: 99s    
step 01221 (67.1%) | loss: 2.995458 | lrm: 0.47 | dt: 166ms | tok/sec: 787,872 | mfu: 22.5% | epoch: 1 | remaining: 99s    
step 01222 (67.1%) | loss: 2.995599 | lrm: 0.47 | dt: 166ms | tok/sec: 787,685 | mfu: 22.5% | epoch: 1 | remaining: 98s    
step 01223 (67.2%) | loss: 2.993605 | lrm: 0.47 | dt: 166ms | tok/sec: 787,862 | mfu: 22.5% | epoch: 1 | remaining: 98s    
step 01224 (67.2%) | loss: 2.994163 | lrm: 0.47 | dt: 166ms | tok/sec: 787,633 | mfu: 22.5% | epoch: 1 | remaining: 98s    
step 01225 (67.3%) | loss: 2.989822 | lrm: 0.47 | dt: 166ms | tok/sec: 787,785 | mfu: 22.5% | epoch: 1 | remaining: 98s    
step 01226 (67.3%) | loss: 2.983348 | lrm: 0.47 | dt: 166ms | tok/sec: 787,956 | mfu: 22.5% | epoch: 1 | remaining: 98s    
step 01227 (67.4%) | loss: 2.984797 | lrm: 0.47 | dt: 166ms | tok/sec: 788,073 | mfu: 22.5% | epoch: 1 | remaining: 98s    
step 01228 (67.5%) | loss: 2.981797 | lrm: 0.46 | dt: 166ms | tok/sec: 787,948 | mfu: 22.5% | epoch: 1 | remaining: 97s    
step 01229 (67.5%) | loss: 2.979653 | lrm: 0.46 | dt: 166ms | tok/sec: 788,191 | mfu: 22.6% | epoch: 1 | remaining: 97s    
step 01230 (67.6%) | loss: 2.978519 | lrm: 0.46 | dt: 166ms | tok/sec: 788,084 | mfu: 22.5% | epoch: 1 | remaining: 97s    
step 01231 (67.6%) | loss: 2.973363 | lrm: 0.46 | dt: 166ms | tok/sec: 788,044 | mfu: 22.5% | epoch: 1 | remaining: 97s    
step 01232 (67.7%) | loss: 2.969869 | lrm: 0.46 | dt: 166ms | tok/sec: 788,095 | mfu: 22.5% | epoch: 1 | remaining: 97s    
step 01233 (67.7%) | loss: 2.970447 | lrm: 0.46 | dt: 166ms | tok/sec: 788,285 | mfu: 22.6% | epoch: 1 | remaining: 97s    
step 01234 (67.8%) | loss: 2.973114 | lrm: 0.46 | dt: 166ms | tok/sec: 788,365 | mfu: 22.6% | epoch: 1 | remaining: 96s    
step 01235 (67.8%) | loss: 2.969082 | lrm: 0.46 | dt: 166ms | tok/sec: 787,916 | mfu: 22.5% | epoch: 1 | remaining: 96s    
step 01236 (67.9%) | loss: 2.969593 | lrm: 0.46 | dt: 166ms | tok/sec: 788,075 | mfu: 22.5% | epoch: 1 | remaining: 96s    
step 01237 (68.0%) | loss: 2.962115 | lrm: 0.46 | dt: 166ms | tok/sec: 787,785 | mfu: 22.5% | epoch: 1 | remaining: 96s    
step 01238 (68.0%) | loss: 2.962741 | lrm: 0.46 | dt: 166ms | tok/sec: 788,301 | mfu: 22.6% | epoch: 1 | remaining: 96s    
step 01239 (68.1%) | loss: 2.961028 | lrm: 0.46 | dt: 166ms | tok/sec: 787,974 | mfu: 22.5% | epoch: 1 | remaining: 96s    
step 01240 (68.1%) | loss: 2.963513 | lrm: 0.46 | dt: 166ms | tok/sec: 788,094 | mfu: 22.5% | epoch: 1 | remaining: 95s    
step 01241 (68.2%) | loss: 2.956974 | lrm: 0.45 | dt: 166ms | tok/sec: 788,129 | mfu: 22.6% | epoch: 1 | remaining: 95s    
step 01242 (68.2%) | loss: 2.961673 | lrm: 0.45 | dt: 166ms | tok/sec: 787,891 | mfu: 22.5% | epoch: 1 | remaining: 95s    
step 01243 (68.3%) | loss: 2.966714 | lrm: 0.45 | dt: 166ms | tok/sec: 788,128 | mfu: 22.6% | epoch: 1 | remaining: 95s    
step 01244 (68.3%) | loss: 2.962951 | lrm: 0.45 | dt: 166ms | tok/sec: 788,093 | mfu: 22.5% | epoch: 1 | remaining: 95s    
step 01245 (68.4%) | loss: 2.962435 | lrm: 0.45 | dt: 166ms | tok/sec: 788,257 | mfu: 22.6% | epoch: 1 | remaining: 95s    
step 01246 (68.5%) | loss: 2.966411 | lrm: 0.45 | dt: 166ms | tok/sec: 787,977 | mfu: 22.5% | epoch: 1 | remaining: 94s    
step 01247 (68.5%) | loss: 2.968898 | lrm: 0.45 | dt: 166ms | tok/sec: 787,886 | mfu: 22.5% | epoch: 1 | remaining: 94s    
step 01248 (68.6%) | loss: 2.970219 | lrm: 0.45 | dt: 166ms | tok/sec: 788,018 | mfu: 22.5% | epoch: 1 | remaining: 94s    
step 01249 (68.6%) | loss: 2.970528 | lrm: 0.45 | dt: 166ms | tok/sec: 787,795 | mfu: 22.5% | epoch: 1 | remaining: 94s    
step 01250 (68.7%) | loss: 2.968940 | lrm: 0.45 | dt: 167ms | tok/sec: 785,940 | mfu: 22.5% | epoch: 1 | remaining: 94s    
step 01251 (68.7%) | loss: 2.972027 | lrm: 0.45 | dt: 166ms | tok/sec: 787,859 | mfu: 22.5% | epoch: 1 | remaining: 94s    
step 01252 (68.8%) | loss: 2.972609 | lrm: 0.45 | dt: 166ms | tok/sec: 788,022 | mfu: 22.5% | epoch: 1 | remaining: 93s    
step 01253 (68.8%) | loss: 2.976111 | lrm: 0.45 | dt: 166ms | tok/sec: 787,886 | mfu: 22.5% | epoch: 1 | remaining: 93s    
step 01254 (68.9%) | loss: 2.973847 | lrm: 0.44 | dt: 166ms | tok/sec: 788,069 | mfu: 22.5% | epoch: 1 | remaining: 93s    
step 01255 (69.0%) | loss: 2.975105 | lrm: 0.44 | dt: 166ms | tok/sec: 787,902 | mfu: 22.5% | epoch: 1 | remaining: 93s    
step 01256 (69.0%) | loss: 2.966489 | lrm: 0.44 | dt: 166ms | tok/sec: 787,866 | mfu: 22.5% | epoch: 1 | remaining: 93s    
step 01257 (69.1%) | loss: 2.963262 | lrm: 0.44 | dt: 166ms | tok/sec: 788,195 | mfu: 22.6% | epoch: 1 | remaining: 93s    
step 01258 (69.1%) | loss: 2.962729 | lrm: 0.44 | dt: 166ms | tok/sec: 787,807 | mfu: 22.5% | epoch: 1 | remaining: 92s    
step 01259 (69.2%) | loss: 2.959490 | lrm: 0.44 | dt: 166ms | tok/sec: 787,882 | mfu: 22.5% | epoch: 1 | remaining: 92s    
step 01260 (69.2%) | loss: 2.958588 | lrm: 0.44 | dt: 166ms | tok/sec: 788,115 | mfu: 22.6% | epoch: 1 | remaining: 92s    
step 01261 (69.3%) | loss: 2.961365 | lrm: 0.44 | dt: 166ms | tok/sec: 788,012 | mfu: 22.5% | epoch: 1 | remaining: 92s    
step 01262 (69.3%) | loss: 2.959865 | lrm: 0.44 | dt: 166ms | tok/sec: 787,850 | mfu: 22.5% | epoch: 1 | remaining: 92s    
step 01263 (69.4%) | loss: 2.962195 | lrm: 0.44 | dt: 166ms | tok/sec: 788,268 | mfu: 22.6% | epoch: 1 | remaining: 92s    
step 01264 (69.5%) | loss: 2.967756 | lrm: 0.44 | dt: 166ms | tok/sec: 788,224 | mfu: 22.6% | epoch: 1 | remaining: 91s    
step 01265 (69.5%) | loss: 2.976600 | lrm: 0.44 | dt: 166ms | tok/sec: 787,937 | mfu: 22.5% | epoch: 1 | remaining: 91s    
step 01266 (69.6%) | loss: 2.978310 | lrm: 0.43 | dt: 166ms | tok/sec: 788,057 | mfu: 22.5% | epoch: 1 | remaining: 91s    
step 01267 (69.6%) | loss: 2.981307 | lrm: 0.43 | dt: 166ms | tok/sec: 788,167 | mfu: 22.6% | epoch: 1 | remaining: 91s    
step 01268 (69.7%) | loss: 2.979044 | lrm: 0.43 | dt: 166ms | tok/sec: 787,966 | mfu: 22.5% | epoch: 1 | remaining: 91s    
step 01269 (69.7%) | loss: 2.977347 | lrm: 0.43 | dt: 166ms | tok/sec: 788,069 | mfu: 22.5% | epoch: 1 | remaining: 91s    
step 01270 (69.8%) | loss: 2.975732 | lrm: 0.43 | dt: 166ms | tok/sec: 788,013 | mfu: 22.5% | epoch: 1 | remaining: 90s    
step 01271 (69.8%) | loss: 2.968261 | lrm: 0.43 | dt: 166ms | tok/sec: 787,807 | mfu: 22.5% | epoch: 1 | remaining: 90s    
step 01272 (69.9%) | loss: 2.975352 | lrm: 0.43 | dt: 166ms | tok/sec: 787,999 | mfu: 22.5% | epoch: 1 | remaining: 90s    
step 01273 (70.0%) | loss: 2.972855 | lrm: 0.43 | dt: 166ms | tok/sec: 787,981 | mfu: 22.5% | epoch: 1 | remaining: 90s    
step 01274 (70.0%) | loss: 2.970132 | lrm: 0.43 | dt: 166ms | tok/sec: 787,874 | mfu: 22.5% | epoch: 1 | remaining: 90s    
step 01275 (70.1%) | loss: 2.968949 | lrm: 0.43 | dt: 166ms | tok/sec: 788,038 | mfu: 22.5% | epoch: 1 | remaining: 90s    
step 01276 (70.1%) | loss: 2.969431 | lrm: 0.43 | dt: 166ms | tok/sec: 787,958 | mfu: 22.5% | epoch: 1 | remaining: 89s    
step 01277 (70.2%) | loss: 2.973677 | lrm: 0.43 | dt: 166ms | tok/sec: 787,928 | mfu: 22.5% | epoch: 1 | remaining: 89s    
step 01278 (70.2%) | loss: 2.978097 | lrm: 0.43 | dt: 166ms | tok/sec: 788,228 | mfu: 22.6% | epoch: 1 | remaining: 89s    
step 01279 (70.3%) | loss: 2.974997 | lrm: 0.42 | dt: 166ms | tok/sec: 788,071 | mfu: 22.5% | epoch: 1 | remaining: 89s    
step 01280 (70.3%) | loss: 2.973400 | lrm: 0.42 | dt: 166ms | tok/sec: 788,023 | mfu: 22.5% | epoch: 1 | remaining: 89s    
step 01281 (70.4%) | loss: 2.970374 | lrm: 0.42 | dt: 166ms | tok/sec: 787,850 | mfu: 22.5% | epoch: 1 | remaining: 89s    
step 01282 (70.5%) | loss: 2.959781 | lrm: 0.42 | dt: 166ms | tok/sec: 788,035 | mfu: 22.5% | epoch: 1 | remaining: 88s    
step 01283 (70.5%) | loss: 2.969918 | lrm: 0.42 | dt: 166ms | tok/sec: 788,256 | mfu: 22.6% | epoch: 1 | remaining: 88s    
step 01284 (70.6%) | loss: 2.973831 | lrm: 0.42 | dt: 166ms | tok/sec: 788,127 | mfu: 22.6% | epoch: 1 | remaining: 88s    
step 01285 (70.6%) | loss: 2.972406 | lrm: 0.42 | dt: 166ms | tok/sec: 787,980 | mfu: 22.5% | epoch: 1 | remaining: 88s    
step 01286 (70.7%) | loss: 2.975609 | lrm: 0.42 | dt: 166ms | tok/sec: 787,930 | mfu: 22.5% | epoch: 1 | remaining: 88s    
step 01287 (70.7%) | loss: 2.980380 | lrm: 0.42 | dt: 166ms | tok/sec: 787,875 | mfu: 22.5% | epoch: 1 | remaining: 88s    
step 01288 (70.8%) | loss: 2.975980 | lrm: 0.42 | dt: 166ms | tok/sec: 788,145 | mfu: 22.6% | epoch: 1 | remaining: 87s    
step 01289 (70.8%) | loss: 2.973295 | lrm: 0.42 | dt: 166ms | tok/sec: 787,965 | mfu: 22.5% | epoch: 1 | remaining: 87s    
step 01290 (70.9%) | loss: 2.970485 | lrm: 0.42 | dt: 166ms | tok/sec: 788,036 | mfu: 22.5% | epoch: 1 | remaining: 87s    
step 01291 (71.0%) | loss: 2.967463 | lrm: 0.41 | dt: 166ms | tok/sec: 787,970 | mfu: 22.5% | epoch: 1 | remaining: 87s    
step 01292 (71.0%) | loss: 2.961246 | lrm: 0.41 | dt: 166ms | tok/sec: 788,033 | mfu: 22.5% | epoch: 1 | remaining: 87s    
step 01293 (71.1%) | loss: 2.970842 | lrm: 0.41 | dt: 166ms | tok/sec: 787,993 | mfu: 22.5% | epoch: 1 | remaining: 87s    
step 01294 (71.1%) | loss: 2.966386 | lrm: 0.41 | dt: 166ms | tok/sec: 788,066 | mfu: 22.5% | epoch: 1 | remaining: 86s    
step 01295 (71.2%) | loss: 2.965072 | lrm: 0.41 | dt: 166ms | tok/sec: 788,101 | mfu: 22.5% | epoch: 1 | remaining: 86s    
step 01296 (71.2%) | loss: 2.965349 | lrm: 0.41 | dt: 166ms | tok/sec: 787,936 | mfu: 22.5% | epoch: 1 | remaining: 86s    
step 01297 (71.3%) | loss: 2.959982 | lrm: 0.41 | dt: 166ms | tok/sec: 788,068 | mfu: 22.5% | epoch: 1 | remaining: 86s    
step 01298 (71.3%) | loss: 2.963332 | lrm: 0.41 | dt: 166ms | tok/sec: 787,993 | mfu: 22.5% | epoch: 1 | remaining: 86s    
step 01299 (71.4%) | loss: 2.961367 | lrm: 0.41 | dt: 166ms | tok/sec: 788,157 | mfu: 22.6% | epoch: 1 | remaining: 86s    
step 01300 (71.5%) | loss: 2.962544 | lrm: 0.41 | dt: 166ms | tok/sec: 788,019 | mfu: 22.5% | epoch: 1 | remaining: 85s    
step 01301 (71.5%) | loss: 2.953991 | lrm: 0.41 | dt: 166ms | tok/sec: 788,299 | mfu: 22.6% | epoch: 1 | remaining: 85s    
step 01302 (71.6%) | loss: 2.960116 | lrm: 0.41 | dt: 166ms | tok/sec: 787,946 | mfu: 22.5% | epoch: 1 | remaining: 85s    
step 01303 (71.6%) | loss: 2.951567 | lrm: 0.41 | dt: 166ms | tok/sec: 787,999 | mfu: 22.5% | epoch: 1 | remaining: 85s    
step 01304 (71.7%) | loss: 2.953382 | lrm: 0.40 | dt: 166ms | tok/sec: 788,042 | mfu: 22.5% | epoch: 1 | remaining: 85s    
step 01305 (71.7%) | loss: 2.944434 | lrm: 0.40 | dt: 166ms | tok/sec: 787,913 | mfu: 22.5% | epoch: 1 | remaining: 85s    
step 01306 (71.8%) | loss: 2.944299 | lrm: 0.40 | dt: 166ms | tok/sec: 788,075 | mfu: 22.5% | epoch: 1 | remaining: 84s    
step 01307 (71.8%) | loss: 2.955783 | lrm: 0.40 | dt: 166ms | tok/sec: 788,280 | mfu: 22.6% | epoch: 1 | remaining: 84s    
step 01308 (71.9%) | loss: 2.956072 | lrm: 0.40 | dt: 166ms | tok/sec: 788,114 | mfu: 22.6% | epoch: 1 | remaining: 84s    
step 01309 (72.0%) | loss: 2.961936 | lrm: 0.40 | dt: 166ms | tok/sec: 788,331 | mfu: 22.6% | epoch: 1 | remaining: 84s    
step 01310 (72.0%) | loss: 2.971930 | lrm: 0.40 | dt: 166ms | tok/sec: 788,125 | mfu: 22.6% | epoch: 1 | remaining: 84s    
step 01311 (72.1%) | loss: 2.970740 | lrm: 0.40 | dt: 166ms | tok/sec: 788,167 | mfu: 22.6% | epoch: 1 | remaining: 84s    
step 01312 (72.1%) | loss: 2.961972 | lrm: 0.40 | dt: 166ms | tok/sec: 788,074 | mfu: 22.5% | epoch: 1 | remaining: 83s    
step 01313 (72.2%) | loss: 2.961083 | lrm: 0.40 | dt: 166ms | tok/sec: 788,012 | mfu: 22.5% | epoch: 1 | remaining: 83s    
step 01314 (72.2%) | loss: 2.954185 | lrm: 0.40 | dt: 166ms | tok/sec: 787,891 | mfu: 22.5% | epoch: 1 | remaining: 83s    
step 01315 (72.3%) | loss: 2.952945 | lrm: 0.40 | dt: 166ms | tok/sec: 787,932 | mfu: 22.5% | epoch: 1 | remaining: 83s    
step 01316 (72.3%) | loss: 2.953875 | lrm: 0.40 | dt: 166ms | tok/sec: 787,795 | mfu: 22.5% | epoch: 1 | remaining: 83s    
step 01317 (72.4%) | loss: 2.954500 | lrm: 0.39 | dt: 166ms | tok/sec: 787,967 | mfu: 22.5% | epoch: 1 | remaining: 83s    
step 01318 (72.4%) | loss: 2.962728 | lrm: 0.39 | dt: 166ms | tok/sec: 788,065 | mfu: 22.5% | epoch: 1 | remaining: 82s    
step 01319 (72.5%) | loss: 2.960237 | lrm: 0.39 | dt: 166ms | tok/sec: 787,951 | mfu: 22.5% | epoch: 1 | remaining: 82s    
step 01320 (72.6%) | loss: 2.964215 | lrm: 0.39 | dt: 166ms | tok/sec: 787,759 | mfu: 22.5% | epoch: 1 | remaining: 82s    
step 01321 (72.6%) | loss: 2.964255 | lrm: 0.39 | dt: 166ms | tok/sec: 788,284 | mfu: 22.6% | epoch: 1 | remaining: 82s    
step 01322 (72.7%) | loss: 2.957336 | lrm: 0.39 | dt: 166ms | tok/sec: 788,173 | mfu: 22.6% | epoch: 1 | remaining: 82s    
step 01323 (72.7%) | loss: 2.960581 | lrm: 0.39 | dt: 166ms | tok/sec: 788,421 | mfu: 22.6% | epoch: 1 | remaining: 82s    
step 01324 (72.8%) | loss: 2.962359 | lrm: 0.39 | dt: 166ms | tok/sec: 787,772 | mfu: 22.5% | epoch: 1 | remaining: 81s    
step 01325 (72.8%) | loss: 2.960277 | lrm: 0.39 | dt: 166ms | tok/sec: 788,276 | mfu: 22.6% | epoch: 1 | remaining: 81s    
step 01326 (72.9%) | loss: 2.961952 | lrm: 0.39 | dt: 166ms | tok/sec: 788,138 | mfu: 22.6% | epoch: 1 | remaining: 81s    
step 01327 (72.9%) | loss: 2.965233 | lrm: 0.39 | dt: 166ms | tok/sec: 788,056 | mfu: 22.5% | epoch: 1 | remaining: 81s    
step 01328 (73.0%) | loss: 2.963505 | lrm: 0.39 | dt: 166ms | tok/sec: 787,972 | mfu: 22.5% | epoch: 1 | remaining: 81s    
step 01329 (73.1%) | loss: 2.970875 | lrm: 0.38 | dt: 166ms | tok/sec: 788,143 | mfu: 22.6% | epoch: 1 | remaining: 81s    
step 01330 (73.1%) | loss: 2.964517 | lrm: 0.38 | dt: 166ms | tok/sec: 787,905 | mfu: 22.5% | epoch: 1 | remaining: 80s    
step 01331 (73.2%) | loss: 2.967554 | lrm: 0.38 | dt: 166ms | tok/sec: 788,014 | mfu: 22.5% | epoch: 1 | remaining: 80s    
step 01332 (73.2%) | loss: 2.966876 | lrm: 0.38 | dt: 166ms | tok/sec: 787,879 | mfu: 22.5% | epoch: 1 | remaining: 80s    
step 01333 (73.3%) | loss: 2.970645 | lrm: 0.38 | dt: 166ms | tok/sec: 788,004 | mfu: 22.5% | epoch: 1 | remaining: 80s    
step 01334 (73.3%) | loss: 2.965244 | lrm: 0.38 | dt: 166ms | tok/sec: 787,674 | mfu: 22.5% | epoch: 1 | remaining: 80s    
step 01335 (73.4%) | loss: 2.967758 | lrm: 0.38 | dt: 166ms | tok/sec: 788,148 | mfu: 22.6% | epoch: 1 | remaining: 80s    
step 01336 (73.4%) | loss: 2.967273 | lrm: 0.38 | dt: 166ms | tok/sec: 788,059 | mfu: 22.5% | epoch: 1 | remaining: 79s    
step 01337 (73.5%) | loss: 2.966105 | lrm: 0.38 | dt: 166ms | tok/sec: 788,117 | mfu: 22.6% | epoch: 1 | remaining: 79s    
step 01338 (73.6%) | loss: 2.961784 | lrm: 0.38 | dt: 166ms | tok/sec: 787,735 | mfu: 22.5% | epoch: 1 | remaining: 79s    
step 01339 (73.6%) | loss: 2.963330 | lrm: 0.38 | dt: 166ms | tok/sec: 787,835 | mfu: 22.5% | epoch: 1 | remaining: 79s    
step 01340 (73.7%) | loss: 2.966222 | lrm: 0.38 | dt: 166ms | tok/sec: 788,030 | mfu: 22.5% | epoch: 1 | remaining: 79s    
step 01341 (73.7%) | loss: 2.965730 | lrm: 0.38 | dt: 166ms | tok/sec: 788,058 | mfu: 22.5% | epoch: 1 | remaining: 79s    
step 01342 (73.8%) | loss: 2.963192 | lrm: 0.37 | dt: 166ms | tok/sec: 788,053 | mfu: 22.5% | epoch: 1 | remaining: 78s    
step 01343 (73.8%) | loss: 2.961109 | lrm: 0.37 | dt: 166ms | tok/sec: 787,999 | mfu: 22.5% | epoch: 1 | remaining: 78s    
step 01344 (73.9%) | loss: 2.957632 | lrm: 0.37 | dt: 166ms | tok/sec: 788,061 | mfu: 22.5% | epoch: 1 | remaining: 78s    
step 01345 (73.9%) | loss: 2.944154 | lrm: 0.37 | dt: 166ms | tok/sec: 788,214 | mfu: 22.6% | epoch: 1 | remaining: 78s    
step 01346 (74.0%) | loss: 2.948952 | lrm: 0.37 | dt: 166ms | tok/sec: 787,832 | mfu: 22.5% | epoch: 1 | remaining: 78s    
step 01347 (74.1%) | loss: 2.950441 | lrm: 0.37 | dt: 166ms | tok/sec: 787,872 | mfu: 22.5% | epoch: 1 | remaining: 78s    
step 01348 (74.1%) | loss: 2.954738 | lrm: 0.37 | dt: 166ms | tok/sec: 788,223 | mfu: 22.6% | epoch: 1 | remaining: 77s    
step 01349 (74.2%) | loss: 2.952224 | lrm: 0.37 | dt: 166ms | tok/sec: 788,208 | mfu: 22.6% | epoch: 1 | remaining: 77s    
step 01350 (74.2%) | loss: 2.962944 | lrm: 0.37 | dt: 166ms | tok/sec: 788,051 | mfu: 22.5% | epoch: 1 | remaining: 77s    
step 01351 (74.3%) | loss: 2.961533 | lrm: 0.37 | dt: 166ms | tok/sec: 788,148 | mfu: 22.6% | epoch: 1 | remaining: 77s    
step 01352 (74.3%) | loss: 2.959951 | lrm: 0.37 | dt: 166ms | tok/sec: 787,954 | mfu: 22.5% | epoch: 1 | remaining: 77s    
step 01353 (74.4%) | loss: 2.955652 | lrm: 0.37 | dt: 166ms | tok/sec: 787,956 | mfu: 22.5% | epoch: 1 | remaining: 77s    
step 01354 (74.4%) | loss: 2.951086 | lrm: 0.37 | dt: 167ms | tok/sec: 787,071 | mfu: 22.5% | epoch: 1 | remaining: 76s    
step 01355 (74.5%) | loss: 2.952931 | lrm: 0.36 | dt: 166ms | tok/sec: 787,857 | mfu: 22.5% | epoch: 1 | remaining: 76s    
step 01356 (74.6%) | loss: 2.953366 | lrm: 0.36 | dt: 166ms | tok/sec: 787,847 | mfu: 22.5% | epoch: 1 | remaining: 76s    
step 01357 (74.6%) | loss: 2.953454 | lrm: 0.36 | dt: 166ms | tok/sec: 787,986 | mfu: 22.5% | epoch: 1 | remaining: 76s    
step 01358 (74.7%) | loss: 2.952345 | lrm: 0.36 | dt: 166ms | tok/sec: 788,093 | mfu: 22.5% | epoch: 1 | remaining: 76s    
step 01359 (74.7%) | loss: 2.954862 | lrm: 0.36 | dt: 166ms | tok/sec: 788,045 | mfu: 22.5% | epoch: 1 | remaining: 76s    
step 01360 (74.8%) | loss: 2.946320 | lrm: 0.36 | dt: 166ms | tok/sec: 787,966 | mfu: 22.5% | epoch: 1 | remaining: 75s    
step 01361 (74.8%) | loss: 2.942124 | lrm: 0.36 | dt: 166ms | tok/sec: 787,830 | mfu: 22.5% | epoch: 1 | remaining: 75s    
step 01362 (74.9%) | loss: 2.950137 | lrm: 0.36 | dt: 166ms | tok/sec: 788,022 | mfu: 22.5% | epoch: 1 | remaining: 75s    
step 01363 (74.9%) | loss: 2.947944 | lrm: 0.36 | dt: 166ms | tok/sec: 788,378 | mfu: 22.6% | epoch: 1 | remaining: 75s    
step 01364 (75.0%) | loss: 2.950515 | lrm: 0.36 | dt: 166ms | tok/sec: 788,042 | mfu: 22.5% | epoch: 1 | remaining: 75s    
step 01365 (75.1%) | loss: 2.953594 | lrm: 0.36 | dt: 166ms | tok/sec: 788,210 | mfu: 22.6% | epoch: 1 | remaining: 75s    
step 01366 (75.1%) | loss: 2.957428 | lrm: 0.36 | dt: 166ms | tok/sec: 787,979 | mfu: 22.5% | epoch: 1 | remaining: 75s    
step 01367 (75.2%) | loss: 2.962858 | lrm: 0.35 | dt: 166ms | tok/sec: 788,061 | mfu: 22.5% | epoch: 1 | remaining: 74s    
step 01368 (75.2%) | loss: 2.962307 | lrm: 0.35 | dt: 166ms | tok/sec: 788,015 | mfu: 22.5% | epoch: 1 | remaining: 74s    
step 01369 (75.3%) | loss: 2.955938 | lrm: 0.35 | dt: 166ms | tok/sec: 787,806 | mfu: 22.5% | epoch: 1 | remaining: 74s    
step 01370 (75.3%) | loss: 2.956697 | lrm: 0.35 | dt: 166ms | tok/sec: 787,761 | mfu: 22.5% | epoch: 1 | remaining: 74s    
step 01371 (75.4%) | loss: 2.958775 | lrm: 0.35 | dt: 166ms | tok/sec: 788,048 | mfu: 22.5% | epoch: 1 | remaining: 74s    
step 01372 (75.4%) | loss: 2.962343 | lrm: 0.35 | dt: 166ms | tok/sec: 787,931 | mfu: 22.5% | epoch: 1 | remaining: 74s    
step 01373 (75.5%) | loss: 2.964576 | lrm: 0.35 | dt: 166ms | tok/sec: 787,855 | mfu: 22.5% | epoch: 1 | remaining: 73s    
step 01374 (75.6%) | loss: 2.959904 | lrm: 0.35 | dt: 166ms | tok/sec: 787,978 | mfu: 22.5% | epoch: 1 | remaining: 73s    
step 01375 (75.6%) | loss: 2.956083 | lrm: 0.35 | dt: 166ms | tok/sec: 788,078 | mfu: 22.5% | epoch: 1 | remaining: 73s    
step 01376 (75.7%) | loss: 2.963217 | lrm: 0.35 | dt: 166ms | tok/sec: 788,112 | mfu: 22.6% | epoch: 1 | remaining: 73s    
step 01377 (75.7%) | loss: 2.965068 | lrm: 0.35 | dt: 166ms | tok/sec: 788,030 | mfu: 22.5% | epoch: 1 | remaining: 73s    
step 01378 (75.8%) | loss: 2.966894 | lrm: 0.35 | dt: 166ms | tok/sec: 788,095 | mfu: 22.5% | epoch: 1 | remaining: 73s    
step 01379 (75.8%) | loss: 2.962412 | lrm: 0.35 | dt: 166ms | tok/sec: 788,084 | mfu: 22.5% | epoch: 1 | remaining: 72s    
step 01380 (75.9%) | loss: 2.965294 | lrm: 0.34 | dt: 166ms | tok/sec: 787,663 | mfu: 22.5% | epoch: 1 | remaining: 72s    
step 01381 (75.9%) | loss: 2.960344 | lrm: 0.34 | dt: 166ms | tok/sec: 788,070 | mfu: 22.5% | epoch: 1 | remaining: 72s    
step 01382 (76.0%) | loss: 2.961645 | lrm: 0.34 | dt: 166ms | tok/sec: 788,065 | mfu: 22.5% | epoch: 1 | remaining: 72s    
step 01383 (76.1%) | loss: 2.969530 | lrm: 0.34 | dt: 166ms | tok/sec: 788,067 | mfu: 22.5% | epoch: 1 | remaining: 72s    
step 01384 (76.1%) | loss: 2.967001 | lrm: 0.34 | dt: 166ms | tok/sec: 788,148 | mfu: 22.6% | epoch: 1 | remaining: 72s    
step 01385 (76.2%) | loss: 2.963169 | lrm: 0.34 | dt: 166ms | tok/sec: 788,170 | mfu: 22.6% | epoch: 1 | remaining: 71s    
step 01386 (76.2%) | loss: 2.955155 | lrm: 0.34 | dt: 166ms | tok/sec: 788,099 | mfu: 22.5% | epoch: 1 | remaining: 71s    
step 01387 (76.3%) | loss: 2.955559 | lrm: 0.34 | dt: 166ms | tok/sec: 787,919 | mfu: 22.5% | epoch: 1 | remaining: 71s    
step 01388 (76.3%) | loss: 2.958607 | lrm: 0.34 | dt: 166ms | tok/sec: 788,051 | mfu: 22.5% | epoch: 1 | remaining: 71s    
step 01389 (76.4%) | loss: 2.954919 | lrm: 0.34 | dt: 166ms | tok/sec: 787,926 | mfu: 22.5% | epoch: 1 | remaining: 71s    
step 01390 (76.4%) | loss: 2.951630 | lrm: 0.34 | dt: 166ms | tok/sec: 788,017 | mfu: 22.5% | epoch: 1 | remaining: 71s    
step 01391 (76.5%) | loss: 2.946029 | lrm: 0.34 | dt: 166ms | tok/sec: 787,943 | mfu: 22.5% | epoch: 1 | remaining: 70s    
step 01392 (76.6%) | loss: 2.944259 | lrm: 0.33 | dt: 166ms | tok/sec: 788,065 | mfu: 22.5% | epoch: 1 | remaining: 70s    
step 01393 (76.6%) | loss: 2.946589 | lrm: 0.33 | dt: 166ms | tok/sec: 788,089 | mfu: 22.5% | epoch: 1 | remaining: 70s    
step 01394 (76.7%) | loss: 2.945825 | lrm: 0.33 | dt: 166ms | tok/sec: 787,903 | mfu: 22.5% | epoch: 1 | remaining: 70s    
step 01395 (76.7%) | loss: 2.943320 | lrm: 0.33 | dt: 166ms | tok/sec: 788,268 | mfu: 22.6% | epoch: 1 | remaining: 70s    
step 01396 (76.8%) | loss: 2.940189 | lrm: 0.33 | dt: 166ms | tok/sec: 788,028 | mfu: 22.5% | epoch: 1 | remaining: 70s    
step 01397 (76.8%) | loss: 2.937361 | lrm: 0.33 | dt: 166ms | tok/sec: 788,329 | mfu: 22.6% | epoch: 1 | remaining: 69s    
step 01398 (76.9%) | loss: 2.940358 | lrm: 0.33 | dt: 166ms | tok/sec: 788,162 | mfu: 22.6% | epoch: 1 | remaining: 69s    
step 01399 (76.9%) | loss: 2.938509 | lrm: 0.33 | dt: 166ms | tok/sec: 787,796 | mfu: 22.5% | epoch: 1 | remaining: 69s    
step 01400 (77.0%) | loss: 2.939073 | lrm: 0.33 | dt: 166ms | tok/sec: 788,166 | mfu: 22.6% | epoch: 1 | remaining: 69s    
step 01401 (77.1%) | loss: 2.939131 | lrm: 0.33 | dt: 166ms | tok/sec: 788,145 | mfu: 22.6% | epoch: 1 | remaining: 69s    
step 01402 (77.1%) | loss: 2.939916 | lrm: 0.33 | dt: 166ms | tok/sec: 787,964 | mfu: 22.5% | epoch: 1 | remaining: 69s    
step 01403 (77.2%) | loss: 2.939259 | lrm: 0.33 | dt: 166ms | tok/sec: 787,890 | mfu: 22.5% | epoch: 1 | remaining: 68s    
step 01404 (77.2%) | loss: 2.937683 | lrm: 0.33 | dt: 166ms | tok/sec: 787,998 | mfu: 22.5% | epoch: 1 | remaining: 68s    
step 01405 (77.3%) | loss: 2.939516 | lrm: 0.32 | dt: 166ms | tok/sec: 787,912 | mfu: 22.5% | epoch: 1 | remaining: 68s    
step 01406 (77.3%) | loss: 2.934659 | lrm: 0.32 | dt: 166ms | tok/sec: 788,078 | mfu: 22.5% | epoch: 1 | remaining: 68s    
step 01407 (77.4%) | loss: 2.939854 | lrm: 0.32 | dt: 166ms | tok/sec: 788,206 | mfu: 22.6% | epoch: 1 | remaining: 68s    
step 01408 (77.4%) | loss: 2.935489 | lrm: 0.32 | dt: 166ms | tok/sec: 787,776 | mfu: 22.5% | epoch: 1 | remaining: 68s    
step 01409 (77.5%) | loss: 2.935641 | lrm: 0.32 | dt: 166ms | tok/sec: 787,826 | mfu: 22.5% | epoch: 1 | remaining: 67s    
step 01410 (77.6%) | loss: 2.931535 | lrm: 0.32 | dt: 166ms | tok/sec: 787,901 | mfu: 22.5% | epoch: 1 | remaining: 67s    
step 01411 (77.6%) | loss: 2.934434 | lrm: 0.32 | dt: 166ms | tok/sec: 788,038 | mfu: 22.5% | epoch: 1 | remaining: 67s    
step 01412 (77.7%) | loss: 2.944405 | lrm: 0.32 | dt: 166ms | tok/sec: 788,031 | mfu: 22.5% | epoch: 1 | remaining: 67s    
step 01413 (77.7%) | loss: 2.941982 | lrm: 0.32 | dt: 166ms | tok/sec: 787,893 | mfu: 22.5% | epoch: 1 | remaining: 67s    
step 01414 (77.8%) | loss: 2.943767 | lrm: 0.32 | dt: 166ms | tok/sec: 788,093 | mfu: 22.5% | epoch: 1 | remaining: 67s    
step 01415 (77.8%) | loss: 2.942232 | lrm: 0.32 | dt: 166ms | tok/sec: 788,399 | mfu: 22.6% | epoch: 1 | remaining: 66s    
step 01416 (77.9%) | loss: 2.938719 | lrm: 0.32 | dt: 166ms | tok/sec: 788,190 | mfu: 22.6% | epoch: 1 | remaining: 66s    
step 01417 (77.9%) | loss: 2.936010 | lrm: 0.32 | dt: 166ms | tok/sec: 788,175 | mfu: 22.6% | epoch: 1 | remaining: 66s    
step 01418 (78.0%) | loss: 2.934811 | lrm: 0.31 | dt: 166ms | tok/sec: 787,984 | mfu: 22.5% | epoch: 1 | remaining: 66s    
step 01419 (78.0%) | loss: 2.928726 | lrm: 0.31 | dt: 166ms | tok/sec: 788,239 | mfu: 22.6% | epoch: 1 | remaining: 66s    
step 01420 (78.1%) | loss: 2.928457 | lrm: 0.31 | dt: 166ms | tok/sec: 788,196 | mfu: 22.6% | epoch: 1 | remaining: 66s    
step 01421 (78.2%) | loss: 2.935515 | lrm: 0.31 | dt: 166ms | tok/sec: 788,274 | mfu: 22.6% | epoch: 1 | remaining: 65s    
step 01422 (78.2%) | loss: 2.927734 | lrm: 0.31 | dt: 166ms | tok/sec: 787,907 | mfu: 22.5% | epoch: 1 | remaining: 65s    
step 01423 (78.3%) | loss: 2.926865 | lrm: 0.31 | dt: 166ms | tok/sec: 788,270 | mfu: 22.6% | epoch: 1 | remaining: 65s    
step 01424 (78.3%) | loss: 2.931051 | lrm: 0.31 | dt: 166ms | tok/sec: 788,123 | mfu: 22.6% | epoch: 1 | remaining: 65s    
step 01425 (78.4%) | loss: 2.929001 | lrm: 0.31 | dt: 166ms | tok/sec: 788,032 | mfu: 22.5% | epoch: 1 | remaining: 65s    
step 01426 (78.4%) | loss: 2.934122 | lrm: 0.31 | dt: 166ms | tok/sec: 788,140 | mfu: 22.6% | epoch: 1 | remaining: 65s    
step 01427 (78.5%) | loss: 2.937390 | lrm: 0.31 | dt: 166ms | tok/sec: 787,923 | mfu: 22.5% | epoch: 1 | remaining: 64s    
step 01428 (78.5%) | loss: 2.931052 | lrm: 0.31 | dt: 166ms | tok/sec: 787,864 | mfu: 22.5% | epoch: 1 | remaining: 64s    
step 01429 (78.6%) | loss: 2.925687 | lrm: 0.31 | dt: 166ms | tok/sec: 787,718 | mfu: 22.5% | epoch: 1 | remaining: 64s    
step 01430 (78.7%) | loss: 2.929371 | lrm: 0.30 | dt: 166ms | tok/sec: 787,988 | mfu: 22.5% | epoch: 1 | remaining: 64s    
step 01431 (78.7%) | loss: 2.935140 | lrm: 0.30 | dt: 166ms | tok/sec: 787,982 | mfu: 22.5% | epoch: 1 | remaining: 64s    
step 01432 (78.8%) | loss: 2.926517 | lrm: 0.30 | dt: 166ms | tok/sec: 788,039 | mfu: 22.5% | epoch: 1 | remaining: 64s    
step 01433 (78.8%) | loss: 2.926481 | lrm: 0.30 | dt: 166ms | tok/sec: 788,026 | mfu: 22.5% | epoch: 1 | remaining: 63s    
step 01434 (78.9%) | loss: 2.933356 | lrm: 0.30 | dt: 166ms | tok/sec: 788,140 | mfu: 22.6% | epoch: 1 | remaining: 63s    
step 01435 (78.9%) | loss: 2.933535 | lrm: 0.30 | dt: 166ms | tok/sec: 788,101 | mfu: 22.5% | epoch: 1 | remaining: 63s    
step 01436 (79.0%) | loss: 2.930911 | lrm: 0.30 | dt: 166ms | tok/sec: 787,930 | mfu: 22.5% | epoch: 1 | remaining: 63s    
step 01437 (79.0%) | loss: 2.928387 | lrm: 0.30 | dt: 166ms | tok/sec: 788,113 | mfu: 22.6% | epoch: 1 | remaining: 63s    
step 01438 (79.1%) | loss: 2.933841 | lrm: 0.30 | dt: 166ms | tok/sec: 787,984 | mfu: 22.5% | epoch: 1 | remaining: 63s    
step 01439 (79.2%) | loss: 2.933021 | lrm: 0.30 | dt: 166ms | tok/sec: 787,794 | mfu: 22.5% | epoch: 1 | remaining: 62s    
step 01440 (79.2%) | loss: 2.937511 | lrm: 0.30 | dt: 166ms | tok/sec: 788,191 | mfu: 22.6% | epoch: 1 | remaining: 62s    
step 01441 (79.3%) | loss: 2.930010 | lrm: 0.30 | dt: 166ms | tok/sec: 788,006 | mfu: 22.5% | epoch: 1 | remaining: 62s    
step 01442 (79.3%) | loss: 2.927858 | lrm: 0.30 | dt: 166ms | tok/sec: 788,043 | mfu: 22.5% | epoch: 1 | remaining: 62s    
step 01443 (79.4%) | loss: 2.929528 | lrm: 0.29 | dt: 166ms | tok/sec: 788,013 | mfu: 22.5% | epoch: 1 | remaining: 62s    
step 01444 (79.4%) | loss: 2.928826 | lrm: 0.29 | dt: 166ms | tok/sec: 788,087 | mfu: 22.5% | epoch: 1 | remaining: 62s    
step 01445 (79.5%) | loss: 2.927098 | lrm: 0.29 | dt: 166ms | tok/sec: 787,943 | mfu: 22.5% | epoch: 1 | remaining: 61s    
step 01446 (79.5%) | loss: 2.929449 | lrm: 0.29 | dt: 166ms | tok/sec: 788,129 | mfu: 22.6% | epoch: 1 | remaining: 61s    
step 01447 (79.6%) | loss: 2.928297 | lrm: 0.29 | dt: 166ms | tok/sec: 788,198 | mfu: 22.6% | epoch: 1 | remaining: 61s    
step 01448 (79.7%) | loss: 2.917514 | lrm: 0.29 | dt: 166ms | tok/sec: 787,928 | mfu: 22.5% | epoch: 1 | remaining: 61s    
step 01449 (79.7%) | loss: 2.916836 | lrm: 0.29 | dt: 166ms | tok/sec: 787,501 | mfu: 22.5% | epoch: 1 | remaining: 61s    
step 01450 (79.8%) | loss: 2.911345 | lrm: 0.29 | dt: 166ms | tok/sec: 787,892 | mfu: 22.5% | epoch: 1 | remaining: 61s    
step 01451 (79.8%) | loss: 2.912234 | lrm: 0.29 | dt: 166ms | tok/sec: 787,934 | mfu: 22.5% | epoch: 1 | remaining: 60s    
step 01452 (79.9%) | loss: 2.913163 | lrm: 0.29 | dt: 166ms | tok/sec: 787,997 | mfu: 22.5% | epoch: 1 | remaining: 60s    
step 01453 (79.9%) | loss: 2.930315 | lrm: 0.29 | dt: 166ms | tok/sec: 788,066 | mfu: 22.5% | epoch: 1 | remaining: 60s    
step 01454 (80.0%) | loss: 2.933208 | lrm: 0.29 | dt: 166ms | tok/sec: 788,079 | mfu: 22.5% | epoch: 1 | remaining: 60s    
step 01455 (80.0%) | loss: 2.933588 | lrm: 0.29 | dt: 166ms | tok/sec: 787,902 | mfu: 22.5% | epoch: 1 | remaining: 60s    
step 01456 (80.1%) | loss: 2.929310 | lrm: 0.28 | dt: 166ms | tok/sec: 787,917 | mfu: 22.5% | epoch: 1 | remaining: 60s    
step 01457 (80.2%) | loss: 2.934047 | lrm: 0.28 | dt: 166ms | tok/sec: 788,073 | mfu: 22.5% | epoch: 1 | remaining: 59s    
step 01458 (80.2%) | loss: 2.929638 | lrm: 0.28 | dt: 166ms | tok/sec: 788,382 | mfu: 22.6% | epoch: 1 | remaining: 59s    
step 01459 (80.3%) | loss: 2.929065 | lrm: 0.28 | dt: 166ms | tok/sec: 787,939 | mfu: 22.5% | epoch: 1 | remaining: 59s    
step 01460 (80.3%) | loss: 2.927552 | lrm: 0.28 | dt: 166ms | tok/sec: 787,431 | mfu: 22.5% | epoch: 1 | remaining: 59s    
step 01461 (80.4%) | loss: 2.933532 | lrm: 0.28 | dt: 166ms | tok/sec: 787,961 | mfu: 22.5% | epoch: 1 | remaining: 59s    
step 01462 (80.4%) | loss: 2.929986 | lrm: 0.28 | dt: 166ms | tok/sec: 787,865 | mfu: 22.5% | epoch: 1 | remaining: 59s    
step 01463 (80.5%) | loss: 2.932532 | lrm: 0.28 | dt: 166ms | tok/sec: 787,892 | mfu: 22.5% | epoch: 1 | remaining: 58s    
step 01464 (80.5%) | loss: 2.927019 | lrm: 0.28 | dt: 166ms | tok/sec: 787,974 | mfu: 22.5% | epoch: 1 | remaining: 58s    
step 01465 (80.6%) | loss: 2.920091 | lrm: 0.28 | dt: 166ms | tok/sec: 788,226 | mfu: 22.6% | epoch: 1 | remaining: 58s    
step 01466 (80.7%) | loss: 2.920608 | lrm: 0.28 | dt: 166ms | tok/sec: 787,754 | mfu: 22.5% | epoch: 1 | remaining: 58s    
step 01467 (80.7%) | loss: 2.916784 | lrm: 0.28 | dt: 166ms | tok/sec: 788,007 | mfu: 22.5% | epoch: 1 | remaining: 58s    
step 01468 (80.8%) | loss: 2.917097 | lrm: 0.27 | dt: 166ms | tok/sec: 787,979 | mfu: 22.5% | epoch: 1 | remaining: 58s    
step 01469 (80.8%) | loss: 2.920408 | lrm: 0.27 | dt: 166ms | tok/sec: 787,984 | mfu: 22.5% | epoch: 1 | remaining: 57s    
step 01470 (80.9%) | loss: 2.927358 | lrm: 0.27 | dt: 166ms | tok/sec: 788,143 | mfu: 22.6% | epoch: 1 | remaining: 57s    
step 01471 (80.9%) | loss: 2.926665 | lrm: 0.27 | dt: 166ms | tok/sec: 787,939 | mfu: 22.5% | epoch: 1 | remaining: 57s    
step 01472 (81.0%) | loss: 2.922811 | lrm: 0.27 | dt: 166ms | tok/sec: 787,925 | mfu: 22.5% | epoch: 1 | remaining: 57s    
step 01473 (81.0%) | loss: 2.925315 | lrm: 0.27 | dt: 166ms | tok/sec: 788,146 | mfu: 22.6% | epoch: 1 | remaining: 57s    
step 01474 (81.1%) | loss: 2.925873 | lrm: 0.27 | dt: 166ms | tok/sec: 787,899 | mfu: 22.5% | epoch: 1 | remaining: 57s    
step 01475 (81.2%) | loss: 2.925997 | lrm: 0.27 | dt: 166ms | tok/sec: 788,026 | mfu: 22.5% | epoch: 1 | remaining: 56s    
step 01476 (81.2%) | loss: 2.922619 | lrm: 0.27 | dt: 166ms | tok/sec: 787,868 | mfu: 22.5% | epoch: 1 | remaining: 56s    
step 01477 (81.3%) | loss: 2.913682 | lrm: 0.27 | dt: 166ms | tok/sec: 788,027 | mfu: 22.5% | epoch: 1 | remaining: 56s    
step 01478 (81.3%) | loss: 2.919063 | lrm: 0.27 | dt: 166ms | tok/sec: 788,015 | mfu: 22.5% | epoch: 1 | remaining: 56s    
step 01479 (81.4%) | loss: 2.918468 | lrm: 0.27 | dt: 166ms | tok/sec: 787,807 | mfu: 22.5% | epoch: 1 | remaining: 56s    
step 01480 (81.4%) | loss: 2.915770 | lrm: 0.27 | dt: 166ms | tok/sec: 788,226 | mfu: 22.6% | epoch: 1 | remaining: 56s    
step 01481 (81.5%) | loss: 2.915680 | lrm: 0.26 | dt: 166ms | tok/sec: 788,204 | mfu: 22.6% | epoch: 1 | remaining: 55s    
step 01482 (81.5%) | loss: 2.913088 | lrm: 0.26 | dt: 166ms | tok/sec: 787,885 | mfu: 22.5% | epoch: 1 | remaining: 55s    
step 01483 (81.6%) | loss: 2.911613 | lrm: 0.26 | dt: 166ms | tok/sec: 787,817 | mfu: 22.5% | epoch: 1 | remaining: 55s    
step 01484 (81.7%) | loss: 2.909388 | lrm: 0.26 | dt: 166ms | tok/sec: 788,157 | mfu: 22.6% | epoch: 1 | remaining: 55s    
step 01485 (81.7%) | loss: 2.908011 | lrm: 0.26 | dt: 166ms | tok/sec: 788,175 | mfu: 22.6% | epoch: 1 | remaining: 55s    
step 01486 (81.8%) | loss: 2.911184 | lrm: 0.26 | dt: 166ms | tok/sec: 787,951 | mfu: 22.5% | epoch: 1 | remaining: 55s    
step 01487 (81.8%) | loss: 2.906878 | lrm: 0.26 | dt: 166ms | tok/sec: 787,947 | mfu: 22.5% | epoch: 1 | remaining: 54s    
step 01488 (81.9%) | loss: 2.907865 | lrm: 0.26 | dt: 166ms | tok/sec: 787,891 | mfu: 22.5% | epoch: 1 | remaining: 54s    
step 01489 (81.9%) | loss: 2.903244 | lrm: 0.26 | dt: 166ms | tok/sec: 787,913 | mfu: 22.5% | epoch: 1 | remaining: 54s    
step 01490 (82.0%) | loss: 2.910193 | lrm: 0.26 | dt: 166ms | tok/sec: 787,967 | mfu: 22.5% | epoch: 1 | remaining: 54s    
step 01491 (82.0%) | loss: 2.912493 | lrm: 0.26 | dt: 166ms | tok/sec: 788,001 | mfu: 22.5% | epoch: 1 | remaining: 54s    
step 01492 (82.1%) | loss: 2.904323 | lrm: 0.26 | dt: 166ms | tok/sec: 788,051 | mfu: 22.5% | epoch: 1 | remaining: 54s    
step 01493 (82.2%) | loss: 2.905980 | lrm: 0.25 | dt: 166ms | tok/sec: 787,796 | mfu: 22.5% | epoch: 1 | remaining: 53s    
step 01494 (82.2%) | loss: 2.910171 | lrm: 0.25 | dt: 166ms | tok/sec: 788,096 | mfu: 22.5% | epoch: 1 | remaining: 53s    
step 01495 (82.3%) | loss: 2.910001 | lrm: 0.25 | dt: 166ms | tok/sec: 788,091 | mfu: 22.5% | epoch: 1 | remaining: 53s    
step 01496 (82.3%) | loss: 2.920265 | lrm: 0.25 | dt: 166ms | tok/sec: 788,173 | mfu: 22.6% | epoch: 1 | remaining: 53s    
step 01497 (82.4%) | loss: 2.919885 | lrm: 0.25 | dt: 166ms | tok/sec: 787,967 | mfu: 22.5% | epoch: 1 | remaining: 53s    
step 01498 (82.4%) | loss: 2.913739 | lrm: 0.25 | dt: 166ms | tok/sec: 787,707 | mfu: 22.5% | epoch: 1 | remaining: 53s    
step 01499 (82.5%) | loss: 2.910504 | lrm: 0.25 | dt: 166ms | tok/sec: 787,927 | mfu: 22.5% | epoch: 1 | remaining: 52s    
step 01500 (82.5%) | loss: 2.906259 | lrm: 0.25 | dt: 166ms | tok/sec: 788,021 | mfu: 22.5% | epoch: 1 | remaining: 52s    
step 01501 (82.6%) | loss: 2.902111 | lrm: 0.25 | dt: 166ms | tok/sec: 788,178 | mfu: 22.6% | epoch: 1 | remaining: 52s    
step 01502 (82.7%) | loss: 2.904258 | lrm: 0.25 | dt: 166ms | tok/sec: 788,007 | mfu: 22.5% | epoch: 1 | remaining: 52s    
step 01503 (82.7%) | loss: 2.902078 | lrm: 0.25 | dt: 166ms | tok/sec: 788,033 | mfu: 22.5% | epoch: 1 | remaining: 52s    
step 01504 (82.8%) | loss: 2.900810 | lrm: 0.25 | dt: 166ms | tok/sec: 787,980 | mfu: 22.5% | epoch: 1 | remaining: 52s    
step 01505 (82.8%) | loss: 2.896461 | lrm: 0.25 | dt: 166ms | tok/sec: 787,882 | mfu: 22.5% | epoch: 1 | remaining: 51s    
step 01506 (82.9%) | loss: 2.904420 | lrm: 0.24 | dt: 166ms | tok/sec: 787,939 | mfu: 22.5% | epoch: 1 | remaining: 51s    
step 01507 (82.9%) | loss: 2.900592 | lrm: 0.24 | dt: 166ms | tok/sec: 788,042 | mfu: 22.5% | epoch: 1 | remaining: 51s    
step 01508 (83.0%) | loss: 2.905818 | lrm: 0.24 | dt: 166ms | tok/sec: 788,170 | mfu: 22.6% | epoch: 1 | remaining: 51s    
step 01509 (83.0%) | loss: 2.905977 | lrm: 0.24 | dt: 166ms | tok/sec: 787,805 | mfu: 22.5% | epoch: 1 | remaining: 51s    
step 01510 (83.1%) | loss: 2.910088 | lrm: 0.24 | dt: 166ms | tok/sec: 788,245 | mfu: 22.6% | epoch: 1 | remaining: 51s    
step 01511 (83.2%) | loss: 2.905173 | lrm: 0.24 | dt: 166ms | tok/sec: 788,062 | mfu: 22.5% | epoch: 1 | remaining: 50s    
step 01512 (83.2%) | loss: 2.909198 | lrm: 0.24 | dt: 166ms | tok/sec: 787,956 | mfu: 22.5% | epoch: 1 | remaining: 50s    
step 01513 (83.3%) | loss: 2.911818 | lrm: 0.24 | dt: 166ms | tok/sec: 788,038 | mfu: 22.5% | epoch: 1 | remaining: 50s    
step 01514 (83.3%) | loss: 2.911534 | lrm: 0.24 | dt: 166ms | tok/sec: 788,080 | mfu: 22.5% | epoch: 1 | remaining: 50s    
step 01515 (83.4%) | loss: 2.914251 | lrm: 0.24 | dt: 166ms | tok/sec: 787,923 | mfu: 22.5% | epoch: 1 | remaining: 50s    
step 01516 (83.4%) | loss: 2.915093 | lrm: 0.24 | dt: 166ms | tok/sec: 787,938 | mfu: 22.5% | epoch: 1 | remaining: 50s    
step 01517 (83.5%) | loss: 2.921106 | lrm: 0.24 | dt: 166ms | tok/sec: 787,993 | mfu: 22.5% | epoch: 1 | remaining: 49s    
step 01518 (83.5%) | loss: 2.919207 | lrm: 0.24 | dt: 166ms | tok/sec: 788,035 | mfu: 22.5% | epoch: 1 | remaining: 49s    
step 01519 (83.6%) | loss: 2.915832 | lrm: 0.23 | dt: 166ms | tok/sec: 787,996 | mfu: 22.5% | epoch: 1 | remaining: 49s    
step 01520 (83.6%) | loss: 2.913648 | lrm: 0.23 | dt: 166ms | tok/sec: 788,045 | mfu: 22.5% | epoch: 1 | remaining: 49s    
step 01521 (83.7%) | loss: 2.906545 | lrm: 0.23 | dt: 166ms | tok/sec: 787,975 | mfu: 22.5% | epoch: 1 | remaining: 49s    
step 01522 (83.8%) | loss: 2.899760 | lrm: 0.23 | dt: 166ms | tok/sec: 788,038 | mfu: 22.5% | epoch: 1 | remaining: 49s    
step 01523 (83.8%) | loss: 2.895620 | lrm: 0.23 | dt: 166ms | tok/sec: 787,780 | mfu: 22.5% | epoch: 1 | remaining: 48s    
step 01524 (83.9%) | loss: 2.894827 | lrm: 0.23 | dt: 167ms | tok/sec: 786,877 | mfu: 22.5% | epoch: 1 | remaining: 48s    
step 01525 (83.9%) | loss: 2.902075 | lrm: 0.23 | dt: 166ms | tok/sec: 787,859 | mfu: 22.5% | epoch: 1 | remaining: 48s    
step 01526 (84.0%) | loss: 2.907015 | lrm: 0.23 | dt: 166ms | tok/sec: 787,642 | mfu: 22.5% | epoch: 1 | remaining: 48s    
step 01527 (84.0%) | loss: 2.906335 | lrm: 0.23 | dt: 166ms | tok/sec: 787,900 | mfu: 22.5% | epoch: 1 | remaining: 48s    
step 01528 (84.1%) | loss: 2.905789 | lrm: 0.23 | dt: 166ms | tok/sec: 787,892 | mfu: 22.5% | epoch: 1 | remaining: 48s    
step 01529 (84.1%) | loss: 2.904732 | lrm: 0.23 | dt: 166ms | tok/sec: 788,057 | mfu: 22.5% | epoch: 1 | remaining: 47s    
step 01530 (84.2%) | loss: 2.897608 | lrm: 0.23 | dt: 166ms | tok/sec: 787,861 | mfu: 22.5% | epoch: 1 | remaining: 47s    
step 01531 (84.3%) | loss: 2.900760 | lrm: 0.22 | dt: 166ms | tok/sec: 787,963 | mfu: 22.5% | epoch: 1 | remaining: 47s    
step 01532 (84.3%) | loss: 2.895425 | lrm: 0.22 | dt: 166ms | tok/sec: 788,062 | mfu: 22.5% | epoch: 1 | remaining: 47s    
step 01533 (84.4%) | loss: 2.895023 | lrm: 0.22 | dt: 166ms | tok/sec: 787,937 | mfu: 22.5% | epoch: 1 | remaining: 47s    
step 01534 (84.4%) | loss: 2.892814 | lrm: 0.22 | dt: 166ms | tok/sec: 788,045 | mfu: 22.5% | epoch: 1 | remaining: 47s    
step 01535 (84.5%) | loss: 2.895229 | lrm: 0.22 | dt: 166ms | tok/sec: 787,804 | mfu: 22.5% | epoch: 1 | remaining: 46s    
step 01536 (84.5%) | loss: 2.896758 | lrm: 0.22 | dt: 166ms | tok/sec: 788,016 | mfu: 22.5% | epoch: 1 | remaining: 46s    
step 01537 (84.6%) | loss: 2.902712 | lrm: 0.22 | dt: 166ms | tok/sec: 788,064 | mfu: 22.5% | epoch: 1 | remaining: 46s    
step 01538 (84.6%) | loss: 2.903012 | lrm: 0.22 | dt: 166ms | tok/sec: 788,241 | mfu: 22.6% | epoch: 1 | remaining: 46s    
step 01539 (84.7%) | loss: 2.904558 | lrm: 0.22 | dt: 166ms | tok/sec: 787,893 | mfu: 22.5% | epoch: 1 | remaining: 46s    
step 01540 (84.8%) | loss: 2.901353 | lrm: 0.22 | dt: 166ms | tok/sec: 787,895 | mfu: 22.5% | epoch: 1 | remaining: 46s    
step 01541 (84.8%) | loss: 2.898644 | lrm: 0.22 | dt: 166ms | tok/sec: 787,965 | mfu: 22.5% | epoch: 1 | remaining: 45s    
step 01542 (84.9%) | loss: 2.903959 | lrm: 0.22 | dt: 166ms | tok/sec: 787,803 | mfu: 22.5% | epoch: 1 | remaining: 45s    
step 01543 (84.9%) | loss: 2.905317 | lrm: 0.22 | dt: 166ms | tok/sec: 788,106 | mfu: 22.5% | epoch: 1 | remaining: 45s    
step 01544 (85.0%) | loss: 2.910146 | lrm: 0.21 | dt: 166ms | tok/sec: 788,129 | mfu: 22.6% | epoch: 1 | remaining: 45s    
step 01545 (85.0%) | loss: 2.904936 | lrm: 0.21 | dt: 166ms | tok/sec: 788,204 | mfu: 22.6% | epoch: 1 | remaining: 45s    
step 01546 (85.1%) | loss: 2.903183 | lrm: 0.21 | dt: 166ms | tok/sec: 788,188 | mfu: 22.6% | epoch: 1 | remaining: 45s    
step 01547 (85.1%) | loss: 2.911356 | lrm: 0.21 | dt: 166ms | tok/sec: 787,870 | mfu: 22.5% | epoch: 1 | remaining: 44s    
step 01548 (85.2%) | loss: 2.918974 | lrm: 0.21 | dt: 166ms | tok/sec: 787,868 | mfu: 22.5% | epoch: 1 | remaining: 44s    
step 01549 (85.3%) | loss: 2.914525 | lrm: 0.21 | dt: 166ms | tok/sec: 787,736 | mfu: 22.5% | epoch: 1 | remaining: 44s    
step 01550 (85.3%) | loss: 2.917589 | lrm: 0.21 | dt: 166ms | tok/sec: 788,209 | mfu: 22.6% | epoch: 1 | remaining: 44s    
step 01551 (85.4%) | loss: 2.910553 | lrm: 0.21 | dt: 166ms | tok/sec: 787,888 | mfu: 22.5% | epoch: 1 | remaining: 44s    
step 01552 (85.4%) | loss: 2.906322 | lrm: 0.21 | dt: 166ms | tok/sec: 787,940 | mfu: 22.5% | epoch: 1 | remaining: 44s    
step 01553 (85.5%) | loss: 2.898723 | lrm: 0.21 | dt: 166ms | tok/sec: 788,105 | mfu: 22.5% | epoch: 1 | remaining: 43s    
step 01554 (85.5%) | loss: 2.895924 | lrm: 0.21 | dt: 166ms | tok/sec: 787,912 | mfu: 22.5% | epoch: 1 | remaining: 43s    
step 01555 (85.6%) | loss: 2.896752 | lrm: 0.21 | dt: 166ms | tok/sec: 788,091 | mfu: 22.5% | epoch: 1 | remaining: 43s    
step 01556 (85.6%) | loss: 2.893859 | lrm: 0.21 | dt: 166ms | tok/sec: 787,948 | mfu: 22.5% | epoch: 1 | remaining: 43s    
step 01557 (85.7%) | loss: 2.896283 | lrm: 0.20 | dt: 166ms | tok/sec: 787,953 | mfu: 22.5% | epoch: 1 | remaining: 43s    
step 01558 (85.8%) | loss: 2.897367 | lrm: 0.20 | dt: 166ms | tok/sec: 788,027 | mfu: 22.5% | epoch: 1 | remaining: 43s    
step 01559 (85.8%) | loss: 2.898956 | lrm: 0.20 | dt: 166ms | tok/sec: 787,840 | mfu: 22.5% | epoch: 1 | remaining: 42s    
step 01560 (85.9%) | loss: 2.894677 | lrm: 0.20 | dt: 166ms | tok/sec: 788,290 | mfu: 22.6% | epoch: 1 | remaining: 42s    
step 01561 (85.9%) | loss: 2.893649 | lrm: 0.20 | dt: 166ms | tok/sec: 787,848 | mfu: 22.5% | epoch: 1 | remaining: 42s    
step 01562 (86.0%) | loss: 2.897334 | lrm: 0.20 | dt: 166ms | tok/sec: 787,868 | mfu: 22.5% | epoch: 1 | remaining: 42s    
step 01563 (86.0%) | loss: 2.895690 | lrm: 0.20 | dt: 166ms | tok/sec: 787,922 | mfu: 22.5% | epoch: 1 | remaining: 42s    
step 01564 (86.1%) | loss: 2.893419 | lrm: 0.20 | dt: 166ms | tok/sec: 788,147 | mfu: 22.6% | epoch: 1 | remaining: 42s    
step 01565 (86.1%) | loss: 2.892417 | lrm: 0.20 | dt: 166ms | tok/sec: 787,853 | mfu: 22.5% | epoch: 1 | remaining: 41s    
step 01566 (86.2%) | loss: 2.891789 | lrm: 0.20 | dt: 166ms | tok/sec: 787,909 | mfu: 22.5% | epoch: 1 | remaining: 41s    
step 01567 (86.3%) | loss: 2.891194 | lrm: 0.20 | dt: 166ms | tok/sec: 788,062 | mfu: 22.5% | epoch: 1 | remaining: 41s    
step 01568 (86.3%) | loss: 2.886173 | lrm: 0.20 | dt: 166ms | tok/sec: 788,283 | mfu: 22.6% | epoch: 1 | remaining: 41s    
step 01569 (86.4%) | loss: 2.886692 | lrm: 0.19 | dt: 166ms | tok/sec: 788,027 | mfu: 22.5% | epoch: 1 | remaining: 41s    
step 01570 (86.4%) | loss: 2.885872 | lrm: 0.19 | dt: 166ms | tok/sec: 787,955 | mfu: 22.5% | epoch: 1 | remaining: 41s    
step 01571 (86.5%) | loss: 2.880411 | lrm: 0.19 | dt: 166ms | tok/sec: 787,917 | mfu: 22.5% | epoch: 1 | remaining: 40s    
step 01572 (86.5%) | loss: 2.879689 | lrm: 0.19 | dt: 166ms | tok/sec: 788,069 | mfu: 22.5% | epoch: 1 | remaining: 40s    
step 01573 (86.6%) | loss: 2.878929 | lrm: 0.19 | dt: 166ms | tok/sec: 788,093 | mfu: 22.5% | epoch: 1 | remaining: 40s    
step 01574 (86.6%) | loss: 2.878666 | lrm: 0.19 | dt: 166ms | tok/sec: 788,006 | mfu: 22.5% | epoch: 1 | remaining: 40s    
step 01575 (86.7%) | loss: 2.883610 | lrm: 0.19 | dt: 166ms | tok/sec: 788,031 | mfu: 22.5% | epoch: 1 | remaining: 40s    
step 01576 (86.8%) | loss: 2.894961 | lrm: 0.19 | dt: 166ms | tok/sec: 788,196 | mfu: 22.6% | epoch: 1 | remaining: 40s    
step 01577 (86.8%) | loss: 2.889641 | lrm: 0.19 | dt: 166ms | tok/sec: 788,021 | mfu: 22.5% | epoch: 1 | remaining: 39s    
step 01578 (86.9%) | loss: 2.882027 | lrm: 0.19 | dt: 166ms | tok/sec: 788,067 | mfu: 22.5% | epoch: 1 | remaining: 39s    
step 01579 (86.9%) | loss: 2.883883 | lrm: 0.19 | dt: 166ms | tok/sec: 787,807 | mfu: 22.5% | epoch: 1 | remaining: 39s    
step 01580 (87.0%) | loss: 2.884346 | lrm: 0.19 | dt: 166ms | tok/sec: 787,395 | mfu: 22.5% | epoch: 1 | remaining: 39s    
step 01581 (87.0%) | loss: 2.885930 | lrm: 0.19 | dt: 167ms | tok/sec: 786,992 | mfu: 22.5% | epoch: 1 | remaining: 39s    
step 01582 (87.1%) | loss: 2.882311 | lrm: 0.18 | dt: 167ms | tok/sec: 786,710 | mfu: 22.5% | epoch: 1 | remaining: 39s    
step 01583 (87.1%) | loss: 2.878034 | lrm: 0.18 | dt: 166ms | tok/sec: 787,774 | mfu: 22.5% | epoch: 1 | remaining: 38s    
step 01584 (87.2%) | loss: 2.883982 | lrm: 0.18 | dt: 166ms | tok/sec: 787,910 | mfu: 22.5% | epoch: 1 | remaining: 38s    
step 01585 (87.3%) | loss: 2.889471 | lrm: 0.18 | dt: 166ms | tok/sec: 787,666 | mfu: 22.5% | epoch: 1 | remaining: 38s    
step 01586 (87.3%) | loss: 2.880141 | lrm: 0.18 | dt: 166ms | tok/sec: 788,066 | mfu: 22.5% | epoch: 1 | remaining: 38s    
step 01587 (87.4%) | loss: 2.878360 | lrm: 0.18 | dt: 166ms | tok/sec: 787,320 | mfu: 22.5% | epoch: 1 | remaining: 38s    
step 01588 (87.4%) | loss: 2.880635 | lrm: 0.18 | dt: 166ms | tok/sec: 787,596 | mfu: 22.5% | epoch: 1 | remaining: 38s    
step 01589 (87.5%) | loss: 2.881391 | lrm: 0.18 | dt: 166ms | tok/sec: 787,839 | mfu: 22.5% | epoch: 1 | remaining: 37s    
step 01590 (87.5%) | loss: 2.881243 | lrm: 0.18 | dt: 166ms | tok/sec: 787,647 | mfu: 22.5% | epoch: 1 | remaining: 37s    
step 01591 (87.6%) | loss: 2.886743 | lrm: 0.18 | dt: 166ms | tok/sec: 787,874 | mfu: 22.5% | epoch: 1 | remaining: 37s    
step 01592 (87.6%) | loss: 2.888610 | lrm: 0.18 | dt: 166ms | tok/sec: 787,667 | mfu: 22.5% | epoch: 1 | remaining: 37s    
step 01593 (87.7%) | loss: 2.883399 | lrm: 0.18 | dt: 166ms | tok/sec: 788,086 | mfu: 22.5% | epoch: 1 | remaining: 37s    
step 01594 (87.8%) | loss: 2.881422 | lrm: 0.17 | dt: 166ms | tok/sec: 788,047 | mfu: 22.5% | epoch: 1 | remaining: 37s    
step 01595 (87.8%) | loss: 2.887509 | lrm: 0.17 | dt: 166ms | tok/sec: 787,773 | mfu: 22.5% | epoch: 1 | remaining: 36s    
step 01596 (87.9%) | loss: 2.885414 | lrm: 0.17 | dt: 166ms | tok/sec: 787,887 | mfu: 22.5% | epoch: 1 | remaining: 36s    
step 01597 (87.9%) | loss: 2.881832 | lrm: 0.17 | dt: 166ms | tok/sec: 787,840 | mfu: 22.5% | epoch: 1 | remaining: 36s    
step 01598 (88.0%) | loss: 2.879522 | lrm: 0.17 | dt: 166ms | tok/sec: 788,129 | mfu: 22.6% | epoch: 1 | remaining: 36s    
step 01599 (88.0%) | loss: 2.867727 | lrm: 0.17 | dt: 166ms | tok/sec: 787,733 | mfu: 22.5% | epoch: 1 | remaining: 36s    
step 01600 (88.1%) | loss: 2.867094 | lrm: 0.17 | dt: 166ms | tok/sec: 787,847 | mfu: 22.5% | epoch: 1 | remaining: 36s    
step 01601 (88.1%) | loss: 2.874472 | lrm: 0.17 | dt: 166ms | tok/sec: 787,725 | mfu: 22.5% | epoch: 1 | remaining: 35s    
step 01602 (88.2%) | loss: 2.868655 | lrm: 0.17 | dt: 166ms | tok/sec: 787,914 | mfu: 22.5% | epoch: 1 | remaining: 35s    
step 01603 (88.3%) | loss: 2.873366 | lrm: 0.17 | dt: 166ms | tok/sec: 787,893 | mfu: 22.5% | epoch: 1 | remaining: 35s    
step 01604 (88.3%) | loss: 2.873216 | lrm: 0.17 | dt: 166ms | tok/sec: 788,089 | mfu: 22.5% | epoch: 1 | remaining: 35s    
step 01605 (88.4%) | loss: 2.876933 | lrm: 0.17 | dt: 166ms | tok/sec: 787,970 | mfu: 22.5% | epoch: 1 | remaining: 35s    
step 01606 (88.4%) | loss: 2.870500 | lrm: 0.17 | dt: 166ms | tok/sec: 788,141 | mfu: 22.6% | epoch: 1 | remaining: 35s    
step 01607 (88.5%) | loss: 2.867965 | lrm: 0.16 | dt: 166ms | tok/sec: 787,937 | mfu: 22.5% | epoch: 1 | remaining: 34s    
step 01608 (88.5%) | loss: 2.863989 | lrm: 0.16 | dt: 166ms | tok/sec: 788,357 | mfu: 22.6% | epoch: 1 | remaining: 34s    
step 01609 (88.6%) | loss: 2.867398 | lrm: 0.16 | dt: 166ms | tok/sec: 788,181 | mfu: 22.6% | epoch: 1 | remaining: 34s    
step 01610 (88.6%) | loss: 2.871855 | lrm: 0.16 | dt: 166ms | tok/sec: 787,966 | mfu: 22.5% | epoch: 1 | remaining: 34s    
step 01611 (88.7%) | loss: 2.868302 | lrm: 0.16 | dt: 166ms | tok/sec: 787,998 | mfu: 22.5% | epoch: 1 | remaining: 34s    
step 01612 (88.8%) | loss: 2.873105 | lrm: 0.16 | dt: 166ms | tok/sec: 787,990 | mfu: 22.5% | epoch: 1 | remaining: 34s    
step 01613 (88.8%) | loss: 2.867113 | lrm: 0.16 | dt: 166ms | tok/sec: 787,975 | mfu: 22.5% | epoch: 1 | remaining: 33s    
step 01614 (88.9%) | loss: 2.862601 | lrm: 0.16 | dt: 166ms | tok/sec: 787,978 | mfu: 22.5% | epoch: 1 | remaining: 33s    
step 01615 (88.9%) | loss: 2.865936 | lrm: 0.16 | dt: 166ms | tok/sec: 788,084 | mfu: 22.5% | epoch: 1 | remaining: 33s    
step 01616 (89.0%) | loss: 2.860534 | lrm: 0.16 | dt: 166ms | tok/sec: 788,057 | mfu: 22.5% | epoch: 1 | remaining: 33s    
step 01617 (89.0%) | loss: 2.869352 | lrm: 0.16 | dt: 166ms | tok/sec: 787,910 | mfu: 22.5% | epoch: 1 | remaining: 33s    
step 01618 (89.1%) | loss: 2.871306 | lrm: 0.16 | dt: 167ms | tok/sec: 786,986 | mfu: 22.5% | epoch: 1 | remaining: 33s    
step 01619 (89.1%) | loss: 2.866889 | lrm: 0.16 | dt: 167ms | tok/sec: 786,626 | mfu: 22.5% | epoch: 1 | remaining: 32s    
step 01620 (89.2%) | loss: 2.871798 | lrm: 0.15 | dt: 166ms | tok/sec: 787,627 | mfu: 22.5% | epoch: 1 | remaining: 32s    
step 01621 (89.3%) | loss: 2.871653 | lrm: 0.15 | dt: 166ms | tok/sec: 787,632 | mfu: 22.5% | epoch: 1 | remaining: 32s    
step 01622 (89.3%) | loss: 2.873538 | lrm: 0.15 | dt: 166ms | tok/sec: 787,841 | mfu: 22.5% | epoch: 1 | remaining: 32s    
step 01623 (89.4%) | loss: 2.872953 | lrm: 0.15 | dt: 166ms | tok/sec: 788,213 | mfu: 22.6% | epoch: 1 | remaining: 32s    
step 01624 (89.4%) | loss: 2.868381 | lrm: 0.15 | dt: 166ms | tok/sec: 788,030 | mfu: 22.5% | epoch: 1 | remaining: 32s    
step 01625 (89.5%) | loss: 2.865996 | lrm: 0.15 | dt: 166ms | tok/sec: 788,250 | mfu: 22.6% | epoch: 1 | remaining: 31s    
step 01626 (89.5%) | loss: 2.866534 | lrm: 0.15 | dt: 166ms | tok/sec: 787,909 | mfu: 22.5% | epoch: 1 | remaining: 31s    
step 01627 (89.6%) | loss: 2.874710 | lrm: 0.15 | dt: 166ms | tok/sec: 787,790 | mfu: 22.5% | epoch: 1 | remaining: 31s    
step 01628 (89.6%) | loss: 2.878699 | lrm: 0.15 | dt: 166ms | tok/sec: 787,878 | mfu: 22.5% | epoch: 1 | remaining: 31s    
step 01629 (89.7%) | loss: 2.873684 | lrm: 0.15 | dt: 166ms | tok/sec: 788,012 | mfu: 22.5% | epoch: 1 | remaining: 31s    
step 01630 (89.7%) | loss: 2.879591 | lrm: 0.15 | dt: 166ms | tok/sec: 788,114 | mfu: 22.6% | epoch: 1 | remaining: 31s    
step 01631 (89.8%) | loss: 2.878523 | lrm: 0.15 | dt: 166ms | tok/sec: 788,228 | mfu: 22.6% | epoch: 1 | remaining: 30s    
step 01632 (89.9%) | loss: 2.877075 | lrm: 0.14 | dt: 166ms | tok/sec: 787,926 | mfu: 22.5% | epoch: 1 | remaining: 30s    
step 01633 (89.9%) | loss: 2.882327 | lrm: 0.14 | dt: 166ms | tok/sec: 787,964 | mfu: 22.5% | epoch: 1 | remaining: 30s    
step 01634 (90.0%) | loss: 2.878062 | lrm: 0.14 | dt: 166ms | tok/sec: 787,917 | mfu: 22.5% | epoch: 1 | remaining: 30s    
step 01635 (90.0%) | loss: 2.867043 | lrm: 0.14 | dt: 166ms | tok/sec: 788,155 | mfu: 22.6% | epoch: 1 | remaining: 30s    
step 01636 (90.1%) | loss: 2.869334 | lrm: 0.14 | dt: 166ms | tok/sec: 788,059 | mfu: 22.5% | epoch: 1 | remaining: 30s    
step 01637 (90.1%) | loss: 2.865496 | lrm: 0.14 | dt: 166ms | tok/sec: 787,923 | mfu: 22.5% | epoch: 1 | remaining: 29s    
step 01638 (90.2%) | loss: 2.866262 | lrm: 0.14 | dt: 166ms | tok/sec: 788,025 | mfu: 22.5% | epoch: 1 | remaining: 29s    
step 01639 (90.2%) | loss: 2.870747 | lrm: 0.14 | dt: 166ms | tok/sec: 788,125 | mfu: 22.6% | epoch: 1 | remaining: 29s    
step 01640 (90.3%) | loss: 2.869879 | lrm: 0.14 | dt: 166ms | tok/sec: 788,038 | mfu: 22.5% | epoch: 1 | remaining: 29s    
step 01641 (90.4%) | loss: 2.873785 | lrm: 0.14 | dt: 166ms | tok/sec: 787,930 | mfu: 22.5% | epoch: 1 | remaining: 29s    
step 01642 (90.4%) | loss: 2.880667 | lrm: 0.14 | dt: 167ms | tok/sec: 786,496 | mfu: 22.5% | epoch: 1 | remaining: 29s    
step 01643 (90.5%) | loss: 2.884260 | lrm: 0.14 | dt: 166ms | tok/sec: 787,988 | mfu: 22.5% | epoch: 1 | remaining: 28s    
step 01644 (90.5%) | loss: 2.883562 | lrm: 0.14 | dt: 166ms | tok/sec: 788,163 | mfu: 22.6% | epoch: 1 | remaining: 28s    
step 01645 (90.6%) | loss: 2.888007 | lrm: 0.13 | dt: 166ms | tok/sec: 787,944 | mfu: 22.5% | epoch: 1 | remaining: 28s    
step 01646 (90.6%) | loss: 2.890241 | lrm: 0.13 | dt: 166ms | tok/sec: 788,325 | mfu: 22.6% | epoch: 1 | remaining: 28s    
step 01647 (90.7%) | loss: 2.895717 | lrm: 0.13 | dt: 166ms | tok/sec: 788,240 | mfu: 22.6% | epoch: 1 | remaining: 28s    
step 01648 (90.7%) | loss: 2.896118 | lrm: 0.13 | dt: 166ms | tok/sec: 788,040 | mfu: 22.5% | epoch: 1 | remaining: 28s    
step 01649 (90.8%) | loss: 2.890759 | lrm: 0.13 | dt: 166ms | tok/sec: 788,036 | mfu: 22.5% | epoch: 1 | remaining: 27s    
step 01650 (90.9%) | loss: 2.886316 | lrm: 0.13 | dt: 166ms | tok/sec: 787,855 | mfu: 22.5% | epoch: 1 | remaining: 27s    
step 01651 (90.9%) | loss: 2.884267 | lrm: 0.13 | dt: 166ms | tok/sec: 788,196 | mfu: 22.6% | epoch: 1 | remaining: 27s    
step 01652 (91.0%) | loss: 2.878440 | lrm: 0.13 | dt: 166ms | tok/sec: 787,958 | mfu: 22.5% | epoch: 1 | remaining: 27s    
step 01653 (91.0%) | loss: 2.877775 | lrm: 0.13 | dt: 166ms | tok/sec: 788,115 | mfu: 22.6% | epoch: 1 | remaining: 27s    
step 01654 (91.1%) | loss: 2.879358 | lrm: 0.13 | dt: 166ms | tok/sec: 787,936 | mfu: 22.5% | epoch: 1 | remaining: 27s    
step 01655 (91.1%) | loss: 2.884020 | lrm: 0.13 | dt: 166ms | tok/sec: 787,544 | mfu: 22.5% | epoch: 1 | remaining: 26s    
step 01656 (91.2%) | loss: 2.882067 | lrm: 0.13 | dt: 167ms | tok/sec: 786,681 | mfu: 22.5% | epoch: 1 | remaining: 26s    
step 01657 (91.2%) | loss: 2.887110 | lrm: 0.13 | dt: 166ms | tok/sec: 787,471 | mfu: 22.5% | epoch: 1 | remaining: 26s    
step 01658 (91.3%) | loss: 2.883195 | lrm: 0.12 | dt: 166ms | tok/sec: 787,951 | mfu: 22.5% | epoch: 1 | remaining: 26s    
step 01659 (91.4%) | loss: 2.882577 | lrm: 0.12 | dt: 166ms | tok/sec: 788,113 | mfu: 22.6% | epoch: 1 | remaining: 26s    
step 01660 (91.4%) | loss: 2.875265 | lrm: 0.12 | dt: 166ms | tok/sec: 788,023 | mfu: 22.5% | epoch: 1 | remaining: 26s    
step 01661 (91.5%) | loss: 2.864801 | lrm: 0.12 | dt: 166ms | tok/sec: 787,970 | mfu: 22.5% | epoch: 1 | remaining: 25s    
step 01662 (91.5%) | loss: 2.862886 | lrm: 0.12 | dt: 166ms | tok/sec: 787,883 | mfu: 22.5% | epoch: 1 | remaining: 25s    
step 01663 (91.6%) | loss: 2.864254 | lrm: 0.12 | dt: 166ms | tok/sec: 788,389 | mfu: 22.6% | epoch: 1 | remaining: 25s    
step 01664 (91.6%) | loss: 2.869962 | lrm: 0.12 | dt: 166ms | tok/sec: 788,024 | mfu: 22.5% | epoch: 1 | remaining: 25s    
step 01665 (91.7%) | loss: 2.868662 | lrm: 0.12 | dt: 166ms | tok/sec: 787,872 | mfu: 22.5% | epoch: 1 | remaining: 25s    
step 01666 (91.7%) | loss: 2.870499 | lrm: 0.12 | dt: 166ms | tok/sec: 788,125 | mfu: 22.6% | epoch: 1 | remaining: 25s    
step 01667 (91.8%) | loss: 2.873194 | lrm: 0.12 | dt: 166ms | tok/sec: 787,952 | mfu: 22.5% | epoch: 1 | remaining: 24s    
step 01668 (91.9%) | loss: 2.877216 | lrm: 0.12 | dt: 166ms | tok/sec: 787,816 | mfu: 22.5% | epoch: 1 | remaining: 24s    
step 01669 (91.9%) | loss: 2.869765 | lrm: 0.12 | dt: 166ms | tok/sec: 787,894 | mfu: 22.5% | epoch: 1 | remaining: 24s    
step 01670 (92.0%) | loss: 2.876654 | lrm: 0.11 | dt: 166ms | tok/sec: 788,000 | mfu: 22.5% | epoch: 1 | remaining: 24s    
step 01671 (92.0%) | loss: 2.876687 | lrm: 0.11 | dt: 166ms | tok/sec: 787,882 | mfu: 22.5% | epoch: 1 | remaining: 24s    
step 01672 (92.1%) | loss: 2.876144 | lrm: 0.11 | dt: 166ms | tok/sec: 787,943 | mfu: 22.5% | epoch: 1 | remaining: 24s    
step 01673 (92.1%) | loss: 2.880413 | lrm: 0.11 | dt: 166ms | tok/sec: 788,003 | mfu: 22.5% | epoch: 1 | remaining: 23s    
step 01674 (92.2%) | loss: 2.881469 | lrm: 0.11 | dt: 166ms | tok/sec: 787,930 | mfu: 22.5% | epoch: 1 | remaining: 23s    
step 01675 (92.2%) | loss: 2.880731 | lrm: 0.11 | dt: 166ms | tok/sec: 787,969 | mfu: 22.5% | epoch: 1 | remaining: 23s    
step 01676 (92.3%) | loss: 2.876207 | lrm: 0.11 | dt: 166ms | tok/sec: 787,821 | mfu: 22.5% | epoch: 1 | remaining: 23s    
step 01677 (92.4%) | loss: 2.883313 | lrm: 0.11 | dt: 166ms | tok/sec: 788,057 | mfu: 22.5% | epoch: 1 | remaining: 23s    
step 01678 (92.4%) | loss: 2.878636 | lrm: 0.11 | dt: 166ms | tok/sec: 787,862 | mfu: 22.5% | epoch: 1 | remaining: 23s    
step 01679 (92.5%) | loss: 2.869915 | lrm: 0.11 | dt: 166ms | tok/sec: 788,040 | mfu: 22.5% | epoch: 1 | remaining: 22s    
step 01680 (92.5%) | loss: 2.865286 | lrm: 0.11 | dt: 166ms | tok/sec: 787,787 | mfu: 22.5% | epoch: 1 | remaining: 22s    
step 01681 (92.6%) | loss: 2.868217 | lrm: 0.11 | dt: 166ms | tok/sec: 788,105 | mfu: 22.5% | epoch: 1 | remaining: 22s    
step 01682 (92.6%) | loss: 2.865556 | lrm: 0.11 | dt: 166ms | tok/sec: 787,851 | mfu: 22.5% | epoch: 1 | remaining: 22s    
step 01683 (92.7%) | loss: 2.865986 | lrm: 0.10 | dt: 166ms | tok/sec: 787,934 | mfu: 22.5% | epoch: 1 | remaining: 22s    
step 01684 (92.7%) | loss: 2.858340 | lrm: 0.10 | dt: 166ms | tok/sec: 787,986 | mfu: 22.5% | epoch: 1 | remaining: 22s    
step 01685 (92.8%) | loss: 2.862423 | lrm: 0.10 | dt: 166ms | tok/sec: 787,961 | mfu: 22.5% | epoch: 1 | remaining: 21s    
step 01686 (92.9%) | loss: 2.861745 | lrm: 0.10 | dt: 166ms | tok/sec: 788,173 | mfu: 22.6% | epoch: 1 | remaining: 21s    
step 01687 (92.9%) | loss: 2.855560 | lrm: 0.10 | dt: 166ms | tok/sec: 787,782 | mfu: 22.5% | epoch: 1 | remaining: 21s    
step 01688 (93.0%) | loss: 2.857360 | lrm: 0.10 | dt: 166ms | tok/sec: 787,930 | mfu: 22.5% | epoch: 1 | remaining: 21s    
step 01689 (93.0%) | loss: 2.860578 | lrm: 0.10 | dt: 166ms | tok/sec: 787,946 | mfu: 22.5% | epoch: 1 | remaining: 21s    
step 01690 (93.1%) | loss: 2.862880 | lrm: 0.10 | dt: 166ms | tok/sec: 787,954 | mfu: 22.5% | epoch: 1 | remaining: 21s    
step 01691 (93.1%) | loss: 2.859647 | lrm: 0.10 | dt: 166ms | tok/sec: 788,102 | mfu: 22.5% | epoch: 1 | remaining: 20s    
step 01692 (93.2%) | loss: 2.850353 | lrm: 0.10 | dt: 166ms | tok/sec: 787,938 | mfu: 22.5% | epoch: 1 | remaining: 20s    
step 01693 (93.2%) | loss: 2.850856 | lrm: 0.10 | dt: 166ms | tok/sec: 787,754 | mfu: 22.5% | epoch: 1 | remaining: 20s    
step 01694 (93.3%) | loss: 2.858493 | lrm: 0.10 | dt: 167ms | tok/sec: 786,543 | mfu: 22.5% | epoch: 1 | remaining: 20s    
step 01695 (93.4%) | loss: 2.865350 | lrm: 0.09 | dt: 166ms | tok/sec: 787,332 | mfu: 22.5% | epoch: 1 | remaining: 20s    
step 01696 (93.4%) | loss: 2.861786 | lrm: 0.09 | dt: 166ms | tok/sec: 787,864 | mfu: 22.5% | epoch: 1 | remaining: 20s    
step 01697 (93.5%) | loss: 2.860937 | lrm: 0.09 | dt: 166ms | tok/sec: 788,031 | mfu: 22.5% | epoch: 1 | remaining: 19s    
step 01698 (93.5%) | loss: 2.858940 | lrm: 0.09 | dt: 166ms | tok/sec: 787,790 | mfu: 22.5% | epoch: 1 | remaining: 19s    
step 01699 (93.6%) | loss: 2.865874 | lrm: 0.09 | dt: 166ms | tok/sec: 787,677 | mfu: 22.5% | epoch: 1 | remaining: 19s    
step 01700 (93.6%) | loss: 2.864141 | lrm: 0.09 | dt: 166ms | tok/sec: 787,826 | mfu: 22.5% | epoch: 1 | remaining: 19s    
step 01701 (93.7%) | loss: 2.867095 | lrm: 0.09 | dt: 166ms | tok/sec: 788,316 | mfu: 22.6% | epoch: 1 | remaining: 19s    
step 01702 (93.7%) | loss: 2.864671 | lrm: 0.09 | dt: 167ms | tok/sec: 785,762 | mfu: 22.5% | epoch: 1 | remaining: 19s    
step 01703 (93.8%) | loss: 2.870667 | lrm: 0.09 | dt: 166ms | tok/sec: 787,990 | mfu: 22.5% | epoch: 1 | remaining: 18s    
step 01704 (93.9%) | loss: 2.868519 | lrm: 0.09 | dt: 166ms | tok/sec: 788,127 | mfu: 22.6% | epoch: 1 | remaining: 18s    
step 01705 (93.9%) | loss: 2.864597 | lrm: 0.09 | dt: 166ms | tok/sec: 787,831 | mfu: 22.5% | epoch: 1 | remaining: 18s    
step 01706 (94.0%) | loss: 2.858000 | lrm: 0.09 | dt: 166ms | tok/sec: 787,893 | mfu: 22.5% | epoch: 1 | remaining: 18s    
step 01707 (94.0%) | loss: 2.856406 | lrm: 0.09 | dt: 166ms | tok/sec: 788,120 | mfu: 22.6% | epoch: 1 | remaining: 18s    
step 01708 (94.1%) | loss: 2.856736 | lrm: 0.08 | dt: 166ms | tok/sec: 787,829 | mfu: 22.5% | epoch: 1 | remaining: 18s    
step 01709 (94.1%) | loss: 2.860378 | lrm: 0.08 | dt: 166ms | tok/sec: 788,261 | mfu: 22.6% | epoch: 1 | remaining: 17s    
step 01710 (94.2%) | loss: 2.858431 | lrm: 0.08 | dt: 166ms | tok/sec: 788,161 | mfu: 22.6% | epoch: 1 | remaining: 17s    
step 01711 (94.2%) | loss: 2.862712 | lrm: 0.08 | dt: 166ms | tok/sec: 787,856 | mfu: 22.5% | epoch: 1 | remaining: 17s    
step 01712 (94.3%) | loss: 2.857275 | lrm: 0.08 | dt: 166ms | tok/sec: 788,035 | mfu: 22.5% | epoch: 1 | remaining: 17s    
step 01713 (94.4%) | loss: 2.861130 | lrm: 0.08 | dt: 166ms | tok/sec: 787,800 | mfu: 22.5% | epoch: 1 | remaining: 17s    
step 01714 (94.4%) | loss: 2.862826 | lrm: 0.08 | dt: 166ms | tok/sec: 787,850 | mfu: 22.5% | epoch: 1 | remaining: 17s    
step 01715 (94.5%) | loss: 2.857000 | lrm: 0.08 | dt: 166ms | tok/sec: 788,038 | mfu: 22.5% | epoch: 1 | remaining: 16s    
step 01716 (94.5%) | loss: 2.854525 | lrm: 0.08 | dt: 166ms | tok/sec: 787,943 | mfu: 22.5% | epoch: 1 | remaining: 16s    
step 01717 (94.6%) | loss: 2.859542 | lrm: 0.08 | dt: 166ms | tok/sec: 787,897 | mfu: 22.5% | epoch: 1 | remaining: 16s    
step 01718 (94.6%) | loss: 2.859739 | lrm: 0.08 | dt: 166ms | tok/sec: 787,998 | mfu: 22.5% | epoch: 1 | remaining: 16s    
step 01719 (94.7%) | loss: 2.849359 | lrm: 0.08 | dt: 166ms | tok/sec: 788,188 | mfu: 22.6% | epoch: 1 | remaining: 16s    
step 01720 (94.7%) | loss: 2.845475 | lrm: 0.08 | dt: 166ms | tok/sec: 788,228 | mfu: 22.6% | epoch: 1 | remaining: 16s    
step 01721 (94.8%) | loss: 2.845062 | lrm: 0.07 | dt: 166ms | tok/sec: 787,942 | mfu: 22.5% | epoch: 1 | remaining: 15s    
step 01722 (94.9%) | loss: 2.851487 | lrm: 0.07 | dt: 166ms | tok/sec: 787,848 | mfu: 22.5% | epoch: 1 | remaining: 15s    
step 01723 (94.9%) | loss: 2.851553 | lrm: 0.07 | dt: 166ms | tok/sec: 788,089 | mfu: 22.5% | epoch: 1 | remaining: 15s    
step 01724 (95.0%) | loss: 2.856857 | lrm: 0.07 | dt: 166ms | tok/sec: 788,363 | mfu: 22.6% | epoch: 1 | remaining: 15s    
step 01725 (95.0%) | loss: 2.861160 | lrm: 0.07 | dt: 166ms | tok/sec: 788,183 | mfu: 22.6% | epoch: 1 | remaining: 15s    
step 01726 (95.1%) | loss: 2.857231 | lrm: 0.07 | dt: 166ms | tok/sec: 788,149 | mfu: 22.6% | epoch: 1 | remaining: 15s    
step 01727 (95.1%) | loss: 2.862950 | lrm: 0.07 | dt: 166ms | tok/sec: 787,852 | mfu: 22.5% | epoch: 1 | remaining: 14s    
step 01728 (95.2%) | loss: 2.861274 | lrm: 0.07 | dt: 166ms | tok/sec: 787,940 | mfu: 22.5% | epoch: 1 | remaining: 14s    
step 01729 (95.2%) | loss: 2.860625 | lrm: 0.07 | dt: 166ms | tok/sec: 787,818 | mfu: 22.5% | epoch: 1 | remaining: 14s    
step 01730 (95.3%) | loss: 2.863196 | lrm: 0.07 | dt: 166ms | tok/sec: 788,042 | mfu: 22.5% | epoch: 1 | remaining: 14s    
step 01731 (95.3%) | loss: 2.858701 | lrm: 0.07 | dt: 166ms | tok/sec: 787,982 | mfu: 22.5% | epoch: 1 | remaining: 14s    
step 01732 (95.4%) | loss: 2.855676 | lrm: 0.07 | dt: 166ms | tok/sec: 788,082 | mfu: 22.5% | epoch: 1 | remaining: 14s    
step 01733 (95.5%) | loss: 2.865499 | lrm: 0.06 | dt: 166ms | tok/sec: 788,222 | mfu: 22.6% | epoch: 1 | remaining: 13s    
step 01734 (95.5%) | loss: 2.864650 | lrm: 0.06 | dt: 166ms | tok/sec: 787,962 | mfu: 22.5% | epoch: 1 | remaining: 13s    
step 01735 (95.6%) | loss: 2.859906 | lrm: 0.06 | dt: 166ms | tok/sec: 787,846 | mfu: 22.5% | epoch: 1 | remaining: 13s    
step 01736 (95.6%) | loss: 2.866295 | lrm: 0.06 | dt: 166ms | tok/sec: 788,284 | mfu: 22.6% | epoch: 1 | remaining: 13s    
step 01737 (95.7%) | loss: 2.859642 | lrm: 0.06 | dt: 166ms | tok/sec: 788,065 | mfu: 22.5% | epoch: 1 | remaining: 13s    
step 01738 (95.7%) | loss: 2.866376 | lrm: 0.06 | dt: 166ms | tok/sec: 788,076 | mfu: 22.5% | epoch: 1 | remaining: 13s    
step 01739 (95.8%) | loss: 2.867310 | lrm: 0.06 | dt: 166ms | tok/sec: 788,048 | mfu: 22.5% | epoch: 1 | remaining: 12s    
step 01740 (95.8%) | loss: 2.866828 | lrm: 0.06 | dt: 166ms | tok/sec: 787,993 | mfu: 22.5% | epoch: 1 | remaining: 12s    
step 01741 (95.9%) | loss: 2.867003 | lrm: 0.06 | dt: 166ms | tok/sec: 787,929 | mfu: 22.5% | epoch: 1 | remaining: 12s    
step 01742 (96.0%) | loss: 2.868329 | lrm: 0.06 | dt: 166ms | tok/sec: 788,005 | mfu: 22.5% | epoch: 1 | remaining: 12s    
step 01743 (96.0%) | loss: 2.857221 | lrm: 0.06 | dt: 166ms | tok/sec: 788,008 | mfu: 22.5% | epoch: 1 | remaining: 12s    
step 01744 (96.1%) | loss: 2.863857 | lrm: 0.06 | dt: 166ms | tok/sec: 788,045 | mfu: 22.5% | epoch: 1 | remaining: 12s    
step 01745 (96.1%) | loss: 2.863258 | lrm: 0.06 | dt: 166ms | tok/sec: 788,010 | mfu: 22.5% | epoch: 1 | remaining: 11s    
step 01746 (96.2%) | loss: 2.864050 | lrm: 0.05 | dt: 166ms | tok/sec: 787,995 | mfu: 22.5% | epoch: 1 | remaining: 11s    
step 01747 (96.2%) | loss: 2.867489 | lrm: 0.05 | dt: 166ms | tok/sec: 787,874 | mfu: 22.5% | epoch: 1 | remaining: 11s    
step 01748 (96.3%) | loss: 2.866778 | lrm: 0.05 | dt: 166ms | tok/sec: 788,092 | mfu: 22.5% | epoch: 1 | remaining: 11s    
step 01749 (96.3%) | loss: 2.863810 | lrm: 0.05 | dt: 166ms | tok/sec: 787,861 | mfu: 22.5% | epoch: 1 | remaining: 11s    
step 01750 (96.4%) | loss: 2.864350 | lrm: 0.05 | dt: 167ms | tok/sec: 787,110 | mfu: 22.5% | epoch: 1 | remaining: 11s    
step 01751 (96.5%) | loss: 2.871129 | lrm: 0.05 | dt: 167ms | tok/sec: 786,456 | mfu: 22.5% | epoch: 1 | remaining: 10s    
step 01752 (96.5%) | loss: 2.863489 | lrm: 0.05 | dt: 166ms | tok/sec: 787,531 | mfu: 22.5% | epoch: 1 | remaining: 10s    
step 01753 (96.6%) | loss: 2.860981 | lrm: 0.05 | dt: 166ms | tok/sec: 787,826 | mfu: 22.5% | epoch: 1 | remaining: 10s    
step 01754 (96.6%) | loss: 2.855736 | lrm: 0.05 | dt: 166ms | tok/sec: 787,907 | mfu: 22.5% | epoch: 1 | remaining: 10s    
step 01755 (96.7%) | loss: 2.864683 | lrm: 0.05 | dt: 166ms | tok/sec: 787,783 | mfu: 22.5% | epoch: 1 | remaining: 10s    
step 01756 (96.7%) | loss: 2.865935 | lrm: 0.05 | dt: 166ms | tok/sec: 787,951 | mfu: 22.5% | epoch: 1 | remaining: 10s    
step 01757 (96.8%) | loss: 2.862895 | lrm: 0.05 | dt: 166ms | tok/sec: 787,716 | mfu: 22.5% | epoch: 1 | remaining: 9s    
step 01758 (96.8%) | loss: 2.864744 | lrm: 0.05 | dt: 166ms | tok/sec: 787,599 | mfu: 22.5% | epoch: 1 | remaining: 9s    
step 01759 (96.9%) | loss: 2.865500 | lrm: 0.04 | dt: 166ms | tok/sec: 787,991 | mfu: 22.5% | epoch: 1 | remaining: 9s    
step 01760 (97.0%) | loss: 2.866668 | lrm: 0.04 | dt: 166ms | tok/sec: 787,949 | mfu: 22.5% | epoch: 1 | remaining: 9s    
step 01761 (97.0%) | loss: 2.861834 | lrm: 0.04 | dt: 166ms | tok/sec: 787,927 | mfu: 22.5% | epoch: 1 | remaining: 9s    
step 01762 (97.1%) | loss: 2.862131 | lrm: 0.04 | dt: 166ms | tok/sec: 787,945 | mfu: 22.5% | epoch: 1 | remaining: 9s    
step 01763 (97.1%) | loss: 2.859481 | lrm: 0.04 | dt: 167ms | tok/sec: 784,495 | mfu: 22.4% | epoch: 1 | remaining: 8s    
step 01764 (97.2%) | loss: 2.859335 | lrm: 0.04 | dt: 166ms | tok/sec: 787,632 | mfu: 22.5% | epoch: 1 | remaining: 8s    
step 01765 (97.2%) | loss: 2.858088 | lrm: 0.04 | dt: 166ms | tok/sec: 787,778 | mfu: 22.5% | epoch: 1 | remaining: 8s    
step 01766 (97.3%) | loss: 2.862522 | lrm: 0.04 | dt: 166ms | tok/sec: 787,815 | mfu: 22.5% | epoch: 1 | remaining: 8s    
step 01767 (97.3%) | loss: 2.875867 | lrm: 0.04 | dt: 166ms | tok/sec: 787,891 | mfu: 22.5% | epoch: 1 | remaining: 8s    
step 01768 (97.4%) | loss: 2.873910 | lrm: 0.04 | dt: 166ms | tok/sec: 787,760 | mfu: 22.5% | epoch: 1 | remaining: 8s    
step 01769 (97.5%) | loss: 2.869140 | lrm: 0.04 | dt: 166ms | tok/sec: 787,715 | mfu: 22.5% | epoch: 1 | remaining: 7s    
step 01770 (97.5%) | loss: 2.871851 | lrm: 0.04 | dt: 166ms | tok/sec: 788,071 | mfu: 22.5% | epoch: 1 | remaining: 7s    
step 01771 (97.6%) | loss: 2.873154 | lrm: 0.03 | dt: 166ms | tok/sec: 788,000 | mfu: 22.5% | epoch: 1 | remaining: 7s    
step 01772 (97.6%) | loss: 2.871448 | lrm: 0.03 | dt: 166ms | tok/sec: 788,139 | mfu: 22.6% | epoch: 1 | remaining: 7s    
step 01773 (97.7%) | loss: 2.871511 | lrm: 0.03 | dt: 166ms | tok/sec: 787,830 | mfu: 22.5% | epoch: 1 | remaining: 7s    
step 01774 (97.7%) | loss: 2.865374 | lrm: 0.03 | dt: 166ms | tok/sec: 787,926 | mfu: 22.5% | epoch: 1 | remaining: 7s    
step 01775 (97.8%) | loss: 2.861084 | lrm: 0.03 | dt: 166ms | tok/sec: 787,875 | mfu: 22.5% | epoch: 1 | remaining: 6s    
step 01776 (97.8%) | loss: 2.859789 | lrm: 0.03 | dt: 166ms | tok/sec: 788,026 | mfu: 22.5% | epoch: 1 | remaining: 6s    
step 01777 (97.9%) | loss: 2.863804 | lrm: 0.03 | dt: 166ms | tok/sec: 787,821 | mfu: 22.5% | epoch: 1 | remaining: 6s    
step 01778 (98.0%) | loss: 2.870090 | lrm: 0.03 | dt: 166ms | tok/sec: 787,820 | mfu: 22.5% | epoch: 1 | remaining: 6s    
step 01779 (98.0%) | loss: 2.871535 | lrm: 0.03 | dt: 166ms | tok/sec: 787,702 | mfu: 22.5% | epoch: 1 | remaining: 6s    
step 01780 (98.1%) | loss: 2.869180 | lrm: 0.03 | dt: 166ms | tok/sec: 787,876 | mfu: 22.5% | epoch: 1 | remaining: 6s    
step 01781 (98.1%) | loss: 2.873939 | lrm: 0.03 | dt: 166ms | tok/sec: 787,707 | mfu: 22.5% | epoch: 1 | remaining: 5s    
step 01782 (98.2%) | loss: 2.873112 | lrm: 0.03 | dt: 166ms | tok/sec: 788,033 | mfu: 22.5% | epoch: 1 | remaining: 5s    
step 01783 (98.2%) | loss: 2.874145 | lrm: 0.03 | dt: 166ms | tok/sec: 787,653 | mfu: 22.5% | epoch: 1 | remaining: 5s    
step 01784 (98.3%) | loss: 2.876135 | lrm: 0.02 | dt: 166ms | tok/sec: 787,788 | mfu: 22.5% | epoch: 1 | remaining: 5s    
step 01785 (98.3%) | loss: 2.868873 | lrm: 0.02 | dt: 166ms | tok/sec: 788,222 | mfu: 22.6% | epoch: 1 | remaining: 5s    
step 01786 (98.4%) | loss: 2.872261 | lrm: 0.02 | dt: 166ms | tok/sec: 787,923 | mfu: 22.5% | epoch: 1 | remaining: 5s    
step 01787 (98.5%) | loss: 2.865623 | lrm: 0.02 | dt: 166ms | tok/sec: 787,706 | mfu: 22.5% | epoch: 1 | remaining: 4s    
step 01788 (98.5%) | loss: 2.864959 | lrm: 0.02 | dt: 166ms | tok/sec: 787,354 | mfu: 22.5% | epoch: 1 | remaining: 4s    
step 01789 (98.6%) | loss: 2.855272 | lrm: 0.02 | dt: 166ms | tok/sec: 787,891 | mfu: 22.5% | epoch: 1 | remaining: 4s    
step 01790 (98.6%) | loss: 2.851713 | lrm: 0.02 | dt: 166ms | tok/sec: 787,940 | mfu: 22.5% | epoch: 1 | remaining: 4s    
step 01791 (98.7%) | loss: 2.845628 | lrm: 0.02 | dt: 166ms | tok/sec: 788,045 | mfu: 22.5% | epoch: 1 | remaining: 4s    
step 01792 (98.7%) | loss: 2.850721 | lrm: 0.02 | dt: 166ms | tok/sec: 788,067 | mfu: 22.5% | epoch: 1 | remaining: 4s    
step 01793 (98.8%) | loss: 2.853741 | lrm: 0.02 | dt: 166ms | tok/sec: 787,978 | mfu: 22.5% | epoch: 1 | remaining: 3s    
step 01794 (98.8%) | loss: 2.853365 | lrm: 0.02 | dt: 166ms | tok/sec: 787,972 | mfu: 22.5% | epoch: 1 | remaining: 3s    
step 01795 (98.9%) | loss: 2.854819 | lrm: 0.02 | dt: 166ms | tok/sec: 787,949 | mfu: 22.5% | epoch: 1 | remaining: 3s    
step 01796 (99.0%) | loss: 2.857637 | lrm: 0.01 | dt: 166ms | tok/sec: 788,152 | mfu: 22.6% | epoch: 1 | remaining: 3s    
step 01797 (99.0%) | loss: 2.850091 | lrm: 0.01 | dt: 166ms | tok/sec: 788,061 | mfu: 22.5% | epoch: 1 | remaining: 3s    
step 01798 (99.1%) | loss: 2.848668 | lrm: 0.01 | dt: 166ms | tok/sec: 787,929 | mfu: 22.5% | epoch: 1 | remaining: 3s    
step 01799 (99.1%) | loss: 2.852845 | lrm: 0.01 | dt: 166ms | tok/sec: 787,931 | mfu: 22.5% | epoch: 1 | remaining: 2s    
step 01800 (99.2%) | loss: 2.845085 | lrm: 0.01 | dt: 166ms | tok/sec: 787,937 | mfu: 22.5% | epoch: 1 | remaining: 2s    
step 01801 (99.2%) | loss: 2.844955 | lrm: 0.01 | dt: 166ms | tok/sec: 787,732 | mfu: 22.5% | epoch: 1 | remaining: 2s    
step 01802 (99.3%) | loss: 2.847590 | lrm: 0.01 | dt: 166ms | tok/sec: 787,778 | mfu: 22.5% | epoch: 1 | remaining: 2s    
step 01803 (99.3%) | loss: 2.845648 | lrm: 0.01 | dt: 166ms | tok/sec: 787,781 | mfu: 22.5% | epoch: 1 | remaining: 2s    
step 01804 (99.4%) | loss: 2.854455 | lrm: 0.01 | dt: 166ms | tok/sec: 788,127 | mfu: 22.6% | epoch: 1 | remaining: 2s    
step 01805 (99.5%) | loss: 2.853441 | lrm: 0.01 | dt: 166ms | tok/sec: 788,132 | mfu: 22.6% | epoch: 1 | remaining: 1s    
step 01806 (99.5%) | loss: 2.847794 | lrm: 0.01 | dt: 166ms | tok/sec: 787,664 | mfu: 22.5% | epoch: 1 | remaining: 1s    
step 01807 (99.6%) | loss: 2.852036 | lrm: 0.01 | dt: 166ms | tok/sec: 787,497 | mfu: 22.5% | epoch: 1 | remaining: 1s    
step 01808 (99.6%) | loss: 2.849798 | lrm: 0.01 | dt: 166ms | tok/sec: 787,831 | mfu: 22.5% | epoch: 1 | remaining: 1s    
step 01809 (99.7%) | loss: 2.860941 | lrm: 0.00 | dt: 166ms | tok/sec: 788,049 | mfu: 22.5% | epoch: 1 | remaining: 1s    
step 01810 (99.7%) | loss: 2.855920 | lrm: 0.00 | dt: 166ms | tok/sec: 787,939 | mfu: 22.5% | epoch: 1 | remaining: 1s    
step 01811 (99.8%) | loss: 2.852658 | lrm: 0.00 | dt: 166ms | tok/sec: 787,796 | mfu: 22.5% | epoch: 1 | remaining: 0s    
step 01812 (99.8%) | loss: 2.849449 | lrm: 0.00 | dt: 166ms | tok/sec: 787,630 | mfu: 22.5% | epoch: 1 | remaining: 0s    
step 01813 (99.9%) | loss: 2.847851 | lrm: 0.00 | dt: 166ms | tok/sec: 787,912 | mfu: 22.5% | epoch: 1 | remaining: 0s    
step 01814 (100.0%) | loss: 2.849511 | lrm: 0.00 | dt: 166ms | tok/sec: 788,044 | mfu: 22.5% | epoch: 1 | remaining: 0s    $RLTLDR_ROOT/runner_ws/.venv/lib/python3.10/site-packages/torch/nn/attention/flex_attention.py:1687: UserWarning: flex_attention called without torch.compile() - this will use an unfused implementation that materializes the full scores matrix instead of generating a fused kernel.

SOLUTION: Use torch.compile(flex_attention)(...)

If you want to debug your score_mod/mask_mod, you can set:
torch.nn.attention.flex_attention._FLEX_ATTENTION_DISABLE_COMPILE_DEBUG = True

This will allow you to use print statements or breakpoints. Note: This doesn't work with the backwards pass and may produce incorrect results.
  _warn_once(

---
val_bpb:          1.016319
training_seconds: 300.0
total_seconds:    382.7
peak_vram_mb:     25889.5
mfu_percent:      22.56
total_tokens_M:   237.9
num_steps:        1815
num_params_M:     74.5
depth:            9
