Vocab size: 8,192
Model config: {'sequence_len': 2048, 'vocab_size': 8192, 'n_layer': 5, 'n_head': 3, 'n_kv_head': 3, 'n_embd': 384, 'window_pattern': 'SLLL'}
Parameter counts:
  wte                     : 3,145,728
  value_embeds            : 9,437,184
  lm_head                 : 3,145,728
  transformer_matrices    : 8,847,648
  scalars                 : 10
  total                   : 24,576,298
Estimated FLOPs per token: 1.144276e+08
Scaling AdamW LRs by 1/sqrt(384/768) = 1.414214
Time budget: 300s
Gradient accumulation steps: 1

step 00000 (0.0%) | loss: 9.011139 | lrm: 1.00 | dt: 13943ms | tok/sec: 18,801 | mfu: 0.2% | epoch: 1 | remaining: 300s    
step 00001 (0.0%) | loss: 8.891390 | lrm: 1.00 | dt: 152ms | tok/sec: 1,724,002 | mfu: 19.9% | epoch: 1 | remaining: 300s    
step 00002 (0.0%) | loss: 8.542903 | lrm: 1.00 | dt: 149ms | tok/sec: 1,762,648 | mfu: 20.4% | epoch: 1 | remaining: 300s    
step 00003 (0.0%) | loss: 8.117810 | lrm: 1.00 | dt: 148ms | tok/sec: 1,767,979 | mfu: 20.4% | epoch: 1 | remaining: 300s    
step 00004 (0.0%) | loss: 7.749255 | lrm: 1.00 | dt: 148ms | tok/sec: 1,774,499 | mfu: 20.5% | epoch: 1 | remaining: 300s    
step 00005 (0.0%) | loss: 7.416185 | lrm: 1.00 | dt: 148ms | tok/sec: 1,774,533 | mfu: 20.5% | epoch: 1 | remaining: 300s    
step 00006 (0.0%) | loss: 7.156513 | lrm: 1.00 | dt: 148ms | tok/sec: 1,774,195 | mfu: 20.5% | epoch: 1 | remaining: 300s    
step 00007 (0.0%) | loss: 6.946744 | lrm: 1.00 | dt: 148ms | tok/sec: 1,774,310 | mfu: 20.5% | epoch: 1 | remaining: 300s    
step 00008 (0.0%) | loss: 6.768844 | lrm: 1.00 | dt: 148ms | tok/sec: 1,773,843 | mfu: 20.5% | epoch: 1 | remaining: 300s    
step 00009 (0.0%) | loss: 6.616632 | lrm: 1.00 | dt: 148ms | tok/sec: 1,771,814 | mfu: 20.5% | epoch: 1 | remaining: 300s    
step 00010 (0.0%) | loss: 6.489149 | lrm: 1.00 | dt: 148ms | tok/sec: 1,774,238 | mfu: 20.5% | epoch: 1 | remaining: 300s    
step 00011 (0.0%) | loss: 6.376213 | lrm: 1.00 | dt: 148ms | tok/sec: 1,773,031 | mfu: 20.5% | epoch: 1 | remaining: 300s    
step 00012 (0.0%) | loss: 6.274879 | lrm: 1.00 | dt: 148ms | tok/sec: 1,773,952 | mfu: 20.5% | epoch: 1 | remaining: 300s    
step 00013 (0.1%) | loss: 6.189337 | lrm: 1.00 | dt: 148ms | tok/sec: 1,773,703 | mfu: 20.5% | epoch: 1 | remaining: 300s    
step 00014 (0.1%) | loss: 6.113186 | lrm: 1.00 | dt: 148ms | tok/sec: 1,773,548 | mfu: 20.5% | epoch: 1 | remaining: 299s    
step 00015 (0.2%) | loss: 6.042959 | lrm: 1.00 | dt: 148ms | tok/sec: 1,773,528 | mfu: 20.5% | epoch: 1 | remaining: 299s    
step 00016 (0.2%) | loss: 5.980670 | lrm: 1.00 | dt: 148ms | tok/sec: 1,773,265 | mfu: 20.5% | epoch: 1 | remaining: 299s    
step 00017 (0.3%) | loss: 5.920761 | lrm: 1.00 | dt: 148ms | tok/sec: 1,774,330 | mfu: 20.5% | epoch: 1 | remaining: 299s    
step 00018 (0.3%) | loss: 5.868282 | lrm: 1.00 | dt: 148ms | tok/sec: 1,772,751 | mfu: 20.5% | epoch: 1 | remaining: 299s    
step 00019 (0.4%) | loss: 5.819019 | lrm: 1.00 | dt: 148ms | tok/sec: 1,773,671 | mfu: 20.5% | epoch: 1 | remaining: 299s    
step 00020 (0.4%) | loss: 5.772674 | lrm: 1.00 | dt: 148ms | tok/sec: 1,773,251 | mfu: 20.5% | epoch: 1 | remaining: 299s    
step 00021 (0.5%) | loss: 5.730333 | lrm: 1.00 | dt: 148ms | tok/sec: 1,773,566 | mfu: 20.5% | epoch: 1 | remaining: 298s    
step 00022 (0.5%) | loss: 5.693234 | lrm: 1.00 | dt: 150ms | tok/sec: 1,752,634 | mfu: 20.3% | epoch: 1 | remaining: 298s    
step 00023 (0.6%) | loss: 5.656916 | lrm: 1.00 | dt: 148ms | tok/sec: 1,772,868 | mfu: 20.5% | epoch: 1 | remaining: 298s    
step 00024 (0.6%) | loss: 5.622909 | lrm: 1.00 | dt: 148ms | tok/sec: 1,773,239 | mfu: 20.5% | epoch: 1 | remaining: 298s    
step 00025 (0.7%) | loss: 5.588847 | lrm: 1.00 | dt: 148ms | tok/sec: 1,773,016 | mfu: 20.5% | epoch: 1 | remaining: 298s    
step 00026 (0.7%) | loss: 5.556120 | lrm: 1.00 | dt: 148ms | tok/sec: 1,773,185 | mfu: 20.5% | epoch: 1 | remaining: 298s    
step 00027 (0.8%) | loss: 5.524553 | lrm: 1.00 | dt: 148ms | tok/sec: 1,773,185 | mfu: 20.5% | epoch: 1 | remaining: 297s    
step 00028 (0.8%) | loss: 5.497117 | lrm: 1.00 | dt: 148ms | tok/sec: 1,771,243 | mfu: 20.5% | epoch: 1 | remaining: 297s    
step 00029 (0.9%) | loss: 5.469461 | lrm: 1.00 | dt: 148ms | tok/sec: 1,773,631 | mfu: 20.5% | epoch: 1 | remaining: 297s    
step 00030 (0.9%) | loss: 5.438735 | lrm: 1.00 | dt: 148ms | tok/sec: 1,772,102 | mfu: 20.5% | epoch: 1 | remaining: 297s    
step 00031 (1.0%) | loss: 5.411669 | lrm: 1.00 | dt: 148ms | tok/sec: 1,773,646 | mfu: 20.5% | epoch: 1 | remaining: 297s    
step 00032 (1.0%) | loss: 5.385738 | lrm: 1.00 | dt: 148ms | tok/sec: 1,773,577 | mfu: 20.5% | epoch: 1 | remaining: 297s    
step 00033 (1.1%) | loss: 5.360389 | lrm: 1.00 | dt: 148ms | tok/sec: 1,774,069 | mfu: 20.5% | epoch: 1 | remaining: 297s    
step 00034 (1.1%) | loss: 5.333884 | lrm: 1.00 | dt: 148ms | tok/sec: 1,774,195 | mfu: 20.5% | epoch: 1 | remaining: 296s    
step 00035 (1.2%) | loss: 5.307110 | lrm: 1.00 | dt: 148ms | tok/sec: 1,773,520 | mfu: 20.5% | epoch: 1 | remaining: 296s    
step 00036 (1.2%) | loss: 5.280746 | lrm: 1.00 | dt: 148ms | tok/sec: 1,773,308 | mfu: 20.5% | epoch: 1 | remaining: 296s    
step 00037 (1.3%) | loss: 5.255880 | lrm: 1.00 | dt: 148ms | tok/sec: 1,773,325 | mfu: 20.5% | epoch: 1 | remaining: 296s    
step 00038 (1.3%) | loss: 5.229385 | lrm: 1.00 | dt: 148ms | tok/sec: 1,770,821 | mfu: 20.5% | epoch: 1 | remaining: 296s    
step 00039 (1.4%) | loss: 5.203302 | lrm: 1.00 | dt: 148ms | tok/sec: 1,772,585 | mfu: 20.5% | epoch: 1 | remaining: 296s    
step 00040 (1.4%) | loss: 5.180693 | lrm: 1.00 | dt: 148ms | tok/sec: 1,773,251 | mfu: 20.5% | epoch: 1 | remaining: 296s    
step 00041 (1.5%) | loss: 5.155084 | lrm: 1.00 | dt: 148ms | tok/sec: 1,772,902 | mfu: 20.5% | epoch: 1 | remaining: 295s    
step 00042 (1.5%) | loss: 5.132837 | lrm: 1.00 | dt: 148ms | tok/sec: 1,773,394 | mfu: 20.5% | epoch: 1 | remaining: 295s    
step 00043 (1.6%) | loss: 5.106735 | lrm: 1.00 | dt: 148ms | tok/sec: 1,772,176 | mfu: 20.5% | epoch: 1 | remaining: 295s    
step 00044 (1.6%) | loss: 5.083092 | lrm: 1.00 | dt: 148ms | tok/sec: 1,772,522 | mfu: 20.5% | epoch: 1 | remaining: 295s    
step 00045 (1.7%) | loss: 5.061625 | lrm: 1.00 | dt: 148ms | tok/sec: 1,772,213 | mfu: 20.5% | epoch: 1 | remaining: 295s    
step 00046 (1.7%) | loss: 5.037092 | lrm: 1.00 | dt: 151ms | tok/sec: 1,736,815 | mfu: 20.1% | epoch: 1 | remaining: 295s    
step 00047 (1.8%) | loss: 5.011672 | lrm: 1.00 | dt: 148ms | tok/sec: 1,771,189 | mfu: 20.5% | epoch: 1 | remaining: 295s    
step 00048 (1.8%) | loss: 4.988285 | lrm: 1.00 | dt: 148ms | tok/sec: 1,771,303 | mfu: 20.5% | epoch: 1 | remaining: 294s    
step 00049 (1.9%) | loss: 4.961825 | lrm: 1.00 | dt: 148ms | tok/sec: 1,772,093 | mfu: 20.5% | epoch: 1 | remaining: 294s    
step 00050 (1.9%) | loss: 4.941909 | lrm: 1.00 | dt: 148ms | tok/sec: 1,772,962 | mfu: 20.5% | epoch: 1 | remaining: 294s    
step 00051 (2.0%) | loss: 4.918893 | lrm: 1.00 | dt: 148ms | tok/sec: 1,772,831 | mfu: 20.5% | epoch: 1 | remaining: 294s    
step 00052 (2.0%) | loss: 4.898470 | lrm: 1.00 | dt: 148ms | tok/sec: 1,771,942 | mfu: 20.5% | epoch: 1 | remaining: 294s    
step 00053 (2.1%) | loss: 4.877546 | lrm: 1.00 | dt: 148ms | tok/sec: 1,773,239 | mfu: 20.5% | epoch: 1 | remaining: 294s    
step 00054 (2.1%) | loss: 4.852714 | lrm: 1.00 | dt: 148ms | tok/sec: 1,773,139 | mfu: 20.5% | epoch: 1 | remaining: 293s    
step 00055 (2.2%) | loss: 4.832958 | lrm: 1.00 | dt: 148ms | tok/sec: 1,774,819 | mfu: 20.5% | epoch: 1 | remaining: 293s    
step 00056 (2.2%) | loss: 4.813560 | lrm: 1.00 | dt: 148ms | tok/sec: 1,773,746 | mfu: 20.5% | epoch: 1 | remaining: 293s    
step 00057 (2.3%) | loss: 4.794515 | lrm: 1.00 | dt: 148ms | tok/sec: 1,774,476 | mfu: 20.5% | epoch: 1 | remaining: 293s    
step 00058 (2.3%) | loss: 4.774688 | lrm: 1.00 | dt: 148ms | tok/sec: 1,774,685 | mfu: 20.5% | epoch: 1 | remaining: 293s    
step 00059 (2.4%) | loss: 4.755900 | lrm: 1.00 | dt: 148ms | tok/sec: 1,772,822 | mfu: 20.5% | epoch: 1 | remaining: 293s    
step 00060 (2.4%) | loss: 4.739152 | lrm: 1.00 | dt: 148ms | tok/sec: 1,775,178 | mfu: 20.5% | epoch: 1 | remaining: 293s    
step 00061 (2.5%) | loss: 4.717975 | lrm: 1.00 | dt: 148ms | tok/sec: 1,772,608 | mfu: 20.5% | epoch: 1 | remaining: 292s    
step 00062 (2.5%) | loss: 4.697469 | lrm: 1.00 | dt: 148ms | tok/sec: 1,774,522 | mfu: 20.5% | epoch: 1 | remaining: 292s    
step 00063 (2.6%) | loss: 4.676426 | lrm: 1.00 | dt: 148ms | tok/sec: 1,772,994 | mfu: 20.5% | epoch: 1 | remaining: 292s    
step 00064 (2.6%) | loss: 4.655474 | lrm: 1.00 | dt: 148ms | tok/sec: 1,772,419 | mfu: 20.5% | epoch: 1 | remaining: 292s    
step 00065 (2.7%) | loss: 4.634842 | lrm: 1.00 | dt: 148ms | tok/sec: 1,773,457 | mfu: 20.5% | epoch: 1 | remaining: 292s    
step 00066 (2.7%) | loss: 4.616790 | lrm: 1.00 | dt: 148ms | tok/sec: 1,773,385 | mfu: 20.5% | epoch: 1 | remaining: 292s    
step 00067 (2.8%) | loss: 4.598375 | lrm: 1.00 | dt: 148ms | tok/sec: 1,773,460 | mfu: 20.5% | epoch: 1 | remaining: 292s    
step 00068 (2.8%) | loss: 4.576503 | lrm: 1.00 | dt: 148ms | tok/sec: 1,773,199 | mfu: 20.5% | epoch: 1 | remaining: 291s    
step 00069 (2.9%) | loss: 4.553302 | lrm: 1.00 | dt: 148ms | tok/sec: 1,770,661 | mfu: 20.5% | epoch: 1 | remaining: 291s    
step 00070 (2.9%) | loss: 4.530177 | lrm: 1.00 | dt: 148ms | tok/sec: 1,773,262 | mfu: 20.5% | epoch: 1 | remaining: 291s    
step 00071 (3.0%) | loss: 4.512076 | lrm: 1.00 | dt: 148ms | tok/sec: 1,772,899 | mfu: 20.5% | epoch: 1 | remaining: 291s    
step 00072 (3.0%) | loss: 4.492505 | lrm: 1.00 | dt: 148ms | tok/sec: 1,774,092 | mfu: 20.5% | epoch: 1 | remaining: 291s    
step 00073 (3.1%) | loss: 4.473705 | lrm: 1.00 | dt: 148ms | tok/sec: 1,772,205 | mfu: 20.5% | epoch: 1 | remaining: 291s    
step 00074 (3.1%) | loss: 4.457662 | lrm: 1.00 | dt: 148ms | tok/sec: 1,773,002 | mfu: 20.5% | epoch: 1 | remaining: 291s    
step 00075 (3.2%) | loss: 4.439360 | lrm: 1.00 | dt: 148ms | tok/sec: 1,773,731 | mfu: 20.5% | epoch: 1 | remaining: 290s    
step 00076 (3.2%) | loss: 4.421260 | lrm: 1.00 | dt: 148ms | tok/sec: 1,773,377 | mfu: 20.5% | epoch: 1 | remaining: 290s    
step 00077 (3.3%) | loss: 4.403374 | lrm: 1.00 | dt: 148ms | tok/sec: 1,772,911 | mfu: 20.5% | epoch: 1 | remaining: 290s    
step 00078 (3.3%) | loss: 4.388401 | lrm: 1.00 | dt: 148ms | tok/sec: 1,774,865 | mfu: 20.5% | epoch: 1 | remaining: 290s    
step 00079 (3.4%) | loss: 4.372830 | lrm: 1.00 | dt: 148ms | tok/sec: 1,775,155 | mfu: 20.5% | epoch: 1 | remaining: 290s    
step 00080 (3.4%) | loss: 4.351413 | lrm: 1.00 | dt: 148ms | tok/sec: 1,774,121 | mfu: 20.5% | epoch: 1 | remaining: 290s    
step 00081 (3.5%) | loss: 4.331954 | lrm: 1.00 | dt: 148ms | tok/sec: 1,775,837 | mfu: 20.5% | epoch: 1 | remaining: 289s    
step 00082 (3.5%) | loss: 4.310412 | lrm: 1.00 | dt: 148ms | tok/sec: 1,775,396 | mfu: 20.5% | epoch: 1 | remaining: 289s    
step 00083 (3.5%) | loss: 4.294235 | lrm: 1.00 | dt: 148ms | tok/sec: 1,774,507 | mfu: 20.5% | epoch: 1 | remaining: 289s    
step 00084 (3.6%) | loss: 4.279551 | lrm: 1.00 | dt: 148ms | tok/sec: 1,773,958 | mfu: 20.5% | epoch: 1 | remaining: 289s    
step 00085 (3.6%) | loss: 4.264531 | lrm: 1.00 | dt: 148ms | tok/sec: 1,774,270 | mfu: 20.5% | epoch: 1 | remaining: 289s    
step 00086 (3.7%) | loss: 4.249916 | lrm: 1.00 | dt: 148ms | tok/sec: 1,775,186 | mfu: 20.5% | epoch: 1 | remaining: 289s    
step 00087 (3.7%) | loss: 4.235342 | lrm: 1.00 | dt: 148ms | tok/sec: 1,775,937 | mfu: 20.5% | epoch: 1 | remaining: 289s    
step 00088 (3.8%) | loss: 4.214889 | lrm: 1.00 | dt: 148ms | tok/sec: 1,775,903 | mfu: 20.5% | epoch: 1 | remaining: 288s    
step 00089 (3.8%) | loss: 4.200384 | lrm: 1.00 | dt: 148ms | tok/sec: 1,776,397 | mfu: 20.5% | epoch: 1 | remaining: 288s    
step 00090 (3.9%) | loss: 4.184531 | lrm: 1.00 | dt: 148ms | tok/sec: 1,774,209 | mfu: 20.5% | epoch: 1 | remaining: 288s    
step 00091 (3.9%) | loss: 4.171564 | lrm: 1.00 | dt: 148ms | tok/sec: 1,768,337 | mfu: 20.4% | epoch: 1 | remaining: 288s    
step 00092 (4.0%) | loss: 4.153696 | lrm: 1.00 | dt: 148ms | tok/sec: 1,772,879 | mfu: 20.5% | epoch: 1 | remaining: 288s    
step 00093 (4.0%) | loss: 4.140416 | lrm: 1.00 | dt: 148ms | tok/sec: 1,772,945 | mfu: 20.5% | epoch: 1 | remaining: 288s    
step 00094 (4.1%) | loss: 4.124518 | lrm: 1.00 | dt: 148ms | tok/sec: 1,775,103 | mfu: 20.5% | epoch: 1 | remaining: 288s    
step 00095 (4.1%) | loss: 4.101911 | lrm: 1.00 | dt: 148ms | tok/sec: 1,775,355 | mfu: 20.5% | epoch: 1 | remaining: 287s    
step 00096 (4.2%) | loss: 4.086408 | lrm: 1.00 | dt: 148ms | tok/sec: 1,774,625 | mfu: 20.5% | epoch: 1 | remaining: 287s    
step 00097 (4.2%) | loss: 4.077577 | lrm: 1.00 | dt: 148ms | tok/sec: 1,775,258 | mfu: 20.5% | epoch: 1 | remaining: 287s    
step 00098 (4.3%) | loss: 4.067050 | lrm: 1.00 | dt: 148ms | tok/sec: 1,775,642 | mfu: 20.5% | epoch: 1 | remaining: 287s    
step 00099 (4.3%) | loss: 4.053644 | lrm: 1.00 | dt: 148ms | tok/sec: 1,774,840 | mfu: 20.5% | epoch: 1 | remaining: 287s    
step 00100 (4.4%) | loss: 4.040424 | lrm: 1.00 | dt: 148ms | tok/sec: 1,774,404 | mfu: 20.5% | epoch: 1 | remaining: 287s    
step 00101 (4.4%) | loss: 4.026354 | lrm: 1.00 | dt: 148ms | tok/sec: 1,774,207 | mfu: 20.5% | epoch: 1 | remaining: 287s    
step 00102 (4.5%) | loss: 4.013267 | lrm: 1.00 | dt: 148ms | tok/sec: 1,774,241 | mfu: 20.5% | epoch: 1 | remaining: 286s    
step 00103 (4.5%) | loss: 4.003709 | lrm: 1.00 | dt: 148ms | tok/sec: 1,773,998 | mfu: 20.5% | epoch: 1 | remaining: 286s    
step 00104 (4.6%) | loss: 3.991587 | lrm: 1.00 | dt: 148ms | tok/sec: 1,774,247 | mfu: 20.5% | epoch: 1 | remaining: 286s    
step 00105 (4.6%) | loss: 3.980614 | lrm: 1.00 | dt: 148ms | tok/sec: 1,774,195 | mfu: 20.5% | epoch: 1 | remaining: 286s    
step 00106 (4.7%) | loss: 3.969309 | lrm: 1.00 | dt: 148ms | tok/sec: 1,774,931 | mfu: 20.5% | epoch: 1 | remaining: 286s    
step 00107 (4.7%) | loss: 3.960302 | lrm: 1.00 | dt: 148ms | tok/sec: 1,774,934 | mfu: 20.5% | epoch: 1 | remaining: 286s    
step 00108 (4.8%) | loss: 3.952443 | lrm: 1.00 | dt: 148ms | tok/sec: 1,774,321 | mfu: 20.5% | epoch: 1 | remaining: 286s    
step 00109 (4.8%) | loss: 3.945179 | lrm: 1.00 | dt: 148ms | tok/sec: 1,774,427 | mfu: 20.5% | epoch: 1 | remaining: 285s    
step 00110 (4.9%) | loss: 3.938694 | lrm: 1.00 | dt: 148ms | tok/sec: 1,774,980 | mfu: 20.5% | epoch: 1 | remaining: 285s    
step 00111 (4.9%) | loss: 3.928940 | lrm: 1.00 | dt: 148ms | tok/sec: 1,774,983 | mfu: 20.5% | epoch: 1 | remaining: 285s    
step 00112 (5.0%) | loss: 3.917352 | lrm: 1.00 | dt: 148ms | tok/sec: 1,774,693 | mfu: 20.5% | epoch: 1 | remaining: 285s    
step 00113 (5.0%) | loss: 3.913620 | lrm: 1.00 | dt: 148ms | tok/sec: 1,774,851 | mfu: 20.5% | epoch: 1 | remaining: 285s    
step 00114 (5.1%) | loss: 3.904755 | lrm: 1.00 | dt: 148ms | tok/sec: 1,775,304 | mfu: 20.5% | epoch: 1 | remaining: 285s    
step 00115 (5.1%) | loss: 3.896978 | lrm: 1.00 | dt: 148ms | tok/sec: 1,774,693 | mfu: 20.5% | epoch: 1 | remaining: 284s    
step 00116 (5.2%) | loss: 3.887091 | lrm: 1.00 | dt: 148ms | tok/sec: 1,774,705 | mfu: 20.5% | epoch: 1 | remaining: 284s    
step 00117 (5.2%) | loss: 3.876803 | lrm: 1.00 | dt: 148ms | tok/sec: 1,774,602 | mfu: 20.5% | epoch: 1 | remaining: 284s    
step 00118 (5.3%) | loss: 3.871208 | lrm: 1.00 | dt: 148ms | tok/sec: 1,775,226 | mfu: 20.5% | epoch: 1 | remaining: 284s    
step 00119 (5.3%) | loss: 3.867889 | lrm: 1.00 | dt: 148ms | tok/sec: 1,772,305 | mfu: 20.5% | epoch: 1 | remaining: 284s    
step 00120 (5.4%) | loss: 3.859560 | lrm: 1.00 | dt: 148ms | tok/sec: 1,773,886 | mfu: 20.5% | epoch: 1 | remaining: 284s    
step 00121 (5.4%) | loss: 3.855038 | lrm: 1.00 | dt: 148ms | tok/sec: 1,774,608 | mfu: 20.5% | epoch: 1 | remaining: 284s    
step 00122 (5.5%) | loss: 3.847534 | lrm: 1.00 | dt: 148ms | tok/sec: 1,774,264 | mfu: 20.5% | epoch: 1 | remaining: 283s    
step 00123 (5.5%) | loss: 3.837572 | lrm: 1.00 | dt: 148ms | tok/sec: 1,773,437 | mfu: 20.5% | epoch: 1 | remaining: 283s    
step 00124 (5.6%) | loss: 3.834631 | lrm: 1.00 | dt: 148ms | tok/sec: 1,773,812 | mfu: 20.5% | epoch: 1 | remaining: 283s    
step 00125 (5.6%) | loss: 3.830507 | lrm: 1.00 | dt: 148ms | tok/sec: 1,773,969 | mfu: 20.5% | epoch: 1 | remaining: 283s    
step 00126 (5.7%) | loss: 3.822868 | lrm: 1.00 | dt: 148ms | tok/sec: 1,773,274 | mfu: 20.5% | epoch: 1 | remaining: 283s    
step 00127 (5.7%) | loss: 3.817826 | lrm: 1.00 | dt: 148ms | tok/sec: 1,773,005 | mfu: 20.5% | epoch: 1 | remaining: 283s    
step 00128 (5.8%) | loss: 3.807854 | lrm: 1.00 | dt: 148ms | tok/sec: 1,773,325 | mfu: 20.5% | epoch: 1 | remaining: 283s    
step 00129 (5.8%) | loss: 3.802615 | lrm: 1.00 | dt: 148ms | tok/sec: 1,769,863 | mfu: 20.5% | epoch: 1 | remaining: 282s    
step 00130 (5.9%) | loss: 3.796266 | lrm: 1.00 | dt: 150ms | tok/sec: 1,753,140 | mfu: 20.3% | epoch: 1 | remaining: 282s    
step 00131 (5.9%) | loss: 3.785411 | lrm: 1.00 | dt: 148ms | tok/sec: 1,770,647 | mfu: 20.5% | epoch: 1 | remaining: 282s    
step 00132 (6.0%) | loss: 3.782037 | lrm: 1.00 | dt: 148ms | tok/sec: 1,773,900 | mfu: 20.5% | epoch: 1 | remaining: 282s    
step 00133 (6.0%) | loss: 3.777227 | lrm: 1.00 | dt: 148ms | tok/sec: 1,773,511 | mfu: 20.5% | epoch: 1 | remaining: 282s    
step 00134 (6.1%) | loss: 3.775066 | lrm: 1.00 | dt: 148ms | tok/sec: 1,774,688 | mfu: 20.5% | epoch: 1 | remaining: 282s    
step 00135 (6.1%) | loss: 3.771070 | lrm: 1.00 | dt: 148ms | tok/sec: 1,774,894 | mfu: 20.5% | epoch: 1 | remaining: 282s    
step 00136 (6.2%) | loss: 3.767731 | lrm: 1.00 | dt: 148ms | tok/sec: 1,774,954 | mfu: 20.5% | epoch: 1 | remaining: 281s    
step 00137 (6.2%) | loss: 3.765696 | lrm: 1.00 | dt: 148ms | tok/sec: 1,775,516 | mfu: 20.5% | epoch: 1 | remaining: 281s    
step 00138 (6.3%) | loss: 3.763440 | lrm: 1.00 | dt: 148ms | tok/sec: 1,774,943 | mfu: 20.5% | epoch: 1 | remaining: 281s    
step 00139 (6.3%) | loss: 3.761552 | lrm: 1.00 | dt: 148ms | tok/sec: 1,774,481 | mfu: 20.5% | epoch: 1 | remaining: 281s    
step 00140 (6.4%) | loss: 3.754764 | lrm: 1.00 | dt: 148ms | tok/sec: 1,774,619 | mfu: 20.5% | epoch: 1 | remaining: 281s    
step 00141 (6.4%) | loss: 3.749283 | lrm: 1.00 | dt: 148ms | tok/sec: 1,775,407 | mfu: 20.5% | epoch: 1 | remaining: 281s    
step 00142 (6.5%) | loss: 3.742922 | lrm: 1.00 | dt: 148ms | tok/sec: 1,775,335 | mfu: 20.5% | epoch: 1 | remaining: 280s    
step 00143 (6.5%) | loss: 3.744113 | lrm: 1.00 | dt: 148ms | tok/sec: 1,774,616 | mfu: 20.5% | epoch: 1 | remaining: 280s    
step 00144 (6.6%) | loss: 3.732482 | lrm: 1.00 | dt: 148ms | tok/sec: 1,774,115 | mfu: 20.5% | epoch: 1 | remaining: 280s    
step 00145 (6.6%) | loss: 3.727170 | lrm: 1.00 | dt: 148ms | tok/sec: 1,774,573 | mfu: 20.5% | epoch: 1 | remaining: 280s    
step 00146 (6.7%) | loss: 3.729290 | lrm: 1.00 | dt: 148ms | tok/sec: 1,774,447 | mfu: 20.5% | epoch: 1 | remaining: 280s    
step 00147 (6.7%) | loss: 3.718695 | lrm: 1.00 | dt: 148ms | tok/sec: 1,774,559 | mfu: 20.5% | epoch: 1 | remaining: 280s    
step 00148 (6.8%) | loss: 3.717742 | lrm: 1.00 | dt: 148ms | tok/sec: 1,774,539 | mfu: 20.5% | epoch: 1 | remaining: 280s    
step 00149 (6.8%) | loss: 3.710711 | lrm: 1.00 | dt: 148ms | tok/sec: 1,774,693 | mfu: 20.5% | epoch: 1 | remaining: 279s    
step 00150 (6.8%) | loss: 3.707110 | lrm: 1.00 | dt: 148ms | tok/sec: 1,773,960 | mfu: 20.5% | epoch: 1 | remaining: 279s    
step 00151 (6.9%) | loss: 3.705148 | lrm: 1.00 | dt: 148ms | tok/sec: 1,773,463 | mfu: 20.5% | epoch: 1 | remaining: 279s    
step 00152 (6.9%) | loss: 3.701032 | lrm: 1.00 | dt: 148ms | tok/sec: 1,774,344 | mfu: 20.5% | epoch: 1 | remaining: 279s    
step 00153 (7.0%) | loss: 3.699148 | lrm: 1.00 | dt: 148ms | tok/sec: 1,774,126 | mfu: 20.5% | epoch: 1 | remaining: 279s    
step 00154 (7.0%) | loss: 3.698628 | lrm: 1.00 | dt: 150ms | tok/sec: 1,748,623 | mfu: 20.2% | epoch: 1 | remaining: 279s    
step 00155 (7.1%) | loss: 3.700646 | lrm: 1.00 | dt: 148ms | tok/sec: 1,773,743 | mfu: 20.5% | epoch: 1 | remaining: 279s    
step 00156 (7.1%) | loss: 3.702364 | lrm: 1.00 | dt: 148ms | tok/sec: 1,774,000 | mfu: 20.5% | epoch: 1 | remaining: 278s    
step 00157 (7.2%) | loss: 3.694463 | lrm: 1.00 | dt: 148ms | tok/sec: 1,774,865 | mfu: 20.5% | epoch: 1 | remaining: 278s    
step 00158 (7.2%) | loss: 3.688451 | lrm: 1.00 | dt: 148ms | tok/sec: 1,774,184 | mfu: 20.5% | epoch: 1 | remaining: 278s    
step 00159 (7.3%) | loss: 3.684249 | lrm: 1.00 | dt: 148ms | tok/sec: 1,773,259 | mfu: 20.5% | epoch: 1 | remaining: 278s    
step 00160 (7.3%) | loss: 3.679849 | lrm: 1.00 | dt: 148ms | tok/sec: 1,774,885 | mfu: 20.5% | epoch: 1 | remaining: 278s    
step 00161 (7.4%) | loss: 3.674764 | lrm: 1.00 | dt: 148ms | tok/sec: 1,775,315 | mfu: 20.5% | epoch: 1 | remaining: 278s    
step 00162 (7.4%) | loss: 3.672613 | lrm: 1.00 | dt: 148ms | tok/sec: 1,774,754 | mfu: 20.5% | epoch: 1 | remaining: 278s    
step 00163 (7.5%) | loss: 3.667322 | lrm: 1.00 | dt: 148ms | tok/sec: 1,774,284 | mfu: 20.5% | epoch: 1 | remaining: 277s    
step 00164 (7.5%) | loss: 3.665539 | lrm: 1.00 | dt: 148ms | tok/sec: 1,774,424 | mfu: 20.5% | epoch: 1 | remaining: 277s    
step 00165 (7.6%) | loss: 3.661330 | lrm: 1.00 | dt: 148ms | tok/sec: 1,774,144 | mfu: 20.5% | epoch: 1 | remaining: 277s    
step 00166 (7.6%) | loss: 3.661336 | lrm: 1.00 | dt: 148ms | tok/sec: 1,773,883 | mfu: 20.5% | epoch: 1 | remaining: 277s    
step 00167 (7.7%) | loss: 3.658018 | lrm: 1.00 | dt: 148ms | tok/sec: 1,772,219 | mfu: 20.5% | epoch: 1 | remaining: 277s    
step 00168 (7.7%) | loss: 3.652945 | lrm: 1.00 | dt: 148ms | tok/sec: 1,773,689 | mfu: 20.5% | epoch: 1 | remaining: 277s    
step 00169 (7.8%) | loss: 3.650133 | lrm: 1.00 | dt: 148ms | tok/sec: 1,773,360 | mfu: 20.5% | epoch: 1 | remaining: 276s    
step 00170 (7.8%) | loss: 3.645281 | lrm: 1.00 | dt: 148ms | tok/sec: 1,774,121 | mfu: 20.5% | epoch: 1 | remaining: 276s    
step 00171 (7.9%) | loss: 3.648458 | lrm: 1.00 | dt: 148ms | tok/sec: 1,773,637 | mfu: 20.5% | epoch: 1 | remaining: 276s    
step 00172 (7.9%) | loss: 3.647567 | lrm: 1.00 | dt: 148ms | tok/sec: 1,774,556 | mfu: 20.5% | epoch: 1 | remaining: 276s    
step 00173 (8.0%) | loss: 3.645621 | lrm: 1.00 | dt: 148ms | tok/sec: 1,773,214 | mfu: 20.5% | epoch: 1 | remaining: 276s    
step 00174 (8.0%) | loss: 3.641687 | lrm: 1.00 | dt: 148ms | tok/sec: 1,773,145 | mfu: 20.5% | epoch: 1 | remaining: 276s    
step 00175 (8.1%) | loss: 3.638229 | lrm: 1.00 | dt: 148ms | tok/sec: 1,773,992 | mfu: 20.5% | epoch: 1 | remaining: 276s    
step 00176 (8.1%) | loss: 3.638089 | lrm: 1.00 | dt: 148ms | tok/sec: 1,772,411 | mfu: 20.5% | epoch: 1 | remaining: 275s    
step 00177 (8.2%) | loss: 3.632050 | lrm: 1.00 | dt: 148ms | tok/sec: 1,773,065 | mfu: 20.5% | epoch: 1 | remaining: 275s    
step 00178 (8.2%) | loss: 3.633172 | lrm: 1.00 | dt: 148ms | tok/sec: 1,773,474 | mfu: 20.5% | epoch: 1 | remaining: 275s    
step 00179 (8.3%) | loss: 3.627036 | lrm: 1.00 | dt: 148ms | tok/sec: 1,771,445 | mfu: 20.5% | epoch: 1 | remaining: 275s    
step 00180 (8.3%) | loss: 3.623078 | lrm: 1.00 | dt: 148ms | tok/sec: 1,773,365 | mfu: 20.5% | epoch: 1 | remaining: 275s    
step 00181 (8.4%) | loss: 3.622653 | lrm: 1.00 | dt: 148ms | tok/sec: 1,772,882 | mfu: 20.5% | epoch: 1 | remaining: 275s    
step 00182 (8.4%) | loss: 3.622136 | lrm: 1.00 | dt: 148ms | tok/sec: 1,772,356 | mfu: 20.5% | epoch: 1 | remaining: 275s    
step 00183 (8.5%) | loss: 3.618459 | lrm: 1.00 | dt: 148ms | tok/sec: 1,772,748 | mfu: 20.5% | epoch: 1 | remaining: 274s    
step 00184 (8.5%) | loss: 3.614772 | lrm: 1.00 | dt: 148ms | tok/sec: 1,773,806 | mfu: 20.5% | epoch: 1 | remaining: 274s    
step 00185 (8.6%) | loss: 3.610059 | lrm: 1.00 | dt: 148ms | tok/sec: 1,773,749 | mfu: 20.5% | epoch: 1 | remaining: 274s    
step 00186 (8.6%) | loss: 3.610779 | lrm: 1.00 | dt: 148ms | tok/sec: 1,773,892 | mfu: 20.5% | epoch: 1 | remaining: 274s    
step 00187 (8.7%) | loss: 3.612930 | lrm: 1.00 | dt: 148ms | tok/sec: 1,772,633 | mfu: 20.5% | epoch: 1 | remaining: 274s    
step 00188 (8.7%) | loss: 3.610548 | lrm: 1.00 | dt: 148ms | tok/sec: 1,773,980 | mfu: 20.5% | epoch: 1 | remaining: 274s    
step 00189 (8.8%) | loss: 3.609086 | lrm: 1.00 | dt: 148ms | tok/sec: 1,774,576 | mfu: 20.5% | epoch: 1 | remaining: 274s    
step 00190 (8.8%) | loss: 3.610190 | lrm: 1.00 | dt: 148ms | tok/sec: 1,774,267 | mfu: 20.5% | epoch: 1 | remaining: 273s    
step 00191 (8.9%) | loss: 3.609624 | lrm: 1.00 | dt: 148ms | tok/sec: 1,774,553 | mfu: 20.5% | epoch: 1 | remaining: 273s    
step 00192 (8.9%) | loss: 3.609611 | lrm: 1.00 | dt: 148ms | tok/sec: 1,773,731 | mfu: 20.5% | epoch: 1 | remaining: 273s    
step 00193 (9.0%) | loss: 3.611053 | lrm: 1.00 | dt: 148ms | tok/sec: 1,774,061 | mfu: 20.5% | epoch: 1 | remaining: 273s    
step 00194 (9.0%) | loss: 3.604929 | lrm: 1.00 | dt: 148ms | tok/sec: 1,772,365 | mfu: 20.5% | epoch: 1 | remaining: 273s    
step 00195 (9.1%) | loss: 3.599521 | lrm: 1.00 | dt: 148ms | tok/sec: 1,773,852 | mfu: 20.5% | epoch: 1 | remaining: 273s    
step 00196 (9.1%) | loss: 3.597430 | lrm: 1.00 | dt: 148ms | tok/sec: 1,771,243 | mfu: 20.5% | epoch: 1 | remaining: 273s    
step 00197 (9.2%) | loss: 3.597402 | lrm: 1.00 | dt: 148ms | tok/sec: 1,773,557 | mfu: 20.5% | epoch: 1 | remaining: 272s    
step 00198 (9.2%) | loss: 3.592646 | lrm: 1.00 | dt: 148ms | tok/sec: 1,772,588 | mfu: 20.5% | epoch: 1 | remaining: 272s    
step 00199 (9.3%) | loss: 3.589746 | lrm: 1.00 | dt: 148ms | tok/sec: 1,772,445 | mfu: 20.5% | epoch: 1 | remaining: 272s    
step 00200 (9.3%) | loss: 3.588696 | lrm: 1.00 | dt: 148ms | tok/sec: 1,773,162 | mfu: 20.5% | epoch: 1 | remaining: 272s    
step 00201 (9.4%) | loss: 3.587735 | lrm: 1.00 | dt: 148ms | tok/sec: 1,772,956 | mfu: 20.5% | epoch: 1 | remaining: 272s    
step 00202 (9.4%) | loss: 3.586650 | lrm: 1.00 | dt: 148ms | tok/sec: 1,773,460 | mfu: 20.5% | epoch: 1 | remaining: 272s    
step 00203 (9.5%) | loss: 3.581029 | lrm: 1.00 | dt: 148ms | tok/sec: 1,772,439 | mfu: 20.5% | epoch: 1 | remaining: 271s    
step 00204 (9.5%) | loss: 3.576730 | lrm: 1.00 | dt: 148ms | tok/sec: 1,772,065 | mfu: 20.5% | epoch: 1 | remaining: 271s    
step 00205 (9.6%) | loss: 3.574367 | lrm: 1.00 | dt: 148ms | tok/sec: 1,773,019 | mfu: 20.5% | epoch: 1 | remaining: 271s    
step 00206 (9.6%) | loss: 3.570724 | lrm: 1.00 | dt: 148ms | tok/sec: 1,774,115 | mfu: 20.5% | epoch: 1 | remaining: 271s    
step 00207 (9.7%) | loss: 3.571197 | lrm: 1.00 | dt: 148ms | tok/sec: 1,773,746 | mfu: 20.5% | epoch: 1 | remaining: 271s    
step 00208 (9.7%) | loss: 3.559380 | lrm: 1.00 | dt: 148ms | tok/sec: 1,770,903 | mfu: 20.5% | epoch: 1 | remaining: 271s    
step 00209 (9.8%) | loss: 3.551678 | lrm: 1.00 | dt: 148ms | tok/sec: 1,774,502 | mfu: 20.5% | epoch: 1 | remaining: 271s    
step 00210 (9.8%) | loss: 3.548153 | lrm: 1.00 | dt: 148ms | tok/sec: 1,773,014 | mfu: 20.5% | epoch: 1 | remaining: 270s    
step 00211 (9.9%) | loss: 3.549653 | lrm: 1.00 | dt: 148ms | tok/sec: 1,773,777 | mfu: 20.5% | epoch: 1 | remaining: 270s    
step 00212 (9.9%) | loss: 3.546870 | lrm: 1.00 | dt: 148ms | tok/sec: 1,773,697 | mfu: 20.5% | epoch: 1 | remaining: 270s    
step 00213 (10.0%) | loss: 3.549407 | lrm: 1.00 | dt: 148ms | tok/sec: 1,773,268 | mfu: 20.5% | epoch: 1 | remaining: 270s    
step 00214 (10.0%) | loss: 3.547065 | lrm: 1.00 | dt: 148ms | tok/sec: 1,772,836 | mfu: 20.5% | epoch: 1 | remaining: 270s    
step 00215 (10.1%) | loss: 3.543534 | lrm: 1.00 | dt: 148ms | tok/sec: 1,773,789 | mfu: 20.5% | epoch: 1 | remaining: 270s    
step 00216 (10.1%) | loss: 3.544320 | lrm: 1.00 | dt: 148ms | tok/sec: 1,774,330 | mfu: 20.5% | epoch: 1 | remaining: 270s    
step 00217 (10.2%) | loss: 3.546279 | lrm: 1.00 | dt: 148ms | tok/sec: 1,773,683 | mfu: 20.5% | epoch: 1 | remaining: 269s    
step 00218 (10.2%) | loss: 3.546036 | lrm: 1.00 | dt: 148ms | tok/sec: 1,774,484 | mfu: 20.5% | epoch: 1 | remaining: 269s    
step 00219 (10.3%) | loss: 3.539634 | lrm: 1.00 | dt: 148ms | tok/sec: 1,774,324 | mfu: 20.5% | epoch: 1 | remaining: 269s    
step 00220 (10.3%) | loss: 3.539481 | lrm: 1.00 | dt: 148ms | tok/sec: 1,773,920 | mfu: 20.5% | epoch: 1 | remaining: 269s    
step 00221 (10.3%) | loss: 3.539325 | lrm: 1.00 | dt: 148ms | tok/sec: 1,773,889 | mfu: 20.5% | epoch: 1 | remaining: 269s    
step 00222 (10.4%) | loss: 3.536746 | lrm: 1.00 | dt: 148ms | tok/sec: 1,773,726 | mfu: 20.5% | epoch: 1 | remaining: 269s    
step 00223 (10.4%) | loss: 3.538613 | lrm: 1.00 | dt: 148ms | tok/sec: 1,773,872 | mfu: 20.5% | epoch: 1 | remaining: 269s    
step 00224 (10.5%) | loss: 3.542935 | lrm: 1.00 | dt: 148ms | tok/sec: 1,773,008 | mfu: 20.5% | epoch: 1 | remaining: 268s    
step 00225 (10.5%) | loss: 3.542827 | lrm: 1.00 | dt: 148ms | tok/sec: 1,773,302 | mfu: 20.5% | epoch: 1 | remaining: 268s    
step 00226 (10.6%) | loss: 3.542291 | lrm: 1.00 | dt: 148ms | tok/sec: 1,773,766 | mfu: 20.5% | epoch: 1 | remaining: 268s    
step 00227 (10.6%) | loss: 3.538663 | lrm: 1.00 | dt: 148ms | tok/sec: 1,772,605 | mfu: 20.5% | epoch: 1 | remaining: 268s    
step 00228 (10.7%) | loss: 3.542228 | lrm: 1.00 | dt: 148ms | tok/sec: 1,772,954 | mfu: 20.5% | epoch: 1 | remaining: 268s    
step 00229 (10.7%) | loss: 3.536651 | lrm: 1.00 | dt: 148ms | tok/sec: 1,772,145 | mfu: 20.5% | epoch: 1 | remaining: 268s    
step 00230 (10.8%) | loss: 3.541955 | lrm: 1.00 | dt: 148ms | tok/sec: 1,772,356 | mfu: 20.5% | epoch: 1 | remaining: 267s    
step 00231 (10.8%) | loss: 3.543013 | lrm: 1.00 | dt: 148ms | tok/sec: 1,772,225 | mfu: 20.5% | epoch: 1 | remaining: 267s    
step 00232 (10.9%) | loss: 3.542072 | lrm: 1.00 | dt: 148ms | tok/sec: 1,772,819 | mfu: 20.5% | epoch: 1 | remaining: 267s    
step 00233 (10.9%) | loss: 3.539313 | lrm: 1.00 | dt: 148ms | tok/sec: 1,772,928 | mfu: 20.5% | epoch: 1 | remaining: 267s    
step 00234 (11.0%) | loss: 3.534906 | lrm: 1.00 | dt: 148ms | tok/sec: 1,773,062 | mfu: 20.5% | epoch: 1 | remaining: 267s    
step 00235 (11.0%) | loss: 3.536098 | lrm: 1.00 | dt: 148ms | tok/sec: 1,772,896 | mfu: 20.5% | epoch: 1 | remaining: 267s    
step 00236 (11.1%) | loss: 3.538647 | lrm: 1.00 | dt: 148ms | tok/sec: 1,770,515 | mfu: 20.5% | epoch: 1 | remaining: 267s    
step 00237 (11.1%) | loss: 3.538591 | lrm: 1.00 | dt: 148ms | tok/sec: 1,773,088 | mfu: 20.5% | epoch: 1 | remaining: 266s    
step 00238 (11.2%) | loss: 3.534558 | lrm: 1.00 | dt: 148ms | tok/sec: 1,773,271 | mfu: 20.5% | epoch: 1 | remaining: 266s    
step 00239 (11.2%) | loss: 3.531562 | lrm: 1.00 | dt: 148ms | tok/sec: 1,772,836 | mfu: 20.5% | epoch: 1 | remaining: 266s    
step 00240 (11.3%) | loss: 3.531200 | lrm: 1.00 | dt: 148ms | tok/sec: 1,773,737 | mfu: 20.5% | epoch: 1 | remaining: 266s    
step 00241 (11.3%) | loss: 3.530093 | lrm: 1.00 | dt: 148ms | tok/sec: 1,772,859 | mfu: 20.5% | epoch: 1 | remaining: 266s    
step 00242 (11.4%) | loss: 3.531061 | lrm: 1.00 | dt: 148ms | tok/sec: 1,773,148 | mfu: 20.5% | epoch: 1 | remaining: 266s    
step 00243 (11.4%) | loss: 3.526798 | lrm: 1.00 | dt: 148ms | tok/sec: 1,772,536 | mfu: 20.5% | epoch: 1 | remaining: 266s    
step 00244 (11.5%) | loss: 3.517358 | lrm: 1.00 | dt: 148ms | tok/sec: 1,772,865 | mfu: 20.5% | epoch: 1 | remaining: 265s    
step 00245 (11.5%) | loss: 3.510531 | lrm: 1.00 | dt: 148ms | tok/sec: 1,772,202 | mfu: 20.5% | epoch: 1 | remaining: 265s    
step 00246 (11.6%) | loss: 3.508314 | lrm: 1.00 | dt: 148ms | tok/sec: 1,772,745 | mfu: 20.5% | epoch: 1 | remaining: 265s    
step 00247 (11.6%) | loss: 3.507634 | lrm: 1.00 | dt: 148ms | tok/sec: 1,772,851 | mfu: 20.5% | epoch: 1 | remaining: 265s    
step 00248 (11.7%) | loss: 3.507044 | lrm: 1.00 | dt: 148ms | tok/sec: 1,773,711 | mfu: 20.5% | epoch: 1 | remaining: 265s    
step 00249 (11.7%) | loss: 3.510480 | lrm: 1.00 | dt: 148ms | tok/sec: 1,773,208 | mfu: 20.5% | epoch: 1 | remaining: 265s    
step 00250 (11.8%) | loss: 3.510907 | lrm: 1.00 | dt: 148ms | tok/sec: 1,772,393 | mfu: 20.5% | epoch: 1 | remaining: 265s    
step 00251 (11.8%) | loss: 3.511704 | lrm: 1.00 | dt: 148ms | tok/sec: 1,772,699 | mfu: 20.5% | epoch: 1 | remaining: 264s    
step 00252 (11.9%) | loss: 3.507122 | lrm: 1.00 | dt: 148ms | tok/sec: 1,772,582 | mfu: 20.5% | epoch: 1 | remaining: 264s    
step 00253 (11.9%) | loss: 3.505720 | lrm: 1.00 | dt: 148ms | tok/sec: 1,771,965 | mfu: 20.5% | epoch: 1 | remaining: 264s    
step 00254 (12.0%) | loss: 3.502544 | lrm: 1.00 | dt: 150ms | tok/sec: 1,743,280 | mfu: 20.2% | epoch: 1 | remaining: 264s    
step 00255 (12.0%) | loss: 3.504871 | lrm: 1.00 | dt: 148ms | tok/sec: 1,773,139 | mfu: 20.5% | epoch: 1 | remaining: 264s    
step 00256 (12.1%) | loss: 3.499066 | lrm: 1.00 | dt: 150ms | tok/sec: 1,746,956 | mfu: 20.2% | epoch: 1 | remaining: 264s    
step 00257 (12.1%) | loss: 3.496662 | lrm: 1.00 | dt: 148ms | tok/sec: 1,772,805 | mfu: 20.5% | epoch: 1 | remaining: 263s    
step 00258 (12.2%) | loss: 3.498303 | lrm: 1.00 | dt: 148ms | tok/sec: 1,771,460 | mfu: 20.5% | epoch: 1 | remaining: 263s    
step 00259 (12.2%) | loss: 3.494758 | lrm: 1.00 | dt: 148ms | tok/sec: 1,772,951 | mfu: 20.5% | epoch: 1 | remaining: 263s    
step 00260 (12.3%) | loss: 3.492151 | lrm: 1.00 | dt: 148ms | tok/sec: 1,772,811 | mfu: 20.5% | epoch: 1 | remaining: 263s    
step 00261 (12.3%) | loss: 3.491806 | lrm: 1.00 | dt: 148ms | tok/sec: 1,772,888 | mfu: 20.5% | epoch: 1 | remaining: 263s    
step 00262 (12.4%) | loss: 3.492397 | lrm: 1.00 | dt: 148ms | tok/sec: 1,773,995 | mfu: 20.5% | epoch: 1 | remaining: 263s    
step 00263 (12.4%) | loss: 3.490341 | lrm: 1.00 | dt: 148ms | tok/sec: 1,773,042 | mfu: 20.5% | epoch: 1 | remaining: 263s    
step 00264 (12.5%) | loss: 3.487796 | lrm: 1.00 | dt: 148ms | tok/sec: 1,773,254 | mfu: 20.5% | epoch: 1 | remaining: 262s    
step 00265 (12.5%) | loss: 3.487209 | lrm: 1.00 | dt: 148ms | tok/sec: 1,773,643 | mfu: 20.5% | epoch: 1 | remaining: 262s    
step 00266 (12.6%) | loss: 3.484603 | lrm: 1.00 | dt: 148ms | tok/sec: 1,772,708 | mfu: 20.5% | epoch: 1 | remaining: 262s    
step 00267 (12.6%) | loss: 3.482458 | lrm: 1.00 | dt: 148ms | tok/sec: 1,773,217 | mfu: 20.5% | epoch: 1 | remaining: 262s    
step 00268 (12.7%) | loss: 3.485235 | lrm: 1.00 | dt: 148ms | tok/sec: 1,772,954 | mfu: 20.5% | epoch: 1 | remaining: 262s    
step 00269 (12.7%) | loss: 3.483354 | lrm: 1.00 | dt: 148ms | tok/sec: 1,772,628 | mfu: 20.5% | epoch: 1 | remaining: 262s    
step 00270 (12.8%) | loss: 3.477841 | lrm: 1.00 | dt: 148ms | tok/sec: 1,770,447 | mfu: 20.5% | epoch: 1 | remaining: 262s    
step 00271 (12.8%) | loss: 3.479664 | lrm: 1.00 | dt: 148ms | tok/sec: 1,771,491 | mfu: 20.5% | epoch: 1 | remaining: 261s    
step 00272 (12.9%) | loss: 3.475878 | lrm: 1.00 | dt: 148ms | tok/sec: 1,772,616 | mfu: 20.5% | epoch: 1 | remaining: 261s    
step 00273 (12.9%) | loss: 3.472730 | lrm: 1.00 | dt: 148ms | tok/sec: 1,773,265 | mfu: 20.5% | epoch: 1 | remaining: 261s    
step 00274 (13.0%) | loss: 3.467597 | lrm: 1.00 | dt: 148ms | tok/sec: 1,772,968 | mfu: 20.5% | epoch: 1 | remaining: 261s    
step 00275 (13.0%) | loss: 3.469094 | lrm: 1.00 | dt: 148ms | tok/sec: 1,772,902 | mfu: 20.5% | epoch: 1 | remaining: 261s    
step 00276 (13.1%) | loss: 3.467052 | lrm: 1.00 | dt: 148ms | tok/sec: 1,772,136 | mfu: 20.5% | epoch: 1 | remaining: 261s    
step 00277 (13.1%) | loss: 3.462040 | lrm: 1.00 | dt: 148ms | tok/sec: 1,772,385 | mfu: 20.5% | epoch: 1 | remaining: 261s    
step 00278 (13.2%) | loss: 3.466858 | lrm: 1.00 | dt: 148ms | tok/sec: 1,772,508 | mfu: 20.5% | epoch: 1 | remaining: 260s    
step 00279 (13.2%) | loss: 3.462210 | lrm: 1.00 | dt: 149ms | tok/sec: 1,763,501 | mfu: 20.4% | epoch: 1 | remaining: 260s    
step 00280 (13.3%) | loss: 3.456465 | lrm: 1.00 | dt: 148ms | tok/sec: 1,772,502 | mfu: 20.5% | epoch: 1 | remaining: 260s    
step 00281 (13.3%) | loss: 3.455784 | lrm: 1.00 | dt: 148ms | tok/sec: 1,772,631 | mfu: 20.5% | epoch: 1 | remaining: 260s    
step 00282 (13.4%) | loss: 3.452330 | lrm: 1.00 | dt: 148ms | tok/sec: 1,771,183 | mfu: 20.5% | epoch: 1 | remaining: 260s    
step 00283 (13.4%) | loss: 3.451490 | lrm: 1.00 | dt: 148ms | tok/sec: 1,771,779 | mfu: 20.5% | epoch: 1 | remaining: 260s    
step 00284 (13.5%) | loss: 3.450986 | lrm: 1.00 | dt: 148ms | tok/sec: 1,771,759 | mfu: 20.5% | epoch: 1 | remaining: 259s    
step 00285 (13.5%) | loss: 3.452141 | lrm: 1.00 | dt: 148ms | tok/sec: 1,772,359 | mfu: 20.5% | epoch: 1 | remaining: 259s    
step 00286 (13.6%) | loss: 3.452798 | lrm: 1.00 | dt: 148ms | tok/sec: 1,772,259 | mfu: 20.5% | epoch: 1 | remaining: 259s    
step 00287 (13.6%) | loss: 3.454552 | lrm: 1.00 | dt: 148ms | tok/sec: 1,771,565 | mfu: 20.5% | epoch: 1 | remaining: 259s    
step 00288 (13.7%) | loss: 3.451866 | lrm: 1.00 | dt: 148ms | tok/sec: 1,772,305 | mfu: 20.5% | epoch: 1 | remaining: 259s    
step 00289 (13.7%) | loss: 3.449747 | lrm: 1.00 | dt: 148ms | tok/sec: 1,772,705 | mfu: 20.5% | epoch: 1 | remaining: 259s    
step 00290 (13.8%) | loss: 3.455865 | lrm: 1.00 | dt: 148ms | tok/sec: 1,771,765 | mfu: 20.5% | epoch: 1 | remaining: 259s    
step 00291 (13.8%) | loss: 3.455891 | lrm: 1.00 | dt: 148ms | tok/sec: 1,770,578 | mfu: 20.5% | epoch: 1 | remaining: 258s    
step 00292 (13.9%) | loss: 3.453773 | lrm: 1.00 | dt: 148ms | tok/sec: 1,771,183 | mfu: 20.5% | epoch: 1 | remaining: 258s    
step 00293 (13.9%) | loss: 3.455203 | lrm: 1.00 | dt: 148ms | tok/sec: 1,772,493 | mfu: 20.5% | epoch: 1 | remaining: 258s    
step 00294 (13.9%) | loss: 3.453930 | lrm: 1.00 | dt: 148ms | tok/sec: 1,771,677 | mfu: 20.5% | epoch: 1 | remaining: 258s    
step 00295 (14.0%) | loss: 3.457461 | lrm: 1.00 | dt: 148ms | tok/sec: 1,772,059 | mfu: 20.5% | epoch: 1 | remaining: 258s    
step 00296 (14.0%) | loss: 3.459114 | lrm: 1.00 | dt: 148ms | tok/sec: 1,772,113 | mfu: 20.5% | epoch: 1 | remaining: 258s    
step 00297 (14.1%) | loss: 3.461758 | lrm: 1.00 | dt: 148ms | tok/sec: 1,772,548 | mfu: 20.5% | epoch: 1 | remaining: 258s    
step 00298 (14.1%) | loss: 3.456587 | lrm: 1.00 | dt: 148ms | tok/sec: 1,773,071 | mfu: 20.5% | epoch: 1 | remaining: 257s    
step 00299 (14.2%) | loss: 3.456484 | lrm: 1.00 | dt: 148ms | tok/sec: 1,771,782 | mfu: 20.5% | epoch: 1 | remaining: 257s    
step 00300 (14.2%) | loss: 3.448704 | lrm: 1.00 | dt: 148ms | tok/sec: 1,772,371 | mfu: 20.5% | epoch: 1 | remaining: 257s    
step 00301 (14.3%) | loss: 3.444306 | lrm: 1.00 | dt: 148ms | tok/sec: 1,770,969 | mfu: 20.5% | epoch: 1 | remaining: 257s    
step 00302 (14.3%) | loss: 3.443723 | lrm: 1.00 | dt: 148ms | tok/sec: 1,772,628 | mfu: 20.5% | epoch: 1 | remaining: 257s    
step 00303 (14.4%) | loss: 3.443943 | lrm: 1.00 | dt: 148ms | tok/sec: 1,770,792 | mfu: 20.5% | epoch: 1 | remaining: 257s    
step 00304 (14.4%) | loss: 3.445464 | lrm: 1.00 | dt: 148ms | tok/sec: 1,769,438 | mfu: 20.5% | epoch: 1 | remaining: 257s    
step 00305 (14.5%) | loss: 3.444260 | lrm: 1.00 | dt: 148ms | tok/sec: 1,771,759 | mfu: 20.5% | epoch: 1 | remaining: 256s    
step 00306 (14.5%) | loss: 3.441407 | lrm: 1.00 | dt: 148ms | tok/sec: 1,769,917 | mfu: 20.5% | epoch: 1 | remaining: 256s    
step 00307 (14.6%) | loss: 3.441316 | lrm: 1.00 | dt: 148ms | tok/sec: 1,770,695 | mfu: 20.5% | epoch: 1 | remaining: 256s    
step 00308 (14.6%) | loss: 3.445734 | lrm: 1.00 | dt: 148ms | tok/sec: 1,770,698 | mfu: 20.5% | epoch: 1 | remaining: 256s    
step 00309 (14.7%) | loss: 3.446429 | lrm: 1.00 | dt: 148ms | tok/sec: 1,772,633 | mfu: 20.5% | epoch: 1 | remaining: 256s    
step 00310 (14.7%) | loss: 3.447503 | lrm: 1.00 | dt: 148ms | tok/sec: 1,772,445 | mfu: 20.5% | epoch: 1 | remaining: 256s    
step 00311 (14.8%) | loss: 3.444039 | lrm: 1.00 | dt: 148ms | tok/sec: 1,770,610 | mfu: 20.5% | epoch: 1 | remaining: 255s    
step 00312 (14.8%) | loss: 3.441304 | lrm: 1.00 | dt: 148ms | tok/sec: 1,772,536 | mfu: 20.5% | epoch: 1 | remaining: 255s    
step 00313 (14.9%) | loss: 3.438731 | lrm: 1.00 | dt: 148ms | tok/sec: 1,773,388 | mfu: 20.5% | epoch: 1 | remaining: 255s    
step 00314 (14.9%) | loss: 3.434507 | lrm: 1.00 | dt: 148ms | tok/sec: 1,772,608 | mfu: 20.5% | epoch: 1 | remaining: 255s    
step 00315 (15.0%) | loss: 3.433975 | lrm: 1.00 | dt: 148ms | tok/sec: 1,772,882 | mfu: 20.5% | epoch: 1 | remaining: 255s    
step 00316 (15.0%) | loss: 3.430563 | lrm: 1.00 | dt: 148ms | tok/sec: 1,772,994 | mfu: 20.5% | epoch: 1 | remaining: 255s    
step 00317 (15.1%) | loss: 3.430127 | lrm: 1.00 | dt: 148ms | tok/sec: 1,772,451 | mfu: 20.5% | epoch: 1 | remaining: 255s    
step 00318 (15.1%) | loss: 3.431200 | lrm: 1.00 | dt: 148ms | tok/sec: 1,772,628 | mfu: 20.5% | epoch: 1 | remaining: 254s    
step 00319 (15.2%) | loss: 3.428449 | lrm: 1.00 | dt: 148ms | tok/sec: 1,772,519 | mfu: 20.5% | epoch: 1 | remaining: 254s    
step 00320 (15.2%) | loss: 3.423822 | lrm: 1.00 | dt: 148ms | tok/sec: 1,772,645 | mfu: 20.5% | epoch: 1 | remaining: 254s    
step 00321 (15.3%) | loss: 3.420001 | lrm: 1.00 | dt: 148ms | tok/sec: 1,770,339 | mfu: 20.5% | epoch: 1 | remaining: 254s    
step 00322 (15.3%) | loss: 3.421314 | lrm: 1.00 | dt: 148ms | tok/sec: 1,770,282 | mfu: 20.5% | epoch: 1 | remaining: 254s    
step 00323 (15.4%) | loss: 3.419239 | lrm: 1.00 | dt: 148ms | tok/sec: 1,770,273 | mfu: 20.5% | epoch: 1 | remaining: 254s    
step 00324 (15.4%) | loss: 3.419401 | lrm: 1.00 | dt: 148ms | tok/sec: 1,772,279 | mfu: 20.5% | epoch: 1 | remaining: 254s    
step 00325 (15.5%) | loss: 3.418544 | lrm: 1.00 | dt: 148ms | tok/sec: 1,772,871 | mfu: 20.5% | epoch: 1 | remaining: 253s    
step 00326 (15.5%) | loss: 3.421535 | lrm: 1.00 | dt: 148ms | tok/sec: 1,772,879 | mfu: 20.5% | epoch: 1 | remaining: 253s    
step 00327 (15.6%) | loss: 3.418886 | lrm: 1.00 | dt: 148ms | tok/sec: 1,772,488 | mfu: 20.5% | epoch: 1 | remaining: 253s    
step 00328 (15.6%) | loss: 3.415318 | lrm: 1.00 | dt: 148ms | tok/sec: 1,772,288 | mfu: 20.5% | epoch: 1 | remaining: 253s    
step 00329 (15.7%) | loss: 3.415024 | lrm: 1.00 | dt: 148ms | tok/sec: 1,773,177 | mfu: 20.5% | epoch: 1 | remaining: 253s    
step 00330 (15.7%) | loss: 3.416364 | lrm: 1.00 | dt: 148ms | tok/sec: 1,772,325 | mfu: 20.5% | epoch: 1 | remaining: 253s    
step 00331 (15.8%) | loss: 3.413213 | lrm: 1.00 | dt: 148ms | tok/sec: 1,771,925 | mfu: 20.5% | epoch: 1 | remaining: 253s    
step 00332 (15.8%) | loss: 3.413222 | lrm: 1.00 | dt: 148ms | tok/sec: 1,767,115 | mfu: 20.4% | epoch: 1 | remaining: 252s    
step 00333 (15.9%) | loss: 3.411453 | lrm: 1.00 | dt: 148ms | tok/sec: 1,771,560 | mfu: 20.5% | epoch: 1 | remaining: 252s    
step 00334 (15.9%) | loss: 3.409536 | lrm: 1.00 | dt: 148ms | tok/sec: 1,771,882 | mfu: 20.5% | epoch: 1 | remaining: 252s    
step 00335 (16.0%) | loss: 3.409449 | lrm: 1.00 | dt: 148ms | tok/sec: 1,772,776 | mfu: 20.5% | epoch: 1 | remaining: 252s    
step 00336 (16.0%) | loss: 3.408421 | lrm: 1.00 | dt: 148ms | tok/sec: 1,772,699 | mfu: 20.5% | epoch: 1 | remaining: 252s    
step 00337 (16.1%) | loss: 3.410114 | lrm: 1.00 | dt: 148ms | tok/sec: 1,773,454 | mfu: 20.5% | epoch: 1 | remaining: 252s    
step 00338 (16.1%) | loss: 3.409440 | lrm: 1.00 | dt: 148ms | tok/sec: 1,772,279 | mfu: 20.5% | epoch: 1 | remaining: 251s    
step 00339 (16.2%) | loss: 3.414883 | lrm: 1.00 | dt: 148ms | tok/sec: 1,773,457 | mfu: 20.5% | epoch: 1 | remaining: 251s    
step 00340 (16.2%) | loss: 3.411491 | lrm: 1.00 | dt: 148ms | tok/sec: 1,772,753 | mfu: 20.5% | epoch: 1 | remaining: 251s    
step 00341 (16.3%) | loss: 3.414637 | lrm: 1.00 | dt: 148ms | tok/sec: 1,773,643 | mfu: 20.5% | epoch: 1 | remaining: 251s    
step 00342 (16.3%) | loss: 3.409402 | lrm: 1.00 | dt: 148ms | tok/sec: 1,773,497 | mfu: 20.5% | epoch: 1 | remaining: 251s    
step 00343 (16.4%) | loss: 3.406222 | lrm: 1.00 | dt: 148ms | tok/sec: 1,773,345 | mfu: 20.5% | epoch: 1 | remaining: 251s    
step 00344 (16.4%) | loss: 3.406670 | lrm: 1.00 | dt: 148ms | tok/sec: 1,773,454 | mfu: 20.5% | epoch: 1 | remaining: 251s    
step 00345 (16.5%) | loss: 3.409026 | lrm: 1.00 | dt: 148ms | tok/sec: 1,773,557 | mfu: 20.5% | epoch: 1 | remaining: 250s    
step 00346 (16.5%) | loss: 3.409277 | lrm: 1.00 | dt: 148ms | tok/sec: 1,773,011 | mfu: 20.5% | epoch: 1 | remaining: 250s    
step 00347 (16.6%) | loss: 3.409051 | lrm: 1.00 | dt: 148ms | tok/sec: 1,773,368 | mfu: 20.5% | epoch: 1 | remaining: 250s    
step 00348 (16.6%) | loss: 3.406929 | lrm: 1.00 | dt: 148ms | tok/sec: 1,772,739 | mfu: 20.5% | epoch: 1 | remaining: 250s    
step 00349 (16.7%) | loss: 3.404527 | lrm: 1.00 | dt: 148ms | tok/sec: 1,773,497 | mfu: 20.5% | epoch: 1 | remaining: 250s    
step 00350 (16.7%) | loss: 3.405286 | lrm: 1.00 | dt: 148ms | tok/sec: 1,773,360 | mfu: 20.5% | epoch: 1 | remaining: 250s    
step 00351 (16.8%) | loss: 3.399121 | lrm: 1.00 | dt: 148ms | tok/sec: 1,772,593 | mfu: 20.5% | epoch: 1 | remaining: 250s    
step 00352 (16.8%) | loss: 3.397388 | lrm: 1.00 | dt: 148ms | tok/sec: 1,773,597 | mfu: 20.5% | epoch: 1 | remaining: 249s    
step 00353 (16.9%) | loss: 3.401796 | lrm: 1.00 | dt: 148ms | tok/sec: 1,773,483 | mfu: 20.5% | epoch: 1 | remaining: 249s    
step 00354 (16.9%) | loss: 3.401142 | lrm: 1.00 | dt: 148ms | tok/sec: 1,773,137 | mfu: 20.5% | epoch: 1 | remaining: 249s    
step 00355 (17.0%) | loss: 3.392494 | lrm: 1.00 | dt: 148ms | tok/sec: 1,770,501 | mfu: 20.5% | epoch: 1 | remaining: 249s    
step 00356 (17.0%) | loss: 3.392529 | lrm: 1.00 | dt: 148ms | tok/sec: 1,772,388 | mfu: 20.5% | epoch: 1 | remaining: 249s    
step 00357 (17.1%) | loss: 3.391800 | lrm: 1.00 | dt: 148ms | tok/sec: 1,771,948 | mfu: 20.5% | epoch: 1 | remaining: 249s    
step 00358 (17.1%) | loss: 3.393490 | lrm: 1.00 | dt: 148ms | tok/sec: 1,772,176 | mfu: 20.5% | epoch: 1 | remaining: 249s    
step 00359 (17.2%) | loss: 3.391880 | lrm: 1.00 | dt: 148ms | tok/sec: 1,766,559 | mfu: 20.4% | epoch: 1 | remaining: 248s    
step 00360 (17.2%) | loss: 3.389691 | lrm: 1.00 | dt: 148ms | tok/sec: 1,772,585 | mfu: 20.5% | epoch: 1 | remaining: 248s    
step 00361 (17.3%) | loss: 3.382892 | lrm: 1.00 | dt: 148ms | tok/sec: 1,771,919 | mfu: 20.5% | epoch: 1 | remaining: 248s    
step 00362 (17.3%) | loss: 3.384401 | lrm: 1.00 | dt: 148ms | tok/sec: 1,772,008 | mfu: 20.5% | epoch: 1 | remaining: 248s    
step 00363 (17.4%) | loss: 3.381382 | lrm: 1.00 | dt: 148ms | tok/sec: 1,773,511 | mfu: 20.5% | epoch: 1 | remaining: 248s    
step 00364 (17.4%) | loss: 3.378658 | lrm: 1.00 | dt: 148ms | tok/sec: 1,772,365 | mfu: 20.5% | epoch: 1 | remaining: 248s    
step 00365 (17.4%) | loss: 3.379894 | lrm: 1.00 | dt: 148ms | tok/sec: 1,772,359 | mfu: 20.5% | epoch: 1 | remaining: 248s    
step 00366 (17.5%) | loss: 3.373867 | lrm: 1.00 | dt: 148ms | tok/sec: 1,772,896 | mfu: 20.5% | epoch: 1 | remaining: 247s    
step 00367 (17.5%) | loss: 3.374565 | lrm: 1.00 | dt: 148ms | tok/sec: 1,773,177 | mfu: 20.5% | epoch: 1 | remaining: 247s    
step 00368 (17.6%) | loss: 3.369741 | lrm: 1.00 | dt: 148ms | tok/sec: 1,771,659 | mfu: 20.5% | epoch: 1 | remaining: 247s    
step 00369 (17.6%) | loss: 3.363653 | lrm: 1.00 | dt: 148ms | tok/sec: 1,773,211 | mfu: 20.5% | epoch: 1 | remaining: 247s    
step 00370 (17.7%) | loss: 3.364877 | lrm: 1.00 | dt: 148ms | tok/sec: 1,772,188 | mfu: 20.5% | epoch: 1 | remaining: 247s    
step 00371 (17.7%) | loss: 3.367799 | lrm: 1.00 | dt: 148ms | tok/sec: 1,772,065 | mfu: 20.5% | epoch: 1 | remaining: 247s    
step 00372 (17.8%) | loss: 3.365556 | lrm: 1.00 | dt: 148ms | tok/sec: 1,773,108 | mfu: 20.5% | epoch: 1 | remaining: 246s    
step 00373 (17.8%) | loss: 3.364557 | lrm: 1.00 | dt: 148ms | tok/sec: 1,773,391 | mfu: 20.5% | epoch: 1 | remaining: 246s    
step 00374 (17.9%) | loss: 3.360932 | lrm: 1.00 | dt: 148ms | tok/sec: 1,772,362 | mfu: 20.5% | epoch: 1 | remaining: 246s    
step 00375 (17.9%) | loss: 3.358409 | lrm: 1.00 | dt: 148ms | tok/sec: 1,772,233 | mfu: 20.5% | epoch: 1 | remaining: 246s    
step 00376 (18.0%) | loss: 3.357357 | lrm: 1.00 | dt: 148ms | tok/sec: 1,772,899 | mfu: 20.5% | epoch: 1 | remaining: 246s    
step 00377 (18.0%) | loss: 3.354323 | lrm: 1.00 | dt: 148ms | tok/sec: 1,772,602 | mfu: 20.5% | epoch: 1 | remaining: 246s    
step 00378 (18.1%) | loss: 3.356396 | lrm: 1.00 | dt: 148ms | tok/sec: 1,769,336 | mfu: 20.5% | epoch: 1 | remaining: 246s    
step 00379 (18.1%) | loss: 3.362720 | lrm: 1.00 | dt: 148ms | tok/sec: 1,772,228 | mfu: 20.5% | epoch: 1 | remaining: 245s    
step 00380 (18.2%) | loss: 3.362149 | lrm: 1.00 | dt: 148ms | tok/sec: 1,773,388 | mfu: 20.5% | epoch: 1 | remaining: 245s    
step 00381 (18.2%) | loss: 3.364917 | lrm: 1.00 | dt: 148ms | tok/sec: 1,771,791 | mfu: 20.5% | epoch: 1 | remaining: 245s    
step 00382 (18.3%) | loss: 3.365593 | lrm: 1.00 | dt: 148ms | tok/sec: 1,772,239 | mfu: 20.5% | epoch: 1 | remaining: 245s    
step 00383 (18.3%) | loss: 3.366672 | lrm: 1.00 | dt: 148ms | tok/sec: 1,772,362 | mfu: 20.5% | epoch: 1 | remaining: 245s    
step 00384 (18.4%) | loss: 3.367662 | lrm: 1.00 | dt: 148ms | tok/sec: 1,772,439 | mfu: 20.5% | epoch: 1 | remaining: 245s    
step 00385 (18.4%) | loss: 3.367233 | lrm: 1.00 | dt: 148ms | tok/sec: 1,773,783 | mfu: 20.5% | epoch: 1 | remaining: 245s    
step 00386 (18.5%) | loss: 3.361850 | lrm: 1.00 | dt: 148ms | tok/sec: 1,772,576 | mfu: 20.5% | epoch: 1 | remaining: 244s    
step 00387 (18.5%) | loss: 3.362498 | lrm: 1.00 | dt: 148ms | tok/sec: 1,772,562 | mfu: 20.5% | epoch: 1 | remaining: 244s    
step 00388 (18.6%) | loss: 3.358430 | lrm: 1.00 | dt: 148ms | tok/sec: 1,773,148 | mfu: 20.5% | epoch: 1 | remaining: 244s    
step 00389 (18.6%) | loss: 3.353479 | lrm: 1.00 | dt: 148ms | tok/sec: 1,772,268 | mfu: 20.5% | epoch: 1 | remaining: 244s    
step 00390 (18.7%) | loss: 3.355420 | lrm: 1.00 | dt: 152ms | tok/sec: 1,730,206 | mfu: 20.0% | epoch: 1 | remaining: 244s    
step 00391 (18.7%) | loss: 3.356022 | lrm: 1.00 | dt: 148ms | tok/sec: 1,771,925 | mfu: 20.5% | epoch: 1 | remaining: 244s    
step 00392 (18.8%) | loss: 3.354468 | lrm: 1.00 | dt: 148ms | tok/sec: 1,771,351 | mfu: 20.5% | epoch: 1 | remaining: 244s    
step 00393 (18.8%) | loss: 3.356436 | lrm: 1.00 | dt: 148ms | tok/sec: 1,772,865 | mfu: 20.5% | epoch: 1 | remaining: 243s    
step 00394 (18.9%) | loss: 3.356418 | lrm: 1.00 | dt: 148ms | tok/sec: 1,771,080 | mfu: 20.5% | epoch: 1 | remaining: 243s    
step 00395 (18.9%) | loss: 3.356206 | lrm: 1.00 | dt: 148ms | tok/sec: 1,770,992 | mfu: 20.5% | epoch: 1 | remaining: 243s    
step 00396 (19.0%) | loss: 3.358492 | lrm: 1.00 | dt: 148ms | tok/sec: 1,771,751 | mfu: 20.5% | epoch: 1 | remaining: 243s    
step 00397 (19.0%) | loss: 3.349966 | lrm: 1.00 | dt: 148ms | tok/sec: 1,772,182 | mfu: 20.5% | epoch: 1 | remaining: 243s    
step 00398 (19.1%) | loss: 3.346758 | lrm: 1.00 | dt: 148ms | tok/sec: 1,771,594 | mfu: 20.5% | epoch: 1 | remaining: 243s    
step 00399 (19.1%) | loss: 3.345926 | lrm: 1.00 | dt: 148ms | tok/sec: 1,770,165 | mfu: 20.5% | epoch: 1 | remaining: 242s    
step 00400 (19.2%) | loss: 3.344190 | lrm: 1.00 | dt: 148ms | tok/sec: 1,772,002 | mfu: 20.5% | epoch: 1 | remaining: 242s    
step 00401 (19.2%) | loss: 3.343974 | lrm: 1.00 | dt: 148ms | tok/sec: 1,771,836 | mfu: 20.5% | epoch: 1 | remaining: 242s    
step 00402 (19.3%) | loss: 3.346331 | lrm: 1.00 | dt: 148ms | tok/sec: 1,771,126 | mfu: 20.5% | epoch: 1 | remaining: 242s    
step 00403 (19.3%) | loss: 3.346469 | lrm: 1.00 | dt: 148ms | tok/sec: 1,770,245 | mfu: 20.5% | epoch: 1 | remaining: 242s    
step 00404 (19.4%) | loss: 3.346227 | lrm: 1.00 | dt: 148ms | tok/sec: 1,771,748 | mfu: 20.5% | epoch: 1 | remaining: 242s    
step 00405 (19.4%) | loss: 3.348240 | lrm: 1.00 | dt: 148ms | tok/sec: 1,771,460 | mfu: 20.5% | epoch: 1 | remaining: 242s    
step 00406 (19.5%) | loss: 3.346154 | lrm: 1.00 | dt: 148ms | tok/sec: 1,772,645 | mfu: 20.5% | epoch: 1 | remaining: 241s    
step 00407 (19.5%) | loss: 3.345663 | lrm: 1.00 | dt: 148ms | tok/sec: 1,770,638 | mfu: 20.5% | epoch: 1 | remaining: 241s    
step 00408 (19.6%) | loss: 3.344577 | lrm: 1.00 | dt: 148ms | tok/sec: 1,772,273 | mfu: 20.5% | epoch: 1 | remaining: 241s    
step 00409 (19.6%) | loss: 3.342149 | lrm: 1.00 | dt: 148ms | tok/sec: 1,772,876 | mfu: 20.5% | epoch: 1 | remaining: 241s    
step 00410 (19.7%) | loss: 3.341828 | lrm: 1.00 | dt: 148ms | tok/sec: 1,771,677 | mfu: 20.5% | epoch: 1 | remaining: 241s    
step 00411 (19.7%) | loss: 3.333187 | lrm: 1.00 | dt: 148ms | tok/sec: 1,771,771 | mfu: 20.5% | epoch: 1 | remaining: 241s    
step 00412 (19.8%) | loss: 3.334951 | lrm: 1.00 | dt: 148ms | tok/sec: 1,771,882 | mfu: 20.5% | epoch: 1 | remaining: 241s    
step 00413 (19.8%) | loss: 3.334642 | lrm: 1.00 | dt: 148ms | tok/sec: 1,772,708 | mfu: 20.5% | epoch: 1 | remaining: 240s    
step 00414 (19.9%) | loss: 3.334036 | lrm: 1.00 | dt: 148ms | tok/sec: 1,771,380 | mfu: 20.5% | epoch: 1 | remaining: 240s    
step 00415 (19.9%) | loss: 3.333186 | lrm: 1.00 | dt: 148ms | tok/sec: 1,769,994 | mfu: 20.5% | epoch: 1 | remaining: 240s    
step 00416 (20.0%) | loss: 3.332308 | lrm: 1.00 | dt: 148ms | tok/sec: 1,771,032 | mfu: 20.5% | epoch: 1 | remaining: 240s    
step 00417 (20.0%) | loss: 3.333231 | lrm: 1.00 | dt: 148ms | tok/sec: 1,773,188 | mfu: 20.5% | epoch: 1 | remaining: 240s    
step 00418 (20.1%) | loss: 3.333240 | lrm: 1.00 | dt: 148ms | tok/sec: 1,772,102 | mfu: 20.5% | epoch: 1 | remaining: 240s    
step 00419 (20.1%) | loss: 3.331530 | lrm: 1.00 | dt: 148ms | tok/sec: 1,771,748 | mfu: 20.5% | epoch: 1 | remaining: 240s    
step 00420 (20.2%) | loss: 3.332437 | lrm: 1.00 | dt: 148ms | tok/sec: 1,769,544 | mfu: 20.5% | epoch: 1 | remaining: 239s    
step 00421 (20.2%) | loss: 3.327518 | lrm: 1.00 | dt: 148ms | tok/sec: 1,771,796 | mfu: 20.5% | epoch: 1 | remaining: 239s    
step 00422 (20.3%) | loss: 3.326776 | lrm: 1.00 | dt: 148ms | tok/sec: 1,771,936 | mfu: 20.5% | epoch: 1 | remaining: 239s    
step 00423 (20.3%) | loss: 3.332546 | lrm: 1.00 | dt: 148ms | tok/sec: 1,771,674 | mfu: 20.5% | epoch: 1 | remaining: 239s    
step 00424 (20.4%) | loss: 3.334823 | lrm: 1.00 | dt: 148ms | tok/sec: 1,770,612 | mfu: 20.5% | epoch: 1 | remaining: 239s    
step 00425 (20.4%) | loss: 3.330027 | lrm: 1.00 | dt: 148ms | tok/sec: 1,771,956 | mfu: 20.5% | epoch: 1 | remaining: 239s    
step 00426 (20.5%) | loss: 3.329744 | lrm: 1.00 | dt: 148ms | tok/sec: 1,771,659 | mfu: 20.5% | epoch: 1 | remaining: 238s    
step 00427 (20.5%) | loss: 3.325421 | lrm: 1.00 | dt: 148ms | tok/sec: 1,770,481 | mfu: 20.5% | epoch: 1 | remaining: 238s    
step 00428 (20.6%) | loss: 3.321573 | lrm: 1.00 | dt: 148ms | tok/sec: 1,771,851 | mfu: 20.5% | epoch: 1 | remaining: 238s    
step 00429 (20.6%) | loss: 3.319430 | lrm: 1.00 | dt: 148ms | tok/sec: 1,772,271 | mfu: 20.5% | epoch: 1 | remaining: 238s    
step 00430 (20.7%) | loss: 3.322141 | lrm: 1.00 | dt: 148ms | tok/sec: 1,771,537 | mfu: 20.5% | epoch: 1 | remaining: 238s    
step 00431 (20.7%) | loss: 3.320233 | lrm: 1.00 | dt: 148ms | tok/sec: 1,770,373 | mfu: 20.5% | epoch: 1 | remaining: 238s    
step 00432 (20.8%) | loss: 3.316457 | lrm: 1.00 | dt: 148ms | tok/sec: 1,770,986 | mfu: 20.5% | epoch: 1 | remaining: 238s    
step 00433 (20.8%) | loss: 3.319108 | lrm: 1.00 | dt: 148ms | tok/sec: 1,772,062 | mfu: 20.5% | epoch: 1 | remaining: 237s    
step 00434 (20.9%) | loss: 3.323575 | lrm: 1.00 | dt: 148ms | tok/sec: 1,772,802 | mfu: 20.5% | epoch: 1 | remaining: 237s    
step 00435 (20.9%) | loss: 3.326019 | lrm: 1.00 | dt: 148ms | tok/sec: 1,772,008 | mfu: 20.5% | epoch: 1 | remaining: 237s    
step 00436 (21.0%) | loss: 3.325017 | lrm: 1.00 | dt: 148ms | tok/sec: 1,772,279 | mfu: 20.5% | epoch: 1 | remaining: 237s    
step 00437 (21.0%) | loss: 3.324880 | lrm: 1.00 | dt: 148ms | tok/sec: 1,771,694 | mfu: 20.5% | epoch: 1 | remaining: 237s    
step 00438 (21.1%) | loss: 3.325035 | lrm: 1.00 | dt: 149ms | tok/sec: 1,761,247 | mfu: 20.4% | epoch: 1 | remaining: 237s    
step 00439 (21.1%) | loss: 3.325501 | lrm: 1.00 | dt: 148ms | tok/sec: 1,770,456 | mfu: 20.5% | epoch: 1 | remaining: 237s    
step 00440 (21.1%) | loss: 3.325846 | lrm: 1.00 | dt: 148ms | tok/sec: 1,771,177 | mfu: 20.5% | epoch: 1 | remaining: 236s    
step 00441 (21.2%) | loss: 3.329228 | lrm: 1.00 | dt: 148ms | tok/sec: 1,770,943 | mfu: 20.5% | epoch: 1 | remaining: 236s    
step 00442 (21.2%) | loss: 3.330155 | lrm: 1.00 | dt: 148ms | tok/sec: 1,771,582 | mfu: 20.5% | epoch: 1 | remaining: 236s    
step 00443 (21.3%) | loss: 3.333206 | lrm: 1.00 | dt: 148ms | tok/sec: 1,772,559 | mfu: 20.5% | epoch: 1 | remaining: 236s    
step 00444 (21.3%) | loss: 3.322910 | lrm: 1.00 | dt: 148ms | tok/sec: 1,772,031 | mfu: 20.5% | epoch: 1 | remaining: 236s    
step 00445 (21.4%) | loss: 3.320511 | lrm: 1.00 | dt: 148ms | tok/sec: 1,772,102 | mfu: 20.5% | epoch: 1 | remaining: 236s    
step 00446 (21.4%) | loss: 3.318379 | lrm: 1.00 | dt: 148ms | tok/sec: 1,771,768 | mfu: 20.5% | epoch: 1 | remaining: 236s    
step 00447 (21.5%) | loss: 3.321335 | lrm: 1.00 | dt: 148ms | tok/sec: 1,770,952 | mfu: 20.5% | epoch: 1 | remaining: 235s    
step 00448 (21.5%) | loss: 3.320608 | lrm: 1.00 | dt: 148ms | tok/sec: 1,771,668 | mfu: 20.5% | epoch: 1 | remaining: 235s    
step 00449 (21.6%) | loss: 3.321023 | lrm: 1.00 | dt: 148ms | tok/sec: 1,771,888 | mfu: 20.5% | epoch: 1 | remaining: 235s    
step 00450 (21.6%) | loss: 3.321977 | lrm: 1.00 | dt: 148ms | tok/sec: 1,772,199 | mfu: 20.5% | epoch: 1 | remaining: 235s    
step 00451 (21.7%) | loss: 3.323329 | lrm: 1.00 | dt: 148ms | tok/sec: 1,771,674 | mfu: 20.5% | epoch: 1 | remaining: 235s    
step 00452 (21.7%) | loss: 3.326675 | lrm: 1.00 | dt: 148ms | tok/sec: 1,771,811 | mfu: 20.5% | epoch: 1 | remaining: 235s    
step 00453 (21.8%) | loss: 3.329626 | lrm: 1.00 | dt: 148ms | tok/sec: 1,771,631 | mfu: 20.5% | epoch: 1 | remaining: 234s    
step 00454 (21.8%) | loss: 3.326523 | lrm: 1.00 | dt: 148ms | tok/sec: 1,772,848 | mfu: 20.5% | epoch: 1 | remaining: 234s    
step 00455 (21.9%) | loss: 3.326188 | lrm: 1.00 | dt: 148ms | tok/sec: 1,771,982 | mfu: 20.5% | epoch: 1 | remaining: 234s    
step 00456 (21.9%) | loss: 3.328655 | lrm: 1.00 | dt: 148ms | tok/sec: 1,772,413 | mfu: 20.5% | epoch: 1 | remaining: 234s    
step 00457 (22.0%) | loss: 3.327343 | lrm: 1.00 | dt: 148ms | tok/sec: 1,771,343 | mfu: 20.5% | epoch: 1 | remaining: 234s    
step 00458 (22.0%) | loss: 3.327156 | lrm: 1.00 | dt: 148ms | tok/sec: 1,771,408 | mfu: 20.5% | epoch: 1 | remaining: 234s    
step 00459 (22.1%) | loss: 3.325667 | lrm: 1.00 | dt: 148ms | tok/sec: 1,772,711 | mfu: 20.5% | epoch: 1 | remaining: 234s    
step 00460 (22.1%) | loss: 3.326060 | lrm: 1.00 | dt: 148ms | tok/sec: 1,772,208 | mfu: 20.5% | epoch: 1 | remaining: 233s    
step 00461 (22.2%) | loss: 3.328781 | lrm: 1.00 | dt: 148ms | tok/sec: 1,771,151 | mfu: 20.5% | epoch: 1 | remaining: 233s    
step 00462 (22.2%) | loss: 3.331012 | lrm: 1.00 | dt: 148ms | tok/sec: 1,771,294 | mfu: 20.5% | epoch: 1 | remaining: 233s    
step 00463 (22.3%) | loss: 3.331679 | lrm: 1.00 | dt: 148ms | tok/sec: 1,770,926 | mfu: 20.5% | epoch: 1 | remaining: 233s    
step 00464 (22.3%) | loss: 3.326192 | lrm: 1.00 | dt: 148ms | tok/sec: 1,770,863 | mfu: 20.5% | epoch: 1 | remaining: 233s    
step 00465 (22.4%) | loss: 3.323960 | lrm: 1.00 | dt: 148ms | tok/sec: 1,771,625 | mfu: 20.5% | epoch: 1 | remaining: 233s    
step 00466 (22.4%) | loss: 3.322532 | lrm: 1.00 | dt: 148ms | tok/sec: 1,768,496 | mfu: 20.5% | epoch: 1 | remaining: 233s    
step 00467 (22.5%) | loss: 3.319956 | lrm: 1.00 | dt: 148ms | tok/sec: 1,771,953 | mfu: 20.5% | epoch: 1 | remaining: 232s    
step 00468 (22.5%) | loss: 3.325346 | lrm: 1.00 | dt: 148ms | tok/sec: 1,771,617 | mfu: 20.5% | epoch: 1 | remaining: 232s    
step 00469 (22.6%) | loss: 3.323898 | lrm: 1.00 | dt: 148ms | tok/sec: 1,772,279 | mfu: 20.5% | epoch: 1 | remaining: 232s    
step 00470 (22.6%) | loss: 3.323049 | lrm: 1.00 | dt: 148ms | tok/sec: 1,772,245 | mfu: 20.5% | epoch: 1 | remaining: 232s    
step 00471 (22.7%) | loss: 3.320857 | lrm: 1.00 | dt: 148ms | tok/sec: 1,772,676 | mfu: 20.5% | epoch: 1 | remaining: 232s    
step 00472 (22.7%) | loss: 3.318682 | lrm: 1.00 | dt: 148ms | tok/sec: 1,771,157 | mfu: 20.5% | epoch: 1 | remaining: 232s    
step 00473 (22.8%) | loss: 3.316372 | lrm: 1.00 | dt: 148ms | tok/sec: 1,770,364 | mfu: 20.5% | epoch: 1 | remaining: 232s    
step 00474 (22.8%) | loss: 3.321345 | lrm: 1.00 | dt: 148ms | tok/sec: 1,771,391 | mfu: 20.5% | epoch: 1 | remaining: 231s    
step 00475 (22.9%) | loss: 3.315648 | lrm: 1.00 | dt: 148ms | tok/sec: 1,771,143 | mfu: 20.5% | epoch: 1 | remaining: 231s    
step 00476 (22.9%) | loss: 3.316916 | lrm: 1.00 | dt: 148ms | tok/sec: 1,769,470 | mfu: 20.5% | epoch: 1 | remaining: 231s    
step 00477 (23.0%) | loss: 3.318645 | lrm: 1.00 | dt: 148ms | tok/sec: 1,770,230 | mfu: 20.5% | epoch: 1 | remaining: 231s    
step 00478 (23.0%) | loss: 3.321957 | lrm: 1.00 | dt: 148ms | tok/sec: 1,771,736 | mfu: 20.5% | epoch: 1 | remaining: 231s    
step 00479 (23.1%) | loss: 3.318999 | lrm: 1.00 | dt: 148ms | tok/sec: 1,765,461 | mfu: 20.4% | epoch: 1 | remaining: 231s    
step 00480 (23.1%) | loss: 3.314560 | lrm: 1.00 | dt: 148ms | tok/sec: 1,767,763 | mfu: 20.4% | epoch: 1 | remaining: 230s    
step 00481 (23.2%) | loss: 3.310239 | lrm: 1.00 | dt: 148ms | tok/sec: 1,771,120 | mfu: 20.5% | epoch: 1 | remaining: 230s    
step 00482 (23.2%) | loss: 3.303696 | lrm: 1.00 | dt: 148ms | tok/sec: 1,771,383 | mfu: 20.5% | epoch: 1 | remaining: 230s    
step 00483 (23.3%) | loss: 3.304521 | lrm: 1.00 | dt: 148ms | tok/sec: 1,767,439 | mfu: 20.4% | epoch: 1 | remaining: 230s    
step 00484 (23.3%) | loss: 3.302646 | lrm: 1.00 | dt: 148ms | tok/sec: 1,771,308 | mfu: 20.5% | epoch: 1 | remaining: 230s    
step 00485 (23.4%) | loss: 3.305120 | lrm: 1.00 | dt: 148ms | tok/sec: 1,771,263 | mfu: 20.5% | epoch: 1 | remaining: 230s    
step 00486 (23.4%) | loss: 3.307886 | lrm: 1.00 | dt: 148ms | tok/sec: 1,772,128 | mfu: 20.5% | epoch: 1 | remaining: 230s    
step 00487 (23.5%) | loss: 3.307488 | lrm: 1.00 | dt: 148ms | tok/sec: 1,770,686 | mfu: 20.5% | epoch: 1 | remaining: 229s    
step 00488 (23.5%) | loss: 3.310942 | lrm: 1.00 | dt: 148ms | tok/sec: 1,772,182 | mfu: 20.5% | epoch: 1 | remaining: 229s    
step 00489 (23.6%) | loss: 3.311012 | lrm: 1.00 | dt: 148ms | tok/sec: 1,772,079 | mfu: 20.5% | epoch: 1 | remaining: 229s    
step 00490 (23.6%) | loss: 3.312999 | lrm: 1.00 | dt: 148ms | tok/sec: 1,772,411 | mfu: 20.5% | epoch: 1 | remaining: 229s    
step 00491 (23.7%) | loss: 3.306276 | lrm: 1.00 | dt: 148ms | tok/sec: 1,771,391 | mfu: 20.5% | epoch: 1 | remaining: 229s    
step 00492 (23.7%) | loss: 3.303321 | lrm: 1.00 | dt: 148ms | tok/sec: 1,771,094 | mfu: 20.5% | epoch: 1 | remaining: 229s    
step 00493 (23.8%) | loss: 3.299886 | lrm: 1.00 | dt: 148ms | tok/sec: 1,771,254 | mfu: 20.5% | epoch: 1 | remaining: 229s    
step 00494 (23.8%) | loss: 3.303277 | lrm: 1.00 | dt: 148ms | tok/sec: 1,772,171 | mfu: 20.5% | epoch: 1 | remaining: 228s    
step 00495 (23.9%) | loss: 3.294957 | lrm: 1.00 | dt: 154ms | tok/sec: 1,701,938 | mfu: 19.7% | epoch: 1 | remaining: 228s    
step 00496 (23.9%) | loss: 3.293526 | lrm: 1.00 | dt: 148ms | tok/sec: 1,770,487 | mfu: 20.5% | epoch: 1 | remaining: 228s    
step 00497 (24.0%) | loss: 3.295289 | lrm: 1.00 | dt: 148ms | tok/sec: 1,772,153 | mfu: 20.5% | epoch: 1 | remaining: 228s    
step 00498 (24.0%) | loss: 3.298345 | lrm: 1.00 | dt: 148ms | tok/sec: 1,771,528 | mfu: 20.5% | epoch: 1 | remaining: 228s    
step 00499 (24.1%) | loss: 3.299608 | lrm: 1.00 | dt: 148ms | tok/sec: 1,769,749 | mfu: 20.5% | epoch: 1 | remaining: 228s    
step 00500 (24.1%) | loss: 3.294116 | lrm: 1.00 | dt: 148ms | tok/sec: 1,771,751 | mfu: 20.5% | epoch: 1 | remaining: 228s    
step 00501 (24.2%) | loss: 3.295130 | lrm: 1.00 | dt: 148ms | tok/sec: 1,769,729 | mfu: 20.5% | epoch: 1 | remaining: 227s    
step 00502 (24.2%) | loss: 3.293599 | lrm: 1.00 | dt: 148ms | tok/sec: 1,772,831 | mfu: 20.5% | epoch: 1 | remaining: 227s    
step 00503 (24.3%) | loss: 3.297346 | lrm: 1.00 | dt: 148ms | tok/sec: 1,771,834 | mfu: 20.5% | epoch: 1 | remaining: 227s    
step 00504 (24.3%) | loss: 3.296842 | lrm: 1.00 | dt: 148ms | tok/sec: 1,771,722 | mfu: 20.5% | epoch: 1 | remaining: 227s    
step 00505 (24.4%) | loss: 3.299096 | lrm: 1.00 | dt: 148ms | tok/sec: 1,772,585 | mfu: 20.5% | epoch: 1 | remaining: 227s    
step 00506 (24.4%) | loss: 3.298599 | lrm: 1.00 | dt: 148ms | tok/sec: 1,772,911 | mfu: 20.5% | epoch: 1 | remaining: 227s    
step 00507 (24.5%) | loss: 3.302340 | lrm: 1.00 | dt: 148ms | tok/sec: 1,767,541 | mfu: 20.4% | epoch: 1 | remaining: 226s    
step 00508 (24.5%) | loss: 3.293255 | lrm: 1.00 | dt: 148ms | tok/sec: 1,771,688 | mfu: 20.5% | epoch: 1 | remaining: 226s    
step 00509 (24.6%) | loss: 3.297713 | lrm: 1.00 | dt: 148ms | tok/sec: 1,771,594 | mfu: 20.5% | epoch: 1 | remaining: 226s    
step 00510 (24.6%) | loss: 3.293851 | lrm: 1.00 | dt: 148ms | tok/sec: 1,771,796 | mfu: 20.5% | epoch: 1 | remaining: 226s    
step 00511 (24.7%) | loss: 3.295006 | lrm: 1.00 | dt: 148ms | tok/sec: 1,772,176 | mfu: 20.5% | epoch: 1 | remaining: 226s    
step 00512 (24.7%) | loss: 3.293948 | lrm: 1.00 | dt: 148ms | tok/sec: 1,771,839 | mfu: 20.5% | epoch: 1 | remaining: 226s    
step 00513 (24.8%) | loss: 3.291092 | lrm: 1.00 | dt: 148ms | tok/sec: 1,771,508 | mfu: 20.5% | epoch: 1 | remaining: 226s    
step 00514 (24.8%) | loss: 3.288113 | lrm: 1.00 | dt: 148ms | tok/sec: 1,772,159 | mfu: 20.5% | epoch: 1 | remaining: 225s    
step 00515 (24.9%) | loss: 3.291350 | lrm: 1.00 | dt: 148ms | tok/sec: 1,772,405 | mfu: 20.5% | epoch: 1 | remaining: 225s    
step 00516 (24.9%) | loss: 3.291224 | lrm: 1.00 | dt: 148ms | tok/sec: 1,772,351 | mfu: 20.5% | epoch: 1 | remaining: 225s    
step 00517 (25.0%) | loss: 3.286590 | lrm: 1.00 | dt: 148ms | tok/sec: 1,772,411 | mfu: 20.5% | epoch: 1 | remaining: 225s    
step 00518 (25.0%) | loss: 3.289797 | lrm: 1.00 | dt: 148ms | tok/sec: 1,772,351 | mfu: 20.5% | epoch: 1 | remaining: 225s    
step 00519 (25.0%) | loss: 3.291348 | lrm: 1.00 | dt: 148ms | tok/sec: 1,772,982 | mfu: 20.5% | epoch: 1 | remaining: 225s    
step 00520 (25.1%) | loss: 3.292338 | lrm: 1.00 | dt: 148ms | tok/sec: 1,771,914 | mfu: 20.5% | epoch: 1 | remaining: 225s    
step 00521 (25.1%) | loss: 3.292133 | lrm: 1.00 | dt: 148ms | tok/sec: 1,772,942 | mfu: 20.5% | epoch: 1 | remaining: 224s    
step 00522 (25.2%) | loss: 3.291635 | lrm: 1.00 | dt: 148ms | tok/sec: 1,772,459 | mfu: 20.5% | epoch: 1 | remaining: 224s    
step 00523 (25.2%) | loss: 3.289932 | lrm: 1.00 | dt: 148ms | tok/sec: 1,772,873 | mfu: 20.5% | epoch: 1 | remaining: 224s    
step 00524 (25.3%) | loss: 3.292256 | lrm: 1.00 | dt: 148ms | tok/sec: 1,772,411 | mfu: 20.5% | epoch: 1 | remaining: 224s    
step 00525 (25.3%) | loss: 3.293113 | lrm: 1.00 | dt: 148ms | tok/sec: 1,772,379 | mfu: 20.5% | epoch: 1 | remaining: 224s    
step 00526 (25.4%) | loss: 3.289490 | lrm: 1.00 | dt: 148ms | tok/sec: 1,771,785 | mfu: 20.5% | epoch: 1 | remaining: 224s    
step 00527 (25.4%) | loss: 3.289615 | lrm: 1.00 | dt: 148ms | tok/sec: 1,771,568 | mfu: 20.5% | epoch: 1 | remaining: 224s    
step 00528 (25.5%) | loss: 3.286877 | lrm: 1.00 | dt: 148ms | tok/sec: 1,772,368 | mfu: 20.5% | epoch: 1 | remaining: 223s    
step 00529 (25.5%) | loss: 3.288488 | lrm: 1.00 | dt: 148ms | tok/sec: 1,772,139 | mfu: 20.5% | epoch: 1 | remaining: 223s    
step 00530 (25.6%) | loss: 3.286647 | lrm: 1.00 | dt: 148ms | tok/sec: 1,772,171 | mfu: 20.5% | epoch: 1 | remaining: 223s    
step 00531 (25.6%) | loss: 3.286460 | lrm: 1.00 | dt: 148ms | tok/sec: 1,771,554 | mfu: 20.5% | epoch: 1 | remaining: 223s    
step 00532 (25.7%) | loss: 3.286524 | lrm: 1.00 | dt: 148ms | tok/sec: 1,773,025 | mfu: 20.5% | epoch: 1 | remaining: 223s    
step 00533 (25.7%) | loss: 3.283179 | lrm: 1.00 | dt: 148ms | tok/sec: 1,772,088 | mfu: 20.5% | epoch: 1 | remaining: 223s    
step 00534 (25.8%) | loss: 3.281431 | lrm: 1.00 | dt: 148ms | tok/sec: 1,773,348 | mfu: 20.5% | epoch: 1 | remaining: 222s    
step 00535 (25.8%) | loss: 3.279971 | lrm: 1.00 | dt: 148ms | tok/sec: 1,771,434 | mfu: 20.5% | epoch: 1 | remaining: 222s    
step 00536 (25.9%) | loss: 3.276200 | lrm: 1.00 | dt: 148ms | tok/sec: 1,772,282 | mfu: 20.5% | epoch: 1 | remaining: 222s    
step 00537 (25.9%) | loss: 3.277494 | lrm: 1.00 | dt: 148ms | tok/sec: 1,771,480 | mfu: 20.5% | epoch: 1 | remaining: 222s    
step 00538 (26.0%) | loss: 3.280243 | lrm: 1.00 | dt: 148ms | tok/sec: 1,773,414 | mfu: 20.5% | epoch: 1 | remaining: 222s    
step 00539 (26.0%) | loss: 3.277768 | lrm: 1.00 | dt: 148ms | tok/sec: 1,773,185 | mfu: 20.5% | epoch: 1 | remaining: 222s    
step 00540 (26.1%) | loss: 3.279000 | lrm: 1.00 | dt: 148ms | tok/sec: 1,772,533 | mfu: 20.5% | epoch: 1 | remaining: 222s    
step 00541 (26.1%) | loss: 3.280650 | lrm: 1.00 | dt: 148ms | tok/sec: 1,772,105 | mfu: 20.5% | epoch: 1 | remaining: 221s    
step 00542 (26.2%) | loss: 3.277791 | lrm: 1.00 | dt: 148ms | tok/sec: 1,772,522 | mfu: 20.5% | epoch: 1 | remaining: 221s    
step 00543 (26.2%) | loss: 3.279576 | lrm: 1.00 | dt: 148ms | tok/sec: 1,772,602 | mfu: 20.5% | epoch: 1 | remaining: 221s    
step 00544 (26.3%) | loss: 3.281845 | lrm: 1.00 | dt: 148ms | tok/sec: 1,772,713 | mfu: 20.5% | epoch: 1 | remaining: 221s    
step 00545 (26.3%) | loss: 3.284301 | lrm: 1.00 | dt: 148ms | tok/sec: 1,772,439 | mfu: 20.5% | epoch: 1 | remaining: 221s    
step 00546 (26.4%) | loss: 3.284126 | lrm: 1.00 | dt: 148ms | tok/sec: 1,772,031 | mfu: 20.5% | epoch: 1 | remaining: 221s    
step 00547 (26.4%) | loss: 3.281239 | lrm: 1.00 | dt: 148ms | tok/sec: 1,771,354 | mfu: 20.5% | epoch: 1 | remaining: 221s    
step 00548 (26.5%) | loss: 3.280707 | lrm: 1.00 | dt: 148ms | tok/sec: 1,772,399 | mfu: 20.5% | epoch: 1 | remaining: 220s    
step 00549 (26.5%) | loss: 3.279717 | lrm: 1.00 | dt: 148ms | tok/sec: 1,771,414 | mfu: 20.5% | epoch: 1 | remaining: 220s    
step 00550 (26.6%) | loss: 3.280881 | lrm: 1.00 | dt: 148ms | tok/sec: 1,772,988 | mfu: 20.5% | epoch: 1 | remaining: 220s    
step 00551 (26.6%) | loss: 3.277478 | lrm: 1.00 | dt: 148ms | tok/sec: 1,772,205 | mfu: 20.5% | epoch: 1 | remaining: 220s    
step 00552 (26.7%) | loss: 3.276998 | lrm: 1.00 | dt: 148ms | tok/sec: 1,772,742 | mfu: 20.5% | epoch: 1 | remaining: 220s    
step 00553 (26.7%) | loss: 3.282551 | lrm: 1.00 | dt: 148ms | tok/sec: 1,772,373 | mfu: 20.5% | epoch: 1 | remaining: 220s    
step 00554 (26.8%) | loss: 3.280529 | lrm: 1.00 | dt: 148ms | tok/sec: 1,772,879 | mfu: 20.5% | epoch: 1 | remaining: 220s    
step 00555 (26.8%) | loss: 3.279327 | lrm: 1.00 | dt: 148ms | tok/sec: 1,772,205 | mfu: 20.5% | epoch: 1 | remaining: 219s    
step 00556 (26.9%) | loss: 3.282039 | lrm: 1.00 | dt: 148ms | tok/sec: 1,772,553 | mfu: 20.5% | epoch: 1 | remaining: 219s    
step 00557 (26.9%) | loss: 3.279836 | lrm: 1.00 | dt: 148ms | tok/sec: 1,772,693 | mfu: 20.5% | epoch: 1 | remaining: 219s    
step 00558 (27.0%) | loss: 3.280271 | lrm: 1.00 | dt: 148ms | tok/sec: 1,772,253 | mfu: 20.5% | epoch: 1 | remaining: 219s    
step 00559 (27.0%) | loss: 3.282242 | lrm: 1.00 | dt: 148ms | tok/sec: 1,771,951 | mfu: 20.5% | epoch: 1 | remaining: 219s    
step 00560 (27.1%) | loss: 3.280866 | lrm: 1.00 | dt: 148ms | tok/sec: 1,771,922 | mfu: 20.5% | epoch: 1 | remaining: 219s    
step 00561 (27.1%) | loss: 3.280664 | lrm: 1.00 | dt: 148ms | tok/sec: 1,772,348 | mfu: 20.5% | epoch: 1 | remaining: 218s    
step 00562 (27.2%) | loss: 3.282379 | lrm: 1.00 | dt: 148ms | tok/sec: 1,773,008 | mfu: 20.5% | epoch: 1 | remaining: 218s    
step 00563 (27.2%) | loss: 3.283958 | lrm: 1.00 | dt: 148ms | tok/sec: 1,771,674 | mfu: 20.5% | epoch: 1 | remaining: 218s    
step 00564 (27.3%) | loss: 3.287273 | lrm: 1.00 | dt: 148ms | tok/sec: 1,771,799 | mfu: 20.5% | epoch: 1 | remaining: 218s    
step 00565 (27.3%) | loss: 3.285937 | lrm: 1.00 | dt: 148ms | tok/sec: 1,772,216 | mfu: 20.5% | epoch: 1 | remaining: 218s    
step 00566 (27.4%) | loss: 3.283998 | lrm: 1.00 | dt: 148ms | tok/sec: 1,771,468 | mfu: 20.5% | epoch: 1 | remaining: 218s    
step 00567 (27.4%) | loss: 3.284918 | lrm: 1.00 | dt: 148ms | tok/sec: 1,772,225 | mfu: 20.5% | epoch: 1 | remaining: 218s    
step 00568 (27.5%) | loss: 3.285381 | lrm: 1.00 | dt: 148ms | tok/sec: 1,771,040 | mfu: 20.5% | epoch: 1 | remaining: 217s    
step 00569 (27.5%) | loss: 3.282624 | lrm: 1.00 | dt: 148ms | tok/sec: 1,771,822 | mfu: 20.5% | epoch: 1 | remaining: 217s    
step 00570 (27.6%) | loss: 3.281747 | lrm: 1.00 | dt: 148ms | tok/sec: 1,771,748 | mfu: 20.5% | epoch: 1 | remaining: 217s    
step 00571 (27.6%) | loss: 3.280296 | lrm: 1.00 | dt: 148ms | tok/sec: 1,772,516 | mfu: 20.5% | epoch: 1 | remaining: 217s    
step 00572 (27.7%) | loss: 3.282349 | lrm: 1.00 | dt: 148ms | tok/sec: 1,773,222 | mfu: 20.5% | epoch: 1 | remaining: 217s    
step 00573 (27.7%) | loss: 3.282518 | lrm: 1.00 | dt: 148ms | tok/sec: 1,772,151 | mfu: 20.5% | epoch: 1 | remaining: 217s    
step 00574 (27.8%) | loss: 3.279162 | lrm: 1.00 | dt: 148ms | tok/sec: 1,772,253 | mfu: 20.5% | epoch: 1 | remaining: 217s    
step 00575 (27.8%) | loss: 3.278447 | lrm: 1.00 | dt: 148ms | tok/sec: 1,772,085 | mfu: 20.5% | epoch: 1 | remaining: 216s    
step 00576 (27.9%) | loss: 3.277701 | lrm: 1.00 | dt: 148ms | tok/sec: 1,772,173 | mfu: 20.5% | epoch: 1 | remaining: 216s    
step 00577 (27.9%) | loss: 3.282227 | lrm: 1.00 | dt: 148ms | tok/sec: 1,772,451 | mfu: 20.5% | epoch: 1 | remaining: 216s    
step 00578 (28.0%) | loss: 3.285524 | lrm: 1.00 | dt: 148ms | tok/sec: 1,772,228 | mfu: 20.5% | epoch: 1 | remaining: 216s    
step 00579 (28.0%) | loss: 3.282931 | lrm: 1.00 | dt: 148ms | tok/sec: 1,772,713 | mfu: 20.5% | epoch: 1 | remaining: 216s    
step 00580 (28.1%) | loss: 3.280819 | lrm: 1.00 | dt: 148ms | tok/sec: 1,772,811 | mfu: 20.5% | epoch: 1 | remaining: 216s    
step 00581 (28.1%) | loss: 3.278541 | lrm: 1.00 | dt: 148ms | tok/sec: 1,772,151 | mfu: 20.5% | epoch: 1 | remaining: 216s    
step 00582 (28.2%) | loss: 3.282066 | lrm: 1.00 | dt: 148ms | tok/sec: 1,772,445 | mfu: 20.5% | epoch: 1 | remaining: 215s    
step 00583 (28.2%) | loss: 3.280259 | lrm: 1.00 | dt: 148ms | tok/sec: 1,771,785 | mfu: 20.5% | epoch: 1 | remaining: 215s    
step 00584 (28.3%) | loss: 3.272486 | lrm: 1.00 | dt: 148ms | tok/sec: 1,772,579 | mfu: 20.5% | epoch: 1 | remaining: 215s    
step 00585 (28.3%) | loss: 3.271284 | lrm: 1.00 | dt: 148ms | tok/sec: 1,772,536 | mfu: 20.5% | epoch: 1 | remaining: 215s    
step 00586 (28.4%) | loss: 3.265873 | lrm: 1.00 | dt: 148ms | tok/sec: 1,772,451 | mfu: 20.5% | epoch: 1 | remaining: 215s    
step 00587 (28.4%) | loss: 3.265182 | lrm: 1.00 | dt: 148ms | tok/sec: 1,770,849 | mfu: 20.5% | epoch: 1 | remaining: 215s    
step 00588 (28.5%) | loss: 3.266745 | lrm: 1.00 | dt: 148ms | tok/sec: 1,772,393 | mfu: 20.5% | epoch: 1 | remaining: 214s    
step 00589 (28.5%) | loss: 3.266316 | lrm: 1.00 | dt: 148ms | tok/sec: 1,770,661 | mfu: 20.5% | epoch: 1 | remaining: 214s    
step 00590 (28.5%) | loss: 3.266862 | lrm: 1.00 | dt: 148ms | tok/sec: 1,771,719 | mfu: 20.5% | epoch: 1 | remaining: 214s    
step 00591 (28.6%) | loss: 3.272122 | lrm: 1.00 | dt: 148ms | tok/sec: 1,771,291 | mfu: 20.5% | epoch: 1 | remaining: 214s    
step 00592 (28.6%) | loss: 3.272964 | lrm: 1.00 | dt: 148ms | tok/sec: 1,772,788 | mfu: 20.5% | epoch: 1 | remaining: 214s    
step 00593 (28.7%) | loss: 3.275289 | lrm: 1.00 | dt: 148ms | tok/sec: 1,772,379 | mfu: 20.5% | epoch: 1 | remaining: 214s    
step 00594 (28.7%) | loss: 3.269847 | lrm: 1.00 | dt: 148ms | tok/sec: 1,772,256 | mfu: 20.5% | epoch: 1 | remaining: 214s    
step 00595 (28.8%) | loss: 3.275074 | lrm: 1.00 | dt: 148ms | tok/sec: 1,772,002 | mfu: 20.5% | epoch: 1 | remaining: 213s    
step 00596 (28.8%) | loss: 3.275422 | lrm: 1.00 | dt: 148ms | tok/sec: 1,773,251 | mfu: 20.5% | epoch: 1 | remaining: 213s    
step 00597 (28.9%) | loss: 3.271650 | lrm: 1.00 | dt: 148ms | tok/sec: 1,771,908 | mfu: 20.5% | epoch: 1 | remaining: 213s    
step 00598 (28.9%) | loss: 3.269536 | lrm: 1.00 | dt: 148ms | tok/sec: 1,771,117 | mfu: 20.5% | epoch: 1 | remaining: 213s    
step 00599 (29.0%) | loss: 3.262112 | lrm: 1.00 | dt: 148ms | tok/sec: 1,772,596 | mfu: 20.5% | epoch: 1 | remaining: 213s    
step 00600 (29.0%) | loss: 3.263230 | lrm: 1.00 | dt: 148ms | tok/sec: 1,770,889 | mfu: 20.5% | epoch: 1 | remaining: 213s    
step 00601 (29.1%) | loss: 3.263425 | lrm: 1.00 | dt: 148ms | tok/sec: 1,772,633 | mfu: 20.5% | epoch: 1 | remaining: 213s    
step 00602 (29.1%) | loss: 3.262173 | lrm: 1.00 | dt: 148ms | tok/sec: 1,771,991 | mfu: 20.5% | epoch: 1 | remaining: 212s    
step 00603 (29.2%) | loss: 3.264737 | lrm: 1.00 | dt: 148ms | tok/sec: 1,772,756 | mfu: 20.5% | epoch: 1 | remaining: 212s    
step 00604 (29.2%) | loss: 3.262529 | lrm: 1.00 | dt: 148ms | tok/sec: 1,772,739 | mfu: 20.5% | epoch: 1 | remaining: 212s    
step 00605 (29.3%) | loss: 3.262673 | lrm: 1.00 | dt: 148ms | tok/sec: 1,772,291 | mfu: 20.5% | epoch: 1 | remaining: 212s    
step 00606 (29.3%) | loss: 3.264543 | lrm: 1.00 | dt: 148ms | tok/sec: 1,771,522 | mfu: 20.5% | epoch: 1 | remaining: 212s    
step 00607 (29.4%) | loss: 3.265791 | lrm: 1.00 | dt: 148ms | tok/sec: 1,771,842 | mfu: 20.5% | epoch: 1 | remaining: 212s    
step 00608 (29.4%) | loss: 3.265393 | lrm: 1.00 | dt: 148ms | tok/sec: 1,771,525 | mfu: 20.5% | epoch: 1 | remaining: 212s    
step 00609 (29.5%) | loss: 3.263679 | lrm: 1.00 | dt: 148ms | tok/sec: 1,772,931 | mfu: 20.5% | epoch: 1 | remaining: 211s    
step 00610 (29.5%) | loss: 3.264459 | lrm: 1.00 | dt: 148ms | tok/sec: 1,772,268 | mfu: 20.5% | epoch: 1 | remaining: 211s    
step 00611 (29.6%) | loss: 3.263857 | lrm: 1.00 | dt: 148ms | tok/sec: 1,772,459 | mfu: 20.5% | epoch: 1 | remaining: 211s    
step 00612 (29.6%) | loss: 3.261868 | lrm: 1.00 | dt: 148ms | tok/sec: 1,772,419 | mfu: 20.5% | epoch: 1 | remaining: 211s    
step 00613 (29.7%) | loss: 3.258708 | lrm: 1.00 | dt: 148ms | tok/sec: 1,772,213 | mfu: 20.5% | epoch: 1 | remaining: 211s    
step 00614 (29.7%) | loss: 3.255384 | lrm: 1.00 | dt: 148ms | tok/sec: 1,771,511 | mfu: 20.5% | epoch: 1 | remaining: 211s    
step 00615 (29.8%) | loss: 3.252157 | lrm: 1.00 | dt: 148ms | tok/sec: 1,771,882 | mfu: 20.5% | epoch: 1 | remaining: 211s    
step 00616 (29.8%) | loss: 3.250424 | lrm: 1.00 | dt: 148ms | tok/sec: 1,771,751 | mfu: 20.5% | epoch: 1 | remaining: 210s    
step 00617 (29.9%) | loss: 3.248771 | lrm: 1.00 | dt: 148ms | tok/sec: 1,772,516 | mfu: 20.5% | epoch: 1 | remaining: 210s    
step 00618 (29.9%) | loss: 3.244149 | lrm: 1.00 | dt: 148ms | tok/sec: 1,771,888 | mfu: 20.5% | epoch: 1 | remaining: 210s    
step 00619 (30.0%) | loss: 3.242375 | lrm: 1.00 | dt: 148ms | tok/sec: 1,771,545 | mfu: 20.5% | epoch: 1 | remaining: 210s    
step 00620 (30.0%) | loss: 3.239779 | lrm: 1.00 | dt: 148ms | tok/sec: 1,771,971 | mfu: 20.5% | epoch: 1 | remaining: 210s    
step 00621 (30.1%) | loss: 3.243108 | lrm: 1.00 | dt: 148ms | tok/sec: 1,772,908 | mfu: 20.5% | epoch: 1 | remaining: 210s    
step 00622 (30.1%) | loss: 3.240202 | lrm: 1.00 | dt: 148ms | tok/sec: 1,772,305 | mfu: 20.5% | epoch: 1 | remaining: 209s    
step 00623 (30.2%) | loss: 3.243225 | lrm: 1.00 | dt: 148ms | tok/sec: 1,772,076 | mfu: 20.5% | epoch: 1 | remaining: 209s    
step 00624 (30.2%) | loss: 3.244407 | lrm: 1.00 | dt: 148ms | tok/sec: 1,771,856 | mfu: 20.5% | epoch: 1 | remaining: 209s    
step 00625 (30.3%) | loss: 3.245332 | lrm: 1.00 | dt: 148ms | tok/sec: 1,772,319 | mfu: 20.5% | epoch: 1 | remaining: 209s    
step 00626 (30.3%) | loss: 3.247304 | lrm: 1.00 | dt: 148ms | tok/sec: 1,772,288 | mfu: 20.5% | epoch: 1 | remaining: 209s    
step 00627 (30.4%) | loss: 3.247018 | lrm: 1.00 | dt: 148ms | tok/sec: 1,772,702 | mfu: 20.5% | epoch: 1 | remaining: 209s    
step 00628 (30.4%) | loss: 3.240881 | lrm: 1.00 | dt: 148ms | tok/sec: 1,771,794 | mfu: 20.5% | epoch: 1 | remaining: 209s    
step 00629 (30.5%) | loss: 3.238418 | lrm: 1.00 | dt: 148ms | tok/sec: 1,771,525 | mfu: 20.5% | epoch: 1 | remaining: 208s    
step 00630 (30.5%) | loss: 3.238893 | lrm: 1.00 | dt: 148ms | tok/sec: 1,772,385 | mfu: 20.5% | epoch: 1 | remaining: 208s    
step 00631 (30.6%) | loss: 3.238498 | lrm: 1.00 | dt: 148ms | tok/sec: 1,773,048 | mfu: 20.5% | epoch: 1 | remaining: 208s    
step 00632 (30.6%) | loss: 3.245342 | lrm: 1.00 | dt: 148ms | tok/sec: 1,772,316 | mfu: 20.5% | epoch: 1 | remaining: 208s    
step 00633 (30.7%) | loss: 3.248276 | lrm: 1.00 | dt: 148ms | tok/sec: 1,772,976 | mfu: 20.5% | epoch: 1 | remaining: 208s    
step 00634 (30.7%) | loss: 3.247530 | lrm: 1.00 | dt: 148ms | tok/sec: 1,769,951 | mfu: 20.5% | epoch: 1 | remaining: 208s    
step 00635 (30.8%) | loss: 3.243340 | lrm: 1.00 | dt: 148ms | tok/sec: 1,772,011 | mfu: 20.5% | epoch: 1 | remaining: 208s    
step 00636 (30.8%) | loss: 3.245960 | lrm: 1.00 | dt: 148ms | tok/sec: 1,771,914 | mfu: 20.5% | epoch: 1 | remaining: 207s    
step 00637 (30.9%) | loss: 3.244328 | lrm: 1.00 | dt: 148ms | tok/sec: 1,772,182 | mfu: 20.5% | epoch: 1 | remaining: 207s    
step 00638 (30.9%) | loss: 3.246570 | lrm: 1.00 | dt: 148ms | tok/sec: 1,772,542 | mfu: 20.5% | epoch: 1 | remaining: 207s    
step 00639 (31.0%) | loss: 3.247355 | lrm: 1.00 | dt: 148ms | tok/sec: 1,772,428 | mfu: 20.5% | epoch: 1 | remaining: 207s    
step 00640 (31.0%) | loss: 3.244680 | lrm: 1.00 | dt: 148ms | tok/sec: 1,771,862 | mfu: 20.5% | epoch: 1 | remaining: 207s    
step 00641 (31.1%) | loss: 3.243963 | lrm: 1.00 | dt: 148ms | tok/sec: 1,771,828 | mfu: 20.5% | epoch: 1 | remaining: 207s    
step 00642 (31.1%) | loss: 3.245735 | lrm: 1.00 | dt: 148ms | tok/sec: 1,772,659 | mfu: 20.5% | epoch: 1 | remaining: 207s    
step 00643 (31.2%) | loss: 3.250643 | lrm: 1.00 | dt: 148ms | tok/sec: 1,772,925 | mfu: 20.5% | epoch: 1 | remaining: 206s    
step 00644 (31.2%) | loss: 3.248283 | lrm: 1.00 | dt: 148ms | tok/sec: 1,772,571 | mfu: 20.5% | epoch: 1 | remaining: 206s    
step 00645 (31.3%) | loss: 3.245836 | lrm: 1.00 | dt: 148ms | tok/sec: 1,772,791 | mfu: 20.5% | epoch: 1 | remaining: 206s    
step 00646 (31.3%) | loss: 3.247410 | lrm: 1.00 | dt: 148ms | tok/sec: 1,772,782 | mfu: 20.5% | epoch: 1 | remaining: 206s    
step 00647 (31.4%) | loss: 3.244354 | lrm: 1.00 | dt: 148ms | tok/sec: 1,772,539 | mfu: 20.5% | epoch: 1 | remaining: 206s    
step 00648 (31.4%) | loss: 3.242219 | lrm: 1.00 | dt: 148ms | tok/sec: 1,772,465 | mfu: 20.5% | epoch: 1 | remaining: 206s    
step 00649 (31.5%) | loss: 3.242925 | lrm: 1.00 | dt: 148ms | tok/sec: 1,772,105 | mfu: 20.5% | epoch: 1 | remaining: 205s    
step 00650 (31.5%) | loss: 3.239181 | lrm: 1.00 | dt: 148ms | tok/sec: 1,772,991 | mfu: 20.5% | epoch: 1 | remaining: 205s    
step 00651 (31.6%) | loss: 3.238255 | lrm: 1.00 | dt: 148ms | tok/sec: 1,772,608 | mfu: 20.5% | epoch: 1 | remaining: 205s    
step 00652 (31.6%) | loss: 3.233716 | lrm: 1.00 | dt: 148ms | tok/sec: 1,771,728 | mfu: 20.5% | epoch: 1 | remaining: 205s    
step 00653 (31.7%) | loss: 3.238152 | lrm: 1.00 | dt: 148ms | tok/sec: 1,771,851 | mfu: 20.5% | epoch: 1 | remaining: 205s    
step 00654 (31.7%) | loss: 3.240749 | lrm: 1.00 | dt: 148ms | tok/sec: 1,772,899 | mfu: 20.5% | epoch: 1 | remaining: 205s    
step 00655 (31.8%) | loss: 3.245720 | lrm: 1.00 | dt: 148ms | tok/sec: 1,771,694 | mfu: 20.5% | epoch: 1 | remaining: 205s    
step 00656 (31.8%) | loss: 3.241211 | lrm: 1.00 | dt: 148ms | tok/sec: 1,772,639 | mfu: 20.5% | epoch: 1 | remaining: 204s    
step 00657 (31.9%) | loss: 3.237999 | lrm: 1.00 | dt: 148ms | tok/sec: 1,771,571 | mfu: 20.5% | epoch: 1 | remaining: 204s    
step 00658 (31.9%) | loss: 3.238768 | lrm: 1.00 | dt: 148ms | tok/sec: 1,770,892 | mfu: 20.5% | epoch: 1 | remaining: 204s    
step 00659 (32.0%) | loss: 3.241565 | lrm: 1.00 | dt: 148ms | tok/sec: 1,772,388 | mfu: 20.5% | epoch: 1 | remaining: 204s    
step 00660 (32.0%) | loss: 3.244697 | lrm: 1.00 | dt: 148ms | tok/sec: 1,773,154 | mfu: 20.5% | epoch: 1 | remaining: 204s    
step 00661 (32.1%) | loss: 3.242963 | lrm: 1.00 | dt: 148ms | tok/sec: 1,772,768 | mfu: 20.5% | epoch: 1 | remaining: 204s    
step 00662 (32.1%) | loss: 3.243244 | lrm: 1.00 | dt: 148ms | tok/sec: 1,773,274 | mfu: 20.5% | epoch: 1 | remaining: 204s    
step 00663 (32.1%) | loss: 3.246115 | lrm: 1.00 | dt: 148ms | tok/sec: 1,771,414 | mfu: 20.5% | epoch: 1 | remaining: 203s    
step 00664 (32.2%) | loss: 3.249222 | lrm: 1.00 | dt: 148ms | tok/sec: 1,773,108 | mfu: 20.5% | epoch: 1 | remaining: 203s    
step 00665 (32.2%) | loss: 3.248026 | lrm: 1.00 | dt: 148ms | tok/sec: 1,771,865 | mfu: 20.5% | epoch: 1 | remaining: 203s    
step 00666 (32.3%) | loss: 3.250136 | lrm: 1.00 | dt: 148ms | tok/sec: 1,771,982 | mfu: 20.5% | epoch: 1 | remaining: 203s    
step 00667 (32.3%) | loss: 3.248271 | lrm: 1.00 | dt: 148ms | tok/sec: 1,771,394 | mfu: 20.5% | epoch: 1 | remaining: 203s    
step 00668 (32.4%) | loss: 3.247496 | lrm: 1.00 | dt: 148ms | tok/sec: 1,770,575 | mfu: 20.5% | epoch: 1 | remaining: 203s    
step 00669 (32.4%) | loss: 3.245671 | lrm: 1.00 | dt: 148ms | tok/sec: 1,771,859 | mfu: 20.5% | epoch: 1 | remaining: 203s    
step 00670 (32.5%) | loss: 3.246914 | lrm: 1.00 | dt: 148ms | tok/sec: 1,772,331 | mfu: 20.5% | epoch: 1 | remaining: 202s    
step 00671 (32.5%) | loss: 3.244619 | lrm: 1.00 | dt: 148ms | tok/sec: 1,772,316 | mfu: 20.5% | epoch: 1 | remaining: 202s    
step 00672 (32.6%) | loss: 3.235538 | lrm: 1.00 | dt: 148ms | tok/sec: 1,772,276 | mfu: 20.5% | epoch: 1 | remaining: 202s    
step 00673 (32.6%) | loss: 3.238731 | lrm: 1.00 | dt: 148ms | tok/sec: 1,772,365 | mfu: 20.5% | epoch: 1 | remaining: 202s    
step 00674 (32.7%) | loss: 3.239880 | lrm: 1.00 | dt: 148ms | tok/sec: 1,772,242 | mfu: 20.5% | epoch: 1 | remaining: 202s    
step 00675 (32.7%) | loss: 3.245176 | lrm: 1.00 | dt: 148ms | tok/sec: 1,772,528 | mfu: 20.5% | epoch: 1 | remaining: 202s    
step 00676 (32.8%) | loss: 3.242276 | lrm: 1.00 | dt: 148ms | tok/sec: 1,771,839 | mfu: 20.5% | epoch: 1 | remaining: 201s    
step 00677 (32.8%) | loss: 3.241419 | lrm: 1.00 | dt: 148ms | tok/sec: 1,772,116 | mfu: 20.5% | epoch: 1 | remaining: 201s    
step 00678 (32.9%) | loss: 3.241458 | lrm: 1.00 | dt: 148ms | tok/sec: 1,772,339 | mfu: 20.5% | epoch: 1 | remaining: 201s    
step 00679 (32.9%) | loss: 3.242129 | lrm: 1.00 | dt: 148ms | tok/sec: 1,772,448 | mfu: 20.5% | epoch: 1 | remaining: 201s    
step 00680 (33.0%) | loss: 3.235621 | lrm: 1.00 | dt: 148ms | tok/sec: 1,772,051 | mfu: 20.5% | epoch: 1 | remaining: 201s    
step 00681 (33.0%) | loss: 3.238409 | lrm: 1.00 | dt: 148ms | tok/sec: 1,772,945 | mfu: 20.5% | epoch: 1 | remaining: 201s    
step 00682 (33.1%) | loss: 3.241188 | lrm: 1.00 | dt: 148ms | tok/sec: 1,771,691 | mfu: 20.5% | epoch: 1 | remaining: 201s    
step 00683 (33.1%) | loss: 3.245906 | lrm: 1.00 | dt: 148ms | tok/sec: 1,772,411 | mfu: 20.5% | epoch: 1 | remaining: 200s    
step 00684 (33.2%) | loss: 3.243175 | lrm: 1.00 | dt: 148ms | tok/sec: 1,772,513 | mfu: 20.5% | epoch: 1 | remaining: 200s    
step 00685 (33.2%) | loss: 3.244963 | lrm: 1.00 | dt: 148ms | tok/sec: 1,772,508 | mfu: 20.5% | epoch: 1 | remaining: 200s    
step 00686 (33.3%) | loss: 3.248272 | lrm: 1.00 | dt: 148ms | tok/sec: 1,773,225 | mfu: 20.5% | epoch: 1 | remaining: 200s    
step 00687 (33.3%) | loss: 3.244620 | lrm: 1.00 | dt: 148ms | tok/sec: 1,772,391 | mfu: 20.5% | epoch: 1 | remaining: 200s    
step 00688 (33.4%) | loss: 3.249611 | lrm: 1.00 | dt: 148ms | tok/sec: 1,772,588 | mfu: 20.5% | epoch: 1 | remaining: 200s    
step 00689 (33.4%) | loss: 3.249534 | lrm: 1.00 | dt: 148ms | tok/sec: 1,771,839 | mfu: 20.5% | epoch: 1 | remaining: 200s    
step 00690 (33.5%) | loss: 3.249347 | lrm: 1.00 | dt: 148ms | tok/sec: 1,772,319 | mfu: 20.5% | epoch: 1 | remaining: 199s    
step 00691 (33.5%) | loss: 3.254472 | lrm: 1.00 | dt: 148ms | tok/sec: 1,771,697 | mfu: 20.5% | epoch: 1 | remaining: 199s    
step 00692 (33.6%) | loss: 3.251915 | lrm: 1.00 | dt: 148ms | tok/sec: 1,772,411 | mfu: 20.5% | epoch: 1 | remaining: 199s    
step 00693 (33.6%) | loss: 3.248129 | lrm: 1.00 | dt: 148ms | tok/sec: 1,771,796 | mfu: 20.5% | epoch: 1 | remaining: 199s    
step 00694 (33.7%) | loss: 3.247839 | lrm: 1.00 | dt: 148ms | tok/sec: 1,772,731 | mfu: 20.5% | epoch: 1 | remaining: 199s    
step 00695 (33.7%) | loss: 3.242761 | lrm: 1.00 | dt: 148ms | tok/sec: 1,772,253 | mfu: 20.5% | epoch: 1 | remaining: 199s    
step 00696 (33.8%) | loss: 3.242137 | lrm: 1.00 | dt: 148ms | tok/sec: 1,772,311 | mfu: 20.5% | epoch: 1 | remaining: 199s    
step 00697 (33.8%) | loss: 3.239855 | lrm: 1.00 | dt: 148ms | tok/sec: 1,772,596 | mfu: 20.5% | epoch: 1 | remaining: 198s    
step 00698 (33.9%) | loss: 3.236145 | lrm: 1.00 | dt: 148ms | tok/sec: 1,771,591 | mfu: 20.5% | epoch: 1 | remaining: 198s    
step 00699 (33.9%) | loss: 3.236542 | lrm: 1.00 | dt: 148ms | tok/sec: 1,771,993 | mfu: 20.5% | epoch: 1 | remaining: 198s    
step 00700 (34.0%) | loss: 3.236819 | lrm: 1.00 | dt: 148ms | tok/sec: 1,772,099 | mfu: 20.5% | epoch: 1 | remaining: 198s    
step 00701 (34.0%) | loss: 3.236445 | lrm: 1.00 | dt: 148ms | tok/sec: 1,772,088 | mfu: 20.5% | epoch: 1 | remaining: 198s    
step 00702 (34.1%) | loss: 3.237013 | lrm: 1.00 | dt: 148ms | tok/sec: 1,771,776 | mfu: 20.5% | epoch: 1 | remaining: 198s    
step 00703 (34.1%) | loss: 3.237258 | lrm: 1.00 | dt: 148ms | tok/sec: 1,772,219 | mfu: 20.5% | epoch: 1 | remaining: 197s    
step 00704 (34.2%) | loss: 3.234664 | lrm: 1.00 | dt: 148ms | tok/sec: 1,771,993 | mfu: 20.5% | epoch: 1 | remaining: 197s    
step 00705 (34.2%) | loss: 3.233543 | lrm: 1.00 | dt: 148ms | tok/sec: 1,771,717 | mfu: 20.5% | epoch: 1 | remaining: 197s    
step 00706 (34.3%) | loss: 3.237230 | lrm: 1.00 | dt: 148ms | tok/sec: 1,771,223 | mfu: 20.5% | epoch: 1 | remaining: 197s    
step 00707 (34.3%) | loss: 3.237797 | lrm: 1.00 | dt: 148ms | tok/sec: 1,772,405 | mfu: 20.5% | epoch: 1 | remaining: 197s    
step 00708 (34.4%) | loss: 3.234357 | lrm: 1.00 | dt: 148ms | tok/sec: 1,771,985 | mfu: 20.5% | epoch: 1 | remaining: 197s    
step 00709 (34.4%) | loss: 3.230643 | lrm: 1.00 | dt: 148ms | tok/sec: 1,772,596 | mfu: 20.5% | epoch: 1 | remaining: 197s    
step 00710 (34.5%) | loss: 3.233949 | lrm: 1.00 | dt: 148ms | tok/sec: 1,772,111 | mfu: 20.5% | epoch: 1 | remaining: 196s    
step 00711 (34.5%) | loss: 3.229394 | lrm: 1.00 | dt: 148ms | tok/sec: 1,772,776 | mfu: 20.5% | epoch: 1 | remaining: 196s    
step 00712 (34.6%) | loss: 3.230275 | lrm: 1.00 | dt: 148ms | tok/sec: 1,772,213 | mfu: 20.5% | epoch: 1 | remaining: 196s    
step 00713 (34.6%) | loss: 3.234064 | lrm: 1.00 | dt: 148ms | tok/sec: 1,772,068 | mfu: 20.5% | epoch: 1 | remaining: 196s    
step 00714 (34.7%) | loss: 3.228400 | lrm: 1.00 | dt: 148ms | tok/sec: 1,772,539 | mfu: 20.5% | epoch: 1 | remaining: 196s    
step 00715 (34.7%) | loss: 3.233566 | lrm: 1.00 | dt: 148ms | tok/sec: 1,772,811 | mfu: 20.5% | epoch: 1 | remaining: 196s    
step 00716 (34.8%) | loss: 3.229667 | lrm: 1.00 | dt: 148ms | tok/sec: 1,772,088 | mfu: 20.5% | epoch: 1 | remaining: 196s    
step 00717 (34.8%) | loss: 3.233283 | lrm: 1.00 | dt: 148ms | tok/sec: 1,771,343 | mfu: 20.5% | epoch: 1 | remaining: 195s    
step 00718 (34.9%) | loss: 3.231015 | lrm: 1.00 | dt: 148ms | tok/sec: 1,771,828 | mfu: 20.5% | epoch: 1 | remaining: 195s    
step 00719 (34.9%) | loss: 3.233957 | lrm: 1.00 | dt: 148ms | tok/sec: 1,771,768 | mfu: 20.5% | epoch: 1 | remaining: 195s    
step 00720 (35.0%) | loss: 3.232734 | lrm: 1.00 | dt: 148ms | tok/sec: 1,772,368 | mfu: 20.5% | epoch: 1 | remaining: 195s    
step 00721 (35.0%) | loss: 3.232444 | lrm: 1.00 | dt: 148ms | tok/sec: 1,772,376 | mfu: 20.5% | epoch: 1 | remaining: 195s    
step 00722 (35.1%) | loss: 3.231117 | lrm: 1.00 | dt: 148ms | tok/sec: 1,772,016 | mfu: 20.5% | epoch: 1 | remaining: 195s    
step 00723 (35.1%) | loss: 3.231676 | lrm: 1.00 | dt: 148ms | tok/sec: 1,772,596 | mfu: 20.5% | epoch: 1 | remaining: 195s    
step 00724 (35.2%) | loss: 3.225537 | lrm: 1.00 | dt: 148ms | tok/sec: 1,772,633 | mfu: 20.5% | epoch: 1 | remaining: 194s    
step 00725 (35.2%) | loss: 3.222204 | lrm: 1.00 | dt: 148ms | tok/sec: 1,772,934 | mfu: 20.5% | epoch: 1 | remaining: 194s    
step 00726 (35.3%) | loss: 3.230298 | lrm: 1.00 | dt: 148ms | tok/sec: 1,772,662 | mfu: 20.5% | epoch: 1 | remaining: 194s    
step 00727 (35.3%) | loss: 3.232806 | lrm: 1.00 | dt: 148ms | tok/sec: 1,772,028 | mfu: 20.5% | epoch: 1 | remaining: 194s    
step 00728 (35.4%) | loss: 3.232788 | lrm: 1.00 | dt: 148ms | tok/sec: 1,772,651 | mfu: 20.5% | epoch: 1 | remaining: 194s    
step 00729 (35.4%) | loss: 3.230379 | lrm: 1.00 | dt: 148ms | tok/sec: 1,772,282 | mfu: 20.5% | epoch: 1 | remaining: 194s    
step 00730 (35.5%) | loss: 3.232445 | lrm: 1.00 | dt: 148ms | tok/sec: 1,771,708 | mfu: 20.5% | epoch: 1 | remaining: 193s    
step 00731 (35.5%) | loss: 3.232385 | lrm: 1.00 | dt: 148ms | tok/sec: 1,771,851 | mfu: 20.5% | epoch: 1 | remaining: 193s    
step 00732 (35.6%) | loss: 3.225906 | lrm: 1.00 | dt: 148ms | tok/sec: 1,772,053 | mfu: 20.5% | epoch: 1 | remaining: 193s    
step 00733 (35.6%) | loss: 3.224337 | lrm: 1.00 | dt: 148ms | tok/sec: 1,772,442 | mfu: 20.5% | epoch: 1 | remaining: 193s    
step 00734 (35.6%) | loss: 3.225511 | lrm: 1.00 | dt: 148ms | tok/sec: 1,771,748 | mfu: 20.5% | epoch: 1 | remaining: 193s    
step 00735 (35.7%) | loss: 3.229023 | lrm: 1.00 | dt: 148ms | tok/sec: 1,772,145 | mfu: 20.5% | epoch: 1 | remaining: 193s    
step 00736 (35.7%) | loss: 3.228659 | lrm: 1.00 | dt: 148ms | tok/sec: 1,772,068 | mfu: 20.5% | epoch: 1 | remaining: 193s    
step 00737 (35.8%) | loss: 3.229659 | lrm: 1.00 | dt: 148ms | tok/sec: 1,772,236 | mfu: 20.5% | epoch: 1 | remaining: 192s    
step 00738 (35.8%) | loss: 3.223802 | lrm: 1.00 | dt: 148ms | tok/sec: 1,772,862 | mfu: 20.5% | epoch: 1 | remaining: 192s    
step 00739 (35.9%) | loss: 3.225555 | lrm: 1.00 | dt: 148ms | tok/sec: 1,771,942 | mfu: 20.5% | epoch: 1 | remaining: 192s    
step 00740 (35.9%) | loss: 3.223885 | lrm: 1.00 | dt: 148ms | tok/sec: 1,772,251 | mfu: 20.5% | epoch: 1 | remaining: 192s    
step 00741 (36.0%) | loss: 3.221781 | lrm: 1.00 | dt: 148ms | tok/sec: 1,770,450 | mfu: 20.5% | epoch: 1 | remaining: 192s    
step 00742 (36.0%) | loss: 3.219237 | lrm: 1.00 | dt: 148ms | tok/sec: 1,772,162 | mfu: 20.5% | epoch: 1 | remaining: 192s    
step 00743 (36.1%) | loss: 3.219139 | lrm: 1.00 | dt: 148ms | tok/sec: 1,771,779 | mfu: 20.5% | epoch: 1 | remaining: 192s    
step 00744 (36.1%) | loss: 3.217330 | lrm: 1.00 | dt: 148ms | tok/sec: 1,772,545 | mfu: 20.5% | epoch: 1 | remaining: 191s    
step 00745 (36.2%) | loss: 3.222302 | lrm: 1.00 | dt: 148ms | tok/sec: 1,772,196 | mfu: 20.5% | epoch: 1 | remaining: 191s    
step 00746 (36.2%) | loss: 3.218922 | lrm: 1.00 | dt: 148ms | tok/sec: 1,772,368 | mfu: 20.5% | epoch: 1 | remaining: 191s    
step 00747 (36.3%) | loss: 3.220532 | lrm: 1.00 | dt: 148ms | tok/sec: 1,771,551 | mfu: 20.5% | epoch: 1 | remaining: 191s    
step 00748 (36.3%) | loss: 3.225570 | lrm: 1.00 | dt: 148ms | tok/sec: 1,773,025 | mfu: 20.5% | epoch: 1 | remaining: 191s    
step 00749 (36.4%) | loss: 3.220745 | lrm: 1.00 | dt: 148ms | tok/sec: 1,771,574 | mfu: 20.5% | epoch: 1 | remaining: 191s    
step 00750 (36.4%) | loss: 3.217221 | lrm: 1.00 | dt: 148ms | tok/sec: 1,772,422 | mfu: 20.5% | epoch: 1 | remaining: 191s    
step 00751 (36.5%) | loss: 3.217411 | lrm: 1.00 | dt: 148ms | tok/sec: 1,771,968 | mfu: 20.5% | epoch: 1 | remaining: 190s    
step 00752 (36.5%) | loss: 3.214411 | lrm: 1.00 | dt: 148ms | tok/sec: 1,772,173 | mfu: 20.5% | epoch: 1 | remaining: 190s    
step 00753 (36.6%) | loss: 3.216375 | lrm: 1.00 | dt: 148ms | tok/sec: 1,771,685 | mfu: 20.5% | epoch: 1 | remaining: 190s    
step 00754 (36.6%) | loss: 3.218720 | lrm: 1.00 | dt: 148ms | tok/sec: 1,772,313 | mfu: 20.5% | epoch: 1 | remaining: 190s    
step 00755 (36.7%) | loss: 3.217799 | lrm: 1.00 | dt: 148ms | tok/sec: 1,772,536 | mfu: 20.5% | epoch: 1 | remaining: 190s    
step 00756 (36.7%) | loss: 3.221023 | lrm: 1.00 | dt: 148ms | tok/sec: 1,772,199 | mfu: 20.5% | epoch: 1 | remaining: 190s    
step 00757 (36.8%) | loss: 3.222410 | lrm: 1.00 | dt: 148ms | tok/sec: 1,771,882 | mfu: 20.5% | epoch: 1 | remaining: 190s    
step 00758 (36.8%) | loss: 3.226347 | lrm: 1.00 | dt: 148ms | tok/sec: 1,772,233 | mfu: 20.5% | epoch: 1 | remaining: 189s    
step 00759 (36.9%) | loss: 3.224526 | lrm: 1.00 | dt: 148ms | tok/sec: 1,772,279 | mfu: 20.5% | epoch: 1 | remaining: 189s    
step 00760 (36.9%) | loss: 3.219868 | lrm: 1.00 | dt: 148ms | tok/sec: 1,771,491 | mfu: 20.5% | epoch: 1 | remaining: 189s    
step 00761 (37.0%) | loss: 3.213911 | lrm: 1.00 | dt: 148ms | tok/sec: 1,771,896 | mfu: 20.5% | epoch: 1 | remaining: 189s    
step 00762 (37.0%) | loss: 3.215989 | lrm: 1.00 | dt: 148ms | tok/sec: 1,772,533 | mfu: 20.5% | epoch: 1 | remaining: 189s    
step 00763 (37.1%) | loss: 3.219179 | lrm: 1.00 | dt: 148ms | tok/sec: 1,771,166 | mfu: 20.5% | epoch: 1 | remaining: 189s    
step 00764 (37.1%) | loss: 3.218394 | lrm: 1.00 | dt: 148ms | tok/sec: 1,771,828 | mfu: 20.5% | epoch: 1 | remaining: 188s    
step 00765 (37.2%) | loss: 3.215773 | lrm: 1.00 | dt: 148ms | tok/sec: 1,771,991 | mfu: 20.5% | epoch: 1 | remaining: 188s    
step 00766 (37.2%) | loss: 3.212721 | lrm: 1.00 | dt: 148ms | tok/sec: 1,771,417 | mfu: 20.5% | epoch: 1 | remaining: 188s    
step 00767 (37.3%) | loss: 3.212488 | lrm: 1.00 | dt: 148ms | tok/sec: 1,771,611 | mfu: 20.5% | epoch: 1 | remaining: 188s    
step 00768 (37.3%) | loss: 3.216025 | lrm: 1.00 | dt: 148ms | tok/sec: 1,772,571 | mfu: 20.5% | epoch: 1 | remaining: 188s    
step 00769 (37.4%) | loss: 3.217534 | lrm: 1.00 | dt: 148ms | tok/sec: 1,771,237 | mfu: 20.5% | epoch: 1 | remaining: 188s    
step 00770 (37.4%) | loss: 3.215229 | lrm: 1.00 | dt: 148ms | tok/sec: 1,772,182 | mfu: 20.5% | epoch: 1 | remaining: 188s    
step 00771 (37.5%) | loss: 3.218995 | lrm: 1.00 | dt: 148ms | tok/sec: 1,770,701 | mfu: 20.5% | epoch: 1 | remaining: 187s    
step 00772 (37.5%) | loss: 3.219384 | lrm: 1.00 | dt: 148ms | tok/sec: 1,771,537 | mfu: 20.5% | epoch: 1 | remaining: 187s    
step 00773 (37.6%) | loss: 3.222611 | lrm: 1.00 | dt: 148ms | tok/sec: 1,771,956 | mfu: 20.5% | epoch: 1 | remaining: 187s    
step 00774 (37.6%) | loss: 3.225118 | lrm: 1.00 | dt: 148ms | tok/sec: 1,771,520 | mfu: 20.5% | epoch: 1 | remaining: 187s    
step 00775 (37.7%) | loss: 3.224173 | lrm: 1.00 | dt: 148ms | tok/sec: 1,772,491 | mfu: 20.5% | epoch: 1 | remaining: 187s    
step 00776 (37.7%) | loss: 3.218115 | lrm: 1.00 | dt: 148ms | tok/sec: 1,772,422 | mfu: 20.5% | epoch: 1 | remaining: 187s    
step 00777 (37.8%) | loss: 3.217378 | lrm: 1.00 | dt: 148ms | tok/sec: 1,771,103 | mfu: 20.5% | epoch: 1 | remaining: 187s    
step 00778 (37.8%) | loss: 3.217242 | lrm: 1.00 | dt: 148ms | tok/sec: 1,771,548 | mfu: 20.5% | epoch: 1 | remaining: 186s    
step 00779 (37.9%) | loss: 3.218650 | lrm: 1.00 | dt: 148ms | tok/sec: 1,771,885 | mfu: 20.5% | epoch: 1 | remaining: 186s    
step 00780 (37.9%) | loss: 3.216328 | lrm: 1.00 | dt: 148ms | tok/sec: 1,771,665 | mfu: 20.5% | epoch: 1 | remaining: 186s    
step 00781 (38.0%) | loss: 3.217486 | lrm: 1.00 | dt: 148ms | tok/sec: 1,772,111 | mfu: 20.5% | epoch: 1 | remaining: 186s    
step 00782 (38.0%) | loss: 3.215867 | lrm: 1.00 | dt: 148ms | tok/sec: 1,771,785 | mfu: 20.5% | epoch: 1 | remaining: 186s    
step 00783 (38.1%) | loss: 3.214687 | lrm: 1.00 | dt: 148ms | tok/sec: 1,772,048 | mfu: 20.5% | epoch: 1 | remaining: 186s    
step 00784 (38.1%) | loss: 3.211974 | lrm: 1.00 | dt: 148ms | tok/sec: 1,772,208 | mfu: 20.5% | epoch: 1 | remaining: 186s    
step 00785 (38.2%) | loss: 3.208851 | lrm: 1.00 | dt: 148ms | tok/sec: 1,772,313 | mfu: 20.5% | epoch: 1 | remaining: 185s    
step 00786 (38.2%) | loss: 3.207367 | lrm: 1.00 | dt: 148ms | tok/sec: 1,771,054 | mfu: 20.5% | epoch: 1 | remaining: 185s    
step 00787 (38.3%) | loss: 3.208948 | lrm: 1.00 | dt: 148ms | tok/sec: 1,772,542 | mfu: 20.5% | epoch: 1 | remaining: 185s    
step 00788 (38.3%) | loss: 3.211741 | lrm: 1.00 | dt: 148ms | tok/sec: 1,771,542 | mfu: 20.5% | epoch: 1 | remaining: 185s    
step 00789 (38.4%) | loss: 3.209243 | lrm: 1.00 | dt: 148ms | tok/sec: 1,772,225 | mfu: 20.5% | epoch: 1 | remaining: 185s    
step 00790 (38.4%) | loss: 3.210090 | lrm: 1.00 | dt: 148ms | tok/sec: 1,772,051 | mfu: 20.5% | epoch: 1 | remaining: 185s    
step 00791 (38.5%) | loss: 3.205894 | lrm: 1.00 | dt: 148ms | tok/sec: 1,770,404 | mfu: 20.5% | epoch: 1 | remaining: 184s    
step 00792 (38.5%) | loss: 3.210896 | lrm: 1.00 | dt: 148ms | tok/sec: 1,771,043 | mfu: 20.5% | epoch: 1 | remaining: 184s    
step 00793 (38.6%) | loss: 3.205222 | lrm: 1.00 | dt: 148ms | tok/sec: 1,770,513 | mfu: 20.5% | epoch: 1 | remaining: 184s    
step 00794 (38.6%) | loss: 3.206535 | lrm: 1.00 | dt: 148ms | tok/sec: 1,770,535 | mfu: 20.5% | epoch: 1 | remaining: 184s    
step 00795 (38.7%) | loss: 3.209816 | lrm: 1.00 | dt: 148ms | tok/sec: 1,771,257 | mfu: 20.5% | epoch: 1 | remaining: 184s    
step 00796 (38.7%) | loss: 3.208526 | lrm: 1.00 | dt: 148ms | tok/sec: 1,770,082 | mfu: 20.5% | epoch: 1 | remaining: 184s    
step 00797 (38.8%) | loss: 3.210307 | lrm: 1.00 | dt: 148ms | tok/sec: 1,771,491 | mfu: 20.5% | epoch: 1 | remaining: 184s    
step 00798 (38.8%) | loss: 3.206943 | lrm: 1.00 | dt: 148ms | tok/sec: 1,771,391 | mfu: 20.5% | epoch: 1 | remaining: 183s    
step 00799 (38.9%) | loss: 3.200208 | lrm: 1.00 | dt: 148ms | tok/sec: 1,771,717 | mfu: 20.5% | epoch: 1 | remaining: 183s    
step 00800 (38.9%) | loss: 3.203104 | lrm: 1.00 | dt: 148ms | tok/sec: 1,771,574 | mfu: 20.5% | epoch: 1 | remaining: 183s    
step 00801 (39.0%) | loss: 3.202589 | lrm: 1.00 | dt: 148ms | tok/sec: 1,770,815 | mfu: 20.5% | epoch: 1 | remaining: 183s    
step 00802 (39.0%) | loss: 3.204441 | lrm: 1.00 | dt: 148ms | tok/sec: 1,772,685 | mfu: 20.5% | epoch: 1 | remaining: 183s    
step 00803 (39.1%) | loss: 3.199099 | lrm: 1.00 | dt: 148ms | tok/sec: 1,771,956 | mfu: 20.5% | epoch: 1 | remaining: 183s    
step 00804 (39.1%) | loss: 3.197925 | lrm: 1.00 | dt: 148ms | tok/sec: 1,772,379 | mfu: 20.5% | epoch: 1 | remaining: 183s    
step 00805 (39.2%) | loss: 3.197792 | lrm: 1.00 | dt: 148ms | tok/sec: 1,771,971 | mfu: 20.5% | epoch: 1 | remaining: 182s    
step 00806 (39.2%) | loss: 3.197631 | lrm: 1.00 | dt: 148ms | tok/sec: 1,771,736 | mfu: 20.5% | epoch: 1 | remaining: 182s    
step 00807 (39.2%) | loss: 3.196661 | lrm: 1.00 | dt: 148ms | tok/sec: 1,772,239 | mfu: 20.5% | epoch: 1 | remaining: 182s    
step 00808 (39.3%) | loss: 3.198143 | lrm: 1.00 | dt: 148ms | tok/sec: 1,771,500 | mfu: 20.5% | epoch: 1 | remaining: 182s    
step 00809 (39.3%) | loss: 3.197128 | lrm: 1.00 | dt: 148ms | tok/sec: 1,772,611 | mfu: 20.5% | epoch: 1 | remaining: 182s    
step 00810 (39.4%) | loss: 3.199298 | lrm: 1.00 | dt: 148ms | tok/sec: 1,771,588 | mfu: 20.5% | epoch: 1 | remaining: 182s    
step 00811 (39.4%) | loss: 3.199344 | lrm: 1.00 | dt: 148ms | tok/sec: 1,772,325 | mfu: 20.5% | epoch: 1 | remaining: 182s    
step 00812 (39.5%) | loss: 3.195410 | lrm: 1.00 | dt: 148ms | tok/sec: 1,772,096 | mfu: 20.5% | epoch: 1 | remaining: 181s    
step 00813 (39.5%) | loss: 3.199239 | lrm: 1.00 | dt: 148ms | tok/sec: 1,772,222 | mfu: 20.5% | epoch: 1 | remaining: 181s    
step 00814 (39.6%) | loss: 3.200160 | lrm: 1.00 | dt: 148ms | tok/sec: 1,771,545 | mfu: 20.5% | epoch: 1 | remaining: 181s    
step 00815 (39.6%) | loss: 3.202964 | lrm: 1.00 | dt: 148ms | tok/sec: 1,771,679 | mfu: 20.5% | epoch: 1 | remaining: 181s    
step 00816 (39.7%) | loss: 3.204686 | lrm: 1.00 | dt: 148ms | tok/sec: 1,772,839 | mfu: 20.5% | epoch: 1 | remaining: 181s    
step 00817 (39.7%) | loss: 3.197867 | lrm: 1.00 | dt: 148ms | tok/sec: 1,771,617 | mfu: 20.5% | epoch: 1 | remaining: 181s    
step 00818 (39.8%) | loss: 3.196529 | lrm: 1.00 | dt: 148ms | tok/sec: 1,771,351 | mfu: 20.5% | epoch: 1 | remaining: 180s    
step 00819 (39.8%) | loss: 3.198905 | lrm: 1.00 | dt: 148ms | tok/sec: 1,770,407 | mfu: 20.5% | epoch: 1 | remaining: 180s    
step 00820 (39.9%) | loss: 3.201141 | lrm: 1.00 | dt: 148ms | tok/sec: 1,771,939 | mfu: 20.5% | epoch: 1 | remaining: 180s    
step 00821 (39.9%) | loss: 3.207230 | lrm: 1.00 | dt: 148ms | tok/sec: 1,771,508 | mfu: 20.5% | epoch: 1 | remaining: 180s    
step 00822 (40.0%) | loss: 3.210071 | lrm: 1.00 | dt: 148ms | tok/sec: 1,771,471 | mfu: 20.5% | epoch: 1 | remaining: 180s    
step 00823 (40.0%) | loss: 3.215446 | lrm: 1.00 | dt: 148ms | tok/sec: 1,771,049 | mfu: 20.5% | epoch: 1 | remaining: 180s    
step 00824 (40.1%) | loss: 3.213871 | lrm: 1.00 | dt: 148ms | tok/sec: 1,771,628 | mfu: 20.5% | epoch: 1 | remaining: 180s    
step 00825 (40.1%) | loss: 3.210947 | lrm: 1.00 | dt: 148ms | tok/sec: 1,770,746 | mfu: 20.5% | epoch: 1 | remaining: 179s    
step 00826 (40.2%) | loss: 3.208043 | lrm: 1.00 | dt: 148ms | tok/sec: 1,771,423 | mfu: 20.5% | epoch: 1 | remaining: 179s    
step 00827 (40.2%) | loss: 3.211148 | lrm: 1.00 | dt: 148ms | tok/sec: 1,771,585 | mfu: 20.5% | epoch: 1 | remaining: 179s    
step 00828 (40.3%) | loss: 3.212859 | lrm: 1.00 | dt: 148ms | tok/sec: 1,771,879 | mfu: 20.5% | epoch: 1 | remaining: 179s    
step 00829 (40.3%) | loss: 3.211229 | lrm: 1.00 | dt: 148ms | tok/sec: 1,771,488 | mfu: 20.5% | epoch: 1 | remaining: 179s    
step 00830 (40.4%) | loss: 3.202423 | lrm: 1.00 | dt: 148ms | tok/sec: 1,771,968 | mfu: 20.5% | epoch: 1 | remaining: 179s    
step 00831 (40.4%) | loss: 3.201244 | lrm: 1.00 | dt: 148ms | tok/sec: 1,771,482 | mfu: 20.5% | epoch: 1 | remaining: 179s    
step 00832 (40.5%) | loss: 3.203041 | lrm: 1.00 | dt: 148ms | tok/sec: 1,772,716 | mfu: 20.5% | epoch: 1 | remaining: 178s    
step 00833 (40.5%) | loss: 3.205182 | lrm: 1.00 | dt: 148ms | tok/sec: 1,770,935 | mfu: 20.5% | epoch: 1 | remaining: 178s    
step 00834 (40.6%) | loss: 3.203490 | lrm: 1.00 | dt: 148ms | tok/sec: 1,771,745 | mfu: 20.5% | epoch: 1 | remaining: 178s    
step 00835 (40.6%) | loss: 3.206652 | lrm: 1.00 | dt: 148ms | tok/sec: 1,771,659 | mfu: 20.5% | epoch: 1 | remaining: 178s    
step 00836 (40.7%) | loss: 3.208726 | lrm: 1.00 | dt: 148ms | tok/sec: 1,772,648 | mfu: 20.5% | epoch: 1 | remaining: 178s    
step 00837 (40.7%) | loss: 3.208890 | lrm: 1.00 | dt: 148ms | tok/sec: 1,772,039 | mfu: 20.5% | epoch: 1 | remaining: 178s    
step 00838 (40.8%) | loss: 3.210624 | lrm: 1.00 | dt: 148ms | tok/sec: 1,771,714 | mfu: 20.5% | epoch: 1 | remaining: 178s    
step 00839 (40.8%) | loss: 3.204219 | lrm: 1.00 | dt: 148ms | tok/sec: 1,771,768 | mfu: 20.5% | epoch: 1 | remaining: 177s    
step 00840 (40.9%) | loss: 3.203713 | lrm: 1.00 | dt: 148ms | tok/sec: 1,771,874 | mfu: 20.5% | epoch: 1 | remaining: 177s    
step 00841 (40.9%) | loss: 3.202304 | lrm: 1.00 | dt: 148ms | tok/sec: 1,772,819 | mfu: 20.5% | epoch: 1 | remaining: 177s    
step 00842 (41.0%) | loss: 3.200611 | lrm: 1.00 | dt: 148ms | tok/sec: 1,771,614 | mfu: 20.5% | epoch: 1 | remaining: 177s    
step 00843 (41.0%) | loss: 3.197003 | lrm: 1.00 | dt: 148ms | tok/sec: 1,772,588 | mfu: 20.5% | epoch: 1 | remaining: 177s    
step 00844 (41.1%) | loss: 3.198604 | lrm: 1.00 | dt: 148ms | tok/sec: 1,771,086 | mfu: 20.5% | epoch: 1 | remaining: 177s    
step 00845 (41.1%) | loss: 3.197887 | lrm: 1.00 | dt: 148ms | tok/sec: 1,771,814 | mfu: 20.5% | epoch: 1 | remaining: 176s    
step 00846 (41.2%) | loss: 3.192661 | lrm: 1.00 | dt: 148ms | tok/sec: 1,771,123 | mfu: 20.5% | epoch: 1 | remaining: 176s    
step 00847 (41.2%) | loss: 3.199650 | lrm: 1.00 | dt: 148ms | tok/sec: 1,771,816 | mfu: 20.5% | epoch: 1 | remaining: 176s    
step 00848 (41.3%) | loss: 3.197191 | lrm: 1.00 | dt: 148ms | tok/sec: 1,771,742 | mfu: 20.5% | epoch: 1 | remaining: 176s    
step 00849 (41.3%) | loss: 3.199561 | lrm: 1.00 | dt: 148ms | tok/sec: 1,771,540 | mfu: 20.5% | epoch: 1 | remaining: 176s    
step 00850 (41.4%) | loss: 3.200619 | lrm: 1.00 | dt: 148ms | tok/sec: 1,772,162 | mfu: 20.5% | epoch: 1 | remaining: 176s    
step 00851 (41.4%) | loss: 3.201994 | lrm: 1.00 | dt: 148ms | tok/sec: 1,771,328 | mfu: 20.5% | epoch: 1 | remaining: 176s    
step 00852 (41.5%) | loss: 3.199629 | lrm: 1.00 | dt: 148ms | tok/sec: 1,772,119 | mfu: 20.5% | epoch: 1 | remaining: 175s    
step 00853 (41.5%) | loss: 3.195539 | lrm: 1.00 | dt: 148ms | tok/sec: 1,771,143 | mfu: 20.5% | epoch: 1 | remaining: 175s    
step 00854 (41.6%) | loss: 3.197441 | lrm: 1.00 | dt: 148ms | tok/sec: 1,771,951 | mfu: 20.5% | epoch: 1 | remaining: 175s    
step 00855 (41.6%) | loss: 3.198125 | lrm: 1.00 | dt: 148ms | tok/sec: 1,771,323 | mfu: 20.5% | epoch: 1 | remaining: 175s    
step 00856 (41.7%) | loss: 3.197187 | lrm: 1.00 | dt: 148ms | tok/sec: 1,772,548 | mfu: 20.5% | epoch: 1 | remaining: 175s    
step 00857 (41.7%) | loss: 3.195077 | lrm: 1.00 | dt: 148ms | tok/sec: 1,771,428 | mfu: 20.5% | epoch: 1 | remaining: 175s    
step 00858 (41.8%) | loss: 3.195991 | lrm: 1.00 | dt: 148ms | tok/sec: 1,771,494 | mfu: 20.5% | epoch: 1 | remaining: 175s    
step 00859 (41.8%) | loss: 3.190286 | lrm: 1.00 | dt: 148ms | tok/sec: 1,772,142 | mfu: 20.5% | epoch: 1 | remaining: 174s    
step 00860 (41.9%) | loss: 3.187898 | lrm: 1.00 | dt: 148ms | tok/sec: 1,770,906 | mfu: 20.5% | epoch: 1 | remaining: 174s    
step 00861 (41.9%) | loss: 3.191135 | lrm: 1.00 | dt: 148ms | tok/sec: 1,771,657 | mfu: 20.5% | epoch: 1 | remaining: 174s    
step 00862 (42.0%) | loss: 3.195677 | lrm: 1.00 | dt: 148ms | tok/sec: 1,772,191 | mfu: 20.5% | epoch: 1 | remaining: 174s    
step 00863 (42.0%) | loss: 3.196375 | lrm: 1.00 | dt: 148ms | tok/sec: 1,771,822 | mfu: 20.5% | epoch: 1 | remaining: 174s    
step 00864 (42.1%) | loss: 3.196321 | lrm: 1.00 | dt: 148ms | tok/sec: 1,772,265 | mfu: 20.5% | epoch: 1 | remaining: 174s    
step 00865 (42.1%) | loss: 3.195313 | lrm: 1.00 | dt: 148ms | tok/sec: 1,772,148 | mfu: 20.5% | epoch: 1 | remaining: 174s    
step 00866 (42.2%) | loss: 3.197935 | lrm: 1.00 | dt: 148ms | tok/sec: 1,771,248 | mfu: 20.5% | epoch: 1 | remaining: 173s    
step 00867 (42.2%) | loss: 3.195062 | lrm: 1.00 | dt: 148ms | tok/sec: 1,771,628 | mfu: 20.5% | epoch: 1 | remaining: 173s    
step 00868 (42.3%) | loss: 3.195724 | lrm: 1.00 | dt: 148ms | tok/sec: 1,771,286 | mfu: 20.5% | epoch: 1 | remaining: 173s    
step 00869 (42.3%) | loss: 3.200056 | lrm: 1.00 | dt: 148ms | tok/sec: 1,771,888 | mfu: 20.5% | epoch: 1 | remaining: 173s    
step 00870 (42.4%) | loss: 3.200039 | lrm: 1.00 | dt: 148ms | tok/sec: 1,771,505 | mfu: 20.5% | epoch: 1 | remaining: 173s    
step 00871 (42.4%) | loss: 3.196506 | lrm: 1.00 | dt: 148ms | tok/sec: 1,771,742 | mfu: 20.5% | epoch: 1 | remaining: 173s    
step 00872 (42.5%) | loss: 3.199463 | lrm: 1.00 | dt: 148ms | tok/sec: 1,772,293 | mfu: 20.5% | epoch: 1 | remaining: 172s    
step 00873 (42.5%) | loss: 3.201689 | lrm: 1.00 | dt: 148ms | tok/sec: 1,771,856 | mfu: 20.5% | epoch: 1 | remaining: 172s    
step 00874 (42.6%) | loss: 3.200677 | lrm: 1.00 | dt: 148ms | tok/sec: 1,772,102 | mfu: 20.5% | epoch: 1 | remaining: 172s    
step 00875 (42.6%) | loss: 3.204868 | lrm: 1.00 | dt: 148ms | tok/sec: 1,771,799 | mfu: 20.5% | epoch: 1 | remaining: 172s    
step 00876 (42.7%) | loss: 3.200185 | lrm: 1.00 | dt: 148ms | tok/sec: 1,772,111 | mfu: 20.5% | epoch: 1 | remaining: 172s    
step 00877 (42.7%) | loss: 3.201281 | lrm: 1.00 | dt: 148ms | tok/sec: 1,771,785 | mfu: 20.5% | epoch: 1 | remaining: 172s    
step 00878 (42.8%) | loss: 3.200300 | lrm: 1.00 | dt: 148ms | tok/sec: 1,771,497 | mfu: 20.5% | epoch: 1 | remaining: 172s    
step 00879 (42.8%) | loss: 3.201977 | lrm: 1.00 | dt: 148ms | tok/sec: 1,772,182 | mfu: 20.5% | epoch: 1 | remaining: 171s    
step 00880 (42.9%) | loss: 3.200351 | lrm: 1.00 | dt: 148ms | tok/sec: 1,771,885 | mfu: 20.5% | epoch: 1 | remaining: 171s    
step 00881 (42.9%) | loss: 3.199421 | lrm: 1.00 | dt: 148ms | tok/sec: 1,772,111 | mfu: 20.5% | epoch: 1 | remaining: 171s    
step 00882 (42.9%) | loss: 3.198733 | lrm: 1.00 | dt: 148ms | tok/sec: 1,771,865 | mfu: 20.5% | epoch: 1 | remaining: 171s    
step 00883 (43.0%) | loss: 3.207302 | lrm: 1.00 | dt: 148ms | tok/sec: 1,771,714 | mfu: 20.5% | epoch: 1 | remaining: 171s    
step 00884 (43.0%) | loss: 3.204957 | lrm: 1.00 | dt: 148ms | tok/sec: 1,772,605 | mfu: 20.5% | epoch: 1 | remaining: 171s    
step 00885 (43.1%) | loss: 3.207903 | lrm: 1.00 | dt: 148ms | tok/sec: 1,771,149 | mfu: 20.5% | epoch: 1 | remaining: 171s    
step 00886 (43.1%) | loss: 3.207559 | lrm: 1.00 | dt: 148ms | tok/sec: 1,771,854 | mfu: 20.5% | epoch: 1 | remaining: 170s    
step 00887 (43.2%) | loss: 3.202651 | lrm: 1.00 | dt: 148ms | tok/sec: 1,771,699 | mfu: 20.5% | epoch: 1 | remaining: 170s    
step 00888 (43.2%) | loss: 3.204705 | lrm: 1.00 | dt: 148ms | tok/sec: 1,772,071 | mfu: 20.5% | epoch: 1 | remaining: 170s    
step 00889 (43.3%) | loss: 3.208549 | lrm: 1.00 | dt: 148ms | tok/sec: 1,772,342 | mfu: 20.5% | epoch: 1 | remaining: 170s    
step 00890 (43.3%) | loss: 3.209401 | lrm: 1.00 | dt: 148ms | tok/sec: 1,772,285 | mfu: 20.5% | epoch: 1 | remaining: 170s    
step 00891 (43.4%) | loss: 3.209718 | lrm: 1.00 | dt: 148ms | tok/sec: 1,770,846 | mfu: 20.5% | epoch: 1 | remaining: 170s    
step 00892 (43.4%) | loss: 3.207443 | lrm: 1.00 | dt: 148ms | tok/sec: 1,772,005 | mfu: 20.5% | epoch: 1 | remaining: 170s    
step 00893 (43.5%) | loss: 3.206228 | lrm: 1.00 | dt: 148ms | tok/sec: 1,772,242 | mfu: 20.5% | epoch: 1 | remaining: 169s    
step 00894 (43.5%) | loss: 3.201407 | lrm: 1.00 | dt: 148ms | tok/sec: 1,771,263 | mfu: 20.5% | epoch: 1 | remaining: 169s    
step 00895 (43.6%) | loss: 3.196105 | lrm: 1.00 | dt: 148ms | tok/sec: 1,771,220 | mfu: 20.5% | epoch: 1 | remaining: 169s    
step 00896 (43.6%) | loss: 3.198636 | lrm: 1.00 | dt: 148ms | tok/sec: 1,772,319 | mfu: 20.5% | epoch: 1 | remaining: 169s    
step 00897 (43.7%) | loss: 3.198158 | lrm: 1.00 | dt: 148ms | tok/sec: 1,771,816 | mfu: 20.5% | epoch: 1 | remaining: 169s    
step 00898 (43.7%) | loss: 3.196031 | lrm: 1.00 | dt: 148ms | tok/sec: 1,772,356 | mfu: 20.5% | epoch: 1 | remaining: 169s    
step 00899 (43.8%) | loss: 3.195958 | lrm: 1.00 | dt: 148ms | tok/sec: 1,772,796 | mfu: 20.5% | epoch: 1 | remaining: 168s    
step 00900 (43.8%) | loss: 3.191015 | lrm: 1.00 | dt: 148ms | tok/sec: 1,772,268 | mfu: 20.5% | epoch: 1 | remaining: 168s    
step 00901 (43.9%) | loss: 3.190071 | lrm: 1.00 | dt: 148ms | tok/sec: 1,771,908 | mfu: 20.5% | epoch: 1 | remaining: 168s    
step 00902 (43.9%) | loss: 3.194201 | lrm: 1.00 | dt: 148ms | tok/sec: 1,772,216 | mfu: 20.5% | epoch: 1 | remaining: 168s    
step 00903 (44.0%) | loss: 3.193223 | lrm: 1.00 | dt: 148ms | tok/sec: 1,772,522 | mfu: 20.5% | epoch: 1 | remaining: 168s    
step 00904 (44.0%) | loss: 3.197328 | lrm: 1.00 | dt: 148ms | tok/sec: 1,772,028 | mfu: 20.5% | epoch: 1 | remaining: 168s    
step 00905 (44.1%) | loss: 3.192529 | lrm: 1.00 | dt: 148ms | tok/sec: 1,771,072 | mfu: 20.5% | epoch: 1 | remaining: 168s    
step 00906 (44.1%) | loss: 3.189918 | lrm: 1.00 | dt: 148ms | tok/sec: 1,772,573 | mfu: 20.5% | epoch: 1 | remaining: 167s    
step 00907 (44.2%) | loss: 3.193238 | lrm: 1.00 | dt: 148ms | tok/sec: 1,771,862 | mfu: 20.5% | epoch: 1 | remaining: 167s    
step 00908 (44.2%) | loss: 3.190426 | lrm: 1.00 | dt: 148ms | tok/sec: 1,772,499 | mfu: 20.5% | epoch: 1 | remaining: 167s    
step 00909 (44.3%) | loss: 3.187037 | lrm: 1.00 | dt: 148ms | tok/sec: 1,771,939 | mfu: 20.5% | epoch: 1 | remaining: 167s    
step 00910 (44.3%) | loss: 3.184194 | lrm: 1.00 | dt: 148ms | tok/sec: 1,771,774 | mfu: 20.5% | epoch: 1 | remaining: 167s    
step 00911 (44.4%) | loss: 3.187049 | lrm: 1.00 | dt: 148ms | tok/sec: 1,772,228 | mfu: 20.5% | epoch: 1 | remaining: 167s    
step 00912 (44.4%) | loss: 3.187569 | lrm: 1.00 | dt: 148ms | tok/sec: 1,771,842 | mfu: 20.5% | epoch: 1 | remaining: 167s    
step 00913 (44.5%) | loss: 3.189516 | lrm: 1.00 | dt: 148ms | tok/sec: 1,771,708 | mfu: 20.5% | epoch: 1 | remaining: 166s    
step 00914 (44.5%) | loss: 3.188061 | lrm: 1.00 | dt: 148ms | tok/sec: 1,772,179 | mfu: 20.5% | epoch: 1 | remaining: 166s    
step 00915 (44.6%) | loss: 3.188569 | lrm: 1.00 | dt: 148ms | tok/sec: 1,772,188 | mfu: 20.5% | epoch: 1 | remaining: 166s    
step 00916 (44.6%) | loss: 3.184778 | lrm: 1.00 | dt: 148ms | tok/sec: 1,771,782 | mfu: 20.5% | epoch: 1 | remaining: 166s    
step 00917 (44.7%) | loss: 3.184743 | lrm: 1.00 | dt: 148ms | tok/sec: 1,772,188 | mfu: 20.5% | epoch: 1 | remaining: 166s    
step 00918 (44.7%) | loss: 3.187661 | lrm: 1.00 | dt: 148ms | tok/sec: 1,771,808 | mfu: 20.5% | epoch: 1 | remaining: 166s    
step 00919 (44.8%) | loss: 3.188396 | lrm: 1.00 | dt: 148ms | tok/sec: 1,772,533 | mfu: 20.5% | epoch: 1 | remaining: 166s    
step 00920 (44.8%) | loss: 3.190809 | lrm: 1.00 | dt: 148ms | tok/sec: 1,772,088 | mfu: 20.5% | epoch: 1 | remaining: 165s    
step 00921 (44.9%) | loss: 3.189228 | lrm: 1.00 | dt: 148ms | tok/sec: 1,772,645 | mfu: 20.5% | epoch: 1 | remaining: 165s    
step 00922 (44.9%) | loss: 3.193319 | lrm: 1.00 | dt: 148ms | tok/sec: 1,772,219 | mfu: 20.5% | epoch: 1 | remaining: 165s    
step 00923 (45.0%) | loss: 3.192239 | lrm: 1.00 | dt: 148ms | tok/sec: 1,772,659 | mfu: 20.5% | epoch: 1 | remaining: 165s    
step 00924 (45.0%) | loss: 3.194328 | lrm: 1.00 | dt: 148ms | tok/sec: 1,771,702 | mfu: 20.5% | epoch: 1 | remaining: 165s    
step 00925 (45.1%) | loss: 3.192989 | lrm: 1.00 | dt: 148ms | tok/sec: 1,772,848 | mfu: 20.5% | epoch: 1 | remaining: 165s    
step 00926 (45.1%) | loss: 3.192826 | lrm: 1.00 | dt: 148ms | tok/sec: 1,771,317 | mfu: 20.5% | epoch: 1 | remaining: 164s    
step 00927 (45.2%) | loss: 3.190835 | lrm: 1.00 | dt: 148ms | tok/sec: 1,772,719 | mfu: 20.5% | epoch: 1 | remaining: 164s    
step 00928 (45.2%) | loss: 3.193045 | lrm: 1.00 | dt: 148ms | tok/sec: 1,771,171 | mfu: 20.5% | epoch: 1 | remaining: 164s    
step 00929 (45.3%) | loss: 3.196480 | lrm: 1.00 | dt: 148ms | tok/sec: 1,771,916 | mfu: 20.5% | epoch: 1 | remaining: 164s    
step 00930 (45.3%) | loss: 3.196952 | lrm: 1.00 | dt: 148ms | tok/sec: 1,772,093 | mfu: 20.5% | epoch: 1 | remaining: 164s    
step 00931 (45.4%) | loss: 3.191833 | lrm: 1.00 | dt: 148ms | tok/sec: 1,772,308 | mfu: 20.5% | epoch: 1 | remaining: 164s    
step 00932 (45.4%) | loss: 3.189443 | lrm: 1.00 | dt: 148ms | tok/sec: 1,772,525 | mfu: 20.5% | epoch: 1 | remaining: 164s    
step 00933 (45.5%) | loss: 3.189089 | lrm: 1.00 | dt: 148ms | tok/sec: 1,771,991 | mfu: 20.5% | epoch: 1 | remaining: 163s    
step 00934 (45.5%) | loss: 3.188857 | lrm: 1.00 | dt: 148ms | tok/sec: 1,772,119 | mfu: 20.5% | epoch: 1 | remaining: 163s    
step 00935 (45.6%) | loss: 3.185511 | lrm: 1.00 | dt: 148ms | tok/sec: 1,772,442 | mfu: 20.5% | epoch: 1 | remaining: 163s    
step 00936 (45.6%) | loss: 3.188309 | lrm: 1.00 | dt: 148ms | tok/sec: 1,772,411 | mfu: 20.5% | epoch: 1 | remaining: 163s    
step 00937 (45.7%) | loss: 3.188707 | lrm: 1.00 | dt: 148ms | tok/sec: 1,772,633 | mfu: 20.5% | epoch: 1 | remaining: 163s    
step 00938 (45.7%) | loss: 3.194720 | lrm: 1.00 | dt: 148ms | tok/sec: 1,771,711 | mfu: 20.5% | epoch: 1 | remaining: 163s    
step 00939 (45.8%) | loss: 3.189571 | lrm: 1.00 | dt: 148ms | tok/sec: 1,771,999 | mfu: 20.5% | epoch: 1 | remaining: 163s    
step 00940 (45.8%) | loss: 3.191689 | lrm: 1.00 | dt: 148ms | tok/sec: 1,771,828 | mfu: 20.5% | epoch: 1 | remaining: 162s    
step 00941 (45.9%) | loss: 3.182997 | lrm: 1.00 | dt: 148ms | tok/sec: 1,772,196 | mfu: 20.5% | epoch: 1 | remaining: 162s    
step 00942 (45.9%) | loss: 3.186526 | lrm: 1.00 | dt: 148ms | tok/sec: 1,772,096 | mfu: 20.5% | epoch: 1 | remaining: 162s    
step 00943 (46.0%) | loss: 3.183925 | lrm: 1.00 | dt: 148ms | tok/sec: 1,772,082 | mfu: 20.5% | epoch: 1 | remaining: 162s    
step 00944 (46.0%) | loss: 3.185485 | lrm: 1.00 | dt: 148ms | tok/sec: 1,772,145 | mfu: 20.5% | epoch: 1 | remaining: 162s    
step 00945 (46.1%) | loss: 3.185286 | lrm: 1.00 | dt: 148ms | tok/sec: 1,771,788 | mfu: 20.5% | epoch: 1 | remaining: 162s    
step 00946 (46.1%) | loss: 3.179229 | lrm: 1.00 | dt: 148ms | tok/sec: 1,771,942 | mfu: 20.5% | epoch: 1 | remaining: 162s    
step 00947 (46.2%) | loss: 3.181208 | lrm: 1.00 | dt: 148ms | tok/sec: 1,772,131 | mfu: 20.5% | epoch: 1 | remaining: 161s    
step 00948 (46.2%) | loss: 3.179386 | lrm: 1.00 | dt: 148ms | tok/sec: 1,772,362 | mfu: 20.5% | epoch: 1 | remaining: 161s    
step 00949 (46.3%) | loss: 3.180288 | lrm: 1.00 | dt: 148ms | tok/sec: 1,772,245 | mfu: 20.5% | epoch: 1 | remaining: 161s    
step 00950 (46.3%) | loss: 3.177629 | lrm: 1.00 | dt: 148ms | tok/sec: 1,771,434 | mfu: 20.5% | epoch: 1 | remaining: 161s    
step 00951 (46.4%) | loss: 3.180164 | lrm: 1.00 | dt: 148ms | tok/sec: 1,772,919 | mfu: 20.5% | epoch: 1 | remaining: 161s    
step 00952 (46.4%) | loss: 3.186920 | lrm: 1.00 | dt: 148ms | tok/sec: 1,772,056 | mfu: 20.5% | epoch: 1 | remaining: 161s    
step 00953 (46.4%) | loss: 3.193358 | lrm: 1.00 | dt: 148ms | tok/sec: 1,772,828 | mfu: 20.5% | epoch: 1 | remaining: 161s    
step 00954 (46.5%) | loss: 3.194525 | lrm: 1.00 | dt: 148ms | tok/sec: 1,771,634 | mfu: 20.5% | epoch: 1 | remaining: 160s    
step 00955 (46.5%) | loss: 3.189146 | lrm: 1.00 | dt: 148ms | tok/sec: 1,772,705 | mfu: 20.5% | epoch: 1 | remaining: 160s    
step 00956 (46.6%) | loss: 3.187672 | lrm: 1.00 | dt: 148ms | tok/sec: 1,771,491 | mfu: 20.5% | epoch: 1 | remaining: 160s    
step 00957 (46.6%) | loss: 3.187766 | lrm: 1.00 | dt: 148ms | tok/sec: 1,769,740 | mfu: 20.5% | epoch: 1 | remaining: 160s    
step 00958 (46.7%) | loss: 3.191307 | lrm: 1.00 | dt: 148ms | tok/sec: 1,769,561 | mfu: 20.5% | epoch: 1 | remaining: 160s    
step 00959 (46.7%) | loss: 3.187722 | lrm: 1.00 | dt: 148ms | tok/sec: 1,770,296 | mfu: 20.5% | epoch: 1 | remaining: 160s    
step 00960 (46.8%) | loss: 3.186865 | lrm: 1.00 | dt: 148ms | tok/sec: 1,771,114 | mfu: 20.5% | epoch: 1 | remaining: 159s    
step 00961 (46.8%) | loss: 3.185411 | lrm: 1.00 | dt: 148ms | tok/sec: 1,768,238 | mfu: 20.4% | epoch: 1 | remaining: 159s    
step 00962 (46.9%) | loss: 3.185098 | lrm: 1.00 | dt: 148ms | tok/sec: 1,771,020 | mfu: 20.5% | epoch: 1 | remaining: 159s    
step 00963 (46.9%) | loss: 3.185477 | lrm: 1.00 | dt: 148ms | tok/sec: 1,770,273 | mfu: 20.5% | epoch: 1 | remaining: 159s    
step 00964 (47.0%) | loss: 3.183590 | lrm: 1.00 | dt: 148ms | tok/sec: 1,772,053 | mfu: 20.5% | epoch: 1 | remaining: 159s    
step 00965 (47.0%) | loss: 3.182904 | lrm: 1.00 | dt: 148ms | tok/sec: 1,772,071 | mfu: 20.5% | epoch: 1 | remaining: 159s    
step 00966 (47.1%) | loss: 3.182597 | lrm: 1.00 | dt: 148ms | tok/sec: 1,771,351 | mfu: 20.5% | epoch: 1 | remaining: 159s    
step 00967 (47.1%) | loss: 3.184009 | lrm: 1.00 | dt: 148ms | tok/sec: 1,769,960 | mfu: 20.5% | epoch: 1 | remaining: 158s    
step 00968 (47.2%) | loss: 3.180750 | lrm: 1.00 | dt: 148ms | tok/sec: 1,772,036 | mfu: 20.5% | epoch: 1 | remaining: 158s    
step 00969 (47.2%) | loss: 3.179899 | lrm: 1.00 | dt: 148ms | tok/sec: 1,772,533 | mfu: 20.5% | epoch: 1 | remaining: 158s    
step 00970 (47.3%) | loss: 3.176942 | lrm: 1.00 | dt: 148ms | tok/sec: 1,771,822 | mfu: 20.5% | epoch: 1 | remaining: 158s    
step 00971 (47.3%) | loss: 3.174073 | lrm: 1.00 | dt: 148ms | tok/sec: 1,772,179 | mfu: 20.5% | epoch: 1 | remaining: 158s    
step 00972 (47.4%) | loss: 3.168011 | lrm: 1.00 | dt: 148ms | tok/sec: 1,771,868 | mfu: 20.5% | epoch: 1 | remaining: 158s    
step 00973 (47.4%) | loss: 3.166965 | lrm: 1.00 | dt: 148ms | tok/sec: 1,772,376 | mfu: 20.5% | epoch: 1 | remaining: 158s    
step 00974 (47.5%) | loss: 3.165015 | lrm: 1.00 | dt: 148ms | tok/sec: 1,771,685 | mfu: 20.5% | epoch: 1 | remaining: 157s    
step 00975 (47.5%) | loss: 3.163485 | lrm: 1.00 | dt: 148ms | tok/sec: 1,771,054 | mfu: 20.5% | epoch: 1 | remaining: 157s    
step 00976 (47.6%) | loss: 3.161751 | lrm: 1.00 | dt: 148ms | tok/sec: 1,771,882 | mfu: 20.5% | epoch: 1 | remaining: 157s    
step 00977 (47.6%) | loss: 3.162593 | lrm: 1.00 | dt: 148ms | tok/sec: 1,771,363 | mfu: 20.5% | epoch: 1 | remaining: 157s    
step 00978 (47.7%) | loss: 3.160856 | lrm: 1.00 | dt: 148ms | tok/sec: 1,772,325 | mfu: 20.5% | epoch: 1 | remaining: 157s    
step 00979 (47.7%) | loss: 3.160831 | lrm: 1.00 | dt: 148ms | tok/sec: 1,772,011 | mfu: 20.5% | epoch: 1 | remaining: 157s    
step 00980 (47.8%) | loss: 3.157745 | lrm: 1.00 | dt: 148ms | tok/sec: 1,771,985 | mfu: 20.5% | epoch: 1 | remaining: 157s    
step 00981 (47.8%) | loss: 3.160105 | lrm: 1.00 | dt: 148ms | tok/sec: 1,772,013 | mfu: 20.5% | epoch: 1 | remaining: 156s    
step 00982 (47.9%) | loss: 3.158404 | lrm: 1.00 | dt: 148ms | tok/sec: 1,772,671 | mfu: 20.5% | epoch: 1 | remaining: 156s    
step 00983 (47.9%) | loss: 3.158174 | lrm: 1.00 | dt: 148ms | tok/sec: 1,771,785 | mfu: 20.5% | epoch: 1 | remaining: 156s    
step 00984 (48.0%) | loss: 3.155567 | lrm: 1.00 | dt: 148ms | tok/sec: 1,772,839 | mfu: 20.5% | epoch: 1 | remaining: 156s    
step 00985 (48.0%) | loss: 3.164124 | lrm: 1.00 | dt: 148ms | tok/sec: 1,772,325 | mfu: 20.5% | epoch: 1 | remaining: 156s    
step 00986 (48.1%) | loss: 3.162939 | lrm: 1.00 | dt: 148ms | tok/sec: 1,772,399 | mfu: 20.5% | epoch: 1 | remaining: 156s    
step 00987 (48.1%) | loss: 3.169844 | lrm: 1.00 | dt: 148ms | tok/sec: 1,771,534 | mfu: 20.5% | epoch: 1 | remaining: 155s    
step 00988 (48.2%) | loss: 3.173243 | lrm: 1.00 | dt: 148ms | tok/sec: 1,772,831 | mfu: 20.5% | epoch: 1 | remaining: 155s    
step 00989 (48.2%) | loss: 3.175923 | lrm: 1.00 | dt: 148ms | tok/sec: 1,771,842 | mfu: 20.5% | epoch: 1 | remaining: 155s    
step 00990 (48.3%) | loss: 3.172329 | lrm: 1.00 | dt: 148ms | tok/sec: 1,772,205 | mfu: 20.5% | epoch: 1 | remaining: 155s    
step 00991 (48.3%) | loss: 3.172249 | lrm: 1.00 | dt: 148ms | tok/sec: 1,772,739 | mfu: 20.5% | epoch: 1 | remaining: 155s    
step 00992 (48.4%) | loss: 3.169268 | lrm: 1.00 | dt: 148ms | tok/sec: 1,772,693 | mfu: 20.5% | epoch: 1 | remaining: 155s    
step 00993 (48.4%) | loss: 3.169680 | lrm: 1.00 | dt: 148ms | tok/sec: 1,772,273 | mfu: 20.5% | epoch: 1 | remaining: 155s    
step 00994 (48.5%) | loss: 3.171225 | lrm: 1.00 | dt: 148ms | tok/sec: 1,772,211 | mfu: 20.5% | epoch: 1 | remaining: 154s    
step 00995 (48.5%) | loss: 3.172393 | lrm: 1.00 | dt: 148ms | tok/sec: 1,769,752 | mfu: 20.5% | epoch: 1 | remaining: 154s    
step 00996 (48.6%) | loss: 3.173222 | lrm: 1.00 | dt: 148ms | tok/sec: 1,771,442 | mfu: 20.5% | epoch: 1 | remaining: 154s    
step 00997 (48.6%) | loss: 3.172581 | lrm: 1.00 | dt: 148ms | tok/sec: 1,771,828 | mfu: 20.5% | epoch: 1 | remaining: 154s    
step 00998 (48.7%) | loss: 3.172906 | lrm: 1.00 | dt: 148ms | tok/sec: 1,772,196 | mfu: 20.5% | epoch: 1 | remaining: 154s    
step 00999 (48.7%) | loss: 3.176603 | lrm: 1.00 | dt: 148ms | tok/sec: 1,771,000 | mfu: 20.5% | epoch: 1 | remaining: 154s    
step 01000 (48.8%) | loss: 3.175631 | lrm: 1.00 | dt: 148ms | tok/sec: 1,771,405 | mfu: 20.5% | epoch: 1 | remaining: 154s    
step 01001 (48.8%) | loss: 3.181569 | lrm: 1.00 | dt: 148ms | tok/sec: 1,771,220 | mfu: 20.5% | epoch: 1 | remaining: 153s    
step 01002 (48.9%) | loss: 3.181545 | lrm: 1.00 | dt: 148ms | tok/sec: 1,771,928 | mfu: 20.5% | epoch: 1 | remaining: 153s    
step 01003 (48.9%) | loss: 3.176495 | lrm: 1.00 | dt: 148ms | tok/sec: 1,772,142 | mfu: 20.5% | epoch: 1 | remaining: 153s    
step 01004 (49.0%) | loss: 3.173110 | lrm: 1.00 | dt: 148ms | tok/sec: 1,771,702 | mfu: 20.5% | epoch: 1 | remaining: 153s    
step 01005 (49.0%) | loss: 3.171773 | lrm: 1.00 | dt: 148ms | tok/sec: 1,772,122 | mfu: 20.5% | epoch: 1 | remaining: 153s    
step 01006 (49.1%) | loss: 3.171372 | lrm: 1.00 | dt: 148ms | tok/sec: 1,771,585 | mfu: 20.5% | epoch: 1 | remaining: 153s    
step 01007 (49.1%) | loss: 3.174091 | lrm: 1.00 | dt: 148ms | tok/sec: 1,771,648 | mfu: 20.5% | epoch: 1 | remaining: 153s    
step 01008 (49.2%) | loss: 3.166202 | lrm: 1.00 | dt: 148ms | tok/sec: 1,772,336 | mfu: 20.5% | epoch: 1 | remaining: 152s    
step 01009 (49.2%) | loss: 3.165557 | lrm: 1.00 | dt: 148ms | tok/sec: 1,772,393 | mfu: 20.5% | epoch: 1 | remaining: 152s    
step 01010 (49.3%) | loss: 3.167246 | lrm: 1.00 | dt: 148ms | tok/sec: 1,771,871 | mfu: 20.5% | epoch: 1 | remaining: 152s    
step 01011 (49.3%) | loss: 3.166142 | lrm: 1.00 | dt: 148ms | tok/sec: 1,771,394 | mfu: 20.5% | epoch: 1 | remaining: 152s    
step 01012 (49.4%) | loss: 3.168853 | lrm: 1.00 | dt: 148ms | tok/sec: 1,771,839 | mfu: 20.5% | epoch: 1 | remaining: 152s    
step 01013 (49.4%) | loss: 3.168239 | lrm: 1.00 | dt: 148ms | tok/sec: 1,772,179 | mfu: 20.5% | epoch: 1 | remaining: 152s    
step 01014 (49.5%) | loss: 3.167616 | lrm: 1.00 | dt: 148ms | tok/sec: 1,772,288 | mfu: 20.5% | epoch: 1 | remaining: 151s    
step 01015 (49.5%) | loss: 3.171413 | lrm: 1.00 | dt: 148ms | tok/sec: 1,771,642 | mfu: 20.5% | epoch: 1 | remaining: 151s    
step 01016 (49.6%) | loss: 3.171499 | lrm: 1.00 | dt: 148ms | tok/sec: 1,771,100 | mfu: 20.5% | epoch: 1 | remaining: 151s    
step 01017 (49.6%) | loss: 3.172662 | lrm: 1.00 | dt: 148ms | tok/sec: 1,770,322 | mfu: 20.5% | epoch: 1 | remaining: 151s    
step 01018 (49.7%) | loss: 3.171352 | lrm: 1.00 | dt: 148ms | tok/sec: 1,771,562 | mfu: 20.5% | epoch: 1 | remaining: 151s    
step 01019 (49.7%) | loss: 3.167667 | lrm: 1.00 | dt: 148ms | tok/sec: 1,772,242 | mfu: 20.5% | epoch: 1 | remaining: 151s    
step 01020 (49.8%) | loss: 3.166338 | lrm: 1.00 | dt: 148ms | tok/sec: 1,771,702 | mfu: 20.5% | epoch: 1 | remaining: 151s    
step 01021 (49.8%) | loss: 3.167759 | lrm: 1.00 | dt: 148ms | tok/sec: 1,772,465 | mfu: 20.5% | epoch: 1 | remaining: 150s    
step 01022 (49.9%) | loss: 3.163325 | lrm: 1.00 | dt: 148ms | tok/sec: 1,771,551 | mfu: 20.5% | epoch: 1 | remaining: 150s    
step 01023 (49.9%) | loss: 3.160241 | lrm: 1.00 | dt: 148ms | tok/sec: 1,772,251 | mfu: 20.5% | epoch: 1 | remaining: 150s    
step 01024 (50.0%) | loss: 3.160017 | lrm: 1.00 | dt: 148ms | tok/sec: 1,771,109 | mfu: 20.5% | epoch: 1 | remaining: 150s    
step 01025 (50.0%) | loss: 3.163758 | lrm: 1.00 | dt: 148ms | tok/sec: 1,771,597 | mfu: 20.5% | epoch: 1 | remaining: 150s    
step 01026 (50.1%) | loss: 3.161852 | lrm: 1.00 | dt: 148ms | tok/sec: 1,771,945 | mfu: 20.5% | epoch: 1 | remaining: 150s    
step 01027 (50.1%) | loss: 3.158537 | lrm: 1.00 | dt: 148ms | tok/sec: 1,772,113 | mfu: 20.5% | epoch: 1 | remaining: 150s    
step 01028 (50.1%) | loss: 3.158444 | lrm: 1.00 | dt: 148ms | tok/sec: 1,772,036 | mfu: 20.5% | epoch: 1 | remaining: 149s    
step 01029 (50.2%) | loss: 3.156778 | lrm: 1.00 | dt: 148ms | tok/sec: 1,771,862 | mfu: 20.5% | epoch: 1 | remaining: 149s    
step 01030 (50.2%) | loss: 3.161679 | lrm: 1.00 | dt: 148ms | tok/sec: 1,771,811 | mfu: 20.5% | epoch: 1 | remaining: 149s    
step 01031 (50.3%) | loss: 3.162622 | lrm: 1.00 | dt: 148ms | tok/sec: 1,771,445 | mfu: 20.5% | epoch: 1 | remaining: 149s    
step 01032 (50.3%) | loss: 3.164677 | lrm: 1.00 | dt: 148ms | tok/sec: 1,771,754 | mfu: 20.5% | epoch: 1 | remaining: 149s    
step 01033 (50.4%) | loss: 3.168161 | lrm: 1.00 | dt: 148ms | tok/sec: 1,772,636 | mfu: 20.5% | epoch: 1 | remaining: 149s    
step 01034 (50.4%) | loss: 3.165615 | lrm: 1.00 | dt: 148ms | tok/sec: 1,771,183 | mfu: 20.5% | epoch: 1 | remaining: 149s    
step 01035 (50.5%) | loss: 3.170334 | lrm: 1.00 | dt: 148ms | tok/sec: 1,771,779 | mfu: 20.5% | epoch: 1 | remaining: 148s    
step 01036 (50.5%) | loss: 3.167829 | lrm: 1.00 | dt: 148ms | tok/sec: 1,771,688 | mfu: 20.5% | epoch: 1 | remaining: 148s    
step 01037 (50.6%) | loss: 3.168680 | lrm: 1.00 | dt: 148ms | tok/sec: 1,769,883 | mfu: 20.5% | epoch: 1 | remaining: 148s    
step 01038 (50.6%) | loss: 3.168540 | lrm: 1.00 | dt: 148ms | tok/sec: 1,771,343 | mfu: 20.5% | epoch: 1 | remaining: 148s    
step 01039 (50.7%) | loss: 3.167172 | lrm: 1.00 | dt: 148ms | tok/sec: 1,772,122 | mfu: 20.5% | epoch: 1 | remaining: 148s    
step 01040 (50.7%) | loss: 3.171424 | lrm: 1.00 | dt: 148ms | tok/sec: 1,770,883 | mfu: 20.5% | epoch: 1 | remaining: 148s    
step 01041 (50.8%) | loss: 3.172573 | lrm: 1.00 | dt: 148ms | tok/sec: 1,771,445 | mfu: 20.5% | epoch: 1 | remaining: 147s    
step 01042 (50.8%) | loss: 3.172213 | lrm: 1.00 | dt: 148ms | tok/sec: 1,771,611 | mfu: 20.5% | epoch: 1 | remaining: 147s    
step 01043 (50.9%) | loss: 3.171426 | lrm: 1.00 | dt: 148ms | tok/sec: 1,771,565 | mfu: 20.5% | epoch: 1 | remaining: 147s    
step 01044 (50.9%) | loss: 3.176180 | lrm: 1.00 | dt: 148ms | tok/sec: 1,771,862 | mfu: 20.5% | epoch: 1 | remaining: 147s    
step 01045 (51.0%) | loss: 3.175484 | lrm: 1.00 | dt: 148ms | tok/sec: 1,771,348 | mfu: 20.5% | epoch: 1 | remaining: 147s    
step 01046 (51.0%) | loss: 3.172410 | lrm: 1.00 | dt: 148ms | tok/sec: 1,771,836 | mfu: 20.5% | epoch: 1 | remaining: 147s    
step 01047 (51.1%) | loss: 3.173611 | lrm: 1.00 | dt: 148ms | tok/sec: 1,772,934 | mfu: 20.5% | epoch: 1 | remaining: 147s    
step 01048 (51.1%) | loss: 3.175774 | lrm: 1.00 | dt: 148ms | tok/sec: 1,771,639 | mfu: 20.5% | epoch: 1 | remaining: 146s    
step 01049 (51.2%) | loss: 3.174724 | lrm: 1.00 | dt: 148ms | tok/sec: 1,772,525 | mfu: 20.5% | epoch: 1 | remaining: 146s    
step 01050 (51.2%) | loss: 3.167223 | lrm: 1.00 | dt: 148ms | tok/sec: 1,772,002 | mfu: 20.5% | epoch: 1 | remaining: 146s    
step 01051 (51.3%) | loss: 3.166072 | lrm: 1.00 | dt: 148ms | tok/sec: 1,771,722 | mfu: 20.5% | epoch: 1 | remaining: 146s    
step 01052 (51.3%) | loss: 3.167849 | lrm: 1.00 | dt: 148ms | tok/sec: 1,772,151 | mfu: 20.5% | epoch: 1 | remaining: 146s    
step 01053 (51.4%) | loss: 3.164615 | lrm: 1.00 | dt: 148ms | tok/sec: 1,771,951 | mfu: 20.5% | epoch: 1 | remaining: 146s    
step 01054 (51.4%) | loss: 3.164615 | lrm: 1.00 | dt: 148ms | tok/sec: 1,771,791 | mfu: 20.5% | epoch: 1 | remaining: 146s    
step 01055 (51.5%) | loss: 3.162920 | lrm: 1.00 | dt: 148ms | tok/sec: 1,771,862 | mfu: 20.5% | epoch: 1 | remaining: 145s    
step 01056 (51.5%) | loss: 3.159738 | lrm: 1.00 | dt: 148ms | tok/sec: 1,772,819 | mfu: 20.5% | epoch: 1 | remaining: 145s    
step 01057 (51.6%) | loss: 3.158643 | lrm: 1.00 | dt: 148ms | tok/sec: 1,772,753 | mfu: 20.5% | epoch: 1 | remaining: 145s    
step 01058 (51.6%) | loss: 3.154416 | lrm: 1.00 | dt: 148ms | tok/sec: 1,772,405 | mfu: 20.5% | epoch: 1 | remaining: 145s    
step 01059 (51.7%) | loss: 3.155365 | lrm: 1.00 | dt: 148ms | tok/sec: 1,772,256 | mfu: 20.5% | epoch: 1 | remaining: 145s    
step 01060 (51.7%) | loss: 3.155818 | lrm: 1.00 | dt: 148ms | tok/sec: 1,771,728 | mfu: 20.5% | epoch: 1 | remaining: 145s    
step 01061 (51.8%) | loss: 3.156411 | lrm: 1.00 | dt: 148ms | tok/sec: 1,771,699 | mfu: 20.5% | epoch: 1 | remaining: 145s    
step 01062 (51.8%) | loss: 3.160846 | lrm: 1.00 | dt: 148ms | tok/sec: 1,771,522 | mfu: 20.5% | epoch: 1 | remaining: 144s    
step 01063 (51.9%) | loss: 3.156365 | lrm: 1.00 | dt: 148ms | tok/sec: 1,772,739 | mfu: 20.5% | epoch: 1 | remaining: 144s    
step 01064 (51.9%) | loss: 3.155628 | lrm: 1.00 | dt: 148ms | tok/sec: 1,772,816 | mfu: 20.5% | epoch: 1 | remaining: 144s    
step 01065 (52.0%) | loss: 3.152471 | lrm: 1.00 | dt: 148ms | tok/sec: 1,772,502 | mfu: 20.5% | epoch: 1 | remaining: 144s    
step 01066 (52.0%) | loss: 3.158343 | lrm: 1.00 | dt: 148ms | tok/sec: 1,770,883 | mfu: 20.5% | epoch: 1 | remaining: 144s    
step 01067 (52.1%) | loss: 3.161964 | lrm: 1.00 | dt: 148ms | tok/sec: 1,771,662 | mfu: 20.5% | epoch: 1 | remaining: 144s    
step 01068 (52.1%) | loss: 3.163726 | lrm: 1.00 | dt: 148ms | tok/sec: 1,771,625 | mfu: 20.5% | epoch: 1 | remaining: 143s    
step 01069 (52.2%) | loss: 3.159275 | lrm: 1.00 | dt: 148ms | tok/sec: 1,771,779 | mfu: 20.5% | epoch: 1 | remaining: 143s    
step 01070 (52.2%) | loss: 3.163544 | lrm: 1.00 | dt: 148ms | tok/sec: 1,771,417 | mfu: 20.5% | epoch: 1 | remaining: 143s    
step 01071 (52.3%) | loss: 3.161889 | lrm: 1.00 | dt: 148ms | tok/sec: 1,771,779 | mfu: 20.5% | epoch: 1 | remaining: 143s    
step 01072 (52.3%) | loss: 3.163061 | lrm: 1.00 | dt: 148ms | tok/sec: 1,771,665 | mfu: 20.5% | epoch: 1 | remaining: 143s    
step 01073 (52.4%) | loss: 3.157396 | lrm: 1.00 | dt: 148ms | tok/sec: 1,772,556 | mfu: 20.5% | epoch: 1 | remaining: 143s    
step 01074 (52.4%) | loss: 3.154382 | lrm: 1.00 | dt: 148ms | tok/sec: 1,771,511 | mfu: 20.5% | epoch: 1 | remaining: 143s    
step 01075 (52.5%) | loss: 3.153113 | lrm: 1.00 | dt: 148ms | tok/sec: 1,770,427 | mfu: 20.5% | epoch: 1 | remaining: 142s    
step 01076 (52.5%) | loss: 3.147656 | lrm: 1.00 | dt: 148ms | tok/sec: 1,771,916 | mfu: 20.5% | epoch: 1 | remaining: 142s    
step 01077 (52.6%) | loss: 3.152917 | lrm: 1.00 | dt: 148ms | tok/sec: 1,771,679 | mfu: 20.5% | epoch: 1 | remaining: 142s    
step 01078 (52.6%) | loss: 3.158028 | lrm: 1.00 | dt: 148ms | tok/sec: 1,772,508 | mfu: 20.5% | epoch: 1 | remaining: 142s    
step 01079 (52.7%) | loss: 3.153647 | lrm: 1.00 | dt: 148ms | tok/sec: 1,772,211 | mfu: 20.5% | epoch: 1 | remaining: 142s    
step 01080 (52.7%) | loss: 3.150444 | lrm: 1.00 | dt: 148ms | tok/sec: 1,770,490 | mfu: 20.5% | epoch: 1 | remaining: 142s    
step 01081 (52.8%) | loss: 3.152175 | lrm: 1.00 | dt: 148ms | tok/sec: 1,771,688 | mfu: 20.5% | epoch: 1 | remaining: 142s    
step 01082 (52.8%) | loss: 3.153642 | lrm: 1.00 | dt: 148ms | tok/sec: 1,772,222 | mfu: 20.5% | epoch: 1 | remaining: 141s    
step 01083 (52.9%) | loss: 3.152869 | lrm: 1.00 | dt: 148ms | tok/sec: 1,771,831 | mfu: 20.5% | epoch: 1 | remaining: 141s    
step 01084 (52.9%) | loss: 3.156562 | lrm: 1.00 | dt: 148ms | tok/sec: 1,772,725 | mfu: 20.5% | epoch: 1 | remaining: 141s    
step 01085 (53.0%) | loss: 3.154071 | lrm: 1.00 | dt: 148ms | tok/sec: 1,770,564 | mfu: 20.5% | epoch: 1 | remaining: 141s    
step 01086 (53.0%) | loss: 3.158359 | lrm: 1.00 | dt: 148ms | tok/sec: 1,772,711 | mfu: 20.5% | epoch: 1 | remaining: 141s    
step 01087 (53.1%) | loss: 3.153494 | lrm: 1.00 | dt: 148ms | tok/sec: 1,771,979 | mfu: 20.5% | epoch: 1 | remaining: 141s    
step 01088 (53.1%) | loss: 3.150702 | lrm: 1.00 | dt: 148ms | tok/sec: 1,771,648 | mfu: 20.5% | epoch: 1 | remaining: 141s    
step 01089 (53.2%) | loss: 3.149563 | lrm: 1.00 | dt: 148ms | tok/sec: 1,772,093 | mfu: 20.5% | epoch: 1 | remaining: 140s    
step 01090 (53.2%) | loss: 3.153904 | lrm: 1.00 | dt: 148ms | tok/sec: 1,771,140 | mfu: 20.5% | epoch: 1 | remaining: 140s    
step 01091 (53.3%) | loss: 3.152799 | lrm: 1.00 | dt: 148ms | tok/sec: 1,771,685 | mfu: 20.5% | epoch: 1 | remaining: 140s    
step 01092 (53.3%) | loss: 3.153731 | lrm: 1.00 | dt: 148ms | tok/sec: 1,770,875 | mfu: 20.5% | epoch: 1 | remaining: 140s    
step 01093 (53.4%) | loss: 3.154422 | lrm: 1.00 | dt: 148ms | tok/sec: 1,768,761 | mfu: 20.5% | epoch: 1 | remaining: 140s    
step 01094 (53.4%) | loss: 3.154279 | lrm: 1.00 | dt: 148ms | tok/sec: 1,767,703 | mfu: 20.4% | epoch: 1 | remaining: 140s    
step 01095 (53.5%) | loss: 3.157243 | lrm: 1.00 | dt: 148ms | tok/sec: 1,769,487 | mfu: 20.5% | epoch: 1 | remaining: 139s    
step 01096 (53.5%) | loss: 3.152422 | lrm: 1.00 | dt: 148ms | tok/sec: 1,770,832 | mfu: 20.5% | epoch: 1 | remaining: 139s    
step 01097 (53.6%) | loss: 3.154416 | lrm: 1.00 | dt: 148ms | tok/sec: 1,772,313 | mfu: 20.5% | epoch: 1 | remaining: 139s    
step 01098 (53.6%) | loss: 3.155294 | lrm: 1.00 | dt: 148ms | tok/sec: 1,771,240 | mfu: 20.5% | epoch: 1 | remaining: 139s    
step 01099 (53.7%) | loss: 3.147357 | lrm: 1.00 | dt: 148ms | tok/sec: 1,772,053 | mfu: 20.5% | epoch: 1 | remaining: 139s    
step 01100 (53.7%) | loss: 3.143873 | lrm: 1.00 | dt: 148ms | tok/sec: 1,771,622 | mfu: 20.5% | epoch: 1 | remaining: 139s    
step 01101 (53.7%) | loss: 3.144479 | lrm: 1.00 | dt: 148ms | tok/sec: 1,771,805 | mfu: 20.5% | epoch: 1 | remaining: 139s    
step 01102 (53.8%) | loss: 3.145276 | lrm: 1.00 | dt: 148ms | tok/sec: 1,771,072 | mfu: 20.5% | epoch: 1 | remaining: 138s    
step 01103 (53.8%) | loss: 3.143130 | lrm: 1.00 | dt: 148ms | tok/sec: 1,769,455 | mfu: 20.5% | epoch: 1 | remaining: 138s    
step 01104 (53.9%) | loss: 3.145016 | lrm: 1.00 | dt: 148ms | tok/sec: 1,771,811 | mfu: 20.5% | epoch: 1 | remaining: 138s    
step 01105 (53.9%) | loss: 3.142129 | lrm: 1.00 | dt: 148ms | tok/sec: 1,769,977 | mfu: 20.5% | epoch: 1 | remaining: 138s    
step 01106 (54.0%) | loss: 3.148123 | lrm: 1.00 | dt: 148ms | tok/sec: 1,771,902 | mfu: 20.5% | epoch: 1 | remaining: 138s    
step 01107 (54.0%) | loss: 3.151058 | lrm: 1.00 | dt: 148ms | tok/sec: 1,771,582 | mfu: 20.5% | epoch: 1 | remaining: 138s    
step 01108 (54.1%) | loss: 3.152883 | lrm: 1.00 | dt: 148ms | tok/sec: 1,771,403 | mfu: 20.5% | epoch: 1 | remaining: 138s    
step 01109 (54.1%) | loss: 3.157328 | lrm: 1.00 | dt: 148ms | tok/sec: 1,771,988 | mfu: 20.5% | epoch: 1 | remaining: 137s    
step 01110 (54.2%) | loss: 3.155435 | lrm: 1.00 | dt: 148ms | tok/sec: 1,772,562 | mfu: 20.5% | epoch: 1 | remaining: 137s    
step 01111 (54.2%) | loss: 3.153810 | lrm: 1.00 | dt: 148ms | tok/sec: 1,772,042 | mfu: 20.5% | epoch: 1 | remaining: 137s    
step 01112 (54.3%) | loss: 3.155869 | lrm: 1.00 | dt: 148ms | tok/sec: 1,771,908 | mfu: 20.5% | epoch: 1 | remaining: 137s    
step 01113 (54.3%) | loss: 3.155945 | lrm: 1.00 | dt: 148ms | tok/sec: 1,771,599 | mfu: 20.5% | epoch: 1 | remaining: 137s    
step 01114 (54.4%) | loss: 3.155981 | lrm: 1.00 | dt: 148ms | tok/sec: 1,772,311 | mfu: 20.5% | epoch: 1 | remaining: 137s    
step 01115 (54.4%) | loss: 3.151615 | lrm: 1.00 | dt: 148ms | tok/sec: 1,772,273 | mfu: 20.5% | epoch: 1 | remaining: 137s    
step 01116 (54.5%) | loss: 3.147904 | lrm: 1.00 | dt: 148ms | tok/sec: 1,772,405 | mfu: 20.5% | epoch: 1 | remaining: 136s    
step 01117 (54.5%) | loss: 3.145685 | lrm: 1.00 | dt: 148ms | tok/sec: 1,772,199 | mfu: 20.5% | epoch: 1 | remaining: 136s    
step 01118 (54.6%) | loss: 3.143040 | lrm: 1.00 | dt: 148ms | tok/sec: 1,772,428 | mfu: 20.5% | epoch: 1 | remaining: 136s    
step 01119 (54.6%) | loss: 3.147008 | lrm: 1.00 | dt: 148ms | tok/sec: 1,772,688 | mfu: 20.5% | epoch: 1 | remaining: 136s    
step 01120 (54.7%) | loss: 3.151124 | lrm: 1.00 | dt: 148ms | tok/sec: 1,769,547 | mfu: 20.5% | epoch: 1 | remaining: 136s    
step 01121 (54.7%) | loss: 3.148089 | lrm: 1.00 | dt: 148ms | tok/sec: 1,771,403 | mfu: 20.5% | epoch: 1 | remaining: 136s    
step 01122 (54.8%) | loss: 3.148822 | lrm: 1.00 | dt: 148ms | tok/sec: 1,770,287 | mfu: 20.5% | epoch: 1 | remaining: 135s    
step 01123 (54.8%) | loss: 3.153582 | lrm: 1.00 | dt: 148ms | tok/sec: 1,771,976 | mfu: 20.5% | epoch: 1 | remaining: 135s    
step 01124 (54.9%) | loss: 3.147464 | lrm: 1.00 | dt: 148ms | tok/sec: 1,771,816 | mfu: 20.5% | epoch: 1 | remaining: 135s    
step 01125 (54.9%) | loss: 3.145764 | lrm: 1.00 | dt: 148ms | tok/sec: 1,771,482 | mfu: 20.5% | epoch: 1 | remaining: 135s    
step 01126 (55.0%) | loss: 3.145860 | lrm: 1.00 | dt: 148ms | tok/sec: 1,771,317 | mfu: 20.5% | epoch: 1 | remaining: 135s    
step 01127 (55.0%) | loss: 3.146697 | lrm: 1.00 | dt: 148ms | tok/sec: 1,771,979 | mfu: 20.5% | epoch: 1 | remaining: 135s    
step 01128 (55.1%) | loss: 3.149075 | lrm: 1.00 | dt: 148ms | tok/sec: 1,771,228 | mfu: 20.5% | epoch: 1 | remaining: 135s    
step 01129 (55.1%) | loss: 3.155490 | lrm: 1.00 | dt: 148ms | tok/sec: 1,772,191 | mfu: 20.5% | epoch: 1 | remaining: 134s    
step 01130 (55.2%) | loss: 3.159811 | lrm: 1.00 | dt: 148ms | tok/sec: 1,771,277 | mfu: 20.5% | epoch: 1 | remaining: 134s    
step 01131 (55.2%) | loss: 3.159165 | lrm: 1.00 | dt: 148ms | tok/sec: 1,772,771 | mfu: 20.5% | epoch: 1 | remaining: 134s    
step 01132 (55.3%) | loss: 3.154366 | lrm: 1.00 | dt: 148ms | tok/sec: 1,772,253 | mfu: 20.5% | epoch: 1 | remaining: 134s    
step 01133 (55.3%) | loss: 3.156567 | lrm: 1.00 | dt: 148ms | tok/sec: 1,772,728 | mfu: 20.5% | epoch: 1 | remaining: 134s    
step 01134 (55.4%) | loss: 3.155317 | lrm: 1.00 | dt: 148ms | tok/sec: 1,772,379 | mfu: 20.5% | epoch: 1 | remaining: 134s    
step 01135 (55.4%) | loss: 3.152134 | lrm: 1.00 | dt: 148ms | tok/sec: 1,771,117 | mfu: 20.5% | epoch: 1 | remaining: 134s    
step 01136 (55.5%) | loss: 3.151371 | lrm: 1.00 | dt: 148ms | tok/sec: 1,770,706 | mfu: 20.5% | epoch: 1 | remaining: 133s    
step 01137 (55.5%) | loss: 3.153390 | lrm: 1.00 | dt: 148ms | tok/sec: 1,771,702 | mfu: 20.5% | epoch: 1 | remaining: 133s    
step 01138 (55.6%) | loss: 3.151356 | lrm: 1.00 | dt: 148ms | tok/sec: 1,771,340 | mfu: 20.5% | epoch: 1 | remaining: 133s    
step 01139 (55.6%) | loss: 3.152228 | lrm: 1.00 | dt: 148ms | tok/sec: 1,772,936 | mfu: 20.5% | epoch: 1 | remaining: 133s    
step 01140 (55.7%) | loss: 3.148404 | lrm: 1.00 | dt: 148ms | tok/sec: 1,772,051 | mfu: 20.5% | epoch: 1 | remaining: 133s    
step 01141 (55.7%) | loss: 3.149253 | lrm: 1.00 | dt: 148ms | tok/sec: 1,771,788 | mfu: 20.5% | epoch: 1 | remaining: 133s    
step 01142 (55.8%) | loss: 3.145390 | lrm: 1.00 | dt: 148ms | tok/sec: 1,771,734 | mfu: 20.5% | epoch: 1 | remaining: 133s    
step 01143 (55.8%) | loss: 3.140845 | lrm: 1.00 | dt: 148ms | tok/sec: 1,767,456 | mfu: 20.4% | epoch: 1 | remaining: 132s    
step 01144 (55.9%) | loss: 3.141668 | lrm: 1.00 | dt: 149ms | tok/sec: 1,764,350 | mfu: 20.4% | epoch: 1 | remaining: 132s    
step 01145 (55.9%) | loss: 3.138742 | lrm: 1.00 | dt: 148ms | tok/sec: 1,767,078 | mfu: 20.4% | epoch: 1 | remaining: 132s    
step 01146 (56.0%) | loss: 3.136698 | lrm: 1.00 | dt: 148ms | tok/sec: 1,770,464 | mfu: 20.5% | epoch: 1 | remaining: 132s    
step 01147 (56.0%) | loss: 3.145559 | lrm: 1.00 | dt: 148ms | tok/sec: 1,771,956 | mfu: 20.5% | epoch: 1 | remaining: 132s    
step 01148 (56.1%) | loss: 3.155131 | lrm: 1.00 | dt: 148ms | tok/sec: 1,772,142 | mfu: 20.5% | epoch: 1 | remaining: 132s    
step 01149 (56.1%) | loss: 3.158207 | lrm: 1.00 | dt: 148ms | tok/sec: 1,771,617 | mfu: 20.5% | epoch: 1 | remaining: 132s    
step 01150 (56.2%) | loss: 3.156894 | lrm: 1.00 | dt: 148ms | tok/sec: 1,771,697 | mfu: 20.5% | epoch: 1 | remaining: 131s    
step 01151 (56.2%) | loss: 3.153004 | lrm: 1.00 | dt: 148ms | tok/sec: 1,772,216 | mfu: 20.5% | epoch: 1 | remaining: 131s    
step 01152 (56.3%) | loss: 3.155941 | lrm: 1.00 | dt: 148ms | tok/sec: 1,772,493 | mfu: 20.5% | epoch: 1 | remaining: 131s    
step 01153 (56.3%) | loss: 3.157409 | lrm: 1.00 | dt: 148ms | tok/sec: 1,771,931 | mfu: 20.5% | epoch: 1 | remaining: 131s    
step 01154 (56.4%) | loss: 3.157212 | lrm: 1.00 | dt: 148ms | tok/sec: 1,771,794 | mfu: 20.5% | epoch: 1 | remaining: 131s    
step 01155 (56.4%) | loss: 3.156288 | lrm: 1.00 | dt: 148ms | tok/sec: 1,771,942 | mfu: 20.5% | epoch: 1 | remaining: 131s    
step 01156 (56.5%) | loss: 3.157989 | lrm: 1.00 | dt: 148ms | tok/sec: 1,771,725 | mfu: 20.5% | epoch: 1 | remaining: 130s    
step 01157 (56.5%) | loss: 3.152050 | lrm: 1.00 | dt: 148ms | tok/sec: 1,772,731 | mfu: 20.5% | epoch: 1 | remaining: 130s    
step 01158 (56.6%) | loss: 3.158091 | lrm: 1.00 | dt: 148ms | tok/sec: 1,771,939 | mfu: 20.5% | epoch: 1 | remaining: 130s    
step 01159 (56.6%) | loss: 3.158358 | lrm: 1.00 | dt: 148ms | tok/sec: 1,771,608 | mfu: 20.5% | epoch: 1 | remaining: 130s    
step 01160 (56.7%) | loss: 3.155578 | lrm: 1.00 | dt: 148ms | tok/sec: 1,770,684 | mfu: 20.5% | epoch: 1 | remaining: 130s    
step 01161 (56.7%) | loss: 3.155405 | lrm: 1.00 | dt: 148ms | tok/sec: 1,771,548 | mfu: 20.5% | epoch: 1 | remaining: 130s    
step 01162 (56.8%) | loss: 3.155735 | lrm: 1.00 | dt: 148ms | tok/sec: 1,771,240 | mfu: 20.5% | epoch: 1 | remaining: 130s    
step 01163 (56.8%) | loss: 3.152996 | lrm: 1.00 | dt: 148ms | tok/sec: 1,771,645 | mfu: 20.5% | epoch: 1 | remaining: 129s    
step 01164 (56.9%) | loss: 3.148551 | lrm: 1.00 | dt: 148ms | tok/sec: 1,770,952 | mfu: 20.5% | epoch: 1 | remaining: 129s    
step 01165 (56.9%) | loss: 3.149070 | lrm: 1.00 | dt: 148ms | tok/sec: 1,767,945 | mfu: 20.4% | epoch: 1 | remaining: 129s    
step 01166 (57.0%) | loss: 3.148582 | lrm: 1.00 | dt: 148ms | tok/sec: 1,771,308 | mfu: 20.5% | epoch: 1 | remaining: 129s    
step 01167 (57.0%) | loss: 3.144883 | lrm: 1.00 | dt: 148ms | tok/sec: 1,771,405 | mfu: 20.5% | epoch: 1 | remaining: 129s    
step 01168 (57.1%) | loss: 3.141300 | lrm: 1.00 | dt: 148ms | tok/sec: 1,771,448 | mfu: 20.5% | epoch: 1 | remaining: 129s    
step 01169 (57.1%) | loss: 3.141086 | lrm: 1.00 | dt: 148ms | tok/sec: 1,772,019 | mfu: 20.5% | epoch: 1 | remaining: 129s    
step 01170 (57.2%) | loss: 3.139521 | lrm: 1.00 | dt: 148ms | tok/sec: 1,771,956 | mfu: 20.5% | epoch: 1 | remaining: 128s    
step 01171 (57.2%) | loss: 3.141220 | lrm: 1.00 | dt: 148ms | tok/sec: 1,772,048 | mfu: 20.5% | epoch: 1 | remaining: 128s    
step 01172 (57.3%) | loss: 3.140153 | lrm: 1.00 | dt: 148ms | tok/sec: 1,771,577 | mfu: 20.5% | epoch: 1 | remaining: 128s    
step 01173 (57.3%) | loss: 3.139317 | lrm: 1.00 | dt: 148ms | tok/sec: 1,772,102 | mfu: 20.5% | epoch: 1 | remaining: 128s    
step 01174 (57.4%) | loss: 3.138054 | lrm: 1.00 | dt: 148ms | tok/sec: 1,771,745 | mfu: 20.5% | epoch: 1 | remaining: 128s    
step 01175 (57.4%) | loss: 3.138159 | lrm: 1.00 | dt: 148ms | tok/sec: 1,771,951 | mfu: 20.5% | epoch: 1 | remaining: 128s    
step 01176 (57.4%) | loss: 3.138967 | lrm: 1.00 | dt: 148ms | tok/sec: 1,771,517 | mfu: 20.5% | epoch: 1 | remaining: 128s    
step 01177 (57.5%) | loss: 3.133564 | lrm: 1.00 | dt: 148ms | tok/sec: 1,771,882 | mfu: 20.5% | epoch: 1 | remaining: 127s    
step 01178 (57.5%) | loss: 3.133954 | lrm: 1.00 | dt: 148ms | tok/sec: 1,772,496 | mfu: 20.5% | epoch: 1 | remaining: 127s    
step 01179 (57.6%) | loss: 3.138929 | lrm: 1.00 | dt: 148ms | tok/sec: 1,771,645 | mfu: 20.5% | epoch: 1 | remaining: 127s    
step 01180 (57.6%) | loss: 3.144808 | lrm: 1.00 | dt: 148ms | tok/sec: 1,771,911 | mfu: 20.5% | epoch: 1 | remaining: 127s    
step 01181 (57.7%) | loss: 3.147544 | lrm: 1.00 | dt: 148ms | tok/sec: 1,770,692 | mfu: 20.5% | epoch: 1 | remaining: 127s    
step 01182 (57.7%) | loss: 3.145949 | lrm: 1.00 | dt: 148ms | tok/sec: 1,769,464 | mfu: 20.5% | epoch: 1 | remaining: 127s    
step 01183 (57.8%) | loss: 3.148065 | lrm: 1.00 | dt: 148ms | tok/sec: 1,770,823 | mfu: 20.5% | epoch: 1 | remaining: 126s    
step 01184 (57.8%) | loss: 3.149252 | lrm: 1.00 | dt: 148ms | tok/sec: 1,771,562 | mfu: 20.5% | epoch: 1 | remaining: 126s    
step 01185 (57.9%) | loss: 3.144251 | lrm: 1.00 | dt: 148ms | tok/sec: 1,770,139 | mfu: 20.5% | epoch: 1 | remaining: 126s    
step 01186 (57.9%) | loss: 3.147722 | lrm: 1.00 | dt: 148ms | tok/sec: 1,768,932 | mfu: 20.5% | epoch: 1 | remaining: 126s    
step 01187 (58.0%) | loss: 3.151148 | lrm: 1.00 | dt: 148ms | tok/sec: 1,768,383 | mfu: 20.4% | epoch: 1 | remaining: 126s    
step 01188 (58.0%) | loss: 3.148926 | lrm: 1.00 | dt: 148ms | tok/sec: 1,769,735 | mfu: 20.5% | epoch: 1 | remaining: 126s    
step 01189 (58.1%) | loss: 3.149585 | lrm: 1.00 | dt: 148ms | tok/sec: 1,770,798 | mfu: 20.5% | epoch: 1 | remaining: 126s    
step 01190 (58.1%) | loss: 3.149870 | lrm: 1.00 | dt: 148ms | tok/sec: 1,771,263 | mfu: 20.5% | epoch: 1 | remaining: 125s    
step 01191 (58.2%) | loss: 3.148570 | lrm: 1.00 | dt: 148ms | tok/sec: 1,768,505 | mfu: 20.5% | epoch: 1 | remaining: 125s    
step 01192 (58.2%) | loss: 3.146839 | lrm: 1.00 | dt: 148ms | tok/sec: 1,767,979 | mfu: 20.4% | epoch: 1 | remaining: 125s    
step 01193 (58.3%) | loss: 3.152340 | lrm: 1.00 | dt: 148ms | tok/sec: 1,769,925 | mfu: 20.5% | epoch: 1 | remaining: 125s    
step 01194 (58.3%) | loss: 3.150263 | lrm: 1.00 | dt: 148ms | tok/sec: 1,770,618 | mfu: 20.5% | epoch: 1 | remaining: 125s    
step 01195 (58.4%) | loss: 3.143571 | lrm: 1.00 | dt: 148ms | tok/sec: 1,770,592 | mfu: 20.5% | epoch: 1 | remaining: 125s    
step 01196 (58.4%) | loss: 3.144066 | lrm: 1.00 | dt: 148ms | tok/sec: 1,771,648 | mfu: 20.5% | epoch: 1 | remaining: 125s    
step 01197 (58.5%) | loss: 3.141275 | lrm: 1.00 | dt: 148ms | tok/sec: 1,772,062 | mfu: 20.5% | epoch: 1 | remaining: 124s    
step 01198 (58.5%) | loss: 3.142645 | lrm: 1.00 | dt: 148ms | tok/sec: 1,771,343 | mfu: 20.5% | epoch: 1 | remaining: 124s    
step 01199 (58.6%) | loss: 3.138120 | lrm: 1.00 | dt: 148ms | tok/sec: 1,771,674 | mfu: 20.5% | epoch: 1 | remaining: 124s    
step 01200 (58.6%) | loss: 3.142526 | lrm: 1.00 | dt: 148ms | tok/sec: 1,771,842 | mfu: 20.5% | epoch: 1 | remaining: 124s    
step 01201 (58.7%) | loss: 3.142243 | lrm: 1.00 | dt: 148ms | tok/sec: 1,772,248 | mfu: 20.5% | epoch: 1 | remaining: 124s    
step 01202 (58.7%) | loss: 3.139681 | lrm: 1.00 | dt: 148ms | tok/sec: 1,770,992 | mfu: 20.5% | epoch: 1 | remaining: 124s    
step 01203 (58.8%) | loss: 3.135864 | lrm: 1.00 | dt: 148ms | tok/sec: 1,772,105 | mfu: 20.5% | epoch: 1 | remaining: 124s    
step 01204 (58.8%) | loss: 3.131778 | lrm: 1.00 | dt: 148ms | tok/sec: 1,771,485 | mfu: 20.5% | epoch: 1 | remaining: 123s    
step 01205 (58.9%) | loss: 3.130417 | lrm: 1.00 | dt: 148ms | tok/sec: 1,768,053 | mfu: 20.4% | epoch: 1 | remaining: 123s    
step 01206 (58.9%) | loss: 3.130619 | lrm: 1.00 | dt: 148ms | tok/sec: 1,769,857 | mfu: 20.5% | epoch: 1 | remaining: 123s    
step 01207 (59.0%) | loss: 3.130965 | lrm: 1.00 | dt: 148ms | tok/sec: 1,766,681 | mfu: 20.4% | epoch: 1 | remaining: 123s    
step 01208 (59.0%) | loss: 3.130118 | lrm: 1.00 | dt: 148ms | tok/sec: 1,771,251 | mfu: 20.5% | epoch: 1 | remaining: 123s    
step 01209 (59.1%) | loss: 3.133052 | lrm: 1.00 | dt: 148ms | tok/sec: 1,770,860 | mfu: 20.5% | epoch: 1 | remaining: 123s    
step 01210 (59.1%) | loss: 3.132429 | lrm: 1.00 | dt: 148ms | tok/sec: 1,771,434 | mfu: 20.5% | epoch: 1 | remaining: 122s    
step 01211 (59.2%) | loss: 3.129571 | lrm: 1.00 | dt: 148ms | tok/sec: 1,770,347 | mfu: 20.5% | epoch: 1 | remaining: 122s    
step 01212 (59.2%) | loss: 3.128325 | lrm: 1.00 | dt: 148ms | tok/sec: 1,770,601 | mfu: 20.5% | epoch: 1 | remaining: 122s    
step 01213 (59.3%) | loss: 3.133108 | lrm: 1.00 | dt: 148ms | tok/sec: 1,771,403 | mfu: 20.5% | epoch: 1 | remaining: 122s    
step 01214 (59.3%) | loss: 3.131973 | lrm: 1.00 | dt: 148ms | tok/sec: 1,770,937 | mfu: 20.5% | epoch: 1 | remaining: 122s    
step 01215 (59.4%) | loss: 3.134721 | lrm: 1.00 | dt: 148ms | tok/sec: 1,771,594 | mfu: 20.5% | epoch: 1 | remaining: 122s    
step 01216 (59.4%) | loss: 3.134082 | lrm: 1.00 | dt: 148ms | tok/sec: 1,771,771 | mfu: 20.5% | epoch: 1 | remaining: 122s    
step 01217 (59.5%) | loss: 3.132551 | lrm: 1.00 | dt: 148ms | tok/sec: 1,771,431 | mfu: 20.5% | epoch: 1 | remaining: 121s    
step 01218 (59.5%) | loss: 3.133329 | lrm: 1.00 | dt: 148ms | tok/sec: 1,771,457 | mfu: 20.5% | epoch: 1 | remaining: 121s    
step 01219 (59.6%) | loss: 3.127856 | lrm: 1.00 | dt: 148ms | tok/sec: 1,772,025 | mfu: 20.5% | epoch: 1 | remaining: 121s    
step 01220 (59.6%) | loss: 3.130636 | lrm: 1.00 | dt: 148ms | tok/sec: 1,772,279 | mfu: 20.5% | epoch: 1 | remaining: 121s    
step 01221 (59.7%) | loss: 3.134027 | lrm: 1.00 | dt: 148ms | tok/sec: 1,769,071 | mfu: 20.5% | epoch: 1 | remaining: 121s    
step 01222 (59.7%) | loss: 3.135257 | lrm: 1.00 | dt: 148ms | tok/sec: 1,768,496 | mfu: 20.5% | epoch: 1 | remaining: 121s    
step 01223 (59.8%) | loss: 3.137846 | lrm: 1.00 | dt: 148ms | tok/sec: 1,771,114 | mfu: 20.5% | epoch: 1 | remaining: 121s    
step 01224 (59.8%) | loss: 3.135266 | lrm: 1.00 | dt: 148ms | tok/sec: 1,771,894 | mfu: 20.5% | epoch: 1 | remaining: 120s    
step 01225 (59.9%) | loss: 3.133617 | lrm: 1.00 | dt: 148ms | tok/sec: 1,771,129 | mfu: 20.5% | epoch: 1 | remaining: 120s    
step 01226 (59.9%) | loss: 3.129521 | lrm: 1.00 | dt: 148ms | tok/sec: 1,771,200 | mfu: 20.5% | epoch: 1 | remaining: 120s    
step 01227 (60.0%) | loss: 3.129499 | lrm: 1.00 | dt: 148ms | tok/sec: 1,771,417 | mfu: 20.5% | epoch: 1 | remaining: 120s    
step 01228 (60.0%) | loss: 3.134120 | lrm: 1.00 | dt: 148ms | tok/sec: 1,772,028 | mfu: 20.5% | epoch: 1 | remaining: 120s    
step 01229 (60.1%) | loss: 3.129650 | lrm: 1.00 | dt: 148ms | tok/sec: 1,770,276 | mfu: 20.5% | epoch: 1 | remaining: 120s    
step 01230 (60.1%) | loss: 3.135463 | lrm: 1.00 | dt: 148ms | tok/sec: 1,768,761 | mfu: 20.5% | epoch: 1 | remaining: 120s    
step 01231 (60.2%) | loss: 3.133560 | lrm: 1.00 | dt: 148ms | tok/sec: 1,769,985 | mfu: 20.5% | epoch: 1 | remaining: 119s    
step 01232 (60.2%) | loss: 3.129679 | lrm: 1.00 | dt: 148ms | tok/sec: 1,771,748 | mfu: 20.5% | epoch: 1 | remaining: 119s    
step 01233 (60.3%) | loss: 3.128604 | lrm: 1.00 | dt: 148ms | tok/sec: 1,771,728 | mfu: 20.5% | epoch: 1 | remaining: 119s    
step 01234 (60.3%) | loss: 3.129848 | lrm: 1.00 | dt: 148ms | tok/sec: 1,771,654 | mfu: 20.5% | epoch: 1 | remaining: 119s    
step 01235 (60.4%) | loss: 3.129702 | lrm: 1.00 | dt: 148ms | tok/sec: 1,769,880 | mfu: 20.5% | epoch: 1 | remaining: 119s    
step 01236 (60.4%) | loss: 3.128530 | lrm: 1.00 | dt: 148ms | tok/sec: 1,770,772 | mfu: 20.5% | epoch: 1 | remaining: 119s    
step 01237 (60.5%) | loss: 3.133138 | lrm: 1.00 | dt: 148ms | tok/sec: 1,770,986 | mfu: 20.5% | epoch: 1 | remaining: 118s    
step 01238 (60.5%) | loss: 3.134843 | lrm: 1.00 | dt: 148ms | tok/sec: 1,771,825 | mfu: 20.5% | epoch: 1 | remaining: 118s    
step 01239 (60.6%) | loss: 3.131617 | lrm: 1.00 | dt: 148ms | tok/sec: 1,771,734 | mfu: 20.5% | epoch: 1 | remaining: 118s    
step 01240 (60.6%) | loss: 3.135621 | lrm: 1.00 | dt: 148ms | tok/sec: 1,768,639 | mfu: 20.5% | epoch: 1 | remaining: 118s    
step 01241 (60.7%) | loss: 3.134229 | lrm: 1.00 | dt: 148ms | tok/sec: 1,769,555 | mfu: 20.5% | epoch: 1 | remaining: 118s    
step 01242 (60.7%) | loss: 3.132405 | lrm: 1.00 | dt: 148ms | tok/sec: 1,770,356 | mfu: 20.5% | epoch: 1 | remaining: 118s    
step 01243 (60.8%) | loss: 3.133441 | lrm: 1.00 | dt: 148ms | tok/sec: 1,771,796 | mfu: 20.5% | epoch: 1 | remaining: 118s    
step 01244 (60.8%) | loss: 3.137640 | lrm: 1.00 | dt: 148ms | tok/sec: 1,771,876 | mfu: 20.5% | epoch: 1 | remaining: 117s    
step 01245 (60.9%) | loss: 3.141168 | lrm: 1.00 | dt: 148ms | tok/sec: 1,771,982 | mfu: 20.5% | epoch: 1 | remaining: 117s    
step 01246 (60.9%) | loss: 3.137609 | lrm: 1.00 | dt: 148ms | tok/sec: 1,771,762 | mfu: 20.5% | epoch: 1 | remaining: 117s    
step 01247 (61.0%) | loss: 3.137265 | lrm: 1.00 | dt: 148ms | tok/sec: 1,771,314 | mfu: 20.5% | epoch: 1 | remaining: 117s    
step 01248 (61.0%) | loss: 3.137039 | lrm: 1.00 | dt: 148ms | tok/sec: 1,771,859 | mfu: 20.5% | epoch: 1 | remaining: 117s    
step 01249 (61.1%) | loss: 3.134038 | lrm: 1.00 | dt: 148ms | tok/sec: 1,771,348 | mfu: 20.5% | epoch: 1 | remaining: 117s    
step 01250 (61.1%) | loss: 3.133152 | lrm: 1.00 | dt: 148ms | tok/sec: 1,771,722 | mfu: 20.5% | epoch: 1 | remaining: 117s    
step 01251 (61.1%) | loss: 3.132392 | lrm: 1.00 | dt: 148ms | tok/sec: 1,771,111 | mfu: 20.5% | epoch: 1 | remaining: 116s    
step 01252 (61.2%) | loss: 3.130637 | lrm: 1.00 | dt: 148ms | tok/sec: 1,771,457 | mfu: 20.5% | epoch: 1 | remaining: 116s    
step 01253 (61.2%) | loss: 3.136693 | lrm: 1.00 | dt: 148ms | tok/sec: 1,772,105 | mfu: 20.5% | epoch: 1 | remaining: 116s    
step 01254 (61.3%) | loss: 3.139700 | lrm: 1.00 | dt: 148ms | tok/sec: 1,771,248 | mfu: 20.5% | epoch: 1 | remaining: 116s    
step 01255 (61.3%) | loss: 3.138448 | lrm: 1.00 | dt: 148ms | tok/sec: 1,771,197 | mfu: 20.5% | epoch: 1 | remaining: 116s    
step 01256 (61.4%) | loss: 3.130926 | lrm: 1.00 | dt: 148ms | tok/sec: 1,771,525 | mfu: 20.5% | epoch: 1 | remaining: 116s    
step 01257 (61.4%) | loss: 3.132344 | lrm: 1.00 | dt: 148ms | tok/sec: 1,771,080 | mfu: 20.5% | epoch: 1 | remaining: 116s    
step 01258 (61.5%) | loss: 3.133271 | lrm: 1.00 | dt: 148ms | tok/sec: 1,771,317 | mfu: 20.5% | epoch: 1 | remaining: 115s    
step 01259 (61.5%) | loss: 3.128489 | lrm: 1.00 | dt: 148ms | tok/sec: 1,770,475 | mfu: 20.5% | epoch: 1 | remaining: 115s    
step 01260 (61.6%) | loss: 3.124577 | lrm: 1.00 | dt: 148ms | tok/sec: 1,771,611 | mfu: 20.5% | epoch: 1 | remaining: 115s    
step 01261 (61.6%) | loss: 3.130508 | lrm: 1.00 | dt: 148ms | tok/sec: 1,771,311 | mfu: 20.5% | epoch: 1 | remaining: 115s    
step 01262 (61.7%) | loss: 3.130645 | lrm: 1.00 | dt: 148ms | tok/sec: 1,771,408 | mfu: 20.5% | epoch: 1 | remaining: 115s    
step 01263 (61.7%) | loss: 3.129177 | lrm: 1.00 | dt: 148ms | tok/sec: 1,771,722 | mfu: 20.5% | epoch: 1 | remaining: 115s    
step 01264 (61.8%) | loss: 3.130909 | lrm: 1.00 | dt: 148ms | tok/sec: 1,770,926 | mfu: 20.5% | epoch: 1 | remaining: 114s    
step 01265 (61.8%) | loss: 3.128646 | lrm: 1.00 | dt: 148ms | tok/sec: 1,770,946 | mfu: 20.5% | epoch: 1 | remaining: 114s    
step 01266 (61.9%) | loss: 3.126627 | lrm: 1.00 | dt: 148ms | tok/sec: 1,772,025 | mfu: 20.5% | epoch: 1 | remaining: 114s    
step 01267 (61.9%) | loss: 3.123651 | lrm: 1.00 | dt: 148ms | tok/sec: 1,767,601 | mfu: 20.4% | epoch: 1 | remaining: 114s    
step 01268 (62.0%) | loss: 3.125296 | lrm: 1.00 | dt: 148ms | tok/sec: 1,769,908 | mfu: 20.5% | epoch: 1 | remaining: 114s    
step 01269 (62.0%) | loss: 3.126101 | lrm: 1.00 | dt: 148ms | tok/sec: 1,771,717 | mfu: 20.5% | epoch: 1 | remaining: 114s    
step 01270 (62.1%) | loss: 3.125249 | lrm: 1.00 | dt: 148ms | tok/sec: 1,770,726 | mfu: 20.5% | epoch: 1 | remaining: 114s    
step 01271 (62.1%) | loss: 3.128129 | lrm: 1.00 | dt: 148ms | tok/sec: 1,771,049 | mfu: 20.5% | epoch: 1 | remaining: 113s    
step 01272 (62.2%) | loss: 3.128501 | lrm: 1.00 | dt: 150ms | tok/sec: 1,741,897 | mfu: 20.1% | epoch: 1 | remaining: 113s    
step 01273 (62.2%) | loss: 3.130268 | lrm: 1.00 | dt: 148ms | tok/sec: 1,768,124 | mfu: 20.4% | epoch: 1 | remaining: 113s    
step 01274 (62.3%) | loss: 3.130481 | lrm: 1.00 | dt: 148ms | tok/sec: 1,770,373 | mfu: 20.5% | epoch: 1 | remaining: 113s    
step 01275 (62.3%) | loss: 3.125064 | lrm: 1.00 | dt: 148ms | tok/sec: 1,769,700 | mfu: 20.5% | epoch: 1 | remaining: 113s    
step 01276 (62.4%) | loss: 3.119237 | lrm: 1.00 | dt: 148ms | tok/sec: 1,769,880 | mfu: 20.5% | epoch: 1 | remaining: 113s    
step 01277 (62.4%) | loss: 3.123073 | lrm: 1.00 | dt: 148ms | tok/sec: 1,769,444 | mfu: 20.5% | epoch: 1 | remaining: 113s    
step 01278 (62.5%) | loss: 3.123395 | lrm: 1.00 | dt: 148ms | tok/sec: 1,771,454 | mfu: 20.5% | epoch: 1 | remaining: 112s    
step 01279 (62.5%) | loss: 3.126379 | lrm: 1.00 | dt: 148ms | tok/sec: 1,771,542 | mfu: 20.5% | epoch: 1 | remaining: 112s    
step 01280 (62.6%) | loss: 3.125266 | lrm: 1.00 | dt: 148ms | tok/sec: 1,770,296 | mfu: 20.5% | epoch: 1 | remaining: 112s    
step 01281 (62.6%) | loss: 3.125506 | lrm: 1.00 | dt: 148ms | tok/sec: 1,771,400 | mfu: 20.5% | epoch: 1 | remaining: 112s    
step 01282 (62.7%) | loss: 3.129040 | lrm: 1.00 | dt: 148ms | tok/sec: 1,771,054 | mfu: 20.5% | epoch: 1 | remaining: 112s    
step 01283 (62.7%) | loss: 3.128046 | lrm: 1.00 | dt: 148ms | tok/sec: 1,771,405 | mfu: 20.5% | epoch: 1 | remaining: 112s    
step 01284 (62.8%) | loss: 3.125843 | lrm: 1.00 | dt: 148ms | tok/sec: 1,771,856 | mfu: 20.5% | epoch: 1 | remaining: 112s    
step 01285 (62.8%) | loss: 3.126000 | lrm: 1.00 | dt: 148ms | tok/sec: 1,771,094 | mfu: 20.5% | epoch: 1 | remaining: 111s    
step 01286 (62.9%) | loss: 3.130023 | lrm: 1.00 | dt: 148ms | tok/sec: 1,770,886 | mfu: 20.5% | epoch: 1 | remaining: 111s    
step 01287 (62.9%) | loss: 3.128458 | lrm: 1.00 | dt: 148ms | tok/sec: 1,771,488 | mfu: 20.5% | epoch: 1 | remaining: 111s    
step 01288 (63.0%) | loss: 3.124820 | lrm: 1.00 | dt: 148ms | tok/sec: 1,771,582 | mfu: 20.5% | epoch: 1 | remaining: 111s    
step 01289 (63.0%) | loss: 3.118557 | lrm: 1.00 | dt: 148ms | tok/sec: 1,771,086 | mfu: 20.5% | epoch: 1 | remaining: 111s    
step 01290 (63.1%) | loss: 3.122191 | lrm: 1.00 | dt: 148ms | tok/sec: 1,771,505 | mfu: 20.5% | epoch: 1 | remaining: 111s    
step 01291 (63.1%) | loss: 3.117723 | lrm: 1.00 | dt: 148ms | tok/sec: 1,770,453 | mfu: 20.5% | epoch: 1 | remaining: 110s    
step 01292 (63.2%) | loss: 3.115830 | lrm: 1.00 | dt: 148ms | tok/sec: 1,770,550 | mfu: 20.5% | epoch: 1 | remaining: 110s    
step 01293 (63.2%) | loss: 3.117671 | lrm: 1.00 | dt: 148ms | tok/sec: 1,770,467 | mfu: 20.5% | epoch: 1 | remaining: 110s    
step 01294 (63.3%) | loss: 3.120186 | lrm: 1.00 | dt: 148ms | tok/sec: 1,772,073 | mfu: 20.5% | epoch: 1 | remaining: 110s    
step 01295 (63.3%) | loss: 3.121469 | lrm: 1.00 | dt: 148ms | tok/sec: 1,771,742 | mfu: 20.5% | epoch: 1 | remaining: 110s    
step 01296 (63.4%) | loss: 3.121952 | lrm: 1.00 | dt: 148ms | tok/sec: 1,771,794 | mfu: 20.5% | epoch: 1 | remaining: 110s    
step 01297 (63.4%) | loss: 3.122797 | lrm: 1.00 | dt: 148ms | tok/sec: 1,771,303 | mfu: 20.5% | epoch: 1 | remaining: 110s    
step 01298 (63.5%) | loss: 3.125247 | lrm: 1.00 | dt: 148ms | tok/sec: 1,771,223 | mfu: 20.5% | epoch: 1 | remaining: 109s    
step 01299 (63.5%) | loss: 3.128642 | lrm: 1.00 | dt: 148ms | tok/sec: 1,769,379 | mfu: 20.5% | epoch: 1 | remaining: 109s    
step 01300 (63.6%) | loss: 3.127577 | lrm: 1.00 | dt: 148ms | tok/sec: 1,771,049 | mfu: 20.5% | epoch: 1 | remaining: 109s    
step 01301 (63.6%) | loss: 3.124794 | lrm: 1.00 | dt: 148ms | tok/sec: 1,770,350 | mfu: 20.5% | epoch: 1 | remaining: 109s    
step 01302 (63.7%) | loss: 3.126796 | lrm: 1.00 | dt: 148ms | tok/sec: 1,770,493 | mfu: 20.5% | epoch: 1 | remaining: 109s    
step 01303 (63.7%) | loss: 3.123756 | lrm: 1.00 | dt: 148ms | tok/sec: 1,770,165 | mfu: 20.5% | epoch: 1 | remaining: 109s    
step 01304 (63.8%) | loss: 3.121127 | lrm: 1.00 | dt: 148ms | tok/sec: 1,770,518 | mfu: 20.5% | epoch: 1 | remaining: 109s    
step 01305 (63.8%) | loss: 3.121944 | lrm: 1.00 | dt: 148ms | tok/sec: 1,771,682 | mfu: 20.5% | epoch: 1 | remaining: 108s    
step 01306 (63.9%) | loss: 3.115973 | lrm: 1.00 | dt: 148ms | tok/sec: 1,772,222 | mfu: 20.5% | epoch: 1 | remaining: 108s    
step 01307 (63.9%) | loss: 3.117274 | lrm: 1.00 | dt: 148ms | tok/sec: 1,770,895 | mfu: 20.5% | epoch: 1 | remaining: 108s    
step 01308 (64.0%) | loss: 3.119889 | lrm: 1.00 | dt: 148ms | tok/sec: 1,772,028 | mfu: 20.5% | epoch: 1 | remaining: 108s    
step 01309 (64.0%) | loss: 3.119817 | lrm: 1.00 | dt: 148ms | tok/sec: 1,771,223 | mfu: 20.5% | epoch: 1 | remaining: 108s    
step 01310 (64.1%) | loss: 3.118902 | lrm: 1.00 | dt: 148ms | tok/sec: 1,771,474 | mfu: 20.5% | epoch: 1 | remaining: 108s    
step 01311 (64.1%) | loss: 3.116427 | lrm: 1.00 | dt: 148ms | tok/sec: 1,772,028 | mfu: 20.5% | epoch: 1 | remaining: 108s    
step 01312 (64.2%) | loss: 3.112092 | lrm: 1.00 | dt: 148ms | tok/sec: 1,770,992 | mfu: 20.5% | epoch: 1 | remaining: 107s    
step 01313 (64.2%) | loss: 3.107980 | lrm: 1.00 | dt: 148ms | tok/sec: 1,772,005 | mfu: 20.5% | epoch: 1 | remaining: 107s    
step 01314 (64.3%) | loss: 3.115213 | lrm: 1.00 | dt: 148ms | tok/sec: 1,771,617 | mfu: 20.5% | epoch: 1 | remaining: 107s    
step 01315 (64.3%) | loss: 3.118620 | lrm: 1.00 | dt: 148ms | tok/sec: 1,771,314 | mfu: 20.5% | epoch: 1 | remaining: 107s    
step 01316 (64.4%) | loss: 3.114627 | lrm: 1.00 | dt: 148ms | tok/sec: 1,771,505 | mfu: 20.5% | epoch: 1 | remaining: 107s    
step 01317 (64.4%) | loss: 3.116940 | lrm: 1.00 | dt: 148ms | tok/sec: 1,771,694 | mfu: 20.5% | epoch: 1 | remaining: 107s    
step 01318 (64.5%) | loss: 3.117855 | lrm: 1.00 | dt: 148ms | tok/sec: 1,770,912 | mfu: 20.5% | epoch: 1 | remaining: 106s    
step 01319 (64.5%) | loss: 3.117529 | lrm: 1.00 | dt: 148ms | tok/sec: 1,769,390 | mfu: 20.5% | epoch: 1 | remaining: 106s    
step 01320 (64.6%) | loss: 3.122204 | lrm: 1.00 | dt: 149ms | tok/sec: 1,757,317 | mfu: 20.3% | epoch: 1 | remaining: 106s    
step 01321 (64.6%) | loss: 3.120378 | lrm: 1.00 | dt: 148ms | tok/sec: 1,770,153 | mfu: 20.5% | epoch: 1 | remaining: 106s    
step 01322 (64.7%) | loss: 3.119357 | lrm: 1.00 | dt: 148ms | tok/sec: 1,770,675 | mfu: 20.5% | epoch: 1 | remaining: 106s    
step 01323 (64.7%) | loss: 3.123915 | lrm: 1.00 | dt: 148ms | tok/sec: 1,772,765 | mfu: 20.5% | epoch: 1 | remaining: 106s    
step 01324 (64.8%) | loss: 3.125320 | lrm: 1.00 | dt: 148ms | tok/sec: 1,771,303 | mfu: 20.5% | epoch: 1 | remaining: 106s    
step 01325 (64.8%) | loss: 3.127791 | lrm: 1.00 | dt: 148ms | tok/sec: 1,768,695 | mfu: 20.5% | epoch: 1 | remaining: 105s    
step 01326 (64.9%) | loss: 3.122838 | lrm: 1.00 | dt: 148ms | tok/sec: 1,772,173 | mfu: 20.5% | epoch: 1 | remaining: 105s    
step 01327 (64.9%) | loss: 3.120078 | lrm: 1.00 | dt: 148ms | tok/sec: 1,771,728 | mfu: 20.5% | epoch: 1 | remaining: 105s    
step 01328 (65.0%) | loss: 3.122498 | lrm: 1.00 | dt: 148ms | tok/sec: 1,771,451 | mfu: 20.5% | epoch: 1 | remaining: 105s    
step 01329 (65.0%) | loss: 3.120346 | lrm: 1.00 | dt: 148ms | tok/sec: 1,770,906 | mfu: 20.5% | epoch: 1 | remaining: 105s    
step 01330 (65.0%) | loss: 3.117496 | lrm: 1.00 | dt: 148ms | tok/sec: 1,771,137 | mfu: 20.5% | epoch: 1 | remaining: 105s    
step 01331 (65.1%) | loss: 3.117930 | lrm: 1.00 | dt: 154ms | tok/sec: 1,707,695 | mfu: 19.7% | epoch: 1 | remaining: 105s    
step 01332 (65.1%) | loss: 3.110153 | lrm: 1.00 | dt: 148ms | tok/sec: 1,770,806 | mfu: 20.5% | epoch: 1 | remaining: 104s    
step 01333 (65.2%) | loss: 3.107598 | lrm: 1.00 | dt: 148ms | tok/sec: 1,770,054 | mfu: 20.5% | epoch: 1 | remaining: 104s    
step 01334 (65.2%) | loss: 3.109151 | lrm: 1.00 | dt: 148ms | tok/sec: 1,771,223 | mfu: 20.5% | epoch: 1 | remaining: 104s    
step 01335 (65.3%) | loss: 3.108584 | lrm: 1.00 | dt: 148ms | tok/sec: 1,770,310 | mfu: 20.5% | epoch: 1 | remaining: 104s    
step 01336 (65.3%) | loss: 3.112214 | lrm: 1.00 | dt: 148ms | tok/sec: 1,770,838 | mfu: 20.5% | epoch: 1 | remaining: 104s    
step 01337 (65.4%) | loss: 3.112778 | lrm: 1.00 | dt: 150ms | tok/sec: 1,743,548 | mfu: 20.2% | epoch: 1 | remaining: 104s    
step 01338 (65.4%) | loss: 3.110230 | lrm: 1.00 | dt: 148ms | tok/sec: 1,769,339 | mfu: 20.5% | epoch: 1 | remaining: 104s    
step 01339 (65.5%) | loss: 3.110308 | lrm: 1.00 | dt: 148ms | tok/sec: 1,769,940 | mfu: 20.5% | epoch: 1 | remaining: 103s    
step 01340 (65.5%) | loss: 3.107698 | lrm: 1.00 | dt: 148ms | tok/sec: 1,769,028 | mfu: 20.5% | epoch: 1 | remaining: 103s    
step 01341 (65.6%) | loss: 3.114097 | lrm: 1.00 | dt: 148ms | tok/sec: 1,770,099 | mfu: 20.5% | epoch: 1 | remaining: 103s    
step 01342 (65.6%) | loss: 3.109780 | lrm: 1.00 | dt: 148ms | tok/sec: 1,770,350 | mfu: 20.5% | epoch: 1 | remaining: 103s    
step 01343 (65.7%) | loss: 3.115897 | lrm: 1.00 | dt: 148ms | tok/sec: 1,770,952 | mfu: 20.5% | epoch: 1 | remaining: 103s    
step 01344 (65.7%) | loss: 3.113803 | lrm: 1.00 | dt: 148ms | tok/sec: 1,771,009 | mfu: 20.5% | epoch: 1 | remaining: 103s    
step 01345 (65.8%) | loss: 3.112281 | lrm: 1.00 | dt: 148ms | tok/sec: 1,770,957 | mfu: 20.5% | epoch: 1 | remaining: 102s    
step 01346 (65.8%) | loss: 3.117266 | lrm: 1.00 | dt: 148ms | tok/sec: 1,771,634 | mfu: 20.5% | epoch: 1 | remaining: 102s    
step 01347 (65.9%) | loss: 3.115403 | lrm: 1.00 | dt: 148ms | tok/sec: 1,771,474 | mfu: 20.5% | epoch: 1 | remaining: 102s    
step 01348 (65.9%) | loss: 3.110355 | lrm: 1.00 | dt: 148ms | tok/sec: 1,771,688 | mfu: 20.5% | epoch: 1 | remaining: 102s    
step 01349 (66.0%) | loss: 3.109035 | lrm: 1.00 | dt: 148ms | tok/sec: 1,771,200 | mfu: 20.5% | epoch: 1 | remaining: 102s    
step 01350 (66.0%) | loss: 3.110284 | lrm: 1.00 | dt: 148ms | tok/sec: 1,772,536 | mfu: 20.5% | epoch: 1 | remaining: 102s    
step 01351 (66.1%) | loss: 3.111111 | lrm: 1.00 | dt: 148ms | tok/sec: 1,771,328 | mfu: 20.5% | epoch: 1 | remaining: 102s    
step 01352 (66.1%) | loss: 3.115725 | lrm: 1.00 | dt: 148ms | tok/sec: 1,771,514 | mfu: 20.5% | epoch: 1 | remaining: 101s    
step 01353 (66.2%) | loss: 3.119437 | lrm: 1.00 | dt: 148ms | tok/sec: 1,770,937 | mfu: 20.5% | epoch: 1 | remaining: 101s    
step 01354 (66.2%) | loss: 3.116840 | lrm: 1.00 | dt: 148ms | tok/sec: 1,771,468 | mfu: 20.5% | epoch: 1 | remaining: 101s    
step 01355 (66.3%) | loss: 3.118955 | lrm: 1.00 | dt: 148ms | tok/sec: 1,769,555 | mfu: 20.5% | epoch: 1 | remaining: 101s    
step 01356 (66.3%) | loss: 3.119949 | lrm: 1.00 | dt: 148ms | tok/sec: 1,768,735 | mfu: 20.5% | epoch: 1 | remaining: 101s    
step 01357 (66.4%) | loss: 3.124266 | lrm: 1.00 | dt: 148ms | tok/sec: 1,769,925 | mfu: 20.5% | epoch: 1 | remaining: 101s    
step 01358 (66.4%) | loss: 3.125690 | lrm: 1.00 | dt: 148ms | tok/sec: 1,770,470 | mfu: 20.5% | epoch: 1 | remaining: 101s    
step 01359 (66.5%) | loss: 3.122340 | lrm: 1.00 | dt: 148ms | tok/sec: 1,769,655 | mfu: 20.5% | epoch: 1 | remaining: 100s    
step 01360 (66.5%) | loss: 3.123074 | lrm: 1.00 | dt: 148ms | tok/sec: 1,770,418 | mfu: 20.5% | epoch: 1 | remaining: 100s    
step 01361 (66.6%) | loss: 3.121059 | lrm: 1.00 | dt: 148ms | tok/sec: 1,770,692 | mfu: 20.5% | epoch: 1 | remaining: 100s    
step 01362 (66.6%) | loss: 3.119297 | lrm: 1.00 | dt: 148ms | tok/sec: 1,770,601 | mfu: 20.5% | epoch: 1 | remaining: 100s    
step 01363 (66.7%) | loss: 3.116895 | lrm: 1.00 | dt: 148ms | tok/sec: 1,770,763 | mfu: 20.5% | epoch: 1 | remaining: 100s    
step 01364 (66.7%) | loss: 3.117801 | lrm: 1.00 | dt: 148ms | tok/sec: 1,770,521 | mfu: 20.5% | epoch: 1 | remaining: 100s    
step 01365 (66.8%) | loss: 3.117640 | lrm: 1.00 | dt: 148ms | tok/sec: 1,771,100 | mfu: 20.5% | epoch: 1 | remaining: 100s    
step 01366 (66.8%) | loss: 3.117405 | lrm: 1.00 | dt: 148ms | tok/sec: 1,770,513 | mfu: 20.5% | epoch: 1 | remaining: 99s    
step 01367 (66.9%) | loss: 3.124889 | lrm: 1.00 | dt: 148ms | tok/sec: 1,771,092 | mfu: 20.5% | epoch: 1 | remaining: 99s    
step 01368 (66.9%) | loss: 3.123472 | lrm: 1.00 | dt: 148ms | tok/sec: 1,770,082 | mfu: 20.5% | epoch: 1 | remaining: 99s    
step 01369 (67.0%) | loss: 3.120358 | lrm: 1.00 | dt: 148ms | tok/sec: 1,771,049 | mfu: 20.5% | epoch: 1 | remaining: 99s    
step 01370 (67.0%) | loss: 3.122005 | lrm: 1.00 | dt: 148ms | tok/sec: 1,770,453 | mfu: 20.5% | epoch: 1 | remaining: 99s    
step 01371 (67.1%) | loss: 3.126910 | lrm: 1.00 | dt: 148ms | tok/sec: 1,768,787 | mfu: 20.5% | epoch: 1 | remaining: 99s    
step 01372 (67.1%) | loss: 3.122391 | lrm: 1.00 | dt: 148ms | tok/sec: 1,769,698 | mfu: 20.5% | epoch: 1 | remaining: 98s    
step 01373 (67.2%) | loss: 3.122797 | lrm: 1.00 | dt: 148ms | tok/sec: 1,770,270 | mfu: 20.5% | epoch: 1 | remaining: 98s    
step 01374 (67.2%) | loss: 3.121606 | lrm: 1.00 | dt: 148ms | tok/sec: 1,769,792 | mfu: 20.5% | epoch: 1 | remaining: 98s    
step 01375 (67.3%) | loss: 3.123545 | lrm: 1.00 | dt: 148ms | tok/sec: 1,770,672 | mfu: 20.5% | epoch: 1 | remaining: 98s    
step 01376 (67.3%) | loss: 3.125868 | lrm: 1.00 | dt: 148ms | tok/sec: 1,770,627 | mfu: 20.5% | epoch: 1 | remaining: 98s    
step 01377 (67.4%) | loss: 3.126063 | lrm: 1.00 | dt: 148ms | tok/sec: 1,770,173 | mfu: 20.5% | epoch: 1 | remaining: 98s    
step 01378 (67.4%) | loss: 3.125876 | lrm: 1.00 | dt: 148ms | tok/sec: 1,769,849 | mfu: 20.5% | epoch: 1 | remaining: 98s    
step 01379 (67.5%) | loss: 3.127958 | lrm: 1.00 | dt: 148ms | tok/sec: 1,770,495 | mfu: 20.5% | epoch: 1 | remaining: 97s    
step 01380 (67.5%) | loss: 3.129720 | lrm: 1.00 | dt: 148ms | tok/sec: 1,770,826 | mfu: 20.5% | epoch: 1 | remaining: 97s    
step 01381 (67.6%) | loss: 3.127103 | lrm: 1.00 | dt: 148ms | tok/sec: 1,771,631 | mfu: 20.5% | epoch: 1 | remaining: 97s    
step 01382 (67.6%) | loss: 3.121216 | lrm: 1.00 | dt: 148ms | tok/sec: 1,770,604 | mfu: 20.5% | epoch: 1 | remaining: 97s    
step 01383 (67.7%) | loss: 3.123629 | lrm: 1.00 | dt: 148ms | tok/sec: 1,771,400 | mfu: 20.5% | epoch: 1 | remaining: 97s    
step 01384 (67.7%) | loss: 3.123022 | lrm: 1.00 | dt: 148ms | tok/sec: 1,770,997 | mfu: 20.5% | epoch: 1 | remaining: 97s    
step 01385 (67.8%) | loss: 3.122574 | lrm: 1.00 | dt: 148ms | tok/sec: 1,771,228 | mfu: 20.5% | epoch: 1 | remaining: 97s    
step 01386 (67.8%) | loss: 3.120588 | lrm: 1.00 | dt: 178ms | tok/sec: 1,472,873 | mfu: 17.0% | epoch: 1 | remaining: 96s    
step 01387 (67.9%) | loss: 3.119145 | lrm: 1.00 | dt: 148ms | tok/sec: 1,770,000 | mfu: 20.5% | epoch: 1 | remaining: 96s    
step 01388 (67.9%) | loss: 3.118518 | lrm: 1.00 | dt: 148ms | tok/sec: 1,770,823 | mfu: 20.5% | epoch: 1 | remaining: 96s    
step 01389 (68.0%) | loss: 3.122656 | lrm: 1.00 | dt: 148ms | tok/sec: 1,768,880 | mfu: 20.5% | epoch: 1 | remaining: 96s    
step 01390 (68.0%) | loss: 3.121577 | lrm: 1.00 | dt: 148ms | tok/sec: 1,769,567 | mfu: 20.5% | epoch: 1 | remaining: 96s    
step 01391 (68.1%) | loss: 3.121352 | lrm: 1.00 | dt: 148ms | tok/sec: 1,771,348 | mfu: 20.5% | epoch: 1 | remaining: 96s    
step 01392 (68.1%) | loss: 3.121633 | lrm: 1.00 | dt: 148ms | tok/sec: 1,770,490 | mfu: 20.5% | epoch: 1 | remaining: 95s    
step 01393 (68.2%) | loss: 3.120458 | lrm: 1.00 | dt: 148ms | tok/sec: 1,771,214 | mfu: 20.5% | epoch: 1 | remaining: 95s    
step 01394 (68.2%) | loss: 3.121895 | lrm: 1.00 | dt: 148ms | tok/sec: 1,771,522 | mfu: 20.5% | epoch: 1 | remaining: 95s    
step 01395 (68.3%) | loss: 3.122838 | lrm: 1.00 | dt: 148ms | tok/sec: 1,771,571 | mfu: 20.5% | epoch: 1 | remaining: 95s    
step 01396 (68.3%) | loss: 3.121066 | lrm: 1.00 | dt: 148ms | tok/sec: 1,771,522 | mfu: 20.5% | epoch: 1 | remaining: 95s    
step 01397 (68.4%) | loss: 3.120914 | lrm: 1.00 | dt: 148ms | tok/sec: 1,770,678 | mfu: 20.5% | epoch: 1 | remaining: 95s    
step 01398 (68.4%) | loss: 3.126053 | lrm: 1.00 | dt: 148ms | tok/sec: 1,772,142 | mfu: 20.5% | epoch: 1 | remaining: 95s    
step 01399 (68.5%) | loss: 3.124818 | lrm: 1.00 | dt: 148ms | tok/sec: 1,769,880 | mfu: 20.5% | epoch: 1 | remaining: 94s    
step 01400 (68.5%) | loss: 3.124980 | lrm: 1.00 | dt: 148ms | tok/sec: 1,771,736 | mfu: 20.5% | epoch: 1 | remaining: 94s    
step 01401 (68.6%) | loss: 3.124064 | lrm: 1.00 | dt: 148ms | tok/sec: 1,772,011 | mfu: 20.5% | epoch: 1 | remaining: 94s    
step 01402 (68.6%) | loss: 3.127048 | lrm: 1.00 | dt: 148ms | tok/sec: 1,771,468 | mfu: 20.5% | epoch: 1 | remaining: 94s    
step 01403 (68.7%) | loss: 3.128402 | lrm: 1.00 | dt: 148ms | tok/sec: 1,772,305 | mfu: 20.5% | epoch: 1 | remaining: 94s    
step 01404 (68.7%) | loss: 3.126486 | lrm: 1.00 | dt: 148ms | tok/sec: 1,771,251 | mfu: 20.5% | epoch: 1 | remaining: 94s    
step 01405 (68.8%) | loss: 3.124958 | lrm: 1.00 | dt: 148ms | tok/sec: 1,771,936 | mfu: 20.5% | epoch: 1 | remaining: 94s    
step 01406 (68.8%) | loss: 3.123919 | lrm: 1.00 | dt: 148ms | tok/sec: 1,770,279 | mfu: 20.5% | epoch: 1 | remaining: 93s    
step 01407 (68.9%) | loss: 3.129272 | lrm: 1.00 | dt: 148ms | tok/sec: 1,770,501 | mfu: 20.5% | epoch: 1 | remaining: 93s    
step 01408 (68.9%) | loss: 3.121324 | lrm: 1.00 | dt: 148ms | tok/sec: 1,770,570 | mfu: 20.5% | epoch: 1 | remaining: 93s    
step 01409 (69.0%) | loss: 3.119047 | lrm: 1.00 | dt: 148ms | tok/sec: 1,771,705 | mfu: 20.5% | epoch: 1 | remaining: 93s    
step 01410 (69.0%) | loss: 3.118994 | lrm: 1.00 | dt: 148ms | tok/sec: 1,771,206 | mfu: 20.5% | epoch: 1 | remaining: 93s    
step 01411 (69.1%) | loss: 3.116678 | lrm: 1.00 | dt: 148ms | tok/sec: 1,771,283 | mfu: 20.5% | epoch: 1 | remaining: 93s    
step 01412 (69.1%) | loss: 3.117358 | lrm: 1.00 | dt: 148ms | tok/sec: 1,770,447 | mfu: 20.5% | epoch: 1 | remaining: 93s    
step 01413 (69.2%) | loss: 3.115877 | lrm: 1.00 | dt: 148ms | tok/sec: 1,771,320 | mfu: 20.5% | epoch: 1 | remaining: 92s    
step 01414 (69.2%) | loss: 3.117200 | lrm: 1.00 | dt: 148ms | tok/sec: 1,770,960 | mfu: 20.5% | epoch: 1 | remaining: 92s    
step 01415 (69.3%) | loss: 3.113260 | lrm: 1.00 | dt: 148ms | tok/sec: 1,770,972 | mfu: 20.5% | epoch: 1 | remaining: 92s    
step 01416 (69.3%) | loss: 3.107415 | lrm: 1.00 | dt: 148ms | tok/sec: 1,771,077 | mfu: 20.5% | epoch: 1 | remaining: 92s    
step 01417 (69.4%) | loss: 3.109189 | lrm: 1.00 | dt: 148ms | tok/sec: 1,770,709 | mfu: 20.5% | epoch: 1 | remaining: 92s    
step 01418 (69.4%) | loss: 3.106861 | lrm: 1.00 | dt: 148ms | tok/sec: 1,770,399 | mfu: 20.5% | epoch: 1 | remaining: 92s    
step 01419 (69.5%) | loss: 3.107845 | lrm: 1.00 | dt: 148ms | tok/sec: 1,771,089 | mfu: 20.5% | epoch: 1 | remaining: 91s    
step 01420 (69.5%) | loss: 3.106085 | lrm: 1.00 | dt: 148ms | tok/sec: 1,770,667 | mfu: 20.5% | epoch: 1 | remaining: 91s    
step 01421 (69.6%) | loss: 3.104003 | lrm: 1.00 | dt: 148ms | tok/sec: 1,770,011 | mfu: 20.5% | epoch: 1 | remaining: 91s    
step 01422 (69.6%) | loss: 3.099991 | lrm: 1.00 | dt: 148ms | tok/sec: 1,769,353 | mfu: 20.5% | epoch: 1 | remaining: 91s    
step 01423 (69.7%) | loss: 3.100626 | lrm: 1.00 | dt: 148ms | tok/sec: 1,770,892 | mfu: 20.5% | epoch: 1 | remaining: 91s    
step 01424 (69.7%) | loss: 3.102623 | lrm: 1.00 | dt: 148ms | tok/sec: 1,769,931 | mfu: 20.5% | epoch: 1 | remaining: 91s    
step 01425 (69.7%) | loss: 3.107254 | lrm: 1.00 | dt: 149ms | tok/sec: 1,762,605 | mfu: 20.4% | epoch: 1 | remaining: 91s    
step 01426 (69.8%) | loss: 3.106675 | lrm: 1.00 | dt: 148ms | tok/sec: 1,769,444 | mfu: 20.5% | epoch: 1 | remaining: 90s    
step 01427 (69.8%) | loss: 3.107043 | lrm: 1.00 | dt: 148ms | tok/sec: 1,770,096 | mfu: 20.5% | epoch: 1 | remaining: 90s    
step 01428 (69.9%) | loss: 3.109008 | lrm: 1.00 | dt: 148ms | tok/sec: 1,768,849 | mfu: 20.5% | epoch: 1 | remaining: 90s    
step 01429 (69.9%) | loss: 3.108869 | lrm: 1.00 | dt: 148ms | tok/sec: 1,768,764 | mfu: 20.5% | epoch: 1 | remaining: 90s    
step 01430 (70.0%) | loss: 3.107695 | lrm: 1.00 | dt: 148ms | tok/sec: 1,769,416 | mfu: 20.5% | epoch: 1 | remaining: 90s    
step 01431 (70.0%) | loss: 3.105710 | lrm: 1.00 | dt: 148ms | tok/sec: 1,771,234 | mfu: 20.5% | epoch: 1 | remaining: 90s    
step 01432 (70.1%) | loss: 3.104672 | lrm: 1.00 | dt: 148ms | tok/sec: 1,770,840 | mfu: 20.5% | epoch: 1 | remaining: 90s    
step 01433 (70.1%) | loss: 3.102096 | lrm: 1.00 | dt: 148ms | tok/sec: 1,771,679 | mfu: 20.5% | epoch: 1 | remaining: 89s    
step 01434 (70.2%) | loss: 3.098931 | lrm: 1.00 | dt: 148ms | tok/sec: 1,771,305 | mfu: 20.5% | epoch: 1 | remaining: 89s    
step 01435 (70.2%) | loss: 3.101593 | lrm: 1.00 | dt: 148ms | tok/sec: 1,769,928 | mfu: 20.5% | epoch: 1 | remaining: 89s    
step 01436 (70.3%) | loss: 3.104903 | lrm: 1.00 | dt: 148ms | tok/sec: 1,772,942 | mfu: 20.5% | epoch: 1 | remaining: 89s    
step 01437 (70.3%) | loss: 3.101253 | lrm: 1.00 | dt: 148ms | tok/sec: 1,770,726 | mfu: 20.5% | epoch: 1 | remaining: 89s    
step 01438 (70.4%) | loss: 3.097571 | lrm: 1.00 | dt: 148ms | tok/sec: 1,772,142 | mfu: 20.5% | epoch: 1 | remaining: 89s    
step 01439 (70.4%) | loss: 3.100837 | lrm: 1.00 | dt: 148ms | tok/sec: 1,771,679 | mfu: 20.5% | epoch: 1 | remaining: 89s    
step 01440 (70.5%) | loss: 3.098194 | lrm: 1.00 | dt: 148ms | tok/sec: 1,771,308 | mfu: 20.5% | epoch: 1 | remaining: 88s    
step 01441 (70.5%) | loss: 3.098427 | lrm: 1.00 | dt: 148ms | tok/sec: 1,770,513 | mfu: 20.5% | epoch: 1 | remaining: 88s    
step 01442 (70.6%) | loss: 3.096685 | lrm: 1.00 | dt: 148ms | tok/sec: 1,771,722 | mfu: 20.5% | epoch: 1 | remaining: 88s    
step 01443 (70.6%) | loss: 3.097015 | lrm: 1.00 | dt: 148ms | tok/sec: 1,771,234 | mfu: 20.5% | epoch: 1 | remaining: 88s    
step 01444 (70.7%) | loss: 3.099111 | lrm: 1.00 | dt: 148ms | tok/sec: 1,771,642 | mfu: 20.5% | epoch: 1 | remaining: 88s    
step 01445 (70.7%) | loss: 3.099832 | lrm: 1.00 | dt: 148ms | tok/sec: 1,768,986 | mfu: 20.5% | epoch: 1 | remaining: 88s    
step 01446 (70.8%) | loss: 3.099066 | lrm: 1.00 | dt: 148ms | tok/sec: 1,769,683 | mfu: 20.5% | epoch: 1 | remaining: 87s    
step 01447 (70.8%) | loss: 3.099172 | lrm: 1.00 | dt: 148ms | tok/sec: 1,770,644 | mfu: 20.5% | epoch: 1 | remaining: 87s    
step 01448 (70.9%) | loss: 3.097856 | lrm: 1.00 | dt: 148ms | tok/sec: 1,769,897 | mfu: 20.5% | epoch: 1 | remaining: 87s    
step 01449 (70.9%) | loss: 3.095126 | lrm: 1.00 | dt: 148ms | tok/sec: 1,767,075 | mfu: 20.4% | epoch: 1 | remaining: 87s    
step 01450 (71.0%) | loss: 3.095661 | lrm: 1.00 | dt: 148ms | tok/sec: 1,768,687 | mfu: 20.5% | epoch: 1 | remaining: 87s    
step 01451 (71.0%) | loss: 3.099366 | lrm: 1.00 | dt: 148ms | tok/sec: 1,766,644 | mfu: 20.4% | epoch: 1 | remaining: 87s    
step 01452 (71.1%) | loss: 3.101429 | lrm: 1.00 | dt: 148ms | tok/sec: 1,769,908 | mfu: 20.5% | epoch: 1 | remaining: 87s    
step 01453 (71.1%) | loss: 3.101849 | lrm: 1.00 | dt: 148ms | tok/sec: 1,770,481 | mfu: 20.5% | epoch: 1 | remaining: 86s    
step 01454 (71.2%) | loss: 3.099040 | lrm: 1.00 | dt: 148ms | tok/sec: 1,770,025 | mfu: 20.5% | epoch: 1 | remaining: 86s    
step 01455 (71.2%) | loss: 3.100024 | lrm: 1.00 | dt: 148ms | tok/sec: 1,770,635 | mfu: 20.5% | epoch: 1 | remaining: 86s    
step 01456 (71.3%) | loss: 3.102951 | lrm: 1.00 | dt: 148ms | tok/sec: 1,770,293 | mfu: 20.5% | epoch: 1 | remaining: 86s    
step 01457 (71.3%) | loss: 3.104030 | lrm: 1.00 | dt: 148ms | tok/sec: 1,771,283 | mfu: 20.5% | epoch: 1 | remaining: 86s    
step 01458 (71.4%) | loss: 3.103135 | lrm: 1.00 | dt: 148ms | tok/sec: 1,770,495 | mfu: 20.5% | epoch: 1 | remaining: 86s    
step 01459 (71.4%) | loss: 3.105127 | lrm: 1.00 | dt: 148ms | tok/sec: 1,771,177 | mfu: 20.5% | epoch: 1 | remaining: 86s    
step 01460 (71.5%) | loss: 3.103242 | lrm: 1.00 | dt: 148ms | tok/sec: 1,770,752 | mfu: 20.5% | epoch: 1 | remaining: 85s    
step 01461 (71.5%) | loss: 3.100795 | lrm: 1.00 | dt: 149ms | tok/sec: 1,754,306 | mfu: 20.3% | epoch: 1 | remaining: 85s    
step 01462 (71.6%) | loss: 3.103030 | lrm: 1.00 | dt: 148ms | tok/sec: 1,769,689 | mfu: 20.5% | epoch: 1 | remaining: 85s    
step 01463 (71.6%) | loss: 3.097136 | lrm: 1.00 | dt: 149ms | tok/sec: 1,762,176 | mfu: 20.4% | epoch: 1 | remaining: 85s    
step 01464 (71.7%) | loss: 3.096515 | lrm: 1.00 | dt: 150ms | tok/sec: 1,748,086 | mfu: 20.2% | epoch: 1 | remaining: 85s    
step 01465 (71.7%) | loss: 3.098996 | lrm: 1.00 | dt: 149ms | tok/sec: 1,759,995 | mfu: 20.4% | epoch: 1 | remaining: 85s    
step 01466 (71.8%) | loss: 3.096450 | lrm: 1.00 | dt: 148ms | tok/sec: 1,769,567 | mfu: 20.5% | epoch: 1 | remaining: 85s    
step 01467 (71.8%) | loss: 3.097210 | lrm: 1.00 | dt: 148ms | tok/sec: 1,770,863 | mfu: 20.5% | epoch: 1 | remaining: 84s    
step 01468 (71.9%) | loss: 3.091531 | lrm: 1.00 | dt: 148ms | tok/sec: 1,771,951 | mfu: 20.5% | epoch: 1 | remaining: 84s    
step 01469 (71.9%) | loss: 3.092766 | lrm: 1.00 | dt: 148ms | tok/sec: 1,770,937 | mfu: 20.5% | epoch: 1 | remaining: 84s    
step 01470 (72.0%) | loss: 3.089247 | lrm: 1.00 | dt: 148ms | tok/sec: 1,771,679 | mfu: 20.5% | epoch: 1 | remaining: 84s    
step 01471 (72.0%) | loss: 3.088011 | lrm: 1.00 | dt: 148ms | tok/sec: 1,770,413 | mfu: 20.5% | epoch: 1 | remaining: 84s    
step 01472 (72.1%) | loss: 3.085613 | lrm: 1.00 | dt: 148ms | tok/sec: 1,771,129 | mfu: 20.5% | epoch: 1 | remaining: 84s    
step 01473 (72.1%) | loss: 3.088292 | lrm: 1.00 | dt: 148ms | tok/sec: 1,771,480 | mfu: 20.5% | epoch: 1 | remaining: 83s    
step 01474 (72.2%) | loss: 3.087869 | lrm: 1.00 | dt: 148ms | tok/sec: 1,771,659 | mfu: 20.5% | epoch: 1 | remaining: 83s    
step 01475 (72.2%) | loss: 3.088559 | lrm: 1.00 | dt: 148ms | tok/sec: 1,770,806 | mfu: 20.5% | epoch: 1 | remaining: 83s    
step 01476 (72.3%) | loss: 3.087490 | lrm: 1.00 | dt: 148ms | tok/sec: 1,771,211 | mfu: 20.5% | epoch: 1 | remaining: 83s    
step 01477 (72.3%) | loss: 3.088916 | lrm: 1.00 | dt: 148ms | tok/sec: 1,769,265 | mfu: 20.5% | epoch: 1 | remaining: 83s    
step 01478 (72.4%) | loss: 3.094234 | lrm: 1.00 | dt: 148ms | tok/sec: 1,770,119 | mfu: 20.5% | epoch: 1 | remaining: 83s    
step 01479 (72.4%) | loss: 3.095663 | lrm: 1.00 | dt: 148ms | tok/sec: 1,771,488 | mfu: 20.5% | epoch: 1 | remaining: 83s    
step 01480 (72.5%) | loss: 3.091827 | lrm: 1.00 | dt: 148ms | tok/sec: 1,770,250 | mfu: 20.5% | epoch: 1 | remaining: 82s    
step 01481 (72.5%) | loss: 3.095976 | lrm: 1.00 | dt: 148ms | tok/sec: 1,770,376 | mfu: 20.5% | epoch: 1 | remaining: 82s    
step 01482 (72.6%) | loss: 3.096031 | lrm: 1.00 | dt: 148ms | tok/sec: 1,770,997 | mfu: 20.5% | epoch: 1 | remaining: 82s    
step 01483 (72.6%) | loss: 3.100180 | lrm: 1.00 | dt: 148ms | tok/sec: 1,770,632 | mfu: 20.5% | epoch: 1 | remaining: 82s    
step 01484 (72.7%) | loss: 3.096272 | lrm: 1.00 | dt: 148ms | tok/sec: 1,770,390 | mfu: 20.5% | epoch: 1 | remaining: 82s    
step 01485 (72.7%) | loss: 3.092399 | lrm: 1.00 | dt: 148ms | tok/sec: 1,770,433 | mfu: 20.5% | epoch: 1 | remaining: 82s    
step 01486 (72.8%) | loss: 3.092985 | lrm: 1.00 | dt: 148ms | tok/sec: 1,772,442 | mfu: 20.5% | epoch: 1 | remaining: 82s    
step 01487 (72.8%) | loss: 3.092711 | lrm: 1.00 | dt: 148ms | tok/sec: 1,771,228 | mfu: 20.5% | epoch: 1 | remaining: 81s    
step 01488 (72.9%) | loss: 3.093793 | lrm: 1.00 | dt: 148ms | tok/sec: 1,771,736 | mfu: 20.5% | epoch: 1 | remaining: 81s    
step 01489 (72.9%) | loss: 3.093162 | lrm: 1.00 | dt: 148ms | tok/sec: 1,772,405 | mfu: 20.5% | epoch: 1 | remaining: 81s    
step 01490 (73.0%) | loss: 3.092970 | lrm: 1.00 | dt: 148ms | tok/sec: 1,771,688 | mfu: 20.5% | epoch: 1 | remaining: 81s    
step 01491 (73.0%) | loss: 3.091608 | lrm: 1.00 | dt: 148ms | tok/sec: 1,771,856 | mfu: 20.5% | epoch: 1 | remaining: 81s    
step 01492 (73.1%) | loss: 3.094205 | lrm: 1.00 | dt: 148ms | tok/sec: 1,770,935 | mfu: 20.5% | epoch: 1 | remaining: 81s    
step 01493 (73.1%) | loss: 3.091779 | lrm: 1.00 | dt: 148ms | tok/sec: 1,771,622 | mfu: 20.5% | epoch: 1 | remaining: 81s    
step 01494 (73.2%) | loss: 3.095460 | lrm: 1.00 | dt: 148ms | tok/sec: 1,771,286 | mfu: 20.5% | epoch: 1 | remaining: 80s    
step 01495 (73.2%) | loss: 3.098357 | lrm: 1.00 | dt: 148ms | tok/sec: 1,772,299 | mfu: 20.5% | epoch: 1 | remaining: 80s    
step 01496 (73.3%) | loss: 3.099838 | lrm: 1.00 | dt: 148ms | tok/sec: 1,771,117 | mfu: 20.5% | epoch: 1 | remaining: 80s    
step 01497 (73.3%) | loss: 3.103963 | lrm: 1.00 | dt: 148ms | tok/sec: 1,772,353 | mfu: 20.5% | epoch: 1 | remaining: 80s    
step 01498 (73.4%) | loss: 3.103419 | lrm: 1.00 | dt: 148ms | tok/sec: 1,770,225 | mfu: 20.5% | epoch: 1 | remaining: 80s    
step 01499 (73.4%) | loss: 3.102318 | lrm: 1.00 | dt: 148ms | tok/sec: 1,771,063 | mfu: 20.5% | epoch: 1 | remaining: 80s    
step 01500 (73.5%) | loss: 3.105380 | lrm: 1.00 | dt: 148ms | tok/sec: 1,770,915 | mfu: 20.5% | epoch: 1 | remaining: 79s    
step 01501 (73.5%) | loss: 3.105916 | lrm: 1.00 | dt: 148ms | tok/sec: 1,771,602 | mfu: 20.5% | epoch: 1 | remaining: 79s    
step 01502 (73.6%) | loss: 3.111454 | lrm: 1.00 | dt: 148ms | tok/sec: 1,770,478 | mfu: 20.5% | epoch: 1 | remaining: 79s    
step 01503 (73.6%) | loss: 3.112704 | lrm: 1.00 | dt: 148ms | tok/sec: 1,771,357 | mfu: 20.5% | epoch: 1 | remaining: 79s    
step 01504 (73.6%) | loss: 3.109497 | lrm: 1.00 | dt: 148ms | tok/sec: 1,771,294 | mfu: 20.5% | epoch: 1 | remaining: 79s    
step 01505 (73.7%) | loss: 3.104880 | lrm: 1.00 | dt: 148ms | tok/sec: 1,771,151 | mfu: 20.5% | epoch: 1 | remaining: 79s    
step 01506 (73.7%) | loss: 3.103974 | lrm: 1.00 | dt: 148ms | tok/sec: 1,771,200 | mfu: 20.5% | epoch: 1 | remaining: 79s    
step 01507 (73.8%) | loss: 3.104279 | lrm: 1.00 | dt: 148ms | tok/sec: 1,770,510 | mfu: 20.5% | epoch: 1 | remaining: 78s    
step 01508 (73.8%) | loss: 3.103056 | lrm: 1.00 | dt: 148ms | tok/sec: 1,771,625 | mfu: 20.5% | epoch: 1 | remaining: 78s    
step 01509 (73.9%) | loss: 3.100209 | lrm: 1.00 | dt: 148ms | tok/sec: 1,771,848 | mfu: 20.5% | epoch: 1 | remaining: 78s    
step 01510 (73.9%) | loss: 3.102482 | lrm: 1.00 | dt: 148ms | tok/sec: 1,771,397 | mfu: 20.5% | epoch: 1 | remaining: 78s    
step 01511 (74.0%) | loss: 3.098241 | lrm: 1.00 | dt: 148ms | tok/sec: 1,771,788 | mfu: 20.5% | epoch: 1 | remaining: 78s    
step 01512 (74.0%) | loss: 3.101686 | lrm: 1.00 | dt: 148ms | tok/sec: 1,771,280 | mfu: 20.5% | epoch: 1 | remaining: 78s    
step 01513 (74.1%) | loss: 3.101100 | lrm: 1.00 | dt: 148ms | tok/sec: 1,769,216 | mfu: 20.5% | epoch: 1 | remaining: 78s    
step 01514 (74.1%) | loss: 3.104076 | lrm: 1.00 | dt: 148ms | tok/sec: 1,769,521 | mfu: 20.5% | epoch: 1 | remaining: 77s    
step 01515 (74.2%) | loss: 3.103367 | lrm: 1.00 | dt: 148ms | tok/sec: 1,768,684 | mfu: 20.5% | epoch: 1 | remaining: 77s    
step 01516 (74.2%) | loss: 3.103771 | lrm: 1.00 | dt: 148ms | tok/sec: 1,770,889 | mfu: 20.5% | epoch: 1 | remaining: 77s    
step 01517 (74.3%) | loss: 3.100154 | lrm: 1.00 | dt: 148ms | tok/sec: 1,768,536 | mfu: 20.5% | epoch: 1 | remaining: 77s    
step 01518 (74.3%) | loss: 3.106654 | lrm: 1.00 | dt: 148ms | tok/sec: 1,770,812 | mfu: 20.5% | epoch: 1 | remaining: 77s    
step 01519 (74.4%) | loss: 3.101686 | lrm: 1.00 | dt: 148ms | tok/sec: 1,770,821 | mfu: 20.5% | epoch: 1 | remaining: 77s    
step 01520 (74.4%) | loss: 3.097846 | lrm: 1.00 | dt: 148ms | tok/sec: 1,770,324 | mfu: 20.5% | epoch: 1 | remaining: 77s    
step 01521 (74.5%) | loss: 3.098388 | lrm: 1.00 | dt: 148ms | tok/sec: 1,771,191 | mfu: 20.5% | epoch: 1 | remaining: 76s    
step 01522 (74.5%) | loss: 3.101008 | lrm: 1.00 | dt: 148ms | tok/sec: 1,771,408 | mfu: 20.5% | epoch: 1 | remaining: 76s    
step 01523 (74.6%) | loss: 3.100484 | lrm: 1.00 | dt: 148ms | tok/sec: 1,770,763 | mfu: 20.5% | epoch: 1 | remaining: 76s    
step 01524 (74.6%) | loss: 3.100138 | lrm: 1.00 | dt: 148ms | tok/sec: 1,770,906 | mfu: 20.5% | epoch: 1 | remaining: 76s    
step 01525 (74.7%) | loss: 3.107884 | lrm: 1.00 | dt: 148ms | tok/sec: 1,771,762 | mfu: 20.5% | epoch: 1 | remaining: 76s    
step 01526 (74.7%) | loss: 3.113616 | lrm: 1.00 | dt: 148ms | tok/sec: 1,770,493 | mfu: 20.5% | epoch: 1 | remaining: 76s    
step 01527 (74.8%) | loss: 3.111923 | lrm: 1.00 | dt: 148ms | tok/sec: 1,771,109 | mfu: 20.5% | epoch: 1 | remaining: 75s    
step 01528 (74.8%) | loss: 3.109994 | lrm: 1.00 | dt: 148ms | tok/sec: 1,771,305 | mfu: 20.5% | epoch: 1 | remaining: 75s    
step 01529 (74.9%) | loss: 3.107848 | lrm: 1.00 | dt: 148ms | tok/sec: 1,772,491 | mfu: 20.5% | epoch: 1 | remaining: 75s    
step 01530 (74.9%) | loss: 3.110335 | lrm: 1.00 | dt: 148ms | tok/sec: 1,771,662 | mfu: 20.5% | epoch: 1 | remaining: 75s    
step 01531 (75.0%) | loss: 3.107747 | lrm: 1.00 | dt: 148ms | tok/sec: 1,771,480 | mfu: 20.5% | epoch: 1 | remaining: 75s    
step 01532 (75.0%) | loss: 3.106567 | lrm: 1.00 | dt: 148ms | tok/sec: 1,770,535 | mfu: 20.5% | epoch: 1 | remaining: 75s    
step 01533 (75.1%) | loss: 3.112863 | lrm: 1.00 | dt: 148ms | tok/sec: 1,772,122 | mfu: 20.5% | epoch: 1 | remaining: 75s    
step 01534 (75.1%) | loss: 3.108282 | lrm: 0.99 | dt: 148ms | tok/sec: 1,772,145 | mfu: 20.5% | epoch: 1 | remaining: 74s    
step 01535 (75.2%) | loss: 3.105204 | lrm: 0.99 | dt: 148ms | tok/sec: 1,771,794 | mfu: 20.5% | epoch: 1 | remaining: 74s    
step 01536 (75.2%) | loss: 3.102003 | lrm: 0.99 | dt: 148ms | tok/sec: 1,771,925 | mfu: 20.5% | epoch: 1 | remaining: 74s    
step 01537 (75.3%) | loss: 3.101448 | lrm: 0.99 | dt: 152ms | tok/sec: 1,729,112 | mfu: 20.0% | epoch: 1 | remaining: 74s    
step 01538 (75.3%) | loss: 3.096121 | lrm: 0.99 | dt: 148ms | tok/sec: 1,769,302 | mfu: 20.5% | epoch: 1 | remaining: 74s    
step 01539 (75.4%) | loss: 3.094492 | lrm: 0.98 | dt: 148ms | tok/sec: 1,768,892 | mfu: 20.5% | epoch: 1 | remaining: 74s    
step 01540 (75.4%) | loss: 3.092094 | lrm: 0.98 | dt: 149ms | tok/sec: 1,753,808 | mfu: 20.3% | epoch: 1 | remaining: 74s    
step 01541 (75.5%) | loss: 3.092897 | lrm: 0.98 | dt: 148ms | tok/sec: 1,770,775 | mfu: 20.5% | epoch: 1 | remaining: 73s    
step 01542 (75.5%) | loss: 3.097551 | lrm: 0.98 | dt: 148ms | tok/sec: 1,771,223 | mfu: 20.5% | epoch: 1 | remaining: 73s    
step 01543 (75.6%) | loss: 3.096266 | lrm: 0.98 | dt: 148ms | tok/sec: 1,771,608 | mfu: 20.5% | epoch: 1 | remaining: 73s    
step 01544 (75.6%) | loss: 3.095632 | lrm: 0.97 | dt: 148ms | tok/sec: 1,771,012 | mfu: 20.5% | epoch: 1 | remaining: 73s    
step 01545 (75.7%) | loss: 3.093338 | lrm: 0.97 | dt: 148ms | tok/sec: 1,771,688 | mfu: 20.5% | epoch: 1 | remaining: 73s    
step 01546 (75.7%) | loss: 3.091105 | lrm: 0.97 | dt: 148ms | tok/sec: 1,771,451 | mfu: 20.5% | epoch: 1 | remaining: 73s    
step 01547 (75.8%) | loss: 3.091136 | lrm: 0.97 | dt: 148ms | tok/sec: 1,771,368 | mfu: 20.5% | epoch: 1 | remaining: 73s    
step 01548 (75.8%) | loss: 3.088303 | lrm: 0.97 | dt: 148ms | tok/sec: 1,772,351 | mfu: 20.5% | epoch: 1 | remaining: 72s    
step 01549 (75.9%) | loss: 3.083974 | lrm: 0.97 | dt: 148ms | tok/sec: 1,772,131 | mfu: 20.5% | epoch: 1 | remaining: 72s    
step 01550 (75.9%) | loss: 3.078202 | lrm: 0.96 | dt: 148ms | tok/sec: 1,772,631 | mfu: 20.5% | epoch: 1 | remaining: 72s    
step 01551 (76.0%) | loss: 3.082700 | lrm: 0.96 | dt: 148ms | tok/sec: 1,771,303 | mfu: 20.5% | epoch: 1 | remaining: 72s    
step 01552 (76.0%) | loss: 3.082296 | lrm: 0.96 | dt: 148ms | tok/sec: 1,772,225 | mfu: 20.5% | epoch: 1 | remaining: 72s    
step 01553 (76.1%) | loss: 3.084917 | lrm: 0.96 | dt: 148ms | tok/sec: 1,771,220 | mfu: 20.5% | epoch: 1 | remaining: 72s    
step 01554 (76.1%) | loss: 3.086590 | lrm: 0.96 | dt: 148ms | tok/sec: 1,771,645 | mfu: 20.5% | epoch: 1 | remaining: 71s    
step 01555 (76.2%) | loss: 3.087577 | lrm: 0.95 | dt: 148ms | tok/sec: 1,771,368 | mfu: 20.5% | epoch: 1 | remaining: 71s    
step 01556 (76.2%) | loss: 3.086413 | lrm: 0.95 | dt: 148ms | tok/sec: 1,771,234 | mfu: 20.5% | epoch: 1 | remaining: 71s    
step 01557 (76.3%) | loss: 3.084846 | lrm: 0.95 | dt: 148ms | tok/sec: 1,771,288 | mfu: 20.5% | epoch: 1 | remaining: 71s    
step 01558 (76.3%) | loss: 3.083218 | lrm: 0.95 | dt: 148ms | tok/sec: 1,771,497 | mfu: 20.5% | epoch: 1 | remaining: 71s    
step 01559 (76.4%) | loss: 3.085423 | lrm: 0.95 | dt: 148ms | tok/sec: 1,771,420 | mfu: 20.5% | epoch: 1 | remaining: 71s    
step 01560 (76.4%) | loss: 3.087025 | lrm: 0.94 | dt: 148ms | tok/sec: 1,771,577 | mfu: 20.5% | epoch: 1 | remaining: 71s    
step 01561 (76.5%) | loss: 3.084404 | lrm: 0.94 | dt: 148ms | tok/sec: 1,771,248 | mfu: 20.5% | epoch: 1 | remaining: 70s    
step 01562 (76.5%) | loss: 3.086352 | lrm: 0.94 | dt: 148ms | tok/sec: 1,771,591 | mfu: 20.5% | epoch: 1 | remaining: 70s    
step 01563 (76.6%) | loss: 3.085208 | lrm: 0.94 | dt: 148ms | tok/sec: 1,771,599 | mfu: 20.5% | epoch: 1 | remaining: 70s    
step 01564 (76.6%) | loss: 3.077117 | lrm: 0.94 | dt: 148ms | tok/sec: 1,772,271 | mfu: 20.5% | epoch: 1 | remaining: 70s    
step 01565 (76.7%) | loss: 3.081867 | lrm: 0.93 | dt: 148ms | tok/sec: 1,772,285 | mfu: 20.5% | epoch: 1 | remaining: 70s    
step 01566 (76.7%) | loss: 3.083873 | lrm: 0.93 | dt: 148ms | tok/sec: 1,771,742 | mfu: 20.5% | epoch: 1 | remaining: 70s    
step 01567 (76.8%) | loss: 3.083452 | lrm: 0.93 | dt: 148ms | tok/sec: 1,771,560 | mfu: 20.5% | epoch: 1 | remaining: 70s    
step 01568 (76.8%) | loss: 3.083385 | lrm: 0.93 | dt: 148ms | tok/sec: 1,770,786 | mfu: 20.5% | epoch: 1 | remaining: 69s    
step 01569 (76.9%) | loss: 3.083804 | lrm: 0.93 | dt: 148ms | tok/sec: 1,770,051 | mfu: 20.5% | epoch: 1 | remaining: 69s    
step 01570 (76.9%) | loss: 3.083057 | lrm: 0.92 | dt: 148ms | tok/sec: 1,769,518 | mfu: 20.5% | epoch: 1 | remaining: 69s    
step 01571 (77.0%) | loss: 3.082453 | lrm: 0.92 | dt: 148ms | tok/sec: 1,770,102 | mfu: 20.5% | epoch: 1 | remaining: 69s    
step 01572 (77.0%) | loss: 3.084585 | lrm: 0.92 | dt: 148ms | tok/sec: 1,770,039 | mfu: 20.5% | epoch: 1 | remaining: 69s    
step 01573 (77.1%) | loss: 3.082694 | lrm: 0.92 | dt: 148ms | tok/sec: 1,770,304 | mfu: 20.5% | epoch: 1 | remaining: 69s    
step 01574 (77.1%) | loss: 3.080163 | lrm: 0.92 | dt: 148ms | tok/sec: 1,770,111 | mfu: 20.5% | epoch: 1 | remaining: 69s    
step 01575 (77.2%) | loss: 3.081107 | lrm: 0.91 | dt: 151ms | tok/sec: 1,738,996 | mfu: 20.1% | epoch: 1 | remaining: 68s    
step 01576 (77.2%) | loss: 3.083700 | lrm: 0.91 | dt: 148ms | tok/sec: 1,769,709 | mfu: 20.5% | epoch: 1 | remaining: 68s    
step 01577 (77.3%) | loss: 3.079586 | lrm: 0.91 | dt: 148ms | tok/sec: 1,769,524 | mfu: 20.5% | epoch: 1 | remaining: 68s    
step 01578 (77.3%) | loss: 3.081040 | lrm: 0.91 | dt: 151ms | tok/sec: 1,741,091 | mfu: 20.1% | epoch: 1 | remaining: 68s    
step 01579 (77.4%) | loss: 3.076857 | lrm: 0.91 | dt: 148ms | tok/sec: 1,770,082 | mfu: 20.5% | epoch: 1 | remaining: 68s    
step 01580 (77.4%) | loss: 3.080096 | lrm: 0.90 | dt: 148ms | tok/sec: 1,767,837 | mfu: 20.4% | epoch: 1 | remaining: 68s    
step 01581 (77.5%) | loss: 3.081492 | lrm: 0.90 | dt: 148ms | tok/sec: 1,770,801 | mfu: 20.5% | epoch: 1 | remaining: 67s    
step 01582 (77.5%) | loss: 3.075557 | lrm: 0.90 | dt: 148ms | tok/sec: 1,770,778 | mfu: 20.5% | epoch: 1 | remaining: 67s    
step 01583 (77.6%) | loss: 3.074647 | lrm: 0.90 | dt: 148ms | tok/sec: 1,771,554 | mfu: 20.5% | epoch: 1 | remaining: 67s    
step 01584 (77.6%) | loss: 3.077125 | lrm: 0.90 | dt: 148ms | tok/sec: 1,770,168 | mfu: 20.5% | epoch: 1 | remaining: 67s    
step 01585 (77.6%) | loss: 3.075339 | lrm: 0.89 | dt: 148ms | tok/sec: 1,771,822 | mfu: 20.5% | epoch: 1 | remaining: 67s    
step 01586 (77.7%) | loss: 3.075267 | lrm: 0.89 | dt: 148ms | tok/sec: 1,771,891 | mfu: 20.5% | epoch: 1 | remaining: 67s    
step 01587 (77.7%) | loss: 3.079236 | lrm: 0.89 | dt: 161ms | tok/sec: 1,630,410 | mfu: 18.9% | epoch: 1 | remaining: 67s    
step 01588 (77.8%) | loss: 3.083895 | lrm: 0.89 | dt: 148ms | tok/sec: 1,771,619 | mfu: 20.5% | epoch: 1 | remaining: 66s    
step 01589 (77.9%) | loss: 3.082785 | lrm: 0.89 | dt: 148ms | tok/sec: 1,771,174 | mfu: 20.5% | epoch: 1 | remaining: 66s    
step 01590 (77.9%) | loss: 3.082045 | lrm: 0.88 | dt: 148ms | tok/sec: 1,771,554 | mfu: 20.5% | epoch: 1 | remaining: 66s    
step 01591 (77.9%) | loss: 3.081130 | lrm: 0.88 | dt: 148ms | tok/sec: 1,770,932 | mfu: 20.5% | epoch: 1 | remaining: 66s    
step 01592 (78.0%) | loss: 3.079724 | lrm: 0.88 | dt: 148ms | tok/sec: 1,771,149 | mfu: 20.5% | epoch: 1 | remaining: 66s    
step 01593 (78.0%) | loss: 3.079428 | lrm: 0.88 | dt: 148ms | tok/sec: 1,770,638 | mfu: 20.5% | epoch: 1 | remaining: 66s    
step 01594 (78.1%) | loss: 3.075005 | lrm: 0.88 | dt: 148ms | tok/sec: 1,769,330 | mfu: 20.5% | epoch: 1 | remaining: 66s    
step 01595 (78.1%) | loss: 3.077706 | lrm: 0.87 | dt: 148ms | tok/sec: 1,771,086 | mfu: 20.5% | epoch: 1 | remaining: 65s    
step 01596 (78.2%) | loss: 3.074190 | lrm: 0.87 | dt: 148ms | tok/sec: 1,770,319 | mfu: 20.5% | epoch: 1 | remaining: 65s    
step 01597 (78.2%) | loss: 3.075897 | lrm: 0.87 | dt: 148ms | tok/sec: 1,769,977 | mfu: 20.5% | epoch: 1 | remaining: 65s    
step 01598 (78.3%) | loss: 3.074226 | lrm: 0.87 | dt: 148ms | tok/sec: 1,771,114 | mfu: 20.5% | epoch: 1 | remaining: 65s    
step 01599 (78.3%) | loss: 3.075267 | lrm: 0.87 | dt: 148ms | tok/sec: 1,771,294 | mfu: 20.5% | epoch: 1 | remaining: 65s    
step 01600 (78.4%) | loss: 3.076740 | lrm: 0.86 | dt: 148ms | tok/sec: 1,771,274 | mfu: 20.5% | epoch: 1 | remaining: 65s    
step 01601 (78.4%) | loss: 3.071974 | lrm: 0.86 | dt: 148ms | tok/sec: 1,770,763 | mfu: 20.5% | epoch: 1 | remaining: 65s    
step 01602 (78.5%) | loss: 3.064106 | lrm: 0.86 | dt: 148ms | tok/sec: 1,769,555 | mfu: 20.5% | epoch: 1 | remaining: 64s    
step 01603 (78.5%) | loss: 3.057245 | lrm: 0.86 | dt: 148ms | tok/sec: 1,770,669 | mfu: 20.5% | epoch: 1 | remaining: 64s    
step 01604 (78.6%) | loss: 3.059987 | lrm: 0.86 | dt: 148ms | tok/sec: 1,771,191 | mfu: 20.5% | epoch: 1 | remaining: 64s    
step 01605 (78.6%) | loss: 3.057673 | lrm: 0.85 | dt: 148ms | tok/sec: 1,771,203 | mfu: 20.5% | epoch: 1 | remaining: 64s    
step 01606 (78.7%) | loss: 3.060148 | lrm: 0.85 | dt: 148ms | tok/sec: 1,771,314 | mfu: 20.5% | epoch: 1 | remaining: 64s    
step 01607 (78.7%) | loss: 3.062497 | lrm: 0.85 | dt: 148ms | tok/sec: 1,771,908 | mfu: 20.5% | epoch: 1 | remaining: 64s    
step 01608 (78.8%) | loss: 3.060228 | lrm: 0.85 | dt: 148ms | tok/sec: 1,771,705 | mfu: 20.5% | epoch: 1 | remaining: 63s    
step 01609 (78.8%) | loss: 3.059452 | lrm: 0.85 | dt: 148ms | tok/sec: 1,771,248 | mfu: 20.5% | epoch: 1 | remaining: 63s    
step 01610 (78.9%) | loss: 3.063200 | lrm: 0.84 | dt: 148ms | tok/sec: 1,771,371 | mfu: 20.5% | epoch: 1 | remaining: 63s    
step 01611 (78.9%) | loss: 3.062293 | lrm: 0.84 | dt: 148ms | tok/sec: 1,771,134 | mfu: 20.5% | epoch: 1 | remaining: 63s    
step 01612 (79.0%) | loss: 3.068690 | lrm: 0.84 | dt: 148ms | tok/sec: 1,771,896 | mfu: 20.5% | epoch: 1 | remaining: 63s    
step 01613 (79.0%) | loss: 3.065723 | lrm: 0.84 | dt: 148ms | tok/sec: 1,770,866 | mfu: 20.5% | epoch: 1 | remaining: 63s    
step 01614 (79.1%) | loss: 3.068442 | lrm: 0.84 | dt: 148ms | tok/sec: 1,769,743 | mfu: 20.5% | epoch: 1 | remaining: 63s    
step 01615 (79.1%) | loss: 3.069080 | lrm: 0.83 | dt: 148ms | tok/sec: 1,770,267 | mfu: 20.5% | epoch: 1 | remaining: 62s    
step 01616 (79.2%) | loss: 3.065457 | lrm: 0.83 | dt: 148ms | tok/sec: 1,771,825 | mfu: 20.5% | epoch: 1 | remaining: 62s    
step 01617 (79.2%) | loss: 3.061613 | lrm: 0.83 | dt: 148ms | tok/sec: 1,771,072 | mfu: 20.5% | epoch: 1 | remaining: 62s    
step 01618 (79.3%) | loss: 3.063922 | lrm: 0.83 | dt: 148ms | tok/sec: 1,771,722 | mfu: 20.5% | epoch: 1 | remaining: 62s    
step 01619 (79.3%) | loss: 3.061229 | lrm: 0.83 | dt: 148ms | tok/sec: 1,770,550 | mfu: 20.5% | epoch: 1 | remaining: 62s    
step 01620 (79.4%) | loss: 3.061973 | lrm: 0.82 | dt: 148ms | tok/sec: 1,770,749 | mfu: 20.5% | epoch: 1 | remaining: 62s    
step 01621 (79.4%) | loss: 3.066686 | lrm: 0.82 | dt: 148ms | tok/sec: 1,771,448 | mfu: 20.5% | epoch: 1 | remaining: 62s    
step 01622 (79.5%) | loss: 3.069582 | lrm: 0.82 | dt: 148ms | tok/sec: 1,770,552 | mfu: 20.5% | epoch: 1 | remaining: 61s    
step 01623 (79.5%) | loss: 3.071460 | lrm: 0.82 | dt: 148ms | tok/sec: 1,771,585 | mfu: 20.5% | epoch: 1 | remaining: 61s    
step 01624 (79.6%) | loss: 3.071565 | lrm: 0.82 | dt: 148ms | tok/sec: 1,770,821 | mfu: 20.5% | epoch: 1 | remaining: 61s    
step 01625 (79.6%) | loss: 3.070099 | lrm: 0.81 | dt: 148ms | tok/sec: 1,772,179 | mfu: 20.5% | epoch: 1 | remaining: 61s    
step 01626 (79.7%) | loss: 3.063282 | lrm: 0.81 | dt: 148ms | tok/sec: 1,770,795 | mfu: 20.5% | epoch: 1 | remaining: 61s    
step 01627 (79.7%) | loss: 3.064513 | lrm: 0.81 | dt: 148ms | tok/sec: 1,770,980 | mfu: 20.5% | epoch: 1 | remaining: 61s    
step 01628 (79.8%) | loss: 3.071192 | lrm: 0.81 | dt: 148ms | tok/sec: 1,769,623 | mfu: 20.5% | epoch: 1 | remaining: 61s    
step 01629 (79.8%) | loss: 3.069310 | lrm: 0.81 | dt: 148ms | tok/sec: 1,770,225 | mfu: 20.5% | epoch: 1 | remaining: 60s    
step 01630 (79.9%) | loss: 3.071030 | lrm: 0.81 | dt: 148ms | tok/sec: 1,768,656 | mfu: 20.5% | epoch: 1 | remaining: 60s    
step 01631 (79.9%) | loss: 3.073414 | lrm: 0.80 | dt: 148ms | tok/sec: 1,769,376 | mfu: 20.5% | epoch: 1 | remaining: 60s    
step 01632 (80.0%) | loss: 3.070617 | lrm: 0.80 | dt: 148ms | tok/sec: 1,768,915 | mfu: 20.5% | epoch: 1 | remaining: 60s    
step 01633 (80.0%) | loss: 3.071085 | lrm: 0.80 | dt: 148ms | tok/sec: 1,769,621 | mfu: 20.5% | epoch: 1 | remaining: 60s    
step 01634 (80.1%) | loss: 3.070962 | lrm: 0.80 | dt: 148ms | tok/sec: 1,770,133 | mfu: 20.5% | epoch: 1 | remaining: 60s    
step 01635 (80.1%) | loss: 3.068588 | lrm: 0.80 | dt: 148ms | tok/sec: 1,770,165 | mfu: 20.5% | epoch: 1 | remaining: 59s    
step 01636 (80.2%) | loss: 3.071425 | lrm: 0.79 | dt: 148ms | tok/sec: 1,769,433 | mfu: 20.5% | epoch: 1 | remaining: 59s    
step 01637 (80.2%) | loss: 3.065619 | lrm: 0.79 | dt: 148ms | tok/sec: 1,771,368 | mfu: 20.5% | epoch: 1 | remaining: 59s    
step 01638 (80.3%) | loss: 3.063561 | lrm: 0.79 | dt: 148ms | tok/sec: 1,771,762 | mfu: 20.5% | epoch: 1 | remaining: 59s    
step 01639 (80.3%) | loss: 3.067246 | lrm: 0.79 | dt: 148ms | tok/sec: 1,771,012 | mfu: 20.5% | epoch: 1 | remaining: 59s    
step 01640 (80.4%) | loss: 3.061656 | lrm: 0.79 | dt: 148ms | tok/sec: 1,770,615 | mfu: 20.5% | epoch: 1 | remaining: 59s    
step 01641 (80.4%) | loss: 3.058502 | lrm: 0.78 | dt: 148ms | tok/sec: 1,770,815 | mfu: 20.5% | epoch: 1 | remaining: 59s    
step 01642 (80.5%) | loss: 3.057522 | lrm: 0.78 | dt: 148ms | tok/sec: 1,770,647 | mfu: 20.5% | epoch: 1 | remaining: 58s    
step 01643 (80.5%) | loss: 3.055829 | lrm: 0.78 | dt: 148ms | tok/sec: 1,771,331 | mfu: 20.5% | epoch: 1 | remaining: 58s    
step 01644 (80.6%) | loss: 3.056177 | lrm: 0.78 | dt: 148ms | tok/sec: 1,769,467 | mfu: 20.5% | epoch: 1 | remaining: 58s    
step 01645 (80.6%) | loss: 3.054510 | lrm: 0.78 | dt: 148ms | tok/sec: 1,770,969 | mfu: 20.5% | epoch: 1 | remaining: 58s    
step 01646 (80.7%) | loss: 3.056341 | lrm: 0.77 | dt: 148ms | tok/sec: 1,769,871 | mfu: 20.5% | epoch: 1 | remaining: 58s    
step 01647 (80.7%) | loss: 3.055868 | lrm: 0.77 | dt: 148ms | tok/sec: 1,770,746 | mfu: 20.5% | epoch: 1 | remaining: 58s    
step 01648 (80.8%) | loss: 3.052341 | lrm: 0.77 | dt: 148ms | tok/sec: 1,771,034 | mfu: 20.5% | epoch: 1 | remaining: 58s    
step 01649 (80.8%) | loss: 3.049176 | lrm: 0.77 | dt: 148ms | tok/sec: 1,771,043 | mfu: 20.5% | epoch: 1 | remaining: 57s    
step 01650 (80.9%) | loss: 3.045697 | lrm: 0.77 | dt: 148ms | tok/sec: 1,770,079 | mfu: 20.5% | epoch: 1 | remaining: 57s    
step 01651 (80.9%) | loss: 3.049945 | lrm: 0.76 | dt: 148ms | tok/sec: 1,770,153 | mfu: 20.5% | epoch: 1 | remaining: 57s    
step 01652 (81.0%) | loss: 3.050097 | lrm: 0.76 | dt: 148ms | tok/sec: 1,769,478 | mfu: 20.5% | epoch: 1 | remaining: 57s    
step 01653 (81.0%) | loss: 3.053553 | lrm: 0.76 | dt: 148ms | tok/sec: 1,769,410 | mfu: 20.5% | epoch: 1 | remaining: 57s    
step 01654 (81.1%) | loss: 3.057885 | lrm: 0.76 | dt: 148ms | tok/sec: 1,770,647 | mfu: 20.5% | epoch: 1 | remaining: 57s    
step 01655 (81.1%) | loss: 3.058736 | lrm: 0.76 | dt: 148ms | tok/sec: 1,769,578 | mfu: 20.5% | epoch: 1 | remaining: 57s    
step 01656 (81.2%) | loss: 3.059946 | lrm: 0.75 | dt: 148ms | tok/sec: 1,771,602 | mfu: 20.5% | epoch: 1 | remaining: 56s    
step 01657 (81.2%) | loss: 3.056624 | lrm: 0.75 | dt: 148ms | tok/sec: 1,771,251 | mfu: 20.5% | epoch: 1 | remaining: 56s    
step 01658 (81.3%) | loss: 3.054543 | lrm: 0.75 | dt: 148ms | tok/sec: 1,770,926 | mfu: 20.5% | epoch: 1 | remaining: 56s    
step 01659 (81.3%) | loss: 3.058916 | lrm: 0.75 | dt: 148ms | tok/sec: 1,771,345 | mfu: 20.5% | epoch: 1 | remaining: 56s    
step 01660 (81.4%) | loss: 3.059105 | lrm: 0.75 | dt: 148ms | tok/sec: 1,771,012 | mfu: 20.5% | epoch: 1 | remaining: 56s    
step 01661 (81.4%) | loss: 3.057979 | lrm: 0.74 | dt: 148ms | tok/sec: 1,770,339 | mfu: 20.5% | epoch: 1 | remaining: 56s    
step 01662 (81.5%) | loss: 3.056323 | lrm: 0.74 | dt: 148ms | tok/sec: 1,771,896 | mfu: 20.5% | epoch: 1 | remaining: 55s    
step 01663 (81.5%) | loss: 3.051706 | lrm: 0.74 | dt: 148ms | tok/sec: 1,771,360 | mfu: 20.5% | epoch: 1 | remaining: 55s    
step 01664 (81.6%) | loss: 3.051506 | lrm: 0.74 | dt: 191ms | tok/sec: 1,371,914 | mfu: 15.9% | epoch: 1 | remaining: 55s    
step 01665 (81.6%) | loss: 3.049251 | lrm: 0.74 | dt: 148ms | tok/sec: 1,770,558 | mfu: 20.5% | epoch: 1 | remaining: 55s    
step 01666 (81.7%) | loss: 3.047996 | lrm: 0.73 | dt: 148ms | tok/sec: 1,768,004 | mfu: 20.4% | epoch: 1 | remaining: 55s    
step 01667 (81.7%) | loss: 3.047796 | lrm: 0.73 | dt: 148ms | tok/sec: 1,771,283 | mfu: 20.5% | epoch: 1 | remaining: 55s    
step 01668 (81.8%) | loss: 3.046665 | lrm: 0.73 | dt: 148ms | tok/sec: 1,770,758 | mfu: 20.5% | epoch: 1 | remaining: 55s    
step 01669 (81.8%) | loss: 3.046869 | lrm: 0.73 | dt: 148ms | tok/sec: 1,770,481 | mfu: 20.5% | epoch: 1 | remaining: 54s    
step 01670 (81.9%) | loss: 3.046544 | lrm: 0.73 | dt: 148ms | tok/sec: 1,771,619 | mfu: 20.5% | epoch: 1 | remaining: 54s    
step 01671 (81.9%) | loss: 3.041625 | lrm: 0.72 | dt: 148ms | tok/sec: 1,771,819 | mfu: 20.5% | epoch: 1 | remaining: 54s    
step 01672 (82.0%) | loss: 3.037373 | lrm: 0.72 | dt: 148ms | tok/sec: 1,771,251 | mfu: 20.5% | epoch: 1 | remaining: 54s    
step 01673 (82.0%) | loss: 3.043333 | lrm: 0.72 | dt: 148ms | tok/sec: 1,771,642 | mfu: 20.5% | epoch: 1 | remaining: 54s    
step 01674 (82.1%) | loss: 3.041458 | lrm: 0.72 | dt: 148ms | tok/sec: 1,770,595 | mfu: 20.5% | epoch: 1 | remaining: 54s    
step 01675 (82.1%) | loss: 3.037165 | lrm: 0.72 | dt: 148ms | tok/sec: 1,771,037 | mfu: 20.5% | epoch: 1 | remaining: 54s    
step 01676 (82.2%) | loss: 3.041117 | lrm: 0.71 | dt: 148ms | tok/sec: 1,769,401 | mfu: 20.5% | epoch: 1 | remaining: 53s    
step 01677 (82.2%) | loss: 3.039138 | lrm: 0.71 | dt: 148ms | tok/sec: 1,771,414 | mfu: 20.5% | epoch: 1 | remaining: 53s    
step 01678 (82.3%) | loss: 3.041883 | lrm: 0.71 | dt: 148ms | tok/sec: 1,771,568 | mfu: 20.5% | epoch: 1 | remaining: 53s    
step 01679 (82.3%) | loss: 3.050167 | lrm: 0.71 | dt: 148ms | tok/sec: 1,771,251 | mfu: 20.5% | epoch: 1 | remaining: 53s    
step 01680 (82.4%) | loss: 3.049223 | lrm: 0.71 | dt: 148ms | tok/sec: 1,770,638 | mfu: 20.5% | epoch: 1 | remaining: 53s    
step 01681 (82.4%) | loss: 3.052773 | lrm: 0.70 | dt: 151ms | tok/sec: 1,736,302 | mfu: 20.1% | epoch: 1 | remaining: 53s    
step 01682 (82.5%) | loss: 3.052381 | lrm: 0.70 | dt: 148ms | tok/sec: 1,770,287 | mfu: 20.5% | epoch: 1 | remaining: 52s    
step 01683 (82.5%) | loss: 3.047564 | lrm: 0.70 | dt: 148ms | tok/sec: 1,770,892 | mfu: 20.5% | epoch: 1 | remaining: 52s    
step 01684 (82.6%) | loss: 3.045372 | lrm: 0.70 | dt: 148ms | tok/sec: 1,771,457 | mfu: 20.5% | epoch: 1 | remaining: 52s    
step 01685 (82.6%) | loss: 3.048772 | lrm: 0.70 | dt: 148ms | tok/sec: 1,770,393 | mfu: 20.5% | epoch: 1 | remaining: 52s    
step 01686 (82.7%) | loss: 3.047201 | lrm: 0.69 | dt: 148ms | tok/sec: 1,771,014 | mfu: 20.5% | epoch: 1 | remaining: 52s    
step 01687 (82.7%) | loss: 3.044004 | lrm: 0.69 | dt: 148ms | tok/sec: 1,771,189 | mfu: 20.5% | epoch: 1 | remaining: 52s    
step 01688 (82.8%) | loss: 3.044673 | lrm: 0.69 | dt: 148ms | tok/sec: 1,771,408 | mfu: 20.5% | epoch: 1 | remaining: 52s    
step 01689 (82.8%) | loss: 3.045259 | lrm: 0.69 | dt: 148ms | tok/sec: 1,771,231 | mfu: 20.5% | epoch: 1 | remaining: 51s    
step 01690 (82.9%) | loss: 3.042913 | lrm: 0.69 | dt: 148ms | tok/sec: 1,771,682 | mfu: 20.5% | epoch: 1 | remaining: 51s    
step 01691 (82.9%) | loss: 3.043378 | lrm: 0.68 | dt: 148ms | tok/sec: 1,771,474 | mfu: 20.5% | epoch: 1 | remaining: 51s    
step 01692 (82.9%) | loss: 3.040172 | lrm: 0.68 | dt: 148ms | tok/sec: 1,769,760 | mfu: 20.5% | epoch: 1 | remaining: 51s    
step 01693 (83.0%) | loss: 3.038186 | lrm: 0.68 | dt: 148ms | tok/sec: 1,770,689 | mfu: 20.5% | epoch: 1 | remaining: 51s    
step 01694 (83.0%) | loss: 3.035705 | lrm: 0.68 | dt: 148ms | tok/sec: 1,771,622 | mfu: 20.5% | epoch: 1 | remaining: 51s    
step 01695 (83.1%) | loss: 3.039133 | lrm: 0.68 | dt: 148ms | tok/sec: 1,771,268 | mfu: 20.5% | epoch: 1 | remaining: 51s    
step 01696 (83.1%) | loss: 3.038516 | lrm: 0.67 | dt: 148ms | tok/sec: 1,770,501 | mfu: 20.5% | epoch: 1 | remaining: 50s    
step 01697 (83.2%) | loss: 3.036076 | lrm: 0.67 | dt: 148ms | tok/sec: 1,767,740 | mfu: 20.4% | epoch: 1 | remaining: 50s    
step 01698 (83.2%) | loss: 3.035589 | lrm: 0.67 | dt: 148ms | tok/sec: 1,771,520 | mfu: 20.5% | epoch: 1 | remaining: 50s    
step 01699 (83.3%) | loss: 3.034227 | lrm: 0.67 | dt: 148ms | tok/sec: 1,771,154 | mfu: 20.5% | epoch: 1 | remaining: 50s    
step 01700 (83.3%) | loss: 3.033426 | lrm: 0.67 | dt: 148ms | tok/sec: 1,771,528 | mfu: 20.5% | epoch: 1 | remaining: 50s    
step 01701 (83.4%) | loss: 3.038190 | lrm: 0.66 | dt: 148ms | tok/sec: 1,771,557 | mfu: 20.5% | epoch: 1 | remaining: 50s    
step 01702 (83.4%) | loss: 3.034247 | lrm: 0.66 | dt: 148ms | tok/sec: 1,770,718 | mfu: 20.5% | epoch: 1 | remaining: 50s    
step 01703 (83.5%) | loss: 3.033945 | lrm: 0.66 | dt: 148ms | tok/sec: 1,770,259 | mfu: 20.5% | epoch: 1 | remaining: 49s    
step 01704 (83.5%) | loss: 3.034474 | lrm: 0.66 | dt: 148ms | tok/sec: 1,771,494 | mfu: 20.5% | epoch: 1 | remaining: 49s    
step 01705 (83.6%) | loss: 3.030712 | lrm: 0.66 | dt: 148ms | tok/sec: 1,771,902 | mfu: 20.5% | epoch: 1 | remaining: 49s    
step 01706 (83.6%) | loss: 3.029358 | lrm: 0.65 | dt: 148ms | tok/sec: 1,770,789 | mfu: 20.5% | epoch: 1 | remaining: 49s    
step 01707 (83.7%) | loss: 3.029723 | lrm: 0.65 | dt: 148ms | tok/sec: 1,771,434 | mfu: 20.5% | epoch: 1 | remaining: 49s    
step 01708 (83.7%) | loss: 3.028913 | lrm: 0.65 | dt: 148ms | tok/sec: 1,770,878 | mfu: 20.5% | epoch: 1 | remaining: 49s    
step 01709 (83.8%) | loss: 3.024853 | lrm: 0.65 | dt: 148ms | tok/sec: 1,770,909 | mfu: 20.5% | epoch: 1 | remaining: 48s    
step 01710 (83.8%) | loss: 3.027031 | lrm: 0.65 | dt: 148ms | tok/sec: 1,772,553 | mfu: 20.5% | epoch: 1 | remaining: 48s    
step 01711 (83.9%) | loss: 3.026891 | lrm: 0.64 | dt: 148ms | tok/sec: 1,770,741 | mfu: 20.5% | epoch: 1 | remaining: 48s    
step 01712 (83.9%) | loss: 3.018638 | lrm: 0.64 | dt: 148ms | tok/sec: 1,770,336 | mfu: 20.5% | epoch: 1 | remaining: 48s    
step 01713 (84.0%) | loss: 3.024843 | lrm: 0.64 | dt: 148ms | tok/sec: 1,770,507 | mfu: 20.5% | epoch: 1 | remaining: 48s    
step 01714 (84.0%) | loss: 3.023427 | lrm: 0.64 | dt: 148ms | tok/sec: 1,770,672 | mfu: 20.5% | epoch: 1 | remaining: 48s    
step 01715 (84.1%) | loss: 3.027890 | lrm: 0.64 | dt: 148ms | tok/sec: 1,771,111 | mfu: 20.5% | epoch: 1 | remaining: 48s    
step 01716 (84.1%) | loss: 3.030376 | lrm: 0.63 | dt: 148ms | tok/sec: 1,770,801 | mfu: 20.5% | epoch: 1 | remaining: 47s    
step 01717 (84.2%) | loss: 3.030044 | lrm: 0.63 | dt: 148ms | tok/sec: 1,768,129 | mfu: 20.4% | epoch: 1 | remaining: 47s    
step 01718 (84.2%) | loss: 3.028942 | lrm: 0.63 | dt: 148ms | tok/sec: 1,770,672 | mfu: 20.5% | epoch: 1 | remaining: 47s    
step 01719 (84.3%) | loss: 3.032552 | lrm: 0.63 | dt: 148ms | tok/sec: 1,769,467 | mfu: 20.5% | epoch: 1 | remaining: 47s    
step 01720 (84.3%) | loss: 3.036521 | lrm: 0.63 | dt: 148ms | tok/sec: 1,766,876 | mfu: 20.4% | epoch: 1 | remaining: 47s    
step 01721 (84.4%) | loss: 3.036489 | lrm: 0.62 | dt: 148ms | tok/sec: 1,769,712 | mfu: 20.5% | epoch: 1 | remaining: 47s    
step 01722 (84.4%) | loss: 3.037136 | lrm: 0.62 | dt: 148ms | tok/sec: 1,768,684 | mfu: 20.5% | epoch: 1 | remaining: 47s    
step 01723 (84.5%) | loss: 3.038694 | lrm: 0.62 | dt: 148ms | tok/sec: 1,768,792 | mfu: 20.5% | epoch: 1 | remaining: 46s    
step 01724 (84.5%) | loss: 3.037020 | lrm: 0.62 | dt: 148ms | tok/sec: 1,769,703 | mfu: 20.5% | epoch: 1 | remaining: 46s    
step 01725 (84.6%) | loss: 3.036258 | lrm: 0.62 | dt: 148ms | tok/sec: 1,770,085 | mfu: 20.5% | epoch: 1 | remaining: 46s    
step 01726 (84.6%) | loss: 3.032113 | lrm: 0.61 | dt: 148ms | tok/sec: 1,769,860 | mfu: 20.5% | epoch: 1 | remaining: 46s    
step 01727 (84.7%) | loss: 3.031974 | lrm: 0.61 | dt: 148ms | tok/sec: 1,769,940 | mfu: 20.5% | epoch: 1 | remaining: 46s    
step 01728 (84.7%) | loss: 3.029982 | lrm: 0.61 | dt: 148ms | tok/sec: 1,770,917 | mfu: 20.5% | epoch: 1 | remaining: 46s    
step 01729 (84.8%) | loss: 3.028782 | lrm: 0.61 | dt: 148ms | tok/sec: 1,771,012 | mfu: 20.5% | epoch: 1 | remaining: 46s    
step 01730 (84.8%) | loss: 3.030005 | lrm: 0.61 | dt: 148ms | tok/sec: 1,771,106 | mfu: 20.5% | epoch: 1 | remaining: 45s    
step 01731 (84.9%) | loss: 3.028732 | lrm: 0.61 | dt: 148ms | tok/sec: 1,771,006 | mfu: 20.5% | epoch: 1 | remaining: 45s    
step 01732 (84.9%) | loss: 3.026928 | lrm: 0.60 | dt: 148ms | tok/sec: 1,770,926 | mfu: 20.5% | epoch: 1 | remaining: 45s    
step 01733 (85.0%) | loss: 3.026068 | lrm: 0.60 | dt: 148ms | tok/sec: 1,770,892 | mfu: 20.5% | epoch: 1 | remaining: 45s    
step 01734 (85.0%) | loss: 3.024360 | lrm: 0.60 | dt: 148ms | tok/sec: 1,770,552 | mfu: 20.5% | epoch: 1 | remaining: 45s    
step 01735 (85.1%) | loss: 3.025934 | lrm: 0.60 | dt: 148ms | tok/sec: 1,770,621 | mfu: 20.5% | epoch: 1 | remaining: 45s    
step 01736 (85.1%) | loss: 3.028726 | lrm: 0.60 | dt: 148ms | tok/sec: 1,767,470 | mfu: 20.4% | epoch: 1 | remaining: 44s    
step 01737 (85.2%) | loss: 3.029023 | lrm: 0.59 | dt: 148ms | tok/sec: 1,769,937 | mfu: 20.5% | epoch: 1 | remaining: 44s    
step 01738 (85.2%) | loss: 3.027613 | lrm: 0.59 | dt: 148ms | tok/sec: 1,768,755 | mfu: 20.5% | epoch: 1 | remaining: 44s    
step 01739 (85.3%) | loss: 3.026823 | lrm: 0.59 | dt: 150ms | tok/sec: 1,749,872 | mfu: 20.2% | epoch: 1 | remaining: 44s    
step 01740 (85.3%) | loss: 3.030044 | lrm: 0.59 | dt: 151ms | tok/sec: 1,736,776 | mfu: 20.1% | epoch: 1 | remaining: 44s    
step 01741 (85.4%) | loss: 3.025294 | lrm: 0.59 | dt: 148ms | tok/sec: 1,769,242 | mfu: 20.5% | epoch: 1 | remaining: 44s    
step 01742 (85.4%) | loss: 3.022441 | lrm: 0.58 | dt: 148ms | tok/sec: 1,769,464 | mfu: 20.5% | epoch: 1 | remaining: 44s    
step 01743 (85.5%) | loss: 3.020787 | lrm: 0.58 | dt: 153ms | tok/sec: 1,711,291 | mfu: 19.8% | epoch: 1 | remaining: 43s    
step 01744 (85.5%) | loss: 3.021270 | lrm: 0.58 | dt: 148ms | tok/sec: 1,770,821 | mfu: 20.5% | epoch: 1 | remaining: 43s    
step 01745 (85.6%) | loss: 3.018570 | lrm: 0.58 | dt: 148ms | tok/sec: 1,771,069 | mfu: 20.5% | epoch: 1 | remaining: 43s    
step 01746 (85.6%) | loss: 3.014826 | lrm: 0.58 | dt: 148ms | tok/sec: 1,770,915 | mfu: 20.5% | epoch: 1 | remaining: 43s    
step 01747 (85.7%) | loss: 3.008690 | lrm: 0.57 | dt: 148ms | tok/sec: 1,771,063 | mfu: 20.5% | epoch: 1 | remaining: 43s    
step 01748 (85.7%) | loss: 3.011993 | lrm: 0.57 | dt: 148ms | tok/sec: 1,770,324 | mfu: 20.5% | epoch: 1 | remaining: 43s    
step 01749 (85.8%) | loss: 3.011635 | lrm: 0.57 | dt: 148ms | tok/sec: 1,769,618 | mfu: 20.5% | epoch: 1 | remaining: 43s    
step 01750 (85.8%) | loss: 3.012456 | lrm: 0.57 | dt: 148ms | tok/sec: 1,770,441 | mfu: 20.5% | epoch: 1 | remaining: 42s    
step 01751 (85.9%) | loss: 3.015822 | lrm: 0.57 | dt: 148ms | tok/sec: 1,770,279 | mfu: 20.5% | epoch: 1 | remaining: 42s    
step 01752 (85.9%) | loss: 3.013738 | lrm: 0.56 | dt: 148ms | tok/sec: 1,771,522 | mfu: 20.5% | epoch: 1 | remaining: 42s    
step 01753 (86.0%) | loss: 3.017304 | lrm: 0.56 | dt: 148ms | tok/sec: 1,772,036 | mfu: 20.5% | epoch: 1 | remaining: 42s    
step 01754 (86.0%) | loss: 3.016515 | lrm: 0.56 | dt: 148ms | tok/sec: 1,771,842 | mfu: 20.5% | epoch: 1 | remaining: 42s    
step 01755 (86.1%) | loss: 3.015962 | lrm: 0.56 | dt: 148ms | tok/sec: 1,771,642 | mfu: 20.5% | epoch: 1 | remaining: 42s    
step 01756 (86.1%) | loss: 3.015200 | lrm: 0.56 | dt: 148ms | tok/sec: 1,770,772 | mfu: 20.5% | epoch: 1 | remaining: 42s    
step 01757 (86.2%) | loss: 3.017301 | lrm: 0.55 | dt: 148ms | tok/sec: 1,770,558 | mfu: 20.5% | epoch: 1 | remaining: 41s    
step 01758 (86.2%) | loss: 3.014845 | lrm: 0.55 | dt: 149ms | tok/sec: 1,757,194 | mfu: 20.3% | epoch: 1 | remaining: 41s    
step 01759 (86.3%) | loss: 3.013106 | lrm: 0.55 | dt: 148ms | tok/sec: 1,768,792 | mfu: 20.5% | epoch: 1 | remaining: 41s    
step 01760 (86.3%) | loss: 3.013409 | lrm: 0.55 | dt: 148ms | tok/sec: 1,769,820 | mfu: 20.5% | epoch: 1 | remaining: 41s    
step 01761 (86.4%) | loss: 3.015123 | lrm: 0.55 | dt: 148ms | tok/sec: 1,769,552 | mfu: 20.5% | epoch: 1 | remaining: 41s    
step 01762 (86.4%) | loss: 3.005725 | lrm: 0.54 | dt: 148ms | tok/sec: 1,769,307 | mfu: 20.5% | epoch: 1 | remaining: 41s    
step 01763 (86.5%) | loss: 3.004019 | lrm: 0.54 | dt: 148ms | tok/sec: 1,770,823 | mfu: 20.5% | epoch: 1 | remaining: 40s    
step 01764 (86.5%) | loss: 3.005763 | lrm: 0.54 | dt: 148ms | tok/sec: 1,770,615 | mfu: 20.5% | epoch: 1 | remaining: 40s    
step 01765 (86.6%) | loss: 3.009681 | lrm: 0.54 | dt: 148ms | tok/sec: 1,770,441 | mfu: 20.5% | epoch: 1 | remaining: 40s    
step 01766 (86.6%) | loss: 3.011175 | lrm: 0.54 | dt: 148ms | tok/sec: 1,770,111 | mfu: 20.5% | epoch: 1 | remaining: 40s    
step 01767 (86.7%) | loss: 3.010883 | lrm: 0.53 | dt: 148ms | tok/sec: 1,771,697 | mfu: 20.5% | epoch: 1 | remaining: 40s    
step 01768 (86.7%) | loss: 3.009543 | lrm: 0.53 | dt: 148ms | tok/sec: 1,771,394 | mfu: 20.5% | epoch: 1 | remaining: 40s    
step 01769 (86.8%) | loss: 3.005971 | lrm: 0.53 | dt: 148ms | tok/sec: 1,770,952 | mfu: 20.5% | epoch: 1 | remaining: 40s    
step 01770 (86.8%) | loss: 3.009285 | lrm: 0.53 | dt: 148ms | tok/sec: 1,770,156 | mfu: 20.5% | epoch: 1 | remaining: 39s    
step 01771 (86.9%) | loss: 3.010615 | lrm: 0.53 | dt: 148ms | tok/sec: 1,768,115 | mfu: 20.4% | epoch: 1 | remaining: 39s    
step 01772 (86.9%) | loss: 3.010866 | lrm: 0.52 | dt: 148ms | tok/sec: 1,770,832 | mfu: 20.5% | epoch: 1 | remaining: 39s    
step 01773 (87.0%) | loss: 3.011112 | lrm: 0.52 | dt: 148ms | tok/sec: 1,769,438 | mfu: 20.5% | epoch: 1 | remaining: 39s    
step 01774 (87.0%) | loss: 3.014316 | lrm: 0.52 | dt: 148ms | tok/sec: 1,769,866 | mfu: 20.5% | epoch: 1 | remaining: 39s    
step 01775 (87.0%) | loss: 3.015450 | lrm: 0.52 | dt: 148ms | tok/sec: 1,770,444 | mfu: 20.5% | epoch: 1 | remaining: 39s    
step 01776 (87.1%) | loss: 3.011875 | lrm: 0.52 | dt: 148ms | tok/sec: 1,765,793 | mfu: 20.4% | epoch: 1 | remaining: 39s    
step 01777 (87.1%) | loss: 3.007605 | lrm: 0.51 | dt: 148ms | tok/sec: 1,765,883 | mfu: 20.4% | epoch: 1 | remaining: 38s    
step 01778 (87.2%) | loss: 3.008378 | lrm: 0.51 | dt: 148ms | tok/sec: 1,768,533 | mfu: 20.5% | epoch: 1 | remaining: 38s    
step 01779 (87.2%) | loss: 3.004725 | lrm: 0.51 | dt: 148ms | tok/sec: 1,769,148 | mfu: 20.5% | epoch: 1 | remaining: 38s    
step 01780 (87.3%) | loss: 3.004278 | lrm: 0.51 | dt: 148ms | tok/sec: 1,770,296 | mfu: 20.5% | epoch: 1 | remaining: 38s    
step 01781 (87.3%) | loss: 3.001428 | lrm: 0.51 | dt: 148ms | tok/sec: 1,770,099 | mfu: 20.5% | epoch: 1 | remaining: 38s    
step 01782 (87.4%) | loss: 3.004446 | lrm: 0.50 | dt: 148ms | tok/sec: 1,769,957 | mfu: 20.5% | epoch: 1 | remaining: 38s    
step 01783 (87.4%) | loss: 3.001257 | lrm: 0.50 | dt: 148ms | tok/sec: 1,770,629 | mfu: 20.5% | epoch: 1 | remaining: 38s    
step 01784 (87.5%) | loss: 3.001283 | lrm: 0.50 | dt: 148ms | tok/sec: 1,771,037 | mfu: 20.5% | epoch: 1 | remaining: 37s    
step 01785 (87.5%) | loss: 2.995292 | lrm: 0.50 | dt: 148ms | tok/sec: 1,770,316 | mfu: 20.5% | epoch: 1 | remaining: 37s    
step 01786 (87.6%) | loss: 2.996416 | lrm: 0.50 | dt: 148ms | tok/sec: 1,767,666 | mfu: 20.4% | epoch: 1 | remaining: 37s    
step 01787 (87.6%) | loss: 2.999088 | lrm: 0.49 | dt: 148ms | tok/sec: 1,766,034 | mfu: 20.4% | epoch: 1 | remaining: 37s    
step 01788 (87.7%) | loss: 3.002436 | lrm: 0.49 | dt: 148ms | tok/sec: 1,769,789 | mfu: 20.5% | epoch: 1 | remaining: 37s    
step 01789 (87.7%) | loss: 3.000599 | lrm: 0.49 | dt: 148ms | tok/sec: 1,771,054 | mfu: 20.5% | epoch: 1 | remaining: 37s    
step 01790 (87.8%) | loss: 2.997324 | lrm: 0.49 | dt: 148ms | tok/sec: 1,770,139 | mfu: 20.5% | epoch: 1 | remaining: 36s    
step 01791 (87.8%) | loss: 2.999263 | lrm: 0.49 | dt: 148ms | tok/sec: 1,770,983 | mfu: 20.5% | epoch: 1 | remaining: 36s    
step 01792 (87.9%) | loss: 3.002067 | lrm: 0.48 | dt: 148ms | tok/sec: 1,770,612 | mfu: 20.5% | epoch: 1 | remaining: 36s    
step 01793 (87.9%) | loss: 3.004350 | lrm: 0.48 | dt: 151ms | tok/sec: 1,737,619 | mfu: 20.1% | epoch: 1 | remaining: 36s    
step 01794 (88.0%) | loss: 3.009773 | lrm: 0.48 | dt: 148ms | tok/sec: 1,769,023 | mfu: 20.5% | epoch: 1 | remaining: 36s    
step 01795 (88.0%) | loss: 3.009487 | lrm: 0.48 | dt: 148ms | tok/sec: 1,769,621 | mfu: 20.5% | epoch: 1 | remaining: 36s    
step 01796 (88.1%) | loss: 3.006407 | lrm: 0.48 | dt: 148ms | tok/sec: 1,769,760 | mfu: 20.5% | epoch: 1 | remaining: 36s    
step 01797 (88.1%) | loss: 3.004230 | lrm: 0.47 | dt: 148ms | tok/sec: 1,768,795 | mfu: 20.5% | epoch: 1 | remaining: 35s    
step 01798 (88.2%) | loss: 3.002963 | lrm: 0.47 | dt: 148ms | tok/sec: 1,770,952 | mfu: 20.5% | epoch: 1 | remaining: 35s    
step 01799 (88.2%) | loss: 3.001968 | lrm: 0.47 | dt: 148ms | tok/sec: 1,769,717 | mfu: 20.5% | epoch: 1 | remaining: 35s    
step 01800 (88.3%) | loss: 3.000613 | lrm: 0.47 | dt: 148ms | tok/sec: 1,769,652 | mfu: 20.5% | epoch: 1 | remaining: 35s    
step 01801 (88.3%) | loss: 3.005037 | lrm: 0.47 | dt: 148ms | tok/sec: 1,770,057 | mfu: 20.5% | epoch: 1 | remaining: 35s    
step 01802 (88.4%) | loss: 3.007744 | lrm: 0.46 | dt: 148ms | tok/sec: 1,770,265 | mfu: 20.5% | epoch: 1 | remaining: 35s    
step 01803 (88.4%) | loss: 3.009234 | lrm: 0.46 | dt: 148ms | tok/sec: 1,770,196 | mfu: 20.5% | epoch: 1 | remaining: 35s    
step 01804 (88.5%) | loss: 3.006343 | lrm: 0.46 | dt: 148ms | tok/sec: 1,770,721 | mfu: 20.5% | epoch: 1 | remaining: 34s    
step 01805 (88.5%) | loss: 3.002430 | lrm: 0.46 | dt: 148ms | tok/sec: 1,770,287 | mfu: 20.5% | epoch: 1 | remaining: 34s    
step 01806 (88.6%) | loss: 3.002569 | lrm: 0.46 | dt: 148ms | tok/sec: 1,770,436 | mfu: 20.5% | epoch: 1 | remaining: 34s    
step 01807 (88.6%) | loss: 3.001204 | lrm: 0.45 | dt: 148ms | tok/sec: 1,769,780 | mfu: 20.5% | epoch: 1 | remaining: 34s    
step 01808 (88.7%) | loss: 3.003973 | lrm: 0.45 | dt: 148ms | tok/sec: 1,769,484 | mfu: 20.5% | epoch: 1 | remaining: 34s    
step 01809 (88.7%) | loss: 3.007217 | lrm: 0.45 | dt: 148ms | tok/sec: 1,770,755 | mfu: 20.5% | epoch: 1 | remaining: 34s    
step 01810 (88.8%) | loss: 3.004197 | lrm: 0.45 | dt: 148ms | tok/sec: 1,771,411 | mfu: 20.5% | epoch: 1 | remaining: 34s    
step 01811 (88.8%) | loss: 3.001341 | lrm: 0.45 | dt: 148ms | tok/sec: 1,771,003 | mfu: 20.5% | epoch: 1 | remaining: 33s    
step 01812 (88.9%) | loss: 2.999136 | lrm: 0.44 | dt: 148ms | tok/sec: 1,771,825 | mfu: 20.5% | epoch: 1 | remaining: 33s    
step 01813 (88.9%) | loss: 2.995941 | lrm: 0.44 | dt: 148ms | tok/sec: 1,771,368 | mfu: 20.5% | epoch: 1 | remaining: 33s    
step 01814 (89.0%) | loss: 2.995113 | lrm: 0.44 | dt: 148ms | tok/sec: 1,771,234 | mfu: 20.5% | epoch: 1 | remaining: 33s    
step 01815 (89.0%) | loss: 2.996945 | lrm: 0.44 | dt: 148ms | tok/sec: 1,771,334 | mfu: 20.5% | epoch: 1 | remaining: 33s    
step 01816 (89.1%) | loss: 2.998168 | lrm: 0.44 | dt: 148ms | tok/sec: 1,771,782 | mfu: 20.5% | epoch: 1 | remaining: 33s    
step 01817 (89.1%) | loss: 2.994952 | lrm: 0.44 | dt: 148ms | tok/sec: 1,771,634 | mfu: 20.5% | epoch: 1 | remaining: 32s    
step 01818 (89.2%) | loss: 2.994742 | lrm: 0.43 | dt: 148ms | tok/sec: 1,771,948 | mfu: 20.5% | epoch: 1 | remaining: 32s    
step 01819 (89.2%) | loss: 2.998404 | lrm: 0.43 | dt: 148ms | tok/sec: 1,771,976 | mfu: 20.5% | epoch: 1 | remaining: 32s    
step 01820 (89.3%) | loss: 2.995989 | lrm: 0.43 | dt: 148ms | tok/sec: 1,771,308 | mfu: 20.5% | epoch: 1 | remaining: 32s    
step 01821 (89.3%) | loss: 2.993012 | lrm: 0.43 | dt: 148ms | tok/sec: 1,769,253 | mfu: 20.5% | epoch: 1 | remaining: 32s    
step 01822 (89.4%) | loss: 2.998190 | lrm: 0.43 | dt: 148ms | tok/sec: 1,771,328 | mfu: 20.5% | epoch: 1 | remaining: 32s    
step 01823 (89.4%) | loss: 3.005381 | lrm: 0.42 | dt: 148ms | tok/sec: 1,771,214 | mfu: 20.5% | epoch: 1 | remaining: 32s    
step 01824 (89.5%) | loss: 3.002191 | lrm: 0.42 | dt: 148ms | tok/sec: 1,771,528 | mfu: 20.5% | epoch: 1 | remaining: 31s    
step 01825 (89.5%) | loss: 2.996088 | lrm: 0.42 | dt: 148ms | tok/sec: 1,770,835 | mfu: 20.5% | epoch: 1 | remaining: 31s    
step 01826 (89.6%) | loss: 2.993598 | lrm: 0.42 | dt: 148ms | tok/sec: 1,769,997 | mfu: 20.5% | epoch: 1 | remaining: 31s    
step 01827 (89.6%) | loss: 2.984959 | lrm: 0.42 | dt: 148ms | tok/sec: 1,770,758 | mfu: 20.5% | epoch: 1 | remaining: 31s    
step 01828 (89.7%) | loss: 2.983960 | lrm: 0.41 | dt: 148ms | tok/sec: 1,770,153 | mfu: 20.5% | epoch: 1 | remaining: 31s    
step 01829 (89.7%) | loss: 2.980166 | lrm: 0.41 | dt: 148ms | tok/sec: 1,769,256 | mfu: 20.5% | epoch: 1 | remaining: 31s    
step 01830 (89.8%) | loss: 2.983390 | lrm: 0.41 | dt: 148ms | tok/sec: 1,769,501 | mfu: 20.5% | epoch: 1 | remaining: 31s    
step 01831 (89.8%) | loss: 2.983991 | lrm: 0.41 | dt: 148ms | tok/sec: 1,770,669 | mfu: 20.5% | epoch: 1 | remaining: 30s    
step 01832 (89.9%) | loss: 2.982699 | lrm: 0.41 | dt: 148ms | tok/sec: 1,769,886 | mfu: 20.5% | epoch: 1 | remaining: 30s    
step 01833 (89.9%) | loss: 2.982550 | lrm: 0.40 | dt: 148ms | tok/sec: 1,770,156 | mfu: 20.5% | epoch: 1 | remaining: 30s    
step 01834 (90.0%) | loss: 2.984055 | lrm: 0.40 | dt: 148ms | tok/sec: 1,769,971 | mfu: 20.5% | epoch: 1 | remaining: 30s    
step 01835 (90.0%) | loss: 2.991293 | lrm: 0.40 | dt: 148ms | tok/sec: 1,771,414 | mfu: 20.5% | epoch: 1 | remaining: 30s    
step 01836 (90.1%) | loss: 2.990959 | lrm: 0.40 | dt: 148ms | tok/sec: 1,769,310 | mfu: 20.5% | epoch: 1 | remaining: 30s    
step 01837 (90.1%) | loss: 2.993348 | lrm: 0.40 | dt: 148ms | tok/sec: 1,770,387 | mfu: 20.5% | epoch: 1 | remaining: 30s    
step 01838 (90.2%) | loss: 2.991234 | lrm: 0.39 | dt: 148ms | tok/sec: 1,771,328 | mfu: 20.5% | epoch: 1 | remaining: 29s    
step 01839 (90.2%) | loss: 2.987910 | lrm: 0.39 | dt: 148ms | tok/sec: 1,770,461 | mfu: 20.5% | epoch: 1 | remaining: 29s    
step 01840 (90.3%) | loss: 2.990365 | lrm: 0.39 | dt: 148ms | tok/sec: 1,771,340 | mfu: 20.5% | epoch: 1 | remaining: 29s    
step 01841 (90.3%) | loss: 2.993609 | lrm: 0.39 | dt: 148ms | tok/sec: 1,771,177 | mfu: 20.5% | epoch: 1 | remaining: 29s    
step 01842 (90.4%) | loss: 2.993059 | lrm: 0.39 | dt: 148ms | tok/sec: 1,770,276 | mfu: 20.5% | epoch: 1 | remaining: 29s    
step 01843 (90.4%) | loss: 2.993381 | lrm: 0.38 | dt: 148ms | tok/sec: 1,771,482 | mfu: 20.5% | epoch: 1 | remaining: 29s    
step 01844 (90.5%) | loss: 2.991460 | lrm: 0.38 | dt: 148ms | tok/sec: 1,770,672 | mfu: 20.5% | epoch: 1 | remaining: 28s    
step 01845 (90.5%) | loss: 2.989864 | lrm: 0.38 | dt: 148ms | tok/sec: 1,770,598 | mfu: 20.5% | epoch: 1 | remaining: 28s    
step 01846 (90.6%) | loss: 2.990912 | lrm: 0.38 | dt: 148ms | tok/sec: 1,767,143 | mfu: 20.4% | epoch: 1 | remaining: 28s    
step 01847 (90.6%) | loss: 2.990077 | lrm: 0.38 | dt: 148ms | tok/sec: 1,769,159 | mfu: 20.5% | epoch: 1 | remaining: 28s    
step 01848 (90.7%) | loss: 2.986484 | lrm: 0.37 | dt: 148ms | tok/sec: 1,765,288 | mfu: 20.4% | epoch: 1 | remaining: 28s    
step 01849 (90.7%) | loss: 2.984760 | lrm: 0.37 | dt: 148ms | tok/sec: 1,766,763 | mfu: 20.4% | epoch: 1 | remaining: 28s    
step 01850 (90.8%) | loss: 2.982969 | lrm: 0.37 | dt: 148ms | tok/sec: 1,768,496 | mfu: 20.5% | epoch: 1 | remaining: 28s    
step 01851 (90.8%) | loss: 2.985571 | lrm: 0.37 | dt: 151ms | tok/sec: 1,740,457 | mfu: 20.1% | epoch: 1 | remaining: 27s    
step 01852 (90.9%) | loss: 2.979108 | lrm: 0.37 | dt: 148ms | tok/sec: 1,768,394 | mfu: 20.5% | epoch: 1 | remaining: 27s    
step 01853 (90.9%) | loss: 2.982800 | lrm: 0.36 | dt: 148ms | tok/sec: 1,770,094 | mfu: 20.5% | epoch: 1 | remaining: 27s    
step 01854 (91.0%) | loss: 2.982394 | lrm: 0.36 | dt: 148ms | tok/sec: 1,769,521 | mfu: 20.5% | epoch: 1 | remaining: 27s    
step 01855 (91.0%) | loss: 2.979042 | lrm: 0.36 | dt: 148ms | tok/sec: 1,770,108 | mfu: 20.5% | epoch: 1 | remaining: 27s    
step 01856 (91.1%) | loss: 2.978877 | lrm: 0.36 | dt: 148ms | tok/sec: 1,769,495 | mfu: 20.5% | epoch: 1 | remaining: 27s    
step 01857 (91.1%) | loss: 2.981607 | lrm: 0.36 | dt: 148ms | tok/sec: 1,770,595 | mfu: 20.5% | epoch: 1 | remaining: 27s    
step 01858 (91.1%) | loss: 2.981213 | lrm: 0.35 | dt: 148ms | tok/sec: 1,771,094 | mfu: 20.5% | epoch: 1 | remaining: 26s    
step 01859 (91.2%) | loss: 2.984234 | lrm: 0.35 | dt: 148ms | tok/sec: 1,771,186 | mfu: 20.5% | epoch: 1 | remaining: 26s    
step 01860 (91.2%) | loss: 2.982456 | lrm: 0.35 | dt: 148ms | tok/sec: 1,770,972 | mfu: 20.5% | epoch: 1 | remaining: 26s    
step 01861 (91.3%) | loss: 2.976119 | lrm: 0.35 | dt: 148ms | tok/sec: 1,771,517 | mfu: 20.5% | epoch: 1 | remaining: 26s    
step 01862 (91.3%) | loss: 2.972471 | lrm: 0.35 | dt: 148ms | tok/sec: 1,771,029 | mfu: 20.5% | epoch: 1 | remaining: 26s    
step 01863 (91.4%) | loss: 2.969689 | lrm: 0.34 | dt: 148ms | tok/sec: 1,771,579 | mfu: 20.5% | epoch: 1 | remaining: 26s    
step 01864 (91.4%) | loss: 2.969774 | lrm: 0.34 | dt: 148ms | tok/sec: 1,771,934 | mfu: 20.5% | epoch: 1 | remaining: 26s    
step 01865 (91.5%) | loss: 2.971811 | lrm: 0.34 | dt: 148ms | tok/sec: 1,770,604 | mfu: 20.5% | epoch: 1 | remaining: 25s    
step 01866 (91.5%) | loss: 2.970553 | lrm: 0.34 | dt: 148ms | tok/sec: 1,770,895 | mfu: 20.5% | epoch: 1 | remaining: 25s    
step 01867 (91.6%) | loss: 2.977079 | lrm: 0.34 | dt: 148ms | tok/sec: 1,771,217 | mfu: 20.5% | epoch: 1 | remaining: 25s    
step 01868 (91.6%) | loss: 2.977305 | lrm: 0.33 | dt: 148ms | tok/sec: 1,770,270 | mfu: 20.5% | epoch: 1 | remaining: 25s    
step 01869 (91.7%) | loss: 2.973080 | lrm: 0.33 | dt: 148ms | tok/sec: 1,770,632 | mfu: 20.5% | epoch: 1 | remaining: 25s    
step 01870 (91.7%) | loss: 2.974108 | lrm: 0.33 | dt: 148ms | tok/sec: 1,768,545 | mfu: 20.5% | epoch: 1 | remaining: 25s    
step 01871 (91.8%) | loss: 2.971569 | lrm: 0.33 | dt: 149ms | tok/sec: 1,759,945 | mfu: 20.4% | epoch: 1 | remaining: 24s    
step 01872 (91.8%) | loss: 2.970653 | lrm: 0.33 | dt: 148ms | tok/sec: 1,770,487 | mfu: 20.5% | epoch: 1 | remaining: 24s    
step 01873 (91.9%) | loss: 2.970884 | lrm: 0.32 | dt: 148ms | tok/sec: 1,769,020 | mfu: 20.5% | epoch: 1 | remaining: 24s    
step 01874 (91.9%) | loss: 2.972331 | lrm: 0.32 | dt: 148ms | tok/sec: 1,770,963 | mfu: 20.5% | epoch: 1 | remaining: 24s    
step 01875 (92.0%) | loss: 2.973844 | lrm: 0.32 | dt: 148ms | tok/sec: 1,770,601 | mfu: 20.5% | epoch: 1 | remaining: 24s    
step 01876 (92.0%) | loss: 2.971208 | lrm: 0.32 | dt: 148ms | tok/sec: 1,770,926 | mfu: 20.5% | epoch: 1 | remaining: 24s    
step 01877 (92.1%) | loss: 2.974332 | lrm: 0.32 | dt: 148ms | tok/sec: 1,769,931 | mfu: 20.5% | epoch: 1 | remaining: 24s    
step 01878 (92.1%) | loss: 2.974789 | lrm: 0.31 | dt: 148ms | tok/sec: 1,772,065 | mfu: 20.5% | epoch: 1 | remaining: 23s    
step 01879 (92.2%) | loss: 2.982522 | lrm: 0.31 | dt: 148ms | tok/sec: 1,771,228 | mfu: 20.5% | epoch: 1 | remaining: 23s    
step 01880 (92.2%) | loss: 2.977511 | lrm: 0.31 | dt: 148ms | tok/sec: 1,771,979 | mfu: 20.5% | epoch: 1 | remaining: 23s    
step 01881 (92.3%) | loss: 2.977053 | lrm: 0.31 | dt: 148ms | tok/sec: 1,771,928 | mfu: 20.5% | epoch: 1 | remaining: 23s    
step 01882 (92.3%) | loss: 2.982894 | lrm: 0.31 | dt: 148ms | tok/sec: 1,770,684 | mfu: 20.5% | epoch: 1 | remaining: 23s    
step 01883 (92.4%) | loss: 2.981917 | lrm: 0.30 | dt: 148ms | tok/sec: 1,770,199 | mfu: 20.5% | epoch: 1 | remaining: 23s    
step 01884 (92.4%) | loss: 2.985788 | lrm: 0.30 | dt: 148ms | tok/sec: 1,769,951 | mfu: 20.5% | epoch: 1 | remaining: 23s    
step 01885 (92.5%) | loss: 2.983469 | lrm: 0.30 | dt: 148ms | tok/sec: 1,770,715 | mfu: 20.5% | epoch: 1 | remaining: 22s    
step 01886 (92.5%) | loss: 2.982346 | lrm: 0.30 | dt: 148ms | tok/sec: 1,770,704 | mfu: 20.5% | epoch: 1 | remaining: 22s    
step 01887 (92.6%) | loss: 2.984128 | lrm: 0.30 | dt: 148ms | tok/sec: 1,770,436 | mfu: 20.5% | epoch: 1 | remaining: 22s    
step 01888 (92.6%) | loss: 2.985940 | lrm: 0.29 | dt: 148ms | tok/sec: 1,770,438 | mfu: 20.5% | epoch: 1 | remaining: 22s    
step 01889 (92.7%) | loss: 2.985411 | lrm: 0.29 | dt: 148ms | tok/sec: 1,770,242 | mfu: 20.5% | epoch: 1 | remaining: 22s    
step 01890 (92.7%) | loss: 2.984605 | lrm: 0.29 | dt: 148ms | tok/sec: 1,767,882 | mfu: 20.4% | epoch: 1 | remaining: 22s    
step 01891 (92.8%) | loss: 2.985173 | lrm: 0.29 | dt: 148ms | tok/sec: 1,766,158 | mfu: 20.4% | epoch: 1 | remaining: 22s    
step 01892 (92.8%) | loss: 2.984737 | lrm: 0.29 | dt: 148ms | tok/sec: 1,769,057 | mfu: 20.5% | epoch: 1 | remaining: 21s    
step 01893 (92.9%) | loss: 2.981244 | lrm: 0.28 | dt: 148ms | tok/sec: 1,766,014 | mfu: 20.4% | epoch: 1 | remaining: 21s    
step 01894 (92.9%) | loss: 2.982624 | lrm: 0.28 | dt: 148ms | tok/sec: 1,770,430 | mfu: 20.5% | epoch: 1 | remaining: 21s    
step 01895 (93.0%) | loss: 2.981747 | lrm: 0.28 | dt: 148ms | tok/sec: 1,770,575 | mfu: 20.5% | epoch: 1 | remaining: 21s    
step 01896 (93.0%) | loss: 2.984751 | lrm: 0.28 | dt: 148ms | tok/sec: 1,771,677 | mfu: 20.5% | epoch: 1 | remaining: 21s    
step 01897 (93.1%) | loss: 2.982874 | lrm: 0.28 | dt: 148ms | tok/sec: 1,770,624 | mfu: 20.5% | epoch: 1 | remaining: 21s    
step 01898 (93.1%) | loss: 2.983078 | lrm: 0.28 | dt: 148ms | tok/sec: 1,770,347 | mfu: 20.5% | epoch: 1 | remaining: 20s    
step 01899 (93.2%) | loss: 2.982129 | lrm: 0.27 | dt: 148ms | tok/sec: 1,771,619 | mfu: 20.5% | epoch: 1 | remaining: 20s    
step 01900 (93.2%) | loss: 2.982358 | lrm: 0.27 | dt: 148ms | tok/sec: 1,770,912 | mfu: 20.5% | epoch: 1 | remaining: 20s    
step 01901 (93.3%) | loss: 2.979699 | lrm: 0.27 | dt: 148ms | tok/sec: 1,767,891 | mfu: 20.4% | epoch: 1 | remaining: 20s    
step 01902 (93.3%) | loss: 2.974952 | lrm: 0.27 | dt: 148ms | tok/sec: 1,770,473 | mfu: 20.5% | epoch: 1 | remaining: 20s    
step 01903 (93.4%) | loss: 2.974235 | lrm: 0.27 | dt: 148ms | tok/sec: 1,770,752 | mfu: 20.5% | epoch: 1 | remaining: 20s    
step 01904 (93.4%) | loss: 2.971333 | lrm: 0.26 | dt: 148ms | tok/sec: 1,771,939 | mfu: 20.5% | epoch: 1 | remaining: 20s    
step 01905 (93.5%) | loss: 2.968881 | lrm: 0.26 | dt: 148ms | tok/sec: 1,771,137 | mfu: 20.5% | epoch: 1 | remaining: 19s    
step 01906 (93.5%) | loss: 2.961340 | lrm: 0.26 | dt: 148ms | tok/sec: 1,769,923 | mfu: 20.5% | epoch: 1 | remaining: 19s    
step 01907 (93.6%) | loss: 2.959599 | lrm: 0.26 | dt: 149ms | tok/sec: 1,765,160 | mfu: 20.4% | epoch: 1 | remaining: 19s    
step 01908 (93.6%) | loss: 2.962542 | lrm: 0.26 | dt: 148ms | tok/sec: 1,769,757 | mfu: 20.5% | epoch: 1 | remaining: 19s    
step 01909 (93.7%) | loss: 2.963078 | lrm: 0.25 | dt: 150ms | tok/sec: 1,749,666 | mfu: 20.2% | epoch: 1 | remaining: 19s    
step 01910 (93.7%) | loss: 2.958832 | lrm: 0.25 | dt: 148ms | tok/sec: 1,766,675 | mfu: 20.4% | epoch: 1 | remaining: 19s    
step 01911 (93.8%) | loss: 2.964765 | lrm: 0.25 | dt: 148ms | tok/sec: 1,769,250 | mfu: 20.5% | epoch: 1 | remaining: 19s    
step 01912 (93.8%) | loss: 2.967646 | lrm: 0.25 | dt: 148ms | tok/sec: 1,769,811 | mfu: 20.5% | epoch: 1 | remaining: 18s    
step 01913 (93.9%) | loss: 2.966777 | lrm: 0.25 | dt: 148ms | tok/sec: 1,770,000 | mfu: 20.5% | epoch: 1 | remaining: 18s    
step 01914 (93.9%) | loss: 2.964755 | lrm: 0.24 | dt: 148ms | tok/sec: 1,770,775 | mfu: 20.5% | epoch: 1 | remaining: 18s    
step 01915 (94.0%) | loss: 2.966891 | lrm: 0.24 | dt: 148ms | tok/sec: 1,771,739 | mfu: 20.5% | epoch: 1 | remaining: 18s    
step 01916 (94.0%) | loss: 2.968735 | lrm: 0.24 | dt: 148ms | tok/sec: 1,770,484 | mfu: 20.5% | epoch: 1 | remaining: 18s    
step 01917 (94.1%) | loss: 2.969209 | lrm: 0.24 | dt: 148ms | tok/sec: 1,771,548 | mfu: 20.5% | epoch: 1 | remaining: 18s    
step 01918 (94.1%) | loss: 2.970668 | lrm: 0.24 | dt: 148ms | tok/sec: 1,770,818 | mfu: 20.5% | epoch: 1 | remaining: 18s    
step 01919 (94.2%) | loss: 2.964334 | lrm: 0.23 | dt: 148ms | tok/sec: 1,771,451 | mfu: 20.5% | epoch: 1 | remaining: 17s    
step 01920 (94.2%) | loss: 2.961557 | lrm: 0.23 | dt: 148ms | tok/sec: 1,771,648 | mfu: 20.5% | epoch: 1 | remaining: 17s    
step 01921 (94.3%) | loss: 2.956695 | lrm: 0.23 | dt: 148ms | tok/sec: 1,771,708 | mfu: 20.5% | epoch: 1 | remaining: 17s    
step 01922 (94.3%) | loss: 2.959853 | lrm: 0.23 | dt: 148ms | tok/sec: 1,771,325 | mfu: 20.5% | epoch: 1 | remaining: 17s    
step 01923 (94.4%) | loss: 2.960825 | lrm: 0.23 | dt: 148ms | tok/sec: 1,771,782 | mfu: 20.5% | epoch: 1 | remaining: 17s    
step 01924 (94.4%) | loss: 2.957499 | lrm: 0.22 | dt: 148ms | tok/sec: 1,770,929 | mfu: 20.5% | epoch: 1 | remaining: 17s    
step 01925 (94.5%) | loss: 2.964041 | lrm: 0.22 | dt: 148ms | tok/sec: 1,770,955 | mfu: 20.5% | epoch: 1 | remaining: 16s    
step 01926 (94.5%) | loss: 2.964700 | lrm: 0.22 | dt: 148ms | tok/sec: 1,771,197 | mfu: 20.5% | epoch: 1 | remaining: 16s    
step 01927 (94.6%) | loss: 2.956727 | lrm: 0.22 | dt: 148ms | tok/sec: 1,769,837 | mfu: 20.5% | epoch: 1 | remaining: 16s    
step 01928 (94.6%) | loss: 2.957703 | lrm: 0.22 | dt: 150ms | tok/sec: 1,744,600 | mfu: 20.2% | epoch: 1 | remaining: 16s    
step 01929 (94.7%) | loss: 2.956564 | lrm: 0.21 | dt: 148ms | tok/sec: 1,767,362 | mfu: 20.4% | epoch: 1 | remaining: 16s    
step 01930 (94.7%) | loss: 2.959634 | lrm: 0.21 | dt: 148ms | tok/sec: 1,767,155 | mfu: 20.4% | epoch: 1 | remaining: 16s    
step 01931 (94.8%) | loss: 2.958850 | lrm: 0.21 | dt: 148ms | tok/sec: 1,770,587 | mfu: 20.5% | epoch: 1 | remaining: 16s    
step 01932 (94.8%) | loss: 2.953762 | lrm: 0.21 | dt: 148ms | tok/sec: 1,771,317 | mfu: 20.5% | epoch: 1 | remaining: 15s    
step 01933 (94.9%) | loss: 2.954345 | lrm: 0.21 | dt: 148ms | tok/sec: 1,771,054 | mfu: 20.5% | epoch: 1 | remaining: 15s    
step 01934 (94.9%) | loss: 2.953900 | lrm: 0.20 | dt: 148ms | tok/sec: 1,770,071 | mfu: 20.5% | epoch: 1 | remaining: 15s    
step 01935 (95.0%) | loss: 2.956930 | lrm: 0.20 | dt: 148ms | tok/sec: 1,767,382 | mfu: 20.4% | epoch: 1 | remaining: 15s    
step 01936 (95.0%) | loss: 2.957914 | lrm: 0.20 | dt: 148ms | tok/sec: 1,769,834 | mfu: 20.5% | epoch: 1 | remaining: 15s    
step 01937 (95.0%) | loss: 2.954918 | lrm: 0.20 | dt: 148ms | tok/sec: 1,770,547 | mfu: 20.5% | epoch: 1 | remaining: 15s    
step 01938 (95.1%) | loss: 2.952569 | lrm: 0.20 | dt: 148ms | tok/sec: 1,769,797 | mfu: 20.5% | epoch: 1 | remaining: 15s    
step 01939 (95.1%) | loss: 2.949684 | lrm: 0.19 | dt: 148ms | tok/sec: 1,766,896 | mfu: 20.4% | epoch: 1 | remaining: 14s    
step 01940 (95.2%) | loss: 2.950562 | lrm: 0.19 | dt: 148ms | tok/sec: 1,770,353 | mfu: 20.5% | epoch: 1 | remaining: 14s    
step 01941 (95.2%) | loss: 2.951087 | lrm: 0.19 | dt: 148ms | tok/sec: 1,769,863 | mfu: 20.5% | epoch: 1 | remaining: 14s    
step 01942 (95.3%) | loss: 2.951786 | lrm: 0.19 | dt: 148ms | tok/sec: 1,770,199 | mfu: 20.5% | epoch: 1 | remaining: 14s    
step 01943 (95.3%) | loss: 2.950422 | lrm: 0.19 | dt: 148ms | tok/sec: 1,770,310 | mfu: 20.5% | epoch: 1 | remaining: 14s    
step 01944 (95.4%) | loss: 2.948069 | lrm: 0.18 | dt: 148ms | tok/sec: 1,771,029 | mfu: 20.5% | epoch: 1 | remaining: 14s    
step 01945 (95.4%) | loss: 2.945373 | lrm: 0.18 | dt: 148ms | tok/sec: 1,770,917 | mfu: 20.5% | epoch: 1 | remaining: 14s    
step 01946 (95.5%) | loss: 2.945171 | lrm: 0.18 | dt: 148ms | tok/sec: 1,770,595 | mfu: 20.5% | epoch: 1 | remaining: 13s    
step 01947 (95.5%) | loss: 2.942877 | lrm: 0.18 | dt: 148ms | tok/sec: 1,769,920 | mfu: 20.5% | epoch: 1 | remaining: 13s    
step 01948 (95.6%) | loss: 2.946868 | lrm: 0.18 | dt: 148ms | tok/sec: 1,770,105 | mfu: 20.5% | epoch: 1 | remaining: 13s    
step 01949 (95.6%) | loss: 2.950378 | lrm: 0.17 | dt: 148ms | tok/sec: 1,769,532 | mfu: 20.5% | epoch: 1 | remaining: 13s    
step 01950 (95.7%) | loss: 2.948923 | lrm: 0.17 | dt: 148ms | tok/sec: 1,770,307 | mfu: 20.5% | epoch: 1 | remaining: 13s    
step 01951 (95.7%) | loss: 2.948214 | lrm: 0.17 | dt: 148ms | tok/sec: 1,768,243 | mfu: 20.4% | epoch: 1 | remaining: 13s    
step 01952 (95.8%) | loss: 2.948014 | lrm: 0.17 | dt: 148ms | tok/sec: 1,769,649 | mfu: 20.5% | epoch: 1 | remaining: 12s    
step 01953 (95.8%) | loss: 2.945606 | lrm: 0.17 | dt: 148ms | tok/sec: 1,768,431 | mfu: 20.5% | epoch: 1 | remaining: 12s    
step 01954 (95.9%) | loss: 2.950203 | lrm: 0.16 | dt: 148ms | tok/sec: 1,769,424 | mfu: 20.5% | epoch: 1 | remaining: 12s    
step 01955 (95.9%) | loss: 2.954850 | lrm: 0.16 | dt: 148ms | tok/sec: 1,770,322 | mfu: 20.5% | epoch: 1 | remaining: 12s    
step 01956 (96.0%) | loss: 2.953376 | lrm: 0.16 | dt: 148ms | tok/sec: 1,770,741 | mfu: 20.5% | epoch: 1 | remaining: 12s    
step 01957 (96.0%) | loss: 2.956261 | lrm: 0.16 | dt: 148ms | tok/sec: 1,771,662 | mfu: 20.5% | epoch: 1 | remaining: 12s    
step 01958 (96.1%) | loss: 2.959835 | lrm: 0.16 | dt: 148ms | tok/sec: 1,771,391 | mfu: 20.5% | epoch: 1 | remaining: 12s    
step 01959 (96.1%) | loss: 2.957023 | lrm: 0.15 | dt: 172ms | tok/sec: 1,526,092 | mfu: 17.6% | epoch: 1 | remaining: 11s    
step 01960 (96.2%) | loss: 2.957878 | lrm: 0.15 | dt: 148ms | tok/sec: 1,769,538 | mfu: 20.5% | epoch: 1 | remaining: 11s    
step 01961 (96.2%) | loss: 2.954479 | lrm: 0.15 | dt: 151ms | tok/sec: 1,736,499 | mfu: 20.1% | epoch: 1 | remaining: 11s    
step 01962 (96.3%) | loss: 2.951554 | lrm: 0.15 | dt: 148ms | tok/sec: 1,770,145 | mfu: 20.5% | epoch: 1 | remaining: 11s    
step 01963 (96.3%) | loss: 2.947910 | lrm: 0.15 | dt: 151ms | tok/sec: 1,738,352 | mfu: 20.1% | epoch: 1 | remaining: 11s    
step 01964 (96.4%) | loss: 2.950666 | lrm: 0.14 | dt: 149ms | tok/sec: 1,759,984 | mfu: 20.4% | epoch: 1 | remaining: 11s    
step 01965 (96.4%) | loss: 2.948808 | lrm: 0.14 | dt: 148ms | tok/sec: 1,767,615 | mfu: 20.4% | epoch: 1 | remaining: 11s    
step 01966 (96.5%) | loss: 2.951002 | lrm: 0.14 | dt: 148ms | tok/sec: 1,771,186 | mfu: 20.5% | epoch: 1 | remaining: 10s    
step 01967 (96.5%) | loss: 2.946793 | lrm: 0.14 | dt: 148ms | tok/sec: 1,771,109 | mfu: 20.5% | epoch: 1 | remaining: 10s    
step 01968 (96.6%) | loss: 2.944781 | lrm: 0.14 | dt: 148ms | tok/sec: 1,771,072 | mfu: 20.5% | epoch: 1 | remaining: 10s    
step 01969 (96.6%) | loss: 2.940511 | lrm: 0.13 | dt: 148ms | tok/sec: 1,770,635 | mfu: 20.5% | epoch: 1 | remaining: 10s    
step 01970 (96.7%) | loss: 2.938246 | lrm: 0.13 | dt: 148ms | tok/sec: 1,768,949 | mfu: 20.5% | epoch: 1 | remaining: 10s    
step 01971 (96.7%) | loss: 2.939686 | lrm: 0.13 | dt: 148ms | tok/sec: 1,771,057 | mfu: 20.5% | epoch: 1 | remaining: 10s    
step 01972 (96.8%) | loss: 2.929648 | lrm: 0.13 | dt: 148ms | tok/sec: 1,771,012 | mfu: 20.5% | epoch: 1 | remaining: 9s    
step 01973 (96.8%) | loss: 2.930963 | lrm: 0.13 | dt: 148ms | tok/sec: 1,770,148 | mfu: 20.5% | epoch: 1 | remaining: 9s    
step 01974 (96.9%) | loss: 2.930229 | lrm: 0.12 | dt: 148ms | tok/sec: 1,770,949 | mfu: 20.5% | epoch: 1 | remaining: 9s    
step 01975 (96.9%) | loss: 2.932317 | lrm: 0.12 | dt: 148ms | tok/sec: 1,770,159 | mfu: 20.5% | epoch: 1 | remaining: 9s    
step 01976 (97.0%) | loss: 2.933339 | lrm: 0.12 | dt: 148ms | tok/sec: 1,771,032 | mfu: 20.5% | epoch: 1 | remaining: 9s    
step 01977 (97.0%) | loss: 2.937450 | lrm: 0.12 | dt: 155ms | tok/sec: 1,686,178 | mfu: 19.5% | epoch: 1 | remaining: 9s    
step 01978 (97.1%) | loss: 2.940431 | lrm: 0.12 | dt: 148ms | tok/sec: 1,770,587 | mfu: 20.5% | epoch: 1 | remaining: 9s    
step 01979 (97.1%) | loss: 2.939240 | lrm: 0.11 | dt: 148ms | tok/sec: 1,770,761 | mfu: 20.5% | epoch: 1 | remaining: 8s    
step 01980 (97.2%) | loss: 2.936497 | lrm: 0.11 | dt: 150ms | tok/sec: 1,749,602 | mfu: 20.2% | epoch: 1 | remaining: 8s    
step 01981 (97.2%) | loss: 2.937757 | lrm: 0.11 | dt: 148ms | tok/sec: 1,767,632 | mfu: 20.4% | epoch: 1 | remaining: 8s    
step 01982 (97.3%) | loss: 2.932047 | lrm: 0.11 | dt: 148ms | tok/sec: 1,769,672 | mfu: 20.5% | epoch: 1 | remaining: 8s    
step 01983 (97.3%) | loss: 2.936123 | lrm: 0.11 | dt: 148ms | tok/sec: 1,770,339 | mfu: 20.5% | epoch: 1 | remaining: 8s    
step 01984 (97.4%) | loss: 2.929480 | lrm: 0.10 | dt: 148ms | tok/sec: 1,769,945 | mfu: 20.5% | epoch: 1 | remaining: 8s    
step 01985 (97.4%) | loss: 2.932590 | lrm: 0.10 | dt: 148ms | tok/sec: 1,770,561 | mfu: 20.5% | epoch: 1 | remaining: 8s    
step 01986 (97.5%) | loss: 2.931547 | lrm: 0.10 | dt: 148ms | tok/sec: 1,771,388 | mfu: 20.5% | epoch: 1 | remaining: 7s    
step 01987 (97.5%) | loss: 2.934208 | lrm: 0.10 | dt: 148ms | tok/sec: 1,770,969 | mfu: 20.5% | epoch: 1 | remaining: 7s    
step 01988 (97.6%) | loss: 2.934334 | lrm: 0.10 | dt: 148ms | tok/sec: 1,767,243 | mfu: 20.4% | epoch: 1 | remaining: 7s    
step 01989 (97.6%) | loss: 2.938939 | lrm: 0.09 | dt: 148ms | tok/sec: 1,770,467 | mfu: 20.5% | epoch: 1 | remaining: 7s    
step 01990 (97.7%) | loss: 2.937832 | lrm: 0.09 | dt: 148ms | tok/sec: 1,771,092 | mfu: 20.5% | epoch: 1 | remaining: 7s    
step 01991 (97.7%) | loss: 2.939895 | lrm: 0.09 | dt: 148ms | tok/sec: 1,770,182 | mfu: 20.5% | epoch: 1 | remaining: 7s    
step 01992 (97.8%) | loss: 2.941945 | lrm: 0.09 | dt: 148ms | tok/sec: 1,770,775 | mfu: 20.5% | epoch: 1 | remaining: 7s    
step 01993 (97.8%) | loss: 2.945564 | lrm: 0.09 | dt: 148ms | tok/sec: 1,770,975 | mfu: 20.5% | epoch: 1 | remaining: 6s    
step 01994 (97.9%) | loss: 2.943373 | lrm: 0.08 | dt: 148ms | tok/sec: 1,770,028 | mfu: 20.5% | epoch: 1 | remaining: 6s    
step 01995 (97.9%) | loss: 2.943105 | lrm: 0.08 | dt: 149ms | tok/sec: 1,765,146 | mfu: 20.4% | epoch: 1 | remaining: 6s    
step 01996 (98.0%) | loss: 2.943675 | lrm: 0.08 | dt: 148ms | tok/sec: 1,768,371 | mfu: 20.4% | epoch: 1 | remaining: 6s    
step 01997 (98.0%) | loss: 2.942991 | lrm: 0.08 | dt: 148ms | tok/sec: 1,769,194 | mfu: 20.5% | epoch: 1 | remaining: 6s    
step 01998 (98.1%) | loss: 2.943952 | lrm: 0.08 | dt: 148ms | tok/sec: 1,770,159 | mfu: 20.5% | epoch: 1 | remaining: 6s    
step 01999 (98.1%) | loss: 2.944062 | lrm: 0.08 | dt: 148ms | tok/sec: 1,770,473 | mfu: 20.5% | epoch: 1 | remaining: 5s    
step 02000 (98.2%) | loss: 2.946132 | lrm: 0.07 | dt: 148ms | tok/sec: 1,770,222 | mfu: 20.5% | epoch: 1 | remaining: 5s    
step 02001 (98.2%) | loss: 2.941777 | lrm: 0.07 | dt: 148ms | tok/sec: 1,770,000 | mfu: 20.5% | epoch: 1 | remaining: 5s    
step 02002 (98.3%) | loss: 2.943231 | lrm: 0.07 | dt: 148ms | tok/sec: 1,770,601 | mfu: 20.5% | epoch: 1 | remaining: 5s    
step 02003 (98.3%) | loss: 2.940081 | lrm: 0.07 | dt: 148ms | tok/sec: 1,771,123 | mfu: 20.5% | epoch: 1 | remaining: 5s    
step 02004 (98.4%) | loss: 2.940951 | lrm: 0.07 | dt: 148ms | tok/sec: 1,770,726 | mfu: 20.5% | epoch: 1 | remaining: 5s    
step 02005 (98.4%) | loss: 2.938659 | lrm: 0.06 | dt: 148ms | tok/sec: 1,770,373 | mfu: 20.5% | epoch: 1 | remaining: 5s    
step 02006 (98.5%) | loss: 2.938401 | lrm: 0.06 | dt: 148ms | tok/sec: 1,770,649 | mfu: 20.5% | epoch: 1 | remaining: 4s    
step 02007 (98.5%) | loss: 2.938914 | lrm: 0.06 | dt: 148ms | tok/sec: 1,772,202 | mfu: 20.5% | epoch: 1 | remaining: 4s    
step 02008 (98.6%) | loss: 2.933180 | lrm: 0.06 | dt: 148ms | tok/sec: 1,771,388 | mfu: 20.5% | epoch: 1 | remaining: 4s    
step 02009 (98.6%) | loss: 2.929297 | lrm: 0.06 | dt: 148ms | tok/sec: 1,771,308 | mfu: 20.5% | epoch: 1 | remaining: 4s    
step 02010 (98.7%) | loss: 2.927551 | lrm: 0.05 | dt: 148ms | tok/sec: 1,770,541 | mfu: 20.5% | epoch: 1 | remaining: 4s    
step 02011 (98.7%) | loss: 2.926506 | lrm: 0.05 | dt: 148ms | tok/sec: 1,769,866 | mfu: 20.5% | epoch: 1 | remaining: 4s    
step 02012 (98.8%) | loss: 2.928744 | lrm: 0.05 | dt: 148ms | tok/sec: 1,770,627 | mfu: 20.5% | epoch: 1 | remaining: 4s    
step 02013 (98.8%) | loss: 2.930556 | lrm: 0.05 | dt: 148ms | tok/sec: 1,771,120 | mfu: 20.5% | epoch: 1 | remaining: 3s    
step 02014 (98.9%) | loss: 2.932287 | lrm: 0.05 | dt: 148ms | tok/sec: 1,770,975 | mfu: 20.5% | epoch: 1 | remaining: 3s    
step 02015 (98.9%) | loss: 2.931697 | lrm: 0.04 | dt: 148ms | tok/sec: 1,771,149 | mfu: 20.5% | epoch: 1 | remaining: 3s    
step 02016 (99.0%) | loss: 2.934222 | lrm: 0.04 | dt: 148ms | tok/sec: 1,770,413 | mfu: 20.5% | epoch: 1 | remaining: 3s    
step 02017 (99.0%) | loss: 2.937044 | lrm: 0.04 | dt: 148ms | tok/sec: 1,769,521 | mfu: 20.5% | epoch: 1 | remaining: 3s    
step 02018 (99.1%) | loss: 2.936453 | lrm: 0.04 | dt: 148ms | tok/sec: 1,769,083 | mfu: 20.5% | epoch: 1 | remaining: 3s    
step 02019 (99.1%) | loss: 2.937839 | lrm: 0.04 | dt: 148ms | tok/sec: 1,770,464 | mfu: 20.5% | epoch: 1 | remaining: 3s    
step 02020 (99.2%) | loss: 2.944504 | lrm: 0.03 | dt: 148ms | tok/sec: 1,770,205 | mfu: 20.5% | epoch: 1 | remaining: 2s    
step 02021 (99.2%) | loss: 2.941208 | lrm: 0.03 | dt: 148ms | tok/sec: 1,771,111 | mfu: 20.5% | epoch: 1 | remaining: 2s    
step 02022 (99.3%) | loss: 2.940015 | lrm: 0.03 | dt: 148ms | tok/sec: 1,768,093 | mfu: 20.4% | epoch: 1 | remaining: 2s    
step 02023 (99.3%) | loss: 2.937397 | lrm: 0.03 | dt: 148ms | tok/sec: 1,770,641 | mfu: 20.5% | epoch: 1 | remaining: 2s    
step 02024 (99.4%) | loss: 2.935572 | lrm: 0.03 | dt: 148ms | tok/sec: 1,770,350 | mfu: 20.5% | epoch: 1 | remaining: 2s    
step 02025 (99.4%) | loss: 2.943070 | lrm: 0.02 | dt: 148ms | tok/sec: 1,771,428 | mfu: 20.5% | epoch: 1 | remaining: 2s    
step 02026 (99.5%) | loss: 2.938533 | lrm: 0.02 | dt: 148ms | tok/sec: 1,771,534 | mfu: 20.5% | epoch: 1 | remaining: 1s    
step 02027 (99.5%) | loss: 2.938905 | lrm: 0.02 | dt: 148ms | tok/sec: 1,771,237 | mfu: 20.5% | epoch: 1 | remaining: 1s    
step 02028 (99.6%) | loss: 2.937289 | lrm: 0.02 | dt: 148ms | tok/sec: 1,772,119 | mfu: 20.5% | epoch: 1 | remaining: 1s    
step 02029 (99.6%) | loss: 2.934579 | lrm: 0.02 | dt: 148ms | tok/sec: 1,771,377 | mfu: 20.5% | epoch: 1 | remaining: 1s    
step 02030 (99.7%) | loss: 2.933975 | lrm: 0.01 | dt: 148ms | tok/sec: 1,771,220 | mfu: 20.5% | epoch: 1 | remaining: 1s    
step 02031 (99.7%) | loss: 2.936238 | lrm: 0.01 | dt: 148ms | tok/sec: 1,770,310 | mfu: 20.5% | epoch: 1 | remaining: 1s    
step 02032 (99.8%) | loss: 2.935443 | lrm: 0.01 | dt: 148ms | tok/sec: 1,770,128 | mfu: 20.5% | epoch: 1 | remaining: 1s    
step 02033 (99.8%) | loss: 2.939018 | lrm: 0.01 | dt: 148ms | tok/sec: 1,769,589 | mfu: 20.5% | epoch: 1 | remaining: 0s    
step 02034 (99.9%) | loss: 2.939501 | lrm: 0.01 | dt: 151ms | tok/sec: 1,734,655 | mfu: 20.1% | epoch: 1 | remaining: 0s    
step 02035 (99.9%) | loss: 2.943482 | lrm: 0.00 | dt: 148ms | tok/sec: 1,770,034 | mfu: 20.5% | epoch: 1 | remaining: 0s    
step 02036 (100.0%) | loss: 2.943875 | lrm: 0.00 | dt: 148ms | tok/sec: 1,768,767 | mfu: 20.5% | epoch: 1 | remaining: 0s    
---
val_bpb:          1.047513
training_seconds: 300.0
total_seconds:    335.6
peak_vram_mb:     23399.9
mfu_percent:      20.48
total_tokens_M:   534.0
num_steps:        2037
num_params_M:     24.6
depth:            5
[W1004 13:02:56.862858450 CudaIPCTypes.cpp:16] Producer process has been terminated before all shared CUDA tensors released. See Note [Sharing CUDA tensors]
