Autotune Choices Stats:
{"num_choices": 16, "num_triton_choices": 15, "best_kernel": "triton_mm_85", "best_kernel_desc": "ACC_TYPE='tl.float32', ALLOW_TF32=True, BLOCK_K=32, BLOCK_M=128, BLOCK_N=128, EVEN_K=True, GROUP_M=8, USE_FAST_ACCUM=False, num_stages=3, num_warps=4", "best_time": 0.7823039889335632, "best_triton_pos": 0}
AUTOTUNE mm(131072x512, 512x2048)
strides: [512, 1], [1, 512]
dtypes: torch.bfloat16, torch.bfloat16
  triton_mm_85 0.7823 ms 100.0% ACC_TYPE='tl.float32', ALLOW_TF32=True, BLOCK_K=32, BLOCK_M=128, BLOCK_N=128, EVEN_K=True, GROUP_M=8, USE_FAST_ACCUM=False, num_stages=3, num_warps=4
  triton_mm_79 0.8499 ms 92.0% ACC_TYPE='tl.float32', ALLOW_TF32=True, BLOCK_K=32, BLOCK_M=64, BLOCK_N=128, EVEN_K=True, GROUP_M=8, USE_FAST_ACCUM=False, num_stages=3, num_warps=4
  triton_mm_82 0.8519 ms 91.8% ACC_TYPE='tl.float32', ALLOW_TF32=True, BLOCK_K=32, BLOCK_M=128, BLOCK_N=64, EVEN_K=True, GROUP_M=8, USE_FAST_ACCUM=False, num_stages=3, num_warps=4
  mm 0.8683 ms 90.1% 
  triton_mm_83 0.8734 ms 89.6% ACC_TYPE='tl.float32', ALLOW_TF32=True, BLOCK_K=32, BLOCK_M=128, BLOCK_N=64, EVEN_K=True, GROUP_M=8, USE_FAST_ACCUM=False, num_stages=4, num_warps=8
  triton_mm_80 0.8776 ms 89.1% ACC_TYPE='tl.float32', ALLOW_TF32=True, BLOCK_K=32, BLOCK_M=64, BLOCK_N=128, EVEN_K=True, GROUP_M=8, USE_FAST_ACCUM=False, num_stages=4, num_warps=8
  triton_mm_86 0.9206 ms 85.0% ACC_TYPE='tl.float32', ALLOW_TF32=True, BLOCK_K=64, BLOCK_M=128, BLOCK_N=128, EVEN_K=True, GROUP_M=8, USE_FAST_ACCUM=False, num_stages=3, num_warps=4
  triton_mm_81 0.9277 ms 84.3% ACC_TYPE='tl.float32', ALLOW_TF32=True, BLOCK_K=64, BLOCK_M=64, BLOCK_N=128, EVEN_K=True, GROUP_M=8, USE_FAST_ACCUM=False, num_stages=3, num_warps=4
  triton_mm_84 0.9646 ms 81.1% ACC_TYPE='tl.float32', ALLOW_TF32=True, BLOCK_K=32, BLOCK_M=128, BLOCK_N=128, EVEN_K=True, GROUP_M=8, USE_FAST_ACCUM=False, num_stages=2, num_warps=8
  triton_mm_78 1.0936 ms 71.5% ACC_TYPE='tl.float32', ALLOW_TF32=True, BLOCK_K=64, BLOCK_M=64, BLOCK_N=64, EVEN_K=True, GROUP_M=8, USE_FAST_ACCUM=False, num_stages=3, num_warps=8
SingleProcess AUTOTUNE benchmarking takes 0.7264 seconds and 0.0002 seconds precompiling for 16 choices
Autotune Choices Stats:
{"num_choices": 16, "num_triton_choices": 15, "best_kernel": "triton_mm_43", "best_kernel_desc": "ACC_TYPE='tl.float32', ALLOW_TF32=True, BLOCK_K=32, BLOCK_M=128, BLOCK_N=128, EVEN_K=True, GROUP_M=8, USE_FAST_ACCUM=False, num_stages=3, num_warps=4", "best_time": 0.23334400355815887, "best_triton_pos": 0}
AUTOTUNE mm(131072x512, 512x512)
strides: [512, 1], [1, 512]
dtypes: torch.bfloat16, torch.bfloat16
  triton_mm_43 0.2333 ms 100.0% ACC_TYPE='tl.float32', ALLOW_TF32=True, BLOCK_K=32, BLOCK_M=128, BLOCK_N=128, EVEN_K=True, GROUP_M=8, USE_FAST_ACCUM=False, num_stages=3, num_warps=4
  triton_mm_37 0.2436 ms 95.8% ACC_TYPE='tl.float32', ALLOW_TF32=True, BLOCK_K=32, BLOCK_M=64, BLOCK_N=128, EVEN_K=True, GROUP_M=8, USE_FAST_ACCUM=False, num_stages=3, num_warps=4
  mm 0.2437 ms 95.8% 
  triton_mm_40 0.2453 ms 95.1% ACC_TYPE='tl.float32', ALLOW_TF32=True, BLOCK_K=32, BLOCK_M=128, BLOCK_N=64, EVEN_K=True, GROUP_M=8, USE_FAST_ACCUM=False, num_stages=3, num_warps=4
  triton_mm_38 0.2519 ms 92.6% ACC_TYPE='tl.float32', ALLOW_TF32=True, BLOCK_K=32, BLOCK_M=64, BLOCK_N=128, EVEN_K=True, GROUP_M=8, USE_FAST_ACCUM=False, num_stages=4, num_warps=8
  triton_mm_41 0.2539 ms 91.9% ACC_TYPE='tl.float32', ALLOW_TF32=True, BLOCK_K=32, BLOCK_M=128, BLOCK_N=64, EVEN_K=True, GROUP_M=8, USE_FAST_ACCUM=False, num_stages=4, num_warps=8
  triton_mm_39 0.2580 ms 90.4% ACC_TYPE='tl.float32', ALLOW_TF32=True, BLOCK_K=64, BLOCK_M=64, BLOCK_N=128, EVEN_K=True, GROUP_M=8, USE_FAST_ACCUM=False, num_stages=3, num_warps=4
  triton_mm_44 0.2580 ms 90.4% ACC_TYPE='tl.float32', ALLOW_TF32=True, BLOCK_K=64, BLOCK_M=128, BLOCK_N=128, EVEN_K=True, GROUP_M=8, USE_FAST_ACCUM=False, num_stages=3, num_warps=4
  triton_mm_42 0.2826 ms 82.6% ACC_TYPE='tl.float32', ALLOW_TF32=True, BLOCK_K=32, BLOCK_M=128, BLOCK_N=128, EVEN_K=True, GROUP_M=8, USE_FAST_ACCUM=False, num_stages=2, num_warps=8
  triton_mm_36 0.3092 ms 75.5% ACC_TYPE='tl.float32', ALLOW_TF32=True, BLOCK_K=64, BLOCK_M=64, BLOCK_N=64, EVEN_K=True, GROUP_M=8, USE_FAST_ACCUM=False, num_stages=3, num_warps=8
SingleProcess AUTOTUNE benchmarking takes 0.6964 seconds and 0.0001 seconds precompiling for 16 choices
Autotune Choices Stats:
{"num_choices": 13, "num_triton_choices": 12, "best_kernel": "triton_mm_55", "best_kernel_desc": "ACC_TYPE='tl.float32', ALLOW_TF32=True, BLOCK_K=32, BLOCK_M=128, BLOCK_N=16, EVEN_K=True, GROUP_M=8, USE_FAST_ACCUM=False, num_stages=2, num_warps=8", "best_time": 0.017920000478625298, "best_triton_pos": 0}
AUTOTUNE mm(131072x32, 32x4)
strides: [512, 1], [1, 32]
dtypes: torch.bfloat16, torch.bfloat16
  triton_mm_55 0.0179 ms 100.0% ACC_TYPE='tl.float32', ALLOW_TF32=True, BLOCK_K=32, BLOCK_M=128, BLOCK_N=16, EVEN_K=True, GROUP_M=8, USE_FAST_ACCUM=False, num_stages=2, num_warps=8
  triton_mm_56 0.0179 ms 100.0% ACC_TYPE='tl.float32', ALLOW_TF32=True, BLOCK_K=32, BLOCK_M=128, BLOCK_N=16, EVEN_K=True, GROUP_M=8, USE_FAST_ACCUM=False, num_stages=5, num_warps=8
  triton_mm_53 0.0180 ms 99.8% ACC_TYPE='tl.float32', ALLOW_TF32=True, BLOCK_K=32, BLOCK_M=128, BLOCK_N=16, EVEN_K=True, GROUP_M=8, USE_FAST_ACCUM=False, num_stages=3, num_warps=4
  triton_mm_48 0.0184 ms 97.4% ACC_TYPE='tl.float32', ALLOW_TF32=True, BLOCK_K=32, BLOCK_M=64, BLOCK_N=16, EVEN_K=True, GROUP_M=8, USE_FAST_ACCUM=False, num_stages=5, num_warps=4
  triton_mm_50 0.0184 ms 97.4% ACC_TYPE='tl.float32', ALLOW_TF32=True, BLOCK_K=32, BLOCK_M=64, BLOCK_N=16, EVEN_K=True, GROUP_M=8, USE_FAST_ACCUM=False, num_stages=2, num_warps=4
  triton_mm_51 0.0184 ms 97.4% ACC_TYPE='tl.float32', ALLOW_TF32=True, BLOCK_K=32, BLOCK_M=64, BLOCK_N=16, EVEN_K=True, GROUP_M=8, USE_FAST_ACCUM=False, num_stages=3, num_warps=4
  triton_mm_52 0.0184 ms 97.4% ACC_TYPE='tl.float32', ALLOW_TF32=True, BLOCK_K=32, BLOCK_M=64, BLOCK_N=16, EVEN_K=True, GROUP_M=8, USE_FAST_ACCUM=False, num_stages=4, num_warps=4
  triton_mm_54 0.0184 ms 97.4% ACC_TYPE='tl.float32', ALLOW_TF32=True, BLOCK_K=32, BLOCK_M=128, BLOCK_N=16, EVEN_K=True, GROUP_M=8, USE_FAST_ACCUM=False, num_stages=4, num_warps=8
  triton_mm_46 0.0184 ms 97.2% ACC_TYPE='tl.float32', ALLOW_TF32=True, BLOCK_K=32, BLOCK_M=32, BLOCK_N=16, EVEN_K=True, GROUP_M=8, USE_FAST_ACCUM=False, num_stages=2, num_warps=2
  triton_mm_47 0.0184 ms 97.2% ACC_TYPE='tl.float32', ALLOW_TF32=True, BLOCK_K=32, BLOCK_M=32, BLOCK_N=16, EVEN_K=True, GROUP_M=8, USE_FAST_ACCUM=False, num_stages=5, num_warps=2
SingleProcess AUTOTUNE benchmarking takes 0.2768 seconds and 0.0001 seconds precompiling for 13 choices
Autotune Choices Stats:
{"num_choices": 16, "num_triton_choices": 15, "best_kernel": "mm", "best_time": 0.7045120000839233, "best_triton_pos": 1, "best_triton_time": 0.7351999878883362, "best_triton_kernel": "triton_mm_100", "best_triton_kernel_desc": "ACC_TYPE='tl.float32', ALLOW_TF32=True, BLOCK_K=32, BLOCK_M=128, BLOCK_N=128, EVEN_K=True, GROUP_M=8, USE_FAST_ACCUM=False, num_stages=3, num_warps=4"}
AUTOTUNE mm(131072x2048, 2048x512)
strides: [2048, 1], [1, 2048]
dtypes: torch.bfloat16, torch.bfloat16
  mm 0.7045 ms 100.0% 
  triton_mm_100 0.7352 ms 95.8% ACC_TYPE='tl.float32', ALLOW_TF32=True, BLOCK_K=32, BLOCK_M=128, BLOCK_N=128, EVEN_K=True, GROUP_M=8, USE_FAST_ACCUM=False, num_stages=3, num_warps=4
  triton_mm_101 0.7936 ms 88.8% ACC_TYPE='tl.float32', ALLOW_TF32=True, BLOCK_K=64, BLOCK_M=128, BLOCK_N=128, EVEN_K=True, GROUP_M=8, USE_FAST_ACCUM=False, num_stages=3, num_warps=4
  triton_mm_99 0.8335 ms 84.5% ACC_TYPE='tl.float32', ALLOW_TF32=True, BLOCK_K=32, BLOCK_M=128, BLOCK_N=128, EVEN_K=True, GROUP_M=8, USE_FAST_ACCUM=False, num_stages=2, num_warps=8
  triton_mm_94 0.8616 ms 81.8% ACC_TYPE='tl.float32', ALLOW_TF32=True, BLOCK_K=32, BLOCK_M=64, BLOCK_N=128, EVEN_K=True, GROUP_M=8, USE_FAST_ACCUM=False, num_stages=3, num_warps=4
  triton_mm_96 0.8632 ms 81.6% ACC_TYPE='tl.float32', ALLOW_TF32=True, BLOCK_K=64, BLOCK_M=64, BLOCK_N=128, EVEN_K=True, GROUP_M=8, USE_FAST_ACCUM=False, num_stages=3, num_warps=4
  triton_mm_97 0.8693 ms 81.0% ACC_TYPE='tl.float32', ALLOW_TF32=True, BLOCK_K=32, BLOCK_M=128, BLOCK_N=64, EVEN_K=True, GROUP_M=8, USE_FAST_ACCUM=False, num_stages=3, num_warps=4
  triton_mm_95 0.8765 ms 80.4% ACC_TYPE='tl.float32', ALLOW_TF32=True, BLOCK_K=32, BLOCK_M=64, BLOCK_N=128, EVEN_K=True, GROUP_M=8, USE_FAST_ACCUM=False, num_stages=4, num_warps=8
  triton_mm_98 0.8864 ms 79.5% ACC_TYPE='tl.float32', ALLOW_TF32=True, BLOCK_K=32, BLOCK_M=128, BLOCK_N=64, EVEN_K=True, GROUP_M=8, USE_FAST_ACCUM=False, num_stages=4, num_warps=8
  triton_mm_93 1.0875 ms 64.8% ACC_TYPE='tl.float32', ALLOW_TF32=True, BLOCK_K=64, BLOCK_M=64, BLOCK_N=64, EVEN_K=True, GROUP_M=8, USE_FAST_ACCUM=False, num_stages=3, num_warps=8
SingleProcess AUTOTUNE benchmarking takes 0.7091 seconds and 0.0001 seconds precompiling for 16 choices
Autotune Choices Stats:
{"num_choices": 16, "num_triton_choices": 15, "best_kernel": "triton_mm_883", "best_kernel_desc": "ACC_TYPE='tl.float32', ALLOW_TF32=True, BLOCK_K=32, BLOCK_M=128, BLOCK_N=128, EVEN_K=True, GROUP_M=8, USE_FAST_ACCUM=False, num_stages=3, num_warps=4", "best_time": 2.9244799613952637, "best_triton_pos": 0}
AUTOTUNE mm(131072x512, 512x8192)
strides: [512, 1], [1, 512]
dtypes: torch.bfloat16, torch.bfloat16
  triton_mm_883 2.9245 ms 100.0% ACC_TYPE='tl.float32', ALLOW_TF32=True, BLOCK_K=32, BLOCK_M=128, BLOCK_N=128, EVEN_K=True, GROUP_M=8, USE_FAST_ACCUM=False, num_stages=3, num_warps=4
  triton_mm_882 3.2553 ms 89.8% ACC_TYPE='tl.float32', ALLOW_TF32=True, BLOCK_K=32, BLOCK_M=128, BLOCK_N=128, EVEN_K=True, GROUP_M=8, USE_FAST_ACCUM=False, num_stages=2, num_warps=8
  triton_mm_877 3.3710 ms 86.8% ACC_TYPE='tl.float32', ALLOW_TF32=True, BLOCK_K=32, BLOCK_M=64, BLOCK_N=128, EVEN_K=True, GROUP_M=8, USE_FAST_ACCUM=False, num_stages=3, num_warps=4
  triton_mm_880 3.3853 ms 86.4% ACC_TYPE='tl.float32', ALLOW_TF32=True, BLOCK_K=32, BLOCK_M=128, BLOCK_N=64, EVEN_K=True, GROUP_M=8, USE_FAST_ACCUM=False, num_stages=3, num_warps=4
  mm 3.4376 ms 85.1% 
  triton_mm_881 3.4591 ms 84.5% ACC_TYPE='tl.float32', ALLOW_TF32=True, BLOCK_K=32, BLOCK_M=128, BLOCK_N=64, EVEN_K=True, GROUP_M=8, USE_FAST_ACCUM=False, num_stages=4, num_warps=8
  triton_mm_878 3.5225 ms 83.0% ACC_TYPE='tl.float32', ALLOW_TF32=True, BLOCK_K=32, BLOCK_M=64, BLOCK_N=128, EVEN_K=True, GROUP_M=8, USE_FAST_ACCUM=False, num_stages=4, num_warps=8
  triton_mm_884 3.5430 ms 82.5% ACC_TYPE='tl.float32', ALLOW_TF32=True, BLOCK_K=64, BLOCK_M=128, BLOCK_N=128, EVEN_K=True, GROUP_M=8, USE_FAST_ACCUM=False, num_stages=3, num_warps=4
  triton_mm_879 3.6567 ms 80.0% ACC_TYPE='tl.float32', ALLOW_TF32=True, BLOCK_K=64, BLOCK_M=64, BLOCK_N=128, EVEN_K=True, GROUP_M=8, USE_FAST_ACCUM=False, num_stages=3, num_warps=4
  triton_mm_875 4.2639 ms 68.6% ACC_TYPE='tl.float32', ALLOW_TF32=True, BLOCK_K=32, BLOCK_M=64, BLOCK_N=64, EVEN_K=True, GROUP_M=8, USE_FAST_ACCUM=False, num_stages=2, num_warps=4
SingleProcess AUTOTUNE benchmarking takes 1.0609 seconds and 0.0001 seconds precompiling for 16 choices
Autotune Choices Stats:
{"num_choices": 16, "num_triton_choices": 15, "best_kernel": "triton_mm_943", "best_kernel_desc": "ACC_TYPE='tl.float32', ALLOW_TF32=True, BLOCK_K=32, BLOCK_M=128, BLOCK_N=128, EVEN_K=True, GROUP_M=8, USE_FAST_ACCUM=False, num_stages=3, num_warps=4", "best_time": 0.7833279967308044, "best_triton_pos": 0}
AUTOTUNE mm(131072x512, 512x2048)
strides: [512, 1], [2048, 1]
dtypes: torch.bfloat16, torch.bfloat16
  triton_mm_943 0.7833 ms 100.0% ACC_TYPE='tl.float32', ALLOW_TF32=True, BLOCK_K=32, BLOCK_M=128, BLOCK_N=128, EVEN_K=True, GROUP_M=8, USE_FAST_ACCUM=False, num_stages=3, num_warps=4
  triton_mm_937 0.8437 ms 92.8% ACC_TYPE='tl.float32', ALLOW_TF32=True, BLOCK_K=32, BLOCK_M=64, BLOCK_N=128, EVEN_K=True, GROUP_M=8, USE_FAST_ACCUM=False, num_stages=3, num_warps=4
  triton_mm_940 0.8478 ms 92.4% ACC_TYPE='tl.float32', ALLOW_TF32=True, BLOCK_K=32, BLOCK_M=128, BLOCK_N=64, EVEN_K=True, GROUP_M=8, USE_FAST_ACCUM=False, num_stages=3, num_warps=4
  triton_mm_941 0.8694 ms 90.1% ACC_TYPE='tl.float32', ALLOW_TF32=True, BLOCK_K=32, BLOCK_M=128, BLOCK_N=64, EVEN_K=True, GROUP_M=8, USE_FAST_ACCUM=False, num_stages=4, num_warps=8
  mm 0.8734 ms 89.7% 
  triton_mm_938 0.8806 ms 89.0% ACC_TYPE='tl.float32', ALLOW_TF32=True, BLOCK_K=32, BLOCK_M=64, BLOCK_N=128, EVEN_K=True, GROUP_M=8, USE_FAST_ACCUM=False, num_stages=4, num_warps=8
  triton_mm_939 0.9216 ms 85.0% ACC_TYPE='tl.float32', ALLOW_TF32=True, BLOCK_K=64, BLOCK_M=64, BLOCK_N=128, EVEN_K=True, GROUP_M=8, USE_FAST_ACCUM=False, num_stages=3, num_warps=4
  triton_mm_944 0.9226 ms 84.9% ACC_TYPE='tl.float32', ALLOW_TF32=True, BLOCK_K=64, BLOCK_M=128, BLOCK_N=128, EVEN_K=True, GROUP_M=8, USE_FAST_ACCUM=False, num_stages=3, num_warps=4
  triton_mm_942 0.9339 ms 83.9% ACC_TYPE='tl.float32', ALLOW_TF32=True, BLOCK_K=32, BLOCK_M=128, BLOCK_N=128, EVEN_K=True, GROUP_M=8, USE_FAST_ACCUM=False, num_stages=2, num_warps=8
  triton_mm_935 1.0895 ms 71.9% ACC_TYPE='tl.float32', ALLOW_TF32=True, BLOCK_K=32, BLOCK_M=64, BLOCK_N=64, EVEN_K=True, GROUP_M=8, USE_FAST_ACCUM=False, num_stages=2, num_warps=4
SingleProcess AUTOTUNE benchmarking takes 0.7217 seconds and 0.0002 seconds precompiling for 16 choices
Autotune Choices Stats:
{"num_choices": 16, "num_triton_choices": 15, "best_kernel": "mm", "best_time": 2.8733439445495605, "best_triton_pos": 1, "best_triton_time": 3.3710079193115234, "best_triton_kernel": "triton_mm_895", "best_triton_kernel_desc": "ACC_TYPE='tl.float32', ALLOW_TF32=True, BLOCK_K=32, BLOCK_M=128, BLOCK_N=64, EVEN_K=True, GROUP_M=8, USE_FAST_ACCUM=False, num_stages=3, num_warps=4"}
AUTOTUNE mm(8192x131072, 131072x512)
strides: [1, 8192], [512, 1]
dtypes: torch.bfloat16, torch.bfloat16
  mm 2.8733 ms 100.0% 
  triton_mm_895 3.3710 ms 85.2% ACC_TYPE='tl.float32', ALLOW_TF32=True, BLOCK_K=32, BLOCK_M=128, BLOCK_N=64, EVEN_K=True, GROUP_M=8, USE_FAST_ACCUM=False, num_stages=3, num_warps=4
  triton_mm_892 3.3782 ms 85.1% ACC_TYPE='tl.float32', ALLOW_TF32=True, BLOCK_K=32, BLOCK_M=64, BLOCK_N=128, EVEN_K=True, GROUP_M=8, USE_FAST_ACCUM=False, num_stages=3, num_warps=4
  triton_mm_894 3.5676 ms 80.5% ACC_TYPE='tl.float32', ALLOW_TF32=True, BLOCK_K=64, BLOCK_M=64, BLOCK_N=128, EVEN_K=True, GROUP_M=8, USE_FAST_ACCUM=False, num_stages=3, num_warps=4
  triton_mm_893 3.6977 ms 77.7% ACC_TYPE='tl.float32', ALLOW_TF32=True, BLOCK_K=32, BLOCK_M=64, BLOCK_N=128, EVEN_K=True, GROUP_M=8, USE_FAST_ACCUM=False, num_stages=4, num_warps=8
  triton_mm_896 3.7192 ms 77.3% ACC_TYPE='tl.float32', ALLOW_TF32=True, BLOCK_K=32, BLOCK_M=128, BLOCK_N=64, EVEN_K=True, GROUP_M=8, USE_FAST_ACCUM=False, num_stages=4, num_warps=8
  triton_mm_898 3.9055 ms 73.6% ACC_TYPE='tl.float32', ALLOW_TF32=True, BLOCK_K=32, BLOCK_M=128, BLOCK_N=128, EVEN_K=True, GROUP_M=8, USE_FAST_ACCUM=False, num_stages=3, num_warps=4
  triton_mm_899 4.1370 ms 69.5% ACC_TYPE='tl.float32', ALLOW_TF32=True, BLOCK_K=64, BLOCK_M=128, BLOCK_N=128, EVEN_K=True, GROUP_M=8, USE_FAST_ACCUM=False, num_stages=3, num_warps=4
  triton_mm_897 4.4052 ms 65.2% ACC_TYPE='tl.float32', ALLOW_TF32=True, BLOCK_K=32, BLOCK_M=128, BLOCK_N=128, EVEN_K=True, GROUP_M=8, USE_FAST_ACCUM=False, num_stages=2, num_warps=8
  triton_mm_891 4.4483 ms 64.6% ACC_TYPE='tl.float32', ALLOW_TF32=True, BLOCK_K=64, BLOCK_M=64, BLOCK_N=64, EVEN_K=True, GROUP_M=8, USE_FAST_ACCUM=False, num_stages=3, num_warps=8
SingleProcess AUTOTUNE benchmarking takes 1.0258 seconds and 0.0001 seconds precompiling for 16 choices
Autotune Choices Stats:
{"num_choices": 22, "num_triton_choices": 15, "best_kernel": "mm", "best_time": 0.8580800294876099, "best_triton_pos": 6, "best_triton_time": 1.21343994140625, "best_triton_kernel": "triton_mm_924", "best_triton_kernel_desc": "ACC_TYPE='tl.float32', ALLOW_TF32=True, BLOCK_K=64, BLOCK_M=64, BLOCK_N=128, EVEN_K=True, GROUP_M=8, USE_FAST_ACCUM=False, num_stages=3, num_warps=4"}
AUTOTUNE mm(512x131072, 131072x2048)
strides: [1, 512], [2048, 1]
dtypes: torch.bfloat16, torch.bfloat16
  mm 0.8581 ms 100.0% 
  decompose_k_mm_2_split_0 0.9318 ms 92.1% k_split=2
  decompose_k_mm_4_split_1 1.0608 ms 80.9% k_split=4
  decompose_k_mm_32_split_4 1.1756 ms 73.0% k_split=32
  decompose_k_mm_8_split_2 1.1889 ms 72.2% k_split=8
  decompose_k_mm_16_split_3 1.2052 ms 71.2% k_split=16
  triton_mm_924 1.2134 ms 70.7% ACC_TYPE='tl.float32', ALLOW_TF32=True, BLOCK_K=64, BLOCK_M=64, BLOCK_N=128, EVEN_K=True, GROUP_M=8, USE_FAST_ACCUM=False, num_stages=3, num_warps=4
  decompose_k_mm_64_split_5 1.2913 ms 66.5% k_split=64
  triton_mm_923 1.3025 ms 65.9% ACC_TYPE='tl.float32', ALLOW_TF32=True, BLOCK_K=32, BLOCK_M=64, BLOCK_N=128, EVEN_K=True, GROUP_M=8, USE_FAST_ACCUM=False, num_stages=4, num_warps=8
  triton_mm_926 1.3127 ms 65.4% ACC_TYPE='tl.float32', ALLOW_TF32=True, BLOCK_K=32, BLOCK_M=128, BLOCK_N=64, EVEN_K=True, GROUP_M=8, USE_FAST_ACCUM=False, num_stages=4, num_warps=8
SingleProcess AUTOTUNE benchmarking takes 6.0271 seconds and 0.0001 seconds precompiling for 22 choices
Autotune Choices Stats:
{"num_choices": 22, "num_triton_choices": 15, "best_kernel": "mm", "best_time": 0.894976019859314, "best_triton_pos": 5, "best_triton_time": 1.2256959676742554, "best_triton_kernel": "triton_mm_954", "best_triton_kernel_desc": "ACC_TYPE='tl.float32', ALLOW_TF32=True, BLOCK_K=64, BLOCK_M=64, BLOCK_N=128, EVEN_K=True, GROUP_M=8, USE_FAST_ACCUM=False, num_stages=3, num_warps=4"}
AUTOTUNE mm(2048x131072, 131072x512)
strides: [1, 2048], [512, 1]
dtypes: torch.bfloat16, torch.bfloat16
  mm 0.8950 ms 100.0% 
  decompose_k_mm_2_split_6 0.9318 ms 96.0% k_split=2
  decompose_k_mm_4_split_7 1.0363 ms 86.4% k_split=4
  decompose_k_mm_8_split_8 1.1110 ms 80.6% k_split=8
  decompose_k_mm_16_split_9 1.1294 ms 79.2% k_split=16
  triton_mm_954 1.2257 ms 73.0% ACC_TYPE='tl.float32', ALLOW_TF32=True, BLOCK_K=64, BLOCK_M=64, BLOCK_N=128, EVEN_K=True, GROUP_M=8, USE_FAST_ACCUM=False, num_stages=3, num_warps=4
  decompose_k_mm_32_split_10 1.2421 ms 72.1% k_split=32
  decompose_k_mm_64_split_11 1.2913 ms 69.3% k_split=64
  triton_mm_953 1.3035 ms 68.7% ACC_TYPE='tl.float32', ALLOW_TF32=True, BLOCK_K=32, BLOCK_M=64, BLOCK_N=128, EVEN_K=True, GROUP_M=8, USE_FAST_ACCUM=False, num_stages=4, num_warps=8
  triton_mm_956 1.3148 ms 68.1% ACC_TYPE='tl.float32', ALLOW_TF32=True, BLOCK_K=32, BLOCK_M=128, BLOCK_N=64, EVEN_K=True, GROUP_M=8, USE_FAST_ACCUM=False, num_stages=4, num_warps=8
SingleProcess AUTOTUNE benchmarking takes 2.2341 seconds and 0.0001 seconds precompiling for 22 choices
Autotune Choices Stats:
{"num_choices": 24, "num_triton_choices": 15, "best_kernel": "mm", "best_time": 0.28041601181030273, "best_triton_pos": 6, "best_triton_time": 0.6696640253067017, "best_triton_kernel": "triton_mm_978", "best_triton_kernel_desc": "ACC_TYPE='tl.float32', ALLOW_TF32=True, BLOCK_K=32, BLOCK_M=64, BLOCK_N=32, EVEN_K=True, GROUP_M=8, USE_FAST_ACCUM=False, num_stages=5, num_warps=8"}
AUTOTUNE mm(512x131072, 131072x512)
strides: [1, 512], [512, 1]
dtypes: torch.bfloat16, torch.bfloat16
  mm 0.2804 ms 100.0% 
  decompose_k_mm_8_split_14 0.2848 ms 98.5% k_split=8
  decompose_k_mm_32_split_16 0.3359 ms 83.5% k_split=32
  decompose_k_mm_64_split_17 0.3748 ms 74.8% k_split=64
  decompose_k_mm_128_split_18 0.4137 ms 67.8% k_split=128
  decompose_k_mm_4_split_13 0.4855 ms 57.8% k_split=4
  triton_mm_978 0.6697 ms 41.9% ACC_TYPE='tl.float32', ALLOW_TF32=True, BLOCK_K=32, BLOCK_M=64, BLOCK_N=32, EVEN_K=True, GROUP_M=8, USE_FAST_ACCUM=False, num_stages=5, num_warps=8
  triton_mm_977 0.6830 ms 41.1% ACC_TYPE='tl.float32', ALLOW_TF32=True, BLOCK_K=32, BLOCK_M=32, BLOCK_N=64, EVEN_K=True, GROUP_M=8, USE_FAST_ACCUM=False, num_stages=5, num_warps=8
  triton_mm_976 0.8889 ms 31.5% ACC_TYPE='tl.float32', ALLOW_TF32=True, BLOCK_K=128, BLOCK_M=32, BLOCK_N=32, EVEN_K=True, GROUP_M=8, USE_FAST_ACCUM=False, num_stages=2, num_warps=4
  triton_mm_981 0.9226 ms 30.4% ACC_TYPE='tl.float32', ALLOW_TF32=True, BLOCK_K=64, BLOCK_M=64, BLOCK_N=64, EVEN_K=True, GROUP_M=8, USE_FAST_ACCUM=False, num_stages=3, num_warps=8
SingleProcess AUTOTUNE benchmarking takes 6.7941 seconds and 0.0001 seconds precompiling for 24 choices
Autotune Choices Stats:
{"num_choices": 22, "num_triton_choices": 11, "best_kernel": "decompose_k_mm_256_split_27", "best_kernel_desc": "k_split=256", "best_time": 0.03033600002527237, "best_triton_pos": 9, "best_triton_time": 0.25596800446510315, "best_triton_kernel": "triton_mm_1008", "best_triton_kernel_desc": "ACC_TYPE='tl.float32', ALLOW_TF32=True, BLOCK_K=128, BLOCK_M=16, BLOCK_N=32, EVEN_K=True, GROUP_M=8, USE_FAST_ACCUM=False, num_stages=5, num_warps=2"}
AUTOTUNE mm(4x131072, 131072x32)
strides: [1, 4], [512, 1]
dtypes: torch.bfloat16, torch.bfloat16
  decompose_k_mm_256_split_27 0.0303 ms 100.0% k_split=256
  decompose_k_mm_1024_split_29 0.0304 ms 99.8% k_split=1024
  decompose_k_mm_512_split_28 0.0307 ms 98.8% k_split=512
  decompose_k_mm_128_split_26 0.0368 ms 82.4% k_split=128
  mm 0.0389 ms 78.0% 
  decompose_k_mm_64_split_25 0.0408 ms 74.3% k_split=64
  decompose_k_mm_32_split_24 0.0553 ms 54.9% k_split=32
  decompose_k_mm_16_split_23 0.0953 ms 31.8% k_split=16
  decompose_k_mm_8_split_22 0.1752 ms 17.3% k_split=8
  triton_mm_1008 0.2560 ms 11.9% ACC_TYPE='tl.float32', ALLOW_TF32=True, BLOCK_K=128, BLOCK_M=16, BLOCK_N=32, EVEN_K=True, GROUP_M=8, USE_FAST_ACCUM=False, num_stages=5, num_warps=2
SingleProcess AUTOTUNE benchmarking takes 6.0775 seconds and 0.0001 seconds precompiling for 22 choices
Autotune Choices Stats:
{"num_choices": 16, "num_triton_choices": 15, "best_kernel": "mm", "best_time": 2.6613759994506836, "best_triton_pos": 1, "best_triton_time": 2.815999984741211, "best_triton_kernel": "triton_mm_913", "best_triton_kernel_desc": "ACC_TYPE='tl.float32', ALLOW_TF32=True, BLOCK_K=32, BLOCK_M=128, BLOCK_N=128, EVEN_K=True, GROUP_M=8, USE_FAST_ACCUM=False, num_stages=3, num_warps=4"}
AUTOTUNE mm(131072x8192, 8192x512)
strides: [8192, 1], [512, 1]
dtypes: torch.bfloat16, torch.bfloat16
  mm 2.6614 ms 100.0% 
  triton_mm_913 2.8160 ms 94.5% ACC_TYPE='tl.float32', ALLOW_TF32=True, BLOCK_K=32, BLOCK_M=128, BLOCK_N=128, EVEN_K=True, GROUP_M=8, USE_FAST_ACCUM=False, num_stages=3, num_warps=4
  triton_mm_914 2.9522 ms 90.1% ACC_TYPE='tl.float32', ALLOW_TF32=True, BLOCK_K=64, BLOCK_M=128, BLOCK_N=128, EVEN_K=True, GROUP_M=8, USE_FAST_ACCUM=False, num_stages=3, num_warps=4
  triton_mm_912 3.0331 ms 87.7% ACC_TYPE='tl.float32', ALLOW_TF32=True, BLOCK_K=32, BLOCK_M=128, BLOCK_N=128, EVEN_K=True, GROUP_M=8, USE_FAST_ACCUM=False, num_stages=2, num_warps=8
  triton_mm_909 3.3403 ms 79.7% ACC_TYPE='tl.float32', ALLOW_TF32=True, BLOCK_K=64, BLOCK_M=64, BLOCK_N=128, EVEN_K=True, GROUP_M=8, USE_FAST_ACCUM=False, num_stages=3, num_warps=4
  triton_mm_910 3.3536 ms 79.4% ACC_TYPE='tl.float32', ALLOW_TF32=True, BLOCK_K=32, BLOCK_M=128, BLOCK_N=64, EVEN_K=True, GROUP_M=8, USE_FAST_ACCUM=False, num_stages=3, num_warps=4
  triton_mm_907 3.3608 ms 79.2% ACC_TYPE='tl.float32', ALLOW_TF32=True, BLOCK_K=32, BLOCK_M=64, BLOCK_N=128, EVEN_K=True, GROUP_M=8, USE_FAST_ACCUM=False, num_stages=3, num_warps=4
  triton_mm_908 3.3812 ms 78.7% ACC_TYPE='tl.float32', ALLOW_TF32=True, BLOCK_K=32, BLOCK_M=64, BLOCK_N=128, EVEN_K=True, GROUP_M=8, USE_FAST_ACCUM=False, num_stages=4, num_warps=8
  triton_mm_911 3.4529 ms 77.1% ACC_TYPE='tl.float32', ALLOW_TF32=True, BLOCK_K=32, BLOCK_M=128, BLOCK_N=64, EVEN_K=True, GROUP_M=8, USE_FAST_ACCUM=False, num_stages=4, num_warps=8
  triton_mm_906 4.2742 ms 62.3% ACC_TYPE='tl.float32', ALLOW_TF32=True, BLOCK_K=64, BLOCK_M=64, BLOCK_N=64, EVEN_K=True, GROUP_M=8, USE_FAST_ACCUM=False, num_stages=3, num_warps=8
SingleProcess AUTOTUNE benchmarking takes 0.9916 seconds and 0.0001 seconds precompiling for 16 choices
Autotune Choices Stats:
{"num_choices": 16, "num_triton_choices": 15, "best_kernel": "mm", "best_time": 0.7024319767951965, "best_triton_pos": 1, "best_triton_time": 0.7362239956855774, "best_triton_kernel": "triton_mm_973", "best_triton_kernel_desc": "ACC_TYPE='tl.float32', ALLOW_TF32=True, BLOCK_K=32, BLOCK_M=128, BLOCK_N=128, EVEN_K=True, GROUP_M=8, USE_FAST_ACCUM=False, num_stages=3, num_warps=4"}
AUTOTUNE mm(131072x2048, 2048x512)
strides: [2048, 1], [512, 1]
dtypes: torch.bfloat16, torch.bfloat16
  mm 0.7024 ms 100.0% 
  triton_mm_973 0.7362 ms 95.4% ACC_TYPE='tl.float32', ALLOW_TF32=True, BLOCK_K=32, BLOCK_M=128, BLOCK_N=128, EVEN_K=True, GROUP_M=8, USE_FAST_ACCUM=False, num_stages=3, num_warps=4
  triton_mm_974 0.7977 ms 88.1% ACC_TYPE='tl.float32', ALLOW_TF32=True, BLOCK_K=64, BLOCK_M=128, BLOCK_N=128, EVEN_K=True, GROUP_M=8, USE_FAST_ACCUM=False, num_stages=3, num_warps=4
  triton_mm_972 0.8080 ms 86.9% ACC_TYPE='tl.float32', ALLOW_TF32=True, BLOCK_K=32, BLOCK_M=128, BLOCK_N=128, EVEN_K=True, GROUP_M=8, USE_FAST_ACCUM=False, num_stages=2, num_warps=8
  triton_mm_967 0.8478 ms 82.8% ACC_TYPE='tl.float32', ALLOW_TF32=True, BLOCK_K=32, BLOCK_M=64, BLOCK_N=128, EVEN_K=True, GROUP_M=8, USE_FAST_ACCUM=False, num_stages=3, num_warps=4
  triton_mm_969 0.8581 ms 81.9% ACC_TYPE='tl.float32', ALLOW_TF32=True, BLOCK_K=64, BLOCK_M=64, BLOCK_N=128, EVEN_K=True, GROUP_M=8, USE_FAST_ACCUM=False, num_stages=3, num_warps=4
  triton_mm_970 0.8653 ms 81.2% ACC_TYPE='tl.float32', ALLOW_TF32=True, BLOCK_K=32, BLOCK_M=128, BLOCK_N=64, EVEN_K=True, GROUP_M=8, USE_FAST_ACCUM=False, num_stages=3, num_warps=4
  triton_mm_968 0.8684 ms 80.9% ACC_TYPE='tl.float32', ALLOW_TF32=True, BLOCK_K=32, BLOCK_M=64, BLOCK_N=128, EVEN_K=True, GROUP_M=8, USE_FAST_ACCUM=False, num_stages=4, num_warps=8
  triton_mm_971 0.8847 ms 79.4% ACC_TYPE='tl.float32', ALLOW_TF32=True, BLOCK_K=32, BLOCK_M=128, BLOCK_N=64, EVEN_K=True, GROUP_M=8, USE_FAST_ACCUM=False, num_stages=4, num_warps=8
  triton_mm_966 1.0854 ms 64.7% ACC_TYPE='tl.float32', ALLOW_TF32=True, BLOCK_K=64, BLOCK_M=64, BLOCK_N=64, EVEN_K=True, GROUP_M=8, USE_FAST_ACCUM=False, num_stages=3, num_warps=8
SingleProcess AUTOTUNE benchmarking takes 0.7043 seconds and 0.0001 seconds precompiling for 16 choices
Autotune Choices Stats:
{"num_choices": 16, "num_triton_choices": 15, "best_kernel": "triton_mm_1003", "best_kernel_desc": "ACC_TYPE='tl.float32', ALLOW_TF32=True, BLOCK_K=32, BLOCK_M=128, BLOCK_N=128, EVEN_K=True, GROUP_M=8, USE_FAST_ACCUM=False, num_stages=3, num_warps=4", "best_time": 0.23347200453281403, "best_triton_pos": 0}
AUTOTUNE mm(131072x512, 512x512)
strides: [512, 1], [512, 1]
dtypes: torch.bfloat16, torch.bfloat16
  triton_mm_1003 0.2335 ms 100.0% ACC_TYPE='tl.float32', ALLOW_TF32=True, BLOCK_K=32, BLOCK_M=128, BLOCK_N=128, EVEN_K=True, GROUP_M=8, USE_FAST_ACCUM=False, num_stages=3, num_warps=4
  mm 0.2396 ms 97.4% 
  triton_mm_997 0.2437 ms 95.8% ACC_TYPE='tl.float32', ALLOW_TF32=True, BLOCK_K=32, BLOCK_M=64, BLOCK_N=128, EVEN_K=True, GROUP_M=8, USE_FAST_ACCUM=False, num_stages=3, num_warps=4
  triton_mm_1000 0.2475 ms 94.3% ACC_TYPE='tl.float32', ALLOW_TF32=True, BLOCK_K=32, BLOCK_M=128, BLOCK_N=64, EVEN_K=True, GROUP_M=8, USE_FAST_ACCUM=False, num_stages=3, num_warps=4
  triton_mm_998 0.2514 ms 92.9% ACC_TYPE='tl.float32', ALLOW_TF32=True, BLOCK_K=32, BLOCK_M=64, BLOCK_N=128, EVEN_K=True, GROUP_M=8, USE_FAST_ACCUM=False, num_stages=4, num_warps=8
  triton_mm_1001 0.2524 ms 92.5% ACC_TYPE='tl.float32', ALLOW_TF32=True, BLOCK_K=32, BLOCK_M=128, BLOCK_N=64, EVEN_K=True, GROUP_M=8, USE_FAST_ACCUM=False, num_stages=4, num_warps=8
  triton_mm_1004 0.2596 ms 89.9% ACC_TYPE='tl.float32', ALLOW_TF32=True, BLOCK_K=64, BLOCK_M=128, BLOCK_N=128, EVEN_K=True, GROUP_M=8, USE_FAST_ACCUM=False, num_stages=3, num_warps=4
  triton_mm_999 0.2611 ms 89.4% ACC_TYPE='tl.float32', ALLOW_TF32=True, BLOCK_K=64, BLOCK_M=64, BLOCK_N=128, EVEN_K=True, GROUP_M=8, USE_FAST_ACCUM=False, num_stages=3, num_warps=4
  triton_mm_1002 0.2764 ms 84.5% ACC_TYPE='tl.float32', ALLOW_TF32=True, BLOCK_K=32, BLOCK_M=128, BLOCK_N=128, EVEN_K=True, GROUP_M=8, USE_FAST_ACCUM=False, num_stages=2, num_warps=8
  triton_mm_995 0.3092 ms 75.5% ACC_TYPE='tl.float32', ALLOW_TF32=True, BLOCK_K=32, BLOCK_M=64, BLOCK_N=64, EVEN_K=True, GROUP_M=8, USE_FAST_ACCUM=False, num_stages=2, num_warps=4
SingleProcess AUTOTUNE benchmarking takes 0.6956 seconds and 0.0002 seconds precompiling for 16 choices
Autotune Choices Stats:
{"num_choices": 15, "num_triton_choices": 14, "best_kernel": "triton_mm_1027", "best_kernel_desc": "ACC_TYPE='tl.float32', ALLOW_TF32=True, BLOCK_K=16, BLOCK_M=128, BLOCK_N=32, EVEN_K=False, GROUP_M=8, USE_FAST_ACCUM=False, num_stages=4, num_warps=8", "best_time": 0.0081599997356534, "best_triton_pos": 0}
AUTOTUNE mm(131072x4, 4x32)
strides: [4, 1], [32, 1]
dtypes: torch.bfloat16, torch.bfloat16
  triton_mm_1027 0.0082 ms 100.0% ACC_TYPE='tl.float32', ALLOW_TF32=True, BLOCK_K=16, BLOCK_M=128, BLOCK_N=32, EVEN_K=False, GROUP_M=8, USE_FAST_ACCUM=False, num_stages=4, num_warps=8
  triton_mm_1016 0.0082 ms 99.6% ACC_TYPE='tl.float32', ALLOW_TF32=True, BLOCK_K=16, BLOCK_M=32, BLOCK_N=32, EVEN_K=False, GROUP_M=8, USE_FAST_ACCUM=False, num_stages=1, num_warps=2
  triton_mm_1020 0.0082 ms 99.6% ACC_TYPE='tl.float32', ALLOW_TF32=True, BLOCK_K=16, BLOCK_M=64, BLOCK_N=32, EVEN_K=False, GROUP_M=8, USE_FAST_ACCUM=False, num_stages=5, num_warps=4
  triton_mm_1025 0.0082 ms 99.6% ACC_TYPE='tl.float32', ALLOW_TF32=True, BLOCK_K=16, BLOCK_M=64, BLOCK_N=32, EVEN_K=False, GROUP_M=8, USE_FAST_ACCUM=False, num_stages=4, num_warps=4
  triton_mm_1029 0.0082 ms 99.6% ACC_TYPE='tl.float32', ALLOW_TF32=True, BLOCK_K=16, BLOCK_M=128, BLOCK_N=32, EVEN_K=False, GROUP_M=8, USE_FAST_ACCUM=False, num_stages=5, num_warps=8
  triton_mm_1028 0.0082 ms 99.2% ACC_TYPE='tl.float32', ALLOW_TF32=True, BLOCK_K=16, BLOCK_M=128, BLOCK_N=32, EVEN_K=False, GROUP_M=8, USE_FAST_ACCUM=False, num_stages=2, num_warps=8
  triton_mm_1021 0.0083 ms 98.5% ACC_TYPE='tl.float32', ALLOW_TF32=True, BLOCK_K=16, BLOCK_M=64, BLOCK_N=32, EVEN_K=False, GROUP_M=8, USE_FAST_ACCUM=False, num_stages=2, num_warps=4
  triton_mm_1026 0.0092 ms 88.2% ACC_TYPE='tl.float32', ALLOW_TF32=True, BLOCK_K=16, BLOCK_M=128, BLOCK_N=32, EVEN_K=False, GROUP_M=8, USE_FAST_ACCUM=False, num_stages=3, num_warps=4
  triton_mm_1019 0.0098 ms 83.3% ACC_TYPE='tl.float32', ALLOW_TF32=True, BLOCK_K=16, BLOCK_M=64, BLOCK_N=32, EVEN_K=False, GROUP_M=8, USE_FAST_ACCUM=False, num_stages=5, num_warps=8
  triton_mm_1023 0.0099 ms 82.8% ACC_TYPE='tl.float32', ALLOW_TF32=True, BLOCK_K=16, BLOCK_M=64, BLOCK_N=32, EVEN_K=False, GROUP_M=8, USE_FAST_ACCUM=False, num_stages=3, num_warps=4
SingleProcess AUTOTUNE benchmarking takes 0.3124 seconds and 0.0001 seconds precompiling for 15 choices
Vocab size: 8,192
Model config: {'sequence_len': 2048, 'vocab_size': 8192, 'n_layer': 9, 'n_head': 4, 'n_kv_head': 4, 'n_embd': 512, 'window_pattern': 'L'}
Parameter counts:
  wte                     : 4,194,304
  value_embeds            : 20,971,520
  lm_head                 : 4,194,304
  transformer_matrices    : 28,312,192
  scalars                 : 18
  total                   : 57,672,338
Estimated FLOPs per token: 3.082852e+08
Scaling AdamW LRs by 1/sqrt(512/768) = 1.224745
Time budget: 300s
Gradient accumulation steps: 1

step 00000 (0.0%) | loss: 9.011469 | lrm: 1.00 | dt: 98168ms | tok/sec: 1,335 | mfu: 0.0% | epoch: 1 | remaining: 300s    
step 00001 (0.0%) | loss: 8.884360 | lrm: 1.00 | dt: 245ms | tok/sec: 534,550 | mfu: 16.7% | epoch: 1 | remaining: 300s    
step 00002 (0.0%) | loss: 8.541166 | lrm: 1.00 | dt: 161ms | tok/sec: 815,128 | mfu: 25.4% | epoch: 1 | remaining: 300s    
step 00003 (0.0%) | loss: 8.112018 | lrm: 1.00 | dt: 160ms | tok/sec: 819,256 | mfu: 25.5% | epoch: 1 | remaining: 300s    
step 00004 (0.0%) | loss: 7.752380 | lrm: 1.00 | dt: 160ms | tok/sec: 818,968 | mfu: 25.5% | epoch: 1 | remaining: 300s    
step 00005 (0.0%) | loss: 7.433490 | lrm: 1.00 | dt: 160ms | tok/sec: 818,820 | mfu: 25.5% | epoch: 1 | remaining: 300s    
step 00006 (0.0%) | loss: 7.182257 | lrm: 1.00 | dt: 160ms | tok/sec: 818,856 | mfu: 25.5% | epoch: 1 | remaining: 300s    
step 00007 (0.0%) | loss: 6.973711 | lrm: 1.00 | dt: 160ms | tok/sec: 818,679 | mfu: 25.5% | epoch: 1 | remaining: 300s    
step 00008 (0.0%) | loss: 6.798170 | lrm: 1.00 | dt: 160ms | tok/sec: 819,007 | mfu: 25.5% | epoch: 1 | remaining: 300s    
step 00009 (0.0%) | loss: 6.650441 | lrm: 1.00 | dt: 160ms | tok/sec: 819,065 | mfu: 25.5% | epoch: 1 | remaining: 300s    
step 00010 (0.0%) | loss: 6.522057 | lrm: 1.00 | dt: 160ms | tok/sec: 818,511 | mfu: 25.5% | epoch: 1 | remaining: 300s    
step 00011 (0.0%) | loss: 6.407285 | lrm: 1.00 | dt: 160ms | tok/sec: 818,548 | mfu: 25.5% | epoch: 1 | remaining: 300s    
step 00012 (0.1%) | loss: 6.312308 | lrm: 1.00 | dt: 160ms | tok/sec: 818,699 | mfu: 25.5% | epoch: 1 | remaining: 300s    
step 00013 (0.1%) | loss: 6.228257 | lrm: 1.00 | dt: 160ms | tok/sec: 818,745 | mfu: 25.5% | epoch: 1 | remaining: 300s    
step 00014 (0.2%) | loss: 6.150942 | lrm: 1.00 | dt: 160ms | tok/sec: 818,778 | mfu: 25.5% | epoch: 1 | remaining: 299s    
step 00015 (0.2%) | loss: 6.087180 | lrm: 1.00 | dt: 160ms | tok/sec: 818,593 | mfu: 25.5% | epoch: 1 | remaining: 299s    
step 00016 (0.3%) | loss: 6.030946 | lrm: 1.00 | dt: 160ms | tok/sec: 818,649 | mfu: 25.5% | epoch: 1 | remaining: 299s    
step 00017 (0.3%) | loss: 5.975650 | lrm: 1.00 | dt: 160ms | tok/sec: 818,208 | mfu: 25.5% | epoch: 1 | remaining: 299s    
step 00018 (0.4%) | loss: 5.926739 | lrm: 1.00 | dt: 160ms | tok/sec: 818,500 | mfu: 25.5% | epoch: 1 | remaining: 299s    
step 00019 (0.4%) | loss: 5.882283 | lrm: 1.00 | dt: 160ms | tok/sec: 818,525 | mfu: 25.5% | epoch: 1 | remaining: 299s    
step 00020 (0.5%) | loss: 5.843952 | lrm: 1.00 | dt: 160ms | tok/sec: 818,498 | mfu: 25.5% | epoch: 1 | remaining: 298s    
step 00021 (0.5%) | loss: 5.807927 | lrm: 1.00 | dt: 160ms | tok/sec: 818,227 | mfu: 25.5% | epoch: 1 | remaining: 298s    
step 00022 (0.6%) | loss: 5.772529 | lrm: 1.00 | dt: 160ms | tok/sec: 818,518 | mfu: 25.5% | epoch: 1 | remaining: 298s    
step 00023 (0.6%) | loss: 5.738968 | lrm: 1.00 | dt: 160ms | tok/sec: 818,400 | mfu: 25.5% | epoch: 1 | remaining: 298s    
step 00024 (0.7%) | loss: 5.708980 | lrm: 1.00 | dt: 160ms | tok/sec: 818,221 | mfu: 25.5% | epoch: 1 | remaining: 298s    
step 00025 (0.7%) | loss: 5.672789 | lrm: 1.00 | dt: 160ms | tok/sec: 818,372 | mfu: 25.5% | epoch: 1 | remaining: 298s    
step 00026 (0.8%) | loss: 5.644070 | lrm: 1.00 | dt: 160ms | tok/sec: 818,467 | mfu: 25.5% | epoch: 1 | remaining: 297s    
step 00027 (0.9%) | loss: 5.619141 | lrm: 1.00 | dt: 160ms | tok/sec: 818,348 | mfu: 25.5% | epoch: 1 | remaining: 297s    
step 00028 (0.9%) | loss: 5.595740 | lrm: 1.00 | dt: 160ms | tok/sec: 818,278 | mfu: 25.5% | epoch: 1 | remaining: 297s    
step 00029 (1.0%) | loss: 5.569396 | lrm: 1.00 | dt: 160ms | tok/sec: 818,525 | mfu: 25.5% | epoch: 1 | remaining: 297s    
step 00030 (1.0%) | loss: 5.544503 | lrm: 1.00 | dt: 160ms | tok/sec: 818,331 | mfu: 25.5% | epoch: 1 | remaining: 297s    
step 00031 (1.1%) | loss: 5.520164 | lrm: 1.00 | dt: 160ms | tok/sec: 818,224 | mfu: 25.5% | epoch: 1 | remaining: 297s    
step 00032 (1.1%) | loss: 5.494448 | lrm: 1.00 | dt: 160ms | tok/sec: 818,437 | mfu: 25.5% | epoch: 1 | remaining: 296s    
step 00033 (1.2%) | loss: 5.473464 | lrm: 1.00 | dt: 160ms | tok/sec: 818,650 | mfu: 25.5% | epoch: 1 | remaining: 296s    
step 00034 (1.2%) | loss: 5.447943 | lrm: 1.00 | dt: 160ms | tok/sec: 818,573 | mfu: 25.5% | epoch: 1 | remaining: 296s    
step 00035 (1.3%) | loss: 5.423373 | lrm: 1.00 | dt: 160ms | tok/sec: 818,576 | mfu: 25.5% | epoch: 1 | remaining: 296s    
step 00036 (1.3%) | loss: 5.402956 | lrm: 1.00 | dt: 160ms | tok/sec: 819,460 | mfu: 25.5% | epoch: 1 | remaining: 296s    
step 00037 (1.4%) | loss: 5.378563 | lrm: 1.00 | dt: 160ms | tok/sec: 819,844 | mfu: 25.5% | epoch: 1 | remaining: 296s    
step 00038 (1.4%) | loss: 5.356432 | lrm: 1.00 | dt: 160ms | tok/sec: 819,869 | mfu: 25.5% | epoch: 1 | remaining: 296s    
step 00039 (1.5%) | loss: 5.333962 | lrm: 1.00 | dt: 160ms | tok/sec: 819,825 | mfu: 25.5% | epoch: 1 | remaining: 295s    
step 00040 (1.5%) | loss: 5.311654 | lrm: 1.00 | dt: 160ms | tok/sec: 820,094 | mfu: 25.6% | epoch: 1 | remaining: 295s    
step 00041 (1.6%) | loss: 5.290350 | lrm: 1.00 | dt: 160ms | tok/sec: 819,644 | mfu: 25.5% | epoch: 1 | remaining: 295s    
step 00042 (1.7%) | loss: 5.271314 | lrm: 1.00 | dt: 160ms | tok/sec: 820,062 | mfu: 25.5% | epoch: 1 | remaining: 295s    
step 00043 (1.7%) | loss: 5.248454 | lrm: 1.00 | dt: 160ms | tok/sec: 819,691 | mfu: 25.5% | epoch: 1 | remaining: 295s    
step 00044 (1.8%) | loss: 5.228773 | lrm: 1.00 | dt: 160ms | tok/sec: 818,957 | mfu: 25.5% | epoch: 1 | remaining: 295s    
step 00045 (1.8%) | loss: 5.211493 | lrm: 1.00 | dt: 160ms | tok/sec: 818,238 | mfu: 25.5% | epoch: 1 | remaining: 294s    
step 00046 (1.9%) | loss: 5.193889 | lrm: 1.00 | dt: 160ms | tok/sec: 819,053 | mfu: 25.5% | epoch: 1 | remaining: 294s    
step 00047 (1.9%) | loss: 5.173698 | lrm: 1.00 | dt: 160ms | tok/sec: 819,342 | mfu: 25.5% | epoch: 1 | remaining: 294s    
step 00048 (2.0%) | loss: 5.155330 | lrm: 1.00 | dt: 160ms | tok/sec: 819,572 | mfu: 25.5% | epoch: 1 | remaining: 294s    
step 00049 (2.0%) | loss: 5.136975 | lrm: 1.00 | dt: 160ms | tok/sec: 819,575 | mfu: 25.5% | epoch: 1 | remaining: 294s    
step 00050 (2.1%) | loss: 5.118212 | lrm: 1.00 | dt: 160ms | tok/sec: 819,458 | mfu: 25.5% | epoch: 1 | remaining: 294s    
step 00051 (2.1%) | loss: 5.097345 | lrm: 1.00 | dt: 160ms | tok/sec: 819,529 | mfu: 25.5% | epoch: 1 | remaining: 293s    
step 00052 (2.2%) | loss: 5.074146 | lrm: 1.00 | dt: 160ms | tok/sec: 818,671 | mfu: 25.5% | epoch: 1 | remaining: 293s    
step 00053 (2.2%) | loss: 5.057122 | lrm: 1.00 | dt: 160ms | tok/sec: 819,381 | mfu: 25.5% | epoch: 1 | remaining: 293s    
step 00054 (2.3%) | loss: 5.037378 | lrm: 1.00 | dt: 160ms | tok/sec: 819,562 | mfu: 25.5% | epoch: 1 | remaining: 293s    
step 00055 (2.3%) | loss: 5.018192 | lrm: 1.00 | dt: 160ms | tok/sec: 819,770 | mfu: 25.5% | epoch: 1 | remaining: 293s    
step 00056 (2.4%) | loss: 4.998891 | lrm: 1.00 | dt: 160ms | tok/sec: 819,845 | mfu: 25.5% | epoch: 1 | remaining: 293s    
step 00057 (2.5%) | loss: 4.982742 | lrm: 1.00 | dt: 160ms | tok/sec: 819,479 | mfu: 25.5% | epoch: 1 | remaining: 292s    
step 00058 (2.5%) | loss: 4.969194 | lrm: 1.00 | dt: 160ms | tok/sec: 819,581 | mfu: 25.5% | epoch: 1 | remaining: 292s    
step 00059 (2.6%) | loss: 4.948011 | lrm: 1.00 | dt: 160ms | tok/sec: 819,717 | mfu: 25.5% | epoch: 1 | remaining: 292s    
step 00060 (2.6%) | loss: 4.929354 | lrm: 1.00 | dt: 160ms | tok/sec: 819,388 | mfu: 25.5% | epoch: 1 | remaining: 292s    
step 00061 (2.7%) | loss: 4.906023 | lrm: 1.00 | dt: 160ms | tok/sec: 819,651 | mfu: 25.5% | epoch: 1 | remaining: 292s    
step 00062 (2.7%) | loss: 4.888542 | lrm: 1.00 | dt: 160ms | tok/sec: 819,669 | mfu: 25.5% | epoch: 1 | remaining: 292s    
step 00063 (2.8%) | loss: 4.872685 | lrm: 1.00 | dt: 160ms | tok/sec: 819,787 | mfu: 25.5% | epoch: 1 | remaining: 292s    
step 00064 (2.8%) | loss: 4.857045 | lrm: 1.00 | dt: 160ms | tok/sec: 819,724 | mfu: 25.5% | epoch: 1 | remaining: 291s    
step 00065 (2.9%) | loss: 4.840146 | lrm: 1.00 | dt: 160ms | tok/sec: 819,997 | mfu: 25.5% | epoch: 1 | remaining: 291s    
step 00066 (2.9%) | loss: 4.820711 | lrm: 1.00 | dt: 160ms | tok/sec: 819,347 | mfu: 25.5% | epoch: 1 | remaining: 291s    
step 00067 (3.0%) | loss: 4.807241 | lrm: 1.00 | dt: 160ms | tok/sec: 819,812 | mfu: 25.5% | epoch: 1 | remaining: 291s    
step 00068 (3.0%) | loss: 4.791567 | lrm: 1.00 | dt: 160ms | tok/sec: 819,928 | mfu: 25.5% | epoch: 1 | remaining: 291s    
step 00069 (3.1%) | loss: 4.773740 | lrm: 1.00 | dt: 160ms | tok/sec: 819,067 | mfu: 25.5% | epoch: 1 | remaining: 291s    
step 00070 (3.1%) | loss: 4.759065 | lrm: 1.00 | dt: 160ms | tok/sec: 819,710 | mfu: 25.5% | epoch: 1 | remaining: 290s    
step 00071 (3.2%) | loss: 4.736693 | lrm: 1.00 | dt: 160ms | tok/sec: 819,272 | mfu: 25.5% | epoch: 1 | remaining: 290s    
step 00072 (3.3%) | loss: 4.721881 | lrm: 1.00 | dt: 160ms | tok/sec: 819,707 | mfu: 25.5% | epoch: 1 | remaining: 290s    
step 00073 (3.3%) | loss: 4.704057 | lrm: 1.00 | dt: 160ms | tok/sec: 819,401 | mfu: 25.5% | epoch: 1 | remaining: 290s    
step 00074 (3.4%) | loss: 4.690017 | lrm: 1.00 | dt: 160ms | tok/sec: 819,899 | mfu: 25.5% | epoch: 1 | remaining: 290s    
step 00075 (3.4%) | loss: 4.673072 | lrm: 1.00 | dt: 160ms | tok/sec: 819,669 | mfu: 25.5% | epoch: 1 | remaining: 290s    
step 00076 (3.5%) | loss: 4.655355 | lrm: 1.00 | dt: 160ms | tok/sec: 819,497 | mfu: 25.5% | epoch: 1 | remaining: 289s    
step 00077 (3.5%) | loss: 4.634680 | lrm: 1.00 | dt: 160ms | tok/sec: 819,458 | mfu: 25.5% | epoch: 1 | remaining: 289s    
step 00078 (3.6%) | loss: 4.616384 | lrm: 1.00 | dt: 160ms | tok/sec: 819,529 | mfu: 25.5% | epoch: 1 | remaining: 289s    
step 00079 (3.6%) | loss: 4.601599 | lrm: 1.00 | dt: 160ms | tok/sec: 818,631 | mfu: 25.5% | epoch: 1 | remaining: 289s    
step 00080 (3.7%) | loss: 4.586757 | lrm: 1.00 | dt: 160ms | tok/sec: 818,993 | mfu: 25.5% | epoch: 1 | remaining: 289s    
step 00081 (3.7%) | loss: 4.573329 | lrm: 1.00 | dt: 160ms | tok/sec: 819,259 | mfu: 25.5% | epoch: 1 | remaining: 289s    
step 00082 (3.8%) | loss: 4.554701 | lrm: 1.00 | dt: 160ms | tok/sec: 819,350 | mfu: 25.5% | epoch: 1 | remaining: 288s    
step 00083 (3.8%) | loss: 4.536768 | lrm: 1.00 | dt: 160ms | tok/sec: 819,421 | mfu: 25.5% | epoch: 1 | remaining: 288s    
step 00084 (3.9%) | loss: 4.519908 | lrm: 1.00 | dt: 160ms | tok/sec: 819,581 | mfu: 25.5% | epoch: 1 | remaining: 288s    
step 00085 (3.9%) | loss: 4.508866 | lrm: 1.00 | dt: 160ms | tok/sec: 819,506 | mfu: 25.5% | epoch: 1 | remaining: 288s    
step 00086 (4.0%) | loss: 4.492191 | lrm: 1.00 | dt: 160ms | tok/sec: 819,579 | mfu: 25.5% | epoch: 1 | remaining: 288s    
step 00087 (4.1%) | loss: 4.472369 | lrm: 1.00 | dt: 160ms | tok/sec: 819,706 | mfu: 25.5% | epoch: 1 | remaining: 288s    
step 00088 (4.1%) | loss: 4.459167 | lrm: 1.00 | dt: 160ms | tok/sec: 819,385 | mfu: 25.5% | epoch: 1 | remaining: 288s    
step 00089 (4.2%) | loss: 4.442042 | lrm: 1.00 | dt: 160ms | tok/sec: 817,956 | mfu: 25.5% | epoch: 1 | remaining: 287s    
step 00090 (4.2%) | loss: 4.424925 | lrm: 1.00 | dt: 160ms | tok/sec: 818,962 | mfu: 25.5% | epoch: 1 | remaining: 287s    
step 00091 (4.3%) | loss: 4.413685 | lrm: 1.00 | dt: 160ms | tok/sec: 819,380 | mfu: 25.5% | epoch: 1 | remaining: 287s    
step 00092 (4.3%) | loss: 4.398572 | lrm: 1.00 | dt: 160ms | tok/sec: 819,441 | mfu: 25.5% | epoch: 1 | remaining: 287s    
step 00093 (4.4%) | loss: 4.381674 | lrm: 1.00 | dt: 160ms | tok/sec: 819,520 | mfu: 25.5% | epoch: 1 | remaining: 287s    
step 00094 (4.4%) | loss: 4.366770 | lrm: 1.00 | dt: 160ms | tok/sec: 818,394 | mfu: 25.5% | epoch: 1 | remaining: 287s    
step 00095 (4.5%) | loss: 4.346476 | lrm: 1.00 | dt: 160ms | tok/sec: 818,504 | mfu: 25.5% | epoch: 1 | remaining: 286s    
step 00096 (4.5%) | loss: 4.331339 | lrm: 1.00 | dt: 160ms | tok/sec: 819,315 | mfu: 25.5% | epoch: 1 | remaining: 286s    
step 00097 (4.6%) | loss: 4.313416 | lrm: 1.00 | dt: 160ms | tok/sec: 819,165 | mfu: 25.5% | epoch: 1 | remaining: 286s    
step 00098 (4.6%) | loss: 4.293039 | lrm: 1.00 | dt: 160ms | tok/sec: 818,649 | mfu: 25.5% | epoch: 1 | remaining: 286s    
step 00099 (4.7%) | loss: 4.278250 | lrm: 1.00 | dt: 160ms | tok/sec: 819,095 | mfu: 25.5% | epoch: 1 | remaining: 286s    
step 00100 (4.7%) | loss: 4.270338 | lrm: 1.00 | dt: 160ms | tok/sec: 819,430 | mfu: 25.5% | epoch: 1 | remaining: 286s    
step 00101 (4.8%) | loss: 4.259973 | lrm: 1.00 | dt: 160ms | tok/sec: 819,583 | mfu: 25.5% | epoch: 1 | remaining: 285s    
step 00102 (4.9%) | loss: 4.245686 | lrm: 1.00 | dt: 160ms | tok/sec: 819,475 | mfu: 25.5% | epoch: 1 | remaining: 285s    
step 00103 (4.9%) | loss: 4.229049 | lrm: 1.00 | dt: 160ms | tok/sec: 819,423 | mfu: 25.5% | epoch: 1 | remaining: 285s    
step 00104 (5.0%) | loss: 4.216403 | lrm: 1.00 | dt: 160ms | tok/sec: 819,181 | mfu: 25.5% | epoch: 1 | remaining: 285s    
step 00105 (5.0%) | loss: 4.203228 | lrm: 1.00 | dt: 160ms | tok/sec: 819,410 | mfu: 25.5% | epoch: 1 | remaining: 285s    
step 00106 (5.1%) | loss: 4.189225 | lrm: 1.00 | dt: 160ms | tok/sec: 819,518 | mfu: 25.5% | epoch: 1 | remaining: 285s    
step 00107 (5.1%) | loss: 4.174872 | lrm: 1.00 | dt: 160ms | tok/sec: 819,469 | mfu: 25.5% | epoch: 1 | remaining: 284s    
step 00108 (5.2%) | loss: 4.155647 | lrm: 1.00 | dt: 160ms | tok/sec: 819,147 | mfu: 25.5% | epoch: 1 | remaining: 284s    
step 00109 (5.2%) | loss: 4.138412 | lrm: 1.00 | dt: 160ms | tok/sec: 819,125 | mfu: 25.5% | epoch: 1 | remaining: 284s    
step 00110 (5.3%) | loss: 4.125206 | lrm: 1.00 | dt: 160ms | tok/sec: 819,253 | mfu: 25.5% | epoch: 1 | remaining: 284s    
step 00111 (5.3%) | loss: 4.118537 | lrm: 1.00 | dt: 160ms | tok/sec: 819,263 | mfu: 25.5% | epoch: 1 | remaining: 284s    
step 00112 (5.4%) | loss: 4.109471 | lrm: 1.00 | dt: 160ms | tok/sec: 819,326 | mfu: 25.5% | epoch: 1 | remaining: 284s    
step 00113 (5.4%) | loss: 4.099694 | lrm: 1.00 | dt: 160ms | tok/sec: 819,228 | mfu: 25.5% | epoch: 1 | remaining: 284s    
step 00114 (5.5%) | loss: 4.085193 | lrm: 1.00 | dt: 160ms | tok/sec: 819,311 | mfu: 25.5% | epoch: 1 | remaining: 283s    
step 00115 (5.5%) | loss: 4.074120 | lrm: 1.00 | dt: 160ms | tok/sec: 819,117 | mfu: 25.5% | epoch: 1 | remaining: 283s    
step 00116 (5.6%) | loss: 4.065314 | lrm: 1.00 | dt: 160ms | tok/sec: 818,932 | mfu: 25.5% | epoch: 1 | remaining: 283s    
step 00117 (5.7%) | loss: 4.050129 | lrm: 1.00 | dt: 160ms | tok/sec: 819,222 | mfu: 25.5% | epoch: 1 | remaining: 283s    
step 00118 (5.7%) | loss: 4.038641 | lrm: 1.00 | dt: 160ms | tok/sec: 819,208 | mfu: 25.5% | epoch: 1 | remaining: 283s    
step 00119 (5.8%) | loss: 4.028585 | lrm: 1.00 | dt: 160ms | tok/sec: 818,833 | mfu: 25.5% | epoch: 1 | remaining: 283s    
step 00120 (5.8%) | loss: 4.022851 | lrm: 1.00 | dt: 160ms | tok/sec: 819,241 | mfu: 25.5% | epoch: 1 | remaining: 282s    
step 00121 (5.9%) | loss: 4.009645 | lrm: 1.00 | dt: 160ms | tok/sec: 819,127 | mfu: 25.5% | epoch: 1 | remaining: 282s    
step 00122 (5.9%) | loss: 3.998146 | lrm: 1.00 | dt: 160ms | tok/sec: 819,162 | mfu: 25.5% | epoch: 1 | remaining: 282s    
step 00123 (6.0%) | loss: 3.985661 | lrm: 1.00 | dt: 160ms | tok/sec: 818,961 | mfu: 25.5% | epoch: 1 | remaining: 282s    
step 00124 (6.0%) | loss: 3.975158 | lrm: 1.00 | dt: 160ms | tok/sec: 819,109 | mfu: 25.5% | epoch: 1 | remaining: 282s    
step 00125 (6.1%) | loss: 3.964240 | lrm: 1.00 | dt: 160ms | tok/sec: 818,984 | mfu: 25.5% | epoch: 1 | remaining: 282s    
step 00126 (6.1%) | loss: 3.950837 | lrm: 1.00 | dt: 160ms | tok/sec: 818,518 | mfu: 25.5% | epoch: 1 | remaining: 281s    
step 00127 (6.2%) | loss: 3.944184 | lrm: 1.00 | dt: 160ms | tok/sec: 819,274 | mfu: 25.5% | epoch: 1 | remaining: 281s    
step 00128 (6.2%) | loss: 3.938724 | lrm: 1.00 | dt: 160ms | tok/sec: 818,660 | mfu: 25.5% | epoch: 1 | remaining: 281s    
step 00129 (6.3%) | loss: 3.926210 | lrm: 1.00 | dt: 160ms | tok/sec: 819,248 | mfu: 25.5% | epoch: 1 | remaining: 281s    
step 00130 (6.3%) | loss: 3.914652 | lrm: 1.00 | dt: 160ms | tok/sec: 818,927 | mfu: 25.5% | epoch: 1 | remaining: 281s    
step 00131 (6.4%) | loss: 3.900483 | lrm: 1.00 | dt: 160ms | tok/sec: 818,779 | mfu: 25.5% | epoch: 1 | remaining: 281s    
step 00132 (6.5%) | loss: 3.895241 | lrm: 1.00 | dt: 160ms | tok/sec: 818,920 | mfu: 25.5% | epoch: 1 | remaining: 280s    
step 00133 (6.5%) | loss: 3.890394 | lrm: 1.00 | dt: 160ms | tok/sec: 818,871 | mfu: 25.5% | epoch: 1 | remaining: 280s    
step 00134 (6.6%) | loss: 3.878682 | lrm: 1.00 | dt: 160ms | tok/sec: 818,976 | mfu: 25.5% | epoch: 1 | remaining: 280s    
step 00135 (6.6%) | loss: 3.873402 | lrm: 1.00 | dt: 160ms | tok/sec: 818,884 | mfu: 25.5% | epoch: 1 | remaining: 280s    
step 00136 (6.7%) | loss: 3.864168 | lrm: 1.00 | dt: 160ms | tok/sec: 818,399 | mfu: 25.5% | epoch: 1 | remaining: 280s    
step 00137 (6.7%) | loss: 3.854501 | lrm: 1.00 | dt: 160ms | tok/sec: 818,805 | mfu: 25.5% | epoch: 1 | remaining: 280s    
step 00138 (6.8%) | loss: 3.842998 | lrm: 1.00 | dt: 160ms | tok/sec: 818,683 | mfu: 25.5% | epoch: 1 | remaining: 280s    
step 00139 (6.8%) | loss: 3.835890 | lrm: 1.00 | dt: 160ms | tok/sec: 818,804 | mfu: 25.5% | epoch: 1 | remaining: 279s    
step 00140 (6.9%) | loss: 3.824611 | lrm: 1.00 | dt: 160ms | tok/sec: 818,521 | mfu: 25.5% | epoch: 1 | remaining: 279s    
step 00141 (6.9%) | loss: 3.819082 | lrm: 1.00 | dt: 160ms | tok/sec: 818,617 | mfu: 25.5% | epoch: 1 | remaining: 279s    
step 00142 (7.0%) | loss: 3.813514 | lrm: 1.00 | dt: 160ms | tok/sec: 818,567 | mfu: 25.5% | epoch: 1 | remaining: 279s    
step 00143 (7.0%) | loss: 3.808149 | lrm: 1.00 | dt: 160ms | tok/sec: 818,500 | mfu: 25.5% | epoch: 1 | remaining: 279s    
step 00144 (7.1%) | loss: 3.802744 | lrm: 1.00 | dt: 160ms | tok/sec: 818,807 | mfu: 25.5% | epoch: 1 | remaining: 279s    
step 00145 (7.1%) | loss: 3.799848 | lrm: 1.00 | dt: 160ms | tok/sec: 818,556 | mfu: 25.5% | epoch: 1 | remaining: 278s    
step 00146 (7.2%) | loss: 3.797305 | lrm: 1.00 | dt: 162ms | tok/sec: 807,103 | mfu: 25.1% | epoch: 1 | remaining: 278s    
step 00147 (7.3%) | loss: 3.785660 | lrm: 1.00 | dt: 160ms | tok/sec: 818,400 | mfu: 25.5% | epoch: 1 | remaining: 278s    
step 00148 (7.3%) | loss: 3.785868 | lrm: 1.00 | dt: 160ms | tok/sec: 818,528 | mfu: 25.5% | epoch: 1 | remaining: 278s    
step 00149 (7.4%) | loss: 3.779929 | lrm: 1.00 | dt: 160ms | tok/sec: 818,831 | mfu: 25.5% | epoch: 1 | remaining: 278s    
step 00150 (7.4%) | loss: 3.773963 | lrm: 1.00 | dt: 160ms | tok/sec: 818,611 | mfu: 25.5% | epoch: 1 | remaining: 278s    
step 00151 (7.5%) | loss: 3.769335 | lrm: 1.00 | dt: 160ms | tok/sec: 818,568 | mfu: 25.5% | epoch: 1 | remaining: 277s    
step 00152 (7.5%) | loss: 3.762379 | lrm: 1.00 | dt: 160ms | tok/sec: 817,872 | mfu: 25.5% | epoch: 1 | remaining: 277s    
step 00153 (7.6%) | loss: 3.757978 | lrm: 1.00 | dt: 160ms | tok/sec: 818,537 | mfu: 25.5% | epoch: 1 | remaining: 277s    
step 00154 (7.6%) | loss: 3.754020 | lrm: 1.00 | dt: 160ms | tok/sec: 818,345 | mfu: 25.5% | epoch: 1 | remaining: 277s    
step 00155 (7.7%) | loss: 3.751505 | lrm: 1.00 | dt: 160ms | tok/sec: 817,096 | mfu: 25.5% | epoch: 1 | remaining: 277s    
step 00156 (7.7%) | loss: 3.746994 | lrm: 1.00 | dt: 160ms | tok/sec: 818,052 | mfu: 25.5% | epoch: 1 | remaining: 277s    
step 00157 (7.8%) | loss: 3.748305 | lrm: 1.00 | dt: 160ms | tok/sec: 818,226 | mfu: 25.5% | epoch: 1 | remaining: 276s    
step 00158 (7.8%) | loss: 3.745462 | lrm: 1.00 | dt: 160ms | tok/sec: 817,981 | mfu: 25.5% | epoch: 1 | remaining: 276s    
step 00159 (7.9%) | loss: 3.743793 | lrm: 1.00 | dt: 160ms | tok/sec: 818,269 | mfu: 25.5% | epoch: 1 | remaining: 276s    
step 00160 (7.9%) | loss: 3.734315 | lrm: 1.00 | dt: 160ms | tok/sec: 818,534 | mfu: 25.5% | epoch: 1 | remaining: 276s    
step 00161 (8.0%) | loss: 3.726404 | lrm: 1.00 | dt: 160ms | tok/sec: 818,571 | mfu: 25.5% | epoch: 1 | remaining: 276s    
step 00162 (8.1%) | loss: 3.714779 | lrm: 1.00 | dt: 160ms | tok/sec: 818,488 | mfu: 25.5% | epoch: 1 | remaining: 276s    
step 00163 (8.1%) | loss: 3.710443 | lrm: 1.00 | dt: 160ms | tok/sec: 818,660 | mfu: 25.5% | epoch: 1 | remaining: 276s    
step 00164 (8.2%) | loss: 3.701746 | lrm: 1.00 | dt: 160ms | tok/sec: 817,666 | mfu: 25.5% | epoch: 1 | remaining: 275s    
step 00165 (8.2%) | loss: 3.693866 | lrm: 1.00 | dt: 160ms | tok/sec: 817,689 | mfu: 25.5% | epoch: 1 | remaining: 275s    
step 00166 (8.3%) | loss: 3.687504 | lrm: 1.00 | dt: 160ms | tok/sec: 818,233 | mfu: 25.5% | epoch: 1 | remaining: 275s    
step 00167 (8.3%) | loss: 3.685364 | lrm: 1.00 | dt: 160ms | tok/sec: 817,534 | mfu: 25.5% | epoch: 1 | remaining: 275s    
step 00168 (8.4%) | loss: 3.690693 | lrm: 1.00 | dt: 161ms | tok/sec: 815,989 | mfu: 25.4% | epoch: 1 | remaining: 275s    
step 00169 (8.4%) | loss: 3.681235 | lrm: 1.00 | dt: 160ms | tok/sec: 817,768 | mfu: 25.5% | epoch: 1 | remaining: 275s    
step 00170 (8.5%) | loss: 3.677489 | lrm: 1.00 | dt: 160ms | tok/sec: 818,215 | mfu: 25.5% | epoch: 1 | remaining: 274s    
step 00171 (8.5%) | loss: 3.677677 | lrm: 1.00 | dt: 160ms | tok/sec: 818,542 | mfu: 25.5% | epoch: 1 | remaining: 274s    
step 00172 (8.6%) | loss: 3.672373 | lrm: 1.00 | dt: 160ms | tok/sec: 818,455 | mfu: 25.5% | epoch: 1 | remaining: 274s    
step 00173 (8.6%) | loss: 3.672103 | lrm: 1.00 | dt: 160ms | tok/sec: 818,649 | mfu: 25.5% | epoch: 1 | remaining: 274s    
step 00174 (8.7%) | loss: 3.663610 | lrm: 1.00 | dt: 160ms | tok/sec: 818,714 | mfu: 25.5% | epoch: 1 | remaining: 274s    
step 00175 (8.8%) | loss: 3.665925 | lrm: 1.00 | dt: 160ms | tok/sec: 818,879 | mfu: 25.5% | epoch: 1 | remaining: 274s    
step 00176 (8.8%) | loss: 3.666709 | lrm: 1.00 | dt: 160ms | tok/sec: 818,544 | mfu: 25.5% | epoch: 1 | remaining: 273s    
step 00177 (8.9%) | loss: 3.649845 | lrm: 1.00 | dt: 160ms | tok/sec: 818,805 | mfu: 25.5% | epoch: 1 | remaining: 273s    
step 00178 (8.9%) | loss: 3.650683 | lrm: 1.00 | dt: 160ms | tok/sec: 818,834 | mfu: 25.5% | epoch: 1 | remaining: 273s    
step 00179 (9.0%) | loss: 3.646070 | lrm: 1.00 | dt: 160ms | tok/sec: 818,653 | mfu: 25.5% | epoch: 1 | remaining: 273s    
step 00180 (9.0%) | loss: 3.640860 | lrm: 1.00 | dt: 160ms | tok/sec: 818,856 | mfu: 25.5% | epoch: 1 | remaining: 273s    
step 00181 (9.1%) | loss: 3.639307 | lrm: 1.00 | dt: 160ms | tok/sec: 818,984 | mfu: 25.5% | epoch: 1 | remaining: 273s    
step 00182 (9.1%) | loss: 3.634612 | lrm: 1.00 | dt: 160ms | tok/sec: 818,861 | mfu: 25.5% | epoch: 1 | remaining: 272s    
step 00183 (9.2%) | loss: 3.638895 | lrm: 1.00 | dt: 160ms | tok/sec: 818,820 | mfu: 25.5% | epoch: 1 | remaining: 272s    
step 00184 (9.2%) | loss: 3.631331 | lrm: 1.00 | dt: 160ms | tok/sec: 818,756 | mfu: 25.5% | epoch: 1 | remaining: 272s    
step 00185 (9.3%) | loss: 3.625570 | lrm: 1.00 | dt: 160ms | tok/sec: 818,416 | mfu: 25.5% | epoch: 1 | remaining: 272s    
step 00186 (9.3%) | loss: 3.627355 | lrm: 1.00 | dt: 160ms | tok/sec: 817,593 | mfu: 25.5% | epoch: 1 | remaining: 272s    
step 00187 (9.4%) | loss: 3.623995 | lrm: 1.00 | dt: 160ms | tok/sec: 817,745 | mfu: 25.5% | epoch: 1 | remaining: 272s    
step 00188 (9.4%) | loss: 3.615172 | lrm: 1.00 | dt: 160ms | tok/sec: 817,732 | mfu: 25.5% | epoch: 1 | remaining: 272s    
step 00189 (9.5%) | loss: 3.613175 | lrm: 1.00 | dt: 160ms | tok/sec: 817,911 | mfu: 25.5% | epoch: 1 | remaining: 271s    
step 00190 (9.6%) | loss: 3.601108 | lrm: 1.00 | dt: 160ms | tok/sec: 818,460 | mfu: 25.5% | epoch: 1 | remaining: 271s    
step 00191 (9.6%) | loss: 3.590459 | lrm: 1.00 | dt: 160ms | tok/sec: 818,510 | mfu: 25.5% | epoch: 1 | remaining: 271s    
step 00192 (9.7%) | loss: 3.588509 | lrm: 1.00 | dt: 160ms | tok/sec: 818,581 | mfu: 25.5% | epoch: 1 | remaining: 271s    
step 00193 (9.7%) | loss: 3.581639 | lrm: 1.00 | dt: 160ms | tok/sec: 818,706 | mfu: 25.5% | epoch: 1 | remaining: 271s    
step 00194 (9.8%) | loss: 3.582537 | lrm: 1.00 | dt: 160ms | tok/sec: 818,533 | mfu: 25.5% | epoch: 1 | remaining: 271s    
step 00195 (9.8%) | loss: 3.588097 | lrm: 1.00 | dt: 160ms | tok/sec: 818,555 | mfu: 25.5% | epoch: 1 | remaining: 270s    
step 00196 (9.9%) | loss: 3.590885 | lrm: 1.00 | dt: 160ms | tok/sec: 817,878 | mfu: 25.5% | epoch: 1 | remaining: 270s    
step 00197 (9.9%) | loss: 3.587937 | lrm: 1.00 | dt: 160ms | tok/sec: 818,734 | mfu: 25.5% | epoch: 1 | remaining: 270s    
step 00198 (10.0%) | loss: 3.589805 | lrm: 1.00 | dt: 160ms | tok/sec: 818,467 | mfu: 25.5% | epoch: 1 | remaining: 270s    
step 00199 (10.0%) | loss: 3.582443 | lrm: 1.00 | dt: 160ms | tok/sec: 818,383 | mfu: 25.5% | epoch: 1 | remaining: 270s    
step 00200 (10.1%) | loss: 3.578580 | lrm: 1.00 | dt: 160ms | tok/sec: 818,727 | mfu: 25.5% | epoch: 1 | remaining: 270s    
step 00201 (10.1%) | loss: 3.577898 | lrm: 1.00 | dt: 160ms | tok/sec: 818,584 | mfu: 25.5% | epoch: 1 | remaining: 269s    
step 00202 (10.2%) | loss: 3.570919 | lrm: 1.00 | dt: 160ms | tok/sec: 818,412 | mfu: 25.5% | epoch: 1 | remaining: 269s    
step 00203 (10.2%) | loss: 3.570733 | lrm: 1.00 | dt: 160ms | tok/sec: 818,779 | mfu: 25.5% | epoch: 1 | remaining: 269s    
step 00204 (10.3%) | loss: 3.564301 | lrm: 1.00 | dt: 160ms | tok/sec: 818,607 | mfu: 25.5% | epoch: 1 | remaining: 269s    
step 00205 (10.4%) | loss: 3.564041 | lrm: 1.00 | dt: 160ms | tok/sec: 818,481 | mfu: 25.5% | epoch: 1 | remaining: 269s    
step 00206 (10.4%) | loss: 3.562011 | lrm: 1.00 | dt: 160ms | tok/sec: 818,671 | mfu: 25.5% | epoch: 1 | remaining: 269s    
step 00207 (10.5%) | loss: 3.562139 | lrm: 1.00 | dt: 160ms | tok/sec: 818,420 | mfu: 25.5% | epoch: 1 | remaining: 268s    
step 00208 (10.5%) | loss: 3.560129 | lrm: 1.00 | dt: 160ms | tok/sec: 818,242 | mfu: 25.5% | epoch: 1 | remaining: 268s    
step 00209 (10.6%) | loss: 3.555797 | lrm: 1.00 | dt: 160ms | tok/sec: 818,540 | mfu: 25.5% | epoch: 1 | remaining: 268s    
step 00210 (10.6%) | loss: 3.548602 | lrm: 1.00 | dt: 160ms | tok/sec: 818,728 | mfu: 25.5% | epoch: 1 | remaining: 268s    
step 00211 (10.7%) | loss: 3.549051 | lrm: 1.00 | dt: 160ms | tok/sec: 819,093 | mfu: 25.5% | epoch: 1 | remaining: 268s    
step 00212 (10.7%) | loss: 3.546512 | lrm: 1.00 | dt: 160ms | tok/sec: 818,657 | mfu: 25.5% | epoch: 1 | remaining: 268s    
step 00213 (10.8%) | loss: 3.545523 | lrm: 1.00 | dt: 160ms | tok/sec: 818,704 | mfu: 25.5% | epoch: 1 | remaining: 268s    
step 00214 (10.8%) | loss: 3.546025 | lrm: 1.00 | dt: 160ms | tok/sec: 818,744 | mfu: 25.5% | epoch: 1 | remaining: 267s    
step 00215 (10.9%) | loss: 3.545813 | lrm: 1.00 | dt: 160ms | tok/sec: 818,961 | mfu: 25.5% | epoch: 1 | remaining: 267s    
step 00216 (10.9%) | loss: 3.544884 | lrm: 1.00 | dt: 160ms | tok/sec: 818,821 | mfu: 25.5% | epoch: 1 | remaining: 267s    
step 00217 (11.0%) | loss: 3.548858 | lrm: 1.00 | dt: 160ms | tok/sec: 818,668 | mfu: 25.5% | epoch: 1 | remaining: 267s    
step 00218 (11.0%) | loss: 3.546429 | lrm: 1.00 | dt: 160ms | tok/sec: 818,633 | mfu: 25.5% | epoch: 1 | remaining: 267s    
step 00219 (11.1%) | loss: 3.550119 | lrm: 1.00 | dt: 160ms | tok/sec: 818,637 | mfu: 25.5% | epoch: 1 | remaining: 267s    
step 00220 (11.2%) | loss: 3.553473 | lrm: 1.00 | dt: 160ms | tok/sec: 818,906 | mfu: 25.5% | epoch: 1 | remaining: 266s    
step 00221 (11.2%) | loss: 3.553009 | lrm: 1.00 | dt: 160ms | tok/sec: 818,714 | mfu: 25.5% | epoch: 1 | remaining: 266s    
step 00222 (11.3%) | loss: 3.551967 | lrm: 1.00 | dt: 160ms | tok/sec: 818,944 | mfu: 25.5% | epoch: 1 | remaining: 266s    
step 00223 (11.3%) | loss: 3.545507 | lrm: 1.00 | dt: 160ms | tok/sec: 818,868 | mfu: 25.5% | epoch: 1 | remaining: 266s    
step 00224 (11.4%) | loss: 3.545680 | lrm: 1.00 | dt: 160ms | tok/sec: 818,515 | mfu: 25.5% | epoch: 1 | remaining: 266s    
step 00225 (11.4%) | loss: 3.535312 | lrm: 1.00 | dt: 160ms | tok/sec: 818,490 | mfu: 25.5% | epoch: 1 | remaining: 266s    
step 00226 (11.5%) | loss: 3.538777 | lrm: 1.00 | dt: 160ms | tok/sec: 818,140 | mfu: 25.5% | epoch: 1 | remaining: 265s    
step 00227 (11.5%) | loss: 3.540565 | lrm: 1.00 | dt: 160ms | tok/sec: 817,226 | mfu: 25.5% | epoch: 1 | remaining: 265s    
step 00228 (11.6%) | loss: 3.535653 | lrm: 1.00 | dt: 160ms | tok/sec: 818,124 | mfu: 25.5% | epoch: 1 | remaining: 265s    
step 00229 (11.6%) | loss: 3.534803 | lrm: 1.00 | dt: 160ms | tok/sec: 817,922 | mfu: 25.5% | epoch: 1 | remaining: 265s    
step 00230 (11.7%) | loss: 3.533709 | lrm: 1.00 | dt: 160ms | tok/sec: 818,349 | mfu: 25.5% | epoch: 1 | remaining: 265s    
step 00231 (11.7%) | loss: 3.530936 | lrm: 1.00 | dt: 160ms | tok/sec: 818,241 | mfu: 25.5% | epoch: 1 | remaining: 265s    
step 00232 (11.8%) | loss: 3.528170 | lrm: 1.00 | dt: 160ms | tok/sec: 818,559 | mfu: 25.5% | epoch: 1 | remaining: 264s    
step 00233 (11.8%) | loss: 3.522216 | lrm: 1.00 | dt: 160ms | tok/sec: 818,586 | mfu: 25.5% | epoch: 1 | remaining: 264s    
step 00234 (11.9%) | loss: 3.518967 | lrm: 1.00 | dt: 160ms | tok/sec: 818,823 | mfu: 25.5% | epoch: 1 | remaining: 264s    
step 00235 (12.0%) | loss: 3.514712 | lrm: 1.00 | dt: 160ms | tok/sec: 818,070 | mfu: 25.5% | epoch: 1 | remaining: 264s    
step 00236 (12.0%) | loss: 3.515341 | lrm: 1.00 | dt: 160ms | tok/sec: 818,714 | mfu: 25.5% | epoch: 1 | remaining: 264s    
step 00237 (12.1%) | loss: 3.515635 | lrm: 1.00 | dt: 160ms | tok/sec: 818,553 | mfu: 25.5% | epoch: 1 | remaining: 264s    
step 00238 (12.1%) | loss: 3.518570 | lrm: 1.00 | dt: 160ms | tok/sec: 818,704 | mfu: 25.5% | epoch: 1 | remaining: 264s    
step 00239 (12.2%) | loss: 3.520814 | lrm: 1.00 | dt: 160ms | tok/sec: 818,371 | mfu: 25.5% | epoch: 1 | remaining: 263s    
step 00240 (12.2%) | loss: 3.516714 | lrm: 1.00 | dt: 160ms | tok/sec: 818,336 | mfu: 25.5% | epoch: 1 | remaining: 263s    
step 00241 (12.3%) | loss: 3.514254 | lrm: 1.00 | dt: 160ms | tok/sec: 818,551 | mfu: 25.5% | epoch: 1 | remaining: 263s    
step 00242 (12.3%) | loss: 3.513106 | lrm: 1.00 | dt: 160ms | tok/sec: 818,904 | mfu: 25.5% | epoch: 1 | remaining: 263s    
step 00243 (12.4%) | loss: 3.511908 | lrm: 1.00 | dt: 160ms | tok/sec: 818,726 | mfu: 25.5% | epoch: 1 | remaining: 263s    
step 00244 (12.4%) | loss: 3.506627 | lrm: 1.00 | dt: 160ms | tok/sec: 818,735 | mfu: 25.5% | epoch: 1 | remaining: 263s    
step 00245 (12.5%) | loss: 3.507358 | lrm: 1.00 | dt: 160ms | tok/sec: 818,889 | mfu: 25.5% | epoch: 1 | remaining: 262s    
step 00246 (12.5%) | loss: 3.507522 | lrm: 1.00 | dt: 160ms | tok/sec: 818,672 | mfu: 25.5% | epoch: 1 | remaining: 262s    
step 00247 (12.6%) | loss: 3.499673 | lrm: 1.00 | dt: 160ms | tok/sec: 818,785 | mfu: 25.5% | epoch: 1 | remaining: 262s    
step 00248 (12.6%) | loss: 3.502298 | lrm: 1.00 | dt: 160ms | tok/sec: 818,592 | mfu: 25.5% | epoch: 1 | remaining: 262s    
step 00249 (12.7%) | loss: 3.504516 | lrm: 1.00 | dt: 160ms | tok/sec: 818,832 | mfu: 25.5% | epoch: 1 | remaining: 262s    
step 00250 (12.8%) | loss: 3.502381 | lrm: 1.00 | dt: 160ms | tok/sec: 818,805 | mfu: 25.5% | epoch: 1 | remaining: 262s    
step 00251 (12.8%) | loss: 3.505694 | lrm: 1.00 | dt: 160ms | tok/sec: 818,461 | mfu: 25.5% | epoch: 1 | remaining: 261s    
step 00252 (12.9%) | loss: 3.499657 | lrm: 1.00 | dt: 160ms | tok/sec: 818,657 | mfu: 25.5% | epoch: 1 | remaining: 261s    
step 00253 (12.9%) | loss: 3.499200 | lrm: 1.00 | dt: 160ms | tok/sec: 818,814 | mfu: 25.5% | epoch: 1 | remaining: 261s    
step 00254 (13.0%) | loss: 3.495393 | lrm: 1.00 | dt: 160ms | tok/sec: 818,501 | mfu: 25.5% | epoch: 1 | remaining: 261s    
step 00255 (13.0%) | loss: 3.499850 | lrm: 1.00 | dt: 160ms | tok/sec: 818,870 | mfu: 25.5% | epoch: 1 | remaining: 261s    
step 00256 (13.1%) | loss: 3.495336 | lrm: 1.00 | dt: 160ms | tok/sec: 818,101 | mfu: 25.5% | epoch: 1 | remaining: 261s    
step 00257 (13.1%) | loss: 3.488166 | lrm: 1.00 | dt: 160ms | tok/sec: 818,568 | mfu: 25.5% | epoch: 1 | remaining: 260s    
step 00258 (13.2%) | loss: 3.480180 | lrm: 1.00 | dt: 160ms | tok/sec: 818,456 | mfu: 25.5% | epoch: 1 | remaining: 260s    
step 00259 (13.2%) | loss: 3.486921 | lrm: 1.00 | dt: 160ms | tok/sec: 818,544 | mfu: 25.5% | epoch: 1 | remaining: 260s    
step 00260 (13.3%) | loss: 3.486021 | lrm: 1.00 | dt: 160ms | tok/sec: 818,401 | mfu: 25.5% | epoch: 1 | remaining: 260s    
step 00261 (13.3%) | loss: 3.481225 | lrm: 1.00 | dt: 160ms | tok/sec: 818,731 | mfu: 25.5% | epoch: 1 | remaining: 260s    
step 00262 (13.4%) | loss: 3.478233 | lrm: 1.00 | dt: 160ms | tok/sec: 818,444 | mfu: 25.5% | epoch: 1 | remaining: 260s    
step 00263 (13.4%) | loss: 3.468700 | lrm: 1.00 | dt: 160ms | tok/sec: 818,129 | mfu: 25.5% | epoch: 1 | remaining: 259s    
step 00264 (13.5%) | loss: 3.469319 | lrm: 1.00 | dt: 160ms | tok/sec: 818,638 | mfu: 25.5% | epoch: 1 | remaining: 259s    
step 00265 (13.6%) | loss: 3.471736 | lrm: 1.00 | dt: 160ms | tok/sec: 818,753 | mfu: 25.5% | epoch: 1 | remaining: 259s    
step 00266 (13.6%) | loss: 3.476945 | lrm: 1.00 | dt: 160ms | tok/sec: 818,593 | mfu: 25.5% | epoch: 1 | remaining: 259s    
step 00267 (13.7%) | loss: 3.471625 | lrm: 1.00 | dt: 160ms | tok/sec: 817,695 | mfu: 25.5% | epoch: 1 | remaining: 259s    
step 00268 (13.7%) | loss: 3.478086 | lrm: 1.00 | dt: 160ms | tok/sec: 817,983 | mfu: 25.5% | epoch: 1 | remaining: 259s    
step 00269 (13.8%) | loss: 3.475770 | lrm: 1.00 | dt: 160ms | tok/sec: 818,306 | mfu: 25.5% | epoch: 1 | remaining: 259s    
step 00270 (13.8%) | loss: 3.474606 | lrm: 1.00 | dt: 160ms | tok/sec: 818,411 | mfu: 25.5% | epoch: 1 | remaining: 258s    
step 00271 (13.9%) | loss: 3.477044 | lrm: 1.00 | dt: 160ms | tok/sec: 818,309 | mfu: 25.5% | epoch: 1 | remaining: 258s    
step 00272 (13.9%) | loss: 3.474975 | lrm: 1.00 | dt: 160ms | tok/sec: 818,522 | mfu: 25.5% | epoch: 1 | remaining: 258s    
step 00273 (14.0%) | loss: 3.477194 | lrm: 1.00 | dt: 160ms | tok/sec: 818,398 | mfu: 25.5% | epoch: 1 | remaining: 258s    
step 00274 (14.0%) | loss: 3.479502 | lrm: 1.00 | dt: 160ms | tok/sec: 818,112 | mfu: 25.5% | epoch: 1 | remaining: 258s    
step 00275 (14.1%) | loss: 3.477691 | lrm: 1.00 | dt: 160ms | tok/sec: 818,555 | mfu: 25.5% | epoch: 1 | remaining: 258s    
step 00276 (14.1%) | loss: 3.478081 | lrm: 1.00 | dt: 160ms | tok/sec: 818,495 | mfu: 25.5% | epoch: 1 | remaining: 257s    
step 00277 (14.2%) | loss: 3.476906 | lrm: 1.00 | dt: 160ms | tok/sec: 818,448 | mfu: 25.5% | epoch: 1 | remaining: 257s    
step 00278 (14.2%) | loss: 3.473960 | lrm: 1.00 | dt: 160ms | tok/sec: 818,388 | mfu: 25.5% | epoch: 1 | remaining: 257s    
step 00279 (14.3%) | loss: 3.479774 | lrm: 1.00 | dt: 160ms | tok/sec: 818,626 | mfu: 25.5% | epoch: 1 | remaining: 257s    
step 00280 (14.4%) | loss: 3.476943 | lrm: 1.00 | dt: 160ms | tok/sec: 818,520 | mfu: 25.5% | epoch: 1 | remaining: 257s    
step 00281 (14.4%) | loss: 3.471801 | lrm: 1.00 | dt: 160ms | tok/sec: 818,007 | mfu: 25.5% | epoch: 1 | remaining: 257s    
step 00282 (14.5%) | loss: 3.469307 | lrm: 1.00 | dt: 160ms | tok/sec: 818,738 | mfu: 25.5% | epoch: 1 | remaining: 256s    
step 00283 (14.5%) | loss: 3.466557 | lrm: 1.00 | dt: 160ms | tok/sec: 818,449 | mfu: 25.5% | epoch: 1 | remaining: 256s    
step 00284 (14.6%) | loss: 3.458524 | lrm: 1.00 | dt: 160ms | tok/sec: 818,665 | mfu: 25.5% | epoch: 1 | remaining: 256s    
step 00285 (14.6%) | loss: 3.459721 | lrm: 1.00 | dt: 160ms | tok/sec: 818,381 | mfu: 25.5% | epoch: 1 | remaining: 256s    
step 00286 (14.7%) | loss: 3.470913 | lrm: 1.00 | dt: 160ms | tok/sec: 817,196 | mfu: 25.5% | epoch: 1 | remaining: 256s    
step 00287 (14.7%) | loss: 3.467351 | lrm: 1.00 | dt: 160ms | tok/sec: 817,753 | mfu: 25.5% | epoch: 1 | remaining: 256s    
step 00288 (14.8%) | loss: 3.453308 | lrm: 1.00 | dt: 160ms | tok/sec: 818,197 | mfu: 25.5% | epoch: 1 | remaining: 255s    
step 00289 (14.8%) | loss: 3.449762 | lrm: 1.00 | dt: 160ms | tok/sec: 818,304 | mfu: 25.5% | epoch: 1 | remaining: 255s    
step 00290 (14.9%) | loss: 3.446825 | lrm: 1.00 | dt: 160ms | tok/sec: 818,343 | mfu: 25.5% | epoch: 1 | remaining: 255s    
step 00291 (14.9%) | loss: 3.447259 | lrm: 1.00 | dt: 160ms | tok/sec: 817,551 | mfu: 25.5% | epoch: 1 | remaining: 255s    
step 00292 (15.0%) | loss: 3.452855 | lrm: 1.00 | dt: 160ms | tok/sec: 818,186 | mfu: 25.5% | epoch: 1 | remaining: 255s    
step 00293 (15.0%) | loss: 3.455758 | lrm: 1.00 | dt: 160ms | tok/sec: 818,333 | mfu: 25.5% | epoch: 1 | remaining: 255s    
step 00294 (15.1%) | loss: 3.445130 | lrm: 1.00 | dt: 160ms | tok/sec: 818,497 | mfu: 25.5% | epoch: 1 | remaining: 255s    
step 00295 (15.2%) | loss: 3.442625 | lrm: 1.00 | dt: 160ms | tok/sec: 818,360 | mfu: 25.5% | epoch: 1 | remaining: 254s    
step 00296 (15.2%) | loss: 3.443647 | lrm: 1.00 | dt: 160ms | tok/sec: 818,567 | mfu: 25.5% | epoch: 1 | remaining: 254s    
step 00297 (15.3%) | loss: 3.445783 | lrm: 1.00 | dt: 160ms | tok/sec: 818,592 | mfu: 25.5% | epoch: 1 | remaining: 254s    
step 00298 (15.3%) | loss: 3.439944 | lrm: 1.00 | dt: 160ms | tok/sec: 818,729 | mfu: 25.5% | epoch: 1 | remaining: 254s    
step 00299 (15.4%) | loss: 3.438245 | lrm: 1.00 | dt: 160ms | tok/sec: 818,494 | mfu: 25.5% | epoch: 1 | remaining: 254s    
step 00300 (15.4%) | loss: 3.435722 | lrm: 1.00 | dt: 160ms | tok/sec: 818,678 | mfu: 25.5% | epoch: 1 | remaining: 254s    
step 00301 (15.5%) | loss: 3.436586 | lrm: 0.99 | dt: 160ms | tok/sec: 818,622 | mfu: 25.5% | epoch: 1 | remaining: 253s    
step 00302 (15.5%) | loss: 3.439117 | lrm: 0.99 | dt: 160ms | tok/sec: 818,469 | mfu: 25.5% | epoch: 1 | remaining: 253s    
step 00303 (15.6%) | loss: 3.438987 | lrm: 0.99 | dt: 160ms | tok/sec: 818,678 | mfu: 25.5% | epoch: 1 | remaining: 253s    
step 00304 (15.6%) | loss: 3.440638 | lrm: 0.99 | dt: 160ms | tok/sec: 818,806 | mfu: 25.5% | epoch: 1 | remaining: 253s    
step 00305 (15.7%) | loss: 3.436266 | lrm: 0.99 | dt: 160ms | tok/sec: 818,313 | mfu: 25.5% | epoch: 1 | remaining: 253s    
step 00306 (15.7%) | loss: 3.439333 | lrm: 0.99 | dt: 160ms | tok/sec: 818,937 | mfu: 25.5% | epoch: 1 | remaining: 253s    
step 00307 (15.8%) | loss: 3.436863 | lrm: 0.99 | dt: 160ms | tok/sec: 818,188 | mfu: 25.5% | epoch: 1 | remaining: 252s    
step 00308 (15.8%) | loss: 3.434926 | lrm: 0.99 | dt: 160ms | tok/sec: 818,426 | mfu: 25.5% | epoch: 1 | remaining: 252s    
step 00309 (15.9%) | loss: 3.440025 | lrm: 0.99 | dt: 160ms | tok/sec: 818,733 | mfu: 25.5% | epoch: 1 | remaining: 252s    
step 00310 (16.0%) | loss: 3.443656 | lrm: 0.99 | dt: 160ms | tok/sec: 818,864 | mfu: 25.5% | epoch: 1 | remaining: 252s    
step 00311 (16.0%) | loss: 3.446622 | lrm: 0.99 | dt: 160ms | tok/sec: 818,548 | mfu: 25.5% | epoch: 1 | remaining: 252s    
step 00312 (16.1%) | loss: 3.445044 | lrm: 0.99 | dt: 160ms | tok/sec: 818,689 | mfu: 25.5% | epoch: 1 | remaining: 252s    
step 00313 (16.1%) | loss: 3.451794 | lrm: 0.99 | dt: 160ms | tok/sec: 818,918 | mfu: 25.5% | epoch: 1 | remaining: 251s    
step 00314 (16.2%) | loss: 3.444907 | lrm: 0.99 | dt: 160ms | tok/sec: 818,714 | mfu: 25.5% | epoch: 1 | remaining: 251s    
step 00315 (16.2%) | loss: 3.437748 | lrm: 0.99 | dt: 160ms | tok/sec: 818,610 | mfu: 25.5% | epoch: 1 | remaining: 251s    
step 00316 (16.3%) | loss: 3.431608 | lrm: 0.98 | dt: 160ms | tok/sec: 818,272 | mfu: 25.5% | epoch: 1 | remaining: 251s    
step 00317 (16.3%) | loss: 3.429978 | lrm: 0.98 | dt: 160ms | tok/sec: 818,419 | mfu: 25.5% | epoch: 1 | remaining: 251s    
step 00318 (16.4%) | loss: 3.422168 | lrm: 0.98 | dt: 160ms | tok/sec: 818,052 | mfu: 25.5% | epoch: 1 | remaining: 251s    
step 00319 (16.4%) | loss: 3.425510 | lrm: 0.98 | dt: 160ms | tok/sec: 818,177 | mfu: 25.5% | epoch: 1 | remaining: 251s    
step 00320 (16.5%) | loss: 3.423660 | lrm: 0.98 | dt: 160ms | tok/sec: 818,023 | mfu: 25.5% | epoch: 1 | remaining: 250s    
step 00321 (16.5%) | loss: 3.421845 | lrm: 0.98 | dt: 160ms | tok/sec: 817,883 | mfu: 25.5% | epoch: 1 | remaining: 250s    
step 00322 (16.6%) | loss: 3.417886 | lrm: 0.98 | dt: 160ms | tok/sec: 816,942 | mfu: 25.5% | epoch: 1 | remaining: 250s    
step 00323 (16.7%) | loss: 3.417163 | lrm: 0.98 | dt: 160ms | tok/sec: 818,085 | mfu: 25.5% | epoch: 1 | remaining: 250s    
step 00324 (16.7%) | loss: 3.420737 | lrm: 0.98 | dt: 160ms | tok/sec: 818,305 | mfu: 25.5% | epoch: 1 | remaining: 250s    
step 00325 (16.8%) | loss: 3.415225 | lrm: 0.98 | dt: 160ms | tok/sec: 817,964 | mfu: 25.5% | epoch: 1 | remaining: 250s    
step 00326 (16.8%) | loss: 3.416474 | lrm: 0.98 | dt: 160ms | tok/sec: 817,664 | mfu: 25.5% | epoch: 1 | remaining: 249s    
step 00327 (16.9%) | loss: 3.408508 | lrm: 0.98 | dt: 160ms | tok/sec: 818,018 | mfu: 25.5% | epoch: 1 | remaining: 249s    
step 00328 (16.9%) | loss: 3.408186 | lrm: 0.98 | dt: 160ms | tok/sec: 817,908 | mfu: 25.5% | epoch: 1 | remaining: 249s    
step 00329 (17.0%) | loss: 3.411496 | lrm: 0.98 | dt: 160ms | tok/sec: 818,107 | mfu: 25.5% | epoch: 1 | remaining: 249s    
step 00330 (17.0%) | loss: 3.412993 | lrm: 0.98 | dt: 160ms | tok/sec: 817,793 | mfu: 25.5% | epoch: 1 | remaining: 249s    
step 00331 (17.1%) | loss: 3.406686 | lrm: 0.98 | dt: 160ms | tok/sec: 817,952 | mfu: 25.5% | epoch: 1 | remaining: 249s    
step 00332 (17.1%) | loss: 3.411623 | lrm: 0.97 | dt: 160ms | tok/sec: 818,190 | mfu: 25.5% | epoch: 1 | remaining: 248s    
step 00333 (17.2%) | loss: 3.409438 | lrm: 0.97 | dt: 160ms | tok/sec: 817,747 | mfu: 25.5% | epoch: 1 | remaining: 248s    
step 00334 (17.2%) | loss: 3.409930 | lrm: 0.97 | dt: 160ms | tok/sec: 818,120 | mfu: 25.5% | epoch: 1 | remaining: 248s    
step 00335 (17.3%) | loss: 3.405536 | lrm: 0.97 | dt: 160ms | tok/sec: 818,495 | mfu: 25.5% | epoch: 1 | remaining: 248s    
step 00336 (17.3%) | loss: 3.401423 | lrm: 0.97 | dt: 160ms | tok/sec: 818,350 | mfu: 25.5% | epoch: 1 | remaining: 248s    
step 00337 (17.4%) | loss: 3.400611 | lrm: 0.97 | dt: 160ms | tok/sec: 818,342 | mfu: 25.5% | epoch: 1 | remaining: 248s    
step 00338 (17.5%) | loss: 3.403184 | lrm: 0.97 | dt: 160ms | tok/sec: 818,025 | mfu: 25.5% | epoch: 1 | remaining: 247s    
step 00339 (17.5%) | loss: 3.398622 | lrm: 0.97 | dt: 160ms | tok/sec: 818,146 | mfu: 25.5% | epoch: 1 | remaining: 247s    
step 00340 (17.6%) | loss: 3.394787 | lrm: 0.97 | dt: 160ms | tok/sec: 818,123 | mfu: 25.5% | epoch: 1 | remaining: 247s    
step 00341 (17.6%) | loss: 3.391272 | lrm: 0.97 | dt: 160ms | tok/sec: 818,157 | mfu: 25.5% | epoch: 1 | remaining: 247s    
step 00342 (17.7%) | loss: 3.396504 | lrm: 0.97 | dt: 160ms | tok/sec: 817,739 | mfu: 25.5% | epoch: 1 | remaining: 247s    
step 00343 (17.7%) | loss: 3.401357 | lrm: 0.97 | dt: 160ms | tok/sec: 818,124 | mfu: 25.5% | epoch: 1 | remaining: 247s    
step 00344 (17.8%) | loss: 3.406422 | lrm: 0.97 | dt: 160ms | tok/sec: 818,467 | mfu: 25.5% | epoch: 1 | remaining: 247s    
step 00345 (17.8%) | loss: 3.403076 | lrm: 0.97 | dt: 160ms | tok/sec: 818,013 | mfu: 25.5% | epoch: 1 | remaining: 246s    
step 00346 (17.9%) | loss: 3.395439 | lrm: 0.97 | dt: 160ms | tok/sec: 817,866 | mfu: 25.5% | epoch: 1 | remaining: 246s    
step 00347 (17.9%) | loss: 3.401296 | lrm: 0.97 | dt: 160ms | tok/sec: 818,082 | mfu: 25.5% | epoch: 1 | remaining: 246s    
step 00348 (18.0%) | loss: 3.401791 | lrm: 0.96 | dt: 160ms | tok/sec: 818,371 | mfu: 25.5% | epoch: 1 | remaining: 246s    
step 00349 (18.0%) | loss: 3.396117 | lrm: 0.96 | dt: 160ms | tok/sec: 818,274 | mfu: 25.5% | epoch: 1 | remaining: 246s    
step 00350 (18.1%) | loss: 3.394123 | lrm: 0.96 | dt: 160ms | tok/sec: 818,162 | mfu: 25.5% | epoch: 1 | remaining: 246s    
step 00351 (18.1%) | loss: 3.393285 | lrm: 0.96 | dt: 160ms | tok/sec: 818,198 | mfu: 25.5% | epoch: 1 | remaining: 245s    
step 00352 (18.2%) | loss: 3.396183 | lrm: 0.96 | dt: 160ms | tok/sec: 817,949 | mfu: 25.5% | epoch: 1 | remaining: 245s    
step 00353 (18.3%) | loss: 3.394931 | lrm: 0.96 | dt: 160ms | tok/sec: 818,102 | mfu: 25.5% | epoch: 1 | remaining: 245s    
step 00354 (18.3%) | loss: 3.386807 | lrm: 0.96 | dt: 160ms | tok/sec: 818,339 | mfu: 25.5% | epoch: 1 | remaining: 245s    
step 00355 (18.4%) | loss: 3.383428 | lrm: 0.96 | dt: 160ms | tok/sec: 817,910 | mfu: 25.5% | epoch: 1 | remaining: 245s    
step 00356 (18.4%) | loss: 3.383941 | lrm: 0.96 | dt: 160ms | tok/sec: 818,190 | mfu: 25.5% | epoch: 1 | remaining: 245s    
step 00357 (18.5%) | loss: 3.387234 | lrm: 0.96 | dt: 160ms | tok/sec: 818,009 | mfu: 25.5% | epoch: 1 | remaining: 244s    
step 00358 (18.5%) | loss: 3.379184 | lrm: 0.96 | dt: 160ms | tok/sec: 818,270 | mfu: 25.5% | epoch: 1 | remaining: 244s    
step 00359 (18.6%) | loss: 3.376723 | lrm: 0.96 | dt: 160ms | tok/sec: 818,208 | mfu: 25.5% | epoch: 1 | remaining: 244s    
step 00360 (18.6%) | loss: 3.372964 | lrm: 0.96 | dt: 160ms | tok/sec: 818,448 | mfu: 25.5% | epoch: 1 | remaining: 244s    
step 00361 (18.7%) | loss: 3.370558 | lrm: 0.96 | dt: 160ms | tok/sec: 818,430 | mfu: 25.5% | epoch: 1 | remaining: 244s    
step 00362 (18.7%) | loss: 3.370671 | lrm: 0.96 | dt: 160ms | tok/sec: 818,338 | mfu: 25.5% | epoch: 1 | remaining: 244s    
step 00363 (18.8%) | loss: 3.372096 | lrm: 0.96 | dt: 160ms | tok/sec: 818,376 | mfu: 25.5% | epoch: 1 | remaining: 243s    
step 00364 (18.8%) | loss: 3.378205 | lrm: 0.95 | dt: 160ms | tok/sec: 818,538 | mfu: 25.5% | epoch: 1 | remaining: 243s    
step 00365 (18.9%) | loss: 3.372987 | lrm: 0.95 | dt: 160ms | tok/sec: 818,440 | mfu: 25.5% | epoch: 1 | remaining: 243s    
step 00366 (18.9%) | loss: 3.370827 | lrm: 0.95 | dt: 160ms | tok/sec: 818,553 | mfu: 25.5% | epoch: 1 | remaining: 243s    
step 00367 (19.0%) | loss: 3.367828 | lrm: 0.95 | dt: 160ms | tok/sec: 818,310 | mfu: 25.5% | epoch: 1 | remaining: 243s    
step 00368 (19.1%) | loss: 3.368210 | lrm: 0.95 | dt: 160ms | tok/sec: 818,369 | mfu: 25.5% | epoch: 1 | remaining: 243s    
step 00369 (19.1%) | loss: 3.361582 | lrm: 0.95 | dt: 160ms | tok/sec: 818,566 | mfu: 25.5% | epoch: 1 | remaining: 243s    
step 00370 (19.2%) | loss: 3.354168 | lrm: 0.95 | dt: 160ms | tok/sec: 818,646 | mfu: 25.5% | epoch: 1 | remaining: 242s    
step 00371 (19.2%) | loss: 3.356408 | lrm: 0.95 | dt: 160ms | tok/sec: 817,764 | mfu: 25.5% | epoch: 1 | remaining: 242s    
step 00372 (19.3%) | loss: 3.355552 | lrm: 0.95 | dt: 160ms | tok/sec: 818,656 | mfu: 25.5% | epoch: 1 | remaining: 242s    
step 00373 (19.3%) | loss: 3.359916 | lrm: 0.95 | dt: 160ms | tok/sec: 818,394 | mfu: 25.5% | epoch: 1 | remaining: 242s    
step 00374 (19.4%) | loss: 3.359136 | lrm: 0.95 | dt: 160ms | tok/sec: 818,526 | mfu: 25.5% | epoch: 1 | remaining: 242s    
step 00375 (19.4%) | loss: 3.365425 | lrm: 0.95 | dt: 160ms | tok/sec: 818,681 | mfu: 25.5% | epoch: 1 | remaining: 242s    
step 00376 (19.5%) | loss: 3.366229 | lrm: 0.95 | dt: 160ms | tok/sec: 818,811 | mfu: 25.5% | epoch: 1 | remaining: 241s    
step 00377 (19.5%) | loss: 3.362780 | lrm: 0.95 | dt: 160ms | tok/sec: 818,459 | mfu: 25.5% | epoch: 1 | remaining: 241s    
step 00378 (19.6%) | loss: 3.362982 | lrm: 0.95 | dt: 160ms | tok/sec: 818,844 | mfu: 25.5% | epoch: 1 | remaining: 241s    
step 00379 (19.6%) | loss: 3.361222 | lrm: 0.95 | dt: 160ms | tok/sec: 818,916 | mfu: 25.5% | epoch: 1 | remaining: 241s    
step 00380 (19.7%) | loss: 3.361104 | lrm: 0.94 | dt: 160ms | tok/sec: 818,522 | mfu: 25.5% | epoch: 1 | remaining: 241s    
step 00381 (19.7%) | loss: 3.365662 | lrm: 0.94 | dt: 160ms | tok/sec: 818,655 | mfu: 25.5% | epoch: 1 | remaining: 241s    
step 00382 (19.8%) | loss: 3.367292 | lrm: 0.94 | dt: 160ms | tok/sec: 818,699 | mfu: 25.5% | epoch: 1 | remaining: 240s    
step 00383 (19.9%) | loss: 3.367449 | lrm: 0.94 | dt: 160ms | tok/sec: 818,449 | mfu: 25.5% | epoch: 1 | remaining: 240s    
step 00384 (19.9%) | loss: 3.366598 | lrm: 0.94 | dt: 160ms | tok/sec: 818,353 | mfu: 25.5% | epoch: 1 | remaining: 240s    
step 00385 (20.0%) | loss: 3.370000 | lrm: 0.94 | dt: 160ms | tok/sec: 817,688 | mfu: 25.5% | epoch: 1 | remaining: 240s    
step 00386 (20.0%) | loss: 3.371470 | lrm: 0.94 | dt: 160ms | tok/sec: 817,793 | mfu: 25.5% | epoch: 1 | remaining: 240s    
step 00387 (20.1%) | loss: 3.373116 | lrm: 0.94 | dt: 161ms | tok/sec: 816,344 | mfu: 25.4% | epoch: 1 | remaining: 240s    
step 00388 (20.1%) | loss: 3.363999 | lrm: 0.94 | dt: 161ms | tok/sec: 816,600 | mfu: 25.4% | epoch: 1 | remaining: 239s    
step 00389 (20.2%) | loss: 3.361753 | lrm: 0.94 | dt: 160ms | tok/sec: 817,885 | mfu: 25.5% | epoch: 1 | remaining: 239s    
step 00390 (20.2%) | loss: 3.360148 | lrm: 0.94 | dt: 160ms | tok/sec: 818,003 | mfu: 25.5% | epoch: 1 | remaining: 239s    
step 00391 (20.3%) | loss: 3.352853 | lrm: 0.94 | dt: 160ms | tok/sec: 818,363 | mfu: 25.5% | epoch: 1 | remaining: 239s    
step 00392 (20.3%) | loss: 3.354184 | lrm: 0.94 | dt: 160ms | tok/sec: 818,187 | mfu: 25.5% | epoch: 1 | remaining: 239s    
step 00393 (20.4%) | loss: 3.351521 | lrm: 0.94 | dt: 160ms | tok/sec: 817,839 | mfu: 25.5% | epoch: 1 | remaining: 239s    
step 00394 (20.4%) | loss: 3.352933 | lrm: 0.94 | dt: 160ms | tok/sec: 817,950 | mfu: 25.5% | epoch: 1 | remaining: 239s    
step 00395 (20.5%) | loss: 3.355058 | lrm: 0.94 | dt: 160ms | tok/sec: 818,444 | mfu: 25.5% | epoch: 1 | remaining: 238s    
step 00396 (20.5%) | loss: 3.353264 | lrm: 0.93 | dt: 160ms | tok/sec: 818,199 | mfu: 25.5% | epoch: 1 | remaining: 238s    
step 00397 (20.6%) | loss: 3.347686 | lrm: 0.93 | dt: 160ms | tok/sec: 818,000 | mfu: 25.5% | epoch: 1 | remaining: 238s    
step 00398 (20.7%) | loss: 3.343531 | lrm: 0.93 | dt: 160ms | tok/sec: 818,241 | mfu: 25.5% | epoch: 1 | remaining: 238s    
step 00399 (20.7%) | loss: 3.344043 | lrm: 0.93 | dt: 160ms | tok/sec: 818,500 | mfu: 25.5% | epoch: 1 | remaining: 238s    
step 00400 (20.8%) | loss: 3.347128 | lrm: 0.93 | dt: 160ms | tok/sec: 818,470 | mfu: 25.5% | epoch: 1 | remaining: 238s    
step 00401 (20.8%) | loss: 3.342180 | lrm: 0.93 | dt: 160ms | tok/sec: 818,250 | mfu: 25.5% | epoch: 1 | remaining: 237s    
step 00402 (20.9%) | loss: 3.340449 | lrm: 0.93 | dt: 160ms | tok/sec: 818,084 | mfu: 25.5% | epoch: 1 | remaining: 237s    
step 00403 (20.9%) | loss: 3.342040 | lrm: 0.93 | dt: 160ms | tok/sec: 818,261 | mfu: 25.5% | epoch: 1 | remaining: 237s    
step 00404 (21.0%) | loss: 3.344460 | lrm: 0.93 | dt: 160ms | tok/sec: 817,826 | mfu: 25.5% | epoch: 1 | remaining: 237s    
step 00405 (21.0%) | loss: 3.339495 | lrm: 0.93 | dt: 160ms | tok/sec: 818,263 | mfu: 25.5% | epoch: 1 | remaining: 237s    
step 00406 (21.1%) | loss: 3.329599 | lrm: 0.93 | dt: 160ms | tok/sec: 818,330 | mfu: 25.5% | epoch: 1 | remaining: 237s    
step 00407 (21.1%) | loss: 3.329745 | lrm: 0.93 | dt: 160ms | tok/sec: 818,110 | mfu: 25.5% | epoch: 1 | remaining: 236s    
step 00408 (21.2%) | loss: 3.325767 | lrm: 0.93 | dt: 160ms | tok/sec: 818,235 | mfu: 25.5% | epoch: 1 | remaining: 236s    
step 00409 (21.2%) | loss: 3.322500 | lrm: 0.93 | dt: 160ms | tok/sec: 818,244 | mfu: 25.5% | epoch: 1 | remaining: 236s    
step 00410 (21.3%) | loss: 3.320799 | lrm: 0.93 | dt: 160ms | tok/sec: 818,348 | mfu: 25.5% | epoch: 1 | remaining: 236s    
step 00411 (21.3%) | loss: 3.319736 | lrm: 0.93 | dt: 160ms | tok/sec: 818,271 | mfu: 25.5% | epoch: 1 | remaining: 236s    
step 00412 (21.4%) | loss: 3.316792 | lrm: 0.92 | dt: 160ms | tok/sec: 818,112 | mfu: 25.5% | epoch: 1 | remaining: 236s    
step 00413 (21.5%) | loss: 3.314597 | lrm: 0.92 | dt: 160ms | tok/sec: 818,208 | mfu: 25.5% | epoch: 1 | remaining: 235s    
step 00414 (21.5%) | loss: 3.315174 | lrm: 0.92 | dt: 160ms | tok/sec: 817,839 | mfu: 25.5% | epoch: 1 | remaining: 235s    
step 00415 (21.6%) | loss: 3.317491 | lrm: 0.92 | dt: 160ms | tok/sec: 818,033 | mfu: 25.5% | epoch: 1 | remaining: 235s    
step 00416 (21.6%) | loss: 3.309602 | lrm: 0.92 | dt: 161ms | tok/sec: 816,486 | mfu: 25.4% | epoch: 1 | remaining: 235s    
step 00417 (21.7%) | loss: 3.297683 | lrm: 0.92 | dt: 160ms | tok/sec: 818,101 | mfu: 25.5% | epoch: 1 | remaining: 235s    
step 00418 (21.7%) | loss: 3.291347 | lrm: 0.92 | dt: 160ms | tok/sec: 818,132 | mfu: 25.5% | epoch: 1 | remaining: 235s    
step 00419 (21.8%) | loss: 3.287248 | lrm: 0.92 | dt: 160ms | tok/sec: 818,278 | mfu: 25.5% | epoch: 1 | remaining: 235s    
step 00420 (21.8%) | loss: 3.286874 | lrm: 0.92 | dt: 160ms | tok/sec: 818,226 | mfu: 25.5% | epoch: 1 | remaining: 234s    
step 00421 (21.9%) | loss: 3.284948 | lrm: 0.92 | dt: 160ms | tok/sec: 818,266 | mfu: 25.5% | epoch: 1 | remaining: 234s    
step 00422 (21.9%) | loss: 3.283087 | lrm: 0.92 | dt: 160ms | tok/sec: 818,018 | mfu: 25.5% | epoch: 1 | remaining: 234s    
step 00423 (22.0%) | loss: 3.292465 | lrm: 0.92 | dt: 160ms | tok/sec: 817,923 | mfu: 25.5% | epoch: 1 | remaining: 234s    
step 00424 (22.0%) | loss: 3.288132 | lrm: 0.92 | dt: 160ms | tok/sec: 817,610 | mfu: 25.5% | epoch: 1 | remaining: 234s    
step 00425 (22.1%) | loss: 3.289532 | lrm: 0.92 | dt: 160ms | tok/sec: 817,891 | mfu: 25.5% | epoch: 1 | remaining: 234s    
step 00426 (22.2%) | loss: 3.292645 | lrm: 0.92 | dt: 160ms | tok/sec: 817,697 | mfu: 25.5% | epoch: 1 | remaining: 233s    
step 00427 (22.2%) | loss: 3.297281 | lrm: 0.92 | dt: 160ms | tok/sec: 817,940 | mfu: 25.5% | epoch: 1 | remaining: 233s    
step 00428 (22.3%) | loss: 3.298820 | lrm: 0.91 | dt: 160ms | tok/sec: 818,148 | mfu: 25.5% | epoch: 1 | remaining: 233s    
step 00429 (22.3%) | loss: 3.295678 | lrm: 0.91 | dt: 160ms | tok/sec: 817,871 | mfu: 25.5% | epoch: 1 | remaining: 233s    
step 00430 (22.4%) | loss: 3.293583 | lrm: 0.91 | dt: 160ms | tok/sec: 817,848 | mfu: 25.5% | epoch: 1 | remaining: 233s    
step 00431 (22.4%) | loss: 3.291531 | lrm: 0.91 | dt: 160ms | tok/sec: 817,994 | mfu: 25.5% | epoch: 1 | remaining: 233s    
step 00432 (22.5%) | loss: 3.296652 | lrm: 0.91 | dt: 160ms | tok/sec: 818,087 | mfu: 25.5% | epoch: 1 | remaining: 232s    
step 00433 (22.5%) | loss: 3.294746 | lrm: 0.91 | dt: 160ms | tok/sec: 818,119 | mfu: 25.5% | epoch: 1 | remaining: 232s    
step 00434 (22.6%) | loss: 3.301195 | lrm: 0.91 | dt: 160ms | tok/sec: 818,177 | mfu: 25.5% | epoch: 1 | remaining: 232s    
step 00435 (22.6%) | loss: 3.299492 | lrm: 0.91 | dt: 160ms | tok/sec: 817,908 | mfu: 25.5% | epoch: 1 | remaining: 232s    
step 00436 (22.7%) | loss: 3.305222 | lrm: 0.91 | dt: 160ms | tok/sec: 818,349 | mfu: 25.5% | epoch: 1 | remaining: 232s    
step 00437 (22.7%) | loss: 3.301187 | lrm: 0.91 | dt: 160ms | tok/sec: 818,332 | mfu: 25.5% | epoch: 1 | remaining: 232s    
step 00438 (22.8%) | loss: 3.295864 | lrm: 0.91 | dt: 160ms | tok/sec: 818,486 | mfu: 25.5% | epoch: 1 | remaining: 231s    
step 00439 (22.8%) | loss: 3.290974 | lrm: 0.91 | dt: 160ms | tok/sec: 818,006 | mfu: 25.5% | epoch: 1 | remaining: 231s    
step 00440 (22.9%) | loss: 3.294091 | lrm: 0.91 | dt: 160ms | tok/sec: 818,444 | mfu: 25.5% | epoch: 1 | remaining: 231s    
step 00441 (23.0%) | loss: 3.293299 | lrm: 0.91 | dt: 160ms | tok/sec: 818,777 | mfu: 25.5% | epoch: 1 | remaining: 231s    
step 00442 (23.0%) | loss: 3.294096 | lrm: 0.91 | dt: 160ms | tok/sec: 818,550 | mfu: 25.5% | epoch: 1 | remaining: 231s    
step 00443 (23.1%) | loss: 3.294787 | lrm: 0.91 | dt: 160ms | tok/sec: 818,481 | mfu: 25.5% | epoch: 1 | remaining: 231s    
step 00444 (23.1%) | loss: 3.292183 | lrm: 0.90 | dt: 160ms | tok/sec: 818,377 | mfu: 25.5% | epoch: 1 | remaining: 231s    
step 00445 (23.2%) | loss: 3.290426 | lrm: 0.90 | dt: 160ms | tok/sec: 818,586 | mfu: 25.5% | epoch: 1 | remaining: 230s    
step 00446 (23.2%) | loss: 3.293271 | lrm: 0.90 | dt: 160ms | tok/sec: 818,338 | mfu: 25.5% | epoch: 1 | remaining: 230s    
step 00447 (23.3%) | loss: 3.295485 | lrm: 0.90 | dt: 160ms | tok/sec: 818,525 | mfu: 25.5% | epoch: 1 | remaining: 230s    
step 00448 (23.3%) | loss: 3.301488 | lrm: 0.90 | dt: 160ms | tok/sec: 818,278 | mfu: 25.5% | epoch: 1 | remaining: 230s    
step 00449 (23.4%) | loss: 3.302964 | lrm: 0.90 | dt: 160ms | tok/sec: 818,266 | mfu: 25.5% | epoch: 1 | remaining: 230s    
step 00450 (23.4%) | loss: 3.300776 | lrm: 0.90 | dt: 160ms | tok/sec: 818,281 | mfu: 25.5% | epoch: 1 | remaining: 230s    
step 00451 (23.5%) | loss: 3.304386 | lrm: 0.90 | dt: 160ms | tok/sec: 818,525 | mfu: 25.5% | epoch: 1 | remaining: 229s    
step 00452 (23.5%) | loss: 3.298108 | lrm: 0.90 | dt: 160ms | tok/sec: 818,449 | mfu: 25.5% | epoch: 1 | remaining: 229s    
step 00453 (23.6%) | loss: 3.304432 | lrm: 0.90 | dt: 160ms | tok/sec: 818,544 | mfu: 25.5% | epoch: 1 | remaining: 229s    
step 00454 (23.6%) | loss: 3.296607 | lrm: 0.90 | dt: 160ms | tok/sec: 818,522 | mfu: 25.5% | epoch: 1 | remaining: 229s    
step 00455 (23.7%) | loss: 3.297817 | lrm: 0.90 | dt: 160ms | tok/sec: 818,501 | mfu: 25.5% | epoch: 1 | remaining: 229s    
step 00456 (23.8%) | loss: 3.304817 | lrm: 0.90 | dt: 160ms | tok/sec: 818,369 | mfu: 25.5% | epoch: 1 | remaining: 229s    
step 00457 (23.8%) | loss: 3.303853 | lrm: 0.90 | dt: 160ms | tok/sec: 817,782 | mfu: 25.5% | epoch: 1 | remaining: 228s    
step 00458 (23.9%) | loss: 3.298211 | lrm: 0.90 | dt: 160ms | tok/sec: 818,140 | mfu: 25.5% | epoch: 1 | remaining: 228s    
step 00459 (23.9%) | loss: 3.293563 | lrm: 0.90 | dt: 160ms | tok/sec: 818,220 | mfu: 25.5% | epoch: 1 | remaining: 228s    
step 00460 (24.0%) | loss: 3.299672 | lrm: 0.89 | dt: 160ms | tok/sec: 818,085 | mfu: 25.5% | epoch: 1 | remaining: 228s    
step 00461 (24.0%) | loss: 3.304779 | lrm: 0.89 | dt: 160ms | tok/sec: 818,421 | mfu: 25.5% | epoch: 1 | remaining: 228s    
step 00462 (24.1%) | loss: 3.303703 | lrm: 0.89 | dt: 160ms | tok/sec: 818,342 | mfu: 25.5% | epoch: 1 | remaining: 228s    
step 00463 (24.1%) | loss: 3.305497 | lrm: 0.89 | dt: 160ms | tok/sec: 818,215 | mfu: 25.5% | epoch: 1 | remaining: 227s    
step 00464 (24.2%) | loss: 3.308210 | lrm: 0.89 | dt: 160ms | tok/sec: 818,001 | mfu: 25.5% | epoch: 1 | remaining: 227s    
step 00465 (24.2%) | loss: 3.303983 | lrm: 0.89 | dt: 160ms | tok/sec: 818,109 | mfu: 25.5% | epoch: 1 | remaining: 227s    
step 00466 (24.3%) | loss: 3.306865 | lrm: 0.89 | dt: 160ms | tok/sec: 818,054 | mfu: 25.5% | epoch: 1 | remaining: 227s    
step 00467 (24.3%) | loss: 3.298585 | lrm: 0.89 | dt: 160ms | tok/sec: 818,285 | mfu: 25.5% | epoch: 1 | remaining: 227s    
step 00468 (24.4%) | loss: 3.291330 | lrm: 0.89 | dt: 160ms | tok/sec: 818,341 | mfu: 25.5% | epoch: 1 | remaining: 227s    
step 00469 (24.4%) | loss: 3.290458 | lrm: 0.89 | dt: 160ms | tok/sec: 818,455 | mfu: 25.5% | epoch: 1 | remaining: 226s    
step 00470 (24.5%) | loss: 3.291286 | lrm: 0.89 | dt: 160ms | tok/sec: 817,933 | mfu: 25.5% | epoch: 1 | remaining: 226s    
step 00471 (24.6%) | loss: 3.296339 | lrm: 0.89 | dt: 161ms | tok/sec: 816,403 | mfu: 25.4% | epoch: 1 | remaining: 226s    
step 00472 (24.6%) | loss: 3.303499 | lrm: 0.89 | dt: 160ms | tok/sec: 818,404 | mfu: 25.5% | epoch: 1 | remaining: 226s    
step 00473 (24.7%) | loss: 3.302144 | lrm: 0.89 | dt: 160ms | tok/sec: 818,220 | mfu: 25.5% | epoch: 1 | remaining: 226s    
step 00474 (24.7%) | loss: 3.304067 | lrm: 0.89 | dt: 160ms | tok/sec: 818,376 | mfu: 25.5% | epoch: 1 | remaining: 226s    
step 00475 (24.8%) | loss: 3.301866 | lrm: 0.89 | dt: 160ms | tok/sec: 818,180 | mfu: 25.5% | epoch: 1 | remaining: 226s    
step 00476 (24.8%) | loss: 3.294890 | lrm: 0.88 | dt: 160ms | tok/sec: 818,287 | mfu: 25.5% | epoch: 1 | remaining: 225s    
step 00477 (24.9%) | loss: 3.293491 | lrm: 0.88 | dt: 160ms | tok/sec: 818,478 | mfu: 25.5% | epoch: 1 | remaining: 225s    
step 00478 (24.9%) | loss: 3.287739 | lrm: 0.88 | dt: 160ms | tok/sec: 818,481 | mfu: 25.5% | epoch: 1 | remaining: 225s    
step 00479 (25.0%) | loss: 3.288405 | lrm: 0.88 | dt: 160ms | tok/sec: 817,806 | mfu: 25.5% | epoch: 1 | remaining: 225s    
step 00480 (25.0%) | loss: 3.286356 | lrm: 0.88 | dt: 160ms | tok/sec: 818,573 | mfu: 25.5% | epoch: 1 | remaining: 225s    
step 00481 (25.1%) | loss: 3.288926 | lrm: 0.88 | dt: 160ms | tok/sec: 818,401 | mfu: 25.5% | epoch: 1 | remaining: 225s    
step 00482 (25.1%) | loss: 3.288662 | lrm: 0.88 | dt: 160ms | tok/sec: 818,748 | mfu: 25.5% | epoch: 1 | remaining: 224s    
step 00483 (25.2%) | loss: 3.289908 | lrm: 0.88 | dt: 160ms | tok/sec: 818,506 | mfu: 25.5% | epoch: 1 | remaining: 224s    
step 00484 (25.2%) | loss: 3.291123 | lrm: 0.88 | dt: 160ms | tok/sec: 818,628 | mfu: 25.5% | epoch: 1 | remaining: 224s    
step 00485 (25.3%) | loss: 3.292853 | lrm: 0.88 | dt: 160ms | tok/sec: 818,433 | mfu: 25.5% | epoch: 1 | remaining: 224s    
step 00486 (25.4%) | loss: 3.287214 | lrm: 0.88 | dt: 160ms | tok/sec: 818,526 | mfu: 25.5% | epoch: 1 | remaining: 224s    
step 00487 (25.4%) | loss: 3.283787 | lrm: 0.88 | dt: 160ms | tok/sec: 818,384 | mfu: 25.5% | epoch: 1 | remaining: 224s    
step 00488 (25.5%) | loss: 3.279057 | lrm: 0.88 | dt: 160ms | tok/sec: 818,609 | mfu: 25.5% | epoch: 1 | remaining: 223s    
step 00489 (25.5%) | loss: 3.265103 | lrm: 0.88 | dt: 160ms | tok/sec: 818,544 | mfu: 25.5% | epoch: 1 | remaining: 223s    
step 00490 (25.6%) | loss: 3.256269 | lrm: 0.88 | dt: 160ms | tok/sec: 818,548 | mfu: 25.5% | epoch: 1 | remaining: 223s    
step 00491 (25.6%) | loss: 3.254227 | lrm: 0.88 | dt: 160ms | tok/sec: 818,255 | mfu: 25.5% | epoch: 1 | remaining: 223s    
step 00492 (25.7%) | loss: 3.252109 | lrm: 0.87 | dt: 160ms | tok/sec: 818,621 | mfu: 25.5% | epoch: 1 | remaining: 223s    
step 00493 (25.7%) | loss: 3.253235 | lrm: 0.87 | dt: 160ms | tok/sec: 818,506 | mfu: 25.5% | epoch: 1 | remaining: 223s    
step 00494 (25.8%) | loss: 3.250768 | lrm: 0.87 | dt: 160ms | tok/sec: 818,667 | mfu: 25.5% | epoch: 1 | remaining: 222s    
step 00495 (25.8%) | loss: 3.254938 | lrm: 0.87 | dt: 160ms | tok/sec: 818,638 | mfu: 25.5% | epoch: 1 | remaining: 222s    
step 00496 (25.9%) | loss: 3.253411 | lrm: 0.87 | dt: 160ms | tok/sec: 818,084 | mfu: 25.5% | epoch: 1 | remaining: 222s    
step 00497 (25.9%) | loss: 3.256207 | lrm: 0.87 | dt: 160ms | tok/sec: 817,737 | mfu: 25.5% | epoch: 1 | remaining: 222s    
step 00498 (26.0%) | loss: 3.260795 | lrm: 0.87 | dt: 161ms | tok/sec: 816,331 | mfu: 25.4% | epoch: 1 | remaining: 222s    
step 00499 (26.0%) | loss: 3.263931 | lrm: 0.87 | dt: 160ms | tok/sec: 818,304 | mfu: 25.5% | epoch: 1 | remaining: 222s    
step 00500 (26.1%) | loss: 3.266294 | lrm: 0.87 | dt: 160ms | tok/sec: 818,047 | mfu: 25.5% | epoch: 1 | remaining: 222s    
step 00501 (26.2%) | loss: 3.265535 | lrm: 0.87 | dt: 160ms | tok/sec: 817,646 | mfu: 25.5% | epoch: 1 | remaining: 221s    
step 00502 (26.2%) | loss: 3.266106 | lrm: 0.87 | dt: 160ms | tok/sec: 818,253 | mfu: 25.5% | epoch: 1 | remaining: 221s    
step 00503 (26.3%) | loss: 3.267147 | lrm: 0.87 | dt: 160ms | tok/sec: 818,358 | mfu: 25.5% | epoch: 1 | remaining: 221s    
step 00504 (26.3%) | loss: 3.261002 | lrm: 0.87 | dt: 160ms | tok/sec: 818,040 | mfu: 25.5% | epoch: 1 | remaining: 221s    
step 00505 (26.4%) | loss: 3.258269 | lrm: 0.87 | dt: 160ms | tok/sec: 818,031 | mfu: 25.5% | epoch: 1 | remaining: 221s    
step 00506 (26.4%) | loss: 3.256384 | lrm: 0.87 | dt: 160ms | tok/sec: 818,102 | mfu: 25.5% | epoch: 1 | remaining: 221s    
step 00507 (26.5%) | loss: 3.257487 | lrm: 0.86 | dt: 160ms | tok/sec: 818,003 | mfu: 25.5% | epoch: 1 | remaining: 220s    
step 00508 (26.5%) | loss: 3.255429 | lrm: 0.86 | dt: 160ms | tok/sec: 818,358 | mfu: 25.5% | epoch: 1 | remaining: 220s    
step 00509 (26.6%) | loss: 3.251508 | lrm: 0.86 | dt: 160ms | tok/sec: 818,425 | mfu: 25.5% | epoch: 1 | remaining: 220s    
step 00510 (26.6%) | loss: 3.256799 | lrm: 0.86 | dt: 160ms | tok/sec: 818,377 | mfu: 25.5% | epoch: 1 | remaining: 220s    
step 00511 (26.7%) | loss: 3.258555 | lrm: 0.86 | dt: 160ms | tok/sec: 818,294 | mfu: 25.5% | epoch: 1 | remaining: 220s    
step 00512 (26.7%) | loss: 3.253983 | lrm: 0.86 | dt: 160ms | tok/sec: 818,106 | mfu: 25.5% | epoch: 1 | remaining: 220s    
step 00513 (26.8%) | loss: 3.248497 | lrm: 0.86 | dt: 160ms | tok/sec: 817,927 | mfu: 25.5% | epoch: 1 | remaining: 219s    
step 00514 (26.8%) | loss: 3.249023 | lrm: 0.86 | dt: 160ms | tok/sec: 818,125 | mfu: 25.5% | epoch: 1 | remaining: 219s    
step 00515 (26.9%) | loss: 3.246273 | lrm: 0.86 | dt: 160ms | tok/sec: 818,464 | mfu: 25.5% | epoch: 1 | remaining: 219s    
step 00516 (27.0%) | loss: 3.248336 | lrm: 0.86 | dt: 160ms | tok/sec: 818,584 | mfu: 25.5% | epoch: 1 | remaining: 219s    
step 00517 (27.0%) | loss: 3.251101 | lrm: 0.86 | dt: 160ms | tok/sec: 818,330 | mfu: 25.5% | epoch: 1 | remaining: 219s    
step 00518 (27.1%) | loss: 3.246369 | lrm: 0.86 | dt: 160ms | tok/sec: 818,369 | mfu: 25.5% | epoch: 1 | remaining: 219s    
step 00519 (27.1%) | loss: 3.246491 | lrm: 0.86 | dt: 160ms | tok/sec: 817,715 | mfu: 25.5% | epoch: 1 | remaining: 218s    
step 00520 (27.2%) | loss: 3.241857 | lrm: 0.86 | dt: 160ms | tok/sec: 817,705 | mfu: 25.5% | epoch: 1 | remaining: 218s    
step 00521 (27.2%) | loss: 3.242839 | lrm: 0.86 | dt: 160ms | tok/sec: 818,215 | mfu: 25.5% | epoch: 1 | remaining: 218s    
step 00522 (27.3%) | loss: 3.244499 | lrm: 0.86 | dt: 160ms | tok/sec: 818,268 | mfu: 25.5% | epoch: 1 | remaining: 218s    
step 00523 (27.3%) | loss: 3.241677 | lrm: 0.85 | dt: 160ms | tok/sec: 818,467 | mfu: 25.5% | epoch: 1 | remaining: 218s    
step 00524 (27.4%) | loss: 3.245361 | lrm: 0.85 | dt: 160ms | tok/sec: 818,171 | mfu: 25.5% | epoch: 1 | remaining: 218s    
step 00525 (27.4%) | loss: 3.243736 | lrm: 0.85 | dt: 160ms | tok/sec: 818,537 | mfu: 25.5% | epoch: 1 | remaining: 218s    
step 00526 (27.5%) | loss: 3.241724 | lrm: 0.85 | dt: 160ms | tok/sec: 818,533 | mfu: 25.5% | epoch: 1 | remaining: 217s    
step 00527 (27.5%) | loss: 3.242286 | lrm: 0.85 | dt: 160ms | tok/sec: 818,237 | mfu: 25.5% | epoch: 1 | remaining: 217s    
step 00528 (27.6%) | loss: 3.237796 | lrm: 0.85 | dt: 160ms | tok/sec: 818,664 | mfu: 25.5% | epoch: 1 | remaining: 217s    
step 00529 (27.7%) | loss: 3.240264 | lrm: 0.85 | dt: 160ms | tok/sec: 818,451 | mfu: 25.5% | epoch: 1 | remaining: 217s    
step 00530 (27.7%) | loss: 3.240410 | lrm: 0.85 | dt: 160ms | tok/sec: 818,648 | mfu: 25.5% | epoch: 1 | remaining: 217s    
step 00531 (27.8%) | loss: 3.240084 | lrm: 0.85 | dt: 160ms | tok/sec: 818,570 | mfu: 25.5% | epoch: 1 | remaining: 217s    
step 00532 (27.8%) | loss: 3.240626 | lrm: 0.85 | dt: 160ms | tok/sec: 818,466 | mfu: 25.5% | epoch: 1 | remaining: 216s    
step 00533 (27.9%) | loss: 3.235660 | lrm: 0.85 | dt: 160ms | tok/sec: 818,482 | mfu: 25.5% | epoch: 1 | remaining: 216s    
step 00534 (27.9%) | loss: 3.242033 | lrm: 0.85 | dt: 160ms | tok/sec: 818,376 | mfu: 25.5% | epoch: 1 | remaining: 216s    
step 00535 (28.0%) | loss: 3.232208 | lrm: 0.85 | dt: 160ms | tok/sec: 818,820 | mfu: 25.5% | epoch: 1 | remaining: 216s    
step 00536 (28.0%) | loss: 3.233655 | lrm: 0.85 | dt: 160ms | tok/sec: 818,464 | mfu: 25.5% | epoch: 1 | remaining: 216s    
step 00537 (28.1%) | loss: 3.239865 | lrm: 0.85 | dt: 160ms | tok/sec: 818,353 | mfu: 25.5% | epoch: 1 | remaining: 216s    
step 00538 (28.1%) | loss: 3.240911 | lrm: 0.85 | dt: 160ms | tok/sec: 818,459 | mfu: 25.5% | epoch: 1 | remaining: 215s    
step 00539 (28.2%) | loss: 3.237166 | lrm: 0.84 | dt: 160ms | tok/sec: 818,235 | mfu: 25.5% | epoch: 1 | remaining: 215s    
step 00540 (28.2%) | loss: 3.229473 | lrm: 0.84 | dt: 160ms | tok/sec: 816,919 | mfu: 25.5% | epoch: 1 | remaining: 215s    
step 00541 (28.3%) | loss: 3.226686 | lrm: 0.84 | dt: 160ms | tok/sec: 818,041 | mfu: 25.5% | epoch: 1 | remaining: 215s    
step 00542 (28.3%) | loss: 3.230587 | lrm: 0.84 | dt: 160ms | tok/sec: 817,973 | mfu: 25.5% | epoch: 1 | remaining: 215s    
step 00543 (28.4%) | loss: 3.232152 | lrm: 0.84 | dt: 160ms | tok/sec: 817,322 | mfu: 25.5% | epoch: 1 | remaining: 215s    
step 00544 (28.5%) | loss: 3.222940 | lrm: 0.84 | dt: 160ms | tok/sec: 818,146 | mfu: 25.5% | epoch: 1 | remaining: 214s    
step 00545 (28.5%) | loss: 3.227947 | lrm: 0.84 | dt: 160ms | tok/sec: 818,045 | mfu: 25.5% | epoch: 1 | remaining: 214s    
step 00546 (28.6%) | loss: 3.230299 | lrm: 0.84 | dt: 160ms | tok/sec: 818,179 | mfu: 25.5% | epoch: 1 | remaining: 214s    
step 00547 (28.6%) | loss: 3.222806 | lrm: 0.84 | dt: 160ms | tok/sec: 817,955 | mfu: 25.5% | epoch: 1 | remaining: 214s    
step 00548 (28.7%) | loss: 3.223419 | lrm: 0.84 | dt: 160ms | tok/sec: 818,198 | mfu: 25.5% | epoch: 1 | remaining: 214s    
step 00549 (28.7%) | loss: 3.213632 | lrm: 0.84 | dt: 160ms | tok/sec: 818,588 | mfu: 25.5% | epoch: 1 | remaining: 214s    
step 00550 (28.8%) | loss: 3.211775 | lrm: 0.84 | dt: 160ms | tok/sec: 818,568 | mfu: 25.5% | epoch: 1 | remaining: 214s    
step 00551 (28.8%) | loss: 3.219022 | lrm: 0.84 | dt: 160ms | tok/sec: 818,625 | mfu: 25.5% | epoch: 1 | remaining: 213s    
step 00552 (28.9%) | loss: 3.215086 | lrm: 0.84 | dt: 160ms | tok/sec: 818,531 | mfu: 25.5% | epoch: 1 | remaining: 213s    
step 00553 (28.9%) | loss: 3.217280 | lrm: 0.84 | dt: 160ms | tok/sec: 818,696 | mfu: 25.5% | epoch: 1 | remaining: 213s    
step 00554 (29.0%) | loss: 3.209550 | lrm: 0.84 | dt: 160ms | tok/sec: 818,720 | mfu: 25.5% | epoch: 1 | remaining: 213s    
step 00555 (29.0%) | loss: 3.210018 | lrm: 0.83 | dt: 160ms | tok/sec: 818,550 | mfu: 25.5% | epoch: 1 | remaining: 213s    
step 00556 (29.1%) | loss: 3.215066 | lrm: 0.83 | dt: 160ms | tok/sec: 818,543 | mfu: 25.5% | epoch: 1 | remaining: 213s    
step 00557 (29.1%) | loss: 3.221339 | lrm: 0.83 | dt: 160ms | tok/sec: 818,416 | mfu: 25.5% | epoch: 1 | remaining: 212s    
step 00558 (29.2%) | loss: 3.212574 | lrm: 0.83 | dt: 160ms | tok/sec: 818,417 | mfu: 25.5% | epoch: 1 | remaining: 212s    
step 00559 (29.3%) | loss: 3.211873 | lrm: 0.83 | dt: 160ms | tok/sec: 818,843 | mfu: 25.5% | epoch: 1 | remaining: 212s    
step 00560 (29.3%) | loss: 3.204186 | lrm: 0.83 | dt: 160ms | tok/sec: 818,564 | mfu: 25.5% | epoch: 1 | remaining: 212s    
step 00561 (29.4%) | loss: 3.201741 | lrm: 0.83 | dt: 160ms | tok/sec: 818,854 | mfu: 25.5% | epoch: 1 | remaining: 212s    
step 00562 (29.4%) | loss: 3.199790 | lrm: 0.83 | dt: 160ms | tok/sec: 818,625 | mfu: 25.5% | epoch: 1 | remaining: 212s    
step 00563 (29.5%) | loss: 3.201280 | lrm: 0.83 | dt: 160ms | tok/sec: 818,529 | mfu: 25.5% | epoch: 1 | remaining: 211s    
step 00564 (29.5%) | loss: 3.198371 | lrm: 0.83 | dt: 160ms | tok/sec: 818,539 | mfu: 25.5% | epoch: 1 | remaining: 211s    
step 00565 (29.6%) | loss: 3.195769 | lrm: 0.83 | dt: 160ms | tok/sec: 818,559 | mfu: 25.5% | epoch: 1 | remaining: 211s    
step 00566 (29.6%) | loss: 3.199117 | lrm: 0.83 | dt: 160ms | tok/sec: 818,600 | mfu: 25.5% | epoch: 1 | remaining: 211s    
step 00567 (29.7%) | loss: 3.196474 | lrm: 0.83 | dt: 160ms | tok/sec: 818,528 | mfu: 25.5% | epoch: 1 | remaining: 211s    
step 00568 (29.7%) | loss: 3.198936 | lrm: 0.83 | dt: 160ms | tok/sec: 818,565 | mfu: 25.5% | epoch: 1 | remaining: 211s    
step 00569 (29.8%) | loss: 3.198728 | lrm: 0.83 | dt: 160ms | tok/sec: 818,529 | mfu: 25.5% | epoch: 1 | remaining: 210s    
step 00570 (29.8%) | loss: 3.198815 | lrm: 0.83 | dt: 160ms | tok/sec: 818,332 | mfu: 25.5% | epoch: 1 | remaining: 210s    
step 00571 (29.9%) | loss: 3.203660 | lrm: 0.82 | dt: 160ms | tok/sec: 818,622 | mfu: 25.5% | epoch: 1 | remaining: 210s    
step 00572 (29.9%) | loss: 3.204770 | lrm: 0.82 | dt: 160ms | tok/sec: 818,213 | mfu: 25.5% | epoch: 1 | remaining: 210s    
step 00573 (30.0%) | loss: 3.204239 | lrm: 0.82 | dt: 160ms | tok/sec: 818,481 | mfu: 25.5% | epoch: 1 | remaining: 210s    
step 00574 (30.1%) | loss: 3.206183 | lrm: 0.82 | dt: 160ms | tok/sec: 818,497 | mfu: 25.5% | epoch: 1 | remaining: 210s    
step 00575 (30.1%) | loss: 3.207469 | lrm: 0.82 | dt: 160ms | tok/sec: 818,568 | mfu: 25.5% | epoch: 1 | remaining: 210s    
step 00576 (30.2%) | loss: 3.208952 | lrm: 0.82 | dt: 160ms | tok/sec: 818,375 | mfu: 25.5% | epoch: 1 | remaining: 209s    
step 00577 (30.2%) | loss: 3.201370 | lrm: 0.82 | dt: 160ms | tok/sec: 818,638 | mfu: 25.5% | epoch: 1 | remaining: 209s    
step 00578 (30.3%) | loss: 3.203047 | lrm: 0.82 | dt: 160ms | tok/sec: 818,384 | mfu: 25.5% | epoch: 1 | remaining: 209s    
step 00579 (30.3%) | loss: 3.198269 | lrm: 0.82 | dt: 160ms | tok/sec: 818,317 | mfu: 25.5% | epoch: 1 | remaining: 209s    
step 00580 (30.4%) | loss: 3.211395 | lrm: 0.82 | dt: 160ms | tok/sec: 818,254 | mfu: 25.5% | epoch: 1 | remaining: 209s    
step 00581 (30.4%) | loss: 3.212154 | lrm: 0.82 | dt: 160ms | tok/sec: 818,263 | mfu: 25.5% | epoch: 1 | remaining: 209s    
step 00582 (30.5%) | loss: 3.209942 | lrm: 0.82 | dt: 160ms | tok/sec: 817,686 | mfu: 25.5% | epoch: 1 | remaining: 208s    
step 00583 (30.5%) | loss: 3.211790 | lrm: 0.82 | dt: 160ms | tok/sec: 817,891 | mfu: 25.5% | epoch: 1 | remaining: 208s    
step 00584 (30.6%) | loss: 3.210051 | lrm: 0.82 | dt: 160ms | tok/sec: 817,890 | mfu: 25.5% | epoch: 1 | remaining: 208s    
step 00585 (30.6%) | loss: 3.208030 | lrm: 0.82 | dt: 160ms | tok/sec: 818,308 | mfu: 25.5% | epoch: 1 | remaining: 208s    
step 00586 (30.7%) | loss: 3.210308 | lrm: 0.82 | dt: 160ms | tok/sec: 817,905 | mfu: 25.5% | epoch: 1 | remaining: 208s    
step 00587 (30.7%) | loss: 3.209957 | lrm: 0.81 | dt: 160ms | tok/sec: 818,058 | mfu: 25.5% | epoch: 1 | remaining: 208s    
step 00588 (30.8%) | loss: 3.210986 | lrm: 0.81 | dt: 160ms | tok/sec: 817,759 | mfu: 25.5% | epoch: 1 | remaining: 207s    
step 00589 (30.9%) | loss: 3.206324 | lrm: 0.81 | dt: 160ms | tok/sec: 817,375 | mfu: 25.5% | epoch: 1 | remaining: 207s    
step 00590 (30.9%) | loss: 3.207125 | lrm: 0.81 | dt: 160ms | tok/sec: 817,535 | mfu: 25.5% | epoch: 1 | remaining: 207s    
step 00591 (31.0%) | loss: 3.212187 | lrm: 0.81 | dt: 160ms | tok/sec: 818,057 | mfu: 25.5% | epoch: 1 | remaining: 207s    
step 00592 (31.0%) | loss: 3.212050 | lrm: 0.81 | dt: 160ms | tok/sec: 816,932 | mfu: 25.5% | epoch: 1 | remaining: 207s    
step 00593 (31.1%) | loss: 3.215659 | lrm: 0.81 | dt: 160ms | tok/sec: 817,443 | mfu: 25.5% | epoch: 1 | remaining: 207s    
step 00594 (31.1%) | loss: 3.216508 | lrm: 0.81 | dt: 160ms | tok/sec: 816,934 | mfu: 25.5% | epoch: 1 | remaining: 206s    
step 00595 (31.2%) | loss: 3.221293 | lrm: 0.81 | dt: 160ms | tok/sec: 817,564 | mfu: 25.5% | epoch: 1 | remaining: 206s    
step 00596 (31.2%) | loss: 3.215673 | lrm: 0.81 | dt: 160ms | tok/sec: 817,598 | mfu: 25.5% | epoch: 1 | remaining: 206s    
step 00597 (31.3%) | loss: 3.211514 | lrm: 0.81 | dt: 160ms | tok/sec: 817,372 | mfu: 25.5% | epoch: 1 | remaining: 206s    
step 00598 (31.3%) | loss: 3.211604 | lrm: 0.81 | dt: 160ms | tok/sec: 817,756 | mfu: 25.5% | epoch: 1 | remaining: 206s    
step 00599 (31.4%) | loss: 3.212066 | lrm: 0.81 | dt: 160ms | tok/sec: 817,883 | mfu: 25.5% | epoch: 1 | remaining: 206s    
step 00600 (31.4%) | loss: 3.200945 | lrm: 0.81 | dt: 160ms | tok/sec: 818,002 | mfu: 25.5% | epoch: 1 | remaining: 206s    
step 00601 (31.5%) | loss: 3.196283 | lrm: 0.81 | dt: 160ms | tok/sec: 817,962 | mfu: 25.5% | epoch: 1 | remaining: 205s    
step 00602 (31.5%) | loss: 3.194243 | lrm: 0.81 | dt: 160ms | tok/sec: 816,908 | mfu: 25.5% | epoch: 1 | remaining: 205s    
step 00603 (31.6%) | loss: 3.189164 | lrm: 0.80 | dt: 160ms | tok/sec: 818,285 | mfu: 25.5% | epoch: 1 | remaining: 205s    
step 00604 (31.7%) | loss: 3.185852 | lrm: 0.80 | dt: 160ms | tok/sec: 818,388 | mfu: 25.5% | epoch: 1 | remaining: 205s    
step 00605 (31.7%) | loss: 3.189773 | lrm: 0.80 | dt: 160ms | tok/sec: 818,409 | mfu: 25.5% | epoch: 1 | remaining: 205s    
step 00606 (31.8%) | loss: 3.193890 | lrm: 0.80 | dt: 160ms | tok/sec: 818,210 | mfu: 25.5% | epoch: 1 | remaining: 205s    
step 00607 (31.8%) | loss: 3.192762 | lrm: 0.80 | dt: 160ms | tok/sec: 818,417 | mfu: 25.5% | epoch: 1 | remaining: 204s    
step 00608 (31.9%) | loss: 3.192463 | lrm: 0.80 | dt: 160ms | tok/sec: 817,782 | mfu: 25.5% | epoch: 1 | remaining: 204s    
step 00609 (31.9%) | loss: 3.196125 | lrm: 0.80 | dt: 160ms | tok/sec: 818,261 | mfu: 25.5% | epoch: 1 | remaining: 204s    
step 00610 (32.0%) | loss: 3.191780 | lrm: 0.80 | dt: 163ms | tok/sec: 803,340 | mfu: 25.0% | epoch: 1 | remaining: 204s    
step 00611 (32.0%) | loss: 3.195307 | lrm: 0.80 | dt: 160ms | tok/sec: 818,564 | mfu: 25.5% | epoch: 1 | remaining: 204s    
step 00612 (32.1%) | loss: 3.190243 | lrm: 0.80 | dt: 160ms | tok/sec: 818,683 | mfu: 25.5% | epoch: 1 | remaining: 204s    
step 00613 (32.1%) | loss: 3.191058 | lrm: 0.80 | dt: 160ms | tok/sec: 818,489 | mfu: 25.5% | epoch: 1 | remaining: 203s    
step 00614 (32.2%) | loss: 3.191677 | lrm: 0.80 | dt: 160ms | tok/sec: 818,874 | mfu: 25.5% | epoch: 1 | remaining: 203s    
step 00615 (32.2%) | loss: 3.192834 | lrm: 0.80 | dt: 160ms | tok/sec: 818,710 | mfu: 25.5% | epoch: 1 | remaining: 203s    
step 00616 (32.3%) | loss: 3.201521 | lrm: 0.80 | dt: 160ms | tok/sec: 818,700 | mfu: 25.5% | epoch: 1 | remaining: 203s    
step 00617 (32.4%) | loss: 3.202461 | lrm: 0.80 | dt: 160ms | tok/sec: 818,598 | mfu: 25.5% | epoch: 1 | remaining: 203s    
step 00618 (32.4%) | loss: 3.205197 | lrm: 0.80 | dt: 160ms | tok/sec: 818,607 | mfu: 25.5% | epoch: 1 | remaining: 203s    
step 00619 (32.5%) | loss: 3.203114 | lrm: 0.79 | dt: 160ms | tok/sec: 818,030 | mfu: 25.5% | epoch: 1 | remaining: 202s    
step 00620 (32.5%) | loss: 3.201407 | lrm: 0.79 | dt: 160ms | tok/sec: 818,327 | mfu: 25.5% | epoch: 1 | remaining: 202s    
step 00621 (32.6%) | loss: 3.204412 | lrm: 0.79 | dt: 160ms | tok/sec: 818,117 | mfu: 25.5% | epoch: 1 | remaining: 202s    
step 00622 (32.6%) | loss: 3.199956 | lrm: 0.79 | dt: 161ms | tok/sec: 816,276 | mfu: 25.4% | epoch: 1 | remaining: 202s    
step 00623 (32.7%) | loss: 3.198707 | lrm: 0.79 | dt: 160ms | tok/sec: 818,002 | mfu: 25.5% | epoch: 1 | remaining: 202s    
step 00624 (32.7%) | loss: 3.193978 | lrm: 0.79 | dt: 160ms | tok/sec: 818,236 | mfu: 25.5% | epoch: 1 | remaining: 202s    
step 00625 (32.8%) | loss: 3.194205 | lrm: 0.79 | dt: 160ms | tok/sec: 818,382 | mfu: 25.5% | epoch: 1 | remaining: 202s    
step 00626 (32.8%) | loss: 3.191844 | lrm: 0.79 | dt: 160ms | tok/sec: 818,258 | mfu: 25.5% | epoch: 1 | remaining: 201s    
step 00627 (32.9%) | loss: 3.190067 | lrm: 0.79 | dt: 160ms | tok/sec: 818,534 | mfu: 25.5% | epoch: 1 | remaining: 201s    
step 00628 (32.9%) | loss: 3.185894 | lrm: 0.79 | dt: 160ms | tok/sec: 818,369 | mfu: 25.5% | epoch: 1 | remaining: 201s    
step 00629 (33.0%) | loss: 3.183558 | lrm: 0.79 | dt: 160ms | tok/sec: 817,973 | mfu: 25.5% | epoch: 1 | remaining: 201s    
step 00630 (33.0%) | loss: 3.186085 | lrm: 0.79 | dt: 160ms | tok/sec: 817,967 | mfu: 25.5% | epoch: 1 | remaining: 201s    
step 00631 (33.1%) | loss: 3.184045 | lrm: 0.79 | dt: 160ms | tok/sec: 818,339 | mfu: 25.5% | epoch: 1 | remaining: 201s    
step 00632 (33.2%) | loss: 3.180767 | lrm: 0.79 | dt: 160ms | tok/sec: 817,924 | mfu: 25.5% | epoch: 1 | remaining: 200s    
step 00633 (33.2%) | loss: 3.178315 | lrm: 0.79 | dt: 160ms | tok/sec: 817,897 | mfu: 25.5% | epoch: 1 | remaining: 200s    
step 00634 (33.3%) | loss: 3.176532 | lrm: 0.79 | dt: 160ms | tok/sec: 818,550 | mfu: 25.5% | epoch: 1 | remaining: 200s    
step 00635 (33.3%) | loss: 3.178301 | lrm: 0.78 | dt: 160ms | tok/sec: 818,615 | mfu: 25.5% | epoch: 1 | remaining: 200s    
step 00636 (33.4%) | loss: 3.178558 | lrm: 0.78 | dt: 160ms | tok/sec: 818,210 | mfu: 25.5% | epoch: 1 | remaining: 200s    
step 00637 (33.4%) | loss: 3.181052 | lrm: 0.78 | dt: 160ms | tok/sec: 818,469 | mfu: 25.5% | epoch: 1 | remaining: 200s    
step 00638 (33.5%) | loss: 3.179248 | lrm: 0.78 | dt: 160ms | tok/sec: 817,873 | mfu: 25.5% | epoch: 1 | remaining: 199s    
step 00639 (33.5%) | loss: 3.177439 | lrm: 0.78 | dt: 160ms | tok/sec: 818,508 | mfu: 25.5% | epoch: 1 | remaining: 199s    
step 00640 (33.6%) | loss: 3.174344 | lrm: 0.78 | dt: 160ms | tok/sec: 818,110 | mfu: 25.5% | epoch: 1 | remaining: 199s    
step 00641 (33.6%) | loss: 3.170259 | lrm: 0.78 | dt: 160ms | tok/sec: 818,520 | mfu: 25.5% | epoch: 1 | remaining: 199s    
step 00642 (33.7%) | loss: 3.166205 | lrm: 0.78 | dt: 160ms | tok/sec: 818,392 | mfu: 25.5% | epoch: 1 | remaining: 199s    
step 00643 (33.7%) | loss: 3.165667 | lrm: 0.78 | dt: 160ms | tok/sec: 818,456 | mfu: 25.5% | epoch: 1 | remaining: 199s    
step 00644 (33.8%) | loss: 3.166048 | lrm: 0.78 | dt: 160ms | tok/sec: 818,458 | mfu: 25.5% | epoch: 1 | remaining: 198s    
step 00645 (33.8%) | loss: 3.170571 | lrm: 0.78 | dt: 160ms | tok/sec: 818,440 | mfu: 25.5% | epoch: 1 | remaining: 198s    
step 00646 (33.9%) | loss: 3.167532 | lrm: 0.78 | dt: 160ms | tok/sec: 818,287 | mfu: 25.5% | epoch: 1 | remaining: 198s    
step 00647 (34.0%) | loss: 3.167907 | lrm: 0.78 | dt: 160ms | tok/sec: 818,265 | mfu: 25.5% | epoch: 1 | remaining: 198s    
step 00648 (34.0%) | loss: 3.166831 | lrm: 0.78 | dt: 160ms | tok/sec: 818,381 | mfu: 25.5% | epoch: 1 | remaining: 198s    
step 00649 (34.1%) | loss: 3.169156 | lrm: 0.78 | dt: 160ms | tok/sec: 818,437 | mfu: 25.5% | epoch: 1 | remaining: 198s    
step 00650 (34.1%) | loss: 3.165248 | lrm: 0.78 | dt: 160ms | tok/sec: 818,199 | mfu: 25.5% | epoch: 1 | remaining: 198s    
step 00651 (34.2%) | loss: 3.167113 | lrm: 0.77 | dt: 160ms | tok/sec: 818,030 | mfu: 25.5% | epoch: 1 | remaining: 197s    
step 00652 (34.2%) | loss: 3.171762 | lrm: 0.77 | dt: 160ms | tok/sec: 818,604 | mfu: 25.5% | epoch: 1 | remaining: 197s    
step 00653 (34.3%) | loss: 3.173890 | lrm: 0.77 | dt: 160ms | tok/sec: 818,344 | mfu: 25.5% | epoch: 1 | remaining: 197s    
step 00654 (34.3%) | loss: 3.174639 | lrm: 0.77 | dt: 160ms | tok/sec: 818,266 | mfu: 25.5% | epoch: 1 | remaining: 197s    
step 00655 (34.4%) | loss: 3.167843 | lrm: 0.77 | dt: 160ms | tok/sec: 818,315 | mfu: 25.5% | epoch: 1 | remaining: 197s    
step 00656 (34.4%) | loss: 3.161739 | lrm: 0.77 | dt: 160ms | tok/sec: 818,332 | mfu: 25.5% | epoch: 1 | remaining: 197s    
step 00657 (34.5%) | loss: 3.163766 | lrm: 0.77 | dt: 160ms | tok/sec: 818,611 | mfu: 25.5% | epoch: 1 | remaining: 196s    
step 00658 (34.5%) | loss: 3.164269 | lrm: 0.77 | dt: 160ms | tok/sec: 818,479 | mfu: 25.5% | epoch: 1 | remaining: 196s    
step 00659 (34.6%) | loss: 3.164890 | lrm: 0.77 | dt: 160ms | tok/sec: 818,149 | mfu: 25.5% | epoch: 1 | remaining: 196s    
step 00660 (34.6%) | loss: 3.168502 | lrm: 0.77 | dt: 160ms | tok/sec: 818,047 | mfu: 25.5% | epoch: 1 | remaining: 196s    
step 00661 (34.7%) | loss: 3.169110 | lrm: 0.77 | dt: 161ms | tok/sec: 816,494 | mfu: 25.4% | epoch: 1 | remaining: 196s    
step 00662 (34.8%) | loss: 3.167428 | lrm: 0.77 | dt: 160ms | tok/sec: 817,930 | mfu: 25.5% | epoch: 1 | remaining: 196s    
step 00663 (34.8%) | loss: 3.163198 | lrm: 0.77 | dt: 160ms | tok/sec: 818,028 | mfu: 25.5% | epoch: 1 | remaining: 195s    
step 00664 (34.9%) | loss: 3.170507 | lrm: 0.77 | dt: 160ms | tok/sec: 817,722 | mfu: 25.5% | epoch: 1 | remaining: 195s    
step 00665 (34.9%) | loss: 3.165165 | lrm: 0.77 | dt: 160ms | tok/sec: 818,308 | mfu: 25.5% | epoch: 1 | remaining: 195s    
step 00666 (35.0%) | loss: 3.163879 | lrm: 0.77 | dt: 160ms | tok/sec: 818,252 | mfu: 25.5% | epoch: 1 | remaining: 195s    
step 00667 (35.0%) | loss: 3.163292 | lrm: 0.76 | dt: 160ms | tok/sec: 818,493 | mfu: 25.5% | epoch: 1 | remaining: 195s    
step 00668 (35.1%) | loss: 3.162398 | lrm: 0.76 | dt: 160ms | tok/sec: 818,285 | mfu: 25.5% | epoch: 1 | remaining: 195s    
step 00669 (35.1%) | loss: 3.161377 | lrm: 0.76 | dt: 160ms | tok/sec: 818,355 | mfu: 25.5% | epoch: 1 | remaining: 194s    
step 00670 (35.2%) | loss: 3.161580 | lrm: 0.76 | dt: 160ms | tok/sec: 818,140 | mfu: 25.5% | epoch: 1 | remaining: 194s    
step 00671 (35.2%) | loss: 3.161883 | lrm: 0.76 | dt: 160ms | tok/sec: 818,227 | mfu: 25.5% | epoch: 1 | remaining: 194s    
step 00672 (35.3%) | loss: 3.162656 | lrm: 0.76 | dt: 160ms | tok/sec: 818,455 | mfu: 25.5% | epoch: 1 | remaining: 194s    
step 00673 (35.3%) | loss: 3.159695 | lrm: 0.76 | dt: 160ms | tok/sec: 818,383 | mfu: 25.5% | epoch: 1 | remaining: 194s    
step 00674 (35.4%) | loss: 3.164577 | lrm: 0.76 | dt: 160ms | tok/sec: 818,371 | mfu: 25.5% | epoch: 1 | remaining: 194s    
step 00675 (35.4%) | loss: 3.164166 | lrm: 0.76 | dt: 160ms | tok/sec: 818,366 | mfu: 25.5% | epoch: 1 | remaining: 193s    
step 00676 (35.5%) | loss: 3.162424 | lrm: 0.76 | dt: 160ms | tok/sec: 818,489 | mfu: 25.5% | epoch: 1 | remaining: 193s    
step 00677 (35.6%) | loss: 3.164145 | lrm: 0.76 | dt: 160ms | tok/sec: 818,517 | mfu: 25.5% | epoch: 1 | remaining: 193s    
step 00678 (35.6%) | loss: 3.172397 | lrm: 0.76 | dt: 160ms | tok/sec: 818,588 | mfu: 25.5% | epoch: 1 | remaining: 193s    
step 00679 (35.7%) | loss: 3.175326 | lrm: 0.76 | dt: 160ms | tok/sec: 818,289 | mfu: 25.5% | epoch: 1 | remaining: 193s    
step 00680 (35.7%) | loss: 3.173173 | lrm: 0.76 | dt: 160ms | tok/sec: 818,568 | mfu: 25.5% | epoch: 1 | remaining: 193s    
step 00681 (35.8%) | loss: 3.167329 | lrm: 0.76 | dt: 160ms | tok/sec: 818,449 | mfu: 25.5% | epoch: 1 | remaining: 193s    
step 00682 (35.8%) | loss: 3.172413 | lrm: 0.76 | dt: 160ms | tok/sec: 818,701 | mfu: 25.5% | epoch: 1 | remaining: 192s    
step 00683 (35.9%) | loss: 3.173654 | lrm: 0.75 | dt: 160ms | tok/sec: 818,297 | mfu: 25.5% | epoch: 1 | remaining: 192s    
step 00684 (35.9%) | loss: 3.167379 | lrm: 0.75 | dt: 160ms | tok/sec: 818,511 | mfu: 25.5% | epoch: 1 | remaining: 192s    
step 00685 (36.0%) | loss: 3.162388 | lrm: 0.75 | dt: 160ms | tok/sec: 818,587 | mfu: 25.5% | epoch: 1 | remaining: 192s    
step 00686 (36.0%) | loss: 3.162598 | lrm: 0.75 | dt: 160ms | tok/sec: 818,634 | mfu: 25.5% | epoch: 1 | remaining: 192s    
step 00687 (36.1%) | loss: 3.156067 | lrm: 0.75 | dt: 160ms | tok/sec: 818,567 | mfu: 25.5% | epoch: 1 | remaining: 192s    
step 00688 (36.1%) | loss: 3.161134 | lrm: 0.75 | dt: 160ms | tok/sec: 818,527 | mfu: 25.5% | epoch: 1 | remaining: 191s    
step 00689 (36.2%) | loss: 3.157598 | lrm: 0.75 | dt: 160ms | tok/sec: 818,361 | mfu: 25.5% | epoch: 1 | remaining: 191s    
step 00690 (36.2%) | loss: 3.160763 | lrm: 0.75 | dt: 160ms | tok/sec: 818,770 | mfu: 25.5% | epoch: 1 | remaining: 191s    
step 00691 (36.3%) | loss: 3.164037 | lrm: 0.75 | dt: 160ms | tok/sec: 818,548 | mfu: 25.5% | epoch: 1 | remaining: 191s    
step 00692 (36.4%) | loss: 3.165757 | lrm: 0.75 | dt: 160ms | tok/sec: 818,442 | mfu: 25.5% | epoch: 1 | remaining: 191s    
step 00693 (36.4%) | loss: 3.165413 | lrm: 0.75 | dt: 160ms | tok/sec: 817,956 | mfu: 25.5% | epoch: 1 | remaining: 191s    
step 00694 (36.5%) | loss: 3.165999 | lrm: 0.75 | dt: 160ms | tok/sec: 818,582 | mfu: 25.5% | epoch: 1 | remaining: 190s    
step 00695 (36.5%) | loss: 3.164014 | lrm: 0.75 | dt: 160ms | tok/sec: 818,006 | mfu: 25.5% | epoch: 1 | remaining: 190s    
step 00696 (36.6%) | loss: 3.157931 | lrm: 0.75 | dt: 160ms | tok/sec: 818,438 | mfu: 25.5% | epoch: 1 | remaining: 190s    
step 00697 (36.6%) | loss: 3.160115 | lrm: 0.75 | dt: 160ms | tok/sec: 818,460 | mfu: 25.5% | epoch: 1 | remaining: 190s    
step 00698 (36.7%) | loss: 3.155745 | lrm: 0.74 | dt: 160ms | tok/sec: 818,426 | mfu: 25.5% | epoch: 1 | remaining: 190s    
step 00699 (36.7%) | loss: 3.156469 | lrm: 0.74 | dt: 160ms | tok/sec: 818,511 | mfu: 25.5% | epoch: 1 | remaining: 190s    
step 00700 (36.8%) | loss: 3.158434 | lrm: 0.74 | dt: 160ms | tok/sec: 818,034 | mfu: 25.5% | epoch: 1 | remaining: 189s    
step 00701 (36.8%) | loss: 3.158422 | lrm: 0.74 | dt: 160ms | tok/sec: 818,343 | mfu: 25.5% | epoch: 1 | remaining: 189s    
step 00702 (36.9%) | loss: 3.156975 | lrm: 0.74 | dt: 160ms | tok/sec: 818,254 | mfu: 25.5% | epoch: 1 | remaining: 189s    
step 00703 (36.9%) | loss: 3.146196 | lrm: 0.74 | dt: 160ms | tok/sec: 818,511 | mfu: 25.5% | epoch: 1 | remaining: 189s    
step 00704 (37.0%) | loss: 3.145403 | lrm: 0.74 | dt: 160ms | tok/sec: 818,509 | mfu: 25.5% | epoch: 1 | remaining: 189s    
step 00705 (37.0%) | loss: 3.143663 | lrm: 0.74 | dt: 160ms | tok/sec: 818,560 | mfu: 25.5% | epoch: 1 | remaining: 189s    
step 00706 (37.1%) | loss: 3.155300 | lrm: 0.74 | dt: 160ms | tok/sec: 818,565 | mfu: 25.5% | epoch: 1 | remaining: 189s    
step 00707 (37.2%) | loss: 3.155644 | lrm: 0.74 | dt: 160ms | tok/sec: 818,547 | mfu: 25.5% | epoch: 1 | remaining: 188s    
step 00708 (37.2%) | loss: 3.157195 | lrm: 0.74 | dt: 160ms | tok/sec: 818,451 | mfu: 25.5% | epoch: 1 | remaining: 188s    
step 00709 (37.3%) | loss: 3.155340 | lrm: 0.74 | dt: 160ms | tok/sec: 818,661 | mfu: 25.5% | epoch: 1 | remaining: 188s    
step 00710 (37.3%) | loss: 3.149439 | lrm: 0.74 | dt: 160ms | tok/sec: 818,297 | mfu: 25.5% | epoch: 1 | remaining: 188s    
step 00711 (37.4%) | loss: 3.139645 | lrm: 0.74 | dt: 160ms | tok/sec: 818,627 | mfu: 25.5% | epoch: 1 | remaining: 188s    
step 00712 (37.4%) | loss: 3.141568 | lrm: 0.74 | dt: 160ms | tok/sec: 818,327 | mfu: 25.5% | epoch: 1 | remaining: 188s    
step 00713 (37.5%) | loss: 3.141509 | lrm: 0.74 | dt: 160ms | tok/sec: 818,191 | mfu: 25.5% | epoch: 1 | remaining: 187s    
step 00714 (37.5%) | loss: 3.136473 | lrm: 0.73 | dt: 160ms | tok/sec: 818,475 | mfu: 25.5% | epoch: 1 | remaining: 187s    
step 00715 (37.6%) | loss: 3.140911 | lrm: 0.73 | dt: 160ms | tok/sec: 818,596 | mfu: 25.5% | epoch: 1 | remaining: 187s    
step 00716 (37.6%) | loss: 3.147389 | lrm: 0.73 | dt: 160ms | tok/sec: 818,495 | mfu: 25.5% | epoch: 1 | remaining: 187s    
step 00717 (37.7%) | loss: 3.146562 | lrm: 0.73 | dt: 160ms | tok/sec: 818,625 | mfu: 25.5% | epoch: 1 | remaining: 187s    
step 00718 (37.7%) | loss: 3.149281 | lrm: 0.73 | dt: 160ms | tok/sec: 818,422 | mfu: 25.5% | epoch: 1 | remaining: 187s    
step 00719 (37.8%) | loss: 3.144984 | lrm: 0.73 | dt: 160ms | tok/sec: 818,369 | mfu: 25.5% | epoch: 1 | remaining: 186s    
step 00720 (37.8%) | loss: 3.144925 | lrm: 0.73 | dt: 160ms | tok/sec: 818,047 | mfu: 25.5% | epoch: 1 | remaining: 186s    
step 00721 (37.9%) | loss: 3.141896 | lrm: 0.73 | dt: 160ms | tok/sec: 817,934 | mfu: 25.5% | epoch: 1 | remaining: 186s    
step 00722 (38.0%) | loss: 3.134955 | lrm: 0.73 | dt: 160ms | tok/sec: 818,059 | mfu: 25.5% | epoch: 1 | remaining: 186s    
step 00723 (38.0%) | loss: 3.129008 | lrm: 0.73 | dt: 160ms | tok/sec: 818,399 | mfu: 25.5% | epoch: 1 | remaining: 186s    
step 00724 (38.1%) | loss: 3.133326 | lrm: 0.73 | dt: 160ms | tok/sec: 818,266 | mfu: 25.5% | epoch: 1 | remaining: 186s    
step 00725 (38.1%) | loss: 3.133206 | lrm: 0.73 | dt: 160ms | tok/sec: 818,303 | mfu: 25.5% | epoch: 1 | remaining: 185s    
step 00726 (38.2%) | loss: 3.126371 | lrm: 0.73 | dt: 160ms | tok/sec: 818,477 | mfu: 25.5% | epoch: 1 | remaining: 185s    
step 00727 (38.2%) | loss: 3.128365 | lrm: 0.73 | dt: 160ms | tok/sec: 818,378 | mfu: 25.5% | epoch: 1 | remaining: 185s    
step 00728 (38.3%) | loss: 3.127040 | lrm: 0.73 | dt: 160ms | tok/sec: 818,734 | mfu: 25.5% | epoch: 1 | remaining: 185s    
step 00729 (38.3%) | loss: 3.125875 | lrm: 0.73 | dt: 160ms | tok/sec: 818,313 | mfu: 25.5% | epoch: 1 | remaining: 185s    
step 00730 (38.4%) | loss: 3.129430 | lrm: 0.72 | dt: 160ms | tok/sec: 818,286 | mfu: 25.5% | epoch: 1 | remaining: 185s    
step 00731 (38.4%) | loss: 3.129878 | lrm: 0.72 | dt: 160ms | tok/sec: 818,655 | mfu: 25.5% | epoch: 1 | remaining: 185s    
step 00732 (38.5%) | loss: 3.124001 | lrm: 0.72 | dt: 160ms | tok/sec: 818,146 | mfu: 25.5% | epoch: 1 | remaining: 184s    
step 00733 (38.5%) | loss: 3.119299 | lrm: 0.72 | dt: 160ms | tok/sec: 818,637 | mfu: 25.5% | epoch: 1 | remaining: 184s    
step 00734 (38.6%) | loss: 3.125566 | lrm: 0.72 | dt: 160ms | tok/sec: 818,664 | mfu: 25.5% | epoch: 1 | remaining: 184s    
step 00735 (38.7%) | loss: 3.122498 | lrm: 0.72 | dt: 160ms | tok/sec: 818,598 | mfu: 25.5% | epoch: 1 | remaining: 184s    
step 00736 (38.7%) | loss: 3.120008 | lrm: 0.72 | dt: 160ms | tok/sec: 818,534 | mfu: 25.5% | epoch: 1 | remaining: 184s    
step 00737 (38.8%) | loss: 3.114495 | lrm: 0.72 | dt: 160ms | tok/sec: 818,348 | mfu: 25.5% | epoch: 1 | remaining: 184s    
step 00738 (38.8%) | loss: 3.108717 | lrm: 0.72 | dt: 160ms | tok/sec: 818,342 | mfu: 25.5% | epoch: 1 | remaining: 183s    
step 00739 (38.9%) | loss: 3.105088 | lrm: 0.72 | dt: 160ms | tok/sec: 818,293 | mfu: 25.5% | epoch: 1 | remaining: 183s    
step 00740 (38.9%) | loss: 3.103527 | lrm: 0.72 | dt: 160ms | tok/sec: 818,503 | mfu: 25.5% | epoch: 1 | remaining: 183s    
step 00741 (39.0%) | loss: 3.110941 | lrm: 0.72 | dt: 160ms | tok/sec: 818,438 | mfu: 25.5% | epoch: 1 | remaining: 183s    
step 00742 (39.0%) | loss: 3.117402 | lrm: 0.72 | dt: 160ms | tok/sec: 818,439 | mfu: 25.5% | epoch: 1 | remaining: 183s    
step 00743 (39.1%) | loss: 3.119960 | lrm: 0.72 | dt: 160ms | tok/sec: 818,308 | mfu: 25.5% | epoch: 1 | remaining: 183s    
step 00744 (39.1%) | loss: 3.118079 | lrm: 0.72 | dt: 160ms | tok/sec: 818,475 | mfu: 25.5% | epoch: 1 | remaining: 182s    
step 00745 (39.2%) | loss: 3.116505 | lrm: 0.72 | dt: 160ms | tok/sec: 818,297 | mfu: 25.5% | epoch: 1 | remaining: 182s    
step 00746 (39.2%) | loss: 3.115718 | lrm: 0.71 | dt: 160ms | tok/sec: 818,573 | mfu: 25.5% | epoch: 1 | remaining: 182s    
step 00747 (39.3%) | loss: 3.116334 | lrm: 0.71 | dt: 160ms | tok/sec: 818,664 | mfu: 25.5% | epoch: 1 | remaining: 182s    
step 00748 (39.3%) | loss: 3.117376 | lrm: 0.71 | dt: 160ms | tok/sec: 818,430 | mfu: 25.5% | epoch: 1 | remaining: 182s    
step 00749 (39.4%) | loss: 3.109821 | lrm: 0.71 | dt: 160ms | tok/sec: 818,578 | mfu: 25.5% | epoch: 1 | remaining: 182s    
step 00750 (39.5%) | loss: 3.112849 | lrm: 0.71 | dt: 160ms | tok/sec: 818,512 | mfu: 25.5% | epoch: 1 | remaining: 181s    
step 00751 (39.5%) | loss: 3.105978 | lrm: 0.71 | dt: 160ms | tok/sec: 818,416 | mfu: 25.5% | epoch: 1 | remaining: 181s    
step 00752 (39.6%) | loss: 3.109053 | lrm: 0.71 | dt: 160ms | tok/sec: 818,328 | mfu: 25.5% | epoch: 1 | remaining: 181s    
step 00753 (39.6%) | loss: 3.104589 | lrm: 0.71 | dt: 160ms | tok/sec: 818,486 | mfu: 25.5% | epoch: 1 | remaining: 181s    
step 00754 (39.7%) | loss: 3.104451 | lrm: 0.71 | dt: 160ms | tok/sec: 818,637 | mfu: 25.5% | epoch: 1 | remaining: 181s    
step 00755 (39.7%) | loss: 3.098485 | lrm: 0.71 | dt: 160ms | tok/sec: 818,635 | mfu: 25.5% | epoch: 1 | remaining: 181s    
step 00756 (39.8%) | loss: 3.100903 | lrm: 0.71 | dt: 160ms | tok/sec: 818,653 | mfu: 25.5% | epoch: 1 | remaining: 181s    
step 00757 (39.8%) | loss: 3.105055 | lrm: 0.71 | dt: 160ms | tok/sec: 818,862 | mfu: 25.5% | epoch: 1 | remaining: 180s    
step 00758 (39.9%) | loss: 3.109914 | lrm: 0.71 | dt: 160ms | tok/sec: 818,345 | mfu: 25.5% | epoch: 1 | remaining: 180s    
step 00759 (39.9%) | loss: 3.119600 | lrm: 0.71 | dt: 160ms | tok/sec: 818,487 | mfu: 25.5% | epoch: 1 | remaining: 180s    
step 00760 (40.0%) | loss: 3.119979 | lrm: 0.71 | dt: 160ms | tok/sec: 818,495 | mfu: 25.5% | epoch: 1 | remaining: 180s    
step 00761 (40.0%) | loss: 3.118303 | lrm: 0.71 | dt: 160ms | tok/sec: 818,199 | mfu: 25.5% | epoch: 1 | remaining: 180s    
step 00762 (40.1%) | loss: 3.123018 | lrm: 0.70 | dt: 160ms | tok/sec: 818,484 | mfu: 25.5% | epoch: 1 | remaining: 180s    
step 00763 (40.1%) | loss: 3.123485 | lrm: 0.70 | dt: 160ms | tok/sec: 818,479 | mfu: 25.5% | epoch: 1 | remaining: 179s    
step 00764 (40.2%) | loss: 3.126039 | lrm: 0.70 | dt: 160ms | tok/sec: 818,612 | mfu: 25.5% | epoch: 1 | remaining: 179s    
step 00765 (40.3%) | loss: 3.124782 | lrm: 0.70 | dt: 160ms | tok/sec: 818,380 | mfu: 25.5% | epoch: 1 | remaining: 179s    
step 00766 (40.3%) | loss: 3.129706 | lrm: 0.70 | dt: 160ms | tok/sec: 818,770 | mfu: 25.5% | epoch: 1 | remaining: 179s    
step 00767 (40.4%) | loss: 3.125844 | lrm: 0.70 | dt: 160ms | tok/sec: 818,632 | mfu: 25.5% | epoch: 1 | remaining: 179s    
step 00768 (40.4%) | loss: 3.125260 | lrm: 0.70 | dt: 160ms | tok/sec: 818,500 | mfu: 25.5% | epoch: 1 | remaining: 179s    
step 00769 (40.5%) | loss: 3.128516 | lrm: 0.70 | dt: 160ms | tok/sec: 817,569 | mfu: 25.5% | epoch: 1 | remaining: 178s    
step 00770 (40.5%) | loss: 3.126154 | lrm: 0.70 | dt: 160ms | tok/sec: 818,264 | mfu: 25.5% | epoch: 1 | remaining: 178s    
step 00771 (40.6%) | loss: 3.127020 | lrm: 0.70 | dt: 160ms | tok/sec: 818,414 | mfu: 25.5% | epoch: 1 | remaining: 178s    
step 00772 (40.6%) | loss: 3.118340 | lrm: 0.70 | dt: 160ms | tok/sec: 818,360 | mfu: 25.5% | epoch: 1 | remaining: 178s    
step 00773 (40.7%) | loss: 3.117580 | lrm: 0.70 | dt: 160ms | tok/sec: 818,043 | mfu: 25.5% | epoch: 1 | remaining: 178s    
step 00774 (40.7%) | loss: 3.115257 | lrm: 0.70 | dt: 160ms | tok/sec: 818,393 | mfu: 25.5% | epoch: 1 | remaining: 178s    
step 00775 (40.8%) | loss: 3.119929 | lrm: 0.70 | dt: 160ms | tok/sec: 818,654 | mfu: 25.5% | epoch: 1 | remaining: 177s    
step 00776 (40.8%) | loss: 3.115296 | lrm: 0.70 | dt: 160ms | tok/sec: 818,612 | mfu: 25.5% | epoch: 1 | remaining: 177s    
step 00777 (40.9%) | loss: 3.112622 | lrm: 0.70 | dt: 160ms | tok/sec: 817,967 | mfu: 25.5% | epoch: 1 | remaining: 177s    
step 00778 (40.9%) | loss: 3.108755 | lrm: 0.69 | dt: 160ms | tok/sec: 817,591 | mfu: 25.5% | epoch: 1 | remaining: 177s    
step 00779 (41.0%) | loss: 3.103009 | lrm: 0.69 | dt: 160ms | tok/sec: 817,632 | mfu: 25.5% | epoch: 1 | remaining: 177s    
step 00780 (41.1%) | loss: 3.110561 | lrm: 0.69 | dt: 160ms | tok/sec: 817,568 | mfu: 25.5% | epoch: 1 | remaining: 177s    
step 00781 (41.1%) | loss: 3.108683 | lrm: 0.69 | dt: 160ms | tok/sec: 818,168 | mfu: 25.5% | epoch: 1 | remaining: 177s    
step 00782 (41.2%) | loss: 3.106138 | lrm: 0.69 | dt: 160ms | tok/sec: 818,208 | mfu: 25.5% | epoch: 1 | remaining: 176s    
step 00783 (41.2%) | loss: 3.111592 | lrm: 0.69 | dt: 161ms | tok/sec: 816,317 | mfu: 25.4% | epoch: 1 | remaining: 176s    
step 00784 (41.3%) | loss: 3.114529 | lrm: 0.69 | dt: 160ms | tok/sec: 817,938 | mfu: 25.5% | epoch: 1 | remaining: 176s    
step 00785 (41.3%) | loss: 3.108947 | lrm: 0.69 | dt: 160ms | tok/sec: 818,547 | mfu: 25.5% | epoch: 1 | remaining: 176s    
step 00786 (41.4%) | loss: 3.111806 | lrm: 0.69 | dt: 160ms | tok/sec: 818,261 | mfu: 25.5% | epoch: 1 | remaining: 176s    
step 00787 (41.4%) | loss: 3.113580 | lrm: 0.69 | dt: 160ms | tok/sec: 818,196 | mfu: 25.5% | epoch: 1 | remaining: 176s    
step 00788 (41.5%) | loss: 3.111726 | lrm: 0.69 | dt: 160ms | tok/sec: 818,211 | mfu: 25.5% | epoch: 1 | remaining: 175s    
step 00789 (41.5%) | loss: 3.112432 | lrm: 0.69 | dt: 160ms | tok/sec: 818,498 | mfu: 25.5% | epoch: 1 | remaining: 175s    
step 00790 (41.6%) | loss: 3.113797 | lrm: 0.69 | dt: 160ms | tok/sec: 818,068 | mfu: 25.5% | epoch: 1 | remaining: 175s    
step 00791 (41.6%) | loss: 3.112100 | lrm: 0.69 | dt: 160ms | tok/sec: 818,516 | mfu: 25.5% | epoch: 1 | remaining: 175s    
step 00792 (41.7%) | loss: 3.110917 | lrm: 0.69 | dt: 160ms | tok/sec: 818,678 | mfu: 25.5% | epoch: 1 | remaining: 175s    
step 00793 (41.7%) | loss: 3.116902 | lrm: 0.69 | dt: 160ms | tok/sec: 818,477 | mfu: 25.5% | epoch: 1 | remaining: 175s    
step 00794 (41.8%) | loss: 3.116320 | lrm: 0.68 | dt: 160ms | tok/sec: 818,625 | mfu: 25.5% | epoch: 1 | remaining: 174s    
step 00795 (41.9%) | loss: 3.100368 | lrm: 0.68 | dt: 160ms | tok/sec: 818,426 | mfu: 25.5% | epoch: 1 | remaining: 174s    
step 00796 (41.9%) | loss: 3.094878 | lrm: 0.68 | dt: 160ms | tok/sec: 818,716 | mfu: 25.5% | epoch: 1 | remaining: 174s    
step 00797 (42.0%) | loss: 3.096663 | lrm: 0.68 | dt: 160ms | tok/sec: 818,018 | mfu: 25.5% | epoch: 1 | remaining: 174s    
step 00798 (42.0%) | loss: 3.098627 | lrm: 0.68 | dt: 161ms | tok/sec: 816,108 | mfu: 25.4% | epoch: 1 | remaining: 174s    
step 00799 (42.1%) | loss: 3.095476 | lrm: 0.68 | dt: 160ms | tok/sec: 817,457 | mfu: 25.5% | epoch: 1 | remaining: 174s    
step 00800 (42.1%) | loss: 3.095133 | lrm: 0.68 | dt: 160ms | tok/sec: 817,676 | mfu: 25.5% | epoch: 1 | remaining: 173s    
step 00801 (42.2%) | loss: 3.093315 | lrm: 0.68 | dt: 160ms | tok/sec: 818,302 | mfu: 25.5% | epoch: 1 | remaining: 173s    
step 00802 (42.2%) | loss: 3.093430 | lrm: 0.68 | dt: 160ms | tok/sec: 818,315 | mfu: 25.5% | epoch: 1 | remaining: 173s    
step 00803 (42.3%) | loss: 3.093571 | lrm: 0.68 | dt: 160ms | tok/sec: 818,136 | mfu: 25.5% | epoch: 1 | remaining: 173s    
step 00804 (42.3%) | loss: 3.095401 | lrm: 0.68 | dt: 160ms | tok/sec: 818,151 | mfu: 25.5% | epoch: 1 | remaining: 173s    
step 00805 (42.4%) | loss: 3.099042 | lrm: 0.68 | dt: 160ms | tok/sec: 817,831 | mfu: 25.5% | epoch: 1 | remaining: 173s    
step 00806 (42.4%) | loss: 3.097415 | lrm: 0.68 | dt: 160ms | tok/sec: 816,896 | mfu: 25.5% | epoch: 1 | remaining: 173s    
step 00807 (42.5%) | loss: 3.099972 | lrm: 0.68 | dt: 160ms | tok/sec: 818,354 | mfu: 25.5% | epoch: 1 | remaining: 172s    
step 00808 (42.5%) | loss: 3.103673 | lrm: 0.68 | dt: 160ms | tok/sec: 818,282 | mfu: 25.5% | epoch: 1 | remaining: 172s    
step 00809 (42.6%) | loss: 3.098769 | lrm: 0.68 | dt: 160ms | tok/sec: 818,477 | mfu: 25.5% | epoch: 1 | remaining: 172s    
step 00810 (42.7%) | loss: 3.098758 | lrm: 0.67 | dt: 160ms | tok/sec: 818,439 | mfu: 25.5% | epoch: 1 | remaining: 172s    
step 00811 (42.7%) | loss: 3.103370 | lrm: 0.67 | dt: 160ms | tok/sec: 818,475 | mfu: 25.5% | epoch: 1 | remaining: 172s    
step 00812 (42.8%) | loss: 3.101350 | lrm: 0.67 | dt: 160ms | tok/sec: 818,470 | mfu: 25.5% | epoch: 1 | remaining: 172s    
step 00813 (42.8%) | loss: 3.099756 | lrm: 0.67 | dt: 160ms | tok/sec: 818,727 | mfu: 25.5% | epoch: 1 | remaining: 171s    
step 00814 (42.9%) | loss: 3.099036 | lrm: 0.67 | dt: 160ms | tok/sec: 818,380 | mfu: 25.5% | epoch: 1 | remaining: 171s    
step 00815 (42.9%) | loss: 3.097024 | lrm: 0.67 | dt: 160ms | tok/sec: 818,576 | mfu: 25.5% | epoch: 1 | remaining: 171s    
step 00816 (43.0%) | loss: 3.099719 | lrm: 0.67 | dt: 160ms | tok/sec: 818,781 | mfu: 25.5% | epoch: 1 | remaining: 171s    
step 00817 (43.0%) | loss: 3.094817 | lrm: 0.67 | dt: 160ms | tok/sec: 818,718 | mfu: 25.5% | epoch: 1 | remaining: 171s    
step 00818 (43.1%) | loss: 3.087839 | lrm: 0.67 | dt: 160ms | tok/sec: 818,494 | mfu: 25.5% | epoch: 1 | remaining: 171s    
step 00819 (43.1%) | loss: 3.090776 | lrm: 0.67 | dt: 160ms | tok/sec: 818,581 | mfu: 25.5% | epoch: 1 | remaining: 170s    
step 00820 (43.2%) | loss: 3.089609 | lrm: 0.67 | dt: 160ms | tok/sec: 818,738 | mfu: 25.5% | epoch: 1 | remaining: 170s    
step 00821 (43.2%) | loss: 3.090926 | lrm: 0.67 | dt: 160ms | tok/sec: 818,718 | mfu: 25.5% | epoch: 1 | remaining: 170s    
step 00822 (43.3%) | loss: 3.082311 | lrm: 0.67 | dt: 160ms | tok/sec: 818,556 | mfu: 25.5% | epoch: 1 | remaining: 170s    
step 00823 (43.3%) | loss: 3.075699 | lrm: 0.67 | dt: 160ms | tok/sec: 818,587 | mfu: 25.5% | epoch: 1 | remaining: 170s    
step 00824 (43.4%) | loss: 3.076245 | lrm: 0.67 | dt: 160ms | tok/sec: 818,689 | mfu: 25.5% | epoch: 1 | remaining: 170s    
step 00825 (43.5%) | loss: 3.082401 | lrm: 0.67 | dt: 160ms | tok/sec: 818,621 | mfu: 25.5% | epoch: 1 | remaining: 169s    
step 00826 (43.5%) | loss: 3.080448 | lrm: 0.66 | dt: 160ms | tok/sec: 818,567 | mfu: 25.5% | epoch: 1 | remaining: 169s    
step 00827 (43.6%) | loss: 3.081243 | lrm: 0.66 | dt: 160ms | tok/sec: 818,564 | mfu: 25.5% | epoch: 1 | remaining: 169s    
step 00828 (43.6%) | loss: 3.079420 | lrm: 0.66 | dt: 160ms | tok/sec: 818,610 | mfu: 25.5% | epoch: 1 | remaining: 169s    
step 00829 (43.7%) | loss: 3.080448 | lrm: 0.66 | dt: 160ms | tok/sec: 818,576 | mfu: 25.5% | epoch: 1 | remaining: 169s    
step 00830 (43.7%) | loss: 3.082085 | lrm: 0.66 | dt: 160ms | tok/sec: 818,717 | mfu: 25.5% | epoch: 1 | remaining: 169s    
step 00831 (43.8%) | loss: 3.080060 | lrm: 0.66 | dt: 160ms | tok/sec: 818,289 | mfu: 25.5% | epoch: 1 | remaining: 169s    
step 00832 (43.8%) | loss: 3.076358 | lrm: 0.66 | dt: 160ms | tok/sec: 818,582 | mfu: 25.5% | epoch: 1 | remaining: 168s    
step 00833 (43.9%) | loss: 3.080445 | lrm: 0.66 | dt: 160ms | tok/sec: 818,724 | mfu: 25.5% | epoch: 1 | remaining: 168s    
step 00834 (43.9%) | loss: 3.084993 | lrm: 0.66 | dt: 160ms | tok/sec: 818,770 | mfu: 25.5% | epoch: 1 | remaining: 168s    
step 00835 (44.0%) | loss: 3.084152 | lrm: 0.66 | dt: 160ms | tok/sec: 818,693 | mfu: 25.5% | epoch: 1 | remaining: 168s    
step 00836 (44.0%) | loss: 3.082247 | lrm: 0.66 | dt: 160ms | tok/sec: 818,679 | mfu: 25.5% | epoch: 1 | remaining: 168s    
step 00837 (44.1%) | loss: 3.084536 | lrm: 0.66 | dt: 160ms | tok/sec: 818,046 | mfu: 25.5% | epoch: 1 | remaining: 168s    
step 00838 (44.1%) | loss: 3.079301 | lrm: 0.66 | dt: 160ms | tok/sec: 818,643 | mfu: 25.5% | epoch: 1 | remaining: 167s    
step 00839 (44.2%) | loss: 3.081124 | lrm: 0.66 | dt: 160ms | tok/sec: 818,753 | mfu: 25.5% | epoch: 1 | remaining: 167s    
step 00840 (44.3%) | loss: 3.083500 | lrm: 0.66 | dt: 160ms | tok/sec: 818,666 | mfu: 25.5% | epoch: 1 | remaining: 167s    
step 00841 (44.3%) | loss: 3.083919 | lrm: 0.66 | dt: 160ms | tok/sec: 818,822 | mfu: 25.5% | epoch: 1 | remaining: 167s    
step 00842 (44.4%) | loss: 3.084089 | lrm: 0.65 | dt: 160ms | tok/sec: 818,767 | mfu: 25.5% | epoch: 1 | remaining: 167s    
step 00843 (44.4%) | loss: 3.075110 | lrm: 0.65 | dt: 160ms | tok/sec: 818,417 | mfu: 25.5% | epoch: 1 | remaining: 167s    
step 00844 (44.5%) | loss: 3.078122 | lrm: 0.65 | dt: 160ms | tok/sec: 818,475 | mfu: 25.5% | epoch: 1 | remaining: 166s    
step 00845 (44.5%) | loss: 3.074825 | lrm: 0.65 | dt: 160ms | tok/sec: 818,450 | mfu: 25.5% | epoch: 1 | remaining: 166s    
step 00846 (44.6%) | loss: 3.080349 | lrm: 0.65 | dt: 160ms | tok/sec: 818,728 | mfu: 25.5% | epoch: 1 | remaining: 166s    
step 00847 (44.6%) | loss: 3.086361 | lrm: 0.65 | dt: 160ms | tok/sec: 818,501 | mfu: 25.5% | epoch: 1 | remaining: 166s    
step 00848 (44.7%) | loss: 3.090704 | lrm: 0.65 | dt: 160ms | tok/sec: 818,962 | mfu: 25.5% | epoch: 1 | remaining: 166s    
step 00849 (44.7%) | loss: 3.090769 | lrm: 0.65 | dt: 160ms | tok/sec: 818,568 | mfu: 25.5% | epoch: 1 | remaining: 166s    
step 00850 (44.8%) | loss: 3.086537 | lrm: 0.65 | dt: 160ms | tok/sec: 818,364 | mfu: 25.5% | epoch: 1 | remaining: 165s    
step 00851 (44.8%) | loss: 3.081044 | lrm: 0.65 | dt: 160ms | tok/sec: 818,528 | mfu: 25.5% | epoch: 1 | remaining: 165s    
step 00852 (44.9%) | loss: 3.080763 | lrm: 0.65 | dt: 160ms | tok/sec: 818,617 | mfu: 25.5% | epoch: 1 | remaining: 165s    
step 00853 (45.0%) | loss: 3.080785 | lrm: 0.65 | dt: 160ms | tok/sec: 818,268 | mfu: 25.5% | epoch: 1 | remaining: 165s    
step 00854 (45.0%) | loss: 3.078165 | lrm: 0.65 | dt: 160ms | tok/sec: 818,672 | mfu: 25.5% | epoch: 1 | remaining: 165s    
step 00855 (45.1%) | loss: 3.072933 | lrm: 0.65 | dt: 160ms | tok/sec: 818,160 | mfu: 25.5% | epoch: 1 | remaining: 165s    
step 00856 (45.1%) | loss: 3.064804 | lrm: 0.65 | dt: 160ms | tok/sec: 818,534 | mfu: 25.5% | epoch: 1 | remaining: 165s    
step 00857 (45.2%) | loss: 3.067131 | lrm: 0.65 | dt: 160ms | tok/sec: 818,681 | mfu: 25.5% | epoch: 1 | remaining: 164s    
step 00858 (45.2%) | loss: 3.065198 | lrm: 0.64 | dt: 160ms | tok/sec: 818,169 | mfu: 25.5% | epoch: 1 | remaining: 164s    
step 00859 (45.3%) | loss: 3.064086 | lrm: 0.64 | dt: 160ms | tok/sec: 818,510 | mfu: 25.5% | epoch: 1 | remaining: 164s    
step 00860 (45.3%) | loss: 3.066321 | lrm: 0.64 | dt: 160ms | tok/sec: 818,627 | mfu: 25.5% | epoch: 1 | remaining: 164s    
step 00861 (45.4%) | loss: 3.070850 | lrm: 0.64 | dt: 160ms | tok/sec: 818,616 | mfu: 25.5% | epoch: 1 | remaining: 164s    
step 00862 (45.4%) | loss: 3.067656 | lrm: 0.64 | dt: 160ms | tok/sec: 818,609 | mfu: 25.5% | epoch: 1 | remaining: 164s    
step 00863 (45.5%) | loss: 3.068525 | lrm: 0.64 | dt: 160ms | tok/sec: 818,488 | mfu: 25.5% | epoch: 1 | remaining: 163s    
step 00864 (45.5%) | loss: 3.066373 | lrm: 0.64 | dt: 160ms | tok/sec: 818,803 | mfu: 25.5% | epoch: 1 | remaining: 163s    
step 00865 (45.6%) | loss: 3.061940 | lrm: 0.64 | dt: 160ms | tok/sec: 818,432 | mfu: 25.5% | epoch: 1 | remaining: 163s    
step 00866 (45.6%) | loss: 3.065763 | lrm: 0.64 | dt: 160ms | tok/sec: 818,557 | mfu: 25.5% | epoch: 1 | remaining: 163s    
step 00867 (45.7%) | loss: 3.068695 | lrm: 0.64 | dt: 160ms | tok/sec: 818,575 | mfu: 25.5% | epoch: 1 | remaining: 163s    
step 00868 (45.8%) | loss: 3.071365 | lrm: 0.64 | dt: 160ms | tok/sec: 818,509 | mfu: 25.5% | epoch: 1 | remaining: 163s    
step 00869 (45.8%) | loss: 3.075829 | lrm: 0.64 | dt: 160ms | tok/sec: 818,117 | mfu: 25.5% | epoch: 1 | remaining: 162s    
step 00870 (45.9%) | loss: 3.072347 | lrm: 0.64 | dt: 160ms | tok/sec: 818,655 | mfu: 25.5% | epoch: 1 | remaining: 162s    
step 00871 (45.9%) | loss: 3.080855 | lrm: 0.64 | dt: 160ms | tok/sec: 818,264 | mfu: 25.5% | epoch: 1 | remaining: 162s    
step 00872 (46.0%) | loss: 3.083276 | lrm: 0.64 | dt: 160ms | tok/sec: 818,509 | mfu: 25.5% | epoch: 1 | remaining: 162s    
step 00873 (46.0%) | loss: 3.076973 | lrm: 0.64 | dt: 160ms | tok/sec: 818,705 | mfu: 25.5% | epoch: 1 | remaining: 162s    
step 00874 (46.1%) | loss: 3.073910 | lrm: 0.63 | dt: 160ms | tok/sec: 818,254 | mfu: 25.5% | epoch: 1 | remaining: 162s    
step 00875 (46.1%) | loss: 3.074889 | lrm: 0.63 | dt: 160ms | tok/sec: 818,302 | mfu: 25.5% | epoch: 1 | remaining: 161s    
step 00876 (46.2%) | loss: 3.081315 | lrm: 0.63 | dt: 160ms | tok/sec: 818,688 | mfu: 25.5% | epoch: 1 | remaining: 161s    
step 00877 (46.2%) | loss: 3.076118 | lrm: 0.63 | dt: 160ms | tok/sec: 818,526 | mfu: 25.5% | epoch: 1 | remaining: 161s    
step 00878 (46.3%) | loss: 3.075397 | lrm: 0.63 | dt: 160ms | tok/sec: 818,477 | mfu: 25.5% | epoch: 1 | remaining: 161s    
step 00879 (46.3%) | loss: 3.077312 | lrm: 0.63 | dt: 160ms | tok/sec: 817,994 | mfu: 25.5% | epoch: 1 | remaining: 161s    
step 00880 (46.4%) | loss: 3.077180 | lrm: 0.63 | dt: 161ms | tok/sec: 816,565 | mfu: 25.4% | epoch: 1 | remaining: 161s    
step 00881 (46.4%) | loss: 3.077981 | lrm: 0.63 | dt: 160ms | tok/sec: 817,202 | mfu: 25.5% | epoch: 1 | remaining: 161s    
step 00882 (46.5%) | loss: 3.075065 | lrm: 0.63 | dt: 160ms | tok/sec: 818,007 | mfu: 25.5% | epoch: 1 | remaining: 160s    
step 00883 (46.6%) | loss: 3.084469 | lrm: 0.63 | dt: 160ms | tok/sec: 816,889 | mfu: 25.5% | epoch: 1 | remaining: 160s    
step 00884 (46.6%) | loss: 3.082498 | lrm: 0.63 | dt: 160ms | tok/sec: 817,615 | mfu: 25.5% | epoch: 1 | remaining: 160s    
step 00885 (46.7%) | loss: 3.085496 | lrm: 0.63 | dt: 160ms | tok/sec: 817,287 | mfu: 25.5% | epoch: 1 | remaining: 160s    
step 00886 (46.7%) | loss: 3.088681 | lrm: 0.63 | dt: 160ms | tok/sec: 817,670 | mfu: 25.5% | epoch: 1 | remaining: 160s    
step 00887 (46.8%) | loss: 3.089862 | lrm: 0.63 | dt: 160ms | tok/sec: 818,151 | mfu: 25.5% | epoch: 1 | remaining: 160s    
step 00888 (46.8%) | loss: 3.079537 | lrm: 0.63 | dt: 160ms | tok/sec: 818,208 | mfu: 25.5% | epoch: 1 | remaining: 159s    
step 00889 (46.9%) | loss: 3.067796 | lrm: 0.63 | dt: 160ms | tok/sec: 818,241 | mfu: 25.5% | epoch: 1 | remaining: 159s    
step 00890 (46.9%) | loss: 3.066518 | lrm: 0.62 | dt: 160ms | tok/sec: 818,339 | mfu: 25.5% | epoch: 1 | remaining: 159s    
step 00891 (47.0%) | loss: 3.064358 | lrm: 0.62 | dt: 160ms | tok/sec: 817,919 | mfu: 25.5% | epoch: 1 | remaining: 159s    
step 00892 (47.0%) | loss: 3.058961 | lrm: 0.62 | dt: 160ms | tok/sec: 818,388 | mfu: 25.5% | epoch: 1 | remaining: 159s    
step 00893 (47.1%) | loss: 3.061664 | lrm: 0.62 | dt: 160ms | tok/sec: 818,148 | mfu: 25.5% | epoch: 1 | remaining: 159s    
step 00894 (47.1%) | loss: 3.065457 | lrm: 0.62 | dt: 161ms | tok/sec: 816,459 | mfu: 25.4% | epoch: 1 | remaining: 158s    
step 00895 (47.2%) | loss: 3.068007 | lrm: 0.62 | dt: 160ms | tok/sec: 817,670 | mfu: 25.5% | epoch: 1 | remaining: 158s    
step 00896 (47.2%) | loss: 3.065603 | lrm: 0.62 | dt: 160ms | tok/sec: 817,900 | mfu: 25.5% | epoch: 1 | remaining: 158s    
step 00897 (47.3%) | loss: 3.066812 | lrm: 0.62 | dt: 160ms | tok/sec: 818,179 | mfu: 25.5% | epoch: 1 | remaining: 158s    
step 00898 (47.4%) | loss: 3.071263 | lrm: 0.62 | dt: 160ms | tok/sec: 817,787 | mfu: 25.5% | epoch: 1 | remaining: 158s    
step 00899 (47.4%) | loss: 3.067512 | lrm: 0.62 | dt: 160ms | tok/sec: 818,268 | mfu: 25.5% | epoch: 1 | remaining: 158s    
step 00900 (47.5%) | loss: 3.072882 | lrm: 0.62 | dt: 160ms | tok/sec: 818,057 | mfu: 25.5% | epoch: 1 | remaining: 157s    
step 00901 (47.5%) | loss: 3.069764 | lrm: 0.62 | dt: 160ms | tok/sec: 818,097 | mfu: 25.5% | epoch: 1 | remaining: 157s    
step 00902 (47.6%) | loss: 3.075993 | lrm: 0.62 | dt: 160ms | tok/sec: 818,069 | mfu: 25.5% | epoch: 1 | remaining: 157s    
step 00903 (47.6%) | loss: 3.071255 | lrm: 0.62 | dt: 160ms | tok/sec: 818,225 | mfu: 25.5% | epoch: 1 | remaining: 157s    
step 00904 (47.7%) | loss: 3.077588 | lrm: 0.62 | dt: 160ms | tok/sec: 817,974 | mfu: 25.5% | epoch: 1 | remaining: 157s    
step 00905 (47.7%) | loss: 3.077440 | lrm: 0.61 | dt: 160ms | tok/sec: 817,985 | mfu: 25.5% | epoch: 1 | remaining: 157s    
step 00906 (47.8%) | loss: 3.075058 | lrm: 0.61 | dt: 160ms | tok/sec: 817,760 | mfu: 25.5% | epoch: 1 | remaining: 156s    
step 00907 (47.8%) | loss: 3.083226 | lrm: 0.61 | dt: 160ms | tok/sec: 818,170 | mfu: 25.5% | epoch: 1 | remaining: 156s    
step 00908 (47.9%) | loss: 3.077681 | lrm: 0.61 | dt: 160ms | tok/sec: 818,043 | mfu: 25.5% | epoch: 1 | remaining: 156s    
step 00909 (47.9%) | loss: 3.076212 | lrm: 0.61 | dt: 160ms | tok/sec: 817,994 | mfu: 25.5% | epoch: 1 | remaining: 156s    
step 00910 (48.0%) | loss: 3.076080 | lrm: 0.61 | dt: 160ms | tok/sec: 817,883 | mfu: 25.5% | epoch: 1 | remaining: 156s    
step 00911 (48.0%) | loss: 3.075992 | lrm: 0.61 | dt: 160ms | tok/sec: 818,404 | mfu: 25.5% | epoch: 1 | remaining: 156s    
step 00912 (48.1%) | loss: 3.075768 | lrm: 0.61 | dt: 160ms | tok/sec: 818,303 | mfu: 25.5% | epoch: 1 | remaining: 156s    
step 00913 (48.2%) | loss: 3.079809 | lrm: 0.61 | dt: 160ms | tok/sec: 818,548 | mfu: 25.5% | epoch: 1 | remaining: 155s    
step 00914 (48.2%) | loss: 3.079900 | lrm: 0.61 | dt: 160ms | tok/sec: 818,539 | mfu: 25.5% | epoch: 1 | remaining: 155s    
step 00915 (48.3%) | loss: 3.076739 | lrm: 0.61 | dt: 160ms | tok/sec: 818,169 | mfu: 25.5% | epoch: 1 | remaining: 155s    
step 00916 (48.3%) | loss: 3.074422 | lrm: 0.61 | dt: 160ms | tok/sec: 818,298 | mfu: 25.5% | epoch: 1 | remaining: 155s    
step 00917 (48.4%) | loss: 3.076518 | lrm: 0.61 | dt: 160ms | tok/sec: 818,233 | mfu: 25.5% | epoch: 1 | remaining: 155s    
step 00918 (48.4%) | loss: 3.069391 | lrm: 0.61 | dt: 160ms | tok/sec: 818,459 | mfu: 25.5% | epoch: 1 | remaining: 155s    
step 00919 (48.5%) | loss: 3.073784 | lrm: 0.61 | dt: 160ms | tok/sec: 818,400 | mfu: 25.5% | epoch: 1 | remaining: 154s    
step 00920 (48.5%) | loss: 3.074357 | lrm: 0.61 | dt: 160ms | tok/sec: 818,625 | mfu: 25.5% | epoch: 1 | remaining: 154s    
step 00921 (48.6%) | loss: 3.073843 | lrm: 0.60 | dt: 160ms | tok/sec: 818,419 | mfu: 25.5% | epoch: 1 | remaining: 154s    
step 00922 (48.6%) | loss: 3.079710 | lrm: 0.60 | dt: 160ms | tok/sec: 818,528 | mfu: 25.5% | epoch: 1 | remaining: 154s    
step 00923 (48.7%) | loss: 3.078332 | lrm: 0.60 | dt: 160ms | tok/sec: 818,428 | mfu: 25.5% | epoch: 1 | remaining: 154s    
step 00924 (48.7%) | loss: 3.080563 | lrm: 0.60 | dt: 160ms | tok/sec: 818,359 | mfu: 25.5% | epoch: 1 | remaining: 154s    
step 00925 (48.8%) | loss: 3.080186 | lrm: 0.60 | dt: 160ms | tok/sec: 818,453 | mfu: 25.5% | epoch: 1 | remaining: 153s    
step 00926 (48.8%) | loss: 3.086248 | lrm: 0.60 | dt: 160ms | tok/sec: 818,542 | mfu: 25.5% | epoch: 1 | remaining: 153s    
step 00927 (48.9%) | loss: 3.081321 | lrm: 0.60 | dt: 160ms | tok/sec: 818,450 | mfu: 25.5% | epoch: 1 | remaining: 153s    
step 00928 (49.0%) | loss: 3.070656 | lrm: 0.60 | dt: 160ms | tok/sec: 818,644 | mfu: 25.5% | epoch: 1 | remaining: 153s    
step 00929 (49.0%) | loss: 3.069969 | lrm: 0.60 | dt: 160ms | tok/sec: 818,540 | mfu: 25.5% | epoch: 1 | remaining: 153s    
step 00930 (49.1%) | loss: 3.064345 | lrm: 0.60 | dt: 160ms | tok/sec: 817,272 | mfu: 25.5% | epoch: 1 | remaining: 153s    
step 00931 (49.1%) | loss: 3.065948 | lrm: 0.60 | dt: 160ms | tok/sec: 818,293 | mfu: 25.5% | epoch: 1 | remaining: 152s    
step 00932 (49.2%) | loss: 3.062481 | lrm: 0.60 | dt: 160ms | tok/sec: 818,523 | mfu: 25.5% | epoch: 1 | remaining: 152s    
step 00933 (49.2%) | loss: 3.064644 | lrm: 0.60 | dt: 160ms | tok/sec: 818,158 | mfu: 25.5% | epoch: 1 | remaining: 152s    
step 00934 (49.3%) | loss: 3.056837 | lrm: 0.60 | dt: 160ms | tok/sec: 818,433 | mfu: 25.5% | epoch: 1 | remaining: 152s    
step 00935 (49.3%) | loss: 3.060393 | lrm: 0.60 | dt: 160ms | tok/sec: 818,275 | mfu: 25.5% | epoch: 1 | remaining: 152s    
step 00936 (49.4%) | loss: 3.061627 | lrm: 0.60 | dt: 160ms | tok/sec: 818,534 | mfu: 25.5% | epoch: 1 | remaining: 152s    
step 00937 (49.4%) | loss: 3.070602 | lrm: 0.59 | dt: 160ms | tok/sec: 818,257 | mfu: 25.5% | epoch: 1 | remaining: 152s    
step 00938 (49.5%) | loss: 3.074830 | lrm: 0.59 | dt: 160ms | tok/sec: 818,143 | mfu: 25.5% | epoch: 1 | remaining: 151s    
step 00939 (49.5%) | loss: 3.067197 | lrm: 0.59 | dt: 160ms | tok/sec: 818,482 | mfu: 25.5% | epoch: 1 | remaining: 151s    
step 00940 (49.6%) | loss: 3.062709 | lrm: 0.59 | dt: 160ms | tok/sec: 818,249 | mfu: 25.5% | epoch: 1 | remaining: 151s    
step 00941 (49.6%) | loss: 3.066813 | lrm: 0.59 | dt: 160ms | tok/sec: 818,582 | mfu: 25.5% | epoch: 1 | remaining: 151s    
step 00942 (49.7%) | loss: 3.072781 | lrm: 0.59 | dt: 160ms | tok/sec: 818,609 | mfu: 25.5% | epoch: 1 | remaining: 151s    
step 00943 (49.8%) | loss: 3.061914 | lrm: 0.59 | dt: 160ms | tok/sec: 818,572 | mfu: 25.5% | epoch: 1 | remaining: 151s    
step 00944 (49.8%) | loss: 3.059792 | lrm: 0.59 | dt: 160ms | tok/sec: 817,846 | mfu: 25.5% | epoch: 1 | remaining: 150s    
step 00945 (49.9%) | loss: 3.058838 | lrm: 0.59 | dt: 160ms | tok/sec: 818,197 | mfu: 25.5% | epoch: 1 | remaining: 150s    
step 00946 (49.9%) | loss: 3.060506 | lrm: 0.59 | dt: 160ms | tok/sec: 818,567 | mfu: 25.5% | epoch: 1 | remaining: 150s    
step 00947 (50.0%) | loss: 3.055172 | lrm: 0.59 | dt: 160ms | tok/sec: 818,135 | mfu: 25.5% | epoch: 1 | remaining: 150s    
step 00948 (50.0%) | loss: 3.060782 | lrm: 0.59 | dt: 160ms | tok/sec: 818,119 | mfu: 25.5% | epoch: 1 | remaining: 150s    
step 00949 (50.1%) | loss: 3.066485 | lrm: 0.59 | dt: 160ms | tok/sec: 818,470 | mfu: 25.5% | epoch: 1 | remaining: 150s    
step 00950 (50.1%) | loss: 3.061895 | lrm: 0.59 | dt: 160ms | tok/sec: 818,521 | mfu: 25.5% | epoch: 1 | remaining: 149s    
step 00951 (50.2%) | loss: 3.056130 | lrm: 0.59 | dt: 160ms | tok/sec: 818,103 | mfu: 25.5% | epoch: 1 | remaining: 149s    
step 00952 (50.2%) | loss: 3.062571 | lrm: 0.59 | dt: 160ms | tok/sec: 818,281 | mfu: 25.5% | epoch: 1 | remaining: 149s    
step 00953 (50.3%) | loss: 3.059022 | lrm: 0.58 | dt: 160ms | tok/sec: 818,509 | mfu: 25.5% | epoch: 1 | remaining: 149s    
step 00954 (50.3%) | loss: 3.063614 | lrm: 0.58 | dt: 160ms | tok/sec: 818,547 | mfu: 25.5% | epoch: 1 | remaining: 149s    
step 00955 (50.4%) | loss: 3.061924 | lrm: 0.58 | dt: 160ms | tok/sec: 818,612 | mfu: 25.5% | epoch: 1 | remaining: 149s    
step 00956 (50.4%) | loss: 3.062000 | lrm: 0.58 | dt: 160ms | tok/sec: 818,553 | mfu: 25.5% | epoch: 1 | remaining: 148s    
step 00957 (50.5%) | loss: 3.068913 | lrm: 0.58 | dt: 160ms | tok/sec: 818,381 | mfu: 25.5% | epoch: 1 | remaining: 148s    
step 00958 (50.6%) | loss: 3.061785 | lrm: 0.58 | dt: 160ms | tok/sec: 818,622 | mfu: 25.5% | epoch: 1 | remaining: 148s    
step 00959 (50.6%) | loss: 3.064725 | lrm: 0.58 | dt: 160ms | tok/sec: 818,690 | mfu: 25.5% | epoch: 1 | remaining: 148s    
step 00960 (50.7%) | loss: 3.062978 | lrm: 0.58 | dt: 160ms | tok/sec: 818,522 | mfu: 25.5% | epoch: 1 | remaining: 148s    
step 00961 (50.7%) | loss: 3.055030 | lrm: 0.58 | dt: 160ms | tok/sec: 818,013 | mfu: 25.5% | epoch: 1 | remaining: 148s    
step 00962 (50.8%) | loss: 3.051224 | lrm: 0.58 | dt: 160ms | tok/sec: 818,471 | mfu: 25.5% | epoch: 1 | remaining: 148s    
step 00963 (50.8%) | loss: 3.046092 | lrm: 0.58 | dt: 160ms | tok/sec: 818,651 | mfu: 25.5% | epoch: 1 | remaining: 147s    
step 00964 (50.9%) | loss: 3.040488 | lrm: 0.58 | dt: 160ms | tok/sec: 818,126 | mfu: 25.5% | epoch: 1 | remaining: 147s    
step 00965 (50.9%) | loss: 3.032849 | lrm: 0.58 | dt: 160ms | tok/sec: 818,740 | mfu: 25.5% | epoch: 1 | remaining: 147s    
step 00966 (51.0%) | loss: 3.033010 | lrm: 0.58 | dt: 160ms | tok/sec: 818,696 | mfu: 25.5% | epoch: 1 | remaining: 147s    
step 00967 (51.0%) | loss: 3.037205 | lrm: 0.58 | dt: 160ms | tok/sec: 818,779 | mfu: 25.5% | epoch: 1 | remaining: 147s    
step 00968 (51.1%) | loss: 3.038423 | lrm: 0.58 | dt: 160ms | tok/sec: 818,553 | mfu: 25.5% | epoch: 1 | remaining: 147s    
step 00969 (51.1%) | loss: 3.034559 | lrm: 0.57 | dt: 160ms | tok/sec: 818,834 | mfu: 25.5% | epoch: 1 | remaining: 146s    
step 00970 (51.2%) | loss: 3.040033 | lrm: 0.57 | dt: 160ms | tok/sec: 818,358 | mfu: 25.5% | epoch: 1 | remaining: 146s    
step 00971 (51.3%) | loss: 3.040894 | lrm: 0.57 | dt: 160ms | tok/sec: 818,579 | mfu: 25.5% | epoch: 1 | remaining: 146s    
step 00972 (51.3%) | loss: 3.044366 | lrm: 0.57 | dt: 160ms | tok/sec: 818,453 | mfu: 25.5% | epoch: 1 | remaining: 146s    
step 00973 (51.4%) | loss: 3.048236 | lrm: 0.57 | dt: 160ms | tok/sec: 818,727 | mfu: 25.5% | epoch: 1 | remaining: 146s    
step 00974 (51.4%) | loss: 3.051917 | lrm: 0.57 | dt: 160ms | tok/sec: 818,475 | mfu: 25.5% | epoch: 1 | remaining: 146s    
step 00975 (51.5%) | loss: 3.049287 | lrm: 0.57 | dt: 160ms | tok/sec: 818,332 | mfu: 25.5% | epoch: 1 | remaining: 145s    
step 00976 (51.5%) | loss: 3.053924 | lrm: 0.57 | dt: 160ms | tok/sec: 818,526 | mfu: 25.5% | epoch: 1 | remaining: 145s    
step 00977 (51.6%) | loss: 3.055637 | lrm: 0.57 | dt: 160ms | tok/sec: 818,181 | mfu: 25.5% | epoch: 1 | remaining: 145s    
step 00978 (51.6%) | loss: 3.056879 | lrm: 0.57 | dt: 160ms | tok/sec: 818,359 | mfu: 25.5% | epoch: 1 | remaining: 145s    
step 00979 (51.7%) | loss: 3.054729 | lrm: 0.57 | dt: 160ms | tok/sec: 818,572 | mfu: 25.5% | epoch: 1 | remaining: 145s    
step 00980 (51.7%) | loss: 3.060334 | lrm: 0.57 | dt: 160ms | tok/sec: 818,623 | mfu: 25.5% | epoch: 1 | remaining: 145s    
step 00981 (51.8%) | loss: 3.056141 | lrm: 0.57 | dt: 160ms | tok/sec: 818,614 | mfu: 25.5% | epoch: 1 | remaining: 144s    
step 00982 (51.8%) | loss: 3.051724 | lrm: 0.57 | dt: 160ms | tok/sec: 818,644 | mfu: 25.5% | epoch: 1 | remaining: 144s    
step 00983 (51.9%) | loss: 3.042122 | lrm: 0.57 | dt: 160ms | tok/sec: 818,629 | mfu: 25.5% | epoch: 1 | remaining: 144s    
step 00984 (51.9%) | loss: 3.041601 | lrm: 0.57 | dt: 160ms | tok/sec: 818,677 | mfu: 25.5% | epoch: 1 | remaining: 144s    
step 00985 (52.0%) | loss: 3.036051 | lrm: 0.56 | dt: 160ms | tok/sec: 818,949 | mfu: 25.5% | epoch: 1 | remaining: 144s    
step 00986 (52.1%) | loss: 3.031156 | lrm: 0.56 | dt: 160ms | tok/sec: 818,615 | mfu: 25.5% | epoch: 1 | remaining: 144s    
step 00987 (52.1%) | loss: 3.031212 | lrm: 0.56 | dt: 160ms | tok/sec: 818,739 | mfu: 25.5% | epoch: 1 | remaining: 144s    
step 00988 (52.2%) | loss: 3.039174 | lrm: 0.56 | dt: 160ms | tok/sec: 818,319 | mfu: 25.5% | epoch: 1 | remaining: 143s    
step 00989 (52.2%) | loss: 3.040503 | lrm: 0.56 | dt: 160ms | tok/sec: 818,075 | mfu: 25.5% | epoch: 1 | remaining: 143s    
step 00990 (52.3%) | loss: 3.034738 | lrm: 0.56 | dt: 160ms | tok/sec: 818,157 | mfu: 25.5% | epoch: 1 | remaining: 143s    
step 00991 (52.3%) | loss: 3.025619 | lrm: 0.56 | dt: 160ms | tok/sec: 817,798 | mfu: 25.5% | epoch: 1 | remaining: 143s    
step 00992 (52.4%) | loss: 3.023147 | lrm: 0.56 | dt: 160ms | tok/sec: 818,158 | mfu: 25.5% | epoch: 1 | remaining: 143s    
step 00993 (52.4%) | loss: 3.025432 | lrm: 0.56 | dt: 160ms | tok/sec: 818,432 | mfu: 25.5% | epoch: 1 | remaining: 143s    
step 00994 (52.5%) | loss: 3.028710 | lrm: 0.56 | dt: 160ms | tok/sec: 818,765 | mfu: 25.5% | epoch: 1 | remaining: 142s    
step 00995 (52.5%) | loss: 3.031241 | lrm: 0.56 | dt: 160ms | tok/sec: 818,677 | mfu: 25.5% | epoch: 1 | remaining: 142s    
step 00996 (52.6%) | loss: 3.033513 | lrm: 0.56 | dt: 160ms | tok/sec: 818,425 | mfu: 25.5% | epoch: 1 | remaining: 142s    
step 00997 (52.6%) | loss: 3.037239 | lrm: 0.56 | dt: 160ms | tok/sec: 818,286 | mfu: 25.5% | epoch: 1 | remaining: 142s    
step 00998 (52.7%) | loss: 3.035451 | lrm: 0.56 | dt: 160ms | tok/sec: 818,664 | mfu: 25.5% | epoch: 1 | remaining: 142s    
step 00999 (52.7%) | loss: 3.040033 | lrm: 0.56 | dt: 160ms | tok/sec: 818,497 | mfu: 25.5% | epoch: 1 | remaining: 142s    
step 01000 (52.8%) | loss: 3.031019 | lrm: 0.56 | dt: 160ms | tok/sec: 818,644 | mfu: 25.5% | epoch: 1 | remaining: 141s    
step 01001 (52.9%) | loss: 3.029301 | lrm: 0.55 | dt: 160ms | tok/sec: 818,738 | mfu: 25.5% | epoch: 1 | remaining: 141s    
step 01002 (52.9%) | loss: 3.030563 | lrm: 0.55 | dt: 160ms | tok/sec: 818,798 | mfu: 25.5% | epoch: 1 | remaining: 141s    
step 01003 (53.0%) | loss: 3.032976 | lrm: 0.55 | dt: 160ms | tok/sec: 818,620 | mfu: 25.5% | epoch: 1 | remaining: 141s    
step 01004 (53.0%) | loss: 3.033613 | lrm: 0.55 | dt: 160ms | tok/sec: 818,626 | mfu: 25.5% | epoch: 1 | remaining: 141s    
step 01005 (53.1%) | loss: 3.030939 | lrm: 0.55 | dt: 160ms | tok/sec: 818,333 | mfu: 25.5% | epoch: 1 | remaining: 141s    
step 01006 (53.1%) | loss: 3.035286 | lrm: 0.55 | dt: 160ms | tok/sec: 818,261 | mfu: 25.5% | epoch: 1 | remaining: 140s    
step 01007 (53.2%) | loss: 3.038664 | lrm: 0.55 | dt: 160ms | tok/sec: 818,527 | mfu: 25.5% | epoch: 1 | remaining: 140s    
step 01008 (53.2%) | loss: 3.037166 | lrm: 0.55 | dt: 160ms | tok/sec: 818,361 | mfu: 25.5% | epoch: 1 | remaining: 140s    
step 01009 (53.3%) | loss: 3.037566 | lrm: 0.55 | dt: 160ms | tok/sec: 818,488 | mfu: 25.5% | epoch: 1 | remaining: 140s    
step 01010 (53.3%) | loss: 3.040616 | lrm: 0.55 | dt: 160ms | tok/sec: 818,579 | mfu: 25.5% | epoch: 1 | remaining: 140s    
step 01011 (53.4%) | loss: 3.042352 | lrm: 0.55 | dt: 160ms | tok/sec: 818,163 | mfu: 25.5% | epoch: 1 | remaining: 140s    
step 01012 (53.4%) | loss: 3.046725 | lrm: 0.55 | dt: 160ms | tok/sec: 818,416 | mfu: 25.5% | epoch: 1 | remaining: 140s    
step 01013 (53.5%) | loss: 3.038856 | lrm: 0.55 | dt: 160ms | tok/sec: 818,599 | mfu: 25.5% | epoch: 1 | remaining: 139s    
step 01014 (53.5%) | loss: 3.047833 | lrm: 0.55 | dt: 160ms | tok/sec: 818,003 | mfu: 25.5% | epoch: 1 | remaining: 139s    
step 01015 (53.6%) | loss: 3.044986 | lrm: 0.55 | dt: 160ms | tok/sec: 818,417 | mfu: 25.5% | epoch: 1 | remaining: 139s    
step 01016 (53.7%) | loss: 3.038186 | lrm: 0.55 | dt: 160ms | tok/sec: 818,336 | mfu: 25.5% | epoch: 1 | remaining: 139s    
step 01017 (53.7%) | loss: 3.025983 | lrm: 0.54 | dt: 160ms | tok/sec: 818,527 | mfu: 25.5% | epoch: 1 | remaining: 139s    
step 01018 (53.8%) | loss: 3.030271 | lrm: 0.54 | dt: 160ms | tok/sec: 818,148 | mfu: 25.5% | epoch: 1 | remaining: 139s    
step 01019 (53.8%) | loss: 3.036683 | lrm: 0.54 | dt: 160ms | tok/sec: 818,226 | mfu: 25.5% | epoch: 1 | remaining: 138s    
step 01020 (53.9%) | loss: 3.027685 | lrm: 0.54 | dt: 160ms | tok/sec: 818,770 | mfu: 25.5% | epoch: 1 | remaining: 138s    
step 01021 (53.9%) | loss: 3.030361 | lrm: 0.54 | dt: 160ms | tok/sec: 818,667 | mfu: 25.5% | epoch: 1 | remaining: 138s    
step 01022 (54.0%) | loss: 3.033747 | lrm: 0.54 | dt: 160ms | tok/sec: 818,709 | mfu: 25.5% | epoch: 1 | remaining: 138s    
step 01023 (54.0%) | loss: 3.032307 | lrm: 0.54 | dt: 160ms | tok/sec: 818,309 | mfu: 25.5% | epoch: 1 | remaining: 138s    
step 01024 (54.1%) | loss: 3.028079 | lrm: 0.54 | dt: 161ms | tok/sec: 816,608 | mfu: 25.4% | epoch: 1 | remaining: 138s    
step 01025 (54.1%) | loss: 3.030870 | lrm: 0.54 | dt: 160ms | tok/sec: 817,713 | mfu: 25.5% | epoch: 1 | remaining: 137s    
step 01026 (54.2%) | loss: 3.025893 | lrm: 0.54 | dt: 160ms | tok/sec: 817,372 | mfu: 25.5% | epoch: 1 | remaining: 137s    
step 01027 (54.2%) | loss: 3.024707 | lrm: 0.54 | dt: 160ms | tok/sec: 818,123 | mfu: 25.5% | epoch: 1 | remaining: 137s    
step 01028 (54.3%) | loss: 3.027173 | lrm: 0.54 | dt: 160ms | tok/sec: 817,789 | mfu: 25.5% | epoch: 1 | remaining: 137s    
step 01029 (54.3%) | loss: 3.018543 | lrm: 0.54 | dt: 162ms | tok/sec: 811,201 | mfu: 25.3% | epoch: 1 | remaining: 137s    
step 01030 (54.4%) | loss: 3.017059 | lrm: 0.54 | dt: 160ms | tok/sec: 818,041 | mfu: 25.5% | epoch: 1 | remaining: 137s    
step 01031 (54.5%) | loss: 3.024991 | lrm: 0.54 | dt: 160ms | tok/sec: 818,460 | mfu: 25.5% | epoch: 1 | remaining: 136s    
step 01032 (54.5%) | loss: 3.021537 | lrm: 0.54 | dt: 160ms | tok/sec: 818,577 | mfu: 25.5% | epoch: 1 | remaining: 136s    
step 01033 (54.6%) | loss: 3.025423 | lrm: 0.53 | dt: 160ms | tok/sec: 817,900 | mfu: 25.5% | epoch: 1 | remaining: 136s    
step 01034 (54.6%) | loss: 3.022946 | lrm: 0.53 | dt: 160ms | tok/sec: 818,255 | mfu: 25.5% | epoch: 1 | remaining: 136s    
step 01035 (54.7%) | loss: 3.016463 | lrm: 0.53 | dt: 160ms | tok/sec: 818,341 | mfu: 25.5% | epoch: 1 | remaining: 136s    
step 01036 (54.7%) | loss: 3.017658 | lrm: 0.53 | dt: 160ms | tok/sec: 818,230 | mfu: 25.5% | epoch: 1 | remaining: 136s    
step 01037 (54.8%) | loss: 3.023382 | lrm: 0.53 | dt: 160ms | tok/sec: 818,120 | mfu: 25.5% | epoch: 1 | remaining: 136s    
step 01038 (54.8%) | loss: 3.024779 | lrm: 0.53 | dt: 160ms | tok/sec: 818,039 | mfu: 25.5% | epoch: 1 | remaining: 135s    
step 01039 (54.9%) | loss: 3.025770 | lrm: 0.53 | dt: 162ms | tok/sec: 809,869 | mfu: 25.2% | epoch: 1 | remaining: 135s    
step 01040 (54.9%) | loss: 3.029541 | lrm: 0.53 | dt: 160ms | tok/sec: 817,637 | mfu: 25.5% | epoch: 1 | remaining: 135s    
step 01041 (55.0%) | loss: 3.027845 | lrm: 0.53 | dt: 160ms | tok/sec: 818,177 | mfu: 25.5% | epoch: 1 | remaining: 135s    
step 01042 (55.0%) | loss: 3.030334 | lrm: 0.53 | dt: 160ms | tok/sec: 818,065 | mfu: 25.5% | epoch: 1 | remaining: 135s    
step 01043 (55.1%) | loss: 3.026667 | lrm: 0.53 | dt: 160ms | tok/sec: 818,205 | mfu: 25.5% | epoch: 1 | remaining: 135s    
step 01044 (55.1%) | loss: 3.029522 | lrm: 0.53 | dt: 160ms | tok/sec: 818,504 | mfu: 25.5% | epoch: 1 | remaining: 134s    
step 01045 (55.2%) | loss: 3.024378 | lrm: 0.53 | dt: 160ms | tok/sec: 818,319 | mfu: 25.5% | epoch: 1 | remaining: 134s    
step 01046 (55.3%) | loss: 3.025966 | lrm: 0.53 | dt: 160ms | tok/sec: 818,352 | mfu: 25.5% | epoch: 1 | remaining: 134s    
step 01047 (55.3%) | loss: 3.021299 | lrm: 0.53 | dt: 160ms | tok/sec: 818,201 | mfu: 25.5% | epoch: 1 | remaining: 134s    
step 01048 (55.4%) | loss: 3.023713 | lrm: 0.53 | dt: 160ms | tok/sec: 818,372 | mfu: 25.5% | epoch: 1 | remaining: 134s    
step 01049 (55.4%) | loss: 3.027566 | lrm: 0.52 | dt: 160ms | tok/sec: 818,149 | mfu: 25.5% | epoch: 1 | remaining: 134s    
step 01050 (55.5%) | loss: 3.025684 | lrm: 0.52 | dt: 160ms | tok/sec: 817,897 | mfu: 25.5% | epoch: 1 | remaining: 133s    
step 01051 (55.5%) | loss: 3.029979 | lrm: 0.52 | dt: 160ms | tok/sec: 818,238 | mfu: 25.5% | epoch: 1 | remaining: 133s    
step 01052 (55.6%) | loss: 3.023131 | lrm: 0.52 | dt: 160ms | tok/sec: 818,134 | mfu: 25.5% | epoch: 1 | remaining: 133s    
step 01053 (55.6%) | loss: 3.023730 | lrm: 0.52 | dt: 160ms | tok/sec: 817,793 | mfu: 25.5% | epoch: 1 | remaining: 133s    
step 01054 (55.7%) | loss: 3.018253 | lrm: 0.52 | dt: 160ms | tok/sec: 818,244 | mfu: 25.5% | epoch: 1 | remaining: 133s    
step 01055 (55.7%) | loss: 3.024153 | lrm: 0.52 | dt: 160ms | tok/sec: 817,955 | mfu: 25.5% | epoch: 1 | remaining: 133s    
step 01056 (55.8%) | loss: 3.023878 | lrm: 0.52 | dt: 160ms | tok/sec: 818,007 | mfu: 25.5% | epoch: 1 | remaining: 132s    
step 01057 (55.8%) | loss: 3.018791 | lrm: 0.52 | dt: 160ms | tok/sec: 818,205 | mfu: 25.5% | epoch: 1 | remaining: 132s    
step 01058 (55.9%) | loss: 3.019040 | lrm: 0.52 | dt: 160ms | tok/sec: 818,126 | mfu: 25.5% | epoch: 1 | remaining: 132s    
step 01059 (55.9%) | loss: 3.023025 | lrm: 0.52 | dt: 160ms | tok/sec: 818,177 | mfu: 25.5% | epoch: 1 | remaining: 132s    
step 01060 (56.0%) | loss: 3.028169 | lrm: 0.52 | dt: 160ms | tok/sec: 817,766 | mfu: 25.5% | epoch: 1 | remaining: 132s    
step 01061 (56.1%) | loss: 3.018084 | lrm: 0.52 | dt: 160ms | tok/sec: 818,322 | mfu: 25.5% | epoch: 1 | remaining: 132s    
step 01062 (56.1%) | loss: 3.017573 | lrm: 0.52 | dt: 160ms | tok/sec: 818,506 | mfu: 25.5% | epoch: 1 | remaining: 132s    
step 01063 (56.2%) | loss: 3.018246 | lrm: 0.52 | dt: 160ms | tok/sec: 818,330 | mfu: 25.5% | epoch: 1 | remaining: 131s    
step 01064 (56.2%) | loss: 3.011099 | lrm: 0.52 | dt: 160ms | tok/sec: 818,430 | mfu: 25.5% | epoch: 1 | remaining: 131s    
step 01065 (56.3%) | loss: 3.019293 | lrm: 0.51 | dt: 160ms | tok/sec: 818,081 | mfu: 25.5% | epoch: 1 | remaining: 131s    
step 01066 (56.3%) | loss: 3.016556 | lrm: 0.51 | dt: 160ms | tok/sec: 818,208 | mfu: 25.5% | epoch: 1 | remaining: 131s    
step 01067 (56.4%) | loss: 3.012757 | lrm: 0.51 | dt: 160ms | tok/sec: 818,117 | mfu: 25.5% | epoch: 1 | remaining: 131s    
step 01068 (56.4%) | loss: 3.014525 | lrm: 0.51 | dt: 160ms | tok/sec: 818,101 | mfu: 25.5% | epoch: 1 | remaining: 131s    
step 01069 (56.5%) | loss: 3.009376 | lrm: 0.51 | dt: 160ms | tok/sec: 818,076 | mfu: 25.5% | epoch: 1 | remaining: 130s    
step 01070 (56.5%) | loss: 3.012601 | lrm: 0.51 | dt: 160ms | tok/sec: 818,001 | mfu: 25.5% | epoch: 1 | remaining: 130s    
step 01071 (56.6%) | loss: 3.006237 | lrm: 0.51 | dt: 160ms | tok/sec: 818,142 | mfu: 25.5% | epoch: 1 | remaining: 130s    
step 01072 (56.6%) | loss: 3.006826 | lrm: 0.51 | dt: 160ms | tok/sec: 818,428 | mfu: 25.5% | epoch: 1 | remaining: 130s    
step 01073 (56.7%) | loss: 2.998572 | lrm: 0.51 | dt: 160ms | tok/sec: 818,112 | mfu: 25.5% | epoch: 1 | remaining: 130s    
step 01074 (56.8%) | loss: 2.996321 | lrm: 0.51 | dt: 160ms | tok/sec: 818,315 | mfu: 25.5% | epoch: 1 | remaining: 130s    
step 01075 (56.8%) | loss: 3.003706 | lrm: 0.51 | dt: 160ms | tok/sec: 817,848 | mfu: 25.5% | epoch: 1 | remaining: 129s    
step 01076 (56.9%) | loss: 3.007931 | lrm: 0.51 | dt: 160ms | tok/sec: 818,056 | mfu: 25.5% | epoch: 1 | remaining: 129s    
step 01077 (56.9%) | loss: 3.010450 | lrm: 0.51 | dt: 160ms | tok/sec: 818,138 | mfu: 25.5% | epoch: 1 | remaining: 129s    
step 01078 (57.0%) | loss: 3.010905 | lrm: 0.51 | dt: 160ms | tok/sec: 818,270 | mfu: 25.5% | epoch: 1 | remaining: 129s    
step 01079 (57.0%) | loss: 3.004948 | lrm: 0.51 | dt: 160ms | tok/sec: 818,366 | mfu: 25.5% | epoch: 1 | remaining: 129s    
step 01080 (57.1%) | loss: 3.008401 | lrm: 0.51 | dt: 160ms | tok/sec: 817,925 | mfu: 25.5% | epoch: 1 | remaining: 129s    
step 01081 (57.1%) | loss: 3.008690 | lrm: 0.50 | dt: 160ms | tok/sec: 818,084 | mfu: 25.5% | epoch: 1 | remaining: 128s    
step 01082 (57.2%) | loss: 3.009279 | lrm: 0.50 | dt: 160ms | tok/sec: 818,151 | mfu: 25.5% | epoch: 1 | remaining: 128s    
step 01083 (57.2%) | loss: 3.011739 | lrm: 0.50 | dt: 160ms | tok/sec: 818,020 | mfu: 25.5% | epoch: 1 | remaining: 128s    
step 01084 (57.3%) | loss: 3.010211 | lrm: 0.50 | dt: 160ms | tok/sec: 817,353 | mfu: 25.5% | epoch: 1 | remaining: 128s    
step 01085 (57.3%) | loss: 3.005782 | lrm: 0.50 | dt: 161ms | tok/sec: 816,119 | mfu: 25.4% | epoch: 1 | remaining: 128s    
step 01086 (57.4%) | loss: 3.009149 | lrm: 0.50 | dt: 160ms | tok/sec: 818,002 | mfu: 25.5% | epoch: 1 | remaining: 128s    
step 01087 (57.4%) | loss: 3.009030 | lrm: 0.50 | dt: 160ms | tok/sec: 818,298 | mfu: 25.5% | epoch: 1 | remaining: 128s    
step 01088 (57.5%) | loss: 3.008389 | lrm: 0.50 | dt: 160ms | tok/sec: 818,676 | mfu: 25.5% | epoch: 1 | remaining: 127s    
step 01089 (57.6%) | loss: 3.014158 | lrm: 0.50 | dt: 160ms | tok/sec: 818,386 | mfu: 25.5% | epoch: 1 | remaining: 127s    
step 01090 (57.6%) | loss: 3.016825 | lrm: 0.50 | dt: 160ms | tok/sec: 818,540 | mfu: 25.5% | epoch: 1 | remaining: 127s    
step 01091 (57.7%) | loss: 3.018600 | lrm: 0.50 | dt: 160ms | tok/sec: 818,469 | mfu: 25.5% | epoch: 1 | remaining: 127s    
step 01092 (57.7%) | loss: 3.016554 | lrm: 0.50 | dt: 160ms | tok/sec: 818,633 | mfu: 25.5% | epoch: 1 | remaining: 127s    
step 01093 (57.8%) | loss: 3.017605 | lrm: 0.50 | dt: 160ms | tok/sec: 818,529 | mfu: 25.5% | epoch: 1 | remaining: 127s    
step 01094 (57.8%) | loss: 3.013776 | lrm: 0.50 | dt: 160ms | tok/sec: 818,724 | mfu: 25.5% | epoch: 1 | remaining: 126s    
step 01095 (57.9%) | loss: 3.011082 | lrm: 0.50 | dt: 160ms | tok/sec: 818,753 | mfu: 25.5% | epoch: 1 | remaining: 126s    
step 01096 (57.9%) | loss: 3.008439 | lrm: 0.49 | dt: 160ms | tok/sec: 817,810 | mfu: 25.5% | epoch: 1 | remaining: 126s    
step 01097 (58.0%) | loss: 3.011233 | lrm: 0.49 | dt: 160ms | tok/sec: 817,896 | mfu: 25.5% | epoch: 1 | remaining: 126s    
step 01098 (58.0%) | loss: 3.012018 | lrm: 0.49 | dt: 160ms | tok/sec: 818,705 | mfu: 25.5% | epoch: 1 | remaining: 126s    
step 01099 (58.1%) | loss: 3.008531 | lrm: 0.49 | dt: 160ms | tok/sec: 818,015 | mfu: 25.5% | epoch: 1 | remaining: 126s    
step 01100 (58.1%) | loss: 3.012131 | lrm: 0.49 | dt: 160ms | tok/sec: 818,443 | mfu: 25.5% | epoch: 1 | remaining: 125s    
step 01101 (58.2%) | loss: 3.010805 | lrm: 0.49 | dt: 160ms | tok/sec: 818,264 | mfu: 25.5% | epoch: 1 | remaining: 125s    
step 01102 (58.2%) | loss: 3.006984 | lrm: 0.49 | dt: 160ms | tok/sec: 818,328 | mfu: 25.5% | epoch: 1 | remaining: 125s    
step 01103 (58.3%) | loss: 3.003902 | lrm: 0.49 | dt: 160ms | tok/sec: 818,433 | mfu: 25.5% | epoch: 1 | remaining: 125s    
step 01104 (58.4%) | loss: 3.005404 | lrm: 0.49 | dt: 160ms | tok/sec: 818,555 | mfu: 25.5% | epoch: 1 | remaining: 125s    
step 01105 (58.4%) | loss: 3.002994 | lrm: 0.49 | dt: 160ms | tok/sec: 818,755 | mfu: 25.5% | epoch: 1 | remaining: 125s    
step 01106 (58.5%) | loss: 3.010080 | lrm: 0.49 | dt: 160ms | tok/sec: 818,657 | mfu: 25.5% | epoch: 1 | remaining: 124s    
step 01107 (58.5%) | loss: 3.014644 | lrm: 0.49 | dt: 160ms | tok/sec: 818,141 | mfu: 25.5% | epoch: 1 | remaining: 124s    
step 01108 (58.6%) | loss: 3.015965 | lrm: 0.49 | dt: 160ms | tok/sec: 818,075 | mfu: 25.5% | epoch: 1 | remaining: 124s    
step 01109 (58.6%) | loss: 3.009857 | lrm: 0.49 | dt: 160ms | tok/sec: 818,510 | mfu: 25.5% | epoch: 1 | remaining: 124s    
step 01110 (58.7%) | loss: 3.008489 | lrm: 0.49 | dt: 160ms | tok/sec: 817,972 | mfu: 25.5% | epoch: 1 | remaining: 124s    
step 01111 (58.7%) | loss: 3.006662 | lrm: 0.49 | dt: 160ms | tok/sec: 818,648 | mfu: 25.5% | epoch: 1 | remaining: 124s    
step 01112 (58.8%) | loss: 3.010089 | lrm: 0.48 | dt: 160ms | tok/sec: 818,138 | mfu: 25.5% | epoch: 1 | remaining: 123s    
step 01113 (58.8%) | loss: 3.011056 | lrm: 0.48 | dt: 160ms | tok/sec: 818,327 | mfu: 25.5% | epoch: 1 | remaining: 123s    
step 01114 (58.9%) | loss: 3.005496 | lrm: 0.48 | dt: 160ms | tok/sec: 818,640 | mfu: 25.5% | epoch: 1 | remaining: 123s    
step 01115 (58.9%) | loss: 3.006137 | lrm: 0.48 | dt: 160ms | tok/sec: 818,353 | mfu: 25.5% | epoch: 1 | remaining: 123s    
step 01116 (59.0%) | loss: 3.008650 | lrm: 0.48 | dt: 160ms | tok/sec: 817,484 | mfu: 25.5% | epoch: 1 | remaining: 123s    
step 01117 (59.0%) | loss: 3.007002 | lrm: 0.48 | dt: 160ms | tok/sec: 817,952 | mfu: 25.5% | epoch: 1 | remaining: 123s    
step 01118 (59.1%) | loss: 3.011799 | lrm: 0.48 | dt: 160ms | tok/sec: 818,051 | mfu: 25.5% | epoch: 1 | remaining: 123s    
step 01119 (59.2%) | loss: 3.010162 | lrm: 0.48 | dt: 160ms | tok/sec: 818,073 | mfu: 25.5% | epoch: 1 | remaining: 122s    
step 01120 (59.2%) | loss: 3.008758 | lrm: 0.48 | dt: 160ms | tok/sec: 818,526 | mfu: 25.5% | epoch: 1 | remaining: 122s    
step 01121 (59.3%) | loss: 3.007076 | lrm: 0.48 | dt: 160ms | tok/sec: 818,645 | mfu: 25.5% | epoch: 1 | remaining: 122s    
step 01122 (59.3%) | loss: 3.004663 | lrm: 0.48 | dt: 160ms | tok/sec: 818,417 | mfu: 25.5% | epoch: 1 | remaining: 122s    
step 01123 (59.4%) | loss: 3.007284 | lrm: 0.48 | dt: 160ms | tok/sec: 818,400 | mfu: 25.5% | epoch: 1 | remaining: 122s    
step 01124 (59.4%) | loss: 3.011338 | lrm: 0.48 | dt: 160ms | tok/sec: 818,626 | mfu: 25.5% | epoch: 1 | remaining: 122s    
step 01125 (59.5%) | loss: 3.010491 | lrm: 0.48 | dt: 160ms | tok/sec: 817,710 | mfu: 25.5% | epoch: 1 | remaining: 121s    
step 01126 (59.5%) | loss: 3.013944 | lrm: 0.48 | dt: 160ms | tok/sec: 818,104 | mfu: 25.5% | epoch: 1 | remaining: 121s    
step 01127 (59.6%) | loss: 3.012627 | lrm: 0.48 | dt: 160ms | tok/sec: 817,618 | mfu: 25.5% | epoch: 1 | remaining: 121s    
step 01128 (59.6%) | loss: 3.017829 | lrm: 0.47 | dt: 160ms | tok/sec: 818,019 | mfu: 25.5% | epoch: 1 | remaining: 121s    
step 01129 (59.7%) | loss: 3.018311 | lrm: 0.47 | dt: 160ms | tok/sec: 818,017 | mfu: 25.5% | epoch: 1 | remaining: 121s    
step 01130 (59.7%) | loss: 3.016870 | lrm: 0.47 | dt: 160ms | tok/sec: 818,176 | mfu: 25.5% | epoch: 1 | remaining: 121s    
step 01131 (59.8%) | loss: 3.014573 | lrm: 0.47 | dt: 160ms | tok/sec: 818,151 | mfu: 25.5% | epoch: 1 | remaining: 120s    
step 01132 (59.8%) | loss: 3.011374 | lrm: 0.47 | dt: 160ms | tok/sec: 817,789 | mfu: 25.5% | epoch: 1 | remaining: 120s    
step 01133 (59.9%) | loss: 3.010657 | lrm: 0.47 | dt: 160ms | tok/sec: 817,837 | mfu: 25.5% | epoch: 1 | remaining: 120s    
step 01134 (60.0%) | loss: 3.013872 | lrm: 0.47 | dt: 160ms | tok/sec: 818,008 | mfu: 25.5% | epoch: 1 | remaining: 120s    
step 01135 (60.0%) | loss: 3.012162 | lrm: 0.47 | dt: 160ms | tok/sec: 818,229 | mfu: 25.5% | epoch: 1 | remaining: 120s    
step 01136 (60.1%) | loss: 3.014959 | lrm: 0.47 | dt: 160ms | tok/sec: 817,619 | mfu: 25.5% | epoch: 1 | remaining: 120s    
step 01137 (60.1%) | loss: 3.012076 | lrm: 0.47 | dt: 160ms | tok/sec: 818,024 | mfu: 25.5% | epoch: 1 | remaining: 119s    
step 01138 (60.2%) | loss: 3.004820 | lrm: 0.47 | dt: 160ms | tok/sec: 818,278 | mfu: 25.5% | epoch: 1 | remaining: 119s    
step 01139 (60.2%) | loss: 3.006984 | lrm: 0.47 | dt: 160ms | tok/sec: 818,218 | mfu: 25.5% | epoch: 1 | remaining: 119s    
step 01140 (60.3%) | loss: 3.001002 | lrm: 0.47 | dt: 160ms | tok/sec: 818,348 | mfu: 25.5% | epoch: 1 | remaining: 119s    
step 01141 (60.3%) | loss: 3.005410 | lrm: 0.47 | dt: 160ms | tok/sec: 818,192 | mfu: 25.5% | epoch: 1 | remaining: 119s    
step 01142 (60.4%) | loss: 3.005715 | lrm: 0.47 | dt: 161ms | tok/sec: 814,891 | mfu: 25.4% | epoch: 1 | remaining: 119s    
step 01143 (60.4%) | loss: 3.002852 | lrm: 0.47 | dt: 160ms | tok/sec: 817,633 | mfu: 25.5% | epoch: 1 | remaining: 119s    
step 01144 (60.5%) | loss: 3.007338 | lrm: 0.46 | dt: 160ms | tok/sec: 817,930 | mfu: 25.5% | epoch: 1 | remaining: 118s    
step 01145 (60.5%) | loss: 3.006696 | lrm: 0.46 | dt: 160ms | tok/sec: 818,143 | mfu: 25.5% | epoch: 1 | remaining: 118s    
step 01146 (60.6%) | loss: 3.008270 | lrm: 0.46 | dt: 161ms | tok/sec: 814,641 | mfu: 25.4% | epoch: 1 | remaining: 118s    
step 01147 (60.6%) | loss: 3.005539 | lrm: 0.46 | dt: 160ms | tok/sec: 818,193 | mfu: 25.5% | epoch: 1 | remaining: 118s    
step 01148 (60.7%) | loss: 2.997428 | lrm: 0.46 | dt: 160ms | tok/sec: 818,405 | mfu: 25.5% | epoch: 1 | remaining: 118s    
step 01149 (60.8%) | loss: 2.999435 | lrm: 0.46 | dt: 160ms | tok/sec: 818,338 | mfu: 25.5% | epoch: 1 | remaining: 118s    
step 01150 (60.8%) | loss: 2.992505 | lrm: 0.46 | dt: 160ms | tok/sec: 818,422 | mfu: 25.5% | epoch: 1 | remaining: 117s    
step 01151 (60.9%) | loss: 2.998599 | lrm: 0.46 | dt: 160ms | tok/sec: 818,582 | mfu: 25.5% | epoch: 1 | remaining: 117s    
step 01152 (60.9%) | loss: 2.997044 | lrm: 0.46 | dt: 160ms | tok/sec: 818,308 | mfu: 25.5% | epoch: 1 | remaining: 117s    
step 01153 (61.0%) | loss: 2.997623 | lrm: 0.46 | dt: 160ms | tok/sec: 818,194 | mfu: 25.5% | epoch: 1 | remaining: 117s    
step 01154 (61.0%) | loss: 3.000916 | lrm: 0.46 | dt: 160ms | tok/sec: 818,729 | mfu: 25.5% | epoch: 1 | remaining: 117s    
step 01155 (61.1%) | loss: 3.008461 | lrm: 0.46 | dt: 160ms | tok/sec: 818,598 | mfu: 25.5% | epoch: 1 | remaining: 117s    
step 01156 (61.1%) | loss: 3.015248 | lrm: 0.46 | dt: 160ms | tok/sec: 817,659 | mfu: 25.5% | epoch: 1 | remaining: 116s    
step 01157 (61.2%) | loss: 3.013484 | lrm: 0.46 | dt: 160ms | tok/sec: 818,017 | mfu: 25.5% | epoch: 1 | remaining: 116s    
step 01158 (61.2%) | loss: 3.005244 | lrm: 0.46 | dt: 160ms | tok/sec: 818,437 | mfu: 25.5% | epoch: 1 | remaining: 116s    
step 01159 (61.3%) | loss: 3.007975 | lrm: 0.46 | dt: 160ms | tok/sec: 818,674 | mfu: 25.5% | epoch: 1 | remaining: 116s    
step 01160 (61.3%) | loss: 2.997424 | lrm: 0.45 | dt: 160ms | tok/sec: 818,143 | mfu: 25.5% | epoch: 1 | remaining: 116s    
step 01161 (61.4%) | loss: 3.002673 | lrm: 0.45 | dt: 160ms | tok/sec: 818,537 | mfu: 25.5% | epoch: 1 | remaining: 116s    
step 01162 (61.5%) | loss: 2.999442 | lrm: 0.45 | dt: 160ms | tok/sec: 818,606 | mfu: 25.5% | epoch: 1 | remaining: 115s    
step 01163 (61.5%) | loss: 2.997534 | lrm: 0.45 | dt: 160ms | tok/sec: 818,216 | mfu: 25.5% | epoch: 1 | remaining: 115s    
step 01164 (61.6%) | loss: 3.006423 | lrm: 0.45 | dt: 160ms | tok/sec: 818,861 | mfu: 25.5% | epoch: 1 | remaining: 115s    
step 01165 (61.6%) | loss: 3.004480 | lrm: 0.45 | dt: 160ms | tok/sec: 818,783 | mfu: 25.5% | epoch: 1 | remaining: 115s    
step 01166 (61.7%) | loss: 3.005259 | lrm: 0.45 | dt: 160ms | tok/sec: 818,657 | mfu: 25.5% | epoch: 1 | remaining: 115s    
step 01167 (61.7%) | loss: 3.000823 | lrm: 0.45 | dt: 160ms | tok/sec: 818,690 | mfu: 25.5% | epoch: 1 | remaining: 115s    
step 01168 (61.8%) | loss: 2.993252 | lrm: 0.45 | dt: 160ms | tok/sec: 818,689 | mfu: 25.5% | epoch: 1 | remaining: 115s    
step 01169 (61.8%) | loss: 2.985722 | lrm: 0.45 | dt: 160ms | tok/sec: 818,576 | mfu: 25.5% | epoch: 1 | remaining: 114s    
step 01170 (61.9%) | loss: 2.983806 | lrm: 0.45 | dt: 160ms | tok/sec: 818,555 | mfu: 25.5% | epoch: 1 | remaining: 114s    
step 01171 (61.9%) | loss: 2.985682 | lrm: 0.45 | dt: 160ms | tok/sec: 818,606 | mfu: 25.5% | epoch: 1 | remaining: 114s    
step 01172 (62.0%) | loss: 2.979710 | lrm: 0.45 | dt: 160ms | tok/sec: 818,765 | mfu: 25.5% | epoch: 1 | remaining: 114s    
step 01173 (62.0%) | loss: 2.976674 | lrm: 0.45 | dt: 160ms | tok/sec: 818,644 | mfu: 25.5% | epoch: 1 | remaining: 114s    
step 01174 (62.1%) | loss: 2.974768 | lrm: 0.45 | dt: 160ms | tok/sec: 818,383 | mfu: 25.5% | epoch: 1 | remaining: 114s    
step 01175 (62.1%) | loss: 2.976285 | lrm: 0.45 | dt: 160ms | tok/sec: 818,726 | mfu: 25.5% | epoch: 1 | remaining: 113s    
step 01176 (62.2%) | loss: 2.972305 | lrm: 0.44 | dt: 160ms | tok/sec: 817,934 | mfu: 25.5% | epoch: 1 | remaining: 113s    
step 01177 (62.3%) | loss: 2.980935 | lrm: 0.44 | dt: 160ms | tok/sec: 817,610 | mfu: 25.5% | epoch: 1 | remaining: 113s    
step 01178 (62.3%) | loss: 2.982410 | lrm: 0.44 | dt: 161ms | tok/sec: 816,252 | mfu: 25.4% | epoch: 1 | remaining: 113s    
step 01179 (62.4%) | loss: 2.981272 | lrm: 0.44 | dt: 160ms | tok/sec: 817,865 | mfu: 25.5% | epoch: 1 | remaining: 113s    
step 01180 (62.4%) | loss: 2.986587 | lrm: 0.44 | dt: 160ms | tok/sec: 818,218 | mfu: 25.5% | epoch: 1 | remaining: 113s    
step 01181 (62.5%) | loss: 2.983781 | lrm: 0.44 | dt: 160ms | tok/sec: 818,425 | mfu: 25.5% | epoch: 1 | remaining: 112s    
step 01182 (62.5%) | loss: 2.986408 | lrm: 0.44 | dt: 160ms | tok/sec: 818,404 | mfu: 25.5% | epoch: 1 | remaining: 112s    
step 01183 (62.6%) | loss: 2.993564 | lrm: 0.44 | dt: 160ms | tok/sec: 818,510 | mfu: 25.5% | epoch: 1 | remaining: 112s    
step 01184 (62.6%) | loss: 2.997529 | lrm: 0.44 | dt: 160ms | tok/sec: 818,555 | mfu: 25.5% | epoch: 1 | remaining: 112s    
step 01185 (62.7%) | loss: 2.994959 | lrm: 0.44 | dt: 160ms | tok/sec: 818,674 | mfu: 25.5% | epoch: 1 | remaining: 112s    
step 01186 (62.7%) | loss: 3.002365 | lrm: 0.44 | dt: 160ms | tok/sec: 818,735 | mfu: 25.5% | epoch: 1 | remaining: 112s    
step 01187 (62.8%) | loss: 2.998456 | lrm: 0.44 | dt: 160ms | tok/sec: 818,632 | mfu: 25.5% | epoch: 1 | remaining: 111s    
step 01188 (62.8%) | loss: 2.993382 | lrm: 0.44 | dt: 160ms | tok/sec: 818,674 | mfu: 25.5% | epoch: 1 | remaining: 111s    
step 01189 (62.9%) | loss: 2.988180 | lrm: 0.44 | dt: 160ms | tok/sec: 818,665 | mfu: 25.5% | epoch: 1 | remaining: 111s    
step 01190 (62.9%) | loss: 2.992530 | lrm: 0.44 | dt: 160ms | tok/sec: 818,456 | mfu: 25.5% | epoch: 1 | remaining: 111s    
step 01191 (63.0%) | loss: 2.998548 | lrm: 0.44 | dt: 160ms | tok/sec: 818,753 | mfu: 25.5% | epoch: 1 | remaining: 111s    
step 01192 (63.1%) | loss: 3.001277 | lrm: 0.43 | dt: 160ms | tok/sec: 818,782 | mfu: 25.5% | epoch: 1 | remaining: 111s    
step 01193 (63.1%) | loss: 2.999525 | lrm: 0.43 | dt: 160ms | tok/sec: 818,456 | mfu: 25.5% | epoch: 1 | remaining: 111s    
step 01194 (63.2%) | loss: 2.991767 | lrm: 0.43 | dt: 160ms | tok/sec: 818,389 | mfu: 25.5% | epoch: 1 | remaining: 110s    
step 01195 (63.2%) | loss: 2.991821 | lrm: 0.43 | dt: 160ms | tok/sec: 818,297 | mfu: 25.5% | epoch: 1 | remaining: 110s    
step 01196 (63.3%) | loss: 2.996008 | lrm: 0.43 | dt: 160ms | tok/sec: 818,092 | mfu: 25.5% | epoch: 1 | remaining: 110s    
step 01197 (63.3%) | loss: 2.986050 | lrm: 0.43 | dt: 160ms | tok/sec: 818,707 | mfu: 25.5% | epoch: 1 | remaining: 110s    
step 01198 (63.4%) | loss: 2.980932 | lrm: 0.43 | dt: 160ms | tok/sec: 818,575 | mfu: 25.5% | epoch: 1 | remaining: 110s    
step 01199 (63.4%) | loss: 2.970245 | lrm: 0.43 | dt: 160ms | tok/sec: 818,678 | mfu: 25.5% | epoch: 1 | remaining: 110s    
step 01200 (63.5%) | loss: 2.967210 | lrm: 0.43 | dt: 160ms | tok/sec: 818,644 | mfu: 25.5% | epoch: 1 | remaining: 109s    
step 01201 (63.5%) | loss: 2.975115 | lrm: 0.43 | dt: 160ms | tok/sec: 818,174 | mfu: 25.5% | epoch: 1 | remaining: 109s    
step 01202 (63.6%) | loss: 2.979667 | lrm: 0.43 | dt: 160ms | tok/sec: 818,843 | mfu: 25.5% | epoch: 1 | remaining: 109s    
step 01203 (63.6%) | loss: 2.976879 | lrm: 0.43 | dt: 160ms | tok/sec: 818,338 | mfu: 25.5% | epoch: 1 | remaining: 109s    
step 01204 (63.7%) | loss: 2.973739 | lrm: 0.43 | dt: 160ms | tok/sec: 818,087 | mfu: 25.5% | epoch: 1 | remaining: 109s    
step 01205 (63.7%) | loss: 2.976066 | lrm: 0.43 | dt: 160ms | tok/sec: 818,124 | mfu: 25.5% | epoch: 1 | remaining: 109s    
step 01206 (63.8%) | loss: 2.975726 | lrm: 0.43 | dt: 160ms | tok/sec: 818,778 | mfu: 25.5% | epoch: 1 | remaining: 108s    
step 01207 (63.9%) | loss: 2.982046 | lrm: 0.43 | dt: 160ms | tok/sec: 818,774 | mfu: 25.5% | epoch: 1 | remaining: 108s    
step 01208 (63.9%) | loss: 2.981497 | lrm: 0.42 | dt: 160ms | tok/sec: 818,789 | mfu: 25.5% | epoch: 1 | remaining: 108s    
step 01209 (64.0%) | loss: 2.978407 | lrm: 0.42 | dt: 160ms | tok/sec: 818,842 | mfu: 25.5% | epoch: 1 | remaining: 108s    
step 01210 (64.0%) | loss: 2.982245 | lrm: 0.42 | dt: 160ms | tok/sec: 818,549 | mfu: 25.5% | epoch: 1 | remaining: 108s    
step 01211 (64.1%) | loss: 2.978173 | lrm: 0.42 | dt: 160ms | tok/sec: 818,603 | mfu: 25.5% | epoch: 1 | remaining: 108s    
step 01212 (64.1%) | loss: 2.984957 | lrm: 0.42 | dt: 160ms | tok/sec: 818,501 | mfu: 25.5% | epoch: 1 | remaining: 107s    
step 01213 (64.2%) | loss: 2.982174 | lrm: 0.42 | dt: 160ms | tok/sec: 818,792 | mfu: 25.5% | epoch: 1 | remaining: 107s    
step 01214 (64.2%) | loss: 2.979851 | lrm: 0.42 | dt: 160ms | tok/sec: 818,638 | mfu: 25.5% | epoch: 1 | remaining: 107s    
step 01215 (64.3%) | loss: 2.982947 | lrm: 0.42 | dt: 160ms | tok/sec: 818,995 | mfu: 25.5% | epoch: 1 | remaining: 107s    
step 01216 (64.3%) | loss: 2.980081 | lrm: 0.42 | dt: 160ms | tok/sec: 818,573 | mfu: 25.5% | epoch: 1 | remaining: 107s    
step 01217 (64.4%) | loss: 2.982175 | lrm: 0.42 | dt: 160ms | tok/sec: 818,774 | mfu: 25.5% | epoch: 1 | remaining: 107s    
step 01218 (64.4%) | loss: 2.980628 | lrm: 0.42 | dt: 160ms | tok/sec: 818,690 | mfu: 25.5% | epoch: 1 | remaining: 107s    
step 01219 (64.5%) | loss: 2.977497 | lrm: 0.42 | dt: 160ms | tok/sec: 818,771 | mfu: 25.5% | epoch: 1 | remaining: 106s    
step 01220 (64.5%) | loss: 2.973697 | lrm: 0.42 | dt: 160ms | tok/sec: 818,497 | mfu: 25.5% | epoch: 1 | remaining: 106s    
step 01221 (64.6%) | loss: 2.978416 | lrm: 0.42 | dt: 160ms | tok/sec: 818,543 | mfu: 25.5% | epoch: 1 | remaining: 106s    
step 01222 (64.7%) | loss: 2.978752 | lrm: 0.42 | dt: 160ms | tok/sec: 818,676 | mfu: 25.5% | epoch: 1 | remaining: 106s    
step 01223 (64.7%) | loss: 2.976574 | lrm: 0.42 | dt: 160ms | tok/sec: 818,434 | mfu: 25.5% | epoch: 1 | remaining: 106s    
step 01224 (64.8%) | loss: 2.977137 | lrm: 0.41 | dt: 160ms | tok/sec: 818,656 | mfu: 25.5% | epoch: 1 | remaining: 106s    
step 01225 (64.8%) | loss: 2.973040 | lrm: 0.41 | dt: 160ms | tok/sec: 818,782 | mfu: 25.5% | epoch: 1 | remaining: 105s    
step 01226 (64.9%) | loss: 2.966641 | lrm: 0.41 | dt: 160ms | tok/sec: 818,521 | mfu: 25.5% | epoch: 1 | remaining: 105s    
step 01227 (64.9%) | loss: 2.968182 | lrm: 0.41 | dt: 160ms | tok/sec: 818,246 | mfu: 25.5% | epoch: 1 | remaining: 105s    
step 01228 (65.0%) | loss: 2.965262 | lrm: 0.41 | dt: 160ms | tok/sec: 817,922 | mfu: 25.5% | epoch: 1 | remaining: 105s    
step 01229 (65.0%) | loss: 2.963186 | lrm: 0.41 | dt: 160ms | tok/sec: 818,269 | mfu: 25.5% | epoch: 1 | remaining: 105s    
step 01230 (65.1%) | loss: 2.961871 | lrm: 0.41 | dt: 160ms | tok/sec: 818,433 | mfu: 25.5% | epoch: 1 | remaining: 105s    
step 01231 (65.1%) | loss: 2.956660 | lrm: 0.41 | dt: 160ms | tok/sec: 818,317 | mfu: 25.5% | epoch: 1 | remaining: 104s    
step 01232 (65.2%) | loss: 2.953334 | lrm: 0.41 | dt: 160ms | tok/sec: 818,681 | mfu: 25.5% | epoch: 1 | remaining: 104s    
step 01233 (65.2%) | loss: 2.954140 | lrm: 0.41 | dt: 160ms | tok/sec: 818,380 | mfu: 25.5% | epoch: 1 | remaining: 104s    
step 01234 (65.3%) | loss: 2.956699 | lrm: 0.41 | dt: 160ms | tok/sec: 818,265 | mfu: 25.5% | epoch: 1 | remaining: 104s    
step 01235 (65.3%) | loss: 2.952652 | lrm: 0.41 | dt: 160ms | tok/sec: 818,255 | mfu: 25.5% | epoch: 1 | remaining: 104s    
step 01236 (65.4%) | loss: 2.953214 | lrm: 0.41 | dt: 160ms | tok/sec: 818,679 | mfu: 25.5% | epoch: 1 | remaining: 104s    
step 01237 (65.5%) | loss: 2.945818 | lrm: 0.41 | dt: 160ms | tok/sec: 818,706 | mfu: 25.5% | epoch: 1 | remaining: 103s    
step 01238 (65.5%) | loss: 2.946354 | lrm: 0.41 | dt: 160ms | tok/sec: 818,666 | mfu: 25.5% | epoch: 1 | remaining: 103s    
step 01239 (65.6%) | loss: 2.944833 | lrm: 0.41 | dt: 160ms | tok/sec: 818,566 | mfu: 25.5% | epoch: 1 | remaining: 103s    
step 01240 (65.6%) | loss: 2.947208 | lrm: 0.40 | dt: 160ms | tok/sec: 818,475 | mfu: 25.5% | epoch: 1 | remaining: 103s    
step 01241 (65.7%) | loss: 2.940746 | lrm: 0.40 | dt: 160ms | tok/sec: 818,426 | mfu: 25.5% | epoch: 1 | remaining: 103s    
step 01242 (65.7%) | loss: 2.945592 | lrm: 0.40 | dt: 160ms | tok/sec: 818,528 | mfu: 25.5% | epoch: 1 | remaining: 103s    
step 01243 (65.8%) | loss: 2.950747 | lrm: 0.40 | dt: 160ms | tok/sec: 818,467 | mfu: 25.5% | epoch: 1 | remaining: 103s    
step 01244 (65.8%) | loss: 2.947012 | lrm: 0.40 | dt: 160ms | tok/sec: 818,885 | mfu: 25.5% | epoch: 1 | remaining: 102s    
step 01245 (65.9%) | loss: 2.946638 | lrm: 0.40 | dt: 160ms | tok/sec: 818,242 | mfu: 25.5% | epoch: 1 | remaining: 102s    
step 01246 (65.9%) | loss: 2.950205 | lrm: 0.40 | dt: 160ms | tok/sec: 818,487 | mfu: 25.5% | epoch: 1 | remaining: 102s    
step 01247 (66.0%) | loss: 2.953257 | lrm: 0.40 | dt: 160ms | tok/sec: 818,438 | mfu: 25.5% | epoch: 1 | remaining: 102s    
step 01248 (66.0%) | loss: 2.954300 | lrm: 0.40 | dt: 160ms | tok/sec: 817,781 | mfu: 25.5% | epoch: 1 | remaining: 102s    
step 01249 (66.1%) | loss: 2.954828 | lrm: 0.40 | dt: 160ms | tok/sec: 818,298 | mfu: 25.5% | epoch: 1 | remaining: 102s    
step 01250 (66.1%) | loss: 2.953338 | lrm: 0.40 | dt: 160ms | tok/sec: 818,469 | mfu: 25.5% | epoch: 1 | remaining: 101s    
step 01251 (66.2%) | loss: 2.956522 | lrm: 0.40 | dt: 160ms | tok/sec: 818,526 | mfu: 25.5% | epoch: 1 | remaining: 101s    
step 01252 (66.3%) | loss: 2.956530 | lrm: 0.40 | dt: 160ms | tok/sec: 818,203 | mfu: 25.5% | epoch: 1 | remaining: 101s    
step 01253 (66.3%) | loss: 2.960103 | lrm: 0.40 | dt: 160ms | tok/sec: 818,168 | mfu: 25.5% | epoch: 1 | remaining: 101s    
step 01254 (66.4%) | loss: 2.957943 | lrm: 0.40 | dt: 160ms | tok/sec: 818,325 | mfu: 25.5% | epoch: 1 | remaining: 101s    
step 01255 (66.4%) | loss: 2.959177 | lrm: 0.40 | dt: 160ms | tok/sec: 818,231 | mfu: 25.5% | epoch: 1 | remaining: 101s    
step 01256 (66.5%) | loss: 2.950926 | lrm: 0.39 | dt: 160ms | tok/sec: 818,560 | mfu: 25.5% | epoch: 1 | remaining: 100s    
step 01257 (66.5%) | loss: 2.947648 | lrm: 0.39 | dt: 160ms | tok/sec: 818,590 | mfu: 25.5% | epoch: 1 | remaining: 100s    
step 01258 (66.6%) | loss: 2.947232 | lrm: 0.39 | dt: 160ms | tok/sec: 818,415 | mfu: 25.5% | epoch: 1 | remaining: 100s    
step 01259 (66.6%) | loss: 2.943833 | lrm: 0.39 | dt: 160ms | tok/sec: 818,700 | mfu: 25.5% | epoch: 1 | remaining: 100s    
step 01260 (66.7%) | loss: 2.943377 | lrm: 0.39 | dt: 160ms | tok/sec: 818,448 | mfu: 25.5% | epoch: 1 | remaining: 100s    
step 01261 (66.7%) | loss: 2.945971 | lrm: 0.39 | dt: 160ms | tok/sec: 818,604 | mfu: 25.5% | epoch: 1 | remaining: 100s    
step 01262 (66.8%) | loss: 2.944226 | lrm: 0.39 | dt: 160ms | tok/sec: 817,929 | mfu: 25.5% | epoch: 1 | remaining: 99s    
step 01263 (66.8%) | loss: 2.946842 | lrm: 0.39 | dt: 160ms | tok/sec: 818,297 | mfu: 25.5% | epoch: 1 | remaining: 99s    
step 01264 (66.9%) | loss: 2.952684 | lrm: 0.39 | dt: 160ms | tok/sec: 818,626 | mfu: 25.5% | epoch: 1 | remaining: 99s    
step 01265 (66.9%) | loss: 2.961745 | lrm: 0.39 | dt: 160ms | tok/sec: 818,488 | mfu: 25.5% | epoch: 1 | remaining: 99s    
step 01266 (67.0%) | loss: 2.963142 | lrm: 0.39 | dt: 160ms | tok/sec: 818,467 | mfu: 25.5% | epoch: 1 | remaining: 99s    
step 01267 (67.1%) | loss: 2.965719 | lrm: 0.39 | dt: 160ms | tok/sec: 818,846 | mfu: 25.5% | epoch: 1 | remaining: 99s    
step 01268 (67.1%) | loss: 2.963346 | lrm: 0.39 | dt: 160ms | tok/sec: 818,572 | mfu: 25.5% | epoch: 1 | remaining: 99s    
step 01269 (67.2%) | loss: 2.961622 | lrm: 0.39 | dt: 160ms | tok/sec: 818,599 | mfu: 25.5% | epoch: 1 | remaining: 98s    
step 01270 (67.2%) | loss: 2.959622 | lrm: 0.39 | dt: 160ms | tok/sec: 818,692 | mfu: 25.5% | epoch: 1 | remaining: 98s    
step 01271 (67.3%) | loss: 2.952058 | lrm: 0.39 | dt: 160ms | tok/sec: 818,640 | mfu: 25.5% | epoch: 1 | remaining: 98s    
step 01272 (67.3%) | loss: 2.959338 | lrm: 0.38 | dt: 160ms | tok/sec: 818,042 | mfu: 25.5% | epoch: 1 | remaining: 98s    
step 01273 (67.4%) | loss: 2.956904 | lrm: 0.38 | dt: 160ms | tok/sec: 818,395 | mfu: 25.5% | epoch: 1 | remaining: 98s    
step 01274 (67.4%) | loss: 2.954418 | lrm: 0.38 | dt: 160ms | tok/sec: 818,310 | mfu: 25.5% | epoch: 1 | remaining: 98s    
step 01275 (67.5%) | loss: 2.953498 | lrm: 0.38 | dt: 160ms | tok/sec: 818,589 | mfu: 25.5% | epoch: 1 | remaining: 97s    
step 01276 (67.5%) | loss: 2.953926 | lrm: 0.38 | dt: 160ms | tok/sec: 818,598 | mfu: 25.5% | epoch: 1 | remaining: 97s    
step 01277 (67.6%) | loss: 2.958132 | lrm: 0.38 | dt: 160ms | tok/sec: 817,959 | mfu: 25.5% | epoch: 1 | remaining: 97s    
step 01278 (67.6%) | loss: 2.962662 | lrm: 0.38 | dt: 160ms | tok/sec: 818,193 | mfu: 25.5% | epoch: 1 | remaining: 97s    
step 01279 (67.7%) | loss: 2.959590 | lrm: 0.38 | dt: 160ms | tok/sec: 817,890 | mfu: 25.5% | epoch: 1 | remaining: 97s    
step 01280 (67.7%) | loss: 2.958161 | lrm: 0.38 | dt: 160ms | tok/sec: 818,325 | mfu: 25.5% | epoch: 1 | remaining: 97s    
step 01281 (67.8%) | loss: 2.955054 | lrm: 0.38 | dt: 160ms | tok/sec: 818,113 | mfu: 25.5% | epoch: 1 | remaining: 96s    
step 01282 (67.9%) | loss: 2.944267 | lrm: 0.38 | dt: 160ms | tok/sec: 818,389 | mfu: 25.5% | epoch: 1 | remaining: 96s    
step 01283 (67.9%) | loss: 2.954646 | lrm: 0.38 | dt: 160ms | tok/sec: 818,471 | mfu: 25.5% | epoch: 1 | remaining: 96s    
step 01284 (68.0%) | loss: 2.958747 | lrm: 0.38 | dt: 160ms | tok/sec: 818,632 | mfu: 25.5% | epoch: 1 | remaining: 96s    
step 01285 (68.0%) | loss: 2.957599 | lrm: 0.38 | dt: 160ms | tok/sec: 818,603 | mfu: 25.5% | epoch: 1 | remaining: 96s    
step 01286 (68.1%) | loss: 2.960764 | lrm: 0.38 | dt: 160ms | tok/sec: 818,339 | mfu: 25.5% | epoch: 1 | remaining: 96s    
step 01287 (68.1%) | loss: 2.965336 | lrm: 0.38 | dt: 160ms | tok/sec: 818,235 | mfu: 25.5% | epoch: 1 | remaining: 95s    
step 01288 (68.2%) | loss: 2.960877 | lrm: 0.37 | dt: 160ms | tok/sec: 817,545 | mfu: 25.5% | epoch: 1 | remaining: 95s    
step 01289 (68.2%) | loss: 2.958334 | lrm: 0.37 | dt: 160ms | tok/sec: 817,013 | mfu: 25.5% | epoch: 1 | remaining: 95s    
step 01290 (68.3%) | loss: 2.955712 | lrm: 0.37 | dt: 160ms | tok/sec: 817,983 | mfu: 25.5% | epoch: 1 | remaining: 95s    
step 01291 (68.3%) | loss: 2.952845 | lrm: 0.37 | dt: 160ms | tok/sec: 818,078 | mfu: 25.5% | epoch: 1 | remaining: 95s    
step 01292 (68.4%) | loss: 2.946834 | lrm: 0.37 | dt: 160ms | tok/sec: 817,968 | mfu: 25.5% | epoch: 1 | remaining: 95s    
step 01293 (68.4%) | loss: 2.956791 | lrm: 0.37 | dt: 160ms | tok/sec: 818,367 | mfu: 25.5% | epoch: 1 | remaining: 95s    
step 01294 (68.5%) | loss: 2.952146 | lrm: 0.37 | dt: 160ms | tok/sec: 818,358 | mfu: 25.5% | epoch: 1 | remaining: 94s    
step 01295 (68.6%) | loss: 2.950830 | lrm: 0.37 | dt: 160ms | tok/sec: 818,376 | mfu: 25.5% | epoch: 1 | remaining: 94s    
step 01296 (68.6%) | loss: 2.951109 | lrm: 0.37 | dt: 160ms | tok/sec: 818,117 | mfu: 25.5% | epoch: 1 | remaining: 94s    
step 01297 (68.7%) | loss: 2.945884 | lrm: 0.37 | dt: 160ms | tok/sec: 818,482 | mfu: 25.5% | epoch: 1 | remaining: 94s    
step 01298 (68.7%) | loss: 2.949238 | lrm: 0.37 | dt: 160ms | tok/sec: 818,717 | mfu: 25.5% | epoch: 1 | remaining: 94s    
step 01299 (68.8%) | loss: 2.947227 | lrm: 0.37 | dt: 160ms | tok/sec: 818,406 | mfu: 25.5% | epoch: 1 | remaining: 94s    
step 01300 (68.8%) | loss: 2.948520 | lrm: 0.37 | dt: 160ms | tok/sec: 818,677 | mfu: 25.5% | epoch: 1 | remaining: 93s    
step 01301 (68.9%) | loss: 2.939750 | lrm: 0.37 | dt: 160ms | tok/sec: 818,386 | mfu: 25.5% | epoch: 1 | remaining: 93s    
step 01302 (68.9%) | loss: 2.945675 | lrm: 0.37 | dt: 160ms | tok/sec: 818,622 | mfu: 25.5% | epoch: 1 | remaining: 93s    
step 01303 (69.0%) | loss: 2.937498 | lrm: 0.36 | dt: 160ms | tok/sec: 818,458 | mfu: 25.5% | epoch: 1 | remaining: 93s    
step 01304 (69.0%) | loss: 2.939254 | lrm: 0.36 | dt: 160ms | tok/sec: 818,281 | mfu: 25.5% | epoch: 1 | remaining: 93s    
step 01305 (69.1%) | loss: 2.930273 | lrm: 0.36 | dt: 160ms | tok/sec: 818,705 | mfu: 25.5% | epoch: 1 | remaining: 93s    
step 01306 (69.1%) | loss: 2.930416 | lrm: 0.36 | dt: 160ms | tok/sec: 818,327 | mfu: 25.5% | epoch: 1 | remaining: 92s    
step 01307 (69.2%) | loss: 2.941956 | lrm: 0.36 | dt: 160ms | tok/sec: 818,387 | mfu: 25.5% | epoch: 1 | remaining: 92s    
step 01308 (69.2%) | loss: 2.942394 | lrm: 0.36 | dt: 160ms | tok/sec: 818,577 | mfu: 25.5% | epoch: 1 | remaining: 92s    
step 01309 (69.3%) | loss: 2.947790 | lrm: 0.36 | dt: 160ms | tok/sec: 818,612 | mfu: 25.5% | epoch: 1 | remaining: 92s    
step 01310 (69.4%) | loss: 2.958141 | lrm: 0.36 | dt: 160ms | tok/sec: 818,846 | mfu: 25.5% | epoch: 1 | remaining: 92s    
step 01311 (69.4%) | loss: 2.957185 | lrm: 0.36 | dt: 160ms | tok/sec: 818,577 | mfu: 25.5% | epoch: 1 | remaining: 92s    
step 01312 (69.5%) | loss: 2.948298 | lrm: 0.36 | dt: 160ms | tok/sec: 818,603 | mfu: 25.5% | epoch: 1 | remaining: 91s    
step 01313 (69.5%) | loss: 2.947408 | lrm: 0.36 | dt: 160ms | tok/sec: 818,454 | mfu: 25.5% | epoch: 1 | remaining: 91s    
step 01314 (69.6%) | loss: 2.941118 | lrm: 0.36 | dt: 160ms | tok/sec: 818,588 | mfu: 25.5% | epoch: 1 | remaining: 91s    
step 01315 (69.6%) | loss: 2.939842 | lrm: 0.36 | dt: 160ms | tok/sec: 818,784 | mfu: 25.5% | epoch: 1 | remaining: 91s    
step 01316 (69.7%) | loss: 2.940920 | lrm: 0.36 | dt: 162ms | tok/sec: 809,529 | mfu: 25.2% | epoch: 1 | remaining: 91s    
step 01317 (69.7%) | loss: 2.941385 | lrm: 0.36 | dt: 160ms | tok/sec: 818,657 | mfu: 25.5% | epoch: 1 | remaining: 91s    
step 01318 (69.8%) | loss: 2.949170 | lrm: 0.36 | dt: 160ms | tok/sec: 818,703 | mfu: 25.5% | epoch: 1 | remaining: 91s    
step 01319 (69.8%) | loss: 2.946538 | lrm: 0.35 | dt: 160ms | tok/sec: 818,631 | mfu: 25.5% | epoch: 1 | remaining: 90s    
step 01320 (69.9%) | loss: 2.950219 | lrm: 0.35 | dt: 160ms | tok/sec: 818,539 | mfu: 25.5% | epoch: 1 | remaining: 90s    
step 01321 (69.9%) | loss: 2.950325 | lrm: 0.35 | dt: 160ms | tok/sec: 818,807 | mfu: 25.5% | epoch: 1 | remaining: 90s    
step 01322 (70.0%) | loss: 2.943572 | lrm: 0.35 | dt: 160ms | tok/sec: 818,721 | mfu: 25.5% | epoch: 1 | remaining: 90s    
step 01323 (70.0%) | loss: 2.946836 | lrm: 0.35 | dt: 160ms | tok/sec: 818,654 | mfu: 25.5% | epoch: 1 | remaining: 90s    
step 01324 (70.1%) | loss: 2.948584 | lrm: 0.35 | dt: 160ms | tok/sec: 818,589 | mfu: 25.5% | epoch: 1 | remaining: 90s    
step 01325 (70.2%) | loss: 2.946468 | lrm: 0.35 | dt: 160ms | tok/sec: 818,479 | mfu: 25.5% | epoch: 1 | remaining: 89s    
step 01326 (70.2%) | loss: 2.948406 | lrm: 0.35 | dt: 160ms | tok/sec: 818,584 | mfu: 25.5% | epoch: 1 | remaining: 89s    
step 01327 (70.3%) | loss: 2.951362 | lrm: 0.35 | dt: 160ms | tok/sec: 818,521 | mfu: 25.5% | epoch: 1 | remaining: 89s    
step 01328 (70.3%) | loss: 2.949826 | lrm: 0.35 | dt: 160ms | tok/sec: 818,638 | mfu: 25.5% | epoch: 1 | remaining: 89s    
step 01329 (70.4%) | loss: 2.956908 | lrm: 0.35 | dt: 160ms | tok/sec: 818,326 | mfu: 25.5% | epoch: 1 | remaining: 89s    
step 01330 (70.4%) | loss: 2.950478 | lrm: 0.35 | dt: 160ms | tok/sec: 818,784 | mfu: 25.5% | epoch: 1 | remaining: 89s    
step 01331 (70.5%) | loss: 2.953562 | lrm: 0.35 | dt: 160ms | tok/sec: 818,657 | mfu: 25.5% | epoch: 1 | remaining: 88s    
step 01332 (70.5%) | loss: 2.953027 | lrm: 0.35 | dt: 160ms | tok/sec: 818,810 | mfu: 25.5% | epoch: 1 | remaining: 88s    
step 01333 (70.6%) | loss: 2.956803 | lrm: 0.35 | dt: 160ms | tok/sec: 818,320 | mfu: 25.5% | epoch: 1 | remaining: 88s    
step 01334 (70.6%) | loss: 2.951753 | lrm: 0.35 | dt: 160ms | tok/sec: 818,672 | mfu: 25.5% | epoch: 1 | remaining: 88s    
step 01335 (70.7%) | loss: 2.954622 | lrm: 0.34 | dt: 160ms | tok/sec: 818,409 | mfu: 25.5% | epoch: 1 | remaining: 88s    
step 01336 (70.7%) | loss: 2.953893 | lrm: 0.34 | dt: 160ms | tok/sec: 818,462 | mfu: 25.5% | epoch: 1 | remaining: 88s    
step 01337 (70.8%) | loss: 2.952768 | lrm: 0.34 | dt: 160ms | tok/sec: 818,568 | mfu: 25.5% | epoch: 1 | remaining: 87s    
step 01338 (70.8%) | loss: 2.948640 | lrm: 0.34 | dt: 160ms | tok/sec: 818,570 | mfu: 25.5% | epoch: 1 | remaining: 87s    
step 01339 (70.9%) | loss: 2.950527 | lrm: 0.34 | dt: 160ms | tok/sec: 818,632 | mfu: 25.5% | epoch: 1 | remaining: 87s    
step 01340 (71.0%) | loss: 2.953386 | lrm: 0.34 | dt: 160ms | tok/sec: 818,676 | mfu: 25.5% | epoch: 1 | remaining: 87s    
step 01341 (71.0%) | loss: 2.953047 | lrm: 0.34 | dt: 160ms | tok/sec: 818,710 | mfu: 25.5% | epoch: 1 | remaining: 87s    
step 01342 (71.1%) | loss: 2.950312 | lrm: 0.34 | dt: 160ms | tok/sec: 818,477 | mfu: 25.5% | epoch: 1 | remaining: 87s    
step 01343 (71.1%) | loss: 2.948745 | lrm: 0.34 | dt: 160ms | tok/sec: 818,557 | mfu: 25.5% | epoch: 1 | remaining: 87s    
step 01344 (71.2%) | loss: 2.945180 | lrm: 0.34 | dt: 160ms | tok/sec: 818,549 | mfu: 25.5% | epoch: 1 | remaining: 86s    
step 01345 (71.2%) | loss: 2.931909 | lrm: 0.34 | dt: 160ms | tok/sec: 818,215 | mfu: 25.5% | epoch: 1 | remaining: 86s    
step 01346 (71.3%) | loss: 2.937009 | lrm: 0.34 | dt: 160ms | tok/sec: 818,561 | mfu: 25.5% | epoch: 1 | remaining: 86s    
step 01347 (71.3%) | loss: 2.938769 | lrm: 0.34 | dt: 160ms | tok/sec: 818,683 | mfu: 25.5% | epoch: 1 | remaining: 86s    
step 01348 (71.4%) | loss: 2.943468 | lrm: 0.34 | dt: 160ms | tok/sec: 818,403 | mfu: 25.5% | epoch: 1 | remaining: 86s    
step 01349 (71.4%) | loss: 2.941031 | lrm: 0.34 | dt: 160ms | tok/sec: 818,885 | mfu: 25.5% | epoch: 1 | remaining: 86s    
step 01350 (71.5%) | loss: 2.951495 | lrm: 0.34 | dt: 160ms | tok/sec: 818,648 | mfu: 25.5% | epoch: 1 | remaining: 85s    
step 01351 (71.5%) | loss: 2.949928 | lrm: 0.33 | dt: 160ms | tok/sec: 818,258 | mfu: 25.5% | epoch: 1 | remaining: 85s    
step 01352 (71.6%) | loss: 2.948286 | lrm: 0.33 | dt: 161ms | tok/sec: 816,531 | mfu: 25.4% | epoch: 1 | remaining: 85s    
step 01353 (71.6%) | loss: 2.944276 | lrm: 0.33 | dt: 160ms | tok/sec: 818,152 | mfu: 25.5% | epoch: 1 | remaining: 85s    
step 01354 (71.7%) | loss: 2.939812 | lrm: 0.33 | dt: 160ms | tok/sec: 818,296 | mfu: 25.5% | epoch: 1 | remaining: 85s    
step 01355 (71.8%) | loss: 2.941473 | lrm: 0.33 | dt: 160ms | tok/sec: 818,047 | mfu: 25.5% | epoch: 1 | remaining: 85s    
step 01356 (71.8%) | loss: 2.942197 | lrm: 0.33 | dt: 160ms | tok/sec: 818,326 | mfu: 25.5% | epoch: 1 | remaining: 84s    
step 01357 (71.9%) | loss: 2.942464 | lrm: 0.33 | dt: 160ms | tok/sec: 818,478 | mfu: 25.5% | epoch: 1 | remaining: 84s    
step 01358 (71.9%) | loss: 2.941286 | lrm: 0.33 | dt: 160ms | tok/sec: 818,447 | mfu: 25.5% | epoch: 1 | remaining: 84s    
step 01359 (72.0%) | loss: 2.943730 | lrm: 0.33 | dt: 160ms | tok/sec: 818,271 | mfu: 25.5% | epoch: 1 | remaining: 84s    
step 01360 (72.0%) | loss: 2.935304 | lrm: 0.33 | dt: 160ms | tok/sec: 818,006 | mfu: 25.5% | epoch: 1 | remaining: 84s    
step 01361 (72.1%) | loss: 2.930794 | lrm: 0.33 | dt: 160ms | tok/sec: 818,363 | mfu: 25.5% | epoch: 1 | remaining: 84s    
step 01362 (72.1%) | loss: 2.938883 | lrm: 0.33 | dt: 160ms | tok/sec: 818,309 | mfu: 25.5% | epoch: 1 | remaining: 83s    
step 01363 (72.2%) | loss: 2.936643 | lrm: 0.33 | dt: 160ms | tok/sec: 818,269 | mfu: 25.5% | epoch: 1 | remaining: 83s    
step 01364 (72.2%) | loss: 2.939136 | lrm: 0.33 | dt: 160ms | tok/sec: 818,561 | mfu: 25.5% | epoch: 1 | remaining: 83s    
step 01365 (72.3%) | loss: 2.942411 | lrm: 0.33 | dt: 160ms | tok/sec: 818,528 | mfu: 25.5% | epoch: 1 | remaining: 83s    
step 01366 (72.3%) | loss: 2.946126 | lrm: 0.33 | dt: 160ms | tok/sec: 818,438 | mfu: 25.5% | epoch: 1 | remaining: 83s    
step 01367 (72.4%) | loss: 2.951353 | lrm: 0.32 | dt: 160ms | tok/sec: 818,638 | mfu: 25.5% | epoch: 1 | remaining: 83s    
step 01368 (72.4%) | loss: 2.950937 | lrm: 0.32 | dt: 160ms | tok/sec: 818,265 | mfu: 25.5% | epoch: 1 | remaining: 82s    
step 01369 (72.5%) | loss: 2.944351 | lrm: 0.32 | dt: 160ms | tok/sec: 818,646 | mfu: 25.5% | epoch: 1 | remaining: 82s    
step 01370 (72.6%) | loss: 2.944760 | lrm: 0.32 | dt: 160ms | tok/sec: 818,327 | mfu: 25.5% | epoch: 1 | remaining: 82s    
step 01371 (72.6%) | loss: 2.947020 | lrm: 0.32 | dt: 160ms | tok/sec: 817,096 | mfu: 25.5% | epoch: 1 | remaining: 82s    
step 01372 (72.7%) | loss: 2.950751 | lrm: 0.32 | dt: 160ms | tok/sec: 818,026 | mfu: 25.5% | epoch: 1 | remaining: 82s    
step 01373 (72.7%) | loss: 2.952984 | lrm: 0.32 | dt: 160ms | tok/sec: 818,328 | mfu: 25.5% | epoch: 1 | remaining: 82s    
step 01374 (72.8%) | loss: 2.948097 | lrm: 0.32 | dt: 160ms | tok/sec: 818,360 | mfu: 25.5% | epoch: 1 | remaining: 82s    
step 01375 (72.8%) | loss: 2.944653 | lrm: 0.32 | dt: 160ms | tok/sec: 818,305 | mfu: 25.5% | epoch: 1 | remaining: 81s    
step 01376 (72.9%) | loss: 2.952090 | lrm: 0.32 | dt: 160ms | tok/sec: 818,570 | mfu: 25.5% | epoch: 1 | remaining: 81s    
step 01377 (72.9%) | loss: 2.953892 | lrm: 0.32 | dt: 160ms | tok/sec: 818,375 | mfu: 25.5% | epoch: 1 | remaining: 81s    
step 01378 (73.0%) | loss: 2.955987 | lrm: 0.32 | dt: 160ms | tok/sec: 818,512 | mfu: 25.5% | epoch: 1 | remaining: 81s    
step 01379 (73.0%) | loss: 2.951810 | lrm: 0.32 | dt: 160ms | tok/sec: 818,389 | mfu: 25.5% | epoch: 1 | remaining: 81s    
step 01380 (73.1%) | loss: 2.954497 | lrm: 0.32 | dt: 160ms | tok/sec: 818,158 | mfu: 25.5% | epoch: 1 | remaining: 81s    
step 01381 (73.1%) | loss: 2.950036 | lrm: 0.32 | dt: 160ms | tok/sec: 818,842 | mfu: 25.5% | epoch: 1 | remaining: 80s    
step 01382 (73.2%) | loss: 2.951459 | lrm: 0.32 | dt: 160ms | tok/sec: 818,672 | mfu: 25.5% | epoch: 1 | remaining: 80s    
step 01383 (73.2%) | loss: 2.959387 | lrm: 0.31 | dt: 160ms | tok/sec: 818,620 | mfu: 25.5% | epoch: 1 | remaining: 80s    
step 01384 (73.3%) | loss: 2.956663 | lrm: 0.31 | dt: 160ms | tok/sec: 818,696 | mfu: 25.5% | epoch: 1 | remaining: 80s    
step 01385 (73.4%) | loss: 2.952826 | lrm: 0.31 | dt: 160ms | tok/sec: 818,528 | mfu: 25.5% | epoch: 1 | remaining: 80s    
step 01386 (73.4%) | loss: 2.944597 | lrm: 0.31 | dt: 160ms | tok/sec: 818,250 | mfu: 25.5% | epoch: 1 | remaining: 80s    
step 01387 (73.5%) | loss: 2.945377 | lrm: 0.31 | dt: 160ms | tok/sec: 818,568 | mfu: 25.5% | epoch: 1 | remaining: 79s    
step 01388 (73.5%) | loss: 2.948688 | lrm: 0.31 | dt: 160ms | tok/sec: 818,671 | mfu: 25.5% | epoch: 1 | remaining: 79s    
step 01389 (73.6%) | loss: 2.944928 | lrm: 0.31 | dt: 160ms | tok/sec: 818,479 | mfu: 25.5% | epoch: 1 | remaining: 79s    
step 01390 (73.6%) | loss: 2.941422 | lrm: 0.31 | dt: 160ms | tok/sec: 818,598 | mfu: 25.5% | epoch: 1 | remaining: 79s    
step 01391 (73.7%) | loss: 2.935959 | lrm: 0.31 | dt: 160ms | tok/sec: 818,726 | mfu: 25.5% | epoch: 1 | remaining: 79s    
step 01392 (73.7%) | loss: 2.934321 | lrm: 0.31 | dt: 160ms | tok/sec: 818,635 | mfu: 25.5% | epoch: 1 | remaining: 79s    
step 01393 (73.8%) | loss: 2.936740 | lrm: 0.31 | dt: 160ms | tok/sec: 818,812 | mfu: 25.5% | epoch: 1 | remaining: 78s    
step 01394 (73.8%) | loss: 2.935901 | lrm: 0.31 | dt: 160ms | tok/sec: 818,517 | mfu: 25.5% | epoch: 1 | remaining: 78s    
step 01395 (73.9%) | loss: 2.933371 | lrm: 0.31 | dt: 160ms | tok/sec: 818,475 | mfu: 25.5% | epoch: 1 | remaining: 78s    
step 01396 (73.9%) | loss: 2.930393 | lrm: 0.31 | dt: 160ms | tok/sec: 818,384 | mfu: 25.5% | epoch: 1 | remaining: 78s    
step 01397 (74.0%) | loss: 2.927650 | lrm: 0.31 | dt: 160ms | tok/sec: 818,296 | mfu: 25.5% | epoch: 1 | remaining: 78s    
step 01398 (74.0%) | loss: 2.931268 | lrm: 0.31 | dt: 160ms | tok/sec: 818,938 | mfu: 25.5% | epoch: 1 | remaining: 78s    
step 01399 (74.1%) | loss: 2.929605 | lrm: 0.30 | dt: 160ms | tok/sec: 818,164 | mfu: 25.5% | epoch: 1 | remaining: 78s    
step 01400 (74.2%) | loss: 2.930119 | lrm: 0.30 | dt: 160ms | tok/sec: 818,545 | mfu: 25.5% | epoch: 1 | remaining: 77s    
step 01401 (74.2%) | loss: 2.929431 | lrm: 0.30 | dt: 160ms | tok/sec: 818,942 | mfu: 25.5% | epoch: 1 | remaining: 77s    
step 01402 (74.3%) | loss: 2.930275 | lrm: 0.30 | dt: 160ms | tok/sec: 818,493 | mfu: 25.5% | epoch: 1 | remaining: 77s    
step 01403 (74.3%) | loss: 2.929513 | lrm: 0.30 | dt: 160ms | tok/sec: 817,751 | mfu: 25.5% | epoch: 1 | remaining: 77s    
step 01404 (74.4%) | loss: 2.927810 | lrm: 0.30 | dt: 160ms | tok/sec: 818,454 | mfu: 25.5% | epoch: 1 | remaining: 77s    
step 01405 (74.4%) | loss: 2.929655 | lrm: 0.30 | dt: 160ms | tok/sec: 818,419 | mfu: 25.5% | epoch: 1 | remaining: 77s    
step 01406 (74.5%) | loss: 2.924905 | lrm: 0.30 | dt: 160ms | tok/sec: 818,430 | mfu: 25.5% | epoch: 1 | remaining: 76s    
step 01407 (74.5%) | loss: 2.929946 | lrm: 0.30 | dt: 160ms | tok/sec: 818,255 | mfu: 25.5% | epoch: 1 | remaining: 76s    
step 01408 (74.6%) | loss: 2.925741 | lrm: 0.30 | dt: 160ms | tok/sec: 818,383 | mfu: 25.5% | epoch: 1 | remaining: 76s    
step 01409 (74.6%) | loss: 2.925746 | lrm: 0.30 | dt: 160ms | tok/sec: 818,249 | mfu: 25.5% | epoch: 1 | remaining: 76s    
step 01410 (74.7%) | loss: 2.921348 | lrm: 0.30 | dt: 160ms | tok/sec: 817,556 | mfu: 25.5% | epoch: 1 | remaining: 76s    
step 01411 (74.7%) | loss: 2.924384 | lrm: 0.30 | dt: 161ms | tok/sec: 816,330 | mfu: 25.4% | epoch: 1 | remaining: 76s    
step 01412 (74.8%) | loss: 2.934628 | lrm: 0.30 | dt: 160ms | tok/sec: 818,548 | mfu: 25.5% | epoch: 1 | remaining: 75s    
step 01413 (74.9%) | loss: 2.932101 | lrm: 0.30 | dt: 160ms | tok/sec: 818,428 | mfu: 25.5% | epoch: 1 | remaining: 75s    
step 01414 (74.9%) | loss: 2.934032 | lrm: 0.30 | dt: 160ms | tok/sec: 818,322 | mfu: 25.5% | epoch: 1 | remaining: 75s    
step 01415 (75.0%) | loss: 2.932787 | lrm: 0.29 | dt: 160ms | tok/sec: 818,528 | mfu: 25.5% | epoch: 1 | remaining: 75s    
step 01416 (75.0%) | loss: 2.929688 | lrm: 0.29 | dt: 160ms | tok/sec: 818,421 | mfu: 25.5% | epoch: 1 | remaining: 75s    
step 01417 (75.1%) | loss: 2.926776 | lrm: 0.29 | dt: 160ms | tok/sec: 818,453 | mfu: 25.5% | epoch: 1 | remaining: 75s    
step 01418 (75.1%) | loss: 2.925730 | lrm: 0.29 | dt: 160ms | tok/sec: 818,655 | mfu: 25.5% | epoch: 1 | remaining: 74s    
step 01419 (75.2%) | loss: 2.919693 | lrm: 0.29 | dt: 160ms | tok/sec: 818,497 | mfu: 25.5% | epoch: 1 | remaining: 74s    
step 01420 (75.2%) | loss: 2.919709 | lrm: 0.29 | dt: 160ms | tok/sec: 818,443 | mfu: 25.5% | epoch: 1 | remaining: 74s    
step 01421 (75.3%) | loss: 2.926661 | lrm: 0.29 | dt: 160ms | tok/sec: 818,341 | mfu: 25.5% | epoch: 1 | remaining: 74s    
step 01422 (75.3%) | loss: 2.918505 | lrm: 0.29 | dt: 160ms | tok/sec: 818,537 | mfu: 25.5% | epoch: 1 | remaining: 74s    
step 01423 (75.4%) | loss: 2.917997 | lrm: 0.29 | dt: 160ms | tok/sec: 818,704 | mfu: 25.5% | epoch: 1 | remaining: 74s    
step 01424 (75.4%) | loss: 2.922321 | lrm: 0.29 | dt: 160ms | tok/sec: 818,414 | mfu: 25.5% | epoch: 1 | remaining: 74s    
step 01425 (75.5%) | loss: 2.920369 | lrm: 0.29 | dt: 160ms | tok/sec: 818,196 | mfu: 25.5% | epoch: 1 | remaining: 73s    
step 01426 (75.5%) | loss: 2.925353 | lrm: 0.29 | dt: 160ms | tok/sec: 818,573 | mfu: 25.5% | epoch: 1 | remaining: 73s    
step 01427 (75.6%) | loss: 2.928917 | lrm: 0.29 | dt: 160ms | tok/sec: 818,665 | mfu: 25.5% | epoch: 1 | remaining: 73s    
step 01428 (75.7%) | loss: 2.922820 | lrm: 0.29 | dt: 160ms | tok/sec: 818,547 | mfu: 25.5% | epoch: 1 | remaining: 73s    
step 01429 (75.7%) | loss: 2.917424 | lrm: 0.29 | dt: 160ms | tok/sec: 818,534 | mfu: 25.5% | epoch: 1 | remaining: 73s    
step 01430 (75.8%) | loss: 2.921163 | lrm: 0.29 | dt: 160ms | tok/sec: 818,566 | mfu: 25.5% | epoch: 1 | remaining: 73s    
step 01431 (75.8%) | loss: 2.926549 | lrm: 0.28 | dt: 160ms | tok/sec: 818,458 | mfu: 25.5% | epoch: 1 | remaining: 72s    
step 01432 (75.9%) | loss: 2.917746 | lrm: 0.28 | dt: 160ms | tok/sec: 818,559 | mfu: 25.5% | epoch: 1 | remaining: 72s    
step 01433 (75.9%) | loss: 2.917733 | lrm: 0.28 | dt: 160ms | tok/sec: 818,842 | mfu: 25.5% | epoch: 1 | remaining: 72s    
step 01434 (76.0%) | loss: 2.924252 | lrm: 0.28 | dt: 160ms | tok/sec: 818,548 | mfu: 25.5% | epoch: 1 | remaining: 72s    
step 01435 (76.0%) | loss: 2.924662 | lrm: 0.28 | dt: 160ms | tok/sec: 818,692 | mfu: 25.5% | epoch: 1 | remaining: 72s    
step 01436 (76.1%) | loss: 2.922429 | lrm: 0.28 | dt: 160ms | tok/sec: 818,678 | mfu: 25.5% | epoch: 1 | remaining: 72s    
step 01437 (76.1%) | loss: 2.919710 | lrm: 0.28 | dt: 160ms | tok/sec: 818,174 | mfu: 25.5% | epoch: 1 | remaining: 71s    
step 01438 (76.2%) | loss: 2.925552 | lrm: 0.28 | dt: 160ms | tok/sec: 817,618 | mfu: 25.5% | epoch: 1 | remaining: 71s    
step 01439 (76.2%) | loss: 2.924997 | lrm: 0.28 | dt: 160ms | tok/sec: 818,665 | mfu: 25.5% | epoch: 1 | remaining: 71s    
step 01440 (76.3%) | loss: 2.929266 | lrm: 0.28 | dt: 160ms | tok/sec: 818,492 | mfu: 25.5% | epoch: 1 | remaining: 71s    
step 01441 (76.3%) | loss: 2.921986 | lrm: 0.28 | dt: 160ms | tok/sec: 818,325 | mfu: 25.5% | epoch: 1 | remaining: 71s    
step 01442 (76.4%) | loss: 2.919995 | lrm: 0.28 | dt: 160ms | tok/sec: 818,570 | mfu: 25.5% | epoch: 1 | remaining: 71s    
step 01443 (76.5%) | loss: 2.921393 | lrm: 0.28 | dt: 160ms | tok/sec: 818,572 | mfu: 25.5% | epoch: 1 | remaining: 70s    
step 01444 (76.5%) | loss: 2.920528 | lrm: 0.28 | dt: 160ms | tok/sec: 818,905 | mfu: 25.5% | epoch: 1 | remaining: 70s    
step 01445 (76.6%) | loss: 2.918762 | lrm: 0.28 | dt: 160ms | tok/sec: 818,387 | mfu: 25.5% | epoch: 1 | remaining: 70s    
step 01446 (76.6%) | loss: 2.921095 | lrm: 0.28 | dt: 160ms | tok/sec: 818,637 | mfu: 25.5% | epoch: 1 | remaining: 70s    
step 01447 (76.7%) | loss: 2.919987 | lrm: 0.27 | dt: 160ms | tok/sec: 818,344 | mfu: 25.5% | epoch: 1 | remaining: 70s    
step 01448 (76.7%) | loss: 2.909069 | lrm: 0.27 | dt: 160ms | tok/sec: 818,444 | mfu: 25.5% | epoch: 1 | remaining: 70s    
step 01449 (76.8%) | loss: 2.908388 | lrm: 0.27 | dt: 160ms | tok/sec: 818,589 | mfu: 25.5% | epoch: 1 | remaining: 70s    
step 01450 (76.8%) | loss: 2.903401 | lrm: 0.27 | dt: 160ms | tok/sec: 817,316 | mfu: 25.5% | epoch: 1 | remaining: 69s    
step 01451 (76.9%) | loss: 2.904168 | lrm: 0.27 | dt: 160ms | tok/sec: 818,549 | mfu: 25.5% | epoch: 1 | remaining: 69s    
step 01452 (76.9%) | loss: 2.905147 | lrm: 0.27 | dt: 160ms | tok/sec: 818,373 | mfu: 25.5% | epoch: 1 | remaining: 69s    
step 01453 (77.0%) | loss: 2.921990 | lrm: 0.27 | dt: 160ms | tok/sec: 818,037 | mfu: 25.5% | epoch: 1 | remaining: 69s    
step 01454 (77.0%) | loss: 2.924761 | lrm: 0.27 | dt: 160ms | tok/sec: 818,508 | mfu: 25.5% | epoch: 1 | remaining: 69s    
step 01455 (77.1%) | loss: 2.925175 | lrm: 0.27 | dt: 160ms | tok/sec: 818,132 | mfu: 25.5% | epoch: 1 | remaining: 69s    
step 01456 (77.1%) | loss: 2.920603 | lrm: 0.27 | dt: 160ms | tok/sec: 818,276 | mfu: 25.5% | epoch: 1 | remaining: 68s    
step 01457 (77.2%) | loss: 2.925581 | lrm: 0.27 | dt: 160ms | tok/sec: 818,369 | mfu: 25.5% | epoch: 1 | remaining: 68s    
step 01458 (77.3%) | loss: 2.921281 | lrm: 0.27 | dt: 160ms | tok/sec: 818,425 | mfu: 25.5% | epoch: 1 | remaining: 68s    
step 01459 (77.3%) | loss: 2.920623 | lrm: 0.27 | dt: 160ms | tok/sec: 818,383 | mfu: 25.5% | epoch: 1 | remaining: 68s    
step 01460 (77.4%) | loss: 2.918930 | lrm: 0.27 | dt: 160ms | tok/sec: 818,465 | mfu: 25.5% | epoch: 1 | remaining: 68s    
step 01461 (77.4%) | loss: 2.925163 | lrm: 0.27 | dt: 160ms | tok/sec: 818,163 | mfu: 25.5% | epoch: 1 | remaining: 68s    
step 01462 (77.5%) | loss: 2.921744 | lrm: 0.27 | dt: 160ms | tok/sec: 818,303 | mfu: 25.5% | epoch: 1 | remaining: 67s    
step 01463 (77.5%) | loss: 2.924206 | lrm: 0.26 | dt: 160ms | tok/sec: 818,288 | mfu: 25.5% | epoch: 1 | remaining: 67s    
step 01464 (77.6%) | loss: 2.918824 | lrm: 0.26 | dt: 160ms | tok/sec: 818,601 | mfu: 25.5% | epoch: 1 | remaining: 67s    
step 01465 (77.6%) | loss: 2.912009 | lrm: 0.26 | dt: 160ms | tok/sec: 818,410 | mfu: 25.5% | epoch: 1 | remaining: 67s    
step 01466 (77.7%) | loss: 2.912838 | lrm: 0.26 | dt: 160ms | tok/sec: 818,321 | mfu: 25.5% | epoch: 1 | remaining: 67s    
step 01467 (77.7%) | loss: 2.909105 | lrm: 0.26 | dt: 160ms | tok/sec: 818,578 | mfu: 25.5% | epoch: 1 | remaining: 67s    
step 01468 (77.8%) | loss: 2.909483 | lrm: 0.26 | dt: 160ms | tok/sec: 818,209 | mfu: 25.5% | epoch: 1 | remaining: 66s    
step 01469 (77.8%) | loss: 2.912765 | lrm: 0.26 | dt: 160ms | tok/sec: 818,153 | mfu: 25.5% | epoch: 1 | remaining: 66s    
step 01470 (77.9%) | loss: 2.919589 | lrm: 0.26 | dt: 160ms | tok/sec: 818,405 | mfu: 25.5% | epoch: 1 | remaining: 66s    
step 01471 (77.9%) | loss: 2.918553 | lrm: 0.26 | dt: 161ms | tok/sec: 811,886 | mfu: 25.3% | epoch: 1 | remaining: 66s    
step 01472 (78.0%) | loss: 2.914961 | lrm: 0.26 | dt: 160ms | tok/sec: 817,666 | mfu: 25.5% | epoch: 1 | remaining: 66s    
step 01473 (78.1%) | loss: 2.916983 | lrm: 0.26 | dt: 160ms | tok/sec: 818,207 | mfu: 25.5% | epoch: 1 | remaining: 66s    
step 01474 (78.1%) | loss: 2.918155 | lrm: 0.26 | dt: 160ms | tok/sec: 817,480 | mfu: 25.5% | epoch: 1 | remaining: 66s    
step 01475 (78.2%) | loss: 2.918742 | lrm: 0.26 | dt: 160ms | tok/sec: 817,269 | mfu: 25.5% | epoch: 1 | remaining: 65s    
step 01476 (78.2%) | loss: 2.915498 | lrm: 0.26 | dt: 160ms | tok/sec: 817,972 | mfu: 25.5% | epoch: 1 | remaining: 65s    
step 01477 (78.3%) | loss: 2.906579 | lrm: 0.26 | dt: 160ms | tok/sec: 817,800 | mfu: 25.5% | epoch: 1 | remaining: 65s    
step 01478 (78.3%) | loss: 2.911639 | lrm: 0.26 | dt: 160ms | tok/sec: 817,811 | mfu: 25.5% | epoch: 1 | remaining: 65s    
step 01479 (78.4%) | loss: 2.910773 | lrm: 0.25 | dt: 160ms | tok/sec: 817,978 | mfu: 25.5% | epoch: 1 | remaining: 65s    
step 01480 (78.4%) | loss: 2.908353 | lrm: 0.25 | dt: 160ms | tok/sec: 818,067 | mfu: 25.5% | epoch: 1 | remaining: 65s    
step 01481 (78.5%) | loss: 2.908625 | lrm: 0.25 | dt: 160ms | tok/sec: 817,846 | mfu: 25.5% | epoch: 1 | remaining: 64s    
step 01482 (78.5%) | loss: 2.906109 | lrm: 0.25 | dt: 160ms | tok/sec: 818,162 | mfu: 25.5% | epoch: 1 | remaining: 64s    
step 01483 (78.6%) | loss: 2.904746 | lrm: 0.25 | dt: 160ms | tok/sec: 818,216 | mfu: 25.5% | epoch: 1 | remaining: 64s    
step 01484 (78.6%) | loss: 2.902702 | lrm: 0.25 | dt: 160ms | tok/sec: 818,134 | mfu: 25.5% | epoch: 1 | remaining: 64s    
step 01485 (78.7%) | loss: 2.901060 | lrm: 0.25 | dt: 160ms | tok/sec: 818,127 | mfu: 25.5% | epoch: 1 | remaining: 64s    
step 01486 (78.7%) | loss: 2.904323 | lrm: 0.25 | dt: 160ms | tok/sec: 818,043 | mfu: 25.5% | epoch: 1 | remaining: 64s    
step 01487 (78.8%) | loss: 2.900498 | lrm: 0.25 | dt: 160ms | tok/sec: 817,804 | mfu: 25.5% | epoch: 1 | remaining: 63s    
step 01488 (78.9%) | loss: 2.901360 | lrm: 0.25 | dt: 160ms | tok/sec: 817,392 | mfu: 25.5% | epoch: 1 | remaining: 63s    
step 01489 (78.9%) | loss: 2.896402 | lrm: 0.25 | dt: 160ms | tok/sec: 817,579 | mfu: 25.5% | epoch: 1 | remaining: 63s    
step 01490 (79.0%) | loss: 2.903142 | lrm: 0.25 | dt: 160ms | tok/sec: 817,382 | mfu: 25.5% | epoch: 1 | remaining: 63s    
step 01491 (79.0%) | loss: 2.905616 | lrm: 0.25 | dt: 160ms | tok/sec: 818,070 | mfu: 25.5% | epoch: 1 | remaining: 63s    
step 01492 (79.1%) | loss: 2.897663 | lrm: 0.25 | dt: 160ms | tok/sec: 817,779 | mfu: 25.5% | epoch: 1 | remaining: 63s    
step 01493 (79.1%) | loss: 2.899434 | lrm: 0.25 | dt: 160ms | tok/sec: 818,169 | mfu: 25.5% | epoch: 1 | remaining: 62s    
step 01494 (79.2%) | loss: 2.903481 | lrm: 0.24 | dt: 160ms | tok/sec: 817,900 | mfu: 25.5% | epoch: 1 | remaining: 62s    
step 01495 (79.2%) | loss: 2.903419 | lrm: 0.24 | dt: 160ms | tok/sec: 818,604 | mfu: 25.5% | epoch: 1 | remaining: 62s    
step 01496 (79.3%) | loss: 2.913572 | lrm: 0.24 | dt: 160ms | tok/sec: 818,571 | mfu: 25.5% | epoch: 1 | remaining: 62s    
step 01497 (79.3%) | loss: 2.913336 | lrm: 0.24 | dt: 160ms | tok/sec: 818,281 | mfu: 25.5% | epoch: 1 | remaining: 62s    
step 01498 (79.4%) | loss: 2.907703 | lrm: 0.24 | dt: 160ms | tok/sec: 818,704 | mfu: 25.5% | epoch: 1 | remaining: 62s    
step 01499 (79.4%) | loss: 2.904409 | lrm: 0.24 | dt: 160ms | tok/sec: 818,500 | mfu: 25.5% | epoch: 1 | remaining: 62s    
step 01500 (79.5%) | loss: 2.900457 | lrm: 0.24 | dt: 160ms | tok/sec: 818,233 | mfu: 25.5% | epoch: 1 | remaining: 61s    
step 01501 (79.5%) | loss: 2.896347 | lrm: 0.24 | dt: 160ms | tok/sec: 818,505 | mfu: 25.5% | epoch: 1 | remaining: 61s    
step 01502 (79.6%) | loss: 2.898952 | lrm: 0.24 | dt: 160ms | tok/sec: 818,177 | mfu: 25.5% | epoch: 1 | remaining: 61s    
step 01503 (79.7%) | loss: 2.896716 | lrm: 0.24 | dt: 160ms | tok/sec: 818,534 | mfu: 25.5% | epoch: 1 | remaining: 61s    
step 01504 (79.7%) | loss: 2.895825 | lrm: 0.24 | dt: 160ms | tok/sec: 818,209 | mfu: 25.5% | epoch: 1 | remaining: 61s    
step 01505 (79.8%) | loss: 2.891179 | lrm: 0.24 | dt: 160ms | tok/sec: 817,895 | mfu: 25.5% | epoch: 1 | remaining: 61s    
step 01506 (79.8%) | loss: 2.898983 | lrm: 0.24 | dt: 160ms | tok/sec: 818,090 | mfu: 25.5% | epoch: 1 | remaining: 60s    
step 01507 (79.9%) | loss: 2.895402 | lrm: 0.24 | dt: 160ms | tok/sec: 818,031 | mfu: 25.5% | epoch: 1 | remaining: 60s    
step 01508 (79.9%) | loss: 2.900696 | lrm: 0.24 | dt: 160ms | tok/sec: 818,201 | mfu: 25.5% | epoch: 1 | remaining: 60s    
step 01509 (80.0%) | loss: 2.900909 | lrm: 0.24 | dt: 160ms | tok/sec: 816,864 | mfu: 25.4% | epoch: 1 | remaining: 60s    
step 01510 (80.0%) | loss: 2.904683 | lrm: 0.23 | dt: 160ms | tok/sec: 817,910 | mfu: 25.5% | epoch: 1 | remaining: 60s    
step 01511 (80.1%) | loss: 2.899833 | lrm: 0.23 | dt: 160ms | tok/sec: 818,147 | mfu: 25.5% | epoch: 1 | remaining: 60s    
step 01512 (80.1%) | loss: 2.903545 | lrm: 0.23 | dt: 160ms | tok/sec: 818,244 | mfu: 25.5% | epoch: 1 | remaining: 59s    
step 01513 (80.2%) | loss: 2.906516 | lrm: 0.23 | dt: 160ms | tok/sec: 818,229 | mfu: 25.5% | epoch: 1 | remaining: 59s    
step 01514 (80.2%) | loss: 2.906308 | lrm: 0.23 | dt: 160ms | tok/sec: 817,733 | mfu: 25.5% | epoch: 1 | remaining: 59s    
step 01515 (80.3%) | loss: 2.909095 | lrm: 0.23 | dt: 161ms | tok/sec: 816,203 | mfu: 25.4% | epoch: 1 | remaining: 59s    
step 01516 (80.4%) | loss: 2.909792 | lrm: 0.23 | dt: 160ms | tok/sec: 817,872 | mfu: 25.5% | epoch: 1 | remaining: 59s    
step 01517 (80.4%) | loss: 2.915551 | lrm: 0.23 | dt: 160ms | tok/sec: 818,359 | mfu: 25.5% | epoch: 1 | remaining: 59s    
step 01518 (80.5%) | loss: 2.913775 | lrm: 0.23 | dt: 160ms | tok/sec: 818,174 | mfu: 25.5% | epoch: 1 | remaining: 58s    
step 01519 (80.5%) | loss: 2.910761 | lrm: 0.23 | dt: 160ms | tok/sec: 818,358 | mfu: 25.5% | epoch: 1 | remaining: 58s    
step 01520 (80.6%) | loss: 2.908700 | lrm: 0.23 | dt: 160ms | tok/sec: 818,344 | mfu: 25.5% | epoch: 1 | remaining: 58s    
step 01521 (80.6%) | loss: 2.901526 | lrm: 0.23 | dt: 160ms | tok/sec: 818,057 | mfu: 25.5% | epoch: 1 | remaining: 58s    
step 01522 (80.7%) | loss: 2.894969 | lrm: 0.23 | dt: 160ms | tok/sec: 818,209 | mfu: 25.5% | epoch: 1 | remaining: 58s    
step 01523 (80.7%) | loss: 2.890823 | lrm: 0.23 | dt: 160ms | tok/sec: 818,314 | mfu: 25.5% | epoch: 1 | remaining: 58s    
step 01524 (80.8%) | loss: 2.890261 | lrm: 0.23 | dt: 160ms | tok/sec: 818,645 | mfu: 25.5% | epoch: 1 | remaining: 58s    
step 01525 (80.8%) | loss: 2.897569 | lrm: 0.23 | dt: 160ms | tok/sec: 818,445 | mfu: 25.5% | epoch: 1 | remaining: 57s    
step 01526 (80.9%) | loss: 2.902582 | lrm: 0.22 | dt: 160ms | tok/sec: 818,334 | mfu: 25.5% | epoch: 1 | remaining: 57s    
step 01527 (80.9%) | loss: 2.902076 | lrm: 0.22 | dt: 160ms | tok/sec: 817,966 | mfu: 25.5% | epoch: 1 | remaining: 57s    
step 01528 (81.0%) | loss: 2.901445 | lrm: 0.22 | dt: 161ms | tok/sec: 815,891 | mfu: 25.4% | epoch: 1 | remaining: 57s    
step 01529 (81.0%) | loss: 2.900317 | lrm: 0.22 | dt: 160ms | tok/sec: 817,181 | mfu: 25.5% | epoch: 1 | remaining: 57s    
step 01530 (81.1%) | loss: 2.893298 | lrm: 0.22 | dt: 160ms | tok/sec: 817,796 | mfu: 25.5% | epoch: 1 | remaining: 57s    
step 01531 (81.2%) | loss: 2.896400 | lrm: 0.22 | dt: 160ms | tok/sec: 818,130 | mfu: 25.5% | epoch: 1 | remaining: 56s    
step 01532 (81.2%) | loss: 2.891428 | lrm: 0.22 | dt: 160ms | tok/sec: 818,123 | mfu: 25.5% | epoch: 1 | remaining: 56s    
step 01533 (81.3%) | loss: 2.890602 | lrm: 0.22 | dt: 160ms | tok/sec: 818,341 | mfu: 25.5% | epoch: 1 | remaining: 56s    
step 01534 (81.3%) | loss: 2.888471 | lrm: 0.22 | dt: 160ms | tok/sec: 818,609 | mfu: 25.5% | epoch: 1 | remaining: 56s    
step 01535 (81.4%) | loss: 2.891025 | lrm: 0.22 | dt: 160ms | tok/sec: 818,302 | mfu: 25.5% | epoch: 1 | remaining: 56s    
step 01536 (81.4%) | loss: 2.892266 | lrm: 0.22 | dt: 160ms | tok/sec: 818,148 | mfu: 25.5% | epoch: 1 | remaining: 56s    
step 01537 (81.5%) | loss: 2.898158 | lrm: 0.22 | dt: 161ms | tok/sec: 816,634 | mfu: 25.4% | epoch: 1 | remaining: 55s    
step 01538 (81.5%) | loss: 2.898587 | lrm: 0.22 | dt: 160ms | tok/sec: 817,980 | mfu: 25.5% | epoch: 1 | remaining: 55s    
step 01539 (81.6%) | loss: 2.900307 | lrm: 0.22 | dt: 160ms | tok/sec: 818,141 | mfu: 25.5% | epoch: 1 | remaining: 55s    
step 01540 (81.6%) | loss: 2.896976 | lrm: 0.22 | dt: 160ms | tok/sec: 818,504 | mfu: 25.5% | epoch: 1 | remaining: 55s    
step 01541 (81.7%) | loss: 2.894483 | lrm: 0.22 | dt: 160ms | tok/sec: 818,343 | mfu: 25.5% | epoch: 1 | remaining: 55s    
step 01542 (81.7%) | loss: 2.899642 | lrm: 0.21 | dt: 160ms | tok/sec: 818,235 | mfu: 25.5% | epoch: 1 | remaining: 55s    
step 01543 (81.8%) | loss: 2.901022 | lrm: 0.21 | dt: 160ms | tok/sec: 818,207 | mfu: 25.5% | epoch: 1 | remaining: 54s    
step 01544 (81.8%) | loss: 2.905784 | lrm: 0.21 | dt: 160ms | tok/sec: 817,672 | mfu: 25.5% | epoch: 1 | remaining: 54s    
step 01545 (81.9%) | loss: 2.900501 | lrm: 0.21 | dt: 160ms | tok/sec: 818,017 | mfu: 25.5% | epoch: 1 | remaining: 54s    
step 01546 (82.0%) | loss: 2.898673 | lrm: 0.21 | dt: 160ms | tok/sec: 817,445 | mfu: 25.5% | epoch: 1 | remaining: 54s    
step 01547 (82.0%) | loss: 2.906850 | lrm: 0.21 | dt: 160ms | tok/sec: 817,980 | mfu: 25.5% | epoch: 1 | remaining: 54s    
step 01548 (82.1%) | loss: 2.914742 | lrm: 0.21 | dt: 160ms | tok/sec: 817,860 | mfu: 25.5% | epoch: 1 | remaining: 54s    
step 01549 (82.1%) | loss: 2.910321 | lrm: 0.21 | dt: 160ms | tok/sec: 818,188 | mfu: 25.5% | epoch: 1 | remaining: 54s    
step 01550 (82.2%) | loss: 2.913239 | lrm: 0.21 | dt: 160ms | tok/sec: 818,165 | mfu: 25.5% | epoch: 1 | remaining: 53s    
step 01551 (82.2%) | loss: 2.906328 | lrm: 0.21 | dt: 160ms | tok/sec: 817,813 | mfu: 25.5% | epoch: 1 | remaining: 53s    
step 01552 (82.3%) | loss: 2.901846 | lrm: 0.21 | dt: 160ms | tok/sec: 818,222 | mfu: 25.5% | epoch: 1 | remaining: 53s    
step 01553 (82.3%) | loss: 2.894395 | lrm: 0.21 | dt: 161ms | tok/sec: 813,362 | mfu: 25.3% | epoch: 1 | remaining: 53s    
step 01554 (82.4%) | loss: 2.891790 | lrm: 0.21 | dt: 160ms | tok/sec: 817,888 | mfu: 25.5% | epoch: 1 | remaining: 53s    
step 01555 (82.4%) | loss: 2.892842 | lrm: 0.21 | dt: 160ms | tok/sec: 818,324 | mfu: 25.5% | epoch: 1 | remaining: 53s    
step 01556 (82.5%) | loss: 2.889819 | lrm: 0.21 | dt: 160ms | tok/sec: 818,405 | mfu: 25.5% | epoch: 1 | remaining: 52s    
step 01557 (82.5%) | loss: 2.892465 | lrm: 0.21 | dt: 160ms | tok/sec: 818,244 | mfu: 25.5% | epoch: 1 | remaining: 52s    
step 01558 (82.6%) | loss: 2.893776 | lrm: 0.20 | dt: 160ms | tok/sec: 817,933 | mfu: 25.5% | epoch: 1 | remaining: 52s    
step 01559 (82.6%) | loss: 2.895235 | lrm: 0.20 | dt: 160ms | tok/sec: 818,298 | mfu: 25.5% | epoch: 1 | remaining: 52s    
step 01560 (82.7%) | loss: 2.890820 | lrm: 0.20 | dt: 160ms | tok/sec: 818,186 | mfu: 25.5% | epoch: 1 | remaining: 52s    
step 01561 (82.8%) | loss: 2.890081 | lrm: 0.20 | dt: 160ms | tok/sec: 818,151 | mfu: 25.5% | epoch: 1 | remaining: 52s    
step 01562 (82.8%) | loss: 2.894239 | lrm: 0.20 | dt: 160ms | tok/sec: 818,241 | mfu: 25.5% | epoch: 1 | remaining: 51s    
step 01563 (82.9%) | loss: 2.892189 | lrm: 0.20 | dt: 160ms | tok/sec: 818,143 | mfu: 25.5% | epoch: 1 | remaining: 51s    
step 01564 (82.9%) | loss: 2.890005 | lrm: 0.20 | dt: 160ms | tok/sec: 818,151 | mfu: 25.5% | epoch: 1 | remaining: 51s    
step 01565 (83.0%) | loss: 2.888837 | lrm: 0.20 | dt: 160ms | tok/sec: 818,045 | mfu: 25.5% | epoch: 1 | remaining: 51s    
step 01566 (83.0%) | loss: 2.888072 | lrm: 0.20 | dt: 161ms | tok/sec: 816,605 | mfu: 25.4% | epoch: 1 | remaining: 51s    
step 01567 (83.1%) | loss: 2.887611 | lrm: 0.20 | dt: 160ms | tok/sec: 818,311 | mfu: 25.5% | epoch: 1 | remaining: 51s    
step 01568 (83.1%) | loss: 2.882630 | lrm: 0.20 | dt: 160ms | tok/sec: 817,862 | mfu: 25.5% | epoch: 1 | remaining: 50s    
step 01569 (83.2%) | loss: 2.883230 | lrm: 0.20 | dt: 160ms | tok/sec: 817,505 | mfu: 25.5% | epoch: 1 | remaining: 50s    
step 01570 (83.2%) | loss: 2.882423 | lrm: 0.20 | dt: 160ms | tok/sec: 818,242 | mfu: 25.5% | epoch: 1 | remaining: 50s    
step 01571 (83.3%) | loss: 2.876580 | lrm: 0.20 | dt: 160ms | tok/sec: 818,300 | mfu: 25.5% | epoch: 1 | remaining: 50s    
step 01572 (83.3%) | loss: 2.875743 | lrm: 0.20 | dt: 160ms | tok/sec: 818,326 | mfu: 25.5% | epoch: 1 | remaining: 50s    
step 01573 (83.4%) | loss: 2.874969 | lrm: 0.20 | dt: 160ms | tok/sec: 818,242 | mfu: 25.5% | epoch: 1 | remaining: 50s    
step 01574 (83.4%) | loss: 2.874721 | lrm: 0.19 | dt: 160ms | tok/sec: 818,028 | mfu: 25.5% | epoch: 1 | remaining: 49s    
step 01575 (83.5%) | loss: 2.879918 | lrm: 0.19 | dt: 160ms | tok/sec: 818,287 | mfu: 25.5% | epoch: 1 | remaining: 49s    
step 01576 (83.6%) | loss: 2.891258 | lrm: 0.19 | dt: 160ms | tok/sec: 818,737 | mfu: 25.5% | epoch: 1 | remaining: 49s    
step 01577 (83.6%) | loss: 2.886155 | lrm: 0.19 | dt: 160ms | tok/sec: 818,269 | mfu: 25.5% | epoch: 1 | remaining: 49s    
step 01578 (83.7%) | loss: 2.878129 | lrm: 0.19 | dt: 160ms | tok/sec: 818,595 | mfu: 25.5% | epoch: 1 | remaining: 49s    
step 01579 (83.7%) | loss: 2.880013 | lrm: 0.19 | dt: 160ms | tok/sec: 818,369 | mfu: 25.5% | epoch: 1 | remaining: 49s    
step 01580 (83.8%) | loss: 2.880725 | lrm: 0.19 | dt: 160ms | tok/sec: 818,428 | mfu: 25.5% | epoch: 1 | remaining: 49s    
step 01581 (83.8%) | loss: 2.882553 | lrm: 0.19 | dt: 160ms | tok/sec: 818,304 | mfu: 25.5% | epoch: 1 | remaining: 48s    
step 01582 (83.9%) | loss: 2.879052 | lrm: 0.19 | dt: 160ms | tok/sec: 818,231 | mfu: 25.5% | epoch: 1 | remaining: 48s    
step 01583 (83.9%) | loss: 2.874860 | lrm: 0.19 | dt: 160ms | tok/sec: 818,108 | mfu: 25.5% | epoch: 1 | remaining: 48s    
step 01584 (84.0%) | loss: 2.880932 | lrm: 0.19 | dt: 160ms | tok/sec: 818,327 | mfu: 25.5% | epoch: 1 | remaining: 48s    
step 01585 (84.0%) | loss: 2.886492 | lrm: 0.19 | dt: 160ms | tok/sec: 818,543 | mfu: 25.5% | epoch: 1 | remaining: 48s    
step 01586 (84.1%) | loss: 2.877393 | lrm: 0.19 | dt: 160ms | tok/sec: 818,445 | mfu: 25.5% | epoch: 1 | remaining: 48s    
step 01587 (84.1%) | loss: 2.875479 | lrm: 0.19 | dt: 160ms | tok/sec: 817,930 | mfu: 25.5% | epoch: 1 | remaining: 47s    
step 01588 (84.2%) | loss: 2.877973 | lrm: 0.19 | dt: 160ms | tok/sec: 817,365 | mfu: 25.5% | epoch: 1 | remaining: 47s    
step 01589 (84.2%) | loss: 2.878889 | lrm: 0.19 | dt: 160ms | tok/sec: 818,058 | mfu: 25.5% | epoch: 1 | remaining: 47s    
step 01590 (84.3%) | loss: 2.878826 | lrm: 0.18 | dt: 160ms | tok/sec: 818,048 | mfu: 25.5% | epoch: 1 | remaining: 47s    
step 01591 (84.4%) | loss: 2.884367 | lrm: 0.18 | dt: 160ms | tok/sec: 818,160 | mfu: 25.5% | epoch: 1 | remaining: 47s    
step 01592 (84.4%) | loss: 2.886257 | lrm: 0.18 | dt: 160ms | tok/sec: 817,991 | mfu: 25.5% | epoch: 1 | remaining: 47s    
step 01593 (84.5%) | loss: 2.881109 | lrm: 0.18 | dt: 160ms | tok/sec: 818,019 | mfu: 25.5% | epoch: 1 | remaining: 46s    
step 01594 (84.5%) | loss: 2.879459 | lrm: 0.18 | dt: 160ms | tok/sec: 818,042 | mfu: 25.5% | epoch: 1 | remaining: 46s    
step 01595 (84.6%) | loss: 2.885437 | lrm: 0.18 | dt: 160ms | tok/sec: 818,013 | mfu: 25.5% | epoch: 1 | remaining: 46s    
step 01596 (84.6%) | loss: 2.883263 | lrm: 0.18 | dt: 160ms | tok/sec: 818,091 | mfu: 25.5% | epoch: 1 | remaining: 46s    
step 01597 (84.7%) | loss: 2.879344 | lrm: 0.18 | dt: 160ms | tok/sec: 818,321 | mfu: 25.5% | epoch: 1 | remaining: 46s    
step 01598 (84.7%) | loss: 2.876747 | lrm: 0.18 | dt: 160ms | tok/sec: 818,287 | mfu: 25.5% | epoch: 1 | remaining: 46s    
step 01599 (84.8%) | loss: 2.865048 | lrm: 0.18 | dt: 160ms | tok/sec: 818,291 | mfu: 25.5% | epoch: 1 | remaining: 45s    
step 01600 (84.8%) | loss: 2.863955 | lrm: 0.18 | dt: 160ms | tok/sec: 818,401 | mfu: 25.5% | epoch: 1 | remaining: 45s    
step 01601 (84.9%) | loss: 2.871138 | lrm: 0.18 | dt: 160ms | tok/sec: 818,238 | mfu: 25.5% | epoch: 1 | remaining: 45s    
step 01602 (84.9%) | loss: 2.865642 | lrm: 0.18 | dt: 160ms | tok/sec: 818,370 | mfu: 25.5% | epoch: 1 | remaining: 45s    
step 01603 (85.0%) | loss: 2.870628 | lrm: 0.18 | dt: 160ms | tok/sec: 818,527 | mfu: 25.5% | epoch: 1 | remaining: 45s    
step 01604 (85.1%) | loss: 2.870447 | lrm: 0.18 | dt: 160ms | tok/sec: 818,360 | mfu: 25.5% | epoch: 1 | remaining: 45s    
step 01605 (85.1%) | loss: 2.874387 | lrm: 0.18 | dt: 160ms | tok/sec: 818,454 | mfu: 25.5% | epoch: 1 | remaining: 45s    
step 01606 (85.2%) | loss: 2.868328 | lrm: 0.17 | dt: 160ms | tok/sec: 818,384 | mfu: 25.5% | epoch: 1 | remaining: 44s    
step 01607 (85.2%) | loss: 2.865373 | lrm: 0.17 | dt: 160ms | tok/sec: 818,594 | mfu: 25.5% | epoch: 1 | remaining: 44s    
step 01608 (85.3%) | loss: 2.861443 | lrm: 0.17 | dt: 160ms | tok/sec: 818,288 | mfu: 25.5% | epoch: 1 | remaining: 44s    
step 01609 (85.3%) | loss: 2.864721 | lrm: 0.17 | dt: 160ms | tok/sec: 817,619 | mfu: 25.5% | epoch: 1 | remaining: 44s    
step 01610 (85.4%) | loss: 2.869180 | lrm: 0.17 | dt: 160ms | tok/sec: 817,942 | mfu: 25.5% | epoch: 1 | remaining: 44s    
step 01611 (85.4%) | loss: 2.865382 | lrm: 0.17 | dt: 160ms | tok/sec: 818,025 | mfu: 25.5% | epoch: 1 | remaining: 44s    
step 01612 (85.5%) | loss: 2.870195 | lrm: 0.17 | dt: 160ms | tok/sec: 818,384 | mfu: 25.5% | epoch: 1 | remaining: 43s    
step 01613 (85.5%) | loss: 2.864195 | lrm: 0.17 | dt: 160ms | tok/sec: 818,280 | mfu: 25.5% | epoch: 1 | remaining: 43s    
step 01614 (85.6%) | loss: 2.859903 | lrm: 0.17 | dt: 160ms | tok/sec: 818,494 | mfu: 25.5% | epoch: 1 | remaining: 43s    
step 01615 (85.6%) | loss: 2.862998 | lrm: 0.17 | dt: 160ms | tok/sec: 818,515 | mfu: 25.5% | epoch: 1 | remaining: 43s    
step 01616 (85.7%) | loss: 2.857856 | lrm: 0.17 | dt: 160ms | tok/sec: 818,170 | mfu: 25.5% | epoch: 1 | remaining: 43s    
step 01617 (85.7%) | loss: 2.866886 | lrm: 0.17 | dt: 160ms | tok/sec: 818,760 | mfu: 25.5% | epoch: 1 | remaining: 43s    
step 01618 (85.8%) | loss: 2.868947 | lrm: 0.17 | dt: 160ms | tok/sec: 818,838 | mfu: 25.5% | epoch: 1 | remaining: 42s    
step 01619 (85.9%) | loss: 2.864376 | lrm: 0.17 | dt: 160ms | tok/sec: 818,699 | mfu: 25.5% | epoch: 1 | remaining: 42s    
step 01620 (85.9%) | loss: 2.869370 | lrm: 0.17 | dt: 160ms | tok/sec: 818,600 | mfu: 25.5% | epoch: 1 | remaining: 42s    
step 01621 (86.0%) | loss: 2.869953 | lrm: 0.17 | dt: 160ms | tok/sec: 818,778 | mfu: 25.5% | epoch: 1 | remaining: 42s    
step 01622 (86.0%) | loss: 2.871495 | lrm: 0.16 | dt: 160ms | tok/sec: 818,642 | mfu: 25.5% | epoch: 1 | remaining: 42s    
step 01623 (86.1%) | loss: 2.870988 | lrm: 0.16 | dt: 160ms | tok/sec: 818,657 | mfu: 25.5% | epoch: 1 | remaining: 42s    
step 01624 (86.1%) | loss: 2.866491 | lrm: 0.16 | dt: 160ms | tok/sec: 818,270 | mfu: 25.5% | epoch: 1 | remaining: 41s    
step 01625 (86.2%) | loss: 2.864367 | lrm: 0.16 | dt: 160ms | tok/sec: 818,527 | mfu: 25.5% | epoch: 1 | remaining: 41s    
step 01626 (86.2%) | loss: 2.865023 | lrm: 0.16 | dt: 160ms | tok/sec: 818,425 | mfu: 25.5% | epoch: 1 | remaining: 41s    
step 01627 (86.3%) | loss: 2.872597 | lrm: 0.16 | dt: 160ms | tok/sec: 818,721 | mfu: 25.5% | epoch: 1 | remaining: 41s    
step 01628 (86.3%) | loss: 2.876662 | lrm: 0.16 | dt: 160ms | tok/sec: 818,410 | mfu: 25.5% | epoch: 1 | remaining: 41s    
step 01629 (86.4%) | loss: 2.871802 | lrm: 0.16 | dt: 160ms | tok/sec: 818,440 | mfu: 25.5% | epoch: 1 | remaining: 41s    
step 01630 (86.4%) | loss: 2.877533 | lrm: 0.16 | dt: 160ms | tok/sec: 818,521 | mfu: 25.5% | epoch: 1 | remaining: 41s    
step 01631 (86.5%) | loss: 2.876415 | lrm: 0.16 | dt: 160ms | tok/sec: 818,540 | mfu: 25.5% | epoch: 1 | remaining: 40s    
step 01632 (86.5%) | loss: 2.874984 | lrm: 0.16 | dt: 160ms | tok/sec: 818,458 | mfu: 25.5% | epoch: 1 | remaining: 40s    
step 01633 (86.6%) | loss: 2.880088 | lrm: 0.16 | dt: 160ms | tok/sec: 818,573 | mfu: 25.5% | epoch: 1 | remaining: 40s    
step 01634 (86.7%) | loss: 2.875684 | lrm: 0.16 | dt: 160ms | tok/sec: 818,380 | mfu: 25.5% | epoch: 1 | remaining: 40s    
step 01635 (86.7%) | loss: 2.865044 | lrm: 0.16 | dt: 162ms | tok/sec: 810,718 | mfu: 25.3% | epoch: 1 | remaining: 40s    
step 01636 (86.8%) | loss: 2.867138 | lrm: 0.16 | dt: 160ms | tok/sec: 818,289 | mfu: 25.5% | epoch: 1 | remaining: 40s    
step 01637 (86.8%) | loss: 2.862974 | lrm: 0.16 | dt: 160ms | tok/sec: 818,388 | mfu: 25.5% | epoch: 1 | remaining: 39s    
step 01638 (86.9%) | loss: 2.863861 | lrm: 0.15 | dt: 160ms | tok/sec: 818,205 | mfu: 25.5% | epoch: 1 | remaining: 39s    
step 01639 (86.9%) | loss: 2.868620 | lrm: 0.15 | dt: 160ms | tok/sec: 818,119 | mfu: 25.5% | epoch: 1 | remaining: 39s    
step 01640 (87.0%) | loss: 2.867985 | lrm: 0.15 | dt: 160ms | tok/sec: 817,161 | mfu: 25.5% | epoch: 1 | remaining: 39s    
step 01641 (87.0%) | loss: 2.871876 | lrm: 0.15 | dt: 160ms | tok/sec: 818,460 | mfu: 25.5% | epoch: 1 | remaining: 39s    
step 01642 (87.1%) | loss: 2.879060 | lrm: 0.15 | dt: 160ms | tok/sec: 818,410 | mfu: 25.5% | epoch: 1 | remaining: 39s    
step 01643 (87.1%) | loss: 2.882505 | lrm: 0.15 | dt: 160ms | tok/sec: 818,236 | mfu: 25.5% | epoch: 1 | remaining: 38s    
step 01644 (87.2%) | loss: 2.882075 | lrm: 0.15 | dt: 160ms | tok/sec: 818,701 | mfu: 25.5% | epoch: 1 | remaining: 38s    
step 01645 (87.2%) | loss: 2.886486 | lrm: 0.15 | dt: 160ms | tok/sec: 818,196 | mfu: 25.5% | epoch: 1 | remaining: 38s    
step 01646 (87.3%) | loss: 2.888634 | lrm: 0.15 | dt: 161ms | tok/sec: 816,006 | mfu: 25.4% | epoch: 1 | remaining: 38s    
step 01647 (87.3%) | loss: 2.894263 | lrm: 0.15 | dt: 160ms | tok/sec: 818,354 | mfu: 25.5% | epoch: 1 | remaining: 38s    
step 01648 (87.4%) | loss: 2.894657 | lrm: 0.15 | dt: 160ms | tok/sec: 818,557 | mfu: 25.5% | epoch: 1 | remaining: 38s    
step 01649 (87.5%) | loss: 2.889519 | lrm: 0.15 | dt: 160ms | tok/sec: 818,469 | mfu: 25.5% | epoch: 1 | remaining: 37s    
step 01650 (87.5%) | loss: 2.885235 | lrm: 0.15 | dt: 160ms | tok/sec: 818,632 | mfu: 25.5% | epoch: 1 | remaining: 37s    
step 01651 (87.6%) | loss: 2.882766 | lrm: 0.15 | dt: 160ms | tok/sec: 818,571 | mfu: 25.5% | epoch: 1 | remaining: 37s    
step 01652 (87.6%) | loss: 2.876806 | lrm: 0.15 | dt: 160ms | tok/sec: 818,363 | mfu: 25.5% | epoch: 1 | remaining: 37s    
step 01653 (87.7%) | loss: 2.876196 | lrm: 0.15 | dt: 160ms | tok/sec: 818,104 | mfu: 25.5% | epoch: 1 | remaining: 37s    
step 01654 (87.7%) | loss: 2.878194 | lrm: 0.14 | dt: 160ms | tok/sec: 818,265 | mfu: 25.5% | epoch: 1 | remaining: 37s    
step 01655 (87.8%) | loss: 2.882519 | lrm: 0.14 | dt: 160ms | tok/sec: 818,425 | mfu: 25.5% | epoch: 1 | remaining: 37s    
step 01656 (87.8%) | loss: 2.880466 | lrm: 0.14 | dt: 160ms | tok/sec: 818,653 | mfu: 25.5% | epoch: 1 | remaining: 36s    
step 01657 (87.9%) | loss: 2.885681 | lrm: 0.14 | dt: 160ms | tok/sec: 818,169 | mfu: 25.5% | epoch: 1 | remaining: 36s    
step 01658 (87.9%) | loss: 2.881573 | lrm: 0.14 | dt: 160ms | tok/sec: 817,986 | mfu: 25.5% | epoch: 1 | remaining: 36s    
step 01659 (88.0%) | loss: 2.881016 | lrm: 0.14 | dt: 160ms | tok/sec: 818,696 | mfu: 25.5% | epoch: 1 | remaining: 36s    
step 01660 (88.0%) | loss: 2.873934 | lrm: 0.14 | dt: 160ms | tok/sec: 818,615 | mfu: 25.5% | epoch: 1 | remaining: 36s    
step 01661 (88.1%) | loss: 2.863609 | lrm: 0.14 | dt: 160ms | tok/sec: 818,582 | mfu: 25.5% | epoch: 1 | remaining: 36s    
step 01662 (88.1%) | loss: 2.861467 | lrm: 0.14 | dt: 160ms | tok/sec: 818,360 | mfu: 25.5% | epoch: 1 | remaining: 35s    
step 01663 (88.2%) | loss: 2.862679 | lrm: 0.14 | dt: 160ms | tok/sec: 818,533 | mfu: 25.5% | epoch: 1 | remaining: 35s    
step 01664 (88.3%) | loss: 2.868181 | lrm: 0.14 | dt: 160ms | tok/sec: 818,679 | mfu: 25.5% | epoch: 1 | remaining: 35s    
step 01665 (88.3%) | loss: 2.866491 | lrm: 0.14 | dt: 160ms | tok/sec: 818,612 | mfu: 25.5% | epoch: 1 | remaining: 35s    
step 01666 (88.4%) | loss: 2.868389 | lrm: 0.14 | dt: 160ms | tok/sec: 818,196 | mfu: 25.5% | epoch: 1 | remaining: 35s    
step 01667 (88.4%) | loss: 2.870992 | lrm: 0.14 | dt: 160ms | tok/sec: 817,026 | mfu: 25.5% | epoch: 1 | remaining: 35s    
step 01668 (88.5%) | loss: 2.875313 | lrm: 0.14 | dt: 160ms | tok/sec: 817,615 | mfu: 25.5% | epoch: 1 | remaining: 34s    
step 01669 (88.5%) | loss: 2.867847 | lrm: 0.14 | dt: 160ms | tok/sec: 818,211 | mfu: 25.5% | epoch: 1 | remaining: 34s    
step 01670 (88.6%) | loss: 2.873862 | lrm: 0.13 | dt: 160ms | tok/sec: 818,448 | mfu: 25.5% | epoch: 1 | remaining: 34s    
step 01671 (88.6%) | loss: 2.874218 | lrm: 0.13 | dt: 160ms | tok/sec: 818,314 | mfu: 25.5% | epoch: 1 | remaining: 34s    
step 01672 (88.7%) | loss: 2.873757 | lrm: 0.13 | dt: 160ms | tok/sec: 818,477 | mfu: 25.5% | epoch: 1 | remaining: 34s    
step 01673 (88.7%) | loss: 2.878191 | lrm: 0.13 | dt: 160ms | tok/sec: 818,459 | mfu: 25.5% | epoch: 1 | remaining: 34s    
step 01674 (88.8%) | loss: 2.879273 | lrm: 0.13 | dt: 160ms | tok/sec: 818,423 | mfu: 25.5% | epoch: 1 | remaining: 33s    
step 01675 (88.8%) | loss: 2.878567 | lrm: 0.13 | dt: 160ms | tok/sec: 818,616 | mfu: 25.5% | epoch: 1 | remaining: 33s    
step 01676 (88.9%) | loss: 2.874207 | lrm: 0.13 | dt: 160ms | tok/sec: 818,162 | mfu: 25.5% | epoch: 1 | remaining: 33s    
step 01677 (88.9%) | loss: 2.881124 | lrm: 0.13 | dt: 160ms | tok/sec: 818,213 | mfu: 25.5% | epoch: 1 | remaining: 33s    
step 01678 (89.0%) | loss: 2.876571 | lrm: 0.13 | dt: 160ms | tok/sec: 818,601 | mfu: 25.5% | epoch: 1 | remaining: 33s    
step 01679 (89.1%) | loss: 2.867806 | lrm: 0.13 | dt: 160ms | tok/sec: 818,570 | mfu: 25.5% | epoch: 1 | remaining: 33s    
step 01680 (89.1%) | loss: 2.863187 | lrm: 0.13 | dt: 160ms | tok/sec: 818,625 | mfu: 25.5% | epoch: 1 | remaining: 33s    
step 01681 (89.2%) | loss: 2.866276 | lrm: 0.13 | dt: 160ms | tok/sec: 818,266 | mfu: 25.5% | epoch: 1 | remaining: 32s    
step 01682 (89.2%) | loss: 2.863713 | lrm: 0.13 | dt: 160ms | tok/sec: 818,588 | mfu: 25.5% | epoch: 1 | remaining: 32s    
step 01683 (89.3%) | loss: 2.864248 | lrm: 0.13 | dt: 160ms | tok/sec: 818,584 | mfu: 25.5% | epoch: 1 | remaining: 32s    
step 01684 (89.3%) | loss: 2.856978 | lrm: 0.13 | dt: 160ms | tok/sec: 818,748 | mfu: 25.5% | epoch: 1 | remaining: 32s    
step 01685 (89.4%) | loss: 2.861116 | lrm: 0.12 | dt: 160ms | tok/sec: 818,469 | mfu: 25.5% | epoch: 1 | remaining: 32s    
step 01686 (89.4%) | loss: 2.860428 | lrm: 0.12 | dt: 160ms | tok/sec: 818,667 | mfu: 25.5% | epoch: 1 | remaining: 32s    
step 01687 (89.5%) | loss: 2.854476 | lrm: 0.12 | dt: 160ms | tok/sec: 818,304 | mfu: 25.5% | epoch: 1 | remaining: 31s    
step 01688 (89.5%) | loss: 2.856146 | lrm: 0.12 | dt: 160ms | tok/sec: 818,684 | mfu: 25.5% | epoch: 1 | remaining: 31s    
step 01689 (89.6%) | loss: 2.859878 | lrm: 0.12 | dt: 160ms | tok/sec: 818,423 | mfu: 25.5% | epoch: 1 | remaining: 31s    
step 01690 (89.6%) | loss: 2.862205 | lrm: 0.12 | dt: 160ms | tok/sec: 818,698 | mfu: 25.5% | epoch: 1 | remaining: 31s    
step 01691 (89.7%) | loss: 2.859084 | lrm: 0.12 | dt: 160ms | tok/sec: 818,433 | mfu: 25.5% | epoch: 1 | remaining: 31s    
step 01692 (89.7%) | loss: 2.849692 | lrm: 0.12 | dt: 160ms | tok/sec: 818,688 | mfu: 25.5% | epoch: 1 | remaining: 31s    
step 01693 (89.8%) | loss: 2.850190 | lrm: 0.12 | dt: 160ms | tok/sec: 818,469 | mfu: 25.5% | epoch: 1 | remaining: 30s    
step 01694 (89.9%) | loss: 2.857607 | lrm: 0.12 | dt: 160ms | tok/sec: 818,679 | mfu: 25.5% | epoch: 1 | remaining: 30s    
step 01695 (89.9%) | loss: 2.864347 | lrm: 0.12 | dt: 160ms | tok/sec: 818,257 | mfu: 25.5% | epoch: 1 | remaining: 30s    
step 01696 (90.0%) | loss: 2.860851 | lrm: 0.12 | dt: 160ms | tok/sec: 818,817 | mfu: 25.5% | epoch: 1 | remaining: 30s    
step 01697 (90.0%) | loss: 2.859872 | lrm: 0.12 | dt: 160ms | tok/sec: 818,337 | mfu: 25.5% | epoch: 1 | remaining: 30s    
step 01698 (90.1%) | loss: 2.857713 | lrm: 0.12 | dt: 160ms | tok/sec: 818,338 | mfu: 25.5% | epoch: 1 | remaining: 30s    
step 01699 (90.1%) | loss: 2.864838 | lrm: 0.12 | dt: 160ms | tok/sec: 818,311 | mfu: 25.5% | epoch: 1 | remaining: 29s    
step 01700 (90.2%) | loss: 2.862940 | lrm: 0.12 | dt: 160ms | tok/sec: 817,713 | mfu: 25.5% | epoch: 1 | remaining: 29s    
step 01701 (90.2%) | loss: 2.865838 | lrm: 0.11 | dt: 160ms | tok/sec: 818,586 | mfu: 25.5% | epoch: 1 | remaining: 29s    
step 01702 (90.3%) | loss: 2.862946 | lrm: 0.11 | dt: 160ms | tok/sec: 818,792 | mfu: 25.5% | epoch: 1 | remaining: 29s    
step 01703 (90.3%) | loss: 2.868941 | lrm: 0.11 | dt: 160ms | tok/sec: 818,473 | mfu: 25.5% | epoch: 1 | remaining: 29s    
step 01704 (90.4%) | loss: 2.866955 | lrm: 0.11 | dt: 160ms | tok/sec: 818,592 | mfu: 25.5% | epoch: 1 | remaining: 29s    
step 01705 (90.4%) | loss: 2.862938 | lrm: 0.11 | dt: 160ms | tok/sec: 818,537 | mfu: 25.5% | epoch: 1 | remaining: 29s    
step 01706 (90.5%) | loss: 2.856439 | lrm: 0.11 | dt: 160ms | tok/sec: 818,578 | mfu: 25.5% | epoch: 1 | remaining: 28s    
step 01707 (90.5%) | loss: 2.854980 | lrm: 0.11 | dt: 160ms | tok/sec: 818,370 | mfu: 25.5% | epoch: 1 | remaining: 28s    
step 01708 (90.6%) | loss: 2.855536 | lrm: 0.11 | dt: 160ms | tok/sec: 818,600 | mfu: 25.5% | epoch: 1 | remaining: 28s    
step 01709 (90.7%) | loss: 2.859219 | lrm: 0.11 | dt: 160ms | tok/sec: 818,606 | mfu: 25.5% | epoch: 1 | remaining: 28s    
step 01710 (90.7%) | loss: 2.857150 | lrm: 0.11 | dt: 160ms | tok/sec: 818,549 | mfu: 25.5% | epoch: 1 | remaining: 28s    
step 01711 (90.8%) | loss: 2.861116 | lrm: 0.11 | dt: 160ms | tok/sec: 817,551 | mfu: 25.5% | epoch: 1 | remaining: 28s    
step 01712 (90.8%) | loss: 2.855772 | lrm: 0.11 | dt: 160ms | tok/sec: 818,013 | mfu: 25.5% | epoch: 1 | remaining: 27s    
step 01713 (90.9%) | loss: 2.859788 | lrm: 0.11 | dt: 160ms | tok/sec: 817,913 | mfu: 25.5% | epoch: 1 | remaining: 27s    
step 01714 (90.9%) | loss: 2.861637 | lrm: 0.11 | dt: 160ms | tok/sec: 817,805 | mfu: 25.5% | epoch: 1 | remaining: 27s    
step 01715 (91.0%) | loss: 2.855851 | lrm: 0.11 | dt: 160ms | tok/sec: 818,331 | mfu: 25.5% | epoch: 1 | remaining: 27s    
step 01716 (91.0%) | loss: 2.853272 | lrm: 0.11 | dt: 160ms | tok/sec: 818,092 | mfu: 25.5% | epoch: 1 | remaining: 27s    
step 01717 (91.1%) | loss: 2.858680 | lrm: 0.10 | dt: 160ms | tok/sec: 817,826 | mfu: 25.5% | epoch: 1 | remaining: 27s    
step 01718 (91.1%) | loss: 2.859140 | lrm: 0.10 | dt: 160ms | tok/sec: 817,876 | mfu: 25.5% | epoch: 1 | remaining: 26s    
step 01719 (91.2%) | loss: 2.848655 | lrm: 0.10 | dt: 160ms | tok/sec: 818,444 | mfu: 25.5% | epoch: 1 | remaining: 26s    
step 01720 (91.2%) | loss: 2.844666 | lrm: 0.10 | dt: 160ms | tok/sec: 818,397 | mfu: 25.5% | epoch: 1 | remaining: 26s    
step 01721 (91.3%) | loss: 2.843954 | lrm: 0.10 | dt: 160ms | tok/sec: 817,472 | mfu: 25.5% | epoch: 1 | remaining: 26s    
step 01722 (91.4%) | loss: 2.850734 | lrm: 0.10 | dt: 160ms | tok/sec: 817,732 | mfu: 25.5% | epoch: 1 | remaining: 26s    
step 01723 (91.4%) | loss: 2.850704 | lrm: 0.10 | dt: 160ms | tok/sec: 818,048 | mfu: 25.5% | epoch: 1 | remaining: 26s    
step 01724 (91.5%) | loss: 2.855787 | lrm: 0.10 | dt: 160ms | tok/sec: 817,719 | mfu: 25.5% | epoch: 1 | remaining: 25s    
step 01725 (91.5%) | loss: 2.859894 | lrm: 0.10 | dt: 160ms | tok/sec: 818,001 | mfu: 25.5% | epoch: 1 | remaining: 25s    
step 01726 (91.6%) | loss: 2.856094 | lrm: 0.10 | dt: 160ms | tok/sec: 816,940 | mfu: 25.5% | epoch: 1 | remaining: 25s    
step 01727 (91.6%) | loss: 2.861670 | lrm: 0.10 | dt: 160ms | tok/sec: 816,828 | mfu: 25.4% | epoch: 1 | remaining: 25s    
step 01728 (91.7%) | loss: 2.860280 | lrm: 0.10 | dt: 160ms | tok/sec: 817,629 | mfu: 25.5% | epoch: 1 | remaining: 25s    
step 01729 (91.7%) | loss: 2.859649 | lrm: 0.10 | dt: 160ms | tok/sec: 817,817 | mfu: 25.5% | epoch: 1 | remaining: 25s    
step 01730 (91.8%) | loss: 2.862252 | lrm: 0.10 | dt: 160ms | tok/sec: 818,186 | mfu: 25.5% | epoch: 1 | remaining: 25s    
step 01731 (91.8%) | loss: 2.857483 | lrm: 0.10 | dt: 160ms | tok/sec: 817,869 | mfu: 25.5% | epoch: 1 | remaining: 24s    
step 01732 (91.9%) | loss: 2.854319 | lrm: 0.10 | dt: 160ms | tok/sec: 818,104 | mfu: 25.5% | epoch: 1 | remaining: 24s    
step 01733 (91.9%) | loss: 2.863966 | lrm: 0.09 | dt: 160ms | tok/sec: 818,003 | mfu: 25.5% | epoch: 1 | remaining: 24s    
step 01734 (92.0%) | loss: 2.863527 | lrm: 0.09 | dt: 160ms | tok/sec: 818,029 | mfu: 25.5% | epoch: 1 | remaining: 24s    
step 01735 (92.0%) | loss: 2.858754 | lrm: 0.09 | dt: 160ms | tok/sec: 817,866 | mfu: 25.5% | epoch: 1 | remaining: 24s    
step 01736 (92.1%) | loss: 2.864839 | lrm: 0.09 | dt: 160ms | tok/sec: 818,058 | mfu: 25.5% | epoch: 1 | remaining: 24s    
step 01737 (92.2%) | loss: 2.858045 | lrm: 0.09 | dt: 160ms | tok/sec: 817,722 | mfu: 25.5% | epoch: 1 | remaining: 23s    
step 01738 (92.2%) | loss: 2.864413 | lrm: 0.09 | dt: 160ms | tok/sec: 817,931 | mfu: 25.5% | epoch: 1 | remaining: 23s    
step 01739 (92.3%) | loss: 2.865822 | lrm: 0.09 | dt: 160ms | tok/sec: 818,024 | mfu: 25.5% | epoch: 1 | remaining: 23s    
step 01740 (92.3%) | loss: 2.865492 | lrm: 0.09 | dt: 160ms | tok/sec: 817,862 | mfu: 25.5% | epoch: 1 | remaining: 23s    
step 01741 (92.4%) | loss: 2.865346 | lrm: 0.09 | dt: 160ms | tok/sec: 818,336 | mfu: 25.5% | epoch: 1 | remaining: 23s    
step 01742 (92.4%) | loss: 2.866921 | lrm: 0.09 | dt: 160ms | tok/sec: 818,220 | mfu: 25.5% | epoch: 1 | remaining: 23s    
step 01743 (92.5%) | loss: 2.855682 | lrm: 0.09 | dt: 160ms | tok/sec: 817,902 | mfu: 25.5% | epoch: 1 | remaining: 22s    
step 01744 (92.5%) | loss: 2.862329 | lrm: 0.09 | dt: 160ms | tok/sec: 817,919 | mfu: 25.5% | epoch: 1 | remaining: 22s    
step 01745 (92.6%) | loss: 2.861388 | lrm: 0.09 | dt: 160ms | tok/sec: 817,546 | mfu: 25.5% | epoch: 1 | remaining: 22s    
step 01746 (92.6%) | loss: 2.862288 | lrm: 0.09 | dt: 160ms | tok/sec: 818,119 | mfu: 25.5% | epoch: 1 | remaining: 22s    
step 01747 (92.7%) | loss: 2.865799 | lrm: 0.09 | dt: 160ms | tok/sec: 817,725 | mfu: 25.5% | epoch: 1 | remaining: 22s    
step 01748 (92.7%) | loss: 2.865510 | lrm: 0.09 | dt: 160ms | tok/sec: 817,663 | mfu: 25.5% | epoch: 1 | remaining: 22s    
step 01749 (92.8%) | loss: 2.862922 | lrm: 0.08 | dt: 160ms | tok/sec: 817,785 | mfu: 25.5% | epoch: 1 | remaining: 21s    
step 01750 (92.8%) | loss: 2.863419 | lrm: 0.08 | dt: 160ms | tok/sec: 818,037 | mfu: 25.5% | epoch: 1 | remaining: 21s    
step 01751 (92.9%) | loss: 2.870285 | lrm: 0.08 | dt: 160ms | tok/sec: 818,339 | mfu: 25.5% | epoch: 1 | remaining: 21s    
step 01752 (93.0%) | loss: 2.862399 | lrm: 0.08 | dt: 160ms | tok/sec: 817,908 | mfu: 25.5% | epoch: 1 | remaining: 21s    
step 01753 (93.0%) | loss: 2.859796 | lrm: 0.08 | dt: 160ms | tok/sec: 818,031 | mfu: 25.5% | epoch: 1 | remaining: 21s    
step 01754 (93.1%) | loss: 2.854524 | lrm: 0.08 | dt: 160ms | tok/sec: 818,040 | mfu: 25.5% | epoch: 1 | remaining: 21s    
step 01755 (93.1%) | loss: 2.863564 | lrm: 0.08 | dt: 160ms | tok/sec: 817,720 | mfu: 25.5% | epoch: 1 | remaining: 20s    
step 01756 (93.2%) | loss: 2.864820 | lrm: 0.08 | dt: 160ms | tok/sec: 818,204 | mfu: 25.5% | epoch: 1 | remaining: 20s    
step 01757 (93.2%) | loss: 2.861642 | lrm: 0.08 | dt: 160ms | tok/sec: 818,169 | mfu: 25.5% | epoch: 1 | remaining: 20s    
step 01758 (93.3%) | loss: 2.863444 | lrm: 0.08 | dt: 160ms | tok/sec: 818,085 | mfu: 25.5% | epoch: 1 | remaining: 20s    
step 01759 (93.3%) | loss: 2.864277 | lrm: 0.08 | dt: 160ms | tok/sec: 817,991 | mfu: 25.5% | epoch: 1 | remaining: 20s    
step 01760 (93.4%) | loss: 2.865467 | lrm: 0.08 | dt: 160ms | tok/sec: 818,198 | mfu: 25.5% | epoch: 1 | remaining: 20s    
step 01761 (93.4%) | loss: 2.860642 | lrm: 0.08 | dt: 160ms | tok/sec: 818,264 | mfu: 25.5% | epoch: 1 | remaining: 20s    
step 01762 (93.5%) | loss: 2.860978 | lrm: 0.08 | dt: 160ms | tok/sec: 818,082 | mfu: 25.5% | epoch: 1 | remaining: 19s    
step 01763 (93.5%) | loss: 2.858284 | lrm: 0.08 | dt: 160ms | tok/sec: 818,179 | mfu: 25.5% | epoch: 1 | remaining: 19s    
step 01764 (93.6%) | loss: 2.858153 | lrm: 0.08 | dt: 160ms | tok/sec: 817,983 | mfu: 25.5% | epoch: 1 | remaining: 19s    
step 01765 (93.6%) | loss: 2.856471 | lrm: 0.07 | dt: 160ms | tok/sec: 818,062 | mfu: 25.5% | epoch: 1 | remaining: 19s    
step 01766 (93.7%) | loss: 2.861068 | lrm: 0.07 | dt: 160ms | tok/sec: 817,838 | mfu: 25.5% | epoch: 1 | remaining: 19s    
step 01767 (93.8%) | loss: 2.874181 | lrm: 0.07 | dt: 160ms | tok/sec: 817,975 | mfu: 25.5% | epoch: 1 | remaining: 19s    
step 01768 (93.8%) | loss: 2.872399 | lrm: 0.07 | dt: 160ms | tok/sec: 817,890 | mfu: 25.5% | epoch: 1 | remaining: 18s    
step 01769 (93.9%) | loss: 2.867511 | lrm: 0.07 | dt: 160ms | tok/sec: 817,708 | mfu: 25.5% | epoch: 1 | remaining: 18s    
step 01770 (93.9%) | loss: 2.870094 | lrm: 0.07 | dt: 160ms | tok/sec: 817,916 | mfu: 25.5% | epoch: 1 | remaining: 18s    
step 01771 (94.0%) | loss: 2.871565 | lrm: 0.07 | dt: 160ms | tok/sec: 818,125 | mfu: 25.5% | epoch: 1 | remaining: 18s    
step 01772 (94.0%) | loss: 2.869828 | lrm: 0.07 | dt: 160ms | tok/sec: 818,075 | mfu: 25.5% | epoch: 1 | remaining: 18s    
step 01773 (94.1%) | loss: 2.869546 | lrm: 0.07 | dt: 160ms | tok/sec: 818,175 | mfu: 25.5% | epoch: 1 | remaining: 18s    
step 01774 (94.1%) | loss: 2.863320 | lrm: 0.07 | dt: 160ms | tok/sec: 818,210 | mfu: 25.5% | epoch: 1 | remaining: 17s    
step 01775 (94.2%) | loss: 2.859202 | lrm: 0.07 | dt: 160ms | tok/sec: 818,216 | mfu: 25.5% | epoch: 1 | remaining: 17s    
step 01776 (94.2%) | loss: 2.858213 | lrm: 0.07 | dt: 160ms | tok/sec: 817,792 | mfu: 25.5% | epoch: 1 | remaining: 17s    
step 01777 (94.3%) | loss: 2.862099 | lrm: 0.07 | dt: 160ms | tok/sec: 817,827 | mfu: 25.5% | epoch: 1 | remaining: 17s    
step 01778 (94.3%) | loss: 2.868106 | lrm: 0.07 | dt: 160ms | tok/sec: 818,137 | mfu: 25.5% | epoch: 1 | remaining: 17s    
step 01779 (94.4%) | loss: 2.869461 | lrm: 0.07 | dt: 160ms | tok/sec: 817,713 | mfu: 25.5% | epoch: 1 | remaining: 17s    
step 01780 (94.4%) | loss: 2.866928 | lrm: 0.07 | dt: 160ms | tok/sec: 817,337 | mfu: 25.5% | epoch: 1 | remaining: 16s    
step 01781 (94.5%) | loss: 2.871733 | lrm: 0.06 | dt: 160ms | tok/sec: 818,302 | mfu: 25.5% | epoch: 1 | remaining: 16s    
step 01782 (94.6%) | loss: 2.870818 | lrm: 0.06 | dt: 160ms | tok/sec: 818,261 | mfu: 25.5% | epoch: 1 | remaining: 16s    
step 01783 (94.6%) | loss: 2.872033 | lrm: 0.06 | dt: 160ms | tok/sec: 818,132 | mfu: 25.5% | epoch: 1 | remaining: 16s    
step 01784 (94.7%) | loss: 2.873625 | lrm: 0.06 | dt: 160ms | tok/sec: 818,578 | mfu: 25.5% | epoch: 1 | remaining: 16s    
step 01785 (94.7%) | loss: 2.866612 | lrm: 0.06 | dt: 160ms | tok/sec: 818,451 | mfu: 25.5% | epoch: 1 | remaining: 16s    
step 01786 (94.8%) | loss: 2.869834 | lrm: 0.06 | dt: 160ms | tok/sec: 818,470 | mfu: 25.5% | epoch: 1 | remaining: 16s    
step 01787 (94.8%) | loss: 2.863213 | lrm: 0.06 | dt: 160ms | tok/sec: 818,576 | mfu: 25.5% | epoch: 1 | remaining: 15s    
step 01788 (94.9%) | loss: 2.862270 | lrm: 0.06 | dt: 160ms | tok/sec: 818,454 | mfu: 25.5% | epoch: 1 | remaining: 15s    
step 01789 (94.9%) | loss: 2.852551 | lrm: 0.06 | dt: 160ms | tok/sec: 817,500 | mfu: 25.5% | epoch: 1 | remaining: 15s    
step 01790 (95.0%) | loss: 2.849134 | lrm: 0.06 | dt: 160ms | tok/sec: 818,423 | mfu: 25.5% | epoch: 1 | remaining: 15s    
step 01791 (95.0%) | loss: 2.842969 | lrm: 0.06 | dt: 160ms | tok/sec: 818,522 | mfu: 25.5% | epoch: 1 | remaining: 15s    
step 01792 (95.1%) | loss: 2.848155 | lrm: 0.06 | dt: 160ms | tok/sec: 818,092 | mfu: 25.5% | epoch: 1 | remaining: 15s    
step 01793 (95.1%) | loss: 2.851059 | lrm: 0.06 | dt: 161ms | tok/sec: 816,061 | mfu: 25.4% | epoch: 1 | remaining: 14s    
step 01794 (95.2%) | loss: 2.850374 | lrm: 0.06 | dt: 160ms | tok/sec: 816,841 | mfu: 25.4% | epoch: 1 | remaining: 14s    
step 01795 (95.2%) | loss: 2.851744 | lrm: 0.06 | dt: 160ms | tok/sec: 817,613 | mfu: 25.5% | epoch: 1 | remaining: 14s    
step 01796 (95.3%) | loss: 2.854456 | lrm: 0.06 | dt: 160ms | tok/sec: 818,096 | mfu: 25.5% | epoch: 1 | remaining: 14s    
step 01797 (95.4%) | loss: 2.846997 | lrm: 0.05 | dt: 160ms | tok/sec: 817,354 | mfu: 25.5% | epoch: 1 | remaining: 14s    
step 01798 (95.4%) | loss: 2.845226 | lrm: 0.05 | dt: 160ms | tok/sec: 817,761 | mfu: 25.5% | epoch: 1 | remaining: 14s    
step 01799 (95.5%) | loss: 2.849644 | lrm: 0.05 | dt: 160ms | tok/sec: 817,996 | mfu: 25.5% | epoch: 1 | remaining: 13s    
step 01800 (95.5%) | loss: 2.842059 | lrm: 0.05 | dt: 160ms | tok/sec: 816,974 | mfu: 25.5% | epoch: 1 | remaining: 13s    
step 01801 (95.6%) | loss: 2.841969 | lrm: 0.05 | dt: 160ms | tok/sec: 817,793 | mfu: 25.5% | epoch: 1 | remaining: 13s    
step 01802 (95.6%) | loss: 2.844851 | lrm: 0.05 | dt: 160ms | tok/sec: 817,777 | mfu: 25.5% | epoch: 1 | remaining: 13s    
step 01803 (95.7%) | loss: 2.842550 | lrm: 0.05 | dt: 160ms | tok/sec: 817,856 | mfu: 25.5% | epoch: 1 | remaining: 13s    
step 01804 (95.7%) | loss: 2.851360 | lrm: 0.05 | dt: 160ms | tok/sec: 818,003 | mfu: 25.5% | epoch: 1 | remaining: 13s    
step 01805 (95.8%) | loss: 2.850345 | lrm: 0.05 | dt: 160ms | tok/sec: 817,820 | mfu: 25.5% | epoch: 1 | remaining: 12s    
step 01806 (95.8%) | loss: 2.844651 | lrm: 0.05 | dt: 160ms | tok/sec: 817,206 | mfu: 25.5% | epoch: 1 | remaining: 12s    
step 01807 (95.9%) | loss: 2.848942 | lrm: 0.05 | dt: 160ms | tok/sec: 818,084 | mfu: 25.5% | epoch: 1 | remaining: 12s    
step 01808 (95.9%) | loss: 2.846845 | lrm: 0.05 | dt: 160ms | tok/sec: 817,714 | mfu: 25.5% | epoch: 1 | remaining: 12s    
step 01809 (96.0%) | loss: 2.857598 | lrm: 0.05 | dt: 160ms | tok/sec: 817,849 | mfu: 25.5% | epoch: 1 | remaining: 12s    
step 01810 (96.1%) | loss: 2.852882 | lrm: 0.05 | dt: 160ms | tok/sec: 817,585 | mfu: 25.5% | epoch: 1 | remaining: 12s    
step 01811 (96.1%) | loss: 2.849018 | lrm: 0.05 | dt: 160ms | tok/sec: 817,581 | mfu: 25.5% | epoch: 1 | remaining: 12s    
step 01812 (96.2%) | loss: 2.845498 | lrm: 0.05 | dt: 160ms | tok/sec: 817,922 | mfu: 25.5% | epoch: 1 | remaining: 11s    
step 01813 (96.2%) | loss: 2.843474 | lrm: 0.04 | dt: 160ms | tok/sec: 817,970 | mfu: 25.5% | epoch: 1 | remaining: 11s    
step 01814 (96.3%) | loss: 2.844737 | lrm: 0.04 | dt: 160ms | tok/sec: 817,829 | mfu: 25.5% | epoch: 1 | remaining: 11s    
step 01815 (96.3%) | loss: 2.849590 | lrm: 0.04 | dt: 160ms | tok/sec: 817,838 | mfu: 25.5% | epoch: 1 | remaining: 11s    
step 01816 (96.4%) | loss: 2.845040 | lrm: 0.04 | dt: 160ms | tok/sec: 817,989 | mfu: 25.5% | epoch: 1 | remaining: 11s    
step 01817 (96.4%) | loss: 2.844519 | lrm: 0.04 | dt: 160ms | tok/sec: 817,417 | mfu: 25.5% | epoch: 1 | remaining: 11s    
step 01818 (96.5%) | loss: 2.840774 | lrm: 0.04 | dt: 160ms | tok/sec: 817,452 | mfu: 25.5% | epoch: 1 | remaining: 10s    
step 01819 (96.5%) | loss: 2.838339 | lrm: 0.04 | dt: 160ms | tok/sec: 817,703 | mfu: 25.5% | epoch: 1 | remaining: 10s    
step 01820 (96.6%) | loss: 2.835459 | lrm: 0.04 | dt: 160ms | tok/sec: 817,933 | mfu: 25.5% | epoch: 1 | remaining: 10s    
step 01821 (96.6%) | loss: 2.832872 | lrm: 0.04 | dt: 160ms | tok/sec: 817,750 | mfu: 25.5% | epoch: 1 | remaining: 10s    
step 01822 (96.7%) | loss: 2.836780 | lrm: 0.04 | dt: 160ms | tok/sec: 818,159 | mfu: 25.5% | epoch: 1 | remaining: 10s    
step 01823 (96.7%) | loss: 2.840041 | lrm: 0.04 | dt: 160ms | tok/sec: 818,288 | mfu: 25.5% | epoch: 1 | remaining: 10s    
step 01824 (96.8%) | loss: 2.835094 | lrm: 0.04 | dt: 160ms | tok/sec: 818,121 | mfu: 25.5% | epoch: 1 | remaining: 9s    
step 01825 (96.9%) | loss: 2.841847 | lrm: 0.04 | dt: 160ms | tok/sec: 817,503 | mfu: 25.5% | epoch: 1 | remaining: 9s    
step 01826 (96.9%) | loss: 2.842792 | lrm: 0.04 | dt: 160ms | tok/sec: 817,709 | mfu: 25.5% | epoch: 1 | remaining: 9s    
step 01827 (97.0%) | loss: 2.846761 | lrm: 0.04 | dt: 160ms | tok/sec: 817,922 | mfu: 25.5% | epoch: 1 | remaining: 9s    
step 01828 (97.0%) | loss: 2.848735 | lrm: 0.04 | dt: 160ms | tok/sec: 817,882 | mfu: 25.5% | epoch: 1 | remaining: 9s    
step 01829 (97.1%) | loss: 2.843147 | lrm: 0.03 | dt: 160ms | tok/sec: 817,764 | mfu: 25.5% | epoch: 1 | remaining: 9s    
step 01830 (97.1%) | loss: 2.845706 | lrm: 0.03 | dt: 160ms | tok/sec: 817,663 | mfu: 25.5% | epoch: 1 | remaining: 8s    
step 01831 (97.2%) | loss: 2.844773 | lrm: 0.03 | dt: 160ms | tok/sec: 817,708 | mfu: 25.5% | epoch: 1 | remaining: 8s    
step 01832 (97.2%) | loss: 2.841721 | lrm: 0.03 | dt: 160ms | tok/sec: 817,986 | mfu: 25.5% | epoch: 1 | remaining: 8s    
step 01833 (97.3%) | loss: 2.838075 | lrm: 0.03 | dt: 160ms | tok/sec: 818,247 | mfu: 25.5% | epoch: 1 | remaining: 8s    
step 01834 (97.3%) | loss: 2.837399 | lrm: 0.03 | dt: 160ms | tok/sec: 817,996 | mfu: 25.5% | epoch: 1 | remaining: 8s    
step 01835 (97.4%) | loss: 2.838779 | lrm: 0.03 | dt: 160ms | tok/sec: 818,076 | mfu: 25.5% | epoch: 1 | remaining: 8s    
step 01836 (97.4%) | loss: 2.839763 | lrm: 0.03 | dt: 160ms | tok/sec: 818,008 | mfu: 25.5% | epoch: 1 | remaining: 8s    
step 01837 (97.5%) | loss: 2.846049 | lrm: 0.03 | dt: 160ms | tok/sec: 817,711 | mfu: 25.5% | epoch: 1 | remaining: 7s    
step 01838 (97.5%) | loss: 2.849645 | lrm: 0.03 | dt: 160ms | tok/sec: 817,145 | mfu: 25.5% | epoch: 1 | remaining: 7s    
step 01839 (97.6%) | loss: 2.847206 | lrm: 0.03 | dt: 160ms | tok/sec: 817,828 | mfu: 25.5% | epoch: 1 | remaining: 7s    
step 01840 (97.7%) | loss: 2.849355 | lrm: 0.03 | dt: 160ms | tok/sec: 818,006 | mfu: 25.5% | epoch: 1 | remaining: 7s    
step 01841 (97.7%) | loss: 2.851189 | lrm: 0.03 | dt: 160ms | tok/sec: 818,029 | mfu: 25.5% | epoch: 1 | remaining: 7s    
step 01842 (97.8%) | loss: 2.853313 | lrm: 0.03 | dt: 160ms | tok/sec: 817,778 | mfu: 25.5% | epoch: 1 | remaining: 7s    
step 01843 (97.8%) | loss: 2.846682 | lrm: 0.03 | dt: 160ms | tok/sec: 817,868 | mfu: 25.5% | epoch: 1 | remaining: 6s    
step 01844 (97.9%) | loss: 2.854459 | lrm: 0.03 | dt: 160ms | tok/sec: 817,450 | mfu: 25.5% | epoch: 1 | remaining: 6s    
step 01845 (97.9%) | loss: 2.853304 | lrm: 0.02 | dt: 160ms | tok/sec: 817,404 | mfu: 25.5% | epoch: 1 | remaining: 6s    
step 01846 (98.0%) | loss: 2.851023 | lrm: 0.02 | dt: 160ms | tok/sec: 816,690 | mfu: 25.4% | epoch: 1 | remaining: 6s    
step 01847 (98.0%) | loss: 2.849679 | lrm: 0.02 | dt: 160ms | tok/sec: 817,805 | mfu: 25.5% | epoch: 1 | remaining: 6s    
step 01848 (98.1%) | loss: 2.850163 | lrm: 0.02 | dt: 160ms | tok/sec: 817,330 | mfu: 25.5% | epoch: 1 | remaining: 6s    
step 01849 (98.1%) | loss: 2.853566 | lrm: 0.02 | dt: 161ms | tok/sec: 816,199 | mfu: 25.4% | epoch: 1 | remaining: 5s    
step 01850 (98.2%) | loss: 2.847678 | lrm: 0.02 | dt: 161ms | tok/sec: 816,287 | mfu: 25.4% | epoch: 1 | remaining: 5s    
step 01851 (98.2%) | loss: 2.851578 | lrm: 0.02 | dt: 160ms | tok/sec: 817,885 | mfu: 25.5% | epoch: 1 | remaining: 5s    
step 01852 (98.3%) | loss: 2.855493 | lrm: 0.02 | dt: 160ms | tok/sec: 817,517 | mfu: 25.5% | epoch: 1 | remaining: 5s    
step 01853 (98.3%) | loss: 2.851770 | lrm: 0.02 | dt: 160ms | tok/sec: 818,341 | mfu: 25.5% | epoch: 1 | remaining: 5s    
step 01854 (98.4%) | loss: 2.849907 | lrm: 0.02 | dt: 160ms | tok/sec: 818,659 | mfu: 25.5% | epoch: 1 | remaining: 5s    
step 01855 (98.5%) | loss: 2.848569 | lrm: 0.02 | dt: 160ms | tok/sec: 818,478 | mfu: 25.5% | epoch: 1 | remaining: 4s    
step 01856 (98.5%) | loss: 2.850636 | lrm: 0.02 | dt: 160ms | tok/sec: 818,271 | mfu: 25.5% | epoch: 1 | remaining: 4s    
step 01857 (98.6%) | loss: 2.852972 | lrm: 0.02 | dt: 160ms | tok/sec: 818,562 | mfu: 25.5% | epoch: 1 | remaining: 4s    
step 01858 (98.6%) | loss: 2.855643 | lrm: 0.02 | dt: 160ms | tok/sec: 818,098 | mfu: 25.5% | epoch: 1 | remaining: 4s    
step 01859 (98.7%) | loss: 2.857661 | lrm: 0.02 | dt: 160ms | tok/sec: 818,500 | mfu: 25.5% | epoch: 1 | remaining: 4s    
step 01860 (98.7%) | loss: 2.856101 | lrm: 0.02 | dt: 160ms | tok/sec: 818,766 | mfu: 25.5% | epoch: 1 | remaining: 4s    
step 01861 (98.8%) | loss: 2.857484 | lrm: 0.01 | dt: 160ms | tok/sec: 818,594 | mfu: 25.5% | epoch: 1 | remaining: 4s    
step 01862 (98.8%) | loss: 2.852769 | lrm: 0.01 | dt: 160ms | tok/sec: 817,979 | mfu: 25.5% | epoch: 1 | remaining: 3s    
step 01863 (98.9%) | loss: 2.847450 | lrm: 0.01 | dt: 160ms | tok/sec: 818,508 | mfu: 25.5% | epoch: 1 | remaining: 3s    
step 01864 (98.9%) | loss: 2.839591 | lrm: 0.01 | dt: 160ms | tok/sec: 818,288 | mfu: 25.5% | epoch: 1 | remaining: 3s    
step 01865 (99.0%) | loss: 2.843454 | lrm: 0.01 | dt: 160ms | tok/sec: 817,219 | mfu: 25.5% | epoch: 1 | remaining: 3s    
step 01866 (99.0%) | loss: 2.846215 | lrm: 0.01 | dt: 160ms | tok/sec: 818,141 | mfu: 25.5% | epoch: 1 | remaining: 3s    
step 01867 (99.1%) | loss: 2.843788 | lrm: 0.01 | dt: 160ms | tok/sec: 818,043 | mfu: 25.5% | epoch: 1 | remaining: 3s    
step 01868 (99.1%) | loss: 2.842701 | lrm: 0.01 | dt: 160ms | tok/sec: 818,187 | mfu: 25.5% | epoch: 1 | remaining: 2s    
step 01869 (99.2%) | loss: 2.844048 | lrm: 0.01 | dt: 160ms | tok/sec: 818,003 | mfu: 25.5% | epoch: 1 | remaining: 2s    
step 01870 (99.3%) | loss: 2.839165 | lrm: 0.01 | dt: 160ms | tok/sec: 818,525 | mfu: 25.5% | epoch: 1 | remaining: 2s    
step 01871 (99.3%) | loss: 2.837635 | lrm: 0.01 | dt: 160ms | tok/sec: 818,376 | mfu: 25.5% | epoch: 1 | remaining: 2s    
step 01872 (99.4%) | loss: 2.840315 | lrm: 0.01 | dt: 163ms | tok/sec: 802,310 | mfu: 25.0% | epoch: 1 | remaining: 2s    
step 01873 (99.4%) | loss: 2.844195 | lrm: 0.01 | dt: 160ms | tok/sec: 817,581 | mfu: 25.5% | epoch: 1 | remaining: 2s    
step 01874 (99.5%) | loss: 2.847245 | lrm: 0.01 | dt: 160ms | tok/sec: 818,246 | mfu: 25.5% | epoch: 1 | remaining: 1s    
step 01875 (99.5%) | loss: 2.845951 | lrm: 0.01 | dt: 160ms | tok/sec: 818,667 | mfu: 25.5% | epoch: 1 | remaining: 1s    
step 01876 (99.6%) | loss: 2.852541 | lrm: 0.00 | dt: 160ms | tok/sec: 818,587 | mfu: 25.5% | epoch: 1 | remaining: 1s    
step 01877 (99.6%) | loss: 2.857429 | lrm: 0.00 | dt: 160ms | tok/sec: 818,874 | mfu: 25.5% | epoch: 1 | remaining: 1s    
step 01878 (99.7%) | loss: 2.853916 | lrm: 0.00 | dt: 160ms | tok/sec: 818,504 | mfu: 25.5% | epoch: 1 | remaining: 1s    
step 01879 (99.7%) | loss: 2.845711 | lrm: 0.00 | dt: 160ms | tok/sec: 818,685 | mfu: 25.5% | epoch: 1 | remaining: 1s    
step 01880 (99.8%) | loss: 2.847238 | lrm: 0.00 | dt: 160ms | tok/sec: 818,867 | mfu: 25.5% | epoch: 1 | remaining: 0s    
step 01881 (99.8%) | loss: 2.851033 | lrm: 0.00 | dt: 160ms | tok/sec: 818,478 | mfu: 25.5% | epoch: 1 | remaining: 0s    
step 01882 (99.9%) | loss: 2.841321 | lrm: 0.00 | dt: 160ms | tok/sec: 818,263 | mfu: 25.5% | epoch: 1 | remaining: 0s    
step 01883 (100.0%) | loss: 2.834106 | lrm: 0.00 | dt: 160ms | tok/sec: 818,646 | mfu: 25.5% | epoch: 1 | remaining: 0s    Autotune Choices Stats:
{"num_choices": 13, "num_triton_choices": 12, "best_kernel": "triton_bmm_2708", "best_kernel_desc": "ACC_TYPE='tl.float32', ALLOW_TF32=True, BLOCK_K=32, BLOCK_M=64, BLOCK_N=16, EVEN_K=True, GROUP_M=8, USE_FAST_ACCUM=False, num_stages=5, num_warps=4", "best_time": 0.018303999677300453, "best_triton_pos": 0}
AUTOTUNE bmm(64x2048x32, 64x32x4)
strides: [1048576, 512, 1], [0, 1, 32]
dtypes: torch.bfloat16, torch.bfloat16
  triton_bmm_2708 0.0183 ms 100.0% ACC_TYPE='tl.float32', ALLOW_TF32=True, BLOCK_K=32, BLOCK_M=64, BLOCK_N=16, EVEN_K=True, GROUP_M=8, USE_FAST_ACCUM=False, num_stages=5, num_warps=4
  triton_bmm_2706 0.0184 ms 99.3% ACC_TYPE='tl.float32', ALLOW_TF32=True, BLOCK_K=32, BLOCK_M=32, BLOCK_N=16, EVEN_K=True, GROUP_M=8, USE_FAST_ACCUM=False, num_stages=2, num_warps=2
  triton_bmm_2710 0.0184 ms 99.3% ACC_TYPE='tl.float32', ALLOW_TF32=True, BLOCK_K=32, BLOCK_M=64, BLOCK_N=16, EVEN_K=True, GROUP_M=8, USE_FAST_ACCUM=False, num_stages=2, num_warps=4
  triton_bmm_2711 0.0184 ms 99.3% ACC_TYPE='tl.float32', ALLOW_TF32=True, BLOCK_K=32, BLOCK_M=64, BLOCK_N=16, EVEN_K=True, GROUP_M=8, USE_FAST_ACCUM=False, num_stages=3, num_warps=4
  triton_bmm_2712 0.0184 ms 99.3% ACC_TYPE='tl.float32', ALLOW_TF32=True, BLOCK_K=32, BLOCK_M=64, BLOCK_N=16, EVEN_K=True, GROUP_M=8, USE_FAST_ACCUM=False, num_stages=4, num_warps=4
  triton_bmm_2713 0.0184 ms 99.3% ACC_TYPE='tl.float32', ALLOW_TF32=True, BLOCK_K=32, BLOCK_M=128, BLOCK_N=16, EVEN_K=True, GROUP_M=8, USE_FAST_ACCUM=False, num_stages=3, num_warps=4
  triton_bmm_2715 0.0184 ms 99.3% ACC_TYPE='tl.float32', ALLOW_TF32=True, BLOCK_K=32, BLOCK_M=128, BLOCK_N=16, EVEN_K=True, GROUP_M=8, USE_FAST_ACCUM=False, num_stages=2, num_warps=8
  triton_bmm_2716 0.0184 ms 99.3% ACC_TYPE='tl.float32', ALLOW_TF32=True, BLOCK_K=32, BLOCK_M=128, BLOCK_N=16, EVEN_K=True, GROUP_M=8, USE_FAST_ACCUM=False, num_stages=5, num_warps=8
  triton_bmm_2707 0.0201 ms 90.9% ACC_TYPE='tl.float32', ALLOW_TF32=True, BLOCK_K=32, BLOCK_M=32, BLOCK_N=16, EVEN_K=True, GROUP_M=8, USE_FAST_ACCUM=False, num_stages=5, num_warps=2
  triton_bmm_2714 0.0205 ms 89.4% ACC_TYPE='tl.float32', ALLOW_TF32=True, BLOCK_K=32, BLOCK_M=128, BLOCK_N=16, EVEN_K=True, GROUP_M=8, USE_FAST_ACCUM=False, num_stages=4, num_warps=8
SingleProcess AUTOTUNE benchmarking takes 0.2784 seconds and 0.0001 seconds precompiling for 13 choices

---
val_bpb:          1.013000
training_seconds: 300.0
total_seconds:    437.7
peak_vram_mb:     27336.1
mfu_percent:      25.51
total_tokens_M:   246.9
num_steps:        1884
num_params_M:     57.7
depth:            9
[W1004 09:24:12.233786115 CudaIPCTypes.cpp:16] Producer process has been terminated before all shared CUDA tensors released. See Note [Sharing CUDA tensors]
