Autotune Choices Stats:
{"num_choices": 16, "num_triton_choices": 15, "best_kernel": "triton_mm_85", "best_kernel_desc": "ACC_TYPE='tl.float32', ALLOW_TF32=True, BLOCK_K=32, BLOCK_M=128, BLOCK_N=128, EVEN_K=True, GROUP_M=8, USE_FAST_ACCUM=False, num_stages=3, num_warps=4", "best_time": 0.782368004322052, "best_triton_pos": 0}
AUTOTUNE mm(131072x512, 512x2048)
strides: [512, 1], [1, 512]
dtypes: torch.bfloat16, torch.bfloat16
  triton_mm_85 0.7824 ms 100.0% ACC_TYPE='tl.float32', ALLOW_TF32=True, BLOCK_K=32, BLOCK_M=128, BLOCK_N=128, EVEN_K=True, GROUP_M=8, USE_FAST_ACCUM=False, num_stages=3, num_warps=4
  triton_mm_79 0.8495 ms 92.1% ACC_TYPE='tl.float32', ALLOW_TF32=True, BLOCK_K=32, BLOCK_M=64, BLOCK_N=128, EVEN_K=True, GROUP_M=8, USE_FAST_ACCUM=False, num_stages=3, num_warps=4
  triton_mm_82 0.8516 ms 91.9% ACC_TYPE='tl.float32', ALLOW_TF32=True, BLOCK_K=32, BLOCK_M=128, BLOCK_N=64, EVEN_K=True, GROUP_M=8, USE_FAST_ACCUM=False, num_stages=3, num_warps=4
  triton_mm_83 0.8734 ms 89.6% ACC_TYPE='tl.float32', ALLOW_TF32=True, BLOCK_K=32, BLOCK_M=128, BLOCK_N=64, EVEN_K=True, GROUP_M=8, USE_FAST_ACCUM=False, num_stages=4, num_warps=8
  triton_mm_80 0.8786 ms 89.1% ACC_TYPE='tl.float32', ALLOW_TF32=True, BLOCK_K=32, BLOCK_M=64, BLOCK_N=128, EVEN_K=True, GROUP_M=8, USE_FAST_ACCUM=False, num_stages=4, num_warps=8
  mm 0.8929 ms 87.6% 
  triton_mm_86 0.9210 ms 85.0% ACC_TYPE='tl.float32', ALLOW_TF32=True, BLOCK_K=64, BLOCK_M=128, BLOCK_N=128, EVEN_K=True, GROUP_M=8, USE_FAST_ACCUM=False, num_stages=3, num_warps=4
  triton_mm_81 0.9267 ms 84.4% ACC_TYPE='tl.float32', ALLOW_TF32=True, BLOCK_K=64, BLOCK_M=64, BLOCK_N=128, EVEN_K=True, GROUP_M=8, USE_FAST_ACCUM=False, num_stages=3, num_warps=4
  triton_mm_84 0.9646 ms 81.1% ACC_TYPE='tl.float32', ALLOW_TF32=True, BLOCK_K=32, BLOCK_M=128, BLOCK_N=128, EVEN_K=True, GROUP_M=8, USE_FAST_ACCUM=False, num_stages=2, num_warps=8
  triton_mm_78 1.0937 ms 71.5% ACC_TYPE='tl.float32', ALLOW_TF32=True, BLOCK_K=64, BLOCK_M=64, BLOCK_N=64, EVEN_K=True, GROUP_M=8, USE_FAST_ACCUM=False, num_stages=3, num_warps=8
SingleProcess AUTOTUNE benchmarking takes 0.7332 seconds and 0.0002 seconds precompiling for 16 choices
Autotune Choices Stats:
{"num_choices": 16, "num_triton_choices": 15, "best_kernel": "triton_mm_43", "best_kernel_desc": "ACC_TYPE='tl.float32', ALLOW_TF32=True, BLOCK_K=32, BLOCK_M=128, BLOCK_N=128, EVEN_K=True, GROUP_M=8, USE_FAST_ACCUM=False, num_stages=3, num_warps=4", "best_time": 0.23104000091552734, "best_triton_pos": 0}
AUTOTUNE mm(131072x512, 512x512)
strides: [512, 1], [1, 512]
dtypes: torch.bfloat16, torch.bfloat16
  triton_mm_43 0.2310 ms 100.0% ACC_TYPE='tl.float32', ALLOW_TF32=True, BLOCK_K=32, BLOCK_M=128, BLOCK_N=128, EVEN_K=True, GROUP_M=8, USE_FAST_ACCUM=False, num_stages=3, num_warps=4
  triton_mm_37 0.2412 ms 95.8% ACC_TYPE='tl.float32', ALLOW_TF32=True, BLOCK_K=32, BLOCK_M=64, BLOCK_N=128, EVEN_K=True, GROUP_M=8, USE_FAST_ACCUM=False, num_stages=3, num_warps=4
  mm 0.2457 ms 94.0% 
  triton_mm_40 0.2458 ms 94.0% ACC_TYPE='tl.float32', ALLOW_TF32=True, BLOCK_K=32, BLOCK_M=128, BLOCK_N=64, EVEN_K=True, GROUP_M=8, USE_FAST_ACCUM=False, num_stages=3, num_warps=4
  triton_mm_38 0.2519 ms 91.7% ACC_TYPE='tl.float32', ALLOW_TF32=True, BLOCK_K=32, BLOCK_M=64, BLOCK_N=128, EVEN_K=True, GROUP_M=8, USE_FAST_ACCUM=False, num_stages=4, num_warps=8
  triton_mm_41 0.2549 ms 90.6% ACC_TYPE='tl.float32', ALLOW_TF32=True, BLOCK_K=32, BLOCK_M=128, BLOCK_N=64, EVEN_K=True, GROUP_M=8, USE_FAST_ACCUM=False, num_stages=4, num_warps=8
  triton_mm_39 0.2570 ms 89.9% ACC_TYPE='tl.float32', ALLOW_TF32=True, BLOCK_K=64, BLOCK_M=64, BLOCK_N=128, EVEN_K=True, GROUP_M=8, USE_FAST_ACCUM=False, num_stages=3, num_warps=4
  triton_mm_44 0.2579 ms 89.6% ACC_TYPE='tl.float32', ALLOW_TF32=True, BLOCK_K=64, BLOCK_M=128, BLOCK_N=128, EVEN_K=True, GROUP_M=8, USE_FAST_ACCUM=False, num_stages=3, num_warps=4
  triton_mm_42 0.2822 ms 81.9% ACC_TYPE='tl.float32', ALLOW_TF32=True, BLOCK_K=32, BLOCK_M=128, BLOCK_N=128, EVEN_K=True, GROUP_M=8, USE_FAST_ACCUM=False, num_stages=2, num_warps=8
  triton_mm_36 0.3072 ms 75.2% ACC_TYPE='tl.float32', ALLOW_TF32=True, BLOCK_K=64, BLOCK_M=64, BLOCK_N=64, EVEN_K=True, GROUP_M=8, USE_FAST_ACCUM=False, num_stages=3, num_warps=8
SingleProcess AUTOTUNE benchmarking takes 0.7010 seconds and 0.0001 seconds precompiling for 16 choices
Autotune Choices Stats:
{"num_choices": 13, "num_triton_choices": 12, "best_kernel": "triton_mm_53", "best_kernel_desc": "ACC_TYPE='tl.float32', ALLOW_TF32=True, BLOCK_K=32, BLOCK_M=128, BLOCK_N=16, EVEN_K=True, GROUP_M=8, USE_FAST_ACCUM=False, num_stages=3, num_warps=4", "best_time": 0.017855999991297722, "best_triton_pos": 0}
AUTOTUNE mm(131072x32, 32x4)
strides: [512, 1], [1, 32]
dtypes: torch.bfloat16, torch.bfloat16
  triton_mm_53 0.0179 ms 100.0% ACC_TYPE='tl.float32', ALLOW_TF32=True, BLOCK_K=32, BLOCK_M=128, BLOCK_N=16, EVEN_K=True, GROUP_M=8, USE_FAST_ACCUM=False, num_stages=3, num_warps=4
  triton_mm_55 0.0179 ms 100.0% ACC_TYPE='tl.float32', ALLOW_TF32=True, BLOCK_K=32, BLOCK_M=128, BLOCK_N=16, EVEN_K=True, GROUP_M=8, USE_FAST_ACCUM=False, num_stages=2, num_warps=8
  triton_mm_48 0.0179 ms 99.8% ACC_TYPE='tl.float32', ALLOW_TF32=True, BLOCK_K=32, BLOCK_M=64, BLOCK_N=16, EVEN_K=True, GROUP_M=8, USE_FAST_ACCUM=False, num_stages=5, num_warps=4
  triton_mm_51 0.0179 ms 99.8% ACC_TYPE='tl.float32', ALLOW_TF32=True, BLOCK_K=32, BLOCK_M=64, BLOCK_N=16, EVEN_K=True, GROUP_M=8, USE_FAST_ACCUM=False, num_stages=3, num_warps=4
  triton_mm_56 0.0179 ms 99.8% ACC_TYPE='tl.float32', ALLOW_TF32=True, BLOCK_K=32, BLOCK_M=128, BLOCK_N=16, EVEN_K=True, GROUP_M=8, USE_FAST_ACCUM=False, num_stages=5, num_warps=8
  triton_mm_54 0.0180 ms 99.5% ACC_TYPE='tl.float32', ALLOW_TF32=True, BLOCK_K=32, BLOCK_M=128, BLOCK_N=16, EVEN_K=True, GROUP_M=8, USE_FAST_ACCUM=False, num_stages=4, num_warps=8
  triton_mm_50 0.0184 ms 97.2% ACC_TYPE='tl.float32', ALLOW_TF32=True, BLOCK_K=32, BLOCK_M=64, BLOCK_N=16, EVEN_K=True, GROUP_M=8, USE_FAST_ACCUM=False, num_stages=2, num_warps=4
  triton_mm_52 0.0184 ms 97.0% ACC_TYPE='tl.float32', ALLOW_TF32=True, BLOCK_K=32, BLOCK_M=64, BLOCK_N=16, EVEN_K=True, GROUP_M=8, USE_FAST_ACCUM=False, num_stages=4, num_warps=4
  triton_mm_47 0.0184 ms 96.9% ACC_TYPE='tl.float32', ALLOW_TF32=True, BLOCK_K=32, BLOCK_M=32, BLOCK_N=16, EVEN_K=True, GROUP_M=8, USE_FAST_ACCUM=False, num_stages=5, num_warps=2
  triton_mm_46 0.0188 ms 94.9% ACC_TYPE='tl.float32', ALLOW_TF32=True, BLOCK_K=32, BLOCK_M=32, BLOCK_N=16, EVEN_K=True, GROUP_M=8, USE_FAST_ACCUM=False, num_stages=2, num_warps=2
SingleProcess AUTOTUNE benchmarking takes 0.2817 seconds and 0.0001 seconds precompiling for 13 choices
Autotune Choices Stats:
{"num_choices": 16, "num_triton_choices": 15, "best_kernel": "triton_mm_100", "best_kernel_desc": "ACC_TYPE='tl.float32', ALLOW_TF32=True, BLOCK_K=32, BLOCK_M=128, BLOCK_N=128, EVEN_K=True, GROUP_M=8, USE_FAST_ACCUM=False, num_stages=3, num_warps=4", "best_time": 0.7351999878883362, "best_triton_pos": 0}
AUTOTUNE mm(131072x2048, 2048x512)
strides: [2048, 1], [1, 2048]
dtypes: torch.bfloat16, torch.bfloat16
  triton_mm_100 0.7352 ms 100.0% ACC_TYPE='tl.float32', ALLOW_TF32=True, BLOCK_K=32, BLOCK_M=128, BLOCK_N=128, EVEN_K=True, GROUP_M=8, USE_FAST_ACCUM=False, num_stages=3, num_warps=4
  mm 0.7424 ms 99.0% 
  triton_mm_101 0.7946 ms 92.5% ACC_TYPE='tl.float32', ALLOW_TF32=True, BLOCK_K=64, BLOCK_M=128, BLOCK_N=128, EVEN_K=True, GROUP_M=8, USE_FAST_ACCUM=False, num_stages=3, num_warps=4
  triton_mm_99 0.8346 ms 88.1% ACC_TYPE='tl.float32', ALLOW_TF32=True, BLOCK_K=32, BLOCK_M=128, BLOCK_N=128, EVEN_K=True, GROUP_M=8, USE_FAST_ACCUM=False, num_stages=2, num_warps=8
  triton_mm_94 0.8601 ms 85.5% ACC_TYPE='tl.float32', ALLOW_TF32=True, BLOCK_K=32, BLOCK_M=64, BLOCK_N=128, EVEN_K=True, GROUP_M=8, USE_FAST_ACCUM=False, num_stages=3, num_warps=4
  triton_mm_96 0.8621 ms 85.3% ACC_TYPE='tl.float32', ALLOW_TF32=True, BLOCK_K=64, BLOCK_M=64, BLOCK_N=128, EVEN_K=True, GROUP_M=8, USE_FAST_ACCUM=False, num_stages=3, num_warps=4
  triton_mm_97 0.8673 ms 84.8% ACC_TYPE='tl.float32', ALLOW_TF32=True, BLOCK_K=32, BLOCK_M=128, BLOCK_N=64, EVEN_K=True, GROUP_M=8, USE_FAST_ACCUM=False, num_stages=3, num_warps=4
  triton_mm_95 0.8765 ms 83.9% ACC_TYPE='tl.float32', ALLOW_TF32=True, BLOCK_K=32, BLOCK_M=64, BLOCK_N=128, EVEN_K=True, GROUP_M=8, USE_FAST_ACCUM=False, num_stages=4, num_warps=8
  triton_mm_98 0.8847 ms 83.1% ACC_TYPE='tl.float32', ALLOW_TF32=True, BLOCK_K=32, BLOCK_M=128, BLOCK_N=64, EVEN_K=True, GROUP_M=8, USE_FAST_ACCUM=False, num_stages=4, num_warps=8
  triton_mm_93 1.0875 ms 67.6% ACC_TYPE='tl.float32', ALLOW_TF32=True, BLOCK_K=64, BLOCK_M=64, BLOCK_N=64, EVEN_K=True, GROUP_M=8, USE_FAST_ACCUM=False, num_stages=3, num_warps=8
SingleProcess AUTOTUNE benchmarking takes 0.7125 seconds and 0.0001 seconds precompiling for 16 choices
Autotune Choices Stats:
{"num_choices": 16, "num_triton_choices": 15, "best_kernel": "triton_mm_883", "best_kernel_desc": "ACC_TYPE='tl.float32', ALLOW_TF32=True, BLOCK_K=32, BLOCK_M=128, BLOCK_N=128, EVEN_K=True, GROUP_M=8, USE_FAST_ACCUM=False, num_stages=3, num_warps=4", "best_time": 2.889695882797241, "best_triton_pos": 0}
AUTOTUNE mm(131072x512, 512x8192)
strides: [512, 1], [1, 512]
dtypes: torch.bfloat16, torch.bfloat16
  triton_mm_883 2.8897 ms 100.0% ACC_TYPE='tl.float32', ALLOW_TF32=True, BLOCK_K=32, BLOCK_M=128, BLOCK_N=128, EVEN_K=True, GROUP_M=8, USE_FAST_ACCUM=False, num_stages=3, num_warps=4
  triton_mm_882 3.2625 ms 88.6% ACC_TYPE='tl.float32', ALLOW_TF32=True, BLOCK_K=32, BLOCK_M=128, BLOCK_N=128, EVEN_K=True, GROUP_M=8, USE_FAST_ACCUM=False, num_stages=2, num_warps=8
  triton_mm_877 3.3566 ms 86.1% ACC_TYPE='tl.float32', ALLOW_TF32=True, BLOCK_K=32, BLOCK_M=64, BLOCK_N=128, EVEN_K=True, GROUP_M=8, USE_FAST_ACCUM=False, num_stages=3, num_warps=4
  triton_mm_880 3.3669 ms 85.8% ACC_TYPE='tl.float32', ALLOW_TF32=True, BLOCK_K=32, BLOCK_M=128, BLOCK_N=64, EVEN_K=True, GROUP_M=8, USE_FAST_ACCUM=False, num_stages=3, num_warps=4
  mm 3.4181 ms 84.5% 
  triton_mm_878 3.4427 ms 83.9% ACC_TYPE='tl.float32', ALLOW_TF32=True, BLOCK_K=32, BLOCK_M=64, BLOCK_N=128, EVEN_K=True, GROUP_M=8, USE_FAST_ACCUM=False, num_stages=4, num_warps=8
  triton_mm_881 3.4447 ms 83.9% ACC_TYPE='tl.float32', ALLOW_TF32=True, BLOCK_K=32, BLOCK_M=128, BLOCK_N=64, EVEN_K=True, GROUP_M=8, USE_FAST_ACCUM=False, num_stages=4, num_warps=8
  triton_mm_884 3.5451 ms 81.5% ACC_TYPE='tl.float32', ALLOW_TF32=True, BLOCK_K=64, BLOCK_M=128, BLOCK_N=128, EVEN_K=True, GROUP_M=8, USE_FAST_ACCUM=False, num_stages=3, num_warps=4
  triton_mm_879 3.6434 ms 79.3% ACC_TYPE='tl.float32', ALLOW_TF32=True, BLOCK_K=64, BLOCK_M=64, BLOCK_N=128, EVEN_K=True, GROUP_M=8, USE_FAST_ACCUM=False, num_stages=3, num_warps=4
  triton_mm_875 4.2639 ms 67.8% ACC_TYPE='tl.float32', ALLOW_TF32=True, BLOCK_K=32, BLOCK_M=64, BLOCK_N=64, EVEN_K=True, GROUP_M=8, USE_FAST_ACCUM=False, num_stages=2, num_warps=4
SingleProcess AUTOTUNE benchmarking takes 1.0616 seconds and 0.0001 seconds precompiling for 16 choices
Autotune Choices Stats:
{"num_choices": 16, "num_triton_choices": 15, "best_kernel": "triton_mm_943", "best_kernel_desc": "ACC_TYPE='tl.float32', ALLOW_TF32=True, BLOCK_K=32, BLOCK_M=128, BLOCK_N=128, EVEN_K=True, GROUP_M=8, USE_FAST_ACCUM=False, num_stages=3, num_warps=4", "best_time": 0.7813119888305664, "best_triton_pos": 0}
AUTOTUNE mm(131072x512, 512x2048)
strides: [512, 1], [2048, 1]
dtypes: torch.bfloat16, torch.bfloat16
  triton_mm_943 0.7813 ms 100.0% ACC_TYPE='tl.float32', ALLOW_TF32=True, BLOCK_K=32, BLOCK_M=128, BLOCK_N=128, EVEN_K=True, GROUP_M=8, USE_FAST_ACCUM=False, num_stages=3, num_warps=4
  triton_mm_937 0.8427 ms 92.7% ACC_TYPE='tl.float32', ALLOW_TF32=True, BLOCK_K=32, BLOCK_M=64, BLOCK_N=128, EVEN_K=True, GROUP_M=8, USE_FAST_ACCUM=False, num_stages=3, num_warps=4
  triton_mm_940 0.8509 ms 91.8% ACC_TYPE='tl.float32', ALLOW_TF32=True, BLOCK_K=32, BLOCK_M=128, BLOCK_N=64, EVEN_K=True, GROUP_M=8, USE_FAST_ACCUM=False, num_stages=3, num_warps=4
  triton_mm_941 0.8683 ms 90.0% ACC_TYPE='tl.float32', ALLOW_TF32=True, BLOCK_K=32, BLOCK_M=128, BLOCK_N=64, EVEN_K=True, GROUP_M=8, USE_FAST_ACCUM=False, num_stages=4, num_warps=8
  triton_mm_938 0.8792 ms 88.9% ACC_TYPE='tl.float32', ALLOW_TF32=True, BLOCK_K=32, BLOCK_M=64, BLOCK_N=128, EVEN_K=True, GROUP_M=8, USE_FAST_ACCUM=False, num_stages=4, num_warps=8
  mm 0.8888 ms 87.9% 
  triton_mm_939 0.9205 ms 84.9% ACC_TYPE='tl.float32', ALLOW_TF32=True, BLOCK_K=64, BLOCK_M=64, BLOCK_N=128, EVEN_K=True, GROUP_M=8, USE_FAST_ACCUM=False, num_stages=3, num_warps=4
  triton_mm_944 0.9226 ms 84.7% ACC_TYPE='tl.float32', ALLOW_TF32=True, BLOCK_K=64, BLOCK_M=128, BLOCK_N=128, EVEN_K=True, GROUP_M=8, USE_FAST_ACCUM=False, num_stages=3, num_warps=4
  triton_mm_942 0.9314 ms 83.9% ACC_TYPE='tl.float32', ALLOW_TF32=True, BLOCK_K=32, BLOCK_M=128, BLOCK_N=128, EVEN_K=True, GROUP_M=8, USE_FAST_ACCUM=False, num_stages=2, num_warps=8
  triton_mm_935 1.0880 ms 71.8% ACC_TYPE='tl.float32', ALLOW_TF32=True, BLOCK_K=32, BLOCK_M=64, BLOCK_N=64, EVEN_K=True, GROUP_M=8, USE_FAST_ACCUM=False, num_stages=2, num_warps=4
SingleProcess AUTOTUNE benchmarking takes 0.7197 seconds and 0.0002 seconds precompiling for 16 choices
Autotune Choices Stats:
{"num_choices": 16, "num_triton_choices": 15, "best_kernel": "mm", "best_time": 3.132416009902954, "best_triton_pos": 1, "best_triton_time": 3.368959903717041, "best_triton_kernel": "triton_mm_895", "best_triton_kernel_desc": "ACC_TYPE='tl.float32', ALLOW_TF32=True, BLOCK_K=32, BLOCK_M=128, BLOCK_N=64, EVEN_K=True, GROUP_M=8, USE_FAST_ACCUM=False, num_stages=3, num_warps=4"}
AUTOTUNE mm(8192x131072, 131072x512)
strides: [1, 8192], [512, 1]
dtypes: torch.bfloat16, torch.bfloat16
  mm 3.1324 ms 100.0% 
  triton_mm_895 3.3690 ms 93.0% ACC_TYPE='tl.float32', ALLOW_TF32=True, BLOCK_K=32, BLOCK_M=128, BLOCK_N=64, EVEN_K=True, GROUP_M=8, USE_FAST_ACCUM=False, num_stages=3, num_warps=4
  triton_mm_892 3.3874 ms 92.5% ACC_TYPE='tl.float32', ALLOW_TF32=True, BLOCK_K=32, BLOCK_M=64, BLOCK_N=128, EVEN_K=True, GROUP_M=8, USE_FAST_ACCUM=False, num_stages=3, num_warps=4
  triton_mm_894 3.5717 ms 87.7% ACC_TYPE='tl.float32', ALLOW_TF32=True, BLOCK_K=64, BLOCK_M=64, BLOCK_N=128, EVEN_K=True, GROUP_M=8, USE_FAST_ACCUM=False, num_stages=3, num_warps=4
  triton_mm_893 3.6854 ms 85.0% ACC_TYPE='tl.float32', ALLOW_TF32=True, BLOCK_K=32, BLOCK_M=64, BLOCK_N=128, EVEN_K=True, GROUP_M=8, USE_FAST_ACCUM=False, num_stages=4, num_warps=8
  triton_mm_896 3.7150 ms 84.3% ACC_TYPE='tl.float32', ALLOW_TF32=True, BLOCK_K=32, BLOCK_M=128, BLOCK_N=64, EVEN_K=True, GROUP_M=8, USE_FAST_ACCUM=False, num_stages=4, num_warps=8
  triton_mm_898 3.9076 ms 80.2% ACC_TYPE='tl.float32', ALLOW_TF32=True, BLOCK_K=32, BLOCK_M=128, BLOCK_N=128, EVEN_K=True, GROUP_M=8, USE_FAST_ACCUM=False, num_stages=3, num_warps=4
  triton_mm_899 4.1370 ms 75.7% ACC_TYPE='tl.float32', ALLOW_TF32=True, BLOCK_K=64, BLOCK_M=128, BLOCK_N=128, EVEN_K=True, GROUP_M=8, USE_FAST_ACCUM=False, num_stages=3, num_warps=4
  triton_mm_897 4.3909 ms 71.3% ACC_TYPE='tl.float32', ALLOW_TF32=True, BLOCK_K=32, BLOCK_M=128, BLOCK_N=128, EVEN_K=True, GROUP_M=8, USE_FAST_ACCUM=False, num_stages=2, num_warps=8
  triton_mm_891 4.4462 ms 70.5% ACC_TYPE='tl.float32', ALLOW_TF32=True, BLOCK_K=64, BLOCK_M=64, BLOCK_N=64, EVEN_K=True, GROUP_M=8, USE_FAST_ACCUM=False, num_stages=3, num_warps=8
SingleProcess AUTOTUNE benchmarking takes 1.0361 seconds and 0.0001 seconds precompiling for 16 choices
Autotune Choices Stats:
{"num_choices": 22, "num_triton_choices": 15, "best_kernel": "mm", "best_time": 0.9175040125846863, "best_triton_pos": 4, "best_triton_time": 1.21343994140625, "best_triton_kernel": "triton_mm_924", "best_triton_kernel_desc": "ACC_TYPE='tl.float32', ALLOW_TF32=True, BLOCK_K=64, BLOCK_M=64, BLOCK_N=128, EVEN_K=True, GROUP_M=8, USE_FAST_ACCUM=False, num_stages=3, num_warps=4"}
AUTOTUNE mm(512x131072, 131072x2048)
strides: [1, 512], [2048, 1]
dtypes: torch.bfloat16, torch.bfloat16
  mm 0.9175 ms 100.0% 
  decompose_k_mm_2_split_0 0.9687 ms 94.7% k_split=2
  decompose_k_mm_4_split_1 1.0967 ms 83.7% k_split=4
  decompose_k_mm_8_split_2 1.1981 ms 76.6% k_split=8
  triton_mm_924 1.2134 ms 75.6% ACC_TYPE='tl.float32', ALLOW_TF32=True, BLOCK_K=64, BLOCK_M=64, BLOCK_N=128, EVEN_K=True, GROUP_M=8, USE_FAST_ACCUM=False, num_stages=3, num_warps=4
  decompose_k_mm_16_split_3 1.2175 ms 75.4% k_split=16
  decompose_k_mm_32_split_4 1.2698 ms 72.3% k_split=32
  triton_mm_923 1.3030 ms 70.4% ACC_TYPE='tl.float32', ALLOW_TF32=True, BLOCK_K=32, BLOCK_M=64, BLOCK_N=128, EVEN_K=True, GROUP_M=8, USE_FAST_ACCUM=False, num_stages=4, num_warps=8
  triton_mm_926 1.3154 ms 69.7% ACC_TYPE='tl.float32', ALLOW_TF32=True, BLOCK_K=32, BLOCK_M=128, BLOCK_N=64, EVEN_K=True, GROUP_M=8, USE_FAST_ACCUM=False, num_stages=4, num_warps=8
  triton_mm_921 1.3885 ms 66.1% ACC_TYPE='tl.float32', ALLOW_TF32=True, BLOCK_K=64, BLOCK_M=64, BLOCK_N=64, EVEN_K=True, GROUP_M=8, USE_FAST_ACCUM=False, num_stages=3, num_warps=8
SingleProcess AUTOTUNE benchmarking takes 6.6578 seconds and 0.0001 seconds precompiling for 22 choices
Autotune Choices Stats:
{"num_choices": 22, "num_triton_choices": 15, "best_kernel": "mm", "best_time": 0.9195520281791687, "best_triton_pos": 5, "best_triton_time": 1.218559980392456, "best_triton_kernel": "triton_mm_954", "best_triton_kernel_desc": "ACC_TYPE='tl.float32', ALLOW_TF32=True, BLOCK_K=64, BLOCK_M=64, BLOCK_N=128, EVEN_K=True, GROUP_M=8, USE_FAST_ACCUM=False, num_stages=3, num_warps=4"}
AUTOTUNE mm(2048x131072, 131072x512)
strides: [1, 2048], [512, 1]
dtypes: torch.bfloat16, torch.bfloat16
  mm 0.9196 ms 100.0% 
  decompose_k_mm_2_split_6 0.9718 ms 94.6% k_split=2
  decompose_k_mm_4_split_7 1.0979 ms 83.8% k_split=4
  decompose_k_mm_16_split_9 1.2022 ms 76.5% k_split=16
  decompose_k_mm_8_split_8 1.2042 ms 76.4% k_split=8
  triton_mm_954 1.2186 ms 75.5% ACC_TYPE='tl.float32', ALLOW_TF32=True, BLOCK_K=64, BLOCK_M=64, BLOCK_N=128, EVEN_K=True, GROUP_M=8, USE_FAST_ACCUM=False, num_stages=3, num_warps=4
  decompose_k_mm_32_split_10 1.2759 ms 72.1% k_split=32
  triton_mm_953 1.3056 ms 70.4% ACC_TYPE='tl.float32', ALLOW_TF32=True, BLOCK_K=32, BLOCK_M=64, BLOCK_N=128, EVEN_K=True, GROUP_M=8, USE_FAST_ACCUM=False, num_stages=4, num_warps=8
  triton_mm_956 1.3148 ms 69.9% ACC_TYPE='tl.float32', ALLOW_TF32=True, BLOCK_K=32, BLOCK_M=128, BLOCK_N=64, EVEN_K=True, GROUP_M=8, USE_FAST_ACCUM=False, num_stages=4, num_warps=8
  decompose_k_mm_64_split_11 1.3742 ms 66.9% k_split=64
SingleProcess AUTOTUNE benchmarking takes 2.6961 seconds and 0.0002 seconds precompiling for 22 choices
Autotune Choices Stats:
{"num_choices": 24, "num_triton_choices": 15, "best_kernel": "mm", "best_time": 0.28467199206352234, "best_triton_pos": 6, "best_triton_time": 0.6707199811935425, "best_triton_kernel": "triton_mm_978", "best_triton_kernel_desc": "ACC_TYPE='tl.float32', ALLOW_TF32=True, BLOCK_K=32, BLOCK_M=64, BLOCK_N=32, EVEN_K=True, GROUP_M=8, USE_FAST_ACCUM=False, num_stages=5, num_warps=8"}
AUTOTUNE mm(512x131072, 131072x512)
strides: [1, 512], [512, 1]
dtypes: torch.bfloat16, torch.bfloat16
  mm 0.2847 ms 100.0% 
  decompose_k_mm_8_split_14 0.2980 ms 95.5% k_split=8
  decompose_k_mm_32_split_16 0.3502 ms 81.3% k_split=32
  decompose_k_mm_64_split_17 0.3809 ms 74.7% k_split=64
  decompose_k_mm_128_split_18 0.4157 ms 68.5% k_split=128
  decompose_k_mm_4_split_13 0.4914 ms 57.9% k_split=4
  triton_mm_978 0.6707 ms 42.4% ACC_TYPE='tl.float32', ALLOW_TF32=True, BLOCK_K=32, BLOCK_M=64, BLOCK_N=32, EVEN_K=True, GROUP_M=8, USE_FAST_ACCUM=False, num_stages=5, num_warps=8
  triton_mm_977 0.6969 ms 40.9% ACC_TYPE='tl.float32', ALLOW_TF32=True, BLOCK_K=32, BLOCK_M=32, BLOCK_N=64, EVEN_K=True, GROUP_M=8, USE_FAST_ACCUM=False, num_stages=5, num_warps=8
  triton_mm_976 0.9011 ms 31.6% ACC_TYPE='tl.float32', ALLOW_TF32=True, BLOCK_K=128, BLOCK_M=32, BLOCK_N=32, EVEN_K=True, GROUP_M=8, USE_FAST_ACCUM=False, num_stages=2, num_warps=4
  triton_mm_981 0.9150 ms 31.1% ACC_TYPE='tl.float32', ALLOW_TF32=True, BLOCK_K=64, BLOCK_M=64, BLOCK_N=64, EVEN_K=True, GROUP_M=8, USE_FAST_ACCUM=False, num_stages=3, num_warps=8
SingleProcess AUTOTUNE benchmarking takes 6.4320 seconds and 0.0001 seconds precompiling for 24 choices
Autotune Choices Stats:
{"num_choices": 22, "num_triton_choices": 11, "best_kernel": "decompose_k_mm_256_split_27", "best_kernel_desc": "k_split=256", "best_time": 0.03030399978160858, "best_triton_pos": 9, "best_triton_time": 0.25596800446510315, "best_triton_kernel": "triton_mm_1008", "best_triton_kernel_desc": "ACC_TYPE='tl.float32', ALLOW_TF32=True, BLOCK_K=128, BLOCK_M=16, BLOCK_N=32, EVEN_K=True, GROUP_M=8, USE_FAST_ACCUM=False, num_stages=5, num_warps=2"}
AUTOTUNE mm(4x131072, 131072x32)
strides: [1, 4], [512, 1]
dtypes: torch.bfloat16, torch.bfloat16
  decompose_k_mm_256_split_27 0.0303 ms 100.0% k_split=256
  decompose_k_mm_512_split_28 0.0305 ms 99.5% k_split=512
  decompose_k_mm_1024_split_29 0.0307 ms 98.7% k_split=1024
  decompose_k_mm_128_split_26 0.0368 ms 82.3% k_split=128
  mm 0.0389 ms 77.9% 
  decompose_k_mm_64_split_25 0.0408 ms 74.2% k_split=64
  decompose_k_mm_32_split_24 0.0545 ms 55.6% k_split=32
  decompose_k_mm_16_split_23 0.0961 ms 31.5% k_split=16
  decompose_k_mm_8_split_22 0.1741 ms 17.4% k_split=8
  triton_mm_1008 0.2560 ms 11.8% ACC_TYPE='tl.float32', ALLOW_TF32=True, BLOCK_K=128, BLOCK_M=16, BLOCK_N=32, EVEN_K=True, GROUP_M=8, USE_FAST_ACCUM=False, num_stages=5, num_warps=2
SingleProcess AUTOTUNE benchmarking takes 5.9757 seconds and 0.0001 seconds precompiling for 22 choices
Autotune Choices Stats:
{"num_choices": 16, "num_triton_choices": 15, "best_kernel": "triton_mm_913", "best_kernel_desc": "ACC_TYPE='tl.float32', ALLOW_TF32=True, BLOCK_K=32, BLOCK_M=128, BLOCK_N=128, EVEN_K=True, GROUP_M=8, USE_FAST_ACCUM=False, num_stages=3, num_warps=4", "best_time": 2.787328004837036, "best_triton_pos": 0}
AUTOTUNE mm(131072x8192, 8192x512)
strides: [8192, 1], [512, 1]
dtypes: torch.bfloat16, torch.bfloat16
  triton_mm_913 2.7873 ms 100.0% ACC_TYPE='tl.float32', ALLOW_TF32=True, BLOCK_K=32, BLOCK_M=128, BLOCK_N=128, EVEN_K=True, GROUP_M=8, USE_FAST_ACCUM=False, num_stages=3, num_warps=4
  mm 2.8478 ms 97.9% 
  triton_mm_914 2.9522 ms 94.4% ACC_TYPE='tl.float32', ALLOW_TF32=True, BLOCK_K=64, BLOCK_M=128, BLOCK_N=128, EVEN_K=True, GROUP_M=8, USE_FAST_ACCUM=False, num_stages=3, num_warps=4
  triton_mm_912 3.0116 ms 92.6% ACC_TYPE='tl.float32', ALLOW_TF32=True, BLOCK_K=32, BLOCK_M=128, BLOCK_N=128, EVEN_K=True, GROUP_M=8, USE_FAST_ACCUM=False, num_stages=2, num_warps=8
  triton_mm_909 3.3106 ms 84.2% ACC_TYPE='tl.float32', ALLOW_TF32=True, BLOCK_K=64, BLOCK_M=64, BLOCK_N=128, EVEN_K=True, GROUP_M=8, USE_FAST_ACCUM=False, num_stages=3, num_warps=4
  triton_mm_907 3.3178 ms 84.0% ACC_TYPE='tl.float32', ALLOW_TF32=True, BLOCK_K=32, BLOCK_M=64, BLOCK_N=128, EVEN_K=True, GROUP_M=8, USE_FAST_ACCUM=False, num_stages=3, num_warps=4
  triton_mm_910 3.3485 ms 83.2% ACC_TYPE='tl.float32', ALLOW_TF32=True, BLOCK_K=32, BLOCK_M=128, BLOCK_N=64, EVEN_K=True, GROUP_M=8, USE_FAST_ACCUM=False, num_stages=3, num_warps=4
  triton_mm_908 3.3567 ms 83.0% ACC_TYPE='tl.float32', ALLOW_TF32=True, BLOCK_K=32, BLOCK_M=64, BLOCK_N=128, EVEN_K=True, GROUP_M=8, USE_FAST_ACCUM=False, num_stages=4, num_warps=8
  triton_mm_911 3.4550 ms 80.7% ACC_TYPE='tl.float32', ALLOW_TF32=True, BLOCK_K=32, BLOCK_M=128, BLOCK_N=64, EVEN_K=True, GROUP_M=8, USE_FAST_ACCUM=False, num_stages=4, num_warps=8
  triton_mm_906 4.2373 ms 65.8% ACC_TYPE='tl.float32', ALLOW_TF32=True, BLOCK_K=64, BLOCK_M=64, BLOCK_N=64, EVEN_K=True, GROUP_M=8, USE_FAST_ACCUM=False, num_stages=3, num_warps=8
SingleProcess AUTOTUNE benchmarking takes 0.9940 seconds and 0.0001 seconds precompiling for 16 choices
Autotune Choices Stats:
{"num_choices": 16, "num_triton_choices": 15, "best_kernel": "mm", "best_time": 0.7024319767951965, "best_triton_pos": 1, "best_triton_time": 0.7372480034828186, "best_triton_kernel": "triton_mm_973", "best_triton_kernel_desc": "ACC_TYPE='tl.float32', ALLOW_TF32=True, BLOCK_K=32, BLOCK_M=128, BLOCK_N=128, EVEN_K=True, GROUP_M=8, USE_FAST_ACCUM=False, num_stages=3, num_warps=4"}
AUTOTUNE mm(131072x2048, 2048x512)
strides: [2048, 1], [512, 1]
dtypes: torch.bfloat16, torch.bfloat16
  mm 0.7024 ms 100.0% 
  triton_mm_973 0.7372 ms 95.3% ACC_TYPE='tl.float32', ALLOW_TF32=True, BLOCK_K=32, BLOCK_M=128, BLOCK_N=128, EVEN_K=True, GROUP_M=8, USE_FAST_ACCUM=False, num_stages=3, num_warps=4
  triton_mm_974 0.7993 ms 87.9% ACC_TYPE='tl.float32', ALLOW_TF32=True, BLOCK_K=64, BLOCK_M=128, BLOCK_N=128, EVEN_K=True, GROUP_M=8, USE_FAST_ACCUM=False, num_stages=3, num_warps=4
  triton_mm_972 0.8086 ms 86.9% ACC_TYPE='tl.float32', ALLOW_TF32=True, BLOCK_K=32, BLOCK_M=128, BLOCK_N=128, EVEN_K=True, GROUP_M=8, USE_FAST_ACCUM=False, num_stages=2, num_warps=8
  triton_mm_967 0.8495 ms 82.7% ACC_TYPE='tl.float32', ALLOW_TF32=True, BLOCK_K=32, BLOCK_M=64, BLOCK_N=128, EVEN_K=True, GROUP_M=8, USE_FAST_ACCUM=False, num_stages=3, num_warps=4
  triton_mm_969 0.8540 ms 82.3% ACC_TYPE='tl.float32', ALLOW_TF32=True, BLOCK_K=64, BLOCK_M=64, BLOCK_N=128, EVEN_K=True, GROUP_M=8, USE_FAST_ACCUM=False, num_stages=3, num_warps=4
  triton_mm_970 0.8628 ms 81.4% ACC_TYPE='tl.float32', ALLOW_TF32=True, BLOCK_K=32, BLOCK_M=128, BLOCK_N=64, EVEN_K=True, GROUP_M=8, USE_FAST_ACCUM=False, num_stages=3, num_warps=4
  triton_mm_968 0.8683 ms 80.9% ACC_TYPE='tl.float32', ALLOW_TF32=True, BLOCK_K=32, BLOCK_M=64, BLOCK_N=128, EVEN_K=True, GROUP_M=8, USE_FAST_ACCUM=False, num_stages=4, num_warps=8
  triton_mm_971 0.8847 ms 79.4% ACC_TYPE='tl.float32', ALLOW_TF32=True, BLOCK_K=32, BLOCK_M=128, BLOCK_N=64, EVEN_K=True, GROUP_M=8, USE_FAST_ACCUM=False, num_stages=4, num_warps=8
  triton_mm_966 1.0834 ms 64.8% ACC_TYPE='tl.float32', ALLOW_TF32=True, BLOCK_K=64, BLOCK_M=64, BLOCK_N=64, EVEN_K=True, GROUP_M=8, USE_FAST_ACCUM=False, num_stages=3, num_warps=8
SingleProcess AUTOTUNE benchmarking takes 0.7058 seconds and 0.0002 seconds precompiling for 16 choices
Autotune Choices Stats:
{"num_choices": 16, "num_triton_choices": 15, "best_kernel": "triton_mm_1003", "best_kernel_desc": "ACC_TYPE='tl.float32', ALLOW_TF32=True, BLOCK_K=32, BLOCK_M=128, BLOCK_N=128, EVEN_K=True, GROUP_M=8, USE_FAST_ACCUM=False, num_stages=3, num_warps=4", "best_time": 0.23343999683856964, "best_triton_pos": 0}
AUTOTUNE mm(131072x512, 512x512)
strides: [512, 1], [512, 1]
dtypes: torch.bfloat16, torch.bfloat16
  triton_mm_1003 0.2334 ms 100.0% ACC_TYPE='tl.float32', ALLOW_TF32=True, BLOCK_K=32, BLOCK_M=128, BLOCK_N=128, EVEN_K=True, GROUP_M=8, USE_FAST_ACCUM=False, num_stages=3, num_warps=4
  mm 0.2416 ms 96.6% 
  triton_mm_997 0.2437 ms 95.8% ACC_TYPE='tl.float32', ALLOW_TF32=True, BLOCK_K=32, BLOCK_M=64, BLOCK_N=128, EVEN_K=True, GROUP_M=8, USE_FAST_ACCUM=False, num_stages=3, num_warps=4
  triton_mm_1000 0.2474 ms 94.4% ACC_TYPE='tl.float32', ALLOW_TF32=True, BLOCK_K=32, BLOCK_M=128, BLOCK_N=64, EVEN_K=True, GROUP_M=8, USE_FAST_ACCUM=False, num_stages=3, num_warps=4
  triton_mm_998 0.2508 ms 93.1% ACC_TYPE='tl.float32', ALLOW_TF32=True, BLOCK_K=32, BLOCK_M=64, BLOCK_N=128, EVEN_K=True, GROUP_M=8, USE_FAST_ACCUM=False, num_stages=4, num_warps=8
  triton_mm_1001 0.2515 ms 92.8% ACC_TYPE='tl.float32', ALLOW_TF32=True, BLOCK_K=32, BLOCK_M=128, BLOCK_N=64, EVEN_K=True, GROUP_M=8, USE_FAST_ACCUM=False, num_stages=4, num_warps=8
  triton_mm_1004 0.2601 ms 89.8% ACC_TYPE='tl.float32', ALLOW_TF32=True, BLOCK_K=64, BLOCK_M=128, BLOCK_N=128, EVEN_K=True, GROUP_M=8, USE_FAST_ACCUM=False, num_stages=3, num_warps=4
  triton_mm_999 0.2604 ms 89.6% ACC_TYPE='tl.float32', ALLOW_TF32=True, BLOCK_K=64, BLOCK_M=64, BLOCK_N=128, EVEN_K=True, GROUP_M=8, USE_FAST_ACCUM=False, num_stages=3, num_warps=4
  triton_mm_1002 0.2765 ms 84.4% ACC_TYPE='tl.float32', ALLOW_TF32=True, BLOCK_K=32, BLOCK_M=128, BLOCK_N=128, EVEN_K=True, GROUP_M=8, USE_FAST_ACCUM=False, num_stages=2, num_warps=8
  triton_mm_995 0.3091 ms 75.5% ACC_TYPE='tl.float32', ALLOW_TF32=True, BLOCK_K=32, BLOCK_M=64, BLOCK_N=64, EVEN_K=True, GROUP_M=8, USE_FAST_ACCUM=False, num_stages=2, num_warps=4
SingleProcess AUTOTUNE benchmarking takes 0.6992 seconds and 0.0001 seconds precompiling for 16 choices
Autotune Choices Stats:
{"num_choices": 15, "num_triton_choices": 14, "best_kernel": "triton_mm_1028", "best_kernel_desc": "ACC_TYPE='tl.float32', ALLOW_TF32=True, BLOCK_K=16, BLOCK_M=128, BLOCK_N=32, EVEN_K=False, GROUP_M=8, USE_FAST_ACCUM=False, num_stages=2, num_warps=8", "best_time": 0.0077760000713169575, "best_triton_pos": 0}
AUTOTUNE mm(131072x4, 4x32)
strides: [4, 1], [32, 1]
dtypes: torch.bfloat16, torch.bfloat16
  triton_mm_1028 0.0078 ms 100.0% ACC_TYPE='tl.float32', ALLOW_TF32=True, BLOCK_K=16, BLOCK_M=128, BLOCK_N=32, EVEN_K=False, GROUP_M=8, USE_FAST_ACCUM=False, num_stages=2, num_warps=8
  triton_mm_1025 0.0082 ms 94.9% ACC_TYPE='tl.float32', ALLOW_TF32=True, BLOCK_K=16, BLOCK_M=64, BLOCK_N=32, EVEN_K=False, GROUP_M=8, USE_FAST_ACCUM=False, num_stages=4, num_warps=4
  triton_mm_1027 0.0082 ms 94.9% ACC_TYPE='tl.float32', ALLOW_TF32=True, BLOCK_K=16, BLOCK_M=128, BLOCK_N=32, EVEN_K=False, GROUP_M=8, USE_FAST_ACCUM=False, num_stages=4, num_warps=8
  triton_mm_1020 0.0082 ms 94.6% ACC_TYPE='tl.float32', ALLOW_TF32=True, BLOCK_K=16, BLOCK_M=64, BLOCK_N=32, EVEN_K=False, GROUP_M=8, USE_FAST_ACCUM=False, num_stages=5, num_warps=4
  triton_mm_1023 0.0082 ms 94.6% ACC_TYPE='tl.float32', ALLOW_TF32=True, BLOCK_K=16, BLOCK_M=64, BLOCK_N=32, EVEN_K=False, GROUP_M=8, USE_FAST_ACCUM=False, num_stages=3, num_warps=4
  triton_mm_1029 0.0082 ms 94.6% ACC_TYPE='tl.float32', ALLOW_TF32=True, BLOCK_K=16, BLOCK_M=128, BLOCK_N=32, EVEN_K=False, GROUP_M=8, USE_FAST_ACCUM=False, num_stages=5, num_warps=8
  triton_mm_1016 0.0083 ms 94.2% ACC_TYPE='tl.float32', ALLOW_TF32=True, BLOCK_K=16, BLOCK_M=32, BLOCK_N=32, EVEN_K=False, GROUP_M=8, USE_FAST_ACCUM=False, num_stages=1, num_warps=2
  triton_mm_1026 0.0097 ms 80.5% ACC_TYPE='tl.float32', ALLOW_TF32=True, BLOCK_K=16, BLOCK_M=128, BLOCK_N=32, EVEN_K=False, GROUP_M=8, USE_FAST_ACCUM=False, num_stages=3, num_warps=4
  triton_mm_1021 0.0098 ms 79.4% ACC_TYPE='tl.float32', ALLOW_TF32=True, BLOCK_K=16, BLOCK_M=64, BLOCK_N=32, EVEN_K=False, GROUP_M=8, USE_FAST_ACCUM=False, num_stages=2, num_warps=4
  triton_mm_1022 0.0098 ms 79.4% ACC_TYPE='tl.float32', ALLOW_TF32=True, BLOCK_K=16, BLOCK_M=64, BLOCK_N=32, EVEN_K=False, GROUP_M=8, USE_FAST_ACCUM=False, num_stages=3, num_warps=8
SingleProcess AUTOTUNE benchmarking takes 0.3125 seconds and 0.0001 seconds precompiling for 15 choices
Vocab size: 8,192
Model config: {'sequence_len': 2048, 'vocab_size': 8192, 'n_layer': 9, 'n_head': 4, 'n_kv_head': 4, 'n_embd': 512, 'window_pattern': 'L'}
Parameter counts:
  wte                     : 4,194,304
  value_embeds            : 20,971,520
  lm_head                 : 4,194,304
  transformer_matrices    : 28,312,192
  scalars                 : 18
  total                   : 57,672,338
Estimated FLOPs per token: 3.082852e+08
Scaling AdamW LRs by 1/sqrt(512/768) = 1.224745
Time budget: 300s
Gradient accumulation steps: 1

step 00000 (0.0%) | loss: 9.011469 | lrm: 1.00 | dt: 102592ms | tok/sec: 1,277 | mfu: 0.0% | epoch: 1 | remaining: 300s    
step 00001 (0.0%) | loss: 8.883155 | lrm: 1.00 | dt: 261ms | tok/sec: 501,886 | mfu: 15.6% | epoch: 1 | remaining: 300s    
step 00002 (0.0%) | loss: 8.553802 | lrm: 1.00 | dt: 162ms | tok/sec: 806,658 | mfu: 25.1% | epoch: 1 | remaining: 300s    
step 00003 (0.0%) | loss: 8.135363 | lrm: 1.00 | dt: 160ms | tok/sec: 817,524 | mfu: 25.5% | epoch: 1 | remaining: 300s    
step 00004 (0.0%) | loss: 7.766400 | lrm: 1.00 | dt: 160ms | tok/sec: 817,089 | mfu: 25.5% | epoch: 1 | remaining: 300s    
step 00005 (0.0%) | loss: 7.447748 | lrm: 1.00 | dt: 160ms | tok/sec: 817,435 | mfu: 25.5% | epoch: 1 | remaining: 300s    
step 00006 (0.0%) | loss: 7.198299 | lrm: 1.00 | dt: 160ms | tok/sec: 817,398 | mfu: 25.5% | epoch: 1 | remaining: 300s    
step 00007 (0.0%) | loss: 6.989928 | lrm: 1.00 | dt: 160ms | tok/sec: 817,429 | mfu: 25.5% | epoch: 1 | remaining: 300s    
step 00008 (0.0%) | loss: 6.814908 | lrm: 1.00 | dt: 160ms | tok/sec: 817,469 | mfu: 25.5% | epoch: 1 | remaining: 300s    
step 00009 (0.0%) | loss: 6.666747 | lrm: 1.00 | dt: 160ms | tok/sec: 817,068 | mfu: 25.5% | epoch: 1 | remaining: 300s    
step 00010 (0.0%) | loss: 6.537717 | lrm: 1.00 | dt: 160ms | tok/sec: 816,904 | mfu: 25.5% | epoch: 1 | remaining: 300s    
step 00011 (0.0%) | loss: 6.422545 | lrm: 1.00 | dt: 161ms | tok/sec: 815,985 | mfu: 25.4% | epoch: 1 | remaining: 300s    
step 00012 (0.1%) | loss: 6.327339 | lrm: 1.00 | dt: 160ms | tok/sec: 816,972 | mfu: 25.5% | epoch: 1 | remaining: 300s    
step 00013 (0.1%) | loss: 6.242960 | lrm: 1.00 | dt: 160ms | tok/sec: 816,940 | mfu: 25.5% | epoch: 1 | remaining: 300s    
step 00014 (0.2%) | loss: 6.165879 | lrm: 1.00 | dt: 160ms | tok/sec: 816,883 | mfu: 25.5% | epoch: 1 | remaining: 299s    
step 00015 (0.2%) | loss: 6.102058 | lrm: 1.00 | dt: 161ms | tok/sec: 816,597 | mfu: 25.4% | epoch: 1 | remaining: 299s    
step 00016 (0.3%) | loss: 6.045530 | lrm: 1.00 | dt: 160ms | tok/sec: 816,925 | mfu: 25.5% | epoch: 1 | remaining: 299s    
step 00017 (0.3%) | loss: 5.989933 | lrm: 1.00 | dt: 160ms | tok/sec: 816,943 | mfu: 25.5% | epoch: 1 | remaining: 299s    
step 00018 (0.4%) | loss: 5.940986 | lrm: 1.00 | dt: 161ms | tok/sec: 816,426 | mfu: 25.4% | epoch: 1 | remaining: 299s    
step 00019 (0.4%) | loss: 5.896949 | lrm: 1.00 | dt: 161ms | tok/sec: 816,460 | mfu: 25.4% | epoch: 1 | remaining: 299s    
step 00020 (0.5%) | loss: 5.859475 | lrm: 1.00 | dt: 160ms | tok/sec: 816,858 | mfu: 25.4% | epoch: 1 | remaining: 298s    
step 00021 (0.5%) | loss: 5.824633 | lrm: 1.00 | dt: 160ms | tok/sec: 817,032 | mfu: 25.5% | epoch: 1 | remaining: 298s    
step 00022 (0.6%) | loss: 5.790532 | lrm: 1.00 | dt: 160ms | tok/sec: 816,772 | mfu: 25.4% | epoch: 1 | remaining: 298s    
step 00023 (0.6%) | loss: 5.757857 | lrm: 1.00 | dt: 160ms | tok/sec: 816,739 | mfu: 25.4% | epoch: 1 | remaining: 298s    
step 00024 (0.7%) | loss: 5.728734 | lrm: 1.00 | dt: 160ms | tok/sec: 816,733 | mfu: 25.4% | epoch: 1 | remaining: 298s    
step 00025 (0.7%) | loss: 5.693730 | lrm: 1.00 | dt: 160ms | tok/sec: 816,790 | mfu: 25.4% | epoch: 1 | remaining: 298s    
step 00026 (0.8%) | loss: 5.666578 | lrm: 1.00 | dt: 161ms | tok/sec: 816,468 | mfu: 25.4% | epoch: 1 | remaining: 297s    
step 00027 (0.9%) | loss: 5.643532 | lrm: 1.00 | dt: 160ms | tok/sec: 816,843 | mfu: 25.4% | epoch: 1 | remaining: 297s    
step 00028 (0.9%) | loss: 5.621763 | lrm: 1.00 | dt: 161ms | tok/sec: 816,376 | mfu: 25.4% | epoch: 1 | remaining: 297s    
step 00029 (1.0%) | loss: 5.597335 | lrm: 1.00 | dt: 160ms | tok/sec: 816,735 | mfu: 25.4% | epoch: 1 | remaining: 297s    
step 00030 (1.0%) | loss: 5.574595 | lrm: 1.00 | dt: 161ms | tok/sec: 816,393 | mfu: 25.4% | epoch: 1 | remaining: 297s    
step 00031 (1.1%) | loss: 5.552432 | lrm: 1.00 | dt: 160ms | tok/sec: 816,753 | mfu: 25.4% | epoch: 1 | remaining: 297s    
step 00032 (1.1%) | loss: 5.528741 | lrm: 1.00 | dt: 160ms | tok/sec: 816,873 | mfu: 25.5% | epoch: 1 | remaining: 296s    
step 00033 (1.2%) | loss: 5.509969 | lrm: 1.00 | dt: 160ms | tok/sec: 816,764 | mfu: 25.4% | epoch: 1 | remaining: 296s    
step 00034 (1.2%) | loss: 5.486700 | lrm: 1.00 | dt: 160ms | tok/sec: 816,705 | mfu: 25.4% | epoch: 1 | remaining: 296s    
step 00035 (1.3%) | loss: 5.464561 | lrm: 1.00 | dt: 160ms | tok/sec: 816,761 | mfu: 25.4% | epoch: 1 | remaining: 296s    
step 00036 (1.3%) | loss: 5.446095 | lrm: 1.00 | dt: 160ms | tok/sec: 816,784 | mfu: 25.4% | epoch: 1 | remaining: 296s    
step 00037 (1.4%) | loss: 5.423681 | lrm: 1.00 | dt: 160ms | tok/sec: 816,716 | mfu: 25.4% | epoch: 1 | remaining: 296s    
step 00038 (1.4%) | loss: 5.403355 | lrm: 1.00 | dt: 160ms | tok/sec: 816,750 | mfu: 25.4% | epoch: 1 | remaining: 296s    
step 00039 (1.5%) | loss: 5.382649 | lrm: 1.00 | dt: 160ms | tok/sec: 817,350 | mfu: 25.5% | epoch: 1 | remaining: 295s    
step 00040 (1.6%) | loss: 5.361963 | lrm: 1.00 | dt: 160ms | tok/sec: 818,160 | mfu: 25.5% | epoch: 1 | remaining: 295s    
step 00041 (1.6%) | loss: 5.342317 | lrm: 1.00 | dt: 160ms | tok/sec: 817,916 | mfu: 25.5% | epoch: 1 | remaining: 295s    
step 00042 (1.7%) | loss: 5.325143 | lrm: 1.00 | dt: 160ms | tok/sec: 817,959 | mfu: 25.5% | epoch: 1 | remaining: 295s    
step 00043 (1.7%) | loss: 5.303548 | lrm: 1.00 | dt: 160ms | tok/sec: 818,023 | mfu: 25.5% | epoch: 1 | remaining: 295s    
step 00044 (1.8%) | loss: 5.285067 | lrm: 1.00 | dt: 160ms | tok/sec: 817,917 | mfu: 25.5% | epoch: 1 | remaining: 295s    
step 00045 (1.8%) | loss: 5.269095 | lrm: 1.00 | dt: 160ms | tok/sec: 817,534 | mfu: 25.5% | epoch: 1 | remaining: 294s    
step 00046 (1.9%) | loss: 5.252878 | lrm: 1.00 | dt: 160ms | tok/sec: 817,584 | mfu: 25.5% | epoch: 1 | remaining: 294s    
step 00047 (1.9%) | loss: 5.234015 | lrm: 1.00 | dt: 160ms | tok/sec: 817,625 | mfu: 25.5% | epoch: 1 | remaining: 294s    
step 00048 (2.0%) | loss: 5.216630 | lrm: 1.00 | dt: 160ms | tok/sec: 817,277 | mfu: 25.5% | epoch: 1 | remaining: 294s    
step 00049 (2.0%) | loss: 5.199293 | lrm: 1.00 | dt: 160ms | tok/sec: 817,695 | mfu: 25.5% | epoch: 1 | remaining: 294s    
step 00050 (2.1%) | loss: 5.180917 | lrm: 1.00 | dt: 160ms | tok/sec: 817,581 | mfu: 25.5% | epoch: 1 | remaining: 294s    
step 00051 (2.1%) | loss: 5.160612 | lrm: 1.00 | dt: 160ms | tok/sec: 817,654 | mfu: 25.5% | epoch: 1 | remaining: 293s    
step 00052 (2.2%) | loss: 5.137987 | lrm: 1.00 | dt: 160ms | tok/sec: 817,829 | mfu: 25.5% | epoch: 1 | remaining: 293s    
step 00053 (2.2%) | loss: 5.121550 | lrm: 1.00 | dt: 160ms | tok/sec: 817,303 | mfu: 25.5% | epoch: 1 | remaining: 293s    
step 00054 (2.3%) | loss: 5.102625 | lrm: 1.00 | dt: 160ms | tok/sec: 817,730 | mfu: 25.5% | epoch: 1 | remaining: 293s    
step 00055 (2.4%) | loss: 5.083616 | lrm: 1.00 | dt: 160ms | tok/sec: 817,886 | mfu: 25.5% | epoch: 1 | remaining: 293s    
step 00056 (2.4%) | loss: 5.064552 | lrm: 1.00 | dt: 160ms | tok/sec: 817,912 | mfu: 25.5% | epoch: 1 | remaining: 293s    
step 00057 (2.5%) | loss: 5.048566 | lrm: 1.00 | dt: 160ms | tok/sec: 817,872 | mfu: 25.5% | epoch: 1 | remaining: 292s    
step 00058 (2.5%) | loss: 5.034634 | lrm: 1.00 | dt: 160ms | tok/sec: 817,922 | mfu: 25.5% | epoch: 1 | remaining: 292s    
step 00059 (2.6%) | loss: 5.013228 | lrm: 1.00 | dt: 160ms | tok/sec: 817,810 | mfu: 25.5% | epoch: 1 | remaining: 292s    
step 00060 (2.6%) | loss: 4.994407 | lrm: 1.00 | dt: 160ms | tok/sec: 817,955 | mfu: 25.5% | epoch: 1 | remaining: 292s    
step 00061 (2.7%) | loss: 4.970560 | lrm: 1.00 | dt: 160ms | tok/sec: 817,950 | mfu: 25.5% | epoch: 1 | remaining: 292s    
step 00062 (2.7%) | loss: 4.952323 | lrm: 1.00 | dt: 160ms | tok/sec: 817,983 | mfu: 25.5% | epoch: 1 | remaining: 292s    
step 00063 (2.8%) | loss: 4.936580 | lrm: 1.00 | dt: 160ms | tok/sec: 817,766 | mfu: 25.5% | epoch: 1 | remaining: 291s    
step 00064 (2.8%) | loss: 4.920738 | lrm: 1.00 | dt: 160ms | tok/sec: 818,146 | mfu: 25.5% | epoch: 1 | remaining: 291s    
step 00065 (2.9%) | loss: 4.902965 | lrm: 1.00 | dt: 160ms | tok/sec: 817,715 | mfu: 25.5% | epoch: 1 | remaining: 291s    
step 00066 (2.9%) | loss: 4.883717 | lrm: 1.00 | dt: 160ms | tok/sec: 818,007 | mfu: 25.5% | epoch: 1 | remaining: 291s    
step 00067 (3.0%) | loss: 4.869358 | lrm: 1.00 | dt: 160ms | tok/sec: 817,994 | mfu: 25.5% | epoch: 1 | remaining: 291s    
step 00068 (3.0%) | loss: 4.852907 | lrm: 1.00 | dt: 160ms | tok/sec: 817,966 | mfu: 25.5% | epoch: 1 | remaining: 291s    
step 00069 (3.1%) | loss: 4.833325 | lrm: 1.00 | dt: 160ms | tok/sec: 817,990 | mfu: 25.5% | epoch: 1 | remaining: 291s    
step 00070 (3.2%) | loss: 4.817924 | lrm: 1.00 | dt: 160ms | tok/sec: 817,694 | mfu: 25.5% | epoch: 1 | remaining: 290s    
step 00071 (3.2%) | loss: 4.795863 | lrm: 1.00 | dt: 160ms | tok/sec: 817,644 | mfu: 25.5% | epoch: 1 | remaining: 290s    
step 00072 (3.3%) | loss: 4.779649 | lrm: 1.00 | dt: 160ms | tok/sec: 817,879 | mfu: 25.5% | epoch: 1 | remaining: 290s    
step 00073 (3.3%) | loss: 4.759895 | lrm: 1.00 | dt: 160ms | tok/sec: 817,748 | mfu: 25.5% | epoch: 1 | remaining: 290s    
step 00074 (3.4%) | loss: 4.744657 | lrm: 1.00 | dt: 160ms | tok/sec: 817,773 | mfu: 25.5% | epoch: 1 | remaining: 290s    
step 00075 (3.4%) | loss: 4.726228 | lrm: 1.00 | dt: 160ms | tok/sec: 817,743 | mfu: 25.5% | epoch: 1 | remaining: 290s    
step 00076 (3.5%) | loss: 4.708049 | lrm: 1.00 | dt: 160ms | tok/sec: 817,896 | mfu: 25.5% | epoch: 1 | remaining: 289s    
step 00077 (3.5%) | loss: 4.687665 | lrm: 1.00 | dt: 160ms | tok/sec: 817,765 | mfu: 25.5% | epoch: 1 | remaining: 289s    
step 00078 (3.6%) | loss: 4.668242 | lrm: 1.00 | dt: 160ms | tok/sec: 817,737 | mfu: 25.5% | epoch: 1 | remaining: 289s    
step 00079 (3.6%) | loss: 4.650712 | lrm: 1.00 | dt: 160ms | tok/sec: 817,874 | mfu: 25.5% | epoch: 1 | remaining: 289s    
step 00080 (3.7%) | loss: 4.634309 | lrm: 1.00 | dt: 160ms | tok/sec: 818,002 | mfu: 25.5% | epoch: 1 | remaining: 289s    
step 00081 (3.7%) | loss: 4.619879 | lrm: 1.00 | dt: 160ms | tok/sec: 818,036 | mfu: 25.5% | epoch: 1 | remaining: 289s    
step 00082 (3.8%) | loss: 4.600016 | lrm: 1.00 | dt: 160ms | tok/sec: 817,745 | mfu: 25.5% | epoch: 1 | remaining: 288s    
step 00083 (3.8%) | loss: 4.582283 | lrm: 1.00 | dt: 160ms | tok/sec: 817,541 | mfu: 25.5% | epoch: 1 | remaining: 288s    
step 00084 (3.9%) | loss: 4.564859 | lrm: 1.00 | dt: 160ms | tok/sec: 817,689 | mfu: 25.5% | epoch: 1 | remaining: 288s    
step 00085 (4.0%) | loss: 4.552111 | lrm: 1.00 | dt: 160ms | tok/sec: 817,598 | mfu: 25.5% | epoch: 1 | remaining: 288s    
step 00086 (4.0%) | loss: 4.534506 | lrm: 1.00 | dt: 160ms | tok/sec: 817,153 | mfu: 25.5% | epoch: 1 | remaining: 288s    
step 00087 (4.1%) | loss: 4.514206 | lrm: 1.00 | dt: 160ms | tok/sec: 817,827 | mfu: 25.5% | epoch: 1 | remaining: 288s    
step 00088 (4.1%) | loss: 4.499606 | lrm: 1.00 | dt: 160ms | tok/sec: 817,867 | mfu: 25.5% | epoch: 1 | remaining: 287s    
step 00089 (4.2%) | loss: 4.481383 | lrm: 1.00 | dt: 160ms | tok/sec: 817,545 | mfu: 25.5% | epoch: 1 | remaining: 287s    
step 00090 (4.2%) | loss: 4.463430 | lrm: 1.00 | dt: 160ms | tok/sec: 817,787 | mfu: 25.5% | epoch: 1 | remaining: 287s    
step 00091 (4.3%) | loss: 4.451732 | lrm: 1.00 | dt: 160ms | tok/sec: 817,536 | mfu: 25.5% | epoch: 1 | remaining: 287s    
step 00092 (4.3%) | loss: 4.435380 | lrm: 1.00 | dt: 160ms | tok/sec: 817,507 | mfu: 25.5% | epoch: 1 | remaining: 287s    
step 00093 (4.4%) | loss: 4.416558 | lrm: 1.00 | dt: 160ms | tok/sec: 817,772 | mfu: 25.5% | epoch: 1 | remaining: 287s    
step 00094 (4.4%) | loss: 4.400661 | lrm: 1.00 | dt: 160ms | tok/sec: 817,607 | mfu: 25.5% | epoch: 1 | remaining: 287s    
step 00095 (4.5%) | loss: 4.379199 | lrm: 1.00 | dt: 160ms | tok/sec: 817,626 | mfu: 25.5% | epoch: 1 | remaining: 286s    
step 00096 (4.5%) | loss: 4.362884 | lrm: 1.00 | dt: 160ms | tok/sec: 817,762 | mfu: 25.5% | epoch: 1 | remaining: 286s    
step 00097 (4.6%) | loss: 4.343917 | lrm: 1.00 | dt: 160ms | tok/sec: 817,821 | mfu: 25.5% | epoch: 1 | remaining: 286s    
step 00098 (4.7%) | loss: 4.322337 | lrm: 1.00 | dt: 160ms | tok/sec: 817,306 | mfu: 25.5% | epoch: 1 | remaining: 286s    
step 00099 (4.7%) | loss: 4.306136 | lrm: 1.00 | dt: 160ms | tok/sec: 817,353 | mfu: 25.5% | epoch: 1 | remaining: 286s    
step 00100 (4.8%) | loss: 4.297512 | lrm: 1.00 | dt: 160ms | tok/sec: 817,694 | mfu: 25.5% | epoch: 1 | remaining: 286s    
step 00101 (4.8%) | loss: 4.285488 | lrm: 1.00 | dt: 160ms | tok/sec: 817,559 | mfu: 25.5% | epoch: 1 | remaining: 285s    
step 00102 (4.9%) | loss: 4.270915 | lrm: 1.00 | dt: 160ms | tok/sec: 817,506 | mfu: 25.5% | epoch: 1 | remaining: 285s    
step 00103 (4.9%) | loss: 4.253799 | lrm: 1.00 | dt: 160ms | tok/sec: 817,396 | mfu: 25.5% | epoch: 1 | remaining: 285s    
step 00104 (5.0%) | loss: 4.240891 | lrm: 1.00 | dt: 160ms | tok/sec: 817,387 | mfu: 25.5% | epoch: 1 | remaining: 285s    
step 00105 (5.0%) | loss: 4.228401 | lrm: 1.00 | dt: 160ms | tok/sec: 817,654 | mfu: 25.5% | epoch: 1 | remaining: 285s    
step 00106 (5.1%) | loss: 4.215224 | lrm: 1.00 | dt: 160ms | tok/sec: 817,608 | mfu: 25.5% | epoch: 1 | remaining: 285s    
step 00107 (5.1%) | loss: 4.201788 | lrm: 1.00 | dt: 160ms | tok/sec: 817,698 | mfu: 25.5% | epoch: 1 | remaining: 284s    
step 00108 (5.2%) | loss: 4.183833 | lrm: 1.00 | dt: 160ms | tok/sec: 817,494 | mfu: 25.5% | epoch: 1 | remaining: 284s    
step 00109 (5.2%) | loss: 4.166751 | lrm: 1.00 | dt: 160ms | tok/sec: 817,598 | mfu: 25.5% | epoch: 1 | remaining: 284s    
step 00110 (5.3%) | loss: 4.153173 | lrm: 1.00 | dt: 160ms | tok/sec: 817,365 | mfu: 25.5% | epoch: 1 | remaining: 284s    
step 00111 (5.3%) | loss: 4.145353 | lrm: 1.00 | dt: 160ms | tok/sec: 817,479 | mfu: 25.5% | epoch: 1 | remaining: 284s    
step 00112 (5.4%) | loss: 4.135635 | lrm: 1.00 | dt: 160ms | tok/sec: 817,321 | mfu: 25.5% | epoch: 1 | remaining: 284s    
step 00113 (5.5%) | loss: 4.125683 | lrm: 1.00 | dt: 160ms | tok/sec: 817,553 | mfu: 25.5% | epoch: 1 | remaining: 283s    
step 00114 (5.5%) | loss: 4.111629 | lrm: 1.00 | dt: 160ms | tok/sec: 817,406 | mfu: 25.5% | epoch: 1 | remaining: 283s    
step 00115 (5.6%) | loss: 4.100745 | lrm: 1.00 | dt: 160ms | tok/sec: 817,496 | mfu: 25.5% | epoch: 1 | remaining: 283s    
step 00116 (5.6%) | loss: 4.092538 | lrm: 1.00 | dt: 160ms | tok/sec: 817,625 | mfu: 25.5% | epoch: 1 | remaining: 283s    
step 00117 (5.7%) | loss: 4.077626 | lrm: 1.00 | dt: 160ms | tok/sec: 817,445 | mfu: 25.5% | epoch: 1 | remaining: 283s    
step 00118 (5.7%) | loss: 4.066273 | lrm: 1.00 | dt: 160ms | tok/sec: 817,116 | mfu: 25.5% | epoch: 1 | remaining: 283s    
step 00119 (5.8%) | loss: 4.056119 | lrm: 1.00 | dt: 160ms | tok/sec: 817,539 | mfu: 25.5% | epoch: 1 | remaining: 283s    
step 00120 (5.8%) | loss: 4.050402 | lrm: 1.00 | dt: 160ms | tok/sec: 816,849 | mfu: 25.4% | epoch: 1 | remaining: 282s    
step 00121 (5.9%) | loss: 4.036978 | lrm: 1.00 | dt: 160ms | tok/sec: 817,381 | mfu: 25.5% | epoch: 1 | remaining: 282s    
step 00122 (5.9%) | loss: 4.026156 | lrm: 1.00 | dt: 160ms | tok/sec: 817,440 | mfu: 25.5% | epoch: 1 | remaining: 282s    
step 00123 (6.0%) | loss: 4.012800 | lrm: 1.00 | dt: 160ms | tok/sec: 817,526 | mfu: 25.5% | epoch: 1 | remaining: 282s    
step 00124 (6.0%) | loss: 4.001858 | lrm: 1.00 | dt: 160ms | tok/sec: 817,468 | mfu: 25.5% | epoch: 1 | remaining: 282s    
step 00125 (6.1%) | loss: 3.989828 | lrm: 1.00 | dt: 160ms | tok/sec: 817,252 | mfu: 25.5% | epoch: 1 | remaining: 282s    
step 00126 (6.1%) | loss: 3.977100 | lrm: 1.00 | dt: 160ms | tok/sec: 817,150 | mfu: 25.5% | epoch: 1 | remaining: 281s    
step 00127 (6.2%) | loss: 3.971567 | lrm: 1.00 | dt: 160ms | tok/sec: 817,266 | mfu: 25.5% | epoch: 1 | remaining: 281s    
step 00128 (6.3%) | loss: 3.965967 | lrm: 1.00 | dt: 160ms | tok/sec: 817,084 | mfu: 25.5% | epoch: 1 | remaining: 281s    
step 00129 (6.3%) | loss: 3.952468 | lrm: 1.00 | dt: 160ms | tok/sec: 817,032 | mfu: 25.5% | epoch: 1 | remaining: 281s    
step 00130 (6.4%) | loss: 3.941350 | lrm: 1.00 | dt: 160ms | tok/sec: 817,340 | mfu: 25.5% | epoch: 1 | remaining: 281s    
step 00131 (6.4%) | loss: 3.926707 | lrm: 1.00 | dt: 160ms | tok/sec: 817,078 | mfu: 25.5% | epoch: 1 | remaining: 281s    
step 00132 (6.5%) | loss: 3.921178 | lrm: 1.00 | dt: 160ms | tok/sec: 816,945 | mfu: 25.5% | epoch: 1 | remaining: 280s    
step 00133 (6.5%) | loss: 3.915702 | lrm: 1.00 | dt: 160ms | tok/sec: 817,033 | mfu: 25.5% | epoch: 1 | remaining: 280s    
step 00134 (6.6%) | loss: 3.903431 | lrm: 1.00 | dt: 160ms | tok/sec: 817,173 | mfu: 25.5% | epoch: 1 | remaining: 280s    
step 00135 (6.6%) | loss: 3.898902 | lrm: 1.00 | dt: 160ms | tok/sec: 817,204 | mfu: 25.5% | epoch: 1 | remaining: 280s    
step 00136 (6.7%) | loss: 3.888720 | lrm: 1.00 | dt: 160ms | tok/sec: 817,159 | mfu: 25.5% | epoch: 1 | remaining: 280s    
step 00137 (6.7%) | loss: 3.878471 | lrm: 1.00 | dt: 160ms | tok/sec: 817,460 | mfu: 25.5% | epoch: 1 | remaining: 280s    
step 00138 (6.8%) | loss: 3.867045 | lrm: 1.00 | dt: 160ms | tok/sec: 817,232 | mfu: 25.5% | epoch: 1 | remaining: 279s    
step 00139 (6.8%) | loss: 3.859259 | lrm: 1.00 | dt: 160ms | tok/sec: 817,172 | mfu: 25.5% | epoch: 1 | remaining: 279s    
step 00140 (6.9%) | loss: 3.847038 | lrm: 1.00 | dt: 160ms | tok/sec: 817,234 | mfu: 25.5% | epoch: 1 | remaining: 279s    
step 00141 (6.9%) | loss: 3.841538 | lrm: 1.00 | dt: 160ms | tok/sec: 816,947 | mfu: 25.5% | epoch: 1 | remaining: 279s    
step 00142 (7.0%) | loss: 3.836492 | lrm: 1.00 | dt: 160ms | tok/sec: 817,209 | mfu: 25.5% | epoch: 1 | remaining: 279s    
step 00143 (7.1%) | loss: 3.830600 | lrm: 1.00 | dt: 160ms | tok/sec: 816,960 | mfu: 25.5% | epoch: 1 | remaining: 279s    
step 00144 (7.1%) | loss: 3.825771 | lrm: 1.00 | dt: 160ms | tok/sec: 817,304 | mfu: 25.5% | epoch: 1 | remaining: 279s    
step 00145 (7.2%) | loss: 3.822783 | lrm: 1.00 | dt: 160ms | tok/sec: 817,279 | mfu: 25.5% | epoch: 1 | remaining: 278s    
step 00146 (7.2%) | loss: 3.819223 | lrm: 1.00 | dt: 160ms | tok/sec: 816,883 | mfu: 25.5% | epoch: 1 | remaining: 278s    
step 00147 (7.3%) | loss: 3.807067 | lrm: 1.00 | dt: 160ms | tok/sec: 817,019 | mfu: 25.5% | epoch: 1 | remaining: 278s    
step 00148 (7.3%) | loss: 3.807046 | lrm: 1.00 | dt: 160ms | tok/sec: 816,765 | mfu: 25.4% | epoch: 1 | remaining: 278s    
step 00149 (7.4%) | loss: 3.800674 | lrm: 1.00 | dt: 160ms | tok/sec: 817,158 | mfu: 25.5% | epoch: 1 | remaining: 278s    
step 00150 (7.4%) | loss: 3.794417 | lrm: 1.00 | dt: 161ms | tok/sec: 816,443 | mfu: 25.4% | epoch: 1 | remaining: 278s    
step 00151 (7.5%) | loss: 3.789180 | lrm: 1.00 | dt: 160ms | tok/sec: 817,245 | mfu: 25.5% | epoch: 1 | remaining: 277s    
step 00152 (7.5%) | loss: 3.781920 | lrm: 1.00 | dt: 160ms | tok/sec: 817,146 | mfu: 25.5% | epoch: 1 | remaining: 277s    
step 00153 (7.6%) | loss: 3.776680 | lrm: 1.00 | dt: 160ms | tok/sec: 816,913 | mfu: 25.5% | epoch: 1 | remaining: 277s    
step 00154 (7.6%) | loss: 3.772777 | lrm: 1.00 | dt: 160ms | tok/sec: 817,049 | mfu: 25.5% | epoch: 1 | remaining: 277s    
step 00155 (7.7%) | loss: 3.769974 | lrm: 1.00 | dt: 160ms | tok/sec: 817,172 | mfu: 25.5% | epoch: 1 | remaining: 277s    
step 00156 (7.8%) | loss: 3.765810 | lrm: 1.00 | dt: 160ms | tok/sec: 817,129 | mfu: 25.5% | epoch: 1 | remaining: 277s    
step 00157 (7.8%) | loss: 3.768152 | lrm: 1.00 | dt: 160ms | tok/sec: 817,185 | mfu: 25.5% | epoch: 1 | remaining: 276s    
step 00158 (7.9%) | loss: 3.765178 | lrm: 1.00 | dt: 160ms | tok/sec: 817,048 | mfu: 25.5% | epoch: 1 | remaining: 276s    
step 00159 (7.9%) | loss: 3.762419 | lrm: 1.00 | dt: 160ms | tok/sec: 816,989 | mfu: 25.5% | epoch: 1 | remaining: 276s    
step 00160 (8.0%) | loss: 3.752093 | lrm: 1.00 | dt: 160ms | tok/sec: 816,855 | mfu: 25.4% | epoch: 1 | remaining: 276s    
step 00161 (8.0%) | loss: 3.743968 | lrm: 1.00 | dt: 160ms | tok/sec: 816,908 | mfu: 25.5% | epoch: 1 | remaining: 276s    
step 00162 (8.1%) | loss: 3.732827 | lrm: 1.00 | dt: 160ms | tok/sec: 816,997 | mfu: 25.5% | epoch: 1 | remaining: 276s    
step 00163 (8.1%) | loss: 3.728610 | lrm: 1.00 | dt: 160ms | tok/sec: 817,016 | mfu: 25.5% | epoch: 1 | remaining: 275s    
step 00164 (8.2%) | loss: 3.720003 | lrm: 1.00 | dt: 160ms | tok/sec: 816,665 | mfu: 25.4% | epoch: 1 | remaining: 275s    
step 00165 (8.2%) | loss: 3.711012 | lrm: 1.00 | dt: 160ms | tok/sec: 816,748 | mfu: 25.4% | epoch: 1 | remaining: 275s    
step 00166 (8.3%) | loss: 3.703662 | lrm: 1.00 | dt: 160ms | tok/sec: 816,937 | mfu: 25.5% | epoch: 1 | remaining: 275s    
step 00167 (8.3%) | loss: 3.700756 | lrm: 1.00 | dt: 160ms | tok/sec: 817,027 | mfu: 25.5% | epoch: 1 | remaining: 275s    
step 00168 (8.4%) | loss: 3.705295 | lrm: 1.00 | dt: 160ms | tok/sec: 817,016 | mfu: 25.5% | epoch: 1 | remaining: 275s    
step 00169 (8.4%) | loss: 3.695269 | lrm: 1.00 | dt: 160ms | tok/sec: 817,036 | mfu: 25.5% | epoch: 1 | remaining: 275s    
step 00170 (8.5%) | loss: 3.691324 | lrm: 1.00 | dt: 161ms | tok/sec: 816,350 | mfu: 25.4% | epoch: 1 | remaining: 274s    
step 00171 (8.6%) | loss: 3.690870 | lrm: 1.00 | dt: 161ms | tok/sec: 814,110 | mfu: 25.4% | epoch: 1 | remaining: 274s    
step 00172 (8.6%) | loss: 3.685630 | lrm: 1.00 | dt: 161ms | tok/sec: 814,085 | mfu: 25.4% | epoch: 1 | remaining: 274s    
step 00173 (8.7%) | loss: 3.684932 | lrm: 1.00 | dt: 161ms | tok/sec: 814,122 | mfu: 25.4% | epoch: 1 | remaining: 274s    
step 00174 (8.7%) | loss: 3.675812 | lrm: 1.00 | dt: 161ms | tok/sec: 816,230 | mfu: 25.4% | epoch: 1 | remaining: 274s    
step 00175 (8.8%) | loss: 3.677751 | lrm: 1.00 | dt: 161ms | tok/sec: 816,645 | mfu: 25.4% | epoch: 1 | remaining: 274s    
step 00176 (8.8%) | loss: 3.678069 | lrm: 1.00 | dt: 160ms | tok/sec: 816,844 | mfu: 25.4% | epoch: 1 | remaining: 273s    
step 00177 (8.9%) | loss: 3.661852 | lrm: 1.00 | dt: 160ms | tok/sec: 816,716 | mfu: 25.4% | epoch: 1 | remaining: 273s    
step 00178 (8.9%) | loss: 3.663099 | lrm: 1.00 | dt: 161ms | tok/sec: 816,304 | mfu: 25.4% | epoch: 1 | remaining: 273s    
step 00179 (9.0%) | loss: 3.658549 | lrm: 1.00 | dt: 161ms | tok/sec: 814,579 | mfu: 25.4% | epoch: 1 | remaining: 273s    
step 00180 (9.0%) | loss: 3.653320 | lrm: 1.00 | dt: 161ms | tok/sec: 816,077 | mfu: 25.4% | epoch: 1 | remaining: 273s    
step 00181 (9.1%) | loss: 3.651447 | lrm: 1.00 | dt: 161ms | tok/sec: 816,543 | mfu: 25.4% | epoch: 1 | remaining: 273s    
step 00182 (9.1%) | loss: 3.646708 | lrm: 1.00 | dt: 160ms | tok/sec: 816,959 | mfu: 25.5% | epoch: 1 | remaining: 272s    
step 00183 (9.2%) | loss: 3.652190 | lrm: 1.00 | dt: 160ms | tok/sec: 816,748 | mfu: 25.4% | epoch: 1 | remaining: 272s    
step 00184 (9.2%) | loss: 3.643878 | lrm: 1.00 | dt: 160ms | tok/sec: 817,084 | mfu: 25.5% | epoch: 1 | remaining: 272s    
step 00185 (9.3%) | loss: 3.636769 | lrm: 1.00 | dt: 160ms | tok/sec: 816,833 | mfu: 25.4% | epoch: 1 | remaining: 272s    
step 00186 (9.4%) | loss: 3.637848 | lrm: 1.00 | dt: 161ms | tok/sec: 816,571 | mfu: 25.4% | epoch: 1 | remaining: 272s    
step 00187 (9.4%) | loss: 3.634233 | lrm: 1.00 | dt: 161ms | tok/sec: 814,705 | mfu: 25.4% | epoch: 1 | remaining: 272s    
step 00188 (9.5%) | loss: 3.624944 | lrm: 1.00 | dt: 161ms | tok/sec: 816,094 | mfu: 25.4% | epoch: 1 | remaining: 271s    
step 00189 (9.5%) | loss: 3.622884 | lrm: 1.00 | dt: 161ms | tok/sec: 816,453 | mfu: 25.4% | epoch: 1 | remaining: 271s    
step 00190 (9.6%) | loss: 3.610587 | lrm: 1.00 | dt: 160ms | tok/sec: 816,669 | mfu: 25.4% | epoch: 1 | remaining: 271s    
step 00191 (9.6%) | loss: 3.599300 | lrm: 1.00 | dt: 160ms | tok/sec: 816,741 | mfu: 25.4% | epoch: 1 | remaining: 271s    
step 00192 (9.7%) | loss: 3.597059 | lrm: 1.00 | dt: 161ms | tok/sec: 816,045 | mfu: 25.4% | epoch: 1 | remaining: 271s    
step 00193 (9.7%) | loss: 3.590573 | lrm: 1.00 | dt: 161ms | tok/sec: 816,195 | mfu: 25.4% | epoch: 1 | remaining: 271s    
step 00194 (9.8%) | loss: 3.592311 | lrm: 1.00 | dt: 161ms | tok/sec: 816,564 | mfu: 25.4% | epoch: 1 | remaining: 270s    
step 00195 (9.8%) | loss: 3.598500 | lrm: 1.00 | dt: 161ms | tok/sec: 816,411 | mfu: 25.4% | epoch: 1 | remaining: 270s    
step 00196 (9.9%) | loss: 3.601147 | lrm: 1.00 | dt: 161ms | tok/sec: 816,629 | mfu: 25.4% | epoch: 1 | remaining: 270s    
step 00197 (9.9%) | loss: 3.599175 | lrm: 1.00 | dt: 161ms | tok/sec: 816,446 | mfu: 25.4% | epoch: 1 | remaining: 270s    
step 00198 (10.0%) | loss: 3.600529 | lrm: 1.00 | dt: 161ms | tok/sec: 816,585 | mfu: 25.4% | epoch: 1 | remaining: 270s    
step 00199 (10.1%) | loss: 3.592389 | lrm: 1.00 | dt: 161ms | tok/sec: 816,547 | mfu: 25.4% | epoch: 1 | remaining: 270s    
step 00200 (10.1%) | loss: 3.587517 | lrm: 1.00 | dt: 160ms | tok/sec: 816,824 | mfu: 25.4% | epoch: 1 | remaining: 270s    
step 00201 (10.2%) | loss: 3.586064 | lrm: 1.00 | dt: 160ms | tok/sec: 816,669 | mfu: 25.4% | epoch: 1 | remaining: 269s    
step 00202 (10.2%) | loss: 3.578464 | lrm: 1.00 | dt: 161ms | tok/sec: 816,362 | mfu: 25.4% | epoch: 1 | remaining: 269s    
step 00203 (10.3%) | loss: 3.577452 | lrm: 1.00 | dt: 161ms | tok/sec: 816,571 | mfu: 25.4% | epoch: 1 | remaining: 269s    
step 00204 (10.3%) | loss: 3.571177 | lrm: 1.00 | dt: 161ms | tok/sec: 816,520 | mfu: 25.4% | epoch: 1 | remaining: 269s    
step 00205 (10.4%) | loss: 3.571164 | lrm: 1.00 | dt: 161ms | tok/sec: 816,287 | mfu: 25.4% | epoch: 1 | remaining: 269s    
step 00206 (10.4%) | loss: 3.569278 | lrm: 1.00 | dt: 160ms | tok/sec: 816,673 | mfu: 25.4% | epoch: 1 | remaining: 269s    
step 00207 (10.5%) | loss: 3.569633 | lrm: 1.00 | dt: 161ms | tok/sec: 816,601 | mfu: 25.4% | epoch: 1 | remaining: 268s    
step 00208 (10.5%) | loss: 3.567734 | lrm: 1.00 | dt: 160ms | tok/sec: 816,730 | mfu: 25.4% | epoch: 1 | remaining: 268s    
step 00209 (10.6%) | loss: 3.563404 | lrm: 1.00 | dt: 160ms | tok/sec: 816,752 | mfu: 25.4% | epoch: 1 | remaining: 268s    
step 00210 (10.6%) | loss: 3.555783 | lrm: 1.00 | dt: 161ms | tok/sec: 816,396 | mfu: 25.4% | epoch: 1 | remaining: 268s    
step 00211 (10.7%) | loss: 3.556009 | lrm: 1.00 | dt: 160ms | tok/sec: 816,786 | mfu: 25.4% | epoch: 1 | remaining: 268s    
step 00212 (10.7%) | loss: 3.554520 | lrm: 1.00 | dt: 161ms | tok/sec: 816,274 | mfu: 25.4% | epoch: 1 | remaining: 268s    
step 00213 (10.8%) | loss: 3.554372 | lrm: 1.00 | dt: 161ms | tok/sec: 815,770 | mfu: 25.4% | epoch: 1 | remaining: 267s    
step 00214 (10.9%) | loss: 3.554928 | lrm: 1.00 | dt: 161ms | tok/sec: 815,985 | mfu: 25.4% | epoch: 1 | remaining: 267s    
step 00215 (10.9%) | loss: 3.554537 | lrm: 1.00 | dt: 161ms | tok/sec: 816,219 | mfu: 25.4% | epoch: 1 | remaining: 267s    
step 00216 (11.0%) | loss: 3.553096 | lrm: 1.00 | dt: 161ms | tok/sec: 816,474 | mfu: 25.4% | epoch: 1 | remaining: 267s    
step 00217 (11.0%) | loss: 3.556926 | lrm: 1.00 | dt: 161ms | tok/sec: 816,566 | mfu: 25.4% | epoch: 1 | remaining: 267s    
step 00218 (11.1%) | loss: 3.553780 | lrm: 1.00 | dt: 161ms | tok/sec: 816,511 | mfu: 25.4% | epoch: 1 | remaining: 267s    
step 00219 (11.1%) | loss: 3.558445 | lrm: 1.00 | dt: 160ms | tok/sec: 816,784 | mfu: 25.4% | epoch: 1 | remaining: 266s    
step 00220 (11.2%) | loss: 3.561595 | lrm: 1.00 | dt: 161ms | tok/sec: 816,565 | mfu: 25.4% | epoch: 1 | remaining: 266s    
step 00221 (11.2%) | loss: 3.559767 | lrm: 1.00 | dt: 161ms | tok/sec: 816,510 | mfu: 25.4% | epoch: 1 | remaining: 266s    
step 00222 (11.3%) | loss: 3.558933 | lrm: 1.00 | dt: 161ms | tok/sec: 816,492 | mfu: 25.4% | epoch: 1 | remaining: 266s    
step 00223 (11.3%) | loss: 3.552603 | lrm: 1.00 | dt: 161ms | tok/sec: 816,612 | mfu: 25.4% | epoch: 1 | remaining: 266s    
step 00224 (11.4%) | loss: 3.552706 | lrm: 1.00 | dt: 160ms | tok/sec: 816,816 | mfu: 25.4% | epoch: 1 | remaining: 266s    
step 00225 (11.4%) | loss: 3.542831 | lrm: 1.00 | dt: 160ms | tok/sec: 816,804 | mfu: 25.4% | epoch: 1 | remaining: 266s    
step 00226 (11.5%) | loss: 3.546564 | lrm: 1.00 | dt: 161ms | tok/sec: 816,353 | mfu: 25.4% | epoch: 1 | remaining: 265s    
step 00227 (11.6%) | loss: 3.548501 | lrm: 1.00 | dt: 160ms | tok/sec: 816,667 | mfu: 25.4% | epoch: 1 | remaining: 265s    
step 00228 (11.6%) | loss: 3.544477 | lrm: 1.00 | dt: 160ms | tok/sec: 816,720 | mfu: 25.4% | epoch: 1 | remaining: 265s    
step 00229 (11.7%) | loss: 3.543476 | lrm: 1.00 | dt: 160ms | tok/sec: 816,843 | mfu: 25.4% | epoch: 1 | remaining: 265s    
step 00230 (11.7%) | loss: 3.542255 | lrm: 1.00 | dt: 161ms | tok/sec: 816,397 | mfu: 25.4% | epoch: 1 | remaining: 265s    
step 00231 (11.8%) | loss: 3.539472 | lrm: 1.00 | dt: 161ms | tok/sec: 816,290 | mfu: 25.4% | epoch: 1 | remaining: 265s    
step 00232 (11.8%) | loss: 3.536842 | lrm: 1.00 | dt: 161ms | tok/sec: 816,304 | mfu: 25.4% | epoch: 1 | remaining: 264s    
step 00233 (11.9%) | loss: 3.530914 | lrm: 1.00 | dt: 161ms | tok/sec: 816,201 | mfu: 25.4% | epoch: 1 | remaining: 264s    
step 00234 (11.9%) | loss: 3.527458 | lrm: 1.00 | dt: 161ms | tok/sec: 813,981 | mfu: 25.4% | epoch: 1 | remaining: 264s    
step 00235 (12.0%) | loss: 3.523361 | lrm: 1.00 | dt: 161ms | tok/sec: 815,948 | mfu: 25.4% | epoch: 1 | remaining: 264s    
step 00236 (12.0%) | loss: 3.522985 | lrm: 1.00 | dt: 161ms | tok/sec: 816,422 | mfu: 25.4% | epoch: 1 | remaining: 264s    
step 00237 (12.1%) | loss: 3.523641 | lrm: 1.00 | dt: 160ms | tok/sec: 816,656 | mfu: 25.4% | epoch: 1 | remaining: 264s    
step 00238 (12.1%) | loss: 3.526639 | lrm: 1.00 | dt: 161ms | tok/sec: 816,604 | mfu: 25.4% | epoch: 1 | remaining: 263s    
step 00239 (12.2%) | loss: 3.527745 | lrm: 1.00 | dt: 161ms | tok/sec: 816,234 | mfu: 25.4% | epoch: 1 | remaining: 263s    
step 00240 (12.2%) | loss: 3.522756 | lrm: 1.00 | dt: 161ms | tok/sec: 816,104 | mfu: 25.4% | epoch: 1 | remaining: 263s    
step 00241 (12.3%) | loss: 3.519187 | lrm: 1.00 | dt: 161ms | tok/sec: 816,412 | mfu: 25.4% | epoch: 1 | remaining: 263s    
step 00242 (12.4%) | loss: 3.517911 | lrm: 1.00 | dt: 161ms | tok/sec: 816,595 | mfu: 25.4% | epoch: 1 | remaining: 263s    
step 00243 (12.4%) | loss: 3.517926 | lrm: 1.00 | dt: 161ms | tok/sec: 816,362 | mfu: 25.4% | epoch: 1 | remaining: 263s    
step 00244 (12.5%) | loss: 3.512580 | lrm: 1.00 | dt: 161ms | tok/sec: 816,607 | mfu: 25.4% | epoch: 1 | remaining: 262s    
step 00245 (12.5%) | loss: 3.513270 | lrm: 1.00 | dt: 160ms | tok/sec: 816,732 | mfu: 25.4% | epoch: 1 | remaining: 262s    
step 00246 (12.6%) | loss: 3.513171 | lrm: 1.00 | dt: 161ms | tok/sec: 816,534 | mfu: 25.4% | epoch: 1 | remaining: 262s    
step 00247 (12.6%) | loss: 3.505563 | lrm: 1.00 | dt: 161ms | tok/sec: 816,479 | mfu: 25.4% | epoch: 1 | remaining: 262s    
step 00248 (12.7%) | loss: 3.507751 | lrm: 1.00 | dt: 161ms | tok/sec: 816,587 | mfu: 25.4% | epoch: 1 | remaining: 262s    
step 00249 (12.7%) | loss: 3.509461 | lrm: 1.00 | dt: 161ms | tok/sec: 816,394 | mfu: 25.4% | epoch: 1 | remaining: 262s    
step 00250 (12.8%) | loss: 3.507130 | lrm: 1.00 | dt: 161ms | tok/sec: 816,583 | mfu: 25.4% | epoch: 1 | remaining: 261s    
step 00251 (12.8%) | loss: 3.510195 | lrm: 1.00 | dt: 160ms | tok/sec: 816,714 | mfu: 25.4% | epoch: 1 | remaining: 261s    
step 00252 (12.9%) | loss: 3.503695 | lrm: 1.00 | dt: 160ms | tok/sec: 816,765 | mfu: 25.4% | epoch: 1 | remaining: 261s    
step 00253 (12.9%) | loss: 3.503669 | lrm: 1.00 | dt: 160ms | tok/sec: 816,773 | mfu: 25.4% | epoch: 1 | remaining: 261s    
step 00254 (13.0%) | loss: 3.500221 | lrm: 1.00 | dt: 160ms | tok/sec: 816,695 | mfu: 25.4% | epoch: 1 | remaining: 261s    
step 00255 (13.0%) | loss: 3.504029 | lrm: 1.00 | dt: 161ms | tok/sec: 816,533 | mfu: 25.4% | epoch: 1 | remaining: 261s    
step 00256 (13.1%) | loss: 3.499422 | lrm: 1.00 | dt: 161ms | tok/sec: 816,642 | mfu: 25.4% | epoch: 1 | remaining: 261s    
step 00257 (13.2%) | loss: 3.491768 | lrm: 1.00 | dt: 161ms | tok/sec: 816,226 | mfu: 25.4% | epoch: 1 | remaining: 260s    
step 00258 (13.2%) | loss: 3.483820 | lrm: 1.00 | dt: 161ms | tok/sec: 816,467 | mfu: 25.4% | epoch: 1 | remaining: 260s    
step 00259 (13.3%) | loss: 3.490707 | lrm: 1.00 | dt: 161ms | tok/sec: 816,448 | mfu: 25.4% | epoch: 1 | remaining: 260s    
step 00260 (13.3%) | loss: 3.489667 | lrm: 1.00 | dt: 161ms | tok/sec: 816,377 | mfu: 25.4% | epoch: 1 | remaining: 260s    
step 00261 (13.4%) | loss: 3.485441 | lrm: 1.00 | dt: 160ms | tok/sec: 816,896 | mfu: 25.5% | epoch: 1 | remaining: 260s    
step 00262 (13.4%) | loss: 3.482366 | lrm: 1.00 | dt: 161ms | tok/sec: 816,483 | mfu: 25.4% | epoch: 1 | remaining: 260s    
step 00263 (13.5%) | loss: 3.472469 | lrm: 1.00 | dt: 161ms | tok/sec: 816,561 | mfu: 25.4% | epoch: 1 | remaining: 259s    
step 00264 (13.5%) | loss: 3.473273 | lrm: 1.00 | dt: 161ms | tok/sec: 816,568 | mfu: 25.4% | epoch: 1 | remaining: 259s    
step 00265 (13.6%) | loss: 3.475635 | lrm: 1.00 | dt: 161ms | tok/sec: 816,372 | mfu: 25.4% | epoch: 1 | remaining: 259s    
step 00266 (13.6%) | loss: 3.481565 | lrm: 1.00 | dt: 161ms | tok/sec: 816,336 | mfu: 25.4% | epoch: 1 | remaining: 259s    
step 00267 (13.7%) | loss: 3.477088 | lrm: 1.00 | dt: 161ms | tok/sec: 816,360 | mfu: 25.4% | epoch: 1 | remaining: 259s    
step 00268 (13.7%) | loss: 3.483989 | lrm: 1.00 | dt: 161ms | tok/sec: 816,463 | mfu: 25.4% | epoch: 1 | remaining: 259s    
step 00269 (13.8%) | loss: 3.481724 | lrm: 1.00 | dt: 160ms | tok/sec: 816,670 | mfu: 25.4% | epoch: 1 | remaining: 258s    
step 00270 (13.9%) | loss: 3.480039 | lrm: 1.00 | dt: 161ms | tok/sec: 816,299 | mfu: 25.4% | epoch: 1 | remaining: 258s    
step 00271 (13.9%) | loss: 3.482019 | lrm: 1.00 | dt: 161ms | tok/sec: 816,538 | mfu: 25.4% | epoch: 1 | remaining: 258s    
step 00272 (14.0%) | loss: 3.479775 | lrm: 1.00 | dt: 161ms | tok/sec: 816,389 | mfu: 25.4% | epoch: 1 | remaining: 258s    
step 00273 (14.0%) | loss: 3.481829 | lrm: 1.00 | dt: 161ms | tok/sec: 816,356 | mfu: 25.4% | epoch: 1 | remaining: 258s    
step 00274 (14.1%) | loss: 3.483928 | lrm: 1.00 | dt: 161ms | tok/sec: 816,288 | mfu: 25.4% | epoch: 1 | remaining: 258s    
step 00275 (14.1%) | loss: 3.482561 | lrm: 1.00 | dt: 161ms | tok/sec: 816,166 | mfu: 25.4% | epoch: 1 | remaining: 257s    
step 00276 (14.2%) | loss: 3.483164 | lrm: 1.00 | dt: 161ms | tok/sec: 816,372 | mfu: 25.4% | epoch: 1 | remaining: 257s    
step 00277 (14.2%) | loss: 3.481745 | lrm: 1.00 | dt: 161ms | tok/sec: 816,576 | mfu: 25.4% | epoch: 1 | remaining: 257s    
step 00278 (14.3%) | loss: 3.478480 | lrm: 1.00 | dt: 160ms | tok/sec: 816,686 | mfu: 25.4% | epoch: 1 | remaining: 257s    
step 00279 (14.3%) | loss: 3.484117 | lrm: 1.00 | dt: 161ms | tok/sec: 816,412 | mfu: 25.4% | epoch: 1 | remaining: 257s    
step 00280 (14.4%) | loss: 3.481370 | lrm: 1.00 | dt: 160ms | tok/sec: 816,714 | mfu: 25.4% | epoch: 1 | remaining: 257s    
step 00281 (14.4%) | loss: 3.476381 | lrm: 1.00 | dt: 161ms | tok/sec: 816,423 | mfu: 25.4% | epoch: 1 | remaining: 257s    
step 00282 (14.5%) | loss: 3.473752 | lrm: 1.00 | dt: 161ms | tok/sec: 816,434 | mfu: 25.4% | epoch: 1 | remaining: 256s    
step 00283 (14.5%) | loss: 3.470922 | lrm: 1.00 | dt: 161ms | tok/sec: 816,396 | mfu: 25.4% | epoch: 1 | remaining: 256s    
step 00284 (14.6%) | loss: 3.462052 | lrm: 1.00 | dt: 161ms | tok/sec: 815,219 | mfu: 25.4% | epoch: 1 | remaining: 256s    
step 00285 (14.7%) | loss: 3.462560 | lrm: 1.00 | dt: 161ms | tok/sec: 815,950 | mfu: 25.4% | epoch: 1 | remaining: 256s    
step 00286 (14.7%) | loss: 3.473835 | lrm: 1.00 | dt: 161ms | tok/sec: 816,460 | mfu: 25.4% | epoch: 1 | remaining: 256s    
step 00287 (14.8%) | loss: 3.469659 | lrm: 1.00 | dt: 161ms | tok/sec: 816,212 | mfu: 25.4% | epoch: 1 | remaining: 256s    
step 00288 (14.8%) | loss: 3.455833 | lrm: 1.00 | dt: 161ms | tok/sec: 815,901 | mfu: 25.4% | epoch: 1 | remaining: 255s    
step 00289 (14.9%) | loss: 3.452651 | lrm: 1.00 | dt: 161ms | tok/sec: 816,252 | mfu: 25.4% | epoch: 1 | remaining: 255s    
step 00290 (14.9%) | loss: 3.449340 | lrm: 1.00 | dt: 161ms | tok/sec: 816,019 | mfu: 25.4% | epoch: 1 | remaining: 255s    
step 00291 (15.0%) | loss: 3.449345 | lrm: 1.00 | dt: 161ms | tok/sec: 816,374 | mfu: 25.4% | epoch: 1 | remaining: 255s    
step 00292 (15.0%) | loss: 3.455258 | lrm: 1.00 | dt: 161ms | tok/sec: 816,494 | mfu: 25.4% | epoch: 1 | remaining: 255s    
step 00293 (15.1%) | loss: 3.458812 | lrm: 1.00 | dt: 161ms | tok/sec: 816,399 | mfu: 25.4% | epoch: 1 | remaining: 255s    
step 00294 (15.1%) | loss: 3.448305 | lrm: 1.00 | dt: 161ms | tok/sec: 816,383 | mfu: 25.4% | epoch: 1 | remaining: 254s    
step 00295 (15.2%) | loss: 3.445697 | lrm: 1.00 | dt: 161ms | tok/sec: 816,373 | mfu: 25.4% | epoch: 1 | remaining: 254s    
step 00296 (15.2%) | loss: 3.446572 | lrm: 1.00 | dt: 161ms | tok/sec: 816,328 | mfu: 25.4% | epoch: 1 | remaining: 254s    
step 00297 (15.3%) | loss: 3.448899 | lrm: 1.00 | dt: 161ms | tok/sec: 815,795 | mfu: 25.4% | epoch: 1 | remaining: 254s    
step 00298 (15.3%) | loss: 3.443275 | lrm: 1.00 | dt: 161ms | tok/sec: 816,323 | mfu: 25.4% | epoch: 1 | remaining: 254s    
step 00299 (15.4%) | loss: 3.441522 | lrm: 1.00 | dt: 161ms | tok/sec: 816,430 | mfu: 25.4% | epoch: 1 | remaining: 254s    
step 00300 (15.5%) | loss: 3.439524 | lrm: 0.99 | dt: 161ms | tok/sec: 816,058 | mfu: 25.4% | epoch: 1 | remaining: 253s    
step 00301 (15.5%) | loss: 3.440587 | lrm: 0.99 | dt: 161ms | tok/sec: 816,100 | mfu: 25.4% | epoch: 1 | remaining: 253s    
step 00302 (15.6%) | loss: 3.443078 | lrm: 0.99 | dt: 161ms | tok/sec: 816,291 | mfu: 25.4% | epoch: 1 | remaining: 253s    
step 00303 (15.6%) | loss: 3.443661 | lrm: 0.99 | dt: 161ms | tok/sec: 816,332 | mfu: 25.4% | epoch: 1 | remaining: 253s    
step 00304 (15.7%) | loss: 3.445436 | lrm: 0.99 | dt: 161ms | tok/sec: 816,414 | mfu: 25.4% | epoch: 1 | remaining: 253s    
step 00305 (15.7%) | loss: 3.441037 | lrm: 0.99 | dt: 161ms | tok/sec: 816,348 | mfu: 25.4% | epoch: 1 | remaining: 253s    
step 00306 (15.8%) | loss: 3.444518 | lrm: 0.99 | dt: 161ms | tok/sec: 816,259 | mfu: 25.4% | epoch: 1 | remaining: 253s    
step 00307 (15.8%) | loss: 3.442062 | lrm: 0.99 | dt: 161ms | tok/sec: 816,462 | mfu: 25.4% | epoch: 1 | remaining: 252s    
step 00308 (15.9%) | loss: 3.439454 | lrm: 0.99 | dt: 161ms | tok/sec: 816,582 | mfu: 25.4% | epoch: 1 | remaining: 252s    
step 00309 (15.9%) | loss: 3.444667 | lrm: 0.99 | dt: 160ms | tok/sec: 816,705 | mfu: 25.4% | epoch: 1 | remaining: 252s    
step 00310 (16.0%) | loss: 3.448407 | lrm: 0.99 | dt: 161ms | tok/sec: 816,420 | mfu: 25.4% | epoch: 1 | remaining: 252s    
step 00311 (16.0%) | loss: 3.450648 | lrm: 0.99 | dt: 161ms | tok/sec: 816,468 | mfu: 25.4% | epoch: 1 | remaining: 252s    
step 00312 (16.1%) | loss: 3.449236 | lrm: 0.99 | dt: 161ms | tok/sec: 815,859 | mfu: 25.4% | epoch: 1 | remaining: 252s    
step 00313 (16.2%) | loss: 3.455720 | lrm: 0.99 | dt: 161ms | tok/sec: 813,604 | mfu: 25.3% | epoch: 1 | remaining: 251s    
step 00314 (16.2%) | loss: 3.448448 | lrm: 0.99 | dt: 161ms | tok/sec: 812,632 | mfu: 25.3% | epoch: 1 | remaining: 251s    
step 00315 (16.3%) | loss: 3.440741 | lrm: 0.99 | dt: 161ms | tok/sec: 813,702 | mfu: 25.4% | epoch: 1 | remaining: 251s    
step 00316 (16.3%) | loss: 3.433823 | lrm: 0.98 | dt: 161ms | tok/sec: 812,554 | mfu: 25.3% | epoch: 1 | remaining: 251s    
step 00317 (16.4%) | loss: 3.432101 | lrm: 0.98 | dt: 161ms | tok/sec: 812,547 | mfu: 25.3% | epoch: 1 | remaining: 251s    
step 00318 (16.4%) | loss: 3.423766 | lrm: 0.98 | dt: 161ms | tok/sec: 812,823 | mfu: 25.3% | epoch: 1 | remaining: 251s    
step 00319 (16.5%) | loss: 3.426951 | lrm: 0.98 | dt: 161ms | tok/sec: 813,871 | mfu: 25.4% | epoch: 1 | remaining: 250s    
step 00320 (16.5%) | loss: 3.424656 | lrm: 0.98 | dt: 161ms | tok/sec: 815,694 | mfu: 25.4% | epoch: 1 | remaining: 250s    
step 00321 (16.6%) | loss: 3.423587 | lrm: 0.98 | dt: 161ms | tok/sec: 815,985 | mfu: 25.4% | epoch: 1 | remaining: 250s    
step 00322 (16.6%) | loss: 3.419114 | lrm: 0.98 | dt: 161ms | tok/sec: 816,084 | mfu: 25.4% | epoch: 1 | remaining: 250s    
step 00323 (16.7%) | loss: 3.418153 | lrm: 0.98 | dt: 161ms | tok/sec: 815,990 | mfu: 25.4% | epoch: 1 | remaining: 250s    
step 00324 (16.7%) | loss: 3.421313 | lrm: 0.98 | dt: 161ms | tok/sec: 815,925 | mfu: 25.4% | epoch: 1 | remaining: 250s    
step 00325 (16.8%) | loss: 3.415847 | lrm: 0.98 | dt: 161ms | tok/sec: 815,659 | mfu: 25.4% | epoch: 1 | remaining: 249s    
step 00326 (16.9%) | loss: 3.416318 | lrm: 0.98 | dt: 161ms | tok/sec: 816,045 | mfu: 25.4% | epoch: 1 | remaining: 249s    
step 00327 (16.9%) | loss: 3.408297 | lrm: 0.98 | dt: 161ms | tok/sec: 816,195 | mfu: 25.4% | epoch: 1 | remaining: 249s    
step 00328 (17.0%) | loss: 3.408478 | lrm: 0.98 | dt: 161ms | tok/sec: 816,114 | mfu: 25.4% | epoch: 1 | remaining: 249s    
step 00329 (17.0%) | loss: 3.411414 | lrm: 0.98 | dt: 161ms | tok/sec: 816,014 | mfu: 25.4% | epoch: 1 | remaining: 249s    
step 00330 (17.1%) | loss: 3.413021 | lrm: 0.98 | dt: 161ms | tok/sec: 816,311 | mfu: 25.4% | epoch: 1 | remaining: 249s    
step 00331 (17.1%) | loss: 3.406878 | lrm: 0.98 | dt: 161ms | tok/sec: 816,340 | mfu: 25.4% | epoch: 1 | remaining: 248s    
step 00332 (17.2%) | loss: 3.411093 | lrm: 0.97 | dt: 161ms | tok/sec: 815,897 | mfu: 25.4% | epoch: 1 | remaining: 248s    
step 00333 (17.2%) | loss: 3.409637 | lrm: 0.97 | dt: 161ms | tok/sec: 816,123 | mfu: 25.4% | epoch: 1 | remaining: 248s    
step 00334 (17.3%) | loss: 3.410130 | lrm: 0.97 | dt: 161ms | tok/sec: 816,342 | mfu: 25.4% | epoch: 1 | remaining: 248s    
step 00335 (17.3%) | loss: 3.405510 | lrm: 0.97 | dt: 161ms | tok/sec: 816,350 | mfu: 25.4% | epoch: 1 | remaining: 248s    
step 00336 (17.4%) | loss: 3.401532 | lrm: 0.97 | dt: 161ms | tok/sec: 816,470 | mfu: 25.4% | epoch: 1 | remaining: 248s    
step 00337 (17.4%) | loss: 3.400399 | lrm: 0.97 | dt: 161ms | tok/sec: 816,200 | mfu: 25.4% | epoch: 1 | remaining: 248s    
step 00338 (17.5%) | loss: 3.402905 | lrm: 0.97 | dt: 161ms | tok/sec: 816,069 | mfu: 25.4% | epoch: 1 | remaining: 247s    
step 00339 (17.5%) | loss: 3.398482 | lrm: 0.97 | dt: 161ms | tok/sec: 816,212 | mfu: 25.4% | epoch: 1 | remaining: 247s    
step 00340 (17.6%) | loss: 3.393366 | lrm: 0.97 | dt: 161ms | tok/sec: 816,132 | mfu: 25.4% | epoch: 1 | remaining: 247s    
step 00341 (17.7%) | loss: 3.389487 | lrm: 0.97 | dt: 161ms | tok/sec: 816,195 | mfu: 25.4% | epoch: 1 | remaining: 247s    
step 00342 (17.7%) | loss: 3.394243 | lrm: 0.97 | dt: 161ms | tok/sec: 815,954 | mfu: 25.4% | epoch: 1 | remaining: 247s    
step 00343 (17.8%) | loss: 3.398540 | lrm: 0.97 | dt: 161ms | tok/sec: 816,093 | mfu: 25.4% | epoch: 1 | remaining: 247s    
step 00344 (17.8%) | loss: 3.404028 | lrm: 0.97 | dt: 161ms | tok/sec: 815,099 | mfu: 25.4% | epoch: 1 | remaining: 246s    
step 00345 (17.9%) | loss: 3.401599 | lrm: 0.97 | dt: 161ms | tok/sec: 815,447 | mfu: 25.4% | epoch: 1 | remaining: 246s    
step 00346 (17.9%) | loss: 3.394189 | lrm: 0.97 | dt: 161ms | tok/sec: 816,114 | mfu: 25.4% | epoch: 1 | remaining: 246s    
step 00347 (18.0%) | loss: 3.400477 | lrm: 0.97 | dt: 161ms | tok/sec: 815,824 | mfu: 25.4% | epoch: 1 | remaining: 246s    
step 00348 (18.0%) | loss: 3.400520 | lrm: 0.96 | dt: 161ms | tok/sec: 815,769 | mfu: 25.4% | epoch: 1 | remaining: 246s    
step 00349 (18.1%) | loss: 3.395255 | lrm: 0.96 | dt: 161ms | tok/sec: 816,147 | mfu: 25.4% | epoch: 1 | remaining: 246s    
step 00350 (18.1%) | loss: 3.393339 | lrm: 0.96 | dt: 161ms | tok/sec: 816,067 | mfu: 25.4% | epoch: 1 | remaining: 245s    
step 00351 (18.2%) | loss: 3.392406 | lrm: 0.96 | dt: 161ms | tok/sec: 815,942 | mfu: 25.4% | epoch: 1 | remaining: 245s    
step 00352 (18.2%) | loss: 3.395632 | lrm: 0.96 | dt: 161ms | tok/sec: 816,090 | mfu: 25.4% | epoch: 1 | remaining: 245s    
step 00353 (18.3%) | loss: 3.394737 | lrm: 0.96 | dt: 161ms | tok/sec: 815,964 | mfu: 25.4% | epoch: 1 | remaining: 245s    
step 00354 (18.3%) | loss: 3.386693 | lrm: 0.96 | dt: 161ms | tok/sec: 816,005 | mfu: 25.4% | epoch: 1 | remaining: 245s    
step 00355 (18.4%) | loss: 3.383539 | lrm: 0.96 | dt: 161ms | tok/sec: 815,729 | mfu: 25.4% | epoch: 1 | remaining: 245s    
step 00356 (18.5%) | loss: 3.384287 | lrm: 0.96 | dt: 161ms | tok/sec: 816,030 | mfu: 25.4% | epoch: 1 | remaining: 244s    
step 00357 (18.5%) | loss: 3.387354 | lrm: 0.96 | dt: 161ms | tok/sec: 816,121 | mfu: 25.4% | epoch: 1 | remaining: 244s    
step 00358 (18.6%) | loss: 3.379188 | lrm: 0.96 | dt: 161ms | tok/sec: 815,942 | mfu: 25.4% | epoch: 1 | remaining: 244s    
step 00359 (18.6%) | loss: 3.377291 | lrm: 0.96 | dt: 161ms | tok/sec: 815,798 | mfu: 25.4% | epoch: 1 | remaining: 244s    
step 00360 (18.7%) | loss: 3.373404 | lrm: 0.96 | dt: 161ms | tok/sec: 815,569 | mfu: 25.4% | epoch: 1 | remaining: 244s    
step 00361 (18.7%) | loss: 3.371020 | lrm: 0.96 | dt: 161ms | tok/sec: 814,786 | mfu: 25.4% | epoch: 1 | remaining: 244s    
step 00362 (18.8%) | loss: 3.371135 | lrm: 0.96 | dt: 161ms | tok/sec: 813,239 | mfu: 25.3% | epoch: 1 | remaining: 244s    
step 00363 (18.8%) | loss: 3.372230 | lrm: 0.95 | dt: 161ms | tok/sec: 814,439 | mfu: 25.4% | epoch: 1 | remaining: 243s    
step 00364 (18.9%) | loss: 3.378209 | lrm: 0.95 | dt: 161ms | tok/sec: 815,299 | mfu: 25.4% | epoch: 1 | remaining: 243s    
step 00365 (18.9%) | loss: 3.372860 | lrm: 0.95 | dt: 161ms | tok/sec: 816,041 | mfu: 25.4% | epoch: 1 | remaining: 243s    
step 00366 (19.0%) | loss: 3.370469 | lrm: 0.95 | dt: 161ms | tok/sec: 815,686 | mfu: 25.4% | epoch: 1 | remaining: 243s    
step 00367 (19.0%) | loss: 3.367557 | lrm: 0.95 | dt: 161ms | tok/sec: 815,956 | mfu: 25.4% | epoch: 1 | remaining: 243s    
step 00368 (19.1%) | loss: 3.368245 | lrm: 0.95 | dt: 161ms | tok/sec: 815,870 | mfu: 25.4% | epoch: 1 | remaining: 243s    
step 00369 (19.2%) | loss: 3.362004 | lrm: 0.95 | dt: 161ms | tok/sec: 816,217 | mfu: 25.4% | epoch: 1 | remaining: 242s    
step 00370 (19.2%) | loss: 3.354542 | lrm: 0.95 | dt: 161ms | tok/sec: 815,947 | mfu: 25.4% | epoch: 1 | remaining: 242s    
step 00371 (19.3%) | loss: 3.356975 | lrm: 0.95 | dt: 161ms | tok/sec: 816,104 | mfu: 25.4% | epoch: 1 | remaining: 242s    
step 00372 (19.3%) | loss: 3.356915 | lrm: 0.95 | dt: 161ms | tok/sec: 816,045 | mfu: 25.4% | epoch: 1 | remaining: 242s    
step 00373 (19.4%) | loss: 3.361150 | lrm: 0.95 | dt: 161ms | tok/sec: 816,153 | mfu: 25.4% | epoch: 1 | remaining: 242s    
step 00374 (19.4%) | loss: 3.359923 | lrm: 0.95 | dt: 161ms | tok/sec: 816,074 | mfu: 25.4% | epoch: 1 | remaining: 242s    
step 00375 (19.5%) | loss: 3.365845 | lrm: 0.95 | dt: 161ms | tok/sec: 815,996 | mfu: 25.4% | epoch: 1 | remaining: 241s    
step 00376 (19.5%) | loss: 3.366282 | lrm: 0.95 | dt: 161ms | tok/sec: 816,148 | mfu: 25.4% | epoch: 1 | remaining: 241s    
step 00377 (19.6%) | loss: 3.362686 | lrm: 0.95 | dt: 161ms | tok/sec: 815,753 | mfu: 25.4% | epoch: 1 | remaining: 241s    
step 00378 (19.6%) | loss: 3.362744 | lrm: 0.95 | dt: 161ms | tok/sec: 816,018 | mfu: 25.4% | epoch: 1 | remaining: 241s    
step 00379 (19.7%) | loss: 3.361245 | lrm: 0.94 | dt: 161ms | tok/sec: 815,788 | mfu: 25.4% | epoch: 1 | remaining: 241s    
step 00380 (19.7%) | loss: 3.361350 | lrm: 0.94 | dt: 161ms | tok/sec: 816,000 | mfu: 25.4% | epoch: 1 | remaining: 241s    
step 00381 (19.8%) | loss: 3.365433 | lrm: 0.94 | dt: 161ms | tok/sec: 816,143 | mfu: 25.4% | epoch: 1 | remaining: 240s    
step 00382 (19.8%) | loss: 3.366746 | lrm: 0.94 | dt: 161ms | tok/sec: 816,013 | mfu: 25.4% | epoch: 1 | remaining: 240s    
step 00383 (19.9%) | loss: 3.367050 | lrm: 0.94 | dt: 161ms | tok/sec: 816,039 | mfu: 25.4% | epoch: 1 | remaining: 240s    
step 00384 (20.0%) | loss: 3.366139 | lrm: 0.94 | dt: 161ms | tok/sec: 816,004 | mfu: 25.4% | epoch: 1 | remaining: 240s    
step 00385 (20.0%) | loss: 3.369207 | lrm: 0.94 | dt: 161ms | tok/sec: 815,783 | mfu: 25.4% | epoch: 1 | remaining: 240s    
step 00386 (20.1%) | loss: 3.370996 | lrm: 0.94 | dt: 161ms | tok/sec: 815,809 | mfu: 25.4% | epoch: 1 | remaining: 240s    
step 00387 (20.1%) | loss: 3.372807 | lrm: 0.94 | dt: 161ms | tok/sec: 816,047 | mfu: 25.4% | epoch: 1 | remaining: 239s    
step 00388 (20.2%) | loss: 3.363986 | lrm: 0.94 | dt: 161ms | tok/sec: 815,846 | mfu: 25.4% | epoch: 1 | remaining: 239s    
step 00389 (20.2%) | loss: 3.362307 | lrm: 0.94 | dt: 161ms | tok/sec: 816,127 | mfu: 25.4% | epoch: 1 | remaining: 239s    
step 00390 (20.3%) | loss: 3.360024 | lrm: 0.94 | dt: 161ms | tok/sec: 816,131 | mfu: 25.4% | epoch: 1 | remaining: 239s    
step 00391 (20.3%) | loss: 3.352809 | lrm: 0.94 | dt: 161ms | tok/sec: 815,988 | mfu: 25.4% | epoch: 1 | remaining: 239s    
step 00392 (20.4%) | loss: 3.354047 | lrm: 0.94 | dt: 161ms | tok/sec: 816,064 | mfu: 25.4% | epoch: 1 | remaining: 239s    
step 00393 (20.4%) | loss: 3.351565 | lrm: 0.94 | dt: 161ms | tok/sec: 815,775 | mfu: 25.4% | epoch: 1 | remaining: 239s    
step 00394 (20.5%) | loss: 3.353034 | lrm: 0.94 | dt: 161ms | tok/sec: 815,448 | mfu: 25.4% | epoch: 1 | remaining: 238s    
step 00395 (20.5%) | loss: 3.355086 | lrm: 0.93 | dt: 161ms | tok/sec: 815,955 | mfu: 25.4% | epoch: 1 | remaining: 238s    
step 00396 (20.6%) | loss: 3.352994 | lrm: 0.93 | dt: 161ms | tok/sec: 816,065 | mfu: 25.4% | epoch: 1 | remaining: 238s    
step 00397 (20.7%) | loss: 3.347501 | lrm: 0.93 | dt: 161ms | tok/sec: 815,720 | mfu: 25.4% | epoch: 1 | remaining: 238s    
step 00398 (20.7%) | loss: 3.343124 | lrm: 0.93 | dt: 161ms | tok/sec: 816,133 | mfu: 25.4% | epoch: 1 | remaining: 238s    
step 00399 (20.8%) | loss: 3.343949 | lrm: 0.93 | dt: 161ms | tok/sec: 815,816 | mfu: 25.4% | epoch: 1 | remaining: 238s    
step 00400 (20.8%) | loss: 3.347351 | lrm: 0.93 | dt: 161ms | tok/sec: 816,134 | mfu: 25.4% | epoch: 1 | remaining: 237s    
step 00401 (20.9%) | loss: 3.342526 | lrm: 0.93 | dt: 161ms | tok/sec: 815,851 | mfu: 25.4% | epoch: 1 | remaining: 237s    
step 00402 (20.9%) | loss: 3.340798 | lrm: 0.93 | dt: 161ms | tok/sec: 815,643 | mfu: 25.4% | epoch: 1 | remaining: 237s    
step 00403 (21.0%) | loss: 3.342797 | lrm: 0.93 | dt: 161ms | tok/sec: 813,528 | mfu: 25.3% | epoch: 1 | remaining: 237s    
step 00404 (21.0%) | loss: 3.345428 | lrm: 0.93 | dt: 161ms | tok/sec: 815,189 | mfu: 25.4% | epoch: 1 | remaining: 237s    
step 00405 (21.1%) | loss: 3.340170 | lrm: 0.93 | dt: 161ms | tok/sec: 815,692 | mfu: 25.4% | epoch: 1 | remaining: 237s    
step 00406 (21.1%) | loss: 3.330458 | lrm: 0.93 | dt: 161ms | tok/sec: 815,945 | mfu: 25.4% | epoch: 1 | remaining: 236s    
step 00407 (21.2%) | loss: 3.330762 | lrm: 0.93 | dt: 161ms | tok/sec: 815,620 | mfu: 25.4% | epoch: 1 | remaining: 236s    
step 00408 (21.2%) | loss: 3.327431 | lrm: 0.93 | dt: 161ms | tok/sec: 815,734 | mfu: 25.4% | epoch: 1 | remaining: 236s    
step 00409 (21.3%) | loss: 3.323600 | lrm: 0.93 | dt: 161ms | tok/sec: 815,609 | mfu: 25.4% | epoch: 1 | remaining: 236s    
step 00410 (21.3%) | loss: 3.321915 | lrm: 0.93 | dt: 161ms | tok/sec: 815,834 | mfu: 25.4% | epoch: 1 | remaining: 236s    
step 00411 (21.4%) | loss: 3.320715 | lrm: 0.92 | dt: 161ms | tok/sec: 815,968 | mfu: 25.4% | epoch: 1 | remaining: 236s    
step 00412 (21.5%) | loss: 3.317382 | lrm: 0.92 | dt: 161ms | tok/sec: 815,919 | mfu: 25.4% | epoch: 1 | remaining: 235s    
step 00413 (21.5%) | loss: 3.315097 | lrm: 0.92 | dt: 161ms | tok/sec: 816,133 | mfu: 25.4% | epoch: 1 | remaining: 235s    
step 00414 (21.6%) | loss: 3.315271 | lrm: 0.92 | dt: 161ms | tok/sec: 816,131 | mfu: 25.4% | epoch: 1 | remaining: 235s    
step 00415 (21.6%) | loss: 3.316984 | lrm: 0.92 | dt: 161ms | tok/sec: 816,211 | mfu: 25.4% | epoch: 1 | remaining: 235s    
step 00416 (21.7%) | loss: 3.308860 | lrm: 0.92 | dt: 161ms | tok/sec: 816,054 | mfu: 25.4% | epoch: 1 | remaining: 235s    
step 00417 (21.7%) | loss: 3.296746 | lrm: 0.92 | dt: 161ms | tok/sec: 815,535 | mfu: 25.4% | epoch: 1 | remaining: 235s    
step 00418 (21.8%) | loss: 3.289971 | lrm: 0.92 | dt: 161ms | tok/sec: 815,482 | mfu: 25.4% | epoch: 1 | remaining: 235s    
step 00419 (21.8%) | loss: 3.285454 | lrm: 0.92 | dt: 161ms | tok/sec: 816,111 | mfu: 25.4% | epoch: 1 | remaining: 234s    
step 00420 (21.9%) | loss: 3.285447 | lrm: 0.92 | dt: 161ms | tok/sec: 815,853 | mfu: 25.4% | epoch: 1 | remaining: 234s    
step 00421 (21.9%) | loss: 3.284007 | lrm: 0.92 | dt: 161ms | tok/sec: 815,803 | mfu: 25.4% | epoch: 1 | remaining: 234s    
step 00422 (22.0%) | loss: 3.282325 | lrm: 0.92 | dt: 161ms | tok/sec: 815,795 | mfu: 25.4% | epoch: 1 | remaining: 234s    
step 00423 (22.0%) | loss: 3.291578 | lrm: 0.92 | dt: 161ms | tok/sec: 815,813 | mfu: 25.4% | epoch: 1 | remaining: 234s    
step 00424 (22.1%) | loss: 3.287080 | lrm: 0.92 | dt: 161ms | tok/sec: 815,896 | mfu: 25.4% | epoch: 1 | remaining: 234s    
step 00425 (22.2%) | loss: 3.288972 | lrm: 0.92 | dt: 161ms | tok/sec: 815,638 | mfu: 25.4% | epoch: 1 | remaining: 233s    
step 00426 (22.2%) | loss: 3.292419 | lrm: 0.92 | dt: 161ms | tok/sec: 815,755 | mfu: 25.4% | epoch: 1 | remaining: 233s    
step 00427 (22.3%) | loss: 3.296689 | lrm: 0.91 | dt: 161ms | tok/sec: 816,004 | mfu: 25.4% | epoch: 1 | remaining: 233s    
step 00428 (22.3%) | loss: 3.298168 | lrm: 0.91 | dt: 161ms | tok/sec: 815,884 | mfu: 25.4% | epoch: 1 | remaining: 233s    
step 00429 (22.4%) | loss: 3.294611 | lrm: 0.91 | dt: 161ms | tok/sec: 815,769 | mfu: 25.4% | epoch: 1 | remaining: 233s    
step 00430 (22.4%) | loss: 3.292187 | lrm: 0.91 | dt: 161ms | tok/sec: 815,941 | mfu: 25.4% | epoch: 1 | remaining: 233s    
step 00431 (22.5%) | loss: 3.290020 | lrm: 0.91 | dt: 161ms | tok/sec: 815,548 | mfu: 25.4% | epoch: 1 | remaining: 232s    
step 00432 (22.5%) | loss: 3.295541 | lrm: 0.91 | dt: 161ms | tok/sec: 815,813 | mfu: 25.4% | epoch: 1 | remaining: 232s    
step 00433 (22.6%) | loss: 3.294192 | lrm: 0.91 | dt: 161ms | tok/sec: 816,180 | mfu: 25.4% | epoch: 1 | remaining: 232s    
step 00434 (22.6%) | loss: 3.300520 | lrm: 0.91 | dt: 161ms | tok/sec: 815,570 | mfu: 25.4% | epoch: 1 | remaining: 232s    
step 00435 (22.7%) | loss: 3.298555 | lrm: 0.91 | dt: 161ms | tok/sec: 815,613 | mfu: 25.4% | epoch: 1 | remaining: 232s    
step 00436 (22.7%) | loss: 3.303891 | lrm: 0.91 | dt: 161ms | tok/sec: 815,207 | mfu: 25.4% | epoch: 1 | remaining: 232s    
step 00437 (22.8%) | loss: 3.299659 | lrm: 0.91 | dt: 161ms | tok/sec: 815,367 | mfu: 25.4% | epoch: 1 | remaining: 231s    
step 00438 (22.8%) | loss: 3.294671 | lrm: 0.91 | dt: 161ms | tok/sec: 814,944 | mfu: 25.4% | epoch: 1 | remaining: 231s    
step 00439 (22.9%) | loss: 3.289743 | lrm: 0.91 | dt: 161ms | tok/sec: 815,275 | mfu: 25.4% | epoch: 1 | remaining: 231s    
step 00440 (23.0%) | loss: 3.292836 | lrm: 0.91 | dt: 161ms | tok/sec: 815,337 | mfu: 25.4% | epoch: 1 | remaining: 231s    
step 00441 (23.0%) | loss: 3.291627 | lrm: 0.91 | dt: 161ms | tok/sec: 815,494 | mfu: 25.4% | epoch: 1 | remaining: 231s    
step 00442 (23.1%) | loss: 3.292788 | lrm: 0.91 | dt: 161ms | tok/sec: 815,218 | mfu: 25.4% | epoch: 1 | remaining: 231s    
step 00443 (23.1%) | loss: 3.293992 | lrm: 0.90 | dt: 161ms | tok/sec: 815,304 | mfu: 25.4% | epoch: 1 | remaining: 230s    
step 00444 (23.2%) | loss: 3.291575 | lrm: 0.90 | dt: 161ms | tok/sec: 815,492 | mfu: 25.4% | epoch: 1 | remaining: 230s    
step 00445 (23.2%) | loss: 3.289485 | lrm: 0.90 | dt: 161ms | tok/sec: 815,472 | mfu: 25.4% | epoch: 1 | remaining: 230s    
step 00446 (23.3%) | loss: 3.292334 | lrm: 0.90 | dt: 161ms | tok/sec: 815,395 | mfu: 25.4% | epoch: 1 | remaining: 230s    
step 00447 (23.3%) | loss: 3.294450 | lrm: 0.90 | dt: 161ms | tok/sec: 815,397 | mfu: 25.4% | epoch: 1 | remaining: 230s    
step 00448 (23.4%) | loss: 3.300859 | lrm: 0.90 | dt: 161ms | tok/sec: 814,852 | mfu: 25.4% | epoch: 1 | remaining: 230s    
step 00449 (23.4%) | loss: 3.302908 | lrm: 0.90 | dt: 161ms | tok/sec: 814,731 | mfu: 25.4% | epoch: 1 | remaining: 230s    
step 00450 (23.5%) | loss: 3.300492 | lrm: 0.90 | dt: 161ms | tok/sec: 815,130 | mfu: 25.4% | epoch: 1 | remaining: 229s    
step 00451 (23.5%) | loss: 3.304135 | lrm: 0.90 | dt: 161ms | tok/sec: 815,464 | mfu: 25.4% | epoch: 1 | remaining: 229s    
step 00452 (23.6%) | loss: 3.298365 | lrm: 0.90 | dt: 161ms | tok/sec: 815,013 | mfu: 25.4% | epoch: 1 | remaining: 229s    
step 00453 (23.7%) | loss: 3.304616 | lrm: 0.90 | dt: 161ms | tok/sec: 815,320 | mfu: 25.4% | epoch: 1 | remaining: 229s    
step 00454 (23.7%) | loss: 3.296362 | lrm: 0.90 | dt: 161ms | tok/sec: 815,414 | mfu: 25.4% | epoch: 1 | remaining: 229s    
step 00455 (23.8%) | loss: 3.297513 | lrm: 0.90 | dt: 161ms | tok/sec: 815,723 | mfu: 25.4% | epoch: 1 | remaining: 229s    
step 00456 (23.8%) | loss: 3.304264 | lrm: 0.90 | dt: 161ms | tok/sec: 815,649 | mfu: 25.4% | epoch: 1 | remaining: 228s    
step 00457 (23.9%) | loss: 3.302909 | lrm: 0.90 | dt: 161ms | tok/sec: 815,792 | mfu: 25.4% | epoch: 1 | remaining: 228s    
step 00458 (23.9%) | loss: 3.296806 | lrm: 0.90 | dt: 161ms | tok/sec: 815,918 | mfu: 25.4% | epoch: 1 | remaining: 228s    
step 00459 (24.0%) | loss: 3.292102 | lrm: 0.89 | dt: 161ms | tok/sec: 815,502 | mfu: 25.4% | epoch: 1 | remaining: 228s    
step 00460 (24.0%) | loss: 3.297995 | lrm: 0.89 | dt: 161ms | tok/sec: 815,586 | mfu: 25.4% | epoch: 1 | remaining: 228s    
step 00461 (24.1%) | loss: 3.303126 | lrm: 0.89 | dt: 161ms | tok/sec: 815,812 | mfu: 25.4% | epoch: 1 | remaining: 228s    
step 00462 (24.1%) | loss: 3.302408 | lrm: 0.89 | dt: 161ms | tok/sec: 815,885 | mfu: 25.4% | epoch: 1 | remaining: 227s    
step 00463 (24.2%) | loss: 3.304380 | lrm: 0.89 | dt: 161ms | tok/sec: 815,534 | mfu: 25.4% | epoch: 1 | remaining: 227s    
step 00464 (24.2%) | loss: 3.306718 | lrm: 0.89 | dt: 161ms | tok/sec: 815,852 | mfu: 25.4% | epoch: 1 | remaining: 227s    
step 00465 (24.3%) | loss: 3.302254 | lrm: 0.89 | dt: 161ms | tok/sec: 815,287 | mfu: 25.4% | epoch: 1 | remaining: 227s    
step 00466 (24.3%) | loss: 3.304987 | lrm: 0.89 | dt: 161ms | tok/sec: 815,591 | mfu: 25.4% | epoch: 1 | remaining: 227s    
step 00467 (24.4%) | loss: 3.296842 | lrm: 0.89 | dt: 161ms | tok/sec: 815,662 | mfu: 25.4% | epoch: 1 | remaining: 227s    
step 00468 (24.5%) | loss: 3.289747 | lrm: 0.89 | dt: 161ms | tok/sec: 815,769 | mfu: 25.4% | epoch: 1 | remaining: 226s    
step 00469 (24.5%) | loss: 3.289025 | lrm: 0.89 | dt: 161ms | tok/sec: 816,097 | mfu: 25.4% | epoch: 1 | remaining: 226s    
step 00470 (24.6%) | loss: 3.290181 | lrm: 0.89 | dt: 161ms | tok/sec: 816,039 | mfu: 25.4% | epoch: 1 | remaining: 226s    
step 00471 (24.6%) | loss: 3.294876 | lrm: 0.89 | dt: 161ms | tok/sec: 816,062 | mfu: 25.4% | epoch: 1 | remaining: 226s    
step 00472 (24.7%) | loss: 3.302053 | lrm: 0.89 | dt: 161ms | tok/sec: 815,951 | mfu: 25.4% | epoch: 1 | remaining: 226s    
step 00473 (24.7%) | loss: 3.300458 | lrm: 0.89 | dt: 161ms | tok/sec: 816,011 | mfu: 25.4% | epoch: 1 | remaining: 226s    
step 00474 (24.8%) | loss: 3.302374 | lrm: 0.88 | dt: 161ms | tok/sec: 815,951 | mfu: 25.4% | epoch: 1 | remaining: 226s    
step 00475 (24.8%) | loss: 3.299387 | lrm: 0.88 | dt: 161ms | tok/sec: 816,283 | mfu: 25.4% | epoch: 1 | remaining: 225s    
step 00476 (24.9%) | loss: 3.292753 | lrm: 0.88 | dt: 161ms | tok/sec: 816,162 | mfu: 25.4% | epoch: 1 | remaining: 225s    
step 00477 (24.9%) | loss: 3.291576 | lrm: 0.88 | dt: 161ms | tok/sec: 816,151 | mfu: 25.4% | epoch: 1 | remaining: 225s    
step 00478 (25.0%) | loss: 3.285669 | lrm: 0.88 | dt: 161ms | tok/sec: 816,214 | mfu: 25.4% | epoch: 1 | remaining: 225s    
step 00479 (25.0%) | loss: 3.286157 | lrm: 0.88 | dt: 161ms | tok/sec: 816,357 | mfu: 25.4% | epoch: 1 | remaining: 225s    
step 00480 (25.1%) | loss: 3.284159 | lrm: 0.88 | dt: 161ms | tok/sec: 816,114 | mfu: 25.4% | epoch: 1 | remaining: 225s    
step 00481 (25.2%) | loss: 3.286945 | lrm: 0.88 | dt: 161ms | tok/sec: 816,353 | mfu: 25.4% | epoch: 1 | remaining: 224s    
step 00482 (25.2%) | loss: 3.286122 | lrm: 0.88 | dt: 161ms | tok/sec: 816,040 | mfu: 25.4% | epoch: 1 | remaining: 224s    
step 00483 (25.3%) | loss: 3.287586 | lrm: 0.88 | dt: 161ms | tok/sec: 815,003 | mfu: 25.4% | epoch: 1 | remaining: 224s    
step 00484 (25.3%) | loss: 3.288826 | lrm: 0.88 | dt: 161ms | tok/sec: 816,127 | mfu: 25.4% | epoch: 1 | remaining: 224s    
step 00485 (25.4%) | loss: 3.290495 | lrm: 0.88 | dt: 161ms | tok/sec: 816,067 | mfu: 25.4% | epoch: 1 | remaining: 224s    
step 00486 (25.4%) | loss: 3.285165 | lrm: 0.88 | dt: 161ms | tok/sec: 816,137 | mfu: 25.4% | epoch: 1 | remaining: 224s    
step 00487 (25.5%) | loss: 3.281986 | lrm: 0.88 | dt: 161ms | tok/sec: 816,084 | mfu: 25.4% | epoch: 1 | remaining: 223s    
step 00488 (25.5%) | loss: 3.276563 | lrm: 0.88 | dt: 161ms | tok/sec: 816,361 | mfu: 25.4% | epoch: 1 | remaining: 223s    
step 00489 (25.6%) | loss: 3.262809 | lrm: 0.88 | dt: 161ms | tok/sec: 816,331 | mfu: 25.4% | epoch: 1 | remaining: 223s    
step 00490 (25.6%) | loss: 3.254276 | lrm: 0.87 | dt: 161ms | tok/sec: 816,213 | mfu: 25.4% | epoch: 1 | remaining: 223s    
step 00491 (25.7%) | loss: 3.252519 | lrm: 0.87 | dt: 161ms | tok/sec: 816,213 | mfu: 25.4% | epoch: 1 | remaining: 223s    
step 00492 (25.7%) | loss: 3.251046 | lrm: 0.87 | dt: 161ms | tok/sec: 816,340 | mfu: 25.4% | epoch: 1 | remaining: 223s    
step 00493 (25.8%) | loss: 3.252322 | lrm: 0.87 | dt: 161ms | tok/sec: 816,025 | mfu: 25.4% | epoch: 1 | remaining: 222s    
step 00494 (25.8%) | loss: 3.249955 | lrm: 0.87 | dt: 161ms | tok/sec: 815,546 | mfu: 25.4% | epoch: 1 | remaining: 222s    
step 00495 (25.9%) | loss: 3.254126 | lrm: 0.87 | dt: 161ms | tok/sec: 816,235 | mfu: 25.4% | epoch: 1 | remaining: 222s    
step 00496 (26.0%) | loss: 3.252347 | lrm: 0.87 | dt: 161ms | tok/sec: 816,237 | mfu: 25.4% | epoch: 1 | remaining: 222s    
step 00497 (26.0%) | loss: 3.255317 | lrm: 0.87 | dt: 161ms | tok/sec: 816,273 | mfu: 25.4% | epoch: 1 | remaining: 222s    
step 00498 (26.1%) | loss: 3.259717 | lrm: 0.87 | dt: 161ms | tok/sec: 816,241 | mfu: 25.4% | epoch: 1 | remaining: 222s    
step 00499 (26.1%) | loss: 3.262745 | lrm: 0.87 | dt: 161ms | tok/sec: 816,300 | mfu: 25.4% | epoch: 1 | remaining: 221s    
step 00500 (26.2%) | loss: 3.265042 | lrm: 0.87 | dt: 161ms | tok/sec: 815,807 | mfu: 25.4% | epoch: 1 | remaining: 221s    
step 00501 (26.2%) | loss: 3.264260 | lrm: 0.87 | dt: 161ms | tok/sec: 815,912 | mfu: 25.4% | epoch: 1 | remaining: 221s    
step 00502 (26.3%) | loss: 3.264851 | lrm: 0.87 | dt: 161ms | tok/sec: 815,904 | mfu: 25.4% | epoch: 1 | remaining: 221s    
step 00503 (26.3%) | loss: 3.265654 | lrm: 0.87 | dt: 161ms | tok/sec: 816,143 | mfu: 25.4% | epoch: 1 | remaining: 221s    
step 00504 (26.4%) | loss: 3.259537 | lrm: 0.87 | dt: 161ms | tok/sec: 816,368 | mfu: 25.4% | epoch: 1 | remaining: 221s    
step 00505 (26.4%) | loss: 3.256615 | lrm: 0.87 | dt: 161ms | tok/sec: 816,283 | mfu: 25.4% | epoch: 1 | remaining: 221s    
step 00506 (26.5%) | loss: 3.254698 | lrm: 0.86 | dt: 161ms | tok/sec: 816,047 | mfu: 25.4% | epoch: 1 | remaining: 220s    
step 00507 (26.5%) | loss: 3.256161 | lrm: 0.86 | dt: 161ms | tok/sec: 816,097 | mfu: 25.4% | epoch: 1 | remaining: 220s    
step 00508 (26.6%) | loss: 3.254095 | lrm: 0.86 | dt: 161ms | tok/sec: 815,945 | mfu: 25.4% | epoch: 1 | remaining: 220s    
step 00509 (26.7%) | loss: 3.249996 | lrm: 0.86 | dt: 161ms | tok/sec: 816,197 | mfu: 25.4% | epoch: 1 | remaining: 220s    
step 00510 (26.7%) | loss: 3.255413 | lrm: 0.86 | dt: 161ms | tok/sec: 815,752 | mfu: 25.4% | epoch: 1 | remaining: 220s    
step 00511 (26.8%) | loss: 3.257083 | lrm: 0.86 | dt: 161ms | tok/sec: 815,565 | mfu: 25.4% | epoch: 1 | remaining: 220s    
step 00512 (26.8%) | loss: 3.252804 | lrm: 0.86 | dt: 161ms | tok/sec: 816,149 | mfu: 25.4% | epoch: 1 | remaining: 219s    
step 00513 (26.9%) | loss: 3.247286 | lrm: 0.86 | dt: 161ms | tok/sec: 815,815 | mfu: 25.4% | epoch: 1 | remaining: 219s    
step 00514 (26.9%) | loss: 3.248036 | lrm: 0.86 | dt: 161ms | tok/sec: 815,552 | mfu: 25.4% | epoch: 1 | remaining: 219s    
step 00515 (27.0%) | loss: 3.245167 | lrm: 0.86 | dt: 161ms | tok/sec: 816,120 | mfu: 25.4% | epoch: 1 | remaining: 219s    
step 00516 (27.0%) | loss: 3.247050 | lrm: 0.86 | dt: 161ms | tok/sec: 816,308 | mfu: 25.4% | epoch: 1 | remaining: 219s    
step 00517 (27.1%) | loss: 3.249882 | lrm: 0.86 | dt: 161ms | tok/sec: 816,062 | mfu: 25.4% | epoch: 1 | remaining: 219s    
step 00518 (27.1%) | loss: 3.244755 | lrm: 0.86 | dt: 161ms | tok/sec: 816,206 | mfu: 25.4% | epoch: 1 | remaining: 218s    
step 00519 (27.2%) | loss: 3.244151 | lrm: 0.86 | dt: 161ms | tok/sec: 815,905 | mfu: 25.4% | epoch: 1 | remaining: 218s    
step 00520 (27.2%) | loss: 3.239276 | lrm: 0.86 | dt: 161ms | tok/sec: 815,705 | mfu: 25.4% | epoch: 1 | remaining: 218s    
step 00521 (27.3%) | loss: 3.240041 | lrm: 0.86 | dt: 161ms | tok/sec: 816,092 | mfu: 25.4% | epoch: 1 | remaining: 218s    
step 00522 (27.3%) | loss: 3.241955 | lrm: 0.85 | dt: 161ms | tok/sec: 816,086 | mfu: 25.4% | epoch: 1 | remaining: 218s    
step 00523 (27.4%) | loss: 3.239458 | lrm: 0.85 | dt: 161ms | tok/sec: 815,994 | mfu: 25.4% | epoch: 1 | remaining: 218s    
step 00524 (27.5%) | loss: 3.243332 | lrm: 0.85 | dt: 161ms | tok/sec: 816,399 | mfu: 25.4% | epoch: 1 | remaining: 217s    
step 00525 (27.5%) | loss: 3.242046 | lrm: 0.85 | dt: 161ms | tok/sec: 815,540 | mfu: 25.4% | epoch: 1 | remaining: 217s    
step 00526 (27.6%) | loss: 3.240071 | lrm: 0.85 | dt: 161ms | tok/sec: 816,031 | mfu: 25.4% | epoch: 1 | remaining: 217s    
step 00527 (27.6%) | loss: 3.240522 | lrm: 0.85 | dt: 161ms | tok/sec: 816,239 | mfu: 25.4% | epoch: 1 | remaining: 217s    
step 00528 (27.7%) | loss: 3.236269 | lrm: 0.85 | dt: 161ms | tok/sec: 815,502 | mfu: 25.4% | epoch: 1 | remaining: 217s    
step 00529 (27.7%) | loss: 3.238536 | lrm: 0.85 | dt: 161ms | tok/sec: 816,031 | mfu: 25.4% | epoch: 1 | remaining: 217s    
step 00530 (27.8%) | loss: 3.238501 | lrm: 0.85 | dt: 161ms | tok/sec: 815,874 | mfu: 25.4% | epoch: 1 | remaining: 217s    
step 00531 (27.8%) | loss: 3.237874 | lrm: 0.85 | dt: 161ms | tok/sec: 816,006 | mfu: 25.4% | epoch: 1 | remaining: 216s    
step 00532 (27.9%) | loss: 3.238921 | lrm: 0.85 | dt: 161ms | tok/sec: 816,076 | mfu: 25.4% | epoch: 1 | remaining: 216s    
step 00533 (27.9%) | loss: 3.234293 | lrm: 0.85 | dt: 161ms | tok/sec: 815,995 | mfu: 25.4% | epoch: 1 | remaining: 216s    
step 00534 (28.0%) | loss: 3.240469 | lrm: 0.85 | dt: 161ms | tok/sec: 815,984 | mfu: 25.4% | epoch: 1 | remaining: 216s    
step 00535 (28.0%) | loss: 3.230708 | lrm: 0.85 | dt: 161ms | tok/sec: 815,504 | mfu: 25.4% | epoch: 1 | remaining: 216s    
step 00536 (28.1%) | loss: 3.232221 | lrm: 0.85 | dt: 161ms | tok/sec: 813,845 | mfu: 25.4% | epoch: 1 | remaining: 216s    
step 00537 (28.1%) | loss: 3.237934 | lrm: 0.85 | dt: 161ms | tok/sec: 813,659 | mfu: 25.4% | epoch: 1 | remaining: 215s    
step 00538 (28.2%) | loss: 3.238725 | lrm: 0.84 | dt: 161ms | tok/sec: 815,262 | mfu: 25.4% | epoch: 1 | remaining: 215s    
step 00539 (28.3%) | loss: 3.234961 | lrm: 0.84 | dt: 161ms | tok/sec: 815,338 | mfu: 25.4% | epoch: 1 | remaining: 215s    
step 00540 (28.3%) | loss: 3.227125 | lrm: 0.84 | dt: 161ms | tok/sec: 815,633 | mfu: 25.4% | epoch: 1 | remaining: 215s    
step 00541 (28.4%) | loss: 3.224249 | lrm: 0.84 | dt: 161ms | tok/sec: 815,619 | mfu: 25.4% | epoch: 1 | remaining: 215s    
step 00542 (28.4%) | loss: 3.227876 | lrm: 0.84 | dt: 161ms | tok/sec: 815,919 | mfu: 25.4% | epoch: 1 | remaining: 215s    
step 00543 (28.5%) | loss: 3.229723 | lrm: 0.84 | dt: 161ms | tok/sec: 815,943 | mfu: 25.4% | epoch: 1 | remaining: 214s    
step 00544 (28.5%) | loss: 3.220511 | lrm: 0.84 | dt: 161ms | tok/sec: 815,766 | mfu: 25.4% | epoch: 1 | remaining: 214s    
step 00545 (28.6%) | loss: 3.225589 | lrm: 0.84 | dt: 161ms | tok/sec: 814,858 | mfu: 25.4% | epoch: 1 | remaining: 214s    
step 00546 (28.6%) | loss: 3.228168 | lrm: 0.84 | dt: 161ms | tok/sec: 814,942 | mfu: 25.4% | epoch: 1 | remaining: 214s    
step 00547 (28.7%) | loss: 3.220273 | lrm: 0.84 | dt: 161ms | tok/sec: 815,112 | mfu: 25.4% | epoch: 1 | remaining: 214s    
step 00548 (28.7%) | loss: 3.220817 | lrm: 0.84 | dt: 161ms | tok/sec: 814,079 | mfu: 25.4% | epoch: 1 | remaining: 214s    
step 00549 (28.8%) | loss: 3.211358 | lrm: 0.84 | dt: 161ms | tok/sec: 815,597 | mfu: 25.4% | epoch: 1 | remaining: 213s    
step 00550 (28.8%) | loss: 3.209111 | lrm: 0.84 | dt: 161ms | tok/sec: 815,610 | mfu: 25.4% | epoch: 1 | remaining: 213s    
step 00551 (28.9%) | loss: 3.216498 | lrm: 0.84 | dt: 161ms | tok/sec: 815,482 | mfu: 25.4% | epoch: 1 | remaining: 213s    
step 00552 (29.0%) | loss: 3.212560 | lrm: 0.84 | dt: 161ms | tok/sec: 815,488 | mfu: 25.4% | epoch: 1 | remaining: 213s    
step 00553 (29.0%) | loss: 3.214978 | lrm: 0.84 | dt: 161ms | tok/sec: 815,892 | mfu: 25.4% | epoch: 1 | remaining: 213s    
step 00554 (29.1%) | loss: 3.206759 | lrm: 0.83 | dt: 161ms | tok/sec: 816,143 | mfu: 25.4% | epoch: 1 | remaining: 213s    
step 00555 (29.1%) | loss: 3.207307 | lrm: 0.83 | dt: 161ms | tok/sec: 816,149 | mfu: 25.4% | epoch: 1 | remaining: 212s    
step 00556 (29.2%) | loss: 3.212275 | lrm: 0.83 | dt: 161ms | tok/sec: 816,280 | mfu: 25.4% | epoch: 1 | remaining: 212s    
step 00557 (29.2%) | loss: 3.218505 | lrm: 0.83 | dt: 161ms | tok/sec: 816,177 | mfu: 25.4% | epoch: 1 | remaining: 212s    
step 00558 (29.3%) | loss: 3.210481 | lrm: 0.83 | dt: 161ms | tok/sec: 815,995 | mfu: 25.4% | epoch: 1 | remaining: 212s    
step 00559 (29.3%) | loss: 3.210563 | lrm: 0.83 | dt: 161ms | tok/sec: 816,126 | mfu: 25.4% | epoch: 1 | remaining: 212s    
step 00560 (29.4%) | loss: 3.203052 | lrm: 0.83 | dt: 161ms | tok/sec: 815,857 | mfu: 25.4% | epoch: 1 | remaining: 212s    
step 00561 (29.4%) | loss: 3.200807 | lrm: 0.83 | dt: 161ms | tok/sec: 815,845 | mfu: 25.4% | epoch: 1 | remaining: 212s    
step 00562 (29.5%) | loss: 3.198949 | lrm: 0.83 | dt: 161ms | tok/sec: 816,119 | mfu: 25.4% | epoch: 1 | remaining: 211s    
step 00563 (29.5%) | loss: 3.200121 | lrm: 0.83 | dt: 161ms | tok/sec: 816,120 | mfu: 25.4% | epoch: 1 | remaining: 211s    
step 00564 (29.6%) | loss: 3.197316 | lrm: 0.83 | dt: 161ms | tok/sec: 816,187 | mfu: 25.4% | epoch: 1 | remaining: 211s    
step 00565 (29.6%) | loss: 3.194787 | lrm: 0.83 | dt: 161ms | tok/sec: 815,964 | mfu: 25.4% | epoch: 1 | remaining: 211s    
step 00566 (29.7%) | loss: 3.197480 | lrm: 0.83 | dt: 161ms | tok/sec: 815,742 | mfu: 25.4% | epoch: 1 | remaining: 211s    
step 00567 (29.8%) | loss: 3.194483 | lrm: 0.83 | dt: 161ms | tok/sec: 815,893 | mfu: 25.4% | epoch: 1 | remaining: 211s    
step 00568 (29.8%) | loss: 3.196556 | lrm: 0.83 | dt: 161ms | tok/sec: 815,930 | mfu: 25.4% | epoch: 1 | remaining: 210s    
step 00569 (29.9%) | loss: 3.196171 | lrm: 0.83 | dt: 161ms | tok/sec: 815,384 | mfu: 25.4% | epoch: 1 | remaining: 210s    
step 00570 (29.9%) | loss: 3.196545 | lrm: 0.82 | dt: 161ms | tok/sec: 815,682 | mfu: 25.4% | epoch: 1 | remaining: 210s    
step 00571 (30.0%) | loss: 3.201380 | lrm: 0.82 | dt: 161ms | tok/sec: 815,795 | mfu: 25.4% | epoch: 1 | remaining: 210s    
step 00572 (30.0%) | loss: 3.202265 | lrm: 0.82 | dt: 161ms | tok/sec: 816,042 | mfu: 25.4% | epoch: 1 | remaining: 210s    
step 00573 (30.1%) | loss: 3.202052 | lrm: 0.82 | dt: 161ms | tok/sec: 816,265 | mfu: 25.4% | epoch: 1 | remaining: 210s    
step 00574 (30.1%) | loss: 3.204217 | lrm: 0.82 | dt: 161ms | tok/sec: 816,145 | mfu: 25.4% | epoch: 1 | remaining: 209s    
step 00575 (30.2%) | loss: 3.205717 | lrm: 0.82 | dt: 161ms | tok/sec: 815,788 | mfu: 25.4% | epoch: 1 | remaining: 209s    
step 00576 (30.2%) | loss: 3.207229 | lrm: 0.82 | dt: 161ms | tok/sec: 816,057 | mfu: 25.4% | epoch: 1 | remaining: 209s    
step 00577 (30.3%) | loss: 3.199499 | lrm: 0.82 | dt: 161ms | tok/sec: 816,040 | mfu: 25.4% | epoch: 1 | remaining: 209s    
step 00578 (30.3%) | loss: 3.201245 | lrm: 0.82 | dt: 161ms | tok/sec: 815,932 | mfu: 25.4% | epoch: 1 | remaining: 209s    
step 00579 (30.4%) | loss: 3.196761 | lrm: 0.82 | dt: 161ms | tok/sec: 816,195 | mfu: 25.4% | epoch: 1 | remaining: 209s    
step 00580 (30.5%) | loss: 3.209801 | lrm: 0.82 | dt: 161ms | tok/sec: 815,685 | mfu: 25.4% | epoch: 1 | remaining: 208s    
step 00581 (30.5%) | loss: 3.210316 | lrm: 0.82 | dt: 161ms | tok/sec: 815,913 | mfu: 25.4% | epoch: 1 | remaining: 208s    
step 00582 (30.6%) | loss: 3.208080 | lrm: 0.82 | dt: 161ms | tok/sec: 816,104 | mfu: 25.4% | epoch: 1 | remaining: 208s    
step 00583 (30.6%) | loss: 3.210274 | lrm: 0.82 | dt: 161ms | tok/sec: 815,971 | mfu: 25.4% | epoch: 1 | remaining: 208s    
step 00584 (30.7%) | loss: 3.208132 | lrm: 0.82 | dt: 161ms | tok/sec: 815,798 | mfu: 25.4% | epoch: 1 | remaining: 208s    
step 00585 (30.7%) | loss: 3.205808 | lrm: 0.82 | dt: 161ms | tok/sec: 815,625 | mfu: 25.4% | epoch: 1 | remaining: 208s    
step 00586 (30.8%) | loss: 3.207896 | lrm: 0.81 | dt: 161ms | tok/sec: 815,885 | mfu: 25.4% | epoch: 1 | remaining: 208s    
step 00587 (30.8%) | loss: 3.207490 | lrm: 0.81 | dt: 161ms | tok/sec: 816,054 | mfu: 25.4% | epoch: 1 | remaining: 207s    
step 00588 (30.9%) | loss: 3.208919 | lrm: 0.81 | dt: 161ms | tok/sec: 815,740 | mfu: 25.4% | epoch: 1 | remaining: 207s    
step 00589 (30.9%) | loss: 3.204292 | lrm: 0.81 | dt: 161ms | tok/sec: 815,510 | mfu: 25.4% | epoch: 1 | remaining: 207s    
step 00590 (31.0%) | loss: 3.205061 | lrm: 0.81 | dt: 161ms | tok/sec: 815,835 | mfu: 25.4% | epoch: 1 | remaining: 207s    
step 00591 (31.0%) | loss: 3.209929 | lrm: 0.81 | dt: 161ms | tok/sec: 815,749 | mfu: 25.4% | epoch: 1 | remaining: 207s    
step 00592 (31.1%) | loss: 3.209913 | lrm: 0.81 | dt: 161ms | tok/sec: 815,804 | mfu: 25.4% | epoch: 1 | remaining: 207s    
step 00593 (31.1%) | loss: 3.213402 | lrm: 0.81 | dt: 161ms | tok/sec: 815,958 | mfu: 25.4% | epoch: 1 | remaining: 206s    
step 00594 (31.2%) | loss: 3.214084 | lrm: 0.81 | dt: 161ms | tok/sec: 815,830 | mfu: 25.4% | epoch: 1 | remaining: 206s    
step 00595 (31.3%) | loss: 3.219082 | lrm: 0.81 | dt: 161ms | tok/sec: 815,634 | mfu: 25.4% | epoch: 1 | remaining: 206s    
step 00596 (31.3%) | loss: 3.213432 | lrm: 0.81 | dt: 161ms | tok/sec: 815,827 | mfu: 25.4% | epoch: 1 | remaining: 206s    
step 00597 (31.4%) | loss: 3.208875 | lrm: 0.81 | dt: 161ms | tok/sec: 815,721 | mfu: 25.4% | epoch: 1 | remaining: 206s    
step 00598 (31.4%) | loss: 3.209171 | lrm: 0.81 | dt: 161ms | tok/sec: 815,561 | mfu: 25.4% | epoch: 1 | remaining: 206s    
step 00599 (31.5%) | loss: 3.209281 | lrm: 0.81 | dt: 161ms | tok/sec: 814,211 | mfu: 25.4% | epoch: 1 | remaining: 205s    
step 00600 (31.5%) | loss: 3.198461 | lrm: 0.81 | dt: 161ms | tok/sec: 814,457 | mfu: 25.4% | epoch: 1 | remaining: 205s    
step 00601 (31.6%) | loss: 3.193609 | lrm: 0.80 | dt: 161ms | tok/sec: 815,181 | mfu: 25.4% | epoch: 1 | remaining: 205s    
step 00602 (31.6%) | loss: 3.191942 | lrm: 0.80 | dt: 161ms | tok/sec: 815,337 | mfu: 25.4% | epoch: 1 | remaining: 205s    
step 00603 (31.7%) | loss: 3.187127 | lrm: 0.80 | dt: 161ms | tok/sec: 815,700 | mfu: 25.4% | epoch: 1 | remaining: 205s    
step 00604 (31.7%) | loss: 3.184077 | lrm: 0.80 | dt: 161ms | tok/sec: 815,464 | mfu: 25.4% | epoch: 1 | remaining: 205s    
step 00605 (31.8%) | loss: 3.187736 | lrm: 0.80 | dt: 161ms | tok/sec: 815,337 | mfu: 25.4% | epoch: 1 | remaining: 204s    
step 00606 (31.8%) | loss: 3.191694 | lrm: 0.80 | dt: 161ms | tok/sec: 815,035 | mfu: 25.4% | epoch: 1 | remaining: 204s    
step 00607 (31.9%) | loss: 3.189993 | lrm: 0.80 | dt: 161ms | tok/sec: 815,293 | mfu: 25.4% | epoch: 1 | remaining: 204s    
step 00608 (32.0%) | loss: 3.189598 | lrm: 0.80 | dt: 161ms | tok/sec: 815,148 | mfu: 25.4% | epoch: 1 | remaining: 204s    
step 00609 (32.0%) | loss: 3.193389 | lrm: 0.80 | dt: 161ms | tok/sec: 815,240 | mfu: 25.4% | epoch: 1 | remaining: 204s    
step 00610 (32.1%) | loss: 3.189224 | lrm: 0.80 | dt: 161ms | tok/sec: 815,097 | mfu: 25.4% | epoch: 1 | remaining: 204s    
step 00611 (32.1%) | loss: 3.192628 | lrm: 0.80 | dt: 161ms | tok/sec: 815,136 | mfu: 25.4% | epoch: 1 | remaining: 203s    
step 00612 (32.2%) | loss: 3.187370 | lrm: 0.80 | dt: 161ms | tok/sec: 815,093 | mfu: 25.4% | epoch: 1 | remaining: 203s    
step 00613 (32.2%) | loss: 3.187753 | lrm: 0.80 | dt: 161ms | tok/sec: 815,413 | mfu: 25.4% | epoch: 1 | remaining: 203s    
step 00614 (32.3%) | loss: 3.188345 | lrm: 0.80 | dt: 161ms | tok/sec: 815,685 | mfu: 25.4% | epoch: 1 | remaining: 203s    
step 00615 (32.3%) | loss: 3.189136 | lrm: 0.80 | dt: 161ms | tok/sec: 815,749 | mfu: 25.4% | epoch: 1 | remaining: 203s    
step 00616 (32.4%) | loss: 3.197915 | lrm: 0.80 | dt: 161ms | tok/sec: 815,466 | mfu: 25.4% | epoch: 1 | remaining: 203s    
step 00617 (32.4%) | loss: 3.198864 | lrm: 0.79 | dt: 161ms | tok/sec: 814,749 | mfu: 25.4% | epoch: 1 | remaining: 203s    
step 00618 (32.5%) | loss: 3.201548 | lrm: 0.79 | dt: 161ms | tok/sec: 814,973 | mfu: 25.4% | epoch: 1 | remaining: 202s    
step 00619 (32.5%) | loss: 3.199562 | lrm: 0.79 | dt: 161ms | tok/sec: 814,496 | mfu: 25.4% | epoch: 1 | remaining: 202s    
step 00620 (32.6%) | loss: 3.197966 | lrm: 0.79 | dt: 161ms | tok/sec: 814,434 | mfu: 25.4% | epoch: 1 | remaining: 202s    
step 00621 (32.6%) | loss: 3.201385 | lrm: 0.79 | dt: 161ms | tok/sec: 814,938 | mfu: 25.4% | epoch: 1 | remaining: 202s    
step 00622 (32.7%) | loss: 3.196512 | lrm: 0.79 | dt: 161ms | tok/sec: 815,223 | mfu: 25.4% | epoch: 1 | remaining: 202s    
step 00623 (32.8%) | loss: 3.194795 | lrm: 0.79 | dt: 161ms | tok/sec: 815,408 | mfu: 25.4% | epoch: 1 | remaining: 202s    
step 00624 (32.8%) | loss: 3.190127 | lrm: 0.79 | dt: 161ms | tok/sec: 815,470 | mfu: 25.4% | epoch: 1 | remaining: 201s    
step 00625 (32.9%) | loss: 3.190645 | lrm: 0.79 | dt: 161ms | tok/sec: 815,606 | mfu: 25.4% | epoch: 1 | remaining: 201s    
step 00626 (32.9%) | loss: 3.188434 | lrm: 0.79 | dt: 161ms | tok/sec: 815,588 | mfu: 25.4% | epoch: 1 | remaining: 201s    
step 00627 (33.0%) | loss: 3.186456 | lrm: 0.79 | dt: 161ms | tok/sec: 815,488 | mfu: 25.4% | epoch: 1 | remaining: 201s    
step 00628 (33.0%) | loss: 3.182621 | lrm: 0.79 | dt: 161ms | tok/sec: 815,665 | mfu: 25.4% | epoch: 1 | remaining: 201s    
step 00629 (33.1%) | loss: 3.180392 | lrm: 0.79 | dt: 161ms | tok/sec: 815,322 | mfu: 25.4% | epoch: 1 | remaining: 201s    
step 00630 (33.1%) | loss: 3.183469 | lrm: 0.79 | dt: 161ms | tok/sec: 814,911 | mfu: 25.4% | epoch: 1 | remaining: 200s    
step 00631 (33.2%) | loss: 3.181269 | lrm: 0.79 | dt: 161ms | tok/sec: 815,354 | mfu: 25.4% | epoch: 1 | remaining: 200s    
step 00632 (33.2%) | loss: 3.178098 | lrm: 0.79 | dt: 161ms | tok/sec: 815,311 | mfu: 25.4% | epoch: 1 | remaining: 200s    
step 00633 (33.3%) | loss: 3.176015 | lrm: 0.78 | dt: 161ms | tok/sec: 815,454 | mfu: 25.4% | epoch: 1 | remaining: 200s    
step 00634 (33.3%) | loss: 3.174277 | lrm: 0.78 | dt: 161ms | tok/sec: 815,336 | mfu: 25.4% | epoch: 1 | remaining: 200s    
step 00635 (33.4%) | loss: 3.176414 | lrm: 0.78 | dt: 161ms | tok/sec: 815,118 | mfu: 25.4% | epoch: 1 | remaining: 200s    
step 00636 (33.5%) | loss: 3.176506 | lrm: 0.78 | dt: 161ms | tok/sec: 814,853 | mfu: 25.4% | epoch: 1 | remaining: 199s    
step 00637 (33.5%) | loss: 3.178851 | lrm: 0.78 | dt: 161ms | tok/sec: 815,088 | mfu: 25.4% | epoch: 1 | remaining: 199s    
step 00638 (33.6%) | loss: 3.177244 | lrm: 0.78 | dt: 161ms | tok/sec: 815,025 | mfu: 25.4% | epoch: 1 | remaining: 199s    
step 00639 (33.6%) | loss: 3.175645 | lrm: 0.78 | dt: 161ms | tok/sec: 815,453 | mfu: 25.4% | epoch: 1 | remaining: 199s    
step 00640 (33.7%) | loss: 3.172414 | lrm: 0.78 | dt: 161ms | tok/sec: 815,433 | mfu: 25.4% | epoch: 1 | remaining: 199s    
step 00641 (33.7%) | loss: 3.168012 | lrm: 0.78 | dt: 161ms | tok/sec: 815,510 | mfu: 25.4% | epoch: 1 | remaining: 199s    
step 00642 (33.8%) | loss: 3.163309 | lrm: 0.78 | dt: 161ms | tok/sec: 815,275 | mfu: 25.4% | epoch: 1 | remaining: 199s    
step 00643 (33.8%) | loss: 3.162693 | lrm: 0.78 | dt: 161ms | tok/sec: 815,423 | mfu: 25.4% | epoch: 1 | remaining: 198s    
step 00644 (33.9%) | loss: 3.163585 | lrm: 0.78 | dt: 161ms | tok/sec: 815,688 | mfu: 25.4% | epoch: 1 | remaining: 198s    
step 00645 (33.9%) | loss: 3.168026 | lrm: 0.78 | dt: 161ms | tok/sec: 815,744 | mfu: 25.4% | epoch: 1 | remaining: 198s    
step 00646 (34.0%) | loss: 3.164889 | lrm: 0.78 | dt: 161ms | tok/sec: 815,436 | mfu: 25.4% | epoch: 1 | remaining: 198s    
step 00647 (34.0%) | loss: 3.165319 | lrm: 0.78 | dt: 161ms | tok/sec: 815,574 | mfu: 25.4% | epoch: 1 | remaining: 198s    
step 00648 (34.1%) | loss: 3.163732 | lrm: 0.78 | dt: 161ms | tok/sec: 815,651 | mfu: 25.4% | epoch: 1 | remaining: 198s    
step 00649 (34.1%) | loss: 3.166370 | lrm: 0.77 | dt: 161ms | tok/sec: 815,450 | mfu: 25.4% | epoch: 1 | remaining: 197s    
step 00650 (34.2%) | loss: 3.162626 | lrm: 0.77 | dt: 161ms | tok/sec: 815,604 | mfu: 25.4% | epoch: 1 | remaining: 197s    
step 00651 (34.3%) | loss: 3.164936 | lrm: 0.77 | dt: 161ms | tok/sec: 815,551 | mfu: 25.4% | epoch: 1 | remaining: 197s    
step 00652 (34.3%) | loss: 3.169941 | lrm: 0.77 | dt: 161ms | tok/sec: 815,483 | mfu: 25.4% | epoch: 1 | remaining: 197s    
step 00653 (34.4%) | loss: 3.172127 | lrm: 0.77 | dt: 161ms | tok/sec: 815,296 | mfu: 25.4% | epoch: 1 | remaining: 197s    
step 00654 (34.4%) | loss: 3.172997 | lrm: 0.77 | dt: 161ms | tok/sec: 815,461 | mfu: 25.4% | epoch: 1 | remaining: 197s    
step 00655 (34.5%) | loss: 3.166152 | lrm: 0.77 | dt: 161ms | tok/sec: 815,350 | mfu: 25.4% | epoch: 1 | remaining: 196s    
step 00656 (34.5%) | loss: 3.159943 | lrm: 0.77 | dt: 161ms | tok/sec: 815,404 | mfu: 25.4% | epoch: 1 | remaining: 196s    
step 00657 (34.6%) | loss: 3.161711 | lrm: 0.77 | dt: 161ms | tok/sec: 815,517 | mfu: 25.4% | epoch: 1 | remaining: 196s    
step 00658 (34.6%) | loss: 3.162097 | lrm: 0.77 | dt: 161ms | tok/sec: 815,442 | mfu: 25.4% | epoch: 1 | remaining: 196s    
step 00659 (34.7%) | loss: 3.162432 | lrm: 0.77 | dt: 161ms | tok/sec: 815,496 | mfu: 25.4% | epoch: 1 | remaining: 196s    
step 00660 (34.7%) | loss: 3.165998 | lrm: 0.77 | dt: 161ms | tok/sec: 815,458 | mfu: 25.4% | epoch: 1 | remaining: 196s    
step 00661 (34.8%) | loss: 3.166837 | lrm: 0.77 | dt: 161ms | tok/sec: 815,484 | mfu: 25.4% | epoch: 1 | remaining: 195s    
step 00662 (34.8%) | loss: 3.165848 | lrm: 0.77 | dt: 161ms | tok/sec: 815,285 | mfu: 25.4% | epoch: 1 | remaining: 195s    
step 00663 (34.9%) | loss: 3.161287 | lrm: 0.77 | dt: 161ms | tok/sec: 814,780 | mfu: 25.4% | epoch: 1 | remaining: 195s    
step 00664 (35.0%) | loss: 3.168514 | lrm: 0.77 | dt: 161ms | tok/sec: 814,943 | mfu: 25.4% | epoch: 1 | remaining: 195s    
step 00665 (35.0%) | loss: 3.162746 | lrm: 0.76 | dt: 161ms | tok/sec: 815,264 | mfu: 25.4% | epoch: 1 | remaining: 195s    
step 00666 (35.1%) | loss: 3.161412 | lrm: 0.76 | dt: 161ms | tok/sec: 815,320 | mfu: 25.4% | epoch: 1 | remaining: 195s    
step 00667 (35.1%) | loss: 3.160552 | lrm: 0.76 | dt: 161ms | tok/sec: 815,599 | mfu: 25.4% | epoch: 1 | remaining: 194s    
step 00668 (35.2%) | loss: 3.160061 | lrm: 0.76 | dt: 161ms | tok/sec: 815,326 | mfu: 25.4% | epoch: 1 | remaining: 194s    
step 00669 (35.2%) | loss: 3.158930 | lrm: 0.76 | dt: 161ms | tok/sec: 815,518 | mfu: 25.4% | epoch: 1 | remaining: 194s    
step 00670 (35.3%) | loss: 3.159535 | lrm: 0.76 | dt: 161ms | tok/sec: 815,227 | mfu: 25.4% | epoch: 1 | remaining: 194s    
step 00671 (35.3%) | loss: 3.159896 | lrm: 0.76 | dt: 161ms | tok/sec: 815,187 | mfu: 25.4% | epoch: 1 | remaining: 194s    
step 00672 (35.4%) | loss: 3.161009 | lrm: 0.76 | dt: 161ms | tok/sec: 814,892 | mfu: 25.4% | epoch: 1 | remaining: 194s    
step 00673 (35.4%) | loss: 3.158346 | lrm: 0.76 | dt: 161ms | tok/sec: 815,095 | mfu: 25.4% | epoch: 1 | remaining: 194s    
step 00674 (35.5%) | loss: 3.163283 | lrm: 0.76 | dt: 161ms | tok/sec: 815,529 | mfu: 25.4% | epoch: 1 | remaining: 193s    
step 00675 (35.5%) | loss: 3.163191 | lrm: 0.76 | dt: 161ms | tok/sec: 815,421 | mfu: 25.4% | epoch: 1 | remaining: 193s    
step 00676 (35.6%) | loss: 3.161456 | lrm: 0.76 | dt: 161ms | tok/sec: 815,563 | mfu: 25.4% | epoch: 1 | remaining: 193s    
step 00677 (35.7%) | loss: 3.163169 | lrm: 0.76 | dt: 161ms | tok/sec: 815,265 | mfu: 25.4% | epoch: 1 | remaining: 193s    
step 00678 (35.7%) | loss: 3.171168 | lrm: 0.76 | dt: 161ms | tok/sec: 815,617 | mfu: 25.4% | epoch: 1 | remaining: 193s    
step 00679 (35.8%) | loss: 3.173493 | lrm: 0.76 | dt: 161ms | tok/sec: 815,142 | mfu: 25.4% | epoch: 1 | remaining: 193s    
step 00680 (35.8%) | loss: 3.170846 | lrm: 0.76 | dt: 161ms | tok/sec: 815,380 | mfu: 25.4% | epoch: 1 | remaining: 192s    
step 00681 (35.9%) | loss: 3.164993 | lrm: 0.75 | dt: 161ms | tok/sec: 815,507 | mfu: 25.4% | epoch: 1 | remaining: 192s    
step 00682 (35.9%) | loss: 3.170215 | lrm: 0.75 | dt: 161ms | tok/sec: 815,487 | mfu: 25.4% | epoch: 1 | remaining: 192s    
step 00683 (36.0%) | loss: 3.172310 | lrm: 0.75 | dt: 161ms | tok/sec: 815,166 | mfu: 25.4% | epoch: 1 | remaining: 192s    
step 00684 (36.0%) | loss: 3.165563 | lrm: 0.75 | dt: 161ms | tok/sec: 815,390 | mfu: 25.4% | epoch: 1 | remaining: 192s    
step 00685 (36.1%) | loss: 3.160264 | lrm: 0.75 | dt: 161ms | tok/sec: 815,396 | mfu: 25.4% | epoch: 1 | remaining: 192s    
step 00686 (36.1%) | loss: 3.160579 | lrm: 0.75 | dt: 161ms | tok/sec: 815,297 | mfu: 25.4% | epoch: 1 | remaining: 191s    
step 00687 (36.2%) | loss: 3.153836 | lrm: 0.75 | dt: 161ms | tok/sec: 815,533 | mfu: 25.4% | epoch: 1 | remaining: 191s    
step 00688 (36.2%) | loss: 3.158790 | lrm: 0.75 | dt: 161ms | tok/sec: 815,290 | mfu: 25.4% | epoch: 1 | remaining: 191s    
step 00689 (36.3%) | loss: 3.154764 | lrm: 0.75 | dt: 161ms | tok/sec: 815,636 | mfu: 25.4% | epoch: 1 | remaining: 191s    
step 00690 (36.3%) | loss: 3.157923 | lrm: 0.75 | dt: 161ms | tok/sec: 815,138 | mfu: 25.4% | epoch: 1 | remaining: 191s    
step 00691 (36.4%) | loss: 3.161249 | lrm: 0.75 | dt: 161ms | tok/sec: 815,199 | mfu: 25.4% | epoch: 1 | remaining: 191s    
step 00692 (36.5%) | loss: 3.162726 | lrm: 0.75 | dt: 161ms | tok/sec: 815,246 | mfu: 25.4% | epoch: 1 | remaining: 190s    
step 00693 (36.5%) | loss: 3.162130 | lrm: 0.75 | dt: 161ms | tok/sec: 815,354 | mfu: 25.4% | epoch: 1 | remaining: 190s    
step 00694 (36.6%) | loss: 3.162494 | lrm: 0.75 | dt: 161ms | tok/sec: 815,189 | mfu: 25.4% | epoch: 1 | remaining: 190s    
step 00695 (36.6%) | loss: 3.160777 | lrm: 0.75 | dt: 161ms | tok/sec: 814,841 | mfu: 25.4% | epoch: 1 | remaining: 190s    
step 00696 (36.7%) | loss: 3.154986 | lrm: 0.75 | dt: 161ms | tok/sec: 815,356 | mfu: 25.4% | epoch: 1 | remaining: 190s    
step 00697 (36.7%) | loss: 3.156825 | lrm: 0.74 | dt: 161ms | tok/sec: 814,786 | mfu: 25.4% | epoch: 1 | remaining: 190s    
step 00698 (36.8%) | loss: 3.152588 | lrm: 0.74 | dt: 161ms | tok/sec: 814,798 | mfu: 25.4% | epoch: 1 | remaining: 190s    
step 00699 (36.8%) | loss: 3.154081 | lrm: 0.74 | dt: 161ms | tok/sec: 815,454 | mfu: 25.4% | epoch: 1 | remaining: 189s    
step 00700 (36.9%) | loss: 3.156118 | lrm: 0.74 | dt: 161ms | tok/sec: 815,313 | mfu: 25.4% | epoch: 1 | remaining: 189s    
step 00701 (36.9%) | loss: 3.155946 | lrm: 0.74 | dt: 161ms | tok/sec: 815,339 | mfu: 25.4% | epoch: 1 | remaining: 189s    
step 00702 (37.0%) | loss: 3.154697 | lrm: 0.74 | dt: 161ms | tok/sec: 815,558 | mfu: 25.4% | epoch: 1 | remaining: 189s    
step 00703 (37.0%) | loss: 3.143879 | lrm: 0.74 | dt: 161ms | tok/sec: 815,190 | mfu: 25.4% | epoch: 1 | remaining: 189s    
step 00704 (37.1%) | loss: 3.142614 | lrm: 0.74 | dt: 161ms | tok/sec: 815,112 | mfu: 25.4% | epoch: 1 | remaining: 189s    
step 00705 (37.2%) | loss: 3.141305 | lrm: 0.74 | dt: 161ms | tok/sec: 815,438 | mfu: 25.4% | epoch: 1 | remaining: 188s    
step 00706 (37.2%) | loss: 3.152672 | lrm: 0.74 | dt: 161ms | tok/sec: 815,280 | mfu: 25.4% | epoch: 1 | remaining: 188s    
step 00707 (37.3%) | loss: 3.152933 | lrm: 0.74 | dt: 161ms | tok/sec: 815,118 | mfu: 25.4% | epoch: 1 | remaining: 188s    
step 00708 (37.3%) | loss: 3.155092 | lrm: 0.74 | dt: 161ms | tok/sec: 815,126 | mfu: 25.4% | epoch: 1 | remaining: 188s    
step 00709 (37.4%) | loss: 3.153352 | lrm: 0.74 | dt: 161ms | tok/sec: 815,079 | mfu: 25.4% | epoch: 1 | remaining: 188s    
step 00710 (37.4%) | loss: 3.147624 | lrm: 0.74 | dt: 161ms | tok/sec: 815,293 | mfu: 25.4% | epoch: 1 | remaining: 188s    
step 00711 (37.5%) | loss: 3.137595 | lrm: 0.74 | dt: 161ms | tok/sec: 814,940 | mfu: 25.4% | epoch: 1 | remaining: 187s    
step 00712 (37.5%) | loss: 3.139581 | lrm: 0.73 | dt: 161ms | tok/sec: 815,122 | mfu: 25.4% | epoch: 1 | remaining: 187s    
step 00713 (37.6%) | loss: 3.138877 | lrm: 0.73 | dt: 161ms | tok/sec: 815,199 | mfu: 25.4% | epoch: 1 | remaining: 187s    
step 00714 (37.6%) | loss: 3.134120 | lrm: 0.73 | dt: 161ms | tok/sec: 814,320 | mfu: 25.4% | epoch: 1 | remaining: 187s    
step 00715 (37.7%) | loss: 3.138751 | lrm: 0.73 | dt: 161ms | tok/sec: 815,082 | mfu: 25.4% | epoch: 1 | remaining: 187s    
step 00716 (37.7%) | loss: 3.145119 | lrm: 0.73 | dt: 161ms | tok/sec: 814,159 | mfu: 25.4% | epoch: 1 | remaining: 187s    
step 00717 (37.8%) | loss: 3.144335 | lrm: 0.73 | dt: 161ms | tok/sec: 813,910 | mfu: 25.4% | epoch: 1 | remaining: 186s    
step 00718 (37.8%) | loss: 3.146702 | lrm: 0.73 | dt: 161ms | tok/sec: 814,092 | mfu: 25.4% | epoch: 1 | remaining: 186s    
step 00719 (37.9%) | loss: 3.142458 | lrm: 0.73 | dt: 161ms | tok/sec: 813,597 | mfu: 25.3% | epoch: 1 | remaining: 186s    
step 00720 (38.0%) | loss: 3.142324 | lrm: 0.73 | dt: 161ms | tok/sec: 814,345 | mfu: 25.4% | epoch: 1 | remaining: 186s    
step 00721 (38.0%) | loss: 3.139523 | lrm: 0.73 | dt: 161ms | tok/sec: 814,190 | mfu: 25.4% | epoch: 1 | remaining: 186s    
step 00722 (38.1%) | loss: 3.132262 | lrm: 0.73 | dt: 161ms | tok/sec: 814,126 | mfu: 25.4% | epoch: 1 | remaining: 186s    
step 00723 (38.1%) | loss: 3.126402 | lrm: 0.73 | dt: 161ms | tok/sec: 814,555 | mfu: 25.4% | epoch: 1 | remaining: 185s    
step 00724 (38.2%) | loss: 3.130641 | lrm: 0.73 | dt: 161ms | tok/sec: 814,845 | mfu: 25.4% | epoch: 1 | remaining: 185s    
step 00725 (38.2%) | loss: 3.130493 | lrm: 0.73 | dt: 161ms | tok/sec: 814,760 | mfu: 25.4% | epoch: 1 | remaining: 185s    
step 00726 (38.3%) | loss: 3.123344 | lrm: 0.73 | dt: 161ms | tok/sec: 815,082 | mfu: 25.4% | epoch: 1 | remaining: 185s    
step 00727 (38.3%) | loss: 3.125613 | lrm: 0.73 | dt: 161ms | tok/sec: 815,298 | mfu: 25.4% | epoch: 1 | remaining: 185s    
step 00728 (38.4%) | loss: 3.124264 | lrm: 0.72 | dt: 161ms | tok/sec: 815,048 | mfu: 25.4% | epoch: 1 | remaining: 185s    
step 00729 (38.4%) | loss: 3.122975 | lrm: 0.72 | dt: 161ms | tok/sec: 815,004 | mfu: 25.4% | epoch: 1 | remaining: 185s    
step 00730 (38.5%) | loss: 3.126686 | lrm: 0.72 | dt: 161ms | tok/sec: 814,916 | mfu: 25.4% | epoch: 1 | remaining: 184s    
step 00731 (38.5%) | loss: 3.127132 | lrm: 0.72 | dt: 161ms | tok/sec: 815,182 | mfu: 25.4% | epoch: 1 | remaining: 184s    
step 00732 (38.6%) | loss: 3.121271 | lrm: 0.72 | dt: 161ms | tok/sec: 815,250 | mfu: 25.4% | epoch: 1 | remaining: 184s    
step 00733 (38.7%) | loss: 3.116742 | lrm: 0.72 | dt: 161ms | tok/sec: 815,246 | mfu: 25.4% | epoch: 1 | remaining: 184s    
step 00734 (38.7%) | loss: 3.123130 | lrm: 0.72 | dt: 161ms | tok/sec: 815,108 | mfu: 25.4% | epoch: 1 | remaining: 184s    
step 00735 (38.8%) | loss: 3.120064 | lrm: 0.72 | dt: 161ms | tok/sec: 815,010 | mfu: 25.4% | epoch: 1 | remaining: 184s    
step 00736 (38.8%) | loss: 3.117405 | lrm: 0.72 | dt: 161ms | tok/sec: 815,146 | mfu: 25.4% | epoch: 1 | remaining: 183s    
step 00737 (38.9%) | loss: 3.111669 | lrm: 0.72 | dt: 161ms | tok/sec: 815,049 | mfu: 25.4% | epoch: 1 | remaining: 183s    
step 00738 (38.9%) | loss: 3.105745 | lrm: 0.72 | dt: 161ms | tok/sec: 814,510 | mfu: 25.4% | epoch: 1 | remaining: 183s    
step 00739 (39.0%) | loss: 3.102190 | lrm: 0.72 | dt: 161ms | tok/sec: 814,624 | mfu: 25.4% | epoch: 1 | remaining: 183s    
step 00740 (39.0%) | loss: 3.100668 | lrm: 0.72 | dt: 161ms | tok/sec: 814,862 | mfu: 25.4% | epoch: 1 | remaining: 183s    
step 00741 (39.1%) | loss: 3.108415 | lrm: 0.72 | dt: 161ms | tok/sec: 814,640 | mfu: 25.4% | epoch: 1 | remaining: 183s    
step 00742 (39.1%) | loss: 3.115021 | lrm: 0.72 | dt: 161ms | tok/sec: 814,844 | mfu: 25.4% | epoch: 1 | remaining: 182s    
step 00743 (39.2%) | loss: 3.117198 | lrm: 0.72 | dt: 161ms | tok/sec: 814,770 | mfu: 25.4% | epoch: 1 | remaining: 182s    
step 00744 (39.2%) | loss: 3.116089 | lrm: 0.71 | dt: 161ms | tok/sec: 814,841 | mfu: 25.4% | epoch: 1 | remaining: 182s    
step 00745 (39.3%) | loss: 3.114745 | lrm: 0.71 | dt: 161ms | tok/sec: 814,711 | mfu: 25.4% | epoch: 1 | remaining: 182s    
step 00746 (39.3%) | loss: 3.114223 | lrm: 0.71 | dt: 161ms | tok/sec: 815,002 | mfu: 25.4% | epoch: 1 | remaining: 182s    
step 00747 (39.4%) | loss: 3.114974 | lrm: 0.71 | dt: 161ms | tok/sec: 815,048 | mfu: 25.4% | epoch: 1 | remaining: 182s    
step 00748 (39.5%) | loss: 3.115944 | lrm: 0.71 | dt: 161ms | tok/sec: 814,964 | mfu: 25.4% | epoch: 1 | remaining: 181s    
step 00749 (39.5%) | loss: 3.108287 | lrm: 0.71 | dt: 161ms | tok/sec: 814,906 | mfu: 25.4% | epoch: 1 | remaining: 181s    
step 00750 (39.6%) | loss: 3.111261 | lrm: 0.71 | dt: 161ms | tok/sec: 814,862 | mfu: 25.4% | epoch: 1 | remaining: 181s    
step 00751 (39.6%) | loss: 3.104438 | lrm: 0.71 | dt: 161ms | tok/sec: 814,817 | mfu: 25.4% | epoch: 1 | remaining: 181s    
step 00752 (39.7%) | loss: 3.107568 | lrm: 0.71 | dt: 161ms | tok/sec: 812,951 | mfu: 25.3% | epoch: 1 | remaining: 181s    
step 00753 (39.7%) | loss: 3.103151 | lrm: 0.71 | dt: 161ms | tok/sec: 814,471 | mfu: 25.4% | epoch: 1 | remaining: 181s    
step 00754 (39.8%) | loss: 3.102951 | lrm: 0.71 | dt: 161ms | tok/sec: 814,741 | mfu: 25.4% | epoch: 1 | remaining: 181s    
step 00755 (39.8%) | loss: 3.097179 | lrm: 0.71 | dt: 161ms | tok/sec: 814,963 | mfu: 25.4% | epoch: 1 | remaining: 180s    
step 00756 (39.9%) | loss: 3.099237 | lrm: 0.71 | dt: 161ms | tok/sec: 814,512 | mfu: 25.4% | epoch: 1 | remaining: 180s    
step 00757 (39.9%) | loss: 3.103661 | lrm: 0.71 | dt: 161ms | tok/sec: 812,912 | mfu: 25.3% | epoch: 1 | remaining: 180s    
step 00758 (40.0%) | loss: 3.108806 | lrm: 0.71 | dt: 161ms | tok/sec: 814,221 | mfu: 25.4% | epoch: 1 | remaining: 180s    
step 00759 (40.0%) | loss: 3.118267 | lrm: 0.71 | dt: 161ms | tok/sec: 814,683 | mfu: 25.4% | epoch: 1 | remaining: 180s    
step 00760 (40.1%) | loss: 3.118291 | lrm: 0.70 | dt: 161ms | tok/sec: 814,725 | mfu: 25.4% | epoch: 1 | remaining: 180s    
step 00761 (40.2%) | loss: 3.117214 | lrm: 0.70 | dt: 161ms | tok/sec: 814,579 | mfu: 25.4% | epoch: 1 | remaining: 179s    
step 00762 (40.2%) | loss: 3.121757 | lrm: 0.70 | dt: 161ms | tok/sec: 813,775 | mfu: 25.4% | epoch: 1 | remaining: 179s    
step 00763 (40.3%) | loss: 3.121243 | lrm: 0.70 | dt: 161ms | tok/sec: 814,678 | mfu: 25.4% | epoch: 1 | remaining: 179s    
step 00764 (40.3%) | loss: 3.123207 | lrm: 0.70 | dt: 161ms | tok/sec: 814,597 | mfu: 25.4% | epoch: 1 | remaining: 179s    
step 00765 (40.4%) | loss: 3.121794 | lrm: 0.70 | dt: 161ms | tok/sec: 814,963 | mfu: 25.4% | epoch: 1 | remaining: 179s    
step 00766 (40.4%) | loss: 3.126531 | lrm: 0.70 | dt: 161ms | tok/sec: 814,735 | mfu: 25.4% | epoch: 1 | remaining: 179s    
step 00767 (40.5%) | loss: 3.122625 | lrm: 0.70 | dt: 161ms | tok/sec: 814,852 | mfu: 25.4% | epoch: 1 | remaining: 178s    
step 00768 (40.5%) | loss: 3.121764 | lrm: 0.70 | dt: 161ms | tok/sec: 814,989 | mfu: 25.4% | epoch: 1 | remaining: 178s    
step 00769 (40.6%) | loss: 3.124983 | lrm: 0.70 | dt: 161ms | tok/sec: 815,099 | mfu: 25.4% | epoch: 1 | remaining: 178s    
step 00770 (40.6%) | loss: 3.123226 | lrm: 0.70 | dt: 161ms | tok/sec: 814,717 | mfu: 25.4% | epoch: 1 | remaining: 178s    
step 00771 (40.7%) | loss: 3.123943 | lrm: 0.70 | dt: 161ms | tok/sec: 814,480 | mfu: 25.4% | epoch: 1 | remaining: 178s    
step 00772 (40.7%) | loss: 3.114831 | lrm: 0.70 | dt: 161ms | tok/sec: 814,515 | mfu: 25.4% | epoch: 1 | remaining: 178s    
step 00773 (40.8%) | loss: 3.113757 | lrm: 0.70 | dt: 161ms | tok/sec: 814,804 | mfu: 25.4% | epoch: 1 | remaining: 177s    
step 00774 (40.9%) | loss: 3.111508 | lrm: 0.70 | dt: 161ms | tok/sec: 814,593 | mfu: 25.4% | epoch: 1 | remaining: 177s    
step 00775 (40.9%) | loss: 3.115800 | lrm: 0.70 | dt: 161ms | tok/sec: 814,730 | mfu: 25.4% | epoch: 1 | remaining: 177s    
step 00776 (41.0%) | loss: 3.110939 | lrm: 0.69 | dt: 161ms | tok/sec: 814,780 | mfu: 25.4% | epoch: 1 | remaining: 177s    
step 00777 (41.0%) | loss: 3.108221 | lrm: 0.69 | dt: 161ms | tok/sec: 814,785 | mfu: 25.4% | epoch: 1 | remaining: 177s    
step 00778 (41.1%) | loss: 3.104476 | lrm: 0.69 | dt: 161ms | tok/sec: 814,578 | mfu: 25.4% | epoch: 1 | remaining: 177s    
step 00779 (41.1%) | loss: 3.098449 | lrm: 0.69 | dt: 161ms | tok/sec: 814,954 | mfu: 25.4% | epoch: 1 | remaining: 176s    
step 00780 (41.2%) | loss: 3.106061 | lrm: 0.69 | dt: 161ms | tok/sec: 814,542 | mfu: 25.4% | epoch: 1 | remaining: 176s    
step 00781 (41.2%) | loss: 3.103894 | lrm: 0.69 | dt: 161ms | tok/sec: 814,754 | mfu: 25.4% | epoch: 1 | remaining: 176s    
step 00782 (41.3%) | loss: 3.101307 | lrm: 0.69 | dt: 161ms | tok/sec: 814,636 | mfu: 25.4% | epoch: 1 | remaining: 176s    
step 00783 (41.3%) | loss: 3.106739 | lrm: 0.69 | dt: 161ms | tok/sec: 814,648 | mfu: 25.4% | epoch: 1 | remaining: 176s    
step 00784 (41.4%) | loss: 3.109704 | lrm: 0.69 | dt: 161ms | tok/sec: 814,714 | mfu: 25.4% | epoch: 1 | remaining: 176s    
step 00785 (41.4%) | loss: 3.104822 | lrm: 0.69 | dt: 161ms | tok/sec: 814,648 | mfu: 25.4% | epoch: 1 | remaining: 176s    
step 00786 (41.5%) | loss: 3.108155 | lrm: 0.69 | dt: 161ms | tok/sec: 814,742 | mfu: 25.4% | epoch: 1 | remaining: 175s    
step 00787 (41.5%) | loss: 3.109788 | lrm: 0.69 | dt: 161ms | tok/sec: 814,847 | mfu: 25.4% | epoch: 1 | remaining: 175s    
step 00788 (41.6%) | loss: 3.107890 | lrm: 0.69 | dt: 161ms | tok/sec: 814,663 | mfu: 25.4% | epoch: 1 | remaining: 175s    
step 00789 (41.7%) | loss: 3.108832 | lrm: 0.69 | dt: 161ms | tok/sec: 815,087 | mfu: 25.4% | epoch: 1 | remaining: 175s    
step 00790 (41.7%) | loss: 3.110274 | lrm: 0.69 | dt: 161ms | tok/sec: 815,016 | mfu: 25.4% | epoch: 1 | remaining: 175s    
step 00791 (41.8%) | loss: 3.109116 | lrm: 0.69 | dt: 161ms | tok/sec: 814,944 | mfu: 25.4% | epoch: 1 | remaining: 175s    
step 00792 (41.8%) | loss: 3.108115 | lrm: 0.68 | dt: 161ms | tok/sec: 814,962 | mfu: 25.4% | epoch: 1 | remaining: 174s    
step 00793 (41.9%) | loss: 3.114263 | lrm: 0.68 | dt: 161ms | tok/sec: 814,792 | mfu: 25.4% | epoch: 1 | remaining: 174s    
step 00794 (41.9%) | loss: 3.113219 | lrm: 0.68 | dt: 161ms | tok/sec: 814,618 | mfu: 25.4% | epoch: 1 | remaining: 174s    
step 00795 (42.0%) | loss: 3.096922 | lrm: 0.68 | dt: 161ms | tok/sec: 814,389 | mfu: 25.4% | epoch: 1 | remaining: 174s    
step 00796 (42.0%) | loss: 3.091366 | lrm: 0.68 | dt: 161ms | tok/sec: 814,251 | mfu: 25.4% | epoch: 1 | remaining: 174s    
step 00797 (42.1%) | loss: 3.093383 | lrm: 0.68 | dt: 161ms | tok/sec: 814,146 | mfu: 25.4% | epoch: 1 | remaining: 174s    
step 00798 (42.1%) | loss: 3.095699 | lrm: 0.68 | dt: 161ms | tok/sec: 813,207 | mfu: 25.3% | epoch: 1 | remaining: 173s    
step 00799 (42.2%) | loss: 3.092220 | lrm: 0.68 | dt: 161ms | tok/sec: 814,131 | mfu: 25.4% | epoch: 1 | remaining: 173s    
step 00800 (42.2%) | loss: 3.091959 | lrm: 0.68 | dt: 161ms | tok/sec: 814,465 | mfu: 25.4% | epoch: 1 | remaining: 173s    
step 00801 (42.3%) | loss: 3.089939 | lrm: 0.68 | dt: 161ms | tok/sec: 814,282 | mfu: 25.4% | epoch: 1 | remaining: 173s    
step 00802 (42.4%) | loss: 3.090344 | lrm: 0.68 | dt: 161ms | tok/sec: 814,132 | mfu: 25.4% | epoch: 1 | remaining: 173s    
step 00803 (42.4%) | loss: 3.090621 | lrm: 0.68 | dt: 161ms | tok/sec: 813,022 | mfu: 25.3% | epoch: 1 | remaining: 173s    
step 00804 (42.5%) | loss: 3.092445 | lrm: 0.68 | dt: 161ms | tok/sec: 812,419 | mfu: 25.3% | epoch: 1 | remaining: 172s    
step 00805 (42.5%) | loss: 3.096026 | lrm: 0.68 | dt: 161ms | tok/sec: 813,874 | mfu: 25.4% | epoch: 1 | remaining: 172s    
step 00806 (42.6%) | loss: 3.094439 | lrm: 0.68 | dt: 161ms | tok/sec: 812,709 | mfu: 25.3% | epoch: 1 | remaining: 172s    
step 00807 (42.6%) | loss: 3.097137 | lrm: 0.68 | dt: 161ms | tok/sec: 813,945 | mfu: 25.4% | epoch: 1 | remaining: 172s    
step 00808 (42.7%) | loss: 3.100443 | lrm: 0.67 | dt: 161ms | tok/sec: 813,970 | mfu: 25.4% | epoch: 1 | remaining: 172s    
step 00809 (42.7%) | loss: 3.095756 | lrm: 0.67 | dt: 161ms | tok/sec: 814,355 | mfu: 25.4% | epoch: 1 | remaining: 172s    
step 00810 (42.8%) | loss: 3.095382 | lrm: 0.67 | dt: 161ms | tok/sec: 814,506 | mfu: 25.4% | epoch: 1 | remaining: 171s    
step 00811 (42.8%) | loss: 3.100026 | lrm: 0.67 | dt: 161ms | tok/sec: 814,484 | mfu: 25.4% | epoch: 1 | remaining: 171s    
step 00812 (42.9%) | loss: 3.098317 | lrm: 0.67 | dt: 161ms | tok/sec: 814,834 | mfu: 25.4% | epoch: 1 | remaining: 171s    
step 00813 (42.9%) | loss: 3.097013 | lrm: 0.67 | dt: 161ms | tok/sec: 814,921 | mfu: 25.4% | epoch: 1 | remaining: 171s    
step 00814 (43.0%) | loss: 3.096462 | lrm: 0.67 | dt: 161ms | tok/sec: 814,902 | mfu: 25.4% | epoch: 1 | remaining: 171s    
step 00815 (43.1%) | loss: 3.094617 | lrm: 0.67 | dt: 161ms | tok/sec: 814,471 | mfu: 25.4% | epoch: 1 | remaining: 171s    
step 00816 (43.1%) | loss: 3.097521 | lrm: 0.67 | dt: 161ms | tok/sec: 814,706 | mfu: 25.4% | epoch: 1 | remaining: 171s    
step 00817 (43.2%) | loss: 3.092758 | lrm: 0.67 | dt: 161ms | tok/sec: 814,642 | mfu: 25.4% | epoch: 1 | remaining: 170s    
step 00818 (43.2%) | loss: 3.085680 | lrm: 0.67 | dt: 161ms | tok/sec: 814,453 | mfu: 25.4% | epoch: 1 | remaining: 170s    
step 00819 (43.3%) | loss: 3.088485 | lrm: 0.67 | dt: 161ms | tok/sec: 814,787 | mfu: 25.4% | epoch: 1 | remaining: 170s    
step 00820 (43.3%) | loss: 3.087264 | lrm: 0.67 | dt: 161ms | tok/sec: 814,771 | mfu: 25.4% | epoch: 1 | remaining: 170s    
step 00821 (43.4%) | loss: 3.089030 | lrm: 0.67 | dt: 161ms | tok/sec: 814,756 | mfu: 25.4% | epoch: 1 | remaining: 170s    
step 00822 (43.4%) | loss: 3.080013 | lrm: 0.67 | dt: 161ms | tok/sec: 814,948 | mfu: 25.4% | epoch: 1 | remaining: 170s    
step 00823 (43.5%) | loss: 3.072917 | lrm: 0.66 | dt: 161ms | tok/sec: 814,731 | mfu: 25.4% | epoch: 1 | remaining: 169s    
step 00824 (43.5%) | loss: 3.073773 | lrm: 0.66 | dt: 161ms | tok/sec: 814,332 | mfu: 25.4% | epoch: 1 | remaining: 169s    
step 00825 (43.6%) | loss: 3.079421 | lrm: 0.66 | dt: 161ms | tok/sec: 812,803 | mfu: 25.3% | epoch: 1 | remaining: 169s    
step 00826 (43.6%) | loss: 3.077423 | lrm: 0.66 | dt: 161ms | tok/sec: 814,568 | mfu: 25.4% | epoch: 1 | remaining: 169s    
step 00827 (43.7%) | loss: 3.078004 | lrm: 0.66 | dt: 161ms | tok/sec: 814,486 | mfu: 25.4% | epoch: 1 | remaining: 169s    
step 00828 (43.7%) | loss: 3.076402 | lrm: 0.66 | dt: 161ms | tok/sec: 814,626 | mfu: 25.4% | epoch: 1 | remaining: 169s    
step 00829 (43.8%) | loss: 3.077326 | lrm: 0.66 | dt: 161ms | tok/sec: 814,792 | mfu: 25.4% | epoch: 1 | remaining: 168s    
step 00830 (43.9%) | loss: 3.078771 | lrm: 0.66 | dt: 161ms | tok/sec: 814,600 | mfu: 25.4% | epoch: 1 | remaining: 168s    
step 00831 (43.9%) | loss: 3.077207 | lrm: 0.66 | dt: 161ms | tok/sec: 814,389 | mfu: 25.4% | epoch: 1 | remaining: 168s    
step 00832 (44.0%) | loss: 3.073308 | lrm: 0.66 | dt: 161ms | tok/sec: 814,701 | mfu: 25.4% | epoch: 1 | remaining: 168s    
step 00833 (44.0%) | loss: 3.077199 | lrm: 0.66 | dt: 161ms | tok/sec: 814,559 | mfu: 25.4% | epoch: 1 | remaining: 168s    
step 00834 (44.1%) | loss: 3.081253 | lrm: 0.66 | dt: 161ms | tok/sec: 814,722 | mfu: 25.4% | epoch: 1 | remaining: 168s    
step 00835 (44.1%) | loss: 3.080212 | lrm: 0.66 | dt: 161ms | tok/sec: 814,957 | mfu: 25.4% | epoch: 1 | remaining: 167s    
step 00836 (44.2%) | loss: 3.078095 | lrm: 0.66 | dt: 161ms | tok/sec: 814,946 | mfu: 25.4% | epoch: 1 | remaining: 167s    
step 00837 (44.2%) | loss: 3.080947 | lrm: 0.66 | dt: 163ms | tok/sec: 803,552 | mfu: 25.0% | epoch: 1 | remaining: 167s    
step 00838 (44.3%) | loss: 3.075496 | lrm: 0.66 | dt: 161ms | tok/sec: 815,252 | mfu: 25.4% | epoch: 1 | remaining: 167s    
step 00839 (44.3%) | loss: 3.077369 | lrm: 0.65 | dt: 161ms | tok/sec: 815,037 | mfu: 25.4% | epoch: 1 | remaining: 167s    
step 00840 (44.4%) | loss: 3.079654 | lrm: 0.65 | dt: 161ms | tok/sec: 815,031 | mfu: 25.4% | epoch: 1 | remaining: 167s    
step 00841 (44.4%) | loss: 3.080080 | lrm: 0.65 | dt: 161ms | tok/sec: 814,913 | mfu: 25.4% | epoch: 1 | remaining: 167s    
step 00842 (44.5%) | loss: 3.080157 | lrm: 0.65 | dt: 161ms | tok/sec: 815,004 | mfu: 25.4% | epoch: 1 | remaining: 166s    
step 00843 (44.6%) | loss: 3.071416 | lrm: 0.65 | dt: 161ms | tok/sec: 814,954 | mfu: 25.4% | epoch: 1 | remaining: 166s    
step 00844 (44.6%) | loss: 3.073837 | lrm: 0.65 | dt: 161ms | tok/sec: 815,374 | mfu: 25.4% | epoch: 1 | remaining: 166s    
step 00845 (44.7%) | loss: 3.070738 | lrm: 0.65 | dt: 161ms | tok/sec: 815,111 | mfu: 25.4% | epoch: 1 | remaining: 166s    
step 00846 (44.7%) | loss: 3.076622 | lrm: 0.65 | dt: 161ms | tok/sec: 814,919 | mfu: 25.4% | epoch: 1 | remaining: 166s    
step 00847 (44.8%) | loss: 3.083221 | lrm: 0.65 | dt: 161ms | tok/sec: 814,849 | mfu: 25.4% | epoch: 1 | remaining: 166s    
step 00848 (44.8%) | loss: 3.087511 | lrm: 0.65 | dt: 161ms | tok/sec: 814,603 | mfu: 25.4% | epoch: 1 | remaining: 165s    
step 00849 (44.9%) | loss: 3.087838 | lrm: 0.65 | dt: 161ms | tok/sec: 814,920 | mfu: 25.4% | epoch: 1 | remaining: 165s    
step 00850 (44.9%) | loss: 3.083654 | lrm: 0.65 | dt: 161ms | tok/sec: 814,502 | mfu: 25.4% | epoch: 1 | remaining: 165s    
step 00851 (45.0%) | loss: 3.078335 | lrm: 0.65 | dt: 161ms | tok/sec: 814,690 | mfu: 25.4% | epoch: 1 | remaining: 165s    
step 00852 (45.0%) | loss: 3.078216 | lrm: 0.65 | dt: 161ms | tok/sec: 814,666 | mfu: 25.4% | epoch: 1 | remaining: 165s    
step 00853 (45.1%) | loss: 3.078440 | lrm: 0.65 | dt: 161ms | tok/sec: 815,430 | mfu: 25.4% | epoch: 1 | remaining: 165s    
step 00854 (45.1%) | loss: 3.075831 | lrm: 0.65 | dt: 161ms | tok/sec: 814,983 | mfu: 25.4% | epoch: 1 | remaining: 164s    
step 00855 (45.2%) | loss: 3.070738 | lrm: 0.64 | dt: 161ms | tok/sec: 814,521 | mfu: 25.4% | epoch: 1 | remaining: 164s    
step 00856 (45.2%) | loss: 3.062919 | lrm: 0.64 | dt: 161ms | tok/sec: 814,900 | mfu: 25.4% | epoch: 1 | remaining: 164s    
step 00857 (45.3%) | loss: 3.065328 | lrm: 0.64 | dt: 161ms | tok/sec: 815,061 | mfu: 25.4% | epoch: 1 | remaining: 164s    
step 00858 (45.4%) | loss: 3.063539 | lrm: 0.64 | dt: 161ms | tok/sec: 815,130 | mfu: 25.4% | epoch: 1 | remaining: 164s    
step 00859 (45.4%) | loss: 3.062486 | lrm: 0.64 | dt: 161ms | tok/sec: 814,960 | mfu: 25.4% | epoch: 1 | remaining: 164s    
step 00860 (45.5%) | loss: 3.064916 | lrm: 0.64 | dt: 161ms | tok/sec: 814,911 | mfu: 25.4% | epoch: 1 | remaining: 163s    
step 00861 (45.5%) | loss: 3.069053 | lrm: 0.64 | dt: 161ms | tok/sec: 815,258 | mfu: 25.4% | epoch: 1 | remaining: 163s    
step 00862 (45.6%) | loss: 3.065617 | lrm: 0.64 | dt: 161ms | tok/sec: 815,245 | mfu: 25.4% | epoch: 1 | remaining: 163s    
step 00863 (45.6%) | loss: 3.066202 | lrm: 0.64 | dt: 161ms | tok/sec: 815,433 | mfu: 25.4% | epoch: 1 | remaining: 163s    
step 00864 (45.7%) | loss: 3.064114 | lrm: 0.64 | dt: 161ms | tok/sec: 815,511 | mfu: 25.4% | epoch: 1 | remaining: 163s    
step 00865 (45.7%) | loss: 3.059292 | lrm: 0.64 | dt: 161ms | tok/sec: 815,407 | mfu: 25.4% | epoch: 1 | remaining: 163s    
step 00866 (45.8%) | loss: 3.063094 | lrm: 0.64 | dt: 161ms | tok/sec: 815,365 | mfu: 25.4% | epoch: 1 | remaining: 162s    
step 00867 (45.8%) | loss: 3.065932 | lrm: 0.64 | dt: 161ms | tok/sec: 815,352 | mfu: 25.4% | epoch: 1 | remaining: 162s    
step 00868 (45.9%) | loss: 3.068346 | lrm: 0.64 | dt: 161ms | tok/sec: 815,374 | mfu: 25.4% | epoch: 1 | remaining: 162s    
step 00869 (45.9%) | loss: 3.072680 | lrm: 0.64 | dt: 161ms | tok/sec: 815,320 | mfu: 25.4% | epoch: 1 | remaining: 162s    
step 00870 (46.0%) | loss: 3.069670 | lrm: 0.64 | dt: 161ms | tok/sec: 815,640 | mfu: 25.4% | epoch: 1 | remaining: 162s    
step 00871 (46.1%) | loss: 3.077924 | lrm: 0.63 | dt: 161ms | tok/sec: 815,463 | mfu: 25.4% | epoch: 1 | remaining: 162s    
step 00872 (46.1%) | loss: 3.080749 | lrm: 0.63 | dt: 161ms | tok/sec: 815,499 | mfu: 25.4% | epoch: 1 | remaining: 162s    
step 00873 (46.2%) | loss: 3.074540 | lrm: 0.63 | dt: 161ms | tok/sec: 815,496 | mfu: 25.4% | epoch: 1 | remaining: 161s    
step 00874 (46.2%) | loss: 3.071321 | lrm: 0.63 | dt: 161ms | tok/sec: 815,204 | mfu: 25.4% | epoch: 1 | remaining: 161s    
step 00875 (46.3%) | loss: 3.072218 | lrm: 0.63 | dt: 161ms | tok/sec: 815,325 | mfu: 25.4% | epoch: 1 | remaining: 161s    
step 00876 (46.3%) | loss: 3.078092 | lrm: 0.63 | dt: 161ms | tok/sec: 815,343 | mfu: 25.4% | epoch: 1 | remaining: 161s    
step 00877 (46.4%) | loss: 3.072728 | lrm: 0.63 | dt: 161ms | tok/sec: 815,435 | mfu: 25.4% | epoch: 1 | remaining: 161s    
step 00878 (46.4%) | loss: 3.071959 | lrm: 0.63 | dt: 161ms | tok/sec: 815,343 | mfu: 25.4% | epoch: 1 | remaining: 161s    
step 00879 (46.5%) | loss: 3.073752 | lrm: 0.63 | dt: 161ms | tok/sec: 815,835 | mfu: 25.4% | epoch: 1 | remaining: 160s    
step 00880 (46.5%) | loss: 3.073740 | lrm: 0.63 | dt: 161ms | tok/sec: 815,563 | mfu: 25.4% | epoch: 1 | remaining: 160s    
step 00881 (46.6%) | loss: 3.074697 | lrm: 0.63 | dt: 161ms | tok/sec: 815,788 | mfu: 25.4% | epoch: 1 | remaining: 160s    
step 00882 (46.6%) | loss: 3.071449 | lrm: 0.63 | dt: 161ms | tok/sec: 815,777 | mfu: 25.4% | epoch: 1 | remaining: 160s    
step 00883 (46.7%) | loss: 3.081002 | lrm: 0.63 | dt: 161ms | tok/sec: 815,620 | mfu: 25.4% | epoch: 1 | remaining: 160s    
step 00884 (46.8%) | loss: 3.078916 | lrm: 0.63 | dt: 161ms | tok/sec: 815,519 | mfu: 25.4% | epoch: 1 | remaining: 160s    
step 00885 (46.8%) | loss: 3.081898 | lrm: 0.63 | dt: 161ms | tok/sec: 815,285 | mfu: 25.4% | epoch: 1 | remaining: 159s    
step 00886 (46.9%) | loss: 3.085410 | lrm: 0.63 | dt: 161ms | tok/sec: 815,494 | mfu: 25.4% | epoch: 1 | remaining: 159s    
step 00887 (46.9%) | loss: 3.086618 | lrm: 0.62 | dt: 161ms | tok/sec: 814,836 | mfu: 25.4% | epoch: 1 | remaining: 159s    
step 00888 (47.0%) | loss: 3.076640 | lrm: 0.62 | dt: 161ms | tok/sec: 814,565 | mfu: 25.4% | epoch: 1 | remaining: 159s    
step 00889 (47.0%) | loss: 3.064672 | lrm: 0.62 | dt: 161ms | tok/sec: 815,190 | mfu: 25.4% | epoch: 1 | remaining: 159s    
step 00890 (47.1%) | loss: 3.063361 | lrm: 0.62 | dt: 161ms | tok/sec: 815,325 | mfu: 25.4% | epoch: 1 | remaining: 159s    
step 00891 (47.1%) | loss: 3.060809 | lrm: 0.62 | dt: 161ms | tok/sec: 815,215 | mfu: 25.4% | epoch: 1 | remaining: 158s    
step 00892 (47.2%) | loss: 3.055421 | lrm: 0.62 | dt: 161ms | tok/sec: 814,980 | mfu: 25.4% | epoch: 1 | remaining: 158s    
step 00893 (47.2%) | loss: 3.057955 | lrm: 0.62 | dt: 161ms | tok/sec: 815,135 | mfu: 25.4% | epoch: 1 | remaining: 158s    
step 00894 (47.3%) | loss: 3.061959 | lrm: 0.62 | dt: 161ms | tok/sec: 815,390 | mfu: 25.4% | epoch: 1 | remaining: 158s    
step 00895 (47.3%) | loss: 3.064334 | lrm: 0.62 | dt: 161ms | tok/sec: 815,398 | mfu: 25.4% | epoch: 1 | remaining: 158s    
step 00896 (47.4%) | loss: 3.061946 | lrm: 0.62 | dt: 161ms | tok/sec: 815,489 | mfu: 25.4% | epoch: 1 | remaining: 158s    
step 00897 (47.4%) | loss: 3.062997 | lrm: 0.62 | dt: 161ms | tok/sec: 815,165 | mfu: 25.4% | epoch: 1 | remaining: 157s    
step 00898 (47.5%) | loss: 3.067691 | lrm: 0.62 | dt: 161ms | tok/sec: 815,326 | mfu: 25.4% | epoch: 1 | remaining: 157s    
step 00899 (47.6%) | loss: 3.064100 | lrm: 0.62 | dt: 161ms | tok/sec: 815,502 | mfu: 25.4% | epoch: 1 | remaining: 157s    
step 00900 (47.6%) | loss: 3.069699 | lrm: 0.62 | dt: 161ms | tok/sec: 815,420 | mfu: 25.4% | epoch: 1 | remaining: 157s    
step 00901 (47.7%) | loss: 3.066545 | lrm: 0.62 | dt: 161ms | tok/sec: 815,398 | mfu: 25.4% | epoch: 1 | remaining: 157s    
step 00902 (47.7%) | loss: 3.072919 | lrm: 0.62 | dt: 161ms | tok/sec: 814,973 | mfu: 25.4% | epoch: 1 | remaining: 157s    
step 00903 (47.8%) | loss: 3.068268 | lrm: 0.61 | dt: 161ms | tok/sec: 815,483 | mfu: 25.4% | epoch: 1 | remaining: 157s    
step 00904 (47.8%) | loss: 3.075041 | lrm: 0.61 | dt: 161ms | tok/sec: 815,513 | mfu: 25.4% | epoch: 1 | remaining: 156s    
step 00905 (47.9%) | loss: 3.074997 | lrm: 0.61 | dt: 161ms | tok/sec: 815,663 | mfu: 25.4% | epoch: 1 | remaining: 156s    
step 00906 (47.9%) | loss: 3.072665 | lrm: 0.61 | dt: 161ms | tok/sec: 815,407 | mfu: 25.4% | epoch: 1 | remaining: 156s    
step 00907 (48.0%) | loss: 3.080435 | lrm: 0.61 | dt: 161ms | tok/sec: 815,360 | mfu: 25.4% | epoch: 1 | remaining: 156s    
step 00908 (48.0%) | loss: 3.075180 | lrm: 0.61 | dt: 161ms | tok/sec: 815,692 | mfu: 25.4% | epoch: 1 | remaining: 156s    
step 00909 (48.1%) | loss: 3.073703 | lrm: 0.61 | dt: 161ms | tok/sec: 815,490 | mfu: 25.4% | epoch: 1 | remaining: 156s    
step 00910 (48.1%) | loss: 3.073321 | lrm: 0.61 | dt: 161ms | tok/sec: 815,553 | mfu: 25.4% | epoch: 1 | remaining: 155s    
step 00911 (48.2%) | loss: 3.073415 | lrm: 0.61 | dt: 161ms | tok/sec: 815,443 | mfu: 25.4% | epoch: 1 | remaining: 155s    
step 00912 (48.3%) | loss: 3.072793 | lrm: 0.61 | dt: 161ms | tok/sec: 815,638 | mfu: 25.4% | epoch: 1 | remaining: 155s    
step 00913 (48.3%) | loss: 3.076962 | lrm: 0.61 | dt: 161ms | tok/sec: 815,062 | mfu: 25.4% | epoch: 1 | remaining: 155s    
step 00914 (48.4%) | loss: 3.077488 | lrm: 0.61 | dt: 161ms | tok/sec: 815,373 | mfu: 25.4% | epoch: 1 | remaining: 155s    
step 00915 (48.4%) | loss: 3.074352 | lrm: 0.61 | dt: 161ms | tok/sec: 815,528 | mfu: 25.4% | epoch: 1 | remaining: 155s    
step 00916 (48.5%) | loss: 3.071875 | lrm: 0.61 | dt: 161ms | tok/sec: 814,687 | mfu: 25.4% | epoch: 1 | remaining: 154s    
step 00917 (48.5%) | loss: 3.074241 | lrm: 0.61 | dt: 161ms | tok/sec: 815,259 | mfu: 25.4% | epoch: 1 | remaining: 154s    
step 00918 (48.6%) | loss: 3.066985 | lrm: 0.61 | dt: 161ms | tok/sec: 815,579 | mfu: 25.4% | epoch: 1 | remaining: 154s    
step 00919 (48.6%) | loss: 3.071922 | lrm: 0.60 | dt: 161ms | tok/sec: 815,377 | mfu: 25.4% | epoch: 1 | remaining: 154s    
step 00920 (48.7%) | loss: 3.072084 | lrm: 0.60 | dt: 161ms | tok/sec: 815,654 | mfu: 25.4% | epoch: 1 | remaining: 154s    
step 00921 (48.7%) | loss: 3.071798 | lrm: 0.60 | dt: 161ms | tok/sec: 815,361 | mfu: 25.4% | epoch: 1 | remaining: 154s    
step 00922 (48.8%) | loss: 3.077554 | lrm: 0.60 | dt: 161ms | tok/sec: 815,651 | mfu: 25.4% | epoch: 1 | remaining: 153s    
step 00923 (48.8%) | loss: 3.076220 | lrm: 0.60 | dt: 161ms | tok/sec: 815,788 | mfu: 25.4% | epoch: 1 | remaining: 153s    
step 00924 (48.9%) | loss: 3.078519 | lrm: 0.60 | dt: 161ms | tok/sec: 815,476 | mfu: 25.4% | epoch: 1 | remaining: 153s    
step 00925 (48.9%) | loss: 3.077974 | lrm: 0.60 | dt: 161ms | tok/sec: 815,707 | mfu: 25.4% | epoch: 1 | remaining: 153s    
step 00926 (49.0%) | loss: 3.084155 | lrm: 0.60 | dt: 161ms | tok/sec: 815,571 | mfu: 25.4% | epoch: 1 | remaining: 153s    
step 00927 (49.1%) | loss: 3.079413 | lrm: 0.60 | dt: 161ms | tok/sec: 815,862 | mfu: 25.4% | epoch: 1 | remaining: 153s    
step 00928 (49.1%) | loss: 3.068909 | lrm: 0.60 | dt: 161ms | tok/sec: 815,051 | mfu: 25.4% | epoch: 1 | remaining: 153s    
step 00929 (49.2%) | loss: 3.068282 | lrm: 0.60 | dt: 161ms | tok/sec: 815,470 | mfu: 25.4% | epoch: 1 | remaining: 152s    
step 00930 (49.2%) | loss: 3.062858 | lrm: 0.60 | dt: 161ms | tok/sec: 815,574 | mfu: 25.4% | epoch: 1 | remaining: 152s    
step 00931 (49.3%) | loss: 3.064457 | lrm: 0.60 | dt: 161ms | tok/sec: 815,539 | mfu: 25.4% | epoch: 1 | remaining: 152s    
step 00932 (49.3%) | loss: 3.060864 | lrm: 0.60 | dt: 161ms | tok/sec: 816,010 | mfu: 25.4% | epoch: 1 | remaining: 152s    
step 00933 (49.4%) | loss: 3.063246 | lrm: 0.60 | dt: 161ms | tok/sec: 815,948 | mfu: 25.4% | epoch: 1 | remaining: 152s    
step 00934 (49.4%) | loss: 3.055167 | lrm: 0.59 | dt: 161ms | tok/sec: 815,713 | mfu: 25.4% | epoch: 1 | remaining: 152s    
step 00935 (49.5%) | loss: 3.058535 | lrm: 0.59 | dt: 161ms | tok/sec: 815,631 | mfu: 25.4% | epoch: 1 | remaining: 151s    
step 00936 (49.5%) | loss: 3.059515 | lrm: 0.59 | dt: 161ms | tok/sec: 815,905 | mfu: 25.4% | epoch: 1 | remaining: 151s    
step 00937 (49.6%) | loss: 3.068217 | lrm: 0.59 | dt: 161ms | tok/sec: 815,935 | mfu: 25.4% | epoch: 1 | remaining: 151s    
step 00938 (49.6%) | loss: 3.072546 | lrm: 0.59 | dt: 161ms | tok/sec: 816,068 | mfu: 25.4% | epoch: 1 | remaining: 151s    
step 00939 (49.7%) | loss: 3.064856 | lrm: 0.59 | dt: 161ms | tok/sec: 815,311 | mfu: 25.4% | epoch: 1 | remaining: 151s    
step 00940 (49.8%) | loss: 3.060472 | lrm: 0.59 | dt: 161ms | tok/sec: 815,623 | mfu: 25.4% | epoch: 1 | remaining: 151s    
step 00941 (49.8%) | loss: 3.064488 | lrm: 0.59 | dt: 161ms | tok/sec: 815,615 | mfu: 25.4% | epoch: 1 | remaining: 150s    
step 00942 (49.9%) | loss: 3.070634 | lrm: 0.59 | dt: 161ms | tok/sec: 815,275 | mfu: 25.4% | epoch: 1 | remaining: 150s    
step 00943 (49.9%) | loss: 3.059992 | lrm: 0.59 | dt: 161ms | tok/sec: 815,793 | mfu: 25.4% | epoch: 1 | remaining: 150s    
step 00944 (50.0%) | loss: 3.058213 | lrm: 0.59 | dt: 161ms | tok/sec: 815,723 | mfu: 25.4% | epoch: 1 | remaining: 150s    
step 00945 (50.0%) | loss: 3.057096 | lrm: 0.59 | dt: 161ms | tok/sec: 815,744 | mfu: 25.4% | epoch: 1 | remaining: 150s    
step 00946 (50.1%) | loss: 3.059199 | lrm: 0.59 | dt: 161ms | tok/sec: 815,250 | mfu: 25.4% | epoch: 1 | remaining: 150s    
step 00947 (50.1%) | loss: 3.053661 | lrm: 0.59 | dt: 161ms | tok/sec: 815,197 | mfu: 25.4% | epoch: 1 | remaining: 149s    
step 00948 (50.2%) | loss: 3.059237 | lrm: 0.59 | dt: 161ms | tok/sec: 815,553 | mfu: 25.4% | epoch: 1 | remaining: 149s    
step 00949 (50.2%) | loss: 3.065155 | lrm: 0.59 | dt: 161ms | tok/sec: 815,729 | mfu: 25.4% | epoch: 1 | remaining: 149s    
step 00950 (50.3%) | loss: 3.060184 | lrm: 0.58 | dt: 161ms | tok/sec: 816,040 | mfu: 25.4% | epoch: 1 | remaining: 149s    
step 00951 (50.3%) | loss: 3.054197 | lrm: 0.58 | dt: 161ms | tok/sec: 815,970 | mfu: 25.4% | epoch: 1 | remaining: 149s    
step 00952 (50.4%) | loss: 3.060896 | lrm: 0.58 | dt: 161ms | tok/sec: 815,857 | mfu: 25.4% | epoch: 1 | remaining: 149s    
step 00953 (50.4%) | loss: 3.056815 | lrm: 0.58 | dt: 161ms | tok/sec: 815,853 | mfu: 25.4% | epoch: 1 | remaining: 148s    
step 00954 (50.5%) | loss: 3.061589 | lrm: 0.58 | dt: 161ms | tok/sec: 815,688 | mfu: 25.4% | epoch: 1 | remaining: 148s    
step 00955 (50.6%) | loss: 3.059680 | lrm: 0.58 | dt: 161ms | tok/sec: 815,953 | mfu: 25.4% | epoch: 1 | remaining: 148s    
step 00956 (50.6%) | loss: 3.059293 | lrm: 0.58 | dt: 161ms | tok/sec: 816,064 | mfu: 25.4% | epoch: 1 | remaining: 148s    
step 00957 (50.7%) | loss: 3.066236 | lrm: 0.58 | dt: 161ms | tok/sec: 816,108 | mfu: 25.4% | epoch: 1 | remaining: 148s    
step 00958 (50.7%) | loss: 3.059179 | lrm: 0.58 | dt: 161ms | tok/sec: 815,908 | mfu: 25.4% | epoch: 1 | remaining: 148s    
step 00959 (50.8%) | loss: 3.062296 | lrm: 0.58 | dt: 161ms | tok/sec: 815,849 | mfu: 25.4% | epoch: 1 | remaining: 148s    
step 00960 (50.8%) | loss: 3.060915 | lrm: 0.58 | dt: 161ms | tok/sec: 815,604 | mfu: 25.4% | epoch: 1 | remaining: 147s    
step 00961 (50.9%) | loss: 3.052889 | lrm: 0.58 | dt: 161ms | tok/sec: 815,776 | mfu: 25.4% | epoch: 1 | remaining: 147s    
step 00962 (50.9%) | loss: 3.049273 | lrm: 0.58 | dt: 161ms | tok/sec: 816,052 | mfu: 25.4% | epoch: 1 | remaining: 147s    
step 00963 (51.0%) | loss: 3.043676 | lrm: 0.58 | dt: 161ms | tok/sec: 815,914 | mfu: 25.4% | epoch: 1 | remaining: 147s    
step 00964 (51.0%) | loss: 3.037735 | lrm: 0.58 | dt: 161ms | tok/sec: 815,828 | mfu: 25.4% | epoch: 1 | remaining: 147s    
step 00965 (51.1%) | loss: 3.029899 | lrm: 0.58 | dt: 161ms | tok/sec: 815,954 | mfu: 25.4% | epoch: 1 | remaining: 147s    
step 00966 (51.1%) | loss: 3.029695 | lrm: 0.57 | dt: 161ms | tok/sec: 815,924 | mfu: 25.4% | epoch: 1 | remaining: 146s    
step 00967 (51.2%) | loss: 3.033557 | lrm: 0.57 | dt: 161ms | tok/sec: 815,359 | mfu: 25.4% | epoch: 1 | remaining: 146s    
step 00968 (51.3%) | loss: 3.034984 | lrm: 0.57 | dt: 161ms | tok/sec: 815,350 | mfu: 25.4% | epoch: 1 | remaining: 146s    
step 00969 (51.3%) | loss: 3.031137 | lrm: 0.57 | dt: 161ms | tok/sec: 815,690 | mfu: 25.4% | epoch: 1 | remaining: 146s    
step 00970 (51.4%) | loss: 3.036422 | lrm: 0.57 | dt: 161ms | tok/sec: 815,210 | mfu: 25.4% | epoch: 1 | remaining: 146s    
step 00971 (51.4%) | loss: 3.037439 | lrm: 0.57 | dt: 161ms | tok/sec: 815,523 | mfu: 25.4% | epoch: 1 | remaining: 146s    
step 00972 (51.5%) | loss: 3.040784 | lrm: 0.57 | dt: 161ms | tok/sec: 815,708 | mfu: 25.4% | epoch: 1 | remaining: 145s    
step 00973 (51.5%) | loss: 3.044710 | lrm: 0.57 | dt: 161ms | tok/sec: 815,621 | mfu: 25.4% | epoch: 1 | remaining: 145s    
step 00974 (51.6%) | loss: 3.048269 | lrm: 0.57 | dt: 161ms | tok/sec: 815,732 | mfu: 25.4% | epoch: 1 | remaining: 145s    
step 00975 (51.6%) | loss: 3.045611 | lrm: 0.57 | dt: 161ms | tok/sec: 815,806 | mfu: 25.4% | epoch: 1 | remaining: 145s    
step 00976 (51.7%) | loss: 3.050248 | lrm: 0.57 | dt: 161ms | tok/sec: 815,656 | mfu: 25.4% | epoch: 1 | remaining: 145s    
step 00977 (51.7%) | loss: 3.051903 | lrm: 0.57 | dt: 161ms | tok/sec: 815,606 | mfu: 25.4% | epoch: 1 | remaining: 145s    
step 00978 (51.8%) | loss: 3.053250 | lrm: 0.57 | dt: 161ms | tok/sec: 815,691 | mfu: 25.4% | epoch: 1 | remaining: 144s    
step 00979 (51.8%) | loss: 3.051551 | lrm: 0.57 | dt: 161ms | tok/sec: 815,882 | mfu: 25.4% | epoch: 1 | remaining: 144s    
step 00980 (51.9%) | loss: 3.057358 | lrm: 0.57 | dt: 161ms | tok/sec: 815,661 | mfu: 25.4% | epoch: 1 | remaining: 144s    
step 00981 (51.9%) | loss: 3.053263 | lrm: 0.57 | dt: 161ms | tok/sec: 815,545 | mfu: 25.4% | epoch: 1 | remaining: 144s    
step 00982 (52.0%) | loss: 3.049373 | lrm: 0.56 | dt: 161ms | tok/sec: 815,575 | mfu: 25.4% | epoch: 1 | remaining: 144s    
step 00983 (52.1%) | loss: 3.039593 | lrm: 0.56 | dt: 161ms | tok/sec: 815,672 | mfu: 25.4% | epoch: 1 | remaining: 144s    
step 00984 (52.1%) | loss: 3.038909 | lrm: 0.56 | dt: 161ms | tok/sec: 815,594 | mfu: 25.4% | epoch: 1 | remaining: 144s    
step 00985 (52.2%) | loss: 3.032948 | lrm: 0.56 | dt: 161ms | tok/sec: 815,528 | mfu: 25.4% | epoch: 1 | remaining: 143s    
step 00986 (52.2%) | loss: 3.027697 | lrm: 0.56 | dt: 161ms | tok/sec: 815,365 | mfu: 25.4% | epoch: 1 | remaining: 143s    
step 00987 (52.3%) | loss: 3.028187 | lrm: 0.56 | dt: 161ms | tok/sec: 815,655 | mfu: 25.4% | epoch: 1 | remaining: 143s    
step 00988 (52.3%) | loss: 3.036087 | lrm: 0.56 | dt: 161ms | tok/sec: 815,611 | mfu: 25.4% | epoch: 1 | remaining: 143s    
step 00989 (52.4%) | loss: 3.036967 | lrm: 0.56 | dt: 161ms | tok/sec: 814,747 | mfu: 25.4% | epoch: 1 | remaining: 143s    
step 00990 (52.4%) | loss: 3.031385 | lrm: 0.56 | dt: 161ms | tok/sec: 815,565 | mfu: 25.4% | epoch: 1 | remaining: 143s    
step 00991 (52.5%) | loss: 3.022049 | lrm: 0.56 | dt: 161ms | tok/sec: 815,129 | mfu: 25.4% | epoch: 1 | remaining: 142s    
step 00992 (52.5%) | loss: 3.019570 | lrm: 0.56 | dt: 161ms | tok/sec: 815,502 | mfu: 25.4% | epoch: 1 | remaining: 142s    
step 00993 (52.6%) | loss: 3.021804 | lrm: 0.56 | dt: 161ms | tok/sec: 815,759 | mfu: 25.4% | epoch: 1 | remaining: 142s    
step 00994 (52.6%) | loss: 3.025028 | lrm: 0.56 | dt: 161ms | tok/sec: 815,886 | mfu: 25.4% | epoch: 1 | remaining: 142s    
step 00995 (52.7%) | loss: 3.027658 | lrm: 0.56 | dt: 161ms | tok/sec: 815,440 | mfu: 25.4% | epoch: 1 | remaining: 142s    
step 00996 (52.8%) | loss: 3.030655 | lrm: 0.56 | dt: 161ms | tok/sec: 815,736 | mfu: 25.4% | epoch: 1 | remaining: 142s    
step 00997 (52.8%) | loss: 3.034594 | lrm: 0.56 | dt: 161ms | tok/sec: 815,861 | mfu: 25.4% | epoch: 1 | remaining: 141s    
step 00998 (52.9%) | loss: 3.032940 | lrm: 0.55 | dt: 161ms | tok/sec: 815,795 | mfu: 25.4% | epoch: 1 | remaining: 141s    
step 00999 (52.9%) | loss: 3.037435 | lrm: 0.55 | dt: 161ms | tok/sec: 815,581 | mfu: 25.4% | epoch: 1 | remaining: 141s    
step 01000 (53.0%) | loss: 3.028713 | lrm: 0.55 | dt: 161ms | tok/sec: 815,949 | mfu: 25.4% | epoch: 1 | remaining: 141s    
step 01001 (53.0%) | loss: 3.026834 | lrm: 0.55 | dt: 161ms | tok/sec: 815,799 | mfu: 25.4% | epoch: 1 | remaining: 141s    
step 01002 (53.1%) | loss: 3.027723 | lrm: 0.55 | dt: 161ms | tok/sec: 815,759 | mfu: 25.4% | epoch: 1 | remaining: 141s    
step 01003 (53.1%) | loss: 3.030088 | lrm: 0.55 | dt: 161ms | tok/sec: 816,011 | mfu: 25.4% | epoch: 1 | remaining: 140s    
step 01004 (53.2%) | loss: 3.030701 | lrm: 0.55 | dt: 161ms | tok/sec: 815,709 | mfu: 25.4% | epoch: 1 | remaining: 140s    
step 01005 (53.2%) | loss: 3.028163 | lrm: 0.55 | dt: 161ms | tok/sec: 815,460 | mfu: 25.4% | epoch: 1 | remaining: 140s    
step 01006 (53.3%) | loss: 3.032630 | lrm: 0.55 | dt: 161ms | tok/sec: 815,665 | mfu: 25.4% | epoch: 1 | remaining: 140s    
step 01007 (53.3%) | loss: 3.035898 | lrm: 0.55 | dt: 161ms | tok/sec: 816,053 | mfu: 25.4% | epoch: 1 | remaining: 140s    
step 01008 (53.4%) | loss: 3.034542 | lrm: 0.55 | dt: 161ms | tok/sec: 815,841 | mfu: 25.4% | epoch: 1 | remaining: 140s    
step 01009 (53.4%) | loss: 3.034861 | lrm: 0.55 | dt: 161ms | tok/sec: 815,442 | mfu: 25.4% | epoch: 1 | remaining: 139s    
step 01010 (53.5%) | loss: 3.037716 | lrm: 0.55 | dt: 161ms | tok/sec: 815,782 | mfu: 25.4% | epoch: 1 | remaining: 139s    
step 01011 (53.6%) | loss: 3.039587 | lrm: 0.55 | dt: 161ms | tok/sec: 815,816 | mfu: 25.4% | epoch: 1 | remaining: 139s    
step 01012 (53.6%) | loss: 3.043774 | lrm: 0.55 | dt: 161ms | tok/sec: 815,561 | mfu: 25.4% | epoch: 1 | remaining: 139s    
step 01013 (53.7%) | loss: 3.035995 | lrm: 0.55 | dt: 161ms | tok/sec: 815,204 | mfu: 25.4% | epoch: 1 | remaining: 139s    
step 01014 (53.7%) | loss: 3.045058 | lrm: 0.54 | dt: 161ms | tok/sec: 815,356 | mfu: 25.4% | epoch: 1 | remaining: 139s    
step 01015 (53.8%) | loss: 3.041957 | lrm: 0.54 | dt: 161ms | tok/sec: 815,662 | mfu: 25.4% | epoch: 1 | remaining: 139s    
step 01016 (53.8%) | loss: 3.035212 | lrm: 0.54 | dt: 161ms | tok/sec: 815,536 | mfu: 25.4% | epoch: 1 | remaining: 138s    
step 01017 (53.9%) | loss: 3.022637 | lrm: 0.54 | dt: 161ms | tok/sec: 815,466 | mfu: 25.4% | epoch: 1 | remaining: 138s    
step 01018 (53.9%) | loss: 3.026631 | lrm: 0.54 | dt: 161ms | tok/sec: 815,372 | mfu: 25.4% | epoch: 1 | remaining: 138s    
step 01019 (54.0%) | loss: 3.033407 | lrm: 0.54 | dt: 161ms | tok/sec: 815,377 | mfu: 25.4% | epoch: 1 | remaining: 138s    
step 01020 (54.0%) | loss: 3.024506 | lrm: 0.54 | dt: 161ms | tok/sec: 815,615 | mfu: 25.4% | epoch: 1 | remaining: 138s    
step 01021 (54.1%) | loss: 3.026834 | lrm: 0.54 | dt: 161ms | tok/sec: 815,285 | mfu: 25.4% | epoch: 1 | remaining: 138s    
step 01022 (54.1%) | loss: 3.030818 | lrm: 0.54 | dt: 161ms | tok/sec: 815,500 | mfu: 25.4% | epoch: 1 | remaining: 137s    
step 01023 (54.2%) | loss: 3.029483 | lrm: 0.54 | dt: 161ms | tok/sec: 815,464 | mfu: 25.4% | epoch: 1 | remaining: 137s    
step 01024 (54.3%) | loss: 3.025398 | lrm: 0.54 | dt: 161ms | tok/sec: 815,192 | mfu: 25.4% | epoch: 1 | remaining: 137s    
step 01025 (54.3%) | loss: 3.028277 | lrm: 0.54 | dt: 161ms | tok/sec: 815,467 | mfu: 25.4% | epoch: 1 | remaining: 137s    
step 01026 (54.4%) | loss: 3.023101 | lrm: 0.54 | dt: 161ms | tok/sec: 815,251 | mfu: 25.4% | epoch: 1 | remaining: 137s    
step 01027 (54.4%) | loss: 3.021739 | lrm: 0.54 | dt: 161ms | tok/sec: 815,406 | mfu: 25.4% | epoch: 1 | remaining: 137s    
step 01028 (54.5%) | loss: 3.024569 | lrm: 0.54 | dt: 161ms | tok/sec: 815,729 | mfu: 25.4% | epoch: 1 | remaining: 136s    
step 01029 (54.5%) | loss: 3.015551 | lrm: 0.54 | dt: 161ms | tok/sec: 815,667 | mfu: 25.4% | epoch: 1 | remaining: 136s    
step 01030 (54.6%) | loss: 3.013903 | lrm: 0.53 | dt: 161ms | tok/sec: 814,903 | mfu: 25.4% | epoch: 1 | remaining: 136s    
step 01031 (54.6%) | loss: 3.022056 | lrm: 0.53 | dt: 161ms | tok/sec: 815,527 | mfu: 25.4% | epoch: 1 | remaining: 136s    
step 01032 (54.7%) | loss: 3.018574 | lrm: 0.53 | dt: 161ms | tok/sec: 815,835 | mfu: 25.4% | epoch: 1 | remaining: 136s    
step 01033 (54.7%) | loss: 3.022304 | lrm: 0.53 | dt: 161ms | tok/sec: 815,502 | mfu: 25.4% | epoch: 1 | remaining: 136s    
step 01034 (54.8%) | loss: 3.019855 | lrm: 0.53 | dt: 161ms | tok/sec: 815,682 | mfu: 25.4% | epoch: 1 | remaining: 135s    
step 01035 (54.8%) | loss: 3.013502 | lrm: 0.53 | dt: 161ms | tok/sec: 815,700 | mfu: 25.4% | epoch: 1 | remaining: 135s    
step 01036 (54.9%) | loss: 3.014659 | lrm: 0.53 | dt: 162ms | tok/sec: 811,210 | mfu: 25.3% | epoch: 1 | remaining: 135s    
step 01037 (54.9%) | loss: 3.020332 | lrm: 0.53 | dt: 161ms | tok/sec: 815,114 | mfu: 25.4% | epoch: 1 | remaining: 135s    
step 01038 (55.0%) | loss: 3.021535 | lrm: 0.53 | dt: 161ms | tok/sec: 815,673 | mfu: 25.4% | epoch: 1 | remaining: 135s    
step 01039 (55.1%) | loss: 3.022478 | lrm: 0.53 | dt: 163ms | tok/sec: 802,375 | mfu: 25.0% | epoch: 1 | remaining: 135s    
step 01040 (55.1%) | loss: 3.026618 | lrm: 0.53 | dt: 162ms | tok/sec: 809,328 | mfu: 25.2% | epoch: 1 | remaining: 135s    
step 01041 (55.2%) | loss: 3.024673 | lrm: 0.53 | dt: 161ms | tok/sec: 815,571 | mfu: 25.4% | epoch: 1 | remaining: 134s    
step 01042 (55.2%) | loss: 3.027297 | lrm: 0.53 | dt: 161ms | tok/sec: 815,083 | mfu: 25.4% | epoch: 1 | remaining: 134s    
step 01043 (55.3%) | loss: 3.023475 | lrm: 0.53 | dt: 161ms | tok/sec: 814,987 | mfu: 25.4% | epoch: 1 | remaining: 134s    
step 01044 (55.3%) | loss: 3.026445 | lrm: 0.53 | dt: 161ms | tok/sec: 815,419 | mfu: 25.4% | epoch: 1 | remaining: 134s    
step 01045 (55.4%) | loss: 3.021420 | lrm: 0.52 | dt: 161ms | tok/sec: 815,175 | mfu: 25.4% | epoch: 1 | remaining: 134s    
step 01046 (55.4%) | loss: 3.023276 | lrm: 0.52 | dt: 161ms | tok/sec: 815,587 | mfu: 25.4% | epoch: 1 | remaining: 134s    
step 01047 (55.5%) | loss: 3.018973 | lrm: 0.52 | dt: 161ms | tok/sec: 813,930 | mfu: 25.4% | epoch: 1 | remaining: 133s    
step 01048 (55.5%) | loss: 3.021155 | lrm: 0.52 | dt: 161ms | tok/sec: 815,746 | mfu: 25.4% | epoch: 1 | remaining: 133s    
step 01049 (55.6%) | loss: 3.024956 | lrm: 0.52 | dt: 161ms | tok/sec: 815,734 | mfu: 25.4% | epoch: 1 | remaining: 133s    
step 01050 (55.6%) | loss: 3.023205 | lrm: 0.52 | dt: 161ms | tok/sec: 815,452 | mfu: 25.4% | epoch: 1 | remaining: 133s    
step 01051 (55.7%) | loss: 3.027568 | lrm: 0.52 | dt: 161ms | tok/sec: 815,465 | mfu: 25.4% | epoch: 1 | remaining: 133s    
step 01052 (55.8%) | loss: 3.020439 | lrm: 0.52 | dt: 161ms | tok/sec: 815,556 | mfu: 25.4% | epoch: 1 | remaining: 133s    
step 01053 (55.8%) | loss: 3.021019 | lrm: 0.52 | dt: 161ms | tok/sec: 815,059 | mfu: 25.4% | epoch: 1 | remaining: 132s    
step 01054 (55.9%) | loss: 3.015474 | lrm: 0.52 | dt: 161ms | tok/sec: 815,423 | mfu: 25.4% | epoch: 1 | remaining: 132s    
step 01055 (55.9%) | loss: 3.021459 | lrm: 0.52 | dt: 161ms | tok/sec: 815,690 | mfu: 25.4% | epoch: 1 | remaining: 132s    
step 01056 (56.0%) | loss: 3.021248 | lrm: 0.52 | dt: 161ms | tok/sec: 815,705 | mfu: 25.4% | epoch: 1 | remaining: 132s    
step 01057 (56.0%) | loss: 3.016099 | lrm: 0.52 | dt: 161ms | tok/sec: 815,554 | mfu: 25.4% | epoch: 1 | remaining: 132s    
step 01058 (56.1%) | loss: 3.016072 | lrm: 0.52 | dt: 161ms | tok/sec: 815,816 | mfu: 25.4% | epoch: 1 | remaining: 132s    
step 01059 (56.1%) | loss: 3.019899 | lrm: 0.52 | dt: 161ms | tok/sec: 816,000 | mfu: 25.4% | epoch: 1 | remaining: 131s    
step 01060 (56.2%) | loss: 3.025204 | lrm: 0.52 | dt: 161ms | tok/sec: 815,838 | mfu: 25.4% | epoch: 1 | remaining: 131s    
step 01061 (56.2%) | loss: 3.014966 | lrm: 0.51 | dt: 161ms | tok/sec: 815,371 | mfu: 25.4% | epoch: 1 | remaining: 131s    
step 01062 (56.3%) | loss: 3.014427 | lrm: 0.51 | dt: 161ms | tok/sec: 815,927 | mfu: 25.4% | epoch: 1 | remaining: 131s    
step 01063 (56.3%) | loss: 3.014905 | lrm: 0.51 | dt: 161ms | tok/sec: 815,889 | mfu: 25.4% | epoch: 1 | remaining: 131s    
step 01064 (56.4%) | loss: 3.007968 | lrm: 0.51 | dt: 161ms | tok/sec: 816,027 | mfu: 25.4% | epoch: 1 | remaining: 131s    
step 01065 (56.4%) | loss: 3.016123 | lrm: 0.51 | dt: 161ms | tok/sec: 816,144 | mfu: 25.4% | epoch: 1 | remaining: 130s    
step 01066 (56.5%) | loss: 3.013756 | lrm: 0.51 | dt: 161ms | tok/sec: 815,669 | mfu: 25.4% | epoch: 1 | remaining: 130s    
step 01067 (56.6%) | loss: 3.009748 | lrm: 0.51 | dt: 161ms | tok/sec: 815,999 | mfu: 25.4% | epoch: 1 | remaining: 130s    
step 01068 (56.6%) | loss: 3.011235 | lrm: 0.51 | dt: 161ms | tok/sec: 815,735 | mfu: 25.4% | epoch: 1 | remaining: 130s    
step 01069 (56.7%) | loss: 3.006328 | lrm: 0.51 | dt: 161ms | tok/sec: 816,010 | mfu: 25.4% | epoch: 1 | remaining: 130s    
step 01070 (56.7%) | loss: 3.009620 | lrm: 0.51 | dt: 161ms | tok/sec: 815,774 | mfu: 25.4% | epoch: 1 | remaining: 130s    
step 01071 (56.8%) | loss: 3.003212 | lrm: 0.51 | dt: 161ms | tok/sec: 815,795 | mfu: 25.4% | epoch: 1 | remaining: 130s    
step 01072 (56.8%) | loss: 3.004062 | lrm: 0.51 | dt: 161ms | tok/sec: 816,036 | mfu: 25.4% | epoch: 1 | remaining: 129s    
step 01073 (56.9%) | loss: 2.995620 | lrm: 0.51 | dt: 161ms | tok/sec: 816,280 | mfu: 25.4% | epoch: 1 | remaining: 129s    
step 01074 (56.9%) | loss: 2.992969 | lrm: 0.51 | dt: 161ms | tok/sec: 815,513 | mfu: 25.4% | epoch: 1 | remaining: 129s    
step 01075 (57.0%) | loss: 3.000190 | lrm: 0.51 | dt: 161ms | tok/sec: 815,638 | mfu: 25.4% | epoch: 1 | remaining: 129s    
step 01076 (57.0%) | loss: 3.004432 | lrm: 0.51 | dt: 161ms | tok/sec: 815,109 | mfu: 25.4% | epoch: 1 | remaining: 129s    
step 01077 (57.1%) | loss: 3.007197 | lrm: 0.50 | dt: 161ms | tok/sec: 815,979 | mfu: 25.4% | epoch: 1 | remaining: 129s    
step 01078 (57.1%) | loss: 3.007812 | lrm: 0.50 | dt: 161ms | tok/sec: 816,012 | mfu: 25.4% | epoch: 1 | remaining: 128s    
step 01079 (57.2%) | loss: 3.002403 | lrm: 0.50 | dt: 161ms | tok/sec: 816,201 | mfu: 25.4% | epoch: 1 | remaining: 128s    
step 01080 (57.3%) | loss: 3.005721 | lrm: 0.50 | dt: 161ms | tok/sec: 816,109 | mfu: 25.4% | epoch: 1 | remaining: 128s    
step 01081 (57.3%) | loss: 3.005962 | lrm: 0.50 | dt: 161ms | tok/sec: 816,128 | mfu: 25.4% | epoch: 1 | remaining: 128s    
step 01082 (57.4%) | loss: 3.006577 | lrm: 0.50 | dt: 161ms | tok/sec: 816,133 | mfu: 25.4% | epoch: 1 | remaining: 128s    
step 01083 (57.4%) | loss: 3.009101 | lrm: 0.50 | dt: 161ms | tok/sec: 815,977 | mfu: 25.4% | epoch: 1 | remaining: 128s    
step 01084 (57.5%) | loss: 3.007654 | lrm: 0.50 | dt: 161ms | tok/sec: 815,960 | mfu: 25.4% | epoch: 1 | remaining: 127s    
step 01085 (57.5%) | loss: 3.003129 | lrm: 0.50 | dt: 161ms | tok/sec: 815,976 | mfu: 25.4% | epoch: 1 | remaining: 127s    
step 01086 (57.6%) | loss: 3.006046 | lrm: 0.50 | dt: 161ms | tok/sec: 815,924 | mfu: 25.4% | epoch: 1 | remaining: 127s    
step 01087 (57.6%) | loss: 3.005548 | lrm: 0.50 | dt: 161ms | tok/sec: 815,244 | mfu: 25.4% | epoch: 1 | remaining: 127s    
step 01088 (57.7%) | loss: 3.005078 | lrm: 0.50 | dt: 161ms | tok/sec: 815,702 | mfu: 25.4% | epoch: 1 | remaining: 127s    
step 01089 (57.7%) | loss: 3.010790 | lrm: 0.50 | dt: 161ms | tok/sec: 815,994 | mfu: 25.4% | epoch: 1 | remaining: 127s    
step 01090 (57.8%) | loss: 3.013433 | lrm: 0.50 | dt: 161ms | tok/sec: 815,879 | mfu: 25.4% | epoch: 1 | remaining: 126s    
step 01091 (57.8%) | loss: 3.015407 | lrm: 0.50 | dt: 161ms | tok/sec: 816,035 | mfu: 25.4% | epoch: 1 | remaining: 126s    
step 01092 (57.9%) | loss: 3.013390 | lrm: 0.50 | dt: 161ms | tok/sec: 816,019 | mfu: 25.4% | epoch: 1 | remaining: 126s    
step 01093 (57.9%) | loss: 3.014719 | lrm: 0.49 | dt: 161ms | tok/sec: 816,092 | mfu: 25.4% | epoch: 1 | remaining: 126s    
step 01094 (58.0%) | loss: 3.010877 | lrm: 0.49 | dt: 161ms | tok/sec: 816,086 | mfu: 25.4% | epoch: 1 | remaining: 126s    
step 01095 (58.1%) | loss: 3.008663 | lrm: 0.49 | dt: 161ms | tok/sec: 816,304 | mfu: 25.4% | epoch: 1 | remaining: 126s    
step 01096 (58.1%) | loss: 3.005836 | lrm: 0.49 | dt: 161ms | tok/sec: 815,948 | mfu: 25.4% | epoch: 1 | remaining: 126s    
step 01097 (58.2%) | loss: 3.008744 | lrm: 0.49 | dt: 161ms | tok/sec: 816,304 | mfu: 25.4% | epoch: 1 | remaining: 125s    
step 01098 (58.2%) | loss: 3.009257 | lrm: 0.49 | dt: 161ms | tok/sec: 815,994 | mfu: 25.4% | epoch: 1 | remaining: 125s    
step 01099 (58.3%) | loss: 3.005574 | lrm: 0.49 | dt: 161ms | tok/sec: 816,012 | mfu: 25.4% | epoch: 1 | remaining: 125s    
step 01100 (58.3%) | loss: 3.008917 | lrm: 0.49 | dt: 161ms | tok/sec: 816,190 | mfu: 25.4% | epoch: 1 | remaining: 125s    
step 01101 (58.4%) | loss: 3.007625 | lrm: 0.49 | dt: 161ms | tok/sec: 816,153 | mfu: 25.4% | epoch: 1 | remaining: 125s    
step 01102 (58.4%) | loss: 3.003936 | lrm: 0.49 | dt: 161ms | tok/sec: 816,458 | mfu: 25.4% | epoch: 1 | remaining: 125s    
step 01103 (58.5%) | loss: 3.000967 | lrm: 0.49 | dt: 161ms | tok/sec: 816,237 | mfu: 25.4% | epoch: 1 | remaining: 124s    
step 01104 (58.5%) | loss: 3.002284 | lrm: 0.49 | dt: 161ms | tok/sec: 816,067 | mfu: 25.4% | epoch: 1 | remaining: 124s    
step 01105 (58.6%) | loss: 2.999854 | lrm: 0.49 | dt: 161ms | tok/sec: 816,042 | mfu: 25.4% | epoch: 1 | remaining: 124s    
step 01106 (58.6%) | loss: 3.007124 | lrm: 0.49 | dt: 161ms | tok/sec: 815,145 | mfu: 25.4% | epoch: 1 | remaining: 124s    
step 01107 (58.7%) | loss: 3.011889 | lrm: 0.49 | dt: 161ms | tok/sec: 815,446 | mfu: 25.4% | epoch: 1 | remaining: 124s    
step 01108 (58.8%) | loss: 3.013287 | lrm: 0.49 | dt: 161ms | tok/sec: 815,140 | mfu: 25.4% | epoch: 1 | remaining: 124s    
step 01109 (58.8%) | loss: 3.007117 | lrm: 0.48 | dt: 161ms | tok/sec: 815,102 | mfu: 25.4% | epoch: 1 | remaining: 123s    
step 01110 (58.9%) | loss: 3.005861 | lrm: 0.48 | dt: 161ms | tok/sec: 815,300 | mfu: 25.4% | epoch: 1 | remaining: 123s    
step 01111 (58.9%) | loss: 3.003975 | lrm: 0.48 | dt: 161ms | tok/sec: 815,346 | mfu: 25.4% | epoch: 1 | remaining: 123s    
step 01112 (59.0%) | loss: 3.007471 | lrm: 0.48 | dt: 161ms | tok/sec: 815,187 | mfu: 25.4% | epoch: 1 | remaining: 123s    
step 01113 (59.0%) | loss: 3.008297 | lrm: 0.48 | dt: 161ms | tok/sec: 815,207 | mfu: 25.4% | epoch: 1 | remaining: 123s    
step 01114 (59.1%) | loss: 3.002849 | lrm: 0.48 | dt: 161ms | tok/sec: 815,118 | mfu: 25.4% | epoch: 1 | remaining: 123s    
step 01115 (59.1%) | loss: 3.003223 | lrm: 0.48 | dt: 161ms | tok/sec: 815,308 | mfu: 25.4% | epoch: 1 | remaining: 122s    
step 01116 (59.2%) | loss: 3.005467 | lrm: 0.48 | dt: 161ms | tok/sec: 815,309 | mfu: 25.4% | epoch: 1 | remaining: 122s    
step 01117 (59.2%) | loss: 3.003875 | lrm: 0.48 | dt: 161ms | tok/sec: 815,066 | mfu: 25.4% | epoch: 1 | remaining: 122s    
step 01118 (59.3%) | loss: 3.008663 | lrm: 0.48 | dt: 161ms | tok/sec: 815,135 | mfu: 25.4% | epoch: 1 | remaining: 122s    
step 01119 (59.3%) | loss: 3.007183 | lrm: 0.48 | dt: 161ms | tok/sec: 815,403 | mfu: 25.4% | epoch: 1 | remaining: 122s    
step 01120 (59.4%) | loss: 3.005616 | lrm: 0.48 | dt: 161ms | tok/sec: 814,536 | mfu: 25.4% | epoch: 1 | remaining: 122s    
step 01121 (59.4%) | loss: 3.003932 | lrm: 0.48 | dt: 161ms | tok/sec: 815,430 | mfu: 25.4% | epoch: 1 | remaining: 121s    
step 01122 (59.5%) | loss: 3.001113 | lrm: 0.48 | dt: 161ms | tok/sec: 815,297 | mfu: 25.4% | epoch: 1 | remaining: 121s    
step 01123 (59.6%) | loss: 3.004176 | lrm: 0.48 | dt: 161ms | tok/sec: 815,145 | mfu: 25.4% | epoch: 1 | remaining: 121s    
step 01124 (59.6%) | loss: 3.008487 | lrm: 0.48 | dt: 161ms | tok/sec: 815,365 | mfu: 25.4% | epoch: 1 | remaining: 121s    
step 01125 (59.7%) | loss: 3.007813 | lrm: 0.47 | dt: 161ms | tok/sec: 815,431 | mfu: 25.4% | epoch: 1 | remaining: 121s    
step 01126 (59.7%) | loss: 3.010671 | lrm: 0.47 | dt: 161ms | tok/sec: 815,390 | mfu: 25.4% | epoch: 1 | remaining: 121s    
step 01127 (59.8%) | loss: 3.009254 | lrm: 0.47 | dt: 161ms | tok/sec: 814,931 | mfu: 25.4% | epoch: 1 | remaining: 121s    
step 01128 (59.8%) | loss: 3.014402 | lrm: 0.47 | dt: 161ms | tok/sec: 815,352 | mfu: 25.4% | epoch: 1 | remaining: 120s    
step 01129 (59.9%) | loss: 3.015342 | lrm: 0.47 | dt: 161ms | tok/sec: 814,792 | mfu: 25.4% | epoch: 1 | remaining: 120s    
step 01130 (59.9%) | loss: 3.014379 | lrm: 0.47 | dt: 161ms | tok/sec: 814,851 | mfu: 25.4% | epoch: 1 | remaining: 120s    
step 01131 (60.0%) | loss: 3.012086 | lrm: 0.47 | dt: 161ms | tok/sec: 814,839 | mfu: 25.4% | epoch: 1 | remaining: 120s    
step 01132 (60.0%) | loss: 3.008945 | lrm: 0.47 | dt: 161ms | tok/sec: 815,222 | mfu: 25.4% | epoch: 1 | remaining: 120s    
step 01133 (60.1%) | loss: 3.008447 | lrm: 0.47 | dt: 161ms | tok/sec: 815,492 | mfu: 25.4% | epoch: 1 | remaining: 120s    
step 01134 (60.1%) | loss: 3.011417 | lrm: 0.47 | dt: 161ms | tok/sec: 814,261 | mfu: 25.4% | epoch: 1 | remaining: 119s    
step 01135 (60.2%) | loss: 3.009667 | lrm: 0.47 | dt: 161ms | tok/sec: 816,036 | mfu: 25.4% | epoch: 1 | remaining: 119s    
step 01136 (60.3%) | loss: 3.012372 | lrm: 0.47 | dt: 161ms | tok/sec: 816,044 | mfu: 25.4% | epoch: 1 | remaining: 119s    
step 01137 (60.3%) | loss: 3.009553 | lrm: 0.47 | dt: 161ms | tok/sec: 815,794 | mfu: 25.4% | epoch: 1 | remaining: 119s    
step 01138 (60.4%) | loss: 3.002061 | lrm: 0.47 | dt: 161ms | tok/sec: 815,970 | mfu: 25.4% | epoch: 1 | remaining: 119s    
step 01139 (60.4%) | loss: 3.003988 | lrm: 0.47 | dt: 161ms | tok/sec: 816,287 | mfu: 25.4% | epoch: 1 | remaining: 119s    
step 01140 (60.5%) | loss: 2.997667 | lrm: 0.47 | dt: 161ms | tok/sec: 816,454 | mfu: 25.4% | epoch: 1 | remaining: 118s    
step 01141 (60.5%) | loss: 3.002725 | lrm: 0.46 | dt: 161ms | tok/sec: 816,041 | mfu: 25.4% | epoch: 1 | remaining: 118s    
step 01142 (60.6%) | loss: 3.002809 | lrm: 0.46 | dt: 161ms | tok/sec: 816,345 | mfu: 25.4% | epoch: 1 | remaining: 118s    
step 01143 (60.6%) | loss: 3.000147 | lrm: 0.46 | dt: 161ms | tok/sec: 816,434 | mfu: 25.4% | epoch: 1 | remaining: 118s    
step 01144 (60.7%) | loss: 3.004823 | lrm: 0.46 | dt: 161ms | tok/sec: 816,366 | mfu: 25.4% | epoch: 1 | remaining: 118s    
step 01145 (60.7%) | loss: 3.004189 | lrm: 0.46 | dt: 161ms | tok/sec: 816,367 | mfu: 25.4% | epoch: 1 | remaining: 118s    
step 01146 (60.8%) | loss: 3.005901 | lrm: 0.46 | dt: 161ms | tok/sec: 816,326 | mfu: 25.4% | epoch: 1 | remaining: 117s    
step 01147 (60.8%) | loss: 3.002496 | lrm: 0.46 | dt: 161ms | tok/sec: 816,378 | mfu: 25.4% | epoch: 1 | remaining: 117s    
step 01148 (60.9%) | loss: 2.994407 | lrm: 0.46 | dt: 161ms | tok/sec: 816,644 | mfu: 25.4% | epoch: 1 | remaining: 117s    
step 01149 (60.9%) | loss: 2.996287 | lrm: 0.46 | dt: 161ms | tok/sec: 816,428 | mfu: 25.4% | epoch: 1 | remaining: 117s    
step 01150 (61.0%) | loss: 2.989761 | lrm: 0.46 | dt: 161ms | tok/sec: 816,279 | mfu: 25.4% | epoch: 1 | remaining: 117s    
step 01151 (61.1%) | loss: 2.995930 | lrm: 0.46 | dt: 161ms | tok/sec: 816,361 | mfu: 25.4% | epoch: 1 | remaining: 117s    
step 01152 (61.1%) | loss: 2.994534 | lrm: 0.46 | dt: 161ms | tok/sec: 816,412 | mfu: 25.4% | epoch: 1 | remaining: 117s    
step 01153 (61.2%) | loss: 2.994620 | lrm: 0.46 | dt: 161ms | tok/sec: 816,561 | mfu: 25.4% | epoch: 1 | remaining: 116s    
step 01154 (61.2%) | loss: 2.997634 | lrm: 0.46 | dt: 161ms | tok/sec: 815,893 | mfu: 25.4% | epoch: 1 | remaining: 116s    
step 01155 (61.3%) | loss: 3.005153 | lrm: 0.46 | dt: 161ms | tok/sec: 816,473 | mfu: 25.4% | epoch: 1 | remaining: 116s    
step 01156 (61.3%) | loss: 3.011863 | lrm: 0.46 | dt: 161ms | tok/sec: 816,218 | mfu: 25.4% | epoch: 1 | remaining: 116s    
step 01157 (61.4%) | loss: 3.010220 | lrm: 0.45 | dt: 161ms | tok/sec: 816,624 | mfu: 25.4% | epoch: 1 | remaining: 116s    
step 01158 (61.4%) | loss: 3.001555 | lrm: 0.45 | dt: 161ms | tok/sec: 815,890 | mfu: 25.4% | epoch: 1 | remaining: 116s    
step 01159 (61.5%) | loss: 3.004421 | lrm: 0.45 | dt: 161ms | tok/sec: 816,618 | mfu: 25.4% | epoch: 1 | remaining: 115s    
step 01160 (61.5%) | loss: 2.993581 | lrm: 0.45 | dt: 161ms | tok/sec: 816,206 | mfu: 25.4% | epoch: 1 | remaining: 115s    
step 01161 (61.6%) | loss: 2.999027 | lrm: 0.45 | dt: 161ms | tok/sec: 816,433 | mfu: 25.4% | epoch: 1 | remaining: 115s    
step 01162 (61.6%) | loss: 2.996066 | lrm: 0.45 | dt: 161ms | tok/sec: 816,453 | mfu: 25.4% | epoch: 1 | remaining: 115s    
step 01163 (61.7%) | loss: 2.994670 | lrm: 0.45 | dt: 161ms | tok/sec: 816,469 | mfu: 25.4% | epoch: 1 | remaining: 115s    
step 01164 (61.8%) | loss: 3.003644 | lrm: 0.45 | dt: 161ms | tok/sec: 816,622 | mfu: 25.4% | epoch: 1 | remaining: 115s    
step 01165 (61.8%) | loss: 3.001832 | lrm: 0.45 | dt: 160ms | tok/sec: 816,691 | mfu: 25.4% | epoch: 1 | remaining: 114s    
step 01166 (61.9%) | loss: 3.002906 | lrm: 0.45 | dt: 161ms | tok/sec: 816,226 | mfu: 25.4% | epoch: 1 | remaining: 114s    
step 01167 (61.9%) | loss: 2.998444 | lrm: 0.45 | dt: 161ms | tok/sec: 816,498 | mfu: 25.4% | epoch: 1 | remaining: 114s    
step 01168 (62.0%) | loss: 2.991082 | lrm: 0.45 | dt: 161ms | tok/sec: 816,434 | mfu: 25.4% | epoch: 1 | remaining: 114s    
step 01169 (62.0%) | loss: 2.983791 | lrm: 0.45 | dt: 161ms | tok/sec: 815,985 | mfu: 25.4% | epoch: 1 | remaining: 114s    
step 01170 (62.1%) | loss: 2.981651 | lrm: 0.45 | dt: 161ms | tok/sec: 816,451 | mfu: 25.4% | epoch: 1 | remaining: 114s    
step 01171 (62.1%) | loss: 2.983171 | lrm: 0.45 | dt: 161ms | tok/sec: 816,607 | mfu: 25.4% | epoch: 1 | remaining: 113s    
step 01172 (62.2%) | loss: 2.977143 | lrm: 0.44 | dt: 160ms | tok/sec: 816,750 | mfu: 25.4% | epoch: 1 | remaining: 113s    
step 01173 (62.2%) | loss: 2.973587 | lrm: 0.44 | dt: 161ms | tok/sec: 816,378 | mfu: 25.4% | epoch: 1 | remaining: 113s    
step 01174 (62.3%) | loss: 2.971624 | lrm: 0.44 | dt: 161ms | tok/sec: 816,397 | mfu: 25.4% | epoch: 1 | remaining: 113s    
step 01175 (62.3%) | loss: 2.973108 | lrm: 0.44 | dt: 161ms | tok/sec: 816,475 | mfu: 25.4% | epoch: 1 | remaining: 113s    
step 01176 (62.4%) | loss: 2.969157 | lrm: 0.44 | dt: 161ms | tok/sec: 816,565 | mfu: 25.4% | epoch: 1 | remaining: 113s    
step 01177 (62.4%) | loss: 2.977961 | lrm: 0.44 | dt: 161ms | tok/sec: 816,477 | mfu: 25.4% | epoch: 1 | remaining: 113s    
step 01178 (62.5%) | loss: 2.979274 | lrm: 0.44 | dt: 161ms | tok/sec: 816,544 | mfu: 25.4% | epoch: 1 | remaining: 112s    
step 01179 (62.6%) | loss: 2.977574 | lrm: 0.44 | dt: 161ms | tok/sec: 816,403 | mfu: 25.4% | epoch: 1 | remaining: 112s    
step 01180 (62.6%) | loss: 2.983140 | lrm: 0.44 | dt: 161ms | tok/sec: 816,479 | mfu: 25.4% | epoch: 1 | remaining: 112s    
step 01181 (62.7%) | loss: 2.980230 | lrm: 0.44 | dt: 161ms | tok/sec: 816,476 | mfu: 25.4% | epoch: 1 | remaining: 112s    
step 01182 (62.7%) | loss: 2.982857 | lrm: 0.44 | dt: 160ms | tok/sec: 816,653 | mfu: 25.4% | epoch: 1 | remaining: 112s    
step 01183 (62.8%) | loss: 2.990365 | lrm: 0.44 | dt: 161ms | tok/sec: 816,462 | mfu: 25.4% | epoch: 1 | remaining: 112s    
step 01184 (62.8%) | loss: 2.994370 | lrm: 0.44 | dt: 161ms | tok/sec: 816,326 | mfu: 25.4% | epoch: 1 | remaining: 111s    
step 01185 (62.9%) | loss: 2.992021 | lrm: 0.44 | dt: 160ms | tok/sec: 816,873 | mfu: 25.5% | epoch: 1 | remaining: 111s    
step 01186 (62.9%) | loss: 2.999685 | lrm: 0.44 | dt: 161ms | tok/sec: 816,351 | mfu: 25.4% | epoch: 1 | remaining: 111s    
step 01187 (63.0%) | loss: 2.995711 | lrm: 0.44 | dt: 161ms | tok/sec: 816,581 | mfu: 25.4% | epoch: 1 | remaining: 111s    
step 01188 (63.0%) | loss: 2.990148 | lrm: 0.43 | dt: 161ms | tok/sec: 816,200 | mfu: 25.4% | epoch: 1 | remaining: 111s    
step 01189 (63.1%) | loss: 2.984760 | lrm: 0.43 | dt: 161ms | tok/sec: 816,434 | mfu: 25.4% | epoch: 1 | remaining: 111s    
step 01190 (63.1%) | loss: 2.988934 | lrm: 0.43 | dt: 161ms | tok/sec: 816,574 | mfu: 25.4% | epoch: 1 | remaining: 110s    
step 01191 (63.2%) | loss: 2.995235 | lrm: 0.43 | dt: 161ms | tok/sec: 816,008 | mfu: 25.4% | epoch: 1 | remaining: 110s    
step 01192 (63.2%) | loss: 2.997886 | lrm: 0.43 | dt: 161ms | tok/sec: 816,608 | mfu: 25.4% | epoch: 1 | remaining: 110s    
step 01193 (63.3%) | loss: 2.996121 | lrm: 0.43 | dt: 160ms | tok/sec: 816,671 | mfu: 25.4% | epoch: 1 | remaining: 110s    
step 01194 (63.4%) | loss: 2.988719 | lrm: 0.43 | dt: 160ms | tok/sec: 816,743 | mfu: 25.4% | epoch: 1 | remaining: 110s    
step 01195 (63.4%) | loss: 2.989073 | lrm: 0.43 | dt: 161ms | tok/sec: 816,549 | mfu: 25.4% | epoch: 1 | remaining: 110s    
step 01196 (63.5%) | loss: 2.993441 | lrm: 0.43 | dt: 161ms | tok/sec: 816,416 | mfu: 25.4% | epoch: 1 | remaining: 109s    
step 01197 (63.5%) | loss: 2.984142 | lrm: 0.43 | dt: 161ms | tok/sec: 816,534 | mfu: 25.4% | epoch: 1 | remaining: 109s    
step 01198 (63.6%) | loss: 2.978814 | lrm: 0.43 | dt: 161ms | tok/sec: 816,494 | mfu: 25.4% | epoch: 1 | remaining: 109s    
step 01199 (63.6%) | loss: 2.968317 | lrm: 0.43 | dt: 161ms | tok/sec: 816,629 | mfu: 25.4% | epoch: 1 | remaining: 109s    
step 01200 (63.7%) | loss: 2.964936 | lrm: 0.43 | dt: 161ms | tok/sec: 816,553 | mfu: 25.4% | epoch: 1 | remaining: 109s    
step 01201 (63.7%) | loss: 2.973006 | lrm: 0.43 | dt: 160ms | tok/sec: 816,878 | mfu: 25.5% | epoch: 1 | remaining: 109s    
step 01202 (63.8%) | loss: 2.977213 | lrm: 0.43 | dt: 160ms | tok/sec: 816,722 | mfu: 25.4% | epoch: 1 | remaining: 108s    
step 01203 (63.8%) | loss: 2.974207 | lrm: 0.43 | dt: 160ms | tok/sec: 816,857 | mfu: 25.4% | epoch: 1 | remaining: 108s    
step 01204 (63.9%) | loss: 2.971052 | lrm: 0.42 | dt: 160ms | tok/sec: 816,850 | mfu: 25.4% | epoch: 1 | remaining: 108s    
step 01205 (63.9%) | loss: 2.973045 | lrm: 0.42 | dt: 160ms | tok/sec: 816,942 | mfu: 25.5% | epoch: 1 | remaining: 108s    
step 01206 (64.0%) | loss: 2.972676 | lrm: 0.42 | dt: 160ms | tok/sec: 816,733 | mfu: 25.4% | epoch: 1 | remaining: 108s    
step 01207 (64.1%) | loss: 2.978684 | lrm: 0.42 | dt: 160ms | tok/sec: 816,652 | mfu: 25.4% | epoch: 1 | remaining: 108s    
step 01208 (64.1%) | loss: 2.978274 | lrm: 0.42 | dt: 161ms | tok/sec: 816,353 | mfu: 25.4% | epoch: 1 | remaining: 108s    
step 01209 (64.2%) | loss: 2.975319 | lrm: 0.42 | dt: 161ms | tok/sec: 815,718 | mfu: 25.4% | epoch: 1 | remaining: 107s    
step 01210 (64.2%) | loss: 2.979301 | lrm: 0.42 | dt: 161ms | tok/sec: 816,313 | mfu: 25.4% | epoch: 1 | remaining: 107s    
step 01211 (64.3%) | loss: 2.975229 | lrm: 0.42 | dt: 161ms | tok/sec: 816,214 | mfu: 25.4% | epoch: 1 | remaining: 107s    
step 01212 (64.3%) | loss: 2.981955 | lrm: 0.42 | dt: 161ms | tok/sec: 816,346 | mfu: 25.4% | epoch: 1 | remaining: 107s    
step 01213 (64.4%) | loss: 2.979283 | lrm: 0.42 | dt: 161ms | tok/sec: 816,385 | mfu: 25.4% | epoch: 1 | remaining: 107s    
step 01214 (64.4%) | loss: 2.977119 | lrm: 0.42 | dt: 161ms | tok/sec: 816,576 | mfu: 25.4% | epoch: 1 | remaining: 107s    
step 01215 (64.5%) | loss: 2.980022 | lrm: 0.42 | dt: 161ms | tok/sec: 816,502 | mfu: 25.4% | epoch: 1 | remaining: 106s    
step 01216 (64.5%) | loss: 2.977053 | lrm: 0.42 | dt: 161ms | tok/sec: 816,265 | mfu: 25.4% | epoch: 1 | remaining: 106s    
step 01217 (64.6%) | loss: 2.978974 | lrm: 0.42 | dt: 161ms | tok/sec: 816,500 | mfu: 25.4% | epoch: 1 | remaining: 106s    
step 01218 (64.6%) | loss: 2.977304 | lrm: 0.42 | dt: 161ms | tok/sec: 816,287 | mfu: 25.4% | epoch: 1 | remaining: 106s    
step 01219 (64.7%) | loss: 2.974292 | lrm: 0.42 | dt: 160ms | tok/sec: 816,833 | mfu: 25.4% | epoch: 1 | remaining: 106s    
step 01220 (64.7%) | loss: 2.970491 | lrm: 0.41 | dt: 161ms | tok/sec: 816,475 | mfu: 25.4% | epoch: 1 | remaining: 106s    
step 01221 (64.8%) | loss: 2.975545 | lrm: 0.41 | dt: 161ms | tok/sec: 815,975 | mfu: 25.4% | epoch: 1 | remaining: 105s    
step 01222 (64.9%) | loss: 2.975734 | lrm: 0.41 | dt: 161ms | tok/sec: 816,292 | mfu: 25.4% | epoch: 1 | remaining: 105s    
step 01223 (64.9%) | loss: 2.973450 | lrm: 0.41 | dt: 161ms | tok/sec: 816,149 | mfu: 25.4% | epoch: 1 | remaining: 105s    
step 01224 (65.0%) | loss: 2.973779 | lrm: 0.41 | dt: 161ms | tok/sec: 816,359 | mfu: 25.4% | epoch: 1 | remaining: 105s    
step 01225 (65.0%) | loss: 2.969427 | lrm: 0.41 | dt: 161ms | tok/sec: 816,151 | mfu: 25.4% | epoch: 1 | remaining: 105s    
step 01226 (65.1%) | loss: 2.962977 | lrm: 0.41 | dt: 161ms | tok/sec: 816,017 | mfu: 25.4% | epoch: 1 | remaining: 105s    
step 01227 (65.1%) | loss: 2.964102 | lrm: 0.41 | dt: 161ms | tok/sec: 816,002 | mfu: 25.4% | epoch: 1 | remaining: 104s    
step 01228 (65.2%) | loss: 2.961365 | lrm: 0.41 | dt: 161ms | tok/sec: 815,586 | mfu: 25.4% | epoch: 1 | remaining: 104s    
step 01229 (65.2%) | loss: 2.958898 | lrm: 0.41 | dt: 161ms | tok/sec: 814,237 | mfu: 25.4% | epoch: 1 | remaining: 104s    
step 01230 (65.3%) | loss: 2.957521 | lrm: 0.41 | dt: 161ms | tok/sec: 815,758 | mfu: 25.4% | epoch: 1 | remaining: 104s    
step 01231 (65.3%) | loss: 2.952502 | lrm: 0.41 | dt: 161ms | tok/sec: 815,998 | mfu: 25.4% | epoch: 1 | remaining: 104s    
step 01232 (65.4%) | loss: 2.949415 | lrm: 0.41 | dt: 161ms | tok/sec: 815,945 | mfu: 25.4% | epoch: 1 | remaining: 104s    
step 01233 (65.4%) | loss: 2.950133 | lrm: 0.41 | dt: 161ms | tok/sec: 816,367 | mfu: 25.4% | epoch: 1 | remaining: 104s    
step 01234 (65.5%) | loss: 2.953079 | lrm: 0.41 | dt: 161ms | tok/sec: 816,196 | mfu: 25.4% | epoch: 1 | remaining: 103s    
step 01235 (65.5%) | loss: 2.948956 | lrm: 0.41 | dt: 161ms | tok/sec: 816,123 | mfu: 25.4% | epoch: 1 | remaining: 103s    
step 01236 (65.6%) | loss: 2.949676 | lrm: 0.40 | dt: 161ms | tok/sec: 816,293 | mfu: 25.4% | epoch: 1 | remaining: 103s    
step 01237 (65.7%) | loss: 2.942278 | lrm: 0.40 | dt: 161ms | tok/sec: 816,505 | mfu: 25.4% | epoch: 1 | remaining: 103s    
step 01238 (65.7%) | loss: 2.942794 | lrm: 0.40 | dt: 161ms | tok/sec: 816,422 | mfu: 25.4% | epoch: 1 | remaining: 103s    
step 01239 (65.8%) | loss: 2.941359 | lrm: 0.40 | dt: 161ms | tok/sec: 816,588 | mfu: 25.4% | epoch: 1 | remaining: 103s    
step 01240 (65.8%) | loss: 2.943791 | lrm: 0.40 | dt: 161ms | tok/sec: 816,294 | mfu: 25.4% | epoch: 1 | remaining: 102s    
step 01241 (65.9%) | loss: 2.936980 | lrm: 0.40 | dt: 161ms | tok/sec: 816,103 | mfu: 25.4% | epoch: 1 | remaining: 102s    
step 01242 (65.9%) | loss: 2.941739 | lrm: 0.40 | dt: 161ms | tok/sec: 816,109 | mfu: 25.4% | epoch: 1 | remaining: 102s    
step 01243 (66.0%) | loss: 2.946590 | lrm: 0.40 | dt: 161ms | tok/sec: 816,088 | mfu: 25.4% | epoch: 1 | remaining: 102s    
step 01244 (66.0%) | loss: 2.942696 | lrm: 0.40 | dt: 161ms | tok/sec: 816,034 | mfu: 25.4% | epoch: 1 | remaining: 102s    
step 01245 (66.1%) | loss: 2.942160 | lrm: 0.40 | dt: 161ms | tok/sec: 816,246 | mfu: 25.4% | epoch: 1 | remaining: 102s    
step 01246 (66.1%) | loss: 2.946181 | lrm: 0.40 | dt: 161ms | tok/sec: 816,516 | mfu: 25.4% | epoch: 1 | remaining: 101s    
step 01247 (66.2%) | loss: 2.948929 | lrm: 0.40 | dt: 161ms | tok/sec: 816,433 | mfu: 25.4% | epoch: 1 | remaining: 101s    
step 01248 (66.2%) | loss: 2.950141 | lrm: 0.40 | dt: 161ms | tok/sec: 816,062 | mfu: 25.4% | epoch: 1 | remaining: 101s    
step 01249 (66.3%) | loss: 2.950581 | lrm: 0.40 | dt: 161ms | tok/sec: 815,730 | mfu: 25.4% | epoch: 1 | remaining: 101s    
step 01250 (66.4%) | loss: 2.949172 | lrm: 0.40 | dt: 161ms | tok/sec: 815,705 | mfu: 25.4% | epoch: 1 | remaining: 101s    
step 01251 (66.4%) | loss: 2.952530 | lrm: 0.40 | dt: 161ms | tok/sec: 816,380 | mfu: 25.4% | epoch: 1 | remaining: 101s    
step 01252 (66.5%) | loss: 2.952915 | lrm: 0.39 | dt: 161ms | tok/sec: 816,226 | mfu: 25.4% | epoch: 1 | remaining: 100s    
step 01253 (66.5%) | loss: 2.956585 | lrm: 0.39 | dt: 161ms | tok/sec: 816,452 | mfu: 25.4% | epoch: 1 | remaining: 100s    
step 01254 (66.6%) | loss: 2.954372 | lrm: 0.39 | dt: 161ms | tok/sec: 815,945 | mfu: 25.4% | epoch: 1 | remaining: 100s    
step 01255 (66.6%) | loss: 2.955814 | lrm: 0.39 | dt: 161ms | tok/sec: 816,291 | mfu: 25.4% | epoch: 1 | remaining: 100s    
step 01256 (66.7%) | loss: 2.947707 | lrm: 0.39 | dt: 161ms | tok/sec: 816,305 | mfu: 25.4% | epoch: 1 | remaining: 100s    
step 01257 (66.7%) | loss: 2.944511 | lrm: 0.39 | dt: 160ms | tok/sec: 816,692 | mfu: 25.4% | epoch: 1 | remaining: 100s    
step 01258 (66.8%) | loss: 2.943548 | lrm: 0.39 | dt: 161ms | tok/sec: 816,463 | mfu: 25.4% | epoch: 1 | remaining: 99s    
step 01259 (66.8%) | loss: 2.940319 | lrm: 0.39 | dt: 160ms | tok/sec: 816,709 | mfu: 25.4% | epoch: 1 | remaining: 99s    
step 01260 (66.9%) | loss: 2.939649 | lrm: 0.39 | dt: 160ms | tok/sec: 816,829 | mfu: 25.4% | epoch: 1 | remaining: 99s    
step 01261 (66.9%) | loss: 2.942290 | lrm: 0.39 | dt: 161ms | tok/sec: 816,621 | mfu: 25.4% | epoch: 1 | remaining: 99s    
step 01262 (67.0%) | loss: 2.941065 | lrm: 0.39 | dt: 161ms | tok/sec: 816,447 | mfu: 25.4% | epoch: 1 | remaining: 99s    
step 01263 (67.0%) | loss: 2.943757 | lrm: 0.39 | dt: 161ms | tok/sec: 816,458 | mfu: 25.4% | epoch: 1 | remaining: 99s    
step 01264 (67.1%) | loss: 2.949600 | lrm: 0.39 | dt: 160ms | tok/sec: 816,748 | mfu: 25.4% | epoch: 1 | remaining: 99s    
step 01265 (67.2%) | loss: 2.958944 | lrm: 0.39 | dt: 160ms | tok/sec: 816,824 | mfu: 25.4% | epoch: 1 | remaining: 98s    
step 01266 (67.2%) | loss: 2.960425 | lrm: 0.39 | dt: 160ms | tok/sec: 816,803 | mfu: 25.4% | epoch: 1 | remaining: 98s    
step 01267 (67.3%) | loss: 2.962461 | lrm: 0.39 | dt: 160ms | tok/sec: 816,653 | mfu: 25.4% | epoch: 1 | remaining: 98s    
step 01268 (67.3%) | loss: 2.960151 | lrm: 0.38 | dt: 161ms | tok/sec: 816,048 | mfu: 25.4% | epoch: 1 | remaining: 98s    
step 01269 (67.4%) | loss: 2.958327 | lrm: 0.38 | dt: 161ms | tok/sec: 816,157 | mfu: 25.4% | epoch: 1 | remaining: 98s    
step 01270 (67.4%) | loss: 2.956445 | lrm: 0.38 | dt: 160ms | tok/sec: 816,781 | mfu: 25.4% | epoch: 1 | remaining: 98s    
step 01271 (67.5%) | loss: 2.949037 | lrm: 0.38 | dt: 160ms | tok/sec: 816,766 | mfu: 25.4% | epoch: 1 | remaining: 97s    
step 01272 (67.5%) | loss: 2.956124 | lrm: 0.38 | dt: 161ms | tok/sec: 816,576 | mfu: 25.4% | epoch: 1 | remaining: 97s    
step 01273 (67.6%) | loss: 2.953960 | lrm: 0.38 | dt: 161ms | tok/sec: 816,342 | mfu: 25.4% | epoch: 1 | remaining: 97s    
step 01274 (67.6%) | loss: 2.951447 | lrm: 0.38 | dt: 161ms | tok/sec: 816,368 | mfu: 25.4% | epoch: 1 | remaining: 97s    
step 01275 (67.7%) | loss: 2.950494 | lrm: 0.38 | dt: 161ms | tok/sec: 816,457 | mfu: 25.4% | epoch: 1 | remaining: 97s    
step 01276 (67.7%) | loss: 2.951071 | lrm: 0.38 | dt: 161ms | tok/sec: 816,080 | mfu: 25.4% | epoch: 1 | remaining: 97s    
step 01277 (67.8%) | loss: 2.955163 | lrm: 0.38 | dt: 161ms | tok/sec: 816,557 | mfu: 25.4% | epoch: 1 | remaining: 96s    
step 01278 (67.9%) | loss: 2.959145 | lrm: 0.38 | dt: 160ms | tok/sec: 816,703 | mfu: 25.4% | epoch: 1 | remaining: 96s    
step 01279 (67.9%) | loss: 2.956542 | lrm: 0.38 | dt: 161ms | tok/sec: 816,639 | mfu: 25.4% | epoch: 1 | remaining: 96s    
step 01280 (68.0%) | loss: 2.954946 | lrm: 0.38 | dt: 160ms | tok/sec: 816,966 | mfu: 25.5% | epoch: 1 | remaining: 96s    
step 01281 (68.0%) | loss: 2.951536 | lrm: 0.38 | dt: 161ms | tok/sec: 816,587 | mfu: 25.4% | epoch: 1 | remaining: 96s    
step 01282 (68.1%) | loss: 2.940893 | lrm: 0.38 | dt: 160ms | tok/sec: 816,651 | mfu: 25.4% | epoch: 1 | remaining: 96s    
step 01283 (68.1%) | loss: 2.951458 | lrm: 0.38 | dt: 160ms | tok/sec: 816,889 | mfu: 25.5% | epoch: 1 | remaining: 95s    
step 01284 (68.2%) | loss: 2.955788 | lrm: 0.37 | dt: 160ms | tok/sec: 816,867 | mfu: 25.5% | epoch: 1 | remaining: 95s    
step 01285 (68.2%) | loss: 2.954464 | lrm: 0.37 | dt: 160ms | tok/sec: 816,835 | mfu: 25.4% | epoch: 1 | remaining: 95s    
step 01286 (68.3%) | loss: 2.957431 | lrm: 0.37 | dt: 160ms | tok/sec: 816,662 | mfu: 25.4% | epoch: 1 | remaining: 95s    
step 01287 (68.3%) | loss: 2.961996 | lrm: 0.37 | dt: 161ms | tok/sec: 816,530 | mfu: 25.4% | epoch: 1 | remaining: 95s    
step 01288 (68.4%) | loss: 2.957750 | lrm: 0.37 | dt: 160ms | tok/sec: 816,771 | mfu: 25.4% | epoch: 1 | remaining: 95s    
step 01289 (68.4%) | loss: 2.955439 | lrm: 0.37 | dt: 160ms | tok/sec: 816,710 | mfu: 25.4% | epoch: 1 | remaining: 95s    
step 01290 (68.5%) | loss: 2.952940 | lrm: 0.37 | dt: 160ms | tok/sec: 816,748 | mfu: 25.4% | epoch: 1 | remaining: 94s    
step 01291 (68.5%) | loss: 2.950013 | lrm: 0.37 | dt: 160ms | tok/sec: 816,676 | mfu: 25.4% | epoch: 1 | remaining: 94s    
step 01292 (68.6%) | loss: 2.944016 | lrm: 0.37 | dt: 160ms | tok/sec: 816,826 | mfu: 25.4% | epoch: 1 | remaining: 94s    
step 01293 (68.7%) | loss: 2.953821 | lrm: 0.37 | dt: 160ms | tok/sec: 816,804 | mfu: 25.4% | epoch: 1 | remaining: 94s    
step 01294 (68.7%) | loss: 2.949282 | lrm: 0.37 | dt: 160ms | tok/sec: 816,890 | mfu: 25.5% | epoch: 1 | remaining: 94s    
step 01295 (68.8%) | loss: 2.948028 | lrm: 0.37 | dt: 160ms | tok/sec: 816,652 | mfu: 25.4% | epoch: 1 | remaining: 94s    
step 01296 (68.8%) | loss: 2.948475 | lrm: 0.37 | dt: 161ms | tok/sec: 816,606 | mfu: 25.4% | epoch: 1 | remaining: 93s    
step 01297 (68.9%) | loss: 2.943243 | lrm: 0.37 | dt: 160ms | tok/sec: 816,752 | mfu: 25.4% | epoch: 1 | remaining: 93s    
step 01298 (68.9%) | loss: 2.946632 | lrm: 0.37 | dt: 161ms | tok/sec: 816,639 | mfu: 25.4% | epoch: 1 | remaining: 93s    
step 01299 (69.0%) | loss: 2.944479 | lrm: 0.37 | dt: 160ms | tok/sec: 816,817 | mfu: 25.4% | epoch: 1 | remaining: 93s    
step 01300 (69.0%) | loss: 2.945588 | lrm: 0.36 | dt: 161ms | tok/sec: 816,594 | mfu: 25.4% | epoch: 1 | remaining: 93s    
step 01301 (69.1%) | loss: 2.936990 | lrm: 0.36 | dt: 160ms | tok/sec: 816,783 | mfu: 25.4% | epoch: 1 | remaining: 93s    
step 01302 (69.1%) | loss: 2.943149 | lrm: 0.36 | dt: 161ms | tok/sec: 816,351 | mfu: 25.4% | epoch: 1 | remaining: 92s    
step 01303 (69.2%) | loss: 2.934770 | lrm: 0.36 | dt: 161ms | tok/sec: 816,339 | mfu: 25.4% | epoch: 1 | remaining: 92s    
step 01304 (69.2%) | loss: 2.936832 | lrm: 0.36 | dt: 161ms | tok/sec: 816,296 | mfu: 25.4% | epoch: 1 | remaining: 92s    
step 01305 (69.3%) | loss: 2.927788 | lrm: 0.36 | dt: 161ms | tok/sec: 816,217 | mfu: 25.4% | epoch: 1 | remaining: 92s    
step 01306 (69.3%) | loss: 2.927652 | lrm: 0.36 | dt: 161ms | tok/sec: 816,107 | mfu: 25.4% | epoch: 1 | remaining: 92s    
step 01307 (69.4%) | loss: 2.939300 | lrm: 0.36 | dt: 161ms | tok/sec: 816,187 | mfu: 25.4% | epoch: 1 | remaining: 92s    
step 01308 (69.5%) | loss: 2.939805 | lrm: 0.36 | dt: 161ms | tok/sec: 816,491 | mfu: 25.4% | epoch: 1 | remaining: 91s    
step 01309 (69.5%) | loss: 2.945027 | lrm: 0.36 | dt: 161ms | tok/sec: 816,187 | mfu: 25.4% | epoch: 1 | remaining: 91s    
step 01310 (69.6%) | loss: 2.955058 | lrm: 0.36 | dt: 161ms | tok/sec: 816,371 | mfu: 25.4% | epoch: 1 | remaining: 91s    
step 01311 (69.6%) | loss: 2.953767 | lrm: 0.36 | dt: 161ms | tok/sec: 816,434 | mfu: 25.4% | epoch: 1 | remaining: 91s    
step 01312 (69.7%) | loss: 2.944645 | lrm: 0.36 | dt: 161ms | tok/sec: 816,502 | mfu: 25.4% | epoch: 1 | remaining: 91s    
step 01313 (69.7%) | loss: 2.944037 | lrm: 0.36 | dt: 161ms | tok/sec: 816,593 | mfu: 25.4% | epoch: 1 | remaining: 91s    
step 01314 (69.8%) | loss: 2.937786 | lrm: 0.36 | dt: 161ms | tok/sec: 816,463 | mfu: 25.4% | epoch: 1 | remaining: 91s    
step 01315 (69.8%) | loss: 2.936471 | lrm: 0.35 | dt: 161ms | tok/sec: 816,582 | mfu: 25.4% | epoch: 1 | remaining: 90s    
step 01316 (69.9%) | loss: 2.937396 | lrm: 0.35 | dt: 161ms | tok/sec: 816,183 | mfu: 25.4% | epoch: 1 | remaining: 90s    
step 01317 (69.9%) | loss: 2.938033 | lrm: 0.35 | dt: 161ms | tok/sec: 816,579 | mfu: 25.4% | epoch: 1 | remaining: 90s    
step 01318 (70.0%) | loss: 2.946267 | lrm: 0.35 | dt: 160ms | tok/sec: 816,676 | mfu: 25.4% | epoch: 1 | remaining: 90s    
step 01319 (70.0%) | loss: 2.944061 | lrm: 0.35 | dt: 161ms | tok/sec: 816,618 | mfu: 25.4% | epoch: 1 | remaining: 90s    
step 01320 (70.1%) | loss: 2.948098 | lrm: 0.35 | dt: 161ms | tok/sec: 816,439 | mfu: 25.4% | epoch: 1 | remaining: 90s    
step 01321 (70.2%) | loss: 2.948248 | lrm: 0.35 | dt: 161ms | tok/sec: 816,532 | mfu: 25.4% | epoch: 1 | remaining: 89s    
step 01322 (70.2%) | loss: 2.941344 | lrm: 0.35 | dt: 161ms | tok/sec: 816,611 | mfu: 25.4% | epoch: 1 | remaining: 89s    
step 01323 (70.3%) | loss: 2.944618 | lrm: 0.35 | dt: 160ms | tok/sec: 816,787 | mfu: 25.4% | epoch: 1 | remaining: 89s    
step 01324 (70.3%) | loss: 2.946405 | lrm: 0.35 | dt: 161ms | tok/sec: 816,644 | mfu: 25.4% | epoch: 1 | remaining: 89s    
step 01325 (70.4%) | loss: 2.944277 | lrm: 0.35 | dt: 160ms | tok/sec: 816,695 | mfu: 25.4% | epoch: 1 | remaining: 89s    
step 01326 (70.4%) | loss: 2.945802 | lrm: 0.35 | dt: 161ms | tok/sec: 816,639 | mfu: 25.4% | epoch: 1 | remaining: 89s    
step 01327 (70.5%) | loss: 2.948498 | lrm: 0.35 | dt: 160ms | tok/sec: 816,881 | mfu: 25.5% | epoch: 1 | remaining: 88s    
step 01328 (70.5%) | loss: 2.946789 | lrm: 0.35 | dt: 160ms | tok/sec: 816,770 | mfu: 25.4% | epoch: 1 | remaining: 88s    
step 01329 (70.6%) | loss: 2.953989 | lrm: 0.35 | dt: 160ms | tok/sec: 816,688 | mfu: 25.4% | epoch: 1 | remaining: 88s    
step 01330 (70.6%) | loss: 2.947806 | lrm: 0.35 | dt: 160ms | tok/sec: 816,650 | mfu: 25.4% | epoch: 1 | remaining: 88s    
step 01331 (70.7%) | loss: 2.951274 | lrm: 0.34 | dt: 160ms | tok/sec: 816,775 | mfu: 25.4% | epoch: 1 | remaining: 88s    
step 01332 (70.7%) | loss: 2.950419 | lrm: 0.34 | dt: 160ms | tok/sec: 816,733 | mfu: 25.4% | epoch: 1 | remaining: 88s    
step 01333 (70.8%) | loss: 2.954215 | lrm: 0.34 | dt: 160ms | tok/sec: 816,775 | mfu: 25.4% | epoch: 1 | remaining: 87s    
step 01334 (70.8%) | loss: 2.948905 | lrm: 0.34 | dt: 160ms | tok/sec: 816,741 | mfu: 25.4% | epoch: 1 | remaining: 87s    
step 01335 (70.9%) | loss: 2.951536 | lrm: 0.34 | dt: 160ms | tok/sec: 816,703 | mfu: 25.4% | epoch: 1 | remaining: 87s    
step 01336 (71.0%) | loss: 2.950970 | lrm: 0.34 | dt: 160ms | tok/sec: 816,828 | mfu: 25.4% | epoch: 1 | remaining: 87s    
step 01337 (71.0%) | loss: 2.949914 | lrm: 0.34 | dt: 161ms | tok/sec: 816,567 | mfu: 25.4% | epoch: 1 | remaining: 87s    
step 01338 (71.1%) | loss: 2.945860 | lrm: 0.34 | dt: 161ms | tok/sec: 816,496 | mfu: 25.4% | epoch: 1 | remaining: 87s    
step 01339 (71.1%) | loss: 2.947236 | lrm: 0.34 | dt: 161ms | tok/sec: 816,565 | mfu: 25.4% | epoch: 1 | remaining: 86s    
step 01340 (71.2%) | loss: 2.949792 | lrm: 0.34 | dt: 161ms | tok/sec: 816,536 | mfu: 25.4% | epoch: 1 | remaining: 86s    
step 01341 (71.2%) | loss: 2.949267 | lrm: 0.34 | dt: 161ms | tok/sec: 816,458 | mfu: 25.4% | epoch: 1 | remaining: 86s    
step 01342 (71.3%) | loss: 2.946552 | lrm: 0.34 | dt: 161ms | tok/sec: 816,621 | mfu: 25.4% | epoch: 1 | remaining: 86s    
step 01343 (71.3%) | loss: 2.944560 | lrm: 0.34 | dt: 161ms | tok/sec: 816,601 | mfu: 25.4% | epoch: 1 | remaining: 86s    
step 01344 (71.4%) | loss: 2.941228 | lrm: 0.34 | dt: 160ms | tok/sec: 816,704 | mfu: 25.4% | epoch: 1 | remaining: 86s    
step 01345 (71.4%) | loss: 2.928094 | lrm: 0.34 | dt: 160ms | tok/sec: 816,977 | mfu: 25.5% | epoch: 1 | remaining: 86s    
step 01346 (71.5%) | loss: 2.932916 | lrm: 0.34 | dt: 161ms | tok/sec: 816,521 | mfu: 25.4% | epoch: 1 | remaining: 85s    
step 01347 (71.5%) | loss: 2.934690 | lrm: 0.33 | dt: 160ms | tok/sec: 816,735 | mfu: 25.4% | epoch: 1 | remaining: 85s    
step 01348 (71.6%) | loss: 2.939187 | lrm: 0.33 | dt: 160ms | tok/sec: 816,781 | mfu: 25.4% | epoch: 1 | remaining: 85s    
step 01349 (71.6%) | loss: 2.936737 | lrm: 0.33 | dt: 160ms | tok/sec: 816,771 | mfu: 25.4% | epoch: 1 | remaining: 85s    
step 01350 (71.7%) | loss: 2.947249 | lrm: 0.33 | dt: 161ms | tok/sec: 816,591 | mfu: 25.4% | epoch: 1 | remaining: 85s    
step 01351 (71.8%) | loss: 2.946054 | lrm: 0.33 | dt: 161ms | tok/sec: 816,459 | mfu: 25.4% | epoch: 1 | remaining: 85s    
step 01352 (71.8%) | loss: 2.944300 | lrm: 0.33 | dt: 161ms | tok/sec: 816,601 | mfu: 25.4% | epoch: 1 | remaining: 84s    
step 01353 (71.9%) | loss: 2.939954 | lrm: 0.33 | dt: 161ms | tok/sec: 816,635 | mfu: 25.4% | epoch: 1 | remaining: 84s    
step 01354 (71.9%) | loss: 2.935216 | lrm: 0.33 | dt: 160ms | tok/sec: 816,792 | mfu: 25.4% | epoch: 1 | remaining: 84s    
step 01355 (72.0%) | loss: 2.937127 | lrm: 0.33 | dt: 160ms | tok/sec: 816,773 | mfu: 25.4% | epoch: 1 | remaining: 84s    
step 01356 (72.0%) | loss: 2.938133 | lrm: 0.33 | dt: 160ms | tok/sec: 816,907 | mfu: 25.5% | epoch: 1 | remaining: 84s    
step 01357 (72.1%) | loss: 2.938146 | lrm: 0.33 | dt: 160ms | tok/sec: 816,811 | mfu: 25.4% | epoch: 1 | remaining: 84s    
step 01358 (72.1%) | loss: 2.937072 | lrm: 0.33 | dt: 161ms | tok/sec: 816,434 | mfu: 25.4% | epoch: 1 | remaining: 83s    
step 01359 (72.2%) | loss: 2.940063 | lrm: 0.33 | dt: 160ms | tok/sec: 816,733 | mfu: 25.4% | epoch: 1 | remaining: 83s    
step 01360 (72.2%) | loss: 2.931373 | lrm: 0.33 | dt: 161ms | tok/sec: 816,520 | mfu: 25.4% | epoch: 1 | remaining: 83s    
step 01361 (72.3%) | loss: 2.926693 | lrm: 0.33 | dt: 161ms | tok/sec: 816,537 | mfu: 25.4% | epoch: 1 | remaining: 83s    
step 01362 (72.3%) | loss: 2.934693 | lrm: 0.33 | dt: 161ms | tok/sec: 816,550 | mfu: 25.4% | epoch: 1 | remaining: 83s    
step 01363 (72.4%) | loss: 2.932434 | lrm: 0.32 | dt: 161ms | tok/sec: 816,509 | mfu: 25.4% | epoch: 1 | remaining: 83s    
step 01364 (72.5%) | loss: 2.934936 | lrm: 0.32 | dt: 160ms | tok/sec: 816,977 | mfu: 25.5% | epoch: 1 | remaining: 82s    
step 01365 (72.5%) | loss: 2.938387 | lrm: 0.32 | dt: 160ms | tok/sec: 816,959 | mfu: 25.5% | epoch: 1 | remaining: 82s    
step 01366 (72.6%) | loss: 2.942176 | lrm: 0.32 | dt: 161ms | tok/sec: 816,579 | mfu: 25.4% | epoch: 1 | remaining: 82s    
step 01367 (72.6%) | loss: 2.947595 | lrm: 0.32 | dt: 161ms | tok/sec: 816,551 | mfu: 25.4% | epoch: 1 | remaining: 82s    
step 01368 (72.7%) | loss: 2.947184 | lrm: 0.32 | dt: 160ms | tok/sec: 816,696 | mfu: 25.4% | epoch: 1 | remaining: 82s    
step 01369 (72.7%) | loss: 2.940325 | lrm: 0.32 | dt: 160ms | tok/sec: 816,852 | mfu: 25.4% | epoch: 1 | remaining: 82s    
step 01370 (72.8%) | loss: 2.941357 | lrm: 0.32 | dt: 160ms | tok/sec: 816,671 | mfu: 25.4% | epoch: 1 | remaining: 82s    
step 01371 (72.8%) | loss: 2.943837 | lrm: 0.32 | dt: 160ms | tok/sec: 816,657 | mfu: 25.4% | epoch: 1 | remaining: 81s    
step 01372 (72.9%) | loss: 2.947604 | lrm: 0.32 | dt: 161ms | tok/sec: 816,610 | mfu: 25.4% | epoch: 1 | remaining: 81s    
step 01373 (72.9%) | loss: 2.950081 | lrm: 0.32 | dt: 161ms | tok/sec: 816,315 | mfu: 25.4% | epoch: 1 | remaining: 81s    
step 01374 (73.0%) | loss: 2.945032 | lrm: 0.32 | dt: 160ms | tok/sec: 816,745 | mfu: 25.4% | epoch: 1 | remaining: 81s    
step 01375 (73.0%) | loss: 2.941235 | lrm: 0.32 | dt: 161ms | tok/sec: 816,613 | mfu: 25.4% | epoch: 1 | remaining: 81s    
step 01376 (73.1%) | loss: 2.948420 | lrm: 0.32 | dt: 161ms | tok/sec: 816,638 | mfu: 25.4% | epoch: 1 | remaining: 81s    
step 01377 (73.1%) | loss: 2.950079 | lrm: 0.32 | dt: 160ms | tok/sec: 816,715 | mfu: 25.4% | epoch: 1 | remaining: 80s    
step 01378 (73.2%) | loss: 2.952109 | lrm: 0.32 | dt: 161ms | tok/sec: 816,599 | mfu: 25.4% | epoch: 1 | remaining: 80s    
step 01379 (73.3%) | loss: 2.947905 | lrm: 0.31 | dt: 161ms | tok/sec: 816,511 | mfu: 25.4% | epoch: 1 | remaining: 80s    
step 01380 (73.3%) | loss: 2.950747 | lrm: 0.31 | dt: 161ms | tok/sec: 816,644 | mfu: 25.4% | epoch: 1 | remaining: 80s    
step 01381 (73.4%) | loss: 2.946573 | lrm: 0.31 | dt: 161ms | tok/sec: 816,479 | mfu: 25.4% | epoch: 1 | remaining: 80s    
step 01382 (73.4%) | loss: 2.947869 | lrm: 0.31 | dt: 161ms | tok/sec: 816,393 | mfu: 25.4% | epoch: 1 | remaining: 80s    
step 01383 (73.5%) | loss: 2.956275 | lrm: 0.31 | dt: 161ms | tok/sec: 816,469 | mfu: 25.4% | epoch: 1 | remaining: 79s    
step 01384 (73.5%) | loss: 2.953804 | lrm: 0.31 | dt: 160ms | tok/sec: 816,651 | mfu: 25.4% | epoch: 1 | remaining: 79s    
step 01385 (73.6%) | loss: 2.949902 | lrm: 0.31 | dt: 161ms | tok/sec: 816,614 | mfu: 25.4% | epoch: 1 | remaining: 79s    
step 01386 (73.6%) | loss: 2.941801 | lrm: 0.31 | dt: 161ms | tok/sec: 816,269 | mfu: 25.4% | epoch: 1 | remaining: 79s    
step 01387 (73.7%) | loss: 2.942443 | lrm: 0.31 | dt: 161ms | tok/sec: 816,591 | mfu: 25.4% | epoch: 1 | remaining: 79s    
step 01388 (73.7%) | loss: 2.945305 | lrm: 0.31 | dt: 161ms | tok/sec: 816,612 | mfu: 25.4% | epoch: 1 | remaining: 79s    
step 01389 (73.8%) | loss: 2.941991 | lrm: 0.31 | dt: 161ms | tok/sec: 816,304 | mfu: 25.4% | epoch: 1 | remaining: 78s    
step 01390 (73.8%) | loss: 2.938833 | lrm: 0.31 | dt: 161ms | tok/sec: 816,473 | mfu: 25.4% | epoch: 1 | remaining: 78s    
step 01391 (73.9%) | loss: 2.933276 | lrm: 0.31 | dt: 161ms | tok/sec: 816,582 | mfu: 25.4% | epoch: 1 | remaining: 78s    
step 01392 (74.0%) | loss: 2.931423 | lrm: 0.31 | dt: 160ms | tok/sec: 816,713 | mfu: 25.4% | epoch: 1 | remaining: 78s    
step 01393 (74.0%) | loss: 2.933914 | lrm: 0.31 | dt: 161ms | tok/sec: 816,416 | mfu: 25.4% | epoch: 1 | remaining: 78s    
step 01394 (74.1%) | loss: 2.933117 | lrm: 0.31 | dt: 161ms | tok/sec: 816,556 | mfu: 25.4% | epoch: 1 | remaining: 78s    
step 01395 (74.1%) | loss: 2.930893 | lrm: 0.30 | dt: 160ms | tok/sec: 816,829 | mfu: 25.4% | epoch: 1 | remaining: 78s    
step 01396 (74.2%) | loss: 2.927697 | lrm: 0.30 | dt: 160ms | tok/sec: 816,664 | mfu: 25.4% | epoch: 1 | remaining: 77s    
step 01397 (74.2%) | loss: 2.925075 | lrm: 0.30 | dt: 160ms | tok/sec: 816,809 | mfu: 25.4% | epoch: 1 | remaining: 77s    
step 01398 (74.3%) | loss: 2.928339 | lrm: 0.30 | dt: 160ms | tok/sec: 816,778 | mfu: 25.4% | epoch: 1 | remaining: 77s    
step 01399 (74.3%) | loss: 2.926517 | lrm: 0.30 | dt: 161ms | tok/sec: 816,356 | mfu: 25.4% | epoch: 1 | remaining: 77s    
step 01400 (74.4%) | loss: 2.927102 | lrm: 0.30 | dt: 161ms | tok/sec: 816,612 | mfu: 25.4% | epoch: 1 | remaining: 77s    
step 01401 (74.4%) | loss: 2.926728 | lrm: 0.30 | dt: 160ms | tok/sec: 816,743 | mfu: 25.4% | epoch: 1 | remaining: 77s    
step 01402 (74.5%) | loss: 2.927513 | lrm: 0.30 | dt: 161ms | tok/sec: 816,579 | mfu: 25.4% | epoch: 1 | remaining: 76s    
step 01403 (74.5%) | loss: 2.926791 | lrm: 0.30 | dt: 161ms | tok/sec: 816,315 | mfu: 25.4% | epoch: 1 | remaining: 76s    
step 01404 (74.6%) | loss: 2.925584 | lrm: 0.30 | dt: 161ms | tok/sec: 816,388 | mfu: 25.4% | epoch: 1 | remaining: 76s    
step 01405 (74.6%) | loss: 2.927197 | lrm: 0.30 | dt: 161ms | tok/sec: 816,577 | mfu: 25.4% | epoch: 1 | remaining: 76s    
step 01406 (74.7%) | loss: 2.922593 | lrm: 0.30 | dt: 161ms | tok/sec: 816,566 | mfu: 25.4% | epoch: 1 | remaining: 76s    
step 01407 (74.8%) | loss: 2.927643 | lrm: 0.30 | dt: 161ms | tok/sec: 816,365 | mfu: 25.4% | epoch: 1 | remaining: 76s    
step 01408 (74.8%) | loss: 2.923080 | lrm: 0.30 | dt: 161ms | tok/sec: 812,164 | mfu: 25.3% | epoch: 1 | remaining: 75s    
step 01409 (74.9%) | loss: 2.923238 | lrm: 0.30 | dt: 161ms | tok/sec: 816,144 | mfu: 25.4% | epoch: 1 | remaining: 75s    
step 01410 (74.9%) | loss: 2.918858 | lrm: 0.30 | dt: 161ms | tok/sec: 816,585 | mfu: 25.4% | epoch: 1 | remaining: 75s    
step 01411 (75.0%) | loss: 2.921448 | lrm: 0.29 | dt: 162ms | tok/sec: 811,460 | mfu: 25.3% | epoch: 1 | remaining: 75s    
step 01412 (75.0%) | loss: 2.931367 | lrm: 0.29 | dt: 161ms | tok/sec: 814,972 | mfu: 25.4% | epoch: 1 | remaining: 75s    
step 01413 (75.1%) | loss: 2.928706 | lrm: 0.29 | dt: 161ms | tok/sec: 815,810 | mfu: 25.4% | epoch: 1 | remaining: 75s    
step 01414 (75.1%) | loss: 2.930895 | lrm: 0.29 | dt: 161ms | tok/sec: 816,270 | mfu: 25.4% | epoch: 1 | remaining: 74s    
step 01415 (75.2%) | loss: 2.929625 | lrm: 0.29 | dt: 161ms | tok/sec: 816,309 | mfu: 25.4% | epoch: 1 | remaining: 74s    
step 01416 (75.2%) | loss: 2.926451 | lrm: 0.29 | dt: 161ms | tok/sec: 816,044 | mfu: 25.4% | epoch: 1 | remaining: 74s    
step 01417 (75.3%) | loss: 2.923575 | lrm: 0.29 | dt: 161ms | tok/sec: 816,422 | mfu: 25.4% | epoch: 1 | remaining: 74s    
step 01418 (75.3%) | loss: 2.922538 | lrm: 0.29 | dt: 163ms | tok/sec: 803,615 | mfu: 25.0% | epoch: 1 | remaining: 74s    
step 01419 (75.4%) | loss: 2.916402 | lrm: 0.29 | dt: 161ms | tok/sec: 815,895 | mfu: 25.4% | epoch: 1 | remaining: 74s    
step 01420 (75.5%) | loss: 2.916488 | lrm: 0.29 | dt: 161ms | tok/sec: 816,160 | mfu: 25.4% | epoch: 1 | remaining: 73s    
step 01421 (75.5%) | loss: 2.923283 | lrm: 0.29 | dt: 161ms | tok/sec: 816,355 | mfu: 25.4% | epoch: 1 | remaining: 73s    
step 01422 (75.6%) | loss: 2.915351 | lrm: 0.29 | dt: 161ms | tok/sec: 816,248 | mfu: 25.4% | epoch: 1 | remaining: 73s    
step 01423 (75.6%) | loss: 2.914304 | lrm: 0.29 | dt: 161ms | tok/sec: 816,379 | mfu: 25.4% | epoch: 1 | remaining: 73s    
step 01424 (75.7%) | loss: 2.918771 | lrm: 0.29 | dt: 161ms | tok/sec: 816,340 | mfu: 25.4% | epoch: 1 | remaining: 73s    
step 01425 (75.7%) | loss: 2.916867 | lrm: 0.29 | dt: 161ms | tok/sec: 816,071 | mfu: 25.4% | epoch: 1 | remaining: 73s    
step 01426 (75.8%) | loss: 2.922103 | lrm: 0.29 | dt: 161ms | tok/sec: 816,325 | mfu: 25.4% | epoch: 1 | remaining: 73s    
step 01427 (75.8%) | loss: 2.925393 | lrm: 0.28 | dt: 161ms | tok/sec: 816,332 | mfu: 25.4% | epoch: 1 | remaining: 72s    
step 01428 (75.9%) | loss: 2.919381 | lrm: 0.28 | dt: 162ms | tok/sec: 807,806 | mfu: 25.2% | epoch: 1 | remaining: 72s    
step 01429 (75.9%) | loss: 2.914070 | lrm: 0.28 | dt: 161ms | tok/sec: 816,248 | mfu: 25.4% | epoch: 1 | remaining: 72s    
step 01430 (76.0%) | loss: 2.917306 | lrm: 0.28 | dt: 161ms | tok/sec: 816,554 | mfu: 25.4% | epoch: 1 | remaining: 72s    
step 01431 (76.0%) | loss: 2.922735 | lrm: 0.28 | dt: 161ms | tok/sec: 816,485 | mfu: 25.4% | epoch: 1 | remaining: 72s    
step 01432 (76.1%) | loss: 2.914093 | lrm: 0.28 | dt: 161ms | tok/sec: 816,430 | mfu: 25.4% | epoch: 1 | remaining: 72s    
step 01433 (76.1%) | loss: 2.914144 | lrm: 0.28 | dt: 161ms | tok/sec: 816,451 | mfu: 25.4% | epoch: 1 | remaining: 71s    
step 01434 (76.2%) | loss: 2.920510 | lrm: 0.28 | dt: 160ms | tok/sec: 816,977 | mfu: 25.5% | epoch: 1 | remaining: 71s    
step 01435 (76.3%) | loss: 2.920644 | lrm: 0.28 | dt: 160ms | tok/sec: 816,749 | mfu: 25.4% | epoch: 1 | remaining: 71s    
step 01436 (76.3%) | loss: 2.918466 | lrm: 0.28 | dt: 161ms | tok/sec: 816,331 | mfu: 25.4% | epoch: 1 | remaining: 71s    
step 01437 (76.4%) | loss: 2.916020 | lrm: 0.28 | dt: 161ms | tok/sec: 816,513 | mfu: 25.4% | epoch: 1 | remaining: 71s    
step 01438 (76.4%) | loss: 2.921656 | lrm: 0.28 | dt: 161ms | tok/sec: 816,439 | mfu: 25.4% | epoch: 1 | remaining: 71s    
step 01439 (76.5%) | loss: 2.920912 | lrm: 0.28 | dt: 160ms | tok/sec: 816,727 | mfu: 25.4% | epoch: 1 | remaining: 70s    
step 01440 (76.5%) | loss: 2.925099 | lrm: 0.28 | dt: 160ms | tok/sec: 816,698 | mfu: 25.4% | epoch: 1 | remaining: 70s    
step 01441 (76.6%) | loss: 2.917870 | lrm: 0.28 | dt: 160ms | tok/sec: 816,742 | mfu: 25.4% | epoch: 1 | remaining: 70s    
step 01442 (76.6%) | loss: 2.915745 | lrm: 0.27 | dt: 161ms | tok/sec: 816,568 | mfu: 25.4% | epoch: 1 | remaining: 70s    
step 01443 (76.7%) | loss: 2.917113 | lrm: 0.27 | dt: 160ms | tok/sec: 816,799 | mfu: 25.4% | epoch: 1 | remaining: 70s    
step 01444 (76.7%) | loss: 2.916360 | lrm: 0.27 | dt: 160ms | tok/sec: 816,713 | mfu: 25.4% | epoch: 1 | remaining: 70s    
step 01445 (76.8%) | loss: 2.914698 | lrm: 0.27 | dt: 161ms | tok/sec: 816,090 | mfu: 25.4% | epoch: 1 | remaining: 69s    
step 01446 (76.8%) | loss: 2.917365 | lrm: 0.27 | dt: 161ms | tok/sec: 816,520 | mfu: 25.4% | epoch: 1 | remaining: 69s    
step 01447 (76.9%) | loss: 2.916153 | lrm: 0.27 | dt: 161ms | tok/sec: 816,231 | mfu: 25.4% | epoch: 1 | remaining: 69s    
step 01448 (76.9%) | loss: 2.905178 | lrm: 0.27 | dt: 161ms | tok/sec: 815,821 | mfu: 25.4% | epoch: 1 | remaining: 69s    
step 01449 (77.0%) | loss: 2.904774 | lrm: 0.27 | dt: 161ms | tok/sec: 815,960 | mfu: 25.4% | epoch: 1 | remaining: 69s    
step 01450 (77.1%) | loss: 2.899147 | lrm: 0.27 | dt: 161ms | tok/sec: 815,748 | mfu: 25.4% | epoch: 1 | remaining: 69s    
step 01451 (77.1%) | loss: 2.900012 | lrm: 0.27 | dt: 161ms | tok/sec: 815,743 | mfu: 25.4% | epoch: 1 | remaining: 69s    
step 01452 (77.2%) | loss: 2.901529 | lrm: 0.27 | dt: 161ms | tok/sec: 813,953 | mfu: 25.4% | epoch: 1 | remaining: 68s    
step 01453 (77.2%) | loss: 2.918321 | lrm: 0.27 | dt: 161ms | tok/sec: 813,959 | mfu: 25.4% | epoch: 1 | remaining: 68s    
step 01454 (77.3%) | loss: 2.921307 | lrm: 0.27 | dt: 161ms | tok/sec: 815,987 | mfu: 25.4% | epoch: 1 | remaining: 68s    
step 01455 (77.3%) | loss: 2.922065 | lrm: 0.27 | dt: 161ms | tok/sec: 816,165 | mfu: 25.4% | epoch: 1 | remaining: 68s    
step 01456 (77.4%) | loss: 2.917829 | lrm: 0.27 | dt: 161ms | tok/sec: 816,071 | mfu: 25.4% | epoch: 1 | remaining: 68s    
step 01457 (77.4%) | loss: 2.922684 | lrm: 0.27 | dt: 161ms | tok/sec: 816,178 | mfu: 25.4% | epoch: 1 | remaining: 68s    
step 01458 (77.5%) | loss: 2.918306 | lrm: 0.26 | dt: 161ms | tok/sec: 816,480 | mfu: 25.4% | epoch: 1 | remaining: 67s    
step 01459 (77.5%) | loss: 2.917730 | lrm: 0.26 | dt: 161ms | tok/sec: 816,242 | mfu: 25.4% | epoch: 1 | remaining: 67s    
step 01460 (77.6%) | loss: 2.916279 | lrm: 0.26 | dt: 161ms | tok/sec: 816,430 | mfu: 25.4% | epoch: 1 | remaining: 67s    
step 01461 (77.6%) | loss: 2.922183 | lrm: 0.26 | dt: 160ms | tok/sec: 816,692 | mfu: 25.4% | epoch: 1 | remaining: 67s    
step 01462 (77.7%) | loss: 2.919022 | lrm: 0.26 | dt: 160ms | tok/sec: 816,699 | mfu: 25.4% | epoch: 1 | remaining: 67s    
step 01463 (77.8%) | loss: 2.921681 | lrm: 0.26 | dt: 161ms | tok/sec: 816,612 | mfu: 25.4% | epoch: 1 | remaining: 67s    
step 01464 (77.8%) | loss: 2.916224 | lrm: 0.26 | dt: 161ms | tok/sec: 816,618 | mfu: 25.4% | epoch: 1 | remaining: 66s    
step 01465 (77.9%) | loss: 2.908867 | lrm: 0.26 | dt: 161ms | tok/sec: 816,502 | mfu: 25.4% | epoch: 1 | remaining: 66s    
step 01466 (77.9%) | loss: 2.909694 | lrm: 0.26 | dt: 160ms | tok/sec: 816,686 | mfu: 25.4% | epoch: 1 | remaining: 66s    
step 01467 (78.0%) | loss: 2.905995 | lrm: 0.26 | dt: 160ms | tok/sec: 816,686 | mfu: 25.4% | epoch: 1 | remaining: 66s    
step 01468 (78.0%) | loss: 2.906436 | lrm: 0.26 | dt: 161ms | tok/sec: 816,549 | mfu: 25.4% | epoch: 1 | remaining: 66s    
step 01469 (78.1%) | loss: 2.909472 | lrm: 0.26 | dt: 161ms | tok/sec: 816,323 | mfu: 25.4% | epoch: 1 | remaining: 66s    
step 01470 (78.1%) | loss: 2.916851 | lrm: 0.26 | dt: 161ms | tok/sec: 816,388 | mfu: 25.4% | epoch: 1 | remaining: 65s    
step 01471 (78.2%) | loss: 2.915754 | lrm: 0.26 | dt: 161ms | tok/sec: 816,473 | mfu: 25.4% | epoch: 1 | remaining: 65s    
step 01472 (78.2%) | loss: 2.912033 | lrm: 0.26 | dt: 160ms | tok/sec: 816,829 | mfu: 25.4% | epoch: 1 | remaining: 65s    
step 01473 (78.3%) | loss: 2.914555 | lrm: 0.26 | dt: 161ms | tok/sec: 816,623 | mfu: 25.4% | epoch: 1 | remaining: 65s    
step 01474 (78.3%) | loss: 2.915512 | lrm: 0.25 | dt: 161ms | tok/sec: 816,497 | mfu: 25.4% | epoch: 1 | remaining: 65s    
step 01475 (78.4%) | loss: 2.916279 | lrm: 0.25 | dt: 161ms | tok/sec: 816,424 | mfu: 25.4% | epoch: 1 | remaining: 65s    
step 01476 (78.4%) | loss: 2.912751 | lrm: 0.25 | dt: 160ms | tok/sec: 816,731 | mfu: 25.4% | epoch: 1 | remaining: 64s    
step 01477 (78.5%) | loss: 2.903717 | lrm: 0.25 | dt: 161ms | tok/sec: 816,225 | mfu: 25.4% | epoch: 1 | remaining: 64s    
step 01478 (78.6%) | loss: 2.908712 | lrm: 0.25 | dt: 161ms | tok/sec: 816,531 | mfu: 25.4% | epoch: 1 | remaining: 64s    
step 01479 (78.6%) | loss: 2.907930 | lrm: 0.25 | dt: 161ms | tok/sec: 816,263 | mfu: 25.4% | epoch: 1 | remaining: 64s    
step 01480 (78.7%) | loss: 2.905336 | lrm: 0.25 | dt: 160ms | tok/sec: 816,697 | mfu: 25.4% | epoch: 1 | remaining: 64s    
step 01481 (78.7%) | loss: 2.905676 | lrm: 0.25 | dt: 160ms | tok/sec: 816,760 | mfu: 25.4% | epoch: 1 | remaining: 64s    
step 01482 (78.8%) | loss: 2.902894 | lrm: 0.25 | dt: 160ms | tok/sec: 816,715 | mfu: 25.4% | epoch: 1 | remaining: 64s    
step 01483 (78.8%) | loss: 2.901397 | lrm: 0.25 | dt: 161ms | tok/sec: 816,621 | mfu: 25.4% | epoch: 1 | remaining: 63s    
step 01484 (78.9%) | loss: 2.899153 | lrm: 0.25 | dt: 161ms | tok/sec: 816,515 | mfu: 25.4% | epoch: 1 | remaining: 63s    
step 01485 (78.9%) | loss: 2.897706 | lrm: 0.25 | dt: 160ms | tok/sec: 816,778 | mfu: 25.4% | epoch: 1 | remaining: 63s    
step 01486 (79.0%) | loss: 2.901131 | lrm: 0.25 | dt: 161ms | tok/sec: 816,559 | mfu: 25.4% | epoch: 1 | remaining: 63s    
step 01487 (79.0%) | loss: 2.897126 | lrm: 0.25 | dt: 161ms | tok/sec: 816,353 | mfu: 25.4% | epoch: 1 | remaining: 63s    
step 01488 (79.1%) | loss: 2.898239 | lrm: 0.25 | dt: 161ms | tok/sec: 816,505 | mfu: 25.4% | epoch: 1 | remaining: 63s    
step 01489 (79.1%) | loss: 2.893801 | lrm: 0.25 | dt: 160ms | tok/sec: 816,742 | mfu: 25.4% | epoch: 1 | remaining: 62s    
step 01490 (79.2%) | loss: 2.900678 | lrm: 0.24 | dt: 160ms | tok/sec: 816,803 | mfu: 25.4% | epoch: 1 | remaining: 62s    
step 01491 (79.3%) | loss: 2.903262 | lrm: 0.24 | dt: 161ms | tok/sec: 816,493 | mfu: 25.4% | epoch: 1 | remaining: 62s    
step 01492 (79.3%) | loss: 2.895050 | lrm: 0.24 | dt: 161ms | tok/sec: 816,514 | mfu: 25.4% | epoch: 1 | remaining: 62s    
step 01493 (79.4%) | loss: 2.897154 | lrm: 0.24 | dt: 161ms | tok/sec: 815,771 | mfu: 25.4% | epoch: 1 | remaining: 62s    
step 01494 (79.4%) | loss: 2.901089 | lrm: 0.24 | dt: 161ms | tok/sec: 816,547 | mfu: 25.4% | epoch: 1 | remaining: 62s    
step 01495 (79.5%) | loss: 2.900803 | lrm: 0.24 | dt: 161ms | tok/sec: 816,491 | mfu: 25.4% | epoch: 1 | remaining: 61s    
step 01496 (79.5%) | loss: 2.911020 | lrm: 0.24 | dt: 160ms | tok/sec: 816,773 | mfu: 25.4% | epoch: 1 | remaining: 61s    
step 01497 (79.6%) | loss: 2.910601 | lrm: 0.24 | dt: 160ms | tok/sec: 816,844 | mfu: 25.4% | epoch: 1 | remaining: 61s    
step 01498 (79.6%) | loss: 2.904542 | lrm: 0.24 | dt: 161ms | tok/sec: 816,602 | mfu: 25.4% | epoch: 1 | remaining: 61s    
step 01499 (79.7%) | loss: 2.901287 | lrm: 0.24 | dt: 161ms | tok/sec: 816,509 | mfu: 25.4% | epoch: 1 | remaining: 61s    
step 01500 (79.7%) | loss: 2.896968 | lrm: 0.24 | dt: 160ms | tok/sec: 816,885 | mfu: 25.5% | epoch: 1 | remaining: 61s    
step 01501 (79.8%) | loss: 2.892645 | lrm: 0.24 | dt: 160ms | tok/sec: 816,758 | mfu: 25.4% | epoch: 1 | remaining: 60s    
step 01502 (79.8%) | loss: 2.895257 | lrm: 0.24 | dt: 161ms | tok/sec: 816,453 | mfu: 25.4% | epoch: 1 | remaining: 60s    
step 01503 (79.9%) | loss: 2.893156 | lrm: 0.24 | dt: 160ms | tok/sec: 816,733 | mfu: 25.4% | epoch: 1 | remaining: 60s    
step 01504 (79.9%) | loss: 2.892367 | lrm: 0.24 | dt: 161ms | tok/sec: 816,612 | mfu: 25.4% | epoch: 1 | remaining: 60s    
step 01505 (80.0%) | loss: 2.887731 | lrm: 0.24 | dt: 161ms | tok/sec: 816,555 | mfu: 25.4% | epoch: 1 | remaining: 60s    
step 01506 (80.1%) | loss: 2.895752 | lrm: 0.23 | dt: 161ms | tok/sec: 816,555 | mfu: 25.4% | epoch: 1 | remaining: 60s    
step 01507 (80.1%) | loss: 2.891946 | lrm: 0.23 | dt: 161ms | tok/sec: 816,400 | mfu: 25.4% | epoch: 1 | remaining: 60s    
step 01508 (80.2%) | loss: 2.897427 | lrm: 0.23 | dt: 161ms | tok/sec: 816,543 | mfu: 25.4% | epoch: 1 | remaining: 59s    
step 01509 (80.2%) | loss: 2.897461 | lrm: 0.23 | dt: 161ms | tok/sec: 816,640 | mfu: 25.4% | epoch: 1 | remaining: 59s    
step 01510 (80.3%) | loss: 2.901250 | lrm: 0.23 | dt: 161ms | tok/sec: 816,359 | mfu: 25.4% | epoch: 1 | remaining: 59s    
step 01511 (80.3%) | loss: 2.896775 | lrm: 0.23 | dt: 160ms | tok/sec: 816,735 | mfu: 25.4% | epoch: 1 | remaining: 59s    
step 01512 (80.4%) | loss: 2.900430 | lrm: 0.23 | dt: 160ms | tok/sec: 816,671 | mfu: 25.4% | epoch: 1 | remaining: 59s    
step 01513 (80.4%) | loss: 2.903341 | lrm: 0.23 | dt: 161ms | tok/sec: 816,424 | mfu: 25.4% | epoch: 1 | remaining: 59s    
step 01514 (80.5%) | loss: 2.902790 | lrm: 0.23 | dt: 161ms | tok/sec: 816,492 | mfu: 25.4% | epoch: 1 | remaining: 58s    
step 01515 (80.5%) | loss: 2.905427 | lrm: 0.23 | dt: 161ms | tok/sec: 816,502 | mfu: 25.4% | epoch: 1 | remaining: 58s    
step 01516 (80.6%) | loss: 2.906169 | lrm: 0.23 | dt: 161ms | tok/sec: 816,479 | mfu: 25.4% | epoch: 1 | remaining: 58s    
step 01517 (80.6%) | loss: 2.911974 | lrm: 0.23 | dt: 161ms | tok/sec: 815,948 | mfu: 25.4% | epoch: 1 | remaining: 58s    
step 01518 (80.7%) | loss: 2.909945 | lrm: 0.23 | dt: 161ms | tok/sec: 816,477 | mfu: 25.4% | epoch: 1 | remaining: 58s    
step 01519 (80.7%) | loss: 2.906683 | lrm: 0.23 | dt: 161ms | tok/sec: 816,447 | mfu: 25.4% | epoch: 1 | remaining: 58s    
step 01520 (80.8%) | loss: 2.904570 | lrm: 0.23 | dt: 160ms | tok/sec: 816,798 | mfu: 25.4% | epoch: 1 | remaining: 57s    
step 01521 (80.9%) | loss: 2.897536 | lrm: 0.23 | dt: 161ms | tok/sec: 816,568 | mfu: 25.4% | epoch: 1 | remaining: 57s    
step 01522 (80.9%) | loss: 2.890767 | lrm: 0.22 | dt: 161ms | tok/sec: 815,958 | mfu: 25.4% | epoch: 1 | remaining: 57s    
step 01523 (81.0%) | loss: 2.886746 | lrm: 0.22 | dt: 161ms | tok/sec: 816,473 | mfu: 25.4% | epoch: 1 | remaining: 57s    
step 01524 (81.0%) | loss: 2.886357 | lrm: 0.22 | dt: 161ms | tok/sec: 816,480 | mfu: 25.4% | epoch: 1 | remaining: 57s    
step 01525 (81.1%) | loss: 2.893390 | lrm: 0.22 | dt: 161ms | tok/sec: 816,642 | mfu: 25.4% | epoch: 1 | remaining: 57s    
step 01526 (81.1%) | loss: 2.898337 | lrm: 0.22 | dt: 161ms | tok/sec: 816,613 | mfu: 25.4% | epoch: 1 | remaining: 56s    
step 01527 (81.2%) | loss: 2.897746 | lrm: 0.22 | dt: 160ms | tok/sec: 816,748 | mfu: 25.4% | epoch: 1 | remaining: 56s    
step 01528 (81.2%) | loss: 2.897492 | lrm: 0.22 | dt: 160ms | tok/sec: 816,895 | mfu: 25.5% | epoch: 1 | remaining: 56s    
step 01529 (81.3%) | loss: 2.896352 | lrm: 0.22 | dt: 160ms | tok/sec: 816,837 | mfu: 25.4% | epoch: 1 | remaining: 56s    
step 01530 (81.3%) | loss: 2.889405 | lrm: 0.22 | dt: 160ms | tok/sec: 816,653 | mfu: 25.4% | epoch: 1 | remaining: 56s    
step 01531 (81.4%) | loss: 2.892696 | lrm: 0.22 | dt: 160ms | tok/sec: 816,691 | mfu: 25.4% | epoch: 1 | remaining: 56s    
step 01532 (81.4%) | loss: 2.887551 | lrm: 0.22 | dt: 160ms | tok/sec: 816,680 | mfu: 25.4% | epoch: 1 | remaining: 56s    
step 01533 (81.5%) | loss: 2.886973 | lrm: 0.22 | dt: 161ms | tok/sec: 816,293 | mfu: 25.4% | epoch: 1 | remaining: 55s    
step 01534 (81.6%) | loss: 2.884593 | lrm: 0.22 | dt: 161ms | tok/sec: 816,590 | mfu: 25.4% | epoch: 1 | remaining: 55s    
step 01535 (81.6%) | loss: 2.887073 | lrm: 0.22 | dt: 160ms | tok/sec: 816,675 | mfu: 25.4% | epoch: 1 | remaining: 55s    
step 01536 (81.7%) | loss: 2.888393 | lrm: 0.22 | dt: 160ms | tok/sec: 816,682 | mfu: 25.4% | epoch: 1 | remaining: 55s    
step 01537 (81.7%) | loss: 2.894252 | lrm: 0.22 | dt: 161ms | tok/sec: 816,500 | mfu: 25.4% | epoch: 1 | remaining: 55s    
step 01538 (81.8%) | loss: 2.894816 | lrm: 0.21 | dt: 161ms | tok/sec: 816,396 | mfu: 25.4% | epoch: 1 | remaining: 55s    
step 01539 (81.8%) | loss: 2.896483 | lrm: 0.21 | dt: 161ms | tok/sec: 816,570 | mfu: 25.4% | epoch: 1 | remaining: 54s    
step 01540 (81.9%) | loss: 2.893691 | lrm: 0.21 | dt: 161ms | tok/sec: 816,470 | mfu: 25.4% | epoch: 1 | remaining: 54s    
step 01541 (81.9%) | loss: 2.891101 | lrm: 0.21 | dt: 161ms | tok/sec: 816,553 | mfu: 25.4% | epoch: 1 | remaining: 54s    
step 01542 (82.0%) | loss: 2.896237 | lrm: 0.21 | dt: 161ms | tok/sec: 816,486 | mfu: 25.4% | epoch: 1 | remaining: 54s    
step 01543 (82.0%) | loss: 2.897459 | lrm: 0.21 | dt: 161ms | tok/sec: 816,465 | mfu: 25.4% | epoch: 1 | remaining: 54s    
step 01544 (82.1%) | loss: 2.902500 | lrm: 0.21 | dt: 161ms | tok/sec: 816,376 | mfu: 25.4% | epoch: 1 | remaining: 54s    
step 01545 (82.1%) | loss: 2.896939 | lrm: 0.21 | dt: 161ms | tok/sec: 815,873 | mfu: 25.4% | epoch: 1 | remaining: 53s    
step 01546 (82.2%) | loss: 2.895332 | lrm: 0.21 | dt: 161ms | tok/sec: 816,051 | mfu: 25.4% | epoch: 1 | remaining: 53s    
step 01547 (82.2%) | loss: 2.903639 | lrm: 0.21 | dt: 161ms | tok/sec: 816,544 | mfu: 25.4% | epoch: 1 | remaining: 53s    
step 01548 (82.3%) | loss: 2.911327 | lrm: 0.21 | dt: 161ms | tok/sec: 816,424 | mfu: 25.4% | epoch: 1 | remaining: 53s    
step 01549 (82.4%) | loss: 2.907035 | lrm: 0.21 | dt: 161ms | tok/sec: 816,394 | mfu: 25.4% | epoch: 1 | remaining: 53s    
step 01550 (82.4%) | loss: 2.910199 | lrm: 0.21 | dt: 161ms | tok/sec: 816,490 | mfu: 25.4% | epoch: 1 | remaining: 53s    
step 01551 (82.5%) | loss: 2.903397 | lrm: 0.21 | dt: 161ms | tok/sec: 816,550 | mfu: 25.4% | epoch: 1 | remaining: 52s    
step 01552 (82.5%) | loss: 2.899072 | lrm: 0.21 | dt: 160ms | tok/sec: 816,669 | mfu: 25.4% | epoch: 1 | remaining: 52s    
step 01553 (82.6%) | loss: 2.891636 | lrm: 0.21 | dt: 161ms | tok/sec: 816,642 | mfu: 25.4% | epoch: 1 | remaining: 52s    
step 01554 (82.6%) | loss: 2.888791 | lrm: 0.20 | dt: 161ms | tok/sec: 816,180 | mfu: 25.4% | epoch: 1 | remaining: 52s    
step 01555 (82.7%) | loss: 2.889805 | lrm: 0.20 | dt: 161ms | tok/sec: 816,298 | mfu: 25.4% | epoch: 1 | remaining: 52s    
step 01556 (82.7%) | loss: 2.886771 | lrm: 0.20 | dt: 160ms | tok/sec: 816,652 | mfu: 25.4% | epoch: 1 | remaining: 52s    
step 01557 (82.8%) | loss: 2.889063 | lrm: 0.20 | dt: 161ms | tok/sec: 816,540 | mfu: 25.4% | epoch: 1 | remaining: 51s    
step 01558 (82.8%) | loss: 2.890562 | lrm: 0.20 | dt: 161ms | tok/sec: 816,590 | mfu: 25.4% | epoch: 1 | remaining: 51s    
step 01559 (82.9%) | loss: 2.892085 | lrm: 0.20 | dt: 160ms | tok/sec: 816,721 | mfu: 25.4% | epoch: 1 | remaining: 51s    
step 01560 (82.9%) | loss: 2.887447 | lrm: 0.20 | dt: 161ms | tok/sec: 816,557 | mfu: 25.4% | epoch: 1 | remaining: 51s    
step 01561 (83.0%) | loss: 2.886312 | lrm: 0.20 | dt: 160ms | tok/sec: 816,747 | mfu: 25.4% | epoch: 1 | remaining: 51s    
step 01562 (83.0%) | loss: 2.890493 | lrm: 0.20 | dt: 160ms | tok/sec: 816,733 | mfu: 25.4% | epoch: 1 | remaining: 51s    
step 01563 (83.1%) | loss: 2.888688 | lrm: 0.20 | dt: 161ms | tok/sec: 816,317 | mfu: 25.4% | epoch: 1 | remaining: 51s    
step 01564 (83.2%) | loss: 2.886311 | lrm: 0.20 | dt: 160ms | tok/sec: 817,070 | mfu: 25.5% | epoch: 1 | remaining: 50s    
step 01565 (83.2%) | loss: 2.885487 | lrm: 0.20 | dt: 161ms | tok/sec: 816,408 | mfu: 25.4% | epoch: 1 | remaining: 50s    
step 01566 (83.3%) | loss: 2.884975 | lrm: 0.20 | dt: 161ms | tok/sec: 816,537 | mfu: 25.4% | epoch: 1 | remaining: 50s    
step 01567 (83.3%) | loss: 2.884482 | lrm: 0.20 | dt: 161ms | tok/sec: 816,550 | mfu: 25.4% | epoch: 1 | remaining: 50s    
step 01568 (83.4%) | loss: 2.879197 | lrm: 0.20 | dt: 161ms | tok/sec: 816,534 | mfu: 25.4% | epoch: 1 | remaining: 50s    
step 01569 (83.4%) | loss: 2.880081 | lrm: 0.20 | dt: 161ms | tok/sec: 816,604 | mfu: 25.4% | epoch: 1 | remaining: 50s    
step 01570 (83.5%) | loss: 2.879393 | lrm: 0.19 | dt: 160ms | tok/sec: 816,715 | mfu: 25.4% | epoch: 1 | remaining: 49s    
step 01571 (83.5%) | loss: 2.873818 | lrm: 0.19 | dt: 161ms | tok/sec: 816,638 | mfu: 25.4% | epoch: 1 | remaining: 49s    
step 01572 (83.6%) | loss: 2.872901 | lrm: 0.19 | dt: 160ms | tok/sec: 816,726 | mfu: 25.4% | epoch: 1 | remaining: 49s    
step 01573 (83.6%) | loss: 2.871977 | lrm: 0.19 | dt: 160ms | tok/sec: 816,695 | mfu: 25.4% | epoch: 1 | remaining: 49s    
step 01574 (83.7%) | loss: 2.871385 | lrm: 0.19 | dt: 161ms | tok/sec: 816,384 | mfu: 25.4% | epoch: 1 | remaining: 49s    
step 01575 (83.7%) | loss: 2.876264 | lrm: 0.19 | dt: 161ms | tok/sec: 816,328 | mfu: 25.4% | epoch: 1 | remaining: 49s    
step 01576 (83.8%) | loss: 2.887723 | lrm: 0.19 | dt: 161ms | tok/sec: 816,528 | mfu: 25.4% | epoch: 1 | remaining: 48s    
step 01577 (83.9%) | loss: 2.882558 | lrm: 0.19 | dt: 161ms | tok/sec: 816,373 | mfu: 25.4% | epoch: 1 | remaining: 48s    
step 01578 (83.9%) | loss: 2.874718 | lrm: 0.19 | dt: 160ms | tok/sec: 816,714 | mfu: 25.4% | epoch: 1 | remaining: 48s    
step 01579 (84.0%) | loss: 2.876518 | lrm: 0.19 | dt: 160ms | tok/sec: 816,693 | mfu: 25.4% | epoch: 1 | remaining: 48s    
step 01580 (84.0%) | loss: 2.877470 | lrm: 0.19 | dt: 161ms | tok/sec: 816,266 | mfu: 25.4% | epoch: 1 | remaining: 48s    
step 01581 (84.1%) | loss: 2.879351 | lrm: 0.19 | dt: 161ms | tok/sec: 816,345 | mfu: 25.4% | epoch: 1 | remaining: 48s    
step 01582 (84.1%) | loss: 2.876071 | lrm: 0.19 | dt: 161ms | tok/sec: 816,382 | mfu: 25.4% | epoch: 1 | remaining: 47s    
step 01583 (84.2%) | loss: 2.871728 | lrm: 0.19 | dt: 161ms | tok/sec: 816,123 | mfu: 25.4% | epoch: 1 | remaining: 47s    
step 01584 (84.2%) | loss: 2.877576 | lrm: 0.19 | dt: 161ms | tok/sec: 816,337 | mfu: 25.4% | epoch: 1 | remaining: 47s    
step 01585 (84.3%) | loss: 2.883378 | lrm: 0.18 | dt: 161ms | tok/sec: 816,342 | mfu: 25.4% | epoch: 1 | remaining: 47s    
step 01586 (84.3%) | loss: 2.874074 | lrm: 0.18 | dt: 161ms | tok/sec: 816,314 | mfu: 25.4% | epoch: 1 | remaining: 47s    
step 01587 (84.4%) | loss: 2.871968 | lrm: 0.18 | dt: 161ms | tok/sec: 816,380 | mfu: 25.4% | epoch: 1 | remaining: 47s    
step 01588 (84.4%) | loss: 2.874683 | lrm: 0.18 | dt: 161ms | tok/sec: 816,283 | mfu: 25.4% | epoch: 1 | remaining: 47s    
step 01589 (84.5%) | loss: 2.875569 | lrm: 0.18 | dt: 161ms | tok/sec: 815,698 | mfu: 25.4% | epoch: 1 | remaining: 46s    
step 01590 (84.5%) | loss: 2.875596 | lrm: 0.18 | dt: 161ms | tok/sec: 814,369 | mfu: 25.4% | epoch: 1 | remaining: 46s    
step 01591 (84.6%) | loss: 2.881284 | lrm: 0.18 | dt: 161ms | tok/sec: 815,431 | mfu: 25.4% | epoch: 1 | remaining: 46s    
step 01592 (84.7%) | loss: 2.882963 | lrm: 0.18 | dt: 161ms | tok/sec: 815,820 | mfu: 25.4% | epoch: 1 | remaining: 46s    
step 01593 (84.7%) | loss: 2.877556 | lrm: 0.18 | dt: 161ms | tok/sec: 816,075 | mfu: 25.4% | epoch: 1 | remaining: 46s    
step 01594 (84.8%) | loss: 2.876037 | lrm: 0.18 | dt: 161ms | tok/sec: 815,797 | mfu: 25.4% | epoch: 1 | remaining: 46s    
step 01595 (84.8%) | loss: 2.882118 | lrm: 0.18 | dt: 161ms | tok/sec: 816,218 | mfu: 25.4% | epoch: 1 | remaining: 45s    
step 01596 (84.9%) | loss: 2.879723 | lrm: 0.18 | dt: 161ms | tok/sec: 816,047 | mfu: 25.4% | epoch: 1 | remaining: 45s    
step 01597 (84.9%) | loss: 2.875874 | lrm: 0.18 | dt: 161ms | tok/sec: 815,981 | mfu: 25.4% | epoch: 1 | remaining: 45s    
step 01598 (85.0%) | loss: 2.873308 | lrm: 0.18 | dt: 161ms | tok/sec: 816,031 | mfu: 25.4% | epoch: 1 | remaining: 45s    
step 01599 (85.0%) | loss: 2.861812 | lrm: 0.18 | dt: 161ms | tok/sec: 816,174 | mfu: 25.4% | epoch: 1 | remaining: 45s    
step 01600 (85.1%) | loss: 2.860842 | lrm: 0.18 | dt: 161ms | tok/sec: 815,965 | mfu: 25.4% | epoch: 1 | remaining: 45s    
step 01601 (85.1%) | loss: 2.867867 | lrm: 0.17 | dt: 160ms | tok/sec: 816,729 | mfu: 25.4% | epoch: 1 | remaining: 44s    
step 01602 (85.2%) | loss: 2.862029 | lrm: 0.17 | dt: 161ms | tok/sec: 816,286 | mfu: 25.4% | epoch: 1 | remaining: 44s    
step 01603 (85.2%) | loss: 2.866689 | lrm: 0.17 | dt: 161ms | tok/sec: 816,361 | mfu: 25.4% | epoch: 1 | remaining: 44s    
step 01604 (85.3%) | loss: 2.866681 | lrm: 0.17 | dt: 160ms | tok/sec: 816,769 | mfu: 25.4% | epoch: 1 | remaining: 44s    
step 01605 (85.4%) | loss: 2.870501 | lrm: 0.17 | dt: 161ms | tok/sec: 816,067 | mfu: 25.4% | epoch: 1 | remaining: 44s    
step 01606 (85.4%) | loss: 2.864349 | lrm: 0.17 | dt: 162ms | tok/sec: 811,083 | mfu: 25.3% | epoch: 1 | remaining: 44s    
step 01607 (85.5%) | loss: 2.861411 | lrm: 0.17 | dt: 161ms | tok/sec: 815,437 | mfu: 25.4% | epoch: 1 | remaining: 43s    
step 01608 (85.5%) | loss: 2.857704 | lrm: 0.17 | dt: 161ms | tok/sec: 815,873 | mfu: 25.4% | epoch: 1 | remaining: 43s    
step 01609 (85.6%) | loss: 2.861046 | lrm: 0.17 | dt: 161ms | tok/sec: 815,707 | mfu: 25.4% | epoch: 1 | remaining: 43s    
step 01610 (85.6%) | loss: 2.865608 | lrm: 0.17 | dt: 161ms | tok/sec: 816,166 | mfu: 25.4% | epoch: 1 | remaining: 43s    
step 01611 (85.7%) | loss: 2.862075 | lrm: 0.17 | dt: 161ms | tok/sec: 816,365 | mfu: 25.4% | epoch: 1 | remaining: 43s    
step 01612 (85.7%) | loss: 2.866722 | lrm: 0.17 | dt: 162ms | tok/sec: 806,950 | mfu: 25.1% | epoch: 1 | remaining: 43s    
step 01613 (85.8%) | loss: 2.860596 | lrm: 0.17 | dt: 161ms | tok/sec: 816,538 | mfu: 25.4% | epoch: 1 | remaining: 42s    
step 01614 (85.8%) | loss: 2.856338 | lrm: 0.17 | dt: 161ms | tok/sec: 816,469 | mfu: 25.4% | epoch: 1 | remaining: 42s    
step 01615 (85.9%) | loss: 2.859345 | lrm: 0.17 | dt: 161ms | tok/sec: 816,340 | mfu: 25.4% | epoch: 1 | remaining: 42s    
step 01616 (85.9%) | loss: 2.854113 | lrm: 0.17 | dt: 161ms | tok/sec: 815,049 | mfu: 25.4% | epoch: 1 | remaining: 42s    
step 01617 (86.0%) | loss: 2.863301 | lrm: 0.16 | dt: 164ms | tok/sec: 799,138 | mfu: 24.9% | epoch: 1 | remaining: 42s    
step 01618 (86.0%) | loss: 2.865333 | lrm: 0.16 | dt: 161ms | tok/sec: 816,414 | mfu: 25.4% | epoch: 1 | remaining: 42s    
step 01619 (86.1%) | loss: 2.860877 | lrm: 0.16 | dt: 161ms | tok/sec: 816,562 | mfu: 25.4% | epoch: 1 | remaining: 42s    
step 01620 (86.2%) | loss: 2.865925 | lrm: 0.16 | dt: 161ms | tok/sec: 816,479 | mfu: 25.4% | epoch: 1 | remaining: 41s    
step 01621 (86.2%) | loss: 2.866117 | lrm: 0.16 | dt: 161ms | tok/sec: 816,475 | mfu: 25.4% | epoch: 1 | remaining: 41s    
step 01622 (86.3%) | loss: 2.868151 | lrm: 0.16 | dt: 160ms | tok/sec: 816,759 | mfu: 25.4% | epoch: 1 | remaining: 41s    
step 01623 (86.3%) | loss: 2.867561 | lrm: 0.16 | dt: 161ms | tok/sec: 816,476 | mfu: 25.4% | epoch: 1 | remaining: 41s    
step 01624 (86.4%) | loss: 2.862865 | lrm: 0.16 | dt: 161ms | tok/sec: 816,131 | mfu: 25.4% | epoch: 1 | remaining: 41s    
step 01625 (86.4%) | loss: 2.860404 | lrm: 0.16 | dt: 161ms | tok/sec: 816,443 | mfu: 25.4% | epoch: 1 | remaining: 41s    
step 01626 (86.5%) | loss: 2.861114 | lrm: 0.16 | dt: 160ms | tok/sec: 816,904 | mfu: 25.5% | epoch: 1 | remaining: 40s    
step 01627 (86.5%) | loss: 2.868976 | lrm: 0.16 | dt: 160ms | tok/sec: 816,674 | mfu: 25.4% | epoch: 1 | remaining: 40s    
step 01628 (86.6%) | loss: 2.873075 | lrm: 0.16 | dt: 160ms | tok/sec: 816,651 | mfu: 25.4% | epoch: 1 | remaining: 40s    
step 01629 (86.6%) | loss: 2.867918 | lrm: 0.16 | dt: 161ms | tok/sec: 816,492 | mfu: 25.4% | epoch: 1 | remaining: 40s    
step 01630 (86.7%) | loss: 2.873585 | lrm: 0.16 | dt: 160ms | tok/sec: 816,776 | mfu: 25.4% | epoch: 1 | remaining: 40s    
step 01631 (86.7%) | loss: 2.872601 | lrm: 0.16 | dt: 160ms | tok/sec: 816,687 | mfu: 25.4% | epoch: 1 | remaining: 40s    
step 01632 (86.8%) | loss: 2.871194 | lrm: 0.16 | dt: 161ms | tok/sec: 816,502 | mfu: 25.4% | epoch: 1 | remaining: 39s    
step 01633 (86.9%) | loss: 2.876325 | lrm: 0.15 | dt: 160ms | tok/sec: 816,949 | mfu: 25.5% | epoch: 1 | remaining: 39s    
step 01634 (86.9%) | loss: 2.871738 | lrm: 0.15 | dt: 160ms | tok/sec: 816,778 | mfu: 25.4% | epoch: 1 | remaining: 39s    
step 01635 (87.0%) | loss: 2.860931 | lrm: 0.15 | dt: 160ms | tok/sec: 816,901 | mfu: 25.5% | epoch: 1 | remaining: 39s    
step 01636 (87.0%) | loss: 2.863483 | lrm: 0.15 | dt: 160ms | tok/sec: 816,705 | mfu: 25.4% | epoch: 1 | remaining: 39s    
step 01637 (87.1%) | loss: 2.859555 | lrm: 0.15 | dt: 161ms | tok/sec: 816,429 | mfu: 25.4% | epoch: 1 | remaining: 39s    
step 01638 (87.1%) | loss: 2.860401 | lrm: 0.15 | dt: 161ms | tok/sec: 816,377 | mfu: 25.4% | epoch: 1 | remaining: 38s    
step 01639 (87.2%) | loss: 2.864947 | lrm: 0.15 | dt: 161ms | tok/sec: 816,349 | mfu: 25.4% | epoch: 1 | remaining: 38s    
step 01640 (87.2%) | loss: 2.864639 | lrm: 0.15 | dt: 160ms | tok/sec: 816,704 | mfu: 25.4% | epoch: 1 | remaining: 38s    
step 01641 (87.3%) | loss: 2.868366 | lrm: 0.15 | dt: 160ms | tok/sec: 816,655 | mfu: 25.4% | epoch: 1 | remaining: 38s    
step 01642 (87.3%) | loss: 2.875785 | lrm: 0.15 | dt: 160ms | tok/sec: 816,692 | mfu: 25.4% | epoch: 1 | remaining: 38s    
step 01643 (87.4%) | loss: 2.879198 | lrm: 0.15 | dt: 161ms | tok/sec: 816,288 | mfu: 25.4% | epoch: 1 | remaining: 38s    
step 01644 (87.4%) | loss: 2.878707 | lrm: 0.15 | dt: 161ms | tok/sec: 816,596 | mfu: 25.4% | epoch: 1 | remaining: 38s    
step 01645 (87.5%) | loss: 2.883014 | lrm: 0.15 | dt: 160ms | tok/sec: 816,840 | mfu: 25.4% | epoch: 1 | remaining: 37s    
step 01646 (87.5%) | loss: 2.885377 | lrm: 0.15 | dt: 161ms | tok/sec: 816,595 | mfu: 25.4% | epoch: 1 | remaining: 37s    
step 01647 (87.6%) | loss: 2.891105 | lrm: 0.15 | dt: 160ms | tok/sec: 816,684 | mfu: 25.4% | epoch: 1 | remaining: 37s    
step 01648 (87.7%) | loss: 2.891530 | lrm: 0.15 | dt: 160ms | tok/sec: 816,648 | mfu: 25.4% | epoch: 1 | remaining: 37s    
step 01649 (87.7%) | loss: 2.885979 | lrm: 0.14 | dt: 160ms | tok/sec: 816,786 | mfu: 25.4% | epoch: 1 | remaining: 37s    
step 01650 (87.8%) | loss: 2.881783 | lrm: 0.14 | dt: 161ms | tok/sec: 816,539 | mfu: 25.4% | epoch: 1 | remaining: 37s    
step 01651 (87.8%) | loss: 2.879333 | lrm: 0.14 | dt: 160ms | tok/sec: 816,736 | mfu: 25.4% | epoch: 1 | remaining: 36s    
step 01652 (87.9%) | loss: 2.873098 | lrm: 0.14 | dt: 161ms | tok/sec: 816,377 | mfu: 25.4% | epoch: 1 | remaining: 36s    
step 01653 (87.9%) | loss: 2.872566 | lrm: 0.14 | dt: 161ms | tok/sec: 816,613 | mfu: 25.4% | epoch: 1 | remaining: 36s    
step 01654 (88.0%) | loss: 2.873958 | lrm: 0.14 | dt: 161ms | tok/sec: 816,445 | mfu: 25.4% | epoch: 1 | remaining: 36s    
step 01655 (88.0%) | loss: 2.878369 | lrm: 0.14 | dt: 161ms | tok/sec: 816,414 | mfu: 25.4% | epoch: 1 | remaining: 36s    
step 01656 (88.1%) | loss: 2.876527 | lrm: 0.14 | dt: 161ms | tok/sec: 816,624 | mfu: 25.4% | epoch: 1 | remaining: 36s    
step 01657 (88.1%) | loss: 2.881600 | lrm: 0.14 | dt: 160ms | tok/sec: 816,684 | mfu: 25.4% | epoch: 1 | remaining: 35s    
step 01658 (88.2%) | loss: 2.877473 | lrm: 0.14 | dt: 161ms | tok/sec: 816,607 | mfu: 25.4% | epoch: 1 | remaining: 35s    
step 01659 (88.2%) | loss: 2.876967 | lrm: 0.14 | dt: 160ms | tok/sec: 816,761 | mfu: 25.4% | epoch: 1 | remaining: 35s    
step 01660 (88.3%) | loss: 2.870027 | lrm: 0.14 | dt: 160ms | tok/sec: 816,658 | mfu: 25.4% | epoch: 1 | remaining: 35s    
step 01661 (88.3%) | loss: 2.859902 | lrm: 0.14 | dt: 160ms | tok/sec: 816,696 | mfu: 25.4% | epoch: 1 | remaining: 35s    
step 01662 (88.4%) | loss: 2.857661 | lrm: 0.14 | dt: 161ms | tok/sec: 816,400 | mfu: 25.4% | epoch: 1 | remaining: 35s    
step 01663 (88.5%) | loss: 2.859325 | lrm: 0.14 | dt: 161ms | tok/sec: 815,878 | mfu: 25.4% | epoch: 1 | remaining: 34s    
step 01664 (88.5%) | loss: 2.864703 | lrm: 0.14 | dt: 161ms | tok/sec: 815,884 | mfu: 25.4% | epoch: 1 | remaining: 34s    
step 01665 (88.6%) | loss: 2.862902 | lrm: 0.13 | dt: 161ms | tok/sec: 816,480 | mfu: 25.4% | epoch: 1 | remaining: 34s    
step 01666 (88.6%) | loss: 2.864976 | lrm: 0.13 | dt: 161ms | tok/sec: 816,370 | mfu: 25.4% | epoch: 1 | remaining: 34s    
step 01667 (88.7%) | loss: 2.867845 | lrm: 0.13 | dt: 161ms | tok/sec: 815,840 | mfu: 25.4% | epoch: 1 | remaining: 34s    
step 01668 (88.7%) | loss: 2.872476 | lrm: 0.13 | dt: 161ms | tok/sec: 815,995 | mfu: 25.4% | epoch: 1 | remaining: 34s    
step 01669 (88.8%) | loss: 2.864932 | lrm: 0.13 | dt: 161ms | tok/sec: 816,113 | mfu: 25.4% | epoch: 1 | remaining: 34s    
step 01670 (88.8%) | loss: 2.870816 | lrm: 0.13 | dt: 161ms | tok/sec: 816,408 | mfu: 25.4% | epoch: 1 | remaining: 33s    
step 01671 (88.9%) | loss: 2.871008 | lrm: 0.13 | dt: 161ms | tok/sec: 815,861 | mfu: 25.4% | epoch: 1 | remaining: 33s    
step 01672 (88.9%) | loss: 2.870408 | lrm: 0.13 | dt: 160ms | tok/sec: 816,745 | mfu: 25.4% | epoch: 1 | remaining: 33s    
step 01673 (89.0%) | loss: 2.874723 | lrm: 0.13 | dt: 161ms | tok/sec: 816,533 | mfu: 25.4% | epoch: 1 | remaining: 33s    
step 01674 (89.0%) | loss: 2.875873 | lrm: 0.13 | dt: 161ms | tok/sec: 816,424 | mfu: 25.4% | epoch: 1 | remaining: 33s    
step 01675 (89.1%) | loss: 2.875144 | lrm: 0.13 | dt: 161ms | tok/sec: 816,240 | mfu: 25.4% | epoch: 1 | remaining: 33s    
step 01676 (89.2%) | loss: 2.870799 | lrm: 0.13 | dt: 161ms | tok/sec: 814,701 | mfu: 25.4% | epoch: 1 | remaining: 32s    
step 01677 (89.2%) | loss: 2.877471 | lrm: 0.13 | dt: 161ms | tok/sec: 816,195 | mfu: 25.4% | epoch: 1 | remaining: 32s    
step 01678 (89.3%) | loss: 2.873282 | lrm: 0.13 | dt: 161ms | tok/sec: 816,490 | mfu: 25.4% | epoch: 1 | remaining: 32s    
step 01679 (89.3%) | loss: 2.864592 | lrm: 0.13 | dt: 161ms | tok/sec: 816,350 | mfu: 25.4% | epoch: 1 | remaining: 32s    
step 01680 (89.4%) | loss: 2.860383 | lrm: 0.13 | dt: 161ms | tok/sec: 816,463 | mfu: 25.4% | epoch: 1 | remaining: 32s    
step 01681 (89.4%) | loss: 2.863150 | lrm: 0.12 | dt: 161ms | tok/sec: 815,797 | mfu: 25.4% | epoch: 1 | remaining: 32s    
step 01682 (89.5%) | loss: 2.860630 | lrm: 0.12 | dt: 161ms | tok/sec: 816,327 | mfu: 25.4% | epoch: 1 | remaining: 31s    
step 01683 (89.5%) | loss: 2.861149 | lrm: 0.12 | dt: 161ms | tok/sec: 816,572 | mfu: 25.4% | epoch: 1 | remaining: 31s    
step 01684 (89.6%) | loss: 2.853859 | lrm: 0.12 | dt: 160ms | tok/sec: 816,759 | mfu: 25.4% | epoch: 1 | remaining: 31s    
step 01685 (89.6%) | loss: 2.858140 | lrm: 0.12 | dt: 161ms | tok/sec: 816,487 | mfu: 25.4% | epoch: 1 | remaining: 31s    
step 01686 (89.7%) | loss: 2.857834 | lrm: 0.12 | dt: 161ms | tok/sec: 816,505 | mfu: 25.4% | epoch: 1 | remaining: 31s    
step 01687 (89.7%) | loss: 2.851792 | lrm: 0.12 | dt: 161ms | tok/sec: 816,408 | mfu: 25.4% | epoch: 1 | remaining: 31s    
step 01688 (89.8%) | loss: 2.853387 | lrm: 0.12 | dt: 160ms | tok/sec: 816,650 | mfu: 25.4% | epoch: 1 | remaining: 30s    
step 01689 (89.8%) | loss: 2.857123 | lrm: 0.12 | dt: 161ms | tok/sec: 816,441 | mfu: 25.4% | epoch: 1 | remaining: 30s    
step 01690 (89.9%) | loss: 2.859265 | lrm: 0.12 | dt: 161ms | tok/sec: 816,601 | mfu: 25.4% | epoch: 1 | remaining: 30s    
step 01691 (90.0%) | loss: 2.856142 | lrm: 0.12 | dt: 161ms | tok/sec: 816,441 | mfu: 25.4% | epoch: 1 | remaining: 30s    
step 01692 (90.0%) | loss: 2.846532 | lrm: 0.12 | dt: 161ms | tok/sec: 816,400 | mfu: 25.4% | epoch: 1 | remaining: 30s    
step 01693 (90.1%) | loss: 2.847022 | lrm: 0.12 | dt: 160ms | tok/sec: 816,820 | mfu: 25.4% | epoch: 1 | remaining: 30s    
step 01694 (90.1%) | loss: 2.854586 | lrm: 0.12 | dt: 161ms | tok/sec: 816,292 | mfu: 25.4% | epoch: 1 | remaining: 29s    
step 01695 (90.2%) | loss: 2.861448 | lrm: 0.12 | dt: 161ms | tok/sec: 816,624 | mfu: 25.4% | epoch: 1 | remaining: 29s    
step 01696 (90.2%) | loss: 2.857880 | lrm: 0.12 | dt: 161ms | tok/sec: 816,334 | mfu: 25.4% | epoch: 1 | remaining: 29s    
step 01697 (90.3%) | loss: 2.857153 | lrm: 0.11 | dt: 161ms | tok/sec: 816,422 | mfu: 25.4% | epoch: 1 | remaining: 29s    
step 01698 (90.3%) | loss: 2.855205 | lrm: 0.11 | dt: 160ms | tok/sec: 816,828 | mfu: 25.4% | epoch: 1 | remaining: 29s    
step 01699 (90.4%) | loss: 2.862604 | lrm: 0.11 | dt: 161ms | tok/sec: 816,497 | mfu: 25.4% | epoch: 1 | remaining: 29s    
step 01700 (90.4%) | loss: 2.860393 | lrm: 0.11 | dt: 161ms | tok/sec: 816,571 | mfu: 25.4% | epoch: 1 | remaining: 29s    
step 01701 (90.5%) | loss: 2.863432 | lrm: 0.11 | dt: 161ms | tok/sec: 816,423 | mfu: 25.4% | epoch: 1 | remaining: 28s    
step 01702 (90.5%) | loss: 2.860724 | lrm: 0.11 | dt: 161ms | tok/sec: 816,513 | mfu: 25.4% | epoch: 1 | remaining: 28s    
step 01703 (90.6%) | loss: 2.866593 | lrm: 0.11 | dt: 161ms | tok/sec: 816,635 | mfu: 25.4% | epoch: 1 | remaining: 28s    
step 01704 (90.7%) | loss: 2.864304 | lrm: 0.11 | dt: 161ms | tok/sec: 816,621 | mfu: 25.4% | epoch: 1 | remaining: 28s    
step 01705 (90.7%) | loss: 2.860319 | lrm: 0.11 | dt: 160ms | tok/sec: 816,904 | mfu: 25.5% | epoch: 1 | remaining: 28s    
step 01706 (90.8%) | loss: 2.853629 | lrm: 0.11 | dt: 161ms | tok/sec: 816,628 | mfu: 25.4% | epoch: 1 | remaining: 28s    
step 01707 (90.8%) | loss: 2.852250 | lrm: 0.11 | dt: 161ms | tok/sec: 816,601 | mfu: 25.4% | epoch: 1 | remaining: 27s    
step 01708 (90.9%) | loss: 2.852671 | lrm: 0.11 | dt: 161ms | tok/sec: 816,410 | mfu: 25.4% | epoch: 1 | remaining: 27s    
step 01709 (90.9%) | loss: 2.856219 | lrm: 0.11 | dt: 161ms | tok/sec: 816,645 | mfu: 25.4% | epoch: 1 | remaining: 27s    
step 01710 (91.0%) | loss: 2.854406 | lrm: 0.11 | dt: 160ms | tok/sec: 816,834 | mfu: 25.4% | epoch: 1 | remaining: 27s    
step 01711 (91.0%) | loss: 2.858687 | lrm: 0.11 | dt: 160ms | tok/sec: 816,704 | mfu: 25.4% | epoch: 1 | remaining: 27s    
step 01712 (91.1%) | loss: 2.853211 | lrm: 0.10 | dt: 160ms | tok/sec: 816,687 | mfu: 25.4% | epoch: 1 | remaining: 27s    
step 01713 (91.1%) | loss: 2.856992 | lrm: 0.10 | dt: 160ms | tok/sec: 816,727 | mfu: 25.4% | epoch: 1 | remaining: 26s    
step 01714 (91.2%) | loss: 2.858708 | lrm: 0.10 | dt: 161ms | tok/sec: 816,634 | mfu: 25.4% | epoch: 1 | remaining: 26s    
step 01715 (91.2%) | loss: 2.852974 | lrm: 0.10 | dt: 160ms | tok/sec: 816,675 | mfu: 25.4% | epoch: 1 | remaining: 26s    
step 01716 (91.3%) | loss: 2.850655 | lrm: 0.10 | dt: 161ms | tok/sec: 816,561 | mfu: 25.4% | epoch: 1 | remaining: 26s    
step 01717 (91.3%) | loss: 2.856396 | lrm: 0.10 | dt: 161ms | tok/sec: 816,456 | mfu: 25.4% | epoch: 1 | remaining: 26s    
step 01718 (91.4%) | loss: 2.857057 | lrm: 0.10 | dt: 161ms | tok/sec: 816,645 | mfu: 25.4% | epoch: 1 | remaining: 26s    
step 01719 (91.5%) | loss: 2.846750 | lrm: 0.10 | dt: 161ms | tok/sec: 816,538 | mfu: 25.4% | epoch: 1 | remaining: 25s    
step 01720 (91.5%) | loss: 2.842572 | lrm: 0.10 | dt: 160ms | tok/sec: 816,698 | mfu: 25.4% | epoch: 1 | remaining: 25s    
step 01721 (91.6%) | loss: 2.841722 | lrm: 0.10 | dt: 161ms | tok/sec: 816,294 | mfu: 25.4% | epoch: 1 | remaining: 25s    
step 01722 (91.6%) | loss: 2.847551 | lrm: 0.10 | dt: 161ms | tok/sec: 815,951 | mfu: 25.4% | epoch: 1 | remaining: 25s    
step 01723 (91.7%) | loss: 2.847559 | lrm: 0.10 | dt: 160ms | tok/sec: 816,696 | mfu: 25.4% | epoch: 1 | remaining: 25s    
step 01724 (91.7%) | loss: 2.852524 | lrm: 0.10 | dt: 161ms | tok/sec: 816,621 | mfu: 25.4% | epoch: 1 | remaining: 25s    
step 01725 (91.8%) | loss: 2.856897 | lrm: 0.10 | dt: 160ms | tok/sec: 816,756 | mfu: 25.4% | epoch: 1 | remaining: 25s    
step 01726 (91.8%) | loss: 2.852961 | lrm: 0.10 | dt: 161ms | tok/sec: 816,431 | mfu: 25.4% | epoch: 1 | remaining: 24s    
step 01727 (91.9%) | loss: 2.858749 | lrm: 0.10 | dt: 161ms | tok/sec: 816,519 | mfu: 25.4% | epoch: 1 | remaining: 24s    
step 01728 (91.9%) | loss: 2.857277 | lrm: 0.09 | dt: 161ms | tok/sec: 816,479 | mfu: 25.4% | epoch: 1 | remaining: 24s    
step 01729 (92.0%) | loss: 2.856732 | lrm: 0.09 | dt: 160ms | tok/sec: 816,658 | mfu: 25.4% | epoch: 1 | remaining: 24s    
step 01730 (92.0%) | loss: 2.859287 | lrm: 0.09 | dt: 161ms | tok/sec: 816,494 | mfu: 25.4% | epoch: 1 | remaining: 24s    
step 01731 (92.1%) | loss: 2.854821 | lrm: 0.09 | dt: 161ms | tok/sec: 816,348 | mfu: 25.4% | epoch: 1 | remaining: 24s    
step 01732 (92.1%) | loss: 2.851470 | lrm: 0.09 | dt: 161ms | tok/sec: 816,077 | mfu: 25.4% | epoch: 1 | remaining: 23s    
step 01733 (92.2%) | loss: 2.860818 | lrm: 0.09 | dt: 161ms | tok/sec: 816,622 | mfu: 25.4% | epoch: 1 | remaining: 23s    
step 01734 (92.3%) | loss: 2.860077 | lrm: 0.09 | dt: 161ms | tok/sec: 816,005 | mfu: 25.4% | epoch: 1 | remaining: 23s    
step 01735 (92.3%) | loss: 2.855283 | lrm: 0.09 | dt: 161ms | tok/sec: 816,591 | mfu: 25.4% | epoch: 1 | remaining: 23s    
step 01736 (92.4%) | loss: 2.861635 | lrm: 0.09 | dt: 161ms | tok/sec: 816,428 | mfu: 25.4% | epoch: 1 | remaining: 23s    
step 01737 (92.4%) | loss: 2.854725 | lrm: 0.09 | dt: 161ms | tok/sec: 816,574 | mfu: 25.4% | epoch: 1 | remaining: 23s    
step 01738 (92.5%) | loss: 2.861406 | lrm: 0.09 | dt: 161ms | tok/sec: 816,536 | mfu: 25.4% | epoch: 1 | remaining: 22s    
step 01739 (92.5%) | loss: 2.862528 | lrm: 0.09 | dt: 161ms | tok/sec: 816,557 | mfu: 25.4% | epoch: 1 | remaining: 22s    
step 01740 (92.6%) | loss: 2.862100 | lrm: 0.09 | dt: 161ms | tok/sec: 815,801 | mfu: 25.4% | epoch: 1 | remaining: 22s    
step 01741 (92.6%) | loss: 2.861982 | lrm: 0.09 | dt: 161ms | tok/sec: 816,430 | mfu: 25.4% | epoch: 1 | remaining: 22s    
step 01742 (92.7%) | loss: 2.863548 | lrm: 0.09 | dt: 161ms | tok/sec: 816,412 | mfu: 25.4% | epoch: 1 | remaining: 22s    
step 01743 (92.7%) | loss: 2.852275 | lrm: 0.09 | dt: 161ms | tok/sec: 815,662 | mfu: 25.4% | epoch: 1 | remaining: 22s    
step 01744 (92.8%) | loss: 2.858828 | lrm: 0.08 | dt: 161ms | tok/sec: 816,554 | mfu: 25.4% | epoch: 1 | remaining: 21s    
step 01745 (92.8%) | loss: 2.858287 | lrm: 0.08 | dt: 160ms | tok/sec: 816,840 | mfu: 25.4% | epoch: 1 | remaining: 21s    
step 01746 (92.9%) | loss: 2.859075 | lrm: 0.08 | dt: 161ms | tok/sec: 816,568 | mfu: 25.4% | epoch: 1 | remaining: 21s    
step 01747 (93.0%) | loss: 2.862696 | lrm: 0.08 | dt: 161ms | tok/sec: 816,531 | mfu: 25.4% | epoch: 1 | remaining: 21s    
step 01748 (93.0%) | loss: 2.862214 | lrm: 0.08 | dt: 161ms | tok/sec: 816,557 | mfu: 25.4% | epoch: 1 | remaining: 21s    
step 01749 (93.1%) | loss: 2.859277 | lrm: 0.08 | dt: 161ms | tok/sec: 816,581 | mfu: 25.4% | epoch: 1 | remaining: 21s    
step 01750 (93.1%) | loss: 2.859819 | lrm: 0.08 | dt: 161ms | tok/sec: 816,469 | mfu: 25.4% | epoch: 1 | remaining: 21s    
step 01751 (93.2%) | loss: 2.866819 | lrm: 0.08 | dt: 160ms | tok/sec: 816,709 | mfu: 25.4% | epoch: 1 | remaining: 20s    
step 01752 (93.2%) | loss: 2.859103 | lrm: 0.08 | dt: 161ms | tok/sec: 816,545 | mfu: 25.4% | epoch: 1 | remaining: 20s    
step 01753 (93.3%) | loss: 2.856303 | lrm: 0.08 | dt: 161ms | tok/sec: 816,634 | mfu: 25.4% | epoch: 1 | remaining: 20s    
step 01754 (93.3%) | loss: 2.850903 | lrm: 0.08 | dt: 161ms | tok/sec: 816,526 | mfu: 25.4% | epoch: 1 | remaining: 20s    
step 01755 (93.4%) | loss: 2.860153 | lrm: 0.08 | dt: 161ms | tok/sec: 816,426 | mfu: 25.4% | epoch: 1 | remaining: 20s    
step 01756 (93.4%) | loss: 2.861459 | lrm: 0.08 | dt: 161ms | tok/sec: 816,327 | mfu: 25.4% | epoch: 1 | remaining: 20s    
step 01757 (93.5%) | loss: 2.857933 | lrm: 0.08 | dt: 161ms | tok/sec: 816,077 | mfu: 25.4% | epoch: 1 | remaining: 19s    
step 01758 (93.5%) | loss: 2.860036 | lrm: 0.08 | dt: 161ms | tok/sec: 816,280 | mfu: 25.4% | epoch: 1 | remaining: 19s    
step 01759 (93.6%) | loss: 2.860805 | lrm: 0.08 | dt: 161ms | tok/sec: 816,445 | mfu: 25.4% | epoch: 1 | remaining: 19s    
step 01760 (93.6%) | loss: 2.862033 | lrm: 0.07 | dt: 161ms | tok/sec: 816,187 | mfu: 25.4% | epoch: 1 | remaining: 19s    
step 01761 (93.7%) | loss: 2.857046 | lrm: 0.07 | dt: 161ms | tok/sec: 816,470 | mfu: 25.4% | epoch: 1 | remaining: 19s    
step 01762 (93.8%) | loss: 2.857248 | lrm: 0.07 | dt: 161ms | tok/sec: 816,507 | mfu: 25.4% | epoch: 1 | remaining: 19s    
step 01763 (93.8%) | loss: 2.854651 | lrm: 0.07 | dt: 161ms | tok/sec: 816,245 | mfu: 25.4% | epoch: 1 | remaining: 18s    
step 01764 (93.9%) | loss: 2.854459 | lrm: 0.07 | dt: 161ms | tok/sec: 816,500 | mfu: 25.4% | epoch: 1 | remaining: 18s    
step 01765 (93.9%) | loss: 2.852937 | lrm: 0.07 | dt: 161ms | tok/sec: 816,230 | mfu: 25.4% | epoch: 1 | remaining: 18s    
step 01766 (94.0%) | loss: 2.857312 | lrm: 0.07 | dt: 161ms | tok/sec: 816,212 | mfu: 25.4% | epoch: 1 | remaining: 18s    
step 01767 (94.0%) | loss: 2.870616 | lrm: 0.07 | dt: 160ms | tok/sec: 816,703 | mfu: 25.4% | epoch: 1 | remaining: 18s    
step 01768 (94.1%) | loss: 2.869103 | lrm: 0.07 | dt: 161ms | tok/sec: 816,468 | mfu: 25.4% | epoch: 1 | remaining: 18s    
step 01769 (94.1%) | loss: 2.864315 | lrm: 0.07 | dt: 161ms | tok/sec: 816,188 | mfu: 25.4% | epoch: 1 | remaining: 17s    
step 01770 (94.2%) | loss: 2.866659 | lrm: 0.07 | dt: 161ms | tok/sec: 816,446 | mfu: 25.4% | epoch: 1 | remaining: 17s    
step 01771 (94.2%) | loss: 2.868137 | lrm: 0.07 | dt: 160ms | tok/sec: 816,716 | mfu: 25.4% | epoch: 1 | remaining: 17s    
step 01772 (94.3%) | loss: 2.866649 | lrm: 0.07 | dt: 161ms | tok/sec: 816,315 | mfu: 25.4% | epoch: 1 | remaining: 17s    
step 01773 (94.3%) | loss: 2.866778 | lrm: 0.07 | dt: 161ms | tok/sec: 816,411 | mfu: 25.4% | epoch: 1 | remaining: 17s    
step 01774 (94.4%) | loss: 2.860565 | lrm: 0.07 | dt: 160ms | tok/sec: 816,678 | mfu: 25.4% | epoch: 1 | remaining: 17s    
step 01775 (94.5%) | loss: 2.856296 | lrm: 0.07 | dt: 161ms | tok/sec: 816,360 | mfu: 25.4% | epoch: 1 | remaining: 16s    
step 01776 (94.5%) | loss: 2.855079 | lrm: 0.06 | dt: 160ms | tok/sec: 816,863 | mfu: 25.4% | epoch: 1 | remaining: 16s    
step 01777 (94.6%) | loss: 2.859349 | lrm: 0.06 | dt: 161ms | tok/sec: 816,246 | mfu: 25.4% | epoch: 1 | remaining: 16s    
step 01778 (94.6%) | loss: 2.865328 | lrm: 0.06 | dt: 161ms | tok/sec: 816,234 | mfu: 25.4% | epoch: 1 | remaining: 16s    
step 01779 (94.7%) | loss: 2.866536 | lrm: 0.06 | dt: 163ms | tok/sec: 801,848 | mfu: 25.0% | epoch: 1 | remaining: 16s    
step 01780 (94.7%) | loss: 2.864120 | lrm: 0.06 | dt: 161ms | tok/sec: 816,264 | mfu: 25.4% | epoch: 1 | remaining: 16s    
step 01781 (94.8%) | loss: 2.869110 | lrm: 0.06 | dt: 161ms | tok/sec: 816,311 | mfu: 25.4% | epoch: 1 | remaining: 16s    
step 01782 (94.8%) | loss: 2.868299 | lrm: 0.06 | dt: 161ms | tok/sec: 816,465 | mfu: 25.4% | epoch: 1 | remaining: 15s    
step 01783 (94.9%) | loss: 2.869310 | lrm: 0.06 | dt: 161ms | tok/sec: 816,114 | mfu: 25.4% | epoch: 1 | remaining: 15s    
step 01784 (94.9%) | loss: 2.870964 | lrm: 0.06 | dt: 160ms | tok/sec: 816,720 | mfu: 25.4% | epoch: 1 | remaining: 15s    
step 01785 (95.0%) | loss: 2.863595 | lrm: 0.06 | dt: 161ms | tok/sec: 815,908 | mfu: 25.4% | epoch: 1 | remaining: 15s    
step 01786 (95.0%) | loss: 2.867129 | lrm: 0.06 | dt: 161ms | tok/sec: 814,128 | mfu: 25.4% | epoch: 1 | remaining: 15s    
step 01787 (95.1%) | loss: 2.860502 | lrm: 0.06 | dt: 164ms | tok/sec: 801,359 | mfu: 25.0% | epoch: 1 | remaining: 15s    
step 01788 (95.1%) | loss: 2.859409 | lrm: 0.06 | dt: 161ms | tok/sec: 816,217 | mfu: 25.4% | epoch: 1 | remaining: 14s    
step 01789 (95.2%) | loss: 2.849894 | lrm: 0.06 | dt: 161ms | tok/sec: 816,470 | mfu: 25.4% | epoch: 1 | remaining: 14s    
step 01790 (95.3%) | loss: 2.846510 | lrm: 0.06 | dt: 161ms | tok/sec: 815,996 | mfu: 25.4% | epoch: 1 | remaining: 14s    
step 01791 (95.3%) | loss: 2.840665 | lrm: 0.06 | dt: 161ms | tok/sec: 816,320 | mfu: 25.4% | epoch: 1 | remaining: 14s    
step 01792 (95.4%) | loss: 2.845562 | lrm: 0.05 | dt: 161ms | tok/sec: 816,544 | mfu: 25.4% | epoch: 1 | remaining: 14s    
step 01793 (95.4%) | loss: 2.848482 | lrm: 0.05 | dt: 161ms | tok/sec: 816,317 | mfu: 25.4% | epoch: 1 | remaining: 14s    
step 01794 (95.5%) | loss: 2.847869 | lrm: 0.05 | dt: 163ms | tok/sec: 804,343 | mfu: 25.1% | epoch: 1 | remaining: 13s    
step 01795 (95.5%) | loss: 2.849046 | lrm: 0.05 | dt: 161ms | tok/sec: 816,334 | mfu: 25.4% | epoch: 1 | remaining: 13s    
step 01796 (95.6%) | loss: 2.851815 | lrm: 0.05 | dt: 161ms | tok/sec: 816,553 | mfu: 25.4% | epoch: 1 | remaining: 13s    
step 01797 (95.6%) | loss: 2.844354 | lrm: 0.05 | dt: 161ms | tok/sec: 816,389 | mfu: 25.4% | epoch: 1 | remaining: 13s    
step 01798 (95.7%) | loss: 2.842813 | lrm: 0.05 | dt: 161ms | tok/sec: 816,379 | mfu: 25.4% | epoch: 1 | remaining: 13s    
step 01799 (95.7%) | loss: 2.847133 | lrm: 0.05 | dt: 161ms | tok/sec: 816,368 | mfu: 25.4% | epoch: 1 | remaining: 13s    
step 01800 (95.8%) | loss: 2.839516 | lrm: 0.05 | dt: 161ms | tok/sec: 816,213 | mfu: 25.4% | epoch: 1 | remaining: 12s    
step 01801 (95.8%) | loss: 2.839745 | lrm: 0.05 | dt: 161ms | tok/sec: 816,122 | mfu: 25.4% | epoch: 1 | remaining: 12s    
step 01802 (95.9%) | loss: 2.842352 | lrm: 0.05 | dt: 161ms | tok/sec: 816,545 | mfu: 25.4% | epoch: 1 | remaining: 12s    
step 01803 (96.0%) | loss: 2.840209 | lrm: 0.05 | dt: 161ms | tok/sec: 816,356 | mfu: 25.4% | epoch: 1 | remaining: 12s    
step 01804 (96.0%) | loss: 2.849053 | lrm: 0.05 | dt: 161ms | tok/sec: 816,282 | mfu: 25.4% | epoch: 1 | remaining: 12s    
step 01805 (96.1%) | loss: 2.848082 | lrm: 0.05 | dt: 162ms | tok/sec: 809,103 | mfu: 25.2% | epoch: 1 | remaining: 12s    
step 01806 (96.1%) | loss: 2.842359 | lrm: 0.05 | dt: 161ms | tok/sec: 816,149 | mfu: 25.4% | epoch: 1 | remaining: 12s    
step 01807 (96.2%) | loss: 2.846391 | lrm: 0.05 | dt: 160ms | tok/sec: 816,937 | mfu: 25.5% | epoch: 1 | remaining: 11s    
step 01808 (96.2%) | loss: 2.844278 | lrm: 0.04 | dt: 160ms | tok/sec: 816,662 | mfu: 25.4% | epoch: 1 | remaining: 11s    
step 01809 (96.3%) | loss: 2.854980 | lrm: 0.04 | dt: 163ms | tok/sec: 802,686 | mfu: 25.0% | epoch: 1 | remaining: 11s    
step 01810 (96.3%) | loss: 2.849910 | lrm: 0.04 | dt: 161ms | tok/sec: 816,125 | mfu: 25.4% | epoch: 1 | remaining: 11s    
step 01811 (96.4%) | loss: 2.846412 | lrm: 0.04 | dt: 161ms | tok/sec: 816,097 | mfu: 25.4% | epoch: 1 | remaining: 11s    
step 01812 (96.4%) | loss: 2.843111 | lrm: 0.04 | dt: 161ms | tok/sec: 815,975 | mfu: 25.4% | epoch: 1 | remaining: 11s    
step 01813 (96.5%) | loss: 2.841275 | lrm: 0.04 | dt: 161ms | tok/sec: 816,287 | mfu: 25.4% | epoch: 1 | remaining: 10s    
step 01814 (96.5%) | loss: 2.842329 | lrm: 0.04 | dt: 160ms | tok/sec: 816,988 | mfu: 25.5% | epoch: 1 | remaining: 10s    
step 01815 (96.6%) | loss: 2.846850 | lrm: 0.04 | dt: 162ms | tok/sec: 809,671 | mfu: 25.2% | epoch: 1 | remaining: 10s    
step 01816 (96.6%) | loss: 2.842329 | lrm: 0.04 | dt: 161ms | tok/sec: 816,157 | mfu: 25.4% | epoch: 1 | remaining: 10s    
step 01817 (96.7%) | loss: 2.842168 | lrm: 0.04 | dt: 161ms | tok/sec: 816,579 | mfu: 25.4% | epoch: 1 | remaining: 10s    
step 01818 (96.8%) | loss: 2.838137 | lrm: 0.04 | dt: 161ms | tok/sec: 816,605 | mfu: 25.4% | epoch: 1 | remaining: 10s    
step 01819 (96.8%) | loss: 2.835830 | lrm: 0.04 | dt: 161ms | tok/sec: 815,909 | mfu: 25.4% | epoch: 1 | remaining: 9s    
step 01820 (96.9%) | loss: 2.832800 | lrm: 0.04 | dt: 161ms | tok/sec: 815,628 | mfu: 25.4% | epoch: 1 | remaining: 9s    
step 01821 (96.9%) | loss: 2.830113 | lrm: 0.04 | dt: 161ms | tok/sec: 815,411 | mfu: 25.4% | epoch: 1 | remaining: 9s    
step 01822 (97.0%) | loss: 2.833826 | lrm: 0.04 | dt: 161ms | tok/sec: 816,424 | mfu: 25.4% | epoch: 1 | remaining: 9s    
step 01823 (97.0%) | loss: 2.837389 | lrm: 0.04 | dt: 161ms | tok/sec: 816,243 | mfu: 25.4% | epoch: 1 | remaining: 9s    
step 01824 (97.1%) | loss: 2.832780 | lrm: 0.03 | dt: 161ms | tok/sec: 816,217 | mfu: 25.4% | epoch: 1 | remaining: 9s    
step 01825 (97.1%) | loss: 2.839658 | lrm: 0.03 | dt: 161ms | tok/sec: 815,975 | mfu: 25.4% | epoch: 1 | remaining: 8s    
step 01826 (97.2%) | loss: 2.840825 | lrm: 0.03 | dt: 161ms | tok/sec: 816,270 | mfu: 25.4% | epoch: 1 | remaining: 8s    
step 01827 (97.2%) | loss: 2.844695 | lrm: 0.03 | dt: 161ms | tok/sec: 816,172 | mfu: 25.4% | epoch: 1 | remaining: 8s    
step 01828 (97.3%) | loss: 2.846503 | lrm: 0.03 | dt: 161ms | tok/sec: 816,499 | mfu: 25.4% | epoch: 1 | remaining: 8s    
step 01829 (97.3%) | loss: 2.841211 | lrm: 0.03 | dt: 161ms | tok/sec: 816,110 | mfu: 25.4% | epoch: 1 | remaining: 8s    
step 01830 (97.4%) | loss: 2.843705 | lrm: 0.03 | dt: 161ms | tok/sec: 816,355 | mfu: 25.4% | epoch: 1 | remaining: 8s    
step 01831 (97.5%) | loss: 2.842513 | lrm: 0.03 | dt: 161ms | tok/sec: 815,841 | mfu: 25.4% | epoch: 1 | remaining: 7s    
step 01832 (97.5%) | loss: 2.839473 | lrm: 0.03 | dt: 160ms | tok/sec: 816,688 | mfu: 25.4% | epoch: 1 | remaining: 7s    
step 01833 (97.6%) | loss: 2.835935 | lrm: 0.03 | dt: 161ms | tok/sec: 816,571 | mfu: 25.4% | epoch: 1 | remaining: 7s    
step 01834 (97.6%) | loss: 2.835017 | lrm: 0.03 | dt: 161ms | tok/sec: 816,492 | mfu: 25.4% | epoch: 1 | remaining: 7s    
step 01835 (97.7%) | loss: 2.836563 | lrm: 0.03 | dt: 161ms | tok/sec: 816,543 | mfu: 25.4% | epoch: 1 | remaining: 7s    
step 01836 (97.7%) | loss: 2.837639 | lrm: 0.03 | dt: 161ms | tok/sec: 816,576 | mfu: 25.4% | epoch: 1 | remaining: 7s    
step 01837 (97.8%) | loss: 2.844053 | lrm: 0.03 | dt: 161ms | tok/sec: 816,614 | mfu: 25.4% | epoch: 1 | remaining: 7s    
step 01838 (97.8%) | loss: 2.847230 | lrm: 0.03 | dt: 161ms | tok/sec: 816,568 | mfu: 25.4% | epoch: 1 | remaining: 6s    
step 01839 (97.9%) | loss: 2.845198 | lrm: 0.02 | dt: 161ms | tok/sec: 816,292 | mfu: 25.4% | epoch: 1 | remaining: 6s    
step 01840 (97.9%) | loss: 2.847558 | lrm: 0.02 | dt: 161ms | tok/sec: 816,127 | mfu: 25.4% | epoch: 1 | remaining: 6s    
step 01841 (98.0%) | loss: 2.849239 | lrm: 0.02 | dt: 161ms | tok/sec: 816,359 | mfu: 25.4% | epoch: 1 | remaining: 6s    
step 01842 (98.0%) | loss: 2.851530 | lrm: 0.02 | dt: 161ms | tok/sec: 815,966 | mfu: 25.4% | epoch: 1 | remaining: 6s    
step 01843 (98.1%) | loss: 2.844788 | lrm: 0.02 | dt: 161ms | tok/sec: 816,545 | mfu: 25.4% | epoch: 1 | remaining: 6s    
step 01844 (98.1%) | loss: 2.852147 | lrm: 0.02 | dt: 161ms | tok/sec: 816,085 | mfu: 25.4% | epoch: 1 | remaining: 5s    
step 01845 (98.2%) | loss: 2.850840 | lrm: 0.02 | dt: 161ms | tok/sec: 816,061 | mfu: 25.4% | epoch: 1 | remaining: 5s    
step 01846 (98.3%) | loss: 2.848710 | lrm: 0.02 | dt: 161ms | tok/sec: 816,268 | mfu: 25.4% | epoch: 1 | remaining: 5s    
step 01847 (98.3%) | loss: 2.847121 | lrm: 0.02 | dt: 161ms | tok/sec: 816,471 | mfu: 25.4% | epoch: 1 | remaining: 5s    
step 01848 (98.4%) | loss: 2.847811 | lrm: 0.02 | dt: 161ms | tok/sec: 816,252 | mfu: 25.4% | epoch: 1 | remaining: 5s    
step 01849 (98.4%) | loss: 2.851040 | lrm: 0.02 | dt: 161ms | tok/sec: 816,646 | mfu: 25.4% | epoch: 1 | remaining: 5s    
step 01850 (98.5%) | loss: 2.845419 | lrm: 0.02 | dt: 161ms | tok/sec: 816,530 | mfu: 25.4% | epoch: 1 | remaining: 4s    
step 01851 (98.5%) | loss: 2.849033 | lrm: 0.02 | dt: 160ms | tok/sec: 816,745 | mfu: 25.4% | epoch: 1 | remaining: 4s    
step 01852 (98.6%) | loss: 2.853021 | lrm: 0.02 | dt: 160ms | tok/sec: 816,675 | mfu: 25.4% | epoch: 1 | remaining: 4s    
step 01853 (98.6%) | loss: 2.849321 | lrm: 0.02 | dt: 161ms | tok/sec: 816,469 | mfu: 25.4% | epoch: 1 | remaining: 4s    
step 01854 (98.7%) | loss: 2.847465 | lrm: 0.02 | dt: 160ms | tok/sec: 816,765 | mfu: 25.4% | epoch: 1 | remaining: 4s    
step 01855 (98.7%) | loss: 2.846292 | lrm: 0.01 | dt: 161ms | tok/sec: 816,452 | mfu: 25.4% | epoch: 1 | remaining: 4s    
step 01856 (98.8%) | loss: 2.848195 | lrm: 0.01 | dt: 160ms | tok/sec: 816,792 | mfu: 25.4% | epoch: 1 | remaining: 3s    
step 01857 (98.8%) | loss: 2.850918 | lrm: 0.01 | dt: 161ms | tok/sec: 816,360 | mfu: 25.4% | epoch: 1 | remaining: 3s    
step 01858 (98.9%) | loss: 2.853430 | lrm: 0.01 | dt: 161ms | tok/sec: 816,613 | mfu: 25.4% | epoch: 1 | remaining: 3s    
step 01859 (99.0%) | loss: 2.855356 | lrm: 0.01 | dt: 161ms | tok/sec: 816,211 | mfu: 25.4% | epoch: 1 | remaining: 3s    
step 01860 (99.0%) | loss: 2.853967 | lrm: 0.01 | dt: 161ms | tok/sec: 815,783 | mfu: 25.4% | epoch: 1 | remaining: 3s    
step 01861 (99.1%) | loss: 2.855448 | lrm: 0.01 | dt: 161ms | tok/sec: 816,245 | mfu: 25.4% | epoch: 1 | remaining: 3s    
step 01862 (99.1%) | loss: 2.850748 | lrm: 0.01 | dt: 161ms | tok/sec: 816,046 | mfu: 25.4% | epoch: 1 | remaining: 3s    
step 01863 (99.2%) | loss: 2.845541 | lrm: 0.01 | dt: 161ms | tok/sec: 816,434 | mfu: 25.4% | epoch: 1 | remaining: 2s    
step 01864 (99.2%) | loss: 2.837441 | lrm: 0.01 | dt: 161ms | tok/sec: 816,538 | mfu: 25.4% | epoch: 1 | remaining: 2s    
step 01865 (99.3%) | loss: 2.841205 | lrm: 0.01 | dt: 161ms | tok/sec: 816,363 | mfu: 25.4% | epoch: 1 | remaining: 2s    
step 01866 (99.3%) | loss: 2.843735 | lrm: 0.01 | dt: 161ms | tok/sec: 816,397 | mfu: 25.4% | epoch: 1 | remaining: 2s    
step 01867 (99.4%) | loss: 2.841088 | lrm: 0.01 | dt: 161ms | tok/sec: 816,503 | mfu: 25.4% | epoch: 1 | remaining: 2s    
step 01868 (99.4%) | loss: 2.840148 | lrm: 0.01 | dt: 161ms | tok/sec: 816,503 | mfu: 25.4% | epoch: 1 | remaining: 2s    
step 01869 (99.5%) | loss: 2.841717 | lrm: 0.01 | dt: 160ms | tok/sec: 816,761 | mfu: 25.4% | epoch: 1 | remaining: 1s    
step 01870 (99.5%) | loss: 2.836874 | lrm: 0.01 | dt: 160ms | tok/sec: 816,794 | mfu: 25.4% | epoch: 1 | remaining: 1s    
step 01871 (99.6%) | loss: 2.835360 | lrm: 0.00 | dt: 161ms | tok/sec: 816,498 | mfu: 25.4% | epoch: 1 | remaining: 1s    
step 01872 (99.6%) | loss: 2.838534 | lrm: 0.00 | dt: 161ms | tok/sec: 816,568 | mfu: 25.4% | epoch: 1 | remaining: 1s    
step 01873 (99.7%) | loss: 2.842582 | lrm: 0.00 | dt: 161ms | tok/sec: 816,503 | mfu: 25.4% | epoch: 1 | remaining: 1s    
step 01874 (99.8%) | loss: 2.845624 | lrm: 0.00 | dt: 160ms | tok/sec: 816,823 | mfu: 25.4% | epoch: 1 | remaining: 1s    
step 01875 (99.8%) | loss: 2.844457 | lrm: 0.00 | dt: 161ms | tok/sec: 816,349 | mfu: 25.4% | epoch: 1 | remaining: 0s    
step 01876 (99.9%) | loss: 2.850621 | lrm: 0.00 | dt: 161ms | tok/sec: 816,217 | mfu: 25.4% | epoch: 1 | remaining: 0s    
step 01877 (99.9%) | loss: 2.855777 | lrm: 0.00 | dt: 161ms | tok/sec: 816,482 | mfu: 25.4% | epoch: 1 | remaining: 0s    
step 01878 (100.0%) | loss: 2.852050 | lrm: 0.00 | dt: 161ms | tok/sec: 816,406 | mfu: 25.4% | epoch: 1 | remaining: 0s    Autotune Choices Stats:
{"num_choices": 13, "num_triton_choices": 12, "best_kernel": "triton_bmm_2713", "best_kernel_desc": "ACC_TYPE='tl.float32', ALLOW_TF32=True, BLOCK_K=32, BLOCK_M=128, BLOCK_N=16, EVEN_K=True, GROUP_M=8, USE_FAST_ACCUM=False, num_stages=3, num_warps=4", "best_time": 0.018079999834299088, "best_triton_pos": 0}
AUTOTUNE bmm(64x2048x32, 64x32x4)
strides: [1048576, 512, 1], [0, 1, 32]
dtypes: torch.bfloat16, torch.bfloat16
  triton_bmm_2713 0.0181 ms 100.0% ACC_TYPE='tl.float32', ALLOW_TF32=True, BLOCK_K=32, BLOCK_M=128, BLOCK_N=16, EVEN_K=True, GROUP_M=8, USE_FAST_ACCUM=False, num_stages=3, num_warps=4
  triton_bmm_2712 0.0181 ms 99.8% ACC_TYPE='tl.float32', ALLOW_TF32=True, BLOCK_K=32, BLOCK_M=64, BLOCK_N=16, EVEN_K=True, GROUP_M=8, USE_FAST_ACCUM=False, num_stages=4, num_warps=4
  triton_bmm_2716 0.0184 ms 98.3% ACC_TYPE='tl.float32', ALLOW_TF32=True, BLOCK_K=32, BLOCK_M=128, BLOCK_N=16, EVEN_K=True, GROUP_M=8, USE_FAST_ACCUM=False, num_stages=5, num_warps=8
  triton_bmm_2710 0.0184 ms 98.1% ACC_TYPE='tl.float32', ALLOW_TF32=True, BLOCK_K=32, BLOCK_M=64, BLOCK_N=16, EVEN_K=True, GROUP_M=8, USE_FAST_ACCUM=False, num_stages=2, num_warps=4
  triton_bmm_2711 0.0184 ms 98.1% ACC_TYPE='tl.float32', ALLOW_TF32=True, BLOCK_K=32, BLOCK_M=64, BLOCK_N=16, EVEN_K=True, GROUP_M=8, USE_FAST_ACCUM=False, num_stages=3, num_warps=4
  triton_bmm_2706 0.0200 ms 90.4% ACC_TYPE='tl.float32', ALLOW_TF32=True, BLOCK_K=32, BLOCK_M=32, BLOCK_N=16, EVEN_K=True, GROUP_M=8, USE_FAST_ACCUM=False, num_stages=2, num_warps=2
  triton_bmm_2714 0.0201 ms 89.8% ACC_TYPE='tl.float32', ALLOW_TF32=True, BLOCK_K=32, BLOCK_M=128, BLOCK_N=16, EVEN_K=True, GROUP_M=8, USE_FAST_ACCUM=False, num_stages=4, num_warps=8
  triton_bmm_2715 0.0201 ms 89.8% ACC_TYPE='tl.float32', ALLOW_TF32=True, BLOCK_K=32, BLOCK_M=128, BLOCK_N=16, EVEN_K=True, GROUP_M=8, USE_FAST_ACCUM=False, num_stages=2, num_warps=8
  triton_bmm_2707 0.0203 ms 89.0% ACC_TYPE='tl.float32', ALLOW_TF32=True, BLOCK_K=32, BLOCK_M=32, BLOCK_N=16, EVEN_K=True, GROUP_M=8, USE_FAST_ACCUM=False, num_stages=5, num_warps=2
  triton_bmm_2708 0.0203 ms 89.0% ACC_TYPE='tl.float32', ALLOW_TF32=True, BLOCK_K=32, BLOCK_M=64, BLOCK_N=16, EVEN_K=True, GROUP_M=8, USE_FAST_ACCUM=False, num_stages=5, num_warps=4
SingleProcess AUTOTUNE benchmarking takes 0.2784 seconds and 0.0001 seconds precompiling for 13 choices

---
val_bpb:          1.012222
training_seconds: 300.1
total_seconds:    443.1
peak_vram_mb:     27336.1
mfu_percent:      25.44
total_tokens_M:   246.3
num_steps:        1879
num_params_M:     57.7
depth:            9
[W1004 06:39:31.444647906 CudaIPCTypes.cpp:16] Producer process has been terminated before all shared CUDA tensors released. See Note [Sharing CUDA tensors]
