E1003 22:17:55.548000 1 .venv/lib/python3.10/site-packages/torch/_inductor/select_algorithm.py:2967] [0/0] Runtime error during autotuning: 
E1003 22:17:55.548000 1 .venv/lib/python3.10/site-packages/torch/_inductor/select_algorithm.py:2967] [0/0] No valid triton configs. OutOfMemoryError: out of resource: triton_flex_attention Required: 163840 Hardware limit:101376 Reducing block sizes or `num_stages` may help.. 
E1003 22:17:55.548000 1 .venv/lib/python3.10/site-packages/torch/_inductor/select_algorithm.py:2967] [0/0] Ignoring this choice.
E1003 22:17:55.611000 1 .venv/lib/python3.10/site-packages/torch/_inductor/select_algorithm.py:2967] [0/0] Runtime error during autotuning: 
E1003 22:17:55.611000 1 .venv/lib/python3.10/site-packages/torch/_inductor/select_algorithm.py:2967] [0/0] No valid triton configs. OutOfMemoryError: out of resource: triton_flex_attention Required: 163840 Hardware limit:101376 Reducing block sizes or `num_stages` may help.. 
E1003 22:17:55.611000 1 .venv/lib/python3.10/site-packages/torch/_inductor/select_algorithm.py:2967] [0/0] Ignoring this choice.
Autotune Choices Stats:
{"num_choices": 6, "num_triton_choices": 6, "best_kernel": "triton_flex_attention_59", "best_kernel_desc": "BLOCKS_ARE_CONTIGUOUS=False, BLOCK_M=128, BLOCK_N=128, FLOAT32_PRECISION=\"'tf32'\", GQA_SHARED_HEADS=1, HAS_FULL_BLOCKS=True, IS_DIVISIBLE=True, OUTPUT_LOGSUMEXP=True, OUTPUT_MAX=False, PRESCALE_QK=False, QK_HEAD_DIM=128, QK_HEAD_DIM_ROUNDED=128, ROWS_GUARANTEED_SAFE=False, SAFE_HEAD_DIM=True, SM_SCALE=0.08838834764831843, SPARSE_KV_BLOCK_SIZE=128, SPARSE_Q_BLOCK_SIZE=128, USE_TMA=False, V_HEAD_DIM=128, V_HEAD_DIM_ROUNDED=128, WRITE_DQ=True, num_stages=2, num_warps=8", "best_time": 3.790816068649292, "best_triton_pos": 0}
AUTOTUNE flex_attention(64x4x2048x128, 64x4x2048x128, 64x4x2048x128, 64x4x2048, 64x4x2048, 1x1x16, 1x1x16x16, 1x1x16, 1x1x16x16)
strides: [1048576, 128, 512, 1], [1048576, 128, 512, 1], [1048576, 128, 512, 1], [8192, 2048, 1], [8192, 2048, 1], [16, 16, 1], [256, 256, 16, 1], [16, 16, 1], [256, 256, 16, 1]
dtypes: torch.bfloat16, torch.bfloat16, torch.bfloat16, torch.float32, torch.float32, torch.int32, torch.int32, torch.int32, torch.int32
  triton_flex_attention_59 3.7908 ms 100.0% BLOCKS_ARE_CONTIGUOUS=False, BLOCK_M=128, BLOCK_N=128, FLOAT32_PRECISION="'tf32'", GQA_SHARED_HEADS=1, HAS_FULL_BLOCKS=True, IS_DIVISIBLE=True, OUTPUT_LOGSUMEXP=True, OUTPUT_MAX=False, PRESCALE_QK=False, QK_HEAD_DIM=128, QK_HEAD_DIM_ROUNDED=128, ROWS_GUARANTEED_SAFE=False, SAFE_HEAD_DIM=True, SM_SCALE=0.08838834764831843, SPARSE_KV_BLOCK_SIZE=128, SPARSE_Q_BLOCK_SIZE=128, USE_TMA=False, V_HEAD_DIM=128, V_HEAD_DIM_ROUNDED=128, WRITE_DQ=True, num_stages=2, num_warps=8
  triton_flex_attention_62 3.8769 ms 97.8% BLOCKS_ARE_CONTIGUOUS=False, BLOCK_M=128, BLOCK_N=64, FLOAT32_PRECISION="'tf32'", GQA_SHARED_HEADS=1, HAS_FULL_BLOCKS=True, IS_DIVISIBLE=True, OUTPUT_LOGSUMEXP=True, OUTPUT_MAX=False, PRESCALE_QK=False, QK_HEAD_DIM=128, QK_HEAD_DIM_ROUNDED=128, ROWS_GUARANTEED_SAFE=False, SAFE_HEAD_DIM=True, SM_SCALE=0.08838834764831843, SPARSE_KV_BLOCK_SIZE=128, SPARSE_Q_BLOCK_SIZE=128, USE_TMA=False, V_HEAD_DIM=128, V_HEAD_DIM_ROUNDED=128, WRITE_DQ=True, num_stages=2, num_warps=8
  triton_flex_attention_57 4.4134 ms 85.9% BLOCKS_ARE_CONTIGUOUS=False, BLOCK_M=128, BLOCK_N=64, FLOAT32_PRECISION="'tf32'", GQA_SHARED_HEADS=1, HAS_FULL_BLOCKS=True, IS_DIVISIBLE=True, OUTPUT_LOGSUMEXP=True, OUTPUT_MAX=False, PRESCALE_QK=False, QK_HEAD_DIM=128, QK_HEAD_DIM_ROUNDED=128, ROWS_GUARANTEED_SAFE=False, SAFE_HEAD_DIM=True, SM_SCALE=0.08838834764831843, SPARSE_KV_BLOCK_SIZE=128, SPARSE_Q_BLOCK_SIZE=128, USE_TMA=False, V_HEAD_DIM=128, V_HEAD_DIM_ROUNDED=128, WRITE_DQ=True, num_stages=3, num_warps=4
  triton_flex_attention_61 5.3996 ms 70.2% BLOCKS_ARE_CONTIGUOUS=False, BLOCK_M=64, BLOCK_N=64, FLOAT32_PRECISION="'tf32'", GQA_SHARED_HEADS=1, HAS_FULL_BLOCKS=True, IS_DIVISIBLE=True, OUTPUT_LOGSUMEXP=True, OUTPUT_MAX=False, PRESCALE_QK=False, QK_HEAD_DIM=128, QK_HEAD_DIM_ROUNDED=128, ROWS_GUARANTEED_SAFE=False, SAFE_HEAD_DIM=True, SM_SCALE=0.08838834764831843, SPARSE_KV_BLOCK_SIZE=128, SPARSE_Q_BLOCK_SIZE=128, USE_TMA=False, V_HEAD_DIM=128, V_HEAD_DIM_ROUNDED=128, WRITE_DQ=True, num_stages=3, num_warps=4
  triton_flex_attention_58 inf ms 0.0% BLOCKS_ARE_CONTIGUOUS=False, BLOCK_M=128, BLOCK_N=128, FLOAT32_PRECISION="'tf32'", GQA_SHARED_HEADS=1, HAS_FULL_BLOCKS=True, IS_DIVISIBLE=True, OUTPUT_LOGSUMEXP=True, OUTPUT_MAX=False, PRESCALE_QK=False, QK_HEAD_DIM=128, QK_HEAD_DIM_ROUNDED=128, ROWS_GUARANTEED_SAFE=False, SAFE_HEAD_DIM=True, SM_SCALE=0.08838834764831843, SPARSE_KV_BLOCK_SIZE=128, SPARSE_Q_BLOCK_SIZE=128, USE_TMA=False, V_HEAD_DIM=128, V_HEAD_DIM_ROUNDED=128, WRITE_DQ=True, num_stages=3, num_warps=4
  triton_flex_attention_60 inf ms 0.0% BLOCKS_ARE_CONTIGUOUS=False, BLOCK_M=64, BLOCK_N=128, FLOAT32_PRECISION="'tf32'", GQA_SHARED_HEADS=1, HAS_FULL_BLOCKS=True, IS_DIVISIBLE=True, OUTPUT_LOGSUMEXP=True, OUTPUT_MAX=False, PRESCALE_QK=False, QK_HEAD_DIM=128, QK_HEAD_DIM_ROUNDED=128, ROWS_GUARANTEED_SAFE=False, SAFE_HEAD_DIM=True, SM_SCALE=0.08838834764831843, SPARSE_KV_BLOCK_SIZE=128, SPARSE_Q_BLOCK_SIZE=128, USE_TMA=False, V_HEAD_DIM=128, V_HEAD_DIM_ROUNDED=128, WRITE_DQ=True, num_stages=3, num_warps=4
SingleProcess AUTOTUNE benchmarking takes 0.2668 seconds and 1.4383 seconds precompiling for 6 choices
E1003 22:18:12.968000 1 .venv/lib/python3.10/site-packages/torch/_inductor/select_algorithm.py:2967] [0/0] Runtime error during autotuning: 
E1003 22:18:12.968000 1 .venv/lib/python3.10/site-packages/torch/_inductor/select_algorithm.py:2967] [0/0] No valid triton configs. OutOfMemoryError: out of resource: triton_flex_attention_backward Required: 103168 Hardware limit:101376 Reducing block sizes or `num_stages` may help.. 
E1003 22:18:12.968000 1 .venv/lib/python3.10/site-packages/torch/_inductor/select_algorithm.py:2967] [0/0] Ignoring this choice.
E1003 22:18:12.974000 1 .venv/lib/python3.10/site-packages/torch/_inductor/select_algorithm.py:2967] [0/0] Runtime error during autotuning: 
E1003 22:18:12.974000 1 .venv/lib/python3.10/site-packages/torch/_inductor/select_algorithm.py:2967] [0/0] No valid triton configs. OutOfMemoryError: out of resource: triton_flex_attention_backward Required: 109568 Hardware limit:101376 Reducing block sizes or `num_stages` may help.. 
E1003 22:18:12.974000 1 .venv/lib/python3.10/site-packages/torch/_inductor/select_algorithm.py:2967] [0/0] Ignoring this choice.
E1003 22:18:12.980000 1 .venv/lib/python3.10/site-packages/torch/_inductor/select_algorithm.py:2967] [0/0] Runtime error during autotuning: 
E1003 22:18:12.980000 1 .venv/lib/python3.10/site-packages/torch/_inductor/select_algorithm.py:2967] [0/0] No valid triton configs. OutOfMemoryError: out of resource: triton_flex_attention_backward Required: 111616 Hardware limit:101376 Reducing block sizes or `num_stages` may help.. 
E1003 22:18:12.980000 1 .venv/lib/python3.10/site-packages/torch/_inductor/select_algorithm.py:2967] [0/0] Ignoring this choice.
E1003 22:18:13.311000 1 .venv/lib/python3.10/site-packages/torch/_inductor/select_algorithm.py:2967] [0/0] Runtime error during autotuning: 
E1003 22:18:13.311000 1 .venv/lib/python3.10/site-packages/torch/_inductor/select_algorithm.py:2967] [0/0] No valid triton configs. OutOfMemoryError: out of resource: triton_flex_attention_backward Required: 101888 Hardware limit:101376 Reducing block sizes or `num_stages` may help.. 
E1003 22:18:13.311000 1 .venv/lib/python3.10/site-packages/torch/_inductor/select_algorithm.py:2967] [0/0] Ignoring this choice.
E1003 22:18:13.318000 1 .venv/lib/python3.10/site-packages/torch/_inductor/select_algorithm.py:2967] [0/0] Runtime error during autotuning: 
E1003 22:18:13.318000 1 .venv/lib/python3.10/site-packages/torch/_inductor/select_algorithm.py:2967] [0/0] No valid triton configs. OutOfMemoryError: out of resource: triton_flex_attention_backward Required: 118784 Hardware limit:101376 Reducing block sizes or `num_stages` may help.. 
E1003 22:18:13.318000 1 .venv/lib/python3.10/site-packages/torch/_inductor/select_algorithm.py:2967] [0/0] Ignoring this choice.
E1003 22:18:14.178000 1 .venv/lib/python3.10/site-packages/torch/_inductor/select_algorithm.py:2967] [0/0] Runtime error during autotuning: 
E1003 22:18:14.178000 1 .venv/lib/python3.10/site-packages/torch/_inductor/select_algorithm.py:2967] [0/0] No valid triton configs. OutOfMemoryError: out of resource: triton_flex_attention_backward Required: 117760 Hardware limit:101376 Reducing block sizes or `num_stages` may help.. 
E1003 22:18:14.178000 1 .venv/lib/python3.10/site-packages/torch/_inductor/select_algorithm.py:2967] [0/0] Ignoring this choice.
E1003 22:18:14.184000 1 .venv/lib/python3.10/site-packages/torch/_inductor/select_algorithm.py:2967] [0/0] Runtime error during autotuning: 
E1003 22:18:14.184000 1 .venv/lib/python3.10/site-packages/torch/_inductor/select_algorithm.py:2967] [0/0] No valid triton configs. OutOfMemoryError: out of resource: triton_flex_attention_backward Required: 119808 Hardware limit:101376 Reducing block sizes or `num_stages` may help.. 
E1003 22:18:14.184000 1 .venv/lib/python3.10/site-packages/torch/_inductor/select_algorithm.py:2967] [0/0] Ignoring this choice.
E1003 22:18:14.192000 1 .venv/lib/python3.10/site-packages/torch/_inductor/select_algorithm.py:2967] [0/0] Runtime error during autotuning: 
E1003 22:18:14.192000 1 .venv/lib/python3.10/site-packages/torch/_inductor/select_algorithm.py:2967] [0/0] No valid triton configs. OutOfMemoryError: out of resource: triton_flex_attention_backward Required: 134656 Hardware limit:101376 Reducing block sizes or `num_stages` may help.. 
E1003 22:18:14.192000 1 .venv/lib/python3.10/site-packages/torch/_inductor/select_algorithm.py:2967] [0/0] Ignoring this choice.
E1003 22:18:14.198000 1 .venv/lib/python3.10/site-packages/torch/_inductor/select_algorithm.py:2967] [0/0] Runtime error during autotuning: 
E1003 22:18:14.198000 1 .venv/lib/python3.10/site-packages/torch/_inductor/select_algorithm.py:2967] [0/0] No valid triton configs. OutOfMemoryError: out of resource: triton_flex_attention_backward Required: 136704 Hardware limit:101376 Reducing block sizes or `num_stages` may help.. 
E1003 22:18:14.198000 1 .venv/lib/python3.10/site-packages/torch/_inductor/select_algorithm.py:2967] [0/0] Ignoring this choice.
E1003 22:18:14.206000 1 .venv/lib/python3.10/site-packages/torch/_inductor/select_algorithm.py:2967] [0/0] Runtime error during autotuning: 
E1003 22:18:14.206000 1 .venv/lib/python3.10/site-packages/torch/_inductor/select_algorithm.py:2967] [0/0] No valid triton configs. OutOfMemoryError: out of resource: triton_flex_attention_backward Required: 151552 Hardware limit:101376 Reducing block sizes or `num_stages` may help.. 
E1003 22:18:14.206000 1 .venv/lib/python3.10/site-packages/torch/_inductor/select_algorithm.py:2967] [0/0] Ignoring this choice.
E1003 22:18:14.212000 1 .venv/lib/python3.10/site-packages/torch/_inductor/select_algorithm.py:2967] [0/0] Runtime error during autotuning: 
E1003 22:18:14.212000 1 .venv/lib/python3.10/site-packages/torch/_inductor/select_algorithm.py:2967] [0/0] No valid triton configs. OutOfMemoryError: out of resource: triton_flex_attention_backward Required: 153600 Hardware limit:101376 Reducing block sizes or `num_stages` may help.. 
E1003 22:18:14.212000 1 .venv/lib/python3.10/site-packages/torch/_inductor/select_algorithm.py:2967] [0/0] Ignoring this choice.
Autotune Choices Stats:
{"num_choices": 29, "num_triton_choices": 29, "best_kernel": "triton_flex_attention_backward_1623", "best_kernel_desc": "BLOCKS_ARE_CONTIGUOUS=False, BLOCK_M1=32, BLOCK_M2=64, BLOCK_N1=64, BLOCK_N2=32, FLOAT32_PRECISION=\"'tf32'\", GQA_SHARED_HEADS=1, HAS_FULL_BLOCKS=True, IS_DIVISIBLE=True, OUTPUT_LOGSUMEXP=True, OUTPUT_MAX=False, PRESCALE_QK=False, QK_HEAD_DIM=128, QK_HEAD_DIM_ROUNDED=128, ROWS_GUARANTEED_SAFE=False, SAFE_HEAD_DIM=True, SM_SCALE=0.08838834764831843, SPARSE_KV_BLOCK_SIZE=128, SPARSE_Q_BLOCK_SIZE=128, V_HEAD_DIM=128, V_HEAD_DIM_ROUNDED=128, WRITE_DQ=True, num_stages=1, num_warps=4", "best_time": 14.189567565917969, "best_triton_pos": 0}
AUTOTUNE flex_attention_backward(64x4x2048x128, 64x4x2048x128, 64x4x2048x128, 64x4x2048, 64x4x2048, 64x4x2048x128, 64x4x2048x128, 64x4x2048x128, 1x1x16, 1x1x16x16, 1x1x16, 1x1x16x16, 1x1x16, 1x1x16x16, 1x1x16, 1x1x16x16)
strides: [1048576, 128, 512, 1], [1048576, 128, 512, 1], [1048576, 128, 512, 1], [8192, 2048, 1], [8192, 2048, 1], [1048576, 128, 512, 1], [1048576, 128, 512, 1], [1048576, 128, 512, 1], [16, 16, 1], [256, 256, 16, 1], [16, 16, 1], [256, 256, 16, 1], [16, 16, 1], [256, 256, 16, 1], [16, 16, 1], [256, 256, 16, 1]
dtypes: torch.bfloat16, torch.bfloat16, torch.bfloat16, torch.float32, torch.float32, torch.bfloat16, torch.bfloat16, torch.bfloat16, torch.int32, torch.int32, torch.int32, torch.int32, torch.int32, torch.int32, torch.int32, torch.int32
  triton_flex_attention_backward_1623 14.1896 ms 100.0% BLOCKS_ARE_CONTIGUOUS=False, BLOCK_M1=32, BLOCK_M2=64, BLOCK_N1=64, BLOCK_N2=32, FLOAT32_PRECISION="'tf32'", GQA_SHARED_HEADS=1, HAS_FULL_BLOCKS=True, IS_DIVISIBLE=True, OUTPUT_LOGSUMEXP=True, OUTPUT_MAX=False, PRESCALE_QK=False, QK_HEAD_DIM=128, QK_HEAD_DIM_ROUNDED=128, ROWS_GUARANTEED_SAFE=False, SAFE_HEAD_DIM=True, SM_SCALE=0.08838834764831843, SPARSE_KV_BLOCK_SIZE=128, SPARSE_Q_BLOCK_SIZE=128, V_HEAD_DIM=128, V_HEAD_DIM_ROUNDED=128, WRITE_DQ=True, num_stages=1, num_warps=4
  triton_flex_attention_backward_1630 15.5382 ms 91.3% BLOCKS_ARE_CONTIGUOUS=False, BLOCK_M1=32, BLOCK_M2=128, BLOCK_N1=128, BLOCK_N2=32, FLOAT32_PRECISION="'tf32'", GQA_SHARED_HEADS=1, HAS_FULL_BLOCKS=True, IS_DIVISIBLE=True, OUTPUT_LOGSUMEXP=True, OUTPUT_MAX=False, PRESCALE_QK=False, QK_HEAD_DIM=128, QK_HEAD_DIM_ROUNDED=128, ROWS_GUARANTEED_SAFE=False, SAFE_HEAD_DIM=True, SM_SCALE=0.08838834764831843, SPARSE_KV_BLOCK_SIZE=128, SPARSE_Q_BLOCK_SIZE=128, V_HEAD_DIM=128, V_HEAD_DIM_ROUNDED=128, WRITE_DQ=True, num_stages=3, num_warps=8
  triton_flex_attention_backward_1647 15.5525 ms 91.2% BLOCKS_ARE_CONTIGUOUS=False, BLOCK_M1=32, BLOCK_M2=32, BLOCK_N1=32, BLOCK_N2=32, FLOAT32_PRECISION="'tf32'", GQA_SHARED_HEADS=1, HAS_FULL_BLOCKS=True, IS_DIVISIBLE=True, OUTPUT_LOGSUMEXP=True, OUTPUT_MAX=False, PRESCALE_QK=False, QK_HEAD_DIM=128, QK_HEAD_DIM_ROUNDED=128, ROWS_GUARANTEED_SAFE=False, SAFE_HEAD_DIM=True, SM_SCALE=0.08838834764831843, SPARSE_KV_BLOCK_SIZE=128, SPARSE_Q_BLOCK_SIZE=128, V_HEAD_DIM=128, V_HEAD_DIM_ROUNDED=128, WRITE_DQ=True, num_stages=2, num_warps=4
  triton_flex_attention_backward_1620 15.8515 ms 89.5% BLOCKS_ARE_CONTIGUOUS=False, BLOCK_M1=32, BLOCK_M2=32, BLOCK_N1=32, BLOCK_N2=32, FLOAT32_PRECISION="'tf32'", GQA_SHARED_HEADS=1, HAS_FULL_BLOCKS=True, IS_DIVISIBLE=True, OUTPUT_LOGSUMEXP=True, OUTPUT_MAX=False, PRESCALE_QK=False, QK_HEAD_DIM=128, QK_HEAD_DIM_ROUNDED=128, ROWS_GUARANTEED_SAFE=False, SAFE_HEAD_DIM=True, SM_SCALE=0.08838834764831843, SPARSE_KV_BLOCK_SIZE=128, SPARSE_Q_BLOCK_SIZE=128, V_HEAD_DIM=128, V_HEAD_DIM_ROUNDED=128, WRITE_DQ=True, num_stages=3, num_warps=4
  triton_flex_attention_backward_1628 16.3308 ms 86.9% BLOCKS_ARE_CONTIGUOUS=False, BLOCK_M1=32, BLOCK_M2=128, BLOCK_N1=128, BLOCK_N2=32, FLOAT32_PRECISION="'tf32'", GQA_SHARED_HEADS=1, HAS_FULL_BLOCKS=True, IS_DIVISIBLE=True, OUTPUT_LOGSUMEXP=True, OUTPUT_MAX=False, PRESCALE_QK=False, QK_HEAD_DIM=128, QK_HEAD_DIM_ROUNDED=128, ROWS_GUARANTEED_SAFE=False, SAFE_HEAD_DIM=True, SM_SCALE=0.08838834764831843, SPARSE_KV_BLOCK_SIZE=128, SPARSE_Q_BLOCK_SIZE=128, V_HEAD_DIM=128, V_HEAD_DIM_ROUNDED=128, WRITE_DQ=True, num_stages=1, num_warps=8
  triton_flex_attention_backward_1624 16.7547 ms 84.7% BLOCKS_ARE_CONTIGUOUS=False, BLOCK_M1=32, BLOCK_M2=64, BLOCK_N1=64, BLOCK_N2=32, FLOAT32_PRECISION="'tf32'", GQA_SHARED_HEADS=1, HAS_FULL_BLOCKS=True, IS_DIVISIBLE=True, OUTPUT_LOGSUMEXP=True, OUTPUT_MAX=False, PRESCALE_QK=False, QK_HEAD_DIM=128, QK_HEAD_DIM_ROUNDED=128, ROWS_GUARANTEED_SAFE=False, SAFE_HEAD_DIM=True, SM_SCALE=0.08838834764831843, SPARSE_KV_BLOCK_SIZE=128, SPARSE_Q_BLOCK_SIZE=128, V_HEAD_DIM=128, V_HEAD_DIM_ROUNDED=128, WRITE_DQ=True, num_stages=3, num_warps=4
  triton_flex_attention_backward_1626 16.7854 ms 84.5% BLOCKS_ARE_CONTIGUOUS=False, BLOCK_M1=32, BLOCK_M2=64, BLOCK_N1=64, BLOCK_N2=32, FLOAT32_PRECISION="'tf32'", GQA_SHARED_HEADS=1, HAS_FULL_BLOCKS=True, IS_DIVISIBLE=True, OUTPUT_LOGSUMEXP=True, OUTPUT_MAX=False, PRESCALE_QK=False, QK_HEAD_DIM=128, QK_HEAD_DIM_ROUNDED=128, ROWS_GUARANTEED_SAFE=False, SAFE_HEAD_DIM=True, SM_SCALE=0.08838834764831843, SPARSE_KV_BLOCK_SIZE=128, SPARSE_Q_BLOCK_SIZE=128, V_HEAD_DIM=128, V_HEAD_DIM_ROUNDED=128, WRITE_DQ=True, num_stages=5, num_warps=4
  triton_flex_attention_backward_1625 16.7895 ms 84.5% BLOCKS_ARE_CONTIGUOUS=False, BLOCK_M1=32, BLOCK_M2=64, BLOCK_N1=64, BLOCK_N2=32, FLOAT32_PRECISION="'tf32'", GQA_SHARED_HEADS=1, HAS_FULL_BLOCKS=True, IS_DIVISIBLE=True, OUTPUT_LOGSUMEXP=True, OUTPUT_MAX=False, PRESCALE_QK=False, QK_HEAD_DIM=128, QK_HEAD_DIM_ROUNDED=128, ROWS_GUARANTEED_SAFE=False, SAFE_HEAD_DIM=True, SM_SCALE=0.08838834764831843, SPARSE_KV_BLOCK_SIZE=128, SPARSE_Q_BLOCK_SIZE=128, V_HEAD_DIM=128, V_HEAD_DIM_ROUNDED=128, WRITE_DQ=True, num_stages=4, num_warps=4
  triton_flex_attention_backward_1619 16.8704 ms 84.1% BLOCKS_ARE_CONTIGUOUS=False, BLOCK_M1=32, BLOCK_M2=32, BLOCK_N1=32, BLOCK_N2=32, FLOAT32_PRECISION="'tf32'", GQA_SHARED_HEADS=1, HAS_FULL_BLOCKS=True, IS_DIVISIBLE=True, OUTPUT_LOGSUMEXP=True, OUTPUT_MAX=False, PRESCALE_QK=False, QK_HEAD_DIM=128, QK_HEAD_DIM_ROUNDED=128, ROWS_GUARANTEED_SAFE=False, SAFE_HEAD_DIM=True, SM_SCALE=0.08838834764831843, SPARSE_KV_BLOCK_SIZE=128, SPARSE_Q_BLOCK_SIZE=128, V_HEAD_DIM=128, V_HEAD_DIM_ROUNDED=128, WRITE_DQ=True, num_stages=1, num_warps=4
  triton_flex_attention_backward_1636 18.8856 ms 75.1% BLOCKS_ARE_CONTIGUOUS=False, BLOCK_M1=64, BLOCK_M2=64, BLOCK_N1=64, BLOCK_N2=64, FLOAT32_PRECISION="'tf32'", GQA_SHARED_HEADS=1, HAS_FULL_BLOCKS=True, IS_DIVISIBLE=True, OUTPUT_LOGSUMEXP=True, OUTPUT_MAX=False, PRESCALE_QK=False, QK_HEAD_DIM=128, QK_HEAD_DIM_ROUNDED=128, ROWS_GUARANTEED_SAFE=False, SAFE_HEAD_DIM=True, SM_SCALE=0.08838834764831843, SPARSE_KV_BLOCK_SIZE=128, SPARSE_Q_BLOCK_SIZE=128, V_HEAD_DIM=128, V_HEAD_DIM_ROUNDED=128, WRITE_DQ=True, num_stages=3, num_warps=4
SingleProcess AUTOTUNE benchmarking takes 3.5230 seconds and 3.1229 seconds precompiling for 29 choices
Vocab size: 8,192
Model config: {'sequence_len': 2048, 'vocab_size': 8192, 'n_layer': 9, 'n_head': 4, 'n_kv_head': 4, 'n_embd': 512, 'window_pattern': 'SSLL'}
Parameter counts:
  wte                     : 4,194,304
  value_embeds            : 20,971,520
  lm_head                 : 4,194,304
  transformer_matrices    : 28,312,192
  scalars                 : 18
  total                   : 57,672,338
Estimated FLOPs per token: 2.705364e+08
Scaling AdamW LRs by 1/sqrt(512/768) = 1.224745
Time budget: 300s
Gradient accumulation steps: 1

step 00000 (0.0%) | loss: 9.011469 | lrm: 1.00 | dt: 42077ms | tok/sec: 3,115 | mfu: 0.1% | epoch: 1 | remaining: 300s    
step 00001 (0.0%) | loss: 8.883510 | lrm: 1.00 | dt: 160ms | tok/sec: 816,996 | mfu: 22.3% | epoch: 1 | remaining: 300s    
step 00002 (0.0%) | loss: 8.548815 | lrm: 1.00 | dt: 158ms | tok/sec: 829,174 | mfu: 22.7% | epoch: 1 | remaining: 300s    
step 00003 (0.0%) | loss: 8.124060 | lrm: 1.00 | dt: 158ms | tok/sec: 829,482 | mfu: 22.7% | epoch: 1 | remaining: 300s    
step 00004 (0.0%) | loss: 7.750659 | lrm: 1.00 | dt: 158ms | tok/sec: 829,605 | mfu: 22.7% | epoch: 1 | remaining: 300s    
step 00005 (0.0%) | loss: 7.435170 | lrm: 1.00 | dt: 158ms | tok/sec: 829,374 | mfu: 22.7% | epoch: 1 | remaining: 300s    
step 00006 (0.0%) | loss: 7.186447 | lrm: 1.00 | dt: 158ms | tok/sec: 828,994 | mfu: 22.7% | epoch: 1 | remaining: 300s    
step 00007 (0.0%) | loss: 6.978883 | lrm: 1.00 | dt: 158ms | tok/sec: 828,740 | mfu: 22.7% | epoch: 1 | remaining: 300s    
step 00008 (0.0%) | loss: 6.804124 | lrm: 1.00 | dt: 158ms | tok/sec: 828,954 | mfu: 22.7% | epoch: 1 | remaining: 300s    
step 00009 (0.0%) | loss: 6.656583 | lrm: 1.00 | dt: 158ms | tok/sec: 828,879 | mfu: 22.7% | epoch: 1 | remaining: 300s    
step 00010 (0.0%) | loss: 6.528253 | lrm: 1.00 | dt: 158ms | tok/sec: 828,768 | mfu: 22.7% | epoch: 1 | remaining: 300s    
step 00011 (0.0%) | loss: 6.413727 | lrm: 1.00 | dt: 158ms | tok/sec: 828,728 | mfu: 22.7% | epoch: 1 | remaining: 300s    
step 00012 (0.1%) | loss: 6.318933 | lrm: 1.00 | dt: 158ms | tok/sec: 828,850 | mfu: 22.7% | epoch: 1 | remaining: 300s    
step 00013 (0.1%) | loss: 6.234910 | lrm: 1.00 | dt: 158ms | tok/sec: 828,862 | mfu: 22.7% | epoch: 1 | remaining: 300s    
step 00014 (0.2%) | loss: 6.157840 | lrm: 1.00 | dt: 158ms | tok/sec: 828,851 | mfu: 22.7% | epoch: 1 | remaining: 299s    
step 00015 (0.2%) | loss: 6.094045 | lrm: 1.00 | dt: 158ms | tok/sec: 828,688 | mfu: 22.7% | epoch: 1 | remaining: 299s    
step 00016 (0.3%) | loss: 6.037500 | lrm: 1.00 | dt: 158ms | tok/sec: 828,608 | mfu: 22.7% | epoch: 1 | remaining: 299s    
step 00017 (0.3%) | loss: 5.981667 | lrm: 1.00 | dt: 158ms | tok/sec: 828,897 | mfu: 22.7% | epoch: 1 | remaining: 299s    
step 00018 (0.4%) | loss: 5.932229 | lrm: 1.00 | dt: 158ms | tok/sec: 828,809 | mfu: 22.7% | epoch: 1 | remaining: 299s    
step 00019 (0.4%) | loss: 5.887430 | lrm: 1.00 | dt: 158ms | tok/sec: 828,735 | mfu: 22.7% | epoch: 1 | remaining: 299s    
step 00020 (0.5%) | loss: 5.848968 | lrm: 1.00 | dt: 158ms | tok/sec: 828,651 | mfu: 22.7% | epoch: 1 | remaining: 298s    
step 00021 (0.5%) | loss: 5.812969 | lrm: 1.00 | dt: 158ms | tok/sec: 828,433 | mfu: 22.6% | epoch: 1 | remaining: 298s    
step 00022 (0.6%) | loss: 5.777846 | lrm: 1.00 | dt: 158ms | tok/sec: 827,732 | mfu: 22.6% | epoch: 1 | remaining: 298s    
step 00023 (0.6%) | loss: 5.743974 | lrm: 1.00 | dt: 158ms | tok/sec: 828,027 | mfu: 22.6% | epoch: 1 | remaining: 298s    
step 00024 (0.7%) | loss: 5.713023 | lrm: 1.00 | dt: 158ms | tok/sec: 828,313 | mfu: 22.6% | epoch: 1 | remaining: 298s    
step 00025 (0.7%) | loss: 5.676109 | lrm: 1.00 | dt: 158ms | tok/sec: 828,543 | mfu: 22.7% | epoch: 1 | remaining: 298s    
step 00026 (0.8%) | loss: 5.646808 | lrm: 1.00 | dt: 158ms | tok/sec: 828,355 | mfu: 22.6% | epoch: 1 | remaining: 297s    
step 00027 (0.8%) | loss: 5.621550 | lrm: 1.00 | dt: 158ms | tok/sec: 828,429 | mfu: 22.6% | epoch: 1 | remaining: 297s    
step 00028 (0.9%) | loss: 5.597400 | lrm: 1.00 | dt: 158ms | tok/sec: 828,506 | mfu: 22.7% | epoch: 1 | remaining: 297s    
step 00029 (0.9%) | loss: 5.570384 | lrm: 1.00 | dt: 158ms | tok/sec: 828,382 | mfu: 22.6% | epoch: 1 | remaining: 297s    
step 00030 (1.0%) | loss: 5.545106 | lrm: 1.00 | dt: 158ms | tok/sec: 828,422 | mfu: 22.6% | epoch: 1 | remaining: 297s    
step 00031 (1.1%) | loss: 5.519978 | lrm: 1.00 | dt: 158ms | tok/sec: 828,385 | mfu: 22.6% | epoch: 1 | remaining: 297s    
step 00032 (1.1%) | loss: 5.493153 | lrm: 1.00 | dt: 158ms | tok/sec: 828,650 | mfu: 22.7% | epoch: 1 | remaining: 297s    
step 00033 (1.2%) | loss: 5.470886 | lrm: 1.00 | dt: 158ms | tok/sec: 829,096 | mfu: 22.7% | epoch: 1 | remaining: 296s    
step 00034 (1.2%) | loss: 5.444465 | lrm: 1.00 | dt: 158ms | tok/sec: 829,032 | mfu: 22.7% | epoch: 1 | remaining: 296s    
step 00035 (1.3%) | loss: 5.419067 | lrm: 1.00 | dt: 158ms | tok/sec: 829,897 | mfu: 22.7% | epoch: 1 | remaining: 296s    
step 00036 (1.3%) | loss: 5.397661 | lrm: 1.00 | dt: 158ms | tok/sec: 829,547 | mfu: 22.7% | epoch: 1 | remaining: 296s    
step 00037 (1.4%) | loss: 5.372205 | lrm: 1.00 | dt: 158ms | tok/sec: 829,712 | mfu: 22.7% | epoch: 1 | remaining: 296s    
step 00038 (1.4%) | loss: 5.349078 | lrm: 1.00 | dt: 158ms | tok/sec: 828,455 | mfu: 22.7% | epoch: 1 | remaining: 296s    
step 00039 (1.5%) | loss: 5.325325 | lrm: 1.00 | dt: 158ms | tok/sec: 828,350 | mfu: 22.6% | epoch: 1 | remaining: 295s    
step 00040 (1.5%) | loss: 5.301361 | lrm: 1.00 | dt: 158ms | tok/sec: 829,355 | mfu: 22.7% | epoch: 1 | remaining: 295s    
step 00041 (1.6%) | loss: 5.278427 | lrm: 1.00 | dt: 158ms | tok/sec: 829,221 | mfu: 22.7% | epoch: 1 | remaining: 295s    
step 00042 (1.6%) | loss: 5.257647 | lrm: 1.00 | dt: 158ms | tok/sec: 829,319 | mfu: 22.7% | epoch: 1 | remaining: 295s    
step 00043 (1.7%) | loss: 5.233013 | lrm: 1.00 | dt: 158ms | tok/sec: 829,569 | mfu: 22.7% | epoch: 1 | remaining: 295s    
step 00044 (1.7%) | loss: 5.211688 | lrm: 1.00 | dt: 158ms | tok/sec: 829,812 | mfu: 22.7% | epoch: 1 | remaining: 295s    
step 00045 (1.8%) | loss: 5.193190 | lrm: 1.00 | dt: 158ms | tok/sec: 829,548 | mfu: 22.7% | epoch: 1 | remaining: 294s    
step 00046 (1.8%) | loss: 5.174772 | lrm: 1.00 | dt: 158ms | tok/sec: 829,724 | mfu: 22.7% | epoch: 1 | remaining: 294s    
step 00047 (1.9%) | loss: 5.154229 | lrm: 1.00 | dt: 158ms | tok/sec: 829,818 | mfu: 22.7% | epoch: 1 | remaining: 294s    
step 00048 (2.0%) | loss: 5.134824 | lrm: 1.00 | dt: 158ms | tok/sec: 829,617 | mfu: 22.7% | epoch: 1 | remaining: 294s    
step 00049 (2.0%) | loss: 5.115743 | lrm: 1.00 | dt: 158ms | tok/sec: 829,777 | mfu: 22.7% | epoch: 1 | remaining: 294s    
step 00050 (2.1%) | loss: 5.095691 | lrm: 1.00 | dt: 158ms | tok/sec: 829,574 | mfu: 22.7% | epoch: 1 | remaining: 294s    
step 00051 (2.1%) | loss: 5.074168 | lrm: 1.00 | dt: 158ms | tok/sec: 829,543 | mfu: 22.7% | epoch: 1 | remaining: 294s    
step 00052 (2.2%) | loss: 5.049992 | lrm: 1.00 | dt: 158ms | tok/sec: 829,771 | mfu: 22.7% | epoch: 1 | remaining: 293s    
step 00053 (2.2%) | loss: 5.032071 | lrm: 1.00 | dt: 158ms | tok/sec: 829,807 | mfu: 22.7% | epoch: 1 | remaining: 293s    
step 00054 (2.3%) | loss: 5.010744 | lrm: 1.00 | dt: 158ms | tok/sec: 829,800 | mfu: 22.7% | epoch: 1 | remaining: 293s    
step 00055 (2.3%) | loss: 4.989906 | lrm: 1.00 | dt: 158ms | tok/sec: 829,669 | mfu: 22.7% | epoch: 1 | remaining: 293s    
step 00056 (2.4%) | loss: 4.970329 | lrm: 1.00 | dt: 158ms | tok/sec: 829,901 | mfu: 22.7% | epoch: 1 | remaining: 293s    
step 00057 (2.4%) | loss: 4.954918 | lrm: 1.00 | dt: 158ms | tok/sec: 829,488 | mfu: 22.7% | epoch: 1 | remaining: 293s    
step 00058 (2.5%) | loss: 4.941322 | lrm: 1.00 | dt: 158ms | tok/sec: 829,589 | mfu: 22.7% | epoch: 1 | remaining: 292s    
step 00059 (2.5%) | loss: 4.919322 | lrm: 1.00 | dt: 158ms | tok/sec: 829,644 | mfu: 22.7% | epoch: 1 | remaining: 292s    
step 00060 (2.6%) | loss: 4.899620 | lrm: 1.00 | dt: 158ms | tok/sec: 829,877 | mfu: 22.7% | epoch: 1 | remaining: 292s    
step 00061 (2.6%) | loss: 4.875314 | lrm: 1.00 | dt: 158ms | tok/sec: 829,647 | mfu: 22.7% | epoch: 1 | remaining: 292s    
step 00062 (2.7%) | loss: 4.856499 | lrm: 1.00 | dt: 158ms | tok/sec: 829,590 | mfu: 22.7% | epoch: 1 | remaining: 292s    
step 00063 (2.7%) | loss: 4.840227 | lrm: 1.00 | dt: 158ms | tok/sec: 829,717 | mfu: 22.7% | epoch: 1 | remaining: 292s    
step 00064 (2.8%) | loss: 4.823603 | lrm: 1.00 | dt: 158ms | tok/sec: 829,602 | mfu: 22.7% | epoch: 1 | remaining: 291s    
step 00065 (2.8%) | loss: 4.806183 | lrm: 1.00 | dt: 158ms | tok/sec: 829,512 | mfu: 22.7% | epoch: 1 | remaining: 291s    
step 00066 (2.9%) | loss: 4.785952 | lrm: 1.00 | dt: 158ms | tok/sec: 829,490 | mfu: 22.7% | epoch: 1 | remaining: 291s    
step 00067 (3.0%) | loss: 4.771912 | lrm: 1.00 | dt: 158ms | tok/sec: 829,557 | mfu: 22.7% | epoch: 1 | remaining: 291s    
step 00068 (3.0%) | loss: 4.754127 | lrm: 1.00 | dt: 158ms | tok/sec: 829,560 | mfu: 22.7% | epoch: 1 | remaining: 291s    
step 00069 (3.1%) | loss: 4.733935 | lrm: 1.00 | dt: 158ms | tok/sec: 829,709 | mfu: 22.7% | epoch: 1 | remaining: 291s    
step 00070 (3.1%) | loss: 4.717512 | lrm: 1.00 | dt: 158ms | tok/sec: 829,454 | mfu: 22.7% | epoch: 1 | remaining: 291s    
step 00071 (3.2%) | loss: 4.693942 | lrm: 1.00 | dt: 158ms | tok/sec: 829,424 | mfu: 22.7% | epoch: 1 | remaining: 290s    
step 00072 (3.2%) | loss: 4.677827 | lrm: 1.00 | dt: 158ms | tok/sec: 829,739 | mfu: 22.7% | epoch: 1 | remaining: 290s    
step 00073 (3.3%) | loss: 4.658243 | lrm: 1.00 | dt: 158ms | tok/sec: 829,702 | mfu: 22.7% | epoch: 1 | remaining: 290s    
step 00074 (3.3%) | loss: 4.643925 | lrm: 1.00 | dt: 158ms | tok/sec: 829,771 | mfu: 22.7% | epoch: 1 | remaining: 290s    
step 00075 (3.4%) | loss: 4.626918 | lrm: 1.00 | dt: 158ms | tok/sec: 829,463 | mfu: 22.7% | epoch: 1 | remaining: 290s    
step 00076 (3.4%) | loss: 4.609197 | lrm: 1.00 | dt: 158ms | tok/sec: 829,533 | mfu: 22.7% | epoch: 1 | remaining: 290s    
step 00077 (3.5%) | loss: 4.587280 | lrm: 1.00 | dt: 158ms | tok/sec: 829,484 | mfu: 22.7% | epoch: 1 | remaining: 289s    
step 00078 (3.5%) | loss: 4.566885 | lrm: 1.00 | dt: 158ms | tok/sec: 829,512 | mfu: 22.7% | epoch: 1 | remaining: 289s    
step 00079 (3.6%) | loss: 4.550574 | lrm: 1.00 | dt: 158ms | tok/sec: 829,057 | mfu: 22.7% | epoch: 1 | remaining: 289s    
step 00080 (3.6%) | loss: 4.533855 | lrm: 1.00 | dt: 158ms | tok/sec: 829,533 | mfu: 22.7% | epoch: 1 | remaining: 289s    
step 00081 (3.7%) | loss: 4.519200 | lrm: 1.00 | dt: 158ms | tok/sec: 829,557 | mfu: 22.7% | epoch: 1 | remaining: 289s    
step 00082 (3.7%) | loss: 4.499266 | lrm: 1.00 | dt: 158ms | tok/sec: 829,419 | mfu: 22.7% | epoch: 1 | remaining: 289s    
step 00083 (3.8%) | loss: 4.481254 | lrm: 1.00 | dt: 158ms | tok/sec: 829,495 | mfu: 22.7% | epoch: 1 | remaining: 288s    
step 00084 (3.8%) | loss: 4.464803 | lrm: 1.00 | dt: 158ms | tok/sec: 829,453 | mfu: 22.7% | epoch: 1 | remaining: 288s    
step 00085 (3.9%) | loss: 4.454537 | lrm: 1.00 | dt: 158ms | tok/sec: 829,631 | mfu: 22.7% | epoch: 1 | remaining: 288s    
step 00086 (4.0%) | loss: 4.436116 | lrm: 1.00 | dt: 158ms | tok/sec: 829,148 | mfu: 22.7% | epoch: 1 | remaining: 288s    
step 00087 (4.0%) | loss: 4.415235 | lrm: 1.00 | dt: 158ms | tok/sec: 829,309 | mfu: 22.7% | epoch: 1 | remaining: 288s    
step 00088 (4.1%) | loss: 4.401017 | lrm: 1.00 | dt: 158ms | tok/sec: 829,468 | mfu: 22.7% | epoch: 1 | remaining: 288s    
step 00089 (4.1%) | loss: 4.382584 | lrm: 1.00 | dt: 158ms | tok/sec: 829,336 | mfu: 22.7% | epoch: 1 | remaining: 288s    
step 00090 (4.2%) | loss: 4.365570 | lrm: 1.00 | dt: 158ms | tok/sec: 829,408 | mfu: 22.7% | epoch: 1 | remaining: 287s    
step 00091 (4.2%) | loss: 4.354835 | lrm: 1.00 | dt: 158ms | tok/sec: 829,358 | mfu: 22.7% | epoch: 1 | remaining: 287s    
step 00092 (4.3%) | loss: 4.339417 | lrm: 1.00 | dt: 158ms | tok/sec: 829,654 | mfu: 22.7% | epoch: 1 | remaining: 287s    
step 00093 (4.3%) | loss: 4.321682 | lrm: 1.00 | dt: 158ms | tok/sec: 829,565 | mfu: 22.7% | epoch: 1 | remaining: 287s    
step 00094 (4.4%) | loss: 4.306736 | lrm: 1.00 | dt: 158ms | tok/sec: 829,459 | mfu: 22.7% | epoch: 1 | remaining: 287s    
step 00095 (4.4%) | loss: 4.287219 | lrm: 1.00 | dt: 158ms | tok/sec: 829,243 | mfu: 22.7% | epoch: 1 | remaining: 287s    
step 00096 (4.5%) | loss: 4.272125 | lrm: 1.00 | dt: 158ms | tok/sec: 829,431 | mfu: 22.7% | epoch: 1 | remaining: 286s    
step 00097 (4.5%) | loss: 4.253623 | lrm: 1.00 | dt: 158ms | tok/sec: 829,429 | mfu: 22.7% | epoch: 1 | remaining: 286s    
step 00098 (4.6%) | loss: 4.232289 | lrm: 1.00 | dt: 158ms | tok/sec: 829,396 | mfu: 22.7% | epoch: 1 | remaining: 286s    
step 00099 (4.6%) | loss: 4.217797 | lrm: 1.00 | dt: 158ms | tok/sec: 829,480 | mfu: 22.7% | epoch: 1 | remaining: 286s    
step 00100 (4.7%) | loss: 4.210657 | lrm: 1.00 | dt: 158ms | tok/sec: 829,356 | mfu: 22.7% | epoch: 1 | remaining: 286s    
step 00101 (4.7%) | loss: 4.200752 | lrm: 1.00 | dt: 158ms | tok/sec: 829,319 | mfu: 22.7% | epoch: 1 | remaining: 286s    
step 00102 (4.8%) | loss: 4.187153 | lrm: 1.00 | dt: 158ms | tok/sec: 829,191 | mfu: 22.7% | epoch: 1 | remaining: 285s    
step 00103 (4.8%) | loss: 4.170056 | lrm: 1.00 | dt: 158ms | tok/sec: 829,234 | mfu: 22.7% | epoch: 1 | remaining: 285s    
step 00104 (4.9%) | loss: 4.157706 | lrm: 1.00 | dt: 158ms | tok/sec: 829,298 | mfu: 22.7% | epoch: 1 | remaining: 285s    
step 00105 (5.0%) | loss: 4.146106 | lrm: 1.00 | dt: 158ms | tok/sec: 829,014 | mfu: 22.7% | epoch: 1 | remaining: 285s    
step 00106 (5.0%) | loss: 4.135464 | lrm: 1.00 | dt: 158ms | tok/sec: 829,441 | mfu: 22.7% | epoch: 1 | remaining: 285s    
step 00107 (5.1%) | loss: 4.124093 | lrm: 1.00 | dt: 158ms | tok/sec: 829,552 | mfu: 22.7% | epoch: 1 | remaining: 285s    
step 00108 (5.1%) | loss: 4.105821 | lrm: 1.00 | dt: 158ms | tok/sec: 829,246 | mfu: 22.7% | epoch: 1 | remaining: 285s    
step 00109 (5.2%) | loss: 4.089330 | lrm: 1.00 | dt: 158ms | tok/sec: 829,154 | mfu: 22.7% | epoch: 1 | remaining: 284s    
step 00110 (5.2%) | loss: 4.076308 | lrm: 1.00 | dt: 158ms | tok/sec: 829,265 | mfu: 22.7% | epoch: 1 | remaining: 284s    
step 00111 (5.3%) | loss: 4.070203 | lrm: 1.00 | dt: 158ms | tok/sec: 829,166 | mfu: 22.7% | epoch: 1 | remaining: 284s    
step 00112 (5.3%) | loss: 4.062714 | lrm: 1.00 | dt: 158ms | tok/sec: 829,280 | mfu: 22.7% | epoch: 1 | remaining: 284s    
step 00113 (5.4%) | loss: 4.054509 | lrm: 1.00 | dt: 158ms | tok/sec: 829,275 | mfu: 22.7% | epoch: 1 | remaining: 284s    
step 00114 (5.4%) | loss: 4.040658 | lrm: 1.00 | dt: 158ms | tok/sec: 829,449 | mfu: 22.7% | epoch: 1 | remaining: 284s    
step 00115 (5.5%) | loss: 4.031420 | lrm: 1.00 | dt: 158ms | tok/sec: 829,378 | mfu: 22.7% | epoch: 1 | remaining: 283s    
step 00116 (5.5%) | loss: 4.024044 | lrm: 1.00 | dt: 158ms | tok/sec: 829,245 | mfu: 22.7% | epoch: 1 | remaining: 283s    
step 00117 (5.6%) | loss: 4.010626 | lrm: 1.00 | dt: 158ms | tok/sec: 829,165 | mfu: 22.7% | epoch: 1 | remaining: 283s    
step 00118 (5.6%) | loss: 4.000893 | lrm: 1.00 | dt: 158ms | tok/sec: 829,318 | mfu: 22.7% | epoch: 1 | remaining: 283s    
step 00119 (5.7%) | loss: 3.992807 | lrm: 1.00 | dt: 158ms | tok/sec: 829,203 | mfu: 22.7% | epoch: 1 | remaining: 283s    
step 00120 (5.7%) | loss: 3.988281 | lrm: 1.00 | dt: 158ms | tok/sec: 829,384 | mfu: 22.7% | epoch: 1 | remaining: 283s    
step 00121 (5.8%) | loss: 3.976176 | lrm: 1.00 | dt: 158ms | tok/sec: 829,470 | mfu: 22.7% | epoch: 1 | remaining: 282s    
step 00122 (5.8%) | loss: 3.966380 | lrm: 1.00 | dt: 158ms | tok/sec: 829,005 | mfu: 22.7% | epoch: 1 | remaining: 282s    
step 00123 (5.9%) | loss: 3.954705 | lrm: 1.00 | dt: 158ms | tok/sec: 829,076 | mfu: 22.7% | epoch: 1 | remaining: 282s    
step 00124 (6.0%) | loss: 3.945391 | lrm: 1.00 | dt: 158ms | tok/sec: 829,225 | mfu: 22.7% | epoch: 1 | remaining: 282s    
step 00125 (6.0%) | loss: 3.935679 | lrm: 1.00 | dt: 158ms | tok/sec: 829,229 | mfu: 22.7% | epoch: 1 | remaining: 282s    
step 00126 (6.1%) | loss: 3.924062 | lrm: 1.00 | dt: 158ms | tok/sec: 829,165 | mfu: 22.7% | epoch: 1 | remaining: 282s    
step 00127 (6.1%) | loss: 3.920379 | lrm: 1.00 | dt: 158ms | tok/sec: 829,146 | mfu: 22.7% | epoch: 1 | remaining: 282s    
step 00128 (6.2%) | loss: 3.916658 | lrm: 1.00 | dt: 158ms | tok/sec: 828,996 | mfu: 22.7% | epoch: 1 | remaining: 281s    
step 00129 (6.2%) | loss: 3.904512 | lrm: 1.00 | dt: 158ms | tok/sec: 829,159 | mfu: 22.7% | epoch: 1 | remaining: 281s    
step 00130 (6.3%) | loss: 3.895040 | lrm: 1.00 | dt: 158ms | tok/sec: 829,047 | mfu: 22.7% | epoch: 1 | remaining: 281s    
step 00131 (6.3%) | loss: 3.882930 | lrm: 1.00 | dt: 158ms | tok/sec: 828,811 | mfu: 22.7% | epoch: 1 | remaining: 281s    
step 00132 (6.4%) | loss: 3.879828 | lrm: 1.00 | dt: 158ms | tok/sec: 828,931 | mfu: 22.7% | epoch: 1 | remaining: 281s    
step 00133 (6.4%) | loss: 3.876377 | lrm: 1.00 | dt: 158ms | tok/sec: 828,970 | mfu: 22.7% | epoch: 1 | remaining: 281s    
step 00134 (6.5%) | loss: 3.866440 | lrm: 1.00 | dt: 158ms | tok/sec: 829,223 | mfu: 22.7% | epoch: 1 | remaining: 280s    
step 00135 (6.5%) | loss: 3.863173 | lrm: 1.00 | dt: 158ms | tok/sec: 829,169 | mfu: 22.7% | epoch: 1 | remaining: 280s    
step 00136 (6.6%) | loss: 3.854828 | lrm: 1.00 | dt: 158ms | tok/sec: 829,194 | mfu: 22.7% | epoch: 1 | remaining: 280s    
step 00137 (6.6%) | loss: 3.845767 | lrm: 1.00 | dt: 158ms | tok/sec: 829,285 | mfu: 22.7% | epoch: 1 | remaining: 280s    
step 00138 (6.7%) | loss: 3.834619 | lrm: 1.00 | dt: 158ms | tok/sec: 829,179 | mfu: 22.7% | epoch: 1 | remaining: 280s    
step 00139 (6.7%) | loss: 3.828362 | lrm: 1.00 | dt: 158ms | tok/sec: 829,055 | mfu: 22.7% | epoch: 1 | remaining: 280s    
step 00140 (6.8%) | loss: 3.817876 | lrm: 1.00 | dt: 158ms | tok/sec: 829,071 | mfu: 22.7% | epoch: 1 | remaining: 279s    
step 00141 (6.8%) | loss: 3.812547 | lrm: 1.00 | dt: 158ms | tok/sec: 828,247 | mfu: 22.6% | epoch: 1 | remaining: 279s    
step 00142 (6.9%) | loss: 3.808268 | lrm: 1.00 | dt: 158ms | tok/sec: 828,317 | mfu: 22.6% | epoch: 1 | remaining: 279s    
step 00143 (7.0%) | loss: 3.802925 | lrm: 1.00 | dt: 158ms | tok/sec: 828,669 | mfu: 22.7% | epoch: 1 | remaining: 279s    
step 00144 (7.0%) | loss: 3.798064 | lrm: 1.00 | dt: 158ms | tok/sec: 828,834 | mfu: 22.7% | epoch: 1 | remaining: 279s    
step 00145 (7.1%) | loss: 3.795647 | lrm: 1.00 | dt: 158ms | tok/sec: 829,021 | mfu: 22.7% | epoch: 1 | remaining: 279s    
step 00146 (7.1%) | loss: 3.793450 | lrm: 1.00 | dt: 158ms | tok/sec: 828,911 | mfu: 22.7% | epoch: 1 | remaining: 279s    
step 00147 (7.2%) | loss: 3.783008 | lrm: 1.00 | dt: 158ms | tok/sec: 829,074 | mfu: 22.7% | epoch: 1 | remaining: 278s    
step 00148 (7.2%) | loss: 3.784139 | lrm: 1.00 | dt: 158ms | tok/sec: 829,118 | mfu: 22.7% | epoch: 1 | remaining: 278s    
step 00149 (7.3%) | loss: 3.778927 | lrm: 1.00 | dt: 158ms | tok/sec: 828,990 | mfu: 22.7% | epoch: 1 | remaining: 278s    
step 00150 (7.3%) | loss: 3.773810 | lrm: 1.00 | dt: 158ms | tok/sec: 828,890 | mfu: 22.7% | epoch: 1 | remaining: 278s    
step 00151 (7.4%) | loss: 3.769815 | lrm: 1.00 | dt: 158ms | tok/sec: 828,851 | mfu: 22.7% | epoch: 1 | remaining: 278s    
step 00152 (7.4%) | loss: 3.763562 | lrm: 1.00 | dt: 158ms | tok/sec: 828,972 | mfu: 22.7% | epoch: 1 | remaining: 278s    
step 00153 (7.5%) | loss: 3.759191 | lrm: 1.00 | dt: 158ms | tok/sec: 828,801 | mfu: 22.7% | epoch: 1 | remaining: 277s    
step 00154 (7.5%) | loss: 3.755306 | lrm: 1.00 | dt: 158ms | tok/sec: 828,927 | mfu: 22.7% | epoch: 1 | remaining: 277s    
step 00155 (7.6%) | loss: 3.752975 | lrm: 1.00 | dt: 158ms | tok/sec: 828,663 | mfu: 22.7% | epoch: 1 | remaining: 277s    
step 00156 (7.6%) | loss: 3.749563 | lrm: 1.00 | dt: 158ms | tok/sec: 828,990 | mfu: 22.7% | epoch: 1 | remaining: 277s    
step 00157 (7.7%) | loss: 3.752225 | lrm: 1.00 | dt: 158ms | tok/sec: 828,813 | mfu: 22.7% | epoch: 1 | remaining: 277s    
step 00158 (7.7%) | loss: 3.749459 | lrm: 1.00 | dt: 158ms | tok/sec: 828,793 | mfu: 22.7% | epoch: 1 | remaining: 277s    
step 00159 (7.8%) | loss: 3.748070 | lrm: 1.00 | dt: 158ms | tok/sec: 828,629 | mfu: 22.7% | epoch: 1 | remaining: 276s    
step 00160 (7.9%) | loss: 3.739471 | lrm: 1.00 | dt: 158ms | tok/sec: 828,492 | mfu: 22.7% | epoch: 1 | remaining: 276s    
step 00161 (7.9%) | loss: 3.732350 | lrm: 1.00 | dt: 158ms | tok/sec: 828,786 | mfu: 22.7% | epoch: 1 | remaining: 276s    
step 00162 (8.0%) | loss: 3.721069 | lrm: 1.00 | dt: 158ms | tok/sec: 828,384 | mfu: 22.6% | epoch: 1 | remaining: 276s    
step 00163 (8.0%) | loss: 3.717451 | lrm: 1.00 | dt: 158ms | tok/sec: 828,616 | mfu: 22.7% | epoch: 1 | remaining: 276s    
step 00164 (8.1%) | loss: 3.709605 | lrm: 1.00 | dt: 158ms | tok/sec: 828,320 | mfu: 22.6% | epoch: 1 | remaining: 276s    
step 00165 (8.1%) | loss: 3.701503 | lrm: 1.00 | dt: 158ms | tok/sec: 828,157 | mfu: 22.6% | epoch: 1 | remaining: 275s    
step 00166 (8.2%) | loss: 3.694130 | lrm: 1.00 | dt: 158ms | tok/sec: 828,087 | mfu: 22.6% | epoch: 1 | remaining: 275s    
step 00167 (8.2%) | loss: 3.692271 | lrm: 1.00 | dt: 158ms | tok/sec: 828,029 | mfu: 22.6% | epoch: 1 | remaining: 275s    
step 00168 (8.3%) | loss: 3.697843 | lrm: 1.00 | dt: 158ms | tok/sec: 828,136 | mfu: 22.6% | epoch: 1 | remaining: 275s    
step 00169 (8.3%) | loss: 3.688302 | lrm: 1.00 | dt: 158ms | tok/sec: 827,838 | mfu: 22.6% | epoch: 1 | remaining: 275s    
step 00170 (8.4%) | loss: 3.685154 | lrm: 1.00 | dt: 158ms | tok/sec: 828,102 | mfu: 22.6% | epoch: 1 | remaining: 275s    
step 00171 (8.4%) | loss: 3.685415 | lrm: 1.00 | dt: 158ms | tok/sec: 827,739 | mfu: 22.6% | epoch: 1 | remaining: 275s    
step 00172 (8.5%) | loss: 3.679855 | lrm: 1.00 | dt: 158ms | tok/sec: 827,631 | mfu: 22.6% | epoch: 1 | remaining: 274s    
step 00173 (8.5%) | loss: 3.679414 | lrm: 1.00 | dt: 158ms | tok/sec: 827,490 | mfu: 22.6% | epoch: 1 | remaining: 274s    
step 00174 (8.6%) | loss: 3.670820 | lrm: 1.00 | dt: 158ms | tok/sec: 827,485 | mfu: 22.6% | epoch: 1 | remaining: 274s    
step 00175 (8.6%) | loss: 3.673016 | lrm: 1.00 | dt: 158ms | tok/sec: 827,434 | mfu: 22.6% | epoch: 1 | remaining: 274s    
step 00176 (8.7%) | loss: 3.673286 | lrm: 1.00 | dt: 158ms | tok/sec: 826,965 | mfu: 22.6% | epoch: 1 | remaining: 274s    
step 00177 (8.7%) | loss: 3.656814 | lrm: 1.00 | dt: 159ms | tok/sec: 826,905 | mfu: 22.6% | epoch: 1 | remaining: 274s    
step 00178 (8.8%) | loss: 3.658399 | lrm: 1.00 | dt: 159ms | tok/sec: 826,720 | mfu: 22.6% | epoch: 1 | remaining: 273s    
step 00179 (8.9%) | loss: 3.653766 | lrm: 1.00 | dt: 159ms | tok/sec: 826,893 | mfu: 22.6% | epoch: 1 | remaining: 273s    
step 00180 (8.9%) | loss: 3.648992 | lrm: 1.00 | dt: 159ms | tok/sec: 826,845 | mfu: 22.6% | epoch: 1 | remaining: 273s    
step 00181 (9.0%) | loss: 3.647290 | lrm: 1.00 | dt: 159ms | tok/sec: 826,756 | mfu: 22.6% | epoch: 1 | remaining: 273s    
step 00182 (9.0%) | loss: 3.641845 | lrm: 1.00 | dt: 159ms | tok/sec: 826,752 | mfu: 22.6% | epoch: 1 | remaining: 273s    
step 00183 (9.1%) | loss: 3.646425 | lrm: 1.00 | dt: 159ms | tok/sec: 826,797 | mfu: 22.6% | epoch: 1 | remaining: 273s    
step 00184 (9.1%) | loss: 3.638723 | lrm: 1.00 | dt: 159ms | tok/sec: 826,818 | mfu: 22.6% | epoch: 1 | remaining: 272s    
step 00185 (9.2%) | loss: 3.632785 | lrm: 1.00 | dt: 159ms | tok/sec: 826,578 | mfu: 22.6% | epoch: 1 | remaining: 272s    
step 00186 (9.2%) | loss: 3.634212 | lrm: 1.00 | dt: 159ms | tok/sec: 826,913 | mfu: 22.6% | epoch: 1 | remaining: 272s    
step 00187 (9.3%) | loss: 3.630919 | lrm: 1.00 | dt: 159ms | tok/sec: 826,438 | mfu: 22.6% | epoch: 1 | remaining: 272s    
step 00188 (9.3%) | loss: 3.622764 | lrm: 1.00 | dt: 159ms | tok/sec: 826,737 | mfu: 22.6% | epoch: 1 | remaining: 272s    
step 00189 (9.4%) | loss: 3.621618 | lrm: 1.00 | dt: 159ms | tok/sec: 826,910 | mfu: 22.6% | epoch: 1 | remaining: 272s    
step 00190 (9.4%) | loss: 3.609660 | lrm: 1.00 | dt: 159ms | tok/sec: 826,776 | mfu: 22.6% | epoch: 1 | remaining: 272s    
step 00191 (9.5%) | loss: 3.598614 | lrm: 1.00 | dt: 159ms | tok/sec: 826,780 | mfu: 22.6% | epoch: 1 | remaining: 271s    
step 00192 (9.5%) | loss: 3.596541 | lrm: 1.00 | dt: 159ms | tok/sec: 826,359 | mfu: 22.6% | epoch: 1 | remaining: 271s    
step 00193 (9.6%) | loss: 3.589636 | lrm: 1.00 | dt: 159ms | tok/sec: 826,615 | mfu: 22.6% | epoch: 1 | remaining: 271s    
step 00194 (9.6%) | loss: 3.590640 | lrm: 1.00 | dt: 159ms | tok/sec: 826,602 | mfu: 22.6% | epoch: 1 | remaining: 271s    
step 00195 (9.7%) | loss: 3.596813 | lrm: 1.00 | dt: 159ms | tok/sec: 826,740 | mfu: 22.6% | epoch: 1 | remaining: 271s    
step 00196 (9.8%) | loss: 3.600129 | lrm: 1.00 | dt: 159ms | tok/sec: 826,685 | mfu: 22.6% | epoch: 1 | remaining: 271s    
step 00197 (9.8%) | loss: 3.597759 | lrm: 1.00 | dt: 159ms | tok/sec: 826,684 | mfu: 22.6% | epoch: 1 | remaining: 270s    
step 00198 (9.9%) | loss: 3.599860 | lrm: 1.00 | dt: 159ms | tok/sec: 826,798 | mfu: 22.6% | epoch: 1 | remaining: 270s    
step 00199 (9.9%) | loss: 3.591955 | lrm: 1.00 | dt: 159ms | tok/sec: 826,547 | mfu: 22.6% | epoch: 1 | remaining: 270s    
step 00200 (10.0%) | loss: 3.587425 | lrm: 1.00 | dt: 159ms | tok/sec: 826,809 | mfu: 22.6% | epoch: 1 | remaining: 270s    
step 00201 (10.0%) | loss: 3.586202 | lrm: 1.00 | dt: 159ms | tok/sec: 826,739 | mfu: 22.6% | epoch: 1 | remaining: 270s    
step 00202 (10.1%) | loss: 3.578763 | lrm: 1.00 | dt: 159ms | tok/sec: 826,818 | mfu: 22.6% | epoch: 1 | remaining: 270s    
step 00203 (10.1%) | loss: 3.578045 | lrm: 1.00 | dt: 159ms | tok/sec: 826,709 | mfu: 22.6% | epoch: 1 | remaining: 269s    
step 00204 (10.2%) | loss: 3.571925 | lrm: 1.00 | dt: 159ms | tok/sec: 826,674 | mfu: 22.6% | epoch: 1 | remaining: 269s    
step 00205 (10.2%) | loss: 3.572318 | lrm: 1.00 | dt: 159ms | tok/sec: 826,612 | mfu: 22.6% | epoch: 1 | remaining: 269s    
step 00206 (10.3%) | loss: 3.570769 | lrm: 1.00 | dt: 159ms | tok/sec: 826,855 | mfu: 22.6% | epoch: 1 | remaining: 269s    
step 00207 (10.3%) | loss: 3.571480 | lrm: 1.00 | dt: 159ms | tok/sec: 826,647 | mfu: 22.6% | epoch: 1 | remaining: 269s    
step 00208 (10.4%) | loss: 3.569550 | lrm: 1.00 | dt: 159ms | tok/sec: 826,577 | mfu: 22.6% | epoch: 1 | remaining: 269s    
step 00209 (10.4%) | loss: 3.565507 | lrm: 1.00 | dt: 159ms | tok/sec: 826,826 | mfu: 22.6% | epoch: 1 | remaining: 269s    
step 00210 (10.5%) | loss: 3.558241 | lrm: 1.00 | dt: 159ms | tok/sec: 826,712 | mfu: 22.6% | epoch: 1 | remaining: 268s    
step 00211 (10.5%) | loss: 3.558842 | lrm: 1.00 | dt: 159ms | tok/sec: 826,727 | mfu: 22.6% | epoch: 1 | remaining: 268s    
step 00212 (10.6%) | loss: 3.556470 | lrm: 1.00 | dt: 159ms | tok/sec: 826,740 | mfu: 22.6% | epoch: 1 | remaining: 268s    
step 00213 (10.7%) | loss: 3.556662 | lrm: 1.00 | dt: 159ms | tok/sec: 826,839 | mfu: 22.6% | epoch: 1 | remaining: 268s    
step 00214 (10.7%) | loss: 3.557254 | lrm: 1.00 | dt: 159ms | tok/sec: 826,694 | mfu: 22.6% | epoch: 1 | remaining: 268s    
step 00215 (10.8%) | loss: 3.557134 | lrm: 1.00 | dt: 159ms | tok/sec: 826,715 | mfu: 22.6% | epoch: 1 | remaining: 268s    
step 00216 (10.8%) | loss: 3.555233 | lrm: 1.00 | dt: 159ms | tok/sec: 826,863 | mfu: 22.6% | epoch: 1 | remaining: 267s    
step 00217 (10.9%) | loss: 3.559053 | lrm: 1.00 | dt: 159ms | tok/sec: 826,619 | mfu: 22.6% | epoch: 1 | remaining: 267s    
step 00218 (10.9%) | loss: 3.556037 | lrm: 1.00 | dt: 159ms | tok/sec: 826,734 | mfu: 22.6% | epoch: 1 | remaining: 267s    
step 00219 (11.0%) | loss: 3.559945 | lrm: 1.00 | dt: 159ms | tok/sec: 826,297 | mfu: 22.6% | epoch: 1 | remaining: 267s    
step 00220 (11.0%) | loss: 3.563295 | lrm: 1.00 | dt: 159ms | tok/sec: 826,753 | mfu: 22.6% | epoch: 1 | remaining: 267s    
step 00221 (11.1%) | loss: 3.562091 | lrm: 1.00 | dt: 159ms | tok/sec: 826,788 | mfu: 22.6% | epoch: 1 | remaining: 267s    
step 00222 (11.1%) | loss: 3.561854 | lrm: 1.00 | dt: 159ms | tok/sec: 826,592 | mfu: 22.6% | epoch: 1 | remaining: 266s    
step 00223 (11.2%) | loss: 3.555928 | lrm: 1.00 | dt: 158ms | tok/sec: 827,073 | mfu: 22.6% | epoch: 1 | remaining: 266s    
step 00224 (11.2%) | loss: 3.556411 | lrm: 1.00 | dt: 159ms | tok/sec: 826,816 | mfu: 22.6% | epoch: 1 | remaining: 266s    
step 00225 (11.3%) | loss: 3.546481 | lrm: 1.00 | dt: 159ms | tok/sec: 826,658 | mfu: 22.6% | epoch: 1 | remaining: 266s    
step 00226 (11.3%) | loss: 3.550504 | lrm: 1.00 | dt: 159ms | tok/sec: 826,501 | mfu: 22.6% | epoch: 1 | remaining: 266s    
step 00227 (11.4%) | loss: 3.552272 | lrm: 1.00 | dt: 159ms | tok/sec: 826,715 | mfu: 22.6% | epoch: 1 | remaining: 266s    
step 00228 (11.4%) | loss: 3.547180 | lrm: 1.00 | dt: 159ms | tok/sec: 826,908 | mfu: 22.6% | epoch: 1 | remaining: 266s    
step 00229 (11.5%) | loss: 3.546332 | lrm: 1.00 | dt: 159ms | tok/sec: 826,840 | mfu: 22.6% | epoch: 1 | remaining: 265s    
step 00230 (11.5%) | loss: 3.545023 | lrm: 1.00 | dt: 159ms | tok/sec: 826,664 | mfu: 22.6% | epoch: 1 | remaining: 265s    
step 00231 (11.6%) | loss: 3.542668 | lrm: 1.00 | dt: 159ms | tok/sec: 826,819 | mfu: 22.6% | epoch: 1 | remaining: 265s    
step 00232 (11.7%) | loss: 3.540159 | lrm: 1.00 | dt: 158ms | tok/sec: 827,092 | mfu: 22.6% | epoch: 1 | remaining: 265s    
step 00233 (11.7%) | loss: 3.534864 | lrm: 1.00 | dt: 159ms | tok/sec: 826,684 | mfu: 22.6% | epoch: 1 | remaining: 265s    
step 00234 (11.8%) | loss: 3.531887 | lrm: 1.00 | dt: 159ms | tok/sec: 826,857 | mfu: 22.6% | epoch: 1 | remaining: 265s    
step 00235 (11.8%) | loss: 3.527587 | lrm: 1.00 | dt: 159ms | tok/sec: 826,683 | mfu: 22.6% | epoch: 1 | remaining: 264s    
step 00236 (11.9%) | loss: 3.527443 | lrm: 1.00 | dt: 159ms | tok/sec: 826,781 | mfu: 22.6% | epoch: 1 | remaining: 264s    
step 00237 (11.9%) | loss: 3.528151 | lrm: 1.00 | dt: 159ms | tok/sec: 826,727 | mfu: 22.6% | epoch: 1 | remaining: 264s    
step 00238 (12.0%) | loss: 3.531224 | lrm: 1.00 | dt: 159ms | tok/sec: 826,817 | mfu: 22.6% | epoch: 1 | remaining: 264s    
step 00239 (12.0%) | loss: 3.532948 | lrm: 1.00 | dt: 159ms | tok/sec: 826,402 | mfu: 22.6% | epoch: 1 | remaining: 264s    
step 00240 (12.1%) | loss: 3.528182 | lrm: 1.00 | dt: 159ms | tok/sec: 826,501 | mfu: 22.6% | epoch: 1 | remaining: 264s    
step 00241 (12.1%) | loss: 3.525061 | lrm: 1.00 | dt: 159ms | tok/sec: 826,061 | mfu: 22.6% | epoch: 1 | remaining: 263s    
step 00242 (12.2%) | loss: 3.524079 | lrm: 1.00 | dt: 159ms | tok/sec: 826,622 | mfu: 22.6% | epoch: 1 | remaining: 263s    
step 00243 (12.2%) | loss: 3.523791 | lrm: 1.00 | dt: 159ms | tok/sec: 826,748 | mfu: 22.6% | epoch: 1 | remaining: 263s    
step 00244 (12.3%) | loss: 3.519045 | lrm: 1.00 | dt: 159ms | tok/sec: 826,458 | mfu: 22.6% | epoch: 1 | remaining: 263s    
step 00245 (12.3%) | loss: 3.519811 | lrm: 1.00 | dt: 159ms | tok/sec: 826,730 | mfu: 22.6% | epoch: 1 | remaining: 263s    
step 00246 (12.4%) | loss: 3.519995 | lrm: 1.00 | dt: 159ms | tok/sec: 826,512 | mfu: 22.6% | epoch: 1 | remaining: 263s    
step 00247 (12.4%) | loss: 3.512130 | lrm: 1.00 | dt: 159ms | tok/sec: 826,664 | mfu: 22.6% | epoch: 1 | remaining: 262s    
step 00248 (12.5%) | loss: 3.514841 | lrm: 1.00 | dt: 159ms | tok/sec: 826,715 | mfu: 22.6% | epoch: 1 | remaining: 262s    
step 00249 (12.6%) | loss: 3.516333 | lrm: 1.00 | dt: 159ms | tok/sec: 826,632 | mfu: 22.6% | epoch: 1 | remaining: 262s    
step 00250 (12.6%) | loss: 3.513569 | lrm: 1.00 | dt: 159ms | tok/sec: 826,802 | mfu: 22.6% | epoch: 1 | remaining: 262s    
step 00251 (12.7%) | loss: 3.516972 | lrm: 1.00 | dt: 159ms | tok/sec: 826,675 | mfu: 22.6% | epoch: 1 | remaining: 262s    
step 00252 (12.7%) | loss: 3.510748 | lrm: 1.00 | dt: 159ms | tok/sec: 826,625 | mfu: 22.6% | epoch: 1 | remaining: 262s    
step 00253 (12.8%) | loss: 3.510504 | lrm: 1.00 | dt: 159ms | tok/sec: 826,946 | mfu: 22.6% | epoch: 1 | remaining: 262s    
step 00254 (12.8%) | loss: 3.506510 | lrm: 1.00 | dt: 159ms | tok/sec: 826,950 | mfu: 22.6% | epoch: 1 | remaining: 261s    
step 00255 (12.9%) | loss: 3.511453 | lrm: 1.00 | dt: 159ms | tok/sec: 826,807 | mfu: 22.6% | epoch: 1 | remaining: 261s    
step 00256 (12.9%) | loss: 3.507203 | lrm: 1.00 | dt: 158ms | tok/sec: 827,089 | mfu: 22.6% | epoch: 1 | remaining: 261s    
step 00257 (13.0%) | loss: 3.500374 | lrm: 1.00 | dt: 159ms | tok/sec: 826,746 | mfu: 22.6% | epoch: 1 | remaining: 261s    
step 00258 (13.0%) | loss: 3.493523 | lrm: 1.00 | dt: 159ms | tok/sec: 826,478 | mfu: 22.6% | epoch: 1 | remaining: 261s    
step 00259 (13.1%) | loss: 3.500515 | lrm: 1.00 | dt: 159ms | tok/sec: 826,752 | mfu: 22.6% | epoch: 1 | remaining: 261s    
step 00260 (13.1%) | loss: 3.500021 | lrm: 1.00 | dt: 159ms | tok/sec: 826,705 | mfu: 22.6% | epoch: 1 | remaining: 260s    
step 00261 (13.2%) | loss: 3.495485 | lrm: 1.00 | dt: 159ms | tok/sec: 826,628 | mfu: 22.6% | epoch: 1 | remaining: 260s    
step 00262 (13.2%) | loss: 3.492743 | lrm: 1.00 | dt: 159ms | tok/sec: 826,520 | mfu: 22.6% | epoch: 1 | remaining: 260s    
step 00263 (13.3%) | loss: 3.483215 | lrm: 1.00 | dt: 159ms | tok/sec: 826,929 | mfu: 22.6% | epoch: 1 | remaining: 260s    
step 00264 (13.3%) | loss: 3.483598 | lrm: 1.00 | dt: 159ms | tok/sec: 826,924 | mfu: 22.6% | epoch: 1 | remaining: 260s    
step 00265 (13.4%) | loss: 3.486065 | lrm: 1.00 | dt: 159ms | tok/sec: 826,777 | mfu: 22.6% | epoch: 1 | remaining: 260s    
step 00266 (13.5%) | loss: 3.491257 | lrm: 1.00 | dt: 159ms | tok/sec: 826,884 | mfu: 22.6% | epoch: 1 | remaining: 259s    
step 00267 (13.5%) | loss: 3.485512 | lrm: 1.00 | dt: 159ms | tok/sec: 826,645 | mfu: 22.6% | epoch: 1 | remaining: 259s    
step 00268 (13.6%) | loss: 3.491758 | lrm: 1.00 | dt: 159ms | tok/sec: 826,739 | mfu: 22.6% | epoch: 1 | remaining: 259s    
step 00269 (13.6%) | loss: 3.489453 | lrm: 1.00 | dt: 159ms | tok/sec: 826,766 | mfu: 22.6% | epoch: 1 | remaining: 259s    
step 00270 (13.7%) | loss: 3.487581 | lrm: 1.00 | dt: 158ms | tok/sec: 826,967 | mfu: 22.6% | epoch: 1 | remaining: 259s    
step 00271 (13.7%) | loss: 3.489652 | lrm: 1.00 | dt: 159ms | tok/sec: 826,763 | mfu: 22.6% | epoch: 1 | remaining: 259s    
step 00272 (13.8%) | loss: 3.487777 | lrm: 1.00 | dt: 159ms | tok/sec: 826,654 | mfu: 22.6% | epoch: 1 | remaining: 259s    
step 00273 (13.8%) | loss: 3.490115 | lrm: 1.00 | dt: 159ms | tok/sec: 826,566 | mfu: 22.6% | epoch: 1 | remaining: 258s    
step 00274 (13.9%) | loss: 3.491825 | lrm: 1.00 | dt: 159ms | tok/sec: 826,903 | mfu: 22.6% | epoch: 1 | remaining: 258s    
step 00275 (13.9%) | loss: 3.489840 | lrm: 1.00 | dt: 159ms | tok/sec: 826,802 | mfu: 22.6% | epoch: 1 | remaining: 258s    
step 00276 (14.0%) | loss: 3.490504 | lrm: 1.00 | dt: 159ms | tok/sec: 826,632 | mfu: 22.6% | epoch: 1 | remaining: 258s    
step 00277 (14.0%) | loss: 3.489498 | lrm: 1.00 | dt: 159ms | tok/sec: 826,875 | mfu: 22.6% | epoch: 1 | remaining: 258s    
step 00278 (14.1%) | loss: 3.486437 | lrm: 1.00 | dt: 159ms | tok/sec: 826,879 | mfu: 22.6% | epoch: 1 | remaining: 258s    
step 00279 (14.1%) | loss: 3.491653 | lrm: 1.00 | dt: 159ms | tok/sec: 826,449 | mfu: 22.6% | epoch: 1 | remaining: 257s    
step 00280 (14.2%) | loss: 3.488387 | lrm: 1.00 | dt: 159ms | tok/sec: 826,863 | mfu: 22.6% | epoch: 1 | remaining: 257s    
step 00281 (14.2%) | loss: 3.483444 | lrm: 1.00 | dt: 159ms | tok/sec: 826,785 | mfu: 22.6% | epoch: 1 | remaining: 257s    
step 00282 (14.3%) | loss: 3.481345 | lrm: 1.00 | dt: 159ms | tok/sec: 826,786 | mfu: 22.6% | epoch: 1 | remaining: 257s    
step 00283 (14.3%) | loss: 3.478951 | lrm: 1.00 | dt: 159ms | tok/sec: 826,889 | mfu: 22.6% | epoch: 1 | remaining: 257s    
step 00284 (14.4%) | loss: 3.471429 | lrm: 1.00 | dt: 159ms | tok/sec: 826,536 | mfu: 22.6% | epoch: 1 | remaining: 257s    
step 00285 (14.5%) | loss: 3.472524 | lrm: 1.00 | dt: 159ms | tok/sec: 826,791 | mfu: 22.6% | epoch: 1 | remaining: 256s    
step 00286 (14.5%) | loss: 3.484270 | lrm: 1.00 | dt: 158ms | tok/sec: 827,032 | mfu: 22.6% | epoch: 1 | remaining: 256s    
step 00287 (14.6%) | loss: 3.479859 | lrm: 1.00 | dt: 159ms | tok/sec: 826,848 | mfu: 22.6% | epoch: 1 | remaining: 256s    
step 00288 (14.6%) | loss: 3.465284 | lrm: 1.00 | dt: 159ms | tok/sec: 826,720 | mfu: 22.6% | epoch: 1 | remaining: 256s    
step 00289 (14.7%) | loss: 3.461410 | lrm: 1.00 | dt: 159ms | tok/sec: 826,617 | mfu: 22.6% | epoch: 1 | remaining: 256s    
step 00290 (14.7%) | loss: 3.458192 | lrm: 1.00 | dt: 159ms | tok/sec: 826,755 | mfu: 22.6% | epoch: 1 | remaining: 256s    
step 00291 (14.8%) | loss: 3.458300 | lrm: 1.00 | dt: 159ms | tok/sec: 826,634 | mfu: 22.6% | epoch: 1 | remaining: 256s    
step 00292 (14.8%) | loss: 3.463967 | lrm: 1.00 | dt: 159ms | tok/sec: 826,812 | mfu: 22.6% | epoch: 1 | remaining: 255s    
step 00293 (14.9%) | loss: 3.467063 | lrm: 1.00 | dt: 158ms | tok/sec: 827,017 | mfu: 22.6% | epoch: 1 | remaining: 255s    
step 00294 (14.9%) | loss: 3.456384 | lrm: 1.00 | dt: 159ms | tok/sec: 826,910 | mfu: 22.6% | epoch: 1 | remaining: 255s    
step 00295 (15.0%) | loss: 3.454372 | lrm: 1.00 | dt: 158ms | tok/sec: 826,967 | mfu: 22.6% | epoch: 1 | remaining: 255s    
step 00296 (15.0%) | loss: 3.455817 | lrm: 1.00 | dt: 159ms | tok/sec: 826,818 | mfu: 22.6% | epoch: 1 | remaining: 255s    
step 00297 (15.1%) | loss: 3.458416 | lrm: 1.00 | dt: 159ms | tok/sec: 826,920 | mfu: 22.6% | epoch: 1 | remaining: 255s    
step 00298 (15.1%) | loss: 3.453219 | lrm: 1.00 | dt: 159ms | tok/sec: 826,821 | mfu: 22.6% | epoch: 1 | remaining: 254s    
step 00299 (15.2%) | loss: 3.451965 | lrm: 1.00 | dt: 159ms | tok/sec: 826,821 | mfu: 22.6% | epoch: 1 | remaining: 254s    
step 00300 (15.2%) | loss: 3.449644 | lrm: 1.00 | dt: 159ms | tok/sec: 826,637 | mfu: 22.6% | epoch: 1 | remaining: 254s    
step 00301 (15.3%) | loss: 3.451200 | lrm: 1.00 | dt: 159ms | tok/sec: 826,604 | mfu: 22.6% | epoch: 1 | remaining: 254s    
step 00302 (15.4%) | loss: 3.453812 | lrm: 1.00 | dt: 159ms | tok/sec: 826,634 | mfu: 22.6% | epoch: 1 | remaining: 254s    
step 00303 (15.4%) | loss: 3.454004 | lrm: 1.00 | dt: 158ms | tok/sec: 827,054 | mfu: 22.6% | epoch: 1 | remaining: 254s    
step 00304 (15.5%) | loss: 3.455765 | lrm: 1.00 | dt: 159ms | tok/sec: 826,850 | mfu: 22.6% | epoch: 1 | remaining: 253s    
step 00305 (15.5%) | loss: 3.451633 | lrm: 1.00 | dt: 159ms | tok/sec: 826,617 | mfu: 22.6% | epoch: 1 | remaining: 253s    
step 00306 (15.6%) | loss: 3.454396 | lrm: 1.00 | dt: 159ms | tok/sec: 826,584 | mfu: 22.6% | epoch: 1 | remaining: 253s    
step 00307 (15.6%) | loss: 3.451398 | lrm: 1.00 | dt: 159ms | tok/sec: 826,878 | mfu: 22.6% | epoch: 1 | remaining: 253s    
step 00308 (15.7%) | loss: 3.449538 | lrm: 1.00 | dt: 159ms | tok/sec: 826,799 | mfu: 22.6% | epoch: 1 | remaining: 253s    
step 00309 (15.7%) | loss: 3.455172 | lrm: 1.00 | dt: 159ms | tok/sec: 826,709 | mfu: 22.6% | epoch: 1 | remaining: 253s    
step 00310 (15.8%) | loss: 3.459288 | lrm: 1.00 | dt: 159ms | tok/sec: 826,634 | mfu: 22.6% | epoch: 1 | remaining: 253s    
step 00311 (15.8%) | loss: 3.461130 | lrm: 1.00 | dt: 158ms | tok/sec: 826,981 | mfu: 22.6% | epoch: 1 | remaining: 252s    
step 00312 (15.9%) | loss: 3.459532 | lrm: 1.00 | dt: 159ms | tok/sec: 826,873 | mfu: 22.6% | epoch: 1 | remaining: 252s    
step 00313 (15.9%) | loss: 3.465927 | lrm: 1.00 | dt: 159ms | tok/sec: 826,670 | mfu: 22.6% | epoch: 1 | remaining: 252s    
step 00314 (16.0%) | loss: 3.458509 | lrm: 1.00 | dt: 159ms | tok/sec: 826,606 | mfu: 22.6% | epoch: 1 | remaining: 252s    
step 00315 (16.0%) | loss: 3.450897 | lrm: 1.00 | dt: 159ms | tok/sec: 826,655 | mfu: 22.6% | epoch: 1 | remaining: 252s    
step 00316 (16.1%) | loss: 3.444678 | lrm: 1.00 | dt: 158ms | tok/sec: 827,054 | mfu: 22.6% | epoch: 1 | remaining: 252s    
step 00317 (16.1%) | loss: 3.442995 | lrm: 1.00 | dt: 159ms | tok/sec: 826,949 | mfu: 22.6% | epoch: 1 | remaining: 251s    
step 00318 (16.2%) | loss: 3.434868 | lrm: 1.00 | dt: 159ms | tok/sec: 826,637 | mfu: 22.6% | epoch: 1 | remaining: 251s    
step 00319 (16.3%) | loss: 3.438110 | lrm: 1.00 | dt: 159ms | tok/sec: 826,514 | mfu: 22.6% | epoch: 1 | remaining: 251s    
step 00320 (16.3%) | loss: 3.436493 | lrm: 1.00 | dt: 159ms | tok/sec: 826,688 | mfu: 22.6% | epoch: 1 | remaining: 251s    
step 00321 (16.4%) | loss: 3.435176 | lrm: 1.00 | dt: 159ms | tok/sec: 826,484 | mfu: 22.6% | epoch: 1 | remaining: 251s    
step 00322 (16.4%) | loss: 3.431238 | lrm: 1.00 | dt: 159ms | tok/sec: 826,874 | mfu: 22.6% | epoch: 1 | remaining: 251s    
step 00323 (16.5%) | loss: 3.430569 | lrm: 1.00 | dt: 159ms | tok/sec: 826,791 | mfu: 22.6% | epoch: 1 | remaining: 250s    
step 00324 (16.5%) | loss: 3.434141 | lrm: 1.00 | dt: 159ms | tok/sec: 826,746 | mfu: 22.6% | epoch: 1 | remaining: 250s    
step 00325 (16.6%) | loss: 3.428663 | lrm: 1.00 | dt: 159ms | tok/sec: 826,552 | mfu: 22.6% | epoch: 1 | remaining: 250s    
step 00326 (16.6%) | loss: 3.429743 | lrm: 1.00 | dt: 159ms | tok/sec: 826,806 | mfu: 22.6% | epoch: 1 | remaining: 250s    
step 00327 (16.7%) | loss: 3.421543 | lrm: 1.00 | dt: 159ms | tok/sec: 826,877 | mfu: 22.6% | epoch: 1 | remaining: 250s    
step 00328 (16.7%) | loss: 3.421792 | lrm: 1.00 | dt: 159ms | tok/sec: 826,821 | mfu: 22.6% | epoch: 1 | remaining: 250s    
step 00329 (16.8%) | loss: 3.425535 | lrm: 1.00 | dt: 159ms | tok/sec: 826,596 | mfu: 22.6% | epoch: 1 | remaining: 249s    
step 00330 (16.8%) | loss: 3.427079 | lrm: 1.00 | dt: 158ms | tok/sec: 827,071 | mfu: 22.6% | epoch: 1 | remaining: 249s    
step 00331 (16.9%) | loss: 3.420836 | lrm: 1.00 | dt: 159ms | tok/sec: 826,793 | mfu: 22.6% | epoch: 1 | remaining: 249s    
step 00332 (16.9%) | loss: 3.425646 | lrm: 1.00 | dt: 159ms | tok/sec: 826,583 | mfu: 22.6% | epoch: 1 | remaining: 249s    
step 00333 (17.0%) | loss: 3.423833 | lrm: 1.00 | dt: 159ms | tok/sec: 826,649 | mfu: 22.6% | epoch: 1 | remaining: 249s    
step 00334 (17.0%) | loss: 3.424027 | lrm: 1.00 | dt: 159ms | tok/sec: 826,898 | mfu: 22.6% | epoch: 1 | remaining: 249s    
step 00335 (17.1%) | loss: 3.419456 | lrm: 1.00 | dt: 158ms | tok/sec: 827,027 | mfu: 22.6% | epoch: 1 | remaining: 249s    
step 00336 (17.2%) | loss: 3.415194 | lrm: 1.00 | dt: 159ms | tok/sec: 826,627 | mfu: 22.6% | epoch: 1 | remaining: 248s    
step 00337 (17.2%) | loss: 3.414356 | lrm: 1.00 | dt: 159ms | tok/sec: 826,586 | mfu: 22.6% | epoch: 1 | remaining: 248s    
step 00338 (17.3%) | loss: 3.417029 | lrm: 1.00 | dt: 159ms | tok/sec: 826,550 | mfu: 22.6% | epoch: 1 | remaining: 248s    
step 00339 (17.3%) | loss: 3.412701 | lrm: 1.00 | dt: 158ms | tok/sec: 827,052 | mfu: 22.6% | epoch: 1 | remaining: 248s    
step 00340 (17.4%) | loss: 3.409050 | lrm: 1.00 | dt: 159ms | tok/sec: 826,624 | mfu: 22.6% | epoch: 1 | remaining: 248s    
step 00341 (17.4%) | loss: 3.405375 | lrm: 1.00 | dt: 159ms | tok/sec: 826,456 | mfu: 22.6% | epoch: 1 | remaining: 248s    
step 00342 (17.5%) | loss: 3.410694 | lrm: 1.00 | dt: 159ms | tok/sec: 826,724 | mfu: 22.6% | epoch: 1 | remaining: 247s    
step 00343 (17.5%) | loss: 3.415617 | lrm: 1.00 | dt: 159ms | tok/sec: 826,538 | mfu: 22.6% | epoch: 1 | remaining: 247s    
step 00344 (17.6%) | loss: 3.420320 | lrm: 1.00 | dt: 159ms | tok/sec: 826,847 | mfu: 22.6% | epoch: 1 | remaining: 247s    
step 00345 (17.6%) | loss: 3.417481 | lrm: 1.00 | dt: 159ms | tok/sec: 826,767 | mfu: 22.6% | epoch: 1 | remaining: 247s    
step 00346 (17.7%) | loss: 3.410038 | lrm: 1.00 | dt: 159ms | tok/sec: 826,578 | mfu: 22.6% | epoch: 1 | remaining: 247s    
step 00347 (17.7%) | loss: 3.416222 | lrm: 1.00 | dt: 159ms | tok/sec: 826,829 | mfu: 22.6% | epoch: 1 | remaining: 247s    
step 00348 (17.8%) | loss: 3.416688 | lrm: 1.00 | dt: 159ms | tok/sec: 826,712 | mfu: 22.6% | epoch: 1 | remaining: 246s    
step 00349 (17.8%) | loss: 3.411158 | lrm: 1.00 | dt: 159ms | tok/sec: 826,818 | mfu: 22.6% | epoch: 1 | remaining: 246s    
step 00350 (17.9%) | loss: 3.409351 | lrm: 1.00 | dt: 159ms | tok/sec: 826,651 | mfu: 22.6% | epoch: 1 | remaining: 246s    
step 00351 (17.9%) | loss: 3.408127 | lrm: 1.00 | dt: 159ms | tok/sec: 826,885 | mfu: 22.6% | epoch: 1 | remaining: 246s    
step 00352 (18.0%) | loss: 3.411770 | lrm: 1.00 | dt: 159ms | tok/sec: 826,801 | mfu: 22.6% | epoch: 1 | remaining: 246s    
step 00353 (18.0%) | loss: 3.410473 | lrm: 1.00 | dt: 159ms | tok/sec: 826,727 | mfu: 22.6% | epoch: 1 | remaining: 246s    
step 00354 (18.1%) | loss: 3.403354 | lrm: 1.00 | dt: 159ms | tok/sec: 826,894 | mfu: 22.6% | epoch: 1 | remaining: 246s    
step 00355 (18.2%) | loss: 3.400980 | lrm: 1.00 | dt: 159ms | tok/sec: 826,453 | mfu: 22.6% | epoch: 1 | remaining: 245s    
step 00356 (18.2%) | loss: 3.401787 | lrm: 1.00 | dt: 159ms | tok/sec: 826,525 | mfu: 22.6% | epoch: 1 | remaining: 245s    
step 00357 (18.3%) | loss: 3.404881 | lrm: 1.00 | dt: 159ms | tok/sec: 826,613 | mfu: 22.6% | epoch: 1 | remaining: 245s    
step 00358 (18.3%) | loss: 3.396471 | lrm: 1.00 | dt: 159ms | tok/sec: 826,720 | mfu: 22.6% | epoch: 1 | remaining: 245s    
step 00359 (18.4%) | loss: 3.394169 | lrm: 1.00 | dt: 159ms | tok/sec: 826,696 | mfu: 22.6% | epoch: 1 | remaining: 245s    
step 00360 (18.4%) | loss: 3.389562 | lrm: 1.00 | dt: 159ms | tok/sec: 826,594 | mfu: 22.6% | epoch: 1 | remaining: 245s    
step 00361 (18.5%) | loss: 3.387703 | lrm: 1.00 | dt: 159ms | tok/sec: 826,485 | mfu: 22.6% | epoch: 1 | remaining: 244s    
step 00362 (18.5%) | loss: 3.388109 | lrm: 1.00 | dt: 159ms | tok/sec: 826,455 | mfu: 22.6% | epoch: 1 | remaining: 244s    
step 00363 (18.6%) | loss: 3.388839 | lrm: 1.00 | dt: 158ms | tok/sec: 827,057 | mfu: 22.6% | epoch: 1 | remaining: 244s    
step 00364 (18.6%) | loss: 3.394431 | lrm: 1.00 | dt: 159ms | tok/sec: 826,840 | mfu: 22.6% | epoch: 1 | remaining: 244s    
step 00365 (18.7%) | loss: 3.389364 | lrm: 1.00 | dt: 159ms | tok/sec: 826,691 | mfu: 22.6% | epoch: 1 | remaining: 244s    
step 00366 (18.7%) | loss: 3.387137 | lrm: 1.00 | dt: 159ms | tok/sec: 826,577 | mfu: 22.6% | epoch: 1 | remaining: 244s    
step 00367 (18.8%) | loss: 3.384614 | lrm: 1.00 | dt: 159ms | tok/sec: 826,760 | mfu: 22.6% | epoch: 1 | remaining: 243s    
step 00368 (18.8%) | loss: 3.385315 | lrm: 1.00 | dt: 159ms | tok/sec: 826,547 | mfu: 22.6% | epoch: 1 | remaining: 243s    
step 00369 (18.9%) | loss: 3.378901 | lrm: 1.00 | dt: 159ms | tok/sec: 826,573 | mfu: 22.6% | epoch: 1 | remaining: 243s    
step 00370 (18.9%) | loss: 3.371240 | lrm: 1.00 | dt: 159ms | tok/sec: 826,676 | mfu: 22.6% | epoch: 1 | remaining: 243s    
step 00371 (19.0%) | loss: 3.373595 | lrm: 1.00 | dt: 159ms | tok/sec: 826,741 | mfu: 22.6% | epoch: 1 | remaining: 243s    
step 00372 (19.1%) | loss: 3.372797 | lrm: 1.00 | dt: 158ms | tok/sec: 827,008 | mfu: 22.6% | epoch: 1 | remaining: 243s    
step 00373 (19.1%) | loss: 3.377500 | lrm: 1.00 | dt: 159ms | tok/sec: 826,642 | mfu: 22.6% | epoch: 1 | remaining: 243s    
step 00374 (19.2%) | loss: 3.377156 | lrm: 1.00 | dt: 159ms | tok/sec: 826,694 | mfu: 22.6% | epoch: 1 | remaining: 242s    
step 00375 (19.2%) | loss: 3.383976 | lrm: 1.00 | dt: 158ms | tok/sec: 826,952 | mfu: 22.6% | epoch: 1 | remaining: 242s    
step 00376 (19.3%) | loss: 3.384662 | lrm: 1.00 | dt: 159ms | tok/sec: 826,944 | mfu: 22.6% | epoch: 1 | remaining: 242s    
step 00377 (19.3%) | loss: 3.381609 | lrm: 1.00 | dt: 159ms | tok/sec: 826,521 | mfu: 22.6% | epoch: 1 | remaining: 242s    
step 00378 (19.4%) | loss: 3.382016 | lrm: 1.00 | dt: 159ms | tok/sec: 826,656 | mfu: 22.6% | epoch: 1 | remaining: 242s    
step 00379 (19.4%) | loss: 3.380140 | lrm: 1.00 | dt: 159ms | tok/sec: 826,715 | mfu: 22.6% | epoch: 1 | remaining: 242s    
step 00380 (19.5%) | loss: 3.380536 | lrm: 1.00 | dt: 159ms | tok/sec: 826,449 | mfu: 22.6% | epoch: 1 | remaining: 241s    
step 00381 (19.5%) | loss: 3.384595 | lrm: 1.00 | dt: 159ms | tok/sec: 826,617 | mfu: 22.6% | epoch: 1 | remaining: 241s    
step 00382 (19.6%) | loss: 3.386417 | lrm: 1.00 | dt: 159ms | tok/sec: 826,610 | mfu: 22.6% | epoch: 1 | remaining: 241s    
step 00383 (19.6%) | loss: 3.387015 | lrm: 1.00 | dt: 159ms | tok/sec: 826,684 | mfu: 22.6% | epoch: 1 | remaining: 241s    
step 00384 (19.7%) | loss: 3.386153 | lrm: 1.00 | dt: 159ms | tok/sec: 826,579 | mfu: 22.6% | epoch: 1 | remaining: 241s    
step 00385 (19.7%) | loss: 3.389237 | lrm: 1.00 | dt: 159ms | tok/sec: 825,878 | mfu: 22.6% | epoch: 1 | remaining: 241s    
step 00386 (19.8%) | loss: 3.391464 | lrm: 1.00 | dt: 159ms | tok/sec: 826,328 | mfu: 22.6% | epoch: 1 | remaining: 240s    
step 00387 (19.8%) | loss: 3.393004 | lrm: 1.00 | dt: 159ms | tok/sec: 826,537 | mfu: 22.6% | epoch: 1 | remaining: 240s    
step 00388 (19.9%) | loss: 3.383944 | lrm: 1.00 | dt: 159ms | tok/sec: 826,596 | mfu: 22.6% | epoch: 1 | remaining: 240s    
step 00389 (20.0%) | loss: 3.381813 | lrm: 1.00 | dt: 159ms | tok/sec: 826,281 | mfu: 22.6% | epoch: 1 | remaining: 240s    
step 00390 (20.0%) | loss: 3.380124 | lrm: 1.00 | dt: 159ms | tok/sec: 826,432 | mfu: 22.6% | epoch: 1 | remaining: 240s    
step 00391 (20.1%) | loss: 3.373422 | lrm: 1.00 | dt: 159ms | tok/sec: 826,939 | mfu: 22.6% | epoch: 1 | remaining: 240s    
step 00392 (20.1%) | loss: 3.374800 | lrm: 1.00 | dt: 159ms | tok/sec: 826,638 | mfu: 22.6% | epoch: 1 | remaining: 240s    
step 00393 (20.2%) | loss: 3.372905 | lrm: 1.00 | dt: 159ms | tok/sec: 826,766 | mfu: 22.6% | epoch: 1 | remaining: 239s    
step 00394 (20.2%) | loss: 3.374351 | lrm: 1.00 | dt: 159ms | tok/sec: 826,418 | mfu: 22.6% | epoch: 1 | remaining: 239s    
step 00395 (20.3%) | loss: 3.376108 | lrm: 1.00 | dt: 159ms | tok/sec: 826,608 | mfu: 22.6% | epoch: 1 | remaining: 239s    
step 00396 (20.3%) | loss: 3.374505 | lrm: 1.00 | dt: 159ms | tok/sec: 826,689 | mfu: 22.6% | epoch: 1 | remaining: 239s    
step 00397 (20.4%) | loss: 3.369169 | lrm: 1.00 | dt: 159ms | tok/sec: 826,875 | mfu: 22.6% | epoch: 1 | remaining: 239s    
step 00398 (20.4%) | loss: 3.364738 | lrm: 1.00 | dt: 159ms | tok/sec: 826,362 | mfu: 22.6% | epoch: 1 | remaining: 239s    
step 00399 (20.5%) | loss: 3.365447 | lrm: 1.00 | dt: 159ms | tok/sec: 826,558 | mfu: 22.6% | epoch: 1 | remaining: 238s    
step 00400 (20.5%) | loss: 3.368937 | lrm: 1.00 | dt: 159ms | tok/sec: 826,808 | mfu: 22.6% | epoch: 1 | remaining: 238s    
step 00401 (20.6%) | loss: 3.364268 | lrm: 1.00 | dt: 159ms | tok/sec: 826,525 | mfu: 22.6% | epoch: 1 | remaining: 238s    
step 00402 (20.6%) | loss: 3.362532 | lrm: 1.00 | dt: 158ms | tok/sec: 826,967 | mfu: 22.6% | epoch: 1 | remaining: 238s    
step 00403 (20.7%) | loss: 3.364415 | lrm: 1.00 | dt: 159ms | tok/sec: 826,719 | mfu: 22.6% | epoch: 1 | remaining: 238s    
step 00404 (20.7%) | loss: 3.367324 | lrm: 1.00 | dt: 159ms | tok/sec: 826,709 | mfu: 22.6% | epoch: 1 | remaining: 238s    
step 00405 (20.8%) | loss: 3.362568 | lrm: 1.00 | dt: 159ms | tok/sec: 826,731 | mfu: 22.6% | epoch: 1 | remaining: 237s    
step 00406 (20.9%) | loss: 3.352732 | lrm: 1.00 | dt: 159ms | tok/sec: 826,409 | mfu: 22.6% | epoch: 1 | remaining: 237s    
step 00407 (20.9%) | loss: 3.352889 | lrm: 1.00 | dt: 159ms | tok/sec: 826,528 | mfu: 22.6% | epoch: 1 | remaining: 237s    
step 00408 (21.0%) | loss: 3.350034 | lrm: 1.00 | dt: 159ms | tok/sec: 826,368 | mfu: 22.6% | epoch: 1 | remaining: 237s    
step 00409 (21.0%) | loss: 3.346996 | lrm: 1.00 | dt: 159ms | tok/sec: 826,782 | mfu: 22.6% | epoch: 1 | remaining: 237s    
step 00410 (21.1%) | loss: 3.345089 | lrm: 1.00 | dt: 159ms | tok/sec: 826,804 | mfu: 22.6% | epoch: 1 | remaining: 237s    
step 00411 (21.1%) | loss: 3.344201 | lrm: 1.00 | dt: 159ms | tok/sec: 826,736 | mfu: 22.6% | epoch: 1 | remaining: 236s    
step 00412 (21.2%) | loss: 3.341452 | lrm: 1.00 | dt: 159ms | tok/sec: 826,563 | mfu: 22.6% | epoch: 1 | remaining: 236s    
step 00413 (21.2%) | loss: 3.339279 | lrm: 1.00 | dt: 159ms | tok/sec: 826,532 | mfu: 22.6% | epoch: 1 | remaining: 236s    
step 00414 (21.3%) | loss: 3.339888 | lrm: 1.00 | dt: 159ms | tok/sec: 826,542 | mfu: 22.6% | epoch: 1 | remaining: 236s    
step 00415 (21.3%) | loss: 3.341898 | lrm: 1.00 | dt: 159ms | tok/sec: 826,516 | mfu: 22.6% | epoch: 1 | remaining: 236s    
step 00416 (21.4%) | loss: 3.334635 | lrm: 1.00 | dt: 159ms | tok/sec: 826,747 | mfu: 22.6% | epoch: 1 | remaining: 236s    
step 00417 (21.4%) | loss: 3.322828 | lrm: 1.00 | dt: 159ms | tok/sec: 826,377 | mfu: 22.6% | epoch: 1 | remaining: 236s    
step 00418 (21.5%) | loss: 3.316192 | lrm: 1.00 | dt: 159ms | tok/sec: 826,550 | mfu: 22.6% | epoch: 1 | remaining: 235s    
step 00419 (21.5%) | loss: 3.311504 | lrm: 1.00 | dt: 159ms | tok/sec: 826,645 | mfu: 22.6% | epoch: 1 | remaining: 235s    
step 00420 (21.6%) | loss: 3.310996 | lrm: 1.00 | dt: 159ms | tok/sec: 826,707 | mfu: 22.6% | epoch: 1 | remaining: 235s    
step 00421 (21.6%) | loss: 3.308963 | lrm: 1.00 | dt: 159ms | tok/sec: 826,656 | mfu: 22.6% | epoch: 1 | remaining: 235s    
step 00422 (21.7%) | loss: 3.307161 | lrm: 1.00 | dt: 159ms | tok/sec: 826,464 | mfu: 22.6% | epoch: 1 | remaining: 235s    
step 00423 (21.7%) | loss: 3.316748 | lrm: 1.00 | dt: 159ms | tok/sec: 826,558 | mfu: 22.6% | epoch: 1 | remaining: 235s    
step 00424 (21.8%) | loss: 3.312780 | lrm: 1.00 | dt: 159ms | tok/sec: 826,725 | mfu: 22.6% | epoch: 1 | remaining: 234s    
step 00425 (21.9%) | loss: 3.314839 | lrm: 1.00 | dt: 159ms | tok/sec: 826,802 | mfu: 22.6% | epoch: 1 | remaining: 234s    
step 00426 (21.9%) | loss: 3.319013 | lrm: 1.00 | dt: 159ms | tok/sec: 826,445 | mfu: 22.6% | epoch: 1 | remaining: 234s    
step 00427 (22.0%) | loss: 3.323515 | lrm: 1.00 | dt: 159ms | tok/sec: 826,301 | mfu: 22.6% | epoch: 1 | remaining: 234s    
step 00428 (22.0%) | loss: 3.324892 | lrm: 1.00 | dt: 159ms | tok/sec: 826,618 | mfu: 22.6% | epoch: 1 | remaining: 234s    
step 00429 (22.1%) | loss: 3.321648 | lrm: 1.00 | dt: 159ms | tok/sec: 826,624 | mfu: 22.6% | epoch: 1 | remaining: 234s    
step 00430 (22.1%) | loss: 3.319357 | lrm: 1.00 | dt: 159ms | tok/sec: 826,597 | mfu: 22.6% | epoch: 1 | remaining: 233s    
step 00431 (22.2%) | loss: 3.316655 | lrm: 1.00 | dt: 159ms | tok/sec: 826,527 | mfu: 22.6% | epoch: 1 | remaining: 233s    
step 00432 (22.2%) | loss: 3.321952 | lrm: 1.00 | dt: 159ms | tok/sec: 826,525 | mfu: 22.6% | epoch: 1 | remaining: 233s    
step 00433 (22.3%) | loss: 3.320294 | lrm: 1.00 | dt: 159ms | tok/sec: 826,422 | mfu: 22.6% | epoch: 1 | remaining: 233s    
step 00434 (22.3%) | loss: 3.326965 | lrm: 1.00 | dt: 159ms | tok/sec: 826,564 | mfu: 22.6% | epoch: 1 | remaining: 233s    
step 00435 (22.4%) | loss: 3.324729 | lrm: 1.00 | dt: 159ms | tok/sec: 826,514 | mfu: 22.6% | epoch: 1 | remaining: 233s    
step 00436 (22.4%) | loss: 3.329879 | lrm: 1.00 | dt: 159ms | tok/sec: 826,737 | mfu: 22.6% | epoch: 1 | remaining: 233s    
step 00437 (22.5%) | loss: 3.325649 | lrm: 1.00 | dt: 159ms | tok/sec: 826,471 | mfu: 22.6% | epoch: 1 | remaining: 232s    
step 00438 (22.5%) | loss: 3.320785 | lrm: 1.00 | dt: 159ms | tok/sec: 826,441 | mfu: 22.6% | epoch: 1 | remaining: 232s    
step 00439 (22.6%) | loss: 3.316405 | lrm: 1.00 | dt: 159ms | tok/sec: 826,368 | mfu: 22.6% | epoch: 1 | remaining: 232s    
step 00440 (22.6%) | loss: 3.320211 | lrm: 1.00 | dt: 159ms | tok/sec: 826,433 | mfu: 22.6% | epoch: 1 | remaining: 232s    
step 00441 (22.7%) | loss: 3.319071 | lrm: 1.00 | dt: 159ms | tok/sec: 826,476 | mfu: 22.6% | epoch: 1 | remaining: 232s    
step 00442 (22.8%) | loss: 3.320345 | lrm: 1.00 | dt: 159ms | tok/sec: 826,722 | mfu: 22.6% | epoch: 1 | remaining: 232s    
step 00443 (22.8%) | loss: 3.321762 | lrm: 1.00 | dt: 159ms | tok/sec: 826,743 | mfu: 22.6% | epoch: 1 | remaining: 231s    
step 00444 (22.9%) | loss: 3.319257 | lrm: 1.00 | dt: 159ms | tok/sec: 826,711 | mfu: 22.6% | epoch: 1 | remaining: 231s    
step 00445 (22.9%) | loss: 3.317503 | lrm: 1.00 | dt: 159ms | tok/sec: 826,804 | mfu: 22.6% | epoch: 1 | remaining: 231s    
step 00446 (23.0%) | loss: 3.320682 | lrm: 1.00 | dt: 159ms | tok/sec: 826,853 | mfu: 22.6% | epoch: 1 | remaining: 231s    
step 00447 (23.0%) | loss: 3.322724 | lrm: 1.00 | dt: 159ms | tok/sec: 826,560 | mfu: 22.6% | epoch: 1 | remaining: 231s    
step 00448 (23.1%) | loss: 3.328684 | lrm: 1.00 | dt: 159ms | tok/sec: 826,743 | mfu: 22.6% | epoch: 1 | remaining: 231s    
step 00449 (23.1%) | loss: 3.331393 | lrm: 1.00 | dt: 159ms | tok/sec: 826,574 | mfu: 22.6% | epoch: 1 | remaining: 230s    
step 00450 (23.2%) | loss: 3.329241 | lrm: 1.00 | dt: 159ms | tok/sec: 826,377 | mfu: 22.6% | epoch: 1 | remaining: 230s    
step 00451 (23.2%) | loss: 3.332798 | lrm: 1.00 | dt: 159ms | tok/sec: 826,688 | mfu: 22.6% | epoch: 1 | remaining: 230s    
step 00452 (23.3%) | loss: 3.326217 | lrm: 1.00 | dt: 159ms | tok/sec: 826,729 | mfu: 22.6% | epoch: 1 | remaining: 230s    
step 00453 (23.3%) | loss: 3.332419 | lrm: 1.00 | dt: 159ms | tok/sec: 826,427 | mfu: 22.6% | epoch: 1 | remaining: 230s    
step 00454 (23.4%) | loss: 3.324467 | lrm: 1.00 | dt: 159ms | tok/sec: 826,614 | mfu: 22.6% | epoch: 1 | remaining: 230s    
step 00455 (23.4%) | loss: 3.325557 | lrm: 1.00 | dt: 159ms | tok/sec: 826,706 | mfu: 22.6% | epoch: 1 | remaining: 230s    
step 00456 (23.5%) | loss: 3.332698 | lrm: 1.00 | dt: 159ms | tok/sec: 826,811 | mfu: 22.6% | epoch: 1 | remaining: 229s    
step 00457 (23.5%) | loss: 3.331542 | lrm: 1.00 | dt: 159ms | tok/sec: 826,696 | mfu: 22.6% | epoch: 1 | remaining: 229s    
step 00458 (23.6%) | loss: 3.326047 | lrm: 1.00 | dt: 159ms | tok/sec: 826,425 | mfu: 22.6% | epoch: 1 | remaining: 229s    
step 00459 (23.7%) | loss: 3.321007 | lrm: 1.00 | dt: 159ms | tok/sec: 826,635 | mfu: 22.6% | epoch: 1 | remaining: 229s    
step 00460 (23.7%) | loss: 3.327008 | lrm: 1.00 | dt: 159ms | tok/sec: 826,771 | mfu: 22.6% | epoch: 1 | remaining: 229s    
step 00461 (23.8%) | loss: 3.332347 | lrm: 1.00 | dt: 159ms | tok/sec: 826,548 | mfu: 22.6% | epoch: 1 | remaining: 229s    
step 00462 (23.8%) | loss: 3.331960 | lrm: 1.00 | dt: 159ms | tok/sec: 826,507 | mfu: 22.6% | epoch: 1 | remaining: 228s    
step 00463 (23.9%) | loss: 3.333809 | lrm: 1.00 | dt: 159ms | tok/sec: 826,688 | mfu: 22.6% | epoch: 1 | remaining: 228s    
step 00464 (23.9%) | loss: 3.336730 | lrm: 1.00 | dt: 159ms | tok/sec: 826,642 | mfu: 22.6% | epoch: 1 | remaining: 228s    
step 00465 (24.0%) | loss: 3.332885 | lrm: 1.00 | dt: 159ms | tok/sec: 826,806 | mfu: 22.6% | epoch: 1 | remaining: 228s    
step 00466 (24.0%) | loss: 3.335965 | lrm: 1.00 | dt: 159ms | tok/sec: 826,889 | mfu: 22.6% | epoch: 1 | remaining: 228s    
step 00467 (24.1%) | loss: 3.328047 | lrm: 1.00 | dt: 159ms | tok/sec: 826,869 | mfu: 22.6% | epoch: 1 | remaining: 228s    
step 00468 (24.1%) | loss: 3.321335 | lrm: 1.00 | dt: 159ms | tok/sec: 826,610 | mfu: 22.6% | epoch: 1 | remaining: 227s    
step 00469 (24.2%) | loss: 3.320144 | lrm: 1.00 | dt: 159ms | tok/sec: 826,627 | mfu: 22.6% | epoch: 1 | remaining: 227s    
step 00470 (24.2%) | loss: 3.321206 | lrm: 1.00 | dt: 159ms | tok/sec: 826,491 | mfu: 22.6% | epoch: 1 | remaining: 227s    
step 00471 (24.3%) | loss: 3.326063 | lrm: 1.00 | dt: 159ms | tok/sec: 826,844 | mfu: 22.6% | epoch: 1 | remaining: 227s    
step 00472 (24.3%) | loss: 3.333284 | lrm: 1.00 | dt: 159ms | tok/sec: 826,584 | mfu: 22.6% | epoch: 1 | remaining: 227s    
step 00473 (24.4%) | loss: 3.331659 | lrm: 1.00 | dt: 159ms | tok/sec: 826,933 | mfu: 22.6% | epoch: 1 | remaining: 227s    
step 00474 (24.4%) | loss: 3.333889 | lrm: 1.00 | dt: 159ms | tok/sec: 826,699 | mfu: 22.6% | epoch: 1 | remaining: 227s    
step 00475 (24.5%) | loss: 3.331832 | lrm: 1.00 | dt: 158ms | tok/sec: 826,954 | mfu: 22.6% | epoch: 1 | remaining: 226s    
step 00476 (24.6%) | loss: 3.324744 | lrm: 1.00 | dt: 159ms | tok/sec: 826,712 | mfu: 22.6% | epoch: 1 | remaining: 226s    
step 00477 (24.6%) | loss: 3.323305 | lrm: 1.00 | dt: 159ms | tok/sec: 826,630 | mfu: 22.6% | epoch: 1 | remaining: 226s    
step 00478 (24.7%) | loss: 3.317388 | lrm: 1.00 | dt: 159ms | tok/sec: 826,599 | mfu: 22.6% | epoch: 1 | remaining: 226s    
step 00479 (24.7%) | loss: 3.318872 | lrm: 1.00 | dt: 159ms | tok/sec: 826,768 | mfu: 22.6% | epoch: 1 | remaining: 226s    
step 00480 (24.8%) | loss: 3.317155 | lrm: 1.00 | dt: 159ms | tok/sec: 825,798 | mfu: 22.6% | epoch: 1 | remaining: 226s    
step 00481 (24.8%) | loss: 3.320151 | lrm: 1.00 | dt: 159ms | tok/sec: 826,466 | mfu: 22.6% | epoch: 1 | remaining: 225s    
step 00482 (24.9%) | loss: 3.319751 | lrm: 1.00 | dt: 159ms | tok/sec: 826,610 | mfu: 22.6% | epoch: 1 | remaining: 225s    
step 00483 (24.9%) | loss: 3.320618 | lrm: 1.00 | dt: 159ms | tok/sec: 826,531 | mfu: 22.6% | epoch: 1 | remaining: 225s    
step 00484 (25.0%) | loss: 3.321714 | lrm: 1.00 | dt: 159ms | tok/sec: 826,788 | mfu: 22.6% | epoch: 1 | remaining: 225s    
step 00485 (25.0%) | loss: 3.323239 | lrm: 1.00 | dt: 159ms | tok/sec: 826,855 | mfu: 22.6% | epoch: 1 | remaining: 225s    
step 00486 (25.1%) | loss: 3.317667 | lrm: 1.00 | dt: 159ms | tok/sec: 826,765 | mfu: 22.6% | epoch: 1 | remaining: 225s    
step 00487 (25.1%) | loss: 3.314360 | lrm: 1.00 | dt: 159ms | tok/sec: 826,696 | mfu: 22.6% | epoch: 1 | remaining: 224s    
step 00488 (25.2%) | loss: 3.309717 | lrm: 1.00 | dt: 159ms | tok/sec: 826,803 | mfu: 22.6% | epoch: 1 | remaining: 224s    
step 00489 (25.2%) | loss: 3.296010 | lrm: 1.00 | dt: 159ms | tok/sec: 826,502 | mfu: 22.6% | epoch: 1 | remaining: 224s    
step 00490 (25.3%) | loss: 3.287213 | lrm: 1.00 | dt: 159ms | tok/sec: 826,799 | mfu: 22.6% | epoch: 1 | remaining: 224s    
step 00491 (25.3%) | loss: 3.285615 | lrm: 1.00 | dt: 159ms | tok/sec: 826,674 | mfu: 22.6% | epoch: 1 | remaining: 224s    
step 00492 (25.4%) | loss: 3.283646 | lrm: 1.00 | dt: 159ms | tok/sec: 826,519 | mfu: 22.6% | epoch: 1 | remaining: 224s    
step 00493 (25.4%) | loss: 3.284871 | lrm: 1.00 | dt: 159ms | tok/sec: 826,768 | mfu: 22.6% | epoch: 1 | remaining: 223s    
step 00494 (25.5%) | loss: 3.282226 | lrm: 1.00 | dt: 159ms | tok/sec: 826,771 | mfu: 22.6% | epoch: 1 | remaining: 223s    
step 00495 (25.6%) | loss: 3.286294 | lrm: 1.00 | dt: 159ms | tok/sec: 826,849 | mfu: 22.6% | epoch: 1 | remaining: 223s    
step 00496 (25.6%) | loss: 3.285204 | lrm: 1.00 | dt: 159ms | tok/sec: 826,645 | mfu: 22.6% | epoch: 1 | remaining: 223s    
step 00497 (25.7%) | loss: 3.288528 | lrm: 1.00 | dt: 159ms | tok/sec: 826,297 | mfu: 22.6% | epoch: 1 | remaining: 223s    
step 00498 (25.7%) | loss: 3.293420 | lrm: 1.00 | dt: 159ms | tok/sec: 826,588 | mfu: 22.6% | epoch: 1 | remaining: 223s    
step 00499 (25.8%) | loss: 3.296726 | lrm: 1.00 | dt: 159ms | tok/sec: 826,758 | mfu: 22.6% | epoch: 1 | remaining: 223s    
step 00500 (25.8%) | loss: 3.298819 | lrm: 1.00 | dt: 159ms | tok/sec: 826,527 | mfu: 22.6% | epoch: 1 | remaining: 222s    
step 00501 (25.9%) | loss: 3.298135 | lrm: 1.00 | dt: 159ms | tok/sec: 826,435 | mfu: 22.6% | epoch: 1 | remaining: 222s    
step 00502 (25.9%) | loss: 3.298763 | lrm: 1.00 | dt: 159ms | tok/sec: 826,843 | mfu: 22.6% | epoch: 1 | remaining: 222s    
step 00503 (26.0%) | loss: 3.299531 | lrm: 1.00 | dt: 159ms | tok/sec: 826,785 | mfu: 22.6% | epoch: 1 | remaining: 222s    
step 00504 (26.0%) | loss: 3.293537 | lrm: 1.00 | dt: 159ms | tok/sec: 826,640 | mfu: 22.6% | epoch: 1 | remaining: 222s    
step 00505 (26.1%) | loss: 3.290715 | lrm: 1.00 | dt: 159ms | tok/sec: 826,627 | mfu: 22.6% | epoch: 1 | remaining: 222s    
step 00506 (26.1%) | loss: 3.288950 | lrm: 1.00 | dt: 159ms | tok/sec: 826,770 | mfu: 22.6% | epoch: 1 | remaining: 221s    
step 00507 (26.2%) | loss: 3.290541 | lrm: 1.00 | dt: 159ms | tok/sec: 826,350 | mfu: 22.6% | epoch: 1 | remaining: 221s    
step 00508 (26.2%) | loss: 3.288506 | lrm: 1.00 | dt: 159ms | tok/sec: 826,634 | mfu: 22.6% | epoch: 1 | remaining: 221s    
step 00509 (26.3%) | loss: 3.284575 | lrm: 1.00 | dt: 158ms | tok/sec: 826,964 | mfu: 22.6% | epoch: 1 | remaining: 221s    
step 00510 (26.3%) | loss: 3.290359 | lrm: 1.00 | dt: 159ms | tok/sec: 826,532 | mfu: 22.6% | epoch: 1 | remaining: 221s    
step 00511 (26.4%) | loss: 3.292222 | lrm: 1.00 | dt: 159ms | tok/sec: 826,656 | mfu: 22.6% | epoch: 1 | remaining: 221s    
step 00512 (26.5%) | loss: 3.288124 | lrm: 1.00 | dt: 158ms | tok/sec: 826,969 | mfu: 22.6% | epoch: 1 | remaining: 220s    
step 00513 (26.5%) | loss: 3.282070 | lrm: 1.00 | dt: 159ms | tok/sec: 826,859 | mfu: 22.6% | epoch: 1 | remaining: 220s    
step 00514 (26.6%) | loss: 3.282801 | lrm: 1.00 | dt: 158ms | tok/sec: 826,960 | mfu: 22.6% | epoch: 1 | remaining: 220s    
step 00515 (26.6%) | loss: 3.280164 | lrm: 1.00 | dt: 159ms | tok/sec: 826,731 | mfu: 22.6% | epoch: 1 | remaining: 220s    
step 00516 (26.7%) | loss: 3.282456 | lrm: 1.00 | dt: 159ms | tok/sec: 826,715 | mfu: 22.6% | epoch: 1 | remaining: 220s    
step 00517 (26.7%) | loss: 3.285501 | lrm: 1.00 | dt: 159ms | tok/sec: 826,476 | mfu: 22.6% | epoch: 1 | remaining: 220s    
step 00518 (26.8%) | loss: 3.281106 | lrm: 1.00 | dt: 159ms | tok/sec: 825,831 | mfu: 22.6% | epoch: 1 | remaining: 220s    
step 00519 (26.8%) | loss: 3.281076 | lrm: 1.00 | dt: 159ms | tok/sec: 826,089 | mfu: 22.6% | epoch: 1 | remaining: 219s    
step 00520 (26.9%) | loss: 3.276628 | lrm: 1.00 | dt: 159ms | tok/sec: 826,645 | mfu: 22.6% | epoch: 1 | remaining: 219s    
step 00521 (26.9%) | loss: 3.277367 | lrm: 1.00 | dt: 159ms | tok/sec: 826,476 | mfu: 22.6% | epoch: 1 | remaining: 219s    
step 00522 (27.0%) | loss: 3.279186 | lrm: 1.00 | dt: 159ms | tok/sec: 826,502 | mfu: 22.6% | epoch: 1 | remaining: 219s    
step 00523 (27.0%) | loss: 3.276936 | lrm: 1.00 | dt: 159ms | tok/sec: 826,880 | mfu: 22.6% | epoch: 1 | remaining: 219s    
step 00524 (27.1%) | loss: 3.281308 | lrm: 1.00 | dt: 159ms | tok/sec: 826,732 | mfu: 22.6% | epoch: 1 | remaining: 219s    
step 00525 (27.1%) | loss: 3.280371 | lrm: 1.00 | dt: 159ms | tok/sec: 826,843 | mfu: 22.6% | epoch: 1 | remaining: 218s    
step 00526 (27.2%) | loss: 3.278793 | lrm: 1.00 | dt: 159ms | tok/sec: 826,879 | mfu: 22.6% | epoch: 1 | remaining: 218s    
step 00527 (27.2%) | loss: 3.279389 | lrm: 1.00 | dt: 159ms | tok/sec: 826,772 | mfu: 22.6% | epoch: 1 | remaining: 218s    
step 00528 (27.3%) | loss: 3.275117 | lrm: 1.00 | dt: 159ms | tok/sec: 826,681 | mfu: 22.6% | epoch: 1 | remaining: 218s    
step 00529 (27.4%) | loss: 3.277553 | lrm: 1.00 | dt: 159ms | tok/sec: 826,396 | mfu: 22.6% | epoch: 1 | remaining: 218s    
step 00530 (27.4%) | loss: 3.277822 | lrm: 1.00 | dt: 159ms | tok/sec: 826,751 | mfu: 22.6% | epoch: 1 | remaining: 218s    
step 00531 (27.5%) | loss: 3.277468 | lrm: 1.00 | dt: 159ms | tok/sec: 826,647 | mfu: 22.6% | epoch: 1 | remaining: 217s    
step 00532 (27.5%) | loss: 3.278036 | lrm: 1.00 | dt: 159ms | tok/sec: 826,789 | mfu: 22.6% | epoch: 1 | remaining: 217s    
step 00533 (27.6%) | loss: 3.273071 | lrm: 1.00 | dt: 159ms | tok/sec: 826,831 | mfu: 22.6% | epoch: 1 | remaining: 217s    
step 00534 (27.6%) | loss: 3.279619 | lrm: 1.00 | dt: 159ms | tok/sec: 826,758 | mfu: 22.6% | epoch: 1 | remaining: 217s    
step 00535 (27.7%) | loss: 3.270264 | lrm: 1.00 | dt: 159ms | tok/sec: 826,804 | mfu: 22.6% | epoch: 1 | remaining: 217s    
step 00536 (27.7%) | loss: 3.271649 | lrm: 1.00 | dt: 159ms | tok/sec: 826,528 | mfu: 22.6% | epoch: 1 | remaining: 217s    
step 00537 (27.8%) | loss: 3.277291 | lrm: 1.00 | dt: 159ms | tok/sec: 826,630 | mfu: 22.6% | epoch: 1 | remaining: 217s    
step 00538 (27.8%) | loss: 3.278229 | lrm: 1.00 | dt: 159ms | tok/sec: 826,929 | mfu: 22.6% | epoch: 1 | remaining: 216s    
step 00539 (27.9%) | loss: 3.274735 | lrm: 1.00 | dt: 159ms | tok/sec: 826,574 | mfu: 22.6% | epoch: 1 | remaining: 216s    
step 00540 (27.9%) | loss: 3.266917 | lrm: 1.00 | dt: 159ms | tok/sec: 826,716 | mfu: 22.6% | epoch: 1 | remaining: 216s    
step 00541 (28.0%) | loss: 3.263818 | lrm: 1.00 | dt: 158ms | tok/sec: 827,007 | mfu: 22.6% | epoch: 1 | remaining: 216s    
step 00542 (28.0%) | loss: 3.267579 | lrm: 1.00 | dt: 159ms | tok/sec: 826,901 | mfu: 22.6% | epoch: 1 | remaining: 216s    
step 00543 (28.1%) | loss: 3.269220 | lrm: 1.00 | dt: 159ms | tok/sec: 826,731 | mfu: 22.6% | epoch: 1 | remaining: 216s    
step 00544 (28.1%) | loss: 3.260381 | lrm: 1.00 | dt: 158ms | tok/sec: 826,979 | mfu: 22.6% | epoch: 1 | remaining: 215s    
step 00545 (28.2%) | loss: 3.265155 | lrm: 1.00 | dt: 159ms | tok/sec: 826,649 | mfu: 22.6% | epoch: 1 | remaining: 215s    
step 00546 (28.2%) | loss: 3.267651 | lrm: 1.00 | dt: 159ms | tok/sec: 826,944 | mfu: 22.6% | epoch: 1 | remaining: 215s    
step 00547 (28.3%) | loss: 3.260346 | lrm: 1.00 | dt: 159ms | tok/sec: 826,470 | mfu: 22.6% | epoch: 1 | remaining: 215s    
step 00548 (28.4%) | loss: 3.261178 | lrm: 1.00 | dt: 159ms | tok/sec: 826,628 | mfu: 22.6% | epoch: 1 | remaining: 215s    
step 00549 (28.4%) | loss: 3.251649 | lrm: 1.00 | dt: 159ms | tok/sec: 826,878 | mfu: 22.6% | epoch: 1 | remaining: 215s    
step 00550 (28.5%) | loss: 3.249853 | lrm: 1.00 | dt: 159ms | tok/sec: 826,882 | mfu: 22.6% | epoch: 1 | remaining: 214s    
step 00551 (28.5%) | loss: 3.257067 | lrm: 1.00 | dt: 159ms | tok/sec: 826,937 | mfu: 22.6% | epoch: 1 | remaining: 214s    
step 00552 (28.6%) | loss: 3.253114 | lrm: 1.00 | dt: 159ms | tok/sec: 826,724 | mfu: 22.6% | epoch: 1 | remaining: 214s    
step 00553 (28.6%) | loss: 3.255866 | lrm: 1.00 | dt: 159ms | tok/sec: 826,560 | mfu: 22.6% | epoch: 1 | remaining: 214s    
step 00554 (28.7%) | loss: 3.248241 | lrm: 1.00 | dt: 159ms | tok/sec: 826,848 | mfu: 22.6% | epoch: 1 | remaining: 214s    
step 00555 (28.7%) | loss: 3.248574 | lrm: 1.00 | dt: 159ms | tok/sec: 826,536 | mfu: 22.6% | epoch: 1 | remaining: 214s    
step 00556 (28.8%) | loss: 3.253476 | lrm: 1.00 | dt: 159ms | tok/sec: 826,874 | mfu: 22.6% | epoch: 1 | remaining: 214s    
step 00557 (28.8%) | loss: 3.259451 | lrm: 1.00 | dt: 159ms | tok/sec: 826,306 | mfu: 22.6% | epoch: 1 | remaining: 213s    
step 00558 (28.9%) | loss: 3.251201 | lrm: 1.00 | dt: 159ms | tok/sec: 826,371 | mfu: 22.6% | epoch: 1 | remaining: 213s    
step 00559 (28.9%) | loss: 3.250675 | lrm: 1.00 | dt: 159ms | tok/sec: 826,438 | mfu: 22.6% | epoch: 1 | remaining: 213s    
step 00560 (29.0%) | loss: 3.242977 | lrm: 1.00 | dt: 159ms | tok/sec: 826,481 | mfu: 22.6% | epoch: 1 | remaining: 213s    
step 00561 (29.0%) | loss: 3.240770 | lrm: 1.00 | dt: 159ms | tok/sec: 826,398 | mfu: 22.6% | epoch: 1 | remaining: 213s    
step 00562 (29.1%) | loss: 3.239168 | lrm: 1.00 | dt: 159ms | tok/sec: 826,715 | mfu: 22.6% | epoch: 1 | remaining: 213s    
step 00563 (29.1%) | loss: 3.240556 | lrm: 1.00 | dt: 159ms | tok/sec: 826,707 | mfu: 22.6% | epoch: 1 | remaining: 212s    
step 00564 (29.2%) | loss: 3.237821 | lrm: 1.00 | dt: 159ms | tok/sec: 826,694 | mfu: 22.6% | epoch: 1 | remaining: 212s    
step 00565 (29.3%) | loss: 3.235474 | lrm: 1.00 | dt: 159ms | tok/sec: 826,884 | mfu: 22.6% | epoch: 1 | remaining: 212s    
step 00566 (29.3%) | loss: 3.238656 | lrm: 1.00 | dt: 159ms | tok/sec: 826,878 | mfu: 22.6% | epoch: 1 | remaining: 212s    
step 00567 (29.4%) | loss: 3.235756 | lrm: 1.00 | dt: 159ms | tok/sec: 826,771 | mfu: 22.6% | epoch: 1 | remaining: 212s    
step 00568 (29.4%) | loss: 3.238319 | lrm: 1.00 | dt: 159ms | tok/sec: 826,725 | mfu: 22.6% | epoch: 1 | remaining: 212s    
step 00569 (29.5%) | loss: 3.238015 | lrm: 1.00 | dt: 159ms | tok/sec: 826,486 | mfu: 22.6% | epoch: 1 | remaining: 211s    
step 00570 (29.5%) | loss: 3.238164 | lrm: 1.00 | dt: 159ms | tok/sec: 826,707 | mfu: 22.6% | epoch: 1 | remaining: 211s    
step 00571 (29.6%) | loss: 3.243104 | lrm: 1.00 | dt: 159ms | tok/sec: 826,482 | mfu: 22.6% | epoch: 1 | remaining: 211s    
step 00572 (29.6%) | loss: 3.244490 | lrm: 1.00 | dt: 159ms | tok/sec: 826,741 | mfu: 22.6% | epoch: 1 | remaining: 211s    
step 00573 (29.7%) | loss: 3.244477 | lrm: 1.00 | dt: 159ms | tok/sec: 826,865 | mfu: 22.6% | epoch: 1 | remaining: 211s    
step 00574 (29.7%) | loss: 3.246414 | lrm: 1.00 | dt: 159ms | tok/sec: 826,668 | mfu: 22.6% | epoch: 1 | remaining: 211s    
step 00575 (29.8%) | loss: 3.247813 | lrm: 1.00 | dt: 159ms | tok/sec: 826,862 | mfu: 22.6% | epoch: 1 | remaining: 210s    
step 00576 (29.8%) | loss: 3.249452 | lrm: 1.00 | dt: 159ms | tok/sec: 826,705 | mfu: 22.6% | epoch: 1 | remaining: 210s    
step 00577 (29.9%) | loss: 3.242205 | lrm: 1.00 | dt: 159ms | tok/sec: 826,584 | mfu: 22.6% | epoch: 1 | remaining: 210s    
step 00578 (29.9%) | loss: 3.244313 | lrm: 1.00 | dt: 159ms | tok/sec: 826,923 | mfu: 22.6% | epoch: 1 | remaining: 210s    
step 00579 (30.0%) | loss: 3.239821 | lrm: 1.00 | dt: 159ms | tok/sec: 826,725 | mfu: 22.6% | epoch: 1 | remaining: 210s    
step 00580 (30.0%) | loss: 3.252969 | lrm: 1.00 | dt: 159ms | tok/sec: 826,497 | mfu: 22.6% | epoch: 1 | remaining: 210s    
step 00581 (30.1%) | loss: 3.253865 | lrm: 1.00 | dt: 159ms | tok/sec: 826,571 | mfu: 22.6% | epoch: 1 | remaining: 210s    
step 00582 (30.2%) | loss: 3.252015 | lrm: 1.00 | dt: 159ms | tok/sec: 826,496 | mfu: 22.6% | epoch: 1 | remaining: 209s    
step 00583 (30.2%) | loss: 3.253897 | lrm: 1.00 | dt: 159ms | tok/sec: 826,642 | mfu: 22.6% | epoch: 1 | remaining: 209s    
step 00584 (30.3%) | loss: 3.251996 | lrm: 1.00 | dt: 159ms | tok/sec: 826,690 | mfu: 22.6% | epoch: 1 | remaining: 209s    
step 00585 (30.3%) | loss: 3.249590 | lrm: 1.00 | dt: 159ms | tok/sec: 826,618 | mfu: 22.6% | epoch: 1 | remaining: 209s    
step 00586 (30.4%) | loss: 3.251559 | lrm: 0.99 | dt: 159ms | tok/sec: 826,947 | mfu: 22.6% | epoch: 1 | remaining: 209s    
step 00587 (30.4%) | loss: 3.251365 | lrm: 0.99 | dt: 159ms | tok/sec: 826,857 | mfu: 22.6% | epoch: 1 | remaining: 209s    
step 00588 (30.5%) | loss: 3.252702 | lrm: 0.99 | dt: 159ms | tok/sec: 826,909 | mfu: 22.6% | epoch: 1 | remaining: 208s    
step 00589 (30.5%) | loss: 3.247475 | lrm: 0.99 | dt: 159ms | tok/sec: 826,439 | mfu: 22.6% | epoch: 1 | remaining: 208s    
step 00590 (30.6%) | loss: 3.248311 | lrm: 0.99 | dt: 159ms | tok/sec: 826,683 | mfu: 22.6% | epoch: 1 | remaining: 208s    
step 00591 (30.6%) | loss: 3.253548 | lrm: 0.99 | dt: 159ms | tok/sec: 826,832 | mfu: 22.6% | epoch: 1 | remaining: 208s    
step 00592 (30.7%) | loss: 3.254003 | lrm: 0.99 | dt: 159ms | tok/sec: 826,812 | mfu: 22.6% | epoch: 1 | remaining: 208s    
step 00593 (30.7%) | loss: 3.258415 | lrm: 0.99 | dt: 159ms | tok/sec: 826,384 | mfu: 22.6% | epoch: 1 | remaining: 208s    
step 00594 (30.8%) | loss: 3.259323 | lrm: 0.99 | dt: 159ms | tok/sec: 826,364 | mfu: 22.6% | epoch: 1 | remaining: 207s    
step 00595 (30.8%) | loss: 3.264390 | lrm: 0.99 | dt: 159ms | tok/sec: 826,538 | mfu: 22.6% | epoch: 1 | remaining: 207s    
step 00596 (30.9%) | loss: 3.258438 | lrm: 0.99 | dt: 159ms | tok/sec: 826,509 | mfu: 22.6% | epoch: 1 | remaining: 207s    
step 00597 (30.9%) | loss: 3.253926 | lrm: 0.99 | dt: 159ms | tok/sec: 826,699 | mfu: 22.6% | epoch: 1 | remaining: 207s    
step 00598 (31.0%) | loss: 3.253461 | lrm: 0.99 | dt: 159ms | tok/sec: 826,694 | mfu: 22.6% | epoch: 1 | remaining: 207s    
step 00599 (31.1%) | loss: 3.253899 | lrm: 0.98 | dt: 159ms | tok/sec: 826,758 | mfu: 22.6% | epoch: 1 | remaining: 207s    
step 00600 (31.1%) | loss: 3.243368 | lrm: 0.98 | dt: 159ms | tok/sec: 826,821 | mfu: 22.6% | epoch: 1 | remaining: 207s    
step 00601 (31.2%) | loss: 3.238521 | lrm: 0.98 | dt: 159ms | tok/sec: 826,828 | mfu: 22.6% | epoch: 1 | remaining: 206s    
step 00602 (31.2%) | loss: 3.236010 | lrm: 0.98 | dt: 159ms | tok/sec: 826,471 | mfu: 22.6% | epoch: 1 | remaining: 206s    
step 00603 (31.3%) | loss: 3.230648 | lrm: 0.98 | dt: 159ms | tok/sec: 826,628 | mfu: 22.6% | epoch: 1 | remaining: 206s    
step 00604 (31.3%) | loss: 3.227636 | lrm: 0.98 | dt: 159ms | tok/sec: 826,615 | mfu: 22.6% | epoch: 1 | remaining: 206s    
step 00605 (31.4%) | loss: 3.232474 | lrm: 0.98 | dt: 159ms | tok/sec: 826,734 | mfu: 22.6% | epoch: 1 | remaining: 206s    
step 00606 (31.4%) | loss: 3.236458 | lrm: 0.98 | dt: 159ms | tok/sec: 826,905 | mfu: 22.6% | epoch: 1 | remaining: 206s    
step 00607 (31.5%) | loss: 3.234718 | lrm: 0.98 | dt: 159ms | tok/sec: 826,768 | mfu: 22.6% | epoch: 1 | remaining: 205s    
step 00608 (31.5%) | loss: 3.234623 | lrm: 0.98 | dt: 159ms | tok/sec: 826,528 | mfu: 22.6% | epoch: 1 | remaining: 205s    
step 00609 (31.6%) | loss: 3.238799 | lrm: 0.98 | dt: 159ms | tok/sec: 826,770 | mfu: 22.6% | epoch: 1 | remaining: 205s    
step 00610 (31.6%) | loss: 3.234342 | lrm: 0.98 | dt: 159ms | tok/sec: 826,737 | mfu: 22.6% | epoch: 1 | remaining: 205s    
step 00611 (31.7%) | loss: 3.237426 | lrm: 0.98 | dt: 159ms | tok/sec: 826,777 | mfu: 22.6% | epoch: 1 | remaining: 205s    
step 00612 (31.7%) | loss: 3.231995 | lrm: 0.98 | dt: 159ms | tok/sec: 826,873 | mfu: 22.6% | epoch: 1 | remaining: 205s    
step 00613 (31.8%) | loss: 3.232582 | lrm: 0.97 | dt: 159ms | tok/sec: 826,855 | mfu: 22.6% | epoch: 1 | remaining: 204s    
step 00614 (31.8%) | loss: 3.232969 | lrm: 0.97 | dt: 159ms | tok/sec: 826,684 | mfu: 22.6% | epoch: 1 | remaining: 204s    
step 00615 (31.9%) | loss: 3.234176 | lrm: 0.97 | dt: 159ms | tok/sec: 826,752 | mfu: 22.6% | epoch: 1 | remaining: 204s    
step 00616 (31.9%) | loss: 3.242667 | lrm: 0.97 | dt: 159ms | tok/sec: 826,776 | mfu: 22.6% | epoch: 1 | remaining: 204s    
step 00617 (32.0%) | loss: 3.243800 | lrm: 0.97 | dt: 159ms | tok/sec: 826,731 | mfu: 22.6% | epoch: 1 | remaining: 204s    
step 00618 (32.1%) | loss: 3.246306 | lrm: 0.97 | dt: 159ms | tok/sec: 826,737 | mfu: 22.6% | epoch: 1 | remaining: 204s    
step 00619 (32.1%) | loss: 3.244279 | lrm: 0.97 | dt: 159ms | tok/sec: 826,777 | mfu: 22.6% | epoch: 1 | remaining: 204s    
step 00620 (32.2%) | loss: 3.242325 | lrm: 0.97 | dt: 159ms | tok/sec: 826,845 | mfu: 22.6% | epoch: 1 | remaining: 203s    
step 00621 (32.2%) | loss: 3.245268 | lrm: 0.97 | dt: 159ms | tok/sec: 826,628 | mfu: 22.6% | epoch: 1 | remaining: 203s    
step 00622 (32.3%) | loss: 3.240147 | lrm: 0.97 | dt: 159ms | tok/sec: 826,751 | mfu: 22.6% | epoch: 1 | remaining: 203s    
step 00623 (32.3%) | loss: 3.238498 | lrm: 0.97 | dt: 159ms | tok/sec: 826,633 | mfu: 22.6% | epoch: 1 | remaining: 203s    
step 00624 (32.4%) | loss: 3.233810 | lrm: 0.97 | dt: 159ms | tok/sec: 826,666 | mfu: 22.6% | epoch: 1 | remaining: 203s    
step 00625 (32.4%) | loss: 3.234275 | lrm: 0.97 | dt: 159ms | tok/sec: 826,584 | mfu: 22.6% | epoch: 1 | remaining: 203s    
step 00626 (32.5%) | loss: 3.232369 | lrm: 0.96 | dt: 159ms | tok/sec: 826,739 | mfu: 22.6% | epoch: 1 | remaining: 202s    
step 00627 (32.5%) | loss: 3.230517 | lrm: 0.96 | dt: 159ms | tok/sec: 826,551 | mfu: 22.6% | epoch: 1 | remaining: 202s    
step 00628 (32.6%) | loss: 3.226435 | lrm: 0.96 | dt: 159ms | tok/sec: 826,592 | mfu: 22.6% | epoch: 1 | remaining: 202s    
step 00629 (32.6%) | loss: 3.224582 | lrm: 0.96 | dt: 159ms | tok/sec: 826,818 | mfu: 22.6% | epoch: 1 | remaining: 202s    
step 00630 (32.7%) | loss: 3.227215 | lrm: 0.96 | dt: 159ms | tok/sec: 826,638 | mfu: 22.6% | epoch: 1 | remaining: 202s    
step 00631 (32.7%) | loss: 3.224787 | lrm: 0.96 | dt: 159ms | tok/sec: 826,614 | mfu: 22.6% | epoch: 1 | remaining: 202s    
step 00632 (32.8%) | loss: 3.221539 | lrm: 0.96 | dt: 159ms | tok/sec: 826,688 | mfu: 22.6% | epoch: 1 | remaining: 201s    
step 00633 (32.8%) | loss: 3.219277 | lrm: 0.96 | dt: 159ms | tok/sec: 826,684 | mfu: 22.6% | epoch: 1 | remaining: 201s    
step 00634 (32.9%) | loss: 3.217613 | lrm: 0.96 | dt: 159ms | tok/sec: 826,705 | mfu: 22.6% | epoch: 1 | remaining: 201s    
step 00635 (33.0%) | loss: 3.219597 | lrm: 0.96 | dt: 159ms | tok/sec: 826,789 | mfu: 22.6% | epoch: 1 | remaining: 201s    
step 00636 (33.0%) | loss: 3.219778 | lrm: 0.96 | dt: 159ms | tok/sec: 826,222 | mfu: 22.6% | epoch: 1 | remaining: 201s    
step 00637 (33.1%) | loss: 3.222372 | lrm: 0.96 | dt: 159ms | tok/sec: 826,608 | mfu: 22.6% | epoch: 1 | remaining: 201s    
step 00638 (33.1%) | loss: 3.220716 | lrm: 0.96 | dt: 159ms | tok/sec: 826,511 | mfu: 22.6% | epoch: 1 | remaining: 201s    
step 00639 (33.2%) | loss: 3.219142 | lrm: 0.95 | dt: 159ms | tok/sec: 826,546 | mfu: 22.6% | epoch: 1 | remaining: 200s    
step 00640 (33.2%) | loss: 3.215754 | lrm: 0.95 | dt: 159ms | tok/sec: 826,583 | mfu: 22.6% | epoch: 1 | remaining: 200s    
step 00641 (33.3%) | loss: 3.211281 | lrm: 0.95 | dt: 159ms | tok/sec: 826,403 | mfu: 22.6% | epoch: 1 | remaining: 200s    
step 00642 (33.3%) | loss: 3.206906 | lrm: 0.95 | dt: 159ms | tok/sec: 826,847 | mfu: 22.6% | epoch: 1 | remaining: 200s    
step 00643 (33.4%) | loss: 3.206466 | lrm: 0.95 | dt: 158ms | tok/sec: 826,991 | mfu: 22.6% | epoch: 1 | remaining: 200s    
step 00644 (33.4%) | loss: 3.207494 | lrm: 0.95 | dt: 159ms | tok/sec: 826,614 | mfu: 22.6% | epoch: 1 | remaining: 200s    
step 00645 (33.5%) | loss: 3.211950 | lrm: 0.95 | dt: 159ms | tok/sec: 826,731 | mfu: 22.6% | epoch: 1 | remaining: 199s    
step 00646 (33.5%) | loss: 3.208435 | lrm: 0.95 | dt: 159ms | tok/sec: 826,640 | mfu: 22.6% | epoch: 1 | remaining: 199s    
step 00647 (33.6%) | loss: 3.208959 | lrm: 0.95 | dt: 159ms | tok/sec: 826,573 | mfu: 22.6% | epoch: 1 | remaining: 199s    
step 00648 (33.6%) | loss: 3.207711 | lrm: 0.95 | dt: 159ms | tok/sec: 826,720 | mfu: 22.6% | epoch: 1 | remaining: 199s    
step 00649 (33.7%) | loss: 3.210039 | lrm: 0.95 | dt: 159ms | tok/sec: 826,684 | mfu: 22.6% | epoch: 1 | remaining: 199s    
step 00650 (33.7%) | loss: 3.206085 | lrm: 0.95 | dt: 159ms | tok/sec: 826,464 | mfu: 22.6% | epoch: 1 | remaining: 199s    
step 00651 (33.8%) | loss: 3.207926 | lrm: 0.95 | dt: 159ms | tok/sec: 826,634 | mfu: 22.6% | epoch: 1 | remaining: 198s    
step 00652 (33.9%) | loss: 3.212645 | lrm: 0.94 | dt: 159ms | tok/sec: 826,671 | mfu: 22.6% | epoch: 1 | remaining: 198s    
step 00653 (33.9%) | loss: 3.215192 | lrm: 0.94 | dt: 159ms | tok/sec: 826,609 | mfu: 22.6% | epoch: 1 | remaining: 198s    
step 00654 (34.0%) | loss: 3.216425 | lrm: 0.94 | dt: 159ms | tok/sec: 826,609 | mfu: 22.6% | epoch: 1 | remaining: 198s    
step 00655 (34.0%) | loss: 3.210183 | lrm: 0.94 | dt: 159ms | tok/sec: 826,639 | mfu: 22.6% | epoch: 1 | remaining: 198s    
step 00656 (34.1%) | loss: 3.203942 | lrm: 0.94 | dt: 159ms | tok/sec: 826,610 | mfu: 22.6% | epoch: 1 | remaining: 198s    
step 00657 (34.1%) | loss: 3.205637 | lrm: 0.94 | dt: 159ms | tok/sec: 826,705 | mfu: 22.6% | epoch: 1 | remaining: 197s    
step 00658 (34.2%) | loss: 3.206404 | lrm: 0.94 | dt: 159ms | tok/sec: 826,630 | mfu: 22.6% | epoch: 1 | remaining: 197s    
step 00659 (34.2%) | loss: 3.207198 | lrm: 0.94 | dt: 159ms | tok/sec: 826,756 | mfu: 22.6% | epoch: 1 | remaining: 197s    
step 00660 (34.3%) | loss: 3.210840 | lrm: 0.94 | dt: 159ms | tok/sec: 826,895 | mfu: 22.6% | epoch: 1 | remaining: 197s    
step 00661 (34.3%) | loss: 3.211396 | lrm: 0.94 | dt: 159ms | tok/sec: 826,776 | mfu: 22.6% | epoch: 1 | remaining: 197s    
step 00662 (34.4%) | loss: 3.210012 | lrm: 0.94 | dt: 159ms | tok/sec: 826,748 | mfu: 22.6% | epoch: 1 | remaining: 197s    
step 00663 (34.4%) | loss: 3.205244 | lrm: 0.94 | dt: 159ms | tok/sec: 826,561 | mfu: 22.6% | epoch: 1 | remaining: 197s    
step 00664 (34.5%) | loss: 3.212455 | lrm: 0.94 | dt: 159ms | tok/sec: 826,608 | mfu: 22.6% | epoch: 1 | remaining: 196s    
step 00665 (34.5%) | loss: 3.207195 | lrm: 0.94 | dt: 159ms | tok/sec: 826,591 | mfu: 22.6% | epoch: 1 | remaining: 196s    
step 00666 (34.6%) | loss: 3.206041 | lrm: 0.93 | dt: 159ms | tok/sec: 826,689 | mfu: 22.6% | epoch: 1 | remaining: 196s    
step 00667 (34.6%) | loss: 3.205499 | lrm: 0.93 | dt: 159ms | tok/sec: 826,547 | mfu: 22.6% | epoch: 1 | remaining: 196s    
step 00668 (34.7%) | loss: 3.204995 | lrm: 0.93 | dt: 159ms | tok/sec: 826,628 | mfu: 22.6% | epoch: 1 | remaining: 196s    
step 00669 (34.8%) | loss: 3.203626 | lrm: 0.93 | dt: 159ms | tok/sec: 826,757 | mfu: 22.6% | epoch: 1 | remaining: 196s    
step 00670 (34.8%) | loss: 3.203746 | lrm: 0.93 | dt: 159ms | tok/sec: 826,469 | mfu: 22.6% | epoch: 1 | remaining: 195s    
step 00671 (34.9%) | loss: 3.203840 | lrm: 0.93 | dt: 159ms | tok/sec: 826,801 | mfu: 22.6% | epoch: 1 | remaining: 195s    
step 00672 (34.9%) | loss: 3.204354 | lrm: 0.93 | dt: 159ms | tok/sec: 826,615 | mfu: 22.6% | epoch: 1 | remaining: 195s    
step 00673 (35.0%) | loss: 3.201399 | lrm: 0.93 | dt: 159ms | tok/sec: 826,480 | mfu: 22.6% | epoch: 1 | remaining: 195s    
step 00674 (35.0%) | loss: 3.205996 | lrm: 0.93 | dt: 159ms | tok/sec: 826,683 | mfu: 22.6% | epoch: 1 | remaining: 195s    
step 00675 (35.1%) | loss: 3.205896 | lrm: 0.93 | dt: 159ms | tok/sec: 826,884 | mfu: 22.6% | epoch: 1 | remaining: 195s    
step 00676 (35.1%) | loss: 3.204213 | lrm: 0.93 | dt: 159ms | tok/sec: 826,847 | mfu: 22.6% | epoch: 1 | remaining: 194s    
step 00677 (35.2%) | loss: 3.206220 | lrm: 0.93 | dt: 159ms | tok/sec: 826,651 | mfu: 22.6% | epoch: 1 | remaining: 194s    
step 00678 (35.2%) | loss: 3.214437 | lrm: 0.93 | dt: 159ms | tok/sec: 826,763 | mfu: 22.6% | epoch: 1 | remaining: 194s    
step 00679 (35.3%) | loss: 3.216817 | lrm: 0.92 | dt: 159ms | tok/sec: 826,649 | mfu: 22.6% | epoch: 1 | remaining: 194s    
step 00680 (35.3%) | loss: 3.214182 | lrm: 0.92 | dt: 159ms | tok/sec: 826,699 | mfu: 22.6% | epoch: 1 | remaining: 194s    
step 00681 (35.4%) | loss: 3.208406 | lrm: 0.92 | dt: 159ms | tok/sec: 826,696 | mfu: 22.6% | epoch: 1 | remaining: 194s    
step 00682 (35.4%) | loss: 3.212674 | lrm: 0.92 | dt: 159ms | tok/sec: 826,826 | mfu: 22.6% | epoch: 1 | remaining: 194s    
step 00683 (35.5%) | loss: 3.214454 | lrm: 0.92 | dt: 159ms | tok/sec: 826,538 | mfu: 22.6% | epoch: 1 | remaining: 193s    
step 00684 (35.5%) | loss: 3.208193 | lrm: 0.92 | dt: 159ms | tok/sec: 826,567 | mfu: 22.6% | epoch: 1 | remaining: 193s    
step 00685 (35.6%) | loss: 3.203163 | lrm: 0.92 | dt: 159ms | tok/sec: 826,651 | mfu: 22.6% | epoch: 1 | remaining: 193s    
step 00686 (35.6%) | loss: 3.203049 | lrm: 0.92 | dt: 159ms | tok/sec: 826,589 | mfu: 22.6% | epoch: 1 | remaining: 193s    
step 00687 (35.7%) | loss: 3.196083 | lrm: 0.92 | dt: 159ms | tok/sec: 826,788 | mfu: 22.6% | epoch: 1 | remaining: 193s    
step 00688 (35.8%) | loss: 3.201078 | lrm: 0.92 | dt: 159ms | tok/sec: 826,794 | mfu: 22.6% | epoch: 1 | remaining: 193s    
step 00689 (35.8%) | loss: 3.197306 | lrm: 0.92 | dt: 159ms | tok/sec: 826,727 | mfu: 22.6% | epoch: 1 | remaining: 192s    
step 00690 (35.9%) | loss: 3.200660 | lrm: 0.92 | dt: 159ms | tok/sec: 826,773 | mfu: 22.6% | epoch: 1 | remaining: 192s    
step 00691 (35.9%) | loss: 3.203651 | lrm: 0.92 | dt: 159ms | tok/sec: 826,796 | mfu: 22.6% | epoch: 1 | remaining: 192s    
step 00692 (36.0%) | loss: 3.205077 | lrm: 0.91 | dt: 159ms | tok/sec: 826,670 | mfu: 22.6% | epoch: 1 | remaining: 192s    
step 00693 (36.0%) | loss: 3.204468 | lrm: 0.91 | dt: 159ms | tok/sec: 826,525 | mfu: 22.6% | epoch: 1 | remaining: 192s    
step 00694 (36.1%) | loss: 3.205255 | lrm: 0.91 | dt: 159ms | tok/sec: 826,551 | mfu: 22.6% | epoch: 1 | remaining: 192s    
step 00695 (36.1%) | loss: 3.203753 | lrm: 0.91 | dt: 159ms | tok/sec: 826,455 | mfu: 22.6% | epoch: 1 | remaining: 191s    
step 00696 (36.2%) | loss: 3.197798 | lrm: 0.91 | dt: 159ms | tok/sec: 825,446 | mfu: 22.6% | epoch: 1 | remaining: 191s    
step 00697 (36.2%) | loss: 3.200342 | lrm: 0.91 | dt: 159ms | tok/sec: 826,242 | mfu: 22.6% | epoch: 1 | remaining: 191s    
step 00698 (36.3%) | loss: 3.196241 | lrm: 0.91 | dt: 159ms | tok/sec: 826,625 | mfu: 22.6% | epoch: 1 | remaining: 191s    
step 00699 (36.3%) | loss: 3.197407 | lrm: 0.91 | dt: 159ms | tok/sec: 826,470 | mfu: 22.6% | epoch: 1 | remaining: 191s    
step 00700 (36.4%) | loss: 3.198953 | lrm: 0.91 | dt: 159ms | tok/sec: 826,309 | mfu: 22.6% | epoch: 1 | remaining: 191s    
step 00701 (36.4%) | loss: 3.198696 | lrm: 0.91 | dt: 159ms | tok/sec: 826,487 | mfu: 22.6% | epoch: 1 | remaining: 191s    
step 00702 (36.5%) | loss: 3.197184 | lrm: 0.91 | dt: 159ms | tok/sec: 826,552 | mfu: 22.6% | epoch: 1 | remaining: 190s    
step 00703 (36.5%) | loss: 3.186632 | lrm: 0.91 | dt: 159ms | tok/sec: 826,889 | mfu: 22.6% | epoch: 1 | remaining: 190s    
step 00704 (36.6%) | loss: 3.185493 | lrm: 0.91 | dt: 159ms | tok/sec: 826,807 | mfu: 22.6% | epoch: 1 | remaining: 190s    
step 00705 (36.7%) | loss: 3.183975 | lrm: 0.90 | dt: 158ms | tok/sec: 826,956 | mfu: 22.6% | epoch: 1 | remaining: 190s    
step 00706 (36.7%) | loss: 3.195242 | lrm: 0.90 | dt: 159ms | tok/sec: 826,757 | mfu: 22.6% | epoch: 1 | remaining: 190s    
step 00707 (36.8%) | loss: 3.195247 | lrm: 0.90 | dt: 159ms | tok/sec: 826,688 | mfu: 22.6% | epoch: 1 | remaining: 190s    
step 00708 (36.8%) | loss: 3.196942 | lrm: 0.90 | dt: 159ms | tok/sec: 826,900 | mfu: 22.6% | epoch: 1 | remaining: 189s    
step 00709 (36.9%) | loss: 3.195260 | lrm: 0.90 | dt: 159ms | tok/sec: 826,644 | mfu: 22.6% | epoch: 1 | remaining: 189s    
step 00710 (36.9%) | loss: 3.189868 | lrm: 0.90 | dt: 159ms | tok/sec: 826,530 | mfu: 22.6% | epoch: 1 | remaining: 189s    
step 00711 (37.0%) | loss: 3.180069 | lrm: 0.90 | dt: 159ms | tok/sec: 826,558 | mfu: 22.6% | epoch: 1 | remaining: 189s    
step 00712 (37.0%) | loss: 3.181910 | lrm: 0.90 | dt: 159ms | tok/sec: 826,950 | mfu: 22.6% | epoch: 1 | remaining: 189s    
step 00713 (37.1%) | loss: 3.181378 | lrm: 0.90 | dt: 159ms | tok/sec: 826,767 | mfu: 22.6% | epoch: 1 | remaining: 189s    
step 00714 (37.1%) | loss: 3.176081 | lrm: 0.90 | dt: 159ms | tok/sec: 826,716 | mfu: 22.6% | epoch: 1 | remaining: 188s    
step 00715 (37.2%) | loss: 3.180388 | lrm: 0.90 | dt: 159ms | tok/sec: 826,335 | mfu: 22.6% | epoch: 1 | remaining: 188s    
step 00716 (37.2%) | loss: 3.186427 | lrm: 0.90 | dt: 159ms | tok/sec: 826,839 | mfu: 22.6% | epoch: 1 | remaining: 188s    
step 00717 (37.3%) | loss: 3.185293 | lrm: 0.90 | dt: 159ms | tok/sec: 826,619 | mfu: 22.6% | epoch: 1 | remaining: 188s    
step 00718 (37.3%) | loss: 3.187864 | lrm: 0.90 | dt: 159ms | tok/sec: 826,587 | mfu: 22.6% | epoch: 1 | remaining: 188s    
step 00719 (37.4%) | loss: 3.183359 | lrm: 0.89 | dt: 159ms | tok/sec: 826,552 | mfu: 22.6% | epoch: 1 | remaining: 188s    
step 00720 (37.4%) | loss: 3.183220 | lrm: 0.89 | dt: 159ms | tok/sec: 826,494 | mfu: 22.6% | epoch: 1 | remaining: 188s    
step 00721 (37.5%) | loss: 3.180312 | lrm: 0.89 | dt: 159ms | tok/sec: 826,714 | mfu: 22.6% | epoch: 1 | remaining: 187s    
step 00722 (37.6%) | loss: 3.173705 | lrm: 0.89 | dt: 159ms | tok/sec: 826,735 | mfu: 22.6% | epoch: 1 | remaining: 187s    
step 00723 (37.6%) | loss: 3.168041 | lrm: 0.89 | dt: 159ms | tok/sec: 826,597 | mfu: 22.6% | epoch: 1 | remaining: 187s    
step 00724 (37.7%) | loss: 3.172107 | lrm: 0.89 | dt: 159ms | tok/sec: 826,776 | mfu: 22.6% | epoch: 1 | remaining: 187s    
step 00725 (37.7%) | loss: 3.171969 | lrm: 0.89 | dt: 159ms | tok/sec: 826,712 | mfu: 22.6% | epoch: 1 | remaining: 187s    
step 00726 (37.8%) | loss: 3.164991 | lrm: 0.89 | dt: 159ms | tok/sec: 826,669 | mfu: 22.6% | epoch: 1 | remaining: 187s    
step 00727 (37.8%) | loss: 3.166836 | lrm: 0.89 | dt: 159ms | tok/sec: 826,699 | mfu: 22.6% | epoch: 1 | remaining: 186s    
step 00728 (37.9%) | loss: 3.165757 | lrm: 0.89 | dt: 159ms | tok/sec: 826,908 | mfu: 22.6% | epoch: 1 | remaining: 186s    
step 00729 (37.9%) | loss: 3.164119 | lrm: 0.89 | dt: 159ms | tok/sec: 826,725 | mfu: 22.6% | epoch: 1 | remaining: 186s    
step 00730 (38.0%) | loss: 3.167954 | lrm: 0.89 | dt: 159ms | tok/sec: 826,439 | mfu: 22.6% | epoch: 1 | remaining: 186s    
step 00731 (38.0%) | loss: 3.168353 | lrm: 0.89 | dt: 159ms | tok/sec: 826,761 | mfu: 22.6% | epoch: 1 | remaining: 186s    
step 00732 (38.1%) | loss: 3.162431 | lrm: 0.88 | dt: 159ms | tok/sec: 826,579 | mfu: 22.6% | epoch: 1 | remaining: 186s    
step 00733 (38.1%) | loss: 3.157590 | lrm: 0.88 | dt: 159ms | tok/sec: 826,693 | mfu: 22.6% | epoch: 1 | remaining: 185s    
step 00734 (38.2%) | loss: 3.164158 | lrm: 0.88 | dt: 159ms | tok/sec: 826,816 | mfu: 22.6% | epoch: 1 | remaining: 185s    
step 00735 (38.2%) | loss: 3.160970 | lrm: 0.88 | dt: 159ms | tok/sec: 826,504 | mfu: 22.6% | epoch: 1 | remaining: 185s    
step 00736 (38.3%) | loss: 3.158247 | lrm: 0.88 | dt: 159ms | tok/sec: 826,526 | mfu: 22.6% | epoch: 1 | remaining: 185s    
step 00737 (38.3%) | loss: 3.152315 | lrm: 0.88 | dt: 159ms | tok/sec: 826,660 | mfu: 22.6% | epoch: 1 | remaining: 185s    
step 00738 (38.4%) | loss: 3.146252 | lrm: 0.88 | dt: 159ms | tok/sec: 826,767 | mfu: 22.6% | epoch: 1 | remaining: 185s    
step 00739 (38.5%) | loss: 3.142437 | lrm: 0.88 | dt: 159ms | tok/sec: 826,798 | mfu: 22.6% | epoch: 1 | remaining: 184s    
step 00740 (38.5%) | loss: 3.141098 | lrm: 0.88 | dt: 159ms | tok/sec: 826,947 | mfu: 22.6% | epoch: 1 | remaining: 184s    
step 00741 (38.6%) | loss: 3.148950 | lrm: 0.88 | dt: 159ms | tok/sec: 826,706 | mfu: 22.6% | epoch: 1 | remaining: 184s    
step 00742 (38.6%) | loss: 3.155427 | lrm: 0.88 | dt: 159ms | tok/sec: 826,942 | mfu: 22.6% | epoch: 1 | remaining: 184s    
step 00743 (38.7%) | loss: 3.157904 | lrm: 0.88 | dt: 159ms | tok/sec: 826,478 | mfu: 22.6% | epoch: 1 | remaining: 184s    
step 00744 (38.7%) | loss: 3.156349 | lrm: 0.88 | dt: 159ms | tok/sec: 826,606 | mfu: 22.6% | epoch: 1 | remaining: 184s    
step 00745 (38.8%) | loss: 3.154791 | lrm: 0.87 | dt: 159ms | tok/sec: 826,482 | mfu: 22.6% | epoch: 1 | remaining: 184s    
step 00746 (38.8%) | loss: 3.154412 | lrm: 0.87 | dt: 159ms | tok/sec: 826,801 | mfu: 22.6% | epoch: 1 | remaining: 183s    
step 00747 (38.9%) | loss: 3.155008 | lrm: 0.87 | dt: 159ms | tok/sec: 826,793 | mfu: 22.6% | epoch: 1 | remaining: 183s    
step 00748 (38.9%) | loss: 3.155948 | lrm: 0.87 | dt: 159ms | tok/sec: 826,532 | mfu: 22.6% | epoch: 1 | remaining: 183s    
step 00749 (39.0%) | loss: 3.148655 | lrm: 0.87 | dt: 159ms | tok/sec: 826,787 | mfu: 22.6% | epoch: 1 | remaining: 183s    
step 00750 (39.0%) | loss: 3.151631 | lrm: 0.87 | dt: 159ms | tok/sec: 826,608 | mfu: 22.6% | epoch: 1 | remaining: 183s    
step 00751 (39.1%) | loss: 3.144549 | lrm: 0.87 | dt: 159ms | tok/sec: 826,768 | mfu: 22.6% | epoch: 1 | remaining: 183s    
step 00752 (39.1%) | loss: 3.147644 | lrm: 0.87 | dt: 159ms | tok/sec: 826,602 | mfu: 22.6% | epoch: 1 | remaining: 182s    
step 00753 (39.2%) | loss: 3.143400 | lrm: 0.87 | dt: 159ms | tok/sec: 826,618 | mfu: 22.6% | epoch: 1 | remaining: 182s    
step 00754 (39.2%) | loss: 3.143692 | lrm: 0.87 | dt: 159ms | tok/sec: 826,783 | mfu: 22.6% | epoch: 1 | remaining: 182s    
step 00755 (39.3%) | loss: 3.137926 | lrm: 0.87 | dt: 159ms | tok/sec: 826,383 | mfu: 22.6% | epoch: 1 | remaining: 182s    
step 00756 (39.3%) | loss: 3.139937 | lrm: 0.87 | dt: 159ms | tok/sec: 826,496 | mfu: 22.6% | epoch: 1 | remaining: 182s    
step 00757 (39.4%) | loss: 3.143890 | lrm: 0.87 | dt: 159ms | tok/sec: 826,485 | mfu: 22.6% | epoch: 1 | remaining: 182s    
step 00758 (39.5%) | loss: 3.148525 | lrm: 0.86 | dt: 159ms | tok/sec: 826,638 | mfu: 22.6% | epoch: 1 | remaining: 181s    
step 00759 (39.5%) | loss: 3.157885 | lrm: 0.86 | dt: 159ms | tok/sec: 826,604 | mfu: 22.6% | epoch: 1 | remaining: 181s    
step 00760 (39.6%) | loss: 3.157833 | lrm: 0.86 | dt: 159ms | tok/sec: 826,489 | mfu: 22.6% | epoch: 1 | remaining: 181s    
step 00761 (39.6%) | loss: 3.156557 | lrm: 0.86 | dt: 159ms | tok/sec: 826,568 | mfu: 22.6% | epoch: 1 | remaining: 181s    
step 00762 (39.7%) | loss: 3.161294 | lrm: 0.86 | dt: 159ms | tok/sec: 826,557 | mfu: 22.6% | epoch: 1 | remaining: 181s    
step 00763 (39.7%) | loss: 3.161066 | lrm: 0.86 | dt: 159ms | tok/sec: 826,926 | mfu: 22.6% | epoch: 1 | remaining: 181s    
step 00764 (39.8%) | loss: 3.163226 | lrm: 0.86 | dt: 159ms | tok/sec: 826,668 | mfu: 22.6% | epoch: 1 | remaining: 181s    
step 00765 (39.8%) | loss: 3.161864 | lrm: 0.86 | dt: 159ms | tok/sec: 826,690 | mfu: 22.6% | epoch: 1 | remaining: 180s    
step 00766 (39.9%) | loss: 3.166652 | lrm: 0.86 | dt: 159ms | tok/sec: 826,638 | mfu: 22.6% | epoch: 1 | remaining: 180s    
step 00767 (39.9%) | loss: 3.162736 | lrm: 0.86 | dt: 159ms | tok/sec: 826,630 | mfu: 22.6% | epoch: 1 | remaining: 180s    
step 00768 (40.0%) | loss: 3.161944 | lrm: 0.86 | dt: 159ms | tok/sec: 826,756 | mfu: 22.6% | epoch: 1 | remaining: 180s    
step 00769 (40.0%) | loss: 3.165065 | lrm: 0.86 | dt: 159ms | tok/sec: 826,675 | mfu: 22.6% | epoch: 1 | remaining: 180s    
step 00770 (40.1%) | loss: 3.163082 | lrm: 0.86 | dt: 159ms | tok/sec: 826,671 | mfu: 22.6% | epoch: 1 | remaining: 180s    
step 00771 (40.1%) | loss: 3.163949 | lrm: 0.86 | dt: 159ms | tok/sec: 826,582 | mfu: 22.6% | epoch: 1 | remaining: 179s    
step 00772 (40.2%) | loss: 3.154971 | lrm: 0.85 | dt: 159ms | tok/sec: 826,443 | mfu: 22.6% | epoch: 1 | remaining: 179s    
step 00773 (40.2%) | loss: 3.154033 | lrm: 0.85 | dt: 159ms | tok/sec: 826,797 | mfu: 22.6% | epoch: 1 | remaining: 179s    
step 00774 (40.3%) | loss: 3.151897 | lrm: 0.85 | dt: 159ms | tok/sec: 826,845 | mfu: 22.6% | epoch: 1 | remaining: 179s    
step 00775 (40.4%) | loss: 3.156374 | lrm: 0.85 | dt: 159ms | tok/sec: 826,449 | mfu: 22.6% | epoch: 1 | remaining: 179s    
step 00776 (40.4%) | loss: 3.151383 | lrm: 0.85 | dt: 159ms | tok/sec: 826,650 | mfu: 22.6% | epoch: 1 | remaining: 179s    
step 00777 (40.5%) | loss: 3.148375 | lrm: 0.85 | dt: 159ms | tok/sec: 826,612 | mfu: 22.6% | epoch: 1 | remaining: 178s    
step 00778 (40.5%) | loss: 3.144705 | lrm: 0.85 | dt: 159ms | tok/sec: 826,640 | mfu: 22.6% | epoch: 1 | remaining: 178s    
step 00779 (40.6%) | loss: 3.139074 | lrm: 0.85 | dt: 159ms | tok/sec: 826,732 | mfu: 22.6% | epoch: 1 | remaining: 178s    
step 00780 (40.6%) | loss: 3.146603 | lrm: 0.85 | dt: 159ms | tok/sec: 826,863 | mfu: 22.6% | epoch: 1 | remaining: 178s    
step 00781 (40.7%) | loss: 3.144569 | lrm: 0.85 | dt: 159ms | tok/sec: 826,706 | mfu: 22.6% | epoch: 1 | remaining: 178s    
step 00782 (40.7%) | loss: 3.141726 | lrm: 0.85 | dt: 159ms | tok/sec: 826,791 | mfu: 22.6% | epoch: 1 | remaining: 178s    
step 00783 (40.8%) | loss: 3.147070 | lrm: 0.85 | dt: 159ms | tok/sec: 826,520 | mfu: 22.6% | epoch: 1 | remaining: 178s    
step 00784 (40.8%) | loss: 3.150028 | lrm: 0.85 | dt: 159ms | tok/sec: 826,743 | mfu: 22.6% | epoch: 1 | remaining: 177s    
step 00785 (40.9%) | loss: 3.144876 | lrm: 0.84 | dt: 159ms | tok/sec: 826,560 | mfu: 22.6% | epoch: 1 | remaining: 177s    
step 00786 (40.9%) | loss: 3.148060 | lrm: 0.84 | dt: 159ms | tok/sec: 826,628 | mfu: 22.6% | epoch: 1 | remaining: 177s    
step 00787 (41.0%) | loss: 3.149642 | lrm: 0.84 | dt: 159ms | tok/sec: 826,785 | mfu: 22.6% | epoch: 1 | remaining: 177s    
step 00788 (41.0%) | loss: 3.148045 | lrm: 0.84 | dt: 159ms | tok/sec: 826,669 | mfu: 22.6% | epoch: 1 | remaining: 177s    
step 00789 (41.1%) | loss: 3.149088 | lrm: 0.84 | dt: 159ms | tok/sec: 826,618 | mfu: 22.6% | epoch: 1 | remaining: 177s    
step 00790 (41.1%) | loss: 3.150771 | lrm: 0.84 | dt: 159ms | tok/sec: 826,583 | mfu: 22.6% | epoch: 1 | remaining: 176s    
step 00791 (41.2%) | loss: 3.149193 | lrm: 0.84 | dt: 159ms | tok/sec: 826,591 | mfu: 22.6% | epoch: 1 | remaining: 176s    
step 00792 (41.3%) | loss: 3.148050 | lrm: 0.84 | dt: 159ms | tok/sec: 826,571 | mfu: 22.6% | epoch: 1 | remaining: 176s    
step 00793 (41.3%) | loss: 3.154098 | lrm: 0.84 | dt: 159ms | tok/sec: 826,655 | mfu: 22.6% | epoch: 1 | remaining: 176s    
step 00794 (41.4%) | loss: 3.153082 | lrm: 0.84 | dt: 159ms | tok/sec: 826,683 | mfu: 22.6% | epoch: 1 | remaining: 176s    
step 00795 (41.4%) | loss: 3.136884 | lrm: 0.84 | dt: 159ms | tok/sec: 826,612 | mfu: 22.6% | epoch: 1 | remaining: 176s    
step 00796 (41.5%) | loss: 3.130992 | lrm: 0.84 | dt: 159ms | tok/sec: 826,586 | mfu: 22.6% | epoch: 1 | remaining: 175s    
step 00797 (41.5%) | loss: 3.132535 | lrm: 0.84 | dt: 159ms | tok/sec: 826,676 | mfu: 22.6% | epoch: 1 | remaining: 175s    
step 00798 (41.6%) | loss: 3.134161 | lrm: 0.83 | dt: 159ms | tok/sec: 826,081 | mfu: 22.6% | epoch: 1 | remaining: 175s    
step 00799 (41.6%) | loss: 3.131055 | lrm: 0.83 | dt: 159ms | tok/sec: 826,752 | mfu: 22.6% | epoch: 1 | remaining: 175s    
step 00800 (41.7%) | loss: 3.130886 | lrm: 0.83 | dt: 159ms | tok/sec: 826,495 | mfu: 22.6% | epoch: 1 | remaining: 175s    
step 00801 (41.7%) | loss: 3.128900 | lrm: 0.83 | dt: 159ms | tok/sec: 826,296 | mfu: 22.6% | epoch: 1 | remaining: 175s    
step 00802 (41.8%) | loss: 3.129070 | lrm: 0.83 | dt: 159ms | tok/sec: 826,685 | mfu: 22.6% | epoch: 1 | remaining: 175s    
step 00803 (41.8%) | loss: 3.129387 | lrm: 0.83 | dt: 159ms | tok/sec: 826,584 | mfu: 22.6% | epoch: 1 | remaining: 174s    
step 00804 (41.9%) | loss: 3.131318 | lrm: 0.83 | dt: 159ms | tok/sec: 826,683 | mfu: 22.6% | epoch: 1 | remaining: 174s    
step 00805 (41.9%) | loss: 3.134916 | lrm: 0.83 | dt: 159ms | tok/sec: 826,640 | mfu: 22.6% | epoch: 1 | remaining: 174s    
step 00806 (42.0%) | loss: 3.133461 | lrm: 0.83 | dt: 159ms | tok/sec: 826,704 | mfu: 22.6% | epoch: 1 | remaining: 174s    
step 00807 (42.0%) | loss: 3.136233 | lrm: 0.83 | dt: 159ms | tok/sec: 826,455 | mfu: 22.6% | epoch: 1 | remaining: 174s    
step 00808 (42.1%) | loss: 3.140177 | lrm: 0.83 | dt: 159ms | tok/sec: 826,609 | mfu: 22.6% | epoch: 1 | remaining: 174s    
step 00809 (42.1%) | loss: 3.135403 | lrm: 0.83 | dt: 159ms | tok/sec: 826,658 | mfu: 22.6% | epoch: 1 | remaining: 173s    
step 00810 (42.2%) | loss: 3.135030 | lrm: 0.83 | dt: 158ms | tok/sec: 827,028 | mfu: 22.6% | epoch: 1 | remaining: 173s    
step 00811 (42.3%) | loss: 3.139577 | lrm: 0.82 | dt: 159ms | tok/sec: 826,735 | mfu: 22.6% | epoch: 1 | remaining: 173s    
step 00812 (42.3%) | loss: 3.137487 | lrm: 0.82 | dt: 159ms | tok/sec: 826,763 | mfu: 22.6% | epoch: 1 | remaining: 173s    
step 00813 (42.4%) | loss: 3.136285 | lrm: 0.82 | dt: 159ms | tok/sec: 826,748 | mfu: 22.6% | epoch: 1 | remaining: 173s    
step 00814 (42.4%) | loss: 3.135393 | lrm: 0.82 | dt: 159ms | tok/sec: 826,501 | mfu: 22.6% | epoch: 1 | remaining: 173s    
step 00815 (42.5%) | loss: 3.133219 | lrm: 0.82 | dt: 159ms | tok/sec: 826,528 | mfu: 22.6% | epoch: 1 | remaining: 172s    
step 00816 (42.5%) | loss: 3.135805 | lrm: 0.82 | dt: 159ms | tok/sec: 826,523 | mfu: 22.6% | epoch: 1 | remaining: 172s    
step 00817 (42.6%) | loss: 3.130793 | lrm: 0.82 | dt: 159ms | tok/sec: 826,787 | mfu: 22.6% | epoch: 1 | remaining: 172s    
step 00818 (42.6%) | loss: 3.123610 | lrm: 0.82 | dt: 159ms | tok/sec: 826,681 | mfu: 22.6% | epoch: 1 | remaining: 172s    
step 00819 (42.7%) | loss: 3.126664 | lrm: 0.82 | dt: 159ms | tok/sec: 826,602 | mfu: 22.6% | epoch: 1 | remaining: 172s    
step 00820 (42.7%) | loss: 3.125632 | lrm: 0.82 | dt: 159ms | tok/sec: 826,684 | mfu: 22.6% | epoch: 1 | remaining: 172s    
step 00821 (42.8%) | loss: 3.127371 | lrm: 0.82 | dt: 159ms | tok/sec: 826,538 | mfu: 22.6% | epoch: 1 | remaining: 171s    
step 00822 (42.8%) | loss: 3.118654 | lrm: 0.82 | dt: 159ms | tok/sec: 826,835 | mfu: 22.6% | epoch: 1 | remaining: 171s    
step 00823 (42.9%) | loss: 3.112167 | lrm: 0.82 | dt: 159ms | tok/sec: 826,502 | mfu: 22.6% | epoch: 1 | remaining: 171s    
step 00824 (42.9%) | loss: 3.112834 | lrm: 0.82 | dt: 159ms | tok/sec: 826,574 | mfu: 22.6% | epoch: 1 | remaining: 171s    
step 00825 (43.0%) | loss: 3.118748 | lrm: 0.81 | dt: 159ms | tok/sec: 826,683 | mfu: 22.6% | epoch: 1 | remaining: 171s    
step 00826 (43.0%) | loss: 3.116962 | lrm: 0.81 | dt: 159ms | tok/sec: 826,742 | mfu: 22.6% | epoch: 1 | remaining: 171s    
step 00827 (43.1%) | loss: 3.117881 | lrm: 0.81 | dt: 159ms | tok/sec: 826,618 | mfu: 22.6% | epoch: 1 | remaining: 171s    
step 00828 (43.2%) | loss: 3.116140 | lrm: 0.81 | dt: 159ms | tok/sec: 826,564 | mfu: 22.6% | epoch: 1 | remaining: 170s    
step 00829 (43.2%) | loss: 3.117163 | lrm: 0.81 | dt: 159ms | tok/sec: 826,755 | mfu: 22.6% | epoch: 1 | remaining: 170s    
step 00830 (43.3%) | loss: 3.118047 | lrm: 0.81 | dt: 159ms | tok/sec: 826,604 | mfu: 22.6% | epoch: 1 | remaining: 170s    
step 00831 (43.3%) | loss: 3.115684 | lrm: 0.81 | dt: 159ms | tok/sec: 826,599 | mfu: 22.6% | epoch: 1 | remaining: 170s    
step 00832 (43.4%) | loss: 3.112017 | lrm: 0.81 | dt: 159ms | tok/sec: 826,490 | mfu: 22.6% | epoch: 1 | remaining: 170s    
step 00833 (43.4%) | loss: 3.116108 | lrm: 0.81 | dt: 159ms | tok/sec: 826,704 | mfu: 22.6% | epoch: 1 | remaining: 170s    
step 00834 (43.5%) | loss: 3.120467 | lrm: 0.81 | dt: 159ms | tok/sec: 826,445 | mfu: 22.6% | epoch: 1 | remaining: 169s    
step 00835 (43.5%) | loss: 3.119717 | lrm: 0.81 | dt: 159ms | tok/sec: 825,417 | mfu: 22.6% | epoch: 1 | remaining: 169s    
step 00836 (43.6%) | loss: 3.117492 | lrm: 0.81 | dt: 159ms | tok/sec: 826,300 | mfu: 22.6% | epoch: 1 | remaining: 169s    
step 00837 (43.6%) | loss: 3.119899 | lrm: 0.81 | dt: 159ms | tok/sec: 826,470 | mfu: 22.6% | epoch: 1 | remaining: 169s    
step 00838 (43.7%) | loss: 3.114500 | lrm: 0.80 | dt: 159ms | tok/sec: 826,473 | mfu: 22.6% | epoch: 1 | remaining: 169s    
step 00839 (43.7%) | loss: 3.116316 | lrm: 0.80 | dt: 159ms | tok/sec: 826,408 | mfu: 22.6% | epoch: 1 | remaining: 169s    
step 00840 (43.8%) | loss: 3.118693 | lrm: 0.80 | dt: 158ms | tok/sec: 826,974 | mfu: 22.6% | epoch: 1 | remaining: 168s    
step 00841 (43.8%) | loss: 3.118778 | lrm: 0.80 | dt: 159ms | tok/sec: 826,338 | mfu: 22.6% | epoch: 1 | remaining: 168s    
step 00842 (43.9%) | loss: 3.118669 | lrm: 0.80 | dt: 159ms | tok/sec: 826,681 | mfu: 22.6% | epoch: 1 | remaining: 168s    
step 00843 (43.9%) | loss: 3.109639 | lrm: 0.80 | dt: 159ms | tok/sec: 826,542 | mfu: 22.6% | epoch: 1 | remaining: 168s    
step 00844 (44.0%) | loss: 3.112374 | lrm: 0.80 | dt: 159ms | tok/sec: 826,894 | mfu: 22.6% | epoch: 1 | remaining: 168s    
step 00845 (44.1%) | loss: 3.109069 | lrm: 0.80 | dt: 159ms | tok/sec: 826,550 | mfu: 22.6% | epoch: 1 | remaining: 168s    
step 00846 (44.1%) | loss: 3.114844 | lrm: 0.80 | dt: 159ms | tok/sec: 826,763 | mfu: 22.6% | epoch: 1 | remaining: 168s    
step 00847 (44.2%) | loss: 3.120712 | lrm: 0.80 | dt: 159ms | tok/sec: 826,584 | mfu: 22.6% | epoch: 1 | remaining: 167s    
step 00848 (44.2%) | loss: 3.125214 | lrm: 0.80 | dt: 159ms | tok/sec: 826,637 | mfu: 22.6% | epoch: 1 | remaining: 167s    
step 00849 (44.3%) | loss: 3.124995 | lrm: 0.80 | dt: 159ms | tok/sec: 826,755 | mfu: 22.6% | epoch: 1 | remaining: 167s    
step 00850 (44.3%) | loss: 3.120869 | lrm: 0.80 | dt: 159ms | tok/sec: 826,870 | mfu: 22.6% | epoch: 1 | remaining: 167s    
step 00851 (44.4%) | loss: 3.115408 | lrm: 0.79 | dt: 159ms | tok/sec: 826,387 | mfu: 22.6% | epoch: 1 | remaining: 167s    
step 00852 (44.4%) | loss: 3.114866 | lrm: 0.79 | dt: 159ms | tok/sec: 826,762 | mfu: 22.6% | epoch: 1 | remaining: 167s    
step 00853 (44.5%) | loss: 3.114901 | lrm: 0.79 | dt: 159ms | tok/sec: 826,509 | mfu: 22.6% | epoch: 1 | remaining: 166s    
step 00854 (44.5%) | loss: 3.112389 | lrm: 0.79 | dt: 159ms | tok/sec: 826,879 | mfu: 22.6% | epoch: 1 | remaining: 166s    
step 00855 (44.6%) | loss: 3.106616 | lrm: 0.79 | dt: 159ms | tok/sec: 826,521 | mfu: 22.6% | epoch: 1 | remaining: 166s    
step 00856 (44.6%) | loss: 3.098583 | lrm: 0.79 | dt: 159ms | tok/sec: 826,827 | mfu: 22.6% | epoch: 1 | remaining: 166s    
step 00857 (44.7%) | loss: 3.100735 | lrm: 0.79 | dt: 159ms | tok/sec: 826,479 | mfu: 22.6% | epoch: 1 | remaining: 166s    
step 00858 (44.7%) | loss: 3.098886 | lrm: 0.79 | dt: 159ms | tok/sec: 826,792 | mfu: 22.6% | epoch: 1 | remaining: 166s    
step 00859 (44.8%) | loss: 3.098136 | lrm: 0.79 | dt: 159ms | tok/sec: 826,771 | mfu: 22.6% | epoch: 1 | remaining: 165s    
step 00860 (44.8%) | loss: 3.100229 | lrm: 0.79 | dt: 159ms | tok/sec: 826,704 | mfu: 22.6% | epoch: 1 | remaining: 165s    
step 00861 (44.9%) | loss: 3.104586 | lrm: 0.79 | dt: 159ms | tok/sec: 826,642 | mfu: 22.6% | epoch: 1 | remaining: 165s    
step 00862 (45.0%) | loss: 3.101190 | lrm: 0.79 | dt: 159ms | tok/sec: 826,767 | mfu: 22.6% | epoch: 1 | remaining: 165s    
step 00863 (45.0%) | loss: 3.102064 | lrm: 0.79 | dt: 159ms | tok/sec: 826,742 | mfu: 22.6% | epoch: 1 | remaining: 165s    
step 00864 (45.1%) | loss: 3.099884 | lrm: 0.78 | dt: 159ms | tok/sec: 826,839 | mfu: 22.6% | epoch: 1 | remaining: 165s    
step 00865 (45.1%) | loss: 3.095500 | lrm: 0.78 | dt: 159ms | tok/sec: 826,702 | mfu: 22.6% | epoch: 1 | remaining: 165s    
step 00866 (45.2%) | loss: 3.099421 | lrm: 0.78 | dt: 159ms | tok/sec: 826,681 | mfu: 22.6% | epoch: 1 | remaining: 164s    
step 00867 (45.2%) | loss: 3.102394 | lrm: 0.78 | dt: 159ms | tok/sec: 826,828 | mfu: 22.6% | epoch: 1 | remaining: 164s    
step 00868 (45.3%) | loss: 3.105437 | lrm: 0.78 | dt: 159ms | tok/sec: 826,658 | mfu: 22.6% | epoch: 1 | remaining: 164s    
step 00869 (45.3%) | loss: 3.109565 | lrm: 0.78 | dt: 159ms | tok/sec: 826,775 | mfu: 22.6% | epoch: 1 | remaining: 164s    
step 00870 (45.4%) | loss: 3.106471 | lrm: 0.78 | dt: 159ms | tok/sec: 826,669 | mfu: 22.6% | epoch: 1 | remaining: 164s    
step 00871 (45.4%) | loss: 3.114464 | lrm: 0.78 | dt: 159ms | tok/sec: 826,793 | mfu: 22.6% | epoch: 1 | remaining: 164s    
step 00872 (45.5%) | loss: 3.116936 | lrm: 0.78 | dt: 159ms | tok/sec: 826,843 | mfu: 22.6% | epoch: 1 | remaining: 163s    
step 00873 (45.5%) | loss: 3.110808 | lrm: 0.78 | dt: 159ms | tok/sec: 826,831 | mfu: 22.6% | epoch: 1 | remaining: 163s    
step 00874 (45.6%) | loss: 3.108107 | lrm: 0.78 | dt: 159ms | tok/sec: 826,576 | mfu: 22.6% | epoch: 1 | remaining: 163s    
step 00875 (45.6%) | loss: 3.109282 | lrm: 0.78 | dt: 159ms | tok/sec: 826,727 | mfu: 22.6% | epoch: 1 | remaining: 163s    
step 00876 (45.7%) | loss: 3.115228 | lrm: 0.78 | dt: 159ms | tok/sec: 826,828 | mfu: 22.6% | epoch: 1 | remaining: 163s    
step 00877 (45.7%) | loss: 3.109868 | lrm: 0.78 | dt: 159ms | tok/sec: 826,613 | mfu: 22.6% | epoch: 1 | remaining: 163s    
step 00878 (45.8%) | loss: 3.109126 | lrm: 0.77 | dt: 159ms | tok/sec: 826,433 | mfu: 22.6% | epoch: 1 | remaining: 162s    
step 00879 (45.8%) | loss: 3.110839 | lrm: 0.77 | dt: 159ms | tok/sec: 826,758 | mfu: 22.6% | epoch: 1 | remaining: 162s    
step 00880 (45.9%) | loss: 3.110437 | lrm: 0.77 | dt: 159ms | tok/sec: 826,701 | mfu: 22.6% | epoch: 1 | remaining: 162s    
step 00881 (46.0%) | loss: 3.111329 | lrm: 0.77 | dt: 159ms | tok/sec: 826,489 | mfu: 22.6% | epoch: 1 | remaining: 162s    
step 00882 (46.0%) | loss: 3.108257 | lrm: 0.77 | dt: 159ms | tok/sec: 826,680 | mfu: 22.6% | epoch: 1 | remaining: 162s    
step 00883 (46.1%) | loss: 3.117471 | lrm: 0.77 | dt: 159ms | tok/sec: 826,622 | mfu: 22.6% | epoch: 1 | remaining: 162s    
step 00884 (46.1%) | loss: 3.115291 | lrm: 0.77 | dt: 159ms | tok/sec: 826,382 | mfu: 22.6% | epoch: 1 | remaining: 162s    
step 00885 (46.2%) | loss: 3.118400 | lrm: 0.77 | dt: 159ms | tok/sec: 826,486 | mfu: 22.6% | epoch: 1 | remaining: 161s    
step 00886 (46.2%) | loss: 3.121894 | lrm: 0.77 | dt: 159ms | tok/sec: 826,765 | mfu: 22.6% | epoch: 1 | remaining: 161s    
step 00887 (46.3%) | loss: 3.123123 | lrm: 0.77 | dt: 159ms | tok/sec: 826,819 | mfu: 22.6% | epoch: 1 | remaining: 161s    
step 00888 (46.3%) | loss: 3.113129 | lrm: 0.77 | dt: 159ms | tok/sec: 826,617 | mfu: 22.6% | epoch: 1 | remaining: 161s    
step 00889 (46.4%) | loss: 3.101333 | lrm: 0.77 | dt: 159ms | tok/sec: 826,909 | mfu: 22.6% | epoch: 1 | remaining: 161s    
step 00890 (46.4%) | loss: 3.099928 | lrm: 0.77 | dt: 159ms | tok/sec: 826,826 | mfu: 22.6% | epoch: 1 | remaining: 161s    
step 00891 (46.5%) | loss: 3.097873 | lrm: 0.76 | dt: 159ms | tok/sec: 826,599 | mfu: 22.6% | epoch: 1 | remaining: 160s    
step 00892 (46.5%) | loss: 3.092488 | lrm: 0.76 | dt: 159ms | tok/sec: 826,767 | mfu: 22.6% | epoch: 1 | remaining: 160s    
step 00893 (46.6%) | loss: 3.095091 | lrm: 0.76 | dt: 159ms | tok/sec: 826,547 | mfu: 22.6% | epoch: 1 | remaining: 160s    
step 00894 (46.6%) | loss: 3.099080 | lrm: 0.76 | dt: 159ms | tok/sec: 826,666 | mfu: 22.6% | epoch: 1 | remaining: 160s    
step 00895 (46.7%) | loss: 3.101253 | lrm: 0.76 | dt: 159ms | tok/sec: 826,751 | mfu: 22.6% | epoch: 1 | remaining: 160s    
step 00896 (46.7%) | loss: 3.098872 | lrm: 0.76 | dt: 159ms | tok/sec: 826,704 | mfu: 22.6% | epoch: 1 | remaining: 160s    
step 00897 (46.8%) | loss: 3.099498 | lrm: 0.76 | dt: 159ms | tok/sec: 826,455 | mfu: 22.6% | epoch: 1 | remaining: 159s    
step 00898 (46.9%) | loss: 3.103761 | lrm: 0.76 | dt: 159ms | tok/sec: 826,645 | mfu: 22.6% | epoch: 1 | remaining: 159s    
step 00899 (46.9%) | loss: 3.100006 | lrm: 0.76 | dt: 159ms | tok/sec: 826,837 | mfu: 22.6% | epoch: 1 | remaining: 159s    
step 00900 (47.0%) | loss: 3.105556 | lrm: 0.76 | dt: 159ms | tok/sec: 826,863 | mfu: 22.6% | epoch: 1 | remaining: 159s    
step 00901 (47.0%) | loss: 3.102341 | lrm: 0.76 | dt: 158ms | tok/sec: 827,042 | mfu: 22.6% | epoch: 1 | remaining: 159s    
step 00902 (47.1%) | loss: 3.108898 | lrm: 0.76 | dt: 159ms | tok/sec: 826,555 | mfu: 22.6% | epoch: 1 | remaining: 159s    
step 00903 (47.1%) | loss: 3.104115 | lrm: 0.76 | dt: 159ms | tok/sec: 826,547 | mfu: 22.6% | epoch: 1 | remaining: 158s    
step 00904 (47.2%) | loss: 3.110528 | lrm: 0.75 | dt: 159ms | tok/sec: 826,552 | mfu: 22.6% | epoch: 1 | remaining: 158s    
step 00905 (47.2%) | loss: 3.110485 | lrm: 0.75 | dt: 159ms | tok/sec: 826,654 | mfu: 22.6% | epoch: 1 | remaining: 158s    
step 00906 (47.3%) | loss: 3.107847 | lrm: 0.75 | dt: 159ms | tok/sec: 826,136 | mfu: 22.6% | epoch: 1 | remaining: 158s    
step 00907 (47.3%) | loss: 3.115847 | lrm: 0.75 | dt: 159ms | tok/sec: 826,656 | mfu: 22.6% | epoch: 1 | remaining: 158s    
step 00908 (47.4%) | loss: 3.110403 | lrm: 0.75 | dt: 159ms | tok/sec: 826,608 | mfu: 22.6% | epoch: 1 | remaining: 158s    
step 00909 (47.4%) | loss: 3.108884 | lrm: 0.75 | dt: 159ms | tok/sec: 826,737 | mfu: 22.6% | epoch: 1 | remaining: 158s    
step 00910 (47.5%) | loss: 3.108233 | lrm: 0.75 | dt: 159ms | tok/sec: 826,668 | mfu: 22.6% | epoch: 1 | remaining: 157s    
step 00911 (47.5%) | loss: 3.107981 | lrm: 0.75 | dt: 159ms | tok/sec: 826,752 | mfu: 22.6% | epoch: 1 | remaining: 157s    
step 00912 (47.6%) | loss: 3.108090 | lrm: 0.75 | dt: 159ms | tok/sec: 826,593 | mfu: 22.6% | epoch: 1 | remaining: 157s    
step 00913 (47.6%) | loss: 3.111903 | lrm: 0.75 | dt: 159ms | tok/sec: 826,494 | mfu: 22.6% | epoch: 1 | remaining: 157s    
step 00914 (47.7%) | loss: 3.112047 | lrm: 0.75 | dt: 159ms | tok/sec: 826,578 | mfu: 22.6% | epoch: 1 | remaining: 157s    
step 00915 (47.8%) | loss: 3.108540 | lrm: 0.75 | dt: 158ms | tok/sec: 826,980 | mfu: 22.6% | epoch: 1 | remaining: 157s    
step 00916 (47.8%) | loss: 3.106124 | lrm: 0.75 | dt: 159ms | tok/sec: 826,705 | mfu: 22.6% | epoch: 1 | remaining: 156s    
step 00917 (47.9%) | loss: 3.108496 | lrm: 0.74 | dt: 159ms | tok/sec: 826,587 | mfu: 22.6% | epoch: 1 | remaining: 156s    
step 00918 (47.9%) | loss: 3.101980 | lrm: 0.74 | dt: 159ms | tok/sec: 826,765 | mfu: 22.6% | epoch: 1 | remaining: 156s    
step 00919 (48.0%) | loss: 3.106572 | lrm: 0.74 | dt: 159ms | tok/sec: 826,640 | mfu: 22.6% | epoch: 1 | remaining: 156s    
step 00920 (48.0%) | loss: 3.107148 | lrm: 0.74 | dt: 159ms | tok/sec: 826,455 | mfu: 22.6% | epoch: 1 | remaining: 156s    
step 00921 (48.1%) | loss: 3.106327 | lrm: 0.74 | dt: 159ms | tok/sec: 826,610 | mfu: 22.6% | epoch: 1 | remaining: 156s    
step 00922 (48.1%) | loss: 3.112161 | lrm: 0.74 | dt: 159ms | tok/sec: 826,424 | mfu: 22.6% | epoch: 1 | remaining: 155s    
step 00923 (48.2%) | loss: 3.110278 | lrm: 0.74 | dt: 159ms | tok/sec: 826,654 | mfu: 22.6% | epoch: 1 | remaining: 155s    
step 00924 (48.2%) | loss: 3.112388 | lrm: 0.74 | dt: 159ms | tok/sec: 826,589 | mfu: 22.6% | epoch: 1 | remaining: 155s    
step 00925 (48.3%) | loss: 3.112410 | lrm: 0.74 | dt: 159ms | tok/sec: 826,381 | mfu: 22.6% | epoch: 1 | remaining: 155s    
step 00926 (48.3%) | loss: 3.118137 | lrm: 0.74 | dt: 159ms | tok/sec: 826,573 | mfu: 22.6% | epoch: 1 | remaining: 155s    
step 00927 (48.4%) | loss: 3.113559 | lrm: 0.74 | dt: 159ms | tok/sec: 826,888 | mfu: 22.6% | epoch: 1 | remaining: 155s    
step 00928 (48.4%) | loss: 3.103454 | lrm: 0.74 | dt: 159ms | tok/sec: 826,742 | mfu: 22.6% | epoch: 1 | remaining: 155s    
step 00929 (48.5%) | loss: 3.102590 | lrm: 0.74 | dt: 159ms | tok/sec: 826,783 | mfu: 22.6% | epoch: 1 | remaining: 154s    
step 00930 (48.5%) | loss: 3.097375 | lrm: 0.74 | dt: 159ms | tok/sec: 826,835 | mfu: 22.6% | epoch: 1 | remaining: 154s    
step 00931 (48.6%) | loss: 3.098925 | lrm: 0.73 | dt: 159ms | tok/sec: 826,765 | mfu: 22.6% | epoch: 1 | remaining: 154s    
step 00932 (48.7%) | loss: 3.095234 | lrm: 0.73 | dt: 159ms | tok/sec: 826,689 | mfu: 22.6% | epoch: 1 | remaining: 154s    
step 00933 (48.7%) | loss: 3.096927 | lrm: 0.73 | dt: 159ms | tok/sec: 826,747 | mfu: 22.6% | epoch: 1 | remaining: 154s    
step 00934 (48.8%) | loss: 3.089096 | lrm: 0.73 | dt: 159ms | tok/sec: 826,746 | mfu: 22.6% | epoch: 1 | remaining: 154s    
step 00935 (48.8%) | loss: 3.092663 | lrm: 0.73 | dt: 159ms | tok/sec: 826,553 | mfu: 22.6% | epoch: 1 | remaining: 153s    
step 00936 (48.9%) | loss: 3.093901 | lrm: 0.73 | dt: 159ms | tok/sec: 826,578 | mfu: 22.6% | epoch: 1 | remaining: 153s    
step 00937 (48.9%) | loss: 3.102979 | lrm: 0.73 | dt: 159ms | tok/sec: 826,350 | mfu: 22.6% | epoch: 1 | remaining: 153s    
step 00938 (49.0%) | loss: 3.106849 | lrm: 0.73 | dt: 159ms | tok/sec: 826,729 | mfu: 22.6% | epoch: 1 | remaining: 153s    
step 00939 (49.0%) | loss: 3.099185 | lrm: 0.73 | dt: 159ms | tok/sec: 826,915 | mfu: 22.6% | epoch: 1 | remaining: 153s    
step 00940 (49.1%) | loss: 3.094516 | lrm: 0.73 | dt: 159ms | tok/sec: 826,522 | mfu: 22.6% | epoch: 1 | remaining: 153s    
step 00941 (49.1%) | loss: 3.098537 | lrm: 0.73 | dt: 159ms | tok/sec: 826,780 | mfu: 22.6% | epoch: 1 | remaining: 152s    
step 00942 (49.2%) | loss: 3.104312 | lrm: 0.73 | dt: 159ms | tok/sec: 826,903 | mfu: 22.6% | epoch: 1 | remaining: 152s    
step 00943 (49.2%) | loss: 3.093816 | lrm: 0.73 | dt: 159ms | tok/sec: 826,824 | mfu: 22.6% | epoch: 1 | remaining: 152s    
step 00944 (49.3%) | loss: 3.091935 | lrm: 0.72 | dt: 159ms | tok/sec: 826,720 | mfu: 22.6% | epoch: 1 | remaining: 152s    
step 00945 (49.3%) | loss: 3.090722 | lrm: 0.72 | dt: 159ms | tok/sec: 826,649 | mfu: 22.6% | epoch: 1 | remaining: 152s    
step 00946 (49.4%) | loss: 3.092527 | lrm: 0.72 | dt: 159ms | tok/sec: 826,619 | mfu: 22.6% | epoch: 1 | remaining: 152s    
step 00947 (49.4%) | loss: 3.087439 | lrm: 0.72 | dt: 159ms | tok/sec: 826,598 | mfu: 22.6% | epoch: 1 | remaining: 152s    
step 00948 (49.5%) | loss: 3.092966 | lrm: 0.72 | dt: 159ms | tok/sec: 826,615 | mfu: 22.6% | epoch: 1 | remaining: 151s    
step 00949 (49.5%) | loss: 3.098877 | lrm: 0.72 | dt: 159ms | tok/sec: 826,705 | mfu: 22.6% | epoch: 1 | remaining: 151s    
step 00950 (49.6%) | loss: 3.094145 | lrm: 0.72 | dt: 159ms | tok/sec: 826,658 | mfu: 22.6% | epoch: 1 | remaining: 151s    
step 00951 (49.7%) | loss: 3.088284 | lrm: 0.72 | dt: 159ms | tok/sec: 826,751 | mfu: 22.6% | epoch: 1 | remaining: 151s    
step 00952 (49.7%) | loss: 3.094828 | lrm: 0.72 | dt: 159ms | tok/sec: 826,596 | mfu: 22.6% | epoch: 1 | remaining: 151s    
step 00953 (49.8%) | loss: 3.091186 | lrm: 0.72 | dt: 159ms | tok/sec: 826,541 | mfu: 22.6% | epoch: 1 | remaining: 151s    
step 00954 (49.8%) | loss: 3.095548 | lrm: 0.72 | dt: 159ms | tok/sec: 826,025 | mfu: 22.6% | epoch: 1 | remaining: 150s    
step 00955 (49.9%) | loss: 3.093952 | lrm: 0.72 | dt: 159ms | tok/sec: 826,791 | mfu: 22.6% | epoch: 1 | remaining: 150s    
step 00956 (49.9%) | loss: 3.093844 | lrm: 0.72 | dt: 159ms | tok/sec: 826,684 | mfu: 22.6% | epoch: 1 | remaining: 150s    
step 00957 (50.0%) | loss: 3.100524 | lrm: 0.71 | dt: 159ms | tok/sec: 826,908 | mfu: 22.6% | epoch: 1 | remaining: 150s    
step 00958 (50.0%) | loss: 3.093691 | lrm: 0.71 | dt: 159ms | tok/sec: 826,883 | mfu: 22.6% | epoch: 1 | remaining: 150s    
step 00959 (50.1%) | loss: 3.096559 | lrm: 0.71 | dt: 159ms | tok/sec: 826,440 | mfu: 22.6% | epoch: 1 | remaining: 150s    
step 00960 (50.1%) | loss: 3.094973 | lrm: 0.71 | dt: 159ms | tok/sec: 826,459 | mfu: 22.6% | epoch: 1 | remaining: 149s    
step 00961 (50.2%) | loss: 3.087170 | lrm: 0.71 | dt: 159ms | tok/sec: 826,736 | mfu: 22.6% | epoch: 1 | remaining: 149s    
step 00962 (50.2%) | loss: 3.083507 | lrm: 0.71 | dt: 159ms | tok/sec: 826,678 | mfu: 22.6% | epoch: 1 | remaining: 149s    
step 00963 (50.3%) | loss: 3.077988 | lrm: 0.71 | dt: 159ms | tok/sec: 826,919 | mfu: 22.6% | epoch: 1 | remaining: 149s    
step 00964 (50.3%) | loss: 3.072435 | lrm: 0.71 | dt: 159ms | tok/sec: 826,664 | mfu: 22.6% | epoch: 1 | remaining: 149s    
step 00965 (50.4%) | loss: 3.064555 | lrm: 0.71 | dt: 159ms | tok/sec: 826,740 | mfu: 22.6% | epoch: 1 | remaining: 149s    
step 00966 (50.4%) | loss: 3.064488 | lrm: 0.71 | dt: 159ms | tok/sec: 826,509 | mfu: 22.6% | epoch: 1 | remaining: 148s    
step 00967 (50.5%) | loss: 3.067973 | lrm: 0.71 | dt: 159ms | tok/sec: 826,843 | mfu: 22.6% | epoch: 1 | remaining: 148s    
step 00968 (50.6%) | loss: 3.069578 | lrm: 0.71 | dt: 159ms | tok/sec: 826,688 | mfu: 22.6% | epoch: 1 | remaining: 148s    
step 00969 (50.6%) | loss: 3.066389 | lrm: 0.71 | dt: 159ms | tok/sec: 826,700 | mfu: 22.6% | epoch: 1 | remaining: 148s    
step 00970 (50.7%) | loss: 3.071380 | lrm: 0.70 | dt: 159ms | tok/sec: 826,598 | mfu: 22.6% | epoch: 1 | remaining: 148s    
step 00971 (50.7%) | loss: 3.072220 | lrm: 0.70 | dt: 158ms | tok/sec: 827,042 | mfu: 22.6% | epoch: 1 | remaining: 148s    
step 00972 (50.8%) | loss: 3.075394 | lrm: 0.70 | dt: 158ms | tok/sec: 826,977 | mfu: 22.6% | epoch: 1 | remaining: 148s    
step 00973 (50.8%) | loss: 3.079357 | lrm: 0.70 | dt: 159ms | tok/sec: 826,484 | mfu: 22.6% | epoch: 1 | remaining: 147s    
step 00974 (50.9%) | loss: 3.082863 | lrm: 0.70 | dt: 159ms | tok/sec: 826,551 | mfu: 22.6% | epoch: 1 | remaining: 147s    
step 00975 (50.9%) | loss: 3.080055 | lrm: 0.70 | dt: 159ms | tok/sec: 826,721 | mfu: 22.6% | epoch: 1 | remaining: 147s    
step 00976 (51.0%) | loss: 3.084824 | lrm: 0.70 | dt: 159ms | tok/sec: 826,388 | mfu: 22.6% | epoch: 1 | remaining: 147s    
step 00977 (51.0%) | loss: 3.086758 | lrm: 0.70 | dt: 159ms | tok/sec: 826,537 | mfu: 22.6% | epoch: 1 | remaining: 147s    
step 00978 (51.1%) | loss: 3.088350 | lrm: 0.70 | dt: 159ms | tok/sec: 826,637 | mfu: 22.6% | epoch: 1 | remaining: 147s    
step 00979 (51.1%) | loss: 3.086279 | lrm: 0.70 | dt: 159ms | tok/sec: 826,822 | mfu: 22.6% | epoch: 1 | remaining: 146s    
step 00980 (51.2%) | loss: 3.091847 | lrm: 0.70 | dt: 159ms | tok/sec: 826,776 | mfu: 22.6% | epoch: 1 | remaining: 146s    
step 00981 (51.2%) | loss: 3.087854 | lrm: 0.70 | dt: 159ms | tok/sec: 826,863 | mfu: 22.6% | epoch: 1 | remaining: 146s    
step 00982 (51.3%) | loss: 3.083389 | lrm: 0.70 | dt: 159ms | tok/sec: 826,573 | mfu: 22.6% | epoch: 1 | remaining: 146s    
step 00983 (51.3%) | loss: 3.073812 | lrm: 0.70 | dt: 159ms | tok/sec: 826,653 | mfu: 22.6% | epoch: 1 | remaining: 146s    
step 00984 (51.4%) | loss: 3.073318 | lrm: 0.69 | dt: 159ms | tok/sec: 826,726 | mfu: 22.6% | epoch: 1 | remaining: 146s    
step 00985 (51.5%) | loss: 3.067685 | lrm: 0.69 | dt: 159ms | tok/sec: 826,653 | mfu: 22.6% | epoch: 1 | remaining: 145s    
step 00986 (51.5%) | loss: 3.062526 | lrm: 0.69 | dt: 159ms | tok/sec: 826,561 | mfu: 22.6% | epoch: 1 | remaining: 145s    
step 00987 (51.6%) | loss: 3.062521 | lrm: 0.69 | dt: 159ms | tok/sec: 826,594 | mfu: 22.6% | epoch: 1 | remaining: 145s    
step 00988 (51.6%) | loss: 3.070216 | lrm: 0.69 | dt: 159ms | tok/sec: 826,745 | mfu: 22.6% | epoch: 1 | remaining: 145s    
step 00989 (51.7%) | loss: 3.071500 | lrm: 0.69 | dt: 159ms | tok/sec: 825,932 | mfu: 22.6% | epoch: 1 | remaining: 145s    
step 00990 (51.7%) | loss: 3.065406 | lrm: 0.69 | dt: 159ms | tok/sec: 826,532 | mfu: 22.6% | epoch: 1 | remaining: 145s    
step 00991 (51.8%) | loss: 3.056268 | lrm: 0.69 | dt: 159ms | tok/sec: 826,361 | mfu: 22.6% | epoch: 1 | remaining: 145s    
step 00992 (51.8%) | loss: 3.054253 | lrm: 0.69 | dt: 159ms | tok/sec: 826,623 | mfu: 22.6% | epoch: 1 | remaining: 144s    
step 00993 (51.9%) | loss: 3.056203 | lrm: 0.69 | dt: 159ms | tok/sec: 826,660 | mfu: 22.6% | epoch: 1 | remaining: 144s    
step 00994 (51.9%) | loss: 3.059155 | lrm: 0.69 | dt: 159ms | tok/sec: 826,855 | mfu: 22.6% | epoch: 1 | remaining: 144s    
step 00995 (52.0%) | loss: 3.061677 | lrm: 0.69 | dt: 159ms | tok/sec: 826,572 | mfu: 22.6% | epoch: 1 | remaining: 144s    
step 00996 (52.0%) | loss: 3.064124 | lrm: 0.69 | dt: 159ms | tok/sec: 826,878 | mfu: 22.6% | epoch: 1 | remaining: 144s    
step 00997 (52.1%) | loss: 3.067757 | lrm: 0.68 | dt: 159ms | tok/sec: 826,683 | mfu: 22.6% | epoch: 1 | remaining: 144s    
step 00998 (52.1%) | loss: 3.066271 | lrm: 0.68 | dt: 159ms | tok/sec: 826,700 | mfu: 22.6% | epoch: 1 | remaining: 143s    
step 00999 (52.2%) | loss: 3.070707 | lrm: 0.68 | dt: 159ms | tok/sec: 826,604 | mfu: 22.6% | epoch: 1 | remaining: 143s    
step 01000 (52.2%) | loss: 3.061690 | lrm: 0.68 | dt: 158ms | tok/sec: 826,956 | mfu: 22.6% | epoch: 1 | remaining: 143s    
step 01001 (52.3%) | loss: 3.059746 | lrm: 0.68 | dt: 159ms | tok/sec: 826,690 | mfu: 22.6% | epoch: 1 | remaining: 143s    
step 01002 (52.4%) | loss: 3.060732 | lrm: 0.68 | dt: 159ms | tok/sec: 826,761 | mfu: 22.6% | epoch: 1 | remaining: 143s    
step 01003 (52.4%) | loss: 3.063364 | lrm: 0.68 | dt: 159ms | tok/sec: 826,653 | mfu: 22.6% | epoch: 1 | remaining: 143s    
step 01004 (52.5%) | loss: 3.063725 | lrm: 0.68 | dt: 159ms | tok/sec: 826,804 | mfu: 22.6% | epoch: 1 | remaining: 142s    
step 01005 (52.5%) | loss: 3.061149 | lrm: 0.68 | dt: 159ms | tok/sec: 826,608 | mfu: 22.6% | epoch: 1 | remaining: 142s    
step 01006 (52.6%) | loss: 3.065163 | lrm: 0.68 | dt: 159ms | tok/sec: 826,668 | mfu: 22.6% | epoch: 1 | remaining: 142s    
step 01007 (52.6%) | loss: 3.068470 | lrm: 0.68 | dt: 159ms | tok/sec: 826,813 | mfu: 22.6% | epoch: 1 | remaining: 142s    
step 01008 (52.7%) | loss: 3.067196 | lrm: 0.68 | dt: 159ms | tok/sec: 826,612 | mfu: 22.6% | epoch: 1 | remaining: 142s    
step 01009 (52.7%) | loss: 3.067739 | lrm: 0.68 | dt: 159ms | tok/sec: 826,577 | mfu: 22.6% | epoch: 1 | remaining: 142s    
step 01010 (52.8%) | loss: 3.070896 | lrm: 0.67 | dt: 159ms | tok/sec: 826,607 | mfu: 22.6% | epoch: 1 | remaining: 142s    
step 01011 (52.8%) | loss: 3.073033 | lrm: 0.67 | dt: 159ms | tok/sec: 826,793 | mfu: 22.6% | epoch: 1 | remaining: 141s    
step 01012 (52.9%) | loss: 3.076904 | lrm: 0.67 | dt: 159ms | tok/sec: 826,563 | mfu: 22.6% | epoch: 1 | remaining: 141s    
step 01013 (52.9%) | loss: 3.069018 | lrm: 0.67 | dt: 159ms | tok/sec: 826,290 | mfu: 22.6% | epoch: 1 | remaining: 141s    
step 01014 (53.0%) | loss: 3.078051 | lrm: 0.67 | dt: 159ms | tok/sec: 826,501 | mfu: 22.6% | epoch: 1 | remaining: 141s    
step 01015 (53.0%) | loss: 3.075214 | lrm: 0.67 | dt: 159ms | tok/sec: 826,523 | mfu: 22.6% | epoch: 1 | remaining: 141s    
step 01016 (53.1%) | loss: 3.068531 | lrm: 0.67 | dt: 159ms | tok/sec: 826,743 | mfu: 22.6% | epoch: 1 | remaining: 141s    
step 01017 (53.1%) | loss: 3.056413 | lrm: 0.67 | dt: 159ms | tok/sec: 826,613 | mfu: 22.6% | epoch: 1 | remaining: 140s    
step 01018 (53.2%) | loss: 3.060359 | lrm: 0.67 | dt: 159ms | tok/sec: 826,791 | mfu: 22.6% | epoch: 1 | remaining: 140s    
step 01019 (53.2%) | loss: 3.066632 | lrm: 0.67 | dt: 159ms | tok/sec: 826,643 | mfu: 22.6% | epoch: 1 | remaining: 140s    
step 01020 (53.3%) | loss: 3.057560 | lrm: 0.67 | dt: 159ms | tok/sec: 826,504 | mfu: 22.6% | epoch: 1 | remaining: 140s    
step 01021 (53.4%) | loss: 3.060073 | lrm: 0.67 | dt: 159ms | tok/sec: 826,803 | mfu: 22.6% | epoch: 1 | remaining: 140s    
step 01022 (53.4%) | loss: 3.063987 | lrm: 0.67 | dt: 159ms | tok/sec: 826,660 | mfu: 22.6% | epoch: 1 | remaining: 140s    
step 01023 (53.5%) | loss: 3.062655 | lrm: 0.66 | dt: 159ms | tok/sec: 826,492 | mfu: 22.6% | epoch: 1 | remaining: 139s    
step 01024 (53.5%) | loss: 3.058767 | lrm: 0.66 | dt: 159ms | tok/sec: 826,417 | mfu: 22.6% | epoch: 1 | remaining: 139s    
step 01025 (53.6%) | loss: 3.061314 | lrm: 0.66 | dt: 159ms | tok/sec: 826,637 | mfu: 22.6% | epoch: 1 | remaining: 139s    
step 01026 (53.6%) | loss: 3.056102 | lrm: 0.66 | dt: 158ms | tok/sec: 827,006 | mfu: 22.6% | epoch: 1 | remaining: 139s    
step 01027 (53.7%) | loss: 3.054848 | lrm: 0.66 | dt: 159ms | tok/sec: 826,676 | mfu: 22.6% | epoch: 1 | remaining: 139s    
step 01028 (53.7%) | loss: 3.057512 | lrm: 0.66 | dt: 159ms | tok/sec: 826,587 | mfu: 22.6% | epoch: 1 | remaining: 139s    
step 01029 (53.8%) | loss: 3.048268 | lrm: 0.66 | dt: 159ms | tok/sec: 826,673 | mfu: 22.6% | epoch: 1 | remaining: 139s    
step 01030 (53.8%) | loss: 3.046976 | lrm: 0.66 | dt: 159ms | tok/sec: 826,699 | mfu: 22.6% | epoch: 1 | remaining: 138s    
step 01031 (53.9%) | loss: 3.055276 | lrm: 0.66 | dt: 159ms | tok/sec: 826,798 | mfu: 22.6% | epoch: 1 | remaining: 138s    
step 01032 (53.9%) | loss: 3.051872 | lrm: 0.66 | dt: 159ms | tok/sec: 826,745 | mfu: 22.6% | epoch: 1 | remaining: 138s    
step 01033 (54.0%) | loss: 3.055749 | lrm: 0.66 | dt: 159ms | tok/sec: 825,604 | mfu: 22.6% | epoch: 1 | remaining: 138s    
step 01034 (54.0%) | loss: 3.053305 | lrm: 0.66 | dt: 159ms | tok/sec: 826,351 | mfu: 22.6% | epoch: 1 | remaining: 138s    
step 01035 (54.1%) | loss: 3.047163 | lrm: 0.66 | dt: 159ms | tok/sec: 826,473 | mfu: 22.6% | epoch: 1 | remaining: 138s    
step 01036 (54.1%) | loss: 3.047852 | lrm: 0.66 | dt: 159ms | tok/sec: 826,664 | mfu: 22.6% | epoch: 1 | remaining: 137s    
step 01037 (54.2%) | loss: 3.053131 | lrm: 0.65 | dt: 159ms | tok/sec: 826,507 | mfu: 22.6% | epoch: 1 | remaining: 137s    
step 01038 (54.3%) | loss: 3.054320 | lrm: 0.65 | dt: 159ms | tok/sec: 826,511 | mfu: 22.6% | epoch: 1 | remaining: 137s    
step 01039 (54.3%) | loss: 3.055454 | lrm: 0.65 | dt: 159ms | tok/sec: 826,645 | mfu: 22.6% | epoch: 1 | remaining: 137s    
step 01040 (54.4%) | loss: 3.059070 | lrm: 0.65 | dt: 159ms | tok/sec: 826,527 | mfu: 22.6% | epoch: 1 | remaining: 137s    
step 01041 (54.4%) | loss: 3.057290 | lrm: 0.65 | dt: 159ms | tok/sec: 826,511 | mfu: 22.6% | epoch: 1 | remaining: 137s    
step 01042 (54.5%) | loss: 3.060148 | lrm: 0.65 | dt: 159ms | tok/sec: 826,750 | mfu: 22.6% | epoch: 1 | remaining: 136s    
step 01043 (54.5%) | loss: 3.056252 | lrm: 0.65 | dt: 159ms | tok/sec: 826,904 | mfu: 22.6% | epoch: 1 | remaining: 136s    
step 01044 (54.6%) | loss: 3.058854 | lrm: 0.65 | dt: 159ms | tok/sec: 826,710 | mfu: 22.6% | epoch: 1 | remaining: 136s    
step 01045 (54.6%) | loss: 3.054041 | lrm: 0.65 | dt: 159ms | tok/sec: 826,949 | mfu: 22.6% | epoch: 1 | remaining: 136s    
step 01046 (54.7%) | loss: 3.055404 | lrm: 0.65 | dt: 158ms | tok/sec: 827,001 | mfu: 22.6% | epoch: 1 | remaining: 136s    
step 01047 (54.7%) | loss: 3.050988 | lrm: 0.65 | dt: 159ms | tok/sec: 826,760 | mfu: 22.6% | epoch: 1 | remaining: 136s    
step 01048 (54.8%) | loss: 3.053123 | lrm: 0.65 | dt: 159ms | tok/sec: 826,772 | mfu: 22.6% | epoch: 1 | remaining: 135s    
step 01049 (54.8%) | loss: 3.057137 | lrm: 0.65 | dt: 159ms | tok/sec: 826,847 | mfu: 22.6% | epoch: 1 | remaining: 135s    
step 01050 (54.9%) | loss: 3.055204 | lrm: 0.64 | dt: 158ms | tok/sec: 827,073 | mfu: 22.6% | epoch: 1 | remaining: 135s    
step 01051 (54.9%) | loss: 3.059460 | lrm: 0.64 | dt: 159ms | tok/sec: 826,838 | mfu: 22.6% | epoch: 1 | remaining: 135s    
step 01052 (55.0%) | loss: 3.052659 | lrm: 0.64 | dt: 159ms | tok/sec: 826,796 | mfu: 22.6% | epoch: 1 | remaining: 135s    
step 01053 (55.0%) | loss: 3.052887 | lrm: 0.64 | dt: 159ms | tok/sec: 826,811 | mfu: 22.6% | epoch: 1 | remaining: 135s    
step 01054 (55.1%) | loss: 3.047605 | lrm: 0.64 | dt: 159ms | tok/sec: 826,868 | mfu: 22.6% | epoch: 1 | remaining: 135s    
step 01055 (55.2%) | loss: 3.053444 | lrm: 0.64 | dt: 159ms | tok/sec: 826,899 | mfu: 22.6% | epoch: 1 | remaining: 134s    
step 01056 (55.2%) | loss: 3.052960 | lrm: 0.64 | dt: 159ms | tok/sec: 826,812 | mfu: 22.6% | epoch: 1 | remaining: 134s    
step 01057 (55.3%) | loss: 3.047979 | lrm: 0.64 | dt: 159ms | tok/sec: 826,679 | mfu: 22.6% | epoch: 1 | remaining: 134s    
step 01058 (55.3%) | loss: 3.047803 | lrm: 0.64 | dt: 159ms | tok/sec: 826,707 | mfu: 22.6% | epoch: 1 | remaining: 134s    
step 01059 (55.4%) | loss: 3.051663 | lrm: 0.64 | dt: 159ms | tok/sec: 826,753 | mfu: 22.6% | epoch: 1 | remaining: 134s    
step 01060 (55.4%) | loss: 3.056895 | lrm: 0.64 | dt: 158ms | tok/sec: 826,969 | mfu: 22.6% | epoch: 1 | remaining: 134s    
step 01061 (55.5%) | loss: 3.046994 | lrm: 0.64 | dt: 159ms | tok/sec: 826,610 | mfu: 22.6% | epoch: 1 | remaining: 133s    
step 01062 (55.5%) | loss: 3.046392 | lrm: 0.64 | dt: 159ms | tok/sec: 826,901 | mfu: 22.6% | epoch: 1 | remaining: 133s    
step 01063 (55.6%) | loss: 3.046649 | lrm: 0.63 | dt: 159ms | tok/sec: 826,558 | mfu: 22.6% | epoch: 1 | remaining: 133s    
step 01064 (55.6%) | loss: 3.039411 | lrm: 0.63 | dt: 159ms | tok/sec: 826,900 | mfu: 22.6% | epoch: 1 | remaining: 133s    
step 01065 (55.7%) | loss: 3.047639 | lrm: 0.63 | dt: 159ms | tok/sec: 826,551 | mfu: 22.6% | epoch: 1 | remaining: 133s    
step 01066 (55.7%) | loss: 3.045117 | lrm: 0.63 | dt: 159ms | tok/sec: 826,757 | mfu: 22.6% | epoch: 1 | remaining: 133s    
step 01067 (55.8%) | loss: 3.040956 | lrm: 0.63 | dt: 159ms | tok/sec: 826,730 | mfu: 22.6% | epoch: 1 | remaining: 132s    
step 01068 (55.8%) | loss: 3.042783 | lrm: 0.63 | dt: 159ms | tok/sec: 826,849 | mfu: 22.6% | epoch: 1 | remaining: 132s    
step 01069 (55.9%) | loss: 3.037516 | lrm: 0.63 | dt: 159ms | tok/sec: 826,726 | mfu: 22.6% | epoch: 1 | remaining: 132s    
step 01070 (55.9%) | loss: 3.040679 | lrm: 0.63 | dt: 158ms | tok/sec: 827,015 | mfu: 22.6% | epoch: 1 | remaining: 132s    
step 01071 (56.0%) | loss: 3.034251 | lrm: 0.63 | dt: 159ms | tok/sec: 826,860 | mfu: 22.6% | epoch: 1 | remaining: 132s    
step 01072 (56.0%) | loss: 3.035214 | lrm: 0.63 | dt: 159ms | tok/sec: 826,837 | mfu: 22.6% | epoch: 1 | remaining: 132s    
step 01073 (56.1%) | loss: 3.026615 | lrm: 0.63 | dt: 159ms | tok/sec: 826,838 | mfu: 22.6% | epoch: 1 | remaining: 132s    
step 01074 (56.2%) | loss: 3.024200 | lrm: 0.63 | dt: 159ms | tok/sec: 826,620 | mfu: 22.6% | epoch: 1 | remaining: 131s    
step 01075 (56.2%) | loss: 3.031475 | lrm: 0.63 | dt: 159ms | tok/sec: 826,731 | mfu: 22.6% | epoch: 1 | remaining: 131s    
step 01076 (56.3%) | loss: 3.035603 | lrm: 0.62 | dt: 159ms | tok/sec: 826,721 | mfu: 22.6% | epoch: 1 | remaining: 131s    
step 01077 (56.3%) | loss: 3.037804 | lrm: 0.62 | dt: 159ms | tok/sec: 826,874 | mfu: 22.6% | epoch: 1 | remaining: 131s    
step 01078 (56.4%) | loss: 3.038002 | lrm: 0.62 | dt: 159ms | tok/sec: 826,438 | mfu: 22.6% | epoch: 1 | remaining: 131s    
step 01079 (56.4%) | loss: 3.032244 | lrm: 0.62 | dt: 159ms | tok/sec: 826,685 | mfu: 22.6% | epoch: 1 | remaining: 131s    
step 01080 (56.5%) | loss: 3.035625 | lrm: 0.62 | dt: 159ms | tok/sec: 826,435 | mfu: 22.6% | epoch: 1 | remaining: 130s    
step 01081 (56.5%) | loss: 3.035955 | lrm: 0.62 | dt: 158ms | tok/sec: 827,073 | mfu: 22.6% | epoch: 1 | remaining: 130s    
step 01082 (56.6%) | loss: 3.036676 | lrm: 0.62 | dt: 159ms | tok/sec: 826,734 | mfu: 22.6% | epoch: 1 | remaining: 130s    
step 01083 (56.6%) | loss: 3.039585 | lrm: 0.62 | dt: 158ms | tok/sec: 827,031 | mfu: 22.6% | epoch: 1 | remaining: 130s    
step 01084 (56.7%) | loss: 3.038184 | lrm: 0.62 | dt: 159ms | tok/sec: 826,550 | mfu: 22.6% | epoch: 1 | remaining: 130s    
step 01085 (56.7%) | loss: 3.033821 | lrm: 0.62 | dt: 159ms | tok/sec: 826,700 | mfu: 22.6% | epoch: 1 | remaining: 130s    
step 01086 (56.8%) | loss: 3.037084 | lrm: 0.62 | dt: 159ms | tok/sec: 826,894 | mfu: 22.6% | epoch: 1 | remaining: 129s    
step 01087 (56.8%) | loss: 3.036928 | lrm: 0.62 | dt: 159ms | tok/sec: 826,900 | mfu: 22.6% | epoch: 1 | remaining: 129s    
step 01088 (56.9%) | loss: 3.036411 | lrm: 0.62 | dt: 159ms | tok/sec: 826,931 | mfu: 22.6% | epoch: 1 | remaining: 129s    
step 01089 (56.9%) | loss: 3.041881 | lrm: 0.62 | dt: 159ms | tok/sec: 826,439 | mfu: 22.6% | epoch: 1 | remaining: 129s    
step 01090 (57.0%) | loss: 3.044320 | lrm: 0.61 | dt: 159ms | tok/sec: 826,833 | mfu: 22.6% | epoch: 1 | remaining: 129s    
step 01091 (57.1%) | loss: 3.046261 | lrm: 0.61 | dt: 159ms | tok/sec: 826,760 | mfu: 22.6% | epoch: 1 | remaining: 129s    
step 01092 (57.1%) | loss: 3.043847 | lrm: 0.61 | dt: 159ms | tok/sec: 826,504 | mfu: 22.6% | epoch: 1 | remaining: 129s    
step 01093 (57.2%) | loss: 3.044813 | lrm: 0.61 | dt: 159ms | tok/sec: 826,878 | mfu: 22.6% | epoch: 1 | remaining: 128s    
step 01094 (57.2%) | loss: 3.040933 | lrm: 0.61 | dt: 159ms | tok/sec: 826,834 | mfu: 22.6% | epoch: 1 | remaining: 128s    
step 01095 (57.3%) | loss: 3.038828 | lrm: 0.61 | dt: 159ms | tok/sec: 826,658 | mfu: 22.6% | epoch: 1 | remaining: 128s    
step 01096 (57.3%) | loss: 3.036153 | lrm: 0.61 | dt: 159ms | tok/sec: 826,711 | mfu: 22.6% | epoch: 1 | remaining: 128s    
step 01097 (57.4%) | loss: 3.039209 | lrm: 0.61 | dt: 158ms | tok/sec: 826,954 | mfu: 22.6% | epoch: 1 | remaining: 128s    
step 01098 (57.4%) | loss: 3.040051 | lrm: 0.61 | dt: 158ms | tok/sec: 827,150 | mfu: 22.6% | epoch: 1 | remaining: 128s    
step 01099 (57.5%) | loss: 3.036313 | lrm: 0.61 | dt: 159ms | tok/sec: 826,610 | mfu: 22.6% | epoch: 1 | remaining: 127s    
step 01100 (57.5%) | loss: 3.039956 | lrm: 0.61 | dt: 159ms | tok/sec: 826,742 | mfu: 22.6% | epoch: 1 | remaining: 127s    
step 01101 (57.6%) | loss: 3.038401 | lrm: 0.61 | dt: 159ms | tok/sec: 826,619 | mfu: 22.6% | epoch: 1 | remaining: 127s    
step 01102 (57.6%) | loss: 3.034819 | lrm: 0.61 | dt: 159ms | tok/sec: 826,607 | mfu: 22.6% | epoch: 1 | remaining: 127s    
step 01103 (57.7%) | loss: 3.031751 | lrm: 0.60 | dt: 159ms | tok/sec: 826,556 | mfu: 22.6% | epoch: 1 | remaining: 127s    
step 01104 (57.7%) | loss: 3.033204 | lrm: 0.60 | dt: 159ms | tok/sec: 826,818 | mfu: 22.6% | epoch: 1 | remaining: 127s    
step 01105 (57.8%) | loss: 3.030656 | lrm: 0.60 | dt: 159ms | tok/sec: 826,777 | mfu: 22.6% | epoch: 1 | remaining: 126s    
step 01106 (57.8%) | loss: 3.038280 | lrm: 0.60 | dt: 159ms | tok/sec: 826,792 | mfu: 22.6% | epoch: 1 | remaining: 126s    
step 01107 (57.9%) | loss: 3.042839 | lrm: 0.60 | dt: 159ms | tok/sec: 826,915 | mfu: 22.6% | epoch: 1 | remaining: 126s    
step 01108 (58.0%) | loss: 3.043668 | lrm: 0.60 | dt: 159ms | tok/sec: 826,776 | mfu: 22.6% | epoch: 1 | remaining: 126s    
step 01109 (58.0%) | loss: 3.037386 | lrm: 0.60 | dt: 159ms | tok/sec: 826,619 | mfu: 22.6% | epoch: 1 | remaining: 126s    
step 01110 (58.1%) | loss: 3.036147 | lrm: 0.60 | dt: 159ms | tok/sec: 826,920 | mfu: 22.6% | epoch: 1 | remaining: 126s    
step 01111 (58.1%) | loss: 3.034248 | lrm: 0.60 | dt: 159ms | tok/sec: 826,627 | mfu: 22.6% | epoch: 1 | remaining: 126s    
step 01112 (58.2%) | loss: 3.037580 | lrm: 0.60 | dt: 159ms | tok/sec: 826,751 | mfu: 22.6% | epoch: 1 | remaining: 125s    
step 01113 (58.2%) | loss: 3.038658 | lrm: 0.60 | dt: 159ms | tok/sec: 826,647 | mfu: 22.6% | epoch: 1 | remaining: 125s    
step 01114 (58.3%) | loss: 3.033051 | lrm: 0.60 | dt: 159ms | tok/sec: 826,886 | mfu: 22.6% | epoch: 1 | remaining: 125s    
step 01115 (58.3%) | loss: 3.033521 | lrm: 0.60 | dt: 159ms | tok/sec: 826,823 | mfu: 22.6% | epoch: 1 | remaining: 125s    
step 01116 (58.4%) | loss: 3.035674 | lrm: 0.59 | dt: 159ms | tok/sec: 826,699 | mfu: 22.6% | epoch: 1 | remaining: 125s    
step 01117 (58.4%) | loss: 3.034280 | lrm: 0.59 | dt: 159ms | tok/sec: 826,869 | mfu: 22.6% | epoch: 1 | remaining: 125s    
step 01118 (58.5%) | loss: 3.038984 | lrm: 0.59 | dt: 159ms | tok/sec: 826,739 | mfu: 22.6% | epoch: 1 | remaining: 124s    
step 01119 (58.5%) | loss: 3.037453 | lrm: 0.59 | dt: 159ms | tok/sec: 826,676 | mfu: 22.6% | epoch: 1 | remaining: 124s    
step 01120 (58.6%) | loss: 3.035727 | lrm: 0.59 | dt: 159ms | tok/sec: 826,752 | mfu: 22.6% | epoch: 1 | remaining: 124s    
step 01121 (58.6%) | loss: 3.033832 | lrm: 0.59 | dt: 159ms | tok/sec: 826,603 | mfu: 22.6% | epoch: 1 | remaining: 124s    
step 01122 (58.7%) | loss: 3.031012 | lrm: 0.59 | dt: 158ms | tok/sec: 827,023 | mfu: 22.6% | epoch: 1 | remaining: 124s    
step 01123 (58.7%) | loss: 3.033786 | lrm: 0.59 | dt: 159ms | tok/sec: 826,937 | mfu: 22.6% | epoch: 1 | remaining: 124s    
step 01124 (58.8%) | loss: 3.037905 | lrm: 0.59 | dt: 159ms | tok/sec: 826,725 | mfu: 22.6% | epoch: 1 | remaining: 123s    
step 01125 (58.9%) | loss: 3.037234 | lrm: 0.59 | dt: 159ms | tok/sec: 826,564 | mfu: 22.6% | epoch: 1 | remaining: 123s    
step 01126 (58.9%) | loss: 3.040434 | lrm: 0.59 | dt: 159ms | tok/sec: 826,758 | mfu: 22.6% | epoch: 1 | remaining: 123s    
step 01127 (59.0%) | loss: 3.039516 | lrm: 0.59 | dt: 159ms | tok/sec: 826,579 | mfu: 22.6% | epoch: 1 | remaining: 123s    
step 01128 (59.0%) | loss: 3.044760 | lrm: 0.59 | dt: 159ms | tok/sec: 826,612 | mfu: 22.6% | epoch: 1 | remaining: 123s    
step 01129 (59.1%) | loss: 3.045152 | lrm: 0.58 | dt: 159ms | tok/sec: 826,633 | mfu: 22.6% | epoch: 1 | remaining: 123s    
step 01130 (59.1%) | loss: 3.044355 | lrm: 0.58 | dt: 159ms | tok/sec: 826,908 | mfu: 22.6% | epoch: 1 | remaining: 122s    
step 01131 (59.2%) | loss: 3.041950 | lrm: 0.58 | dt: 159ms | tok/sec: 826,755 | mfu: 22.6% | epoch: 1 | remaining: 122s    
step 01132 (59.2%) | loss: 3.038849 | lrm: 0.58 | dt: 159ms | tok/sec: 826,615 | mfu: 22.6% | epoch: 1 | remaining: 122s    
step 01133 (59.3%) | loss: 3.038481 | lrm: 0.58 | dt: 159ms | tok/sec: 826,816 | mfu: 22.6% | epoch: 1 | remaining: 122s    
step 01134 (59.3%) | loss: 3.041463 | lrm: 0.58 | dt: 159ms | tok/sec: 826,935 | mfu: 22.6% | epoch: 1 | remaining: 122s    
step 01135 (59.4%) | loss: 3.039757 | lrm: 0.58 | dt: 159ms | tok/sec: 826,904 | mfu: 22.6% | epoch: 1 | remaining: 122s    
step 01136 (59.4%) | loss: 3.042529 | lrm: 0.58 | dt: 159ms | tok/sec: 826,577 | mfu: 22.6% | epoch: 1 | remaining: 122s    
step 01137 (59.5%) | loss: 3.039563 | lrm: 0.58 | dt: 159ms | tok/sec: 826,839 | mfu: 22.6% | epoch: 1 | remaining: 121s    
step 01138 (59.5%) | loss: 3.031929 | lrm: 0.58 | dt: 159ms | tok/sec: 826,735 | mfu: 22.6% | epoch: 1 | remaining: 121s    
step 01139 (59.6%) | loss: 3.034013 | lrm: 0.58 | dt: 159ms | tok/sec: 826,786 | mfu: 22.6% | epoch: 1 | remaining: 121s    
step 01140 (59.6%) | loss: 3.027681 | lrm: 0.58 | dt: 158ms | tok/sec: 827,022 | mfu: 22.6% | epoch: 1 | remaining: 121s    
step 01141 (59.7%) | loss: 3.032072 | lrm: 0.58 | dt: 159ms | tok/sec: 826,791 | mfu: 22.6% | epoch: 1 | remaining: 121s    
step 01142 (59.7%) | loss: 3.032221 | lrm: 0.58 | dt: 159ms | tok/sec: 826,849 | mfu: 22.6% | epoch: 1 | remaining: 121s    
step 01143 (59.8%) | loss: 3.029324 | lrm: 0.57 | dt: 159ms | tok/sec: 826,920 | mfu: 22.6% | epoch: 1 | remaining: 120s    
step 01144 (59.9%) | loss: 3.033989 | lrm: 0.57 | dt: 159ms | tok/sec: 826,919 | mfu: 22.6% | epoch: 1 | remaining: 120s    
step 01145 (59.9%) | loss: 3.033343 | lrm: 0.57 | dt: 159ms | tok/sec: 826,798 | mfu: 22.6% | epoch: 1 | remaining: 120s    
step 01146 (60.0%) | loss: 3.034871 | lrm: 0.57 | dt: 159ms | tok/sec: 826,930 | mfu: 22.6% | epoch: 1 | remaining: 120s    
step 01147 (60.0%) | loss: 3.031961 | lrm: 0.57 | dt: 159ms | tok/sec: 826,821 | mfu: 22.6% | epoch: 1 | remaining: 120s    
step 01148 (60.1%) | loss: 3.023592 | lrm: 0.57 | dt: 159ms | tok/sec: 826,872 | mfu: 22.6% | epoch: 1 | remaining: 120s    
step 01149 (60.1%) | loss: 3.025252 | lrm: 0.57 | dt: 159ms | tok/sec: 826,597 | mfu: 22.6% | epoch: 1 | remaining: 119s    
step 01150 (60.2%) | loss: 3.018296 | lrm: 0.57 | dt: 159ms | tok/sec: 826,371 | mfu: 22.6% | epoch: 1 | remaining: 119s    
step 01151 (60.2%) | loss: 3.024461 | lrm: 0.57 | dt: 159ms | tok/sec: 826,949 | mfu: 22.6% | epoch: 1 | remaining: 119s    
step 01152 (60.3%) | loss: 3.023115 | lrm: 0.57 | dt: 159ms | tok/sec: 825,946 | mfu: 22.6% | epoch: 1 | remaining: 119s    
step 01153 (60.3%) | loss: 3.023656 | lrm: 0.57 | dt: 159ms | tok/sec: 826,256 | mfu: 22.6% | epoch: 1 | remaining: 119s    
step 01154 (60.4%) | loss: 3.026685 | lrm: 0.57 | dt: 159ms | tok/sec: 826,566 | mfu: 22.6% | epoch: 1 | remaining: 119s    
step 01155 (60.4%) | loss: 3.033746 | lrm: 0.57 | dt: 159ms | tok/sec: 826,686 | mfu: 22.6% | epoch: 1 | remaining: 119s    
step 01156 (60.5%) | loss: 3.040550 | lrm: 0.56 | dt: 159ms | tok/sec: 826,884 | mfu: 22.6% | epoch: 1 | remaining: 118s    
step 01157 (60.5%) | loss: 3.039168 | lrm: 0.56 | dt: 159ms | tok/sec: 826,683 | mfu: 22.6% | epoch: 1 | remaining: 118s    
step 01158 (60.6%) | loss: 3.030427 | lrm: 0.56 | dt: 159ms | tok/sec: 826,752 | mfu: 22.6% | epoch: 1 | remaining: 118s    
step 01159 (60.6%) | loss: 3.033175 | lrm: 0.56 | dt: 159ms | tok/sec: 826,873 | mfu: 22.6% | epoch: 1 | remaining: 118s    
step 01160 (60.7%) | loss: 3.022781 | lrm: 0.56 | dt: 159ms | tok/sec: 826,573 | mfu: 22.6% | epoch: 1 | remaining: 118s    
step 01161 (60.8%) | loss: 3.027870 | lrm: 0.56 | dt: 159ms | tok/sec: 826,745 | mfu: 22.6% | epoch: 1 | remaining: 118s    
step 01162 (60.8%) | loss: 3.024722 | lrm: 0.56 | dt: 159ms | tok/sec: 826,757 | mfu: 22.6% | epoch: 1 | remaining: 117s    
step 01163 (60.9%) | loss: 3.022725 | lrm: 0.56 | dt: 159ms | tok/sec: 826,875 | mfu: 22.6% | epoch: 1 | remaining: 117s    
step 01164 (60.9%) | loss: 3.031643 | lrm: 0.56 | dt: 159ms | tok/sec: 826,748 | mfu: 22.6% | epoch: 1 | remaining: 117s    
step 01165 (61.0%) | loss: 3.030070 | lrm: 0.56 | dt: 159ms | tok/sec: 826,766 | mfu: 22.6% | epoch: 1 | remaining: 117s    
step 01166 (61.0%) | loss: 3.031056 | lrm: 0.56 | dt: 159ms | tok/sec: 826,628 | mfu: 22.6% | epoch: 1 | remaining: 117s    
step 01167 (61.1%) | loss: 3.026544 | lrm: 0.56 | dt: 159ms | tok/sec: 826,702 | mfu: 22.6% | epoch: 1 | remaining: 117s    
step 01168 (61.1%) | loss: 3.019127 | lrm: 0.56 | dt: 159ms | tok/sec: 826,801 | mfu: 22.6% | epoch: 1 | remaining: 116s    
step 01169 (61.2%) | loss: 3.011787 | lrm: 0.55 | dt: 159ms | tok/sec: 826,804 | mfu: 22.6% | epoch: 1 | remaining: 116s    
step 01170 (61.2%) | loss: 3.009816 | lrm: 0.55 | dt: 159ms | tok/sec: 826,675 | mfu: 22.6% | epoch: 1 | remaining: 116s    
step 01171 (61.3%) | loss: 3.011349 | lrm: 0.55 | dt: 159ms | tok/sec: 826,763 | mfu: 22.6% | epoch: 1 | remaining: 116s    
step 01172 (61.3%) | loss: 3.005195 | lrm: 0.55 | dt: 159ms | tok/sec: 826,913 | mfu: 22.6% | epoch: 1 | remaining: 116s    
step 01173 (61.4%) | loss: 3.002130 | lrm: 0.55 | dt: 159ms | tok/sec: 826,746 | mfu: 22.6% | epoch: 1 | remaining: 116s    
step 01174 (61.4%) | loss: 2.999987 | lrm: 0.55 | dt: 159ms | tok/sec: 826,674 | mfu: 22.6% | epoch: 1 | remaining: 116s    
step 01175 (61.5%) | loss: 3.001532 | lrm: 0.55 | dt: 159ms | tok/sec: 826,872 | mfu: 22.6% | epoch: 1 | remaining: 115s    
step 01176 (61.5%) | loss: 2.997557 | lrm: 0.55 | dt: 159ms | tok/sec: 826,940 | mfu: 22.6% | epoch: 1 | remaining: 115s    
step 01177 (61.6%) | loss: 3.006312 | lrm: 0.55 | dt: 159ms | tok/sec: 826,609 | mfu: 22.6% | epoch: 1 | remaining: 115s    
step 01178 (61.7%) | loss: 3.007694 | lrm: 0.55 | dt: 159ms | tok/sec: 826,756 | mfu: 22.6% | epoch: 1 | remaining: 115s    
step 01179 (61.7%) | loss: 3.006155 | lrm: 0.55 | dt: 159ms | tok/sec: 826,835 | mfu: 22.6% | epoch: 1 | remaining: 115s    
step 01180 (61.8%) | loss: 3.011553 | lrm: 0.55 | dt: 159ms | tok/sec: 826,803 | mfu: 22.6% | epoch: 1 | remaining: 115s    
step 01181 (61.8%) | loss: 3.008562 | lrm: 0.55 | dt: 159ms | tok/sec: 826,839 | mfu: 22.6% | epoch: 1 | remaining: 114s    
step 01182 (61.9%) | loss: 3.011566 | lrm: 0.54 | dt: 159ms | tok/sec: 826,675 | mfu: 22.6% | epoch: 1 | remaining: 114s    
step 01183 (61.9%) | loss: 3.018765 | lrm: 0.54 | dt: 159ms | tok/sec: 826,837 | mfu: 22.6% | epoch: 1 | remaining: 114s    
step 01184 (62.0%) | loss: 3.022538 | lrm: 0.54 | dt: 159ms | tok/sec: 826,522 | mfu: 22.6% | epoch: 1 | remaining: 114s    
step 01185 (62.0%) | loss: 3.020105 | lrm: 0.54 | dt: 159ms | tok/sec: 826,699 | mfu: 22.6% | epoch: 1 | remaining: 114s    
step 01186 (62.1%) | loss: 3.027393 | lrm: 0.54 | dt: 158ms | tok/sec: 827,071 | mfu: 22.6% | epoch: 1 | remaining: 114s    
step 01187 (62.1%) | loss: 3.023265 | lrm: 0.54 | dt: 159ms | tok/sec: 826,886 | mfu: 22.6% | epoch: 1 | remaining: 113s    
step 01188 (62.2%) | loss: 3.018046 | lrm: 0.54 | dt: 159ms | tok/sec: 826,527 | mfu: 22.6% | epoch: 1 | remaining: 113s    
step 01189 (62.2%) | loss: 3.012818 | lrm: 0.54 | dt: 159ms | tok/sec: 826,758 | mfu: 22.6% | epoch: 1 | remaining: 113s    
step 01190 (62.3%) | loss: 3.017157 | lrm: 0.54 | dt: 159ms | tok/sec: 826,702 | mfu: 22.6% | epoch: 1 | remaining: 113s    
step 01191 (62.3%) | loss: 3.023283 | lrm: 0.54 | dt: 159ms | tok/sec: 826,673 | mfu: 22.6% | epoch: 1 | remaining: 113s    
step 01192 (62.4%) | loss: 3.025649 | lrm: 0.54 | dt: 159ms | tok/sec: 826,309 | mfu: 22.6% | epoch: 1 | remaining: 113s    
step 01193 (62.4%) | loss: 3.023787 | lrm: 0.54 | dt: 159ms | tok/sec: 826,444 | mfu: 22.6% | epoch: 1 | remaining: 113s    
step 01194 (62.5%) | loss: 3.016277 | lrm: 0.54 | dt: 159ms | tok/sec: 826,743 | mfu: 22.6% | epoch: 1 | remaining: 112s    
step 01195 (62.5%) | loss: 3.016678 | lrm: 0.54 | dt: 159ms | tok/sec: 826,691 | mfu: 22.6% | epoch: 1 | remaining: 112s    
step 01196 (62.6%) | loss: 3.020860 | lrm: 0.53 | dt: 159ms | tok/sec: 826,821 | mfu: 22.6% | epoch: 1 | remaining: 112s    
step 01197 (62.7%) | loss: 3.011267 | lrm: 0.53 | dt: 159ms | tok/sec: 826,748 | mfu: 22.6% | epoch: 1 | remaining: 112s    
step 01198 (62.7%) | loss: 3.006084 | lrm: 0.53 | dt: 159ms | tok/sec: 826,781 | mfu: 22.6% | epoch: 1 | remaining: 112s    
step 01199 (62.8%) | loss: 2.995444 | lrm: 0.53 | dt: 159ms | tok/sec: 826,880 | mfu: 22.6% | epoch: 1 | remaining: 112s    
step 01200 (62.8%) | loss: 2.992469 | lrm: 0.53 | dt: 159ms | tok/sec: 826,479 | mfu: 22.6% | epoch: 1 | remaining: 111s    
step 01201 (62.9%) | loss: 3.000577 | lrm: 0.53 | dt: 159ms | tok/sec: 826,933 | mfu: 22.6% | epoch: 1 | remaining: 111s    
step 01202 (62.9%) | loss: 3.004890 | lrm: 0.53 | dt: 159ms | tok/sec: 826,813 | mfu: 22.6% | epoch: 1 | remaining: 111s    
step 01203 (63.0%) | loss: 3.002079 | lrm: 0.53 | dt: 159ms | tok/sec: 826,761 | mfu: 22.6% | epoch: 1 | remaining: 111s    
step 01204 (63.0%) | loss: 2.998728 | lrm: 0.53 | dt: 159ms | tok/sec: 826,942 | mfu: 22.6% | epoch: 1 | remaining: 111s    
step 01205 (63.1%) | loss: 3.001094 | lrm: 0.53 | dt: 159ms | tok/sec: 826,734 | mfu: 22.6% | epoch: 1 | remaining: 111s    
step 01206 (63.1%) | loss: 3.000909 | lrm: 0.53 | dt: 158ms | tok/sec: 827,005 | mfu: 22.6% | epoch: 1 | remaining: 110s    
step 01207 (63.2%) | loss: 3.007151 | lrm: 0.53 | dt: 159ms | tok/sec: 826,827 | mfu: 22.6% | epoch: 1 | remaining: 110s    
step 01208 (63.2%) | loss: 3.006805 | lrm: 0.53 | dt: 159ms | tok/sec: 826,787 | mfu: 22.6% | epoch: 1 | remaining: 110s    
step 01209 (63.3%) | loss: 3.003425 | lrm: 0.52 | dt: 159ms | tok/sec: 826,603 | mfu: 22.6% | epoch: 1 | remaining: 110s    
step 01210 (63.3%) | loss: 3.007256 | lrm: 0.52 | dt: 158ms | tok/sec: 827,008 | mfu: 22.6% | epoch: 1 | remaining: 110s    
step 01211 (63.4%) | loss: 3.003096 | lrm: 0.52 | dt: 159ms | tok/sec: 826,647 | mfu: 22.6% | epoch: 1 | remaining: 110s    
step 01212 (63.4%) | loss: 3.009702 | lrm: 0.52 | dt: 159ms | tok/sec: 826,730 | mfu: 22.6% | epoch: 1 | remaining: 109s    
step 01213 (63.5%) | loss: 3.006959 | lrm: 0.52 | dt: 159ms | tok/sec: 826,551 | mfu: 22.6% | epoch: 1 | remaining: 109s    
step 01214 (63.6%) | loss: 3.004536 | lrm: 0.52 | dt: 159ms | tok/sec: 826,727 | mfu: 22.6% | epoch: 1 | remaining: 109s    
step 01215 (63.6%) | loss: 3.007109 | lrm: 0.52 | dt: 159ms | tok/sec: 826,610 | mfu: 22.6% | epoch: 1 | remaining: 109s    
step 01216 (63.7%) | loss: 3.004006 | lrm: 0.52 | dt: 159ms | tok/sec: 826,756 | mfu: 22.6% | epoch: 1 | remaining: 109s    
step 01217 (63.7%) | loss: 3.006088 | lrm: 0.52 | dt: 159ms | tok/sec: 826,717 | mfu: 22.6% | epoch: 1 | remaining: 109s    
step 01218 (63.8%) | loss: 3.004640 | lrm: 0.52 | dt: 159ms | tok/sec: 826,644 | mfu: 22.6% | epoch: 1 | remaining: 109s    
step 01219 (63.8%) | loss: 3.001826 | lrm: 0.52 | dt: 159ms | tok/sec: 826,731 | mfu: 22.6% | epoch: 1 | remaining: 108s    
step 01220 (63.9%) | loss: 2.998142 | lrm: 0.52 | dt: 159ms | tok/sec: 826,771 | mfu: 22.6% | epoch: 1 | remaining: 108s    
step 01221 (63.9%) | loss: 3.002993 | lrm: 0.52 | dt: 159ms | tok/sec: 826,777 | mfu: 22.6% | epoch: 1 | remaining: 108s    
step 01222 (64.0%) | loss: 3.003252 | lrm: 0.51 | dt: 159ms | tok/sec: 826,783 | mfu: 22.6% | epoch: 1 | remaining: 108s    
step 01223 (64.0%) | loss: 3.001178 | lrm: 0.51 | dt: 159ms | tok/sec: 826,637 | mfu: 22.6% | epoch: 1 | remaining: 108s    
step 01224 (64.1%) | loss: 3.001262 | lrm: 0.51 | dt: 159ms | tok/sec: 826,650 | mfu: 22.6% | epoch: 1 | remaining: 108s    
step 01225 (64.1%) | loss: 2.997244 | lrm: 0.51 | dt: 159ms | tok/sec: 826,596 | mfu: 22.6% | epoch: 1 | remaining: 107s    
step 01226 (64.2%) | loss: 2.990469 | lrm: 0.51 | dt: 159ms | tok/sec: 826,505 | mfu: 22.6% | epoch: 1 | remaining: 107s    
step 01227 (64.2%) | loss: 2.992093 | lrm: 0.51 | dt: 159ms | tok/sec: 826,591 | mfu: 22.6% | epoch: 1 | remaining: 107s    
step 01228 (64.3%) | loss: 2.989250 | lrm: 0.51 | dt: 159ms | tok/sec: 826,669 | mfu: 22.6% | epoch: 1 | remaining: 107s    
step 01229 (64.3%) | loss: 2.987053 | lrm: 0.51 | dt: 158ms | tok/sec: 826,957 | mfu: 22.6% | epoch: 1 | remaining: 107s    
step 01230 (64.4%) | loss: 2.985641 | lrm: 0.51 | dt: 159ms | tok/sec: 826,821 | mfu: 22.6% | epoch: 1 | remaining: 107s    
step 01231 (64.5%) | loss: 2.980362 | lrm: 0.51 | dt: 159ms | tok/sec: 826,683 | mfu: 22.6% | epoch: 1 | remaining: 106s    
step 01232 (64.5%) | loss: 2.976737 | lrm: 0.51 | dt: 159ms | tok/sec: 826,656 | mfu: 22.6% | epoch: 1 | remaining: 106s    
step 01233 (64.6%) | loss: 2.977497 | lrm: 0.51 | dt: 159ms | tok/sec: 826,760 | mfu: 22.6% | epoch: 1 | remaining: 106s    
step 01234 (64.6%) | loss: 2.980259 | lrm: 0.51 | dt: 159ms | tok/sec: 826,739 | mfu: 22.6% | epoch: 1 | remaining: 106s    
step 01235 (64.7%) | loss: 2.976010 | lrm: 0.50 | dt: 159ms | tok/sec: 826,591 | mfu: 22.6% | epoch: 1 | remaining: 106s    
step 01236 (64.7%) | loss: 2.976321 | lrm: 0.50 | dt: 159ms | tok/sec: 826,918 | mfu: 22.6% | epoch: 1 | remaining: 106s    
step 01237 (64.8%) | loss: 2.968623 | lrm: 0.50 | dt: 159ms | tok/sec: 826,571 | mfu: 22.6% | epoch: 1 | remaining: 106s    
step 01238 (64.8%) | loss: 2.969143 | lrm: 0.50 | dt: 159ms | tok/sec: 826,612 | mfu: 22.6% | epoch: 1 | remaining: 105s    
step 01239 (64.9%) | loss: 2.967423 | lrm: 0.50 | dt: 159ms | tok/sec: 826,495 | mfu: 22.6% | epoch: 1 | remaining: 105s    
step 01240 (64.9%) | loss: 2.969733 | lrm: 0.50 | dt: 159ms | tok/sec: 826,724 | mfu: 22.6% | epoch: 1 | remaining: 105s    
step 01241 (65.0%) | loss: 2.963527 | lrm: 0.50 | dt: 159ms | tok/sec: 826,671 | mfu: 22.6% | epoch: 1 | remaining: 105s    
step 01242 (65.0%) | loss: 2.968213 | lrm: 0.50 | dt: 159ms | tok/sec: 826,596 | mfu: 22.6% | epoch: 1 | remaining: 105s    
step 01243 (65.1%) | loss: 2.973024 | lrm: 0.50 | dt: 159ms | tok/sec: 826,731 | mfu: 22.6% | epoch: 1 | remaining: 105s    
step 01244 (65.1%) | loss: 2.969190 | lrm: 0.50 | dt: 159ms | tok/sec: 826,589 | mfu: 22.6% | epoch: 1 | remaining: 104s    
step 01245 (65.2%) | loss: 2.968458 | lrm: 0.50 | dt: 159ms | tok/sec: 826,686 | mfu: 22.6% | epoch: 1 | remaining: 104s    
step 01246 (65.2%) | loss: 2.972603 | lrm: 0.50 | dt: 159ms | tok/sec: 826,776 | mfu: 22.6% | epoch: 1 | remaining: 104s    
step 01247 (65.3%) | loss: 2.975606 | lrm: 0.50 | dt: 158ms | tok/sec: 826,955 | mfu: 22.6% | epoch: 1 | remaining: 104s    
step 01248 (65.4%) | loss: 2.976855 | lrm: 0.49 | dt: 159ms | tok/sec: 826,915 | mfu: 22.6% | epoch: 1 | remaining: 104s    
step 01249 (65.4%) | loss: 2.977195 | lrm: 0.49 | dt: 159ms | tok/sec: 826,919 | mfu: 22.6% | epoch: 1 | remaining: 104s    
step 01250 (65.5%) | loss: 2.975972 | lrm: 0.49 | dt: 159ms | tok/sec: 826,942 | mfu: 22.6% | epoch: 1 | remaining: 103s    
step 01251 (65.5%) | loss: 2.979027 | lrm: 0.49 | dt: 159ms | tok/sec: 826,789 | mfu: 22.6% | epoch: 1 | remaining: 103s    
step 01252 (65.6%) | loss: 2.979416 | lrm: 0.49 | dt: 159ms | tok/sec: 826,803 | mfu: 22.6% | epoch: 1 | remaining: 103s    
step 01253 (65.6%) | loss: 2.982914 | lrm: 0.49 | dt: 159ms | tok/sec: 826,581 | mfu: 22.6% | epoch: 1 | remaining: 103s    
step 01254 (65.7%) | loss: 2.980967 | lrm: 0.49 | dt: 159ms | tok/sec: 826,480 | mfu: 22.6% | epoch: 1 | remaining: 103s    
step 01255 (65.7%) | loss: 2.982390 | lrm: 0.49 | dt: 159ms | tok/sec: 826,822 | mfu: 22.6% | epoch: 1 | remaining: 103s    
step 01256 (65.8%) | loss: 2.974145 | lrm: 0.49 | dt: 159ms | tok/sec: 826,787 | mfu: 22.6% | epoch: 1 | remaining: 103s    
step 01257 (65.8%) | loss: 2.970737 | lrm: 0.49 | dt: 159ms | tok/sec: 826,741 | mfu: 22.6% | epoch: 1 | remaining: 102s    
step 01258 (65.9%) | loss: 2.970068 | lrm: 0.49 | dt: 159ms | tok/sec: 826,944 | mfu: 22.6% | epoch: 1 | remaining: 102s    
step 01259 (65.9%) | loss: 2.966898 | lrm: 0.49 | dt: 159ms | tok/sec: 826,679 | mfu: 22.6% | epoch: 1 | remaining: 102s    
step 01260 (66.0%) | loss: 2.966009 | lrm: 0.49 | dt: 159ms | tok/sec: 826,794 | mfu: 22.6% | epoch: 1 | remaining: 102s    
step 01261 (66.0%) | loss: 2.968603 | lrm: 0.49 | dt: 159ms | tok/sec: 826,874 | mfu: 22.6% | epoch: 1 | remaining: 102s    
step 01262 (66.1%) | loss: 2.967163 | lrm: 0.48 | dt: 159ms | tok/sec: 826,609 | mfu: 22.6% | epoch: 1 | remaining: 102s    
step 01263 (66.1%) | loss: 2.969523 | lrm: 0.48 | dt: 159ms | tok/sec: 826,533 | mfu: 22.6% | epoch: 1 | remaining: 101s    
step 01264 (66.2%) | loss: 2.974741 | lrm: 0.48 | dt: 159ms | tok/sec: 826,740 | mfu: 22.6% | epoch: 1 | remaining: 101s    
step 01265 (66.2%) | loss: 2.983838 | lrm: 0.48 | dt: 159ms | tok/sec: 826,843 | mfu: 22.6% | epoch: 1 | remaining: 101s    
step 01266 (66.3%) | loss: 2.985455 | lrm: 0.48 | dt: 159ms | tok/sec: 826,711 | mfu: 22.6% | epoch: 1 | remaining: 101s    
step 01267 (66.4%) | loss: 2.988091 | lrm: 0.48 | dt: 159ms | tok/sec: 826,639 | mfu: 22.6% | epoch: 1 | remaining: 101s    
step 01268 (66.4%) | loss: 2.986160 | lrm: 0.48 | dt: 159ms | tok/sec: 826,647 | mfu: 22.6% | epoch: 1 | remaining: 101s    
step 01269 (66.5%) | loss: 2.984566 | lrm: 0.48 | dt: 159ms | tok/sec: 826,680 | mfu: 22.6% | epoch: 1 | remaining: 100s    
step 01270 (66.5%) | loss: 2.982802 | lrm: 0.48 | dt: 159ms | tok/sec: 826,511 | mfu: 22.6% | epoch: 1 | remaining: 100s    
step 01271 (66.6%) | loss: 2.974972 | lrm: 0.48 | dt: 158ms | tok/sec: 827,011 | mfu: 22.6% | epoch: 1 | remaining: 100s    
step 01272 (66.6%) | loss: 2.982067 | lrm: 0.48 | dt: 159ms | tok/sec: 826,913 | mfu: 22.6% | epoch: 1 | remaining: 100s    
step 01273 (66.7%) | loss: 2.979499 | lrm: 0.48 | dt: 158ms | tok/sec: 826,952 | mfu: 22.6% | epoch: 1 | remaining: 100s    
step 01274 (66.7%) | loss: 2.976939 | lrm: 0.48 | dt: 159ms | tok/sec: 826,714 | mfu: 22.6% | epoch: 1 | remaining: 100s    
step 01275 (66.8%) | loss: 2.975899 | lrm: 0.47 | dt: 159ms | tok/sec: 826,792 | mfu: 22.6% | epoch: 1 | remaining: 100s    
step 01276 (66.8%) | loss: 2.976220 | lrm: 0.47 | dt: 159ms | tok/sec: 826,574 | mfu: 22.6% | epoch: 1 | remaining: 99s    
step 01277 (66.9%) | loss: 2.980384 | lrm: 0.47 | dt: 159ms | tok/sec: 826,583 | mfu: 22.6% | epoch: 1 | remaining: 99s    
step 01278 (66.9%) | loss: 2.984724 | lrm: 0.47 | dt: 159ms | tok/sec: 826,852 | mfu: 22.6% | epoch: 1 | remaining: 99s    
step 01279 (67.0%) | loss: 2.981782 | lrm: 0.47 | dt: 159ms | tok/sec: 826,931 | mfu: 22.6% | epoch: 1 | remaining: 99s    
step 01280 (67.0%) | loss: 2.980025 | lrm: 0.47 | dt: 159ms | tok/sec: 826,730 | mfu: 22.6% | epoch: 1 | remaining: 99s    
step 01281 (67.1%) | loss: 2.976762 | lrm: 0.47 | dt: 159ms | tok/sec: 826,842 | mfu: 22.6% | epoch: 1 | remaining: 99s    
step 01282 (67.1%) | loss: 2.966129 | lrm: 0.47 | dt: 159ms | tok/sec: 826,770 | mfu: 22.6% | epoch: 1 | remaining: 98s    
step 01283 (67.2%) | loss: 2.976509 | lrm: 0.47 | dt: 159ms | tok/sec: 826,782 | mfu: 22.6% | epoch: 1 | remaining: 98s    
step 01284 (67.3%) | loss: 2.980447 | lrm: 0.47 | dt: 159ms | tok/sec: 826,877 | mfu: 22.6% | epoch: 1 | remaining: 98s    
step 01285 (67.3%) | loss: 2.979019 | lrm: 0.47 | dt: 159ms | tok/sec: 826,555 | mfu: 22.6% | epoch: 1 | remaining: 98s    
step 01286 (67.4%) | loss: 2.982775 | lrm: 0.47 | dt: 159ms | tok/sec: 826,758 | mfu: 22.6% | epoch: 1 | remaining: 98s    
step 01287 (67.4%) | loss: 2.987494 | lrm: 0.47 | dt: 159ms | tok/sec: 826,734 | mfu: 22.6% | epoch: 1 | remaining: 98s    
step 01288 (67.5%) | loss: 2.983203 | lrm: 0.46 | dt: 159ms | tok/sec: 826,745 | mfu: 22.6% | epoch: 1 | remaining: 97s    
step 01289 (67.5%) | loss: 2.980427 | lrm: 0.46 | dt: 159ms | tok/sec: 826,598 | mfu: 22.6% | epoch: 1 | remaining: 97s    
step 01290 (67.6%) | loss: 2.977697 | lrm: 0.46 | dt: 159ms | tok/sec: 826,854 | mfu: 22.6% | epoch: 1 | remaining: 97s    
step 01291 (67.6%) | loss: 2.974735 | lrm: 0.46 | dt: 159ms | tok/sec: 826,558 | mfu: 22.6% | epoch: 1 | remaining: 97s    
step 01292 (67.7%) | loss: 2.968525 | lrm: 0.46 | dt: 159ms | tok/sec: 826,432 | mfu: 22.6% | epoch: 1 | remaining: 97s    
step 01293 (67.7%) | loss: 2.978127 | lrm: 0.46 | dt: 159ms | tok/sec: 826,628 | mfu: 22.6% | epoch: 1 | remaining: 97s    
step 01294 (67.8%) | loss: 2.973752 | lrm: 0.46 | dt: 159ms | tok/sec: 826,875 | mfu: 22.6% | epoch: 1 | remaining: 96s    
step 01295 (67.8%) | loss: 2.972567 | lrm: 0.46 | dt: 159ms | tok/sec: 826,726 | mfu: 22.6% | epoch: 1 | remaining: 96s    
step 01296 (67.9%) | loss: 2.972779 | lrm: 0.46 | dt: 159ms | tok/sec: 826,355 | mfu: 22.6% | epoch: 1 | remaining: 96s    
step 01297 (67.9%) | loss: 2.967477 | lrm: 0.46 | dt: 159ms | tok/sec: 826,770 | mfu: 22.6% | epoch: 1 | remaining: 96s    
step 01298 (68.0%) | loss: 2.970749 | lrm: 0.46 | dt: 159ms | tok/sec: 826,893 | mfu: 22.6% | epoch: 1 | remaining: 96s    
step 01299 (68.0%) | loss: 2.968685 | lrm: 0.46 | dt: 159ms | tok/sec: 826,720 | mfu: 22.6% | epoch: 1 | remaining: 96s    
step 01300 (68.1%) | loss: 2.969920 | lrm: 0.46 | dt: 159ms | tok/sec: 826,599 | mfu: 22.6% | epoch: 1 | remaining: 96s    
step 01301 (68.2%) | loss: 2.961431 | lrm: 0.45 | dt: 159ms | tok/sec: 826,632 | mfu: 22.6% | epoch: 1 | remaining: 95s    
step 01302 (68.2%) | loss: 2.967485 | lrm: 0.45 | dt: 159ms | tok/sec: 826,686 | mfu: 22.6% | epoch: 1 | remaining: 95s    
step 01303 (68.3%) | loss: 2.959414 | lrm: 0.45 | dt: 159ms | tok/sec: 826,628 | mfu: 22.6% | epoch: 1 | remaining: 95s    
step 01304 (68.3%) | loss: 2.961550 | lrm: 0.45 | dt: 159ms | tok/sec: 826,751 | mfu: 22.6% | epoch: 1 | remaining: 95s    
step 01305 (68.4%) | loss: 2.952279 | lrm: 0.45 | dt: 159ms | tok/sec: 826,603 | mfu: 22.6% | epoch: 1 | remaining: 95s    
step 01306 (68.4%) | loss: 2.952070 | lrm: 0.45 | dt: 159ms | tok/sec: 826,817 | mfu: 22.6% | epoch: 1 | remaining: 95s    
step 01307 (68.5%) | loss: 2.963819 | lrm: 0.45 | dt: 159ms | tok/sec: 826,567 | mfu: 22.6% | epoch: 1 | remaining: 94s    
step 01308 (68.5%) | loss: 2.964299 | lrm: 0.45 | dt: 159ms | tok/sec: 826,839 | mfu: 22.6% | epoch: 1 | remaining: 94s    
step 01309 (68.6%) | loss: 2.969689 | lrm: 0.45 | dt: 159ms | tok/sec: 826,502 | mfu: 22.6% | epoch: 1 | remaining: 94s    
step 01310 (68.6%) | loss: 2.980006 | lrm: 0.45 | dt: 159ms | tok/sec: 826,598 | mfu: 22.6% | epoch: 1 | remaining: 94s    
step 01311 (68.7%) | loss: 2.978748 | lrm: 0.45 | dt: 159ms | tok/sec: 826,558 | mfu: 22.6% | epoch: 1 | remaining: 94s    
step 01312 (68.7%) | loss: 2.969854 | lrm: 0.45 | dt: 159ms | tok/sec: 826,445 | mfu: 22.6% | epoch: 1 | remaining: 94s    
step 01313 (68.8%) | loss: 2.968965 | lrm: 0.45 | dt: 159ms | tok/sec: 826,514 | mfu: 22.6% | epoch: 1 | remaining: 93s    
step 01314 (68.8%) | loss: 2.962206 | lrm: 0.45 | dt: 159ms | tok/sec: 826,489 | mfu: 22.6% | epoch: 1 | remaining: 93s    
step 01315 (68.9%) | loss: 2.960936 | lrm: 0.44 | dt: 159ms | tok/sec: 826,545 | mfu: 22.6% | epoch: 1 | remaining: 93s    
step 01316 (68.9%) | loss: 2.961994 | lrm: 0.44 | dt: 159ms | tok/sec: 826,541 | mfu: 22.6% | epoch: 1 | remaining: 93s    
step 01317 (69.0%) | loss: 2.962447 | lrm: 0.44 | dt: 159ms | tok/sec: 826,858 | mfu: 22.6% | epoch: 1 | remaining: 93s    
step 01318 (69.1%) | loss: 2.970314 | lrm: 0.44 | dt: 159ms | tok/sec: 826,632 | mfu: 22.6% | epoch: 1 | remaining: 93s    
step 01319 (69.1%) | loss: 2.967999 | lrm: 0.44 | dt: 159ms | tok/sec: 826,424 | mfu: 22.6% | epoch: 1 | remaining: 93s    
step 01320 (69.2%) | loss: 2.971735 | lrm: 0.44 | dt: 159ms | tok/sec: 826,625 | mfu: 22.6% | epoch: 1 | remaining: 92s    
step 01321 (69.2%) | loss: 2.972090 | lrm: 0.44 | dt: 159ms | tok/sec: 826,951 | mfu: 22.6% | epoch: 1 | remaining: 92s    
step 01322 (69.3%) | loss: 2.965094 | lrm: 0.44 | dt: 159ms | tok/sec: 826,794 | mfu: 22.6% | epoch: 1 | remaining: 92s    
step 01323 (69.3%) | loss: 2.968149 | lrm: 0.44 | dt: 159ms | tok/sec: 826,496 | mfu: 22.6% | epoch: 1 | remaining: 92s    
step 01324 (69.4%) | loss: 2.969759 | lrm: 0.44 | dt: 159ms | tok/sec: 826,879 | mfu: 22.6% | epoch: 1 | remaining: 92s    
step 01325 (69.4%) | loss: 2.968194 | lrm: 0.44 | dt: 159ms | tok/sec: 826,773 | mfu: 22.6% | epoch: 1 | remaining: 92s    
step 01326 (69.5%) | loss: 2.969648 | lrm: 0.44 | dt: 159ms | tok/sec: 826,813 | mfu: 22.6% | epoch: 1 | remaining: 91s    
step 01327 (69.5%) | loss: 2.972501 | lrm: 0.44 | dt: 159ms | tok/sec: 826,679 | mfu: 22.6% | epoch: 1 | remaining: 91s    
step 01328 (69.6%) | loss: 2.970783 | lrm: 0.43 | dt: 159ms | tok/sec: 826,739 | mfu: 22.6% | epoch: 1 | remaining: 91s    
step 01329 (69.6%) | loss: 2.977999 | lrm: 0.43 | dt: 159ms | tok/sec: 826,425 | mfu: 22.6% | epoch: 1 | remaining: 91s    
step 01330 (69.7%) | loss: 2.971880 | lrm: 0.43 | dt: 159ms | tok/sec: 825,749 | mfu: 22.6% | epoch: 1 | remaining: 91s    
step 01331 (69.7%) | loss: 2.974849 | lrm: 0.43 | dt: 159ms | tok/sec: 826,464 | mfu: 22.6% | epoch: 1 | remaining: 91s    
step 01332 (69.8%) | loss: 2.974213 | lrm: 0.43 | dt: 159ms | tok/sec: 826,715 | mfu: 22.6% | epoch: 1 | remaining: 90s    
step 01333 (69.8%) | loss: 2.978170 | lrm: 0.43 | dt: 159ms | tok/sec: 826,628 | mfu: 22.6% | epoch: 1 | remaining: 90s    
step 01334 (69.9%) | loss: 2.972747 | lrm: 0.43 | dt: 159ms | tok/sec: 826,586 | mfu: 22.6% | epoch: 1 | remaining: 90s    
step 01335 (69.9%) | loss: 2.975009 | lrm: 0.43 | dt: 159ms | tok/sec: 826,630 | mfu: 22.6% | epoch: 1 | remaining: 90s    
step 01336 (70.0%) | loss: 2.974682 | lrm: 0.43 | dt: 159ms | tok/sec: 826,685 | mfu: 22.6% | epoch: 1 | remaining: 90s    
step 01337 (70.1%) | loss: 2.973676 | lrm: 0.43 | dt: 159ms | tok/sec: 826,791 | mfu: 22.6% | epoch: 1 | remaining: 90s    
step 01338 (70.1%) | loss: 2.969446 | lrm: 0.43 | dt: 159ms | tok/sec: 826,484 | mfu: 22.6% | epoch: 1 | remaining: 90s    
step 01339 (70.2%) | loss: 2.970887 | lrm: 0.43 | dt: 159ms | tok/sec: 826,533 | mfu: 22.6% | epoch: 1 | remaining: 89s    
step 01340 (70.2%) | loss: 2.973965 | lrm: 0.43 | dt: 159ms | tok/sec: 826,649 | mfu: 22.6% | epoch: 1 | remaining: 89s    
step 01341 (70.3%) | loss: 2.973278 | lrm: 0.42 | dt: 159ms | tok/sec: 826,748 | mfu: 22.6% | epoch: 1 | remaining: 89s    
step 01342 (70.3%) | loss: 2.970509 | lrm: 0.42 | dt: 159ms | tok/sec: 826,875 | mfu: 22.6% | epoch: 1 | remaining: 89s    
step 01343 (70.4%) | loss: 2.968924 | lrm: 0.42 | dt: 159ms | tok/sec: 826,729 | mfu: 22.6% | epoch: 1 | remaining: 89s    
step 01344 (70.4%) | loss: 2.965607 | lrm: 0.42 | dt: 159ms | tok/sec: 826,756 | mfu: 22.6% | epoch: 1 | remaining: 89s    
step 01345 (70.5%) | loss: 2.952030 | lrm: 0.42 | dt: 159ms | tok/sec: 826,473 | mfu: 22.6% | epoch: 1 | remaining: 88s    
step 01346 (70.5%) | loss: 2.957013 | lrm: 0.42 | dt: 159ms | tok/sec: 826,690 | mfu: 22.6% | epoch: 1 | remaining: 88s    
step 01347 (70.6%) | loss: 2.958747 | lrm: 0.42 | dt: 159ms | tok/sec: 826,832 | mfu: 22.6% | epoch: 1 | remaining: 88s    
step 01348 (70.6%) | loss: 2.962848 | lrm: 0.42 | dt: 158ms | tok/sec: 826,993 | mfu: 22.6% | epoch: 1 | remaining: 88s    
step 01349 (70.7%) | loss: 2.960381 | lrm: 0.42 | dt: 159ms | tok/sec: 826,821 | mfu: 22.6% | epoch: 1 | remaining: 88s    
step 01350 (70.7%) | loss: 2.971001 | lrm: 0.42 | dt: 159ms | tok/sec: 826,448 | mfu: 22.6% | epoch: 1 | remaining: 88s    
step 01351 (70.8%) | loss: 2.969818 | lrm: 0.42 | dt: 159ms | tok/sec: 826,716 | mfu: 22.6% | epoch: 1 | remaining: 87s    
step 01352 (70.8%) | loss: 2.968064 | lrm: 0.42 | dt: 159ms | tok/sec: 826,615 | mfu: 22.6% | epoch: 1 | remaining: 87s    
step 01353 (70.9%) | loss: 2.963473 | lrm: 0.42 | dt: 159ms | tok/sec: 826,721 | mfu: 22.6% | epoch: 1 | remaining: 87s    
step 01354 (71.0%) | loss: 2.959038 | lrm: 0.41 | dt: 159ms | tok/sec: 826,630 | mfu: 22.6% | epoch: 1 | remaining: 87s    
step 01355 (71.0%) | loss: 2.960872 | lrm: 0.41 | dt: 159ms | tok/sec: 826,603 | mfu: 22.6% | epoch: 1 | remaining: 87s    
step 01356 (71.1%) | loss: 2.961724 | lrm: 0.41 | dt: 159ms | tok/sec: 826,940 | mfu: 22.6% | epoch: 1 | remaining: 87s    
step 01357 (71.1%) | loss: 2.961708 | lrm: 0.41 | dt: 159ms | tok/sec: 826,683 | mfu: 22.6% | epoch: 1 | remaining: 87s    
step 01358 (71.2%) | loss: 2.960609 | lrm: 0.41 | dt: 158ms | tok/sec: 826,961 | mfu: 22.6% | epoch: 1 | remaining: 86s    
step 01359 (71.2%) | loss: 2.963135 | lrm: 0.41 | dt: 159ms | tok/sec: 826,756 | mfu: 22.6% | epoch: 1 | remaining: 86s    
step 01360 (71.3%) | loss: 2.954499 | lrm: 0.41 | dt: 159ms | tok/sec: 826,478 | mfu: 22.6% | epoch: 1 | remaining: 86s    
step 01361 (71.3%) | loss: 2.949811 | lrm: 0.41 | dt: 159ms | tok/sec: 826,695 | mfu: 22.6% | epoch: 1 | remaining: 86s    
step 01362 (71.4%) | loss: 2.957869 | lrm: 0.41 | dt: 159ms | tok/sec: 826,793 | mfu: 22.6% | epoch: 1 | remaining: 86s    
step 01363 (71.4%) | loss: 2.955625 | lrm: 0.41 | dt: 159ms | tok/sec: 826,741 | mfu: 22.6% | epoch: 1 | remaining: 86s    
step 01364 (71.5%) | loss: 2.958273 | lrm: 0.41 | dt: 159ms | tok/sec: 826,637 | mfu: 22.6% | epoch: 1 | remaining: 85s    
step 01365 (71.5%) | loss: 2.961368 | lrm: 0.41 | dt: 159ms | tok/sec: 826,874 | mfu: 22.6% | epoch: 1 | remaining: 85s    
step 01366 (71.6%) | loss: 2.964845 | lrm: 0.41 | dt: 159ms | tok/sec: 826,725 | mfu: 22.6% | epoch: 1 | remaining: 85s    
step 01367 (71.6%) | loss: 2.970162 | lrm: 0.41 | dt: 159ms | tok/sec: 826,665 | mfu: 22.6% | epoch: 1 | remaining: 85s    
step 01368 (71.7%) | loss: 2.969547 | lrm: 0.40 | dt: 159ms | tok/sec: 826,900 | mfu: 22.6% | epoch: 1 | remaining: 85s    
step 01369 (71.7%) | loss: 2.963543 | lrm: 0.40 | dt: 159ms | tok/sec: 826,387 | mfu: 22.6% | epoch: 1 | remaining: 85s    
step 01370 (71.8%) | loss: 2.964117 | lrm: 0.40 | dt: 159ms | tok/sec: 826,033 | mfu: 22.6% | epoch: 1 | remaining: 84s    
step 01371 (71.9%) | loss: 2.966339 | lrm: 0.40 | dt: 159ms | tok/sec: 826,333 | mfu: 22.6% | epoch: 1 | remaining: 84s    
step 01372 (71.9%) | loss: 2.969773 | lrm: 0.40 | dt: 159ms | tok/sec: 826,583 | mfu: 22.6% | epoch: 1 | remaining: 84s    
step 01373 (72.0%) | loss: 2.971915 | lrm: 0.40 | dt: 159ms | tok/sec: 826,753 | mfu: 22.6% | epoch: 1 | remaining: 84s    
step 01374 (72.0%) | loss: 2.966793 | lrm: 0.40 | dt: 159ms | tok/sec: 826,863 | mfu: 22.6% | epoch: 1 | remaining: 84s    
step 01375 (72.1%) | loss: 2.962972 | lrm: 0.40 | dt: 159ms | tok/sec: 826,891 | mfu: 22.6% | epoch: 1 | remaining: 84s    
step 01376 (72.1%) | loss: 2.970097 | lrm: 0.40 | dt: 159ms | tok/sec: 826,688 | mfu: 22.6% | epoch: 1 | remaining: 83s    
step 01377 (72.2%) | loss: 2.971977 | lrm: 0.40 | dt: 159ms | tok/sec: 826,604 | mfu: 22.6% | epoch: 1 | remaining: 83s    
step 01378 (72.2%) | loss: 2.973910 | lrm: 0.40 | dt: 159ms | tok/sec: 826,832 | mfu: 22.6% | epoch: 1 | remaining: 83s    
step 01379 (72.3%) | loss: 2.969673 | lrm: 0.40 | dt: 159ms | tok/sec: 826,710 | mfu: 22.6% | epoch: 1 | remaining: 83s    
step 01380 (72.3%) | loss: 2.972511 | lrm: 0.40 | dt: 159ms | tok/sec: 826,797 | mfu: 22.6% | epoch: 1 | remaining: 83s    
step 01381 (72.4%) | loss: 2.968188 | lrm: 0.39 | dt: 159ms | tok/sec: 826,809 | mfu: 22.6% | epoch: 1 | remaining: 83s    
step 01382 (72.4%) | loss: 2.969280 | lrm: 0.39 | dt: 159ms | tok/sec: 826,761 | mfu: 22.6% | epoch: 1 | remaining: 83s    
step 01383 (72.5%) | loss: 2.977141 | lrm: 0.39 | dt: 159ms | tok/sec: 826,639 | mfu: 22.6% | epoch: 1 | remaining: 82s    
step 01384 (72.5%) | loss: 2.974516 | lrm: 0.39 | dt: 159ms | tok/sec: 826,839 | mfu: 22.6% | epoch: 1 | remaining: 82s    
step 01385 (72.6%) | loss: 2.970930 | lrm: 0.39 | dt: 159ms | tok/sec: 826,916 | mfu: 22.6% | epoch: 1 | remaining: 82s    
step 01386 (72.6%) | loss: 2.962695 | lrm: 0.39 | dt: 159ms | tok/sec: 826,850 | mfu: 22.6% | epoch: 1 | remaining: 82s    
step 01387 (72.7%) | loss: 2.963371 | lrm: 0.39 | dt: 159ms | tok/sec: 826,818 | mfu: 22.6% | epoch: 1 | remaining: 82s    
step 01388 (72.7%) | loss: 2.966470 | lrm: 0.39 | dt: 159ms | tok/sec: 826,504 | mfu: 22.6% | epoch: 1 | remaining: 82s    
step 01389 (72.8%) | loss: 2.963113 | lrm: 0.39 | dt: 159ms | tok/sec: 826,429 | mfu: 22.6% | epoch: 1 | remaining: 81s    
step 01390 (72.9%) | loss: 2.959855 | lrm: 0.39 | dt: 159ms | tok/sec: 826,665 | mfu: 22.6% | epoch: 1 | remaining: 81s    
step 01391 (72.9%) | loss: 2.954134 | lrm: 0.39 | dt: 159ms | tok/sec: 826,507 | mfu: 22.6% | epoch: 1 | remaining: 81s    
step 01392 (73.0%) | loss: 2.952707 | lrm: 0.39 | dt: 159ms | tok/sec: 826,735 | mfu: 22.6% | epoch: 1 | remaining: 81s    
step 01393 (73.0%) | loss: 2.954988 | lrm: 0.39 | dt: 159ms | tok/sec: 826,466 | mfu: 22.6% | epoch: 1 | remaining: 81s    
step 01394 (73.1%) | loss: 2.953891 | lrm: 0.38 | dt: 159ms | tok/sec: 826,628 | mfu: 22.6% | epoch: 1 | remaining: 81s    
step 01395 (73.1%) | loss: 2.951656 | lrm: 0.38 | dt: 159ms | tok/sec: 826,929 | mfu: 22.6% | epoch: 1 | remaining: 80s    
step 01396 (73.2%) | loss: 2.948929 | lrm: 0.38 | dt: 159ms | tok/sec: 826,707 | mfu: 22.6% | epoch: 1 | remaining: 80s    
step 01397 (73.2%) | loss: 2.946101 | lrm: 0.38 | dt: 159ms | tok/sec: 826,829 | mfu: 22.6% | epoch: 1 | remaining: 80s    
step 01398 (73.3%) | loss: 2.949033 | lrm: 0.38 | dt: 159ms | tok/sec: 826,882 | mfu: 22.6% | epoch: 1 | remaining: 80s    
step 01399 (73.3%) | loss: 2.947293 | lrm: 0.38 | dt: 159ms | tok/sec: 826,637 | mfu: 22.6% | epoch: 1 | remaining: 80s    
step 01400 (73.4%) | loss: 2.947866 | lrm: 0.38 | dt: 159ms | tok/sec: 826,522 | mfu: 22.6% | epoch: 1 | remaining: 80s    
step 01401 (73.4%) | loss: 2.947654 | lrm: 0.38 | dt: 159ms | tok/sec: 826,914 | mfu: 22.6% | epoch: 1 | remaining: 80s    
step 01402 (73.5%) | loss: 2.948031 | lrm: 0.38 | dt: 159ms | tok/sec: 826,556 | mfu: 22.6% | epoch: 1 | remaining: 79s    
step 01403 (73.5%) | loss: 2.947428 | lrm: 0.38 | dt: 159ms | tok/sec: 826,476 | mfu: 22.6% | epoch: 1 | remaining: 79s    
step 01404 (73.6%) | loss: 2.945868 | lrm: 0.38 | dt: 159ms | tok/sec: 826,578 | mfu: 22.6% | epoch: 1 | remaining: 79s    
step 01405 (73.6%) | loss: 2.947546 | lrm: 0.38 | dt: 159ms | tok/sec: 826,707 | mfu: 22.6% | epoch: 1 | remaining: 79s    
step 01406 (73.7%) | loss: 2.943004 | lrm: 0.38 | dt: 159ms | tok/sec: 826,564 | mfu: 22.6% | epoch: 1 | remaining: 79s    
step 01407 (73.8%) | loss: 2.948115 | lrm: 0.37 | dt: 159ms | tok/sec: 826,858 | mfu: 22.6% | epoch: 1 | remaining: 79s    
step 01408 (73.8%) | loss: 2.943797 | lrm: 0.37 | dt: 159ms | tok/sec: 826,620 | mfu: 22.6% | epoch: 1 | remaining: 78s    
step 01409 (73.9%) | loss: 2.943887 | lrm: 0.37 | dt: 159ms | tok/sec: 826,755 | mfu: 22.6% | epoch: 1 | remaining: 78s    
step 01410 (73.9%) | loss: 2.939592 | lrm: 0.37 | dt: 159ms | tok/sec: 826,686 | mfu: 22.6% | epoch: 1 | remaining: 78s    
step 01411 (74.0%) | loss: 2.942246 | lrm: 0.37 | dt: 159ms | tok/sec: 826,900 | mfu: 22.6% | epoch: 1 | remaining: 78s    
step 01412 (74.0%) | loss: 2.952106 | lrm: 0.37 | dt: 159ms | tok/sec: 826,772 | mfu: 22.6% | epoch: 1 | remaining: 78s    
step 01413 (74.1%) | loss: 2.949582 | lrm: 0.37 | dt: 159ms | tok/sec: 826,895 | mfu: 22.6% | epoch: 1 | remaining: 78s    
step 01414 (74.1%) | loss: 2.951448 | lrm: 0.37 | dt: 159ms | tok/sec: 826,725 | mfu: 22.6% | epoch: 1 | remaining: 77s    
step 01415 (74.2%) | loss: 2.950091 | lrm: 0.37 | dt: 159ms | tok/sec: 826,736 | mfu: 22.6% | epoch: 1 | remaining: 77s    
step 01416 (74.2%) | loss: 2.946688 | lrm: 0.37 | dt: 159ms | tok/sec: 826,863 | mfu: 22.6% | epoch: 1 | remaining: 77s    
step 01417 (74.3%) | loss: 2.944009 | lrm: 0.37 | dt: 158ms | tok/sec: 827,023 | mfu: 22.6% | epoch: 1 | remaining: 77s    
step 01418 (74.3%) | loss: 2.942804 | lrm: 0.37 | dt: 159ms | tok/sec: 826,712 | mfu: 22.6% | epoch: 1 | remaining: 77s    
step 01419 (74.4%) | loss: 2.936782 | lrm: 0.37 | dt: 159ms | tok/sec: 826,770 | mfu: 22.6% | epoch: 1 | remaining: 77s    
step 01420 (74.4%) | loss: 2.936726 | lrm: 0.37 | dt: 159ms | tok/sec: 826,663 | mfu: 22.6% | epoch: 1 | remaining: 77s    
step 01421 (74.5%) | loss: 2.943554 | lrm: 0.36 | dt: 159ms | tok/sec: 826,933 | mfu: 22.6% | epoch: 1 | remaining: 76s    
step 01422 (74.5%) | loss: 2.935537 | lrm: 0.36 | dt: 159ms | tok/sec: 826,704 | mfu: 22.6% | epoch: 1 | remaining: 76s    
step 01423 (74.6%) | loss: 2.934566 | lrm: 0.36 | dt: 159ms | tok/sec: 826,596 | mfu: 22.6% | epoch: 1 | remaining: 76s    
step 01424 (74.7%) | loss: 2.939161 | lrm: 0.36 | dt: 159ms | tok/sec: 826,878 | mfu: 22.6% | epoch: 1 | remaining: 76s    
step 01425 (74.7%) | loss: 2.936843 | lrm: 0.36 | dt: 159ms | tok/sec: 826,696 | mfu: 22.6% | epoch: 1 | remaining: 76s    
step 01426 (74.8%) | loss: 2.941915 | lrm: 0.36 | dt: 159ms | tok/sec: 826,650 | mfu: 22.6% | epoch: 1 | remaining: 76s    
step 01427 (74.8%) | loss: 2.945411 | lrm: 0.36 | dt: 159ms | tok/sec: 826,689 | mfu: 22.6% | epoch: 1 | remaining: 75s    
step 01428 (74.9%) | loss: 2.939418 | lrm: 0.36 | dt: 159ms | tok/sec: 826,562 | mfu: 22.6% | epoch: 1 | remaining: 75s    
step 01429 (74.9%) | loss: 2.933788 | lrm: 0.36 | dt: 159ms | tok/sec: 826,096 | mfu: 22.6% | epoch: 1 | remaining: 75s    
step 01430 (75.0%) | loss: 2.937603 | lrm: 0.36 | dt: 159ms | tok/sec: 826,294 | mfu: 22.6% | epoch: 1 | remaining: 75s    
step 01431 (75.0%) | loss: 2.943042 | lrm: 0.36 | dt: 159ms | tok/sec: 826,458 | mfu: 22.6% | epoch: 1 | remaining: 75s    
step 01432 (75.1%) | loss: 2.934426 | lrm: 0.36 | dt: 159ms | tok/sec: 826,663 | mfu: 22.6% | epoch: 1 | remaining: 75s    
step 01433 (75.1%) | loss: 2.934156 | lrm: 0.36 | dt: 159ms | tok/sec: 826,753 | mfu: 22.6% | epoch: 1 | remaining: 74s    
step 01434 (75.2%) | loss: 2.940603 | lrm: 0.35 | dt: 159ms | tok/sec: 826,511 | mfu: 22.6% | epoch: 1 | remaining: 74s    
step 01435 (75.2%) | loss: 2.940743 | lrm: 0.35 | dt: 159ms | tok/sec: 826,721 | mfu: 22.6% | epoch: 1 | remaining: 74s    
step 01436 (75.3%) | loss: 2.938502 | lrm: 0.35 | dt: 159ms | tok/sec: 826,024 | mfu: 22.6% | epoch: 1 | remaining: 74s    
step 01437 (75.3%) | loss: 2.935849 | lrm: 0.35 | dt: 159ms | tok/sec: 824,329 | mfu: 22.5% | epoch: 1 | remaining: 74s    
step 01438 (75.4%) | loss: 2.941589 | lrm: 0.35 | dt: 159ms | tok/sec: 825,187 | mfu: 22.6% | epoch: 1 | remaining: 74s    
step 01439 (75.4%) | loss: 2.940586 | lrm: 0.35 | dt: 159ms | tok/sec: 826,417 | mfu: 22.6% | epoch: 1 | remaining: 74s    
step 01440 (75.5%) | loss: 2.944612 | lrm: 0.35 | dt: 159ms | tok/sec: 826,383 | mfu: 22.6% | epoch: 1 | remaining: 73s    
step 01441 (75.6%) | loss: 2.937195 | lrm: 0.35 | dt: 159ms | tok/sec: 826,475 | mfu: 22.6% | epoch: 1 | remaining: 73s    
step 01442 (75.6%) | loss: 2.935243 | lrm: 0.35 | dt: 159ms | tok/sec: 826,451 | mfu: 22.6% | epoch: 1 | remaining: 73s    
step 01443 (75.7%) | loss: 2.936430 | lrm: 0.35 | dt: 159ms | tok/sec: 826,601 | mfu: 22.6% | epoch: 1 | remaining: 73s    
step 01444 (75.7%) | loss: 2.935818 | lrm: 0.35 | dt: 159ms | tok/sec: 826,721 | mfu: 22.6% | epoch: 1 | remaining: 73s    
step 01445 (75.8%) | loss: 2.934576 | lrm: 0.35 | dt: 159ms | tok/sec: 826,726 | mfu: 22.6% | epoch: 1 | remaining: 73s    
step 01446 (75.8%) | loss: 2.937199 | lrm: 0.35 | dt: 159ms | tok/sec: 826,501 | mfu: 22.6% | epoch: 1 | remaining: 72s    
step 01447 (75.9%) | loss: 2.936425 | lrm: 0.34 | dt: 159ms | tok/sec: 826,873 | mfu: 22.6% | epoch: 1 | remaining: 72s    
step 01448 (75.9%) | loss: 2.925179 | lrm: 0.34 | dt: 159ms | tok/sec: 826,848 | mfu: 22.6% | epoch: 1 | remaining: 72s    
step 01449 (76.0%) | loss: 2.924616 | lrm: 0.34 | dt: 159ms | tok/sec: 826,675 | mfu: 22.6% | epoch: 1 | remaining: 72s    
step 01450 (76.0%) | loss: 2.920009 | lrm: 0.34 | dt: 159ms | tok/sec: 826,775 | mfu: 22.6% | epoch: 1 | remaining: 72s    
step 01451 (76.1%) | loss: 2.920730 | lrm: 0.34 | dt: 158ms | tok/sec: 827,148 | mfu: 22.6% | epoch: 1 | remaining: 72s    
step 01452 (76.1%) | loss: 2.921428 | lrm: 0.34 | dt: 159ms | tok/sec: 826,709 | mfu: 22.6% | epoch: 1 | remaining: 71s    
step 01453 (76.2%) | loss: 2.938261 | lrm: 0.34 | dt: 159ms | tok/sec: 826,761 | mfu: 22.6% | epoch: 1 | remaining: 71s    
step 01454 (76.2%) | loss: 2.940981 | lrm: 0.34 | dt: 159ms | tok/sec: 826,586 | mfu: 22.6% | epoch: 1 | remaining: 71s    
step 01455 (76.3%) | loss: 2.941346 | lrm: 0.34 | dt: 159ms | tok/sec: 826,950 | mfu: 22.6% | epoch: 1 | remaining: 71s    
step 01456 (76.3%) | loss: 2.937196 | lrm: 0.34 | dt: 158ms | tok/sec: 827,052 | mfu: 22.6% | epoch: 1 | remaining: 71s    
step 01457 (76.4%) | loss: 2.941655 | lrm: 0.34 | dt: 159ms | tok/sec: 826,676 | mfu: 22.6% | epoch: 1 | remaining: 71s    
step 01458 (76.4%) | loss: 2.936761 | lrm: 0.34 | dt: 159ms | tok/sec: 826,783 | mfu: 22.6% | epoch: 1 | remaining: 70s    
step 01459 (76.5%) | loss: 2.936280 | lrm: 0.34 | dt: 159ms | tok/sec: 826,664 | mfu: 22.6% | epoch: 1 | remaining: 70s    
step 01460 (76.6%) | loss: 2.934659 | lrm: 0.33 | dt: 159ms | tok/sec: 826,627 | mfu: 22.6% | epoch: 1 | remaining: 70s    
step 01461 (76.6%) | loss: 2.940505 | lrm: 0.33 | dt: 159ms | tok/sec: 826,773 | mfu: 22.6% | epoch: 1 | remaining: 70s    
step 01462 (76.7%) | loss: 2.937459 | lrm: 0.33 | dt: 159ms | tok/sec: 826,648 | mfu: 22.6% | epoch: 1 | remaining: 70s    
step 01463 (76.7%) | loss: 2.940157 | lrm: 0.33 | dt: 159ms | tok/sec: 826,809 | mfu: 22.6% | epoch: 1 | remaining: 70s    
step 01464 (76.8%) | loss: 2.934642 | lrm: 0.33 | dt: 159ms | tok/sec: 826,894 | mfu: 22.6% | epoch: 1 | remaining: 70s    
step 01465 (76.8%) | loss: 2.927796 | lrm: 0.33 | dt: 159ms | tok/sec: 826,602 | mfu: 22.6% | epoch: 1 | remaining: 69s    
step 01466 (76.9%) | loss: 2.928407 | lrm: 0.33 | dt: 159ms | tok/sec: 826,845 | mfu: 22.6% | epoch: 1 | remaining: 69s    
step 01467 (76.9%) | loss: 2.924535 | lrm: 0.33 | dt: 159ms | tok/sec: 826,786 | mfu: 22.6% | epoch: 1 | remaining: 69s    
step 01468 (77.0%) | loss: 2.924869 | lrm: 0.33 | dt: 159ms | tok/sec: 826,555 | mfu: 22.6% | epoch: 1 | remaining: 69s    
step 01469 (77.0%) | loss: 2.928178 | lrm: 0.33 | dt: 159ms | tok/sec: 826,618 | mfu: 22.6% | epoch: 1 | remaining: 69s    
step 01470 (77.1%) | loss: 2.935286 | lrm: 0.33 | dt: 159ms | tok/sec: 826,719 | mfu: 22.6% | epoch: 1 | remaining: 69s    
step 01471 (77.1%) | loss: 2.934361 | lrm: 0.33 | dt: 159ms | tok/sec: 826,781 | mfu: 22.6% | epoch: 1 | remaining: 68s    
step 01472 (77.2%) | loss: 2.930562 | lrm: 0.33 | dt: 159ms | tok/sec: 826,831 | mfu: 22.6% | epoch: 1 | remaining: 68s    
step 01473 (77.2%) | loss: 2.932903 | lrm: 0.33 | dt: 159ms | tok/sec: 826,827 | mfu: 22.6% | epoch: 1 | remaining: 68s    
step 01474 (77.3%) | loss: 2.933777 | lrm: 0.32 | dt: 159ms | tok/sec: 826,842 | mfu: 22.6% | epoch: 1 | remaining: 68s    
step 01475 (77.3%) | loss: 2.933889 | lrm: 0.32 | dt: 159ms | tok/sec: 826,689 | mfu: 22.6% | epoch: 1 | remaining: 68s    
step 01476 (77.4%) | loss: 2.930226 | lrm: 0.32 | dt: 159ms | tok/sec: 826,741 | mfu: 22.6% | epoch: 1 | remaining: 68s    
step 01477 (77.5%) | loss: 2.921448 | lrm: 0.32 | dt: 159ms | tok/sec: 826,919 | mfu: 22.6% | epoch: 1 | remaining: 67s    
step 01478 (77.5%) | loss: 2.926484 | lrm: 0.32 | dt: 159ms | tok/sec: 826,806 | mfu: 22.6% | epoch: 1 | remaining: 67s    
step 01479 (77.6%) | loss: 2.925684 | lrm: 0.32 | dt: 159ms | tok/sec: 826,803 | mfu: 22.6% | epoch: 1 | remaining: 67s    
step 01480 (77.6%) | loss: 2.923322 | lrm: 0.32 | dt: 158ms | tok/sec: 827,108 | mfu: 22.6% | epoch: 1 | remaining: 67s    
step 01481 (77.7%) | loss: 2.923297 | lrm: 0.32 | dt: 158ms | tok/sec: 827,109 | mfu: 22.6% | epoch: 1 | remaining: 67s    
step 01482 (77.7%) | loss: 2.920989 | lrm: 0.32 | dt: 159ms | tok/sec: 826,901 | mfu: 22.6% | epoch: 1 | remaining: 67s    
step 01483 (77.8%) | loss: 2.919736 | lrm: 0.32 | dt: 159ms | tok/sec: 826,688 | mfu: 22.6% | epoch: 1 | remaining: 67s    
step 01484 (77.8%) | loss: 2.917554 | lrm: 0.32 | dt: 159ms | tok/sec: 826,750 | mfu: 22.6% | epoch: 1 | remaining: 66s    
step 01485 (77.9%) | loss: 2.916197 | lrm: 0.32 | dt: 159ms | tok/sec: 826,898 | mfu: 22.6% | epoch: 1 | remaining: 66s    
step 01486 (77.9%) | loss: 2.919306 | lrm: 0.32 | dt: 159ms | tok/sec: 826,685 | mfu: 22.6% | epoch: 1 | remaining: 66s    
step 01487 (78.0%) | loss: 2.915396 | lrm: 0.31 | dt: 159ms | tok/sec: 826,674 | mfu: 22.6% | epoch: 1 | remaining: 66s    
step 01488 (78.0%) | loss: 2.916345 | lrm: 0.31 | dt: 159ms | tok/sec: 826,593 | mfu: 22.6% | epoch: 1 | remaining: 66s    
step 01489 (78.1%) | loss: 2.911573 | lrm: 0.31 | dt: 159ms | tok/sec: 826,694 | mfu: 22.6% | epoch: 1 | remaining: 66s    
step 01490 (78.1%) | loss: 2.918199 | lrm: 0.31 | dt: 159ms | tok/sec: 826,765 | mfu: 22.6% | epoch: 1 | remaining: 65s    
step 01491 (78.2%) | loss: 2.920565 | lrm: 0.31 | dt: 158ms | tok/sec: 826,986 | mfu: 22.6% | epoch: 1 | remaining: 65s    
step 01492 (78.2%) | loss: 2.912323 | lrm: 0.31 | dt: 159ms | tok/sec: 826,862 | mfu: 22.6% | epoch: 1 | remaining: 65s    
step 01493 (78.3%) | loss: 2.914170 | lrm: 0.31 | dt: 159ms | tok/sec: 826,806 | mfu: 22.6% | epoch: 1 | remaining: 65s    
step 01494 (78.4%) | loss: 2.917989 | lrm: 0.31 | dt: 159ms | tok/sec: 826,666 | mfu: 22.6% | epoch: 1 | remaining: 65s    
step 01495 (78.4%) | loss: 2.917603 | lrm: 0.31 | dt: 159ms | tok/sec: 826,742 | mfu: 22.6% | epoch: 1 | remaining: 65s    
step 01496 (78.5%) | loss: 2.927739 | lrm: 0.31 | dt: 159ms | tok/sec: 826,865 | mfu: 22.6% | epoch: 1 | remaining: 64s    
step 01497 (78.5%) | loss: 2.927512 | lrm: 0.31 | dt: 159ms | tok/sec: 826,773 | mfu: 22.6% | epoch: 1 | remaining: 64s    
step 01498 (78.6%) | loss: 2.921541 | lrm: 0.31 | dt: 159ms | tok/sec: 826,642 | mfu: 22.6% | epoch: 1 | remaining: 64s    
step 01499 (78.6%) | loss: 2.918158 | lrm: 0.31 | dt: 159ms | tok/sec: 826,845 | mfu: 22.6% | epoch: 1 | remaining: 64s    
step 01500 (78.7%) | loss: 2.914186 | lrm: 0.30 | dt: 159ms | tok/sec: 826,950 | mfu: 22.6% | epoch: 1 | remaining: 64s    
step 01501 (78.7%) | loss: 2.909943 | lrm: 0.30 | dt: 158ms | tok/sec: 826,957 | mfu: 22.6% | epoch: 1 | remaining: 64s    
step 01502 (78.8%) | loss: 2.912198 | lrm: 0.30 | dt: 159ms | tok/sec: 826,799 | mfu: 22.6% | epoch: 1 | remaining: 64s    
step 01503 (78.8%) | loss: 2.910141 | lrm: 0.30 | dt: 159ms | tok/sec: 826,767 | mfu: 22.6% | epoch: 1 | remaining: 63s    
step 01504 (78.9%) | loss: 2.908902 | lrm: 0.30 | dt: 159ms | tok/sec: 826,833 | mfu: 22.6% | epoch: 1 | remaining: 63s    
step 01505 (78.9%) | loss: 2.904456 | lrm: 0.30 | dt: 159ms | tok/sec: 826,821 | mfu: 22.6% | epoch: 1 | remaining: 63s    
step 01506 (79.0%) | loss: 2.912495 | lrm: 0.30 | dt: 158ms | tok/sec: 826,993 | mfu: 22.6% | epoch: 1 | remaining: 63s    
step 01507 (79.0%) | loss: 2.908415 | lrm: 0.30 | dt: 159ms | tok/sec: 826,858 | mfu: 22.6% | epoch: 1 | remaining: 63s    
step 01508 (79.1%) | loss: 2.913309 | lrm: 0.30 | dt: 159ms | tok/sec: 826,576 | mfu: 22.6% | epoch: 1 | remaining: 63s    
step 01509 (79.1%) | loss: 2.913613 | lrm: 0.30 | dt: 159ms | tok/sec: 826,649 | mfu: 22.6% | epoch: 1 | remaining: 62s    
step 01510 (79.2%) | loss: 2.917679 | lrm: 0.30 | dt: 159ms | tok/sec: 826,736 | mfu: 22.6% | epoch: 1 | remaining: 62s    
step 01511 (79.3%) | loss: 2.912696 | lrm: 0.30 | dt: 159ms | tok/sec: 826,901 | mfu: 22.6% | epoch: 1 | remaining: 62s    
step 01512 (79.3%) | loss: 2.916521 | lrm: 0.30 | dt: 159ms | tok/sec: 826,536 | mfu: 22.6% | epoch: 1 | remaining: 62s    
step 01513 (79.4%) | loss: 2.919519 | lrm: 0.29 | dt: 159ms | tok/sec: 826,816 | mfu: 22.6% | epoch: 1 | remaining: 62s    
step 01514 (79.4%) | loss: 2.918976 | lrm: 0.29 | dt: 159ms | tok/sec: 826,802 | mfu: 22.6% | epoch: 1 | remaining: 62s    
step 01515 (79.5%) | loss: 2.921778 | lrm: 0.29 | dt: 159ms | tok/sec: 826,840 | mfu: 22.6% | epoch: 1 | remaining: 61s    
step 01516 (79.5%) | loss: 2.922416 | lrm: 0.29 | dt: 159ms | tok/sec: 826,422 | mfu: 22.6% | epoch: 1 | remaining: 61s    
step 01517 (79.6%) | loss: 2.928241 | lrm: 0.29 | dt: 159ms | tok/sec: 826,711 | mfu: 22.6% | epoch: 1 | remaining: 61s    
step 01518 (79.6%) | loss: 2.926058 | lrm: 0.29 | dt: 158ms | tok/sec: 827,002 | mfu: 22.6% | epoch: 1 | remaining: 61s    
step 01519 (79.7%) | loss: 2.923000 | lrm: 0.29 | dt: 159ms | tok/sec: 826,654 | mfu: 22.6% | epoch: 1 | remaining: 61s    
step 01520 (79.7%) | loss: 2.920893 | lrm: 0.29 | dt: 159ms | tok/sec: 826,855 | mfu: 22.6% | epoch: 1 | remaining: 61s    
step 01521 (79.8%) | loss: 2.913903 | lrm: 0.29 | dt: 158ms | tok/sec: 826,967 | mfu: 22.6% | epoch: 1 | remaining: 61s    
step 01522 (79.8%) | loss: 2.907033 | lrm: 0.29 | dt: 159ms | tok/sec: 826,387 | mfu: 22.6% | epoch: 1 | remaining: 60s    
step 01523 (79.9%) | loss: 2.903003 | lrm: 0.29 | dt: 159ms | tok/sec: 826,921 | mfu: 22.6% | epoch: 1 | remaining: 60s    
step 01524 (79.9%) | loss: 2.902176 | lrm: 0.29 | dt: 159ms | tok/sec: 826,658 | mfu: 22.6% | epoch: 1 | remaining: 60s    
step 01525 (80.0%) | loss: 2.909141 | lrm: 0.29 | dt: 159ms | tok/sec: 826,519 | mfu: 22.6% | epoch: 1 | remaining: 60s    
step 01526 (80.0%) | loss: 2.914298 | lrm: 0.29 | dt: 159ms | tok/sec: 826,389 | mfu: 22.6% | epoch: 1 | remaining: 60s    
step 01527 (80.1%) | loss: 2.913774 | lrm: 0.28 | dt: 159ms | tok/sec: 826,814 | mfu: 22.6% | epoch: 1 | remaining: 60s    
step 01528 (80.1%) | loss: 2.913011 | lrm: 0.28 | dt: 159ms | tok/sec: 826,726 | mfu: 22.6% | epoch: 1 | remaining: 59s    
step 01529 (80.2%) | loss: 2.911842 | lrm: 0.28 | dt: 159ms | tok/sec: 826,696 | mfu: 22.6% | epoch: 1 | remaining: 59s    
step 01530 (80.3%) | loss: 2.904846 | lrm: 0.28 | dt: 158ms | tok/sec: 826,962 | mfu: 22.6% | epoch: 1 | remaining: 59s    
step 01531 (80.3%) | loss: 2.908031 | lrm: 0.28 | dt: 159ms | tok/sec: 826,809 | mfu: 22.6% | epoch: 1 | remaining: 59s    
step 01532 (80.4%) | loss: 2.902672 | lrm: 0.28 | dt: 159ms | tok/sec: 826,910 | mfu: 22.6% | epoch: 1 | remaining: 59s    
step 01533 (80.4%) | loss: 2.902157 | lrm: 0.28 | dt: 159ms | tok/sec: 826,788 | mfu: 22.6% | epoch: 1 | remaining: 59s    
step 01534 (80.5%) | loss: 2.899393 | lrm: 0.28 | dt: 159ms | tok/sec: 826,864 | mfu: 22.6% | epoch: 1 | remaining: 58s    
step 01535 (80.5%) | loss: 2.902050 | lrm: 0.28 | dt: 159ms | tok/sec: 826,572 | mfu: 22.6% | epoch: 1 | remaining: 58s    
step 01536 (80.6%) | loss: 2.903784 | lrm: 0.28 | dt: 159ms | tok/sec: 826,827 | mfu: 22.6% | epoch: 1 | remaining: 58s    
step 01537 (80.6%) | loss: 2.909537 | lrm: 0.28 | dt: 158ms | tok/sec: 827,046 | mfu: 22.6% | epoch: 1 | remaining: 58s    
step 01538 (80.7%) | loss: 2.909721 | lrm: 0.28 | dt: 159ms | tok/sec: 826,834 | mfu: 22.6% | epoch: 1 | remaining: 58s    
step 01539 (80.7%) | loss: 2.911833 | lrm: 0.28 | dt: 159ms | tok/sec: 826,853 | mfu: 22.6% | epoch: 1 | remaining: 58s    
step 01540 (80.8%) | loss: 2.908689 | lrm: 0.27 | dt: 159ms | tok/sec: 826,929 | mfu: 22.6% | epoch: 1 | remaining: 57s    
step 01541 (80.8%) | loss: 2.906037 | lrm: 0.27 | dt: 159ms | tok/sec: 826,572 | mfu: 22.6% | epoch: 1 | remaining: 57s    
step 01542 (80.9%) | loss: 2.911052 | lrm: 0.27 | dt: 159ms | tok/sec: 826,788 | mfu: 22.6% | epoch: 1 | remaining: 57s    
step 01543 (80.9%) | loss: 2.912225 | lrm: 0.27 | dt: 159ms | tok/sec: 826,844 | mfu: 22.6% | epoch: 1 | remaining: 57s    
step 01544 (81.0%) | loss: 2.916968 | lrm: 0.27 | dt: 159ms | tok/sec: 826,546 | mfu: 22.6% | epoch: 1 | remaining: 57s    
step 01545 (81.0%) | loss: 2.911480 | lrm: 0.27 | dt: 159ms | tok/sec: 826,665 | mfu: 22.6% | epoch: 1 | remaining: 57s    
step 01546 (81.1%) | loss: 2.909536 | lrm: 0.27 | dt: 159ms | tok/sec: 826,574 | mfu: 22.6% | epoch: 1 | remaining: 57s    
step 01547 (81.2%) | loss: 2.917611 | lrm: 0.27 | dt: 159ms | tok/sec: 826,348 | mfu: 22.6% | epoch: 1 | remaining: 56s    
step 01548 (81.2%) | loss: 2.924997 | lrm: 0.27 | dt: 159ms | tok/sec: 826,537 | mfu: 22.6% | epoch: 1 | remaining: 56s    
step 01549 (81.3%) | loss: 2.920500 | lrm: 0.27 | dt: 159ms | tok/sec: 826,643 | mfu: 22.6% | epoch: 1 | remaining: 56s    
step 01550 (81.3%) | loss: 2.923702 | lrm: 0.27 | dt: 159ms | tok/sec: 826,633 | mfu: 22.6% | epoch: 1 | remaining: 56s    
step 01551 (81.4%) | loss: 2.916891 | lrm: 0.27 | dt: 158ms | tok/sec: 826,969 | mfu: 22.6% | epoch: 1 | remaining: 56s    
step 01552 (81.4%) | loss: 2.912428 | lrm: 0.27 | dt: 159ms | tok/sec: 826,901 | mfu: 22.6% | epoch: 1 | remaining: 56s    
step 01553 (81.5%) | loss: 2.904950 | lrm: 0.26 | dt: 159ms | tok/sec: 826,720 | mfu: 22.6% | epoch: 1 | remaining: 55s    
step 01554 (81.5%) | loss: 2.902451 | lrm: 0.26 | dt: 159ms | tok/sec: 826,823 | mfu: 22.6% | epoch: 1 | remaining: 55s    
step 01555 (81.6%) | loss: 2.903226 | lrm: 0.26 | dt: 159ms | tok/sec: 826,925 | mfu: 22.6% | epoch: 1 | remaining: 55s    
step 01556 (81.6%) | loss: 2.900191 | lrm: 0.26 | dt: 159ms | tok/sec: 826,548 | mfu: 22.6% | epoch: 1 | remaining: 55s    
step 01557 (81.7%) | loss: 2.902640 | lrm: 0.26 | dt: 159ms | tok/sec: 826,647 | mfu: 22.6% | epoch: 1 | remaining: 55s    
step 01558 (81.7%) | loss: 2.904108 | lrm: 0.26 | dt: 159ms | tok/sec: 826,679 | mfu: 22.6% | epoch: 1 | remaining: 55s    
step 01559 (81.8%) | loss: 2.905455 | lrm: 0.26 | dt: 159ms | tok/sec: 826,572 | mfu: 22.6% | epoch: 1 | remaining: 54s    
step 01560 (81.8%) | loss: 2.901302 | lrm: 0.26 | dt: 159ms | tok/sec: 826,727 | mfu: 22.6% | epoch: 1 | remaining: 54s    
step 01561 (81.9%) | loss: 2.900522 | lrm: 0.26 | dt: 159ms | tok/sec: 826,650 | mfu: 22.6% | epoch: 1 | remaining: 54s    
step 01562 (81.9%) | loss: 2.904397 | lrm: 0.26 | dt: 159ms | tok/sec: 826,811 | mfu: 22.6% | epoch: 1 | remaining: 54s    
step 01563 (82.0%) | loss: 2.902655 | lrm: 0.26 | dt: 159ms | tok/sec: 826,697 | mfu: 22.6% | epoch: 1 | remaining: 54s    
step 01564 (82.1%) | loss: 2.899993 | lrm: 0.26 | dt: 159ms | tok/sec: 826,655 | mfu: 22.6% | epoch: 1 | remaining: 54s    
step 01565 (82.1%) | loss: 2.898751 | lrm: 0.26 | dt: 159ms | tok/sec: 826,625 | mfu: 22.6% | epoch: 1 | remaining: 54s    
step 01566 (82.2%) | loss: 2.898360 | lrm: 0.25 | dt: 159ms | tok/sec: 826,579 | mfu: 22.6% | epoch: 1 | remaining: 53s    
step 01567 (82.2%) | loss: 2.897841 | lrm: 0.25 | dt: 159ms | tok/sec: 826,591 | mfu: 22.6% | epoch: 1 | remaining: 53s    
step 01568 (82.3%) | loss: 2.892877 | lrm: 0.25 | dt: 159ms | tok/sec: 826,505 | mfu: 22.6% | epoch: 1 | remaining: 53s    
step 01569 (82.3%) | loss: 2.893234 | lrm: 0.25 | dt: 159ms | tok/sec: 826,545 | mfu: 22.6% | epoch: 1 | remaining: 53s    
step 01570 (82.4%) | loss: 2.892394 | lrm: 0.25 | dt: 159ms | tok/sec: 826,786 | mfu: 22.6% | epoch: 1 | remaining: 53s    
step 01571 (82.4%) | loss: 2.887098 | lrm: 0.25 | dt: 158ms | tok/sec: 826,974 | mfu: 22.6% | epoch: 1 | remaining: 53s    
step 01572 (82.5%) | loss: 2.886343 | lrm: 0.25 | dt: 159ms | tok/sec: 826,576 | mfu: 22.6% | epoch: 1 | remaining: 52s    
step 01573 (82.5%) | loss: 2.885623 | lrm: 0.25 | dt: 159ms | tok/sec: 826,826 | mfu: 22.6% | epoch: 1 | remaining: 52s    
step 01574 (82.6%) | loss: 2.884882 | lrm: 0.25 | dt: 159ms | tok/sec: 826,627 | mfu: 22.6% | epoch: 1 | remaining: 52s    
step 01575 (82.6%) | loss: 2.889865 | lrm: 0.25 | dt: 159ms | tok/sec: 826,799 | mfu: 22.6% | epoch: 1 | remaining: 52s    
step 01576 (82.7%) | loss: 2.901234 | lrm: 0.25 | dt: 159ms | tok/sec: 826,587 | mfu: 22.6% | epoch: 1 | remaining: 52s    
step 01577 (82.7%) | loss: 2.895972 | lrm: 0.25 | dt: 159ms | tok/sec: 826,602 | mfu: 22.6% | epoch: 1 | remaining: 52s    
step 01578 (82.8%) | loss: 2.888377 | lrm: 0.25 | dt: 159ms | tok/sec: 826,573 | mfu: 22.6% | epoch: 1 | remaining: 51s    
step 01579 (82.8%) | loss: 2.890038 | lrm: 0.25 | dt: 159ms | tok/sec: 826,706 | mfu: 22.6% | epoch: 1 | remaining: 51s    
step 01580 (82.9%) | loss: 2.890953 | lrm: 0.24 | dt: 159ms | tok/sec: 826,610 | mfu: 22.6% | epoch: 1 | remaining: 51s    
step 01581 (82.9%) | loss: 2.892683 | lrm: 0.24 | dt: 159ms | tok/sec: 826,653 | mfu: 22.6% | epoch: 1 | remaining: 51s    
step 01582 (83.0%) | loss: 2.889586 | lrm: 0.24 | dt: 159ms | tok/sec: 826,550 | mfu: 22.6% | epoch: 1 | remaining: 51s    
step 01583 (83.1%) | loss: 2.885052 | lrm: 0.24 | dt: 159ms | tok/sec: 826,681 | mfu: 22.6% | epoch: 1 | remaining: 51s    
step 01584 (83.1%) | loss: 2.890691 | lrm: 0.24 | dt: 158ms | tok/sec: 827,047 | mfu: 22.6% | epoch: 1 | remaining: 51s    
step 01585 (83.2%) | loss: 2.896548 | lrm: 0.24 | dt: 159ms | tok/sec: 826,782 | mfu: 22.6% | epoch: 1 | remaining: 50s    
step 01586 (83.2%) | loss: 2.887239 | lrm: 0.24 | dt: 159ms | tok/sec: 826,412 | mfu: 22.6% | epoch: 1 | remaining: 50s    
step 01587 (83.3%) | loss: 2.885246 | lrm: 0.24 | dt: 159ms | tok/sec: 826,312 | mfu: 22.6% | epoch: 1 | remaining: 50s    
step 01588 (83.3%) | loss: 2.887696 | lrm: 0.24 | dt: 159ms | tok/sec: 826,364 | mfu: 22.6% | epoch: 1 | remaining: 50s    
step 01589 (83.4%) | loss: 2.888440 | lrm: 0.24 | dt: 159ms | tok/sec: 826,557 | mfu: 22.6% | epoch: 1 | remaining: 50s    
step 01590 (83.4%) | loss: 2.888518 | lrm: 0.24 | dt: 159ms | tok/sec: 826,527 | mfu: 22.6% | epoch: 1 | remaining: 50s    
step 01591 (83.5%) | loss: 2.894170 | lrm: 0.24 | dt: 159ms | tok/sec: 826,456 | mfu: 22.6% | epoch: 1 | remaining: 49s    
step 01592 (83.5%) | loss: 2.896129 | lrm: 0.24 | dt: 159ms | tok/sec: 826,670 | mfu: 22.6% | epoch: 1 | remaining: 49s    
step 01593 (83.6%) | loss: 2.890664 | lrm: 0.23 | dt: 159ms | tok/sec: 826,700 | mfu: 22.6% | epoch: 1 | remaining: 49s    
step 01594 (83.6%) | loss: 2.888823 | lrm: 0.23 | dt: 159ms | tok/sec: 826,824 | mfu: 22.6% | epoch: 1 | remaining: 49s    
step 01595 (83.7%) | loss: 2.894736 | lrm: 0.23 | dt: 158ms | tok/sec: 826,959 | mfu: 22.6% | epoch: 1 | remaining: 49s    
step 01596 (83.7%) | loss: 2.892237 | lrm: 0.23 | dt: 159ms | tok/sec: 826,568 | mfu: 22.6% | epoch: 1 | remaining: 49s    
step 01597 (83.8%) | loss: 2.888306 | lrm: 0.23 | dt: 159ms | tok/sec: 826,448 | mfu: 22.6% | epoch: 1 | remaining: 48s    
step 01598 (83.8%) | loss: 2.885675 | lrm: 0.23 | dt: 159ms | tok/sec: 826,629 | mfu: 22.6% | epoch: 1 | remaining: 48s    
step 01599 (83.9%) | loss: 2.874001 | lrm: 0.23 | dt: 159ms | tok/sec: 826,791 | mfu: 22.6% | epoch: 1 | remaining: 48s    
step 01600 (84.0%) | loss: 2.873107 | lrm: 0.23 | dt: 159ms | tok/sec: 826,492 | mfu: 22.6% | epoch: 1 | remaining: 48s    
step 01601 (84.0%) | loss: 2.880352 | lrm: 0.23 | dt: 159ms | tok/sec: 826,613 | mfu: 22.6% | epoch: 1 | remaining: 48s    
step 01602 (84.1%) | loss: 2.874625 | lrm: 0.23 | dt: 159ms | tok/sec: 826,722 | mfu: 22.6% | epoch: 1 | remaining: 48s    
step 01603 (84.1%) | loss: 2.879765 | lrm: 0.23 | dt: 159ms | tok/sec: 826,904 | mfu: 22.6% | epoch: 1 | remaining: 48s    
step 01604 (84.2%) | loss: 2.879328 | lrm: 0.23 | dt: 159ms | tok/sec: 826,741 | mfu: 22.6% | epoch: 1 | remaining: 47s    
step 01605 (84.2%) | loss: 2.883252 | lrm: 0.23 | dt: 159ms | tok/sec: 826,606 | mfu: 22.6% | epoch: 1 | remaining: 47s    
step 01606 (84.3%) | loss: 2.877248 | lrm: 0.22 | dt: 159ms | tok/sec: 826,750 | mfu: 22.6% | epoch: 1 | remaining: 47s    
step 01607 (84.3%) | loss: 2.874315 | lrm: 0.22 | dt: 159ms | tok/sec: 826,494 | mfu: 22.6% | epoch: 1 | remaining: 47s    
step 01608 (84.4%) | loss: 2.870460 | lrm: 0.22 | dt: 159ms | tok/sec: 826,615 | mfu: 22.6% | epoch: 1 | remaining: 47s    
step 01609 (84.4%) | loss: 2.873431 | lrm: 0.22 | dt: 159ms | tok/sec: 826,699 | mfu: 22.6% | epoch: 1 | remaining: 47s    
step 01610 (84.5%) | loss: 2.877756 | lrm: 0.22 | dt: 159ms | tok/sec: 826,499 | mfu: 22.6% | epoch: 1 | remaining: 46s    
step 01611 (84.5%) | loss: 2.873992 | lrm: 0.22 | dt: 159ms | tok/sec: 826,628 | mfu: 22.6% | epoch: 1 | remaining: 46s    
step 01612 (84.6%) | loss: 2.878962 | lrm: 0.22 | dt: 159ms | tok/sec: 826,669 | mfu: 22.6% | epoch: 1 | remaining: 46s    
step 01613 (84.6%) | loss: 2.872925 | lrm: 0.22 | dt: 159ms | tok/sec: 826,423 | mfu: 22.6% | epoch: 1 | remaining: 46s    
step 01614 (84.7%) | loss: 2.868371 | lrm: 0.22 | dt: 159ms | tok/sec: 826,583 | mfu: 22.6% | epoch: 1 | remaining: 46s    
step 01615 (84.7%) | loss: 2.871559 | lrm: 0.22 | dt: 159ms | tok/sec: 826,555 | mfu: 22.6% | epoch: 1 | remaining: 46s    
step 01616 (84.8%) | loss: 2.866530 | lrm: 0.22 | dt: 159ms | tok/sec: 826,696 | mfu: 22.6% | epoch: 1 | remaining: 45s    
step 01617 (84.9%) | loss: 2.875539 | lrm: 0.22 | dt: 159ms | tok/sec: 826,762 | mfu: 22.6% | epoch: 1 | remaining: 45s    
step 01618 (84.9%) | loss: 2.877379 | lrm: 0.22 | dt: 159ms | tok/sec: 826,741 | mfu: 22.6% | epoch: 1 | remaining: 45s    
step 01619 (85.0%) | loss: 2.872897 | lrm: 0.21 | dt: 159ms | tok/sec: 826,859 | mfu: 22.6% | epoch: 1 | remaining: 45s    
step 01620 (85.0%) | loss: 2.877918 | lrm: 0.21 | dt: 159ms | tok/sec: 826,740 | mfu: 22.6% | epoch: 1 | remaining: 45s    
step 01621 (85.1%) | loss: 2.878144 | lrm: 0.21 | dt: 159ms | tok/sec: 826,857 | mfu: 22.6% | epoch: 1 | remaining: 45s    
step 01622 (85.1%) | loss: 2.880043 | lrm: 0.21 | dt: 159ms | tok/sec: 826,685 | mfu: 22.6% | epoch: 1 | remaining: 44s    
step 01623 (85.2%) | loss: 2.879372 | lrm: 0.21 | dt: 159ms | tok/sec: 826,634 | mfu: 22.6% | epoch: 1 | remaining: 44s    
step 01624 (85.2%) | loss: 2.874821 | lrm: 0.21 | dt: 159ms | tok/sec: 826,757 | mfu: 22.6% | epoch: 1 | remaining: 44s    
step 01625 (85.3%) | loss: 2.872497 | lrm: 0.21 | dt: 159ms | tok/sec: 826,816 | mfu: 22.6% | epoch: 1 | remaining: 44s    
step 01626 (85.3%) | loss: 2.873119 | lrm: 0.21 | dt: 159ms | tok/sec: 826,753 | mfu: 22.6% | epoch: 1 | remaining: 44s    
step 01627 (85.4%) | loss: 2.880927 | lrm: 0.21 | dt: 159ms | tok/sec: 826,638 | mfu: 22.6% | epoch: 1 | remaining: 44s    
step 01628 (85.4%) | loss: 2.884824 | lrm: 0.21 | dt: 159ms | tok/sec: 826,599 | mfu: 22.6% | epoch: 1 | remaining: 44s    
step 01629 (85.5%) | loss: 2.879609 | lrm: 0.21 | dt: 159ms | tok/sec: 826,712 | mfu: 22.6% | epoch: 1 | remaining: 43s    
step 01630 (85.5%) | loss: 2.885458 | lrm: 0.21 | dt: 159ms | tok/sec: 826,811 | mfu: 22.6% | epoch: 1 | remaining: 43s    
step 01631 (85.6%) | loss: 2.884152 | lrm: 0.21 | dt: 159ms | tok/sec: 826,725 | mfu: 22.6% | epoch: 1 | remaining: 43s    
step 01632 (85.6%) | loss: 2.882750 | lrm: 0.21 | dt: 159ms | tok/sec: 826,480 | mfu: 22.6% | epoch: 1 | remaining: 43s    
step 01633 (85.7%) | loss: 2.887979 | lrm: 0.20 | dt: 158ms | tok/sec: 827,102 | mfu: 22.6% | epoch: 1 | remaining: 43s    
step 01634 (85.8%) | loss: 2.883532 | lrm: 0.20 | dt: 159ms | tok/sec: 826,787 | mfu: 22.6% | epoch: 1 | remaining: 43s    
step 01635 (85.8%) | loss: 2.872738 | lrm: 0.20 | dt: 159ms | tok/sec: 826,767 | mfu: 22.6% | epoch: 1 | remaining: 42s    
step 01636 (85.9%) | loss: 2.875054 | lrm: 0.20 | dt: 159ms | tok/sec: 826,877 | mfu: 22.6% | epoch: 1 | remaining: 42s    
step 01637 (85.9%) | loss: 2.870786 | lrm: 0.20 | dt: 159ms | tok/sec: 826,648 | mfu: 22.6% | epoch: 1 | remaining: 42s    
step 01638 (86.0%) | loss: 2.871566 | lrm: 0.20 | dt: 159ms | tok/sec: 826,720 | mfu: 22.6% | epoch: 1 | remaining: 42s    
step 01639 (86.0%) | loss: 2.876427 | lrm: 0.20 | dt: 159ms | tok/sec: 826,817 | mfu: 22.6% | epoch: 1 | remaining: 42s    
step 01640 (86.1%) | loss: 2.875905 | lrm: 0.20 | dt: 159ms | tok/sec: 826,908 | mfu: 22.6% | epoch: 1 | remaining: 42s    
step 01641 (86.1%) | loss: 2.879567 | lrm: 0.20 | dt: 158ms | tok/sec: 826,988 | mfu: 22.6% | epoch: 1 | remaining: 41s    
step 01642 (86.2%) | loss: 2.886847 | lrm: 0.20 | dt: 159ms | tok/sec: 826,928 | mfu: 22.6% | epoch: 1 | remaining: 41s    
step 01643 (86.2%) | loss: 2.890191 | lrm: 0.20 | dt: 159ms | tok/sec: 826,405 | mfu: 22.6% | epoch: 1 | remaining: 41s    
step 01644 (86.3%) | loss: 2.889910 | lrm: 0.20 | dt: 159ms | tok/sec: 826,816 | mfu: 22.6% | epoch: 1 | remaining: 41s    
step 01645 (86.3%) | loss: 2.894094 | lrm: 0.20 | dt: 159ms | tok/sec: 826,726 | mfu: 22.6% | epoch: 1 | remaining: 41s    
step 01646 (86.4%) | loss: 2.896408 | lrm: 0.19 | dt: 159ms | tok/sec: 826,686 | mfu: 22.6% | epoch: 1 | remaining: 41s    
step 01647 (86.4%) | loss: 2.901576 | lrm: 0.19 | dt: 159ms | tok/sec: 826,813 | mfu: 22.6% | epoch: 1 | remaining: 41s    
step 01648 (86.5%) | loss: 2.902062 | lrm: 0.19 | dt: 159ms | tok/sec: 826,731 | mfu: 22.6% | epoch: 1 | remaining: 40s    
step 01649 (86.5%) | loss: 2.896350 | lrm: 0.19 | dt: 159ms | tok/sec: 826,862 | mfu: 22.6% | epoch: 1 | remaining: 40s    
step 01650 (86.6%) | loss: 2.891785 | lrm: 0.19 | dt: 159ms | tok/sec: 826,829 | mfu: 22.6% | epoch: 1 | remaining: 40s    
step 01651 (86.6%) | loss: 2.889239 | lrm: 0.19 | dt: 159ms | tok/sec: 826,714 | mfu: 22.6% | epoch: 1 | remaining: 40s    
step 01652 (86.7%) | loss: 2.883135 | lrm: 0.19 | dt: 159ms | tok/sec: 826,719 | mfu: 22.6% | epoch: 1 | remaining: 40s    
step 01653 (86.8%) | loss: 2.882815 | lrm: 0.19 | dt: 159ms | tok/sec: 826,750 | mfu: 22.6% | epoch: 1 | remaining: 40s    
step 01654 (86.8%) | loss: 2.884290 | lrm: 0.19 | dt: 159ms | tok/sec: 826,688 | mfu: 22.6% | epoch: 1 | remaining: 39s    
step 01655 (86.9%) | loss: 2.888884 | lrm: 0.19 | dt: 159ms | tok/sec: 826,951 | mfu: 22.6% | epoch: 1 | remaining: 39s    
step 01656 (86.9%) | loss: 2.887024 | lrm: 0.19 | dt: 159ms | tok/sec: 826,859 | mfu: 22.6% | epoch: 1 | remaining: 39s    
step 01657 (87.0%) | loss: 2.892154 | lrm: 0.19 | dt: 159ms | tok/sec: 826,444 | mfu: 22.6% | epoch: 1 | remaining: 39s    
step 01658 (87.0%) | loss: 2.887905 | lrm: 0.19 | dt: 159ms | tok/sec: 826,484 | mfu: 22.6% | epoch: 1 | remaining: 39s    
step 01659 (87.1%) | loss: 2.887320 | lrm: 0.18 | dt: 159ms | tok/sec: 826,816 | mfu: 22.6% | epoch: 1 | remaining: 39s    
step 01660 (87.1%) | loss: 2.879957 | lrm: 0.18 | dt: 159ms | tok/sec: 826,676 | mfu: 22.6% | epoch: 1 | remaining: 38s    
step 01661 (87.2%) | loss: 2.869832 | lrm: 0.18 | dt: 159ms | tok/sec: 826,683 | mfu: 22.6% | epoch: 1 | remaining: 38s    
step 01662 (87.2%) | loss: 2.867620 | lrm: 0.18 | dt: 159ms | tok/sec: 826,619 | mfu: 22.6% | epoch: 1 | remaining: 38s    
step 01663 (87.3%) | loss: 2.869151 | lrm: 0.18 | dt: 159ms | tok/sec: 826,763 | mfu: 22.6% | epoch: 1 | remaining: 38s    
step 01664 (87.3%) | loss: 2.874450 | lrm: 0.18 | dt: 159ms | tok/sec: 826,778 | mfu: 22.6% | epoch: 1 | remaining: 38s    
step 01665 (87.4%) | loss: 2.873078 | lrm: 0.18 | dt: 159ms | tok/sec: 826,731 | mfu: 22.6% | epoch: 1 | remaining: 38s    
step 01666 (87.4%) | loss: 2.874831 | lrm: 0.18 | dt: 159ms | tok/sec: 826,530 | mfu: 22.6% | epoch: 1 | remaining: 38s    
step 01667 (87.5%) | loss: 2.877745 | lrm: 0.18 | dt: 159ms | tok/sec: 826,541 | mfu: 22.6% | epoch: 1 | remaining: 37s    
step 01668 (87.5%) | loss: 2.882078 | lrm: 0.18 | dt: 159ms | tok/sec: 826,726 | mfu: 22.6% | epoch: 1 | remaining: 37s    
step 01669 (87.6%) | loss: 2.874547 | lrm: 0.18 | dt: 159ms | tok/sec: 826,777 | mfu: 22.6% | epoch: 1 | remaining: 37s    
step 01670 (87.7%) | loss: 2.880463 | lrm: 0.18 | dt: 159ms | tok/sec: 826,624 | mfu: 22.6% | epoch: 1 | remaining: 37s    
step 01671 (87.7%) | loss: 2.880589 | lrm: 0.18 | dt: 158ms | tok/sec: 827,089 | mfu: 22.6% | epoch: 1 | remaining: 37s    
step 01672 (87.8%) | loss: 2.880077 | lrm: 0.17 | dt: 159ms | tok/sec: 826,649 | mfu: 22.6% | epoch: 1 | remaining: 37s    
step 01673 (87.8%) | loss: 2.884595 | lrm: 0.17 | dt: 159ms | tok/sec: 826,773 | mfu: 22.6% | epoch: 1 | remaining: 36s    
step 01674 (87.9%) | loss: 2.885890 | lrm: 0.17 | dt: 159ms | tok/sec: 826,514 | mfu: 22.6% | epoch: 1 | remaining: 36s    
step 01675 (87.9%) | loss: 2.885212 | lrm: 0.17 | dt: 158ms | tok/sec: 827,003 | mfu: 22.6% | epoch: 1 | remaining: 36s    
step 01676 (88.0%) | loss: 2.880354 | lrm: 0.17 | dt: 159ms | tok/sec: 826,847 | mfu: 22.6% | epoch: 1 | remaining: 36s    
step 01677 (88.0%) | loss: 2.887422 | lrm: 0.17 | dt: 158ms | tok/sec: 826,966 | mfu: 22.6% | epoch: 1 | remaining: 36s    
step 01678 (88.1%) | loss: 2.882741 | lrm: 0.17 | dt: 159ms | tok/sec: 826,619 | mfu: 22.6% | epoch: 1 | remaining: 36s    
step 01679 (88.1%) | loss: 2.873938 | lrm: 0.17 | dt: 159ms | tok/sec: 826,797 | mfu: 22.6% | epoch: 1 | remaining: 35s    
step 01680 (88.2%) | loss: 2.869239 | lrm: 0.17 | dt: 159ms | tok/sec: 826,430 | mfu: 22.6% | epoch: 1 | remaining: 35s    
step 01681 (88.2%) | loss: 2.872345 | lrm: 0.17 | dt: 159ms | tok/sec: 826,923 | mfu: 22.6% | epoch: 1 | remaining: 35s    
step 01682 (88.3%) | loss: 2.870120 | lrm: 0.17 | dt: 159ms | tok/sec: 826,654 | mfu: 22.6% | epoch: 1 | remaining: 35s    
step 01683 (88.3%) | loss: 2.870359 | lrm: 0.17 | dt: 159ms | tok/sec: 826,864 | mfu: 22.6% | epoch: 1 | remaining: 35s    
step 01684 (88.4%) | loss: 2.862925 | lrm: 0.17 | dt: 159ms | tok/sec: 826,732 | mfu: 22.6% | epoch: 1 | remaining: 35s    
step 01685 (88.4%) | loss: 2.866992 | lrm: 0.17 | dt: 159ms | tok/sec: 826,543 | mfu: 22.6% | epoch: 1 | remaining: 35s    
step 01686 (88.5%) | loss: 2.866582 | lrm: 0.16 | dt: 159ms | tok/sec: 826,545 | mfu: 22.6% | epoch: 1 | remaining: 34s    
step 01687 (88.6%) | loss: 2.860483 | lrm: 0.16 | dt: 159ms | tok/sec: 826,814 | mfu: 22.6% | epoch: 1 | remaining: 34s    
step 01688 (88.6%) | loss: 2.862073 | lrm: 0.16 | dt: 159ms | tok/sec: 826,822 | mfu: 22.6% | epoch: 1 | remaining: 34s    
step 01689 (88.7%) | loss: 2.865391 | lrm: 0.16 | dt: 159ms | tok/sec: 826,596 | mfu: 22.6% | epoch: 1 | remaining: 34s    
step 01690 (88.7%) | loss: 2.867723 | lrm: 0.16 | dt: 159ms | tok/sec: 826,569 | mfu: 22.6% | epoch: 1 | remaining: 34s    
step 01691 (88.8%) | loss: 2.864836 | lrm: 0.16 | dt: 159ms | tok/sec: 826,612 | mfu: 22.6% | epoch: 1 | remaining: 34s    
step 01692 (88.8%) | loss: 2.855070 | lrm: 0.16 | dt: 159ms | tok/sec: 824,822 | mfu: 22.6% | epoch: 1 | remaining: 33s    
step 01693 (88.9%) | loss: 2.855316 | lrm: 0.16 | dt: 159ms | tok/sec: 826,345 | mfu: 22.6% | epoch: 1 | remaining: 33s    
step 01694 (88.9%) | loss: 2.863244 | lrm: 0.16 | dt: 159ms | tok/sec: 826,069 | mfu: 22.6% | epoch: 1 | remaining: 33s    
step 01695 (89.0%) | loss: 2.869841 | lrm: 0.16 | dt: 159ms | tok/sec: 826,737 | mfu: 22.6% | epoch: 1 | remaining: 33s    
step 01696 (89.0%) | loss: 2.866111 | lrm: 0.16 | dt: 159ms | tok/sec: 826,748 | mfu: 22.6% | epoch: 1 | remaining: 33s    
step 01697 (89.1%) | loss: 2.865040 | lrm: 0.16 | dt: 159ms | tok/sec: 826,642 | mfu: 22.6% | epoch: 1 | remaining: 33s    
step 01698 (89.1%) | loss: 2.862864 | lrm: 0.16 | dt: 159ms | tok/sec: 826,656 | mfu: 22.6% | epoch: 1 | remaining: 32s    
step 01699 (89.2%) | loss: 2.869793 | lrm: 0.15 | dt: 159ms | tok/sec: 826,727 | mfu: 22.6% | epoch: 1 | remaining: 32s    
step 01700 (89.2%) | loss: 2.867996 | lrm: 0.15 | dt: 159ms | tok/sec: 826,739 | mfu: 22.6% | epoch: 1 | remaining: 32s    
step 01701 (89.3%) | loss: 2.870959 | lrm: 0.15 | dt: 159ms | tok/sec: 826,681 | mfu: 22.6% | epoch: 1 | remaining: 32s    
step 01702 (89.3%) | loss: 2.868317 | lrm: 0.15 | dt: 159ms | tok/sec: 826,651 | mfu: 22.6% | epoch: 1 | remaining: 32s    
step 01703 (89.4%) | loss: 2.874309 | lrm: 0.15 | dt: 158ms | tok/sec: 826,984 | mfu: 22.6% | epoch: 1 | remaining: 32s    
step 01704 (89.5%) | loss: 2.872138 | lrm: 0.15 | dt: 159ms | tok/sec: 826,589 | mfu: 22.6% | epoch: 1 | remaining: 31s    
step 01705 (89.5%) | loss: 2.868406 | lrm: 0.15 | dt: 159ms | tok/sec: 826,726 | mfu: 22.6% | epoch: 1 | remaining: 31s    
step 01706 (89.6%) | loss: 2.861741 | lrm: 0.15 | dt: 159ms | tok/sec: 826,894 | mfu: 22.6% | epoch: 1 | remaining: 31s    
step 01707 (89.6%) | loss: 2.860033 | lrm: 0.15 | dt: 158ms | tok/sec: 826,957 | mfu: 22.6% | epoch: 1 | remaining: 31s    
step 01708 (89.7%) | loss: 2.860235 | lrm: 0.15 | dt: 159ms | tok/sec: 826,761 | mfu: 22.6% | epoch: 1 | remaining: 31s    
step 01709 (89.7%) | loss: 2.863749 | lrm: 0.15 | dt: 159ms | tok/sec: 826,719 | mfu: 22.6% | epoch: 1 | remaining: 31s    
step 01710 (89.8%) | loss: 2.861736 | lrm: 0.15 | dt: 159ms | tok/sec: 826,939 | mfu: 22.6% | epoch: 1 | remaining: 31s    
step 01711 (89.8%) | loss: 2.866200 | lrm: 0.15 | dt: 159ms | tok/sec: 826,835 | mfu: 22.6% | epoch: 1 | remaining: 30s    
step 01712 (89.9%) | loss: 2.860787 | lrm: 0.14 | dt: 159ms | tok/sec: 826,628 | mfu: 22.6% | epoch: 1 | remaining: 30s    
step 01713 (89.9%) | loss: 2.864528 | lrm: 0.14 | dt: 159ms | tok/sec: 826,567 | mfu: 22.6% | epoch: 1 | remaining: 30s    
step 01714 (90.0%) | loss: 2.866077 | lrm: 0.14 | dt: 159ms | tok/sec: 826,889 | mfu: 22.6% | epoch: 1 | remaining: 30s    
step 01715 (90.0%) | loss: 2.860440 | lrm: 0.14 | dt: 159ms | tok/sec: 826,716 | mfu: 22.6% | epoch: 1 | remaining: 30s    
step 01716 (90.1%) | loss: 2.857680 | lrm: 0.14 | dt: 158ms | tok/sec: 827,035 | mfu: 22.6% | epoch: 1 | remaining: 30s    
step 01717 (90.1%) | loss: 2.863052 | lrm: 0.14 | dt: 159ms | tok/sec: 826,619 | mfu: 22.6% | epoch: 1 | remaining: 29s    
step 01718 (90.2%) | loss: 2.863228 | lrm: 0.14 | dt: 159ms | tok/sec: 826,763 | mfu: 22.6% | epoch: 1 | remaining: 29s    
step 01719 (90.2%) | loss: 2.852973 | lrm: 0.14 | dt: 159ms | tok/sec: 826,561 | mfu: 22.6% | epoch: 1 | remaining: 29s    
step 01720 (90.3%) | loss: 2.849126 | lrm: 0.14 | dt: 159ms | tok/sec: 826,889 | mfu: 22.6% | epoch: 1 | remaining: 29s    
step 01721 (90.3%) | loss: 2.848260 | lrm: 0.14 | dt: 159ms | tok/sec: 826,579 | mfu: 22.6% | epoch: 1 | remaining: 29s    
step 01722 (90.4%) | loss: 2.854947 | lrm: 0.14 | dt: 159ms | tok/sec: 826,589 | mfu: 22.6% | epoch: 1 | remaining: 29s    
step 01723 (90.5%) | loss: 2.854806 | lrm: 0.14 | dt: 159ms | tok/sec: 826,530 | mfu: 22.6% | epoch: 1 | remaining: 28s    
step 01724 (90.5%) | loss: 2.859887 | lrm: 0.14 | dt: 159ms | tok/sec: 826,766 | mfu: 22.6% | epoch: 1 | remaining: 28s    
step 01725 (90.6%) | loss: 2.864065 | lrm: 0.13 | dt: 159ms | tok/sec: 826,778 | mfu: 22.6% | epoch: 1 | remaining: 28s    
step 01726 (90.6%) | loss: 2.859859 | lrm: 0.13 | dt: 159ms | tok/sec: 826,923 | mfu: 22.6% | epoch: 1 | remaining: 28s    
step 01727 (90.7%) | loss: 2.865403 | lrm: 0.13 | dt: 159ms | tok/sec: 826,664 | mfu: 22.6% | epoch: 1 | remaining: 28s    
step 01728 (90.7%) | loss: 2.863877 | lrm: 0.13 | dt: 159ms | tok/sec: 826,821 | mfu: 22.6% | epoch: 1 | remaining: 28s    
step 01729 (90.8%) | loss: 2.863211 | lrm: 0.13 | dt: 159ms | tok/sec: 826,923 | mfu: 22.6% | epoch: 1 | remaining: 28s    
step 01730 (90.8%) | loss: 2.865548 | lrm: 0.13 | dt: 159ms | tok/sec: 826,823 | mfu: 22.6% | epoch: 1 | remaining: 27s    
step 01731 (90.9%) | loss: 2.860944 | lrm: 0.13 | dt: 159ms | tok/sec: 826,560 | mfu: 22.6% | epoch: 1 | remaining: 27s    
step 01732 (90.9%) | loss: 2.857511 | lrm: 0.13 | dt: 159ms | tok/sec: 826,586 | mfu: 22.6% | epoch: 1 | remaining: 27s    
step 01733 (91.0%) | loss: 2.867094 | lrm: 0.13 | dt: 159ms | tok/sec: 826,781 | mfu: 22.6% | epoch: 1 | remaining: 27s    
step 01734 (91.0%) | loss: 2.866639 | lrm: 0.13 | dt: 159ms | tok/sec: 826,613 | mfu: 22.6% | epoch: 1 | remaining: 27s    
step 01735 (91.1%) | loss: 2.862035 | lrm: 0.13 | dt: 159ms | tok/sec: 826,814 | mfu: 22.6% | epoch: 1 | remaining: 27s    
step 01736 (91.1%) | loss: 2.867923 | lrm: 0.13 | dt: 159ms | tok/sec: 826,613 | mfu: 22.6% | epoch: 1 | remaining: 26s    
step 01737 (91.2%) | loss: 2.861346 | lrm: 0.13 | dt: 159ms | tok/sec: 826,752 | mfu: 22.6% | epoch: 1 | remaining: 26s    
step 01738 (91.2%) | loss: 2.868088 | lrm: 0.13 | dt: 159ms | tok/sec: 826,761 | mfu: 22.6% | epoch: 1 | remaining: 26s    
step 01739 (91.3%) | loss: 2.869010 | lrm: 0.12 | dt: 159ms | tok/sec: 826,596 | mfu: 22.6% | epoch: 1 | remaining: 26s    
step 01740 (91.4%) | loss: 2.868614 | lrm: 0.12 | dt: 159ms | tok/sec: 826,809 | mfu: 22.6% | epoch: 1 | remaining: 26s    
step 01741 (91.4%) | loss: 2.868699 | lrm: 0.12 | dt: 159ms | tok/sec: 826,550 | mfu: 22.6% | epoch: 1 | remaining: 26s    
step 01742 (91.5%) | loss: 2.870234 | lrm: 0.12 | dt: 158ms | tok/sec: 826,976 | mfu: 22.6% | epoch: 1 | remaining: 25s    
step 01743 (91.5%) | loss: 2.858752 | lrm: 0.12 | dt: 159ms | tok/sec: 826,564 | mfu: 22.6% | epoch: 1 | remaining: 25s    
step 01744 (91.6%) | loss: 2.865241 | lrm: 0.12 | dt: 159ms | tok/sec: 826,824 | mfu: 22.6% | epoch: 1 | remaining: 25s    
step 01745 (91.6%) | loss: 2.864301 | lrm: 0.12 | dt: 159ms | tok/sec: 826,456 | mfu: 22.6% | epoch: 1 | remaining: 25s    
step 01746 (91.7%) | loss: 2.864887 | lrm: 0.12 | dt: 159ms | tok/sec: 826,637 | mfu: 22.6% | epoch: 1 | remaining: 25s    
step 01747 (91.7%) | loss: 2.868333 | lrm: 0.12 | dt: 159ms | tok/sec: 826,599 | mfu: 22.6% | epoch: 1 | remaining: 25s    
step 01748 (91.8%) | loss: 2.867740 | lrm: 0.12 | dt: 159ms | tok/sec: 826,746 | mfu: 22.6% | epoch: 1 | remaining: 25s    
step 01749 (91.8%) | loss: 2.864740 | lrm: 0.12 | dt: 158ms | tok/sec: 826,980 | mfu: 22.6% | epoch: 1 | remaining: 24s    
step 01750 (91.9%) | loss: 2.865367 | lrm: 0.12 | dt: 159ms | tok/sec: 826,573 | mfu: 22.6% | epoch: 1 | remaining: 24s    
step 01751 (91.9%) | loss: 2.872465 | lrm: 0.12 | dt: 159ms | tok/sec: 826,811 | mfu: 22.6% | epoch: 1 | remaining: 24s    
step 01752 (92.0%) | loss: 2.864588 | lrm: 0.11 | dt: 159ms | tok/sec: 826,740 | mfu: 22.6% | epoch: 1 | remaining: 24s    
step 01753 (92.0%) | loss: 2.861923 | lrm: 0.11 | dt: 159ms | tok/sec: 826,637 | mfu: 22.6% | epoch: 1 | remaining: 24s    
step 01754 (92.1%) | loss: 2.856861 | lrm: 0.11 | dt: 159ms | tok/sec: 826,882 | mfu: 22.6% | epoch: 1 | remaining: 24s    
step 01755 (92.1%) | loss: 2.866069 | lrm: 0.11 | dt: 159ms | tok/sec: 826,855 | mfu: 22.6% | epoch: 1 | remaining: 23s    
step 01756 (92.2%) | loss: 2.867228 | lrm: 0.11 | dt: 159ms | tok/sec: 826,809 | mfu: 22.6% | epoch: 1 | remaining: 23s    
step 01757 (92.3%) | loss: 2.863982 | lrm: 0.11 | dt: 159ms | tok/sec: 826,619 | mfu: 22.6% | epoch: 1 | remaining: 23s    
step 01758 (92.3%) | loss: 2.866066 | lrm: 0.11 | dt: 159ms | tok/sec: 826,520 | mfu: 22.6% | epoch: 1 | remaining: 23s    
step 01759 (92.4%) | loss: 2.866661 | lrm: 0.11 | dt: 159ms | tok/sec: 826,834 | mfu: 22.6% | epoch: 1 | remaining: 23s    
step 01760 (92.4%) | loss: 2.867958 | lrm: 0.11 | dt: 159ms | tok/sec: 826,842 | mfu: 22.6% | epoch: 1 | remaining: 23s    
step 01761 (92.5%) | loss: 2.862755 | lrm: 0.11 | dt: 159ms | tok/sec: 826,724 | mfu: 22.6% | epoch: 1 | remaining: 22s    
step 01762 (92.5%) | loss: 2.863252 | lrm: 0.11 | dt: 159ms | tok/sec: 826,753 | mfu: 22.6% | epoch: 1 | remaining: 22s    
step 01763 (92.6%) | loss: 2.860375 | lrm: 0.11 | dt: 159ms | tok/sec: 826,628 | mfu: 22.6% | epoch: 1 | remaining: 22s    
step 01764 (92.6%) | loss: 2.860268 | lrm: 0.11 | dt: 159ms | tok/sec: 826,753 | mfu: 22.6% | epoch: 1 | remaining: 22s    
step 01765 (92.7%) | loss: 2.858417 | lrm: 0.10 | dt: 159ms | tok/sec: 826,763 | mfu: 22.6% | epoch: 1 | remaining: 22s    
step 01766 (92.7%) | loss: 2.862910 | lrm: 0.10 | dt: 159ms | tok/sec: 826,755 | mfu: 22.6% | epoch: 1 | remaining: 22s    
step 01767 (92.8%) | loss: 2.876071 | lrm: 0.10 | dt: 159ms | tok/sec: 826,707 | mfu: 22.6% | epoch: 1 | remaining: 22s    
step 01768 (92.8%) | loss: 2.873983 | lrm: 0.10 | dt: 159ms | tok/sec: 826,628 | mfu: 22.6% | epoch: 1 | remaining: 21s    
step 01769 (92.9%) | loss: 2.869275 | lrm: 0.10 | dt: 159ms | tok/sec: 826,607 | mfu: 22.6% | epoch: 1 | remaining: 21s    
step 01770 (92.9%) | loss: 2.871746 | lrm: 0.10 | dt: 159ms | tok/sec: 826,569 | mfu: 22.6% | epoch: 1 | remaining: 21s    
step 01771 (93.0%) | loss: 2.873305 | lrm: 0.10 | dt: 159ms | tok/sec: 826,860 | mfu: 22.6% | epoch: 1 | remaining: 21s    
step 01772 (93.0%) | loss: 2.871530 | lrm: 0.10 | dt: 159ms | tok/sec: 826,714 | mfu: 22.6% | epoch: 1 | remaining: 21s    
step 01773 (93.1%) | loss: 2.871175 | lrm: 0.10 | dt: 159ms | tok/sec: 826,606 | mfu: 22.6% | epoch: 1 | remaining: 21s    
step 01774 (93.1%) | loss: 2.865127 | lrm: 0.10 | dt: 159ms | tok/sec: 826,829 | mfu: 22.6% | epoch: 1 | remaining: 20s    
step 01775 (93.2%) | loss: 2.861130 | lrm: 0.10 | dt: 159ms | tok/sec: 826,691 | mfu: 22.6% | epoch: 1 | remaining: 20s    
step 01776 (93.3%) | loss: 2.859854 | lrm: 0.10 | dt: 159ms | tok/sec: 826,522 | mfu: 22.6% | epoch: 1 | remaining: 20s    
step 01777 (93.3%) | loss: 2.863737 | lrm: 0.10 | dt: 158ms | tok/sec: 827,031 | mfu: 22.6% | epoch: 1 | remaining: 20s    
step 01778 (93.4%) | loss: 2.869608 | lrm: 0.09 | dt: 159ms | tok/sec: 826,593 | mfu: 22.6% | epoch: 1 | remaining: 20s    
step 01779 (93.4%) | loss: 2.870958 | lrm: 0.09 | dt: 159ms | tok/sec: 826,476 | mfu: 22.6% | epoch: 1 | remaining: 20s    
step 01780 (93.5%) | loss: 2.868403 | lrm: 0.09 | dt: 159ms | tok/sec: 826,490 | mfu: 22.6% | epoch: 1 | remaining: 19s    
step 01781 (93.5%) | loss: 2.873184 | lrm: 0.09 | dt: 159ms | tok/sec: 826,746 | mfu: 22.6% | epoch: 1 | remaining: 19s    
step 01782 (93.6%) | loss: 2.872264 | lrm: 0.09 | dt: 159ms | tok/sec: 826,469 | mfu: 22.6% | epoch: 1 | remaining: 19s    
step 01783 (93.6%) | loss: 2.873108 | lrm: 0.09 | dt: 159ms | tok/sec: 826,640 | mfu: 22.6% | epoch: 1 | remaining: 19s    
step 01784 (93.7%) | loss: 2.874659 | lrm: 0.09 | dt: 159ms | tok/sec: 826,690 | mfu: 22.6% | epoch: 1 | remaining: 19s    
step 01785 (93.7%) | loss: 2.867566 | lrm: 0.09 | dt: 159ms | tok/sec: 826,715 | mfu: 22.6% | epoch: 1 | remaining: 19s    
step 01786 (93.8%) | loss: 2.870911 | lrm: 0.09 | dt: 159ms | tok/sec: 825,944 | mfu: 22.6% | epoch: 1 | remaining: 18s    
step 01787 (93.8%) | loss: 2.864096 | lrm: 0.09 | dt: 159ms | tok/sec: 826,209 | mfu: 22.6% | epoch: 1 | remaining: 18s    
step 01788 (93.9%) | loss: 2.863229 | lrm: 0.09 | dt: 159ms | tok/sec: 826,315 | mfu: 22.6% | epoch: 1 | remaining: 18s    
step 01789 (93.9%) | loss: 2.853793 | lrm: 0.09 | dt: 159ms | tok/sec: 826,531 | mfu: 22.6% | epoch: 1 | remaining: 18s    
step 01790 (94.0%) | loss: 2.850409 | lrm: 0.09 | dt: 159ms | tok/sec: 826,613 | mfu: 22.6% | epoch: 1 | remaining: 18s    
step 01791 (94.0%) | loss: 2.844269 | lrm: 0.09 | dt: 159ms | tok/sec: 826,654 | mfu: 22.6% | epoch: 1 | remaining: 18s    
step 01792 (94.1%) | loss: 2.848998 | lrm: 0.08 | dt: 159ms | tok/sec: 826,471 | mfu: 22.6% | epoch: 1 | remaining: 18s    
step 01793 (94.2%) | loss: 2.852054 | lrm: 0.08 | dt: 159ms | tok/sec: 826,599 | mfu: 22.6% | epoch: 1 | remaining: 17s    
step 01794 (94.2%) | loss: 2.851085 | lrm: 0.08 | dt: 159ms | tok/sec: 826,528 | mfu: 22.6% | epoch: 1 | remaining: 17s    
step 01795 (94.3%) | loss: 2.852548 | lrm: 0.08 | dt: 159ms | tok/sec: 826,655 | mfu: 22.6% | epoch: 1 | remaining: 17s    
step 01796 (94.3%) | loss: 2.855298 | lrm: 0.08 | dt: 159ms | tok/sec: 826,639 | mfu: 22.6% | epoch: 1 | remaining: 17s    
step 01797 (94.4%) | loss: 2.847446 | lrm: 0.08 | dt: 159ms | tok/sec: 826,946 | mfu: 22.6% | epoch: 1 | remaining: 17s    
step 01798 (94.4%) | loss: 2.845847 | lrm: 0.08 | dt: 159ms | tok/sec: 826,680 | mfu: 22.6% | epoch: 1 | remaining: 17s    
step 01799 (94.5%) | loss: 2.850516 | lrm: 0.08 | dt: 159ms | tok/sec: 826,469 | mfu: 22.6% | epoch: 1 | remaining: 16s    
step 01800 (94.5%) | loss: 2.842691 | lrm: 0.08 | dt: 159ms | tok/sec: 826,796 | mfu: 22.6% | epoch: 1 | remaining: 16s    
step 01801 (94.6%) | loss: 2.842645 | lrm: 0.08 | dt: 159ms | tok/sec: 826,661 | mfu: 22.6% | epoch: 1 | remaining: 16s    
step 01802 (94.6%) | loss: 2.845332 | lrm: 0.08 | dt: 159ms | tok/sec: 826,285 | mfu: 22.6% | epoch: 1 | remaining: 16s    
step 01803 (94.7%) | loss: 2.843116 | lrm: 0.08 | dt: 159ms | tok/sec: 826,736 | mfu: 22.6% | epoch: 1 | remaining: 16s    
step 01804 (94.7%) | loss: 2.852256 | lrm: 0.08 | dt: 159ms | tok/sec: 826,412 | mfu: 22.6% | epoch: 1 | remaining: 16s    
step 01805 (94.8%) | loss: 2.850863 | lrm: 0.07 | dt: 158ms | tok/sec: 826,970 | mfu: 22.6% | epoch: 1 | remaining: 15s    
step 01806 (94.8%) | loss: 2.844474 | lrm: 0.07 | dt: 159ms | tok/sec: 826,459 | mfu: 22.6% | epoch: 1 | remaining: 15s    
step 01807 (94.9%) | loss: 2.848681 | lrm: 0.07 | dt: 159ms | tok/sec: 826,735 | mfu: 22.6% | epoch: 1 | remaining: 15s    
step 01808 (94.9%) | loss: 2.846384 | lrm: 0.07 | dt: 159ms | tok/sec: 826,571 | mfu: 22.6% | epoch: 1 | remaining: 15s    
step 01809 (95.0%) | loss: 2.857190 | lrm: 0.07 | dt: 159ms | tok/sec: 826,654 | mfu: 22.6% | epoch: 1 | remaining: 15s    
step 01810 (95.1%) | loss: 2.852188 | lrm: 0.07 | dt: 159ms | tok/sec: 826,609 | mfu: 22.6% | epoch: 1 | remaining: 15s    
step 01811 (95.1%) | loss: 2.848748 | lrm: 0.07 | dt: 159ms | tok/sec: 826,860 | mfu: 22.6% | epoch: 1 | remaining: 15s    
step 01812 (95.2%) | loss: 2.845627 | lrm: 0.07 | dt: 159ms | tok/sec: 826,495 | mfu: 22.6% | epoch: 1 | remaining: 14s    
step 01813 (95.2%) | loss: 2.843590 | lrm: 0.07 | dt: 159ms | tok/sec: 826,602 | mfu: 22.6% | epoch: 1 | remaining: 14s    
step 01814 (95.3%) | loss: 2.844881 | lrm: 0.07 | dt: 159ms | tok/sec: 826,789 | mfu: 22.6% | epoch: 1 | remaining: 14s    
step 01815 (95.3%) | loss: 2.849675 | lrm: 0.07 | dt: 159ms | tok/sec: 826,592 | mfu: 22.6% | epoch: 1 | remaining: 14s    
step 01816 (95.4%) | loss: 2.845290 | lrm: 0.07 | dt: 159ms | tok/sec: 826,642 | mfu: 22.6% | epoch: 1 | remaining: 14s    
step 01817 (95.4%) | loss: 2.845060 | lrm: 0.07 | dt: 159ms | tok/sec: 826,761 | mfu: 22.6% | epoch: 1 | remaining: 14s    
step 01818 (95.5%) | loss: 2.841198 | lrm: 0.06 | dt: 159ms | tok/sec: 826,613 | mfu: 22.6% | epoch: 1 | remaining: 13s    
step 01819 (95.5%) | loss: 2.838744 | lrm: 0.06 | dt: 159ms | tok/sec: 826,849 | mfu: 22.6% | epoch: 1 | remaining: 13s    
step 01820 (95.6%) | loss: 2.835771 | lrm: 0.06 | dt: 159ms | tok/sec: 826,782 | mfu: 22.6% | epoch: 1 | remaining: 13s    
step 01821 (95.6%) | loss: 2.833236 | lrm: 0.06 | dt: 159ms | tok/sec: 826,819 | mfu: 22.6% | epoch: 1 | remaining: 13s    
step 01822 (95.7%) | loss: 2.837015 | lrm: 0.06 | dt: 159ms | tok/sec: 826,668 | mfu: 22.6% | epoch: 1 | remaining: 13s    
step 01823 (95.7%) | loss: 2.840261 | lrm: 0.06 | dt: 159ms | tok/sec: 826,787 | mfu: 22.6% | epoch: 1 | remaining: 13s    
step 01824 (95.8%) | loss: 2.835249 | lrm: 0.06 | dt: 159ms | tok/sec: 826,639 | mfu: 22.6% | epoch: 1 | remaining: 12s    
step 01825 (95.8%) | loss: 2.841861 | lrm: 0.06 | dt: 159ms | tok/sec: 826,592 | mfu: 22.6% | epoch: 1 | remaining: 12s    
step 01826 (95.9%) | loss: 2.842804 | lrm: 0.06 | dt: 159ms | tok/sec: 826,793 | mfu: 22.6% | epoch: 1 | remaining: 12s    
step 01827 (96.0%) | loss: 2.846416 | lrm: 0.06 | dt: 159ms | tok/sec: 826,486 | mfu: 22.6% | epoch: 1 | remaining: 12s    
step 01828 (96.0%) | loss: 2.848328 | lrm: 0.06 | dt: 159ms | tok/sec: 826,721 | mfu: 22.6% | epoch: 1 | remaining: 12s    
step 01829 (96.1%) | loss: 2.842876 | lrm: 0.06 | dt: 159ms | tok/sec: 826,756 | mfu: 22.6% | epoch: 1 | remaining: 12s    
step 01830 (96.1%) | loss: 2.845482 | lrm: 0.06 | dt: 159ms | tok/sec: 826,649 | mfu: 22.6% | epoch: 1 | remaining: 12s    
step 01831 (96.2%) | loss: 2.844453 | lrm: 0.05 | dt: 159ms | tok/sec: 826,742 | mfu: 22.6% | epoch: 1 | remaining: 11s    
step 01832 (96.2%) | loss: 2.841305 | lrm: 0.05 | dt: 159ms | tok/sec: 826,601 | mfu: 22.6% | epoch: 1 | remaining: 11s    
step 01833 (96.3%) | loss: 2.837831 | lrm: 0.05 | dt: 159ms | tok/sec: 826,491 | mfu: 22.6% | epoch: 1 | remaining: 11s    
step 01834 (96.3%) | loss: 2.836735 | lrm: 0.05 | dt: 159ms | tok/sec: 826,642 | mfu: 22.6% | epoch: 1 | remaining: 11s    
step 01835 (96.4%) | loss: 2.837947 | lrm: 0.05 | dt: 159ms | tok/sec: 826,745 | mfu: 22.6% | epoch: 1 | remaining: 11s    
step 01836 (96.4%) | loss: 2.838465 | lrm: 0.05 | dt: 159ms | tok/sec: 826,746 | mfu: 22.6% | epoch: 1 | remaining: 11s    
step 01837 (96.5%) | loss: 2.845068 | lrm: 0.05 | dt: 159ms | tok/sec: 826,743 | mfu: 22.6% | epoch: 1 | remaining: 10s    
step 01838 (96.5%) | loss: 2.848355 | lrm: 0.05 | dt: 159ms | tok/sec: 826,788 | mfu: 22.6% | epoch: 1 | remaining: 10s    
step 01839 (96.6%) | loss: 2.845772 | lrm: 0.05 | dt: 159ms | tok/sec: 826,639 | mfu: 22.6% | epoch: 1 | remaining: 10s    
step 01840 (96.6%) | loss: 2.848024 | lrm: 0.05 | dt: 159ms | tok/sec: 826,731 | mfu: 22.6% | epoch: 1 | remaining: 10s    
step 01841 (96.7%) | loss: 2.849400 | lrm: 0.05 | dt: 159ms | tok/sec: 826,550 | mfu: 22.6% | epoch: 1 | remaining: 10s    
step 01842 (96.7%) | loss: 2.851546 | lrm: 0.05 | dt: 159ms | tok/sec: 826,448 | mfu: 22.6% | epoch: 1 | remaining: 10s    
step 01843 (96.8%) | loss: 2.844912 | lrm: 0.05 | dt: 159ms | tok/sec: 826,766 | mfu: 22.6% | epoch: 1 | remaining: 9s    
step 01844 (96.8%) | loss: 2.852409 | lrm: 0.05 | dt: 159ms | tok/sec: 826,579 | mfu: 22.6% | epoch: 1 | remaining: 9s    
step 01845 (96.9%) | loss: 2.851247 | lrm: 0.04 | dt: 159ms | tok/sec: 826,819 | mfu: 22.6% | epoch: 1 | remaining: 9s    
step 01846 (97.0%) | loss: 2.848982 | lrm: 0.04 | dt: 159ms | tok/sec: 826,823 | mfu: 22.6% | epoch: 1 | remaining: 9s    
step 01847 (97.0%) | loss: 2.847620 | lrm: 0.04 | dt: 159ms | tok/sec: 826,933 | mfu: 22.6% | epoch: 1 | remaining: 9s    
step 01848 (97.1%) | loss: 2.847761 | lrm: 0.04 | dt: 159ms | tok/sec: 826,671 | mfu: 22.6% | epoch: 1 | remaining: 9s    
step 01849 (97.1%) | loss: 2.851140 | lrm: 0.04 | dt: 159ms | tok/sec: 826,942 | mfu: 22.6% | epoch: 1 | remaining: 9s    
step 01850 (97.2%) | loss: 2.845413 | lrm: 0.04 | dt: 159ms | tok/sec: 826,746 | mfu: 22.6% | epoch: 1 | remaining: 8s    
step 01851 (97.2%) | loss: 2.849017 | lrm: 0.04 | dt: 159ms | tok/sec: 826,579 | mfu: 22.6% | epoch: 1 | remaining: 8s    
step 01852 (97.3%) | loss: 2.853267 | lrm: 0.04 | dt: 159ms | tok/sec: 826,798 | mfu: 22.6% | epoch: 1 | remaining: 8s    
step 01853 (97.3%) | loss: 2.849609 | lrm: 0.04 | dt: 159ms | tok/sec: 826,705 | mfu: 22.6% | epoch: 1 | remaining: 8s    
step 01854 (97.4%) | loss: 2.847677 | lrm: 0.04 | dt: 159ms | tok/sec: 826,689 | mfu: 22.6% | epoch: 1 | remaining: 8s    
step 01855 (97.4%) | loss: 2.846438 | lrm: 0.04 | dt: 159ms | tok/sec: 826,556 | mfu: 22.6% | epoch: 1 | remaining: 8s    
step 01856 (97.5%) | loss: 2.848366 | lrm: 0.04 | dt: 159ms | tok/sec: 826,829 | mfu: 22.6% | epoch: 1 | remaining: 7s    
step 01857 (97.5%) | loss: 2.850732 | lrm: 0.04 | dt: 159ms | tok/sec: 826,946 | mfu: 22.6% | epoch: 1 | remaining: 7s    
step 01858 (97.6%) | loss: 2.853565 | lrm: 0.03 | dt: 159ms | tok/sec: 826,441 | mfu: 22.6% | epoch: 1 | remaining: 7s    
step 01859 (97.6%) | loss: 2.855728 | lrm: 0.03 | dt: 159ms | tok/sec: 826,601 | mfu: 22.6% | epoch: 1 | remaining: 7s    
step 01860 (97.7%) | loss: 2.854250 | lrm: 0.03 | dt: 159ms | tok/sec: 826,831 | mfu: 22.6% | epoch: 1 | remaining: 7s    
step 01861 (97.7%) | loss: 2.855667 | lrm: 0.03 | dt: 159ms | tok/sec: 826,924 | mfu: 22.6% | epoch: 1 | remaining: 7s    
step 01862 (97.8%) | loss: 2.851135 | lrm: 0.03 | dt: 159ms | tok/sec: 826,556 | mfu: 22.6% | epoch: 1 | remaining: 6s    
step 01863 (97.9%) | loss: 2.845651 | lrm: 0.03 | dt: 159ms | tok/sec: 826,689 | mfu: 22.6% | epoch: 1 | remaining: 6s    
step 01864 (97.9%) | loss: 2.837532 | lrm: 0.03 | dt: 159ms | tok/sec: 826,655 | mfu: 22.6% | epoch: 1 | remaining: 6s    
step 01865 (98.0%) | loss: 2.841559 | lrm: 0.03 | dt: 159ms | tok/sec: 826,678 | mfu: 22.6% | epoch: 1 | remaining: 6s    
step 01866 (98.0%) | loss: 2.844080 | lrm: 0.03 | dt: 159ms | tok/sec: 826,642 | mfu: 22.6% | epoch: 1 | remaining: 6s    
step 01867 (98.1%) | loss: 2.841060 | lrm: 0.03 | dt: 159ms | tok/sec: 826,432 | mfu: 22.6% | epoch: 1 | remaining: 6s    
step 01868 (98.1%) | loss: 2.839877 | lrm: 0.03 | dt: 159ms | tok/sec: 826,645 | mfu: 22.6% | epoch: 1 | remaining: 5s    
step 01869 (98.2%) | loss: 2.841090 | lrm: 0.03 | dt: 159ms | tok/sec: 826,448 | mfu: 22.6% | epoch: 1 | remaining: 5s    
step 01870 (98.2%) | loss: 2.836320 | lrm: 0.03 | dt: 159ms | tok/sec: 826,596 | mfu: 22.6% | epoch: 1 | remaining: 5s    
step 01871 (98.3%) | loss: 2.834704 | lrm: 0.02 | dt: 159ms | tok/sec: 826,551 | mfu: 22.6% | epoch: 1 | remaining: 5s    
step 01872 (98.3%) | loss: 2.837296 | lrm: 0.02 | dt: 159ms | tok/sec: 826,407 | mfu: 22.6% | epoch: 1 | remaining: 5s    
step 01873 (98.4%) | loss: 2.841152 | lrm: 0.02 | dt: 159ms | tok/sec: 826,807 | mfu: 22.6% | epoch: 1 | remaining: 5s    
step 01874 (98.4%) | loss: 2.844207 | lrm: 0.02 | dt: 159ms | tok/sec: 826,791 | mfu: 22.6% | epoch: 1 | remaining: 5s    
step 01875 (98.5%) | loss: 2.842768 | lrm: 0.02 | dt: 159ms | tok/sec: 826,591 | mfu: 22.6% | epoch: 1 | remaining: 4s    
step 01876 (98.5%) | loss: 2.848998 | lrm: 0.02 | dt: 159ms | tok/sec: 826,801 | mfu: 22.6% | epoch: 1 | remaining: 4s    
step 01877 (98.6%) | loss: 2.854115 | lrm: 0.02 | dt: 159ms | tok/sec: 826,494 | mfu: 22.6% | epoch: 1 | remaining: 4s    
step 01878 (98.6%) | loss: 2.850310 | lrm: 0.02 | dt: 159ms | tok/sec: 826,669 | mfu: 22.6% | epoch: 1 | remaining: 4s    
step 01879 (98.7%) | loss: 2.842336 | lrm: 0.02 | dt: 159ms | tok/sec: 826,785 | mfu: 22.6% | epoch: 1 | remaining: 4s    
step 01880 (98.8%) | loss: 2.843369 | lrm: 0.02 | dt: 159ms | tok/sec: 826,735 | mfu: 22.6% | epoch: 1 | remaining: 4s    
step 01881 (98.8%) | loss: 2.847088 | lrm: 0.02 | dt: 159ms | tok/sec: 826,438 | mfu: 22.6% | epoch: 1 | remaining: 3s    
step 01882 (98.9%) | loss: 2.837255 | lrm: 0.02 | dt: 159ms | tok/sec: 826,480 | mfu: 22.6% | epoch: 1 | remaining: 3s    
step 01883 (98.9%) | loss: 2.829939 | lrm: 0.02 | dt: 159ms | tok/sec: 826,622 | mfu: 22.6% | epoch: 1 | remaining: 3s    
step 01884 (99.0%) | loss: 2.831697 | lrm: 0.01 | dt: 159ms | tok/sec: 826,910 | mfu: 22.6% | epoch: 1 | remaining: 3s    
step 01885 (99.0%) | loss: 2.837906 | lrm: 0.01 | dt: 159ms | tok/sec: 826,581 | mfu: 22.6% | epoch: 1 | remaining: 3s    
step 01886 (99.1%) | loss: 2.833683 | lrm: 0.01 | dt: 159ms | tok/sec: 826,740 | mfu: 22.6% | epoch: 1 | remaining: 3s    
step 01887 (99.1%) | loss: 2.833940 | lrm: 0.01 | dt: 159ms | tok/sec: 826,890 | mfu: 22.6% | epoch: 1 | remaining: 2s    
step 01888 (99.2%) | loss: 2.836155 | lrm: 0.01 | dt: 159ms | tok/sec: 826,645 | mfu: 22.6% | epoch: 1 | remaining: 2s    
step 01889 (99.2%) | loss: 2.838772 | lrm: 0.01 | dt: 159ms | tok/sec: 826,812 | mfu: 22.6% | epoch: 1 | remaining: 2s    
step 01890 (99.3%) | loss: 2.839222 | lrm: 0.01 | dt: 159ms | tok/sec: 826,742 | mfu: 22.6% | epoch: 1 | remaining: 2s    
step 01891 (99.3%) | loss: 2.839157 | lrm: 0.01 | dt: 159ms | tok/sec: 826,806 | mfu: 22.6% | epoch: 1 | remaining: 2s    
step 01892 (99.4%) | loss: 2.829164 | lrm: 0.01 | dt: 159ms | tok/sec: 826,610 | mfu: 22.6% | epoch: 1 | remaining: 2s    
step 01893 (99.4%) | loss: 2.827322 | lrm: 0.01 | dt: 159ms | tok/sec: 826,555 | mfu: 22.6% | epoch: 1 | remaining: 2s    
step 01894 (99.5%) | loss: 2.833888 | lrm: 0.01 | dt: 159ms | tok/sec: 826,634 | mfu: 22.6% | epoch: 1 | remaining: 1s    
step 01895 (99.5%) | loss: 2.832863 | lrm: 0.01 | dt: 159ms | tok/sec: 826,801 | mfu: 22.6% | epoch: 1 | remaining: 1s    
step 01896 (99.6%) | loss: 2.830462 | lrm: 0.01 | dt: 159ms | tok/sec: 826,663 | mfu: 22.6% | epoch: 1 | remaining: 1s    
step 01897 (99.7%) | loss: 2.829848 | lrm: 0.00 | dt: 159ms | tok/sec: 826,409 | mfu: 22.6% | epoch: 1 | remaining: 1s    
step 01898 (99.7%) | loss: 2.831266 | lrm: 0.00 | dt: 159ms | tok/sec: 826,736 | mfu: 22.6% | epoch: 1 | remaining: 1s    
step 01899 (99.8%) | loss: 2.832325 | lrm: 0.00 | dt: 159ms | tok/sec: 826,853 | mfu: 22.6% | epoch: 1 | remaining: 1s    
step 01900 (99.8%) | loss: 2.825684 | lrm: 0.00 | dt: 159ms | tok/sec: 826,857 | mfu: 22.6% | epoch: 1 | remaining: 0s    
step 01901 (99.9%) | loss: 2.828604 | lrm: 0.00 | dt: 159ms | tok/sec: 826,783 | mfu: 22.6% | epoch: 1 | remaining: 0s    
step 01902 (99.9%) | loss: 2.832685 | lrm: 0.00 | dt: 159ms | tok/sec: 826,579 | mfu: 22.6% | epoch: 1 | remaining: 0s    
step 01903 (100.0%) | loss: 2.834519 | lrm: 0.00 | dt: 159ms | tok/sec: 826,743 | mfu: 22.6% | epoch: 1 | remaining: 0s    $RLTLDR_ROOT/runner_ws/.venv/lib/python3.10/site-packages/torch/nn/attention/flex_attention.py:1687: UserWarning: flex_attention called without torch.compile() - this will use an unfused implementation that materializes the full scores matrix instead of generating a fused kernel.

SOLUTION: Use torch.compile(flex_attention)(...)

If you want to debug your score_mod/mask_mod, you can set:
torch.nn.attention.flex_attention._FLEX_ATTENTION_DISABLE_COMPILE_DEBUG = True

This will allow you to use print statements or breakpoints. Note: This doesn't work with the backwards pass and may produce incorrect results.
  _warn_once(
E1003 22:23:37.292000 1 .venv/lib/python3.10/site-packages/torch/_inductor/select_algorithm.py:2967] [0/1] Runtime error during autotuning: 
E1003 22:23:37.292000 1 .venv/lib/python3.10/site-packages/torch/_inductor/select_algorithm.py:2967] [0/1] No valid triton configs. OutOfMemoryError: out of resource: triton_flex_attention Required: 163840 Hardware limit:101376 Reducing block sizes or `num_stages` may help.. 
E1003 22:23:37.292000 1 .venv/lib/python3.10/site-packages/torch/_inductor/select_algorithm.py:2967] [0/1] Ignoring this choice.
E1003 22:23:37.354000 1 .venv/lib/python3.10/site-packages/torch/_inductor/select_algorithm.py:2967] [0/1] Runtime error during autotuning: 
E1003 22:23:37.354000 1 .venv/lib/python3.10/site-packages/torch/_inductor/select_algorithm.py:2967] [0/1] No valid triton configs. OutOfMemoryError: out of resource: triton_flex_attention Required: 163840 Hardware limit:101376 Reducing block sizes or `num_stages` may help.. 
E1003 22:23:37.354000 1 .venv/lib/python3.10/site-packages/torch/_inductor/select_algorithm.py:2967] [0/1] Ignoring this choice.
Autotune Choices Stats:
{"num_choices": 6, "num_triton_choices": 6, "best_kernel": "triton_flex_attention_2862", "best_kernel_desc": "BLOCKS_ARE_CONTIGUOUS=False, BLOCK_M=128, BLOCK_N=64, FLOAT32_PRECISION=\"'tf32'\", GQA_SHARED_HEADS=1, HAS_FULL_BLOCKS=True, IS_DIVISIBLE=True, OUTPUT_LOGSUMEXP=False, OUTPUT_MAX=False, PRESCALE_QK=False, QK_HEAD_DIM=128, QK_HEAD_DIM_ROUNDED=128, ROWS_GUARANTEED_SAFE=False, SAFE_HEAD_DIM=True, SM_SCALE=0.08838834764831843, SPARSE_KV_BLOCK_SIZE=128, SPARSE_Q_BLOCK_SIZE=128, USE_TMA=False, V_HEAD_DIM=128, V_HEAD_DIM_ROUNDED=128, WRITE_DQ=True, num_stages=2, num_warps=8", "best_time": 3.6679680347442627, "best_triton_pos": 0}
AUTOTUNE flex_attention(64x4x2048x128, 64x4x2048x128, 64x4x2048x128, 64x4x2048, 64x4x2048, 1x1x16, 1x1x16x16, 1x1x16, 1x1x16x16)
strides: [1048576, 128, 512, 1], [1048576, 128, 512, 1], [1048576, 128, 512, 1], [8192, 2048, 1], [8192, 2048, 1], [16, 16, 1], [256, 256, 16, 1], [16, 16, 1], [256, 256, 16, 1]
dtypes: torch.bfloat16, torch.bfloat16, torch.bfloat16, torch.float32, torch.float32, torch.int32, torch.int32, torch.int32, torch.int32
  triton_flex_attention_2862 3.6680 ms 100.0% BLOCKS_ARE_CONTIGUOUS=False, BLOCK_M=128, BLOCK_N=64, FLOAT32_PRECISION="'tf32'", GQA_SHARED_HEADS=1, HAS_FULL_BLOCKS=True, IS_DIVISIBLE=True, OUTPUT_LOGSUMEXP=False, OUTPUT_MAX=False, PRESCALE_QK=False, QK_HEAD_DIM=128, QK_HEAD_DIM_ROUNDED=128, ROWS_GUARANTEED_SAFE=False, SAFE_HEAD_DIM=True, SM_SCALE=0.08838834764831843, SPARSE_KV_BLOCK_SIZE=128, SPARSE_Q_BLOCK_SIZE=128, USE_TMA=False, V_HEAD_DIM=128, V_HEAD_DIM_ROUNDED=128, WRITE_DQ=True, num_stages=2, num_warps=8
  triton_flex_attention_2859 3.7089 ms 98.9% BLOCKS_ARE_CONTIGUOUS=False, BLOCK_M=128, BLOCK_N=128, FLOAT32_PRECISION="'tf32'", GQA_SHARED_HEADS=1, HAS_FULL_BLOCKS=True, IS_DIVISIBLE=True, OUTPUT_LOGSUMEXP=False, OUTPUT_MAX=False, PRESCALE_QK=False, QK_HEAD_DIM=128, QK_HEAD_DIM_ROUNDED=128, ROWS_GUARANTEED_SAFE=False, SAFE_HEAD_DIM=True, SM_SCALE=0.08838834764831843, SPARSE_KV_BLOCK_SIZE=128, SPARSE_Q_BLOCK_SIZE=128, USE_TMA=False, V_HEAD_DIM=128, V_HEAD_DIM_ROUNDED=128, WRITE_DQ=True, num_stages=2, num_warps=8
  triton_flex_attention_2857 4.2988 ms 85.3% BLOCKS_ARE_CONTIGUOUS=False, BLOCK_M=128, BLOCK_N=64, FLOAT32_PRECISION="'tf32'", GQA_SHARED_HEADS=1, HAS_FULL_BLOCKS=True, IS_DIVISIBLE=True, OUTPUT_LOGSUMEXP=False, OUTPUT_MAX=False, PRESCALE_QK=False, QK_HEAD_DIM=128, QK_HEAD_DIM_ROUNDED=128, ROWS_GUARANTEED_SAFE=False, SAFE_HEAD_DIM=True, SM_SCALE=0.08838834764831843, SPARSE_KV_BLOCK_SIZE=128, SPARSE_Q_BLOCK_SIZE=128, USE_TMA=False, V_HEAD_DIM=128, V_HEAD_DIM_ROUNDED=128, WRITE_DQ=True, num_stages=3, num_warps=4
  triton_flex_attention_2861 5.2224 ms 70.2% BLOCKS_ARE_CONTIGUOUS=False, BLOCK_M=64, BLOCK_N=64, FLOAT32_PRECISION="'tf32'", GQA_SHARED_HEADS=1, HAS_FULL_BLOCKS=True, IS_DIVISIBLE=True, OUTPUT_LOGSUMEXP=False, OUTPUT_MAX=False, PRESCALE_QK=False, QK_HEAD_DIM=128, QK_HEAD_DIM_ROUNDED=128, ROWS_GUARANTEED_SAFE=False, SAFE_HEAD_DIM=True, SM_SCALE=0.08838834764831843, SPARSE_KV_BLOCK_SIZE=128, SPARSE_Q_BLOCK_SIZE=128, USE_TMA=False, V_HEAD_DIM=128, V_HEAD_DIM_ROUNDED=128, WRITE_DQ=True, num_stages=3, num_warps=4
  triton_flex_attention_2858 inf ms 0.0% BLOCKS_ARE_CONTIGUOUS=False, BLOCK_M=128, BLOCK_N=128, FLOAT32_PRECISION="'tf32'", GQA_SHARED_HEADS=1, HAS_FULL_BLOCKS=True, IS_DIVISIBLE=True, OUTPUT_LOGSUMEXP=False, OUTPUT_MAX=False, PRESCALE_QK=False, QK_HEAD_DIM=128, QK_HEAD_DIM_ROUNDED=128, ROWS_GUARANTEED_SAFE=False, SAFE_HEAD_DIM=True, SM_SCALE=0.08838834764831843, SPARSE_KV_BLOCK_SIZE=128, SPARSE_Q_BLOCK_SIZE=128, USE_TMA=False, V_HEAD_DIM=128, V_HEAD_DIM_ROUNDED=128, WRITE_DQ=True, num_stages=3, num_warps=4
  triton_flex_attention_2860 inf ms 0.0% BLOCKS_ARE_CONTIGUOUS=False, BLOCK_M=64, BLOCK_N=128, FLOAT32_PRECISION="'tf32'", GQA_SHARED_HEADS=1, HAS_FULL_BLOCKS=True, IS_DIVISIBLE=True, OUTPUT_LOGSUMEXP=False, OUTPUT_MAX=False, PRESCALE_QK=False, QK_HEAD_DIM=128, QK_HEAD_DIM_ROUNDED=128, ROWS_GUARANTEED_SAFE=False, SAFE_HEAD_DIM=True, SM_SCALE=0.08838834764831843, SPARSE_KV_BLOCK_SIZE=128, SPARSE_Q_BLOCK_SIZE=128, USE_TMA=False, V_HEAD_DIM=128, V_HEAD_DIM_ROUNDED=128, WRITE_DQ=True, num_stages=3, num_warps=4
SingleProcess AUTOTUNE benchmarking takes 0.2559 seconds and 1.2911 seconds precompiling for 6 choices

---
val_bpb:          1.011202
training_seconds: 300.1
total_seconds:    369.2
peak_vram_mb:     26046.0
mfu_percent:      22.62
total_tokens_M:   249.6
num_steps:        1904
num_params_M:     57.7
depth:            9
