id	hypothesis	priority	status	expected	description	note
I001	H1.1.1	5	done	First feasible run. Accuracy 0.752-0.765 (point estimate ~0.758), time 9-14 s, against 59.3 s for the ResNet9 baseline. If accuracy is below 0.753, the next step is 11 epochs.	Build the first real recipe in submissions/arena/: an airbench96-style net without TTA. Settings: frozen patch-whitening conv (2x2, fit in prepare on real train images), dirac init, widths 128/384/576, depth 3 per block, BatchNorm-bias lr x64, Nesterov SGD lr 9 / wd 0.012 / bs 1024, label smoothing 0.3, lookahead, alternating flip plus translate-2 on GPU. The whole train set lives on the GPU as uint8 and is loaded in prepare. Use channels_last with bf16/fp16 autocast. torch.compile and warmup run in build() on synthetic data, covering the full batch, the final partial batch and eval shapes. Train for 10 epochs. Eval is a plain forward with no TTA and must handle any B from 1 to 1024.	
I002	H1.1.2	4	dropped	Accuracy drops ~0.6-1.0 pp from the 10-epoch run, to about 0.744-0.752 (infeasible). Time drops ~15%. Confirms that the missing TTA costs about 1 epoch.	Same recipe as the H1.1.1 base. Change only the epoch count: 8.5 instead of 10 (same schedule shape, scaled to the shorter run). This tests whether the published 8.5-epoch figure holds without TTA.	ideate: It duplicates I003, which already includes an epoch sweep that adapts to the I001 result (9, or 11 if 10 misses). Running a separate fixed 8.5-epoch point before the knee is known spends a run on a point that is probably infeasible. The H1.1.2 TTA-gap question can be answered from the fitted accuracy-vs-epochs curve from I001/I003. A point at about 8.5 epochs can be added later if that fit leaves it ambiguous.
I003	H1.1.3	4	done	Accuracy rises roughly linearly at about 0.4-0.6 pp per epoch. 9 epochs gives about 0.753-0.756: feasible with ~10% less time than 10 epochs, or a near-miss that pins the knee at about 9.3.	Third point of the epoch sweep on the base recipe: 9 epochs, or 11 if the 10-epoch run missed 0.753. Fit accuracy against epochs with the 8.5 and 10 points and find the knee at 0.753 to within 0.5 epochs.	
I004	H4.1.1	3	done	Accuracy within 0.15 pp and time within 3% of the original run. This sets the inconclusive threshold for later comparisons and the safety margin needed above 0.753.	Rerun the feasible base recipe unchanged (identical commit config, fixed seeds 0-2) to measure the run-to-run noise floor from nondeterministic kernels and timing jitter.	
I005	H1.3.1	3	done	Accuracy drops ~0.3-0.5 pp and time is unchanged. Confirms LS 0.3 for CIFAR-100. If the drop is under 0.15 pp, mark it inconclusive.	Base recipe at its knee epoch count, with label smoothing 0.2 instead of 0.3. Nothing else changes.	
I006	H4.2.1	2	done	Accuracy drops ~0.3-0.6 pp (worth about 1 epoch) and per-seed spread widens. Time falls slightly (<2%) from skipping the averaging step. Confirms lookahead is worth keeping.	Base recipe at its knee epoch count with lookahead removed: plain Nesterov SGD, no weight averaging. Same lr, wd and schedule.	
I007	H1.2.1	2	dropped	At equal epochs, accuracy is +0.3 to +0.8 pp, so 1-1.5 fewer epochs are needed and time is ~10-15% lower at the knee. Risk: Newton-Schulz overhead and a large-batch accuracy drop could cancel the gain.	Explore: on the base recipe, switch the 4D conv filters to Muon (Newton-Schulz orthogonalized momentum, lr ~0.24, momentum 0.6, nesterov). Biases, BatchNorm and the head stay on Nesterov SGD. Use batch size 2000 with linear decay to zero, and keep the epoch count at the SGD knee.	ideate: It changes two things at once: the optimizer (Muon) and the batch size (1024 to 2000, with a new decay schedule). D002 recommends testing Muon first at bs 1024 against E002. It is replaced by a single-change Muon idea at bs 1024 and 9 epochs. Batch 2000 can follow if Muon shows a signal.
I008	H2.3.1	2	done	Time falls ~8-12%. Accuracy drops 0.2-0.5 pp. Net gain only if adding back ≤0.5 epoch recovers 0.753.	Explore: on the feasible base, run the first ~35% of epochs on 24 px random crops and the rest at full 32 px. Compile both resolutions in build(). Same epoch count as the knee.	
I009	H2.2.1	3	done	Time drops about 5-10% against the base at the same epoch count, because Python and kernel-launch overhead is a noticeable share of a run near 10 s. Accuracy stays within 0.2 pp of the base, so feasibility is unchanged. If the gain is under 3%, the step was not launch-bound and H2.2 loses support.	Built on the first feasible airbench96-style base (I001/I003 knee). Make one systems change and leave the recipe alone. Move the whole training step into one torch.compile'd function: forward, backward, Nesterov SGD update and lookahead blend. Apply the update with torch._foreach_* ops (or SGD foreach/fused=True) so there is no per-parameter Python loop. Pass lr and the lookahead schedule as 0-d GPU tensors so changing them never triggers a recompile. Compile and warm up this function in build() on synthetic data, covering the full batch and the final partial batch. Keep the epoch count, seeds, lr, wd, LS and widths identical to the base.	
I010	H1.1.2	5	done	Accuracy about 0.7535-0.7540, extrapolating linearly at the measured 0.31 pp/epoch from 0.7552 at 9 epochs. Time about 7.9 s, down about 5% from 8.34 s. Feasible means a new best and refutes H1.1.2, which predicted 0.744-0.752. If accuracy is below 0.753, the knee is between 8.5 and 9 epochs and the next step is 8.75.	Change one thing in the E002 recipe: the epoch count, from 9 to 8.5. Scale the lr/lookahead schedule to the new total step count, so the shape stays the same over fewer steps. The last half-epoch uses the first half of that epoch's permutation. The final partial batch is still the shape that was compiled in build(). Everything else stays bit-identical to E002 (commit 479b9a3).	
I011	H2.1	3	done	Time down 0-8%, most likely about 3%, with accuracy identical within 0.05 pp. Under 2% means the conv algorithms were already near-optimal, and the remaining systems headroom comes only from the non-conv ops.	Target conv throughput: cuDNN conv kernels are about 75% of GPU time but run at only about 30% of bf16 peak. On the E002 recipe at 9 epochs, set torch.backends.cudnn.benchmark=True before warmup in build() and compile the model step with mode='max-autotune-no-cudagraphs', so Inductor benchmarks its Triton conv/GEMM templates against cuDNN for every shape (full batch, partial batch, eval) on synthetic inputs. All autotuning stays in untimed build(). If the base already has one of these settings, add only the missing one.	
I012	H1.2.1	2	done	Accuracy +0.2 to +0.8 pp at 9 epochs, worth 0.7-2.5 epochs of slack. NS overhead adds 3-6% per step. If accuracy is up by 0.4 pp or more and overhead is 6% or less, follow up at 8 epochs, where a net 8-15% time gain is expected. Accuracy within ±0.1 pp refutes H1.2.1 at this batch size.	Corrected version of I007 that changes only one thing. On the E002 recipe (bs 1024, 9 epochs, same schedule shape), optimize the 4D conv filters (all except the frozen whitening conv) with Muon: Nesterov momentum 0.6, lr about 0.24, 5 Newton-Schulz quintic steps in bf16, with the update scaled by sqrt(max(1, out/in)) on the flattened [out, in*k*k] matrix. BatchNorm biases and the head stay on the existing Nesterov SGD with the same lr/wd. Keep lookahead. Compile the NS loop in build(). Log the optimizer step time separately.	
I013	H1.4.1	1	dropped	Accuracy +0.3 to +0.7 pp at matched main-model steps. Proxy overhead +8-15% time. Net gain only if the accuracy gain is worth more than about 1.5 epochs. Most likely outcome: accuracy up, time up 10%, net neutral or worse at this horizon, which would weaken H1.4.	Explore the airbench96_faster-style batch selection idea. Each step, draw 2048 examples and score them with a tiny proxy CNN (whitening plus widths 32/64/64, depth 1, trained online on the same selected batches with its own SGD). The main model trains on the 1024 with the highest proxy loss. Keep the same number of main-model steps as the 9-epoch base (432), so the main model's per-step cost is unchanged and only proxy cost is added. Compile the proxy in build().	ideate: Proxy-based batch selection (H1.4.1, confidence 0.15) is expected to come out neutral or worse at ~9 epochs: it adds 8-15% proxy overhead for an uncertain gain. Muon (E014: +1.3 pp at 9 epochs) is a much cheaper source of sample efficiency, so this has the lowest expected value in the queue.
I014	H2.2	4	done	Time -1% to -2.5% (8.05-8.18 s vs 8.257 s). Mean accuracy within ±0.15 pp of 0.7542; only tie-breaking in the max gradient can differ. If time improves by less than 0.8% (inside timing jitter), drop pooling as a lever. If the change helps, re-profile and take the next-largest non-conv kernel.	One systems change on the tip recipe (E007 commit 52204ad: 9 epochs, LS 0.2, cudnn.benchmark plus max-autotune-no-cudagraphs). Replace the final global adaptive_max_pool2d (and any other adaptive pool in the net) with an equivalent reduction, x.amax(dim=(2,3)), or F.max_pool2d with a fixed kernel equal to the spatial size. Its backward then becomes a dense masked/eq kernel that Inductor can fuse, instead of the atomic scatter kernel that took 0.48 ms/step (~2.5% of GPU time) in the E003 profile. The forward math is identical. Recompile and warm up in build() for the full batch, the partial batch and eval shapes. Nothing else changes.	E009 crashed: fix and relaunch, or drop it
I015	H1.5.1	3	done	Time -4% to -6% (about 7.8-7.95 s). Accuracy -0.2 to -0.5 pp (0.749-0.752), probably infeasible given the 0.12 pp margin. A drop >=0.3 pp supports H1.5.1: the 576-wide block is worth more than its ~5% time, so the next move is a wider last block (640) with fewer epochs. A drop <=0.15 pp refutes it, and 512 becomes the new base, possibly with +0.25 epoch.	Test the width claim in the direction that saves time. On the tip recipe (E007, 9 epochs), shrink the last block from 576 to 512 channels and keep everything else, head input included, consistent. Block 3 is roughly a third of the network's FLOPs (conv1 at 8x8 plus two convs at 4x4), so this cuts about 5-6% of FLOPs. Record per-epoch time and per-seed accuracy.	
I016	H1.1	3	done	Accuracy +0.05 to +0.3 pp at the same time (8.26 s ±1%). A gain >=0.2 pp creates slack to retry 8.5 epochs (E006 missed by 0.2 pp). A loss means the airbench warmup suits CIFAR-100 already; then try the opposite direction (longer warmup) once before dropping schedule shape.	Schedule shape (D001 flagged that the tree has no node for it). On the tip recipe (E007, 9 epochs), change only the lr schedule's warmup: halve the warmup fraction (for example from ~23% of steps to ~12%), keep the same peak lr 9, and decay linearly to exactly zero at the final step. If the base already decays to zero, change only the warmup fraction. The lookahead schedule stays tied to step count as before.	
I017	H1.5	2	done	Time -4% to -7% (about 7.7-7.95 s). Accuracy -0.1 to -0.4 pp. If the drop is <=0.15 pp, this is a better trade than an epoch: one epoch costs ~0.9 s and ~0.5 pp near the knee. It would then combine with the warmup or Muon gains to stay feasible. A drop >=0.4 pp means early depth matters, so keep depth 3.	Explore where capacity sits. On the tip recipe (E007, 9 epochs), cut the first block's depth from 3 convs to 2: drop one 128->128 3x3 conv at 16x16 and leave blocks 2 and 3 at depth 3. This removes about 6% of the FLOPs, the cheapest-per-accuracy capacity if H1.5 is right that the late layers matter most for a 100-way head. Dirac init, widths and everything else stay unchanged.	
I018	H1.2.1	5	done	New best. Accuracy 0.756-0.764 (point ~0.760): E014's +1.3 pp at 9 epochs minus ~0.8-1.2 pp for one fewer epoch. Time 7.75-8.10 s (point ~7.95 s): tip per-epoch ~0.89 s plus ~0.09 s/epoch Muon overhead measured in E014, times 8 epochs. Below 0.753 would mean Muon's gain collapses at shorter horizons; then retry at 8.5 epochs.	Exploit E014. Port the E014 Muon optimizer exactly as it was onto the tip E010 commit (5aa9aa5: LS 0.2, cudnn.benchmark, max-autotune-no-cudagraphs, F.max_pool2d head). Muon settings: conv filters except the frozen whitening conv, Nesterov momentum 0.6, lr 0.24, 5 quintic NS steps in bf16, update scaled by sqrt(max(1,out/in)) on the flattened [out,in*k*k] matrix. BN biases and the head stay on the existing SGD, and lookahead is kept. Make ONE recipe change: epochs 9 -> 8, with the lr, Muon and lookahead schedules scaled to the new step count. The final partial batch shape is compiled in build(). Before launching, run the one-step finite-gradient check (drafts/debug_nan.py), because the compiled NS and Muon graph is new to the tip's compile mode. Log the optimizer step time separately.	
I019	H1.2.1	4	done	Time 3-5% lower than the 5-step Muon run at the same epoch count (~7.6-7.75 s if that run lands at ~7.95 s). Accuracy within +-0.25 pp of the 5-step run, which is re-draw noise. A drop >0.3 pp means the larger late-block matrices need the full 5 steps; then try 3 steps only on the 128-wide block-1 filters.	Cut Muon's per-step overhead. E014 added ~10% time, or ~1.9 ms/step, for NS. Take the Muon 8-epoch recipe above and change only the Newton-Schulz iteration count from 5 to 3 quintic steps, keeping the same coefficients (airbench94_muon uses 3; D002 C0013-C0015 show final quality is insensitive to exact orthogonalization). Keep everything else identical. Report the optimizer step time per step against the 5-step run.	
I020	H1.2.1	4	done	Accuracy 0.751-0.759 (point ~0.755). Time ~7.3-7.5 s, about 8-10% below the tip. If it is feasible, it reaches H1.2.1's <=7.3 s target region. If it is infeasible by <0.3 pp, combine it with the lr or averaging tuning below rather than trimming further.	Find the Muon knee below 8 epochs. Run this after the Muon 8-epoch run, and only if it scores >=0.758. Take the better of the 5-step and 3-step NS variants and change only the epoch count, from 8 to 7.5. Scale all schedules to the step count. The last half-epoch uses the first half of that epoch's permutation, as in E006.	
I021	H1.2.1	3	done	Accuracy moves by +-0.2-0.5 pp at unchanged time. A gain >=0.25 pp buys ~0.25-0.5 epoch of slack, worth ~3-5% time at the knee. Most likely the effect is within noise (lr 0.24 already near optimal); that settles the lr axis.	Tune Muon's lr, which was inherited untuned from CIFAR-10 airbench94_muon. On the Muon 8-epoch recipe (or 7.5 epochs if that becomes the tip), change only the Muon lr from 0.24 to 0.36. The SGD lr for BN biases and the head stays the same. If it falls by more than 0.25 pp, the follow-up direction is 0.16.	
I022	H1.2.2	2	done	Accuracy 0.5-1.2 pp lower than Muon with lookahead (most likely infeasible). Time ~0.5-1% lower, saving the lookahead blend of ~0.06 s. A drop <=0.25 pp would refute H1.2.2 and make lookahead removable, with averaging work moving to EMA.	Test whether Muon's update normalization replaces averaging. On the Muon 8-epoch recipe, remove lookahead (plain Muon + Nesterov SGD, no weight averaging) and change nothing else. Compare it paired against the Muon 8-epoch run with lookahead. This is purely informative about the H4.2/H1.2 interaction: it decides whether averaging tuning (H1.6) is still worth runs on the Muon base.	
I023	H2.4.1	2	done	Time -0.5% to -2.5%: the elementwise kernels are memory-bound, so the gain is mostly lost compute and smaller than H2.4.1's >=3%. Accuracy within +-0.25 pp. A time change under 1.5% is inconclusive by H4.1; if so, retire this lever.	Systems change that transfers to any recipe. On the current tip (the Muon successor if one is kept, else E010), replace GELU with SiLU everywhere and change nothing else. SiLU's sigmoid is cheaper than GELU's erf, and Inductor may fuse its BN+act backward with less recompute. Run the one-step finite-gradient check under max-autotune-no-cudagraphs first (E009 lesson), and re-profile the Triton elementwise share.	
I024	H2.3.1	1	dropped	Time ~8-9% below the Muon 8-epoch run (a 24 px epoch costs ~59% of a 32 px one, and NS cost per step is unchanged). Accuracy ~0.4-0.6 pp lower. It wins only if it beats the Muon epoch trade-off (~0.18 pp per 1% time); the likely outcome is roughly break-even, which would confirm low-res epochs as a worse trade than fewer epochs.	Combine near-misses. E013's progressive resizing saved 13.9% time but cost 0.8 pp, which was infeasible on the SGD tip with 0.2 pp of margin. Muon's extra accuracy may absorb that cost. On the Muon 8-epoch recipe, run only the first 2 epochs (25%) on 24 px random crops, with the rest at 32 px. Compile both resolutions in build(). Nothing else changes.	ideate: Its base (the Muon 8-epoch run) is no longer the tip: E018 runs 7.5 epochs. The trade is also known to lose. E013 measured low-res epochs at ~0.058 pp per 1% time, while cutting epochs on Muon costs ~0.13 pp per 1% (0.86 pp for ~6.7% time per epoch, E018). Spending accuracy on 24 px epochs is therefore about 2x worse than dropping whole epochs. Expected outcome: break-even at best.
I025	H1.2.1	5	done	Accuracy 0.750-0.759, point estimate ~0.7555 (E018 0.7596 minus ~0.86 pp/epoch x 0.5). Time 6.80-7.05 s, point ~6.92 s (-6% vs 7.39 s). If feasible, this is a new best and gives a ~0.25 pp margin. Bank lr/tail gains before trying 6.5. If it is infeasible by less than 0.3 pp, keep the E018 tip and retry 7.0 after the lr 0.16 or the Muon lr floor change.	Find the Muon knee below 7.5 epochs. On the tip E018 (commit d634e3b: Muon NS3, lr 0.24, momentum 0.6, lookahead, LS 0.2, 7.5 epochs), change only the epoch count from 7.5 to 7.0. Scale the lr, Muon and lookahead schedules to the new total step count. 7 epochs is a whole number, so the half-epoch permutation trick is not needed. The final partial batch shape stays the one compiled in build(). Nothing else changes.	
I026	H2.4	4	done	Muon step GPU time drops from 1.93 ms to ~0.6-1.1 ms. Total time falls 3-6%, from 7.39 s to ~7.0-7.2 s (point ~7.12 s). Accuracy within ±0.25 pp (re-draw only; the math is identical). A gain under 1.5% is inconclusive by H4.1 and means Muon overhead was FLOP-bound, not launch-bound. Applies to whichever epoch count is the tip.	Systems change to the Muon optimizer step only; the recipe math stays the same. Muon currently costs 1.93 ms/step of GPU time (about 10% of the step), mostly as many small kernels: 9 per-param calls, each with momentum, norm and projection ops plus per-iteration NS elementwise work. Replace them with one torch.compile'd Muon step over all conv filters. Do the momentum and Nesterov update with torch._foreach_* ops. Stack same-shape flattened filters within each block (128x1152, 384x3456, 576x5184 pairs) and run the 3 quintic NS iterations as one bmm per shape group. Apply the sqrt(max(1,out/in)) scaling and the weight-norm projection inside the same compiled function. Pass the Muon lr as a 0-d GPU tensor so schedule changes do not recompile. Compile and warm up in build() on synthetic tensors. Run the drafts/debug_nan.py one-step finite-gradient check under max-autotune-no-cudagraphs before launching (E009 lesson). Measure the Muon step GPU time with drafts/time_muon.py before and after.	
I027	H1.2.1	4	done	Accuracy -0.4 to +0.5 pp, point +0.15 pp: E019 shows the optimum is at or below 0.24, but it may be flat between 0.16 and 0.24. Time unchanged (±1.5% jitter). A gain of 0.25 pp or more is real and buys ~0.3 epoch (~4% time at the knee); then try 0.12. A drop of 0.25 pp or more puts the optimum near 0.24 and closes the lr axis.	Pre-registered follow-up to E019 (Muon lr 0.36 cost 1.04 pp on every seed). On the current tip (the 7.0-epoch Muon run if it is kept, else E018 at 7.5 epochs), change only the Muon lr for the conv filters from 0.24 to 0.16. The SGD lr for BN biases, whitening bias and head, the schedule shape, lookahead and NS3 all stay unchanged.	
I028	H1.6.2	3	done	Accuracy +0.0 to +0.4 pp, point +0.15 pp, at unchanged time (±1.5%). A gain of 0.2 pp or more supports H1.6.2 for the Muon group and stacks with the lr 0.16 result to allow ~0.25-0.5 fewer epochs. A drop of 0.15 pp or more (as with SGD's decay-to-zero in E012) means the floor helps; then leave the tail alone.	Lower the end-of-schedule floor for the Muon group only. E019's post-mortem says the Muon lr is an unbuffered per-step relative rotation, and the 0.07x terminal floor leaves end-of-training noise that lookahead cannot average out. On the current tip, change only the Muon group's lr multiplier so it decays linearly to 0 at the final step instead of to 0.07x. The warmup and the rest of the decay keep the same shape. The SGD group (BN biases, head) keeps its existing schedule, including its 0.07x floor. Lookahead is unchanged.	
I029	H1.2	2	done	Accuracy -0.4 to +0.4 pp, point +0.1 pp. Time unchanged. A gain of 0.25 pp or more opens a momentum axis (try 0.9). A loss of 0.25 pp or more suggests 0.6 or lower is right (try 0.45 only if the lr 0.16 result also points toward less aggressive updates).	Explore Muon momentum, inherited untuned from CIFAR-10 airbench94_muon at bs ~2000. On the current tip, change only the Muon Nesterov momentum from 0.6 to 0.8. Muon lr, NS3, lookahead and the SGD group stay the same. Rationale: at bs 1024 with a 100-way head, per-step gradients are noisier than in the bs-2000 CIFAR-10 setting. Heavier momentum averages more before orthogonalization, which normalizes away gradient magnitude, so momentum is the only knob that filters direction noise.	
I030	H1.2	2	done	Accuracy -0.5 to +0.6 pp, point +0.15 pp (C0017 reports a stronger early trajectory, which is what counts at 7-7.5 epochs, but this lr was tuned for flattened Muon). Time +0 to +3%: the NS FLOPs are similar, with 9 small bmm groups instead of one wide matrix. A gain of 0.4 pp or more is worth ~0.5 epoch and makes the frequency split the new Muon base. A loss of 0.3 pp or more closes the kernel-split branch.	Explore the D003 mechanism (C0016/C0017): how a 4D kernel is split before orthogonalization. Replace the flattened [out, in*9] orthogonalization with a real frequency-wise variant of Muon-C. Project each 3x3 kernel momentum onto an orthonormal real 3x3 basis (the tensor product of the 3-point orthonormal DCT-II), which gives 9 [out, in] matrices per layer. Orthogonalize them with one batched 3-step NS (bmm over the 9 frequencies), then transform back to the spatial domain. The output scaling uses sqrt(max(1,out/in)) on the [out,in] shape. Keep the weight-norm projection, lr 0.24, momentum 0.6, lookahead and the epoch count of the current tip. Compile in build() and run the one-step finite-gradient check first.	
I031	H1.2.1	4	done	At 6.75 epochs: accuracy 0.750-0.759, point ~0.7548 (tip 0.7568 minus ~0.8 pp/epoch x 0.25). Time 6.25-6.50 s, point ~6.33 s (-3.5%). Feasible means a new best with ~0.2 pp margin. If it is infeasible by less than 0.2 pp, keep the tip and retry after banking an lr, tail or averaging gain. The run also pins the Muon epoch slope below 7 epochs: a slope above 1.2 pp/epoch means the curve is steepening and further epoch cuts need recipe gains first.	Trim the Muon knee by a quarter epoch. On the current tip (E023 commit 9c08ac0: Muon NS3 batched and compiled, lr 0.24, momentum 0.6, lookahead, LS 0.2, SiLU, 7.0 epochs; or the I027/I028 successor if either is kept), change only the epoch count from 7.0 to 6.75. Scale the lr, Muon and lookahead schedules to the new total step count. The last quarter-epoch uses the first quarter of that epoch's permutation, as in E006/E018. The final partial batch must be a shape compiled in build(); add it to the warmup if it is new. Nothing else changes. If I027 or I028 is kept with a gain of 0.2 pp or more, use 6.5 epochs instead (one epoch-count change from that tip).	
I032	H1.6.1	3	done	Accuracy +0.0 to +0.3 pp, point +0.1 pp (range 0.752-0.763 around tip 0.7568). Time unchanged within ±1.5%, since the blend has the same cost. A gain of 0.2 pp or more supports H1.6.1 and buys ~0.25 epoch; then try 0.98^5 or a sync every 3 steps. A drop of 0.2 pp or more means the window is already long enough at this horizon; then test denser syncing (every 3 steps, same per-step decay) instead.	Lengthen the lookahead averaging window on the Muon base. E020 shows averaging is worth ~0.9 pp with Muon, and the schedule (decay 0.95^5 x (t/T)^3, sync every 5 steps) was inherited untuned from CIFAR-10. On the current tip, change only the lookahead base decay from 0.95^5 (~0.774 per sync) to 0.97^5 (~0.859 per sync). That roughly doubles the effective averaging horizon late in training. The (t/T)^3 ramp, the sync interval of 5 steps, the final-weights handling and everything else stay unchanged.	
I033	H1.5.1	3	done	Accuracy +0.15 to +0.5 pp, point +0.3 pp. Time +3.5% to +6%, point +4.5% (~6.85 s at 7 epochs; block 3 is ~25% of step time per E011, and the NS cost grows a little). Not a new best by itself. A gain of 0.3 pp or more for 5% time or less beats the epoch rate, so follow up with 640 width at 6.5 epochs (net ~-2.5% time at equal accuracy). A gain under 0.15 pp means width returns have saturated at 576 under Muon; then close the width branch.	Combine the E011 near-miss with the epoch exchange rate. E011 priced block-3 width at ~0.13 pp per 1% of time, while cutting Muon epochs costs only ~0.056 pp per 1% (E022: 0.38 pp for 6.8%). So extra block-3 width paid for by fewer epochs should be a net win. On the current tip, widen only block 3 from 576 to 640 channels (a multiple of 64 for tensor-core tiling), keeping the head input and Muon groups consistent; the 640-wide filters stay batched as a same-shape pair in the compiled NS. Epochs stay at the tip's count. Run the one-step finite-gradient check under max-autotune-no-cudagraphs first, and warm up the new shapes in build().	
I034	H1.2	2	done	Accuracy -0.4 to +0.4 pp, point +0.1 pp. Time unchanged within ±1.5%. A gain of 0.25 pp or more means early steps are under-used at 7 epochs and buys ~0.3 epoch; then shorten the SGD-group warmup as a separate run. A loss of 0.25 pp or more (early instability with BN at full rotation size) closes the warmup axis for Muon. This is distinct from E012, which bundled a warmup cut with decay-to-zero for all params under SGD.	Muon's updates have a fixed magnitude (an orthogonalized step against a weight-norm projection), so the SGD-style warmup (23% of steps ramping from 0.2x) may waste early steps for the conv filters. On the current tip, change only the Muon group's lr multiplier during warmup: hold it at 1.0x from step 0, and keep the existing decay shape and floor after the warmup point. The SGD group (BN biases, whitening bias, head) keeps its full warmup schedule. Lookahead, NS3, momentum and epochs are unchanged. Check finite gradients for the first ~20 steps on synthetic data in drafts/ before launching.	
I035	H2.5.2	2	done	Time -1% to -4%, point -2% (~6.43 s): ~6.5% fewer FLOPs and memory traffic in block 1's first conv and its BN/SiLU, plus any gain from even-sized tiles. Accuracy within ±0.2 pp (re-draw only). A gain under 1.5% is inconclusive by H4.1 and closes conv-shape work. A gain of 3% or more supports H2.5.2.	Systems change to the conv shapes, with the learning recipe unchanged. First, in drafts/, print the activation spatial sizes per block and run a per-layer profile of the tip (untimed, not an experiment). If the unpadded 2x2 whitening conv outputs 31x31, block 1's first conv runs at 31x31, and max-pool(2) then floors that to 15x15, so its last row and column are computed and discarded. Make one change: slice the whitening output to [..., :30, :30] in the model's forward, identically in train and eval. This is a fixed architecture step, not TTA, and eval still accepts 32x32 inputs for any B. Every downstream pooled shape is unchanged (15/7/3); the only math change is that row and column 29 see zero padding instead of row and column 30. Warm up the new shapes in build() and run the finite-gradient check. If the profile shows the net already runs at even sizes (32/16/8/4), skip this idea and mark H2.5.2 not applicable.	
I036	H1.6.4	4	done	Accuracy +0.0 to +0.35 pp, point +0.12 pp (range 0.749-0.760 around tip 0.7546). Time unchanged within ±1.5% (~6.08 s). A gain of 0.2 pp or more supports H1.6.4 and banks enough margin to retry 6.25 epochs (~-3.5% time); then try 0.25x. A drop of 0.15 pp or more means 0.07x is near the optimum, which closes the Muon-tail axis.	On the current tip (E028 commit e95ff94: Muon NS3 batched and compiled, lr 0.16, momentum 0.8, lookahead 0.97^5, LS 0.2, SiLU, 6.5 epochs), make one change: the Muon group's terminal lr floor goes from 0.07x to 0.15x. Shift the linear decay after warmup so it ends at 0.15x at the final step. Warmup shape, peak, the SGD group's schedule (floor stays 0.07x), lookahead, epochs and everything else stay unchanged. This is the untested direction opposite E025, where decay-to-0 cost 0.51 pp on the Muon group.	
I037	H2.4.2	4	done	Time -1.5% to -3.5%, point -2.3% (~5.94 s). That conv's dgrad is ~54 GFLOP of ~1.8 TFLOP per step (~3%), skipped on ~85% of steps. Accuracy within ±0.25 pp of 0.7546 (re-draw plus a tiny effect from freezing a 24-element bias). If accuracy falls below 0.753 by re-draw alone, keep the code and pair it with the next accuracy gain. A time gain under 1.5% is inconclusive by H4.1.	Systems change; the recipe is unchanged during the first epoch. On the tip, train the whitening-conv bias only for the first epoch (~49 of ~319 steps), as airbench94_muon/Hiverge do. After that, call a second compiled train-step variant where whiten.bias is detached / requires_grad=False. The whitening output then needs no grad, and the backward skips the input-gradient (dgrad) of block 1's first 24->128 conv at 31x31 plus the whitening-bias reduction. Compile and warm up BOTH variants in build() on synthetic data (full and partial batch) so the switch never recompiles in the timed region. Lookahead still blends the frozen bias (a no-op once it is fixed). Run drafts/debug_nan.py on both graphs under max-autotune-no-cudagraphs first.	
I038	H1.6.5	3	done	Accuracy +0.0 to +0.4 pp, point +0.15 pp (the averaged weights' activation statistics differ from the buffers accumulated along the fast trajectory). Time +0.8% to +2% (12 forwards at ~1/3 step cost ≈ 70-100 ms). A gain of 0.2 pp or more for 2% time or less supports H1.6.5 and allows 6.25 epochs at a net ~-2%. A gain under 0.1 pp refutes it: the buffers already match the averaged weights.	On the tip, after training ends and the final lookahead-averaged weights are in place (inside train(), so it is timed), recompute the BN running statistics. Reset running_mean/var, set BN momentum=None (cumulative average), and run a no-grad train-mode forward over 12 batches of 1024 training images: un-augmented, normalized as in training, bf16 autocast, channels_last. Restore the momentum afterwards. Compile and warm up this train-mode no-grad forward in build() on synthetic data. Before launching, check in drafts/ whether lookahead currently blends BN buffers; recalibration replaces them either way. The learning recipe is otherwise unchanged.	
I039	H1.7.2	3	done	Accuracy -0.3 to +0.4 pp, point +0.08 pp; time unchanged (±1.5%). A gain of 0.25 pp or more supports H1.7.2: short horizons want weaker regularization, which also raises the priority of H1.8.2 (drop translate). A drop of 0.2 pp or more closes the LS axis on the Muon base; then the 0.2-0.3 plateau seen on SGD holds here too.	On the tip at 6.5 epochs, change only the label smoothing, from 0.2 to 0.1. E004 tested LS only between 0.2 and 0.3, and only on SGD at 9 epochs. Hiverge uses 0.09 at ~7.65 epochs. Everything else (Muon, SGD group, lookahead, augmentation, epochs) stays identical.	
I040	H5.1.1	3	done	Time within ±1.5% of the tip (~6.0-6.15 s): E015 measured -7.5% from the conv cut, and +0.5 epoch adds ~7.7%. Accuracy -0.3 to +0.5 pp, point +0.17 pp (E015 measured -0.40 pp for the depth cut; +0.5 epoch is worth ~+0.57 pp). A gain of 0.2 pp or more supports H5.1.1/H5.1 and the depth-2 net becomes the base for further epoch trimming. Within ±0.2 pp supports H5's allocation indifference.	Test whether reallocating FLOPs from block-1 depth to epochs pays now that the Muon epoch slope is steep (1.14 pp/epoch for 7.5% time between 6.5 and 7). On the tip, cut block 1 from 3 convs to 2 (drop one 128->128 3x3 conv) and raise epochs from 6.5 to 7.0, with all schedules scaled to the new step count. These are the two halves of one time-matched reallocation. The Muon NS group for 128x1152 now has one matrix instead of a pair; warm up the new shapes, including the 7-epoch final partial batch, in build(), and run the finite-gradient check.	
I041	H2.4.4	3	done	Muon step from ~1.43 ms to 0.5-0.9 ms per step; mean time -1.5% to -4%, point -2.5% (~5.92 s). Accuracy identical to the tip up to re-draw (±0.2 pp). If the gate shows the 1.43 ms is mostly kernel time, not gaps, skip it and mark H2.4.4 refuted: the remaining Muon cost is FLOP- or bandwidth-bound.	Systems change, math unchanged. Gate it first in drafts/: compare the batched Muon step's wall span (cuda events around it) with the sum of its kernel times from the profiler. Launch only if the gap is 0.4 ms/step or more. If so, capture the compiled Muon step (foreach Nesterov momentum, NS3 bmm per shape group, sqrt(out/in) scaling, weight-norm projection) in a torch.cuda.CUDAGraph during build() on synthetic tensors. Use static .grad buffers (zero_grad(set_to_none=False)), a 0-d lr tensor updated with fill_, and parameters and momentum buffers that prepare() resets IN PLACE (copy_/zero_), so the captured addresses stay valid across trials. Replay the graph each step. Everything else stays unchanged.	
I042	H1.2.3	2	done	Time -3% to -6%, point -4.5% (~5.80 s): ~107 fewer Muon/lookahead steps (~0.15 s) plus larger GEMMs. Accuracy -0.7 to +0.2 pp, point -0.3 pp: one third fewer fixed-magnitude Muon rotations. That is likely infeasible at a 0.16 pp margin, but it tells us whether bs is a cheaper lever than epochs. If the drop is 0.15 pp or less, keep it, and the follow-up is Muon lr 0.20 at bs 1536. A drop above 0.5 pp refutes H1.2.3 and closes the batch-size axis.	On the tip, raise the batch size from 1024 to 1536 at 6.5 epochs (~212 steps instead of ~319), with all schedules scaled to the step count. The Muon lr stays at 0.16 (normalized updates). Scale the SGD group (BN biases, whitening bias, head) as batch size requires: if the code already uses airbench's per-example lr normalization (lr/bs), keep the configured values; otherwise scale the SGD lr x1.5 and keep lr*wd constant. Lookahead syncs every 5 steps as before. Warm up the new full and partial batch shapes in build().	
I043	H1.8.1	2	done	Accuracy -0.3 to +0.4 pp, point +0.1 pp; time +0.2% to +1% (one fused elementwise pass per epoch over 50k images). A gain of 0.2 pp or more for 1% time or less supports H1.8.1 and banks margin for 6.25 epochs. A drop of 0.2 pp or more means added difficulty hurts at 6.5 epochs, which raises the priority of H1.8.2 (removing translate).	On the tip, add per-image brightness and contrast jitter inside the compiled GPU augment, applied to the [0,1]-scaled images before normalization and whitening: x = (x - mean_img) * (1 + U(-1,1)*0.13) + mean_img + U(-1,1)*0.14, drawn independently per sample, with alternating flip and translate-2 kept. The RNG comes from the trial-seeded generator in prepare. Eval is unchanged. Warm up the new augment graph in build() on synthetic data.	
I044	H1.7.1	3	done	Accuracy -0.35 to +0.4 pp, point +0.05 pp (range 0.751-0.759 around tip 0.7546). Time unchanged within ±1.5% (~6.08 s). A gain of 0.25 pp or more supports H1.7.1: it buys ~0.25 epoch, so retry 6.25 epochs next, and also try head x0.25. A drop of 0.25 pp or more means the head wants a larger lr; then the follow-up is head lr x2 (one run). A result within ±0.25 pp leaves H1.7.1 open, and the next candidate is the BN-bias multiplier 64 -> 32.	On the tip (E028 commit e95ff94: Muon NS3 batched and compiled, lr 0.16, momentum 0.8, lookahead 0.97^5, LS 0.2, SiLU, 6.5 epochs; or I037's successor if it is kept), make one change: halve the head (final linear layer) lr in the SGD group. If the code expresses the head lr as a multiple of the group's base lr, halve that multiple; otherwise halve the head param-group lr. Keep lr*wd constant for the head, which means doubling its wd so the decay per step is unchanged. BN-bias lr x64, the whitening-bias lr, Muon, lookahead, LS, augmentation and epochs all stay identical. Background: the head lr was inherited from CIFAR-10 SGD airbench (lr 9). That setting faced 10 outputs over ~10 epochs. Here the 100-way head trains against Muon-normalized features over 6.5 epochs, so the head may be overshooting. This is a pure hyperparameter change, so no new compiled shapes are needed. If the lr is passed as a 0-d tensor, nothing recompiles.	
I045	H2.4.3	2	dropped	Time -0.5% to -2%, point -1.0% (~6.02 s). Projection runs on ~15% of steps instead of all of them. Accuracy within ±0.25 pp of 0.7546 (re-draw, plus a small effect from filter norms drifting a few percent between projections). If the gate shows the projection costs under 0.15 ms/step, skip the run and mark H2.4.3 refuted: the projection is already fused into the compiled step. A run with a time gain under 1.5% is inconclusive by H4.1. Keep it only if accuracy stays >= 0.753; otherwise hold the code to pair with the next accuracy gain.	This is a systems change that alters the math only slightly. First gate it in drafts/ (untimed, not an experiment): use cuda events and the profiler to time the batched compiled Muon step on the tip with and without the weight-norm projection. Launch only if the projection costs 0.15 ms/step or more (about 0.8% of a ~19 ms step). If it does, make one change: apply the weight-norm projection only on steps where step % k == 0, with k = 2 + int(15 * step / total_steps), as Hiverge and Fable do. Always apply it on the final step so the end weights are normalized as before. Do this with two compiled variants of the Muon step, with and without projection, and pick between them in Python by step index. Never put a data-dependent branch inside the graph. Compile and warm up both variants in build() on synthetic tensors. Lookahead, lr and everything else stay unchanged. Run drafts/debug_nan.py on both variants under max-autotune-no-cudagraphs before launching.	ideate: Its point estimate is -1.0%, below the ~1.5% single-run timing jitter (H4.1), so a win could not be distinguished from noise or kept. The batched, compiled Muon step (E023) already fuses the projection, so it is probably far below the 0.15 ms gate. It also changes the math, which adds re-draw risk at a 0.21 pp margin. H2.4.3 stays open, to be bundled later with another systems change.
I046	H2.3.2	3	done	Time -3% to -7%, point -5% (~5.6 s vs 5.894 s): 1.5 epochs at ~0.53 s plus 5.25 at ~0.89 s, against 6.5 at ~0.89 s. Accuracy -0.7 to +0.3 pp, point -0.15 pp (~0.7535), if a low-res early epoch is worth ~75% of a full one. Feasible means a new best. If it is infeasible by <=0.2 pp, keep the code path and retry at 7.0 total epochs (first 1.75 at 24 px). A drop >=0.5 pp means early full-res steps matter under Muon; then refute H2.3.2 and close resolution work.	Reallocate time from full-res epochs to cheap low-res epochs. The Muon epoch slope at the knee is now steep (~1.14 pp/epoch, ~0.15 pp per 1% time). E013 priced 24 px epochs at only ~0.058 pp per 1% on SGD, so low-res epochs should now be cheaper than full-res ones. On the tip (E034 commit f74c715: Muon NS3 batched, lr 0.16, mom 0.8, lookahead 0.97^5, LS 0.2, SiLU, whitening bias trained only in epoch 1, ~6.5 epochs), make one curriculum change. Train the first 1.5 epochs on whole images bilinearly downsampled to 24 px (F.interpolate, antialias=True, inside the compiled GPU augment, after flip/translate). Then train 5.25 epochs at 32 px, for 6.75 epochs total. Scale the lr, Muon and lookahead schedules to the new total step count; bs stays 1024. The frozen whitening conv is reused unchanged. In drafts/, first print the per-block spatial sizes at 24 px input. Set the final pool for each resolution graph to F.max_pool2d with a static kernel equal to that graph's final map size. Do NOT use amax or flatten().max (the E009 Inductor bug). Compile and warm up every variant in build() on synthetic data: 24 px with whitening-bias grad, 24 px without it, 32 px without it, plus each full and partial batch shape. Eval stays the 32 px graph. Run drafts/debug_nan.py on every graph under max-autotune-no-cudagraphs before launching.	
I047	H1.2	2	dropped	Time -2% to -5%, point -3.5% (~5.69 s): ~63 fewer steps of Muon, SGD and lookahead overhead (~2 ms each) plus better GEMM efficiency at bs 2048 in the tail. Accuracy -0.5 to +0.15 pp, point -0.2 pp. The early, step-limited phase is untouched, so this should cost less than I042's fixed bs 1536. If the drop is <=0.15 pp, keep it (feasible at the 0.21 pp margin) and try switching at 50%. A drop >=0.35 pp means even the low-lr tail is step-limited here; then close the batch-size axis.	Batch-size ramp as a cheap form of lr decay (D008 C0091). Run this only after I042. Skip it if I042 (fixed bs 1536) holds accuracy within 0.15 pp, since fixed large batch then dominates. Run it if I042 drops more than 0.3 pp. On the tip, make one change: keep bs 1024 for the first 60% of training samples, then switch to bs 2048 for the last 40% (~127 tail steps become ~64). Total epochs are unchanged. All schedules (lr warmup and decay, Muon lr, lookahead decay ramp) become functions of the fraction of samples seen, not the step index, so per-step lr values at a given progress are unchanged. The Muon lr is unscaled, and the SGD group's per-step lr is unchanged; a larger batch at the same lr acts as a lower effective lr in the tail, where the lr is already decaying. Lookahead syncs every 5 steps as before. Compile and warm up the bs-2048 full and partial train-step shapes in build(). Run debug_nan.py on the new shape.	ideate: It was designed as a fallback in case fixed bs 1536 lost more than 0.3 pp. Fixed bs 1536 lost only ~0.18-0.26 pp and is now the tip (E041/E042). A ramp from 1024 to 2048 would be a step back from the current base. The bs-2048 question is now covered by a direct 1536 -> 2048 idea on the tip.
I048	H1.7.1	2	dropped	Accuracy -0.35 to +0.4 pp, point +0.05 pp (range 0.751-0.759 around tip 0.7551). Time unchanged within ±1.5% (~5.89 s). A gain of 0.25 pp or more supports H1.7.1 and banks ~0.25 epoch (~3.5% time); retry 6.25 epochs next. A drop of 0.25 pp or more means the biases want a larger lr; the follow-up is x128 (one run). If the result is within ±0.25 pp and I044 is also neutral, the SGD group is flat and H1.7.1 is refuted.	On the tip (E034 commit f74c715: Muon NS3 batched and compiled, lr 0.16, momentum 0.8, lookahead 0.97^5, LS 0.2, SiLU, whitening bias trained only in epoch 1, 6.5 epochs; or I041's successor if it is kept), make one change: lower the BatchNorm-bias lr multiplier in the SGD group from x64 to x32. Keep lr*wd constant for the BN biases by doubling their wd, so the per-step decay is unchanged. The head lr, whitening-bias lr, Muon, lookahead, LS, augmentation and epochs all stay identical. This does not depend on I044 (head lr x0.5); the two test different parts of the SGD group and can run in either order. Rationale: x64 was tuned for CIFAR-10 SGD airbench, where the conv filters moved at SGD rates. Under Muon with weight-norm projection, the filters rotate at a fixed relative rate, so BN biases at x64 may now dominate how fast the features shift. Pass the lr as a 0-d tensor so nothing recompiles; no new shapes are needed.	ideate: It was written for the E034 bs-1024 base. The SGD group has since been rescaled x1.5 for bs 1536 (E041), so the 'x64 vs x32' comparison no longer refers to the current per-step rates. H1.7.1's evidence (E039: head lr x0.5 costs 0.41 pp) points toward raising SGD-group rates, not lowering them. I053 (head x2) tests the more promising side first. Re-propose the BN-bias multiplier after I053 if the head axis turns out flat.
I049	H1.4.1	2	dropped	Time -10% to -17%, point -13% (~5.13 s). The scoring forward costs ~1/3 of a step and the 512-sample step ~1/2, on ~85% of steps; the Muon/lookahead overhead is unchanged. Accuracy -1.6 to -0.3 pp, point -0.9 pp: the regime is step-limited, so steps are kept, but each gradient sees half the samples and BN batch stats come from a hard-skewed subset. That is probably infeasible on its own. At the knee an epoch is worth ~1.14 pp for ~15% time, so break-even is about -1.0 pp. A drop of 0.7 pp or less supports H1.4.1; then add epochs at the cheaper per-step cost (e.g. 7.0 epochs, ~5.5 s) to bank a net ~5-7% gain. A drop of 1.2 pp or more refutes H1.4.1 at this horizon and closes example selection.	Explore selective backprop without a proxy model (H1.4.1 has no test yet). On the tip, after the first epoch (the existing switch point where the whitening bias freezes), change each training step as follows. (1) Run a no-grad forward of the full 1024-image augmented batch through the compiled eval-mode graph, which uses the BN running stats and changes no state. (2) Compute the per-sample label-smoothed CE and take the top 512 indices with torch.topk. (3) Gather those 512 images and labels and run the normal compiled train step (forward, backward, Muon, SGD, lookahead) on them; the loss is the mean over the 512. The final partial batch of 848 selects 424. Epoch 1 stays at full batch, as now. The number of steps, the per-step lr schedules (Muon lr 0.16, SGD-group per-step lr) and the lookahead sync every 5 steps are unchanged, as are the epochs (6.5) and the sample stream. Compile and warm up in build() on synthetic data, using channels_last tensors of the exact layout used in the timed path (E035 lesson): the 512 and 424 train-step shapes (without whitening-bias grad), the eval-mode scoring forward at 1024 and 848, and topk/gather. Run drafts/debug_nan.py on the new train shapes under max-autotune-no-cudagraphs, and compare trial-0 and later-trial train times in the result to catch warmup gaps.	ideate: H1.4.1 has confidence 0.08 and its own point estimate (-0.9 pp for -13% time) is at break-even with the ~1.14 pp/epoch knee slope. On the E040 curriculum base it would need scoring and 512/424 train graphs for both the 24 px and 32 px stages, which multiplies the compile and warmup surface (E035-type leak risk) for a likely null-or-worse result. The 28 px stage and the boundary shift are cheaper ways to cut FLOPs per step, and E040 shows they work.
I050	H1.2.3	2	dropped	Time +3% to +8%, point +5% (~6.19 s): ~105 more steps of Muon/SGD/lookahead overhead (~2 ms each, ~0.2 s) plus slightly worse GEMM efficiency. Accuracy -0.2 to +0.7 pp, point +0.25 pp, since 33% more fixed-magnitude Muon rotations help a step-starved run. At the epoch rate (~0.076 pp per 1% time), the change is a net win only if the gain is 0.45 pp or more. If so, keep it and cut to ~6.0 epochs (net ~-3%), which supports a small critical batch and refutes H1.2.3's direction. A gain under 0.2 pp means per-sample efficiency is flat between 768 and 1024, which raises I042's prior. A drop of 0.2 pp or more means 1024 is at or below the optimum.	Probe the batch-size axis in the direction opposite I042, so that both together pin the accuracy-vs-batch slope at a fixed epoch count. D009 C0110 says the optimal batch grows with horizon, so at ~320 steps it may be below 1024. On the tip, change only the batch size from 1024 to 768 at 6.5 epochs (~424 steps instead of ~319), with every schedule (lr warmup/decay, Muon lr, lookahead (t/T)^3 ramp) scaled to the new step count. The Muon lr stays 0.16 and momentum 0.8 (normalized updates). For the SGD group (BN biases, whitening bias, head): if the code uses airbench's per-example lr normalization, keep the configured values; otherwise scale the per-step lr x0.75 and keep lr*wd constant. Lookahead still syncs every 5 steps. The whitening bias trains for the first epoch, measured in samples (~65 steps). Compile and warm up the 768 full batch and the new final partial batch (50000 mod 768 = 80) for both train-step variants in build(), using channels_last tensors of the exact timed layout. Run debug_nan.py on the new shapes. This runs regardless of I042's outcome; its information value is independent.	ideate: The batch-size direction is settled by E041. 1536 cost ~0.2 pp for -8% time (~0.03-0.05 pp per 1%), much cheaper than cutting epochs. bs 768 would add ~10% time over the tip and could only pay off with a gain of more than ~0.8 pp, which flat-ish per-sample efficiency rules out. Its information value was conditional on I042, which has now been answered.
I051	H2.3.2	4	done	Time -3% to -6%, point -4.5% (~5.46 s vs 5.718 s): 0.75 epoch moves from ~0.87 s to ~0.53 s per epoch. Accuracy -0.5 to +0.1 pp, point -0.15 pp (~0.7544). E040 implies a 24 px epoch is worth ~0.83 of a full-res epoch, with some fall-off once low-res runs past warmup. Feasible means a new best. If it misses 0.753 by <=0.2 pp, the follow-up is 2.25 + 4.75 (7.0 total). A drop >=0.4 pp means low-res steps are only cheap during warmup; then fix the boundary at ~1.5 epochs and try the 28 px stage (H2.3.3) instead.	Move the resolution boundary later on the E040 tip (commit 18ce8ac: Muon NS3 batched, lr 0.16, mom 0.8, lookahead 0.97^5, LS 0.2, SiLU, whitening bias trained only in epoch 1, 24 px bilinear antialiased whole images for 1.5 epochs then 32 px for 5.25, 6.75 epochs total). Make one change: train at 24 px for the first 2.25 epochs and at 32 px for the last 4.5, keeping 6.75 epochs total, bs 1024 and the same step-indexed lr, Muon and lookahead schedules, which do not change because the total step count is unchanged. If the switch now falls mid-epoch, take the first part of that epoch's permutation at 24 px and the rest at 32 px, so the sample stream is unchanged. The whitening-bias freeze stays at the end of epoch 1. Before launching, check that every shape used in the timed path is warmed up in build(): 24 px with and without whitening-bias grad, 32 px without it, and any new partial-batch shape at the switch. Warm up with channels_last tensors of the exact timed layout (E035 lesson). Run debug_nan.py on any new graph, and compare trial-0 and later-trial train times. Risk to note: E040's 1.5 low-res epochs covered roughly the warmup phase (~23% of steps). This change pushes low-res into the peak-lr phase, where full-res steps may matter more.	
I052	H2.3.3	3	done	Time -3.5% to -7%, point -5% (~5.43 s): a 28 px epoch costs ~0.77x a 32 px epoch, and 1.5 full-res epochs move to 28 px. Accuracy -0.5 to +0.15 pp, point -0.12 pp (~0.7547). 28 px keeps more detail than 24 px, so each epoch should be worth ~0.9 of a full-res epoch. Feasible means a new best and supports H2.3.3's claim that the 28 -> 32 stage carries most of the saving. If both this and the 24 px boundary idea are feasible, the next step combines them (24 px to ~2 epochs, 28 px stage, 32 px ~3.5). A drop >=0.4 pp means late-ish full-res epochs are not replaceable; then refute H2.3.3 and close the multi-stage line.	Add a middle 28 px stage to the E040 curriculum. On the E040 tip, make one change: 24 px for epochs 0-1.5 as now, then whole images bilinearly downsampled (antialias=True, inside the compiled GPU augment after flip/translate) to 28 px for 1.5 epochs, then 32 px for the last 3.75 epochs. Total stays 6.75 epochs, bs 1024, step-indexed schedules unchanged. In drafts/, print the per-block spatial sizes at 28 px input first (expect whitening 27 -> pools 13/6/3). Set the 28 px graph's final pool to F.max_pool2d with a static kernel equal to its final map size. Do NOT use amax or flatten().max (the E009 Inductor bug). Compile and warm up the 28 px train step without whitening-bias grad, plus any partial batch at the stage switches, in build() with channels_last tensors of the exact timed layout. Run debug_nan.py on the new graph, and compare trial-0 and later-trial train times to catch warmup gaps. Eval stays the 32 px graph.	
I053	H1.7.3	3	done	Accuracy -0.4 to +0.45 pp, point +0.12 pp (range 0.752-0.760 around tip 0.7559). Time unchanged within +-1.5% (~5.72 s). A gain >=0.2 pp supports H1.7.3 and banks ~0.2 epoch: next trim 0.25 epoch of 32 px training (~-3.8% time), and try head x3 as one run. A result within +-0.2 pp means the head lr sits at its optimum near 1x (E039 was the steep side); then close the head axis. A drop >=0.25 pp means 1x is the optimum from both sides.	On the E040 tip, double the head (final linear layer) lr in the SGD group. Keep lr*wd constant for the head by halving its wd. If the code expresses the head lr as a multiple of the group base lr, double that multiple; otherwise double the head param-group lr. The BN-bias lr x64, whitening-bias lr, Muon, lookahead, LS, the resolution curriculum and the epochs stay identical. This is a pure hyperparameter change: the lr is passed as a 0-d tensor, so there are no new shapes and nothing recompiles. Pre-registered follow-up to E039, where halving the head lr cost 0.41 pp on the then-tip.	
I054	H1.9.1	2	dropped	Accuracy -0.6 to +0.35 pp, point -0.05 pp. Time unchanged (+-1.5%; one extra scalar multiply). This is an explore idea. The smaller, less-whitened late updates act partly like a lower Muon lr, which is untested below 0.16. A gain >=0.2 pp supports H1.9.1 and banks margin for an epoch trim. A drop >=0.3 pp refutes it: full orthogonalization throughout is right at this horizon, and H1.9 closes. If the logged norms show late updates <0.5x the tip's, an accuracy change also bears on the untested low side of the Muon lr axis.	On the E040 tip, change only the pre-NS normalization inside the batched compiled Muon step. Today each momentum matrix is scaled to Frobenius norm 1 before the 3 quintic NS iterations. Instead, scale it to Frobenius norm s_t, which decays linearly from 0.50 at step 0 to 0.08 at the final step (Hiverge's CIFAR-10 record). Pass s_t as a 0-d GPU tensor updated with fill_, so nothing recompiles. NS coefficients, the sqrt(max(1,out/in)) scaling, the weight-norm projection, Muon lr 0.16, momentum 0.8, lookahead, curriculum and epochs stay unchanged. Run debug_nan.py on the Muon step under max-autotune-no-cudagraphs. In drafts/, also log the mean update Frobenius norm per shape group at steps 0, 100 and end, so the effective-lr reduction is known when the result is read.	ideate: Stale: it was written against the E040 tip (bs 1024, 24 px stage), and the base has since changed through bs 1536, the 20/28 px curriculum, head x2 and the low-res augment. Its required control, H1.2.4 (Muon lr 0.11), has never run, so a positive result could not be told apart from a lower effective lr. The point estimate (-0.05 pp) is also the lowest of the explore candidates. Re-propose H1.9.1 on the current tip only after the H1.2.4 control, or in an RMS-matched form.
I055	H2.3.2	5	dropped	Time 5.20-5.42 s, point ~5.30 s (-2.7% vs 5.449 s). E040 saved 3.0% at bs 1024, and the per-step overhead the curriculum does not touch is a slightly smaller share at bs 1536. Accuracy 0.751-0.759, point ~0.7555 (E040 was +0.08 pp vs its base). If feasible, keep: new best, and I052's 28 px stage then rebases onto it. If it misses 0.753 by <=0.15 pp, keep the code path and pair it with the Muon lr 0.20 idea. A drop >=0.4 pp means low-res epochs interact badly with the fewer, larger steps at bs 1536. In that case, revert and bank the curriculum only at bs 1024.	Stack the E040 resolution curriculum onto the bs-1536 tip. The tip is E042 (commit 2b85e5e): bs 1536, 6.5 epochs, all at 32 px, SGD-group lr x1.5, Muon lr 0.16 with momentum 0.8, lookahead 0.97^5, brightness/contrast jitter, whitening bias trained in epoch 1 only. Per D012, the E041/E042 commits do not contain the 24 px stage. Check this in the code first; if the tip already has it, skip this idea. Make one change, ported from E040 (commit 18ce8ac). For the first 1.5 epochs (~49 steps at bs 1536), train on whole images bilinearly downsampled to 24 px (F.interpolate, antialias=True, inside the compiled GPU augment, after flip, translate and jitter). Then train 5.25 epochs at 32 px, for 6.75 epochs total. Scale the lr, Muon and lookahead schedules to the new total step count. The whitening-bias freeze stays at the end of epoch 1. The switch falls mid-epoch: use the first half of that epoch's permutation at 24 px and the rest at 32 px, exactly as E040 does. Use F.max_pool2d with a static kernel for each resolution's final pool; do not use amax or flatten().max (E009 bug). In build(), warm up every graph actually used, with channels_last tensors in the exact timed layout (E035 lesson): 24 px at bs 1536 with and without whitening-bias grad, 32 px at bs 1536 without it, and every partial-batch shape at the 1.5-epoch switch and at the end of the run. Run debug_nan.py on each new graph under max-autotune-no-cudagraphs. Compare trial-0 train time with later trials to catch warmup gaps.	Already in the tip: E041/E042 were built on E040 (commit 18ce8ac), so the tip (2b85e5e) already trains the first 1.5 epochs at 24px with bs 1536 (lowres_epochs=1.5 in HYP). D012's statement that E041/E042 lack the 24px stage is wrong; E041 = E040 + bs 1536.
I056	H1.2.3	3	done	Accuracy -0.3 to +0.4 pp, point +0.12 pp. At bs 1024 the lr axis was flat over 0.16-0.24, with a cliff at 0.36 (E019). Time unchanged within +-1.5%. A gain >=0.2 pp supports the claim that fewer steps want larger rotations. It banks ~0.2 epoch, so the next step is a 0.25-epoch trim of the 32 px phase (~-3.5% time). A drop >=0.25 pp means the cliff moves down at larger batch; then close the Muon-lr axis at 0.16.	Win back the bs-1536 accuracy loss through the Muon lr. This is the follow-up pre-registered in I042. At bs 1536 the run takes about 1/3 fewer fixed-magnitude, weight-norm-projected Muon rotations (~212 instead of ~319 steps), so the total rotation path of each filter shrank by about 33%. On the tip (the curriculum-stacked commit if the idea above is kept, else E042), change only the Muon lr for the conv filters, from 0.16 to 0.20. Momentum 0.8, NS3, projection, the schedule shape and floor, the SGD group, lookahead, augmentation and epochs all stay identical. The lr is a 0-d tensor, so nothing recompiles.	
I057	H1.2.3	2	done	Time -2.5% to -6%, point -4%: ~53 fewer steps of Muon, SGD and lookahead overhead, plus larger GEMMs. Accuracy -0.7 to +0.05 pp, point -0.3 pp: C0113 predicts convex, diminishing returns, and at ~160 steps the run is close to step-limited. A drop <=0.15 pp means keep (feasible at a ~0.2 pp margin). A drop of 0.15-0.35 pp means keep the code and pair it with the next accuracy gain if the exchange rate beats ~0.1 pp per 1%. A drop >=0.35 pp with time down <5% refutes going past 1536 and closes the batch-size axis; then ghost BN at 1536 is the only remaining bs lever.	Push the batch-size axis one step further, as D012 suggests, after the curriculum stack is settled. On the tip, change only the batch size, from 1536 to 2048, at the same epoch count (~159 steps at 6.5 epochs). Scale every schedule (warmup fraction, decay, Muon lr multiplier, lookahead (t/T)^3 ramp, the whitening-bias freeze at the end of epoch 1 in samples, and the curriculum switch in samples) to the new step count. The Muon lr stays at 0.16 and momentum at 0.8. Scale the SGD group (BN biases, whitening bias, head) per-step lr by x(2048/1536) and keep wd unchanged, the same noise-scale rule E041 used. Lookahead keeps syncing every 5 steps. In build(), warm up the 2048 full batch and the new partial batch (50000 mod 2048 = 848) for every train-graph variant and resolution, with channels_last tensors in the exact timed layout. Run debug_nan.py on the new shapes and compare trial-0 with later trial times.	
I058	H1.6.1	2	dropped	Accuracy -0.2 to +0.35 pp, point +0.07 pp. Time +0.2% to +0.8% (~28 more blends at ~0.7 ms). A gain >=0.2 pp supports H1.6.1: averaging density matters at large batch (C0152/C0159), and it banks ~0.2 epoch. A result within +-0.15 pp closes the lookahead-schedule axis entirely, since both horizon (E028) and density would then be flat, and H1.6.1 is refuted.	Test the 'denser averaging' arm of H1.6.1, which is still untested; E028 only lengthened the decay. At bs 1536 a lookahead sync every 5 steps covers 7680 samples, against 5120 at bs 1024, and the run makes only ~42 syncs. On the tip, change only the lookahead sync interval, from every 5 steps to every 3. Change the per-sync base decay from 0.97^5 to 0.97^3 so the per-step decay, and therefore the averaging horizon in steps, is unchanged. The (t/T)^3 ramp, the final-weights handling and everything else stay the same. This holds samples per sync near the bs-1024 value (4608 vs 5120). If the blend is a separate compiled function, nothing new needs warming. If it is inside the train-step graph behind a step-index flag, confirm that both branches are already warmed up.	ideate: Its point estimate (+0.07 pp) is below re-draw noise. The averaging axis is flat: horizon E028, BN recal E035, tail floor E033. The lookahead schedule is unlikely to be where the margin comes from. The low-res augmentation and head/BN-bias ideas get the accuracy-gain slots instead.
I059	H1.2.3	2	dropped	Accuracy -0.2 to +0.35 pp, point +0.1 pp. Time +0.5% to +3%, point +1.5% (per-group reductions in the Inductor-decomposed BN instead of one full-batch reduction). Supports H1.2.3's ghost-BN mechanism if accuracy rises >=0.2 pp at <=1.5% time; that would also make bs 2048 with 4 ghost groups the follow-up. A gain <0.1 pp, or time >2%, refutes BN noise as the cause of the bs-1536 loss, and the module is dropped.	Ghost BatchNorm, which restores the BN batch-statistic noise lost when moving from bs 1024 to 1536 (C0144/C0147). This was the named follow-up in H1.2.3. On the tip, make one change: in training mode, every BatchNorm computes its statistics over 2 ghost groups of half the batch (768 at bs 1536, 424 for the 848-sample final partial batch) instead of the whole batch. Implement it in the BN module's forward: view the input as [G, B/G, C, H, W], compute the per-group mean and biased variance in fp32 over (1,3,4), normalize each group, and apply the affine. Update the running stats with the group-averaged mean and unbiased variance, using the existing momentum. Eval uses running stats exactly as now. Keep it a pure tensor expression with G a Python constant, so Inductor fuses it with no data-dependent branch. Lookahead still blends the buffers. In build(), warm up all train graph variants and shapes with channels_last tensors in the exact timed layout. Run debug_nan.py and verify in drafts/ that at G=1 the module matches nn.BatchNorm2d to bf16 tolerance.	ideate: Its point estimate is +0.1 pp for +1.5% time. At the current exchange rates (~0.05-0.08 pp per 1% for curriculum or batch-size cuts, ~0.12+ for epochs) it needs >=+0.2 pp just to break even. Its rescue rationale is also gone: E042 and E045 already recovered the bs-1536 deficit (margin 0.38 pp), and E046 showed the bs-1536 loss does not respond to Muon tuning. Re-propose ghost BN only as a companion to bs 2048 if I057 lands in its 0.15-0.35 pp keep-and-pair band.
I060	H2.3	3	done	Time -1.5% to -4%, point -2.8% (~5.30 s vs 5.449 s): a 20 px step has ~0.38x the block-1 FLOPs of a 32 px step vs ~0.55x at 24 px, on ~22% of steps; the fixed per-step Muon/lookahead cost is unchanged. Accuracy -0.5 to +0.15 pp, point -0.12 pp (~0.7537). Feasible means a new best. If it misses 0.753 by <=0.15 pp, keep the code path and pair it with the next accuracy gain (I053/I056). A drop >=0.4 pp means warmup-phase steps need a minimum of spatial detail; then fix the first stage at 24 px and close lower resolutions.	Make the warmup-phase resolution stage cheaper. On the current tip (E042 commit 2b85e5e: bs 1536, 24 px bilinear antialiased whole images for the first 1.5 epochs then 32 px, 6.75 epochs total, SGD-group lr x1.5, Muon lr 0.16 mom 0.8, lookahead 0.97^5, jitter, whitening bias trained in epoch 1 only; or I052's successor if it is kept, in which case change only its first stage), make one change: the first stage's resolution goes from 24 px to 20 px (F.interpolate, antialias=True, inside the compiled GPU augment after flip/translate/jitter). The stage boundary (1.5 epochs), total epochs, bs and every step-indexed schedule stay unchanged, so the sample stream and lr values are identical. Rationale: E040 vs E043 show low-res steps are roughly free during the warmup phase but cost accuracy after it, so the cheapest lever left in that phase is to make its steps cheaper rather than more numerous. In drafts/, first print the per-block spatial sizes at 20 px input (expected: whitening 19, block1 19 -> pool 9, block2 9 -> pool 4, block3 4 -> pool 2, final map 2x2) and set the 20 px graph's final pool to F.max_pool2d with a static kernel equal to that final map size. Do NOT use amax or flatten().max (E009 Inductor bug). In build(), warm up the 20 px train step with and without whitening-bias grad at bs 1536, plus every partial-batch shape at the 1.5-epoch switch, using channels_last tensors in the exact timed layout (E035 lesson). Run debug_nan.py on the new graphs under max-autotune-no-cudagraphs and compare trial-0 vs later-trial train times. Eval stays the 32 px graph.	
I061	H2.3.3	5	done	Time 5.12-5.32 s, point ~5.22 s (-4.4% vs 5.464 s; E044 saved 4.4% against the same bs-1536 base). Accuracy 0.750-0.759, point ~0.7545 (E045 0.7568 minus E044's -0.23 pp). Feasible means a new best, margin ~0.15 pp. If it misses 0.753 by <=0.1 pp, keep the code path and pair it with the next accuracy gain (I058/I064). A drop >=0.45 pp means E044's cost was not additive with the head-lr gain (the gain was re-draw); then close the 28 px stage and refute H2.3.3 at this epoch count.	Stack E044's 28 px middle stage onto the E045 tip. This combines a near-miss with a margin that can absorb it. The tip is E045 (commit bfcff33): bs 1536, 24 px bilinear antialiased whole images for epochs 0-1.5 then 32 px, 6.75 epochs total, SGD-group lr x1.5, head lr x2 with wd halved, Muon lr 0.16 mom 0.8, lookahead 0.97^5, brightness/contrast jitter, whitening bias trained in epoch 1 only. Make one change, ported from E044 (drafts/E044_res3_submission.py): 24 px for epochs 0-1.5 as now, then 28 px whole images (F.interpolate, antialias=True, inside the compiled GPU augment after flip, translate and jitter) for epochs 1.5-3.0, then 32 px for the last 3.75 epochs. Total epochs, bs and every step-indexed schedule stay unchanged, so the sample stream and lr values are identical to E045. A switch that falls mid-epoch uses the first part of that epoch's permutation at the old resolution and the rest at the new one. The 28 px graph's final pool is F.max_pool2d with a static kernel equal to its final map (expect 3x3). Do NOT use amax or flatten().max (E009). In build(), warm up the 28 px train step without whitening-bias grad at bs 1536, plus every partial-batch shape at both switches, using channels_last tensors in the exact timed layout (E035). Check that total build time stays under ~450 s (E044 took 232 s for 6 variants). If I060's 20 px first stage was kept first, apply this change to that commit instead and leave its first stage alone. Run debug_nan.py on the new graph and compare trial-0 with later-trial train times.	
I062	H1.7.3	3	dropped	Time ~5.25 s (-3.9%, range -2.5% to -5%): about 0.21 s of 32 px training removed. Accuracy 0.750-0.758, point ~0.7539 (slope ~1.14 pp/epoch x 0.25 = -0.29 pp). Feasible means a new best and supports H1.7.3's head gain as real margin. Below 0.753 means E045's +0.18 pp was largely re-draw; then mark H1.7.3 refuted for knee purposes.	Cash in E045's head-lr margin as fewer epochs, which is the follow-up pre-registered in I053. Run this only if I061 (28 px stage) is infeasible. If I061 is kept with margin >=0.3 pp, apply it to that commit instead; otherwise skip. On E045, change only the length of the 32 px phase, from 5.25 to 5.0 epochs (6.5 total). Scale the lr, Muon and lookahead schedules to the new total step count. The 24 px stage stays at 1.5 epochs, measured in samples. The last quarter-epoch uses the first quarter of that epoch's permutation, as in E027. Add any new final partial-batch shape to the build() warmup with channels_last tensors in the exact timed layout.	ideate: Its base no longer exists. It was written to trim 0.25 epoch from E045 (margin 0.38 pp), but the tip is now E047 with a 0.20 pp margin. At ~1.14 pp/epoch a 0.25-epoch trim costs ~0.29 pp, so it is infeasible by construction. Its trigger (I061 infeasible, applied to E045) also points at a superseded commit. Re-propose an epoch trim only after an accuracy gain of >=0.3 pp is banked.
I063	H1.8.2	2	dropped	Accuracy -0.7 to +0.35 pp, point -0.15 pp: translate usually helps even in short airbench runs, but jitter and LS 0.2 already regularize. Time -0.1% to -0.5% (a cheaper augment). A gain >=0.2 pp supports H1.8.2 and banks ~0.2 epoch for a trim. A drop >=0.3 pp refutes it and closes the augmentation-strength axis; translate stays.	Explore whether translate-2 is too much regularization at ~6.75 epochs, a test H1.8.2 has never had. On the tip (E045, or I061's successor if it is kept), remove the translate-2 augmentation in every resolution stage. Keep the alternating flip and the brightness/contrast jitter exactly as now. If translate is implemented as pad-and-random-crop inside the compiled augment, replace it with the identity, so the augment graph gets simpler but tensor shapes do not change. Re-warm the augment graph in build() with channels_last tensors of the exact timed layout. Eval is unchanged.	ideate: Replaced by the low-res-only translate removal. Removing translate in the 32 px stage carries the larger downside (point -0.15 pp at a 0.22 pp margin). D014 C0193 supports weakening augmentation only at small image sizes, so that version tests H1.8.2 with a better expected value.
I064	H1.7.1	2	done	Accuracy -0.45 to +0.35 pp, point +0.03 pp (BN biases at x64 x1.5 already move fast; doubling them may destabilize the early high-lr phase). Time unchanged within +-1.5%. A gain >=0.25 pp supports H1.7.1 and banks ~0.25 epoch. A drop >=0.25 pp means x64 is at or above the optimum; then x32 is the only untested side. If the result is within +-0.2 pp, the BN-bias axis is flat and H1.7.1 is refuted except for the head.	Test the SGD group's other untested lever, which I048 deferred until the head axis was read. Head x0.5 cost 0.41 pp (E039) and head x2 gained 0.18 pp (E045), so the SGD group looks under-driven rather than over-driven. On the tip, change only the BatchNorm-bias lr multiplier from x64 to x128, and keep lr*wd constant for the BN biases by halving their wd. The head lr (x2), whitening-bias lr, Muon, lookahead, LS, curriculum, jitter and epochs stay identical. The lr is a 0-d tensor, so nothing recompiles and no new shapes are needed.	
I065	H2.5.1	2	dropped	Time +0.2% to +2.5%, point +0.9% (~5.51 s); E007 measured -1.1%, within jitter. Accuracy identical up to re-draw (+-0.15 pp). Build time drops ~50-70%. A gap under 1.5% supports H2.5.1. If so, discard the run (it is not faster) but record default-mode compile as the fallback whenever a stacked curriculum or bs variant pushes build past ~450 s. A gap >=2% refutes H2.5.1, and autotuning stays.	Check whether the E007 autotune settings still earn their cost, now that build time is close to binding. E044 needed 232 s for 6 graph variants, and I061/I060/I057 each add more variants against the 600 s limit. Kernels autotuned on SXM may also not transfer to the PCIe judge. On the tip, change only the compile settings: compile with the default mode instead of 'max-autotune-no-cudagraphs', and leave torch.backends.cudnn.benchmark False. The math, shapes and warmup coverage stay the same; still warm up every timed graph in build() with channels_last tensors of the exact layout. Clear the Inductor cache before the run so no stale autotune choices are reused. Record build time.	ideate: Its expected outcome is a slower run (+0.9%), so it cannot be kept and does not move the score. Its only value is as a build-time fallback, and no build has come near the 600 s limit yet (E044: 232 s). Re-propose it only if a stacked curriculum/bs variant pushes build past ~450 s.
I066	H1.7.3	3	done	Accuracy -0.35 to +0.4 pp, point +0.05 pp (range 0.7515-0.759 around tip 0.7550); returns probably diminish past x2. Time unchanged within +-1.5% (~5.27 s). A gain of 0.2 pp or more supports H1.7.3: keep it, then pair the banked margin with a time cut (I061's 28 px stage, the 16 px first stage, or bs 2048). A result within +-0.2 pp puts the optimum near x2 and closes the head axis. A drop of 0.25 pp or more means x2 is the peak; revert.	Follow up E045 on the head lr axis. On the tip (E047 commit 3d6a396: bs 1536, 20 px bilinear antialiased whole images for epochs 0-1.5 then 32 px, 6.75 epochs, SGD-group lr x1.5, head lr x2 with wd halved, Muon lr 0.16 mom 0.8 NS3, lookahead 0.97^5, jitter, whitening bias trained in epoch 1 only; or I061's successor if it is kept), make one change: raise the head (final linear layer) lr multiplier from x2 to x3 relative to the original head lr. Keep lr*wd constant for the head by dividing its current wd by 1.5. BN-bias lr x64, whitening-bias lr, Muon, lookahead, LS, curriculum, jitter, bs and epochs stay identical. The lr is a 0-d tensor, so there are no new shapes and nothing recompiles. Background: head x0.5 cost 0.41 pp (E039) and x2 gained 0.18 pp (E045), so the head looks under-driven. This run checks whether the optimum lies above x2 before the head axis is closed.	
I067	H2.3	3	done	Time -1% to -4%, point -2.7% (~5.13 s vs 5.273 s). Block-1 FLOPs per low-res step fall from ~0.38x to ~0.23x of a 32 px step, on ~22% of steps; per-step Muon/lookahead cost is unchanged. Accuracy -0.6 to +0.2 pp, point -0.2 pp (~0.7530, borderline); C0190 suggests a minimum useful size, and 16 px CIFAR loses a lot of detail. Feasible means a new best. If it misses 0.753 by 0.15 pp or less, keep the code path and pair it with the next accuracy gain (head x3, I054, I064). A drop of 0.4 pp or more means the warmup phase needs ~20 px of detail; then fix the first stage at 20 px and close lower resolutions.	Make the warmup-phase stage cheaper again, the next step after E047 (24 -> 20 px saved 3.5% at -0.18 pp). On the tip (E047, or I061's successor if it is kept, in which case change only its first stage), make one change: the first stage's resolution drops from 20 px to 16 px (F.interpolate, antialias=True, inside the compiled GPU augment after flip/translate/jitter). The stage boundary (1.5 epochs, in samples), total epochs, bs 1536 and every step-indexed schedule stay unchanged, so the sample stream and lr values are identical. In drafts/, first print the per-block spatial sizes at 16 px input. Expected: whitening 15, block1 15 -> pool 7, block2 7 -> pool 3, block3 3 -> pool 1, final map 1x1. The 16 px graph's final pool can then be a reshape/flatten of the 1x1 map, or F.max_pool2d with a static kernel equal to the final map size. Do NOT use amax or flatten().max (E009 Inductor bug). In build(), warm up the 16 px train step with and without whitening-bias grad at bs 1536, plus every partial-batch shape at the 1.5-epoch switch, using channels_last tensors in the exact timed layout (E035 lesson). Check that total build time stays under ~450 s. Run debug_nan.py on the new graphs under max-autotune-no-cudagraphs, and compare trial-0 with later-trial train times. Eval stays the 32 px graph.	
I068	H4.1.4	2	done	Time unchanged within +-1.5%. Mean accuracy within +-0.2 pp of 0.7550, point 0; per-seed changes of about +-0.1-0.3 pp. A mean shift of 0.08 pp or less with per-seed |delta| of 0.15 pp or less supports H4.1.4: the paired sd on the Muon base is small, so keeps of ~+0.15-0.2 pp (E042, E045) are probably real and stack. A mean shift of 0.2 pp or more means pure re-draw is as large as the recent keeps and the 0.2 pp margin. In that case, later stacking predictions must carry +-0.25 pp, and time cuts need >=0.3 pp of banked margin before they are tried.	Measure the paired re-draw noise on the current base directly, without changing any math. On the tip (E047, or I061's successor if it is kept), make one change: in prepare(), right after seeding the trial generator and before the epoch permutations and augmentation draws, consume one dummy draw from that same trial-seeded generator (e.g. torch.randn(1, generator=g, device=g.device)). Every permutation, flip, translate and jitter value then shifts while the recipe stays identical. Nothing else changes, so no new compiled shapes are needed. Report per-seed accuracies next to the tip's. Discard the run regardless of outcome: keeping a lucky RNG shift would select on seeds 0-2 and would not transfer to the 40-seed judge.	
I069	H2.3	4	done	Time -1.0% to -3.0%, point -1.9% (~4.905 s vs 5.000 s): 0.5 epoch moves from ~0.82 s to ~0.64 s per epoch at bs 1536. Accuracy -0.40 to +0.20 pp, point -0.12 pp (~0.7540). Feasible means a new best with a ~0.1 pp margin. A drop >=0.3 pp means 28 px steps are no longer cheap past ~3 epochs: fix the switch at 3.0 and close stage-length tuning. If it lands at 0.751-0.753, keep the code and pair it with the next accuracy gain (I066/I064/new aug idea).	Lengthen the 28 px middle stage on the E048 tip. The tip is commit dc07126: bs 1536; 20 px bilinear antialiased whole images for epochs 0-1.5, 28 px for 1.5-3.0, 32 px for the last 3.75 epochs, 6.75 total; SGD-group lr x1.5; head lr x2 with wd halved; Muon lr 0.16, mom 0.8, NS3; lookahead 0.97^5; brightness/contrast jitter; whitening bias trained in epoch 1 only. If I066 (head x3) is kept first, use its commit instead. Make one change: move the 28 -> 32 px switch from 3.0 to 3.5 epochs, so 28 px runs for 2.0 epochs and 32 px for the last 3.25. Total epochs, bs, the sample stream and every step-indexed schedule stay unchanged. The switch now falls mid-epoch (sample 175000, inside a bs-1536 step). Train the first part of that epoch's permutation at 28 px and the rest at 32 px, splitting the straddling step into the two partial shapes, as the existing switches do. In build(), warm up every new partial-batch shape at the 3.5-epoch switch for the 28 px and 32 px graphs (no whitening-bias grad), using channels_last tensors in the exact timed layout (E035 lesson). Keep build under ~450 s. Run debug_nan.py on any new shape and compare trial-0 with later-trial train times. Rationale: E048 showed that 1.5 epochs at 28 px cost ~0.0-0.2 pp for -5.2%, an exchange rate of ~0.05 pp per 1%, cheaper than any other lever left. E043 warned that low-fidelity steps cost more past the lr peak, but 28 px keeps far more detail than 24 px. This run prices the next half-epoch.	
I070	H1.8.2	3	done	Accuracy -0.30 to +0.35 pp, point +0.05 pp; time -0.1% to -0.5%, since the low-res augment is cheaper. A gain >=0.2 pp supports H1.8.2 in its low-res form and banks margin for I067 (16 px), bs 2048 (I057) or the longer 28 px stage. A drop >=0.25 pp means translate still helps early even at low res. Then close the augmentation-strength axis, and I063's all-stage removal is moot.	Weaker augmentation only in the low-resolution stages, following D014 C0193: small images want weaker augmentation, as in EfficientNetV2's progressive learning. This replaces the all-stage translate removal, I063. On the tip (E048, or I066's successor if it is kept), make one change: turn off translate-2 during the 20 px and 28 px stages (epochs 0-3.0) and keep it in the 32 px stage. The alternating flip and brightness/contrast jitter stay in every stage. Translate is pad-and-random-crop inside the compiled augment, so use a separate augment variant for the low-res stages and pick it in Python by stage. Never put a data-dependent branch in the graph. Tensor shapes are unchanged. Warm up the new augment variant in build() with channels_last tensors of the exact timed layout. The RNG stream for flips and jitter should stay as is where possible; note in the run log whether the translate draws are skipped, since skipping them shifts the downstream RNG. Eval is unchanged.	
I071	H2.4.5	1	dropped	If the gate passes: Muon GPU time -0.3 to -0.45 ms/step, mean time -1.2% to -2.0%, point -1.5% (~4.92 s). Accuracy within +-0.2 pp, point -0.03 pp: E017 showed NS5 -> NS3 cost nothing. A time gain >=1.2% with accuracy >=0.753 supports H2.4.5 and is kept. A drop >=0.25 pp means NS2 under-orthogonalizes the 128x1152 group; the follow-up is NS2 only on the 384/576 groups. If the gate fails, mark H2.4.5 refuted without a run: NS bmm is not where the remaining Muon time goes.	Cut one Newton-Schulz iteration using Turbo-Muon's AOL preconditioning (arxiv 2512.04632). Gate it first in drafts/, untimed: with drafts/time_muon.py on the tip's batched compiled Muon step, measure the GPU time of NS3 against NS2+AOL. Launch only if the saving is >=0.3 ms/step. At ~221 steps that is ~0.07 s, about 1.3%, which is near jitter, so a smaller saving cannot be graded. If the gate passes, make one change on the tip (E048 or its successor). Inside the batched compiled Muon step, after the existing pre-NS normalization, compute the first Gram matrix A = X^T X (or X X^T on the short side, as the existing NS uses). Rescale X by diag(rowsum|A|)^-1/2 on that side, rescale A to match so it is reused rather than recomputed, then run 2 quintic iterations instead of 3 with the same coefficients. The sqrt(max(1,out/in)) scaling, weight-norm projection, Muon lr 0.16, momentum 0.8, lookahead and everything else stay unchanged. In drafts/, also log the max singular value of the NS output for each shape group on a few real momentum matrices. Compare NS3 against NS2+AOL to confirm that orthogonalization quality matches. Run debug_nan.py under max-autotune-no-cudagraphs. Warm up in build() on synthetic tensors.	ideate: The gate is very likely to fail by the loop's own arithmetic. E016 measured an NS quintic iteration at ~25 GFLOP, about 0.15-0.2 ms of bf16 bmm. Removing one iteration therefore saves at most ~0.2 ms/step before AOL's extra Gram row-sum and rescale ops, which is below the 0.3 ms launch gate. Even if it passed, the point estimate (-1.5%) is inside single-run timing jitter (H4.1), so the run could not be graded. H2.4.5 stays open in case a profile later shows NS bmm is a larger share.
I072	H1.2.3	3	done	Time -1.0% to -3.0%, point -1.8% (~4.91 s vs 5.000 s). That is ~24 fewer steps of fixed Muon/SGD/lookahead/launch cost (~2.5-3 ms each, as implied by E041), plus better GEMM occupancy on small low-res maps. Accuracy -0.30 to +0.15 pp, point -0.06 pp (~0.7546). Low-fidelity steps are ~free in the warmup phase (E040/E043/E047), and the Muon warmup axis is flat (E031). - Feasible and >=1.5% faster: keep, new best. This also shows bs 2048 costs little early, so I057 (bs 2048 throughout) then only prices the 32 px stage. - Drop >=0.25 pp: even early steps are step-limited at ~25 fewer rotations. Deprioritize I057. - Time gain <1.2%: per-step fixed cost is not where low-res time goes. Inconclusive by H4.1.	Raise the batch size only in the cheap low-res stages, as D016's 'cheaper variant' and C0235 suggest. The tip is E048, commit dc07126: bs 1536; 20 px bilinear antialiased whole images for epochs 0-1.5, 28 px for 1.5-3.0, then 32 px for the last 3.75; 6.75 epochs total; SGD-group lr x1.5; head lr x2 with wd halved; Muon lr 0.16, mom 0.8, NS3; lookahead 0.97^5; jitter; whitening bias trained in epoch 1 only. If I067 (16 px) or I069 is kept first, use that successor and leave its stage boundaries unchanged. Make one change: use bs 2048 for the first 3.0 epochs (150000 samples, the 20 px and 28 px stages) and keep bs 1536 for the 32 px stage. The stage boundaries in samples (75000, 150000) and the whitening-bias freeze at 50000 samples stay where they are. Index every schedule by samples seen, not by step index: the lr warmup/decay, the Muon lr multiplier and the lookahead (t/T)^3 ramp. The lr multiplier at a given progress fraction is then unchanged. Per-step lrs in the bs-2048 stages: - Muon lr stays 0.16 and momentum stays 0.8. C0218 says don't rescale at switches; C0210/C0212 say never raise momentum at a switch. - The SGD group's per-step lr is multiplied by 2048/1536 with wd unchanged, the noise-scale rule used in E041. Lookahead still syncs every 5 steps. Where a switch falls inside a step, split the straddling step into the two partial shapes, as the existing switches do. In build(), warm up with channels_last tensors in the exact timed layout (E035): - the bs-2048 20 px graph with and without whitening-bias grad; - the bs-2048 28 px graph; - every new partial-batch shape at the 50000, 75000 and 150000 boundaries. Keep build under ~450 s. Run debug_nan.py on the new shapes under max-autotune-no-cudagraphs, and compare trial-0 with later-trial train times. Eval is unchanged.	
I073	H5	3	dropped	Time +2.5% to +4.5%, point +3.7% (~5.18 s). Accuracy -0.10 to +0.50 pp, point +0.25 pp (~0.7577). Exchange-rate grading: - Gain >=0.35 pp (>=~0.1 pp per 1%): low-res warmup epochs buy accuracy cheaper than any lever sells it (bs/curriculum cuts cost ~0.05 pp per 1%). That breaks H5's band. Keep the code and pair it immediately with the next time cut (I057 bs 2048 or I069). The pair should net ~-2 to -3% at equal accuracy. - Gain 0.15-0.35 pp: consistent with H5 (indifference). Discard. - Gain <=0.1 pp: the 20 px stage is saturated, or crossing the lr peak at 20 px costs what it adds (E043). Close stage-lengthening. Not a new best by itself.	Price the cheapest way to buy accuracy, a test H5 has never had on the curriculum base: extra warmup-phase epochs at 20 px. E040 says low-res epochs in the warmup phase are worth ~0.8 of a full-res epoch. At 20 px one costs only ~0.37 s, against ~0.82 s at 32 px with bs 1536. On the E048 tip (or its successor if I067/I069 is kept first), make one change: lengthen the 20 px stage from 1.5 to 2.0 epochs by adding 0.5 epoch, so the total goes from 6.75 to 7.25 epochs. The 28 px stage keeps its 1.5-epoch length (now epochs 2.0-3.5) and the 32 px stage keeps 3.75 epochs. Scale the lr, Muon and lookahead schedules to the new total step count, keeping the same shape. The whitening-bias freeze stays at the end of epoch 1, in samples. Where a switch falls mid-epoch, use the first part of that epoch's permutation at the old resolution and the rest at the new one. Add every new partial-batch shape at the 2.0- and 3.5-epoch switches and at the run end to the build() warmup, using channels_last tensors in the exact timed layout (E035). Run debug_nan.py on any new shape and compare trial-0 with later-trial times. Risk to note in the log: warmup now ends at ~1.67 epochs, so ~0.33 epoch of 20 px falls just past the lr peak, the E043 failure mode. This run is a pricing experiment. It is not expected to be keepable alone; it banks margin to pair with I057, I067 or I069.	H5 refuted
I074	H6.3.1	3	done	Time -0.8% to -2.5%, point -1.5% (~4.85 s vs 4.928 s). Accuracy -0.40 to +0.15 pp, point -0.13 pp (~0.7533, borderline; E051's half-epoch cost -0.10 pp, and the price should rise as the 28 px stage reaches further into peak lr and decay). Feasible and >=1.2% faster: keep, new best. Infeasible by <=0.1 pp: keep the code path and pair it with the next accuracy gain (I082/I083/H6.1.1). A drop >=0.3 pp means the 32 px tail is at its floor near 3.25 epochs; close stage-length tuning and refute H6.3.1's extension.	Lengthen the 28 px stage again and price the next half-epoch of the 32 px tail. The tip is E052 (commit 447a7db): bs 1536; 20 px bilinear antialiased whole images for epochs 0-1.5 and 28 px for 1.5-3.5, both without translate; 32 px with translate-2 for 3.5-6.75; jitter in every stage; SGD-group lr x1.5; head lr x2 with wd halved; Muon lr 0.16, mom 0.8, NS3; lookahead 0.97^5; whitening bias trained in epoch 1 only. If I072 (bs 2048 in the low-res stages) is kept, use its commit and keep its batch sizes per stage. Make one change: move the 28 -> 32 px switch from 3.5 to 4.0 epochs (sample 200000), so 28 px runs for 2.5 epochs and 32 px for the last 2.75. The low-res augment variant (no translate) covers the longer 28 px stage. Total epochs, bs, the sample stream and every step-indexed schedule stay unchanged. Where the switch falls inside a step, split that step into the two partial shapes, as the existing switches do. In build(), warm up every new partial-batch shape at the 4.0-epoch switch for the 28 px and 32 px graphs, with channels_last tensors in the exact timed layout (E035). Keep build under ~450 s. Run debug_nan.py on new shapes and compare trial-0 with later-trial train times.	
I075	H1.6.6	3	dropped	Most likely no change to the metrics: all pairs differ, which refutes H1.6.6 and confirms that the flat lookahead/Muon-lr/head axes are really flat. If a no-op is found (~25% chance, mostly E028's lookahead decay), the follow-up experiment moves accuracy by -0.3 to +0.3 pp at unchanged time and reopens H1.6.1. Either way it removes a confound behind 3-4 closed axes for ~no run budget.	Gate in drafts/, untimed. The submission changes only if a no-op is found. Check whether earlier hyperparameter edits actually reached the compiled timed path. (1) On the tip, log each lookahead sync's applied alpha and each step's Muon and head lr as read from the 0-d tensors inside the compiled graphs, and check them against the intended schedule. (2) For seed 0, train the E027 and E028 commits (lookahead 0.95^5 vs 0.97^5), E045 and E046 (Muon lr 0.16 vs 0.20), and E047 and E049 (head x2 vs x3). Compare hashes and norms of the final parameters. Pairs that are bit-identical, or applied values that ignore the edit, mean that edit was a compile-time constant or a dead code path. If any axis was a no-op, fix the plumbing (pass the value as a 0-d GPU tensor read inside the graph, warmed up in build()) and rerun the dead axis's original setting on the tip as one experiment: for example lookahead 0.97^5 actually applied. If every pair differs, record H1.6.6 refuted and change nothing.	Gate answered from existing results, no run needed: identical commits rerun bit-identically in per-seed accuracy (E003), and every pair differs per seed: E027 vs E028 (lookahead 0.95^5 vs 0.97^5) [0.7544,0.7555,0.7539] vs [0.7556,0.7568,0.7515]; E045 vs E046 (Muon lr .16/.20) [0.7549,0.7560,0.7594] vs [0.7530,0.7590,0.7554]; E048 vs E049 (head x2/x3) [0.7527,0.7539,0.7589] vs [0.7558,0.7562,0.7525]. Code check: lookahead decay is a Python float applied eagerly, Muon lr is fill_'ed into a 0-d tensor argument every step, head lr is in the eager torch SGD. All edits took effect -> H1.6.6 refuted; the flat axes are really flat.
I076	H2.4.7	2	done	Time -1.8% to -4%, point -2.7% (~4.80 s). Block 1 is ~20% of forward FLOPs, and the skipped backward work is ~20% of a 32 px step on ~20% of steps, plus the block-1 Muon group. Accuracy -0.6 to +0.1 pp, point -0.2 pp (~0.7526, likely infeasible alone): E037 showed block-1 capacity matters under Muon, and E025 showed tail diversity feeds the lookahead average. Feasible and >=1.5% faster: keep. Drop <=0.15 pp: keep the code and pair it with the next accuracy gain, or retry with the last 10%. Drop >=0.35 pp: refute H2.4.7; late block-1 updates matter.	FreezeOut-style late freeze of block 1. On the tip (E052, or I072's successor if kept), make one change. For the last 20% of training samples, from 5.4 epochs on, use a third 32 px train-step graph variant in which block 1's output is detached. Its conv filters and BN affine params get no gradient, but block 1 still runs in train mode, so BN running stats keep updating. Pair it with a second compiled Muon-step variant that excludes the 128x1152 block-1 shape group. The backward then skips block 1's wgrad and dgrad and block 2's first-conv dgrad. Pick the variant in Python by sample count, with no data-dependent branch in the graph. Lookahead still blends block 1 as now: the slow weights keep converging to the frozen fast weights. The SGD group skips block-1 BN biases (zero grad) through the same variant flag. In build(), warm up the new train variant and the new Muon variant, including every partial-batch shape at the 5.4-epoch switch, with channels_last tensors in the exact timed layout (E035). Run debug_nan.py on the new graph and compare trial-0 with later-trial train times.	
I077	H1.10.1	2	done	Accuracy -0.5 to +0.5 pp, point +0.05 pp (structural explore; head lr x0.5 cost 0.41 pp, so the head is sensitive, but its lr axis is flat above x2). Time +0.1% to +0.8% (one small 100x576 NS group). A gain >=0.25 pp supports H1.10.1 and banks margin for the 28 px extension or I057. Within +-0.15 pp: the head's update geometry is not limiting; close H1.10. A drop >=0.3 pp means the SGD head's gradient-weighted directions are useful; refute.	Give the 100-way head an orthogonalized update. On the tip (E052, or I072's successor if kept), make one change: move the [100, 576] head weight out of the SGD group into Muon. Add it as its own shape group in the batched compiled Muon step: Nesterov momentum 0.8, NS3 with the same coefficients, sqrt(max(1,out/in)) = 1. Do NOT apply the weight-norm projection to the head, because row norms set the logit scale. Keep the head's current decoupled per-step decay (the same lr*wd product as now). Set its Muon lr so that the first-step update RMS matches the current SGD head's (x2) first-step update RMS, measured in drafts/ on real batch 0 of seed 0, and log that number. Use the same schedule multiplier as the Muon group. The head bias, if present, stays in SGD. In build(), warm up the new Muon graph on synthetic tensors and run debug_nan.py under max-autotune-no-cudagraphs.	
I078	H6.1.1	2	done	Time +0.4% to +1.5%, point +0.9% (~4.97 s; block-1 first-conv dgrad at 19-27 px for 2.5 more epochs). Accuracy -0.2 to +0.35 pp, point +0.08 pp. A gain >=0.2 pp supports H6.1.1: the bias fitted only at 20 px is a real handicap. Keep it, since it is worth more than its ~1% time at ~0.05 pp/1%, and pair the margin with the 28 px extension. A change within +-0.1 pp refutes the confound at 20 px; then 18 px (H6.1.2) is limited only by the final-map threshold.	Test whether the early whitening-bias freeze limits the cheap curriculum. On the tip (E052, or I072's successor if kept), make one change: keep training the whitening-conv bias until the end of the 28 px stage (3.5 epochs, sample 175000) instead of until the end of epoch 1. This needs a 28 px train-step variant WITH whitening-bias grad, compiled and warmed up in build() (full batch and every partial shape at the 1.5- and 3.5-epoch switches), with channels_last tensors in the exact timed layout (E035). The 32 px stage keeps the frozen-bias graph. Lr for the whitening bias follows its existing schedule. Run debug_nan.py on the new graph and compare trial-0 with later-trial train times.	
I079	H2.4.7	5	done	Time -1.5% to -3.5%, point -2.4% (~4.58 s vs 4.696 s): 0.675 more epochs at the block-1-frozen cost (~0.65 vs ~0.82 s/epoch at 32 px). Accuracy 0.7505-0.7555, point 0.7532 (-0.05 pp; this 10% lies at a higher lr than the last 20%, so it should cost a bit more per sample than E058 did). Feasible and >=1.5% faster: keep, new best; then price 0.6. Infeasible by <=0.1 pp: keep the code path and pair it with +0.25 epoch (the combine idea). Drop >=0.3 pp: the block-1 freeze is at its floor near 0.8; close earlier-freeze tuning.	Move the block-1 freeze earlier, from 0.8 to 0.7 of training samples. The tip is E058 (commit fb3f626): bs 1536; 20 px for epochs 0-1.5 and 28 px for 1.5-3.5, both without translate; 32 px with translate-2 for 3.5-6.75; jitter in every stage; SGD-group lr x1.5; head lr x2 with wd halved; Muon lr 0.16, mom 0.8, NS3; lookahead 0.97^5; whitening bias trained in epoch 1 only; block 1 frozen from 5.4 epochs. If I077 or I078 is kept first, use that successor. Make one change: switch to the existing block-1-frozen graph pair 0.675 epoch earlier, at sample 236250 (4.725 epochs) instead of 270000. That pair is the 32 px train step with block 1's output detached, plus the Muon variant without the 128x1152 group, with block-1 BN biases skipped in the SGD group. Block 1 still runs forward in train mode, so its BN running stats keep updating, and lookahead keeps blending it. Total epochs, stage boundaries, bs, the sample stream and every schedule stay unchanged. The switch falls inside step ~153, so split that straddling step into the two partial shapes, as the existing switches do. In build(), warm up both new partial shapes (unfrozen and frozen 32 px graphs) with channels_last tensors in the exact timed layout (E035). Run debug_nan.py on the new shapes and compare trial-0 with later-trial train times. Rationale: E058 priced the last 20% at ~0.02 pp per 1% of time, the cheapest lever found so far (D025 C0237/C0246: early layers converge first). This run prices the next 10%.	
I080	H2.4.7	4	done	Time -2.5% to -5.5%, point -3.9% (~4.51 s): 0.675 epoch drops from ~0.65 to ~0.38 s/epoch, plus the 384-group NS/projection on those steps. Accuracy 0.749-0.755, point 0.7522 (-0.15 pp). Block 2 is the largest block, and late layers converge later than block 1 (C0237), so this should cost more per sample than E058. Likely infeasible alone at the 0.07 pp margin. Feasible and >=1.5% faster: keep, new best. Infeasible by <=0.15 pp with time down >=3%: keep the code path and pair it with +0.25 epoch. Drop >=0.35 pp: late block-2 learning matters; close the cascade at block 1 and refute H2.4.7's extension to block 2.	FreezeOut cascade: freeze block 2 for the last 10% of samples, following D025 (b) and C0239. Block 2 is frozen only after block 1, because in a skip-free net detaching block 2 cuts all gradient to block 1. On the tip (E058, or the successor of the block-1-at-0.7 idea, I077 or I078 if one is kept), make one change: from sample 303750 (6.075 epochs, 0.9 of samples) to the end, use a fourth 32 px train-step graph variant in which block 2's output is detached. Blocks 1 and 2 still run forward in train mode, so their BN running stats keep updating. Pair it with a third compiled Muon-step variant that contains only the 576-wide block-3 shape group, and skip block-1 and block-2 BN biases in the SGD group through the same variant flag. The backward then skips block 2's wgrad and dgrad and block 3's first-conv dgrad. Conv FLOPs per step fall from ~0.81x to ~0.49x of an unfrozen 32 px step. Lookahead still blends blocks 1 and 2. Pick the variant in Python by sample count, with no data-dependent branch in the graph. Split the straddling step at 303750 into the two partial shapes. In build(), warm up the new train and Muon variants plus every partial shape at the 0.9 switch and at the run end, with channels_last tensors in the exact timed layout (E035). Keep build under ~450 s. Run debug_nan.py on the new graph and compare trial-0 with later-trial train times.	
I081	H2.4.7	3	done	If both freeze cuts are stacked (block 1 from 0.7, block 2 from 0.9): 32 px time ~2.32 s against the tip's ~2.44 s, so total time ~4.58 s (-2.4%, range -1% to -4%). Accuracy 0.751-0.758, point 0.7545: the stack costs ~-0.2 pp and +0.25 epoch adds ~+0.25-0.3 pp. Feasible and >=1% faster than the then-tip: keep, new best with ~0.15 pp margin, and continue the freeze-more-plus-epochs ladder (block 1 at 0.6). If it is feasible but not faster, the freeze cost per sample is rising faster than estimated; stop the ladder.	Cash in the freeze exchange rate as margin. Freezing costs ~0.02-0.05 pp per 1% of time, while 32 px epochs buy ~0.08-0.15 pp per 1%, so freeze-more plus more epochs should net time at equal accuracy. Run this only after the block-1-at-0.7 and block-2-cascade ideas have been read. Base: the faster feasible commit among them if one was kept. Otherwise stack every freeze change that was infeasible by <=0.15 pp onto E058; if neither qualifies, skip this idea. Make one change: total epochs 6.75 -> 7.0, with the extra 0.25 epoch added to the 32 px stage (stage boundaries at 1.5 and 3.5 epochs stay in samples). Scale the lr warmup and decay, the Muon multiplier and the lookahead (t/T)^3 ramp to samples seen. Keep the freeze points as fractions of total samples (for example 0.7 and 0.9), so they move proportionally. The last quarter-epoch uses the first quarter of that epoch's permutation, as in E027. In build(), warm up every new partial shape at the moved freeze switches and at the new run end for each graph variant, with channels_last tensors in the exact timed layout (E035). Run debug_nan.py on new shapes and compare trial-0 with later-trial times.	
I082	H2.4.7	2	done	Time -2.5% to -4.5%, point -3.4% (~4.54 s): about half of 1.9 epochs moves to the frozen cost (~0.17 s/epoch saved on half the steps). Accuracy 0.749-0.755, point 0.7525 (-0.12 pp). Grading against the block-1-at-0.7 idea, which saves ~2.4%: if thinning costs less accuracy per 1% of time than the hard earlier freeze, block 1 needs recency of updates rather than update count; then stack thinning over 0.3-0.8 with the 0.8 freeze. A drop >=0.3 pp means block-1 updates at peak or mid lr carry real value per step; then only tail freezing is cheap. Feasible and >=1.5% faster: keep.	Partial freezing by update thinning, as an explore against a hard earlier freeze. On the tip (E058 or its successor), make one change: during the 32 px stage before the existing freeze (samples 175000-270000, epochs 3.5-5.4), run the existing block-1-frozen graph pair (detached block-1 output, and the Muon variant without the 128x1152 group) on every odd step, and the normal graph pair on even steps. On frozen steps block 1 gets no gradient: its Muon momentum buffer is not updated and its BN biases are skipped in SGD, while its BN running stats still update. The lr schedules are unchanged, so block 1 takes half as many rotations in that window, each from a full-batch gradient. Pick the variant in Python by step parity, with no data-dependent branch. No new graphs are needed, since both variants already exist at 32 px. Warm up any new partial shape at the 3.5-epoch and 5.4-epoch switches with both variants in the exact timed layout (E035). Compare trial-0 with later-trial times.	
I083	H1.9	2	done	Accuracy -0.35 to +0.30 pp, point 0.0 pp (~0.7537). Time +0% to +0.5% (one extra norm and scale per group). A gain >=0.2 pp supports H1.9: late, less-whitened updates help at fixed magnitude, which banks margin for the freeze ladder. Within +-0.15 pp: orthogonalization strength is not a lever at this horizon; close H1.9 and drop H1.9.1. A drop >=0.3 pp means full whitening throughout is right, consistent with E030's lesson that equalizing directions the gradient barely asked for can hurt.	RMS-matched test of scheduled orthogonalization strength. This is the form requested when I054 was dropped, so that a result is not confounded with a lower effective Muon lr (H1.2.4). On the tip (E058 or its successor), make one change inside the batched compiled Muon step. Today each momentum matrix is scaled to Frobenius norm 1 before NS3. Instead, scale it to s_t, which decays linearly from 0.50 at step 0 to 0.08 at the final step (Hiverge's CIFAR-10 schedule). Run the same 3 quintic iterations, then rescale each NS output matrix so its Frobenius norm equals that of the tip's NS output for that shape group (or, more simply, sqrt(min(out,in)) times the existing sqrt(max(1,out/in)) factor). The per-step update magnitude is therefore unchanged, and only how strongly the small singular directions are flattened changes. Pass s_t as a 0-d GPU tensor updated with fill_, so nothing recompiles. Weight-norm projection, Muon lr 0.16, momentum 0.8, lookahead, the curriculum, freeze points and epochs stay unchanged. In drafts/, log the per-group update Frobenius norm and the fraction of singular values above 0.5 at steps 0, 100 and the end, against the tip, to confirm the norms match and the spectrum is less whitened late in training. Run debug_nan.py under max-autotune-no-cudagraphs and re-warm the Muon variants in build().	
I084	H1.2.6	1	done	Accuracy -0.30 to +0.35 pp, point +0.05 pp. Paired with per-filter weight-norm projection, equal per-filter update RMS gives every filter a more even relative rotation. NorMuon is untested on CNN filters. Time +0.2% to +1.0%, point +0.5% (one memory-bound pass over ~11M params per step). A gain >=0.25 pp supports H1.2.6 and banks margin for the freeze ladder. Within +-0.15 pp: Muon's update geometry is saturated on the filters; close H1.2.6. A drop >=0.25 pp refutes it.	NorMuon on the conv filters. On the tip (E058 or its successor), make one change inside the batched compiled Muon step: after NS3 and before the sqrt(max(1,out/in)) scaling, apply per-row (per output filter) second-moment normalization. Keep a buffer v per group of shape [n_mats, out, 1], initialised to zero in prepare() (reset per trial). Update v = 0.95*v + 0.05*mean_over_cols(O^2) and set O' = O / sqrt(v_hat + 1e-8), with bias correction v_hat = v / (1 - 0.95^t). Then rescale O' to the Frobenius norm O had, so the per-step update magnitude is unchanged and only its distribution across filters changes. The weight-norm projection, Muon lr 0.16, momentum 0.8, lookahead, curriculum, freeze variants and epochs stay unchanged. The frozen-block Muon variants must update v only for the groups they contain. Pass the step count as a 0-d tensor. Re-warm all Muon variants in build() on synthetic tensors, and run debug_nan.py under max-autotune-no-cudagraphs.	
I085	H4.1.2	4	dropped	No metric change, since the submission is untouched. Prediction: per-seed sd 0.12-0.25 pp. Extra-seed mean 0.7520-0.7545, point ~0.7530, about 0.05 pp below the seeds 0-2 mean because the keep/discard ratchet selected on those seeds. E061 minus E058 paired on seeds 3-12: -0.05 to -0.15 pp. Decision rule: mean >= 0.7535 → run the time cuts (H7.1.1, H6.4.1) next. Mean <= 0.7525 (refutes H4.1.2) → run the margin-recovery ideas (OLS, Polar Express coefficients, BN-bias x32) before any further time cut, and lower H6.4.1's priority.	Diagnostic run offline in drafts/. The submission does not change. Several later decisions (H7.1.1, H6.4.1) depend on how real the tip's 0.07 pp margin is. Load the E058 commit (fb3f626) through the benchmark's own build/prepare/train/eval code path, after one build, and run 10 extra trials on seeds 3-12. Report per-seed accuracy, the mean, the per-seed sd and the per-trial train time. If budget allows (~1 min of GPU after build), also run the E061 commit (block-1 freeze at 0.7) on the same seeds 3-12. That gives a paired estimate of the 0.7-vs-0.8 freeze cost that does not depend on seeds 0-2. Keep the commits, data and eval path unchanged, and do not touch anything the timed harness uses. Record the result in the notebook as evidence for H4.1.2 (and H4.1.6 for the paired sd).	Done offline (benchmark code path, results in drafts/extra_seeds, submission untouched). E058 (fb3f626) on seeds 3-12: per-seed [75.35,74.91,75.00,75.61,75.70,75.50,75.58,75.44,75.05,75.14], mean 0.75328, per-seed sd 0.28 pp, train ~4.61 s. Seeds 0-2 mean 0.7537 -> extra-seed mean within 0.04 pp: SUPPORTS H4.1.2 (no ratchet inflation; 13-seed mean ~0.7534, ~0.33 pp above the official 0.75 bar). Paired E061 (freeze@0.7, 77e1f60) on seeds 3-12: mean 0.75214, sd 0.23; paired diff -0.11 pp (paired per-seed sd ~0.24 pp), identical to seeds 0-2 (-0.11). Decision rule: 0.7533 is between 0.7525 and 0.7535, so neither branch fires strictly; the margin on the local 0.753 gate stays thin (~0.03-0.07 pp).
I086	H7.1.1	4	done	Time 4.53-4.61 s, point ~4.57 s (-2.7% vs 4.696). Compute is identical to E061, because the anneal window still runs full steps. Accuracy 0.7515-0.7555, point ~0.7535: it should recover most of E061's -0.11 pp because block 1's last fast iterates are no longer noisy at freeze time. Feasible and >=1.5% faster: keep, new best, then try the same anneal with a 0.6 freeze. Within 0.05 pp of E061: abrupt stopping was not the cost, so refute H7.1 and close earlier-freeze tuning at 0.8.	Anneal block 1 before an earlier freeze, combining with E061's near-miss (freeze at 0.7, -0.11 pp, infeasible by 0.04). Base: E058 (fb3f626). Make one change: between samples 0.6 and 0.7 of training (162000 → 236250), multiply block 1's per-step lr by a factor that falls linearly from 1 to 0. This applies to both block-1 Muon lrs (the 128x1152 and 128x216 shape groups) and to block-1 BN-bias lrs in the SGD group. Then, from sample 236250, switch to the existing block-1-frozen graph pair (E061's switch point, with the same straddling-step split). Pass the block-1 multiplier as its own 0-d GPU tensor, filled each step, into the batched Muon step and the SGD param group, so nothing recompiles. Every other group keeps its schedule, and momentum buffers keep accumulating. Lookahead is unchanged, so the slow block-1 weights converge onto the now-still fast weights. Reuse E061's partial-shape warmups (channels_last, exact timed layout). Run debug_nan.py on the modified Muon step and compare trial-0 with later-trial times.	
I087	H2.4.8	3	dropped	Muon GPU time falls from ~1.43 to ~1.05-1.2 ms/step: 2 rectangular GEMMs instead of 6, ~40% fewer NS FLOPs. Mean time -0.8% to -2.0%, point -1.3% (~4.635 s). Accuracy within ±0.08 pp of 0.7537, tighter than re-draw, because the data/RNG stream is unchanged and the update matches to rounding. Keep if feasible and >=1% faster, since the saving is deterministic and pre-measured (the E051 precedent). If the gate shows <0.25 ms, mark H2.4.8 refuted without a run: NS GEMMs are not where Muon time goes.	Math-preserving systems change: Gram Newton-Schulz in the batched compiled Muon step. Base: E058. For each stacked group X (out x in, out < in, aspect ~9), compute R = X X^T once (rectangular GEMM, bf16 inputs, fp32 accumulate). Run the 3 quintic iterations entirely in out x out space with fp32 square matmuls. Same coefficients (a,b,c): A_k = Q_k R Q_k^T (equal to Q_k^2 R, since Q is a polynomial in R), P_k = aI + bA_k + cA_k^2, Q_{k+1} = P_k Q_k, starting from Q_0 = I. Finally compute X_3 = Q_3 X with one rectangular GEMM. Keep the pre-NS Frobenius normalization, the sqrt(max(1,out/in)) scaling, the weight-norm projection, the lr and everything else identical, in both Muon variants (with and without block 1). Gate in drafts/ before launching: (1) on real momentum matrices from seed 0 at steps 0, 100 and the end, max |X_gram - X_ns3| / max|X_ns3| < 2e-2 per group; (2) drafts/time_muon.py shows a Muon GPU time saving >= 0.25 ms/step. Launch only if both pass. Re-warm both Muon variants in build() and run debug_nan.py under max-autotune-no-cudagraphs.	Both gates fail, so H2.4.8 is refuted without a run per the idea's rule. Gate 1 (drafts/gram_ns_gate.py, real seed-0 momentum at steps 1/100/216): max rel diff vs the tip's bf16 NS3 is 1.0e-2..3.4e-2 per group, several > 2e-2 (bf16 rounding of a different contraction order). Gate 2: NS GPU time per step (all 6 shape groups, compiled): tip 1.127 ms vs Gram 1.218 ms (+0.09 ms): fp32/TF32 out x out matmuls lose to bf16 wide GEMMs at these aspect ratios (~3-9). Note: NS GEMMs are ~1.13 of the fused Muon's ~1.43 ms/step.
I088	H1.11.1	3	done	Accuracy -0.30 to +0.40 pp, point +0.05 pp. Superclass-structured targets add per-step signal, but 6.75 epochs gives only ~12 swaps of a noisy S (H1.11.1's named failure mode). Time +0.1% to +0.6% (one 1536x100 scatter-add per step). A gain >=0.2 pp supports H1.11.1 and banks margin for H6.4.1 or the 0.7 freeze. Within ±0.15 pp: class-structured soft targets are flat like uniform LS, so close H1.11. A drop >=0.25 pp refutes it, since the early S is too noisy at this horizon.	Online Label Smoothing replaces uniform LS 0.2. Base: E058. Make one change to the loss. Keep a 100x100 fp32 GPU matrix S (column c = soft target for class c), reset in prepare() to the LS-0.4 matrix (0.6 on the diagonal + 0.4/100 everywhere), plus an accumulator S_acc and counts, zeroed. Training target for a sample of class y: t = 0.5*onehot(y) + 0.5*S[:, y]. At initialization this is exactly LS 0.2, so behaviour is unchanged until the first swap. Inside the compiled step, with no data-dependent branch, add softmax(logits.detach().float()) * correct_mask into S_acc's column y with index_add_ / scatter_add, and add correct_mask to counts. At every half-epoch boundary (picked in Python by samples seen, between steps), set S = S_acc / counts.clamp_min(1). Keep the old column for any class with count 0, then zero S_acc and counts. Pass S, S_acc and counts as tensor inputs, so nothing recompiles. Accumulation runs in every resolution stage and freeze variant. Re-warm all train variants in build() on synthetic data and run debug_nan.py. Eval is unchanged.	
I089	H1.2.7	3	done	Accuracy -0.30 to +0.35 pp, point +0.05 pp. E065 showed whitening strength matters steeply below the default, but E017 (NS5 ≈ NS3) suggests the top side is near saturation. Time unchanged (±0.5%; same number of bmm). A gain >=0.2 pp supports H1.2.7 and banks margin. Within ±0.15 pp: the update geometry is saturated in every direction, so close H1.2.7 and treat the H1 update branch as finished. If the gate fails (NS3 already lifts >= as many directions), retire it without a run.	Stronger whitening at the same update norm and no extra cost: swap the fixed quintic coefficients (3.4445, -4.7750, 2.0315) used in all 3 NS iterations for three per-iteration Polar Express triples. Compute them with optimal_composition(num_iters=3, l=ℓ) from arxiv 2505.16932, where ℓ is the 5th-percentile smallest-singular-value ratio measured in drafts/ on the tip's real normalized momentum matrices (seed 0, steps 0/100/end, all groups). Apply the published safety scaling and do not truncate a longer list. After NS, rescale each group's output to the Frobenius norm the current NS3 output would have. Compute this cheaply as a per-group constant measured in drafts/, or online as the ratio of norms if that is cheap, so only the spectrum shape changes and the step size does not. Base: E058; everything else is unchanged. Gate in drafts/: the fraction of singular values >0.5 after the new NS must be >= NS3's, and the max singular value must be <= 1.3. Re-warm both Muon variants and run debug_nan.py under max-autotune-no-cudagraphs.	
I090	H6.4.1	3	done	Time 4.49-4.58 s, point ~4.53 s (-3.5%). Accuracy 0.7510-0.7545, point ~0.7530 (-0.07 pp at E063's ~0.3 pp/epoch). That is a coin flip at the gate on E058, which is why it is conditional on banked margin. A drop <=0.1 pp supports H6.4.1 (the cheapest time lever left), so keep it if feasible. A drop >=0.25 pp restores the steep-slope picture: E063 was noise, so refute H6.4.1 and stop epoch trimming.	Cash in E063's shallow epoch slope. Run only if the H4.1.2 extra-seed mean is >= 0.7535, or after a keep that banks >= +0.1 pp (H7.1.1, OLS, Polar Express). Base: the then-tip, else E058. Make one change: total epochs 6.75 → 6.5, with the 0.25 epoch removed from the 32 px stage. The 20 px (0-1.5) and 28 px (1.5-3.5) boundaries stay fixed in samples. The block-1 freeze stays at 0.8 of the new total samples (260000), and the lr warmup/decay, Muon multiplier and lookahead (t/T)^3 ramp are scaled to samples seen. The final half-epoch uses the first half of that epoch's permutation (E006/E018 practice). Warm up every new partial shape at the moved freeze switch and the new run end for each graph variant, with channels_last tensors in the exact timed layout (E035). Run debug_nan.py on new shapes and compare trial-0 with later-trial times.	
I091	H7.3.1	2	done	Time -0.6% to -1.6%, point -1.0% (~4.65 s). Accuracy -0.25 to +0.10 pp, point -0.08 pp. Its input is frozen, so this conv has less left to learn than E062's whole block 2. Keep only if feasible and >=1% faster. A drop >=0.25 pp (like E062) means all of block 2 is still learning at 0.9, so refute H7.3 and close freezing beyond block 1.	Partial block-2 freeze. Base: E058 (or the H7.1.1 successor). For the last 10% of samples (from 303750, i.e. 6.075 epochs), use a new 32 px train variant that is the block-1-frozen graph plus a detached weight for block 2's first conv only (conv(x, w.detach()) behind a Python flag fixed at trace time). Block 2's later convs, all of block 3 and block-2 BN biases keep training. Pair it with a Muon variant that excludes the 128x1152 block-1 groups and block 2's 384x1152 first-conv group (its own shape group, so it drops out cleanly). Block 2's first-conv dgrad is already skipped once block 1 is frozen, so this removes its wgrad (~300 GFLOP fwd-equivalent at 15x15, bs 1536) plus one NS group. Split the straddling step at 303750 into the two partial shapes. Warm up the new train and Muon variants and every partial shape in build() with channels_last tensors (E035). Run debug_nan.py and compare trial-0 with later-trial times.	
I092	H1.7.4	2	done	Accuracy -0.30 to +0.25 pp, point -0.03 pp. x128 cost 0.49 pp (E056), so x64 is at or slightly above the optimum, and the curve may be flat below it. Time unchanged (±1%). A gain >=0.2 pp supports H1.7.4 and banks margin for H6.4.1. Within ±0.15 pp: the BN-bias axis is flat below x64, so close H1.7 entirely. A drop >=0.25 pp means x64 is a sharp optimum.	Margin-recovery probe on the last untested SGD-group setting. Base: E058. Change only the BatchNorm-bias lr multiplier, from x64 to x32 (relative to the current x1.5-scaled SGD base lr), and double the BN-bias wd so lr*wd stays constant. The head (x2, wd halved), whitening bias, Muon, lookahead, curriculum, freeze, jitter and epochs are all unchanged. The lr is a 0-d tensor / eager param-group value, so there are no new shapes and nothing recompiles.	
I093	H2.4.7	5	done	Time 4.50-4.60 s, point ~4.55 s (-2.8% vs 4.678 s, as in E061 vs E058). Accuracy 0.7520-0.7575, point ~0.7550 (E069 0.7561 minus E061's paired cost of -0.11 pp, which held on both seeds 0-2 and seeds 3-12). Feasible and >=1.5% faster: keep, new best. Infeasible by <=0.05 pp: keep the code path for the stack idea. A drop >=0.3 pp means Polar Express made late block-1 updates more valuable; then close earlier freezing at 0.8.	Spend part of E069's banked margin on the cheapest time cut found so far: freeze block 1 earlier. Base: E069 (commit 5ed8687; Polar Express NS3 coefficients with output rescaled to NS3's Frobenius norm, bs 1536, 20/28/32 px curriculum at 0-1.5/1.5-3.5/3.5-6.75 epochs, head x2, Muon lr 0.16 mom 0.8, lookahead 0.97^5, jitter, whitening bias trained in epoch 1 only, block 1 frozen from 0.8). Make one change: switch to the existing block-1-frozen graph pair at sample 236250 (0.7 of samples, E061's point) instead of 270000. That pair is the detached block-1 output with the Muon variant without the block-1 groups (now running the Polar Express coefficients), with block-1 BN biases skipped in SGD. Split the straddling step into the two partial shapes, as E061 did. Reuse E061's partial-shape warmups with channels_last tensors in the exact timed layout (E035), and confirm that the Polar Express Muon variant without block 1 is warmed at those shapes. Run debug_nan.py and compare trial-0 with later-trial times. Do not anneal block 1 first: E067 showed the anneal adds nothing.	
I094	H6.3.1	4	done	Time 4.52-4.62 s, point ~4.57 s (-2.3% vs 4.678 s, as in E054 vs E052). Accuracy 0.7505-0.7570, point ~0.7539 (E069 minus E054's -0.22 pp). Feasible and >=1.5% faster: keep. Since E054's single paired point sits at 0.1 pp per 1%, a drop >=0.35 pp means the 32 px tail floor is ~3.25 epochs; then refute H6.3.1 and close stage-length tuning.	Retry E054's near-miss on the margin E069 banked. Base: E069 (commit 5ed8687). Make one change: move the 28 -> 32 px switch from 3.5 to 4.0 epochs (sample 200000), so 28 px runs epochs 1.5-4.0 (still without translate) and 32 px with translate-2 runs 4.0-6.75. Total epochs, bs, the sample stream, the block-1 freeze at 0.8 (sample 270000) and every sample-indexed schedule stay unchanged. Port the switch logic from E054 (commit 81c1232) and split the straddling step into the two partial shapes. In build(), warm up the new partial shapes at sample 200000 for the 28 px and 32 px graphs with channels_last tensors in the exact timed layout (E035). Keep build under ~450 s. Run debug_nan.py on the new shapes and compare trial-0 with later-trial times.	
I095	H2.4.6	3	dropped	If the gate passes: time 4.58-4.63 s, point ~4.60 s (-1.6%; one of three NS iterations is ~0.37 ms of the ~1.13 ms NS cost, over ~221 steps). Accuracy 0.7505-0.7570, point ~0.7545 (between E058's whitening level and E069's). Feasible and >=1.2% faster with a pre-measured deterministic saving: keep (E051 precedent). A drop >=0.25 pp means the E069 gain needs all 3 iterations; then refute H2.4.6. If the gate fails, retire H2.4.6 without a run.	Now that Polar Express coefficients whiten more per iteration, test whether 2 of them can replace the tip's 3. Base: E069. Make one change inside both batched compiled Muon variants: run 2 NS iterations with coefficients from optimal_composition(num_iters=2, l=ℓ) (arxiv 2505.16932), with ℓ the same 5th-percentile ratio E069 measured, the published safety scaling, and no truncation of a longer list. Then rescale each group's output to the same per-group Frobenius target E069 uses, so the step size is unchanged. Gate in drafts/ on real seed-0 momentum matrices at steps 1/100/end: launch only if (a) the fraction of normalized singular values >0.5 after NS2-PE is >= 86% (the old fixed-coefficient NS3 level, i.e. no weaker than E058's whitening, because E065 showed weaker whitening falls off a cliff), (b) the max singular value is <= 1.3, and (c) drafts/time_muon.py shows a saving >= 0.3 ms/step. Re-warm both Muon variants in build() and run debug_nan.py under max-autotune-no-cudagraphs.	Gate failed, no run (drafts/polar_express.py, real seed-0 momentum matrices). 2-iteration minimax compositions: l=0.012 -> frac sv>0.5 0.697, max sv 1.664; l=0.02 -> 0.630 / 1.514; l=0.03 -> 0.553 / 1.381. All fail (a) >= 0.86 and (b) <= 1.3: two quintic iterations cannot reach NS3-level whitening from l~0.01, and E065 showed weaker whitening falls off a cliff. H2.4.6 (fewer NS iterations) closed.
I096	H1.2.7	3	dropped	Accuracy -0.20 to +0.30 pp, point +0.07 pp (~0.7568). Time unchanged (±0.5%, same bmm count). A gain >=0.15 pp supports a monotone whitening-strength picture; keep it and bank margin for the freeze/28 px stack. Within ±0.12 pp: whitening is saturated at ~95% lifted, so close H1.2.7 and the H1 update branch.	Push whitening strength one step further at zero cost. E065 (-1.51 pp, weaker) and E069 (+0.24 pp, stronger) both say accuracy rises with whitening strength around the default. Base: E069. Make one change: recompute the 3 Polar Express triples with optimal_composition(num_iters=3, l=ℓ'), where ℓ' is the 0.5th-percentile smallest-singular-value ratio (or ℓ/4 if that is smaller) instead of the 5th percentile. This lifts the smallest singular directions harder, at some cost in precision near 1. Keep the safety scaling and the per-group Frobenius rescale to E069's target, so only the spectrum shape changes. Gate in drafts/ on seed-0 momentum matrices at steps 1/100/end: the fraction of singular values >0.5 must be >= 98% (E069: ~95%), and the max singular value must be <= 1.3. Retire without a run if no ℓ' meets both. Re-warm both Muon variants and run debug_nan.py.	Gate failed, retired without a run per the idea. 0.5th-percentile normalised sv = 4.5e-3. 3-iteration minimax compositions on real seed-0 momentum: l=0.003 -> frac sv>0.5 0.888, max 1.651; l=0.005 -> 0.982, max 1.499; l=0.0079 -> 0.971, max 1.349. Reaching >= 98% lifted requires l ~0.005, whose minimax band [0.50, 1.50] violates max <= 1.3. Three quintic iterations cannot whiten harder without overshooting; E069 (l=0.012, 95%, max 1.22) is at the practical limit.
I097	H2.4.7	3	dropped	Time 4.40-4.50 s, point ~4.44 s (-5% vs E069; the two cuts touch different stages and should be roughly additive). Accuracy 0.7500-0.7560, point ~0.7530 (borderline; additive costs -0.11 and -0.22 pp). Feasible: keep, new best. Infeasible by <=0.05 pp: keep whichever single cut was kept and wait for the next accuracy gain (the stronger-whitening idea). A combined drop larger than the sum of the single drops by >=0.15 pp means the cuts interact, with fewer full-res unfrozen block-1 steps; then stop stacking.	Combine the two margin-funded time cuts. Run only after the freeze-at-0.7 and 28px-to-4.0 ideas on E069 have both been read, and only if each was feasible or infeasible by <=0.05 pp, with a summed accuracy drop vs E069 of <=0.28 pp. Base: the faster of those two commits if it was kept, else E069. Make one change: add the other cut, so block 1 freezes at sample 236250 AND the 28 -> 32 px switch is at sample 200000. Every other setting and the sample-indexed schedules stay unchanged. Warm up every partial shape at both switches for the unfrozen and frozen 32 px graphs and the 28 px graph, with channels_last tensors in the exact timed layout (E035). Run debug_nan.py and compare trial-0 with later-trial times.	Precondition not met: freeze-at-0.7 on E069 (E073) was infeasible by 0.07 pp (0.7523) and 28px-to-4.0 on E069 (E074) by 0.17 pp (0.7513); both exceed the 0.05 pp allowance, and their summed drop vs E069 (0.38 + 0.48 pp on seeds 0-2) exceeds 0.28 pp. Also I098 showed E069's seeds-0-2 margin was re-draw, so there is no banked margin to fund stacked cuts.
I098	H1.2.7	4	dropped	No metric change. Prediction: E069 extra-seed mean 0.7545-0.7565, point ~0.7553; paired E069 - E058 on seeds 3-12 +0.10 to +0.30 pp, point +0.2; paired per-seed sd ~0.2-0.25 pp. If the extra-seed mean is >=0.7545, run the time-cut stack as planned. If the paired gain is <=+0.05 pp, E069's margin was a re-draw: lower the stack idea to priority 1 and run only the single cheapest cut (freeze at 0.7).	Offline diagnostic in drafts/; the submission is unchanged. Before E069's margin is spent on two to three time cuts, check that its +0.24 pp gain is real and not a seeds 0-2 re-draw (the E058 offline paired sd was ~0.24 pp per seed). Through the benchmark's own build/prepare/train/eval path, after one build per commit, run E069 (5ed8687) on seeds 3-12. Pair it against the existing E058 seeds 3-12 results in drafts/extra_seeds (mean 0.75328, same seeds and harness). Report per-seed accuracy, the mean, the paired per-seed differences and their sd, and per-trial train time. Record the result as evidence for H1.2.7, and for H4.1.2 on the new tip.	Done offline (benchmark path, drafts/extra_seeds). E069 (5ed8687) on seeds 3-12: [75.10,75.30,75.23,75.48,74.78,75.20,75.14,75.59,75.56,75.20], mean 0.75258, sd 0.24 pp, train ~4.64 s. Paired vs E058 on the same seeds (0.75328): per-seed diffs [-0.25,+0.39,+0.23,-0.13,-0.92,-0.30,-0.44,+0.15,+0.51,+0.06], mean -0.07 pp, paired sd ~0.42 pp. E069's +0.24 pp on seeds 0-2 was re-draw; the 13-seed means are tied (~0.7534 both). By the idea's rule (paired gain <= +0.05 pp) E069's margin was a re-draw: run only the single cheapest cut; the stack idea goes to priority 1. Paired 3-seed mean sd ~0.24 pp: 3-seed decisions on effects < ~0.4 pp are unreliable.
I099	H1.2.4	2	done	Accuracy -0.40 to +0.20 pp, point -0.05 pp (the axis was flat over 0.16-0.24 on the old NS3). Time unchanged (±1%). A gain >=0.15 pp means the stronger whitening wants smaller rotations: keep it, and the follow-up is 0.09. Within ±0.12 pp: the Muon lr axis is flat over 0.12-0.24, so close H1.2.4 as supported. A drop >=0.25 pp means 0.16 is near the lower edge of the optimum; close the axis.	Explore the low side of the Muon lr on the new whitening. Polar Express lifts ~95% of singular directions against ~86% for the old NS3, and the output is rescaled to the old Frobenius norm, so the per-direction rotation is smaller and spread more evenly. The lr optimum may have moved. Base: E069. Make one change: Muon lr 0.16 -> 0.12 for the conv filters, with schedule shape, floor, momentum, SGD group, lookahead, curriculum, freeze and epochs all unchanged. The lr is fill_'ed into a 0-d tensor every step, so nothing recompiles.	
I100	H7.2.1	1	done	Time -0.5% to -1.5%, point -0.9% (block 1's BN reductions at 31/15 px on the frozen 20-30% of steps). Accuracy within ±0.15 pp, point -0.03 pp. Keep if feasible and >=1% faster. A drop >=0.25 pp means block 2 depends on block 1's batch-stat noise; refute H7.2.1. A saving <0.7% means the BN stat work is already fused into neighbouring kernels; close H7.2.	Cheaper frozen block 1. Run only after the freeze-at-0.7 idea is read: apply this to its commit if it was kept (a 30% frozen window makes the saving gradable), else to E069. Make one change inside the existing block-1-frozen 32 px train graph: run block 1's BatchNorms in eval mode, using the running stats as of the freeze switch, with no further stat updates. The forward then skips the batch-stat reductions and running-stat writes. Use a Python flag fixed at trace time, with no data-dependent branch. Lookahead keeps blending block 1's buffers, now constant. Re-warm the frozen graph and its partial shapes in build() with channels_last tensors in the exact timed layout (E035). Run debug_nan.py and compare trial-0 with later-trial times.	
I101	H2	4	dropped	Accuracy identical to the base per seed (within 0.02 pp), because the kernels and the RNG stream are unchanged. Time -1% to -3%, point -1.5% (~4.57-4.61 s): ~115 low-res steps lose ~0.5-1 ms of launch/gap time each. Keep if feasible and >=1% faster, since the saving is deterministic and pre-measured (the E051 precedent). If the gate shows <0.05 s of gap, retire without a run: low-res steps are GPU-latency-bound, not launch-bound.	Math-preserving CUDA-graph capture of the low-res train steps. E050 showed small maps are latency-bound (20->16 px saved 0.8% instead of the ~2% FLOP estimate). E038's finding that launch overhead is hidden was measured at 32 px, where steps are ~2.5x heavier. Gate first in drafts/ on the tip: for 20 steps each of the 20 px, 28 px and 32 px train graphs, compare the cuda-event wall time per step with the summed kernel time from the profiler. Launch only if the idle/launch gap in the 20 px plus 28 px stages totals >=0.05 s per trial (~1%). If it does, make one change: run the full-batch 20 px graph (with and without whitening-bias grad) and the full-batch 28 px graph under CUDA graphs. Use Inductor cudagraph trees (mode='max-autotune' for those variants only) and check the logs for 'skipping cudagraphs' caused by BN running-stat mutation. If they are skipped, fall back to a manual torch.cuda.CUDAGraph capture of forward+backward, following E038's pattern: static input buffer filled with copy_, grads with set_to_none=False, and parameters/buffers that prepare() resets IN PLACE so addresses stay valid across trials. Straddling partial-batch steps and all 32 px steps stay as they are. Record/capture every graph in build() on synthetic channels_last tensors. Compare trial-0 with later-trial train times. Base: the I101 successor if kept, else E069.	Gate failed, retired without a run (drafts/gate_lowres_gaps.py on E069, bs 1536). Per-step wall vs summed kernel time: 20px 11.01 vs 10.76 ms (gap 0.25 ms x 48 steps = 0.012 s), 28px 20.88 vs 20.66 ms (0.21 ms x 64 = 0.014 s), 32px 26.48 vs 26.27 ms (0.21 ms x 104 = 0.022 s). Low-res gap total 0.026 s/trial < 0.05 s: low-res steps are GPU-bound, not launch-bound (E050's poor 16px saving reflects small-map kernel inefficiency, not launch overhead).
I102	H4.1.7	4	dropped	No metric change. Prediction: per-seed accuracy matches within 0.02 pp. That supports H4.1.7: math-preserving changes keep the 0.7561 draw, so systems cuts can be stacked safely. If any seed differs by >0.05 pp, cudnn.benchmark/max-autotune adds process-level nondeterminism. Every bit-identical cut then re-draws (~0.1-0.24 pp), so I101/I102 need a margin check before launch, and H4.1.1 loses E003's support. The per-trial time breakdown also sizes the fixed-overhead idea.	Offline reproducibility check in drafts/; the submission is unchanged. Rerun E069 (5ed8687) on seeds 0-2 through the benchmark path in a fresh process with the Inductor cache intact. Compare per-seed accuracy with the logged E069 values. Also log per-trial prepare and train times, and the trial-0 vs trial-1/2 train excess. This is the precondition for the math-preserving cuts (I101, I102, fixed-overhead cleanup): they only keep the tip's seeds-0-2 score if a rerun of the same math reproduces it. Run it before I102 is launched.	Done offline (benchmark path, fresh process, drafts/extra_seeds). E069 rerun on seeds 0-2: per-seed accuracy 0.7578/0.7535/0.7569, bit-identical to the logged E069 -> supports H4.1.7: math-preserving changes keep the seeds-0-2 draw, so pure systems cuts can be stacked without re-drawing accuracy. Times: train 4.54/4.53/4.53 s (no trial-0 excess), prepare 0.154/0.142/0.060 s; logged E069 prepare 0.152/0.146/0.062. Prepare in trials 0-1 is ~0.09 s slower than trial 2 (first-time GPU allocations of the ~1.5 GB data/augment buffers?) -> a fixed-overhead target worth ~0.06 s/trial average (~1.3%).
I103	H1.2.8	2	dropped	Time unchanged (±1%). On seeds 3-12, paired delta -0.2 to +0.3 pp, point +0.08 pp. A gain >=0.15 pp supports H1.2.8 and funds the freeze-at-0.7 cut (~-2.2%). Within ±0.1 pp: the plateau is flat on PE too, so close the Muon-lr axis. A drop >=0.3 pp means the upper cliff moved down under PE.	Muon lr 0.16 -> 0.20 on the Polar Express base, scored on extra seeds first. Gate offline in drafts/: run E069 with only the Muon lr changed to 0.20 (0-d tensor, no recompile) on seeds 3-12, paired against the existing E069 seeds-3-12 results in drafts/extra_seeds (mean 0.75258). Launch the seeds-0-2 run only if the paired 10-seed gain is >=+0.12 pp (~1 paired sd). If it is kept, the banked margin goes straight to the block-1 freeze at 0.7 (E073 config, -0.11 pp paired, -2.2% time) as the next idea. E046 tested 0.20 only on NS3 at bs 1536 (-0.10 pp, seeds 0-2). PE spreads the same Frobenius norm over ~95% of directions instead of ~86%, so per-direction rotation is smaller and the optimum may have moved up. E075 (0.12: -0.89 pp) shows 0.16 is near the lower cliff.	Offline gate failed, no seeds-0-2 run. E069 with Muon lr 0.20 on seeds 3-12 (drafts/extra_seeds): mean 0.75089 vs E069 0.75258; paired per-seed diffs [+0.35,-0.34,-0.48,-0.23,+0.57,+0.04,+0.06,-0.82,-0.43,-0.41] pp, mean -0.17 pp, paired sd 0.42 pp. Gate needed >= +0.12 pp. Refutes H1.2.8 (no upward shift of the lr optimum under PE); Muon lr axis closed at 0.16.
I104	H1.6.1	2	dropped	Time unchanged (±0.5%). Paired 10-seed delta -0.25 to +0.3 pp, point +0.05 pp. A gain >=0.15 pp supports H1.6.1, and EMA-on-top or sync-every-3 becomes the next arm. Within ±0.1 pp: the ramp is flat like the horizon, so close H1.6.1 and the averaging axis. A drop >=0.2 pp means early averaging drags the slow weights toward stale low-res iterates.	Averaging ramp, the first untested H1.6.1 candidate. Change only the lookahead blend ramp from (t/T)^3 to (t/T)^2. Base decay 0.97^5, sync every 5 steps and everything else stay the same. The decay is a Python float applied eagerly (I075), so nothing recompiles. Gate offline on seeds 3-12 paired against E069's existing results. Launch on seeds 0-2 only if the paired gain is >=+0.12 pp. Rationale: lookahead is worth ~1 pp (E008/E020), but only its horizon was ever tuned (E028, flat). A softer ramp brings averaging in earlier in the 32 px stage, where E025/E033 suggest diverse iterates feed the average. If kept, spend the margin on the freeze at 0.7.	Offline gate failed, no seeds-0-2 run. E069 with lookahead ramp (t/T)^2 on seeds 3-12: mean 0.75174 vs E069 0.75258; paired diffs [+0.26,-0.48,-0.25,-0.16,+0.42,+0.05,+0.11,-0.66,-0.30,+0.17] pp, mean -0.08, sd 0.34. Gate needed >= +0.12. Ramp is flat/slightly negative like the horizon (E028): H1.6.1 refuted for the ramp arm; the lookahead averaging axis is closed.
I105	H1.12.1	1	dropped	Time within ±1.5% (FLOP-matched; E013 showed time tracks FLOPs). Paired 10-seed accuracy -0.4 to +0.35 pp, point 0.0. A gain >=0.15 pp supports H1.12 and opens a width axis (try 192/320 next). Within ±0.15 pp: the split is flat, so close H1.12. A drop >=0.25 pp means block-2 width is the scarcer capacity, consistent with E062 (block 2 still learning late).	Explore matched-FLOP width reallocation between blocks 1 and 2 under Muon. On E069, change the block widths from 128/384 to 160/352 (block 3 stays 576). In drafts/, first compute per-step FLOPs at 20, 28 and 32 px. If the 160/352 split is not within ±1.5% of the tip's FLOPs, adjust block 2 in multiples of 32. Keep the Muon shape groups batched (160x1440 pair, 352x3168 pair, the new 160->352 first conv in its own group) and the frozen-block-1 variants consistent. Warm up every resolution and freeze variant plus their partial shapes in build() with channels_last tensors, keep the build under 600 s, and run debug_nan.py. Gate: score offline on seeds 3-12 paired against E069. Launch on seeds 0-2 only if the paired gain is >=+0.12 pp and offline train time is within +1%.	Offline gate failed, no seeds-0-2 run. FLOPs (fwd MFLOP/img): tip 128/384 473.8; 160/352 503.4 (+6.2%, outside +-1.5%) -> adjusted block 2 to 320 (multiple of 32): 160/320 465.9 (-1.7%). Seeds 3-12 paired vs E069: diffs [+0.32,-0.17,-0.19,-0.32,+0.44,-0.24,+0.05,-0.58,-0.24,-0.33] pp, mean -0.13, sd 0.31; time 4.977 vs 4.637 s (+7.3%) despite -1.7% FLOPs (wider block 1 at 31x31 / 15x15 adds memory-bound BN/SiLU traffic). Fails both the accuracy (>= +0.12) and time (<= +1%) gates. H1.12 refuted: the 128/384 split stays.
I106	H2	5	done	Accuracy exactly 0.75607, bit-identical, so there is no re-draw risk. Time -1.0% to -2.2%, point -1.5% (~4.61 s vs 4.678 s): mean prepare falls from ~0.12 s to ~0.04-0.05 s, with no trial-0/1 excess. Keep if bit-identical and >=1% faster: the saving is deterministic and pre-measured (E051 precedent). If the gate shows the excess comes from something build() cannot legally warm (e.g. first read of the real file), retire the idea without a run and record that prepare is at its floor.	Cut the fixed prepare() overhead without touching training numerics. Base: E069 (commit 5ed8687). Background: I102 showed that reruns of E069 are bit-identical on seeds 0-2. Prepare took 0.152/0.146/0.062 s on trials 0/1/2 (mean ~0.12 s, ~2.5% of the score), so trials 0-1 pay ~0.09 s of first-use cost. Gate in drafts/, untimed. Instrument prepare() per component on each of 3 consecutive trials in one process, using cuda-synchronized timers: file read/unpickle, label conversion, H2D copy, uint8 buffer setup, whitening fit (covariance, then eigh or whatever the code uses), parameter/buffer/optimizer/lookahead/Muon-buffer reset, and generator seeding. Launch only if the trial-0/1 excess plus any removable steady-state cost is >=0.05 s per trial on average. Change (all in build() on synthetic inputs, never real data or seeds): (1) Run the whitening-fit linear algebra once on a synthetic covariance of the exact shape, dtype and device. This initializes the cuSOLVER/cuBLAS handles and workspaces before the timed region. (2) Allocate and free synthetic tensors of the exact sizes prepare() and train() create: the on-GPU uint8 train set, labels, the per-epoch augmented and resized buffers at 20/28/32 px, and the permutation. The caching allocator then already holds those blocks. (3) Allocate an empty pinned host staging buffer of the train-set size. prepare() reads the real data into it and does a non_blocking H2D copy, with a sync before the whitening fit. Leave every arithmetic op, the RNG order and the data order unchanged. Before launching, rerun offline on seeds 0-2 and require per-seed accuracy bit-identical to E069 (0.7578/0.7535/0.7569). Also log per-trial prepare times.	
I107	H2	3	done	About 50% chance the gate fails (augment <0.05 s per trial); then record it and retire, with no run. If it passes: accuracy exactly 0.75607 and time -1% to -2%, point -1.3% (~4.62 s, or ~4.55 s stacked on the prepare cut). Keep if bit-identical and >=1% faster. The profile breakdown also tells whether any non-step GPU work remains (sizes the remaining systems headroom for H2).	Trial-level re-profile of E069, then one bit-identical cut to the per-epoch data pipeline. All previous profiles were per step (E003/E016/I101). None covers per-epoch work: augmentation (flip, translate, jitter, antialiased interpolate to 20/28 px), randperm and gather. In E003 that work was ~11 ms/epoch at 32 px, and it now also includes jitter and resizing. Gate in drafts/: profile one full E069 trial with the torch profiler. Report GPU time for (a) per-epoch augment, resize, permute and gather; (b) the split straddling steps at the 50k/75k/175k/270k-sample switches; (c) lookahead syncs; (d) the train and Muon steps. Launch only if (a) totals >=0.05 s per trial. If it does, make one change. Rewrite the per-epoch augment as a single compiled pass that computes exactly the same per-sample ops in the same precision and order. It consumes the same RNG draws, generated for all 50k samples so the stream is unchanged, and writes only the samples the epoch will actually consume: the first 0.75 of the permutation in the final partial epoch, and the per-stage halves of epochs that straddle a resolution switch. Warm it up in build() on synthetic channels_last uint8 inputs. Before launching, require offline seeds-0-2 per-seed accuracy bit-identical to E069. If the fused version is not bit-identical (Inductor rounding), apply only the consumed-samples restriction to the existing kernels.	
I108	H1.6.1	2	dropped	Time +0.0% to +0.3% (~13 extra foreach lerps). Paired 10-seed delta -0.20 to +0.25 pp, point +0.03 pp. A gain >=+0.12 pp supports H1.6.1 and would be the first margin recovered since E069. Within +-0.1 pp, close H1.6.1 entirely, since horizon, ramp and stacking are all flat, and retire H1.6. A drop >=0.15 pp means the slow weights are already over-averaged at the end (consistent with E025's tail-diversity lesson).	Third, untested arm of H1.6.1: an EMA on top of lookahead. The (t/T)^3 ramp (I104) and the decay horizon (E028) are both flat. Base: E069. From 70% of training samples onward, keep an EMA copy of the lookahead slow weights and BN buffers. Update it at every lookahead sync with ema.lerp_(slow, 1-0.8), i.e. decay 0.8 per sync (~5 syncs, ~25 steps). Initialize it to the slow weights at the 0.7 point. At the end of train(), copy the EMA into the model as the final weights instead of the slow weights. Use foreach ops, eager (lookahead is already eager per I075), with no new compiled shapes. prepare() resets the EMA state. Gate offline: run on seeds 3-12 paired against E069's existing results in drafts/extra_seeds (mean 0.75258). Launch on seeds 0-2 only if the paired 10-seed gain is >=+0.12 pp.	Offline gate failed, no seeds-0-2 run. E069 + EMA (decay 0.8/sync) of the lookahead slow weights from 0.7 of training, final weights = EMA, on seeds 3-12: mean 0.75078 vs E069 0.75258; paired diffs [+0.08,-0.06,-0.58,-0.40,+0.07,-0.01,+0.07,-0.42,-0.22,-0.33] pp, mean -0.18, sd 0.24. Needed >= +0.12. Drop >= 0.15 pp -> the slow weights are already over-averaged at the end (consistent with E025's tail-diversity lesson). H1.6.1 refuted in all three arms (horizon E028, ramp I104, stacked EMA I108); retire H1.6.
I109	H1	2	dropped	Time +0.0% to +0.5% (one tiny extra reduction). Paired 10-seed delta -0.40 to +0.30 pp, point -0.05 pp: airbench chose max-pool, but on CIFAR-10 and at long horizons. A gain >=+0.12 pp opens a pooling axis (next: a learned or fixed max/mean mix weight). Within +-0.1 pp: pooling is flat, so close it. A drop >=0.25 pp confirms that spatial max selection is what the head relies on, which fits the E050 mechanism (H6.1).	Explore the global-pool semantics, which have never been varied (E050 showed they matter at the 1x1 extreme). Base: E069. In every resolution graph, replace the final global max-pool with 0.5*(max + mean) over the final map: F.max_pool2d plus F.avg_pool2d, each with a static kernel equal to that graph's final map size (3x3 at 28/32 px, 2x2 at 20 px). Do not use amax, mean() or flatten().max, because of the E009 Inductor bug. The head input stays 576, so there are no new parameters and no change to the eval interface for B=1..1024. Rationale: with a 100-way head and only ~220 steps, max-pool sends gradient to one position per channel. The mean term spreads gradient over all 9 positions, which may raise per-step feature learning in blocks 2-3. Re-warm every train and eval graph variant and their partial shapes in build() with channels_last tensors (E035), and run debug_nan.py under max-autotune-no-cudagraphs. Gate offline on seeds 3-12 paired against E069 (mean 0.75258); launch on seeds 0-2 only if the paired gain is >=+0.12 pp and offline train time is within +0.5%.	Offline gate failed, no seeds-0-2 run. E069 with global pool 0.5*(max+mean) (fixed-kernel max_pool2d/avg_pool2d) on seeds 3-12: mean 0.75160 vs E069 0.75258; paired diffs [-0.07,-0.04,-0.06,+0.27,+0.42,-0.24,-0.28,-0.36,-0.48,-0.14] pp, mean -0.10, sd 0.28; time 4.629 vs 4.637 s. Needed >= +0.12. Pooling semantics are flat-to-slightly-negative: max-pool stays; pooling axis closed.
I110	H1.2.5	2	dropped	Time -1.5% to -2.5%, point -1.9% (~4.59 s): ~16 fewer steps of fixed Muon/SGD/lookahead cost plus larger tail GEMMs. Paired accuracy -0.35 to +0.10 pp, point -0.15 pp. The prior is negative, because E025 showed tail iterate diversity feeds the lookahead average, and a larger tail batch reduces it. A delta >=-0.08 pp supports H1.2.5 as the cheapest remaining time cut. A drop >=0.25 pp is the pre-registered over-annealing reading, and it closes the batch-size axis completely.	Late batch ramp, the only untested batch-size shape. bs 2048 throughout cost 0.45 pp (E055) and bs 2048 early cost 0.49 pp (E053), but the low-lr tail is different from both. Base: E069. Keep bs 1536 until sample 236250 (0.7 of samples), then use bs 2048 to the end. That covers the block-1 freeze at sample 270000, which needs bs-2048 versions of both the unfrozen and the frozen 32 px graph pairs. Index every schedule by samples seen (lr warmup/decay, Muon multiplier, lookahead (t/T)^3 ramp). Muon lr 0.16 and momentum 0.8 stay as they are (C0218). The SGD group's per-step lr is multiplied by 2048/1536 with wd unchanged, the E041/E055 rule. Lookahead keeps syncing every 5 steps. Split straddling steps at the switches into partial shapes. Warm up every new shape in build() with channels_last tensors (E035), keep build under ~450 s, and run debug_nan.py. Gate offline: on seeds 3-12 paired against E069, launch only if the paired delta is >=-0.08 pp and offline train time is <=-1.5%.	Offline gate failed, no seeds-0-2 run. E069 + late batch ramp (bs 1536 -> 2048 from 0.7 of samples, sample-indexed schedules; 201 steps = 152x1536 + 49x2048 vs 216) on seeds 3-12: mean 0.75117 vs E069 0.75258; paired diffs [+0.07,-0.30,-0.36,-0.13,+0.22,-0.04,-0.02,-0.39,-0.26,-0.20] pp, mean -0.14, sd 0.20; time 4.633 vs 4.637 s (-0.1%, not the expected -1.9%: per-sample conv cost dominates; 15 fewer steps save only ~0.02 s of Muon/lookahead). Fails both gates (>= -0.08 pp, <= -1.5%). Batch-size axis closed in every shape (E041 kept 1536; E053 early, E055 all, I110 late).
I111	H2.4.7	2	done	Time -0.9% to -1.4%, point -1.1% (~4.63 s; half of E073's -2.2%). Paired 10-seed accuracy -0.20 to +0.10 pp, point -0.05 pp, about half of the 0.7 cost if the cost is roughly linear in frozen samples. If the gate passes, the seeds-0-2 run is roughly a coin flip against 0.753 (unpaired 3-seed sd ~0.14 pp around a ~0.753 true mean). Keep only if feasible and >=0.9% faster. A paired drop >=0.1 pp means block 1's cost per sample is front-loaded between 0.75 and 0.8, so the freeze point is settled at 0.8 for good.	Price an intermediate block-1 freeze point on the true-mean scale. Freezing at 0.8 is the tip; at 0.7 it costs -0.11 pp paired over 13 seeds on E058 (E061/E073). The E073 config's seeds-0-2 score is fixed by determinism (I102), so only a new config can be tested. Base: E069. Make one change: switch to the existing block-1-frozen graph pair (Polar Express Muon variant without the block-1 groups, block-1 BN biases skipped in SGD) at sample 253125 (0.75 of samples) instead of 270000. Split the straddling step into the two partial shapes and warm them up in build() with channels_last tensors (E035). Run debug_nan.py. Gate offline first: on seeds 3-12 paired against E069 (mean 0.75258), launch on seeds 0-2 only if the paired delta is >=-0.08 pp and offline train time is <=-0.9%. This keeps the 40-seed official mean safely above 0.752 (H4.3) whatever seeds 0-2 draw.	
I112	H6.1.2	1	done	Time -0.3% to -0.8%, point -0.5% (E050's 20->16 px saved only 0.8%, because small maps are latency-bound per I101). Paired accuracy -0.30 to +0.10 pp, point -0.08 pp. A delta within -0.25 pp supports H6.1: the 1x1 final map, not lost detail, caused E050's -1.41 pp. A loss >=0.6 pp refutes the 1x1-map story. This is mainly a mechanism result: it is unlikely to pass the time gate for a seeds-0-2 run.	Mechanism test for the E050 16 px collapse, with a small time saving. Base: E069. Make one change: the first-stage resolution goes from 20 px to 18 px (F.interpolate, antialias=True, inside the compiled augment). This should keep a 2x2 final map. In drafts/, print the per-block sizes first; expect whitening 17, then pools 8/4/2. If the final map is not 2x2, abort and record why. Use a static-kernel F.max_pool2d for the final pool (no amax). Stage boundaries in samples, the whitening-bias freeze at 50000, and all schedules stay unchanged. Warm up the 18 px graphs, with and without whitening-bias grad, plus every partial shape at 50000 and 75000 in build() with channels_last tensors. Run debug_nan.py. Gate offline: on seeds 3-12 paired against E069, launch on seeds 0-2 only if the paired delta is >=-0.05 pp and offline train time is <=-0.5%.	
I113	H6.1	5	dropped	Time -1.2% to -2.2%, point -1.8% (~0.085 s over ~65 steps at ~19.6 vs 20.9 ms/step). Paired 10-seed accuracy -0.30 to +0.10 pp, point -0.08 pp. A delta >= -0.08 pp supports the rule that the final map must stay 3x3, which makes 25 px the cheapest valid middle stage. A drop >= 0.25 pp means post-warmup steps need pixel detail beyond the map-size threshold, which closes middle-stage resolution tuning.	Make the 28 px middle stage cheaper without changing its structure. Shrink its input from 28 px to 25 px. Hypothesis: low-res steps after warmup are cheap as long as the final map stays 3x3, the same as at 32 px (E043's 24 px stage had a 2x2 map). Base: E069 (5ed8687). Make one change: the 1.5-3.5 epoch stage (samples 75000-175000) uses F.interpolate(antialias=True) to 25 px instead of 28 px, inside the compiled augment. Sizes: whitening 24, block-1 pool 12, block-2 pool 6, block-3 pool 3, so the final map stays 3x3. At 28 px the sizes were 27/13/6/3. In drafts/, print the per-block sizes first and abort if the final map is not 3x3. The final pool is a static-kernel F.max_pool2d(3), with no amax (E009). Stage boundaries in samples, the whitening-bias freeze at 50000, the block-1 freeze at 270000 and every schedule stay unchanged. Warm up the 25 px train graph and every partial shape at 75000 and 175000 in build() with channels_last tensors (E035). Run debug_nan.py. Gate offline on seeds 3-12 paired against E069 (mean 0.75258). Do NOT launch it alone on seeds 0-2. If the paired delta is >= -0.08 pp and offline train time is <= -1.2%, feed it into the cut-stack idea. FLOP model: 731 -> 686 MFLOP/img in that stage, -6.2%; time tracks FLOPs here (28 px: 0.77x FLOPs, 0.79x time).	Offline gate (accuracy part) failed; not fed into the cut stack. Sizes at 25px: 24/12/6/3 (final map 3x3 as required). E069 with the 1.5-3.5 epoch stage at 25px on seeds 3-12: mean 0.75153 vs 0.75258; paired diffs [-0.02,-0.33,-0.02,-0.29,+0.62,+0.11,-0.12,-0.43,-0.56,-0.01] pp, mean -0.105 (SE ~0.10), sd 0.33; time 4.553 vs 4.637 (-1.8%, passes). Needed >= -0.08 pp: a narrow miss, within one SE. Inconclusive on H6.1's 3x3-map rule; middle-stage resolution tuning stays at 28px.
I114	H6	4	dropped	No metric change. Prediction: paired gain +0.05 to +0.35 pp, point +0.18 pp; time about +0.20 s (+4.3%, as in E063 vs E061 and E070 vs E069). A gain >= +0.15 pp means the knee slope is ~0.6+ pp/epoch upward, so +0.25 epoch is a usable buffer at ~0.04 pp per 1%. A gain <= +0.05 pp confirms the shallow upward slope, so epochs cannot fund cuts and the stack must run without them.	Offline diagnostic to settle the conflict between E063 (+0.07 pp for +0.25 epoch) and E070 (-0.63 pp for -0.25 epoch) on the true-mean scale. The cut-stack idea below needs this number to size its accuracy buffer. Base: E069. Make one change: 7.0 total epochs (350000 samples), with the extra 0.25 epoch added to the 32 px stage. The 20 px and 28 px boundaries (75000, 175000) and the whitening-bias freeze (50000) stay fixed in samples. The block-1 freeze stays at 0.8 of the new total (280000). The lr warmup/decay, Muon multiplier and lookahead (t/T)^3 ramp are scaled to samples seen; port the schedule code from E063 (3a94ad6). Warm up the new partial shapes at 280000 and at the run end (E035). Run it on seeds 3-12 through the benchmark path, paired against E069's existing results (mean 0.75258), and log per-trial train time. Submission unchanged, no seeds-0-2 run.	Diagnostic done offline (no seeds-0-2 run by design). E069 at 7.0 epochs (extra 0.25 epoch at 32px, block-1 freeze at 0.8 = 5.6 ep) on seeds 3-12: mean 0.75490 vs 0.75258; paired diffs [+0.69,+0.43,-0.14,+0.46,+0.53,+0.21,+0.63,-0.65,+0.27,-0.11] pp, mean +0.23 (SE ~0.13), sd 0.42; time 4.873 vs 4.637 s (+5.1%). Knee slope upward ~0.9 pp/epoch, i.e. ~0.045 pp per 1% time: +0.25 epoch is a usable but expensive buffer (it costs about what the systems bundle saves).
I115	H4.4	4	dropped	With epochs: time 4.48-4.62 s, point ~4.56 s (-2.5%). The cuts total ~-0.32 s (bundle -0.18, freeze 0.75 -0.04, 18 px -0.015, 25 px -0.085); the epoch adds +0.20 s. True mean ~+0.05 to +0.1 pp over E069, so the seeds-0-2 run has a ~60-65% chance of clearing 0.753, point ~0.7538. Without epochs: ~4.36 s (-6.8%), true mean ~0.752, launched only if the offline mean passes. Feasible means a new best. An offline mean below 0.7535 means the frontier is flat enough that only math-preserving cuts are worth anything; fall back to the pure bundle.	Combine the priced near-misses with a real accuracy buffer. This is the route E078's note asks for. Run it after the 25 px and epoch-slope diagnostics. Base: E069. Bundle: (a) E078's bit-identical fused per-epoch augment (drafts/E078_fused_augment_submission.py), (b) E077's prepare() warmups in build() (d47faa3), (c) block-1 freeze at 0.75 of samples (E079), (d) 18 px first stage (E080), (e) the 25 px middle stage if its gate passed, and (f) 7.0 epochs (extra 0.25 epoch at 32 px, as in the epoch diagnostic) only if that diagnostic showed >= +0.15 pp; otherwise keep 6.75. Keep every boundary sample-indexed, freeze points as fractions of total samples, and schedules on samples seen. Re-extend the fused augment to whatever epochs and stages are consumed. Warm up every graph variant and partial shape in build() with channels_last tensors (E035), keep build under 450 s, and run debug_nan.py on all new shapes. Gate offline on seeds 3-12 paired against E069: launch on seeds 0-2 only if the 10-seed mean is >= 0.7535 (+0.09 pp over E069's 0.75258, which also keeps the 13-seed mean safely above the H4.3 official bar of 0.752) and offline time is <= -2.0%.	Offline gate failed on time, no seeds-0-2 run. Bundle = E069 + fused augment (E078) + vectorised dirac (E077) + block-1 freeze at 0.75 of samples (5.25 of 7.0 ep) + 18px first stage + 7.0 epochs (diagnostic showed +0.23 pp); 25px excluded (its gate failed). Seeds 3-12: mean 0.75394 (>= 0.7535: pass), paired +0.14 pp (sd 0.28); time 4.605 vs 4.637 s = -0.7% (needed <= -2.0%: FAIL). The +0.25 epoch (+5.1%) cancels most of the cuts (~-5.8%). Falling back to the pure math-preserving bundle (I116).
I116	H2	3	done	Time 4.46-4.55 s, point ~4.50 s (-3.8%: E078 -2.5%, E077 -1.3%, both deterministic and additive since they touch per-epoch augment and prepare respectively). Accuracy is a process-level re-draw around ~0.753 (3-seed sd ~0.16 pp), so P(feasible) is ~50%. Feasible means a new best. Infeasible means the bundle becomes the base code for later ideas, with no verdict on H2 beyond the time saving it confirms.	Fallback: the pure math-preserving systems bundle. Run it only if the cut-stack idea fails its offline gate. Base: E069. Apply both verified bit-identical savings together and nothing else: E078's fused per-epoch augment, which writes only consumed samples with an unchanged RNG stream (max diff 2.4e-7), and E077's build()-time warmups (synthetic cuSOLVER/cuBLAS whitening-fit warmup, allocator pre-reservation for the data and augment buffers, pinned staging buffer with non_blocking H2D). Offline, require seeds 0-2 per-seed accuracy bit-identical to E069 (0.7578/0.7535/0.7569) and seeds 3-12 equal to E069's stored results, then launch once. Do not re-roll if it misses: the true mean equals E069's (~0.753), so the local gate is a coin flip, and selecting on reruns would select on noise. If it misses, carry this code into every later candidate as the base.	
I117	H2.5.1	2	dropped	No metric change. Prediction: paired time gap +0.3% to +1.5%, point +0.8% (E007's -1.1% was within jitter). The variant is bit-reproducible across processes and build changes, while the autotuned tip is not after a build() change (the E077 mechanism). Gap <1.5% supports H2.5.1. A gap >= 2% refutes it, and autotune stays.	Offline only, untimed and unscored. Check whether timing-based autotuning both causes the cross-process accuracy re-draws (E077) and earns its time. Base: E069, plus the systems bundle if it was kept. Variant: torch.backends.cudnn.benchmark=False and compile mode default (not max-autotune-no-cudagraphs). Everything else, including warmups with channels_last tensors, stays the same. After clearing the Inductor cache, run the tip and the variant interleaved, 2 fresh processes each, on seeds 0-2. Log per-trial train time, host load (nvidia-smi on other GPUs, per E075), build time, and per-seed accuracy. Questions: (1) does the variant reproduce per-seed accuracy bit-for-bit across fresh processes and after an unrelated build() change (e.g. one extra synthetic warmup)? (2) What is the paired time gap? If the gap is <= 0.7% and the variant is process-deterministic, adopt default compile in the next bundle. Math-preserving cuts would then truly keep the seeds-0-2 draw, the build would be ~50% shorter, and kernel choices would not be SXM-tuned for the PCIe judge.	Done offline (4 fresh processes, private cold Inductor/Triton caches, seeds 0-2; drafts/i117). Autotuned tip A1 [0.7515,0.7499,0.7532] 4.718 s, A2 [0.7533,0.7529,0.7505] 4.656 s (build 380/362 s). Default compile + cudnn.benchmark off: B1 [0.7532,0.7497,0.7515] 4.896 s, B2 (+1 extra build warmup) [0.7462,0.7550,0.7493] 4.909 s (build 215/218 s). (1) Neither mode reproduces per-seed accuracy across fresh processes or build changes. I102's bit-identical rerun came from the WARM shared Inductor cache replaying the same kernel choices; any code change or cold cache re-draws. (2) Paired time gap: default is +4.4% slower (much more than E007's 1.1%; autotune now covers Muon/augment graphs too). Refutes H2.5.1: autotune stays. E069's logged 0.7561 is the best of its draws (0.7561, 0.7515, 0.7522).
I118	H1.8.2	2	dropped	Paired 10-seed accuracy -0.40 to +0.20 pp, point -0.10 pp: translate usually helps at 32 px, and test images are full-field. Time -0.1% to -0.3% (cheaper augment, near zero if the fused augment is in). A gain >= +0.12 pp supports H1.8.2 and becomes the first real accuracy buffer since E045. Within +-0.1 pp: augmentation strength is flat at this horizon, so close H1.8. A drop >= 0.2 pp means translate is still worth its place at 32 px; refute.	Explore whether translate-2 is too much regularization even at 32 px in a ~6.75-epoch run. The low-res-only removal (E052) was neutral; the all-stage version is untested. Base: E069. Make one change: use the no-translate augment variant (already used for the 20/28 px stages since E052) in the 32 px stage too. The alternating flip and brightness/contrast jitter stay. Shapes are unchanged; only the augment variant picked in Python changes. Re-warm it in build() with channels_last tensors. Gate offline on seeds 3-12 paired against E069 (mean 0.75258). Launch on seeds 0-2, folded into the current best stack, only if the paired gain is >= +0.12 pp.	Offline gate failed, no seeds-0-2 run. E069 with translate off in all stages (--params translate=0; flip and jitter kept) on seeds 3-12: mean 0.74977 vs 0.75258; paired diffs [+0.40,-0.27,-0.21,-0.74,+0.16,-0.42,-0.17,-0.81,-0.49,-0.26] pp, mean -0.28, sd 0.37; time +0.4%. Drop >= 0.2 pp: refutes H1.8.2; translate-2 is worth keeping at 32px (E052's low-res-only removal was neutral). Augmentation-strength axis closed.
I119	H4.5.2	5	dropped	Time 4.55-4.65 s, point ~4.60 s (-1.7% vs E069's 4.678): E081 -0.172 s, 18 px ~-0.025 s, +0.125 epoch ~+0.118 s. True mean ~0.7545 (+0.08 to +0.15 pp over ~0.7534; I114 measured an upward slope of ~0.9 pp/epoch). The seeds-0-2 draw lands in 0.751-0.758, P(>=0.753) ~70-75%. Feasible means the first new tip since E069. If the offline paired gain is < +0.05 pp, the upward knee is too shallow at +0.125 epoch, and no epoch-funded buffer beats ~0.05 pp per 1%.	Exploit: the cheapest accuracy buffer that still leaves a net time cut. Base: E081 bundle code (drafts/E081_bundle_submission.py = E069 + fused per-epoch augment + build-time prepare warmups). Two changes, both priced near-misses: (a) the 18 px first stage from E080 (whitening 17 -> pools 8/4/2, 2x2 final map, static-kernel F.max_pool2d; offline paired +0.03 pp, so about free); (b) total epochs 6.75 -> 6.875 (343750 samples), with the extra 0.125 epoch added to the 32 px stage. Do not use 7.0: I114 priced +0.25 epoch at +5.1% time, which would wipe out the bundle's -3.7%. Keep the 20/28 px boundaries (75000, 175000) and the whitening-bias freeze (50000) fixed in samples. The block-1 freeze stays at 0.8 of the new total (275000). Lr warmup/decay, the Muon multiplier and the lookahead (t/T)^3 ramp are indexed by samples seen (port the schedule code from E063/I114). The final partial epoch uses the first 0.875 of its permutation. Extend the fused augment's consumed-sample bookkeeping to match. Warm up every new partial shape at 275000 and at the run end in build() with channels_last tensors (E035), and run debug_nan.py. Offline gate, in ONE process on seeds 3-22, paired against E081 at 6.75 epochs run in the same process: launch on seeds 0-2 only if the paired gain is >= +0.08 pp, the 20-seed mean is >= 0.7540, and offline train time is <= -1.2% vs E069's offline 4.637 s. Launch once and do not re-roll. If an explore screen below (logit scale, residual, warmup) passes first, fold that gain in and drop the +0.125 epoch.	Offline paired gate (drafts/paired_gate.py: ONE process, one build, seeds 3-22, configs alternated per seed so they share autotuned kernels; log drafts/I119_gate.log). cfg0 = E081 bundle (20px, 6.75 ep): mean 0.75238, 4.515 s. cfg1 = bundle + 18px first stage + 6.875 epochs + block-1 freeze at 5.5 ep: mean 0.75384, 4.570 s. Paired +0.146 pp (sd 0.345, SE 0.077), time +1.2% vs cfg0, -1.4% vs E069's offline 4.637 s. Gate: paired >= +0.08 PASS, time <= -1.2% PASS, 20-seed mean >= 0.7540 FAIL by 0.016 pp. Not launched (pre-registered gate respected). Near miss: a variant with a slightly larger buffer (e.g. 6.9-6.95 epochs) or another +0.05 pp would clear it.
I120	H1.13.1	3	dropped	Time unchanged (+-0.3%). Paired 20-seed delta -0.30 to +0.30 pp per arm, point 0.0 to +0.05 pp. The scale moves softmax sharpness, the effective head lr (~scale^2) and the gradient sent back to features, and head lr was flat between x2 and x3 (E049). A gain >= +0.12 pp at >= 2 SE supports H1.13.1 and gives a free buffer that replaces the +0.125 epoch (worth ~2.5% time). Both arms within +-1 SE: axis flat, close H1.13. A drop >= 0.2 pp on the 1/12 side means the head is already under-sharp.	Explore: logit scale. First check in drafts/ whether the arena port multiplies logits by a fixed constant (airbench-style 1/9) and where it sits relative to label smoothing. If there is no fixed scale, retire H1.13.1 without a run. If there is one, screen two arms in ONE process on seeds 3-22 against E081 rerun in the same process: logit scale 1/6 and 1/12, with LS 0.2, head lr x2 and head wd unchanged. The scale is a Python constant in the head, so each arm recompiles: warm every train/eval graph variant in build() and run debug_nan.py for each arm. Report per-arm 20-seed means, paired diffs and SE. Promote an arm into the stack idea only if its paired gain is >= +0.12 pp and >= 2 SE. No seeds-0-2 run from this idea.	Screened offline in ONE process (drafts/paired_gate.py, seeds 3-22, log drafts/I120_gate.log). The head does apply a fixed logit scale (1/9) before the LS-0.2 loss. Arms vs 1/9 (mean 0.75180): 1/6 -> 0.75099, paired -0.081 pp (SE 0.072); 1/12 -> 0.75156, paired -0.025 pp (SE 0.025). Neither reaches +0.12 pp at 2 SE: the logit-scale axis is flat to slightly negative, so H1.13.1 is retired. (Times are invalid: the scale is a guarded Python constant, so alternating arms recompiled every trial; the accuracy readout is unaffected. Caveat: the 1/12 arm's paired sd of 0.11 pp is unusually small, so treat it as weak evidence.)
I121	H1.1.5	3	dropped	~60% chance the residual is present, so no run and the node is retired. If it is absent: time +0.3% to +1% (one add per block, fused into the BN/SiLU kernel), paired accuracy +0.0 to +0.6 pp, point +0.25 pp. A gain that large funds ~3-5% of cuts (e.g. freeze at 0.7, 28 px to 4.0 epochs). It would also invalidate the skip-free reasoning behind E062/H7 (a block-2 freeze no longer cuts all gradient to block 1). A result within +-1 SE refutes H1.1.5.	Explore/check: does the arena's depth-3 ConvGroup keep airbench96's residual (x = conv3(...) + x0 after the first conv/pool)? Inspect the model code in drafts/. If the residual is present, retire H1.1.5 as not applicable, with no run. If it was dropped, restore it in all three blocks exactly as in airbench96 (add the post-pool, post-first-conv activation to the block output before the final activation, with the same BN placement), keeping dirac init and the block-1-frozen graph variants consistent: detach still cuts at block 1's output. Re-warm every resolution and freeze variant and their partial shapes in build() with channels_last tensors, and run debug_nan.py. Screen offline in ONE process on seeds 3-22 paired against E081 rerun in the same process. Promote into the stack only if the paired gain is >= +0.15 pp at >= 2 SE and offline time is <= +1%.	Code inspection: the residual is present. ConvGroup.forward (depth 3): x = act(norm1(pool(conv1(x)))); x0 = x; x = act(norm2(conv2(x))); x = act(norm3(conv3(x)) + x0), i.e. airbench96's residual around conv2/conv3 after the first conv/pool, in all three blocks. H1.1.5 not applicable; retired without a run. (The skip is intra-block, so detaching a block's output still cuts all gradient to earlier blocks; E062's reasoning stands.)
I122	H3.3.1	3	dropped	About 50% chance the gate fails (lookahead 43 x ~0.7 ms = ~0.03 s, already small). If it passes: time -0.8% to -1.5%, point -1.1% (~0.05 s/trial), with accuracy math unchanged (any harness launch is still a process-level re-draw around the base's true mean). This adds ~1% headroom to the stack idea, enough to fund a further ~+0.05 epoch of buffer.	Systems: full-trial profile of E081, then one bit-identical cut. Gate in drafts/: profile one complete E081 trial (prepare + train) with the torch profiler and cuda-synchronized wall timers. Report GPU and wall time for (b) the straddling split steps at the 50k/75k/175k/270k switches, (c) lookahead syncs (eager foreach lerp over params and BN buffers, ~43 per trial), (d) the end-of-train copy of slow weights and eval prep, and (e) any host syncs (.item(), Python-side sample-count checks) that stall the stream. Also record E078's never-recorded items (b)-(d). Launch condition: the removable total is >= 0.05 s/trial. If so, make the single largest bit-identical cut, e.g. move the lookahead blend into one compiled foreach function warmed in build(), or remove a host sync by precomputing the step plan (graph variant, lr values, sync flags) as a Python list in prepare. Require offline per-seed equality with E081 in the same process. Do not launch alone; fold it into the next stack candidate. If the removable total is < 0.03 s, close the outside-step axis.	Gate failed (drafts/gate_outside_step.py, synchronized timers, E081 bundle, 2 trials): train 4.54-4.55 s = train_step 4.45-4.46 s + lookahead 0.039-0.041 s + fused augment 0.015 s + other 0.035 s (per-batch downsample ~0.024, lr setting/Python). Prepare 0.095 s on trial 0, 0.017 s afterwards. Realistically removable outside the step: ~0.03 s (compiling the lookahead blend), < 0.05 s launch condition. Outside-step axis effectively closed; time is ~98% inside the compiled train step.
I123	H1.14.1	2	dropped	Time unchanged (+-0.3%). Paired delta per arm -0.35 to +0.25 pp; point -0.05 pp for (a) (E012 and E031 suggest early steps are not under-used) and +0.03 pp for (b). A gain >= +0.12 pp at >= 2 SE supports H1.14 and is a free buffer. Both within 1 SE: the schedule axis is flat, so close H1.14 and treat the recipe's hyperparameters as saturated around the flat ~0.05 pp/1% frontier.	Explore: global warmup fraction on the Muon+curriculum base, never varied as a whole. Base: E081. Two arms in ONE process on seeds 3-22, paired against E081 rerun in the same process: (a) warmup 0.23 -> 0.15; (b) warmup 0.23 -> 0.30. Both groups (Muon multiplier and SGD group) change together. The 0.2x start, the 0.07x floor, the linear decay shape, the stage boundaries, the freeze points and the lookahead ramp stay unchanged. The lr values are fill_'ed 0-d tensors / eager param-group values, so nothing recompiles. Note: the 20 px stage ends at 22% of samples, so (b) keeps all of the 28 px stage's first ~8% in warmup and (a) puts peak lr inside the 20 px stage (cf. E043, where low-res past the peak hurt). Promote an arm into the stack only if its paired gain is >= +0.12 pp at >= 2 SE.	Screened offline in ONE process (drafts/paired_gate.py, seeds 3-22, log drafts/I123_gate.log). vs warmup 0.23 (E081 bundle, mean 0.75370): warmup 0.15 -> 0.75303, paired -0.067 pp (SE 0.055); warmup 0.30 -> 0.75201, paired -0.169 pp (SE 0.083). Times equal. Neither arm gains: 0.23 is at/near the optimum; H1.14 closed. Note: the same E081 config averaged 0.75238 over the same 20 seeds in I119's process vs 0.75370 here, so a build's kernel choices shift the whole 20-seed mean by ~0.13 pp. Only within-process pairing is reliable.
I124	H4.5.2	5	done	c1: 30-seed mean 0.7533-0.7542, point ~0.7537 (P ~0.67); time ~4.57 s. c2: mean ~0.7541 (P ~0.75); time ~4.60 s. Most likely c1 or c2 gets launched, with a ~65-75% chance of the first new feasible tip since E069, at 4.57-4.61 s (-1.5% to -2.3% vs 4.678). If neither config meets the rule, the flat frontier (~0.05 pp per 1% of time, for every reallocation) cannot clear the local gate without a real accuracy gain. Then stop launching time-only candidates.	Run one offline screen of a few configs, then launch the best one exactly once. Base is the I119 code: the E081 bundle (E069 + fused per-epoch augment + build-time prepare warmups) plus the paired_gate.py config switch. Run everything in ONE process with one build, seeds 3-32 (30 seeds), configs alternating per seed so they share autotuned kernels, as in I119. Configs: - c0 = E081 bundle as is (20 px first stage, 6.75 epochs). Control. - c1 = I119 cfg1: 18 px first stage, 6.875 epochs, block-1 freeze at 0.8 of total samples (275000). - c2 = 18 px first stage, 6.9375 epochs (346875 samples). The extra 0.1875 epoch goes into the 32 px stage, the block-1 freeze moves to 277500, and every schedule is indexed by samples seen. The final partial epoch uses the first 0.9375 of its permutation, and the fused augment writes only the consumed samples. - If the I123 warmup screen promotes an arm, or the outside-step cut (next idea) passes its gate first, add it to c1 and c2. Never add it to c0. Warm up every new partial shape (277500, the run end) in build() with channels_last tensors (E035), and run debug_nan.py. Pre-registered launch rule. For each config compute: - m = 30-seed mean; - t = offline train+prepare time × (4.506/4.515), the E081 harness/offline calibration; - P = Φ((m − 0.7530)/0.16), using a 3-seed-mean sd of 0.16 pp from the per-seed sd of ~0.28; - EV = P × (4.678 − t). Launch the argmax-EV config once on seeds 0-2 only if P ≥ 0.60 and t ≤ 4.63 s. Do not re-roll. Report seeds 23-32 separately: they are fresh, while seeds 3-22 of c1 already informed I119.	
I125	H3.3.1	3	dropped	Lookahead falls 0.040 → ~0.015 s and resize ~0.024 → ~0.012 s. Total -0.025 to -0.04 s/trial, i.e. -0.5% to -0.9% (point -0.7%). Accuracy is unchanged in expectation. If the saving is < 0.02 s, close the outside-step axis for good (time is ~98% inside the compiled step).	Cut outside-step work on the E081 bundle while keeping the math (near-)identical. Two changes, both from the I122 trial profile: (1) Lookahead currently takes 0.039-0.041 s/trial as an eager foreach lerp over params and BN buffers at ~43 syncs. Replace it with ONE torch.compile'd function that takes the param/buffer lists and alpha as a 0-d GPU tensor, warmed up in build() on synthetic tensors of the exact shapes, including the block-1-frozen variant if it differs. (2) Resizing to 20 px and 28 px currently runs per batch (~0.024 s/trial). Move it into the fused per-epoch augment pass, so each low-res stage resizes its consumed samples once per epoch in the same op order and precision. Gate offline with synchronized timers over 3 trials (the I122 script). Outside-step time must fall by ≥ 0.025 s/trial. On seeds 3-12 in the same process, paired accuracy against E081 must be within ±1 SE (math unchanged up to lerp rounding). Do not launch alone. If it passes, it becomes the base for the I124-style screen.	Gate PASSED, not launched alone (per the idea); code saved as the new base for the next screen: drafts/I125_base.py (= E082 tip + compiled foreach lookahead blend with a 0-d decay tensor, warmed in build + whole-epoch resize for epochs entirely inside one low-res stage, i.e. epochs 0 (18px) and 2 (28px)). Synchronized-timer profile (drafts/gate_outside_step.py, 2 trials each): outside-step time 0.097 -> 0.065 s/trial (lookahead 0.039 -> 0.017, resize 0.026 -> 0.020, other 0.015 -> 0.013); saving 0.032 s >= 0.025 (~-0.7%). Math: unit tests on identical tensors give max abs diff 0.0 for compiled vs eager lookahead (5 updates) and for whole-epoch vs per-batch resize, so the paired accuracy check reduces to bit-identity (a cross-process paired run is swamped by the ~0.13 pp process offset).
I126	H1.2	3	dropped	Time unchanged (±0.3%). Paired delta per arm -0.3 to +0.2 pp. Point -0.03 pp for 0.7 and +0.03 pp for 0.9: fewer steps per sample at bs 1536 argue for more averaging before orthogonalization. A gain ≥ +0.12 pp at 2 SE would be a free buffer worth ~2.5% of time. Both arms within 1 SE closes the momentum axis, and with it the last untuned Muon scalar.	Explore Muon momentum on the current base. Proposed new Lvl3 node: H1.2.10, 'Muon momentum is off its optimum at bs 1536 with PE coefficients'. Momentum was set to 0.8 on a single 3-seed run at bs 1024 with plain NS3 (E026, +0.18, inside noise), and was never re-tested after bs 1536, the curriculum, PE or the freeze. Base: E081 bundle. In ONE process on seeds 3-22, screen two arms against E081 rerun in the same process: Muon Nesterov momentum 0.7 and 0.9. Everything else is unchanged, including lr 0.16, PE NS3, the Frobenius rescale, projection, lookahead and the SGD group. If momentum is a guarded Python constant, each arm recompiles: warm all Muon variants per arm, and ignore the screen's times (as in I120). Promote an arm into the I124 stack only if its paired gain is ≥ +0.12 pp at ≥ 2 SE.	Screened in ONE process (drafts/paired_gate.py on drafts/I125_base.py, math = E082 tip; seeds 3-22; log drafts/I126_gate.log). vs momentum 0.8 (mean 0.75423): 0.7 -> 0.75227, paired -0.197 pp (SE 0.059, -3.3 SE); 0.9 -> 0.74904, paired -0.519 pp (SE 0.061, -8.5 SE). Times invalid (guarded constant -> recompiles). 0.8 is at the optimum, with a sharp drop at 0.9. H1.2.10 refuted; Muon momentum axis closed (lr, NS strength and momentum all at their optima).
I127	H1.8	2	dropped	Time unchanged (±0.2%). Paired delta -0.25 to +0.25 pp, point +0.03 pp. A gain ≥ +0.12 pp at 2 SE is a free buffer and reopens augmentation strength (translate 4, or cutout, next). A drop ≥ 0.15 pp means translate-2 sits at its optimum, which closes H1.8 in both directions.	Explore stronger translation at 32 px. I118 showed that removing translate-2 costs -0.28 pp paired, so augmentation diversity is valuable even at 6.75 epochs, and the stronger side has never been tested (airbench96 uses larger translates on longer runs). Base: E081 bundle. Make one change: translate 2 → 3 in the 32 px stage only, implemented as pad-3 plus random crop inside the fused augment. The 20/28 px stages stay translate-free, and flip and jitter are unchanged. Shapes are unchanged. Re-warm the augment variant in build() and check that the fused augment's RNG draws for all 50k samples are still generated. Screen in ONE process on seeds 3-22, paired against E081 in the same process. Promote into the stack only if the paired gain is ≥ +0.12 pp at ≥ 2 SE.	Screened in ONE process (drafts/paired_gate.py on drafts/I128_perblock.py with default multipliers = E082-equivalent base; seeds 3-22; log drafts/I127_I128_gate.log). translate 3 at 32px (low-res epochs still center-crop): 0.75220 vs 0.75384, paired -0.165 pp (SE 0.063, -2.6 SE). Translate-2 is at its optimum in both directions (I118: no translate -0.28 pp). H1.8 closed.
I128	H1.2	2	dropped	Time unchanged. Paired delta per arm -0.35 to +0.2 pp, point -0.05 pp, since the global cliffs suggest 0.16 is near-optimal for every block. A gain ≥ +0.12 pp would be a free buffer and would localize where the lr cliff comes from. Both arms within 1 SE closes the Muon lr axis in every shape.	Explore per-block Muon lr. Proposed new Lvl3 node: H1.2.11, 'blocks want different rotation rates'. H7 shows block 1 is nearly done by 0.8 while block 2 is still learning at 0.9 (E062), yet all blocks share lr 0.16. Global lr changes hit cliffs on both sides (0.12: -0.89; 0.20 under PE: -0.17 paired), so a per-block split is the only untested lr shape. Base: E081 bundle. Two arms in ONE process on seeds 3-22, paired against E081 in the same process: (a) block-1 shape groups at lr 0.13, blocks 2/3 at 0.16; (b) block-2 and block-3 groups at 0.19, block 1 at 0.16. Pass a per-group lr multiplier as 0-d tensors into the batched compiled Muon step (both freeze variants), so arms do not recompile. Promote only if the paired gain is ≥ +0.12 pp at ≥ 2 SE.	Screened in the same ONE-process run as I127 (drafts/I128_perblock.py: per-block Muon lr multipliers as a GPU tensor in the fused step, no recompiles; log drafts/I127_I128_gate.log). vs base (0.75384): block 1 at 0.13 (x0.8125) -> 0.75409, paired +0.024 pp (SE 0.067); blocks 2-3 at 0.19 (x1.1875) -> 0.75365, paired -0.020 pp (SE 0.089). Both well within 1 SE, so per-block lr is flat. H1.2.11 refuted; the Muon lr axis is closed in every shape.
I129	H2.4.3	1	dropped	~70% chance the gate fails (projection is fused and ~0.05-0.1 ms/step), and H2.4.3 is retired. If it passes: time -0.6% to -1.2%. Paired accuracy -0.2 to +0.1 pp, point -0.05 pp, because filter norms drift between projections without the Muon weight decay Hiverge pairs it with.	Gate first in drafts/, untimed. On the E081 bundle, profile the batched compiled Muon step with and without the weight-norm projection (cuda events and the profiler, both freeze variants). The step takes ~1.43 ms/step, of which NS GEMMs are ~1.13 ms, so projection plus momentum plus norms are ≤ 0.3 ms. If the projection costs < 0.12 ms/step (< ~0.026 s/trial, ~0.6%), retire H2.4.3 without a run. If it costs more, make one change: project only on steps where step % k == 0, with k = 2 + int(15 × progress), and always on the final step. Use two compiled Muon variants chosen in Python by step index, all warmed in build(). Screen in ONE process on seeds 3-22 against E081. Promote into the stack only if paired accuracy is ≥ -0.05 pp and offline time is ≤ -0.8%.	Gate part 1 passed (drafts/gate_projection.py: projection costs 0.248 ms/step of GPU time, 1.565 vs 1.317 ms). Screen in ONE process (drafts/I129_thin.py, projection every k = 2 + int(15*progress) steps plus the last step, via a second compiled Muon variant warmed in build; seeds 3-22; log drafts/I129_gate.log): 0.75374 vs 0.75433, paired -0.059 pp (SE 0.076); time -0.34%. Fails both promotion criteria (>= -0.05 pp, <= -0.8%): the in-step saving is mostly hidden or small in context. H2.4.3 retired.
I130	H4.5.2	5	dropped	c0: m ~0.7541, t ~4.55 s (P ~0.72, EV ~0.024). c1: m ~0.7536, t ~4.51 s (P ~0.62, EV ~0.045). c2: m ~0.7531, t ~4.47 s (P ~0.52, fails the P rule). c3: m ~0.7526 (fails). The most likely launch is c1, giving a new tip at ~4.50-4.52 s (-1.5% vs 4.584) with ~60% chance of clearing 0.753. If no config meets the rule, launch nothing: the frontier is flat at ~0.05 pp per 1% of time, so every non-math-preserving cut has to be paid for with a real accuracy gain first.	Exploit: run one more screen of time cuts, then launch once (the I124 protocol) on the new I125 base. Base: drafts/I125_base.py, which is the E082 tip plus the compiled lookahead blend plus the whole-epoch low-res resize. That base is bit-identical to E082 in unit tests and saves ~0.032 s/trial. Run ONE process with one build on seeds 3-42 (40 seeds), with configs alternating per seed so they share autotuned kernels. Configs: - c0 = I125 base as is. - c1 = c0 + block-1 freeze at 0.75 of total samples (sample 257813 of 343750 instead of 275000). This is E079's priced cut: -0.05 pp paired for -0.9%. - c2 = c0 + a 25 px middle stage (samples 75000-175000 at 25 px; sizes 24/12/6/3, final map 3x3, static-kernel max_pool2d(3)). This is I113's narrow miss: -0.105 pp for -1.8%. - c3 = c0 + both cuts. Also fold into c1-c3 (never into c0) any arm promoted by the prepare-overhead gate, the I129 projection gate, the NS-overlap gate or the explore screens below, if they pass first. Warm every new partial shape (257813, 75000/175000 at 25 px, run end) in build() with channels_last tensors (E035), and run debug_nan.py. Launch rule, pre-registered and corrected for process offset: - m = 40-seed mean. - t = offline prepare+train × (E082 harness 4.584 s / E082-config offline time from the I124 log). - P = Φ((m − 0.7530)/0.19). The sd 0.19 combines the 3-seed sd of 0.16, the build/process offset of ~0.10 (I123) and the estimation SE of 0.05. - EV = P × (4.584 − t). Launch the argmax-EV config once on seeds 0-2 only if P ≥ 0.60 and t ≤ 4.55 s. Never re-roll. Report seeds 33-42 separately as fresh seeds.	Screened in ONE process, 40 seeds (3-42), log drafts/I130_gate.log. c0 I125 base 0.75340 @ 4.636 s; c1 freeze 0.75 (5.156 ep) 0.75274 @ 4.557 s (paired -0.066 pp, SE 0.028, -1.70%); c2 25px middle stage 0.75209 @ 4.537 s (-0.132, SE 0.052, -2.14%); c3 both 0.75154 @ 4.477 s (-0.187, SE 0.055, -3.44%). Launch rule (t = offline x 4.584/4.623; P = Phi((m-0.753)/0.19)): c0 P 0.58, t 4.597 (EV < 0); c1 P 0.45; c2 P 0.32; c3 P 0.18. No config meets P >= 0.60 and t <= 4.55 -> nothing launched. The cut prices (c1 -0.039 pp per 1%, c2 -0.062, c3 -0.054) are on the ~0.05 pp per 1% frontier; this process's base mean (0.7534) leaves no margin to spend.
I131	H3.3	4	dropped	About 55% chance the excess can be warmed legally. If so, mean prepare falls from ~0.043 s to ~0.017 s, so time drops by ~0.02-0.03 s/trial (-0.4% to -0.6%) with accuracy math unchanged. Otherwise there is no run, and the outside-step axis is fully closed.	Systems, math-preserving: remove the remaining trial-0 prepare excess. I122 measured prepare at 0.095 s on trial 0 and 0.017 s afterwards, even with the E077 warmups, which is ~0.026 s/trial on average (~0.6%). Gate in drafts/ on the I125 base: in a fresh process, time each prepare() component over 3 consecutive trials with cuda-synchronized timers. Components: file open/read/unpickle, numpy→torch conversion, pinned staging copy, H2D, label conversion, whitening covariance and eigh, parameter/buffer/optimizer/lookahead/Muon resets, generator seeding, first randperm on the trial generator. Find which component carries the trial-0 excess. If it can be warmed legally in build() on synthetic inputs, do that and nothing else. Examples: first use of torch.Generator on CUDA, eigh at a new dtype or shape, first foreach zero_/copy_ over the parameter lists, first unpickle code path on a synthetic in-memory pickle of the same structure. Never read the real data file in build(). Require same-process per-seed equality with the I125 base on seeds 0-2. Do not launch alone; fold it into the stack screen's c1-c3 if it passes. If the excess comes from the first real file read (page cache), record that prepare is at its legal floor and retire.	Gate PASSED; not launched alone (per the idea). New base: drafts/I131_base.py = I125 base + persistent GPU uint8/float train-set buffers and a pinned host staging buffer allocated in build() (memory reuse; synthetic contents only) + build-time warmups of prepare()'s first-use ops on synthetic data (parameter resets, uint8->float, mean/std, whitening eigh on a scratch conv, reflect pad, pinned H2D). Profile (drafts/gate_prepare2.py, harness-like prepare/train/predict loop): trial-0 excess = eigh 48 ms + first reset 17 ms + first float/stat kernels ~15 ms; trial-1 excess = pageable H2D of the 150 MB train set 83-85 ms right after the first evaluation (pinned staging: 4.6 ms memcpy + 6-12 ms H2D). Result: prepare 0.096/0.097/0.017 -> 0.021/0.027/0.019 s, saving ~0.048 s/trial (~1.0%). Math is unchanged (identical uint8->float32/255 values).
I132	H1.7	3	dropped	Time unchanged (±0.2%). Paired delta per arm -0.3 to +0.25 pp, point -0.02 pp for ×2 and +0.04 pp for ×0.5 (a short horizon tends to want less regularization, but LS was flat). A gain ≥ +0.12 pp at 2 SE is a free buffer worth ~2.5% of time at the frontier rate. Both arms within 1 SE closes the SGD group entirely (lr, head, BN and wd).	Explore. This proposes a new node, H1.7.5: the SGD group's weight-decay STRENGTH is off its optimum. Every SGD-group test so far (E039, E045, E049, E056, E072) held lr×wd constant, so the wd level inherited from CIFAR-10 airbench (0.012 × multipliers) was never varied on its own. Under Muon with weight-norm projection, wd acts only on the 100×576 head and the BN biases (plus the whitening bias in epoch 1). Head wd sets how fast row norms, and therefore logit sharpness, grow. With 100 classes and ~215 steps, that may be badly tuned. Base: I125 base. Run two arms in ONE process on seeds 3-22, paired against the base in the same process: (a) every SGD-group wd ×0.5; (b) every SGD-group wd ×2. The lrs stay unchanged. wd is an eager torch-SGD param-group value, so nothing recompiles and the screen's times are valid. Promote an arm into the stack screen only if its paired gain is ≥ +0.12 pp at ≥ 2 SE.	Screened in ONE process on the I131 base (drafts/I132_sgd.py, seeds 3-22; log drafts/I132_I135_gate.log). vs base (0.75423): SGD-group wd x0.5 -> 0.75356, paired -0.068 pp (SE 0.064); wd x2 -> 0.75330, -0.094 pp (SE 0.075). Times equal. Neither gains: wd strength is at/near its optimum. H1.7.5 refuted.
I133	H1	2	dropped	Time +0.0% to +0.3% (one extra argsort of 50k keys per epoch). Paired delta -0.15 to +0.25 pp, point +0.05 pp. A gain ≥ +0.12 pp at 2 SE supports H1.15 and is a free buffer for the stack. Within ±1 SE: per-step class coverage is not limiting at bs 1536, so close it.	Explore. This proposes a new node, H1.15: class-stratified batches lower the head's gradient noise in a 100-class, ~215-step run. At bs 1536 a random batch holds 15.4 ± ~3.9 samples per class, so some classes get almost no head gradient on a given step. Muon normalizes the filters' updates away from that noise, but the SGD head and BN biases do not. Change only how the per-epoch permutation is built: for each epoch, draw one random permutation per class from the trial generator, take each sample's rank r within its class (CIFAR-100 has exactly 500 per class), set key = (r + U(0,1))/500, and use argsort(key) as the epoch order. Every window of 1536 then holds ~15-16 samples of each class, while the within-class order stays random. Implement it vectorised on the GPU inside the fused augment's permutation step (rank via a sort of class-major keys), with no Python loop over classes. All RNG comes from the trial generator in prepare/train. Augment draws and stage boundaries are unchanged. Warm the new permutation code in build() on synthetic labels. Screen in ONE process on seeds 3-22, paired against the I125 base. Promote only if the paired gain is ≥ +0.12 pp at ≥ 2 SE and offline time is within +0.3%.	Screened in ONE process (drafts/I133_strat.py on the I131 base; seeds 3-22; log drafts/I133_gate.log). The stratified order is a valid permutation and cuts per-batch class-count sd from ~3.9 to 0.58 (14-17 per class). Result: 0.75340 vs 0.75360, paired -0.020 pp (SE 0.038), time +0.13%. Flat: per-step class coverage is not limiting at bs 1536. H1.15 refuted.
I134	H2	2	dropped	About 65% chance the gate fails, because the 31×31/15×15 backward convs at bs 1536 already fill the SMs; then retire H2.6 with no run. If it passes: Muon cost hidden 0.3-0.5 ms/step, time -0.8% to -1.8%, point -1.2%, with accuracy math unchanged (it still re-draws across processes like any build change).	Systems explore. This proposes a new node, H2.6: Muon's NS GEMMs (~1.13 ms/step, ~5% of the trial) can be hidden behind backward instead of removed. Today the whole forward+backward is one compiled graph, so no gradient is available before backward ends. Gate in drafts/ before writing any submission code: microbenchmark on the A100, with real shapes at bs 1536 and 32 px. Launch the block-3 576×5184 NS group (PE-NS3, compiled) on a side CUDA stream concurrently with the compiled backward of blocks 1-2. Measure the combined wall time against the sum of the two run serially. Continue only if the measured overlap saving is ≥ 0.35 ms/step. If so, make one change: split the compiled model into two regions, (blocks 1-2) and (block 3 + head), with one intentional graph break, so region 2's backward finishes first. When block 3's grads are ready, launch block 3's Muon update (momentum, PE-NS3, rescale, projection) on a side stream with proper event waits. Join before the next forward and before the lookahead sync. Blocks 1-2 keep the existing batched Muon step, in both freeze variants. The math is identical op for op. Warm every region and variant in build(), and check same-process per-seed equality with the base on seeds 0-2. Do not launch alone; fold into the stack screen if the offline time saving is ≥ 0.8%.	Gate failed, no run (drafts/gate_ns_overlap.py, bs 1536, 32px, real model, compiled PE-NS3 on a 2x576x5184 stack). fwd+bwd 24.44 ms; serial fwd+bwd+NS 24.92 ms (NS ~0.48 ms); NS on a side stream concurrent with the WHOLE backward 24.72-24.74 ms -> best-case overlap saving 0.19 ms/step < 0.35 ms gate. The 31x31/15x15 backward convs at bs 1536 already fill the SMs. H2.6 retired.
I135	H1.7	1	dropped	Time unchanged. Paired delta per arm -0.35 to +0.15 pp, point -0.05 pp (airbench tuned 0.85 jointly with this lr). Both arms within 1 SE closes every SGD-group knob. A drop ≥ 0.2 pp on one side confirms that 0.85 is a sharp optimum, as Muon's 0.8 is.	Explore the last untuned SGD-group scalar: its Nesterov momentum, inherited from airbench (0.85). Muon momentum turned out to have a sharp optimum (I126: 0.9 cost -0.52 pp, 0.7 cost -0.20 pp), so a mis-set head/BN momentum could matter as much, and it was never varied. Base: I125 base. Run two arms in ONE process on seeds 3-22, paired against the base in the same process: SGD-group momentum 0.8 and 0.9, with lr and wd unchanged. Torch SGD's effective step scales with 1/(1−μ), so the arms also change the effective lr; report that confound in the log. The value is an eager param-group setting, so nothing recompiles. Promote an arm only if its paired gain is ≥ +0.12 pp at ≥ 2 SE.	Screened in the same ONE-process run as I132 (log drafts/I132_I135_gate.log; momentum override leaves the kilostep lr/wd scaling unchanged, so the 1/(1-mu) effective-step confound applies). vs base (0.75423): SGD momentum 0.8 -> 0.75465, paired +0.041 pp (SE 0.056); 0.9 -> 0.75350, -0.074 pp (SE 0.069). Both within ~1 SE: flat. Every SGD-group knob (lr multipliers, wd, momentum) is now closed.
I136	H2	5	done	Time 4.47-4.54 s, point ~4.50 s (-1.8% vs E082's 4.584 s: outside-step -0.032 s and prepare -0.048 s, both measured offline with synchronized timers). Accuracy is a process-level re-draw around the E082 config's grand mean. Its 20-40-seed means across seven one-process screens are 0.7534-0.7543, about 0.7540 on average. The 3-seed launch sd is ~0.19 pp including the build offset, so P(>=0.753) is ~0.65-0.70. Feasible means a new tip at ~4.50 s. Time above 4.55 s would mean the prepare savings do not carry over to the harness process (check per-trial prepare in the log).	Exploit: launch the math-preserving I131 base once on seeds 0-2. drafts/I131_base.py is the E082 tip (18 px first stage, 6.875 epochs, block-1 freeze at 0.8, PE-NS3, fused augment, vectorised dirac) plus two additions. (a) I125: a compiled foreach lookahead blend with a 0-d decay tensor, plus a whole-epoch low-res resize for epochs that sit entirely inside one stage. (b) I131: persistent GPU and pinned-host train-set buffers allocated in build(), plus build-time warmups of prepare()'s first-use ops on synthetic data. Both additions were checked bit-identical in unit tests, and neither touches real data or seeds in build(). Before launching, re-run debug_nan.py and check offline that seeds 0-2 per-seed accuracy in one process matches the I131 screen's base config, and that prepare is ~0.02 s on every trial. Launch once and do not re-roll. If it misses, I131_base stays the code base for every later candidate. The recipe's true mean is unchanged, so a miss says nothing about H2.	
I137	H2.4.1	2	dropped	Time -0.8% to -2.5%, point -1.5%: less recompute in the memory-bound BN/act backward, especially at 31x31 and 15x15. Paired accuracy -0.5 to +0.1 pp, point -0.15 pp: smooth activations usually help short Muon runs a little. A loss <=0.05 pp with time <= -1.5% supports H2.4.1 and is a near-free cut. A loss >=0.25 pp closes the activation axis at SiLU.	Explore the activation's cost on the current base. SiLU replaced GELU for -2.2% (E021), and the Triton elementwise BN+act kernels are still ~18% of GPU time. ReLU's forward is a max and its backward needs only a sign mask, so Inductor can save less and recompute nothing. Base: drafts/I131_base.py. Make one change: SiLU -> ReLU in every block, all resolutions and freeze variants. Dirac init and everything else stay as they are. Run debug_nan.py under max-autotune-no-cudagraphs on every graph (E009 lesson). Screen in ONE process with one build on seeds 3-22, against the base in the same process. Both arms get separate model instances compiled and warmed in build() with channels_last tensors, so times are valid. Report the 20-seed paired delta with SE and the offline time delta. Promote into the next stack screen (I138 or a successor) only if the price is <=0.025 pp per 1% of time saved, or if accuracy is >= base -1 SE with time <= -1.5%.	Screened in ONE process (drafts/I137_act.py, ReLU vs SiLU via a guarded flag in every block and the whitening activation; seeds 3-22; log drafts/I137_gate.log). ReLU: 0.74753 vs 0.75411, paired -0.658 pp (SE 0.068, ~10 SE); median time -2.38% (mean inflated by recompiles on arm switches). Price ~0.28 pp per 1% time, ~5x worse than the frontier: SiLU's smoothness is worth far more than its elementwise cost. H2.4.1 closed at SiLU.
I138	H4.3	1	dropped	Per-seed sd ~0.28-0.35 pp. Between-process sd of the means ~0.05-0.08 pp, smaller than I123's 0.13 pp single-pair anecdote suggested. Grand mean ~0.7539. P(official >= 0.750) > 0.999 for the tip, and still > 0.99 at 0.2 pp lower. This would support H4.3: the local 3-seed gate, not official safety, binds. It would also tighten the launch-rule sd to ~0.17-0.18, raising P for borderline candidates by ~3-5 points. A between-process sd >= 0.12 pp would instead mean build-level kernel choices shift true accuracy, and launch rules would need a wider sd.	Offline analysis only; no new runs and the submission is unchanged. Restate the official-gate headroom from existing data. Pool every per-seed result for the E082-math config (c0/base arms) from the I124, I126, I127/I128, I129, I130, I132 and I133 one-process logs, plus the harness E082 seeds 0-2. Report: (1) the empirical per-seed sd; (2) the between-process sd of the per-process means, after subtracting the expected sampling sd sqrt(sd^2/n); (3) the implied distribution of a 40-seed official mean on a fresh build, with the PCIe judge treated as one more process draw. Then compute P(official mean >= 0.750) for the current tip and for a hypothetical recipe 0.2 pp lower. Use the result to set the launch-rule sd (currently 0.19) and the lowest true mean any future time cut may spend down to. Record the result in the notebook as evidence for H4.3 and H4.1.8.	Done offline (no runs). Pooled the E082-math base arms from 7 one-process logs (I124 c1, I126, I127/I128, I129, I130, I132/I135, I133; n = 170 seed results) plus harness seeds 0-2. Within-process per-seed sd 0.244 pp. sd of process means 0.067 pp vs 0.069 expected from sampling alone -> between-process sd ~0 (caveat: the I126 and I132 base arms are bit-identical sequences from warm-cache kernel replay, so not every process is an independent draw; the I123 0.13 pp gap compared different code). Grand mean 75.394. Official 40-seed mean ~N(75.39, 0.04): P(>= 75.0) ~ 1.0, also at 0.2 pp lower (75.19). Local 3-seed gate sd ~0.14 pp -> P(pass | 75.39) ~0.75. Supports H4.3: the local gate binds, not official safety. Launch-rule sd can tighten from 0.19 to ~0.15; any time cut may spend the true mean down to ~75.25 while keeping P(local) >= 0.6 (official stays safe far below that).
I139	H2	5	running	Time -1% to -3.5%, point -1.8% (~4.48 s vs 4.567 s): BN fwd/bwd reductions over N*H*W in channels_last are the kernels most likely to be mistuned. Accuracy is a re-draw around ~0.7539 (range 0.7505-0.7575), so P(feasible) is ~0.7. If the gate shows < 1% per-step gain, record H2.7 as refuted: the elementwise kernels are already at their bandwidth floor, and systems work inside the step is closed.	Exploit, systems change: tune Inductor's Triton pointwise and reduction kernels in the model train graphs. Proposed new Lvl2 node H2.7: 'The memory-bound BN/SiLU Triton kernels (~18% of GPU time in E003; never re-profiled since) run on Inductor's default tile heuristics and can be made ~10-20% faster by benchmark-based tuning.' Base: drafts/I131_base.py, which is the E083 tip math. Make one change. Before compiling the train-step graphs in build(), set torch._inductor.config.coordinate_descent_tuning = True and torch._inductor.config.max_autotune_pointwise = True. Do this for every resolution and freeze variant and every partial shape. Muon, augment and eval graphs keep the current settings. Gate offline, untimed: (1) in one process, compile base and variant model instances and time each train graph (18/28/32 px, frozen and unfrozen) with cuda events over 30 steps; (2) the whole-trial offline prepare+train time must be <= -1.2% vs the base in the same process; (3) a cold-cache build must stay <= 540 s, since the official judge builds cold; (4) debug_nan.py must pass on every graph. Launch once on seeds 0-2 only if all four pass, and do not re-roll. The changed tile sizes alter reduction order, so the seeds re-draw around the unchanged true mean (~0.7539; P(pass) ~0.7 with the 3-seed sd of 0.15 pp).	
I140	H4.5	4	queued	Time -1.5% to -2.0% on top of its base (~4.40 s if stacked on a -1.8% tuning win, ~4.49 s on I131 alone). True mean ~0.7533 (range 0.7525-0.7540), so P(local pass) ~0.55-0.6 and the official 40-seed mean stays ~0.753, far above 0.750. If the offline paired delta is <= -0.12 pp, the 0.75 freeze interacts with the new kernels or base, so do not launch, and the freeze point stays at 0.8 for good.	Exploit: stack the best-priced near-miss onto the systems gain and launch the stack once. Run this after the Inductor-tuning idea. Base: that idea's config if its gate passed, else drafts/I131_base.py. Make one change: block-1 freeze at 0.75 of total samples (sample 257813 of 343750) instead of 0.8. This is I130's c1, priced on 40 one-process seeds at -0.066 pp (SE 0.028) for -1.70% offline time. Split the straddling step into the two partial shapes and warm them in build() with channels_last tensors (E035). Run debug_nan.py. Offline, check in one process on seeds 3-22 that the paired delta vs the base is >= -0.12 pp, which is a sanity check against an interaction with the tuned kernels. Pre-registered launch rule using the I138 grand mean: m = 0.75394 + paired delta, P = Phi((m - 0.7530)/0.15). Launch once if P >= 0.55. Corrected arithmetic: I138's claim that the true mean can be spent down to ~0.7525 is wrong. P >= 0.6 needs m >= 0.75338, so the spendable budget is only ~0.055 pp. Do not re-roll.	
I141	H3.3.1	3	queued	Accuracy exactly 0.7556 (bit-identical replay), so feasibility is certain. Time -0.3% to -0.7%, point -0.45% (~4.55 s). That is below single-run harness jitter (~+-1%), so P(it shows as faster) is ~0.6. A failed timing loses nothing, and the code becomes the base. If the measured saving is < 0.015 s, close H3.3 for good: everything outside the compiled step is then <= ~0.03 s/trial.	Exploit, bit-identical: remove the last outside-step work without touching any model or Muon graph, so the harness replays the cached model kernels and keeps the seeds-0-2 draw (the E083 precedent: E082 per-seed accuracy reproduced bit for bit). Base: drafts/I131_base.py. Make one change, consisting of two edits outside the model graphs. (1) Extend the whole-epoch low-res resize to the two straddling epochs (epoch 1: 18 px/28 px halves; epoch 3: 28 px/32 px halves). Resize each consumed stage slice once, inside the fused augment pass, instead of per batch. This removes most of I125's remaining resize time of ~0.020 s/trial. (2) Precompute the per-step plan in prepare() as a Python list: graph variant, Muon and SGD lr values, lookahead sync flag and decay. train() then does no per-step schedule arithmetic or sample-count branching. This targets 'other' at ~0.013 s/trial. Unit-test that the augmented tensors are bit-identical to the base. Offline, in a fresh process with the warm shared cache, require seeds 0-2 per-seed accuracy = 0.7535/0.7564/0.7569. Measure outside-step time with gate_outside_step.py. Launch once if it is bit-identical and the outside-step saving is >= 0.015 s/trial.	
I142	H1.8.3	2	queued	Time unchanged (+-0.2%). Paired delta: (a) -0.15 to +0.15 pp, point 0.0; (b) -0.30 to +0.15 pp, point -0.05 (I118/I127 show augmentation diversity is near its optimum at 32 px). A gain >= +0.12 pp at 2 SE is a free buffer worth ~2.5% of time. If both arms are within 1 SE, close H1.8.3 and record jitter as neutral on the true-mean scale. A drop of >= 0.15 pp in (b) confirms E042's keep was real.	Explore jitter's true value, which has only ever been measured on one 3-seed run (E042: +0.16 pp, re-draw-sized). Base: drafts/I131_base.py. Screen in ONE process on seeds 3-22 against the base in the same process. Arm (a), the H1.8.3 test: brightness/contrast jitter amplitudes set to 0 in the 18 px and 28 px stages only, kept at 32 px. Arm (b): jitter amplitudes set to 0 in every stage. In both arms still generate the jitter draws for all 50k samples, so flips, translate and the permutation stream are unchanged and the pairing stays tight. Only the fused augment changes; warm it in build(). Promote an arm into the next stack candidate only if its paired gain is >= +0.12 pp at >= 2 SE. Arm (b) would also save the jitter math, about 0 s inside the fused augment.	
I143	H1	2	queued	Time unchanged. Paired delta per arm -0.4 to +0.2 pp, point -0.05 pp. x0.1 amplifies near-null directions (noisier block-1 input); x10 under-whitens, which E065's lesson suggests could hurt. A gain >= +0.12 pp at 2 SE is a free buffer for the stack. If both arms are within 1 SE, close H1.16, and every inherited scalar in the recipe will then have been tested.	Explore the last inherited, never-varied scalar in the input pipeline. Proposed new Lvl2 node H1.16: 'The frozen 2x2 patch-whitening eps (inherited from CIFAR-10 airbench) sets how strongly low-variance, high-frequency patch directions are amplified; for 100 classes at ~7 epochs it may be off its optimum.' First confirm in drafts/ how the whitening is fit (eigh of the patch covariance, W = V / sqrt(lambda + eps)) and log the current eps and eigenvalue range. Base: drafts/I131_base.py. Screen two arms in ONE process on seeds 3-22 against the base in the same process: eps x0.1 and eps x10. The change touches only the prepare()-time fit (weight values, not graph shapes), so nothing recompiles and the screen's times are valid. Promote an arm only if its paired gain is >= +0.12 pp at >= 2 SE.	
