Vocab size: 8,192
Model config: {'sequence_len': 2048, 'vocab_size': 8192, 'n_layer': 9, 'n_head': 5, 'n_kv_head': 5, 'n_embd': 640, 'window_pattern': 'SSLL'}
Parameter counts:
  wte                     : 5,242,880
  value_embeds            : 26,214,400
  lm_head                 : 5,242,880
  transformer_matrices    : 44,237,600
  scalars                 : 18
  total                   : 80,937,778
Estimated FLOPs per token: 4.069834e+08
Scaling AdamW LRs by 1/sqrt(640/768) = 1.095445
Time budget: 300s
Gradient accumulation steps: 1

step 00000 (0.0%) | loss: 9.011545 | lrm: 1.00 | dt: 12318ms | tok/sec: 10,640 | mfu: 0.4% | epoch: 1 | remaining: 300s    
step 00001 (0.0%) | loss: 9.175545 | lrm: 1.00 | dt: 251ms | tok/sec: 523,000 | mfu: 21.5% | epoch: 1 | remaining: 300s    
step 00002 (0.0%) | loss: 8.994095 | lrm: 1.00 | dt: 248ms | tok/sec: 527,929 | mfu: 21.7% | epoch: 1 | remaining: 300s    
step 00003 (0.0%) | loss: 9.015160 | lrm: 1.00 | dt: 244ms | tok/sec: 537,791 | mfu: 22.1% | epoch: 1 | remaining: 300s    
step 00004 (0.0%) | loss: 8.589810 | lrm: 1.00 | dt: 244ms | tok/sec: 536,250 | mfu: 22.1% | epoch: 1 | remaining: 300s    
step 00005 (0.0%) | loss: 8.251272 | lrm: 1.00 | dt: 244ms | tok/sec: 536,800 | mfu: 22.1% | epoch: 1 | remaining: 300s    
step 00006 (0.0%) | loss: 7.960261 | lrm: 1.00 | dt: 243ms | tok/sec: 539,427 | mfu: 22.2% | epoch: 1 | remaining: 300s    
step 00007 (0.0%) | loss: 7.708410 | lrm: 1.00 | dt: 241ms | tok/sec: 543,551 | mfu: 22.4% | epoch: 1 | remaining: 300s    
step 00008 (0.0%) | loss: 7.491232 | lrm: 1.00 | dt: 243ms | tok/sec: 540,094 | mfu: 22.2% | epoch: 1 | remaining: 300s    
step 00009 (0.0%) | loss: 7.295142 | lrm: 1.00 | dt: 241ms | tok/sec: 543,744 | mfu: 22.4% | epoch: 1 | remaining: 300s    
step 00010 (0.0%) | loss: 7.116343 | lrm: 1.00 | dt: 241ms | tok/sec: 543,607 | mfu: 22.4% | epoch: 1 | remaining: 300s    
step 00011 (0.0%) | loss: 6.956489 | lrm: 1.00 | dt: 241ms | tok/sec: 543,715 | mfu: 22.4% | epoch: 1 | remaining: 300s    
step 00012 (0.1%) | loss: 6.816817 | lrm: 1.00 | dt: 241ms | tok/sec: 543,632 | mfu: 22.4% | epoch: 1 | remaining: 300s    
step 00013 (0.2%) | loss: 6.691891 | lrm: 1.00 | dt: 241ms | tok/sec: 543,579 | mfu: 22.4% | epoch: 1 | remaining: 299s    
step 00014 (0.2%) | loss: 6.578419 | lrm: 1.00 | dt: 241ms | tok/sec: 543,569 | mfu: 22.4% | epoch: 1 | remaining: 299s    
step 00015 (0.3%) | loss: 6.480590 | lrm: 1.00 | dt: 241ms | tok/sec: 543,396 | mfu: 22.4% | epoch: 1 | remaining: 299s    
step 00016 (0.4%) | loss: 6.393335 | lrm: 1.00 | dt: 241ms | tok/sec: 543,301 | mfu: 22.3% | epoch: 1 | remaining: 299s    
step 00017 (0.5%) | loss: 6.308706 | lrm: 1.00 | dt: 241ms | tok/sec: 543,602 | mfu: 22.4% | epoch: 1 | remaining: 298s    
step 00018 (0.6%) | loss: 6.233896 | lrm: 1.00 | dt: 241ms | tok/sec: 543,480 | mfu: 22.4% | epoch: 1 | remaining: 298s    
step 00019 (0.6%) | loss: 6.166637 | lrm: 1.00 | dt: 241ms | tok/sec: 543,356 | mfu: 22.3% | epoch: 1 | remaining: 298s    
step 00020 (0.7%) | loss: 6.108537 | lrm: 1.00 | dt: 241ms | tok/sec: 543,321 | mfu: 22.3% | epoch: 1 | remaining: 298s    
step 00021 (0.8%) | loss: 6.054594 | lrm: 1.00 | dt: 241ms | tok/sec: 543,481 | mfu: 22.4% | epoch: 1 | remaining: 297s    
step 00022 (0.9%) | loss: 6.004290 | lrm: 1.00 | dt: 241ms | tok/sec: 543,296 | mfu: 22.3% | epoch: 1 | remaining: 297s    
step 00023 (1.0%) | loss: 5.956795 | lrm: 1.00 | dt: 241ms | tok/sec: 543,478 | mfu: 22.4% | epoch: 1 | remaining: 297s    
step 00024 (1.0%) | loss: 5.916149 | lrm: 1.00 | dt: 241ms | tok/sec: 543,441 | mfu: 22.4% | epoch: 1 | remaining: 297s    
step 00025 (1.1%) | loss: 5.870964 | lrm: 1.00 | dt: 241ms | tok/sec: 543,359 | mfu: 22.3% | epoch: 1 | remaining: 296s    
step 00026 (1.2%) | loss: 5.835774 | lrm: 1.00 | dt: 241ms | tok/sec: 543,340 | mfu: 22.3% | epoch: 1 | remaining: 296s    
step 00027 (1.3%) | loss: 5.804762 | lrm: 1.00 | dt: 241ms | tok/sec: 543,408 | mfu: 22.4% | epoch: 1 | remaining: 296s    
step 00028 (1.4%) | loss: 5.776386 | lrm: 1.00 | dt: 241ms | tok/sec: 543,203 | mfu: 22.3% | epoch: 1 | remaining: 296s    
step 00029 (1.4%) | loss: 5.745941 | lrm: 1.00 | dt: 241ms | tok/sec: 543,234 | mfu: 22.3% | epoch: 1 | remaining: 295s    
step 00030 (1.5%) | loss: 5.717996 | lrm: 1.00 | dt: 241ms | tok/sec: 543,097 | mfu: 22.3% | epoch: 1 | remaining: 295s    
step 00031 (1.6%) | loss: 5.692179 | lrm: 1.00 | dt: 241ms | tok/sec: 543,010 | mfu: 22.3% | epoch: 1 | remaining: 295s    
step 00032 (1.7%) | loss: 5.666490 | lrm: 1.00 | dt: 241ms | tok/sec: 543,210 | mfu: 22.3% | epoch: 1 | remaining: 295s    
step 00033 (1.8%) | loss: 5.646259 | lrm: 1.00 | dt: 241ms | tok/sec: 543,168 | mfu: 22.3% | epoch: 1 | remaining: 294s    
step 00034 (1.8%) | loss: 5.621519 | lrm: 1.00 | dt: 241ms | tok/sec: 543,126 | mfu: 22.3% | epoch: 1 | remaining: 294s    
step 00035 (1.9%) | loss: 5.599332 | lrm: 1.00 | dt: 241ms | tok/sec: 543,271 | mfu: 22.3% | epoch: 1 | remaining: 294s    
step 00036 (2.0%) | loss: 5.581560 | lrm: 1.00 | dt: 241ms | tok/sec: 543,198 | mfu: 22.3% | epoch: 1 | remaining: 294s    
step 00037 (2.1%) | loss: 5.559849 | lrm: 1.00 | dt: 241ms | tok/sec: 543,101 | mfu: 22.3% | epoch: 1 | remaining: 293s    
step 00038 (2.2%) | loss: 5.541020 | lrm: 1.00 | dt: 241ms | tok/sec: 543,102 | mfu: 22.3% | epoch: 1 | remaining: 293s    
step 00039 (2.3%) | loss: 5.522003 | lrm: 1.00 | dt: 241ms | tok/sec: 543,210 | mfu: 22.3% | epoch: 1 | remaining: 293s    
step 00040 (2.3%) | loss: 5.502376 | lrm: 1.00 | dt: 241ms | tok/sec: 543,448 | mfu: 22.4% | epoch: 1 | remaining: 293s    
step 00041 (2.4%) | loss: 5.484487 | lrm: 1.00 | dt: 241ms | tok/sec: 543,236 | mfu: 22.3% | epoch: 1 | remaining: 293s    
step 00042 (2.5%) | loss: 5.470037 | lrm: 1.00 | dt: 241ms | tok/sec: 544,169 | mfu: 22.4% | epoch: 1 | remaining: 292s    
step 00043 (2.6%) | loss: 5.451065 | lrm: 1.00 | dt: 241ms | tok/sec: 543,740 | mfu: 22.4% | epoch: 1 | remaining: 292s    
step 00044 (2.7%) | loss: 5.436044 | lrm: 1.00 | dt: 241ms | tok/sec: 543,474 | mfu: 22.4% | epoch: 1 | remaining: 292s    
step 00045 (2.7%) | loss: 5.422782 | lrm: 1.00 | dt: 241ms | tok/sec: 543,860 | mfu: 22.4% | epoch: 1 | remaining: 292s    
step 00046 (2.8%) | loss: 5.410189 | lrm: 1.00 | dt: 241ms | tok/sec: 543,922 | mfu: 22.4% | epoch: 1 | remaining: 291s    
step 00047 (2.9%) | loss: 5.393935 | lrm: 1.00 | dt: 241ms | tok/sec: 543,657 | mfu: 22.4% | epoch: 1 | remaining: 291s    
step 00048 (3.0%) | loss: 5.380064 | lrm: 1.00 | dt: 241ms | tok/sec: 543,958 | mfu: 22.4% | epoch: 1 | remaining: 291s    
step 00049 (3.1%) | loss: 5.366627 | lrm: 1.00 | dt: 241ms | tok/sec: 543,743 | mfu: 22.4% | epoch: 1 | remaining: 291s    
step 00050 (3.1%) | loss: 5.352202 | lrm: 1.00 | dt: 241ms | tok/sec: 544,040 | mfu: 22.4% | epoch: 1 | remaining: 290s    
step 00051 (3.2%) | loss: 5.335897 | lrm: 1.00 | dt: 241ms | tok/sec: 544,365 | mfu: 22.4% | epoch: 1 | remaining: 290s    
step 00052 (3.3%) | loss: 5.318470 | lrm: 1.00 | dt: 241ms | tok/sec: 544,118 | mfu: 22.4% | epoch: 1 | remaining: 290s    
step 00053 (3.4%) | loss: 5.305806 | lrm: 1.00 | dt: 241ms | tok/sec: 544,125 | mfu: 22.4% | epoch: 1 | remaining: 290s    
step 00054 (3.5%) | loss: 5.290961 | lrm: 1.00 | dt: 241ms | tok/sec: 544,202 | mfu: 22.4% | epoch: 1 | remaining: 289s    
step 00055 (3.5%) | loss: 5.276175 | lrm: 1.00 | dt: 241ms | tok/sec: 544,231 | mfu: 22.4% | epoch: 1 | remaining: 289s    
step 00056 (3.6%) | loss: 5.262250 | lrm: 1.00 | dt: 241ms | tok/sec: 544,002 | mfu: 22.4% | epoch: 1 | remaining: 289s    
step 00057 (3.7%) | loss: 5.251452 | lrm: 1.00 | dt: 241ms | tok/sec: 544,016 | mfu: 22.4% | epoch: 1 | remaining: 289s    
step 00058 (3.8%) | loss: 5.241934 | lrm: 1.00 | dt: 241ms | tok/sec: 543,992 | mfu: 22.4% | epoch: 1 | remaining: 288s    
step 00059 (3.9%) | loss: 5.225906 | lrm: 1.00 | dt: 241ms | tok/sec: 544,216 | mfu: 22.4% | epoch: 1 | remaining: 288s    
step 00060 (3.9%) | loss: 5.212646 | lrm: 1.00 | dt: 241ms | tok/sec: 543,991 | mfu: 22.4% | epoch: 1 | remaining: 288s    
step 00061 (4.0%) | loss: 5.194399 | lrm: 1.00 | dt: 241ms | tok/sec: 544,204 | mfu: 22.4% | epoch: 1 | remaining: 288s    
step 00062 (4.1%) | loss: 5.181555 | lrm: 1.00 | dt: 241ms | tok/sec: 543,876 | mfu: 22.4% | epoch: 1 | remaining: 287s    
step 00063 (4.2%) | loss: 5.169563 | lrm: 1.00 | dt: 241ms | tok/sec: 544,061 | mfu: 22.4% | epoch: 1 | remaining: 287s    
step 00064 (4.3%) | loss: 5.158130 | lrm: 1.00 | dt: 241ms | tok/sec: 543,875 | mfu: 22.4% | epoch: 1 | remaining: 287s    
step 00065 (4.3%) | loss: 5.144690 | lrm: 1.00 | dt: 241ms | tok/sec: 544,196 | mfu: 22.4% | epoch: 1 | remaining: 287s    
step 00066 (4.4%) | loss: 5.130496 | lrm: 1.00 | dt: 241ms | tok/sec: 543,912 | mfu: 22.4% | epoch: 1 | remaining: 286s    
step 00067 (4.5%) | loss: 5.119896 | lrm: 1.00 | dt: 241ms | tok/sec: 543,902 | mfu: 22.4% | epoch: 1 | remaining: 286s    
step 00068 (4.6%) | loss: 5.108126 | lrm: 1.00 | dt: 241ms | tok/sec: 543,994 | mfu: 22.4% | epoch: 1 | remaining: 286s    
step 00069 (4.7%) | loss: 5.092720 | lrm: 1.00 | dt: 241ms | tok/sec: 543,944 | mfu: 22.4% | epoch: 1 | remaining: 286s    
step 00070 (4.7%) | loss: 5.080566 | lrm: 1.00 | dt: 241ms | tok/sec: 543,713 | mfu: 22.4% | epoch: 1 | remaining: 286s    
step 00071 (4.8%) | loss: 5.063451 | lrm: 1.00 | dt: 241ms | tok/sec: 543,923 | mfu: 22.4% | epoch: 1 | remaining: 285s    
step 00072 (4.9%) | loss: 5.051728 | lrm: 1.00 | dt: 241ms | tok/sec: 543,994 | mfu: 22.4% | epoch: 1 | remaining: 285s    
step 00073 (5.0%) | loss: 5.035550 | lrm: 1.00 | dt: 241ms | tok/sec: 543,818 | mfu: 22.4% | epoch: 1 | remaining: 285s    
step 00074 (5.1%) | loss: 5.024049 | lrm: 1.00 | dt: 241ms | tok/sec: 543,557 | mfu: 22.4% | epoch: 1 | remaining: 285s    
step 00075 (5.1%) | loss: 5.010162 | lrm: 1.00 | dt: 241ms | tok/sec: 543,630 | mfu: 22.4% | epoch: 1 | remaining: 284s    
step 00076 (5.2%) | loss: 4.996868 | lrm: 1.00 | dt: 241ms | tok/sec: 543,588 | mfu: 22.4% | epoch: 1 | remaining: 284s    
step 00077 (5.3%) | loss: 4.980567 | lrm: 1.00 | dt: 241ms | tok/sec: 543,425 | mfu: 22.4% | epoch: 1 | remaining: 284s    
step 00078 (5.4%) | loss: 4.965224 | lrm: 1.00 | dt: 241ms | tok/sec: 543,660 | mfu: 22.4% | epoch: 1 | remaining: 284s    
step 00079 (5.5%) | loss: 4.952109 | lrm: 1.00 | dt: 241ms | tok/sec: 543,358 | mfu: 22.3% | epoch: 1 | remaining: 283s    
step 00080 (5.5%) | loss: 4.940244 | lrm: 1.00 | dt: 241ms | tok/sec: 543,638 | mfu: 22.4% | epoch: 1 | remaining: 283s    
step 00081 (5.6%) | loss: 4.930376 | lrm: 1.00 | dt: 241ms | tok/sec: 543,191 | mfu: 22.3% | epoch: 1 | remaining: 283s    
step 00082 (5.7%) | loss: 4.915305 | lrm: 1.00 | dt: 241ms | tok/sec: 543,151 | mfu: 22.3% | epoch: 1 | remaining: 283s    
step 00083 (5.8%) | loss: 4.901089 | lrm: 1.00 | dt: 241ms | tok/sec: 543,179 | mfu: 22.3% | epoch: 1 | remaining: 282s    
step 00084 (5.9%) | loss: 4.888716 | lrm: 1.00 | dt: 241ms | tok/sec: 543,232 | mfu: 22.3% | epoch: 1 | remaining: 282s    
step 00085 (5.9%) | loss: 4.878749 | lrm: 1.00 | dt: 241ms | tok/sec: 542,949 | mfu: 22.3% | epoch: 1 | remaining: 282s    
step 00086 (6.0%) | loss: 4.864589 | lrm: 1.00 | dt: 242ms | tok/sec: 542,589 | mfu: 22.3% | epoch: 1 | remaining: 282s    
step 00087 (6.1%) | loss: 4.847569 | lrm: 1.00 | dt: 241ms | tok/sec: 543,085 | mfu: 22.3% | epoch: 1 | remaining: 281s    
step 00088 (6.2%) | loss: 4.835399 | lrm: 1.00 | dt: 242ms | tok/sec: 542,716 | mfu: 22.3% | epoch: 1 | remaining: 281s    
step 00089 (6.3%) | loss: 4.822365 | lrm: 1.00 | dt: 241ms | tok/sec: 542,877 | mfu: 22.3% | epoch: 1 | remaining: 281s    
step 00090 (6.3%) | loss: 4.810362 | lrm: 1.00 | dt: 242ms | tok/sec: 542,691 | mfu: 22.3% | epoch: 1 | remaining: 281s    
step 00091 (6.4%) | loss: 4.802642 | lrm: 1.00 | dt: 241ms | tok/sec: 542,828 | mfu: 22.3% | epoch: 1 | remaining: 280s    
step 00092 (6.5%) | loss: 4.789566 | lrm: 1.00 | dt: 242ms | tok/sec: 542,594 | mfu: 22.3% | epoch: 1 | remaining: 280s    
step 00093 (6.6%) | loss: 4.775603 | lrm: 1.00 | dt: 242ms | tok/sec: 542,171 | mfu: 22.3% | epoch: 1 | remaining: 280s    
step 00094 (6.7%) | loss: 4.762154 | lrm: 1.00 | dt: 242ms | tok/sec: 542,340 | mfu: 22.3% | epoch: 1 | remaining: 280s    
step 00095 (6.8%) | loss: 4.744963 | lrm: 1.00 | dt: 242ms | tok/sec: 541,873 | mfu: 22.3% | epoch: 1 | remaining: 280s    
step 00096 (6.8%) | loss: 4.732881 | lrm: 1.00 | dt: 242ms | tok/sec: 542,029 | mfu: 22.3% | epoch: 1 | remaining: 279s    
step 00097 (6.9%) | loss: 4.718374 | lrm: 1.00 | dt: 242ms | tok/sec: 541,860 | mfu: 22.3% | epoch: 1 | remaining: 279s    
step 00098 (7.0%) | loss: 4.700673 | lrm: 1.00 | dt: 242ms | tok/sec: 542,286 | mfu: 22.3% | epoch: 1 | remaining: 279s    
step 00099 (7.1%) | loss: 4.687109 | lrm: 1.00 | dt: 242ms | tok/sec: 541,993 | mfu: 22.3% | epoch: 1 | remaining: 279s    
step 00100 (7.2%) | loss: 4.681018 | lrm: 1.00 | dt: 242ms | tok/sec: 542,029 | mfu: 22.3% | epoch: 1 | remaining: 278s    
step 00101 (7.2%) | loss: 4.671125 | lrm: 1.00 | dt: 242ms | tok/sec: 541,848 | mfu: 22.3% | epoch: 1 | remaining: 278s    
step 00102 (7.3%) | loss: 4.659852 | lrm: 1.00 | dt: 242ms | tok/sec: 541,889 | mfu: 22.3% | epoch: 1 | remaining: 278s    
step 00103 (7.4%) | loss: 4.645175 | lrm: 1.00 | dt: 242ms | tok/sec: 542,043 | mfu: 22.3% | epoch: 1 | remaining: 278s    
step 00104 (7.5%) | loss: 4.635507 | lrm: 1.00 | dt: 242ms | tok/sec: 541,965 | mfu: 22.3% | epoch: 1 | remaining: 277s    
step 00105 (7.6%) | loss: 4.623414 | lrm: 1.00 | dt: 242ms | tok/sec: 542,183 | mfu: 22.3% | epoch: 1 | remaining: 277s    
step 00106 (7.6%) | loss: 4.611873 | lrm: 1.00 | dt: 242ms | tok/sec: 541,902 | mfu: 22.3% | epoch: 1 | remaining: 277s    
step 00107 (7.7%) | loss: 4.600384 | lrm: 1.00 | dt: 242ms | tok/sec: 542,030 | mfu: 22.3% | epoch: 1 | remaining: 277s    
step 00108 (7.8%) | loss: 4.586003 | lrm: 1.00 | dt: 242ms | tok/sec: 542,153 | mfu: 22.3% | epoch: 1 | remaining: 276s    
step 00109 (7.9%) | loss: 4.570680 | lrm: 1.00 | dt: 242ms | tok/sec: 541,884 | mfu: 22.3% | epoch: 1 | remaining: 276s    
step 00110 (8.0%) | loss: 4.558700 | lrm: 1.00 | dt: 242ms | tok/sec: 541,646 | mfu: 22.3% | epoch: 1 | remaining: 276s    
step 00111 (8.0%) | loss: 4.550678 | lrm: 1.00 | dt: 242ms | tok/sec: 541,837 | mfu: 22.3% | epoch: 1 | remaining: 276s    
step 00112 (8.1%) | loss: 4.539861 | lrm: 1.00 | dt: 242ms | tok/sec: 541,680 | mfu: 22.3% | epoch: 1 | remaining: 275s    
step 00113 (8.2%) | loss: 4.530272 | lrm: 1.00 | dt: 242ms | tok/sec: 541,572 | mfu: 22.3% | epoch: 1 | remaining: 275s    
step 00114 (8.3%) | loss: 4.519191 | lrm: 1.00 | dt: 242ms | tok/sec: 541,544 | mfu: 22.3% | epoch: 1 | remaining: 275s    
step 00115 (8.4%) | loss: 4.507093 | lrm: 1.00 | dt: 242ms | tok/sec: 541,541 | mfu: 22.3% | epoch: 1 | remaining: 275s    
step 00116 (8.4%) | loss: 4.498581 | lrm: 1.00 | dt: 242ms | tok/sec: 541,721 | mfu: 22.3% | epoch: 1 | remaining: 274s    
step 00117 (8.5%) | loss: 4.484204 | lrm: 1.00 | dt: 242ms | tok/sec: 541,677 | mfu: 22.3% | epoch: 1 | remaining: 274s    
step 00118 (8.6%) | loss: 4.472832 | lrm: 1.00 | dt: 242ms | tok/sec: 541,532 | mfu: 22.3% | epoch: 1 | remaining: 274s    
step 00119 (8.7%) | loss: 4.461677 | lrm: 1.00 | dt: 242ms | tok/sec: 541,609 | mfu: 22.3% | epoch: 1 | remaining: 274s    
step 00120 (8.8%) | loss: 4.454473 | lrm: 1.00 | dt: 242ms | tok/sec: 541,803 | mfu: 22.3% | epoch: 1 | remaining: 273s    
step 00121 (8.8%) | loss: 4.441588 | lrm: 1.00 | dt: 242ms | tok/sec: 541,684 | mfu: 22.3% | epoch: 1 | remaining: 273s    
step 00122 (8.9%) | loss: 4.428975 | lrm: 1.00 | dt: 242ms | tok/sec: 541,696 | mfu: 22.3% | epoch: 1 | remaining: 273s    
step 00123 (9.0%) | loss: 4.411696 | lrm: 1.00 | dt: 242ms | tok/sec: 541,776 | mfu: 22.3% | epoch: 1 | remaining: 273s    
step 00124 (9.1%) | loss: 4.399110 | lrm: 1.00 | dt: 242ms | tok/sec: 541,767 | mfu: 22.3% | epoch: 1 | remaining: 272s    
step 00125 (9.2%) | loss: 4.385181 | lrm: 1.00 | dt: 242ms | tok/sec: 541,922 | mfu: 22.3% | epoch: 1 | remaining: 272s    
step 00126 (9.3%) | loss: 4.368855 | lrm: 1.00 | dt: 242ms | tok/sec: 541,965 | mfu: 22.3% | epoch: 1 | remaining: 272s    
step 00127 (9.3%) | loss: 4.358719 | lrm: 1.00 | dt: 242ms | tok/sec: 541,667 | mfu: 22.3% | epoch: 1 | remaining: 272s    
step 00128 (9.4%) | loss: 4.348683 | lrm: 1.00 | dt: 242ms | tok/sec: 541,683 | mfu: 22.3% | epoch: 1 | remaining: 272s    
step 00129 (9.5%) | loss: 4.332235 | lrm: 1.00 | dt: 242ms | tok/sec: 541,592 | mfu: 22.3% | epoch: 1 | remaining: 271s    
step 00130 (9.6%) | loss: 4.320191 | lrm: 1.00 | dt: 242ms | tok/sec: 541,862 | mfu: 22.3% | epoch: 1 | remaining: 271s    
step 00131 (9.7%) | loss: 4.303203 | lrm: 1.00 | dt: 242ms | tok/sec: 541,714 | mfu: 22.3% | epoch: 1 | remaining: 271s    
step 00132 (9.7%) | loss: 4.294499 | lrm: 1.00 | dt: 242ms | tok/sec: 541,593 | mfu: 22.3% | epoch: 1 | remaining: 271s    
step 00133 (9.8%) | loss: 4.283919 | lrm: 1.00 | dt: 242ms | tok/sec: 541,817 | mfu: 22.3% | epoch: 1 | remaining: 270s    
step 00134 (9.9%) | loss: 4.267818 | lrm: 1.00 | dt: 242ms | tok/sec: 541,493 | mfu: 22.3% | epoch: 1 | remaining: 270s    
step 00135 (10.0%) | loss: 4.261757 | lrm: 1.00 | dt: 242ms | tok/sec: 541,774 | mfu: 22.3% | epoch: 1 | remaining: 270s    
step 00136 (10.1%) | loss: 4.246557 | lrm: 1.00 | dt: 242ms | tok/sec: 541,628 | mfu: 22.3% | epoch: 1 | remaining: 270s    
step 00137 (10.1%) | loss: 4.234449 | lrm: 1.00 | dt: 242ms | tok/sec: 541,624 | mfu: 22.3% | epoch: 1 | remaining: 269s    
step 00138 (10.2%) | loss: 4.216879 | lrm: 1.00 | dt: 242ms | tok/sec: 541,810 | mfu: 22.3% | epoch: 1 | remaining: 269s    
step 00139 (10.3%) | loss: 4.204725 | lrm: 1.00 | dt: 242ms | tok/sec: 541,567 | mfu: 22.3% | epoch: 1 | remaining: 269s    
step 00140 (10.4%) | loss: 4.187451 | lrm: 1.00 | dt: 242ms | tok/sec: 541,419 | mfu: 22.3% | epoch: 1 | remaining: 269s    
step 00141 (10.5%) | loss: 4.174719 | lrm: 1.00 | dt: 242ms | tok/sec: 541,197 | mfu: 22.3% | epoch: 1 | remaining: 268s    
step 00142 (10.5%) | loss: 4.164190 | lrm: 1.00 | dt: 242ms | tok/sec: 541,416 | mfu: 22.3% | epoch: 1 | remaining: 268s    
step 00143 (10.6%) | loss: 4.154061 | lrm: 1.00 | dt: 242ms | tok/sec: 541,748 | mfu: 22.3% | epoch: 1 | remaining: 268s    
step 00144 (10.7%) | loss: 4.142516 | lrm: 1.00 | dt: 242ms | tok/sec: 541,658 | mfu: 22.3% | epoch: 1 | remaining: 268s    
step 00145 (10.8%) | loss: 4.133202 | lrm: 1.00 | dt: 242ms | tok/sec: 541,783 | mfu: 22.3% | epoch: 1 | remaining: 267s    
step 00146 (10.9%) | loss: 4.123911 | lrm: 1.00 | dt: 242ms | tok/sec: 541,783 | mfu: 22.3% | epoch: 1 | remaining: 267s    
step 00147 (10.9%) | loss: 4.109895 | lrm: 1.00 | dt: 242ms | tok/sec: 541,506 | mfu: 22.3% | epoch: 1 | remaining: 267s    
step 00148 (11.0%) | loss: 4.104392 | lrm: 1.00 | dt: 242ms | tok/sec: 541,770 | mfu: 22.3% | epoch: 1 | remaining: 267s    
step 00149 (11.1%) | loss: 4.093116 | lrm: 1.00 | dt: 242ms | tok/sec: 541,896 | mfu: 22.3% | epoch: 1 | remaining: 266s    
step 00150 (11.2%) | loss: 4.082210 | lrm: 1.00 | dt: 242ms | tok/sec: 541,715 | mfu: 22.3% | epoch: 1 | remaining: 266s    
step 00151 (11.3%) | loss: 4.071841 | lrm: 1.00 | dt: 242ms | tok/sec: 541,706 | mfu: 22.3% | epoch: 1 | remaining: 266s    
step 00152 (11.3%) | loss: 4.059961 | lrm: 1.00 | dt: 242ms | tok/sec: 541,664 | mfu: 22.3% | epoch: 1 | remaining: 266s    
step 00153 (11.4%) | loss: 4.050766 | lrm: 1.00 | dt: 242ms | tok/sec: 541,615 | mfu: 22.3% | epoch: 1 | remaining: 265s    
step 00154 (11.5%) | loss: 4.040025 | lrm: 1.00 | dt: 242ms | tok/sec: 541,482 | mfu: 22.3% | epoch: 1 | remaining: 265s    
step 00155 (11.6%) | loss: 4.032313 | lrm: 1.00 | dt: 242ms | tok/sec: 541,650 | mfu: 22.3% | epoch: 1 | remaining: 265s    
step 00156 (11.7%) | loss: 4.023845 | lrm: 1.00 | dt: 242ms | tok/sec: 541,630 | mfu: 22.3% | epoch: 1 | remaining: 265s    
step 00157 (11.8%) | loss: 4.020119 | lrm: 1.00 | dt: 242ms | tok/sec: 541,669 | mfu: 22.3% | epoch: 1 | remaining: 265s    
step 00158 (11.8%) | loss: 4.011478 | lrm: 1.00 | dt: 242ms | tok/sec: 541,479 | mfu: 22.3% | epoch: 1 | remaining: 264s    
step 00159 (11.9%) | loss: 4.003819 | lrm: 1.00 | dt: 242ms | tok/sec: 541,864 | mfu: 22.3% | epoch: 1 | remaining: 264s    
step 00160 (12.0%) | loss: 3.989060 | lrm: 1.00 | dt: 242ms | tok/sec: 541,743 | mfu: 22.3% | epoch: 1 | remaining: 264s    
step 00161 (12.1%) | loss: 3.975269 | lrm: 1.00 | dt: 242ms | tok/sec: 541,747 | mfu: 22.3% | epoch: 1 | remaining: 264s    
step 00162 (12.2%) | loss: 3.959295 | lrm: 1.00 | dt: 242ms | tok/sec: 541,558 | mfu: 22.3% | epoch: 1 | remaining: 263s    
step 00163 (12.2%) | loss: 3.950828 | lrm: 1.00 | dt: 242ms | tok/sec: 541,670 | mfu: 22.3% | epoch: 1 | remaining: 263s    
step 00164 (12.3%) | loss: 3.938194 | lrm: 1.00 | dt: 242ms | tok/sec: 541,916 | mfu: 22.3% | epoch: 1 | remaining: 263s    
step 00165 (12.4%) | loss: 3.925050 | lrm: 1.00 | dt: 242ms | tok/sec: 541,534 | mfu: 22.3% | epoch: 1 | remaining: 263s    
step 00166 (12.5%) | loss: 3.914067 | lrm: 1.00 | dt: 242ms | tok/sec: 541,534 | mfu: 22.3% | epoch: 1 | remaining: 262s    
step 00167 (12.6%) | loss: 3.907461 | lrm: 1.00 | dt: 242ms | tok/sec: 541,578 | mfu: 22.3% | epoch: 1 | remaining: 262s    
step 00168 (12.6%) | loss: 3.906752 | lrm: 1.00 | dt: 242ms | tok/sec: 541,729 | mfu: 22.3% | epoch: 1 | remaining: 262s    
step 00169 (12.7%) | loss: 3.893211 | lrm: 1.00 | dt: 242ms | tok/sec: 541,599 | mfu: 22.3% | epoch: 1 | remaining: 262s    
step 00170 (12.8%) | loss: 3.884464 | lrm: 1.00 | dt: 242ms | tok/sec: 541,925 | mfu: 22.3% | epoch: 1 | remaining: 261s    
step 00171 (12.9%) | loss: 3.879247 | lrm: 1.00 | dt: 242ms | tok/sec: 541,916 | mfu: 22.3% | epoch: 1 | remaining: 261s    
step 00172 (13.0%) | loss: 3.869322 | lrm: 1.00 | dt: 242ms | tok/sec: 541,620 | mfu: 22.3% | epoch: 1 | remaining: 261s    
step 00173 (13.0%) | loss: 3.864406 | lrm: 1.00 | dt: 242ms | tok/sec: 542,015 | mfu: 22.3% | epoch: 1 | remaining: 261s    
step 00174 (13.1%) | loss: 3.851238 | lrm: 1.00 | dt: 242ms | tok/sec: 541,862 | mfu: 22.3% | epoch: 1 | remaining: 260s    
step 00175 (13.2%) | loss: 3.848598 | lrm: 1.00 | dt: 242ms | tok/sec: 541,508 | mfu: 22.3% | epoch: 1 | remaining: 260s    
step 00176 (13.3%) | loss: 3.844521 | lrm: 1.00 | dt: 242ms | tok/sec: 541,575 | mfu: 22.3% | epoch: 1 | remaining: 260s    
step 00177 (13.4%) | loss: 3.824481 | lrm: 1.00 | dt: 242ms | tok/sec: 541,971 | mfu: 22.3% | epoch: 1 | remaining: 260s    
step 00178 (13.4%) | loss: 3.821406 | lrm: 1.00 | dt: 242ms | tok/sec: 541,679 | mfu: 22.3% | epoch: 1 | remaining: 259s    
step 00179 (13.5%) | loss: 3.813024 | lrm: 1.00 | dt: 242ms | tok/sec: 541,784 | mfu: 22.3% | epoch: 1 | remaining: 259s    
step 00180 (13.6%) | loss: 3.803418 | lrm: 1.00 | dt: 242ms | tok/sec: 541,830 | mfu: 22.3% | epoch: 1 | remaining: 259s    
step 00181 (13.7%) | loss: 3.797436 | lrm: 1.00 | dt: 242ms | tok/sec: 541,822 | mfu: 22.3% | epoch: 1 | remaining: 259s    
step 00182 (13.8%) | loss: 3.789028 | lrm: 1.00 | dt: 242ms | tok/sec: 541,360 | mfu: 22.3% | epoch: 1 | remaining: 258s    
step 00183 (13.8%) | loss: 3.789071 | lrm: 1.00 | dt: 242ms | tok/sec: 541,552 | mfu: 22.3% | epoch: 1 | remaining: 258s    
step 00184 (13.9%) | loss: 3.778377 | lrm: 1.00 | dt: 242ms | tok/sec: 541,527 | mfu: 22.3% | epoch: 1 | remaining: 258s    
step 00185 (14.0%) | loss: 3.769430 | lrm: 1.00 | dt: 242ms | tok/sec: 541,575 | mfu: 22.3% | epoch: 1 | remaining: 258s    
step 00186 (14.1%) | loss: 3.767782 | lrm: 1.00 | dt: 242ms | tok/sec: 541,744 | mfu: 22.3% | epoch: 1 | remaining: 257s    
step 00187 (14.2%) | loss: 3.760506 | lrm: 1.00 | dt: 242ms | tok/sec: 541,584 | mfu: 22.3% | epoch: 1 | remaining: 257s    
step 00188 (14.3%) | loss: 3.748296 | lrm: 1.00 | dt: 242ms | tok/sec: 541,579 | mfu: 22.3% | epoch: 1 | remaining: 257s    
step 00189 (14.3%) | loss: 3.744289 | lrm: 1.00 | dt: 242ms | tok/sec: 541,523 | mfu: 22.3% | epoch: 1 | remaining: 257s    
step 00190 (14.4%) | loss: 3.729469 | lrm: 1.00 | dt: 242ms | tok/sec: 541,851 | mfu: 22.3% | epoch: 1 | remaining: 257s    
step 00191 (14.5%) | loss: 3.715809 | lrm: 1.00 | dt: 242ms | tok/sec: 541,610 | mfu: 22.3% | epoch: 1 | remaining: 256s    
step 00192 (14.6%) | loss: 3.711504 | lrm: 1.00 | dt: 242ms | tok/sec: 541,553 | mfu: 22.3% | epoch: 1 | remaining: 256s    
step 00193 (14.7%) | loss: 3.702018 | lrm: 1.00 | dt: 242ms | tok/sec: 541,120 | mfu: 22.3% | epoch: 1 | remaining: 256s    
step 00194 (14.7%) | loss: 3.700965 | lrm: 1.00 | dt: 242ms | tok/sec: 541,644 | mfu: 22.3% | epoch: 1 | remaining: 256s    
step 00195 (14.8%) | loss: 3.704502 | lrm: 1.00 | dt: 242ms | tok/sec: 541,692 | mfu: 22.3% | epoch: 1 | remaining: 255s    
step 00196 (14.9%) | loss: 3.704965 | lrm: 1.00 | dt: 242ms | tok/sec: 541,727 | mfu: 22.3% | epoch: 1 | remaining: 255s    
step 00197 (15.0%) | loss: 3.699887 | lrm: 1.00 | dt: 242ms | tok/sec: 541,637 | mfu: 22.3% | epoch: 1 | remaining: 255s    
step 00198 (15.1%) | loss: 3.699265 | lrm: 1.00 | dt: 242ms | tok/sec: 541,633 | mfu: 22.3% | epoch: 1 | remaining: 255s    
step 00199 (15.1%) | loss: 3.689549 | lrm: 1.00 | dt: 242ms | tok/sec: 541,910 | mfu: 22.3% | epoch: 1 | remaining: 254s    
step 00200 (15.2%) | loss: 3.682866 | lrm: 1.00 | dt: 242ms | tok/sec: 541,774 | mfu: 22.3% | epoch: 1 | remaining: 254s    
step 00201 (15.3%) | loss: 3.679559 | lrm: 1.00 | dt: 242ms | tok/sec: 541,793 | mfu: 22.3% | epoch: 1 | remaining: 254s    
step 00202 (15.4%) | loss: 3.670361 | lrm: 1.00 | dt: 242ms | tok/sec: 541,597 | mfu: 22.3% | epoch: 1 | remaining: 254s    
step 00203 (15.5%) | loss: 3.667289 | lrm: 1.00 | dt: 242ms | tok/sec: 541,684 | mfu: 22.3% | epoch: 1 | remaining: 253s    
step 00204 (15.5%) | loss: 3.659340 | lrm: 1.00 | dt: 242ms | tok/sec: 541,822 | mfu: 22.3% | epoch: 1 | remaining: 253s    
step 00205 (15.6%) | loss: 3.657488 | lrm: 1.00 | dt: 242ms | tok/sec: 541,924 | mfu: 22.3% | epoch: 1 | remaining: 253s    
step 00206 (15.7%) | loss: 3.654087 | lrm: 1.00 | dt: 242ms | tok/sec: 541,699 | mfu: 22.3% | epoch: 1 | remaining: 253s    
step 00207 (15.8%) | loss: 3.653421 | lrm: 1.00 | dt: 242ms | tok/sec: 541,828 | mfu: 22.3% | epoch: 1 | remaining: 252s    
step 00208 (15.9%) | loss: 3.650301 | lrm: 1.00 | dt: 242ms | tok/sec: 542,151 | mfu: 22.3% | epoch: 1 | remaining: 252s    
step 00209 (15.9%) | loss: 3.644239 | lrm: 1.00 | dt: 242ms | tok/sec: 541,797 | mfu: 22.3% | epoch: 1 | remaining: 252s    
step 00210 (16.0%) | loss: 3.635387 | lrm: 1.00 | dt: 242ms | tok/sec: 541,732 | mfu: 22.3% | epoch: 1 | remaining: 252s    
step 00211 (16.1%) | loss: 3.634307 | lrm: 1.00 | dt: 242ms | tok/sec: 541,848 | mfu: 22.3% | epoch: 1 | remaining: 251s    
step 00212 (16.2%) | loss: 3.629994 | lrm: 1.00 | dt: 242ms | tok/sec: 541,758 | mfu: 22.3% | epoch: 1 | remaining: 251s    
step 00213 (16.3%) | loss: 3.626976 | lrm: 1.00 | dt: 242ms | tok/sec: 541,837 | mfu: 22.3% | epoch: 1 | remaining: 251s    
step 00214 (16.3%) | loss: 3.625811 | lrm: 1.00 | dt: 242ms | tok/sec: 541,732 | mfu: 22.3% | epoch: 1 | remaining: 251s    
step 00215 (16.4%) | loss: 3.624426 | lrm: 1.00 | dt: 242ms | tok/sec: 542,052 | mfu: 22.3% | epoch: 1 | remaining: 250s    
step 00216 (16.5%) | loss: 3.621499 | lrm: 1.00 | dt: 242ms | tok/sec: 541,710 | mfu: 22.3% | epoch: 1 | remaining: 250s    
step 00217 (16.6%) | loss: 3.623028 | lrm: 1.00 | dt: 242ms | tok/sec: 541,807 | mfu: 22.3% | epoch: 1 | remaining: 250s    
step 00218 (16.7%) | loss: 3.618161 | lrm: 1.00 | dt: 242ms | tok/sec: 541,770 | mfu: 22.3% | epoch: 1 | remaining: 250s    
step 00219 (16.8%) | loss: 3.620725 | lrm: 1.00 | dt: 242ms | tok/sec: 541,945 | mfu: 22.3% | epoch: 1 | remaining: 249s    
step 00220 (16.8%) | loss: 3.622027 | lrm: 1.00 | dt: 242ms | tok/sec: 541,591 | mfu: 22.3% | epoch: 1 | remaining: 249s    
step 00221 (16.9%) | loss: 3.619328 | lrm: 1.00 | dt: 242ms | tok/sec: 542,000 | mfu: 22.3% | epoch: 1 | remaining: 249s    
step 00222 (17.0%) | loss: 3.617554 | lrm: 1.00 | dt: 242ms | tok/sec: 541,962 | mfu: 22.3% | epoch: 1 | remaining: 249s    
step 00223 (17.1%) | loss: 3.610836 | lrm: 1.00 | dt: 242ms | tok/sec: 541,715 | mfu: 22.3% | epoch: 1 | remaining: 249s    
step 00224 (17.2%) | loss: 3.610793 | lrm: 1.00 | dt: 242ms | tok/sec: 541,683 | mfu: 22.3% | epoch: 1 | remaining: 248s    
step 00225 (17.2%) | loss: 3.599782 | lrm: 1.00 | dt: 242ms | tok/sec: 541,201 | mfu: 22.3% | epoch: 1 | remaining: 248s    
step 00226 (17.3%) | loss: 3.603019 | lrm: 1.00 | dt: 242ms | tok/sec: 541,727 | mfu: 22.3% | epoch: 1 | remaining: 248s    
step 00227 (17.4%) | loss: 3.603749 | lrm: 1.00 | dt: 242ms | tok/sec: 541,989 | mfu: 22.3% | epoch: 1 | remaining: 248s    
step 00228 (17.5%) | loss: 3.598884 | lrm: 1.00 | dt: 242ms | tok/sec: 541,929 | mfu: 22.3% | epoch: 1 | remaining: 247s    
step 00229 (17.6%) | loss: 3.597805 | lrm: 1.00 | dt: 242ms | tok/sec: 541,860 | mfu: 22.3% | epoch: 1 | remaining: 247s    
step 00230 (17.6%) | loss: 3.595957 | lrm: 1.00 | dt: 242ms | tok/sec: 541,833 | mfu: 22.3% | epoch: 1 | remaining: 247s    
step 00231 (17.7%) | loss: 3.592188 | lrm: 1.00 | dt: 242ms | tok/sec: 541,746 | mfu: 22.3% | epoch: 1 | remaining: 247s    
step 00232 (17.8%) | loss: 3.588467 | lrm: 1.00 | dt: 242ms | tok/sec: 541,836 | mfu: 22.3% | epoch: 1 | remaining: 246s    
step 00233 (17.9%) | loss: 3.582154 | lrm: 1.00 | dt: 242ms | tok/sec: 542,023 | mfu: 22.3% | epoch: 1 | remaining: 246s    
step 00234 (18.0%) | loss: 3.577482 | lrm: 1.00 | dt: 242ms | tok/sec: 541,783 | mfu: 22.3% | epoch: 1 | remaining: 246s    
step 00235 (18.0%) | loss: 3.571671 | lrm: 1.00 | dt: 242ms | tok/sec: 542,073 | mfu: 22.3% | epoch: 1 | remaining: 246s    
step 00236 (18.1%) | loss: 3.570422 | lrm: 1.00 | dt: 242ms | tok/sec: 541,868 | mfu: 22.3% | epoch: 1 | remaining: 245s    
step 00237 (18.2%) | loss: 3.570305 | lrm: 1.00 | dt: 242ms | tok/sec: 541,927 | mfu: 22.3% | epoch: 1 | remaining: 245s    
step 00238 (18.3%) | loss: 3.572936 | lrm: 1.00 | dt: 242ms | tok/sec: 541,764 | mfu: 22.3% | epoch: 1 | remaining: 245s    
step 00239 (18.4%) | loss: 3.573105 | lrm: 1.00 | dt: 242ms | tok/sec: 541,927 | mfu: 22.3% | epoch: 1 | remaining: 245s    
step 00240 (18.4%) | loss: 3.567175 | lrm: 1.00 | dt: 242ms | tok/sec: 541,970 | mfu: 22.3% | epoch: 1 | remaining: 244s    
step 00241 (18.5%) | loss: 3.563151 | lrm: 1.00 | dt: 242ms | tok/sec: 541,935 | mfu: 22.3% | epoch: 1 | remaining: 244s    
step 00242 (18.6%) | loss: 3.561290 | lrm: 1.00 | dt: 242ms | tok/sec: 541,812 | mfu: 22.3% | epoch: 1 | remaining: 244s    
step 00243 (18.7%) | loss: 3.559566 | lrm: 1.00 | dt: 242ms | tok/sec: 541,999 | mfu: 22.3% | epoch: 1 | remaining: 244s    
step 00244 (18.8%) | loss: 3.554436 | lrm: 1.00 | dt: 242ms | tok/sec: 541,837 | mfu: 22.3% | epoch: 1 | remaining: 243s    
step 00245 (18.8%) | loss: 3.554615 | lrm: 1.00 | dt: 242ms | tok/sec: 541,651 | mfu: 22.3% | epoch: 1 | remaining: 243s    
step 00246 (18.9%) | loss: 3.553975 | lrm: 1.00 | dt: 242ms | tok/sec: 541,985 | mfu: 22.3% | epoch: 1 | remaining: 243s    
step 00247 (19.0%) | loss: 3.545351 | lrm: 1.00 | dt: 242ms | tok/sec: 541,821 | mfu: 22.3% | epoch: 1 | remaining: 243s    
step 00248 (19.1%) | loss: 3.548081 | lrm: 1.00 | dt: 242ms | tok/sec: 542,033 | mfu: 22.3% | epoch: 1 | remaining: 242s    
step 00249 (19.2%) | loss: 3.549196 | lrm: 1.00 | dt: 242ms | tok/sec: 541,972 | mfu: 22.3% | epoch: 1 | remaining: 242s    
step 00250 (19.3%) | loss: 3.546067 | lrm: 1.00 | dt: 242ms | tok/sec: 542,133 | mfu: 22.3% | epoch: 1 | remaining: 242s    
step 00251 (19.3%) | loss: 3.548216 | lrm: 1.00 | dt: 242ms | tok/sec: 541,673 | mfu: 22.3% | epoch: 1 | remaining: 242s    
step 00252 (19.4%) | loss: 3.541153 | lrm: 1.00 | dt: 242ms | tok/sec: 541,851 | mfu: 22.3% | epoch: 1 | remaining: 242s    
step 00253 (19.5%) | loss: 3.540405 | lrm: 1.00 | dt: 242ms | tok/sec: 541,809 | mfu: 22.3% | epoch: 1 | remaining: 241s    
step 00254 (19.6%) | loss: 3.536339 | lrm: 1.00 | dt: 242ms | tok/sec: 541,919 | mfu: 22.3% | epoch: 1 | remaining: 241s    
step 00255 (19.7%) | loss: 3.539812 | lrm: 1.00 | dt: 242ms | tok/sec: 542,203 | mfu: 22.3% | epoch: 1 | remaining: 241s    
step 00256 (19.7%) | loss: 3.534124 | lrm: 1.00 | dt: 242ms | tok/sec: 541,982 | mfu: 22.3% | epoch: 1 | remaining: 241s    
step 00257 (19.8%) | loss: 3.526077 | lrm: 1.00 | dt: 242ms | tok/sec: 542,147 | mfu: 22.3% | epoch: 1 | remaining: 240s    
step 00258 (19.9%) | loss: 3.517706 | lrm: 1.00 | dt: 242ms | tok/sec: 542,143 | mfu: 22.3% | epoch: 1 | remaining: 240s    
step 00259 (20.0%) | loss: 3.523527 | lrm: 1.00 | dt: 242ms | tok/sec: 541,963 | mfu: 22.3% | epoch: 1 | remaining: 240s    
step 00260 (20.1%) | loss: 3.522569 | lrm: 1.00 | dt: 242ms | tok/sec: 542,165 | mfu: 22.3% | epoch: 1 | remaining: 240s    
step 00261 (20.1%) | loss: 3.517742 | lrm: 1.00 | dt: 242ms | tok/sec: 542,075 | mfu: 22.3% | epoch: 1 | remaining: 239s    
step 00262 (20.2%) | loss: 3.513952 | lrm: 1.00 | dt: 242ms | tok/sec: 542,092 | mfu: 22.3% | epoch: 1 | remaining: 239s    
step 00263 (20.3%) | loss: 3.503717 | lrm: 1.00 | dt: 242ms | tok/sec: 541,895 | mfu: 22.3% | epoch: 1 | remaining: 239s    
step 00264 (20.4%) | loss: 3.504306 | lrm: 1.00 | dt: 242ms | tok/sec: 542,040 | mfu: 22.3% | epoch: 1 | remaining: 239s    
step 00265 (20.5%) | loss: 3.506610 | lrm: 1.00 | dt: 242ms | tok/sec: 541,797 | mfu: 22.3% | epoch: 1 | remaining: 238s    
step 00266 (20.5%) | loss: 3.511439 | lrm: 1.00 | dt: 242ms | tok/sec: 542,086 | mfu: 22.3% | epoch: 1 | remaining: 238s    
step 00267 (20.6%) | loss: 3.505822 | lrm: 1.00 | dt: 242ms | tok/sec: 542,140 | mfu: 22.3% | epoch: 1 | remaining: 238s    
step 00268 (20.7%) | loss: 3.512016 | lrm: 1.00 | dt: 242ms | tok/sec: 542,015 | mfu: 22.3% | epoch: 1 | remaining: 238s    
step 00269 (20.8%) | loss: 3.508970 | lrm: 1.00 | dt: 242ms | tok/sec: 542,377 | mfu: 22.3% | epoch: 1 | remaining: 237s    
step 00270 (20.9%) | loss: 3.506537 | lrm: 1.00 | dt: 242ms | tok/sec: 541,962 | mfu: 22.3% | epoch: 1 | remaining: 237s    
step 00271 (20.9%) | loss: 3.507831 | lrm: 1.00 | dt: 242ms | tok/sec: 541,561 | mfu: 22.3% | epoch: 1 | remaining: 237s    
step 00272 (21.0%) | loss: 3.504401 | lrm: 1.00 | dt: 242ms | tok/sec: 542,208 | mfu: 22.3% | epoch: 1 | remaining: 237s    
step 00273 (21.1%) | loss: 3.505568 | lrm: 1.00 | dt: 242ms | tok/sec: 542,004 | mfu: 22.3% | epoch: 1 | remaining: 236s    
step 00274 (21.2%) | loss: 3.507261 | lrm: 1.00 | dt: 242ms | tok/sec: 542,070 | mfu: 22.3% | epoch: 1 | remaining: 236s    
step 00275 (21.3%) | loss: 3.505153 | lrm: 1.00 | dt: 242ms | tok/sec: 542,074 | mfu: 22.3% | epoch: 1 | remaining: 236s    
step 00276 (21.3%) | loss: 3.505828 | lrm: 1.00 | dt: 242ms | tok/sec: 542,087 | mfu: 22.3% | epoch: 1 | remaining: 236s    
step 00277 (21.4%) | loss: 3.504767 | lrm: 1.00 | dt: 242ms | tok/sec: 542,206 | mfu: 22.3% | epoch: 1 | remaining: 235s    
step 00278 (21.5%) | loss: 3.501909 | lrm: 1.00 | dt: 242ms | tok/sec: 542,402 | mfu: 22.3% | epoch: 1 | remaining: 235s    
step 00279 (21.6%) | loss: 3.506867 | lrm: 1.00 | dt: 242ms | tok/sec: 542,281 | mfu: 22.3% | epoch: 1 | remaining: 235s    
step 00280 (21.7%) | loss: 3.503446 | lrm: 1.00 | dt: 242ms | tok/sec: 542,197 | mfu: 22.3% | epoch: 1 | remaining: 235s    
step 00281 (21.8%) | loss: 3.498468 | lrm: 1.00 | dt: 242ms | tok/sec: 541,981 | mfu: 22.3% | epoch: 1 | remaining: 235s    
step 00282 (21.8%) | loss: 3.496046 | lrm: 1.00 | dt: 242ms | tok/sec: 542,187 | mfu: 22.3% | epoch: 1 | remaining: 234s    
step 00283 (21.9%) | loss: 3.493730 | lrm: 1.00 | dt: 242ms | tok/sec: 542,252 | mfu: 22.3% | epoch: 1 | remaining: 234s    
step 00284 (22.0%) | loss: 3.485622 | lrm: 1.00 | dt: 242ms | tok/sec: 542,316 | mfu: 22.3% | epoch: 1 | remaining: 234s    
step 00285 (22.1%) | loss: 3.486290 | lrm: 1.00 | dt: 242ms | tok/sec: 542,153 | mfu: 22.3% | epoch: 1 | remaining: 234s    
step 00286 (22.2%) | loss: 3.497096 | lrm: 1.00 | dt: 242ms | tok/sec: 542,069 | mfu: 22.3% | epoch: 1 | remaining: 233s    
step 00287 (22.2%) | loss: 3.492916 | lrm: 1.00 | dt: 242ms | tok/sec: 542,131 | mfu: 22.3% | epoch: 1 | remaining: 233s    
step 00288 (22.3%) | loss: 3.478370 | lrm: 1.00 | dt: 242ms | tok/sec: 542,267 | mfu: 22.3% | epoch: 1 | remaining: 233s    
step 00289 (22.4%) | loss: 3.474263 | lrm: 1.00 | dt: 242ms | tok/sec: 542,348 | mfu: 22.3% | epoch: 1 | remaining: 233s    
step 00290 (22.5%) | loss: 3.470531 | lrm: 1.00 | dt: 242ms | tok/sec: 542,350 | mfu: 22.3% | epoch: 1 | remaining: 232s    
step 00291 (22.6%) | loss: 3.470090 | lrm: 1.00 | dt: 242ms | tok/sec: 542,436 | mfu: 22.3% | epoch: 1 | remaining: 232s    
step 00292 (22.6%) | loss: 3.475357 | lrm: 1.00 | dt: 242ms | tok/sec: 542,576 | mfu: 22.3% | epoch: 1 | remaining: 232s    
step 00293 (22.7%) | loss: 3.478063 | lrm: 1.00 | dt: 242ms | tok/sec: 542,329 | mfu: 22.3% | epoch: 1 | remaining: 232s    
step 00294 (22.8%) | loss: 3.467626 | lrm: 1.00 | dt: 242ms | tok/sec: 542,284 | mfu: 22.3% | epoch: 1 | remaining: 231s    
step 00295 (22.9%) | loss: 3.464626 | lrm: 1.00 | dt: 242ms | tok/sec: 542,393 | mfu: 22.3% | epoch: 1 | remaining: 231s    
step 00296 (23.0%) | loss: 3.465362 | lrm: 1.00 | dt: 242ms | tok/sec: 542,276 | mfu: 22.3% | epoch: 1 | remaining: 231s    
step 00297 (23.0%) | loss: 3.467110 | lrm: 1.00 | dt: 242ms | tok/sec: 542,275 | mfu: 22.3% | epoch: 1 | remaining: 231s    
step 00298 (23.1%) | loss: 3.460731 | lrm: 1.00 | dt: 242ms | tok/sec: 541,966 | mfu: 22.3% | epoch: 1 | remaining: 230s    
step 00299 (23.2%) | loss: 3.458630 | lrm: 1.00 | dt: 242ms | tok/sec: 541,162 | mfu: 22.3% | epoch: 1 | remaining: 230s    
step 00300 (23.3%) | loss: 3.456125 | lrm: 1.00 | dt: 242ms | tok/sec: 541,640 | mfu: 22.3% | epoch: 1 | remaining: 230s    
step 00301 (23.4%) | loss: 3.457325 | lrm: 1.00 | dt: 242ms | tok/sec: 542,305 | mfu: 22.3% | epoch: 1 | remaining: 230s    
step 00302 (23.4%) | loss: 3.459724 | lrm: 1.00 | dt: 242ms | tok/sec: 542,185 | mfu: 22.3% | epoch: 1 | remaining: 229s    
step 00303 (23.5%) | loss: 3.459271 | lrm: 1.00 | dt: 242ms | tok/sec: 542,146 | mfu: 22.3% | epoch: 1 | remaining: 229s    
step 00304 (23.6%) | loss: 3.460499 | lrm: 1.00 | dt: 242ms | tok/sec: 542,193 | mfu: 22.3% | epoch: 1 | remaining: 229s    
step 00305 (23.7%) | loss: 3.455526 | lrm: 1.00 | dt: 242ms | tok/sec: 542,403 | mfu: 22.3% | epoch: 1 | remaining: 229s    
step 00306 (23.8%) | loss: 3.458444 | lrm: 1.00 | dt: 242ms | tok/sec: 542,386 | mfu: 22.3% | epoch: 1 | remaining: 228s    
step 00307 (23.8%) | loss: 3.456049 | lrm: 1.00 | dt: 242ms | tok/sec: 542,291 | mfu: 22.3% | epoch: 1 | remaining: 228s    
step 00308 (23.9%) | loss: 3.453700 | lrm: 1.00 | dt: 242ms | tok/sec: 542,349 | mfu: 22.3% | epoch: 1 | remaining: 228s    
step 00309 (24.0%) | loss: 3.458668 | lrm: 1.00 | dt: 242ms | tok/sec: 542,192 | mfu: 22.3% | epoch: 1 | remaining: 228s    
step 00310 (24.1%) | loss: 3.462259 | lrm: 1.00 | dt: 242ms | tok/sec: 541,905 | mfu: 22.3% | epoch: 1 | remaining: 227s    
step 00311 (24.2%) | loss: 3.464393 | lrm: 1.00 | dt: 242ms | tok/sec: 542,046 | mfu: 22.3% | epoch: 1 | remaining: 227s    
step 00312 (24.2%) | loss: 3.462587 | lrm: 1.00 | dt: 242ms | tok/sec: 542,351 | mfu: 22.3% | epoch: 1 | remaining: 227s    
step 00313 (24.3%) | loss: 3.469679 | lrm: 1.00 | dt: 242ms | tok/sec: 542,126 | mfu: 22.3% | epoch: 1 | remaining: 227s    
step 00314 (24.4%) | loss: 3.462863 | lrm: 1.00 | dt: 242ms | tok/sec: 541,801 | mfu: 22.3% | epoch: 1 | remaining: 227s    
step 00315 (24.5%) | loss: 3.455332 | lrm: 1.00 | dt: 242ms | tok/sec: 542,339 | mfu: 22.3% | epoch: 1 | remaining: 226s    
step 00316 (24.6%) | loss: 3.448429 | lrm: 1.00 | dt: 242ms | tok/sec: 542,234 | mfu: 22.3% | epoch: 1 | remaining: 226s    
step 00317 (24.7%) | loss: 3.446421 | lrm: 1.00 | dt: 242ms | tok/sec: 542,362 | mfu: 22.3% | epoch: 1 | remaining: 226s    
step 00318 (24.7%) | loss: 3.438552 | lrm: 1.00 | dt: 242ms | tok/sec: 542,608 | mfu: 22.3% | epoch: 1 | remaining: 226s    
step 00319 (24.8%) | loss: 3.441398 | lrm: 1.00 | dt: 242ms | tok/sec: 542,300 | mfu: 22.3% | epoch: 1 | remaining: 225s    
step 00320 (24.9%) | loss: 3.438922 | lrm: 1.00 | dt: 242ms | tok/sec: 542,344 | mfu: 22.3% | epoch: 1 | remaining: 225s    
step 00321 (25.0%) | loss: 3.437677 | lrm: 1.00 | dt: 242ms | tok/sec: 542,158 | mfu: 22.3% | epoch: 1 | remaining: 225s    
step 00322 (25.1%) | loss: 3.433310 | lrm: 1.00 | dt: 242ms | tok/sec: 542,181 | mfu: 22.3% | epoch: 1 | remaining: 225s    
step 00323 (25.1%) | loss: 3.432422 | lrm: 1.00 | dt: 242ms | tok/sec: 541,994 | mfu: 22.3% | epoch: 1 | remaining: 224s    
step 00324 (25.2%) | loss: 3.436007 | lrm: 1.00 | dt: 242ms | tok/sec: 542,340 | mfu: 22.3% | epoch: 1 | remaining: 224s    
step 00325 (25.3%) | loss: 3.430016 | lrm: 1.00 | dt: 242ms | tok/sec: 542,102 | mfu: 22.3% | epoch: 1 | remaining: 224s    
step 00326 (25.4%) | loss: 3.430970 | lrm: 1.00 | dt: 242ms | tok/sec: 542,343 | mfu: 22.3% | epoch: 1 | remaining: 224s    
step 00327 (25.5%) | loss: 3.422744 | lrm: 1.00 | dt: 242ms | tok/sec: 542,491 | mfu: 22.3% | epoch: 1 | remaining: 223s    
step 00328 (25.5%) | loss: 3.422882 | lrm: 1.00 | dt: 242ms | tok/sec: 542,245 | mfu: 22.3% | epoch: 1 | remaining: 223s    
step 00329 (25.6%) | loss: 3.426425 | lrm: 1.00 | dt: 242ms | tok/sec: 542,348 | mfu: 22.3% | epoch: 1 | remaining: 223s    
step 00330 (25.7%) | loss: 3.427576 | lrm: 1.00 | dt: 242ms | tok/sec: 542,423 | mfu: 22.3% | epoch: 1 | remaining: 223s    
step 00331 (25.8%) | loss: 3.421573 | lrm: 1.00 | dt: 242ms | tok/sec: 542,461 | mfu: 22.3% | epoch: 1 | remaining: 222s    
step 00332 (25.9%) | loss: 3.425973 | lrm: 1.00 | dt: 242ms | tok/sec: 542,434 | mfu: 22.3% | epoch: 1 | remaining: 222s    
step 00333 (25.9%) | loss: 3.424045 | lrm: 1.00 | dt: 242ms | tok/sec: 542,276 | mfu: 22.3% | epoch: 1 | remaining: 222s    
step 00334 (26.0%) | loss: 3.424187 | lrm: 1.00 | dt: 242ms | tok/sec: 542,166 | mfu: 22.3% | epoch: 1 | remaining: 222s    
step 00335 (26.1%) | loss: 3.419280 | lrm: 1.00 | dt: 242ms | tok/sec: 542,210 | mfu: 22.3% | epoch: 1 | remaining: 221s    
step 00336 (26.2%) | loss: 3.414706 | lrm: 1.00 | dt: 242ms | tok/sec: 542,324 | mfu: 22.3% | epoch: 1 | remaining: 221s    
step 00337 (26.3%) | loss: 3.413416 | lrm: 1.00 | dt: 242ms | tok/sec: 542,277 | mfu: 22.3% | epoch: 1 | remaining: 221s    
step 00338 (26.3%) | loss: 3.415629 | lrm: 1.00 | dt: 242ms | tok/sec: 542,023 | mfu: 22.3% | epoch: 1 | remaining: 221s    
step 00339 (26.4%) | loss: 3.410920 | lrm: 1.00 | dt: 242ms | tok/sec: 542,347 | mfu: 22.3% | epoch: 1 | remaining: 220s    
step 00340 (26.5%) | loss: 3.406030 | lrm: 1.00 | dt: 242ms | tok/sec: 542,446 | mfu: 22.3% | epoch: 1 | remaining: 220s    
step 00341 (26.6%) | loss: 3.401884 | lrm: 1.00 | dt: 242ms | tok/sec: 542,648 | mfu: 22.3% | epoch: 1 | remaining: 220s    
step 00342 (26.7%) | loss: 3.407362 | lrm: 1.00 | dt: 242ms | tok/sec: 542,277 | mfu: 22.3% | epoch: 1 | remaining: 220s    
step 00343 (26.7%) | loss: 3.412032 | lrm: 1.00 | dt: 242ms | tok/sec: 542,692 | mfu: 22.3% | epoch: 1 | remaining: 220s    
step 00344 (26.8%) | loss: 3.417061 | lrm: 1.00 | dt: 242ms | tok/sec: 542,439 | mfu: 22.3% | epoch: 1 | remaining: 219s    
step 00345 (26.9%) | loss: 3.414103 | lrm: 1.00 | dt: 242ms | tok/sec: 542,336 | mfu: 22.3% | epoch: 1 | remaining: 219s    
step 00346 (27.0%) | loss: 3.407069 | lrm: 1.00 | dt: 242ms | tok/sec: 542,588 | mfu: 22.3% | epoch: 1 | remaining: 219s    
step 00347 (27.1%) | loss: 3.413169 | lrm: 1.00 | dt: 242ms | tok/sec: 542,153 | mfu: 22.3% | epoch: 1 | remaining: 219s    
step 00348 (27.1%) | loss: 3.414210 | lrm: 1.00 | dt: 242ms | tok/sec: 542,277 | mfu: 22.3% | epoch: 1 | remaining: 218s    
step 00349 (27.2%) | loss: 3.408442 | lrm: 1.00 | dt: 242ms | tok/sec: 542,145 | mfu: 22.3% | epoch: 1 | remaining: 218s    
step 00350 (27.3%) | loss: 3.406537 | lrm: 1.00 | dt: 242ms | tok/sec: 542,265 | mfu: 22.3% | epoch: 1 | remaining: 218s    
step 00351 (27.4%) | loss: 3.406013 | lrm: 1.00 | dt: 242ms | tok/sec: 542,406 | mfu: 22.3% | epoch: 1 | remaining: 218s    
step 00352 (27.5%) | loss: 3.409045 | lrm: 1.00 | dt: 242ms | tok/sec: 542,341 | mfu: 22.3% | epoch: 1 | remaining: 217s    
step 00353 (27.6%) | loss: 3.407804 | lrm: 1.00 | dt: 242ms | tok/sec: 542,348 | mfu: 22.3% | epoch: 1 | remaining: 217s    
step 00354 (27.6%) | loss: 3.400330 | lrm: 1.00 | dt: 242ms | tok/sec: 542,404 | mfu: 22.3% | epoch: 1 | remaining: 217s    
step 00355 (27.7%) | loss: 3.396613 | lrm: 1.00 | dt: 242ms | tok/sec: 542,207 | mfu: 22.3% | epoch: 1 | remaining: 217s    
step 00356 (27.8%) | loss: 3.396839 | lrm: 1.00 | dt: 242ms | tok/sec: 542,248 | mfu: 22.3% | epoch: 1 | remaining: 216s    
step 00357 (27.9%) | loss: 3.400144 | lrm: 1.00 | dt: 242ms | tok/sec: 542,417 | mfu: 22.3% | epoch: 1 | remaining: 216s    
step 00358 (28.0%) | loss: 3.392196 | lrm: 1.00 | dt: 242ms | tok/sec: 542,219 | mfu: 22.3% | epoch: 1 | remaining: 216s    
step 00359 (28.0%) | loss: 3.389794 | lrm: 1.00 | dt: 242ms | tok/sec: 542,462 | mfu: 22.3% | epoch: 1 | remaining: 216s    
step 00360 (28.1%) | loss: 3.385784 | lrm: 1.00 | dt: 242ms | tok/sec: 542,508 | mfu: 22.3% | epoch: 1 | remaining: 215s    
step 00361 (28.2%) | loss: 3.383589 | lrm: 1.00 | dt: 242ms | tok/sec: 542,610 | mfu: 22.3% | epoch: 1 | remaining: 215s    
step 00362 (28.3%) | loss: 3.383700 | lrm: 1.00 | dt: 242ms | tok/sec: 542,385 | mfu: 22.3% | epoch: 1 | remaining: 215s    
step 00363 (28.4%) | loss: 3.384796 | lrm: 1.00 | dt: 242ms | tok/sec: 542,552 | mfu: 22.3% | epoch: 1 | remaining: 215s    
step 00364 (28.4%) | loss: 3.390998 | lrm: 1.00 | dt: 242ms | tok/sec: 542,593 | mfu: 22.3% | epoch: 1 | remaining: 214s    
step 00365 (28.5%) | loss: 3.385901 | lrm: 1.00 | dt: 242ms | tok/sec: 542,431 | mfu: 22.3% | epoch: 1 | remaining: 214s    
step 00366 (28.6%) | loss: 3.383031 | lrm: 1.00 | dt: 242ms | tok/sec: 542,523 | mfu: 22.3% | epoch: 1 | remaining: 214s    
step 00367 (28.7%) | loss: 3.380139 | lrm: 1.00 | dt: 242ms | tok/sec: 542,690 | mfu: 22.3% | epoch: 1 | remaining: 214s    
step 00368 (28.8%) | loss: 3.380598 | lrm: 1.00 | dt: 242ms | tok/sec: 542,440 | mfu: 22.3% | epoch: 1 | remaining: 213s    
step 00369 (28.8%) | loss: 3.374060 | lrm: 1.00 | dt: 242ms | tok/sec: 542,387 | mfu: 22.3% | epoch: 1 | remaining: 213s    
step 00370 (28.9%) | loss: 3.366123 | lrm: 1.00 | dt: 242ms | tok/sec: 542,166 | mfu: 22.3% | epoch: 1 | remaining: 213s    
step 00371 (29.0%) | loss: 3.368627 | lrm: 1.00 | dt: 242ms | tok/sec: 542,585 | mfu: 22.3% | epoch: 1 | remaining: 213s    
step 00372 (29.1%) | loss: 3.367941 | lrm: 1.00 | dt: 242ms | tok/sec: 542,391 | mfu: 22.3% | epoch: 1 | remaining: 213s    
step 00373 (29.2%) | loss: 3.372299 | lrm: 1.00 | dt: 241ms | tok/sec: 542,776 | mfu: 22.3% | epoch: 1 | remaining: 212s    
step 00374 (29.2%) | loss: 3.371313 | lrm: 1.00 | dt: 242ms | tok/sec: 542,490 | mfu: 22.3% | epoch: 1 | remaining: 212s    
step 00375 (29.3%) | loss: 3.376482 | lrm: 1.00 | dt: 242ms | tok/sec: 542,225 | mfu: 22.3% | epoch: 1 | remaining: 212s    
step 00376 (29.4%) | loss: 3.376482 | lrm: 1.00 | dt: 242ms | tok/sec: 542,366 | mfu: 22.3% | epoch: 1 | remaining: 212s    
step 00377 (29.5%) | loss: 3.372655 | lrm: 1.00 | dt: 242ms | tok/sec: 542,309 | mfu: 22.3% | epoch: 1 | remaining: 211s    
step 00378 (29.6%) | loss: 3.373476 | lrm: 1.00 | dt: 242ms | tok/sec: 542,345 | mfu: 22.3% | epoch: 1 | remaining: 211s    
step 00379 (29.6%) | loss: 3.372086 | lrm: 1.00 | dt: 242ms | tok/sec: 541,432 | mfu: 22.3% | epoch: 1 | remaining: 211s    
step 00380 (29.7%) | loss: 3.372387 | lrm: 1.00 | dt: 242ms | tok/sec: 542,335 | mfu: 22.3% | epoch: 1 | remaining: 211s    
step 00381 (29.8%) | loss: 3.376641 | lrm: 1.00 | dt: 242ms | tok/sec: 542,331 | mfu: 22.3% | epoch: 1 | remaining: 210s    
step 00382 (29.9%) | loss: 3.378361 | lrm: 1.00 | dt: 242ms | tok/sec: 542,653 | mfu: 22.3% | epoch: 1 | remaining: 210s    
step 00383 (30.0%) | loss: 3.378759 | lrm: 1.00 | dt: 242ms | tok/sec: 542,236 | mfu: 22.3% | epoch: 1 | remaining: 210s    
step 00384 (30.0%) | loss: 3.378172 | lrm: 1.00 | dt: 242ms | tok/sec: 542,369 | mfu: 22.3% | epoch: 1 | remaining: 210s    
step 00385 (30.1%) | loss: 3.381527 | lrm: 1.00 | dt: 241ms | tok/sec: 542,776 | mfu: 22.3% | epoch: 1 | remaining: 209s    
step 00386 (30.2%) | loss: 3.383225 | lrm: 1.00 | dt: 242ms | tok/sec: 542,604 | mfu: 22.3% | epoch: 1 | remaining: 209s    
step 00387 (30.3%) | loss: 3.385140 | lrm: 1.00 | dt: 242ms | tok/sec: 542,406 | mfu: 22.3% | epoch: 1 | remaining: 209s    
step 00388 (30.4%) | loss: 3.376289 | lrm: 0.99 | dt: 242ms | tok/sec: 542,382 | mfu: 22.3% | epoch: 1 | remaining: 209s    
step 00389 (30.5%) | loss: 3.374494 | lrm: 0.99 | dt: 242ms | tok/sec: 542,415 | mfu: 22.3% | epoch: 1 | remaining: 208s    
step 00390 (30.5%) | loss: 3.372695 | lrm: 0.99 | dt: 242ms | tok/sec: 542,641 | mfu: 22.3% | epoch: 1 | remaining: 208s    
step 00391 (30.6%) | loss: 3.365480 | lrm: 0.99 | dt: 242ms | tok/sec: 542,508 | mfu: 22.3% | epoch: 1 | remaining: 208s    
step 00392 (30.7%) | loss: 3.367076 | lrm: 0.99 | dt: 242ms | tok/sec: 542,635 | mfu: 22.3% | epoch: 1 | remaining: 208s    
step 00393 (30.8%) | loss: 3.364770 | lrm: 0.99 | dt: 242ms | tok/sec: 542,267 | mfu: 22.3% | epoch: 1 | remaining: 207s    
step 00394 (30.9%) | loss: 3.365831 | lrm: 0.99 | dt: 242ms | tok/sec: 542,160 | mfu: 22.3% | epoch: 1 | remaining: 207s    
step 00395 (30.9%) | loss: 3.367361 | lrm: 0.99 | dt: 242ms | tok/sec: 542,286 | mfu: 22.3% | epoch: 1 | remaining: 207s    
step 00396 (31.0%) | loss: 3.365417 | lrm: 0.99 | dt: 242ms | tok/sec: 542,490 | mfu: 22.3% | epoch: 1 | remaining: 207s    
step 00397 (31.1%) | loss: 3.360510 | lrm: 0.98 | dt: 242ms | tok/sec: 542,722 | mfu: 22.3% | epoch: 1 | remaining: 206s    
step 00398 (31.2%) | loss: 3.356247 | lrm: 0.98 | dt: 242ms | tok/sec: 542,427 | mfu: 22.3% | epoch: 1 | remaining: 206s    
step 00399 (31.3%) | loss: 3.356852 | lrm: 0.98 | dt: 242ms | tok/sec: 542,486 | mfu: 22.3% | epoch: 1 | remaining: 206s    
step 00400 (31.3%) | loss: 3.359876 | lrm: 0.98 | dt: 242ms | tok/sec: 542,327 | mfu: 22.3% | epoch: 1 | remaining: 206s    
step 00401 (31.4%) | loss: 3.355130 | lrm: 0.98 | dt: 242ms | tok/sec: 541,558 | mfu: 22.3% | epoch: 1 | remaining: 206s    
step 00402 (31.5%) | loss: 3.353131 | lrm: 0.98 | dt: 242ms | tok/sec: 542,161 | mfu: 22.3% | epoch: 1 | remaining: 205s    
step 00403 (31.6%) | loss: 3.354599 | lrm: 0.98 | dt: 242ms | tok/sec: 542,399 | mfu: 22.3% | epoch: 1 | remaining: 205s    
step 00404 (31.7%) | loss: 3.356862 | lrm: 0.98 | dt: 242ms | tok/sec: 542,300 | mfu: 22.3% | epoch: 1 | remaining: 205s    
step 00405 (31.7%) | loss: 3.351636 | lrm: 0.98 | dt: 242ms | tok/sec: 542,465 | mfu: 22.3% | epoch: 1 | remaining: 205s    
step 00406 (31.8%) | loss: 3.341779 | lrm: 0.97 | dt: 242ms | tok/sec: 542,239 | mfu: 22.3% | epoch: 1 | remaining: 204s    
step 00407 (31.9%) | loss: 3.341406 | lrm: 0.97 | dt: 242ms | tok/sec: 542,491 | mfu: 22.3% | epoch: 1 | remaining: 204s    
step 00408 (32.0%) | loss: 3.336832 | lrm: 0.97 | dt: 242ms | tok/sec: 542,369 | mfu: 22.3% | epoch: 1 | remaining: 204s    
step 00409 (32.1%) | loss: 3.333200 | lrm: 0.97 | dt: 242ms | tok/sec: 542,359 | mfu: 22.3% | epoch: 1 | remaining: 204s    
step 00410 (32.1%) | loss: 3.331403 | lrm: 0.97 | dt: 242ms | tok/sec: 542,464 | mfu: 22.3% | epoch: 1 | remaining: 203s    
step 00411 (32.2%) | loss: 3.330426 | lrm: 0.97 | dt: 242ms | tok/sec: 542,430 | mfu: 22.3% | epoch: 1 | remaining: 203s    
step 00412 (32.3%) | loss: 3.327781 | lrm: 0.97 | dt: 242ms | tok/sec: 542,420 | mfu: 22.3% | epoch: 1 | remaining: 203s    
step 00413 (32.4%) | loss: 3.324999 | lrm: 0.97 | dt: 242ms | tok/sec: 542,424 | mfu: 22.3% | epoch: 1 | remaining: 203s    
step 00414 (32.5%) | loss: 3.324924 | lrm: 0.96 | dt: 242ms | tok/sec: 542,438 | mfu: 22.3% | epoch: 1 | remaining: 202s    
step 00415 (32.5%) | loss: 3.326621 | lrm: 0.96 | dt: 242ms | tok/sec: 542,293 | mfu: 22.3% | epoch: 1 | remaining: 202s    
step 00416 (32.6%) | loss: 3.318844 | lrm: 0.96 | dt: 242ms | tok/sec: 542,348 | mfu: 22.3% | epoch: 1 | remaining: 202s    
step 00417 (32.7%) | loss: 3.306869 | lrm: 0.96 | dt: 242ms | tok/sec: 542,598 | mfu: 22.3% | epoch: 1 | remaining: 202s    
step 00418 (32.8%) | loss: 3.299848 | lrm: 0.96 | dt: 242ms | tok/sec: 542,412 | mfu: 22.3% | epoch: 1 | remaining: 201s    
step 00419 (32.9%) | loss: 3.294859 | lrm: 0.96 | dt: 242ms | tok/sec: 542,256 | mfu: 22.3% | epoch: 1 | remaining: 201s    
step 00420 (32.9%) | loss: 3.293953 | lrm: 0.96 | dt: 242ms | tok/sec: 542,383 | mfu: 22.3% | epoch: 1 | remaining: 201s    
step 00421 (33.0%) | loss: 3.292433 | lrm: 0.96 | dt: 242ms | tok/sec: 542,470 | mfu: 22.3% | epoch: 1 | remaining: 201s    
step 00422 (33.1%) | loss: 3.290582 | lrm: 0.96 | dt: 242ms | tok/sec: 542,459 | mfu: 22.3% | epoch: 1 | remaining: 200s    
step 00423 (33.2%) | loss: 3.300163 | lrm: 0.95 | dt: 242ms | tok/sec: 542,443 | mfu: 22.3% | epoch: 1 | remaining: 200s    
step 00424 (33.3%) | loss: 3.295932 | lrm: 0.95 | dt: 242ms | tok/sec: 542,568 | mfu: 22.3% | epoch: 1 | remaining: 200s    
step 00425 (33.4%) | loss: 3.297583 | lrm: 0.95 | dt: 242ms | tok/sec: 542,524 | mfu: 22.3% | epoch: 1 | remaining: 200s    
step 00426 (33.4%) | loss: 3.300728 | lrm: 0.95 | dt: 242ms | tok/sec: 542,631 | mfu: 22.3% | epoch: 1 | remaining: 199s    
step 00427 (33.5%) | loss: 3.305171 | lrm: 0.95 | dt: 242ms | tok/sec: 542,606 | mfu: 22.3% | epoch: 1 | remaining: 199s    
step 00428 (33.6%) | loss: 3.306574 | lrm: 0.95 | dt: 242ms | tok/sec: 542,565 | mfu: 22.3% | epoch: 1 | remaining: 199s    
step 00429 (33.7%) | loss: 3.302600 | lrm: 0.95 | dt: 242ms | tok/sec: 542,445 | mfu: 22.3% | epoch: 1 | remaining: 199s    
step 00430 (33.8%) | loss: 3.300269 | lrm: 0.95 | dt: 242ms | tok/sec: 542,356 | mfu: 22.3% | epoch: 1 | remaining: 198s    
step 00431 (33.8%) | loss: 3.298097 | lrm: 0.95 | dt: 242ms | tok/sec: 542,319 | mfu: 22.3% | epoch: 1 | remaining: 198s    
step 00432 (33.9%) | loss: 3.303750 | lrm: 0.94 | dt: 242ms | tok/sec: 542,526 | mfu: 22.3% | epoch: 1 | remaining: 198s    
step 00433 (34.0%) | loss: 3.302237 | lrm: 0.94 | dt: 242ms | tok/sec: 542,143 | mfu: 22.3% | epoch: 1 | remaining: 198s    
step 00434 (34.1%) | loss: 3.308067 | lrm: 0.94 | dt: 242ms | tok/sec: 542,467 | mfu: 22.3% | epoch: 1 | remaining: 198s    
step 00435 (34.2%) | loss: 3.305314 | lrm: 0.94 | dt: 242ms | tok/sec: 542,195 | mfu: 22.3% | epoch: 1 | remaining: 197s    
step 00436 (34.2%) | loss: 3.310745 | lrm: 0.94 | dt: 242ms | tok/sec: 542,553 | mfu: 22.3% | epoch: 1 | remaining: 197s    
step 00437 (34.3%) | loss: 3.306564 | lrm: 0.94 | dt: 242ms | tok/sec: 542,709 | mfu: 22.3% | epoch: 1 | remaining: 197s    
step 00438 (34.4%) | loss: 3.301528 | lrm: 0.94 | dt: 242ms | tok/sec: 542,492 | mfu: 22.3% | epoch: 1 | remaining: 197s    
step 00439 (34.5%) | loss: 3.296829 | lrm: 0.94 | dt: 242ms | tok/sec: 542,714 | mfu: 22.3% | epoch: 1 | remaining: 196s    
step 00440 (34.6%) | loss: 3.299716 | lrm: 0.93 | dt: 242ms | tok/sec: 542,478 | mfu: 22.3% | epoch: 1 | remaining: 196s    
step 00441 (34.6%) | loss: 3.298072 | lrm: 0.93 | dt: 242ms | tok/sec: 542,671 | mfu: 22.3% | epoch: 1 | remaining: 196s    
step 00442 (34.7%) | loss: 3.298597 | lrm: 0.93 | dt: 242ms | tok/sec: 542,384 | mfu: 22.3% | epoch: 1 | remaining: 196s    
step 00443 (34.8%) | loss: 3.299522 | lrm: 0.93 | dt: 242ms | tok/sec: 542,415 | mfu: 22.3% | epoch: 1 | remaining: 195s    
step 00444 (34.9%) | loss: 3.296931 | lrm: 0.93 | dt: 242ms | tok/sec: 542,423 | mfu: 22.3% | epoch: 1 | remaining: 195s    
step 00445 (35.0%) | loss: 3.294626 | lrm: 0.93 | dt: 242ms | tok/sec: 542,570 | mfu: 22.3% | epoch: 1 | remaining: 195s    
step 00446 (35.0%) | loss: 3.297399 | lrm: 0.93 | dt: 242ms | tok/sec: 542,600 | mfu: 22.3% | epoch: 1 | remaining: 195s    
step 00447 (35.1%) | loss: 3.299210 | lrm: 0.93 | dt: 242ms | tok/sec: 542,594 | mfu: 22.3% | epoch: 1 | remaining: 194s    
step 00448 (35.2%) | loss: 3.304617 | lrm: 0.93 | dt: 242ms | tok/sec: 542,530 | mfu: 22.3% | epoch: 1 | remaining: 194s    
step 00449 (35.3%) | loss: 3.306271 | lrm: 0.92 | dt: 242ms | tok/sec: 542,480 | mfu: 22.3% | epoch: 1 | remaining: 194s    
step 00450 (35.4%) | loss: 3.304015 | lrm: 0.92 | dt: 242ms | tok/sec: 542,520 | mfu: 22.3% | epoch: 1 | remaining: 194s    
step 00451 (35.4%) | loss: 3.307189 | lrm: 0.92 | dt: 242ms | tok/sec: 542,718 | mfu: 22.3% | epoch: 1 | remaining: 193s    
step 00452 (35.5%) | loss: 3.300474 | lrm: 0.92 | dt: 242ms | tok/sec: 542,393 | mfu: 22.3% | epoch: 1 | remaining: 193s    
step 00453 (35.6%) | loss: 3.306648 | lrm: 0.92 | dt: 242ms | tok/sec: 542,348 | mfu: 22.3% | epoch: 1 | remaining: 193s    
step 00454 (35.7%) | loss: 3.298453 | lrm: 0.92 | dt: 242ms | tok/sec: 542,397 | mfu: 22.3% | epoch: 1 | remaining: 193s    
step 00455 (35.8%) | loss: 3.299489 | lrm: 0.92 | dt: 242ms | tok/sec: 542,505 | mfu: 22.3% | epoch: 1 | remaining: 192s    
step 00456 (35.8%) | loss: 3.306039 | lrm: 0.92 | dt: 242ms | tok/sec: 542,487 | mfu: 22.3% | epoch: 1 | remaining: 192s    
step 00457 (35.9%) | loss: 3.304962 | lrm: 0.92 | dt: 242ms | tok/sec: 542,343 | mfu: 22.3% | epoch: 1 | remaining: 192s    
step 00458 (36.0%) | loss: 3.298981 | lrm: 0.91 | dt: 242ms | tok/sec: 542,556 | mfu: 22.3% | epoch: 1 | remaining: 192s    
step 00459 (36.1%) | loss: 3.294239 | lrm: 0.91 | dt: 242ms | tok/sec: 542,545 | mfu: 22.3% | epoch: 1 | remaining: 191s    
step 00460 (36.2%) | loss: 3.300045 | lrm: 0.91 | dt: 242ms | tok/sec: 542,402 | mfu: 22.3% | epoch: 1 | remaining: 191s    
step 00461 (36.3%) | loss: 3.305366 | lrm: 0.91 | dt: 242ms | tok/sec: 542,601 | mfu: 22.3% | epoch: 1 | remaining: 191s    
step 00462 (36.3%) | loss: 3.304545 | lrm: 0.91 | dt: 242ms | tok/sec: 542,565 | mfu: 22.3% | epoch: 1 | remaining: 191s    
step 00463 (36.4%) | loss: 3.306122 | lrm: 0.91 | dt: 242ms | tok/sec: 542,482 | mfu: 22.3% | epoch: 1 | remaining: 191s    
step 00464 (36.5%) | loss: 3.308183 | lrm: 0.91 | dt: 242ms | tok/sec: 542,396 | mfu: 22.3% | epoch: 1 | remaining: 190s    
step 00465 (36.6%) | loss: 3.303346 | lrm: 0.91 | dt: 242ms | tok/sec: 542,411 | mfu: 22.3% | epoch: 1 | remaining: 190s    
step 00466 (36.7%) | loss: 3.305950 | lrm: 0.90 | dt: 242ms | tok/sec: 541,908 | mfu: 22.3% | epoch: 1 | remaining: 190s    
step 00467 (36.7%) | loss: 3.297803 | lrm: 0.90 | dt: 242ms | tok/sec: 542,441 | mfu: 22.3% | epoch: 1 | remaining: 190s    
step 00468 (36.8%) | loss: 3.291191 | lrm: 0.90 | dt: 242ms | tok/sec: 542,272 | mfu: 22.3% | epoch: 1 | remaining: 189s    
step 00469 (36.9%) | loss: 3.290262 | lrm: 0.90 | dt: 242ms | tok/sec: 542,566 | mfu: 22.3% | epoch: 1 | remaining: 189s    
step 00470 (37.0%) | loss: 3.290932 | lrm: 0.90 | dt: 242ms | tok/sec: 542,662 | mfu: 22.3% | epoch: 1 | remaining: 189s    
step 00471 (37.1%) | loss: 3.296002 | lrm: 0.90 | dt: 242ms | tok/sec: 542,689 | mfu: 22.3% | epoch: 1 | remaining: 189s    
step 00472 (37.1%) | loss: 3.302956 | lrm: 0.90 | dt: 242ms | tok/sec: 542,260 | mfu: 22.3% | epoch: 1 | remaining: 188s    
step 00473 (37.2%) | loss: 3.301216 | lrm: 0.90 | dt: 242ms | tok/sec: 542,229 | mfu: 22.3% | epoch: 1 | remaining: 188s    
step 00474 (37.3%) | loss: 3.303013 | lrm: 0.90 | dt: 242ms | tok/sec: 542,310 | mfu: 22.3% | epoch: 1 | remaining: 188s    
step 00475 (37.4%) | loss: 3.300306 | lrm: 0.89 | dt: 242ms | tok/sec: 542,446 | mfu: 22.3% | epoch: 1 | remaining: 188s    
step 00476 (37.5%) | loss: 3.292762 | lrm: 0.89 | dt: 242ms | tok/sec: 542,721 | mfu: 22.3% | epoch: 1 | remaining: 187s    
step 00477 (37.5%) | loss: 3.290879 | lrm: 0.89 | dt: 242ms | tok/sec: 542,513 | mfu: 22.3% | epoch: 1 | remaining: 187s    
step 00478 (37.6%) | loss: 3.284933 | lrm: 0.89 | dt: 242ms | tok/sec: 542,476 | mfu: 22.3% | epoch: 1 | remaining: 187s    
step 00479 (37.7%) | loss: 3.285556 | lrm: 0.89 | dt: 242ms | tok/sec: 542,363 | mfu: 22.3% | epoch: 1 | remaining: 187s    
step 00480 (37.8%) | loss: 3.283497 | lrm: 0.89 | dt: 242ms | tok/sec: 542,362 | mfu: 22.3% | epoch: 1 | remaining: 186s    
step 00481 (37.9%) | loss: 3.286483 | lrm: 0.89 | dt: 242ms | tok/sec: 542,670 | mfu: 22.3% | epoch: 1 | remaining: 186s    
step 00482 (37.9%) | loss: 3.286130 | lrm: 0.89 | dt: 242ms | tok/sec: 542,736 | mfu: 22.3% | epoch: 1 | remaining: 186s    
step 00483 (38.0%) | loss: 3.287077 | lrm: 0.89 | dt: 242ms | tok/sec: 542,345 | mfu: 22.3% | epoch: 1 | remaining: 186s    
step 00484 (38.1%) | loss: 3.288182 | lrm: 0.88 | dt: 242ms | tok/sec: 542,351 | mfu: 22.3% | epoch: 1 | remaining: 185s    
step 00485 (38.2%) | loss: 3.289991 | lrm: 0.88 | dt: 242ms | tok/sec: 542,380 | mfu: 22.3% | epoch: 1 | remaining: 185s    
step 00486 (38.3%) | loss: 3.284418 | lrm: 0.88 | dt: 242ms | tok/sec: 542,352 | mfu: 22.3% | epoch: 1 | remaining: 185s    
step 00487 (38.3%) | loss: 3.280699 | lrm: 0.88 | dt: 242ms | tok/sec: 542,518 | mfu: 22.3% | epoch: 1 | remaining: 185s    
step 00488 (38.4%) | loss: 3.276015 | lrm: 0.88 | dt: 242ms | tok/sec: 542,548 | mfu: 22.3% | epoch: 1 | remaining: 184s    
step 00489 (38.5%) | loss: 3.261795 | lrm: 0.88 | dt: 242ms | tok/sec: 542,487 | mfu: 22.3% | epoch: 1 | remaining: 184s    
step 00490 (38.6%) | loss: 3.252435 | lrm: 0.88 | dt: 242ms | tok/sec: 542,446 | mfu: 22.3% | epoch: 1 | remaining: 184s    
step 00491 (38.7%) | loss: 3.250404 | lrm: 0.88 | dt: 242ms | tok/sec: 542,449 | mfu: 22.3% | epoch: 1 | remaining: 184s    
step 00492 (38.7%) | loss: 3.248087 | lrm: 0.88 | dt: 242ms | tok/sec: 542,208 | mfu: 22.3% | epoch: 1 | remaining: 184s    
step 00493 (38.8%) | loss: 3.248848 | lrm: 0.87 | dt: 242ms | tok/sec: 542,523 | mfu: 22.3% | epoch: 1 | remaining: 183s    
step 00494 (38.9%) | loss: 3.245969 | lrm: 0.87 | dt: 242ms | tok/sec: 542,607 | mfu: 22.3% | epoch: 1 | remaining: 183s    
step 00495 (39.0%) | loss: 3.250482 | lrm: 0.87 | dt: 242ms | tok/sec: 542,316 | mfu: 22.3% | epoch: 1 | remaining: 183s    
step 00496 (39.1%) | loss: 3.248663 | lrm: 0.87 | dt: 242ms | tok/sec: 542,383 | mfu: 22.3% | epoch: 1 | remaining: 183s    
step 00497 (39.2%) | loss: 3.251293 | lrm: 0.87 | dt: 242ms | tok/sec: 542,568 | mfu: 22.3% | epoch: 1 | remaining: 182s    
step 00498 (39.2%) | loss: 3.256100 | lrm: 0.87 | dt: 242ms | tok/sec: 542,642 | mfu: 22.3% | epoch: 1 | remaining: 182s    
step 00499 (39.3%) | loss: 3.259315 | lrm: 0.87 | dt: 242ms | tok/sec: 542,578 | mfu: 22.3% | epoch: 1 | remaining: 182s    
step 00500 (39.4%) | loss: 3.261560 | lrm: 0.87 | dt: 242ms | tok/sec: 542,479 | mfu: 22.3% | epoch: 1 | remaining: 182s    
step 00501 (39.5%) | loss: 3.260611 | lrm: 0.86 | dt: 242ms | tok/sec: 542,413 | mfu: 22.3% | epoch: 1 | remaining: 181s    
step 00502 (39.6%) | loss: 3.260836 | lrm: 0.86 | dt: 242ms | tok/sec: 542,602 | mfu: 22.3% | epoch: 1 | remaining: 181s    
step 00503 (39.6%) | loss: 3.261272 | lrm: 0.86 | dt: 242ms | tok/sec: 542,504 | mfu: 22.3% | epoch: 1 | remaining: 181s    
step 00504 (39.7%) | loss: 3.254554 | lrm: 0.86 | dt: 242ms | tok/sec: 542,464 | mfu: 22.3% | epoch: 1 | remaining: 181s    
step 00505 (39.8%) | loss: 3.251660 | lrm: 0.86 | dt: 242ms | tok/sec: 542,252 | mfu: 22.3% | epoch: 1 | remaining: 180s    
step 00506 (39.9%) | loss: 3.249789 | lrm: 0.86 | dt: 242ms | tok/sec: 542,628 | mfu: 22.3% | epoch: 1 | remaining: 180s    
step 00507 (40.0%) | loss: 3.250768 | lrm: 0.86 | dt: 242ms | tok/sec: 542,400 | mfu: 22.3% | epoch: 1 | remaining: 180s    
step 00508 (40.0%) | loss: 3.248590 | lrm: 0.86 | dt: 242ms | tok/sec: 542,502 | mfu: 22.3% | epoch: 1 | remaining: 180s    
step 00509 (40.1%) | loss: 3.245048 | lrm: 0.86 | dt: 242ms | tok/sec: 542,459 | mfu: 22.3% | epoch: 1 | remaining: 179s    
step 00510 (40.2%) | loss: 3.250131 | lrm: 0.85 | dt: 242ms | tok/sec: 542,349 | mfu: 22.3% | epoch: 1 | remaining: 179s    
step 00511 (40.3%) | loss: 3.251650 | lrm: 0.85 | dt: 242ms | tok/sec: 542,733 | mfu: 22.3% | epoch: 1 | remaining: 179s    
step 00512 (40.4%) | loss: 3.246916 | lrm: 0.85 | dt: 242ms | tok/sec: 542,333 | mfu: 22.3% | epoch: 1 | remaining: 179s    
step 00513 (40.4%) | loss: 3.240726 | lrm: 0.85 | dt: 242ms | tok/sec: 542,612 | mfu: 22.3% | epoch: 1 | remaining: 178s    
step 00514 (40.5%) | loss: 3.241303 | lrm: 0.85 | dt: 242ms | tok/sec: 542,632 | mfu: 22.3% | epoch: 1 | remaining: 178s    
step 00515 (40.6%) | loss: 3.238370 | lrm: 0.85 | dt: 242ms | tok/sec: 542,581 | mfu: 22.3% | epoch: 1 | remaining: 178s    
step 00516 (40.7%) | loss: 3.240138 | lrm: 0.85 | dt: 242ms | tok/sec: 542,523 | mfu: 22.3% | epoch: 1 | remaining: 178s    
step 00517 (40.8%) | loss: 3.242723 | lrm: 0.85 | dt: 242ms | tok/sec: 542,458 | mfu: 22.3% | epoch: 1 | remaining: 177s    
step 00518 (40.8%) | loss: 3.237718 | lrm: 0.85 | dt: 242ms | tok/sec: 542,417 | mfu: 22.3% | epoch: 1 | remaining: 177s    
step 00519 (40.9%) | loss: 3.237293 | lrm: 0.84 | dt: 242ms | tok/sec: 542,591 | mfu: 22.3% | epoch: 1 | remaining: 177s    
step 00520 (41.0%) | loss: 3.232688 | lrm: 0.84 | dt: 242ms | tok/sec: 542,725 | mfu: 22.3% | epoch: 1 | remaining: 177s    
step 00521 (41.1%) | loss: 3.233540 | lrm: 0.84 | dt: 242ms | tok/sec: 542,432 | mfu: 22.3% | epoch: 1 | remaining: 177s    
step 00522 (41.2%) | loss: 3.235029 | lrm: 0.84 | dt: 242ms | tok/sec: 542,562 | mfu: 22.3% | epoch: 1 | remaining: 176s    
step 00523 (41.2%) | loss: 3.232830 | lrm: 0.84 | dt: 242ms | tok/sec: 542,608 | mfu: 22.3% | epoch: 1 | remaining: 176s    
step 00524 (41.3%) | loss: 3.236383 | lrm: 0.84 | dt: 242ms | tok/sec: 542,629 | mfu: 22.3% | epoch: 1 | remaining: 176s    
step 00525 (41.4%) | loss: 3.234659 | lrm: 0.84 | dt: 242ms | tok/sec: 542,644 | mfu: 22.3% | epoch: 1 | remaining: 176s    
step 00526 (41.5%) | loss: 3.232425 | lrm: 0.84 | dt: 242ms | tok/sec: 542,499 | mfu: 22.3% | epoch: 1 | remaining: 175s    
step 00527 (41.6%) | loss: 3.232339 | lrm: 0.83 | dt: 242ms | tok/sec: 542,699 | mfu: 22.3% | epoch: 1 | remaining: 175s    
step 00528 (41.6%) | loss: 3.227834 | lrm: 0.83 | dt: 242ms | tok/sec: 542,644 | mfu: 22.3% | epoch: 1 | remaining: 175s    
step 00529 (41.7%) | loss: 3.230105 | lrm: 0.83 | dt: 242ms | tok/sec: 542,557 | mfu: 22.3% | epoch: 1 | remaining: 175s    
step 00530 (41.8%) | loss: 3.229733 | lrm: 0.83 | dt: 242ms | tok/sec: 542,504 | mfu: 22.3% | epoch: 1 | remaining: 174s    
step 00531 (41.9%) | loss: 3.229073 | lrm: 0.83 | dt: 242ms | tok/sec: 542,675 | mfu: 22.3% | epoch: 1 | remaining: 174s    
step 00532 (42.0%) | loss: 3.229813 | lrm: 0.83 | dt: 242ms | tok/sec: 542,327 | mfu: 22.3% | epoch: 1 | remaining: 174s    
step 00533 (42.1%) | loss: 3.224822 | lrm: 0.83 | dt: 242ms | tok/sec: 542,307 | mfu: 22.3% | epoch: 1 | remaining: 174s    
step 00534 (42.1%) | loss: 3.230789 | lrm: 0.83 | dt: 242ms | tok/sec: 542,701 | mfu: 22.3% | epoch: 1 | remaining: 173s    
step 00535 (42.2%) | loss: 3.221274 | lrm: 0.83 | dt: 242ms | tok/sec: 542,147 | mfu: 22.3% | epoch: 1 | remaining: 173s    
step 00536 (42.3%) | loss: 3.222507 | lrm: 0.82 | dt: 242ms | tok/sec: 542,516 | mfu: 22.3% | epoch: 1 | remaining: 173s    
step 00537 (42.4%) | loss: 3.228136 | lrm: 0.82 | dt: 242ms | tok/sec: 542,462 | mfu: 22.3% | epoch: 1 | remaining: 173s    
step 00538 (42.5%) | loss: 3.228777 | lrm: 0.82 | dt: 242ms | tok/sec: 542,392 | mfu: 22.3% | epoch: 1 | remaining: 172s    
step 00539 (42.5%) | loss: 3.224425 | lrm: 0.82 | dt: 242ms | tok/sec: 542,683 | mfu: 22.3% | epoch: 1 | remaining: 172s    
step 00540 (42.6%) | loss: 3.216465 | lrm: 0.82 | dt: 242ms | tok/sec: 542,153 | mfu: 22.3% | epoch: 1 | remaining: 172s    
step 00541 (42.7%) | loss: 3.213433 | lrm: 0.82 | dt: 242ms | tok/sec: 542,511 | mfu: 22.3% | epoch: 1 | remaining: 172s    
step 00542 (42.8%) | loss: 3.217209 | lrm: 0.82 | dt: 242ms | tok/sec: 542,548 | mfu: 22.3% | epoch: 1 | remaining: 171s    
step 00543 (42.9%) | loss: 3.218656 | lrm: 0.82 | dt: 242ms | tok/sec: 542,557 | mfu: 22.3% | epoch: 1 | remaining: 171s    
step 00544 (42.9%) | loss: 3.209340 | lrm: 0.82 | dt: 242ms | tok/sec: 542,556 | mfu: 22.3% | epoch: 1 | remaining: 171s    
step 00545 (43.0%) | loss: 3.213848 | lrm: 0.81 | dt: 242ms | tok/sec: 542,519 | mfu: 22.3% | epoch: 1 | remaining: 171s    
step 00546 (43.1%) | loss: 3.216260 | lrm: 0.81 | dt: 242ms | tok/sec: 542,669 | mfu: 22.3% | epoch: 1 | remaining: 170s    
step 00547 (43.2%) | loss: 3.208224 | lrm: 0.81 | dt: 242ms | tok/sec: 542,671 | mfu: 22.3% | epoch: 1 | remaining: 170s    
step 00548 (43.3%) | loss: 3.208778 | lrm: 0.81 | dt: 242ms | tok/sec: 542,550 | mfu: 22.3% | epoch: 1 | remaining: 170s    
step 00549 (43.3%) | loss: 3.198972 | lrm: 0.81 | dt: 242ms | tok/sec: 542,563 | mfu: 22.3% | epoch: 1 | remaining: 170s    
step 00550 (43.4%) | loss: 3.196551 | lrm: 0.81 | dt: 242ms | tok/sec: 542,638 | mfu: 22.3% | epoch: 1 | remaining: 170s    
step 00551 (43.5%) | loss: 3.203470 | lrm: 0.81 | dt: 242ms | tok/sec: 542,430 | mfu: 22.3% | epoch: 1 | remaining: 169s    
step 00552 (43.6%) | loss: 3.199422 | lrm: 0.81 | dt: 242ms | tok/sec: 542,424 | mfu: 22.3% | epoch: 1 | remaining: 169s    
step 00553 (43.7%) | loss: 3.202361 | lrm: 0.80 | dt: 242ms | tok/sec: 542,467 | mfu: 22.3% | epoch: 1 | remaining: 169s    
step 00554 (43.7%) | loss: 3.194219 | lrm: 0.80 | dt: 242ms | tok/sec: 542,419 | mfu: 22.3% | epoch: 1 | remaining: 169s    
step 00555 (43.8%) | loss: 3.194453 | lrm: 0.80 | dt: 242ms | tok/sec: 542,657 | mfu: 22.3% | epoch: 1 | remaining: 168s    
step 00556 (43.9%) | loss: 3.199448 | lrm: 0.80 | dt: 242ms | tok/sec: 542,260 | mfu: 22.3% | epoch: 1 | remaining: 168s    
step 00557 (44.0%) | loss: 3.205996 | lrm: 0.80 | dt: 242ms | tok/sec: 542,030 | mfu: 22.3% | epoch: 1 | remaining: 168s    
step 00558 (44.1%) | loss: 3.197661 | lrm: 0.80 | dt: 242ms | tok/sec: 542,469 | mfu: 22.3% | epoch: 1 | remaining: 168s    
step 00559 (44.1%) | loss: 3.196861 | lrm: 0.80 | dt: 242ms | tok/sec: 542,367 | mfu: 22.3% | epoch: 1 | remaining: 167s    
step 00560 (44.2%) | loss: 3.188928 | lrm: 0.80 | dt: 242ms | tok/sec: 542,711 | mfu: 22.3% | epoch: 1 | remaining: 167s    
step 00561 (44.3%) | loss: 3.186328 | lrm: 0.80 | dt: 242ms | tok/sec: 542,629 | mfu: 22.3% | epoch: 1 | remaining: 167s    
step 00562 (44.4%) | loss: 3.183908 | lrm: 0.79 | dt: 242ms | tok/sec: 542,602 | mfu: 22.3% | epoch: 1 | remaining: 167s    
step 00563 (44.5%) | loss: 3.185167 | lrm: 0.79 | dt: 242ms | tok/sec: 542,444 | mfu: 22.3% | epoch: 1 | remaining: 166s    
step 00564 (44.5%) | loss: 3.181991 | lrm: 0.79 | dt: 242ms | tok/sec: 542,726 | mfu: 22.3% | epoch: 1 | remaining: 166s    
step 00565 (44.6%) | loss: 3.179409 | lrm: 0.79 | dt: 242ms | tok/sec: 542,473 | mfu: 22.3% | epoch: 1 | remaining: 166s    
step 00566 (44.7%) | loss: 3.182256 | lrm: 0.79 | dt: 242ms | tok/sec: 542,498 | mfu: 22.3% | epoch: 1 | remaining: 166s    
step 00567 (44.8%) | loss: 3.179308 | lrm: 0.79 | dt: 242ms | tok/sec: 542,496 | mfu: 22.3% | epoch: 1 | remaining: 165s    
step 00568 (44.9%) | loss: 3.181523 | lrm: 0.79 | dt: 242ms | tok/sec: 542,494 | mfu: 22.3% | epoch: 1 | remaining: 165s    
step 00569 (44.9%) | loss: 3.180857 | lrm: 0.79 | dt: 242ms | tok/sec: 542,493 | mfu: 22.3% | epoch: 1 | remaining: 165s    
step 00570 (45.0%) | loss: 3.181252 | lrm: 0.79 | dt: 242ms | tok/sec: 542,370 | mfu: 22.3% | epoch: 1 | remaining: 165s    
step 00571 (45.1%) | loss: 3.186071 | lrm: 0.78 | dt: 242ms | tok/sec: 542,422 | mfu: 22.3% | epoch: 1 | remaining: 164s    
step 00572 (45.2%) | loss: 3.186963 | lrm: 0.78 | dt: 242ms | tok/sec: 542,417 | mfu: 22.3% | epoch: 1 | remaining: 164s    
step 00573 (45.3%) | loss: 3.186393 | lrm: 0.78 | dt: 242ms | tok/sec: 542,458 | mfu: 22.3% | epoch: 1 | remaining: 164s    
step 00574 (45.4%) | loss: 3.187876 | lrm: 0.78 | dt: 242ms | tok/sec: 542,412 | mfu: 22.3% | epoch: 1 | remaining: 164s    
step 00575 (45.4%) | loss: 3.189186 | lrm: 0.78 | dt: 242ms | tok/sec: 542,465 | mfu: 22.3% | epoch: 1 | remaining: 163s    
step 00576 (45.5%) | loss: 3.190642 | lrm: 0.78 | dt: 242ms | tok/sec: 542,462 | mfu: 22.3% | epoch: 1 | remaining: 163s    
step 00577 (45.6%) | loss: 3.182693 | lrm: 0.78 | dt: 242ms | tok/sec: 542,465 | mfu: 22.3% | epoch: 1 | remaining: 163s    
step 00578 (45.7%) | loss: 3.184401 | lrm: 0.78 | dt: 242ms | tok/sec: 542,557 | mfu: 22.3% | epoch: 1 | remaining: 163s    
step 00579 (45.8%) | loss: 3.180118 | lrm: 0.77 | dt: 242ms | tok/sec: 542,625 | mfu: 22.3% | epoch: 1 | remaining: 162s    
step 00580 (45.8%) | loss: 3.193690 | lrm: 0.77 | dt: 242ms | tok/sec: 542,422 | mfu: 22.3% | epoch: 1 | remaining: 162s    
step 00581 (45.9%) | loss: 3.194034 | lrm: 0.77 | dt: 242ms | tok/sec: 542,525 | mfu: 22.3% | epoch: 1 | remaining: 162s    
step 00582 (46.0%) | loss: 3.192129 | lrm: 0.77 | dt: 242ms | tok/sec: 542,380 | mfu: 22.3% | epoch: 1 | remaining: 162s    
step 00583 (46.1%) | loss: 3.193818 | lrm: 0.77 | dt: 242ms | tok/sec: 541,657 | mfu: 22.3% | epoch: 1 | remaining: 162s    
step 00584 (46.2%) | loss: 3.192060 | lrm: 0.77 | dt: 242ms | tok/sec: 542,230 | mfu: 22.3% | epoch: 1 | remaining: 161s    
step 00585 (46.2%) | loss: 3.189933 | lrm: 0.77 | dt: 242ms | tok/sec: 542,212 | mfu: 22.3% | epoch: 1 | remaining: 161s    
step 00586 (46.3%) | loss: 3.191504 | lrm: 0.77 | dt: 242ms | tok/sec: 542,394 | mfu: 22.3% | epoch: 1 | remaining: 161s    
step 00587 (46.4%) | loss: 3.191187 | lrm: 0.77 | dt: 242ms | tok/sec: 542,307 | mfu: 22.3% | epoch: 1 | remaining: 161s    
step 00588 (46.5%) | loss: 3.192603 | lrm: 0.76 | dt: 242ms | tok/sec: 542,405 | mfu: 22.3% | epoch: 1 | remaining: 160s    
step 00589 (46.6%) | loss: 3.187506 | lrm: 0.76 | dt: 242ms | tok/sec: 542,392 | mfu: 22.3% | epoch: 1 | remaining: 160s    
step 00590 (46.6%) | loss: 3.187745 | lrm: 0.76 | dt: 242ms | tok/sec: 542,225 | mfu: 22.3% | epoch: 1 | remaining: 160s    
step 00591 (46.7%) | loss: 3.192702 | lrm: 0.76 | dt: 242ms | tok/sec: 542,609 | mfu: 22.3% | epoch: 1 | remaining: 160s    
step 00592 (46.8%) | loss: 3.192389 | lrm: 0.76 | dt: 242ms | tok/sec: 542,490 | mfu: 22.3% | epoch: 1 | remaining: 159s    
step 00593 (46.9%) | loss: 3.195595 | lrm: 0.76 | dt: 242ms | tok/sec: 542,445 | mfu: 22.3% | epoch: 1 | remaining: 159s    
step 00594 (47.0%) | loss: 3.196014 | lrm: 0.76 | dt: 242ms | tok/sec: 542,366 | mfu: 22.3% | epoch: 1 | remaining: 159s    
step 00595 (47.0%) | loss: 3.200949 | lrm: 0.76 | dt: 242ms | tok/sec: 542,299 | mfu: 22.3% | epoch: 1 | remaining: 159s    
step 00596 (47.1%) | loss: 3.194782 | lrm: 0.76 | dt: 242ms | tok/sec: 541,976 | mfu: 22.3% | epoch: 1 | remaining: 158s    
step 00597 (47.2%) | loss: 3.190569 | lrm: 0.75 | dt: 242ms | tok/sec: 542,184 | mfu: 22.3% | epoch: 1 | remaining: 158s    
step 00598 (47.3%) | loss: 3.190549 | lrm: 0.75 | dt: 242ms | tok/sec: 542,376 | mfu: 22.3% | epoch: 1 | remaining: 158s    
step 00599 (47.4%) | loss: 3.190668 | lrm: 0.75 | dt: 242ms | tok/sec: 542,500 | mfu: 22.3% | epoch: 1 | remaining: 158s    
step 00600 (47.4%) | loss: 3.179532 | lrm: 0.75 | dt: 242ms | tok/sec: 542,527 | mfu: 22.3% | epoch: 1 | remaining: 157s    
step 00601 (47.5%) | loss: 3.174545 | lrm: 0.75 | dt: 242ms | tok/sec: 542,585 | mfu: 22.3% | epoch: 1 | remaining: 157s    
step 00602 (47.6%) | loss: 3.172687 | lrm: 0.75 | dt: 242ms | tok/sec: 542,332 | mfu: 22.3% | epoch: 1 | remaining: 157s    
step 00603 (47.7%) | loss: 3.167585 | lrm: 0.75 | dt: 242ms | tok/sec: 542,523 | mfu: 22.3% | epoch: 1 | remaining: 157s    
step 00604 (47.8%) | loss: 3.164422 | lrm: 0.75 | dt: 242ms | tok/sec: 542,556 | mfu: 22.3% | epoch: 1 | remaining: 156s    
step 00605 (47.8%) | loss: 3.168206 | lrm: 0.75 | dt: 242ms | tok/sec: 542,475 | mfu: 22.3% | epoch: 1 | remaining: 156s    
step 00606 (47.9%) | loss: 3.172280 | lrm: 0.74 | dt: 242ms | tok/sec: 542,514 | mfu: 22.3% | epoch: 1 | remaining: 156s    
step 00607 (48.0%) | loss: 3.171188 | lrm: 0.74 | dt: 242ms | tok/sec: 542,635 | mfu: 22.3% | epoch: 1 | remaining: 156s    
step 00608 (48.1%) | loss: 3.170789 | lrm: 0.74 | dt: 242ms | tok/sec: 542,417 | mfu: 22.3% | epoch: 1 | remaining: 155s    
step 00609 (48.2%) | loss: 3.174834 | lrm: 0.74 | dt: 242ms | tok/sec: 542,660 | mfu: 22.3% | epoch: 1 | remaining: 155s    
step 00610 (48.3%) | loss: 3.169968 | lrm: 0.74 | dt: 242ms | tok/sec: 542,301 | mfu: 22.3% | epoch: 1 | remaining: 155s    
step 00611 (48.3%) | loss: 3.173113 | lrm: 0.74 | dt: 242ms | tok/sec: 542,331 | mfu: 22.3% | epoch: 1 | remaining: 155s    
step 00612 (48.4%) | loss: 3.167641 | lrm: 0.74 | dt: 242ms | tok/sec: 542,458 | mfu: 22.3% | epoch: 1 | remaining: 155s    
step 00613 (48.5%) | loss: 3.167801 | lrm: 0.74 | dt: 242ms | tok/sec: 542,178 | mfu: 22.3% | epoch: 1 | remaining: 154s    
step 00614 (48.6%) | loss: 3.167943 | lrm: 0.73 | dt: 242ms | tok/sec: 542,653 | mfu: 22.3% | epoch: 1 | remaining: 154s    
step 00615 (48.7%) | loss: 3.168554 | lrm: 0.73 | dt: 242ms | tok/sec: 542,385 | mfu: 22.3% | epoch: 1 | remaining: 154s    
step 00616 (48.7%) | loss: 3.177043 | lrm: 0.73 | dt: 242ms | tok/sec: 542,544 | mfu: 22.3% | epoch: 1 | remaining: 154s    
step 00617 (48.8%) | loss: 3.177866 | lrm: 0.73 | dt: 242ms | tok/sec: 542,588 | mfu: 22.3% | epoch: 1 | remaining: 153s    
step 00618 (48.9%) | loss: 3.180469 | lrm: 0.73 | dt: 242ms | tok/sec: 542,542 | mfu: 22.3% | epoch: 1 | remaining: 153s    
step 00619 (49.0%) | loss: 3.178269 | lrm: 0.73 | dt: 242ms | tok/sec: 542,390 | mfu: 22.3% | epoch: 1 | remaining: 153s    
step 00620 (49.1%) | loss: 3.176539 | lrm: 0.73 | dt: 242ms | tok/sec: 542,709 | mfu: 22.3% | epoch: 1 | remaining: 153s    
step 00621 (49.1%) | loss: 3.179237 | lrm: 0.73 | dt: 242ms | tok/sec: 542,590 | mfu: 22.3% | epoch: 1 | remaining: 152s    
step 00622 (49.2%) | loss: 3.174326 | lrm: 0.73 | dt: 242ms | tok/sec: 542,472 | mfu: 22.3% | epoch: 1 | remaining: 152s    
step 00623 (49.3%) | loss: 3.172411 | lrm: 0.72 | dt: 242ms | tok/sec: 542,566 | mfu: 22.3% | epoch: 1 | remaining: 152s    
step 00624 (49.4%) | loss: 3.167221 | lrm: 0.72 | dt: 242ms | tok/sec: 542,457 | mfu: 22.3% | epoch: 1 | remaining: 152s    
step 00625 (49.5%) | loss: 3.167112 | lrm: 0.72 | dt: 242ms | tok/sec: 542,434 | mfu: 22.3% | epoch: 1 | remaining: 151s    
step 00626 (49.5%) | loss: 3.164839 | lrm: 0.72 | dt: 242ms | tok/sec: 542,378 | mfu: 22.3% | epoch: 1 | remaining: 151s    
step 00627 (49.6%) | loss: 3.162509 | lrm: 0.72 | dt: 242ms | tok/sec: 542,736 | mfu: 22.3% | epoch: 1 | remaining: 151s    
step 00628 (49.7%) | loss: 3.158352 | lrm: 0.72 | dt: 242ms | tok/sec: 542,571 | mfu: 22.3% | epoch: 1 | remaining: 151s    
step 00629 (49.8%) | loss: 3.155645 | lrm: 0.72 | dt: 242ms | tok/sec: 542,478 | mfu: 22.3% | epoch: 1 | remaining: 150s    
step 00630 (49.9%) | loss: 3.158768 | lrm: 0.72 | dt: 242ms | tok/sec: 542,493 | mfu: 22.3% | epoch: 1 | remaining: 150s    
step 00631 (49.9%) | loss: 3.156205 | lrm: 0.72 | dt: 242ms | tok/sec: 542,544 | mfu: 22.3% | epoch: 1 | remaining: 150s    
step 00632 (50.0%) | loss: 3.153116 | lrm: 0.71 | dt: 242ms | tok/sec: 542,647 | mfu: 22.3% | epoch: 1 | remaining: 150s    
step 00633 (50.1%) | loss: 3.150706 | lrm: 0.71 | dt: 242ms | tok/sec: 542,503 | mfu: 22.3% | epoch: 1 | remaining: 149s    
step 00634 (50.2%) | loss: 3.149173 | lrm: 0.71 | dt: 242ms | tok/sec: 542,397 | mfu: 22.3% | epoch: 1 | remaining: 149s    
step 00635 (50.3%) | loss: 3.150783 | lrm: 0.71 | dt: 242ms | tok/sec: 541,757 | mfu: 22.3% | epoch: 1 | remaining: 149s    
step 00636 (50.3%) | loss: 3.150943 | lrm: 0.71 | dt: 242ms | tok/sec: 542,387 | mfu: 22.3% | epoch: 1 | remaining: 149s    
step 00637 (50.4%) | loss: 3.153278 | lrm: 0.71 | dt: 242ms | tok/sec: 542,294 | mfu: 22.3% | epoch: 1 | remaining: 148s    
step 00638 (50.5%) | loss: 3.151233 | lrm: 0.71 | dt: 242ms | tok/sec: 542,356 | mfu: 22.3% | epoch: 1 | remaining: 148s    
step 00639 (50.6%) | loss: 3.149612 | lrm: 0.71 | dt: 242ms | tok/sec: 542,629 | mfu: 22.3% | epoch: 1 | remaining: 148s    
step 00640 (50.7%) | loss: 3.146173 | lrm: 0.70 | dt: 242ms | tok/sec: 542,496 | mfu: 22.3% | epoch: 1 | remaining: 148s    
step 00641 (50.7%) | loss: 3.142164 | lrm: 0.70 | dt: 242ms | tok/sec: 542,572 | mfu: 22.3% | epoch: 1 | remaining: 148s    
step 00642 (50.8%) | loss: 3.137424 | lrm: 0.70 | dt: 242ms | tok/sec: 542,399 | mfu: 22.3% | epoch: 1 | remaining: 147s    
step 00643 (50.9%) | loss: 3.136554 | lrm: 0.70 | dt: 242ms | tok/sec: 542,675 | mfu: 22.3% | epoch: 1 | remaining: 147s    
step 00644 (51.0%) | loss: 3.137073 | lrm: 0.70 | dt: 242ms | tok/sec: 542,702 | mfu: 22.3% | epoch: 1 | remaining: 147s    
step 00645 (51.1%) | loss: 3.141181 | lrm: 0.70 | dt: 242ms | tok/sec: 542,440 | mfu: 22.3% | epoch: 1 | remaining: 147s    
step 00646 (51.2%) | loss: 3.137995 | lrm: 0.70 | dt: 242ms | tok/sec: 542,353 | mfu: 22.3% | epoch: 1 | remaining: 146s    
step 00647 (51.2%) | loss: 3.138717 | lrm: 0.70 | dt: 242ms | tok/sec: 542,389 | mfu: 22.3% | epoch: 1 | remaining: 146s    
step 00648 (51.3%) | loss: 3.137563 | lrm: 0.70 | dt: 242ms | tok/sec: 542,679 | mfu: 22.3% | epoch: 1 | remaining: 146s    
step 00649 (51.4%) | loss: 3.139947 | lrm: 0.69 | dt: 242ms | tok/sec: 542,470 | mfu: 22.3% | epoch: 1 | remaining: 146s    
step 00650 (51.5%) | loss: 3.135845 | lrm: 0.69 | dt: 242ms | tok/sec: 542,445 | mfu: 22.3% | epoch: 1 | remaining: 145s    
step 00651 (51.6%) | loss: 3.137821 | lrm: 0.69 | dt: 242ms | tok/sec: 542,447 | mfu: 22.3% | epoch: 1 | remaining: 145s    
step 00652 (51.6%) | loss: 3.142785 | lrm: 0.69 | dt: 242ms | tok/sec: 542,471 | mfu: 22.3% | epoch: 1 | remaining: 145s    
step 00653 (51.7%) | loss: 3.144680 | lrm: 0.69 | dt: 242ms | tok/sec: 542,532 | mfu: 22.3% | epoch: 1 | remaining: 145s    
step 00654 (51.8%) | loss: 3.145380 | lrm: 0.69 | dt: 242ms | tok/sec: 542,589 | mfu: 22.3% | epoch: 1 | remaining: 144s    
step 00655 (51.9%) | loss: 3.138617 | lrm: 0.69 | dt: 242ms | tok/sec: 542,635 | mfu: 22.3% | epoch: 1 | remaining: 144s    
step 00656 (52.0%) | loss: 3.131941 | lrm: 0.69 | dt: 242ms | tok/sec: 542,462 | mfu: 22.3% | epoch: 1 | remaining: 144s    
step 00657 (52.0%) | loss: 3.133649 | lrm: 0.69 | dt: 242ms | tok/sec: 542,427 | mfu: 22.3% | epoch: 1 | remaining: 144s    
step 00658 (52.1%) | loss: 3.134335 | lrm: 0.68 | dt: 242ms | tok/sec: 542,604 | mfu: 22.3% | epoch: 1 | remaining: 143s    
step 00659 (52.2%) | loss: 3.134812 | lrm: 0.68 | dt: 242ms | tok/sec: 542,459 | mfu: 22.3% | epoch: 1 | remaining: 143s    
step 00660 (52.3%) | loss: 3.138290 | lrm: 0.68 | dt: 242ms | tok/sec: 542,451 | mfu: 22.3% | epoch: 1 | remaining: 143s    
step 00661 (52.4%) | loss: 3.138407 | lrm: 0.68 | dt: 242ms | tok/sec: 542,506 | mfu: 22.3% | epoch: 1 | remaining: 143s    
step 00662 (52.4%) | loss: 3.136574 | lrm: 0.68 | dt: 242ms | tok/sec: 542,381 | mfu: 22.3% | epoch: 1 | remaining: 142s    
step 00663 (52.5%) | loss: 3.131860 | lrm: 0.68 | dt: 242ms | tok/sec: 542,532 | mfu: 22.3% | epoch: 1 | remaining: 142s    
step 00664 (52.6%) | loss: 3.138758 | lrm: 0.68 | dt: 242ms | tok/sec: 542,373 | mfu: 22.3% | epoch: 1 | remaining: 142s    
step 00665 (52.7%) | loss: 3.133000 | lrm: 0.68 | dt: 242ms | tok/sec: 542,258 | mfu: 22.3% | epoch: 1 | remaining: 142s    
step 00666 (52.8%) | loss: 3.131767 | lrm: 0.67 | dt: 242ms | tok/sec: 542,192 | mfu: 22.3% | epoch: 1 | remaining: 141s    
step 00667 (52.8%) | loss: 3.131256 | lrm: 0.67 | dt: 242ms | tok/sec: 542,591 | mfu: 22.3% | epoch: 1 | remaining: 141s    
step 00668 (52.9%) | loss: 3.130439 | lrm: 0.67 | dt: 242ms | tok/sec: 542,711 | mfu: 22.3% | epoch: 1 | remaining: 141s    
step 00669 (53.0%) | loss: 3.129124 | lrm: 0.67 | dt: 242ms | tok/sec: 542,345 | mfu: 22.3% | epoch: 1 | remaining: 141s    
step 00670 (53.1%) | loss: 3.129273 | lrm: 0.67 | dt: 242ms | tok/sec: 542,545 | mfu: 22.3% | epoch: 1 | remaining: 141s    
step 00671 (53.2%) | loss: 3.129626 | lrm: 0.67 | dt: 242ms | tok/sec: 542,504 | mfu: 22.3% | epoch: 1 | remaining: 140s    
step 00672 (53.2%) | loss: 3.130439 | lrm: 0.67 | dt: 242ms | tok/sec: 542,614 | mfu: 22.3% | epoch: 1 | remaining: 140s    
step 00673 (53.3%) | loss: 3.127117 | lrm: 0.67 | dt: 242ms | tok/sec: 542,460 | mfu: 22.3% | epoch: 1 | remaining: 140s    
step 00674 (53.4%) | loss: 3.132176 | lrm: 0.67 | dt: 242ms | tok/sec: 541,979 | mfu: 22.3% | epoch: 1 | remaining: 140s    
step 00675 (53.5%) | loss: 3.132049 | lrm: 0.66 | dt: 242ms | tok/sec: 542,458 | mfu: 22.3% | epoch: 1 | remaining: 139s    
step 00676 (53.6%) | loss: 3.130133 | lrm: 0.66 | dt: 242ms | tok/sec: 542,436 | mfu: 22.3% | epoch: 1 | remaining: 139s    
step 00677 (53.6%) | loss: 3.131631 | lrm: 0.66 | dt: 242ms | tok/sec: 542,343 | mfu: 22.3% | epoch: 1 | remaining: 139s    
step 00678 (53.7%) | loss: 3.139787 | lrm: 0.66 | dt: 242ms | tok/sec: 542,462 | mfu: 22.3% | epoch: 1 | remaining: 139s    
step 00679 (53.8%) | loss: 3.142447 | lrm: 0.66 | dt: 242ms | tok/sec: 542,572 | mfu: 22.3% | epoch: 1 | remaining: 138s    
step 00680 (53.9%) | loss: 3.139724 | lrm: 0.66 | dt: 242ms | tok/sec: 542,493 | mfu: 22.3% | epoch: 1 | remaining: 138s    
step 00681 (54.0%) | loss: 3.133678 | lrm: 0.66 | dt: 242ms | tok/sec: 542,469 | mfu: 22.3% | epoch: 1 | remaining: 138s    
step 00682 (54.1%) | loss: 3.138669 | lrm: 0.66 | dt: 242ms | tok/sec: 542,710 | mfu: 22.3% | epoch: 1 | remaining: 138s    
step 00683 (54.1%) | loss: 3.140345 | lrm: 0.66 | dt: 242ms | tok/sec: 542,363 | mfu: 22.3% | epoch: 1 | remaining: 137s    
step 00684 (54.2%) | loss: 3.134076 | lrm: 0.65 | dt: 242ms | tok/sec: 542,408 | mfu: 22.3% | epoch: 1 | remaining: 137s    
step 00685 (54.3%) | loss: 3.128938 | lrm: 0.65 | dt: 242ms | tok/sec: 542,545 | mfu: 22.3% | epoch: 1 | remaining: 137s    
step 00686 (54.4%) | loss: 3.129127 | lrm: 0.65 | dt: 242ms | tok/sec: 542,385 | mfu: 22.3% | epoch: 1 | remaining: 137s    
step 00687 (54.5%) | loss: 3.122024 | lrm: 0.65 | dt: 242ms | tok/sec: 541,951 | mfu: 22.3% | epoch: 1 | remaining: 136s    
step 00688 (54.5%) | loss: 3.127192 | lrm: 0.65 | dt: 242ms | tok/sec: 542,359 | mfu: 22.3% | epoch: 1 | remaining: 136s    
step 00689 (54.6%) | loss: 3.123512 | lrm: 0.65 | dt: 242ms | tok/sec: 542,304 | mfu: 22.3% | epoch: 1 | remaining: 136s    
step 00690 (54.7%) | loss: 3.126634 | lrm: 0.65 | dt: 242ms | tok/sec: 542,270 | mfu: 22.3% | epoch: 1 | remaining: 136s    
step 00691 (54.8%) | loss: 3.129520 | lrm: 0.65 | dt: 242ms | tok/sec: 542,513 | mfu: 22.3% | epoch: 1 | remaining: 135s    
step 00692 (54.9%) | loss: 3.130829 | lrm: 0.64 | dt: 242ms | tok/sec: 542,530 | mfu: 22.3% | epoch: 1 | remaining: 135s    
step 00693 (54.9%) | loss: 3.130269 | lrm: 0.64 | dt: 242ms | tok/sec: 542,703 | mfu: 22.3% | epoch: 1 | remaining: 135s    
step 00694 (55.0%) | loss: 3.130497 | lrm: 0.64 | dt: 242ms | tok/sec: 542,371 | mfu: 22.3% | epoch: 1 | remaining: 135s    
step 00695 (55.1%) | loss: 3.128633 | lrm: 0.64 | dt: 242ms | tok/sec: 542,517 | mfu: 22.3% | epoch: 1 | remaining: 134s    
step 00696 (55.2%) | loss: 3.122546 | lrm: 0.64 | dt: 242ms | tok/sec: 542,460 | mfu: 22.3% | epoch: 1 | remaining: 134s    
step 00697 (55.3%) | loss: 3.124581 | lrm: 0.64 | dt: 242ms | tok/sec: 542,579 | mfu: 22.3% | epoch: 1 | remaining: 134s    
step 00698 (55.3%) | loss: 3.120247 | lrm: 0.64 | dt: 242ms | tok/sec: 542,305 | mfu: 22.3% | epoch: 1 | remaining: 134s    
step 00699 (55.4%) | loss: 3.121036 | lrm: 0.64 | dt: 242ms | tok/sec: 542,571 | mfu: 22.3% | epoch: 1 | remaining: 133s    
step 00700 (55.5%) | loss: 3.122629 | lrm: 0.64 | dt: 242ms | tok/sec: 542,488 | mfu: 22.3% | epoch: 1 | remaining: 133s    
step 00701 (55.6%) | loss: 3.122370 | lrm: 0.63 | dt: 242ms | tok/sec: 542,386 | mfu: 22.3% | epoch: 1 | remaining: 133s    
step 00702 (55.7%) | loss: 3.120366 | lrm: 0.63 | dt: 242ms | tok/sec: 542,351 | mfu: 22.3% | epoch: 1 | remaining: 133s    
step 00703 (55.7%) | loss: 3.109615 | lrm: 0.63 | dt: 242ms | tok/sec: 542,355 | mfu: 22.3% | epoch: 1 | remaining: 133s    
step 00704 (55.8%) | loss: 3.108175 | lrm: 0.63 | dt: 242ms | tok/sec: 542,740 | mfu: 22.3% | epoch: 1 | remaining: 132s    
step 00705 (55.9%) | loss: 3.106595 | lrm: 0.63 | dt: 242ms | tok/sec: 542,547 | mfu: 22.3% | epoch: 1 | remaining: 132s    
step 00706 (56.0%) | loss: 3.117808 | lrm: 0.63 | dt: 242ms | tok/sec: 542,390 | mfu: 22.3% | epoch: 1 | remaining: 132s    
step 00707 (56.1%) | loss: 3.117846 | lrm: 0.63 | dt: 242ms | tok/sec: 542,666 | mfu: 22.3% | epoch: 1 | remaining: 132s    
step 00708 (56.1%) | loss: 3.119586 | lrm: 0.63 | dt: 242ms | tok/sec: 542,481 | mfu: 22.3% | epoch: 1 | remaining: 131s    
step 00709 (56.2%) | loss: 3.117755 | lrm: 0.63 | dt: 242ms | tok/sec: 542,428 | mfu: 22.3% | epoch: 1 | remaining: 131s    
step 00710 (56.3%) | loss: 3.112157 | lrm: 0.62 | dt: 242ms | tok/sec: 542,346 | mfu: 22.3% | epoch: 1 | remaining: 131s    
step 00711 (56.4%) | loss: 3.101799 | lrm: 0.62 | dt: 242ms | tok/sec: 542,602 | mfu: 22.3% | epoch: 1 | remaining: 131s    
step 00712 (56.5%) | loss: 3.103496 | lrm: 0.62 | dt: 242ms | tok/sec: 542,192 | mfu: 22.3% | epoch: 1 | remaining: 130s    
step 00713 (56.5%) | loss: 3.103120 | lrm: 0.62 | dt: 242ms | tok/sec: 542,294 | mfu: 22.3% | epoch: 1 | remaining: 130s    
step 00714 (56.6%) | loss: 3.098024 | lrm: 0.62 | dt: 242ms | tok/sec: 542,239 | mfu: 22.3% | epoch: 1 | remaining: 130s    
step 00715 (56.7%) | loss: 3.102377 | lrm: 0.62 | dt: 242ms | tok/sec: 542,375 | mfu: 22.3% | epoch: 1 | remaining: 130s    
step 00716 (56.8%) | loss: 3.108389 | lrm: 0.62 | dt: 242ms | tok/sec: 542,592 | mfu: 22.3% | epoch: 1 | remaining: 129s    
step 00717 (56.9%) | loss: 3.107958 | lrm: 0.62 | dt: 242ms | tok/sec: 542,465 | mfu: 22.3% | epoch: 1 | remaining: 129s    
step 00718 (57.0%) | loss: 3.109973 | lrm: 0.61 | dt: 242ms | tok/sec: 542,599 | mfu: 22.3% | epoch: 1 | remaining: 129s    
step 00719 (57.0%) | loss: 3.105469 | lrm: 0.61 | dt: 242ms | tok/sec: 542,417 | mfu: 22.3% | epoch: 1 | remaining: 129s    
step 00720 (57.1%) | loss: 3.105519 | lrm: 0.61 | dt: 242ms | tok/sec: 542,435 | mfu: 22.3% | epoch: 1 | remaining: 128s    
step 00721 (57.2%) | loss: 3.102334 | lrm: 0.61 | dt: 242ms | tok/sec: 542,451 | mfu: 22.3% | epoch: 1 | remaining: 128s    
step 00722 (57.3%) | loss: 3.094740 | lrm: 0.61 | dt: 242ms | tok/sec: 542,399 | mfu: 22.3% | epoch: 1 | remaining: 128s    
step 00723 (57.4%) | loss: 3.088395 | lrm: 0.61 | dt: 242ms | tok/sec: 542,549 | mfu: 22.3% | epoch: 1 | remaining: 128s    
step 00724 (57.4%) | loss: 3.092998 | lrm: 0.61 | dt: 241ms | tok/sec: 542,779 | mfu: 22.3% | epoch: 1 | remaining: 127s    
step 00725 (57.5%) | loss: 3.092692 | lrm: 0.61 | dt: 242ms | tok/sec: 542,617 | mfu: 22.3% | epoch: 1 | remaining: 127s    
step 00726 (57.6%) | loss: 3.085749 | lrm: 0.61 | dt: 242ms | tok/sec: 542,355 | mfu: 22.3% | epoch: 1 | remaining: 127s    
step 00727 (57.7%) | loss: 3.087442 | lrm: 0.60 | dt: 242ms | tok/sec: 542,453 | mfu: 22.3% | epoch: 1 | remaining: 127s    
step 00728 (57.8%) | loss: 3.086251 | lrm: 0.60 | dt: 242ms | tok/sec: 542,399 | mfu: 22.3% | epoch: 1 | remaining: 126s    
step 00729 (57.8%) | loss: 3.084571 | lrm: 0.60 | dt: 242ms | tok/sec: 542,504 | mfu: 22.3% | epoch: 1 | remaining: 126s    
step 00730 (57.9%) | loss: 3.088037 | lrm: 0.60 | dt: 242ms | tok/sec: 542,246 | mfu: 22.3% | epoch: 1 | remaining: 126s    
step 00731 (58.0%) | loss: 3.088271 | lrm: 0.60 | dt: 242ms | tok/sec: 542,386 | mfu: 22.3% | epoch: 1 | remaining: 126s    
step 00732 (58.1%) | loss: 3.082474 | lrm: 0.60 | dt: 242ms | tok/sec: 542,328 | mfu: 22.3% | epoch: 1 | remaining: 126s    
step 00733 (58.2%) | loss: 3.077502 | lrm: 0.60 | dt: 242ms | tok/sec: 542,511 | mfu: 22.3% | epoch: 1 | remaining: 125s    
step 00734 (58.2%) | loss: 3.083764 | lrm: 0.60 | dt: 242ms | tok/sec: 542,361 | mfu: 22.3% | epoch: 1 | remaining: 125s    
step 00735 (58.3%) | loss: 3.080898 | lrm: 0.60 | dt: 242ms | tok/sec: 542,675 | mfu: 22.3% | epoch: 1 | remaining: 125s    
step 00736 (58.4%) | loss: 3.078136 | lrm: 0.59 | dt: 242ms | tok/sec: 542,651 | mfu: 22.3% | epoch: 1 | remaining: 125s    
step 00737 (58.5%) | loss: 3.072388 | lrm: 0.59 | dt: 242ms | tok/sec: 542,438 | mfu: 22.3% | epoch: 1 | remaining: 124s    
step 00738 (58.6%) | loss: 3.066412 | lrm: 0.59 | dt: 242ms | tok/sec: 542,627 | mfu: 22.3% | epoch: 1 | remaining: 124s    
step 00739 (58.6%) | loss: 3.062626 | lrm: 0.59 | dt: 242ms | tok/sec: 542,427 | mfu: 22.3% | epoch: 1 | remaining: 124s    
step 00740 (58.7%) | loss: 3.061413 | lrm: 0.59 | dt: 242ms | tok/sec: 542,612 | mfu: 22.3% | epoch: 1 | remaining: 124s    
step 00741 (58.8%) | loss: 3.069040 | lrm: 0.59 | dt: 242ms | tok/sec: 542,343 | mfu: 22.3% | epoch: 1 | remaining: 123s    
step 00742 (58.9%) | loss: 3.075700 | lrm: 0.59 | dt: 242ms | tok/sec: 542,579 | mfu: 22.3% | epoch: 1 | remaining: 123s    
step 00743 (59.0%) | loss: 3.077784 | lrm: 0.59 | dt: 242ms | tok/sec: 542,444 | mfu: 22.3% | epoch: 1 | remaining: 123s    
step 00744 (59.0%) | loss: 3.075924 | lrm: 0.59 | dt: 242ms | tok/sec: 542,512 | mfu: 22.3% | epoch: 1 | remaining: 123s    
step 00745 (59.1%) | loss: 3.074406 | lrm: 0.58 | dt: 242ms | tok/sec: 542,398 | mfu: 22.3% | epoch: 1 | remaining: 122s    
step 00746 (59.2%) | loss: 3.073737 | lrm: 0.58 | dt: 242ms | tok/sec: 542,538 | mfu: 22.3% | epoch: 1 | remaining: 122s    
step 00747 (59.3%) | loss: 3.074336 | lrm: 0.58 | dt: 242ms | tok/sec: 542,396 | mfu: 22.3% | epoch: 1 | remaining: 122s    
step 00748 (59.4%) | loss: 3.075406 | lrm: 0.58 | dt: 242ms | tok/sec: 542,494 | mfu: 22.3% | epoch: 1 | remaining: 122s    
step 00749 (59.4%) | loss: 3.067785 | lrm: 0.58 | dt: 242ms | tok/sec: 542,321 | mfu: 22.3% | epoch: 1 | remaining: 121s    
step 00750 (59.5%) | loss: 3.070049 | lrm: 0.58 | dt: 242ms | tok/sec: 542,551 | mfu: 22.3% | epoch: 1 | remaining: 121s    
step 00751 (59.6%) | loss: 3.063047 | lrm: 0.58 | dt: 242ms | tok/sec: 542,331 | mfu: 22.3% | epoch: 1 | remaining: 121s    
step 00752 (59.7%) | loss: 3.066473 | lrm: 0.58 | dt: 242ms | tok/sec: 542,557 | mfu: 22.3% | epoch: 1 | remaining: 121s    
step 00753 (59.8%) | loss: 3.061940 | lrm: 0.57 | dt: 242ms | tok/sec: 542,471 | mfu: 22.3% | epoch: 1 | remaining: 120s    
step 00754 (59.8%) | loss: 3.061554 | lrm: 0.57 | dt: 242ms | tok/sec: 542,394 | mfu: 22.3% | epoch: 1 | remaining: 120s    
step 00755 (59.9%) | loss: 3.055583 | lrm: 0.57 | dt: 242ms | tok/sec: 542,546 | mfu: 22.3% | epoch: 1 | remaining: 120s    
step 00756 (60.0%) | loss: 3.057790 | lrm: 0.57 | dt: 242ms | tok/sec: 542,411 | mfu: 22.3% | epoch: 1 | remaining: 120s    
step 00757 (60.1%) | loss: 3.061768 | lrm: 0.57 | dt: 242ms | tok/sec: 542,610 | mfu: 22.3% | epoch: 1 | remaining: 119s    
step 00758 (60.2%) | loss: 3.066268 | lrm: 0.57 | dt: 242ms | tok/sec: 542,390 | mfu: 22.3% | epoch: 1 | remaining: 119s    
step 00759 (60.3%) | loss: 3.075751 | lrm: 0.57 | dt: 242ms | tok/sec: 542,649 | mfu: 22.3% | epoch: 1 | remaining: 119s    
step 00760 (60.3%) | loss: 3.075645 | lrm: 0.57 | dt: 242ms | tok/sec: 542,323 | mfu: 22.3% | epoch: 1 | remaining: 119s    
step 00761 (60.4%) | loss: 3.074279 | lrm: 0.57 | dt: 242ms | tok/sec: 542,368 | mfu: 22.3% | epoch: 1 | remaining: 119s    
step 00762 (60.5%) | loss: 3.079139 | lrm: 0.56 | dt: 242ms | tok/sec: 542,603 | mfu: 22.3% | epoch: 1 | remaining: 118s    
step 00763 (60.6%) | loss: 3.078786 | lrm: 0.56 | dt: 242ms | tok/sec: 542,526 | mfu: 22.3% | epoch: 1 | remaining: 118s    
step 00764 (60.7%) | loss: 3.081167 | lrm: 0.56 | dt: 242ms | tok/sec: 542,429 | mfu: 22.3% | epoch: 1 | remaining: 118s    
step 00765 (60.7%) | loss: 3.079559 | lrm: 0.56 | dt: 242ms | tok/sec: 541,858 | mfu: 22.3% | epoch: 1 | remaining: 118s    
step 00766 (60.8%) | loss: 3.084231 | lrm: 0.56 | dt: 242ms | tok/sec: 542,282 | mfu: 22.3% | epoch: 1 | remaining: 117s    
step 00767 (60.9%) | loss: 3.080455 | lrm: 0.56 | dt: 242ms | tok/sec: 542,517 | mfu: 22.3% | epoch: 1 | remaining: 117s    
step 00768 (61.0%) | loss: 3.079548 | lrm: 0.56 | dt: 242ms | tok/sec: 542,390 | mfu: 22.3% | epoch: 1 | remaining: 117s    
step 00769 (61.1%) | loss: 3.082522 | lrm: 0.56 | dt: 242ms | tok/sec: 542,418 | mfu: 22.3% | epoch: 1 | remaining: 117s    
step 00770 (61.1%) | loss: 3.080618 | lrm: 0.56 | dt: 242ms | tok/sec: 542,498 | mfu: 22.3% | epoch: 1 | remaining: 116s    
step 00771 (61.2%) | loss: 3.081367 | lrm: 0.55 | dt: 242ms | tok/sec: 542,445 | mfu: 22.3% | epoch: 1 | remaining: 116s    
step 00772 (61.3%) | loss: 3.072068 | lrm: 0.55 | dt: 242ms | tok/sec: 542,185 | mfu: 22.3% | epoch: 1 | remaining: 116s    
step 00773 (61.4%) | loss: 3.071016 | lrm: 0.55 | dt: 242ms | tok/sec: 542,469 | mfu: 22.3% | epoch: 1 | remaining: 116s    
step 00774 (61.5%) | loss: 3.068451 | lrm: 0.55 | dt: 242ms | tok/sec: 542,585 | mfu: 22.3% | epoch: 1 | remaining: 115s    
step 00775 (61.5%) | loss: 3.072722 | lrm: 0.55 | dt: 242ms | tok/sec: 542,698 | mfu: 22.3% | epoch: 1 | remaining: 115s    
step 00776 (61.6%) | loss: 3.067675 | lrm: 0.55 | dt: 242ms | tok/sec: 542,620 | mfu: 22.3% | epoch: 1 | remaining: 115s    
step 00777 (61.7%) | loss: 3.064425 | lrm: 0.55 | dt: 242ms | tok/sec: 542,445 | mfu: 22.3% | epoch: 1 | remaining: 115s    
step 00778 (61.8%) | loss: 3.060519 | lrm: 0.55 | dt: 242ms | tok/sec: 542,019 | mfu: 22.3% | epoch: 1 | remaining: 114s    
step 00779 (61.9%) | loss: 3.054449 | lrm: 0.54 | dt: 242ms | tok/sec: 542,489 | mfu: 22.3% | epoch: 1 | remaining: 114s    
step 00780 (61.9%) | loss: 3.062278 | lrm: 0.54 | dt: 242ms | tok/sec: 542,480 | mfu: 22.3% | epoch: 1 | remaining: 114s    
step 00781 (62.0%) | loss: 3.059895 | lrm: 0.54 | dt: 242ms | tok/sec: 542,358 | mfu: 22.3% | epoch: 1 | remaining: 114s    
step 00782 (62.1%) | loss: 3.057104 | lrm: 0.54 | dt: 242ms | tok/sec: 542,555 | mfu: 22.3% | epoch: 1 | remaining: 113s    
step 00783 (62.2%) | loss: 3.062412 | lrm: 0.54 | dt: 242ms | tok/sec: 542,517 | mfu: 22.3% | epoch: 1 | remaining: 113s    
step 00784 (62.3%) | loss: 3.065232 | lrm: 0.54 | dt: 242ms | tok/sec: 542,603 | mfu: 22.3% | epoch: 1 | remaining: 113s    
step 00785 (62.3%) | loss: 3.060041 | lrm: 0.54 | dt: 242ms | tok/sec: 542,345 | mfu: 22.3% | epoch: 1 | remaining: 113s    
step 00786 (62.4%) | loss: 3.063007 | lrm: 0.54 | dt: 242ms | tok/sec: 542,679 | mfu: 22.3% | epoch: 1 | remaining: 112s    
step 00787 (62.5%) | loss: 3.064413 | lrm: 0.54 | dt: 242ms | tok/sec: 542,463 | mfu: 22.3% | epoch: 1 | remaining: 112s    
step 00788 (62.6%) | loss: 3.061840 | lrm: 0.53 | dt: 242ms | tok/sec: 542,318 | mfu: 22.3% | epoch: 1 | remaining: 112s    
step 00789 (62.7%) | loss: 3.062400 | lrm: 0.53 | dt: 242ms | tok/sec: 542,514 | mfu: 22.3% | epoch: 1 | remaining: 112s    
step 00790 (62.7%) | loss: 3.064044 | lrm: 0.53 | dt: 242ms | tok/sec: 542,363 | mfu: 22.3% | epoch: 1 | remaining: 112s    
step 00791 (62.8%) | loss: 3.062412 | lrm: 0.53 | dt: 242ms | tok/sec: 542,419 | mfu: 22.3% | epoch: 1 | remaining: 111s    
step 00792 (62.9%) | loss: 3.061304 | lrm: 0.53 | dt: 242ms | tok/sec: 542,366 | mfu: 22.3% | epoch: 1 | remaining: 111s    
step 00793 (63.0%) | loss: 3.067583 | lrm: 0.53 | dt: 242ms | tok/sec: 542,217 | mfu: 22.3% | epoch: 1 | remaining: 111s    
step 00794 (63.1%) | loss: 3.066456 | lrm: 0.53 | dt: 242ms | tok/sec: 542,259 | mfu: 22.3% | epoch: 1 | remaining: 111s    
step 00795 (63.2%) | loss: 3.050166 | lrm: 0.53 | dt: 242ms | tok/sec: 542,540 | mfu: 22.3% | epoch: 1 | remaining: 110s    
step 00796 (63.2%) | loss: 3.044432 | lrm: 0.53 | dt: 242ms | tok/sec: 542,558 | mfu: 22.3% | epoch: 1 | remaining: 110s    
step 00797 (63.3%) | loss: 3.045958 | lrm: 0.52 | dt: 242ms | tok/sec: 542,561 | mfu: 22.3% | epoch: 1 | remaining: 110s    
step 00798 (63.4%) | loss: 3.047954 | lrm: 0.52 | dt: 242ms | tok/sec: 542,509 | mfu: 22.3% | epoch: 1 | remaining: 110s    
step 00799 (63.5%) | loss: 3.044508 | lrm: 0.52 | dt: 242ms | tok/sec: 542,513 | mfu: 22.3% | epoch: 1 | remaining: 109s    
step 00800 (63.6%) | loss: 3.044101 | lrm: 0.52 | dt: 242ms | tok/sec: 542,386 | mfu: 22.3% | epoch: 1 | remaining: 109s    
step 00801 (63.6%) | loss: 3.042222 | lrm: 0.52 | dt: 241ms | tok/sec: 542,801 | mfu: 22.3% | epoch: 1 | remaining: 109s    
step 00802 (63.7%) | loss: 3.042675 | lrm: 0.52 | dt: 242ms | tok/sec: 542,647 | mfu: 22.3% | epoch: 1 | remaining: 109s    
step 00803 (63.8%) | loss: 3.042838 | lrm: 0.52 | dt: 242ms | tok/sec: 542,594 | mfu: 22.3% | epoch: 1 | remaining: 108s    
step 00804 (63.9%) | loss: 3.044101 | lrm: 0.52 | dt: 242ms | tok/sec: 542,468 | mfu: 22.3% | epoch: 1 | remaining: 108s    
step 00805 (64.0%) | loss: 3.047466 | lrm: 0.51 | dt: 242ms | tok/sec: 542,373 | mfu: 22.3% | epoch: 1 | remaining: 108s    
step 00806 (64.0%) | loss: 3.045880 | lrm: 0.51 | dt: 242ms | tok/sec: 542,633 | mfu: 22.3% | epoch: 1 | remaining: 108s    
step 00807 (64.1%) | loss: 3.048837 | lrm: 0.51 | dt: 242ms | tok/sec: 542,464 | mfu: 22.3% | epoch: 1 | remaining: 107s    
step 00808 (64.2%) | loss: 3.052295 | lrm: 0.51 | dt: 242ms | tok/sec: 542,502 | mfu: 22.3% | epoch: 1 | remaining: 107s    
step 00809 (64.3%) | loss: 3.047503 | lrm: 0.51 | dt: 242ms | tok/sec: 542,270 | mfu: 22.3% | epoch: 1 | remaining: 107s    
step 00810 (64.4%) | loss: 3.046918 | lrm: 0.51 | dt: 242ms | tok/sec: 542,708 | mfu: 22.3% | epoch: 1 | remaining: 107s    
step 00811 (64.4%) | loss: 3.051523 | lrm: 0.51 | dt: 242ms | tok/sec: 542,591 | mfu: 22.3% | epoch: 1 | remaining: 106s    
step 00812 (64.5%) | loss: 3.049276 | lrm: 0.51 | dt: 242ms | tok/sec: 542,395 | mfu: 22.3% | epoch: 1 | remaining: 106s    
step 00813 (64.6%) | loss: 3.047593 | lrm: 0.51 | dt: 242ms | tok/sec: 542,401 | mfu: 22.3% | epoch: 1 | remaining: 106s    
step 00814 (64.7%) | loss: 3.046677 | lrm: 0.50 | dt: 242ms | tok/sec: 542,166 | mfu: 22.3% | epoch: 1 | remaining: 106s    
step 00815 (64.8%) | loss: 3.044859 | lrm: 0.50 | dt: 242ms | tok/sec: 542,451 | mfu: 22.3% | epoch: 1 | remaining: 105s    
step 00816 (64.8%) | loss: 3.047893 | lrm: 0.50 | dt: 242ms | tok/sec: 542,209 | mfu: 22.3% | epoch: 1 | remaining: 105s    
step 00817 (64.9%) | loss: 3.042594 | lrm: 0.50 | dt: 242ms | tok/sec: 542,543 | mfu: 22.3% | epoch: 1 | remaining: 105s    
step 00818 (65.0%) | loss: 3.035912 | lrm: 0.50 | dt: 242ms | tok/sec: 542,460 | mfu: 22.3% | epoch: 1 | remaining: 105s    
step 00819 (65.1%) | loss: 3.038663 | lrm: 0.50 | dt: 242ms | tok/sec: 542,401 | mfu: 22.3% | epoch: 1 | remaining: 105s    
step 00820 (65.2%) | loss: 3.037570 | lrm: 0.50 | dt: 242ms | tok/sec: 542,513 | mfu: 22.3% | epoch: 1 | remaining: 104s    
step 00821 (65.2%) | loss: 3.038858 | lrm: 0.50 | dt: 242ms | tok/sec: 542,417 | mfu: 22.3% | epoch: 1 | remaining: 104s    
step 00822 (65.3%) | loss: 3.029667 | lrm: 0.50 | dt: 242ms | tok/sec: 542,553 | mfu: 22.3% | epoch: 1 | remaining: 104s    
step 00823 (65.4%) | loss: 3.022931 | lrm: 0.49 | dt: 242ms | tok/sec: 542,508 | mfu: 22.3% | epoch: 1 | remaining: 104s    
step 00824 (65.5%) | loss: 3.023452 | lrm: 0.49 | dt: 242ms | tok/sec: 542,412 | mfu: 22.3% | epoch: 1 | remaining: 103s    
step 00825 (65.6%) | loss: 3.029143 | lrm: 0.49 | dt: 242ms | tok/sec: 542,620 | mfu: 22.3% | epoch: 1 | remaining: 103s    
step 00826 (65.6%) | loss: 3.026927 | lrm: 0.49 | dt: 242ms | tok/sec: 542,602 | mfu: 22.3% | epoch: 1 | remaining: 103s    
step 00827 (65.7%) | loss: 3.027382 | lrm: 0.49 | dt: 242ms | tok/sec: 542,373 | mfu: 22.3% | epoch: 1 | remaining: 103s    
step 00828 (65.8%) | loss: 3.025397 | lrm: 0.49 | dt: 242ms | tok/sec: 542,645 | mfu: 22.3% | epoch: 1 | remaining: 102s    
step 00829 (65.9%) | loss: 3.026391 | lrm: 0.49 | dt: 242ms | tok/sec: 542,285 | mfu: 22.3% | epoch: 1 | remaining: 102s    
step 00830 (66.0%) | loss: 3.027611 | lrm: 0.49 | dt: 242ms | tok/sec: 542,573 | mfu: 22.3% | epoch: 1 | remaining: 102s    
step 00831 (66.1%) | loss: 3.025694 | lrm: 0.48 | dt: 242ms | tok/sec: 542,578 | mfu: 22.3% | epoch: 1 | remaining: 102s    
step 00832 (66.1%) | loss: 3.021735 | lrm: 0.48 | dt: 242ms | tok/sec: 542,482 | mfu: 22.3% | epoch: 1 | remaining: 101s    
step 00833 (66.2%) | loss: 3.025723 | lrm: 0.48 | dt: 242ms | tok/sec: 542,506 | mfu: 22.3% | epoch: 1 | remaining: 101s    
step 00834 (66.3%) | loss: 3.029880 | lrm: 0.48 | dt: 242ms | tok/sec: 542,423 | mfu: 22.3% | epoch: 1 | remaining: 101s    
step 00835 (66.4%) | loss: 3.028953 | lrm: 0.48 | dt: 242ms | tok/sec: 542,340 | mfu: 22.3% | epoch: 1 | remaining: 101s    
step 00836 (66.5%) | loss: 3.026821 | lrm: 0.48 | dt: 242ms | tok/sec: 542,671 | mfu: 22.3% | epoch: 1 | remaining: 100s    
step 00837 (66.5%) | loss: 3.029234 | lrm: 0.48 | dt: 242ms | tok/sec: 542,447 | mfu: 22.3% | epoch: 1 | remaining: 100s    
step 00838 (66.6%) | loss: 3.023698 | lrm: 0.48 | dt: 242ms | tok/sec: 542,602 | mfu: 22.3% | epoch: 1 | remaining: 100s    
step 00839 (66.7%) | loss: 3.025384 | lrm: 0.48 | dt: 242ms | tok/sec: 542,650 | mfu: 22.3% | epoch: 1 | remaining: 100s    
step 00840 (66.8%) | loss: 3.027738 | lrm: 0.47 | dt: 242ms | tok/sec: 542,488 | mfu: 22.3% | epoch: 1 | remaining: 99s    
step 00841 (66.9%) | loss: 3.027825 | lrm: 0.47 | dt: 242ms | tok/sec: 542,213 | mfu: 22.3% | epoch: 1 | remaining: 99s    
step 00842 (66.9%) | loss: 3.027660 | lrm: 0.47 | dt: 242ms | tok/sec: 542,266 | mfu: 22.3% | epoch: 1 | remaining: 99s    
step 00843 (67.0%) | loss: 3.018383 | lrm: 0.47 | dt: 242ms | tok/sec: 542,163 | mfu: 22.3% | epoch: 1 | remaining: 99s    
step 00844 (67.1%) | loss: 3.020835 | lrm: 0.47 | dt: 242ms | tok/sec: 542,247 | mfu: 22.3% | epoch: 1 | remaining: 98s    
step 00845 (67.2%) | loss: 3.017477 | lrm: 0.47 | dt: 242ms | tok/sec: 542,346 | mfu: 22.3% | epoch: 1 | remaining: 98s    
step 00846 (67.3%) | loss: 3.022878 | lrm: 0.47 | dt: 242ms | tok/sec: 542,206 | mfu: 22.3% | epoch: 1 | remaining: 98s    
step 00847 (67.3%) | loss: 3.029271 | lrm: 0.47 | dt: 242ms | tok/sec: 542,382 | mfu: 22.3% | epoch: 1 | remaining: 98s    
step 00848 (67.4%) | loss: 3.033667 | lrm: 0.47 | dt: 242ms | tok/sec: 542,591 | mfu: 22.3% | epoch: 1 | remaining: 97s    
step 00849 (67.5%) | loss: 3.033595 | lrm: 0.46 | dt: 242ms | tok/sec: 542,387 | mfu: 22.3% | epoch: 1 | remaining: 97s    
step 00850 (67.6%) | loss: 3.029284 | lrm: 0.46 | dt: 242ms | tok/sec: 542,353 | mfu: 22.3% | epoch: 1 | remaining: 97s    
step 00851 (67.7%) | loss: 3.022913 | lrm: 0.46 | dt: 242ms | tok/sec: 542,610 | mfu: 22.3% | epoch: 1 | remaining: 97s    
step 00852 (67.7%) | loss: 3.022195 | lrm: 0.46 | dt: 242ms | tok/sec: 542,514 | mfu: 22.3% | epoch: 1 | remaining: 97s    
step 00853 (67.8%) | loss: 3.022157 | lrm: 0.46 | dt: 242ms | tok/sec: 542,571 | mfu: 22.3% | epoch: 1 | remaining: 96s    
step 00854 (67.9%) | loss: 3.019762 | lrm: 0.46 | dt: 242ms | tok/sec: 542,252 | mfu: 22.3% | epoch: 1 | remaining: 96s    
step 00855 (68.0%) | loss: 3.014059 | lrm: 0.46 | dt: 242ms | tok/sec: 542,542 | mfu: 22.3% | epoch: 1 | remaining: 96s    
step 00856 (68.1%) | loss: 3.005792 | lrm: 0.46 | dt: 242ms | tok/sec: 542,612 | mfu: 22.3% | epoch: 1 | remaining: 96s    
step 00857 (68.1%) | loss: 3.007876 | lrm: 0.46 | dt: 242ms | tok/sec: 542,445 | mfu: 22.3% | epoch: 1 | remaining: 95s    
step 00858 (68.2%) | loss: 3.005813 | lrm: 0.45 | dt: 242ms | tok/sec: 542,721 | mfu: 22.3% | epoch: 1 | remaining: 95s    
step 00859 (68.3%) | loss: 3.004510 | lrm: 0.45 | dt: 242ms | tok/sec: 542,360 | mfu: 22.3% | epoch: 1 | remaining: 95s    
step 00860 (68.4%) | loss: 3.006161 | lrm: 0.45 | dt: 242ms | tok/sec: 542,565 | mfu: 22.3% | epoch: 1 | remaining: 95s    
step 00861 (68.5%) | loss: 3.010324 | lrm: 0.45 | dt: 242ms | tok/sec: 542,454 | mfu: 22.3% | epoch: 1 | remaining: 94s    
step 00862 (68.5%) | loss: 3.006985 | lrm: 0.45 | dt: 242ms | tok/sec: 542,477 | mfu: 22.3% | epoch: 1 | remaining: 94s    
step 00863 (68.6%) | loss: 3.008020 | lrm: 0.45 | dt: 242ms | tok/sec: 542,434 | mfu: 22.3% | epoch: 1 | remaining: 94s    
step 00864 (68.7%) | loss: 3.005651 | lrm: 0.45 | dt: 242ms | tok/sec: 542,554 | mfu: 22.3% | epoch: 1 | remaining: 94s    
step 00865 (68.8%) | loss: 3.000856 | lrm: 0.45 | dt: 242ms | tok/sec: 542,423 | mfu: 22.3% | epoch: 1 | remaining: 93s    
step 00866 (68.9%) | loss: 3.004572 | lrm: 0.44 | dt: 242ms | tok/sec: 542,651 | mfu: 22.3% | epoch: 1 | remaining: 93s    
step 00867 (69.0%) | loss: 3.007700 | lrm: 0.44 | dt: 242ms | tok/sec: 542,460 | mfu: 22.3% | epoch: 1 | remaining: 93s    
step 00868 (69.0%) | loss: 3.009951 | lrm: 0.44 | dt: 242ms | tok/sec: 542,679 | mfu: 22.3% | epoch: 1 | remaining: 93s    
step 00869 (69.1%) | loss: 3.013988 | lrm: 0.44 | dt: 242ms | tok/sec: 542,290 | mfu: 22.3% | epoch: 1 | remaining: 92s    
step 00870 (69.2%) | loss: 3.010404 | lrm: 0.44 | dt: 242ms | tok/sec: 542,529 | mfu: 22.3% | epoch: 1 | remaining: 92s    
step 00871 (69.3%) | loss: 3.018957 | lrm: 0.44 | dt: 242ms | tok/sec: 542,715 | mfu: 22.3% | epoch: 1 | remaining: 92s    
step 00872 (69.4%) | loss: 3.021570 | lrm: 0.44 | dt: 242ms | tok/sec: 542,303 | mfu: 22.3% | epoch: 1 | remaining: 92s    
step 00873 (69.4%) | loss: 3.014966 | lrm: 0.44 | dt: 242ms | tok/sec: 542,504 | mfu: 22.3% | epoch: 1 | remaining: 91s    
step 00874 (69.5%) | loss: 3.011879 | lrm: 0.44 | dt: 242ms | tok/sec: 542,415 | mfu: 22.3% | epoch: 1 | remaining: 91s    
step 00875 (69.6%) | loss: 3.012699 | lrm: 0.43 | dt: 242ms | tok/sec: 542,402 | mfu: 22.3% | epoch: 1 | remaining: 91s    
step 00876 (69.7%) | loss: 3.018921 | lrm: 0.43 | dt: 242ms | tok/sec: 542,533 | mfu: 22.3% | epoch: 1 | remaining: 91s    
step 00877 (69.8%) | loss: 3.013766 | lrm: 0.43 | dt: 242ms | tok/sec: 542,367 | mfu: 22.3% | epoch: 1 | remaining: 90s    
step 00878 (69.8%) | loss: 3.013245 | lrm: 0.43 | dt: 242ms | tok/sec: 542,212 | mfu: 22.3% | epoch: 1 | remaining: 90s    
step 00879 (69.9%) | loss: 3.014840 | lrm: 0.43 | dt: 242ms | tok/sec: 542,401 | mfu: 22.3% | epoch: 1 | remaining: 90s    
step 00880 (70.0%) | loss: 3.014756 | lrm: 0.43 | dt: 242ms | tok/sec: 542,687 | mfu: 22.3% | epoch: 1 | remaining: 90s    
step 00881 (70.1%) | loss: 3.015570 | lrm: 0.43 | dt: 242ms | tok/sec: 542,461 | mfu: 22.3% | epoch: 1 | remaining: 90s    
step 00882 (70.2%) | loss: 3.012393 | lrm: 0.43 | dt: 242ms | tok/sec: 542,468 | mfu: 22.3% | epoch: 1 | remaining: 89s    
step 00883 (70.2%) | loss: 3.021951 | lrm: 0.43 | dt: 242ms | tok/sec: 542,438 | mfu: 22.3% | epoch: 1 | remaining: 89s    
step 00884 (70.3%) | loss: 3.019912 | lrm: 0.42 | dt: 242ms | tok/sec: 542,272 | mfu: 22.3% | epoch: 1 | remaining: 89s    
step 00885 (70.4%) | loss: 3.023044 | lrm: 0.42 | dt: 242ms | tok/sec: 542,593 | mfu: 22.3% | epoch: 1 | remaining: 89s    
step 00886 (70.5%) | loss: 3.026386 | lrm: 0.42 | dt: 242ms | tok/sec: 542,360 | mfu: 22.3% | epoch: 1 | remaining: 88s    
step 00887 (70.6%) | loss: 3.028012 | lrm: 0.42 | dt: 242ms | tok/sec: 542,515 | mfu: 22.3% | epoch: 1 | remaining: 88s    
step 00888 (70.6%) | loss: 3.017710 | lrm: 0.42 | dt: 242ms | tok/sec: 542,255 | mfu: 22.3% | epoch: 1 | remaining: 88s    
step 00889 (70.7%) | loss: 3.005822 | lrm: 0.42 | dt: 242ms | tok/sec: 542,428 | mfu: 22.3% | epoch: 1 | remaining: 88s    
step 00890 (70.8%) | loss: 3.004120 | lrm: 0.42 | dt: 242ms | tok/sec: 542,510 | mfu: 22.3% | epoch: 1 | remaining: 87s    
step 00891 (70.9%) | loss: 3.001466 | lrm: 0.42 | dt: 242ms | tok/sec: 542,481 | mfu: 22.3% | epoch: 1 | remaining: 87s    
step 00892 (71.0%) | loss: 2.995936 | lrm: 0.41 | dt: 242ms | tok/sec: 542,661 | mfu: 22.3% | epoch: 1 | remaining: 87s    
step 00893 (71.0%) | loss: 2.998579 | lrm: 0.41 | dt: 242ms | tok/sec: 542,507 | mfu: 22.3% | epoch: 1 | remaining: 87s    
step 00894 (71.1%) | loss: 3.002006 | lrm: 0.41 | dt: 242ms | tok/sec: 542,502 | mfu: 22.3% | epoch: 1 | remaining: 86s    
step 00895 (71.2%) | loss: 3.004041 | lrm: 0.41 | dt: 242ms | tok/sec: 542,504 | mfu: 22.3% | epoch: 1 | remaining: 86s    
step 00896 (71.3%) | loss: 3.001195 | lrm: 0.41 | dt: 242ms | tok/sec: 542,379 | mfu: 22.3% | epoch: 1 | remaining: 86s    
step 00897 (71.4%) | loss: 3.001706 | lrm: 0.41 | dt: 242ms | tok/sec: 542,454 | mfu: 22.3% | epoch: 1 | remaining: 86s    
step 00898 (71.4%) | loss: 3.006410 | lrm: 0.41 | dt: 242ms | tok/sec: 542,470 | mfu: 22.3% | epoch: 1 | remaining: 85s    
step 00899 (71.5%) | loss: 3.002590 | lrm: 0.41 | dt: 242ms | tok/sec: 542,398 | mfu: 22.3% | epoch: 1 | remaining: 85s    
step 00900 (71.6%) | loss: 3.007564 | lrm: 0.41 | dt: 242ms | tok/sec: 542,427 | mfu: 22.3% | epoch: 1 | remaining: 85s    
step 00901 (71.7%) | loss: 3.004116 | lrm: 0.40 | dt: 242ms | tok/sec: 542,381 | mfu: 22.3% | epoch: 1 | remaining: 85s    
step 00902 (71.8%) | loss: 3.010552 | lrm: 0.40 | dt: 242ms | tok/sec: 542,450 | mfu: 22.3% | epoch: 1 | remaining: 84s    
step 00903 (71.9%) | loss: 3.005350 | lrm: 0.40 | dt: 242ms | tok/sec: 542,360 | mfu: 22.3% | epoch: 1 | remaining: 84s    
step 00904 (71.9%) | loss: 3.011843 | lrm: 0.40 | dt: 242ms | tok/sec: 542,418 | mfu: 22.3% | epoch: 1 | remaining: 84s    
step 00905 (72.0%) | loss: 3.011735 | lrm: 0.40 | dt: 242ms | tok/sec: 542,520 | mfu: 22.3% | epoch: 1 | remaining: 84s    
step 00906 (72.1%) | loss: 3.008965 | lrm: 0.40 | dt: 242ms | tok/sec: 542,444 | mfu: 22.3% | epoch: 1 | remaining: 83s    
step 00907 (72.2%) | loss: 3.017124 | lrm: 0.40 | dt: 242ms | tok/sec: 542,530 | mfu: 22.3% | epoch: 1 | remaining: 83s    
step 00908 (72.3%) | loss: 3.011570 | lrm: 0.40 | dt: 242ms | tok/sec: 542,538 | mfu: 22.3% | epoch: 1 | remaining: 83s    
step 00909 (72.3%) | loss: 3.010087 | lrm: 0.40 | dt: 242ms | tok/sec: 542,294 | mfu: 22.3% | epoch: 1 | remaining: 83s    
step 00910 (72.4%) | loss: 3.009427 | lrm: 0.39 | dt: 242ms | tok/sec: 542,359 | mfu: 22.3% | epoch: 1 | remaining: 83s    
step 00911 (72.5%) | loss: 3.009458 | lrm: 0.39 | dt: 242ms | tok/sec: 542,412 | mfu: 22.3% | epoch: 1 | remaining: 82s    
step 00912 (72.6%) | loss: 3.008926 | lrm: 0.39 | dt: 242ms | tok/sec: 542,220 | mfu: 22.3% | epoch: 1 | remaining: 82s    
step 00913 (72.7%) | loss: 3.012993 | lrm: 0.39 | dt: 242ms | tok/sec: 542,597 | mfu: 22.3% | epoch: 1 | remaining: 82s    
step 00914 (72.7%) | loss: 3.013309 | lrm: 0.39 | dt: 242ms | tok/sec: 542,434 | mfu: 22.3% | epoch: 1 | remaining: 82s    
step 00915 (72.8%) | loss: 3.010353 | lrm: 0.39 | dt: 242ms | tok/sec: 542,543 | mfu: 22.3% | epoch: 1 | remaining: 81s    
step 00916 (72.9%) | loss: 3.008046 | lrm: 0.39 | dt: 242ms | tok/sec: 542,339 | mfu: 22.3% | epoch: 1 | remaining: 81s    
step 00917 (73.0%) | loss: 3.010436 | lrm: 0.39 | dt: 242ms | tok/sec: 542,281 | mfu: 22.3% | epoch: 1 | remaining: 81s    
step 00918 (73.1%) | loss: 3.003168 | lrm: 0.38 | dt: 242ms | tok/sec: 542,430 | mfu: 22.3% | epoch: 1 | remaining: 81s    
step 00919 (73.1%) | loss: 3.007306 | lrm: 0.38 | dt: 242ms | tok/sec: 542,459 | mfu: 22.3% | epoch: 1 | remaining: 80s    
step 00920 (73.2%) | loss: 3.007312 | lrm: 0.38 | dt: 242ms | tok/sec: 542,384 | mfu: 22.3% | epoch: 1 | remaining: 80s    
step 00921 (73.3%) | loss: 3.006569 | lrm: 0.38 | dt: 242ms | tok/sec: 542,272 | mfu: 22.3% | epoch: 1 | remaining: 80s    
step 00922 (73.4%) | loss: 3.012464 | lrm: 0.38 | dt: 242ms | tok/sec: 542,394 | mfu: 22.3% | epoch: 1 | remaining: 80s    
step 00923 (73.5%) | loss: 3.010948 | lrm: 0.38 | dt: 242ms | tok/sec: 542,590 | mfu: 22.3% | epoch: 1 | remaining: 79s    
step 00924 (73.5%) | loss: 3.012794 | lrm: 0.38 | dt: 242ms | tok/sec: 542,546 | mfu: 22.3% | epoch: 1 | remaining: 79s    
step 00925 (73.6%) | loss: 3.012678 | lrm: 0.38 | dt: 242ms | tok/sec: 542,424 | mfu: 22.3% | epoch: 1 | remaining: 79s    
step 00926 (73.7%) | loss: 3.018534 | lrm: 0.38 | dt: 242ms | tok/sec: 542,511 | mfu: 22.3% | epoch: 1 | remaining: 79s    
step 00927 (73.8%) | loss: 3.013813 | lrm: 0.37 | dt: 242ms | tok/sec: 542,439 | mfu: 22.3% | epoch: 1 | remaining: 78s    
step 00928 (73.9%) | loss: 3.003425 | lrm: 0.37 | dt: 242ms | tok/sec: 542,530 | mfu: 22.3% | epoch: 1 | remaining: 78s    
step 00929 (73.9%) | loss: 3.002609 | lrm: 0.37 | dt: 242ms | tok/sec: 542,443 | mfu: 22.3% | epoch: 1 | remaining: 78s    
step 00930 (74.0%) | loss: 2.996976 | lrm: 0.37 | dt: 242ms | tok/sec: 542,636 | mfu: 22.3% | epoch: 1 | remaining: 78s    
step 00931 (74.1%) | loss: 2.997931 | lrm: 0.37 | dt: 242ms | tok/sec: 542,452 | mfu: 22.3% | epoch: 1 | remaining: 77s    
step 00932 (74.2%) | loss: 2.994299 | lrm: 0.37 | dt: 242ms | tok/sec: 542,449 | mfu: 22.3% | epoch: 1 | remaining: 77s    
step 00933 (74.3%) | loss: 2.995961 | lrm: 0.37 | dt: 242ms | tok/sec: 542,450 | mfu: 22.3% | epoch: 1 | remaining: 77s    
step 00934 (74.3%) | loss: 2.988132 | lrm: 0.37 | dt: 242ms | tok/sec: 542,372 | mfu: 22.3% | epoch: 1 | remaining: 77s    
step 00935 (74.4%) | loss: 2.991195 | lrm: 0.37 | dt: 242ms | tok/sec: 542,513 | mfu: 22.3% | epoch: 1 | remaining: 76s    
step 00936 (74.5%) | loss: 2.992322 | lrm: 0.36 | dt: 242ms | tok/sec: 542,473 | mfu: 22.3% | epoch: 1 | remaining: 76s    
step 00937 (74.6%) | loss: 3.000789 | lrm: 0.36 | dt: 242ms | tok/sec: 542,398 | mfu: 22.3% | epoch: 1 | remaining: 76s    
step 00938 (74.7%) | loss: 3.005060 | lrm: 0.36 | dt: 242ms | tok/sec: 542,481 | mfu: 22.3% | epoch: 1 | remaining: 76s    
step 00939 (74.8%) | loss: 2.997140 | lrm: 0.36 | dt: 242ms | tok/sec: 542,490 | mfu: 22.3% | epoch: 1 | remaining: 76s    
step 00940 (74.8%) | loss: 2.992500 | lrm: 0.36 | dt: 242ms | tok/sec: 542,491 | mfu: 22.3% | epoch: 1 | remaining: 75s    
step 00941 (74.9%) | loss: 2.996443 | lrm: 0.36 | dt: 242ms | tok/sec: 542,389 | mfu: 22.3% | epoch: 1 | remaining: 75s    
step 00942 (75.0%) | loss: 3.002139 | lrm: 0.36 | dt: 242ms | tok/sec: 542,581 | mfu: 22.3% | epoch: 1 | remaining: 75s    
step 00943 (75.1%) | loss: 2.991584 | lrm: 0.36 | dt: 242ms | tok/sec: 542,357 | mfu: 22.3% | epoch: 1 | remaining: 75s    
step 00944 (75.2%) | loss: 2.989637 | lrm: 0.35 | dt: 242ms | tok/sec: 542,486 | mfu: 22.3% | epoch: 1 | remaining: 74s    
step 00945 (75.2%) | loss: 2.988738 | lrm: 0.35 | dt: 242ms | tok/sec: 542,252 | mfu: 22.3% | epoch: 1 | remaining: 74s    
step 00946 (75.3%) | loss: 2.990676 | lrm: 0.35 | dt: 242ms | tok/sec: 542,349 | mfu: 22.3% | epoch: 1 | remaining: 74s    
step 00947 (75.4%) | loss: 2.985015 | lrm: 0.35 | dt: 242ms | tok/sec: 542,398 | mfu: 22.3% | epoch: 1 | remaining: 74s    
step 00948 (75.5%) | loss: 2.990286 | lrm: 0.35 | dt: 242ms | tok/sec: 542,458 | mfu: 22.3% | epoch: 1 | remaining: 73s    
step 00949 (75.6%) | loss: 2.996335 | lrm: 0.35 | dt: 242ms | tok/sec: 542,510 | mfu: 22.3% | epoch: 1 | remaining: 73s    
step 00950 (75.6%) | loss: 2.991772 | lrm: 0.35 | dt: 242ms | tok/sec: 542,404 | mfu: 22.3% | epoch: 1 | remaining: 73s    
step 00951 (75.7%) | loss: 2.985946 | lrm: 0.35 | dt: 242ms | tok/sec: 542,397 | mfu: 22.3% | epoch: 1 | remaining: 73s    
step 00952 (75.8%) | loss: 2.992597 | lrm: 0.35 | dt: 242ms | tok/sec: 542,707 | mfu: 22.3% | epoch: 1 | remaining: 72s    
step 00953 (75.9%) | loss: 2.988480 | lrm: 0.34 | dt: 242ms | tok/sec: 542,631 | mfu: 22.3% | epoch: 1 | remaining: 72s    
step 00954 (76.0%) | loss: 2.992861 | lrm: 0.34 | dt: 242ms | tok/sec: 542,254 | mfu: 22.3% | epoch: 1 | remaining: 72s    
step 00955 (76.0%) | loss: 2.990992 | lrm: 0.34 | dt: 242ms | tok/sec: 542,685 | mfu: 22.3% | epoch: 1 | remaining: 72s    
step 00956 (76.1%) | loss: 2.990719 | lrm: 0.34 | dt: 242ms | tok/sec: 542,678 | mfu: 22.3% | epoch: 1 | remaining: 71s    
step 00957 (76.2%) | loss: 2.997849 | lrm: 0.34 | dt: 242ms | tok/sec: 542,612 | mfu: 22.3% | epoch: 1 | remaining: 71s    
step 00958 (76.3%) | loss: 2.990485 | lrm: 0.34 | dt: 242ms | tok/sec: 542,228 | mfu: 22.3% | epoch: 1 | remaining: 71s    
step 00959 (76.4%) | loss: 2.993286 | lrm: 0.34 | dt: 242ms | tok/sec: 542,458 | mfu: 22.3% | epoch: 1 | remaining: 71s    
step 00960 (76.4%) | loss: 2.991662 | lrm: 0.34 | dt: 242ms | tok/sec: 542,412 | mfu: 22.3% | epoch: 1 | remaining: 70s    
step 00961 (76.5%) | loss: 2.983255 | lrm: 0.34 | dt: 242ms | tok/sec: 542,301 | mfu: 22.3% | epoch: 1 | remaining: 70s    
step 00962 (76.6%) | loss: 2.979786 | lrm: 0.33 | dt: 242ms | tok/sec: 542,254 | mfu: 22.3% | epoch: 1 | remaining: 70s    
step 00963 (76.7%) | loss: 2.974485 | lrm: 0.33 | dt: 242ms | tok/sec: 542,534 | mfu: 22.3% | epoch: 1 | remaining: 70s    
step 00964 (76.8%) | loss: 2.968591 | lrm: 0.33 | dt: 242ms | tok/sec: 542,628 | mfu: 22.3% | epoch: 1 | remaining: 69s    
step 00965 (76.8%) | loss: 2.960120 | lrm: 0.33 | dt: 242ms | tok/sec: 542,393 | mfu: 22.3% | epoch: 1 | remaining: 69s    
step 00966 (76.9%) | loss: 2.960045 | lrm: 0.33 | dt: 242ms | tok/sec: 542,430 | mfu: 22.3% | epoch: 1 | remaining: 69s    
step 00967 (77.0%) | loss: 2.963949 | lrm: 0.33 | dt: 242ms | tok/sec: 542,288 | mfu: 22.3% | epoch: 1 | remaining: 69s    
step 00968 (77.1%) | loss: 2.965108 | lrm: 0.33 | dt: 242ms | tok/sec: 542,237 | mfu: 22.3% | epoch: 1 | remaining: 69s    
step 00969 (77.2%) | loss: 2.961436 | lrm: 0.33 | dt: 242ms | tok/sec: 542,330 | mfu: 22.3% | epoch: 1 | remaining: 68s    
step 00970 (77.2%) | loss: 2.966605 | lrm: 0.33 | dt: 242ms | tok/sec: 542,330 | mfu: 22.3% | epoch: 1 | remaining: 68s    
step 00971 (77.3%) | loss: 2.967698 | lrm: 0.32 | dt: 242ms | tok/sec: 542,740 | mfu: 22.3% | epoch: 1 | remaining: 68s    
step 00972 (77.4%) | loss: 2.971203 | lrm: 0.32 | dt: 242ms | tok/sec: 542,502 | mfu: 22.3% | epoch: 1 | remaining: 68s    
step 00973 (77.5%) | loss: 2.975136 | lrm: 0.32 | dt: 242ms | tok/sec: 542,640 | mfu: 22.3% | epoch: 1 | remaining: 67s    
step 00974 (77.6%) | loss: 2.978403 | lrm: 0.32 | dt: 242ms | tok/sec: 542,332 | mfu: 22.3% | epoch: 1 | remaining: 67s    
step 00975 (77.6%) | loss: 2.975422 | lrm: 0.32 | dt: 242ms | tok/sec: 542,508 | mfu: 22.3% | epoch: 1 | remaining: 67s    
step 00976 (77.7%) | loss: 2.980015 | lrm: 0.32 | dt: 242ms | tok/sec: 542,527 | mfu: 22.3% | epoch: 1 | remaining: 67s    
step 00977 (77.8%) | loss: 2.981339 | lrm: 0.32 | dt: 242ms | tok/sec: 542,222 | mfu: 22.3% | epoch: 1 | remaining: 66s    
step 00978 (77.9%) | loss: 2.982453 | lrm: 0.32 | dt: 242ms | tok/sec: 542,664 | mfu: 22.3% | epoch: 1 | remaining: 66s    
step 00979 (78.0%) | loss: 2.980467 | lrm: 0.31 | dt: 242ms | tok/sec: 542,452 | mfu: 22.3% | epoch: 1 | remaining: 66s    
step 00980 (78.1%) | loss: 2.986123 | lrm: 0.31 | dt: 242ms | tok/sec: 542,240 | mfu: 22.3% | epoch: 1 | remaining: 66s    
step 00981 (78.1%) | loss: 2.981460 | lrm: 0.31 | dt: 242ms | tok/sec: 542,466 | mfu: 22.3% | epoch: 1 | remaining: 65s    
step 00982 (78.2%) | loss: 2.977076 | lrm: 0.31 | dt: 242ms | tok/sec: 542,393 | mfu: 22.3% | epoch: 1 | remaining: 65s    
step 00983 (78.3%) | loss: 2.967526 | lrm: 0.31 | dt: 242ms | tok/sec: 542,236 | mfu: 22.3% | epoch: 1 | remaining: 65s    
step 00984 (78.4%) | loss: 2.966823 | lrm: 0.31 | dt: 242ms | tok/sec: 542,358 | mfu: 22.3% | epoch: 1 | remaining: 65s    
step 00985 (78.5%) | loss: 2.961149 | lrm: 0.31 | dt: 242ms | tok/sec: 542,478 | mfu: 22.3% | epoch: 1 | remaining: 64s    
step 00986 (78.5%) | loss: 2.956177 | lrm: 0.31 | dt: 242ms | tok/sec: 542,086 | mfu: 22.3% | epoch: 1 | remaining: 64s    
step 00987 (78.6%) | loss: 2.955934 | lrm: 0.31 | dt: 242ms | tok/sec: 542,375 | mfu: 22.3% | epoch: 1 | remaining: 64s    
step 00988 (78.7%) | loss: 2.963905 | lrm: 0.30 | dt: 242ms | tok/sec: 542,382 | mfu: 22.3% | epoch: 1 | remaining: 64s    
step 00989 (78.8%) | loss: 2.964900 | lrm: 0.30 | dt: 242ms | tok/sec: 542,252 | mfu: 22.3% | epoch: 1 | remaining: 63s    
step 00990 (78.9%) | loss: 2.958992 | lrm: 0.30 | dt: 242ms | tok/sec: 542,389 | mfu: 22.3% | epoch: 1 | remaining: 63s    
step 00991 (78.9%) | loss: 2.949522 | lrm: 0.30 | dt: 242ms | tok/sec: 542,243 | mfu: 22.3% | epoch: 1 | remaining: 63s    
step 00992 (79.0%) | loss: 2.947101 | lrm: 0.30 | dt: 242ms | tok/sec: 542,578 | mfu: 22.3% | epoch: 1 | remaining: 63s    
step 00993 (79.1%) | loss: 2.949022 | lrm: 0.30 | dt: 242ms | tok/sec: 542,260 | mfu: 22.3% | epoch: 1 | remaining: 62s    
step 00994 (79.2%) | loss: 2.952291 | lrm: 0.30 | dt: 242ms | tok/sec: 542,586 | mfu: 22.3% | epoch: 1 | remaining: 62s    
step 00995 (79.3%) | loss: 2.954871 | lrm: 0.30 | dt: 242ms | tok/sec: 542,462 | mfu: 22.3% | epoch: 1 | remaining: 62s    
step 00996 (79.3%) | loss: 2.956992 | lrm: 0.30 | dt: 242ms | tok/sec: 542,445 | mfu: 22.3% | epoch: 1 | remaining: 62s    
step 00997 (79.4%) | loss: 2.960598 | lrm: 0.29 | dt: 242ms | tok/sec: 542,598 | mfu: 22.3% | epoch: 1 | remaining: 61s    
step 00998 (79.5%) | loss: 2.958950 | lrm: 0.29 | dt: 242ms | tok/sec: 542,315 | mfu: 22.3% | epoch: 1 | remaining: 61s    
step 00999 (79.6%) | loss: 2.963055 | lrm: 0.29 | dt: 242ms | tok/sec: 541,900 | mfu: 22.3% | epoch: 1 | remaining: 61s    
step 01000 (79.7%) | loss: 2.953825 | lrm: 0.29 | dt: 242ms | tok/sec: 542,184 | mfu: 22.3% | epoch: 1 | remaining: 61s    
step 01001 (79.7%) | loss: 2.952136 | lrm: 0.29 | dt: 242ms | tok/sec: 542,470 | mfu: 22.3% | epoch: 1 | remaining: 61s    
step 01002 (79.8%) | loss: 2.953092 | lrm: 0.29 | dt: 242ms | tok/sec: 542,015 | mfu: 22.3% | epoch: 1 | remaining: 60s    
step 01003 (79.9%) | loss: 2.955419 | lrm: 0.29 | dt: 242ms | tok/sec: 542,247 | mfu: 22.3% | epoch: 1 | remaining: 60s    
step 01004 (80.0%) | loss: 2.955893 | lrm: 0.29 | dt: 242ms | tok/sec: 542,216 | mfu: 22.3% | epoch: 1 | remaining: 60s    
step 01005 (80.1%) | loss: 2.953267 | lrm: 0.28 | dt: 242ms | tok/sec: 542,139 | mfu: 22.3% | epoch: 1 | remaining: 60s    
step 01006 (80.1%) | loss: 2.957446 | lrm: 0.28 | dt: 242ms | tok/sec: 542,357 | mfu: 22.3% | epoch: 1 | remaining: 59s    
step 01007 (80.2%) | loss: 2.960531 | lrm: 0.28 | dt: 242ms | tok/sec: 542,605 | mfu: 22.3% | epoch: 1 | remaining: 59s    
step 01008 (80.3%) | loss: 2.958900 | lrm: 0.28 | dt: 242ms | tok/sec: 542,366 | mfu: 22.3% | epoch: 1 | remaining: 59s    
step 01009 (80.4%) | loss: 2.958870 | lrm: 0.28 | dt: 242ms | tok/sec: 542,505 | mfu: 22.3% | epoch: 1 | remaining: 59s    
step 01010 (80.5%) | loss: 2.962080 | lrm: 0.28 | dt: 242ms | tok/sec: 542,506 | mfu: 22.3% | epoch: 1 | remaining: 58s    
step 01011 (80.5%) | loss: 2.963772 | lrm: 0.28 | dt: 242ms | tok/sec: 542,437 | mfu: 22.3% | epoch: 1 | remaining: 58s    
step 01012 (80.6%) | loss: 2.968081 | lrm: 0.28 | dt: 242ms | tok/sec: 542,419 | mfu: 22.3% | epoch: 1 | remaining: 58s    
step 01013 (80.7%) | loss: 2.960041 | lrm: 0.28 | dt: 242ms | tok/sec: 542,322 | mfu: 22.3% | epoch: 1 | remaining: 58s    
step 01014 (80.8%) | loss: 2.968514 | lrm: 0.27 | dt: 242ms | tok/sec: 542,427 | mfu: 22.3% | epoch: 1 | remaining: 57s    
step 01015 (80.9%) | loss: 2.965935 | lrm: 0.27 | dt: 242ms | tok/sec: 542,579 | mfu: 22.3% | epoch: 1 | remaining: 57s    
step 01016 (81.0%) | loss: 2.958936 | lrm: 0.27 | dt: 242ms | tok/sec: 542,464 | mfu: 22.3% | epoch: 1 | remaining: 57s    
step 01017 (81.0%) | loss: 2.946747 | lrm: 0.27 | dt: 242ms | tok/sec: 542,355 | mfu: 22.3% | epoch: 1 | remaining: 57s    
step 01018 (81.1%) | loss: 2.950531 | lrm: 0.27 | dt: 242ms | tok/sec: 542,374 | mfu: 22.3% | epoch: 1 | remaining: 56s    
step 01019 (81.2%) | loss: 2.957243 | lrm: 0.27 | dt: 242ms | tok/sec: 542,410 | mfu: 22.3% | epoch: 1 | remaining: 56s    
step 01020 (81.3%) | loss: 2.948455 | lrm: 0.27 | dt: 242ms | tok/sec: 542,582 | mfu: 22.3% | epoch: 1 | remaining: 56s    
step 01021 (81.4%) | loss: 2.951133 | lrm: 0.27 | dt: 242ms | tok/sec: 542,733 | mfu: 22.3% | epoch: 1 | remaining: 56s    
step 01022 (81.4%) | loss: 2.954911 | lrm: 0.27 | dt: 242ms | tok/sec: 542,277 | mfu: 22.3% | epoch: 1 | remaining: 55s    
step 01023 (81.5%) | loss: 2.953587 | lrm: 0.26 | dt: 242ms | tok/sec: 542,402 | mfu: 22.3% | epoch: 1 | remaining: 55s    
step 01024 (81.6%) | loss: 2.949492 | lrm: 0.26 | dt: 242ms | tok/sec: 542,268 | mfu: 22.3% | epoch: 1 | remaining: 55s    
step 01025 (81.7%) | loss: 2.951921 | lrm: 0.26 | dt: 242ms | tok/sec: 542,479 | mfu: 22.3% | epoch: 1 | remaining: 55s    
step 01026 (81.8%) | loss: 2.946538 | lrm: 0.26 | dt: 242ms | tok/sec: 542,413 | mfu: 22.3% | epoch: 1 | remaining: 54s    
step 01027 (81.8%) | loss: 2.945109 | lrm: 0.26 | dt: 241ms | tok/sec: 542,782 | mfu: 22.3% | epoch: 1 | remaining: 54s    
step 01028 (81.9%) | loss: 2.947401 | lrm: 0.26 | dt: 242ms | tok/sec: 542,295 | mfu: 22.3% | epoch: 1 | remaining: 54s    
step 01029 (82.0%) | loss: 2.937992 | lrm: 0.26 | dt: 242ms | tok/sec: 542,374 | mfu: 22.3% | epoch: 1 | remaining: 54s    
step 01030 (82.1%) | loss: 2.936478 | lrm: 0.26 | dt: 242ms | tok/sec: 542,486 | mfu: 22.3% | epoch: 1 | remaining: 54s    
step 01031 (82.2%) | loss: 2.944391 | lrm: 0.25 | dt: 242ms | tok/sec: 542,536 | mfu: 22.3% | epoch: 1 | remaining: 53s    
step 01032 (82.2%) | loss: 2.940593 | lrm: 0.25 | dt: 242ms | tok/sec: 542,497 | mfu: 22.3% | epoch: 1 | remaining: 53s    
step 01033 (82.3%) | loss: 2.944314 | lrm: 0.25 | dt: 242ms | tok/sec: 542,454 | mfu: 22.3% | epoch: 1 | remaining: 53s    
step 01034 (82.4%) | loss: 2.941815 | lrm: 0.25 | dt: 241ms | tok/sec: 542,787 | mfu: 22.3% | epoch: 1 | remaining: 53s    
step 01035 (82.5%) | loss: 2.935555 | lrm: 0.25 | dt: 242ms | tok/sec: 542,394 | mfu: 22.3% | epoch: 1 | remaining: 52s    
step 01036 (82.6%) | loss: 2.936507 | lrm: 0.25 | dt: 242ms | tok/sec: 542,406 | mfu: 22.3% | epoch: 1 | remaining: 52s    
step 01037 (82.6%) | loss: 2.941945 | lrm: 0.25 | dt: 242ms | tok/sec: 542,271 | mfu: 22.3% | epoch: 1 | remaining: 52s    
step 01038 (82.7%) | loss: 2.943483 | lrm: 0.25 | dt: 242ms | tok/sec: 542,347 | mfu: 22.3% | epoch: 1 | remaining: 52s    
step 01039 (82.8%) | loss: 2.944664 | lrm: 0.25 | dt: 242ms | tok/sec: 542,279 | mfu: 22.3% | epoch: 1 | remaining: 51s    
step 01040 (82.9%) | loss: 2.948773 | lrm: 0.24 | dt: 242ms | tok/sec: 542,434 | mfu: 22.3% | epoch: 1 | remaining: 51s    
step 01041 (83.0%) | loss: 2.946968 | lrm: 0.24 | dt: 242ms | tok/sec: 542,493 | mfu: 22.3% | epoch: 1 | remaining: 51s    
step 01042 (83.0%) | loss: 2.949446 | lrm: 0.24 | dt: 242ms | tok/sec: 542,565 | mfu: 22.3% | epoch: 1 | remaining: 51s    
step 01043 (83.1%) | loss: 2.945517 | lrm: 0.24 | dt: 242ms | tok/sec: 542,328 | mfu: 22.3% | epoch: 1 | remaining: 50s    
step 01044 (83.2%) | loss: 2.948188 | lrm: 0.24 | dt: 242ms | tok/sec: 542,551 | mfu: 22.3% | epoch: 1 | remaining: 50s    
step 01045 (83.3%) | loss: 2.943151 | lrm: 0.24 | dt: 242ms | tok/sec: 542,530 | mfu: 22.3% | epoch: 1 | remaining: 50s    
step 01046 (83.4%) | loss: 2.944513 | lrm: 0.24 | dt: 242ms | tok/sec: 542,472 | mfu: 22.3% | epoch: 1 | remaining: 50s    
step 01047 (83.4%) | loss: 2.940000 | lrm: 0.24 | dt: 242ms | tok/sec: 542,169 | mfu: 22.3% | epoch: 1 | remaining: 49s    
step 01048 (83.5%) | loss: 2.942068 | lrm: 0.24 | dt: 242ms | tok/sec: 542,444 | mfu: 22.3% | epoch: 1 | remaining: 49s    
step 01049 (83.6%) | loss: 2.945885 | lrm: 0.23 | dt: 242ms | tok/sec: 542,359 | mfu: 22.3% | epoch: 1 | remaining: 49s    
step 01050 (83.7%) | loss: 2.943556 | lrm: 0.23 | dt: 242ms | tok/sec: 542,362 | mfu: 22.3% | epoch: 1 | remaining: 49s    
step 01051 (83.8%) | loss: 2.947817 | lrm: 0.23 | dt: 242ms | tok/sec: 542,488 | mfu: 22.3% | epoch: 1 | remaining: 48s    
step 01052 (83.9%) | loss: 2.940764 | lrm: 0.23 | dt: 242ms | tok/sec: 542,287 | mfu: 22.3% | epoch: 1 | remaining: 48s    
step 01053 (83.9%) | loss: 2.941358 | lrm: 0.23 | dt: 242ms | tok/sec: 542,379 | mfu: 22.3% | epoch: 1 | remaining: 48s    
step 01054 (84.0%) | loss: 2.936035 | lrm: 0.23 | dt: 242ms | tok/sec: 542,490 | mfu: 22.3% | epoch: 1 | remaining: 48s    
step 01055 (84.1%) | loss: 2.942320 | lrm: 0.23 | dt: 242ms | tok/sec: 542,407 | mfu: 22.3% | epoch: 1 | remaining: 47s    
step 01056 (84.2%) | loss: 2.941817 | lrm: 0.23 | dt: 242ms | tok/sec: 542,572 | mfu: 22.3% | epoch: 1 | remaining: 47s    
step 01057 (84.3%) | loss: 2.936626 | lrm: 0.22 | dt: 242ms | tok/sec: 542,431 | mfu: 22.3% | epoch: 1 | remaining: 47s    
step 01058 (84.3%) | loss: 2.936520 | lrm: 0.22 | dt: 242ms | tok/sec: 542,461 | mfu: 22.3% | epoch: 1 | remaining: 47s    
step 01059 (84.4%) | loss: 2.939900 | lrm: 0.22 | dt: 242ms | tok/sec: 542,406 | mfu: 22.3% | epoch: 1 | remaining: 47s    
step 01060 (84.5%) | loss: 2.944694 | lrm: 0.22 | dt: 242ms | tok/sec: 542,378 | mfu: 22.3% | epoch: 1 | remaining: 46s    
step 01061 (84.6%) | loss: 2.934372 | lrm: 0.22 | dt: 242ms | tok/sec: 542,301 | mfu: 22.3% | epoch: 1 | remaining: 46s    
step 01062 (84.7%) | loss: 2.933583 | lrm: 0.22 | dt: 242ms | tok/sec: 542,205 | mfu: 22.3% | epoch: 1 | remaining: 46s    
step 01063 (84.7%) | loss: 2.933661 | lrm: 0.22 | dt: 242ms | tok/sec: 542,500 | mfu: 22.3% | epoch: 1 | remaining: 46s    
step 01064 (84.8%) | loss: 2.926249 | lrm: 0.22 | dt: 242ms | tok/sec: 542,447 | mfu: 22.3% | epoch: 1 | remaining: 45s    
step 01065 (84.9%) | loss: 2.934432 | lrm: 0.22 | dt: 242ms | tok/sec: 542,183 | mfu: 22.3% | epoch: 1 | remaining: 45s    
step 01066 (85.0%) | loss: 2.931965 | lrm: 0.21 | dt: 242ms | tok/sec: 542,270 | mfu: 22.3% | epoch: 1 | remaining: 45s    
step 01067 (85.1%) | loss: 2.927864 | lrm: 0.21 | dt: 242ms | tok/sec: 542,407 | mfu: 22.3% | epoch: 1 | remaining: 45s    
step 01068 (85.1%) | loss: 2.929848 | lrm: 0.21 | dt: 242ms | tok/sec: 542,362 | mfu: 22.3% | epoch: 1 | remaining: 44s    
step 01069 (85.2%) | loss: 2.924483 | lrm: 0.21 | dt: 242ms | tok/sec: 542,288 | mfu: 22.3% | epoch: 1 | remaining: 44s    
step 01070 (85.3%) | loss: 2.927507 | lrm: 0.21 | dt: 242ms | tok/sec: 542,407 | mfu: 22.3% | epoch: 1 | remaining: 44s    
step 01071 (85.4%) | loss: 2.920862 | lrm: 0.21 | dt: 242ms | tok/sec: 542,359 | mfu: 22.3% | epoch: 1 | remaining: 44s    
step 01072 (85.5%) | loss: 2.921552 | lrm: 0.21 | dt: 242ms | tok/sec: 542,308 | mfu: 22.3% | epoch: 1 | remaining: 43s    
step 01073 (85.5%) | loss: 2.913212 | lrm: 0.21 | dt: 242ms | tok/sec: 542,379 | mfu: 22.3% | epoch: 1 | remaining: 43s    
step 01074 (85.6%) | loss: 2.910796 | lrm: 0.21 | dt: 242ms | tok/sec: 542,367 | mfu: 22.3% | epoch: 1 | remaining: 43s    
step 01075 (85.7%) | loss: 2.918123 | lrm: 0.20 | dt: 242ms | tok/sec: 542,533 | mfu: 22.3% | epoch: 1 | remaining: 43s    
step 01076 (85.8%) | loss: 2.922424 | lrm: 0.20 | dt: 242ms | tok/sec: 542,409 | mfu: 22.3% | epoch: 1 | remaining: 42s    
step 01077 (85.9%) | loss: 2.924783 | lrm: 0.20 | dt: 242ms | tok/sec: 542,116 | mfu: 22.3% | epoch: 1 | remaining: 42s    
step 01078 (85.9%) | loss: 2.925412 | lrm: 0.20 | dt: 242ms | tok/sec: 542,321 | mfu: 22.3% | epoch: 1 | remaining: 42s    
step 01079 (86.0%) | loss: 2.919403 | lrm: 0.20 | dt: 242ms | tok/sec: 542,297 | mfu: 22.3% | epoch: 1 | remaining: 42s    
step 01080 (86.1%) | loss: 2.922719 | lrm: 0.20 | dt: 242ms | tok/sec: 542,162 | mfu: 22.3% | epoch: 1 | remaining: 41s    
step 01081 (86.2%) | loss: 2.922935 | lrm: 0.20 | dt: 242ms | tok/sec: 542,185 | mfu: 22.3% | epoch: 1 | remaining: 41s    
step 01082 (86.3%) | loss: 2.923783 | lrm: 0.20 | dt: 242ms | tok/sec: 542,492 | mfu: 22.3% | epoch: 1 | remaining: 41s    
step 01083 (86.3%) | loss: 2.926461 | lrm: 0.20 | dt: 242ms | tok/sec: 542,411 | mfu: 22.3% | epoch: 1 | remaining: 41s    
step 01084 (86.4%) | loss: 2.924977 | lrm: 0.19 | dt: 242ms | tok/sec: 542,247 | mfu: 22.3% | epoch: 1 | remaining: 40s    
step 01085 (86.5%) | loss: 2.919958 | lrm: 0.19 | dt: 242ms | tok/sec: 542,603 | mfu: 22.3% | epoch: 1 | remaining: 40s    
step 01086 (86.6%) | loss: 2.923326 | lrm: 0.19 | dt: 242ms | tok/sec: 542,459 | mfu: 22.3% | epoch: 1 | remaining: 40s    
step 01087 (86.7%) | loss: 2.922693 | lrm: 0.19 | dt: 242ms | tok/sec: 542,427 | mfu: 22.3% | epoch: 1 | remaining: 40s    
step 01088 (86.8%) | loss: 2.922206 | lrm: 0.19 | dt: 242ms | tok/sec: 542,424 | mfu: 22.3% | epoch: 1 | remaining: 40s    
step 01089 (86.8%) | loss: 2.927511 | lrm: 0.19 | dt: 242ms | tok/sec: 542,286 | mfu: 22.3% | epoch: 1 | remaining: 39s    
step 01090 (86.9%) | loss: 2.929933 | lrm: 0.19 | dt: 242ms | tok/sec: 542,051 | mfu: 22.3% | epoch: 1 | remaining: 39s    
step 01091 (87.0%) | loss: 2.931583 | lrm: 0.19 | dt: 242ms | tok/sec: 542,185 | mfu: 22.3% | epoch: 1 | remaining: 39s    
step 01092 (87.1%) | loss: 2.929609 | lrm: 0.18 | dt: 242ms | tok/sec: 542,433 | mfu: 22.3% | epoch: 1 | remaining: 39s    
step 01093 (87.2%) | loss: 2.930646 | lrm: 0.18 | dt: 242ms | tok/sec: 542,355 | mfu: 22.3% | epoch: 1 | remaining: 38s    
step 01094 (87.2%) | loss: 2.926651 | lrm: 0.18 | dt: 242ms | tok/sec: 542,490 | mfu: 22.3% | epoch: 1 | remaining: 38s    
step 01095 (87.3%) | loss: 2.924379 | lrm: 0.18 | dt: 242ms | tok/sec: 542,174 | mfu: 22.3% | epoch: 1 | remaining: 38s    
step 01096 (87.4%) | loss: 2.921402 | lrm: 0.18 | dt: 242ms | tok/sec: 542,284 | mfu: 22.3% | epoch: 1 | remaining: 38s    
step 01097 (87.5%) | loss: 2.924222 | lrm: 0.18 | dt: 242ms | tok/sec: 542,511 | mfu: 22.3% | epoch: 1 | remaining: 37s    
step 01098 (87.6%) | loss: 2.925441 | lrm: 0.18 | dt: 242ms | tok/sec: 542,145 | mfu: 22.3% | epoch: 1 | remaining: 37s    
step 01099 (87.6%) | loss: 2.921760 | lrm: 0.18 | dt: 242ms | tok/sec: 542,417 | mfu: 22.3% | epoch: 1 | remaining: 37s    
step 01100 (87.7%) | loss: 2.925004 | lrm: 0.18 | dt: 242ms | tok/sec: 542,381 | mfu: 22.3% | epoch: 1 | remaining: 37s    
step 01101 (87.8%) | loss: 2.923365 | lrm: 0.17 | dt: 242ms | tok/sec: 542,526 | mfu: 22.3% | epoch: 1 | remaining: 36s    
step 01102 (87.9%) | loss: 2.919390 | lrm: 0.17 | dt: 242ms | tok/sec: 542,267 | mfu: 22.3% | epoch: 1 | remaining: 36s    
step 01103 (88.0%) | loss: 2.916434 | lrm: 0.17 | dt: 242ms | tok/sec: 542,406 | mfu: 22.3% | epoch: 1 | remaining: 36s    
step 01104 (88.0%) | loss: 2.917693 | lrm: 0.17 | dt: 242ms | tok/sec: 542,514 | mfu: 22.3% | epoch: 1 | remaining: 36s    
step 01105 (88.1%) | loss: 2.914744 | lrm: 0.17 | dt: 242ms | tok/sec: 542,571 | mfu: 22.3% | epoch: 1 | remaining: 35s    
step 01106 (88.2%) | loss: 2.922048 | lrm: 0.17 | dt: 242ms | tok/sec: 542,510 | mfu: 22.3% | epoch: 1 | remaining: 35s    
step 01107 (88.3%) | loss: 2.926683 | lrm: 0.17 | dt: 242ms | tok/sec: 542,333 | mfu: 22.3% | epoch: 1 | remaining: 35s    
step 01108 (88.4%) | loss: 2.927956 | lrm: 0.17 | dt: 242ms | tok/sec: 542,439 | mfu: 22.3% | epoch: 1 | remaining: 35s    
step 01109 (88.4%) | loss: 2.922174 | lrm: 0.17 | dt: 242ms | tok/sec: 542,372 | mfu: 22.3% | epoch: 1 | remaining: 34s    
step 01110 (88.5%) | loss: 2.920749 | lrm: 0.16 | dt: 242ms | tok/sec: 542,562 | mfu: 22.3% | epoch: 1 | remaining: 34s    
step 01111 (88.6%) | loss: 2.918931 | lrm: 0.16 | dt: 242ms | tok/sec: 542,529 | mfu: 22.3% | epoch: 1 | remaining: 34s    
step 01112 (88.7%) | loss: 2.922525 | lrm: 0.16 | dt: 242ms | tok/sec: 542,477 | mfu: 22.3% | epoch: 1 | remaining: 34s    
step 01113 (88.8%) | loss: 2.923677 | lrm: 0.16 | dt: 242ms | tok/sec: 542,403 | mfu: 22.3% | epoch: 1 | remaining: 33s    
step 01114 (88.8%) | loss: 2.917710 | lrm: 0.16 | dt: 242ms | tok/sec: 542,423 | mfu: 22.3% | epoch: 1 | remaining: 33s    
step 01115 (88.9%) | loss: 2.917766 | lrm: 0.16 | dt: 242ms | tok/sec: 542,559 | mfu: 22.3% | epoch: 1 | remaining: 33s    
step 01116 (89.0%) | loss: 2.919760 | lrm: 0.16 | dt: 242ms | tok/sec: 542,343 | mfu: 22.3% | epoch: 1 | remaining: 33s    
step 01117 (89.1%) | loss: 2.917686 | lrm: 0.16 | dt: 242ms | tok/sec: 542,555 | mfu: 22.3% | epoch: 1 | remaining: 32s    
step 01118 (89.2%) | loss: 2.922141 | lrm: 0.15 | dt: 242ms | tok/sec: 542,415 | mfu: 22.3% | epoch: 1 | remaining: 32s    
step 01119 (89.2%) | loss: 2.920454 | lrm: 0.15 | dt: 242ms | tok/sec: 542,398 | mfu: 22.3% | epoch: 1 | remaining: 32s    
step 01120 (89.3%) | loss: 2.919013 | lrm: 0.15 | dt: 242ms | tok/sec: 542,474 | mfu: 22.3% | epoch: 1 | remaining: 32s    
step 01121 (89.4%) | loss: 2.917476 | lrm: 0.15 | dt: 242ms | tok/sec: 542,628 | mfu: 22.3% | epoch: 1 | remaining: 32s    
step 01122 (89.5%) | loss: 2.915106 | lrm: 0.15 | dt: 242ms | tok/sec: 542,373 | mfu: 22.3% | epoch: 1 | remaining: 31s    
step 01123 (89.6%) | loss: 2.917856 | lrm: 0.15 | dt: 242ms | tok/sec: 542,548 | mfu: 22.3% | epoch: 1 | remaining: 31s    
step 01124 (89.7%) | loss: 2.922140 | lrm: 0.15 | dt: 242ms | tok/sec: 542,302 | mfu: 22.3% | epoch: 1 | remaining: 31s    
step 01125 (89.7%) | loss: 2.921776 | lrm: 0.15 | dt: 242ms | tok/sec: 542,626 | mfu: 22.3% | epoch: 1 | remaining: 31s    
step 01126 (89.8%) | loss: 2.924993 | lrm: 0.15 | dt: 242ms | tok/sec: 542,415 | mfu: 22.3% | epoch: 1 | remaining: 30s    
step 01127 (89.9%) | loss: 2.923388 | lrm: 0.14 | dt: 242ms | tok/sec: 542,376 | mfu: 22.3% | epoch: 1 | remaining: 30s    
step 01128 (90.0%) | loss: 2.928521 | lrm: 0.14 | dt: 242ms | tok/sec: 542,357 | mfu: 22.3% | epoch: 1 | remaining: 30s    
step 01129 (90.1%) | loss: 2.928992 | lrm: 0.14 | dt: 242ms | tok/sec: 541,686 | mfu: 22.3% | epoch: 1 | remaining: 30s    
step 01130 (90.1%) | loss: 2.928162 | lrm: 0.14 | dt: 242ms | tok/sec: 542,335 | mfu: 22.3% | epoch: 1 | remaining: 29s    
step 01131 (90.2%) | loss: 2.925838 | lrm: 0.14 | dt: 242ms | tok/sec: 542,309 | mfu: 22.3% | epoch: 1 | remaining: 29s    
step 01132 (90.3%) | loss: 2.922966 | lrm: 0.14 | dt: 242ms | tok/sec: 542,578 | mfu: 22.3% | epoch: 1 | remaining: 29s    
step 01133 (90.4%) | loss: 2.922322 | lrm: 0.14 | dt: 242ms | tok/sec: 542,439 | mfu: 22.3% | epoch: 1 | remaining: 29s    
step 01134 (90.5%) | loss: 2.925120 | lrm: 0.14 | dt: 242ms | tok/sec: 542,379 | mfu: 22.3% | epoch: 1 | remaining: 28s    
step 01135 (90.5%) | loss: 2.923705 | lrm: 0.14 | dt: 242ms | tok/sec: 542,189 | mfu: 22.3% | epoch: 1 | remaining: 28s    
step 01136 (90.6%) | loss: 2.925985 | lrm: 0.13 | dt: 242ms | tok/sec: 542,318 | mfu: 22.3% | epoch: 1 | remaining: 28s    
step 01137 (90.7%) | loss: 2.923312 | lrm: 0.13 | dt: 242ms | tok/sec: 542,479 | mfu: 22.3% | epoch: 1 | remaining: 28s    
step 01138 (90.8%) | loss: 2.915441 | lrm: 0.13 | dt: 242ms | tok/sec: 542,373 | mfu: 22.3% | epoch: 1 | remaining: 27s    
step 01139 (90.9%) | loss: 2.917256 | lrm: 0.13 | dt: 242ms | tok/sec: 542,313 | mfu: 22.3% | epoch: 1 | remaining: 27s    
step 01140 (90.9%) | loss: 2.911294 | lrm: 0.13 | dt: 242ms | tok/sec: 542,466 | mfu: 22.3% | epoch: 1 | remaining: 27s    
step 01141 (91.0%) | loss: 2.915693 | lrm: 0.13 | dt: 242ms | tok/sec: 542,367 | mfu: 22.3% | epoch: 1 | remaining: 27s    
step 01142 (91.1%) | loss: 2.916087 | lrm: 0.13 | dt: 242ms | tok/sec: 541,743 | mfu: 22.3% | epoch: 1 | remaining: 26s    
step 01143 (91.2%) | loss: 2.913527 | lrm: 0.13 | dt: 242ms | tok/sec: 542,421 | mfu: 22.3% | epoch: 1 | remaining: 26s    
step 01144 (91.3%) | loss: 2.917997 | lrm: 0.12 | dt: 242ms | tok/sec: 542,584 | mfu: 22.3% | epoch: 1 | remaining: 26s    
step 01145 (91.3%) | loss: 2.917516 | lrm: 0.12 | dt: 242ms | tok/sec: 542,528 | mfu: 22.3% | epoch: 1 | remaining: 26s    
step 01146 (91.4%) | loss: 2.919380 | lrm: 0.12 | dt: 242ms | tok/sec: 542,381 | mfu: 22.3% | epoch: 1 | remaining: 25s    
step 01147 (91.5%) | loss: 2.916172 | lrm: 0.12 | dt: 242ms | tok/sec: 542,526 | mfu: 22.3% | epoch: 1 | remaining: 25s    
step 01148 (91.6%) | loss: 2.908141 | lrm: 0.12 | dt: 242ms | tok/sec: 542,507 | mfu: 22.3% | epoch: 1 | remaining: 25s    
step 01149 (91.7%) | loss: 2.909809 | lrm: 0.12 | dt: 242ms | tok/sec: 542,594 | mfu: 22.3% | epoch: 1 | remaining: 25s    
step 01150 (91.7%) | loss: 2.903219 | lrm: 0.12 | dt: 241ms | tok/sec: 542,760 | mfu: 22.3% | epoch: 1 | remaining: 25s    
step 01151 (91.8%) | loss: 2.908946 | lrm: 0.12 | dt: 242ms | tok/sec: 542,515 | mfu: 22.3% | epoch: 1 | remaining: 24s    
step 01152 (91.9%) | loss: 2.907516 | lrm: 0.12 | dt: 242ms | tok/sec: 542,426 | mfu: 22.3% | epoch: 1 | remaining: 24s    
step 01153 (92.0%) | loss: 2.908192 | lrm: 0.11 | dt: 242ms | tok/sec: 542,380 | mfu: 22.3% | epoch: 1 | remaining: 24s    
step 01154 (92.1%) | loss: 2.911566 | lrm: 0.11 | dt: 242ms | tok/sec: 542,482 | mfu: 22.3% | epoch: 1 | remaining: 24s    
step 01155 (92.1%) | loss: 2.918922 | lrm: 0.11 | dt: 242ms | tok/sec: 542,678 | mfu: 22.3% | epoch: 1 | remaining: 23s    
step 01156 (92.2%) | loss: 2.925831 | lrm: 0.11 | dt: 242ms | tok/sec: 542,529 | mfu: 22.3% | epoch: 1 | remaining: 23s    
step 01157 (92.3%) | loss: 2.924011 | lrm: 0.11 | dt: 242ms | tok/sec: 542,446 | mfu: 22.3% | epoch: 1 | remaining: 23s    
step 01158 (92.4%) | loss: 2.915596 | lrm: 0.11 | dt: 242ms | tok/sec: 542,402 | mfu: 22.3% | epoch: 1 | remaining: 23s    
step 01159 (92.5%) | loss: 2.918498 | lrm: 0.11 | dt: 242ms | tok/sec: 542,538 | mfu: 22.3% | epoch: 1 | remaining: 22s    
step 01160 (92.6%) | loss: 2.907567 | lrm: 0.11 | dt: 242ms | tok/sec: 542,477 | mfu: 22.3% | epoch: 1 | remaining: 22s    
step 01161 (92.6%) | loss: 2.912927 | lrm: 0.11 | dt: 242ms | tok/sec: 542,676 | mfu: 22.3% | epoch: 1 | remaining: 22s    
step 01162 (92.7%) | loss: 2.909871 | lrm: 0.10 | dt: 242ms | tok/sec: 542,522 | mfu: 22.3% | epoch: 1 | remaining: 22s    
step 01163 (92.8%) | loss: 2.908000 | lrm: 0.10 | dt: 242ms | tok/sec: 542,404 | mfu: 22.3% | epoch: 1 | remaining: 21s    
step 01164 (92.9%) | loss: 2.916800 | lrm: 0.10 | dt: 242ms | tok/sec: 542,462 | mfu: 22.3% | epoch: 1 | remaining: 21s    
step 01165 (93.0%) | loss: 2.914532 | lrm: 0.10 | dt: 242ms | tok/sec: 542,457 | mfu: 22.3% | epoch: 1 | remaining: 21s    
step 01166 (93.0%) | loss: 2.915246 | lrm: 0.10 | dt: 242ms | tok/sec: 542,427 | mfu: 22.3% | epoch: 1 | remaining: 21s    
step 01167 (93.1%) | loss: 2.910651 | lrm: 0.10 | dt: 242ms | tok/sec: 542,717 | mfu: 22.3% | epoch: 1 | remaining: 20s    
step 01168 (93.2%) | loss: 2.902949 | lrm: 0.10 | dt: 242ms | tok/sec: 542,360 | mfu: 22.3% | epoch: 1 | remaining: 20s    
step 01169 (93.3%) | loss: 2.895816 | lrm: 0.10 | dt: 242ms | tok/sec: 542,429 | mfu: 22.3% | epoch: 1 | remaining: 20s    
step 01170 (93.4%) | loss: 2.894064 | lrm: 0.09 | dt: 242ms | tok/sec: 542,406 | mfu: 22.3% | epoch: 1 | remaining: 20s    
step 01171 (93.4%) | loss: 2.895663 | lrm: 0.09 | dt: 242ms | tok/sec: 542,510 | mfu: 22.3% | epoch: 1 | remaining: 19s    
step 01172 (93.5%) | loss: 2.889500 | lrm: 0.09 | dt: 242ms | tok/sec: 542,464 | mfu: 22.3% | epoch: 1 | remaining: 19s    
step 01173 (93.6%) | loss: 2.886751 | lrm: 0.09 | dt: 242ms | tok/sec: 542,472 | mfu: 22.3% | epoch: 1 | remaining: 19s    
step 01174 (93.7%) | loss: 2.884422 | lrm: 0.09 | dt: 242ms | tok/sec: 542,532 | mfu: 22.3% | epoch: 1 | remaining: 19s    
step 01175 (93.8%) | loss: 2.885918 | lrm: 0.09 | dt: 242ms | tok/sec: 542,572 | mfu: 22.3% | epoch: 1 | remaining: 18s    
step 01176 (93.8%) | loss: 2.882131 | lrm: 0.09 | dt: 242ms | tok/sec: 542,655 | mfu: 22.3% | epoch: 1 | remaining: 18s    
step 01177 (93.9%) | loss: 2.890708 | lrm: 0.09 | dt: 242ms | tok/sec: 542,470 | mfu: 22.3% | epoch: 1 | remaining: 18s    
step 01178 (94.0%) | loss: 2.892013 | lrm: 0.09 | dt: 242ms | tok/sec: 542,564 | mfu: 22.3% | epoch: 1 | remaining: 18s    
step 01179 (94.1%) | loss: 2.890808 | lrm: 0.08 | dt: 242ms | tok/sec: 542,367 | mfu: 22.3% | epoch: 1 | remaining: 18s    
step 01180 (94.2%) | loss: 2.896201 | lrm: 0.08 | dt: 242ms | tok/sec: 542,484 | mfu: 22.3% | epoch: 1 | remaining: 17s    
step 01181 (94.2%) | loss: 2.893496 | lrm: 0.08 | dt: 242ms | tok/sec: 542,565 | mfu: 22.3% | epoch: 1 | remaining: 17s    
step 01182 (94.3%) | loss: 2.896204 | lrm: 0.08 | dt: 242ms | tok/sec: 542,693 | mfu: 22.3% | epoch: 1 | remaining: 17s    
step 01183 (94.4%) | loss: 2.903537 | lrm: 0.08 | dt: 242ms | tok/sec: 542,405 | mfu: 22.3% | epoch: 1 | remaining: 17s    
step 01184 (94.5%) | loss: 2.907895 | lrm: 0.08 | dt: 242ms | tok/sec: 542,533 | mfu: 22.3% | epoch: 1 | remaining: 16s    
step 01185 (94.6%) | loss: 2.905204 | lrm: 0.08 | dt: 242ms | tok/sec: 542,519 | mfu: 22.3% | epoch: 1 | remaining: 16s    
step 01186 (94.6%) | loss: 2.912703 | lrm: 0.08 | dt: 242ms | tok/sec: 542,385 | mfu: 22.3% | epoch: 1 | remaining: 16s    
step 01187 (94.7%) | loss: 2.908854 | lrm: 0.08 | dt: 242ms | tok/sec: 542,420 | mfu: 22.3% | epoch: 1 | remaining: 16s    
step 01188 (94.8%) | loss: 2.903774 | lrm: 0.07 | dt: 242ms | tok/sec: 542,593 | mfu: 22.3% | epoch: 1 | remaining: 15s    
step 01189 (94.9%) | loss: 2.898018 | lrm: 0.07 | dt: 242ms | tok/sec: 542,570 | mfu: 22.3% | epoch: 1 | remaining: 15s    
step 01190 (95.0%) | loss: 2.902617 | lrm: 0.07 | dt: 242ms | tok/sec: 542,184 | mfu: 22.3% | epoch: 1 | remaining: 15s    
step 01191 (95.0%) | loss: 2.908911 | lrm: 0.07 | dt: 242ms | tok/sec: 542,361 | mfu: 22.3% | epoch: 1 | remaining: 15s    
step 01192 (95.1%) | loss: 2.911613 | lrm: 0.07 | dt: 242ms | tok/sec: 542,445 | mfu: 22.3% | epoch: 1 | remaining: 14s    
step 01193 (95.2%) | loss: 2.910105 | lrm: 0.07 | dt: 242ms | tok/sec: 542,356 | mfu: 22.3% | epoch: 1 | remaining: 14s    
step 01194 (95.3%) | loss: 2.902417 | lrm: 0.07 | dt: 242ms | tok/sec: 541,765 | mfu: 22.3% | epoch: 1 | remaining: 14s    
step 01195 (95.4%) | loss: 2.902462 | lrm: 0.07 | dt: 242ms | tok/sec: 542,371 | mfu: 22.3% | epoch: 1 | remaining: 14s    
step 01196 (95.5%) | loss: 2.906457 | lrm: 0.06 | dt: 242ms | tok/sec: 542,431 | mfu: 22.3% | epoch: 1 | remaining: 13s    
step 01197 (95.5%) | loss: 2.896484 | lrm: 0.06 | dt: 242ms | tok/sec: 542,434 | mfu: 22.3% | epoch: 1 | remaining: 13s    
step 01198 (95.6%) | loss: 2.891421 | lrm: 0.06 | dt: 242ms | tok/sec: 542,497 | mfu: 22.3% | epoch: 1 | remaining: 13s    
step 01199 (95.7%) | loss: 2.880837 | lrm: 0.06 | dt: 242ms | tok/sec: 542,488 | mfu: 22.3% | epoch: 1 | remaining: 13s    
step 01200 (95.8%) | loss: 2.877623 | lrm: 0.06 | dt: 242ms | tok/sec: 542,495 | mfu: 22.3% | epoch: 1 | remaining: 12s    
step 01201 (95.9%) | loss: 2.885664 | lrm: 0.06 | dt: 242ms | tok/sec: 542,562 | mfu: 22.3% | epoch: 1 | remaining: 12s    
step 01202 (95.9%) | loss: 2.890216 | lrm: 0.06 | dt: 242ms | tok/sec: 542,411 | mfu: 22.3% | epoch: 1 | remaining: 12s    
step 01203 (96.0%) | loss: 2.887362 | lrm: 0.06 | dt: 242ms | tok/sec: 542,560 | mfu: 22.3% | epoch: 1 | remaining: 12s    
step 01204 (96.1%) | loss: 2.884395 | lrm: 0.06 | dt: 242ms | tok/sec: 542,337 | mfu: 22.3% | epoch: 1 | remaining: 11s    
step 01205 (96.2%) | loss: 2.886896 | lrm: 0.05 | dt: 242ms | tok/sec: 542,537 | mfu: 22.3% | epoch: 1 | remaining: 11s    
step 01206 (96.3%) | loss: 2.886717 | lrm: 0.05 | dt: 242ms | tok/sec: 542,425 | mfu: 22.3% | epoch: 1 | remaining: 11s    
step 01207 (96.3%) | loss: 2.892774 | lrm: 0.05 | dt: 242ms | tok/sec: 542,193 | mfu: 22.3% | epoch: 1 | remaining: 11s    
step 01208 (96.4%) | loss: 2.892218 | lrm: 0.05 | dt: 242ms | tok/sec: 542,350 | mfu: 22.3% | epoch: 1 | remaining: 11s    
step 01209 (96.5%) | loss: 2.889479 | lrm: 0.05 | dt: 242ms | tok/sec: 542,672 | mfu: 22.3% | epoch: 1 | remaining: 10s    
step 01210 (96.6%) | loss: 2.893563 | lrm: 0.05 | dt: 242ms | tok/sec: 542,501 | mfu: 22.3% | epoch: 1 | remaining: 10s    
step 01211 (96.7%) | loss: 2.889564 | lrm: 0.05 | dt: 242ms | tok/sec: 542,657 | mfu: 22.3% | epoch: 1 | remaining: 10s    
step 01212 (96.7%) | loss: 2.896719 | lrm: 0.05 | dt: 242ms | tok/sec: 542,461 | mfu: 22.3% | epoch: 1 | remaining: 10s    
step 01213 (96.8%) | loss: 2.893563 | lrm: 0.05 | dt: 242ms | tok/sec: 542,538 | mfu: 22.3% | epoch: 1 | remaining: 9s    
step 01214 (96.9%) | loss: 2.891170 | lrm: 0.04 | dt: 242ms | tok/sec: 542,606 | mfu: 22.3% | epoch: 1 | remaining: 9s    
step 01215 (97.0%) | loss: 2.894026 | lrm: 0.04 | dt: 242ms | tok/sec: 542,416 | mfu: 22.3% | epoch: 1 | remaining: 9s    
step 01216 (97.1%) | loss: 2.891067 | lrm: 0.04 | dt: 242ms | tok/sec: 542,493 | mfu: 22.3% | epoch: 1 | remaining: 9s    
step 01217 (97.1%) | loss: 2.892901 | lrm: 0.04 | dt: 242ms | tok/sec: 542,552 | mfu: 22.3% | epoch: 1 | remaining: 8s    
step 01218 (97.2%) | loss: 2.891428 | lrm: 0.04 | dt: 242ms | tok/sec: 542,435 | mfu: 22.3% | epoch: 1 | remaining: 8s    
step 01219 (97.3%) | loss: 2.888743 | lrm: 0.04 | dt: 242ms | tok/sec: 542,174 | mfu: 22.3% | epoch: 1 | remaining: 8s    
step 01220 (97.4%) | loss: 2.884994 | lrm: 0.04 | dt: 242ms | tok/sec: 541,332 | mfu: 22.3% | epoch: 1 | remaining: 8s    
step 01221 (97.5%) | loss: 2.890091 | lrm: 0.04 | dt: 242ms | tok/sec: 542,393 | mfu: 22.3% | epoch: 1 | remaining: 7s    
step 01222 (97.5%) | loss: 2.890510 | lrm: 0.04 | dt: 242ms | tok/sec: 542,552 | mfu: 22.3% | epoch: 1 | remaining: 7s    
step 01223 (97.6%) | loss: 2.888291 | lrm: 0.03 | dt: 242ms | tok/sec: 542,676 | mfu: 22.3% | epoch: 1 | remaining: 7s    
step 01224 (97.7%) | loss: 2.888879 | lrm: 0.03 | dt: 242ms | tok/sec: 542,536 | mfu: 22.3% | epoch: 1 | remaining: 7s    
step 01225 (97.8%) | loss: 2.884419 | lrm: 0.03 | dt: 242ms | tok/sec: 542,569 | mfu: 22.3% | epoch: 1 | remaining: 6s    
step 01226 (97.9%) | loss: 2.878021 | lrm: 0.03 | dt: 242ms | tok/sec: 542,624 | mfu: 22.3% | epoch: 1 | remaining: 6s    
step 01227 (97.9%) | loss: 2.879653 | lrm: 0.03 | dt: 242ms | tok/sec: 542,672 | mfu: 22.3% | epoch: 1 | remaining: 6s    
step 01228 (98.0%) | loss: 2.877167 | lrm: 0.03 | dt: 242ms | tok/sec: 542,498 | mfu: 22.3% | epoch: 1 | remaining: 6s    
step 01229 (98.1%) | loss: 2.875239 | lrm: 0.03 | dt: 242ms | tok/sec: 542,381 | mfu: 22.3% | epoch: 1 | remaining: 5s    
step 01230 (98.2%) | loss: 2.874067 | lrm: 0.03 | dt: 242ms | tok/sec: 542,493 | mfu: 22.3% | epoch: 1 | remaining: 5s    
step 01231 (98.3%) | loss: 2.868986 | lrm: 0.02 | dt: 242ms | tok/sec: 542,477 | mfu: 22.3% | epoch: 1 | remaining: 5s    
step 01232 (98.4%) | loss: 2.865898 | lrm: 0.02 | dt: 242ms | tok/sec: 542,513 | mfu: 22.3% | epoch: 1 | remaining: 5s    
step 01233 (98.4%) | loss: 2.866994 | lrm: 0.02 | dt: 241ms | tok/sec: 542,816 | mfu: 22.3% | epoch: 1 | remaining: 4s    
step 01234 (98.5%) | loss: 2.869758 | lrm: 0.02 | dt: 242ms | tok/sec: 542,711 | mfu: 22.3% | epoch: 1 | remaining: 4s    
step 01235 (98.6%) | loss: 2.865860 | lrm: 0.02 | dt: 242ms | tok/sec: 542,563 | mfu: 22.3% | epoch: 1 | remaining: 4s    
step 01236 (98.7%) | loss: 2.866699 | lrm: 0.02 | dt: 242ms | tok/sec: 542,628 | mfu: 22.3% | epoch: 1 | remaining: 4s    
step 01237 (98.8%) | loss: 2.859353 | lrm: 0.02 | dt: 242ms | tok/sec: 542,611 | mfu: 22.3% | epoch: 1 | remaining: 3s    
step 01238 (98.8%) | loss: 2.860096 | lrm: 0.02 | dt: 242ms | tok/sec: 542,560 | mfu: 22.3% | epoch: 1 | remaining: 3s    
step 01239 (98.9%) | loss: 2.858475 | lrm: 0.02 | dt: 241ms | tok/sec: 542,759 | mfu: 22.3% | epoch: 1 | remaining: 3s    
step 01240 (99.0%) | loss: 2.860701 | lrm: 0.01 | dt: 242ms | tok/sec: 542,579 | mfu: 22.3% | epoch: 1 | remaining: 3s    
step 01241 (99.1%) | loss: 2.854086 | lrm: 0.01 | dt: 242ms | tok/sec: 542,599 | mfu: 22.3% | epoch: 1 | remaining: 3s    
step 01242 (99.2%) | loss: 2.859088 | lrm: 0.01 | dt: 242ms | tok/sec: 542,701 | mfu: 22.3% | epoch: 1 | remaining: 2s    
step 01243 (99.2%) | loss: 2.864284 | lrm: 0.01 | dt: 241ms | tok/sec: 542,878 | mfu: 22.3% | epoch: 1 | remaining: 2s    
step 01244 (99.3%) | loss: 2.860672 | lrm: 0.01 | dt: 242ms | tok/sec: 542,375 | mfu: 22.3% | epoch: 1 | remaining: 2s    
step 01245 (99.4%) | loss: 2.860265 | lrm: 0.01 | dt: 242ms | tok/sec: 542,569 | mfu: 22.3% | epoch: 1 | remaining: 2s    
step 01246 (99.5%) | loss: 2.864060 | lrm: 0.01 | dt: 242ms | tok/sec: 542,203 | mfu: 22.3% | epoch: 1 | remaining: 1s    
step 01247 (99.6%) | loss: 2.867034 | lrm: 0.01 | dt: 242ms | tok/sec: 542,330 | mfu: 22.3% | epoch: 1 | remaining: 1s    
step 01248 (99.6%) | loss: 2.868234 | lrm: 0.01 | dt: 242ms | tok/sec: 542,651 | mfu: 22.3% | epoch: 1 | remaining: 1s    
step 01249 (99.7%) | loss: 2.868973 | lrm: 0.00 | dt: 242ms | tok/sec: 542,310 | mfu: 22.3% | epoch: 1 | remaining: 1s    
step 01250 (99.8%) | loss: 2.867928 | lrm: 0.00 | dt: 242ms | tok/sec: 542,678 | mfu: 22.3% | epoch: 1 | remaining: 0s    
step 01251 (99.9%) | loss: 2.871472 | lrm: 0.00 | dt: 242ms | tok/sec: 542,728 | mfu: 22.3% | epoch: 1 | remaining: 0s    
step 01252 (100.0%) | loss: 2.871682 | lrm: 0.00 | dt: 242ms | tok/sec: 542,707 | mfu: 22.3% | epoch: 1 | remaining: 0s    $RLTLDR_ROOT/runner_ws/.venv/lib/python3.10/site-packages/torch/nn/attention/flex_attention.py:1687: UserWarning: flex_attention called without torch.compile() - this will use an unfused implementation that materializes the full scores matrix instead of generating a fused kernel.

SOLUTION: Use torch.compile(flex_attention)(...)

If you want to debug your score_mod/mask_mod, you can set:
torch.nn.attention.flex_attention._FLEX_ATTENTION_DISABLE_COMPILE_DEBUG = True

This will allow you to use print statements or breakpoints. Note: This doesn't work with the backwards pass and may produce incorrect results.
  _warn_once(

---
val_bpb:          1.028538
training_seconds: 300.1
total_seconds:    339.4
peak_vram_mb:     31158.9
mfu_percent:      22.33
total_tokens_M:   164.2
num_steps:        1253
num_params_M:     80.9
depth:            9
