Vocab size: 8,192
Model config: {'sequence_len': 2048, 'vocab_size': 8192, 'n_layer': 8, 'n_head': 4, 'n_kv_head': 4, 'n_embd': 512, 'window_pattern': 'L'}
Parameter counts:
  wte                     : 4,194,304
  value_embeds            : 16,777,216
  lm_head                 : 4,194,304
  transformer_matrices    : 25,166,336
  scalars                 : 16
  total                   : 50,332,176
Estimated FLOPs per token: 2.768271e+08
Scaling AdamW LRs by 1/sqrt(512/768) = 1.224745
Time budget: 300s
Gradient accumulation steps: 1

step 00000 (0.0%) | loss: 9.011469 | lrm: 1.00 | dt: 11678ms | tok/sec: 11,223 | mfu: 0.3% | epoch: 1 | remaining: 300s    
step 00001 (0.0%) | loss: 8.830220 | lrm: 1.00 | dt: 157ms | tok/sec: 833,084 | mfu: 23.3% | epoch: 1 | remaining: 300s    
step 00002 (0.0%) | loss: 8.284196 | lrm: 1.00 | dt: 151ms | tok/sec: 865,847 | mfu: 24.2% | epoch: 1 | remaining: 300s    
step 00003 (0.0%) | loss: 7.785014 | lrm: 1.00 | dt: 151ms | tok/sec: 865,616 | mfu: 24.2% | epoch: 1 | remaining: 300s    
step 00004 (0.0%) | loss: 7.438551 | lrm: 1.00 | dt: 151ms | tok/sec: 866,005 | mfu: 24.2% | epoch: 1 | remaining: 300s    
step 00005 (0.0%) | loss: 7.178002 | lrm: 1.00 | dt: 151ms | tok/sec: 865,929 | mfu: 24.2% | epoch: 1 | remaining: 300s    
step 00006 (0.0%) | loss: 6.969937 | lrm: 1.00 | dt: 151ms | tok/sec: 865,768 | mfu: 24.2% | epoch: 1 | remaining: 300s    
step 00007 (0.0%) | loss: 6.789892 | lrm: 1.00 | dt: 151ms | tok/sec: 865,832 | mfu: 24.2% | epoch: 1 | remaining: 300s    
step 00008 (0.0%) | loss: 6.638829 | lrm: 1.00 | dt: 151ms | tok/sec: 865,445 | mfu: 24.2% | epoch: 1 | remaining: 300s    
step 00009 (0.0%) | loss: 6.517053 | lrm: 1.00 | dt: 151ms | tok/sec: 865,931 | mfu: 24.2% | epoch: 1 | remaining: 300s    
step 00010 (0.0%) | loss: 6.410751 | lrm: 1.00 | dt: 154ms | tok/sec: 850,401 | mfu: 23.8% | epoch: 1 | remaining: 300s    
step 00011 (0.0%) | loss: 6.315003 | lrm: 1.00 | dt: 152ms | tok/sec: 862,551 | mfu: 24.1% | epoch: 1 | remaining: 300s    
step 00012 (0.1%) | loss: 6.236931 | lrm: 1.00 | dt: 151ms | tok/sec: 865,533 | mfu: 24.2% | epoch: 1 | remaining: 300s    
step 00013 (0.1%) | loss: 6.166964 | lrm: 1.00 | dt: 151ms | tok/sec: 865,366 | mfu: 24.2% | epoch: 1 | remaining: 300s    
step 00014 (0.2%) | loss: 6.102101 | lrm: 1.00 | dt: 151ms | tok/sec: 865,626 | mfu: 24.2% | epoch: 1 | remaining: 299s    
step 00015 (0.2%) | loss: 6.050213 | lrm: 1.00 | dt: 151ms | tok/sec: 865,622 | mfu: 24.2% | epoch: 1 | remaining: 299s    
step 00016 (0.3%) | loss: 6.004519 | lrm: 1.00 | dt: 151ms | tok/sec: 865,276 | mfu: 24.2% | epoch: 1 | remaining: 299s    
step 00017 (0.3%) | loss: 5.957546 | lrm: 1.00 | dt: 151ms | tok/sec: 865,346 | mfu: 24.2% | epoch: 1 | remaining: 299s    
step 00018 (0.4%) | loss: 5.915891 | lrm: 1.00 | dt: 151ms | tok/sec: 865,710 | mfu: 24.2% | epoch: 1 | remaining: 299s    
step 00019 (0.4%) | loss: 5.878085 | lrm: 1.00 | dt: 151ms | tok/sec: 865,242 | mfu: 24.2% | epoch: 1 | remaining: 299s    
step 00020 (0.5%) | loss: 5.847207 | lrm: 1.00 | dt: 151ms | tok/sec: 865,443 | mfu: 24.2% | epoch: 1 | remaining: 298s    
step 00021 (0.5%) | loss: 5.818629 | lrm: 1.00 | dt: 151ms | tok/sec: 865,300 | mfu: 24.2% | epoch: 1 | remaining: 298s    
step 00022 (0.6%) | loss: 5.789941 | lrm: 1.00 | dt: 151ms | tok/sec: 865,191 | mfu: 24.2% | epoch: 1 | remaining: 298s    
step 00023 (0.6%) | loss: 5.763069 | lrm: 1.00 | dt: 151ms | tok/sec: 865,588 | mfu: 24.2% | epoch: 1 | remaining: 298s    
step 00024 (0.7%) | loss: 5.738834 | lrm: 1.00 | dt: 151ms | tok/sec: 865,487 | mfu: 24.2% | epoch: 1 | remaining: 298s    
step 00025 (0.7%) | loss: 5.707250 | lrm: 1.00 | dt: 151ms | tok/sec: 865,334 | mfu: 24.2% | epoch: 1 | remaining: 298s    
step 00026 (0.8%) | loss: 5.683618 | lrm: 1.00 | dt: 151ms | tok/sec: 865,530 | mfu: 24.2% | epoch: 1 | remaining: 298s    
step 00027 (0.8%) | loss: 5.663805 | lrm: 1.00 | dt: 151ms | tok/sec: 865,270 | mfu: 24.2% | epoch: 1 | remaining: 297s    
step 00028 (0.9%) | loss: 5.644199 | lrm: 1.00 | dt: 152ms | tok/sec: 865,074 | mfu: 24.2% | epoch: 1 | remaining: 297s    
step 00029 (0.9%) | loss: 5.621220 | lrm: 1.00 | dt: 151ms | tok/sec: 865,445 | mfu: 24.2% | epoch: 1 | remaining: 297s    
step 00030 (1.0%) | loss: 5.599134 | lrm: 1.00 | dt: 151ms | tok/sec: 865,201 | mfu: 24.2% | epoch: 1 | remaining: 297s    
step 00031 (1.0%) | loss: 5.576358 | lrm: 1.00 | dt: 151ms | tok/sec: 865,253 | mfu: 24.2% | epoch: 1 | remaining: 297s    
step 00032 (1.1%) | loss: 5.552207 | lrm: 1.00 | dt: 151ms | tok/sec: 865,308 | mfu: 24.2% | epoch: 1 | remaining: 297s    
step 00033 (1.1%) | loss: 5.532322 | lrm: 1.00 | dt: 151ms | tok/sec: 865,758 | mfu: 24.2% | epoch: 1 | remaining: 297s    
step 00034 (1.2%) | loss: 5.508104 | lrm: 1.00 | dt: 152ms | tok/sec: 864,836 | mfu: 24.2% | epoch: 1 | remaining: 296s    
step 00035 (1.2%) | loss: 5.484874 | lrm: 1.00 | dt: 152ms | tok/sec: 865,122 | mfu: 24.2% | epoch: 1 | remaining: 296s    
step 00036 (1.3%) | loss: 5.465392 | lrm: 1.00 | dt: 151ms | tok/sec: 865,195 | mfu: 24.2% | epoch: 1 | remaining: 296s    
step 00037 (1.3%) | loss: 5.441006 | lrm: 1.00 | dt: 151ms | tok/sec: 865,278 | mfu: 24.2% | epoch: 1 | remaining: 296s    
step 00038 (1.4%) | loss: 5.418145 | lrm: 1.00 | dt: 151ms | tok/sec: 865,529 | mfu: 24.2% | epoch: 1 | remaining: 296s    
step 00039 (1.4%) | loss: 5.395061 | lrm: 1.00 | dt: 151ms | tok/sec: 865,578 | mfu: 24.2% | epoch: 1 | remaining: 296s    
step 00040 (1.5%) | loss: 5.372538 | lrm: 1.00 | dt: 151ms | tok/sec: 865,342 | mfu: 24.2% | epoch: 1 | remaining: 295s    
step 00041 (1.5%) | loss: 5.350091 | lrm: 1.00 | dt: 151ms | tok/sec: 865,498 | mfu: 24.2% | epoch: 1 | remaining: 295s    
step 00042 (1.6%) | loss: 5.330088 | lrm: 1.00 | dt: 151ms | tok/sec: 865,427 | mfu: 24.2% | epoch: 1 | remaining: 295s    
step 00043 (1.6%) | loss: 5.305607 | lrm: 1.00 | dt: 151ms | tok/sec: 865,367 | mfu: 24.2% | epoch: 1 | remaining: 295s    
step 00044 (1.7%) | loss: 5.284689 | lrm: 1.00 | dt: 151ms | tok/sec: 865,183 | mfu: 24.2% | epoch: 1 | remaining: 295s    
step 00045 (1.7%) | loss: 5.266330 | lrm: 1.00 | dt: 152ms | tok/sec: 864,922 | mfu: 24.2% | epoch: 1 | remaining: 295s    
step 00046 (1.8%) | loss: 5.247689 | lrm: 1.00 | dt: 153ms | tok/sec: 856,105 | mfu: 24.0% | epoch: 1 | remaining: 295s    
step 00047 (1.8%) | loss: 5.226051 | lrm: 1.00 | dt: 151ms | tok/sec: 865,228 | mfu: 24.2% | epoch: 1 | remaining: 294s    
step 00048 (1.9%) | loss: 5.206587 | lrm: 1.00 | dt: 152ms | tok/sec: 864,817 | mfu: 24.2% | epoch: 1 | remaining: 294s    
step 00049 (1.9%) | loss: 5.187189 | lrm: 1.00 | dt: 152ms | tok/sec: 864,489 | mfu: 24.2% | epoch: 1 | remaining: 294s    
step 00050 (2.0%) | loss: 5.167332 | lrm: 1.00 | dt: 152ms | tok/sec: 864,814 | mfu: 24.2% | epoch: 1 | remaining: 294s    
step 00051 (2.0%) | loss: 5.144970 | lrm: 1.00 | dt: 152ms | tok/sec: 864,810 | mfu: 24.2% | epoch: 1 | remaining: 294s    
step 00052 (2.1%) | loss: 5.120214 | lrm: 1.00 | dt: 151ms | tok/sec: 865,216 | mfu: 24.2% | epoch: 1 | remaining: 294s    
step 00053 (2.1%) | loss: 5.103116 | lrm: 1.00 | dt: 152ms | tok/sec: 865,027 | mfu: 24.2% | epoch: 1 | remaining: 293s    
step 00054 (2.2%) | loss: 5.081187 | lrm: 1.00 | dt: 152ms | tok/sec: 865,046 | mfu: 24.2% | epoch: 1 | remaining: 293s    
step 00055 (2.2%) | loss: 5.059483 | lrm: 1.00 | dt: 151ms | tok/sec: 865,217 | mfu: 24.2% | epoch: 1 | remaining: 293s    
step 00056 (2.3%) | loss: 5.037562 | lrm: 1.00 | dt: 152ms | tok/sec: 864,753 | mfu: 24.2% | epoch: 1 | remaining: 293s    
step 00057 (2.3%) | loss: 5.019953 | lrm: 1.00 | dt: 151ms | tok/sec: 865,312 | mfu: 24.2% | epoch: 1 | remaining: 293s    
step 00058 (2.4%) | loss: 5.005142 | lrm: 1.00 | dt: 152ms | tok/sec: 864,866 | mfu: 24.2% | epoch: 1 | remaining: 293s    
step 00059 (2.4%) | loss: 4.982488 | lrm: 1.00 | dt: 152ms | tok/sec: 864,778 | mfu: 24.2% | epoch: 1 | remaining: 293s    
step 00060 (2.5%) | loss: 4.962178 | lrm: 1.00 | dt: 151ms | tok/sec: 865,193 | mfu: 24.2% | epoch: 1 | remaining: 292s    
step 00061 (2.5%) | loss: 4.937305 | lrm: 1.00 | dt: 152ms | tok/sec: 864,685 | mfu: 24.2% | epoch: 1 | remaining: 292s    
step 00062 (2.6%) | loss: 4.918585 | lrm: 1.00 | dt: 152ms | tok/sec: 864,833 | mfu: 24.2% | epoch: 1 | remaining: 292s    
step 00063 (2.6%) | loss: 4.902063 | lrm: 1.00 | dt: 152ms | tok/sec: 864,941 | mfu: 24.2% | epoch: 1 | remaining: 292s    
step 00064 (2.7%) | loss: 4.885905 | lrm: 1.00 | dt: 152ms | tok/sec: 865,114 | mfu: 24.2% | epoch: 1 | remaining: 292s    
step 00065 (2.7%) | loss: 4.868361 | lrm: 1.00 | dt: 152ms | tok/sec: 864,447 | mfu: 24.2% | epoch: 1 | remaining: 292s    
step 00066 (2.8%) | loss: 4.847893 | lrm: 1.00 | dt: 152ms | tok/sec: 864,701 | mfu: 24.2% | epoch: 1 | remaining: 292s    
step 00067 (2.8%) | loss: 4.833354 | lrm: 1.00 | dt: 152ms | tok/sec: 864,292 | mfu: 24.2% | epoch: 1 | remaining: 291s    
step 00068 (2.9%) | loss: 4.816043 | lrm: 1.00 | dt: 152ms | tok/sec: 864,462 | mfu: 24.2% | epoch: 1 | remaining: 291s    
step 00069 (2.9%) | loss: 4.796051 | lrm: 1.00 | dt: 152ms | tok/sec: 864,861 | mfu: 24.2% | epoch: 1 | remaining: 291s    
step 00070 (3.0%) | loss: 4.779896 | lrm: 1.00 | dt: 152ms | tok/sec: 864,695 | mfu: 24.2% | epoch: 1 | remaining: 291s    
step 00071 (3.0%) | loss: 4.756342 | lrm: 1.00 | dt: 152ms | tok/sec: 864,869 | mfu: 24.2% | epoch: 1 | remaining: 291s    
step 00072 (3.1%) | loss: 4.740916 | lrm: 1.00 | dt: 152ms | tok/sec: 864,697 | mfu: 24.2% | epoch: 1 | remaining: 291s    
step 00073 (3.1%) | loss: 4.721334 | lrm: 1.00 | dt: 152ms | tok/sec: 864,852 | mfu: 24.2% | epoch: 1 | remaining: 290s    
step 00074 (3.2%) | loss: 4.706726 | lrm: 1.00 | dt: 152ms | tok/sec: 864,851 | mfu: 24.2% | epoch: 1 | remaining: 290s    
step 00075 (3.2%) | loss: 4.688889 | lrm: 1.00 | dt: 152ms | tok/sec: 864,941 | mfu: 24.2% | epoch: 1 | remaining: 290s    
step 00076 (3.3%) | loss: 4.669141 | lrm: 1.00 | dt: 152ms | tok/sec: 864,997 | mfu: 24.2% | epoch: 1 | remaining: 290s    
step 00077 (3.3%) | loss: 4.646706 | lrm: 1.00 | dt: 152ms | tok/sec: 864,628 | mfu: 24.2% | epoch: 1 | remaining: 290s    
step 00078 (3.4%) | loss: 4.625470 | lrm: 1.00 | dt: 152ms | tok/sec: 864,656 | mfu: 24.2% | epoch: 1 | remaining: 290s    
step 00079 (3.4%) | loss: 4.608388 | lrm: 1.00 | dt: 152ms | tok/sec: 864,835 | mfu: 24.2% | epoch: 1 | remaining: 290s    
step 00080 (3.5%) | loss: 4.590186 | lrm: 1.00 | dt: 152ms | tok/sec: 864,788 | mfu: 24.2% | epoch: 1 | remaining: 289s    
step 00081 (3.5%) | loss: 4.575026 | lrm: 1.00 | dt: 152ms | tok/sec: 864,401 | mfu: 24.2% | epoch: 1 | remaining: 289s    
step 00082 (3.6%) | loss: 4.555233 | lrm: 1.00 | dt: 154ms | tok/sec: 850,168 | mfu: 23.8% | epoch: 1 | remaining: 289s    
step 00083 (3.6%) | loss: 4.536249 | lrm: 1.00 | dt: 152ms | tok/sec: 864,568 | mfu: 24.2% | epoch: 1 | remaining: 289s    
step 00084 (3.7%) | loss: 4.517623 | lrm: 1.00 | dt: 152ms | tok/sec: 864,848 | mfu: 24.2% | epoch: 1 | remaining: 289s    
step 00085 (3.7%) | loss: 4.506022 | lrm: 1.00 | dt: 152ms | tok/sec: 864,413 | mfu: 24.2% | epoch: 1 | remaining: 289s    
step 00086 (3.8%) | loss: 4.487633 | lrm: 1.00 | dt: 152ms | tok/sec: 864,946 | mfu: 24.2% | epoch: 1 | remaining: 288s    
step 00087 (3.8%) | loss: 4.467076 | lrm: 1.00 | dt: 152ms | tok/sec: 864,854 | mfu: 24.2% | epoch: 1 | remaining: 288s    
step 00088 (3.9%) | loss: 4.452630 | lrm: 1.00 | dt: 152ms | tok/sec: 865,148 | mfu: 24.2% | epoch: 1 | remaining: 288s    
step 00089 (3.9%) | loss: 4.433732 | lrm: 1.00 | dt: 152ms | tok/sec: 864,846 | mfu: 24.2% | epoch: 1 | remaining: 288s    
step 00090 (4.0%) | loss: 4.416665 | lrm: 1.00 | dt: 152ms | tok/sec: 864,939 | mfu: 24.2% | epoch: 1 | remaining: 288s    
step 00091 (4.0%) | loss: 4.404764 | lrm: 1.00 | dt: 152ms | tok/sec: 864,720 | mfu: 24.2% | epoch: 1 | remaining: 288s    
step 00092 (4.1%) | loss: 4.388900 | lrm: 1.00 | dt: 152ms | tok/sec: 863,455 | mfu: 24.2% | epoch: 1 | remaining: 288s    
step 00093 (4.1%) | loss: 4.371405 | lrm: 1.00 | dt: 151ms | tok/sec: 865,329 | mfu: 24.2% | epoch: 1 | remaining: 287s    
step 00094 (4.2%) | loss: 4.356154 | lrm: 1.00 | dt: 152ms | tok/sec: 864,953 | mfu: 24.2% | epoch: 1 | remaining: 287s    
step 00095 (4.2%) | loss: 4.335957 | lrm: 1.00 | dt: 152ms | tok/sec: 865,016 | mfu: 24.2% | epoch: 1 | remaining: 287s    
step 00096 (4.3%) | loss: 4.320773 | lrm: 1.00 | dt: 152ms | tok/sec: 864,908 | mfu: 24.2% | epoch: 1 | remaining: 287s    
step 00097 (4.3%) | loss: 4.302395 | lrm: 1.00 | dt: 152ms | tok/sec: 864,648 | mfu: 24.2% | epoch: 1 | remaining: 287s    
step 00098 (4.4%) | loss: 4.281328 | lrm: 1.00 | dt: 152ms | tok/sec: 864,939 | mfu: 24.2% | epoch: 1 | remaining: 287s    
step 00099 (4.4%) | loss: 4.266917 | lrm: 1.00 | dt: 152ms | tok/sec: 864,541 | mfu: 24.2% | epoch: 1 | remaining: 287s    
step 00100 (4.5%) | loss: 4.258955 | lrm: 1.00 | dt: 152ms | tok/sec: 864,588 | mfu: 24.2% | epoch: 1 | remaining: 286s    
step 00101 (4.5%) | loss: 4.248648 | lrm: 1.00 | dt: 152ms | tok/sec: 864,934 | mfu: 24.2% | epoch: 1 | remaining: 286s    
step 00102 (4.6%) | loss: 4.234659 | lrm: 1.00 | dt: 152ms | tok/sec: 864,835 | mfu: 24.2% | epoch: 1 | remaining: 286s    
step 00103 (4.6%) | loss: 4.218372 | lrm: 1.00 | dt: 152ms | tok/sec: 864,563 | mfu: 24.2% | epoch: 1 | remaining: 286s    
step 00104 (4.7%) | loss: 4.206357 | lrm: 1.00 | dt: 152ms | tok/sec: 864,383 | mfu: 24.2% | epoch: 1 | remaining: 286s    
step 00105 (4.7%) | loss: 4.194225 | lrm: 1.00 | dt: 152ms | tok/sec: 864,847 | mfu: 24.2% | epoch: 1 | remaining: 286s    
step 00106 (4.8%) | loss: 4.182670 | lrm: 1.00 | dt: 152ms | tok/sec: 864,825 | mfu: 24.2% | epoch: 1 | remaining: 285s    
step 00107 (4.9%) | loss: 4.169409 | lrm: 1.00 | dt: 152ms | tok/sec: 864,873 | mfu: 24.2% | epoch: 1 | remaining: 285s    
step 00108 (4.9%) | loss: 4.152415 | lrm: 1.00 | dt: 152ms | tok/sec: 864,870 | mfu: 24.2% | epoch: 1 | remaining: 285s    
step 00109 (5.0%) | loss: 4.136465 | lrm: 1.00 | dt: 151ms | tok/sec: 865,310 | mfu: 24.2% | epoch: 1 | remaining: 285s    
step 00110 (5.0%) | loss: 4.123700 | lrm: 1.00 | dt: 152ms | tok/sec: 864,748 | mfu: 24.2% | epoch: 1 | remaining: 285s    
step 00111 (5.1%) | loss: 4.119132 | lrm: 1.00 | dt: 151ms | tok/sec: 865,243 | mfu: 24.2% | epoch: 1 | remaining: 285s    
step 00112 (5.1%) | loss: 4.111801 | lrm: 1.00 | dt: 152ms | tok/sec: 864,961 | mfu: 24.2% | epoch: 1 | remaining: 285s    
step 00113 (5.2%) | loss: 4.103600 | lrm: 1.00 | dt: 152ms | tok/sec: 864,341 | mfu: 24.2% | epoch: 1 | remaining: 284s    
step 00114 (5.2%) | loss: 4.090373 | lrm: 1.00 | dt: 152ms | tok/sec: 864,916 | mfu: 24.2% | epoch: 1 | remaining: 284s    
step 00115 (5.3%) | loss: 4.082337 | lrm: 1.00 | dt: 152ms | tok/sec: 865,125 | mfu: 24.2% | epoch: 1 | remaining: 284s    
step 00116 (5.3%) | loss: 4.075405 | lrm: 1.00 | dt: 152ms | tok/sec: 864,976 | mfu: 24.2% | epoch: 1 | remaining: 284s    
step 00117 (5.4%) | loss: 4.062812 | lrm: 1.00 | dt: 152ms | tok/sec: 864,274 | mfu: 24.2% | epoch: 1 | remaining: 284s    
step 00118 (5.4%) | loss: 4.054466 | lrm: 1.00 | dt: 152ms | tok/sec: 864,507 | mfu: 24.2% | epoch: 1 | remaining: 284s    
step 00119 (5.5%) | loss: 4.046654 | lrm: 1.00 | dt: 152ms | tok/sec: 864,446 | mfu: 24.2% | epoch: 1 | remaining: 283s    
step 00120 (5.5%) | loss: 4.042817 | lrm: 1.00 | dt: 152ms | tok/sec: 864,587 | mfu: 24.2% | epoch: 1 | remaining: 283s    
step 00121 (5.6%) | loss: 4.031424 | lrm: 1.00 | dt: 152ms | tok/sec: 864,798 | mfu: 24.2% | epoch: 1 | remaining: 283s    
step 00122 (5.6%) | loss: 4.022211 | lrm: 1.00 | dt: 152ms | tok/sec: 865,110 | mfu: 24.2% | epoch: 1 | remaining: 283s    
step 00123 (5.7%) | loss: 4.010726 | lrm: 1.00 | dt: 152ms | tok/sec: 865,122 | mfu: 24.2% | epoch: 1 | remaining: 283s    
step 00124 (5.7%) | loss: 4.001238 | lrm: 1.00 | dt: 152ms | tok/sec: 865,090 | mfu: 24.2% | epoch: 1 | remaining: 283s    
step 00125 (5.8%) | loss: 3.991362 | lrm: 1.00 | dt: 152ms | tok/sec: 864,865 | mfu: 24.2% | epoch: 1 | remaining: 283s    
step 00126 (5.8%) | loss: 3.980057 | lrm: 1.00 | dt: 152ms | tok/sec: 864,904 | mfu: 24.2% | epoch: 1 | remaining: 282s    
step 00127 (5.9%) | loss: 3.975578 | lrm: 1.00 | dt: 152ms | tok/sec: 864,745 | mfu: 24.2% | epoch: 1 | remaining: 282s    
step 00128 (5.9%) | loss: 3.972256 | lrm: 1.00 | dt: 152ms | tok/sec: 864,576 | mfu: 24.2% | epoch: 1 | remaining: 282s    
step 00129 (6.0%) | loss: 3.960105 | lrm: 1.00 | dt: 152ms | tok/sec: 864,756 | mfu: 24.2% | epoch: 1 | remaining: 282s    
step 00130 (6.0%) | loss: 3.949769 | lrm: 1.00 | dt: 152ms | tok/sec: 864,994 | mfu: 24.2% | epoch: 1 | remaining: 282s    
step 00131 (6.1%) | loss: 3.938792 | lrm: 1.00 | dt: 151ms | tok/sec: 865,216 | mfu: 24.2% | epoch: 1 | remaining: 282s    
step 00132 (6.1%) | loss: 3.935584 | lrm: 1.00 | dt: 152ms | tok/sec: 864,663 | mfu: 24.2% | epoch: 1 | remaining: 282s    
step 00133 (6.2%) | loss: 3.932100 | lrm: 1.00 | dt: 152ms | tok/sec: 864,788 | mfu: 24.2% | epoch: 1 | remaining: 281s    
step 00134 (6.2%) | loss: 3.921672 | lrm: 1.00 | dt: 152ms | tok/sec: 864,333 | mfu: 24.2% | epoch: 1 | remaining: 281s    
step 00135 (6.3%) | loss: 3.918476 | lrm: 1.00 | dt: 152ms | tok/sec: 864,514 | mfu: 24.2% | epoch: 1 | remaining: 281s    
step 00136 (6.3%) | loss: 3.910767 | lrm: 1.00 | dt: 152ms | tok/sec: 864,546 | mfu: 24.2% | epoch: 1 | remaining: 281s    
step 00137 (6.4%) | loss: 3.902919 | lrm: 1.00 | dt: 152ms | tok/sec: 864,967 | mfu: 24.2% | epoch: 1 | remaining: 281s    
step 00138 (6.4%) | loss: 3.891426 | lrm: 1.00 | dt: 152ms | tok/sec: 864,576 | mfu: 24.2% | epoch: 1 | remaining: 281s    
step 00139 (6.5%) | loss: 3.884534 | lrm: 1.00 | dt: 152ms | tok/sec: 864,632 | mfu: 24.2% | epoch: 1 | remaining: 280s    
step 00140 (6.5%) | loss: 3.873867 | lrm: 1.00 | dt: 151ms | tok/sec: 865,257 | mfu: 24.2% | epoch: 1 | remaining: 280s    
step 00141 (6.6%) | loss: 3.869449 | lrm: 1.00 | dt: 152ms | tok/sec: 864,924 | mfu: 24.2% | epoch: 1 | remaining: 280s    
step 00142 (6.6%) | loss: 3.865688 | lrm: 1.00 | dt: 152ms | tok/sec: 864,926 | mfu: 24.2% | epoch: 1 | remaining: 280s    
step 00143 (6.7%) | loss: 3.861518 | lrm: 1.00 | dt: 152ms | tok/sec: 864,813 | mfu: 24.2% | epoch: 1 | remaining: 280s    
step 00144 (6.7%) | loss: 3.856665 | lrm: 1.00 | dt: 152ms | tok/sec: 864,920 | mfu: 24.2% | epoch: 1 | remaining: 280s    
step 00145 (6.8%) | loss: 3.854680 | lrm: 1.00 | dt: 152ms | tok/sec: 864,909 | mfu: 24.2% | epoch: 1 | remaining: 280s    
step 00146 (6.8%) | loss: 3.852138 | lrm: 1.00 | dt: 152ms | tok/sec: 864,912 | mfu: 24.2% | epoch: 1 | remaining: 279s    
step 00147 (6.9%) | loss: 3.841028 | lrm: 1.00 | dt: 152ms | tok/sec: 864,880 | mfu: 24.2% | epoch: 1 | remaining: 279s    
step 00148 (6.9%) | loss: 3.841483 | lrm: 1.00 | dt: 152ms | tok/sec: 864,903 | mfu: 24.2% | epoch: 1 | remaining: 279s    
step 00149 (7.0%) | loss: 3.836838 | lrm: 1.00 | dt: 152ms | tok/sec: 864,247 | mfu: 24.2% | epoch: 1 | remaining: 279s    
step 00150 (7.0%) | loss: 3.832124 | lrm: 1.00 | dt: 152ms | tok/sec: 864,763 | mfu: 24.2% | epoch: 1 | remaining: 279s    
step 00151 (7.1%) | loss: 3.828943 | lrm: 1.00 | dt: 152ms | tok/sec: 864,582 | mfu: 24.2% | epoch: 1 | remaining: 279s    
step 00152 (7.1%) | loss: 3.822459 | lrm: 1.00 | dt: 152ms | tok/sec: 864,546 | mfu: 24.2% | epoch: 1 | remaining: 278s    
step 00153 (7.2%) | loss: 3.817894 | lrm: 1.00 | dt: 152ms | tok/sec: 864,401 | mfu: 24.2% | epoch: 1 | remaining: 278s    
step 00154 (7.2%) | loss: 3.813860 | lrm: 1.00 | dt: 152ms | tok/sec: 864,835 | mfu: 24.2% | epoch: 1 | remaining: 278s    
step 00155 (7.3%) | loss: 3.811995 | lrm: 1.00 | dt: 152ms | tok/sec: 864,606 | mfu: 24.2% | epoch: 1 | remaining: 278s    
step 00156 (7.3%) | loss: 3.808801 | lrm: 1.00 | dt: 152ms | tok/sec: 864,473 | mfu: 24.2% | epoch: 1 | remaining: 278s    
step 00157 (7.4%) | loss: 3.811951 | lrm: 1.00 | dt: 152ms | tok/sec: 864,590 | mfu: 24.2% | epoch: 1 | remaining: 278s    
step 00158 (7.4%) | loss: 3.809745 | lrm: 1.00 | dt: 152ms | tok/sec: 864,541 | mfu: 24.2% | epoch: 1 | remaining: 278s    
step 00159 (7.5%) | loss: 3.808724 | lrm: 1.00 | dt: 152ms | tok/sec: 864,190 | mfu: 24.2% | epoch: 1 | remaining: 277s    
step 00160 (7.5%) | loss: 3.799715 | lrm: 1.00 | dt: 152ms | tok/sec: 864,674 | mfu: 24.2% | epoch: 1 | remaining: 277s    
step 00161 (7.6%) | loss: 3.792856 | lrm: 1.00 | dt: 152ms | tok/sec: 864,771 | mfu: 24.2% | epoch: 1 | remaining: 277s    
step 00162 (7.6%) | loss: 3.781185 | lrm: 1.00 | dt: 152ms | tok/sec: 864,753 | mfu: 24.2% | epoch: 1 | remaining: 277s    
step 00163 (7.7%) | loss: 3.776395 | lrm: 1.00 | dt: 152ms | tok/sec: 864,564 | mfu: 24.2% | epoch: 1 | remaining: 277s    
step 00164 (7.7%) | loss: 3.768079 | lrm: 1.00 | dt: 152ms | tok/sec: 864,375 | mfu: 24.2% | epoch: 1 | remaining: 277s    
step 00165 (7.8%) | loss: 3.759402 | lrm: 1.00 | dt: 152ms | tok/sec: 864,752 | mfu: 24.2% | epoch: 1 | remaining: 277s    
step 00166 (7.8%) | loss: 3.751663 | lrm: 1.00 | dt: 152ms | tok/sec: 864,922 | mfu: 24.2% | epoch: 1 | remaining: 276s    
step 00167 (7.9%) | loss: 3.748736 | lrm: 1.00 | dt: 152ms | tok/sec: 865,007 | mfu: 24.2% | epoch: 1 | remaining: 276s    
step 00168 (7.9%) | loss: 3.753460 | lrm: 1.00 | dt: 152ms | tok/sec: 864,905 | mfu: 24.2% | epoch: 1 | remaining: 276s    
step 00169 (8.0%) | loss: 3.743654 | lrm: 1.00 | dt: 152ms | tok/sec: 864,843 | mfu: 24.2% | epoch: 1 | remaining: 276s    
step 00170 (8.0%) | loss: 3.740071 | lrm: 1.00 | dt: 152ms | tok/sec: 864,099 | mfu: 24.2% | epoch: 1 | remaining: 276s    
step 00171 (8.1%) | loss: 3.740393 | lrm: 1.00 | dt: 152ms | tok/sec: 862,210 | mfu: 24.1% | epoch: 1 | remaining: 276s    
step 00172 (8.1%) | loss: 3.734897 | lrm: 1.00 | dt: 152ms | tok/sec: 864,557 | mfu: 24.2% | epoch: 1 | remaining: 275s    
step 00173 (8.2%) | loss: 3.735439 | lrm: 1.00 | dt: 152ms | tok/sec: 864,594 | mfu: 24.2% | epoch: 1 | remaining: 275s    
step 00174 (8.2%) | loss: 3.726920 | lrm: 1.00 | dt: 152ms | tok/sec: 864,792 | mfu: 24.2% | epoch: 1 | remaining: 275s    
step 00175 (8.3%) | loss: 3.729669 | lrm: 1.00 | dt: 152ms | tok/sec: 864,682 | mfu: 24.2% | epoch: 1 | remaining: 275s    
step 00176 (8.3%) | loss: 3.730147 | lrm: 1.00 | dt: 152ms | tok/sec: 864,949 | mfu: 24.2% | epoch: 1 | remaining: 275s    
step 00177 (8.4%) | loss: 3.713227 | lrm: 1.00 | dt: 152ms | tok/sec: 864,780 | mfu: 24.2% | epoch: 1 | remaining: 275s    
step 00178 (8.4%) | loss: 3.714463 | lrm: 1.00 | dt: 152ms | tok/sec: 864,854 | mfu: 24.2% | epoch: 1 | remaining: 275s    
step 00179 (8.5%) | loss: 3.710122 | lrm: 1.00 | dt: 152ms | tok/sec: 864,923 | mfu: 24.2% | epoch: 1 | remaining: 274s    
step 00180 (8.5%) | loss: 3.704790 | lrm: 1.00 | dt: 152ms | tok/sec: 864,927 | mfu: 24.2% | epoch: 1 | remaining: 274s    
step 00181 (8.6%) | loss: 3.703098 | lrm: 1.00 | dt: 152ms | tok/sec: 864,809 | mfu: 24.2% | epoch: 1 | remaining: 274s    
step 00182 (8.6%) | loss: 3.698482 | lrm: 1.00 | dt: 152ms | tok/sec: 864,768 | mfu: 24.2% | epoch: 1 | remaining: 274s    
step 00183 (8.7%) | loss: 3.703104 | lrm: 1.00 | dt: 152ms | tok/sec: 864,281 | mfu: 24.2% | epoch: 1 | remaining: 274s    
step 00184 (8.7%) | loss: 3.695980 | lrm: 1.00 | dt: 152ms | tok/sec: 862,631 | mfu: 24.1% | epoch: 1 | remaining: 274s    
step 00185 (8.8%) | loss: 3.689685 | lrm: 1.00 | dt: 152ms | tok/sec: 862,688 | mfu: 24.1% | epoch: 1 | remaining: 273s    
step 00186 (8.8%) | loss: 3.691033 | lrm: 1.00 | dt: 152ms | tok/sec: 864,529 | mfu: 24.2% | epoch: 1 | remaining: 273s    
step 00187 (8.9%) | loss: 3.686911 | lrm: 1.00 | dt: 152ms | tok/sec: 864,544 | mfu: 24.2% | epoch: 1 | remaining: 273s    
step 00188 (8.9%) | loss: 3.677599 | lrm: 1.00 | dt: 152ms | tok/sec: 864,190 | mfu: 24.2% | epoch: 1 | remaining: 273s    
step 00189 (9.0%) | loss: 3.675666 | lrm: 1.00 | dt: 152ms | tok/sec: 864,451 | mfu: 24.2% | epoch: 1 | remaining: 273s    
step 00190 (9.0%) | loss: 3.662852 | lrm: 1.00 | dt: 152ms | tok/sec: 864,627 | mfu: 24.2% | epoch: 1 | remaining: 273s    
step 00191 (9.1%) | loss: 3.652112 | lrm: 1.00 | dt: 152ms | tok/sec: 864,610 | mfu: 24.2% | epoch: 1 | remaining: 273s    
step 00192 (9.1%) | loss: 3.650302 | lrm: 1.00 | dt: 152ms | tok/sec: 864,760 | mfu: 24.2% | epoch: 1 | remaining: 272s    
step 00193 (9.2%) | loss: 3.643895 | lrm: 1.00 | dt: 152ms | tok/sec: 864,818 | mfu: 24.2% | epoch: 1 | remaining: 272s    
step 00194 (9.2%) | loss: 3.644919 | lrm: 1.00 | dt: 152ms | tok/sec: 865,010 | mfu: 24.2% | epoch: 1 | remaining: 272s    
step 00195 (9.3%) | loss: 3.651136 | lrm: 1.00 | dt: 152ms | tok/sec: 864,752 | mfu: 24.2% | epoch: 1 | remaining: 272s    
step 00196 (9.3%) | loss: 3.653502 | lrm: 1.00 | dt: 152ms | tok/sec: 864,754 | mfu: 24.2% | epoch: 1 | remaining: 272s    
step 00197 (9.4%) | loss: 3.651143 | lrm: 1.00 | dt: 152ms | tok/sec: 864,787 | mfu: 24.2% | epoch: 1 | remaining: 272s    
step 00198 (9.4%) | loss: 3.652350 | lrm: 1.00 | dt: 152ms | tok/sec: 863,890 | mfu: 24.2% | epoch: 1 | remaining: 272s    
step 00199 (9.5%) | loss: 3.644182 | lrm: 1.00 | dt: 152ms | tok/sec: 864,482 | mfu: 24.2% | epoch: 1 | remaining: 271s    
step 00200 (9.5%) | loss: 3.639611 | lrm: 1.00 | dt: 152ms | tok/sec: 864,557 | mfu: 24.2% | epoch: 1 | remaining: 271s    
step 00201 (9.6%) | loss: 3.638527 | lrm: 1.00 | dt: 152ms | tok/sec: 864,686 | mfu: 24.2% | epoch: 1 | remaining: 271s    
step 00202 (9.7%) | loss: 3.631393 | lrm: 1.00 | dt: 152ms | tok/sec: 864,424 | mfu: 24.2% | epoch: 1 | remaining: 271s    
step 00203 (9.7%) | loss: 3.630926 | lrm: 1.00 | dt: 152ms | tok/sec: 865,020 | mfu: 24.2% | epoch: 1 | remaining: 271s    
step 00204 (9.8%) | loss: 3.624260 | lrm: 1.00 | dt: 152ms | tok/sec: 864,700 | mfu: 24.2% | epoch: 1 | remaining: 271s    
step 00205 (9.8%) | loss: 3.624609 | lrm: 1.00 | dt: 152ms | tok/sec: 864,696 | mfu: 24.2% | epoch: 1 | remaining: 270s    
step 00206 (9.9%) | loss: 3.622710 | lrm: 1.00 | dt: 152ms | tok/sec: 864,661 | mfu: 24.2% | epoch: 1 | remaining: 270s    
step 00207 (9.9%) | loss: 3.623289 | lrm: 1.00 | dt: 152ms | tok/sec: 864,412 | mfu: 24.2% | epoch: 1 | remaining: 270s    
step 00208 (10.0%) | loss: 3.621478 | lrm: 1.00 | dt: 152ms | tok/sec: 864,659 | mfu: 24.2% | epoch: 1 | remaining: 270s    
step 00209 (10.0%) | loss: 3.616947 | lrm: 1.00 | dt: 152ms | tok/sec: 864,897 | mfu: 24.2% | epoch: 1 | remaining: 270s    
step 00210 (10.1%) | loss: 3.609434 | lrm: 1.00 | dt: 152ms | tok/sec: 864,576 | mfu: 24.2% | epoch: 1 | remaining: 270s    
step 00211 (10.1%) | loss: 3.609470 | lrm: 1.00 | dt: 152ms | tok/sec: 863,125 | mfu: 24.1% | epoch: 1 | remaining: 270s    
step 00212 (10.2%) | loss: 3.606987 | lrm: 1.00 | dt: 152ms | tok/sec: 864,500 | mfu: 24.2% | epoch: 1 | remaining: 269s    
step 00213 (10.2%) | loss: 3.605931 | lrm: 1.00 | dt: 152ms | tok/sec: 864,803 | mfu: 24.2% | epoch: 1 | remaining: 269s    
step 00214 (10.3%) | loss: 3.606546 | lrm: 1.00 | dt: 152ms | tok/sec: 864,671 | mfu: 24.2% | epoch: 1 | remaining: 269s    
step 00215 (10.3%) | loss: 3.606121 | lrm: 1.00 | dt: 152ms | tok/sec: 864,313 | mfu: 24.2% | epoch: 1 | remaining: 269s    
step 00216 (10.4%) | loss: 3.604953 | lrm: 1.00 | dt: 152ms | tok/sec: 864,598 | mfu: 24.2% | epoch: 1 | remaining: 269s    
step 00217 (10.4%) | loss: 3.608553 | lrm: 1.00 | dt: 152ms | tok/sec: 864,637 | mfu: 24.2% | epoch: 1 | remaining: 269s    
step 00218 (10.5%) | loss: 3.605553 | lrm: 1.00 | dt: 152ms | tok/sec: 864,315 | mfu: 24.2% | epoch: 1 | remaining: 268s    
step 00219 (10.5%) | loss: 3.610031 | lrm: 1.00 | dt: 152ms | tok/sec: 864,608 | mfu: 24.2% | epoch: 1 | remaining: 268s    
step 00220 (10.6%) | loss: 3.613583 | lrm: 1.00 | dt: 152ms | tok/sec: 864,792 | mfu: 24.2% | epoch: 1 | remaining: 268s    
step 00221 (10.6%) | loss: 3.612592 | lrm: 1.00 | dt: 152ms | tok/sec: 864,470 | mfu: 24.2% | epoch: 1 | remaining: 268s    
step 00222 (10.7%) | loss: 3.611579 | lrm: 1.00 | dt: 152ms | tok/sec: 863,916 | mfu: 24.2% | epoch: 1 | remaining: 268s    
step 00223 (10.7%) | loss: 3.604924 | lrm: 1.00 | dt: 152ms | tok/sec: 861,964 | mfu: 24.1% | epoch: 1 | remaining: 268s    
step 00224 (10.8%) | loss: 3.605011 | lrm: 1.00 | dt: 152ms | tok/sec: 863,700 | mfu: 24.2% | epoch: 1 | remaining: 268s    
step 00225 (10.8%) | loss: 3.594682 | lrm: 1.00 | dt: 152ms | tok/sec: 864,213 | mfu: 24.2% | epoch: 1 | remaining: 267s    
step 00226 (10.9%) | loss: 3.598162 | lrm: 1.00 | dt: 152ms | tok/sec: 864,355 | mfu: 24.2% | epoch: 1 | remaining: 267s    
step 00227 (10.9%) | loss: 3.599474 | lrm: 1.00 | dt: 152ms | tok/sec: 863,696 | mfu: 24.2% | epoch: 1 | remaining: 267s    
step 00228 (11.0%) | loss: 3.594412 | lrm: 1.00 | dt: 152ms | tok/sec: 864,287 | mfu: 24.2% | epoch: 1 | remaining: 267s    
step 00229 (11.0%) | loss: 3.593444 | lrm: 1.00 | dt: 152ms | tok/sec: 863,985 | mfu: 24.2% | epoch: 1 | remaining: 267s    
step 00230 (11.1%) | loss: 3.592520 | lrm: 1.00 | dt: 152ms | tok/sec: 864,674 | mfu: 24.2% | epoch: 1 | remaining: 267s    
step 00231 (11.1%) | loss: 3.590226 | lrm: 1.00 | dt: 152ms | tok/sec: 864,753 | mfu: 24.2% | epoch: 1 | remaining: 266s    
step 00232 (11.2%) | loss: 3.587621 | lrm: 1.00 | dt: 152ms | tok/sec: 864,387 | mfu: 24.2% | epoch: 1 | remaining: 266s    
step 00233 (11.2%) | loss: 3.581615 | lrm: 1.00 | dt: 152ms | tok/sec: 864,988 | mfu: 24.2% | epoch: 1 | remaining: 266s    
step 00234 (11.3%) | loss: 3.577959 | lrm: 1.00 | dt: 152ms | tok/sec: 864,769 | mfu: 24.2% | epoch: 1 | remaining: 266s    
step 00235 (11.3%) | loss: 3.573001 | lrm: 1.00 | dt: 152ms | tok/sec: 864,952 | mfu: 24.2% | epoch: 1 | remaining: 266s    
step 00236 (11.4%) | loss: 3.572445 | lrm: 1.00 | dt: 152ms | tok/sec: 864,905 | mfu: 24.2% | epoch: 1 | remaining: 266s    
step 00237 (11.4%) | loss: 3.573076 | lrm: 1.00 | dt: 152ms | tok/sec: 864,402 | mfu: 24.2% | epoch: 1 | remaining: 266s    
step 00238 (11.5%) | loss: 3.575268 | lrm: 1.00 | dt: 152ms | tok/sec: 864,461 | mfu: 24.2% | epoch: 1 | remaining: 265s    
step 00239 (11.5%) | loss: 3.576033 | lrm: 1.00 | dt: 152ms | tok/sec: 864,637 | mfu: 24.2% | epoch: 1 | remaining: 265s    
step 00240 (11.6%) | loss: 3.570729 | lrm: 1.00 | dt: 152ms | tok/sec: 864,220 | mfu: 24.2% | epoch: 1 | remaining: 265s    
step 00241 (11.6%) | loss: 3.567586 | lrm: 1.00 | dt: 152ms | tok/sec: 864,341 | mfu: 24.2% | epoch: 1 | remaining: 265s    
step 00242 (11.7%) | loss: 3.566708 | lrm: 1.00 | dt: 152ms | tok/sec: 864,401 | mfu: 24.2% | epoch: 1 | remaining: 265s    
step 00243 (11.7%) | loss: 3.565687 | lrm: 1.00 | dt: 152ms | tok/sec: 864,744 | mfu: 24.2% | epoch: 1 | remaining: 265s    
step 00244 (11.8%) | loss: 3.560891 | lrm: 1.00 | dt: 152ms | tok/sec: 864,499 | mfu: 24.2% | epoch: 1 | remaining: 265s    
step 00245 (11.8%) | loss: 3.561733 | lrm: 1.00 | dt: 152ms | tok/sec: 864,616 | mfu: 24.2% | epoch: 1 | remaining: 264s    
step 00246 (11.9%) | loss: 3.561928 | lrm: 1.00 | dt: 152ms | tok/sec: 864,669 | mfu: 24.2% | epoch: 1 | remaining: 264s    
step 00247 (11.9%) | loss: 3.554322 | lrm: 1.00 | dt: 152ms | tok/sec: 864,795 | mfu: 24.2% | epoch: 1 | remaining: 264s    
step 00248 (12.0%) | loss: 3.557363 | lrm: 1.00 | dt: 152ms | tok/sec: 865,020 | mfu: 24.2% | epoch: 1 | remaining: 264s    
step 00249 (12.0%) | loss: 3.559402 | lrm: 1.00 | dt: 152ms | tok/sec: 864,685 | mfu: 24.2% | epoch: 1 | remaining: 264s    
step 00250 (12.1%) | loss: 3.557094 | lrm: 1.00 | dt: 152ms | tok/sec: 864,501 | mfu: 24.2% | epoch: 1 | remaining: 264s    
step 00251 (12.1%) | loss: 3.560526 | lrm: 1.00 | dt: 152ms | tok/sec: 864,719 | mfu: 24.2% | epoch: 1 | remaining: 263s    
step 00252 (12.2%) | loss: 3.554068 | lrm: 1.00 | dt: 152ms | tok/sec: 864,703 | mfu: 24.2% | epoch: 1 | remaining: 263s    
step 00253 (12.2%) | loss: 3.554233 | lrm: 1.00 | dt: 152ms | tok/sec: 864,591 | mfu: 24.2% | epoch: 1 | remaining: 263s    
step 00254 (12.3%) | loss: 3.550229 | lrm: 1.00 | dt: 152ms | tok/sec: 864,866 | mfu: 24.2% | epoch: 1 | remaining: 263s    
step 00255 (12.3%) | loss: 3.554406 | lrm: 1.00 | dt: 152ms | tok/sec: 864,711 | mfu: 24.2% | epoch: 1 | remaining: 263s    
step 00256 (12.4%) | loss: 3.549872 | lrm: 1.00 | dt: 152ms | tok/sec: 864,809 | mfu: 24.2% | epoch: 1 | remaining: 263s    
step 00257 (12.4%) | loss: 3.542131 | lrm: 1.00 | dt: 152ms | tok/sec: 862,406 | mfu: 24.1% | epoch: 1 | remaining: 263s    
step 00258 (12.5%) | loss: 3.534531 | lrm: 1.00 | dt: 152ms | tok/sec: 864,489 | mfu: 24.2% | epoch: 1 | remaining: 262s    
step 00259 (12.5%) | loss: 3.541076 | lrm: 1.00 | dt: 152ms | tok/sec: 864,945 | mfu: 24.2% | epoch: 1 | remaining: 262s    
step 00260 (12.6%) | loss: 3.539526 | lrm: 1.00 | dt: 152ms | tok/sec: 863,957 | mfu: 24.2% | epoch: 1 | remaining: 262s    
step 00261 (12.6%) | loss: 3.534956 | lrm: 1.00 | dt: 152ms | tok/sec: 864,905 | mfu: 24.2% | epoch: 1 | remaining: 262s    
step 00262 (12.7%) | loss: 3.531307 | lrm: 1.00 | dt: 152ms | tok/sec: 863,818 | mfu: 24.2% | epoch: 1 | remaining: 262s    
step 00263 (12.7%) | loss: 3.521281 | lrm: 1.00 | dt: 152ms | tok/sec: 864,540 | mfu: 24.2% | epoch: 1 | remaining: 262s    
step 00264 (12.8%) | loss: 3.522567 | lrm: 1.00 | dt: 152ms | tok/sec: 864,667 | mfu: 24.2% | epoch: 1 | remaining: 261s    
step 00265 (12.8%) | loss: 3.525088 | lrm: 1.00 | dt: 151ms | tok/sec: 865,191 | mfu: 24.2% | epoch: 1 | remaining: 261s    
step 00266 (12.9%) | loss: 3.531482 | lrm: 1.00 | dt: 152ms | tok/sec: 864,457 | mfu: 24.2% | epoch: 1 | remaining: 261s    
step 00267 (12.9%) | loss: 3.526116 | lrm: 1.00 | dt: 152ms | tok/sec: 864,914 | mfu: 24.2% | epoch: 1 | remaining: 261s    
step 00268 (13.0%) | loss: 3.532422 | lrm: 1.00 | dt: 152ms | tok/sec: 864,835 | mfu: 24.2% | epoch: 1 | remaining: 261s    
step 00269 (13.0%) | loss: 3.529538 | lrm: 1.00 | dt: 152ms | tok/sec: 864,914 | mfu: 24.2% | epoch: 1 | remaining: 261s    
step 00270 (13.1%) | loss: 3.528081 | lrm: 1.00 | dt: 152ms | tok/sec: 864,749 | mfu: 24.2% | epoch: 1 | remaining: 261s    
step 00271 (13.1%) | loss: 3.529822 | lrm: 1.00 | dt: 152ms | tok/sec: 864,809 | mfu: 24.2% | epoch: 1 | remaining: 260s    
step 00272 (13.2%) | loss: 3.527147 | lrm: 1.00 | dt: 152ms | tok/sec: 864,703 | mfu: 24.2% | epoch: 1 | remaining: 260s    
step 00273 (13.2%) | loss: 3.529164 | lrm: 1.00 | dt: 152ms | tok/sec: 864,897 | mfu: 24.2% | epoch: 1 | remaining: 260s    
step 00274 (13.3%) | loss: 3.530565 | lrm: 1.00 | dt: 152ms | tok/sec: 864,578 | mfu: 24.2% | epoch: 1 | remaining: 260s    
step 00275 (13.3%) | loss: 3.528586 | lrm: 1.00 | dt: 152ms | tok/sec: 864,515 | mfu: 24.2% | epoch: 1 | remaining: 260s    
step 00276 (13.4%) | loss: 3.529299 | lrm: 1.00 | dt: 152ms | tok/sec: 864,420 | mfu: 24.2% | epoch: 1 | remaining: 260s    
step 00277 (13.4%) | loss: 3.528015 | lrm: 1.00 | dt: 152ms | tok/sec: 863,836 | mfu: 24.2% | epoch: 1 | remaining: 260s    
step 00278 (13.5%) | loss: 3.524659 | lrm: 1.00 | dt: 152ms | tok/sec: 864,120 | mfu: 24.2% | epoch: 1 | remaining: 259s    
step 00279 (13.5%) | loss: 3.529909 | lrm: 1.00 | dt: 152ms | tok/sec: 864,429 | mfu: 24.2% | epoch: 1 | remaining: 259s    
step 00280 (13.6%) | loss: 3.527035 | lrm: 1.00 | dt: 152ms | tok/sec: 864,474 | mfu: 24.2% | epoch: 1 | remaining: 259s    
step 00281 (13.6%) | loss: 3.522324 | lrm: 1.00 | dt: 152ms | tok/sec: 864,507 | mfu: 24.2% | epoch: 1 | remaining: 259s    
step 00282 (13.7%) | loss: 3.520170 | lrm: 1.00 | dt: 152ms | tok/sec: 864,314 | mfu: 24.2% | epoch: 1 | remaining: 259s    
step 00283 (13.7%) | loss: 3.517545 | lrm: 1.00 | dt: 152ms | tok/sec: 864,533 | mfu: 24.2% | epoch: 1 | remaining: 259s    
step 00284 (13.8%) | loss: 3.509716 | lrm: 1.00 | dt: 152ms | tok/sec: 864,597 | mfu: 24.2% | epoch: 1 | remaining: 258s    
step 00285 (13.8%) | loss: 3.509959 | lrm: 1.00 | dt: 152ms | tok/sec: 864,496 | mfu: 24.2% | epoch: 1 | remaining: 258s    
step 00286 (13.9%) | loss: 3.521201 | lrm: 1.00 | dt: 152ms | tok/sec: 864,647 | mfu: 24.2% | epoch: 1 | remaining: 258s    
step 00287 (13.9%) | loss: 3.517357 | lrm: 1.00 | dt: 152ms | tok/sec: 864,329 | mfu: 24.2% | epoch: 1 | remaining: 258s    
step 00288 (14.0%) | loss: 3.502798 | lrm: 1.00 | dt: 152ms | tok/sec: 864,545 | mfu: 24.2% | epoch: 1 | remaining: 258s    
step 00289 (14.0%) | loss: 3.499383 | lrm: 1.00 | dt: 152ms | tok/sec: 864,629 | mfu: 24.2% | epoch: 1 | remaining: 258s    
step 00290 (14.1%) | loss: 3.495926 | lrm: 1.00 | dt: 152ms | tok/sec: 864,652 | mfu: 24.2% | epoch: 1 | remaining: 258s    
step 00291 (14.1%) | loss: 3.496058 | lrm: 1.00 | dt: 152ms | tok/sec: 864,537 | mfu: 24.2% | epoch: 1 | remaining: 257s    
step 00292 (14.2%) | loss: 3.501378 | lrm: 1.00 | dt: 152ms | tok/sec: 864,813 | mfu: 24.2% | epoch: 1 | remaining: 257s    
step 00293 (14.2%) | loss: 3.504675 | lrm: 1.00 | dt: 152ms | tok/sec: 864,227 | mfu: 24.2% | epoch: 1 | remaining: 257s    
step 00294 (14.3%) | loss: 3.494080 | lrm: 1.00 | dt: 152ms | tok/sec: 863,916 | mfu: 24.2% | epoch: 1 | remaining: 257s    
step 00295 (14.4%) | loss: 3.491627 | lrm: 1.00 | dt: 152ms | tok/sec: 862,648 | mfu: 24.1% | epoch: 1 | remaining: 257s    
step 00296 (14.4%) | loss: 3.492802 | lrm: 1.00 | dt: 152ms | tok/sec: 864,132 | mfu: 24.2% | epoch: 1 | remaining: 257s    
step 00297 (14.5%) | loss: 3.495110 | lrm: 1.00 | dt: 152ms | tok/sec: 864,482 | mfu: 24.2% | epoch: 1 | remaining: 256s    
step 00298 (14.5%) | loss: 3.489779 | lrm: 1.00 | dt: 152ms | tok/sec: 864,535 | mfu: 24.2% | epoch: 1 | remaining: 256s    
step 00299 (14.6%) | loss: 3.487886 | lrm: 1.00 | dt: 152ms | tok/sec: 864,390 | mfu: 24.2% | epoch: 1 | remaining: 256s    
step 00300 (14.6%) | loss: 3.485460 | lrm: 1.00 | dt: 152ms | tok/sec: 864,394 | mfu: 24.2% | epoch: 1 | remaining: 256s    
step 00301 (14.7%) | loss: 3.486281 | lrm: 1.00 | dt: 152ms | tok/sec: 864,688 | mfu: 24.2% | epoch: 1 | remaining: 256s    
step 00302 (14.7%) | loss: 3.488015 | lrm: 1.00 | dt: 152ms | tok/sec: 864,238 | mfu: 24.2% | epoch: 1 | remaining: 256s    
step 00303 (14.8%) | loss: 3.487721 | lrm: 1.00 | dt: 152ms | tok/sec: 864,515 | mfu: 24.2% | epoch: 1 | remaining: 256s    
step 00304 (14.8%) | loss: 3.489261 | lrm: 1.00 | dt: 152ms | tok/sec: 864,357 | mfu: 24.2% | epoch: 1 | remaining: 255s    
step 00305 (14.9%) | loss: 3.484621 | lrm: 1.00 | dt: 152ms | tok/sec: 864,779 | mfu: 24.2% | epoch: 1 | remaining: 255s    
step 00306 (14.9%) | loss: 3.488723 | lrm: 1.00 | dt: 152ms | tok/sec: 864,431 | mfu: 24.2% | epoch: 1 | remaining: 255s    
step 00307 (15.0%) | loss: 3.486119 | lrm: 1.00 | dt: 152ms | tok/sec: 865,125 | mfu: 24.2% | epoch: 1 | remaining: 255s    
step 00308 (15.0%) | loss: 3.483906 | lrm: 1.00 | dt: 152ms | tok/sec: 864,481 | mfu: 24.2% | epoch: 1 | remaining: 255s    
step 00309 (15.1%) | loss: 3.489058 | lrm: 1.00 | dt: 152ms | tok/sec: 864,756 | mfu: 24.2% | epoch: 1 | remaining: 255s    
step 00310 (15.1%) | loss: 3.492967 | lrm: 1.00 | dt: 152ms | tok/sec: 863,786 | mfu: 24.2% | epoch: 1 | remaining: 255s    
step 00311 (15.2%) | loss: 3.496205 | lrm: 1.00 | dt: 152ms | tok/sec: 863,179 | mfu: 24.1% | epoch: 1 | remaining: 254s    
step 00312 (15.2%) | loss: 3.494852 | lrm: 1.00 | dt: 152ms | tok/sec: 864,241 | mfu: 24.2% | epoch: 1 | remaining: 254s    
step 00313 (15.3%) | loss: 3.501025 | lrm: 1.00 | dt: 152ms | tok/sec: 864,360 | mfu: 24.2% | epoch: 1 | remaining: 254s    
step 00314 (15.3%) | loss: 3.493711 | lrm: 1.00 | dt: 152ms | tok/sec: 863,932 | mfu: 24.2% | epoch: 1 | remaining: 254s    
step 00315 (15.4%) | loss: 3.486236 | lrm: 1.00 | dt: 152ms | tok/sec: 862,241 | mfu: 24.1% | epoch: 1 | remaining: 254s    
step 00316 (15.4%) | loss: 3.479239 | lrm: 1.00 | dt: 152ms | tok/sec: 862,918 | mfu: 24.1% | epoch: 1 | remaining: 254s    
step 00317 (15.5%) | loss: 3.477486 | lrm: 1.00 | dt: 152ms | tok/sec: 864,467 | mfu: 24.2% | epoch: 1 | remaining: 253s    
step 00318 (15.5%) | loss: 3.469419 | lrm: 1.00 | dt: 152ms | tok/sec: 864,086 | mfu: 24.2% | epoch: 1 | remaining: 253s    
step 00319 (15.6%) | loss: 3.472880 | lrm: 1.00 | dt: 152ms | tok/sec: 864,367 | mfu: 24.2% | epoch: 1 | remaining: 253s    
step 00320 (15.6%) | loss: 3.471183 | lrm: 1.00 | dt: 152ms | tok/sec: 864,372 | mfu: 24.2% | epoch: 1 | remaining: 253s    
step 00321 (15.7%) | loss: 3.470136 | lrm: 1.00 | dt: 152ms | tok/sec: 864,472 | mfu: 24.2% | epoch: 1 | remaining: 253s    
step 00322 (15.7%) | loss: 3.466191 | lrm: 1.00 | dt: 152ms | tok/sec: 864,620 | mfu: 24.2% | epoch: 1 | remaining: 253s    
step 00323 (15.8%) | loss: 3.465666 | lrm: 1.00 | dt: 152ms | tok/sec: 864,423 | mfu: 24.2% | epoch: 1 | remaining: 253s    
step 00324 (15.8%) | loss: 3.469610 | lrm: 1.00 | dt: 152ms | tok/sec: 864,643 | mfu: 24.2% | epoch: 1 | remaining: 252s    
step 00325 (15.9%) | loss: 3.464048 | lrm: 1.00 | dt: 152ms | tok/sec: 864,978 | mfu: 24.2% | epoch: 1 | remaining: 252s    
step 00326 (15.9%) | loss: 3.464483 | lrm: 1.00 | dt: 152ms | tok/sec: 864,451 | mfu: 24.2% | epoch: 1 | remaining: 252s    
step 00327 (16.0%) | loss: 3.456200 | lrm: 1.00 | dt: 152ms | tok/sec: 864,780 | mfu: 24.2% | epoch: 1 | remaining: 252s    
step 00328 (16.0%) | loss: 3.455963 | lrm: 1.00 | dt: 152ms | tok/sec: 864,504 | mfu: 24.2% | epoch: 1 | remaining: 252s    
step 00329 (16.1%) | loss: 3.459105 | lrm: 1.00 | dt: 152ms | tok/sec: 864,756 | mfu: 24.2% | epoch: 1 | remaining: 252s    
step 00330 (16.1%) | loss: 3.460910 | lrm: 1.00 | dt: 152ms | tok/sec: 864,899 | mfu: 24.2% | epoch: 1 | remaining: 251s    
step 00331 (16.2%) | loss: 3.454564 | lrm: 1.00 | dt: 152ms | tok/sec: 864,820 | mfu: 24.2% | epoch: 1 | remaining: 251s    
step 00332 (16.2%) | loss: 3.459125 | lrm: 1.00 | dt: 152ms | tok/sec: 864,610 | mfu: 24.2% | epoch: 1 | remaining: 251s    
step 00333 (16.3%) | loss: 3.456939 | lrm: 1.00 | dt: 152ms | tok/sec: 864,588 | mfu: 24.2% | epoch: 1 | remaining: 251s    
step 00334 (16.3%) | loss: 3.457839 | lrm: 1.00 | dt: 152ms | tok/sec: 864,569 | mfu: 24.2% | epoch: 1 | remaining: 251s    
step 00335 (16.4%) | loss: 3.453246 | lrm: 1.00 | dt: 152ms | tok/sec: 864,018 | mfu: 24.2% | epoch: 1 | remaining: 251s    
step 00336 (16.4%) | loss: 3.448830 | lrm: 1.00 | dt: 152ms | tok/sec: 864,642 | mfu: 24.2% | epoch: 1 | remaining: 251s    
step 00337 (16.5%) | loss: 3.447828 | lrm: 1.00 | dt: 152ms | tok/sec: 864,831 | mfu: 24.2% | epoch: 1 | remaining: 250s    
step 00338 (16.5%) | loss: 3.450089 | lrm: 1.00 | dt: 152ms | tok/sec: 864,288 | mfu: 24.2% | epoch: 1 | remaining: 250s    
step 00339 (16.6%) | loss: 3.445269 | lrm: 1.00 | dt: 152ms | tok/sec: 864,862 | mfu: 24.2% | epoch: 1 | remaining: 250s    
step 00340 (16.6%) | loss: 3.441137 | lrm: 1.00 | dt: 152ms | tok/sec: 864,621 | mfu: 24.2% | epoch: 1 | remaining: 250s    
step 00341 (16.7%) | loss: 3.437240 | lrm: 1.00 | dt: 152ms | tok/sec: 864,361 | mfu: 24.2% | epoch: 1 | remaining: 250s    
step 00342 (16.7%) | loss: 3.442717 | lrm: 1.00 | dt: 152ms | tok/sec: 864,178 | mfu: 24.2% | epoch: 1 | remaining: 250s    
step 00343 (16.8%) | loss: 3.447744 | lrm: 1.00 | dt: 152ms | tok/sec: 864,136 | mfu: 24.2% | epoch: 1 | remaining: 250s    
step 00344 (16.8%) | loss: 3.453000 | lrm: 1.00 | dt: 152ms | tok/sec: 862,781 | mfu: 24.1% | epoch: 1 | remaining: 249s    
step 00345 (16.9%) | loss: 3.449853 | lrm: 1.00 | dt: 152ms | tok/sec: 863,710 | mfu: 24.2% | epoch: 1 | remaining: 249s    
step 00346 (16.9%) | loss: 3.442878 | lrm: 1.00 | dt: 152ms | tok/sec: 863,959 | mfu: 24.2% | epoch: 1 | remaining: 249s    
step 00347 (17.0%) | loss: 3.449368 | lrm: 1.00 | dt: 152ms | tok/sec: 864,109 | mfu: 24.2% | epoch: 1 | remaining: 249s    
step 00348 (17.0%) | loss: 3.450831 | lrm: 1.00 | dt: 152ms | tok/sec: 863,780 | mfu: 24.2% | epoch: 1 | remaining: 249s    
step 00349 (17.1%) | loss: 3.445043 | lrm: 1.00 | dt: 152ms | tok/sec: 864,098 | mfu: 24.2% | epoch: 1 | remaining: 249s    
step 00350 (17.1%) | loss: 3.442840 | lrm: 1.00 | dt: 152ms | tok/sec: 863,904 | mfu: 24.2% | epoch: 1 | remaining: 248s    
step 00351 (17.2%) | loss: 3.441206 | lrm: 1.00 | dt: 152ms | tok/sec: 863,923 | mfu: 24.2% | epoch: 1 | remaining: 248s    
step 00352 (17.2%) | loss: 3.444659 | lrm: 1.00 | dt: 152ms | tok/sec: 863,651 | mfu: 24.2% | epoch: 1 | remaining: 248s    
step 00353 (17.3%) | loss: 3.443907 | lrm: 1.00 | dt: 152ms | tok/sec: 863,583 | mfu: 24.2% | epoch: 1 | remaining: 248s    
step 00354 (17.3%) | loss: 3.436299 | lrm: 1.00 | dt: 152ms | tok/sec: 863,722 | mfu: 24.2% | epoch: 1 | remaining: 248s    
step 00355 (17.4%) | loss: 3.432977 | lrm: 1.00 | dt: 152ms | tok/sec: 863,817 | mfu: 24.2% | epoch: 1 | remaining: 248s    
step 00356 (17.4%) | loss: 3.433407 | lrm: 1.00 | dt: 152ms | tok/sec: 862,659 | mfu: 24.1% | epoch: 1 | remaining: 248s    
step 00357 (17.5%) | loss: 3.436536 | lrm: 1.00 | dt: 152ms | tok/sec: 863,707 | mfu: 24.2% | epoch: 1 | remaining: 247s    
step 00358 (17.5%) | loss: 3.428697 | lrm: 1.00 | dt: 152ms | tok/sec: 864,033 | mfu: 24.2% | epoch: 1 | remaining: 247s    
step 00359 (17.6%) | loss: 3.426274 | lrm: 1.00 | dt: 152ms | tok/sec: 863,739 | mfu: 24.2% | epoch: 1 | remaining: 247s    
step 00360 (17.6%) | loss: 3.422282 | lrm: 1.00 | dt: 152ms | tok/sec: 863,927 | mfu: 24.2% | epoch: 1 | remaining: 247s    
step 00361 (17.7%) | loss: 3.420000 | lrm: 1.00 | dt: 152ms | tok/sec: 864,008 | mfu: 24.2% | epoch: 1 | remaining: 247s    
step 00362 (17.7%) | loss: 3.420101 | lrm: 1.00 | dt: 152ms | tok/sec: 863,988 | mfu: 24.2% | epoch: 1 | remaining: 247s    
step 00363 (17.8%) | loss: 3.421427 | lrm: 1.00 | dt: 152ms | tok/sec: 864,182 | mfu: 24.2% | epoch: 1 | remaining: 246s    
step 00364 (17.8%) | loss: 3.427306 | lrm: 1.00 | dt: 152ms | tok/sec: 863,710 | mfu: 24.2% | epoch: 1 | remaining: 246s    
step 00365 (17.9%) | loss: 3.422273 | lrm: 1.00 | dt: 152ms | tok/sec: 863,704 | mfu: 24.2% | epoch: 1 | remaining: 246s    
step 00366 (17.9%) | loss: 3.420145 | lrm: 1.00 | dt: 152ms | tok/sec: 863,419 | mfu: 24.2% | epoch: 1 | remaining: 246s    
step 00367 (18.0%) | loss: 3.417760 | lrm: 1.00 | dt: 152ms | tok/sec: 863,972 | mfu: 24.2% | epoch: 1 | remaining: 246s    
step 00368 (18.0%) | loss: 3.418113 | lrm: 1.00 | dt: 152ms | tok/sec: 864,238 | mfu: 24.2% | epoch: 1 | remaining: 246s    
step 00369 (18.1%) | loss: 3.411526 | lrm: 1.00 | dt: 152ms | tok/sec: 864,006 | mfu: 24.2% | epoch: 1 | remaining: 246s    
step 00370 (18.1%) | loss: 3.403727 | lrm: 1.00 | dt: 152ms | tok/sec: 864,235 | mfu: 24.2% | epoch: 1 | remaining: 245s    
step 00371 (18.2%) | loss: 3.406621 | lrm: 1.00 | dt: 152ms | tok/sec: 863,674 | mfu: 24.2% | epoch: 1 | remaining: 245s    
step 00372 (18.2%) | loss: 3.406276 | lrm: 1.00 | dt: 152ms | tok/sec: 863,905 | mfu: 24.2% | epoch: 1 | remaining: 245s    
step 00373 (18.3%) | loss: 3.410144 | lrm: 1.00 | dt: 152ms | tok/sec: 863,889 | mfu: 24.2% | epoch: 1 | remaining: 245s    
step 00374 (18.3%) | loss: 3.409452 | lrm: 1.00 | dt: 152ms | tok/sec: 864,023 | mfu: 24.2% | epoch: 1 | remaining: 245s    
step 00375 (18.4%) | loss: 3.415252 | lrm: 1.00 | dt: 152ms | tok/sec: 864,090 | mfu: 24.2% | epoch: 1 | remaining: 245s    
step 00376 (18.4%) | loss: 3.415713 | lrm: 1.00 | dt: 152ms | tok/sec: 864,183 | mfu: 24.2% | epoch: 1 | remaining: 245s    
step 00377 (18.5%) | loss: 3.412200 | lrm: 1.00 | dt: 152ms | tok/sec: 864,458 | mfu: 24.2% | epoch: 1 | remaining: 244s    
step 00378 (18.5%) | loss: 3.412661 | lrm: 1.00 | dt: 152ms | tok/sec: 864,192 | mfu: 24.2% | epoch: 1 | remaining: 244s    
step 00379 (18.6%) | loss: 3.411072 | lrm: 1.00 | dt: 152ms | tok/sec: 864,088 | mfu: 24.2% | epoch: 1 | remaining: 244s    
step 00380 (18.6%) | loss: 3.411250 | lrm: 1.00 | dt: 152ms | tok/sec: 863,970 | mfu: 24.2% | epoch: 1 | remaining: 244s    
step 00381 (18.7%) | loss: 3.415335 | lrm: 1.00 | dt: 152ms | tok/sec: 863,566 | mfu: 24.2% | epoch: 1 | remaining: 244s    
step 00382 (18.7%) | loss: 3.417371 | lrm: 1.00 | dt: 152ms | tok/sec: 863,631 | mfu: 24.2% | epoch: 1 | remaining: 244s    
step 00383 (18.8%) | loss: 3.418185 | lrm: 1.00 | dt: 152ms | tok/sec: 863,904 | mfu: 24.2% | epoch: 1 | remaining: 243s    
step 00384 (18.9%) | loss: 3.417369 | lrm: 1.00 | dt: 152ms | tok/sec: 864,156 | mfu: 24.2% | epoch: 1 | remaining: 243s    
step 00385 (18.9%) | loss: 3.420675 | lrm: 1.00 | dt: 152ms | tok/sec: 863,974 | mfu: 24.2% | epoch: 1 | remaining: 243s    
step 00386 (19.0%) | loss: 3.422492 | lrm: 1.00 | dt: 152ms | tok/sec: 863,621 | mfu: 24.2% | epoch: 1 | remaining: 243s    
step 00387 (19.0%) | loss: 3.424467 | lrm: 1.00 | dt: 152ms | tok/sec: 863,531 | mfu: 24.2% | epoch: 1 | remaining: 243s    
step 00388 (19.1%) | loss: 3.415048 | lrm: 1.00 | dt: 152ms | tok/sec: 863,677 | mfu: 24.2% | epoch: 1 | remaining: 243s    
step 00389 (19.1%) | loss: 3.413276 | lrm: 1.00 | dt: 152ms | tok/sec: 863,513 | mfu: 24.2% | epoch: 1 | remaining: 243s    
step 00390 (19.2%) | loss: 3.411717 | lrm: 1.00 | dt: 152ms | tok/sec: 863,972 | mfu: 24.2% | epoch: 1 | remaining: 242s    
step 00391 (19.2%) | loss: 3.404794 | lrm: 1.00 | dt: 152ms | tok/sec: 863,699 | mfu: 24.2% | epoch: 1 | remaining: 242s    
step 00392 (19.3%) | loss: 3.405476 | lrm: 1.00 | dt: 152ms | tok/sec: 863,726 | mfu: 24.2% | epoch: 1 | remaining: 242s    
step 00393 (19.3%) | loss: 3.402923 | lrm: 1.00 | dt: 152ms | tok/sec: 863,790 | mfu: 24.2% | epoch: 1 | remaining: 242s    
step 00394 (19.4%) | loss: 3.403872 | lrm: 1.00 | dt: 152ms | tok/sec: 864,357 | mfu: 24.2% | epoch: 1 | remaining: 242s    
step 00395 (19.4%) | loss: 3.405589 | lrm: 1.00 | dt: 152ms | tok/sec: 863,900 | mfu: 24.2% | epoch: 1 | remaining: 242s    
step 00396 (19.5%) | loss: 3.404005 | lrm: 1.00 | dt: 152ms | tok/sec: 863,502 | mfu: 24.2% | epoch: 1 | remaining: 241s    
step 00397 (19.5%) | loss: 3.399134 | lrm: 1.00 | dt: 152ms | tok/sec: 863,564 | mfu: 24.2% | epoch: 1 | remaining: 241s    
step 00398 (19.6%) | loss: 3.395078 | lrm: 1.00 | dt: 152ms | tok/sec: 862,998 | mfu: 24.1% | epoch: 1 | remaining: 241s    
step 00399 (19.6%) | loss: 3.395542 | lrm: 1.00 | dt: 152ms | tok/sec: 861,790 | mfu: 24.1% | epoch: 1 | remaining: 241s    
step 00400 (19.7%) | loss: 3.398557 | lrm: 1.00 | dt: 152ms | tok/sec: 863,220 | mfu: 24.1% | epoch: 1 | remaining: 241s    
step 00401 (19.7%) | loss: 3.394538 | lrm: 1.00 | dt: 152ms | tok/sec: 863,545 | mfu: 24.2% | epoch: 1 | remaining: 241s    
step 00402 (19.8%) | loss: 3.393116 | lrm: 1.00 | dt: 152ms | tok/sec: 863,392 | mfu: 24.2% | epoch: 1 | remaining: 241s    
step 00403 (19.8%) | loss: 3.394856 | lrm: 1.00 | dt: 152ms | tok/sec: 863,661 | mfu: 24.2% | epoch: 1 | remaining: 240s    
step 00404 (19.9%) | loss: 3.397149 | lrm: 1.00 | dt: 152ms | tok/sec: 863,483 | mfu: 24.2% | epoch: 1 | remaining: 240s    
step 00405 (19.9%) | loss: 3.392206 | lrm: 1.00 | dt: 152ms | tok/sec: 863,564 | mfu: 24.2% | epoch: 1 | remaining: 240s    
step 00406 (20.0%) | loss: 3.381983 | lrm: 1.00 | dt: 152ms | tok/sec: 863,571 | mfu: 24.2% | epoch: 1 | remaining: 240s    
step 00407 (20.0%) | loss: 3.382465 | lrm: 1.00 | dt: 152ms | tok/sec: 863,545 | mfu: 24.2% | epoch: 1 | remaining: 240s    
step 00408 (20.1%) | loss: 3.378634 | lrm: 1.00 | dt: 152ms | tok/sec: 863,426 | mfu: 24.2% | epoch: 1 | remaining: 240s    
step 00409 (20.1%) | loss: 3.375352 | lrm: 1.00 | dt: 152ms | tok/sec: 864,155 | mfu: 24.2% | epoch: 1 | remaining: 240s    
step 00410 (20.2%) | loss: 3.373425 | lrm: 1.00 | dt: 152ms | tok/sec: 864,616 | mfu: 24.2% | epoch: 1 | remaining: 239s    
step 00411 (20.2%) | loss: 3.372545 | lrm: 1.00 | dt: 152ms | tok/sec: 864,673 | mfu: 24.2% | epoch: 1 | remaining: 239s    
step 00412 (20.3%) | loss: 3.369581 | lrm: 1.00 | dt: 152ms | tok/sec: 864,380 | mfu: 24.2% | epoch: 1 | remaining: 239s    
step 00413 (20.3%) | loss: 3.367006 | lrm: 1.00 | dt: 152ms | tok/sec: 864,159 | mfu: 24.2% | epoch: 1 | remaining: 239s    
step 00414 (20.4%) | loss: 3.367179 | lrm: 1.00 | dt: 152ms | tok/sec: 864,332 | mfu: 24.2% | epoch: 1 | remaining: 239s    
step 00415 (20.4%) | loss: 3.369074 | lrm: 1.00 | dt: 152ms | tok/sec: 863,563 | mfu: 24.2% | epoch: 1 | remaining: 239s    
step 00416 (20.5%) | loss: 3.361696 | lrm: 1.00 | dt: 152ms | tok/sec: 862,353 | mfu: 24.1% | epoch: 1 | remaining: 238s    
step 00417 (20.5%) | loss: 3.349654 | lrm: 1.00 | dt: 152ms | tok/sec: 864,569 | mfu: 24.2% | epoch: 1 | remaining: 238s    
step 00418 (20.6%) | loss: 3.342998 | lrm: 1.00 | dt: 152ms | tok/sec: 864,643 | mfu: 24.2% | epoch: 1 | remaining: 238s    
step 00419 (20.6%) | loss: 3.338521 | lrm: 1.00 | dt: 152ms | tok/sec: 864,707 | mfu: 24.2% | epoch: 1 | remaining: 238s    
step 00420 (20.7%) | loss: 3.338252 | lrm: 1.00 | dt: 152ms | tok/sec: 864,885 | mfu: 24.2% | epoch: 1 | remaining: 238s    
step 00421 (20.7%) | loss: 3.336432 | lrm: 1.00 | dt: 152ms | tok/sec: 864,673 | mfu: 24.2% | epoch: 1 | remaining: 238s    
step 00422 (20.8%) | loss: 3.334519 | lrm: 1.00 | dt: 152ms | tok/sec: 864,835 | mfu: 24.2% | epoch: 1 | remaining: 238s    
step 00423 (20.8%) | loss: 3.344566 | lrm: 1.00 | dt: 152ms | tok/sec: 864,772 | mfu: 24.2% | epoch: 1 | remaining: 237s    
step 00424 (20.9%) | loss: 3.341113 | lrm: 1.00 | dt: 152ms | tok/sec: 864,982 | mfu: 24.2% | epoch: 1 | remaining: 237s    
step 00425 (20.9%) | loss: 3.342592 | lrm: 1.00 | dt: 152ms | tok/sec: 864,818 | mfu: 24.2% | epoch: 1 | remaining: 237s    
step 00426 (21.0%) | loss: 3.345590 | lrm: 1.00 | dt: 152ms | tok/sec: 864,763 | mfu: 24.2% | epoch: 1 | remaining: 237s    
step 00427 (21.0%) | loss: 3.350450 | lrm: 1.00 | dt: 152ms | tok/sec: 864,741 | mfu: 24.2% | epoch: 1 | remaining: 237s    
step 00428 (21.1%) | loss: 3.352238 | lrm: 1.00 | dt: 152ms | tok/sec: 864,735 | mfu: 24.2% | epoch: 1 | remaining: 237s    
step 00429 (21.1%) | loss: 3.349283 | lrm: 1.00 | dt: 152ms | tok/sec: 864,933 | mfu: 24.2% | epoch: 1 | remaining: 236s    
step 00430 (21.2%) | loss: 3.346808 | lrm: 1.00 | dt: 152ms | tok/sec: 864,870 | mfu: 24.2% | epoch: 1 | remaining: 236s    
step 00431 (21.2%) | loss: 3.344691 | lrm: 1.00 | dt: 152ms | tok/sec: 864,423 | mfu: 24.2% | epoch: 1 | remaining: 236s    
step 00432 (21.3%) | loss: 3.349606 | lrm: 1.00 | dt: 152ms | tok/sec: 864,094 | mfu: 24.2% | epoch: 1 | remaining: 236s    
step 00433 (21.3%) | loss: 3.347881 | lrm: 1.00 | dt: 152ms | tok/sec: 864,472 | mfu: 24.2% | epoch: 1 | remaining: 236s    
step 00434 (21.4%) | loss: 3.353677 | lrm: 1.00 | dt: 152ms | tok/sec: 864,243 | mfu: 24.2% | epoch: 1 | remaining: 236s    
step 00435 (21.4%) | loss: 3.351585 | lrm: 1.00 | dt: 152ms | tok/sec: 864,590 | mfu: 24.2% | epoch: 1 | remaining: 236s    
step 00436 (21.5%) | loss: 3.357387 | lrm: 1.00 | dt: 152ms | tok/sec: 864,816 | mfu: 24.2% | epoch: 1 | remaining: 235s    
step 00437 (21.5%) | loss: 3.353042 | lrm: 1.00 | dt: 152ms | tok/sec: 864,614 | mfu: 24.2% | epoch: 1 | remaining: 235s    
step 00438 (21.6%) | loss: 3.347967 | lrm: 1.00 | dt: 152ms | tok/sec: 864,704 | mfu: 24.2% | epoch: 1 | remaining: 235s    
step 00439 (21.6%) | loss: 3.343127 | lrm: 1.00 | dt: 152ms | tok/sec: 864,748 | mfu: 24.2% | epoch: 1 | remaining: 235s    
step 00440 (21.7%) | loss: 3.346720 | lrm: 1.00 | dt: 152ms | tok/sec: 864,413 | mfu: 24.2% | epoch: 1 | remaining: 235s    
step 00441 (21.7%) | loss: 3.345959 | lrm: 1.00 | dt: 152ms | tok/sec: 864,719 | mfu: 24.2% | epoch: 1 | remaining: 235s    
step 00442 (21.8%) | loss: 3.346624 | lrm: 1.00 | dt: 152ms | tok/sec: 864,799 | mfu: 24.2% | epoch: 1 | remaining: 234s    
step 00443 (21.8%) | loss: 3.348006 | lrm: 1.00 | dt: 152ms | tok/sec: 864,885 | mfu: 24.2% | epoch: 1 | remaining: 234s    
step 00444 (21.9%) | loss: 3.345899 | lrm: 1.00 | dt: 152ms | tok/sec: 864,778 | mfu: 24.2% | epoch: 1 | remaining: 234s    
step 00445 (21.9%) | loss: 3.344370 | lrm: 1.00 | dt: 152ms | tok/sec: 864,705 | mfu: 24.2% | epoch: 1 | remaining: 234s    
step 00446 (22.0%) | loss: 3.347598 | lrm: 1.00 | dt: 152ms | tok/sec: 864,711 | mfu: 24.2% | epoch: 1 | remaining: 234s    
step 00447 (22.0%) | loss: 3.350050 | lrm: 1.00 | dt: 152ms | tok/sec: 864,677 | mfu: 24.2% | epoch: 1 | remaining: 234s    
step 00448 (22.1%) | loss: 3.356018 | lrm: 1.00 | dt: 152ms | tok/sec: 864,712 | mfu: 24.2% | epoch: 1 | remaining: 234s    
step 00449 (22.1%) | loss: 3.357630 | lrm: 1.00 | dt: 152ms | tok/sec: 864,465 | mfu: 24.2% | epoch: 1 | remaining: 233s    
step 00450 (22.2%) | loss: 3.355062 | lrm: 1.00 | dt: 152ms | tok/sec: 864,470 | mfu: 24.2% | epoch: 1 | remaining: 233s    
step 00451 (22.2%) | loss: 3.358905 | lrm: 1.00 | dt: 152ms | tok/sec: 864,684 | mfu: 24.2% | epoch: 1 | remaining: 233s    
step 00452 (22.3%) | loss: 3.353121 | lrm: 1.00 | dt: 152ms | tok/sec: 864,605 | mfu: 24.2% | epoch: 1 | remaining: 233s    
step 00453 (22.3%) | loss: 3.359573 | lrm: 1.00 | dt: 152ms | tok/sec: 864,897 | mfu: 24.2% | epoch: 1 | remaining: 233s    
step 00454 (22.4%) | loss: 3.351219 | lrm: 1.00 | dt: 152ms | tok/sec: 864,616 | mfu: 24.2% | epoch: 1 | remaining: 233s    
step 00455 (22.4%) | loss: 3.352402 | lrm: 1.00 | dt: 152ms | tok/sec: 864,533 | mfu: 24.2% | epoch: 1 | remaining: 233s    
step 00456 (22.5%) | loss: 3.359761 | lrm: 1.00 | dt: 152ms | tok/sec: 864,826 | mfu: 24.2% | epoch: 1 | remaining: 232s    
step 00457 (22.5%) | loss: 3.358632 | lrm: 1.00 | dt: 152ms | tok/sec: 864,588 | mfu: 24.2% | epoch: 1 | remaining: 232s    
step 00458 (22.6%) | loss: 3.352724 | lrm: 1.00 | dt: 152ms | tok/sec: 864,754 | mfu: 24.2% | epoch: 1 | remaining: 232s    
step 00459 (22.6%) | loss: 3.347712 | lrm: 1.00 | dt: 152ms | tok/sec: 864,317 | mfu: 24.2% | epoch: 1 | remaining: 232s    
step 00460 (22.7%) | loss: 3.353557 | lrm: 1.00 | dt: 152ms | tok/sec: 864,693 | mfu: 24.2% | epoch: 1 | remaining: 232s    
step 00461 (22.7%) | loss: 3.358829 | lrm: 1.00 | dt: 152ms | tok/sec: 864,440 | mfu: 24.2% | epoch: 1 | remaining: 232s    
step 00462 (22.8%) | loss: 3.358362 | lrm: 1.00 | dt: 152ms | tok/sec: 864,758 | mfu: 24.2% | epoch: 1 | remaining: 231s    
step 00463 (22.8%) | loss: 3.361118 | lrm: 1.00 | dt: 152ms | tok/sec: 864,444 | mfu: 24.2% | epoch: 1 | remaining: 231s    
step 00464 (22.9%) | loss: 3.363969 | lrm: 1.00 | dt: 152ms | tok/sec: 864,556 | mfu: 24.2% | epoch: 1 | remaining: 231s    
step 00465 (22.9%) | loss: 3.359617 | lrm: 1.00 | dt: 152ms | tok/sec: 864,730 | mfu: 24.2% | epoch: 1 | remaining: 231s    
step 00466 (23.0%) | loss: 3.362200 | lrm: 1.00 | dt: 152ms | tok/sec: 864,831 | mfu: 24.2% | epoch: 1 | remaining: 231s    
step 00467 (23.0%) | loss: 3.353836 | lrm: 1.00 | dt: 152ms | tok/sec: 864,436 | mfu: 24.2% | epoch: 1 | remaining: 231s    
step 00468 (23.1%) | loss: 3.347306 | lrm: 1.00 | dt: 152ms | tok/sec: 864,260 | mfu: 24.2% | epoch: 1 | remaining: 231s    
step 00469 (23.1%) | loss: 3.346665 | lrm: 1.00 | dt: 152ms | tok/sec: 864,053 | mfu: 24.2% | epoch: 1 | remaining: 230s    
step 00470 (23.2%) | loss: 3.347332 | lrm: 1.00 | dt: 152ms | tok/sec: 864,580 | mfu: 24.2% | epoch: 1 | remaining: 230s    
step 00471 (23.2%) | loss: 3.351973 | lrm: 1.00 | dt: 152ms | tok/sec: 864,745 | mfu: 24.2% | epoch: 1 | remaining: 230s    
step 00472 (23.3%) | loss: 3.359213 | lrm: 1.00 | dt: 152ms | tok/sec: 864,628 | mfu: 24.2% | epoch: 1 | remaining: 230s    
step 00473 (23.3%) | loss: 3.357504 | lrm: 1.00 | dt: 152ms | tok/sec: 864,588 | mfu: 24.2% | epoch: 1 | remaining: 230s    
step 00474 (23.4%) | loss: 3.359017 | lrm: 1.00 | dt: 152ms | tok/sec: 864,540 | mfu: 24.2% | epoch: 1 | remaining: 230s    
step 00475 (23.5%) | loss: 3.356357 | lrm: 1.00 | dt: 152ms | tok/sec: 864,355 | mfu: 24.2% | epoch: 1 | remaining: 229s    
step 00476 (23.5%) | loss: 3.349132 | lrm: 1.00 | dt: 152ms | tok/sec: 864,735 | mfu: 24.2% | epoch: 1 | remaining: 229s    
step 00477 (23.6%) | loss: 3.347645 | lrm: 1.00 | dt: 152ms | tok/sec: 864,514 | mfu: 24.2% | epoch: 1 | remaining: 229s    
step 00478 (23.6%) | loss: 3.342300 | lrm: 1.00 | dt: 152ms | tok/sec: 864,563 | mfu: 24.2% | epoch: 1 | remaining: 229s    
step 00479 (23.7%) | loss: 3.342946 | lrm: 1.00 | dt: 152ms | tok/sec: 864,987 | mfu: 24.2% | epoch: 1 | remaining: 229s    
step 00480 (23.7%) | loss: 3.340743 | lrm: 1.00 | dt: 152ms | tok/sec: 864,608 | mfu: 24.2% | epoch: 1 | remaining: 229s    
step 00481 (23.8%) | loss: 3.343757 | lrm: 1.00 | dt: 152ms | tok/sec: 864,526 | mfu: 24.2% | epoch: 1 | remaining: 229s    
step 00482 (23.8%) | loss: 3.343262 | lrm: 1.00 | dt: 152ms | tok/sec: 864,391 | mfu: 24.2% | epoch: 1 | remaining: 228s    
step 00483 (23.9%) | loss: 3.344079 | lrm: 1.00 | dt: 152ms | tok/sec: 863,868 | mfu: 24.2% | epoch: 1 | remaining: 228s    
step 00484 (23.9%) | loss: 3.345720 | lrm: 1.00 | dt: 152ms | tok/sec: 864,099 | mfu: 24.2% | epoch: 1 | remaining: 228s    
step 00485 (24.0%) | loss: 3.348093 | lrm: 1.00 | dt: 152ms | tok/sec: 863,801 | mfu: 24.2% | epoch: 1 | remaining: 228s    
step 00486 (24.0%) | loss: 3.342765 | lrm: 1.00 | dt: 152ms | tok/sec: 864,292 | mfu: 24.2% | epoch: 1 | remaining: 228s    
step 00487 (24.1%) | loss: 3.339128 | lrm: 1.00 | dt: 152ms | tok/sec: 864,352 | mfu: 24.2% | epoch: 1 | remaining: 228s    
step 00488 (24.1%) | loss: 3.334774 | lrm: 1.00 | dt: 152ms | tok/sec: 863,853 | mfu: 24.2% | epoch: 1 | remaining: 228s    
step 00489 (24.2%) | loss: 3.320408 | lrm: 1.00 | dt: 152ms | tok/sec: 864,574 | mfu: 24.2% | epoch: 1 | remaining: 227s    
step 00490 (24.2%) | loss: 3.311380 | lrm: 1.00 | dt: 152ms | tok/sec: 864,682 | mfu: 24.2% | epoch: 1 | remaining: 227s    
step 00491 (24.3%) | loss: 3.309542 | lrm: 1.00 | dt: 152ms | tok/sec: 864,541 | mfu: 24.2% | epoch: 1 | remaining: 227s    
step 00492 (24.3%) | loss: 3.307482 | lrm: 1.00 | dt: 152ms | tok/sec: 864,400 | mfu: 24.2% | epoch: 1 | remaining: 227s    
step 00493 (24.4%) | loss: 3.308864 | lrm: 1.00 | dt: 152ms | tok/sec: 864,143 | mfu: 24.2% | epoch: 1 | remaining: 227s    
step 00494 (24.4%) | loss: 3.306855 | lrm: 1.00 | dt: 152ms | tok/sec: 864,719 | mfu: 24.2% | epoch: 1 | remaining: 227s    
step 00495 (24.5%) | loss: 3.311506 | lrm: 1.00 | dt: 152ms | tok/sec: 864,608 | mfu: 24.2% | epoch: 1 | remaining: 226s    
step 00496 (24.5%) | loss: 3.310519 | lrm: 1.00 | dt: 152ms | tok/sec: 864,342 | mfu: 24.2% | epoch: 1 | remaining: 226s    
step 00497 (24.6%) | loss: 3.313718 | lrm: 1.00 | dt: 152ms | tok/sec: 864,548 | mfu: 24.2% | epoch: 1 | remaining: 226s    
step 00498 (24.6%) | loss: 3.318522 | lrm: 1.00 | dt: 152ms | tok/sec: 863,875 | mfu: 24.2% | epoch: 1 | remaining: 226s    
step 00499 (24.7%) | loss: 3.321796 | lrm: 1.00 | dt: 152ms | tok/sec: 864,884 | mfu: 24.2% | epoch: 1 | remaining: 226s    
step 00500 (24.7%) | loss: 3.323965 | lrm: 1.00 | dt: 152ms | tok/sec: 864,371 | mfu: 24.2% | epoch: 1 | remaining: 226s    
step 00501 (24.8%) | loss: 3.323231 | lrm: 1.00 | dt: 152ms | tok/sec: 864,159 | mfu: 24.2% | epoch: 1 | remaining: 226s    
step 00502 (24.8%) | loss: 3.323727 | lrm: 1.00 | dt: 152ms | tok/sec: 864,387 | mfu: 24.2% | epoch: 1 | remaining: 225s    
step 00503 (24.9%) | loss: 3.324527 | lrm: 1.00 | dt: 152ms | tok/sec: 864,207 | mfu: 24.2% | epoch: 1 | remaining: 225s    
step 00504 (24.9%) | loss: 3.317997 | lrm: 1.00 | dt: 152ms | tok/sec: 864,487 | mfu: 24.2% | epoch: 1 | remaining: 225s    
step 00505 (25.0%) | loss: 3.315019 | lrm: 1.00 | dt: 152ms | tok/sec: 863,996 | mfu: 24.2% | epoch: 1 | remaining: 225s    
step 00506 (25.0%) | loss: 3.313303 | lrm: 1.00 | dt: 152ms | tok/sec: 864,243 | mfu: 24.2% | epoch: 1 | remaining: 225s    
step 00507 (25.1%) | loss: 3.314243 | lrm: 1.00 | dt: 152ms | tok/sec: 864,651 | mfu: 24.2% | epoch: 1 | remaining: 225s    
step 00508 (25.1%) | loss: 3.311837 | lrm: 1.00 | dt: 152ms | tok/sec: 864,569 | mfu: 24.2% | epoch: 1 | remaining: 224s    
step 00509 (25.2%) | loss: 3.308668 | lrm: 1.00 | dt: 152ms | tok/sec: 864,385 | mfu: 24.2% | epoch: 1 | remaining: 224s    
step 00510 (25.2%) | loss: 3.314393 | lrm: 1.00 | dt: 152ms | tok/sec: 864,227 | mfu: 24.2% | epoch: 1 | remaining: 224s    
step 00511 (25.3%) | loss: 3.316201 | lrm: 1.00 | dt: 152ms | tok/sec: 863,920 | mfu: 24.2% | epoch: 1 | remaining: 224s    
step 00512 (25.3%) | loss: 3.312291 | lrm: 1.00 | dt: 152ms | tok/sec: 864,578 | mfu: 24.2% | epoch: 1 | remaining: 224s    
step 00513 (25.4%) | loss: 3.306615 | lrm: 1.00 | dt: 152ms | tok/sec: 864,224 | mfu: 24.2% | epoch: 1 | remaining: 224s    
step 00514 (25.4%) | loss: 3.306965 | lrm: 1.00 | dt: 152ms | tok/sec: 864,556 | mfu: 24.2% | epoch: 1 | remaining: 224s    
step 00515 (25.5%) | loss: 3.304287 | lrm: 1.00 | dt: 152ms | tok/sec: 864,349 | mfu: 24.2% | epoch: 1 | remaining: 223s    
step 00516 (25.5%) | loss: 3.306331 | lrm: 1.00 | dt: 152ms | tok/sec: 864,492 | mfu: 24.2% | epoch: 1 | remaining: 223s    
step 00517 (25.6%) | loss: 3.309237 | lrm: 1.00 | dt: 152ms | tok/sec: 864,257 | mfu: 24.2% | epoch: 1 | remaining: 223s    
step 00518 (25.6%) | loss: 3.305124 | lrm: 1.00 | dt: 152ms | tok/sec: 864,068 | mfu: 24.2% | epoch: 1 | remaining: 223s    
step 00519 (25.7%) | loss: 3.304975 | lrm: 1.00 | dt: 152ms | tok/sec: 863,809 | mfu: 24.2% | epoch: 1 | remaining: 223s    
step 00520 (25.7%) | loss: 3.300401 | lrm: 1.00 | dt: 152ms | tok/sec: 863,872 | mfu: 24.2% | epoch: 1 | remaining: 223s    
step 00521 (25.8%) | loss: 3.301219 | lrm: 1.00 | dt: 152ms | tok/sec: 864,064 | mfu: 24.2% | epoch: 1 | remaining: 223s    
step 00522 (25.8%) | loss: 3.302777 | lrm: 1.00 | dt: 152ms | tok/sec: 864,073 | mfu: 24.2% | epoch: 1 | remaining: 222s    
step 00523 (25.9%) | loss: 3.300544 | lrm: 1.00 | dt: 152ms | tok/sec: 864,288 | mfu: 24.2% | epoch: 1 | remaining: 222s    
step 00524 (25.9%) | loss: 3.304529 | lrm: 1.00 | dt: 152ms | tok/sec: 863,531 | mfu: 24.2% | epoch: 1 | remaining: 222s    
step 00525 (26.0%) | loss: 3.303059 | lrm: 1.00 | dt: 152ms | tok/sec: 864,076 | mfu: 24.2% | epoch: 1 | remaining: 222s    
step 00526 (26.0%) | loss: 3.301259 | lrm: 1.00 | dt: 152ms | tok/sec: 864,063 | mfu: 24.2% | epoch: 1 | remaining: 222s    
step 00527 (26.1%) | loss: 3.302210 | lrm: 1.00 | dt: 152ms | tok/sec: 864,319 | mfu: 24.2% | epoch: 1 | remaining: 222s    
step 00528 (26.1%) | loss: 3.297725 | lrm: 1.00 | dt: 152ms | tok/sec: 864,438 | mfu: 24.2% | epoch: 1 | remaining: 221s    
step 00529 (26.2%) | loss: 3.300016 | lrm: 1.00 | dt: 152ms | tok/sec: 864,636 | mfu: 24.2% | epoch: 1 | remaining: 221s    
step 00530 (26.2%) | loss: 3.300185 | lrm: 1.00 | dt: 152ms | tok/sec: 864,771 | mfu: 24.2% | epoch: 1 | remaining: 221s    
step 00531 (26.3%) | loss: 3.299553 | lrm: 1.00 | dt: 152ms | tok/sec: 864,761 | mfu: 24.2% | epoch: 1 | remaining: 221s    
step 00532 (26.3%) | loss: 3.300450 | lrm: 1.00 | dt: 152ms | tok/sec: 864,881 | mfu: 24.2% | epoch: 1 | remaining: 221s    
step 00533 (26.4%) | loss: 3.295902 | lrm: 1.00 | dt: 152ms | tok/sec: 864,568 | mfu: 24.2% | epoch: 1 | remaining: 221s    
step 00534 (26.4%) | loss: 3.302138 | lrm: 1.00 | dt: 152ms | tok/sec: 864,322 | mfu: 24.2% | epoch: 1 | remaining: 221s    
step 00535 (26.5%) | loss: 3.292247 | lrm: 1.00 | dt: 152ms | tok/sec: 864,340 | mfu: 24.2% | epoch: 1 | remaining: 220s    
step 00536 (26.5%) | loss: 3.293791 | lrm: 1.00 | dt: 152ms | tok/sec: 863,939 | mfu: 24.2% | epoch: 1 | remaining: 220s    
step 00537 (26.6%) | loss: 3.299586 | lrm: 1.00 | dt: 152ms | tok/sec: 864,636 | mfu: 24.2% | epoch: 1 | remaining: 220s    
step 00538 (26.6%) | loss: 3.300431 | lrm: 1.00 | dt: 152ms | tok/sec: 864,635 | mfu: 24.2% | epoch: 1 | remaining: 220s    
step 00539 (26.7%) | loss: 3.296431 | lrm: 1.00 | dt: 152ms | tok/sec: 864,874 | mfu: 24.2% | epoch: 1 | remaining: 220s    
step 00540 (26.7%) | loss: 3.288660 | lrm: 1.00 | dt: 152ms | tok/sec: 864,952 | mfu: 24.2% | epoch: 1 | remaining: 220s    
step 00541 (26.8%) | loss: 3.285780 | lrm: 1.00 | dt: 152ms | tok/sec: 864,625 | mfu: 24.2% | epoch: 1 | remaining: 219s    
step 00542 (26.8%) | loss: 3.289776 | lrm: 1.00 | dt: 152ms | tok/sec: 864,786 | mfu: 24.2% | epoch: 1 | remaining: 219s    
step 00543 (26.9%) | loss: 3.290710 | lrm: 1.00 | dt: 152ms | tok/sec: 864,900 | mfu: 24.2% | epoch: 1 | remaining: 219s    
step 00544 (26.9%) | loss: 3.281673 | lrm: 1.00 | dt: 152ms | tok/sec: 865,071 | mfu: 24.2% | epoch: 1 | remaining: 219s    
step 00545 (27.0%) | loss: 3.286748 | lrm: 1.00 | dt: 152ms | tok/sec: 864,813 | mfu: 24.2% | epoch: 1 | remaining: 219s    
step 00546 (27.0%) | loss: 3.289700 | lrm: 1.00 | dt: 152ms | tok/sec: 864,231 | mfu: 24.2% | epoch: 1 | remaining: 219s    
step 00547 (27.1%) | loss: 3.282286 | lrm: 1.00 | dt: 152ms | tok/sec: 864,788 | mfu: 24.2% | epoch: 1 | remaining: 219s    
step 00548 (27.1%) | loss: 3.283419 | lrm: 1.00 | dt: 152ms | tok/sec: 864,065 | mfu: 24.2% | epoch: 1 | remaining: 218s    
step 00549 (27.2%) | loss: 3.273624 | lrm: 1.00 | dt: 152ms | tok/sec: 863,928 | mfu: 24.2% | epoch: 1 | remaining: 218s    
step 00550 (27.2%) | loss: 3.271281 | lrm: 1.00 | dt: 152ms | tok/sec: 864,232 | mfu: 24.2% | epoch: 1 | remaining: 218s    
step 00551 (27.3%) | loss: 3.278516 | lrm: 1.00 | dt: 152ms | tok/sec: 864,560 | mfu: 24.2% | epoch: 1 | remaining: 218s    
step 00552 (27.3%) | loss: 3.274344 | lrm: 1.00 | dt: 152ms | tok/sec: 864,655 | mfu: 24.2% | epoch: 1 | remaining: 218s    
step 00553 (27.4%) | loss: 3.277085 | lrm: 1.00 | dt: 152ms | tok/sec: 864,682 | mfu: 24.2% | epoch: 1 | remaining: 218s    
step 00554 (27.4%) | loss: 3.269055 | lrm: 1.00 | dt: 152ms | tok/sec: 864,526 | mfu: 24.2% | epoch: 1 | remaining: 218s    
step 00555 (27.5%) | loss: 3.269727 | lrm: 1.00 | dt: 152ms | tok/sec: 864,756 | mfu: 24.2% | epoch: 1 | remaining: 217s    
step 00556 (27.5%) | loss: 3.274694 | lrm: 1.00 | dt: 152ms | tok/sec: 864,432 | mfu: 24.2% | epoch: 1 | remaining: 217s    
step 00557 (27.6%) | loss: 3.280826 | lrm: 1.00 | dt: 152ms | tok/sec: 864,648 | mfu: 24.2% | epoch: 1 | remaining: 217s    
step 00558 (27.6%) | loss: 3.272927 | lrm: 1.00 | dt: 152ms | tok/sec: 864,451 | mfu: 24.2% | epoch: 1 | remaining: 217s    
step 00559 (27.7%) | loss: 3.272253 | lrm: 1.00 | dt: 152ms | tok/sec: 864,635 | mfu: 24.2% | epoch: 1 | remaining: 217s    
step 00560 (27.7%) | loss: 3.264885 | lrm: 1.00 | dt: 152ms | tok/sec: 864,518 | mfu: 24.2% | epoch: 1 | remaining: 217s    
step 00561 (27.8%) | loss: 3.262616 | lrm: 1.00 | dt: 152ms | tok/sec: 863,360 | mfu: 24.2% | epoch: 1 | remaining: 216s    
step 00562 (27.8%) | loss: 3.260804 | lrm: 1.00 | dt: 152ms | tok/sec: 863,151 | mfu: 24.1% | epoch: 1 | remaining: 216s    
step 00563 (27.9%) | loss: 3.262509 | lrm: 1.00 | dt: 152ms | tok/sec: 863,506 | mfu: 24.2% | epoch: 1 | remaining: 216s    
step 00564 (27.9%) | loss: 3.259694 | lrm: 1.00 | dt: 152ms | tok/sec: 863,391 | mfu: 24.2% | epoch: 1 | remaining: 216s    
step 00565 (28.0%) | loss: 3.257033 | lrm: 1.00 | dt: 152ms | tok/sec: 863,588 | mfu: 24.2% | epoch: 1 | remaining: 216s    
step 00566 (28.1%) | loss: 3.260364 | lrm: 1.00 | dt: 152ms | tok/sec: 863,141 | mfu: 24.1% | epoch: 1 | remaining: 216s    
step 00567 (28.1%) | loss: 3.257472 | lrm: 1.00 | dt: 152ms | tok/sec: 863,911 | mfu: 24.2% | epoch: 1 | remaining: 216s    
step 00568 (28.2%) | loss: 3.259515 | lrm: 1.00 | dt: 152ms | tok/sec: 864,118 | mfu: 24.2% | epoch: 1 | remaining: 215s    
step 00569 (28.2%) | loss: 3.259198 | lrm: 1.00 | dt: 152ms | tok/sec: 864,299 | mfu: 24.2% | epoch: 1 | remaining: 215s    
step 00570 (28.3%) | loss: 3.259759 | lrm: 1.00 | dt: 152ms | tok/sec: 864,158 | mfu: 24.2% | epoch: 1 | remaining: 215s    
step 00571 (28.3%) | loss: 3.264595 | lrm: 1.00 | dt: 152ms | tok/sec: 864,506 | mfu: 24.2% | epoch: 1 | remaining: 215s    
step 00572 (28.4%) | loss: 3.265520 | lrm: 1.00 | dt: 152ms | tok/sec: 864,409 | mfu: 24.2% | epoch: 1 | remaining: 215s    
step 00573 (28.4%) | loss: 3.266038 | lrm: 1.00 | dt: 152ms | tok/sec: 864,708 | mfu: 24.2% | epoch: 1 | remaining: 215s    
step 00574 (28.5%) | loss: 3.268251 | lrm: 1.00 | dt: 152ms | tok/sec: 864,038 | mfu: 24.2% | epoch: 1 | remaining: 214s    
step 00575 (28.5%) | loss: 3.270161 | lrm: 1.00 | dt: 152ms | tok/sec: 864,587 | mfu: 24.2% | epoch: 1 | remaining: 214s    
step 00576 (28.6%) | loss: 3.271910 | lrm: 1.00 | dt: 152ms | tok/sec: 864,920 | mfu: 24.2% | epoch: 1 | remaining: 214s    
step 00577 (28.6%) | loss: 3.264368 | lrm: 1.00 | dt: 152ms | tok/sec: 864,398 | mfu: 24.2% | epoch: 1 | remaining: 214s    
step 00578 (28.7%) | loss: 3.265908 | lrm: 1.00 | dt: 152ms | tok/sec: 864,614 | mfu: 24.2% | epoch: 1 | remaining: 214s    
step 00579 (28.7%) | loss: 3.261235 | lrm: 1.00 | dt: 152ms | tok/sec: 864,371 | mfu: 24.2% | epoch: 1 | remaining: 214s    
step 00580 (28.8%) | loss: 3.274430 | lrm: 1.00 | dt: 152ms | tok/sec: 864,931 | mfu: 24.2% | epoch: 1 | remaining: 214s    
step 00581 (28.8%) | loss: 3.275258 | lrm: 1.00 | dt: 152ms | tok/sec: 864,935 | mfu: 24.2% | epoch: 1 | remaining: 213s    
step 00582 (28.9%) | loss: 3.273169 | lrm: 1.00 | dt: 152ms | tok/sec: 864,643 | mfu: 24.2% | epoch: 1 | remaining: 213s    
step 00583 (28.9%) | loss: 3.275026 | lrm: 1.00 | dt: 152ms | tok/sec: 864,421 | mfu: 24.2% | epoch: 1 | remaining: 213s    
step 00584 (29.0%) | loss: 3.272526 | lrm: 1.00 | dt: 152ms | tok/sec: 862,589 | mfu: 24.1% | epoch: 1 | remaining: 213s    
step 00585 (29.0%) | loss: 3.270417 | lrm: 1.00 | dt: 152ms | tok/sec: 863,570 | mfu: 24.2% | epoch: 1 | remaining: 213s    
step 00586 (29.1%) | loss: 3.272885 | lrm: 1.00 | dt: 152ms | tok/sec: 863,672 | mfu: 24.2% | epoch: 1 | remaining: 213s    
step 00587 (29.1%) | loss: 3.272814 | lrm: 1.00 | dt: 152ms | tok/sec: 862,343 | mfu: 24.1% | epoch: 1 | remaining: 213s    
step 00588 (29.2%) | loss: 3.273770 | lrm: 1.00 | dt: 152ms | tok/sec: 863,853 | mfu: 24.2% | epoch: 1 | remaining: 212s    
step 00589 (29.2%) | loss: 3.268899 | lrm: 1.00 | dt: 152ms | tok/sec: 863,942 | mfu: 24.2% | epoch: 1 | remaining: 212s    
step 00590 (29.3%) | loss: 3.269769 | lrm: 1.00 | dt: 152ms | tok/sec: 864,197 | mfu: 24.2% | epoch: 1 | remaining: 212s    
step 00591 (29.3%) | loss: 3.275157 | lrm: 1.00 | dt: 152ms | tok/sec: 864,565 | mfu: 24.2% | epoch: 1 | remaining: 212s    
step 00592 (29.4%) | loss: 3.275038 | lrm: 1.00 | dt: 152ms | tok/sec: 864,587 | mfu: 24.2% | epoch: 1 | remaining: 212s    
step 00593 (29.4%) | loss: 3.278521 | lrm: 1.00 | dt: 152ms | tok/sec: 864,508 | mfu: 24.2% | epoch: 1 | remaining: 212s    
step 00594 (29.5%) | loss: 3.279281 | lrm: 1.00 | dt: 152ms | tok/sec: 864,739 | mfu: 24.2% | epoch: 1 | remaining: 211s    
step 00595 (29.5%) | loss: 3.284276 | lrm: 1.00 | dt: 152ms | tok/sec: 864,542 | mfu: 24.2% | epoch: 1 | remaining: 211s    
step 00596 (29.6%) | loss: 3.278899 | lrm: 1.00 | dt: 152ms | tok/sec: 864,803 | mfu: 24.2% | epoch: 1 | remaining: 211s    
step 00597 (29.6%) | loss: 3.274899 | lrm: 1.00 | dt: 152ms | tok/sec: 864,598 | mfu: 24.2% | epoch: 1 | remaining: 211s    
step 00598 (29.7%) | loss: 3.274785 | lrm: 1.00 | dt: 152ms | tok/sec: 864,478 | mfu: 24.2% | epoch: 1 | remaining: 211s    
step 00599 (29.7%) | loss: 3.275471 | lrm: 1.00 | dt: 152ms | tok/sec: 864,628 | mfu: 24.2% | epoch: 1 | remaining: 211s    
step 00600 (29.8%) | loss: 3.265067 | lrm: 1.00 | dt: 152ms | tok/sec: 864,329 | mfu: 24.2% | epoch: 1 | remaining: 211s    
step 00601 (29.8%) | loss: 3.260697 | lrm: 1.00 | dt: 152ms | tok/sec: 864,338 | mfu: 24.2% | epoch: 1 | remaining: 210s    
step 00602 (29.9%) | loss: 3.258385 | lrm: 1.00 | dt: 152ms | tok/sec: 864,059 | mfu: 24.2% | epoch: 1 | remaining: 210s    
step 00603 (29.9%) | loss: 3.253467 | lrm: 1.00 | dt: 152ms | tok/sec: 864,493 | mfu: 24.2% | epoch: 1 | remaining: 210s    
step 00604 (30.0%) | loss: 3.250583 | lrm: 1.00 | dt: 152ms | tok/sec: 864,560 | mfu: 24.2% | epoch: 1 | remaining: 210s    
step 00605 (30.0%) | loss: 3.254487 | lrm: 1.00 | dt: 152ms | tok/sec: 864,731 | mfu: 24.2% | epoch: 1 | remaining: 210s    
step 00606 (30.1%) | loss: 3.258655 | lrm: 1.00 | dt: 152ms | tok/sec: 864,598 | mfu: 24.2% | epoch: 1 | remaining: 210s    
step 00607 (30.1%) | loss: 3.257253 | lrm: 1.00 | dt: 152ms | tok/sec: 864,446 | mfu: 24.2% | epoch: 1 | remaining: 209s    
step 00608 (30.2%) | loss: 3.256938 | lrm: 1.00 | dt: 152ms | tok/sec: 864,397 | mfu: 24.2% | epoch: 1 | remaining: 209s    
step 00609 (30.2%) | loss: 3.261572 | lrm: 1.00 | dt: 152ms | tok/sec: 864,586 | mfu: 24.2% | epoch: 1 | remaining: 209s    
step 00610 (30.3%) | loss: 3.256935 | lrm: 1.00 | dt: 152ms | tok/sec: 864,042 | mfu: 24.2% | epoch: 1 | remaining: 209s    
step 00611 (30.3%) | loss: 3.260041 | lrm: 1.00 | dt: 152ms | tok/sec: 864,455 | mfu: 24.2% | epoch: 1 | remaining: 209s    
step 00612 (30.4%) | loss: 3.254606 | lrm: 1.00 | dt: 152ms | tok/sec: 864,402 | mfu: 24.2% | epoch: 1 | remaining: 209s    
step 00613 (30.4%) | loss: 3.255000 | lrm: 1.00 | dt: 152ms | tok/sec: 864,500 | mfu: 24.2% | epoch: 1 | remaining: 209s    
step 00614 (30.5%) | loss: 3.255573 | lrm: 1.00 | dt: 152ms | tok/sec: 864,322 | mfu: 24.2% | epoch: 1 | remaining: 208s    
step 00615 (30.5%) | loss: 3.256908 | lrm: 1.00 | dt: 152ms | tok/sec: 864,374 | mfu: 24.2% | epoch: 1 | remaining: 208s    
step 00616 (30.6%) | loss: 3.265898 | lrm: 1.00 | dt: 152ms | tok/sec: 864,447 | mfu: 24.2% | epoch: 1 | remaining: 208s    
step 00617 (30.6%) | loss: 3.266558 | lrm: 1.00 | dt: 152ms | tok/sec: 864,390 | mfu: 24.2% | epoch: 1 | remaining: 208s    
step 00618 (30.7%) | loss: 3.269180 | lrm: 1.00 | dt: 152ms | tok/sec: 864,375 | mfu: 24.2% | epoch: 1 | remaining: 208s    
step 00619 (30.7%) | loss: 3.267137 | lrm: 1.00 | dt: 152ms | tok/sec: 864,476 | mfu: 24.2% | epoch: 1 | remaining: 208s    
step 00620 (30.8%) | loss: 3.265361 | lrm: 1.00 | dt: 152ms | tok/sec: 864,439 | mfu: 24.2% | epoch: 1 | remaining: 208s    
step 00621 (30.8%) | loss: 3.268377 | lrm: 1.00 | dt: 152ms | tok/sec: 864,814 | mfu: 24.2% | epoch: 1 | remaining: 207s    
step 00622 (30.9%) | loss: 3.263654 | lrm: 1.00 | dt: 152ms | tok/sec: 864,375 | mfu: 24.2% | epoch: 1 | remaining: 207s    
step 00623 (30.9%) | loss: 3.262088 | lrm: 1.00 | dt: 152ms | tok/sec: 864,170 | mfu: 24.2% | epoch: 1 | remaining: 207s    
step 00624 (31.0%) | loss: 3.257509 | lrm: 1.00 | dt: 152ms | tok/sec: 864,390 | mfu: 24.2% | epoch: 1 | remaining: 207s    
step 00625 (31.0%) | loss: 3.257805 | lrm: 1.00 | dt: 152ms | tok/sec: 864,556 | mfu: 24.2% | epoch: 1 | remaining: 207s    
step 00626 (31.1%) | loss: 3.256005 | lrm: 1.00 | dt: 152ms | tok/sec: 864,518 | mfu: 24.2% | epoch: 1 | remaining: 207s    
step 00627 (31.1%) | loss: 3.253721 | lrm: 1.00 | dt: 152ms | tok/sec: 864,374 | mfu: 24.2% | epoch: 1 | remaining: 206s    
step 00628 (31.2%) | loss: 3.249302 | lrm: 1.00 | dt: 152ms | tok/sec: 864,602 | mfu: 24.2% | epoch: 1 | remaining: 206s    
step 00629 (31.2%) | loss: 3.247279 | lrm: 1.00 | dt: 152ms | tok/sec: 864,491 | mfu: 24.2% | epoch: 1 | remaining: 206s    
step 00630 (31.3%) | loss: 3.250585 | lrm: 1.00 | dt: 152ms | tok/sec: 863,905 | mfu: 24.2% | epoch: 1 | remaining: 206s    
step 00631 (31.3%) | loss: 3.248070 | lrm: 1.00 | dt: 152ms | tok/sec: 864,050 | mfu: 24.2% | epoch: 1 | remaining: 206s    
step 00632 (31.4%) | loss: 3.245325 | lrm: 1.00 | dt: 152ms | tok/sec: 864,457 | mfu: 24.2% | epoch: 1 | remaining: 206s    
step 00633 (31.4%) | loss: 3.243251 | lrm: 1.00 | dt: 152ms | tok/sec: 864,409 | mfu: 24.2% | epoch: 1 | remaining: 206s    
step 00634 (31.5%) | loss: 3.241833 | lrm: 1.00 | dt: 152ms | tok/sec: 864,053 | mfu: 24.2% | epoch: 1 | remaining: 205s    
step 00635 (31.5%) | loss: 3.243851 | lrm: 1.00 | dt: 152ms | tok/sec: 864,481 | mfu: 24.2% | epoch: 1 | remaining: 205s    
step 00636 (31.6%) | loss: 3.244563 | lrm: 1.00 | dt: 152ms | tok/sec: 864,251 | mfu: 24.2% | epoch: 1 | remaining: 205s    
step 00637 (31.6%) | loss: 3.247311 | lrm: 1.00 | dt: 152ms | tok/sec: 864,332 | mfu: 24.2% | epoch: 1 | remaining: 205s    
step 00638 (31.7%) | loss: 3.245221 | lrm: 1.00 | dt: 152ms | tok/sec: 864,327 | mfu: 24.2% | epoch: 1 | remaining: 205s    
step 00639 (31.7%) | loss: 3.243615 | lrm: 1.00 | dt: 152ms | tok/sec: 864,439 | mfu: 24.2% | epoch: 1 | remaining: 205s    
step 00640 (31.8%) | loss: 3.240548 | lrm: 1.00 | dt: 152ms | tok/sec: 864,072 | mfu: 24.2% | epoch: 1 | remaining: 204s    
step 00641 (31.8%) | loss: 3.236001 | lrm: 1.00 | dt: 152ms | tok/sec: 864,414 | mfu: 24.2% | epoch: 1 | remaining: 204s    
step 00642 (31.9%) | loss: 3.231877 | lrm: 1.00 | dt: 152ms | tok/sec: 864,274 | mfu: 24.2% | epoch: 1 | remaining: 204s    
step 00643 (31.9%) | loss: 3.231457 | lrm: 1.00 | dt: 152ms | tok/sec: 864,107 | mfu: 24.2% | epoch: 1 | remaining: 204s    
step 00644 (32.0%) | loss: 3.232719 | lrm: 1.00 | dt: 152ms | tok/sec: 863,444 | mfu: 24.2% | epoch: 1 | remaining: 204s    
step 00645 (32.0%) | loss: 3.236681 | lrm: 1.00 | dt: 152ms | tok/sec: 864,232 | mfu: 24.2% | epoch: 1 | remaining: 204s    
step 00646 (32.1%) | loss: 3.233530 | lrm: 1.00 | dt: 152ms | tok/sec: 864,401 | mfu: 24.2% | epoch: 1 | remaining: 204s    
step 00647 (32.1%) | loss: 3.234191 | lrm: 1.00 | dt: 152ms | tok/sec: 864,171 | mfu: 24.2% | epoch: 1 | remaining: 203s    
step 00648 (32.2%) | loss: 3.232777 | lrm: 1.00 | dt: 152ms | tok/sec: 864,098 | mfu: 24.2% | epoch: 1 | remaining: 203s    
step 00649 (32.2%) | loss: 3.235511 | lrm: 1.00 | dt: 152ms | tok/sec: 864,639 | mfu: 24.2% | epoch: 1 | remaining: 203s    
step 00650 (32.3%) | loss: 3.232120 | lrm: 1.00 | dt: 152ms | tok/sec: 864,029 | mfu: 24.2% | epoch: 1 | remaining: 203s    
step 00651 (32.3%) | loss: 3.234582 | lrm: 1.00 | dt: 152ms | tok/sec: 864,571 | mfu: 24.2% | epoch: 1 | remaining: 203s    
step 00652 (32.4%) | loss: 3.239631 | lrm: 1.00 | dt: 152ms | tok/sec: 863,958 | mfu: 24.2% | epoch: 1 | remaining: 203s    
step 00653 (32.4%) | loss: 3.241877 | lrm: 1.00 | dt: 152ms | tok/sec: 864,554 | mfu: 24.2% | epoch: 1 | remaining: 203s    
step 00654 (32.5%) | loss: 3.242854 | lrm: 1.00 | dt: 154ms | tok/sec: 851,980 | mfu: 23.8% | epoch: 1 | remaining: 202s    
step 00655 (32.6%) | loss: 3.236487 | lrm: 1.00 | dt: 152ms | tok/sec: 864,164 | mfu: 24.2% | epoch: 1 | remaining: 202s    
step 00656 (32.6%) | loss: 3.229985 | lrm: 1.00 | dt: 152ms | tok/sec: 863,820 | mfu: 24.2% | epoch: 1 | remaining: 202s    
step 00657 (32.7%) | loss: 3.231638 | lrm: 1.00 | dt: 152ms | tok/sec: 864,294 | mfu: 24.2% | epoch: 1 | remaining: 202s    
step 00658 (32.7%) | loss: 3.232627 | lrm: 1.00 | dt: 152ms | tok/sec: 864,247 | mfu: 24.2% | epoch: 1 | remaining: 202s    
step 00659 (32.8%) | loss: 3.232991 | lrm: 1.00 | dt: 152ms | tok/sec: 864,413 | mfu: 24.2% | epoch: 1 | remaining: 202s    
step 00660 (32.8%) | loss: 3.236487 | lrm: 1.00 | dt: 152ms | tok/sec: 863,886 | mfu: 24.2% | epoch: 1 | remaining: 201s    
step 00661 (32.9%) | loss: 3.237442 | lrm: 1.00 | dt: 152ms | tok/sec: 864,470 | mfu: 24.2% | epoch: 1 | remaining: 201s    
step 00662 (32.9%) | loss: 3.236187 | lrm: 1.00 | dt: 152ms | tok/sec: 864,839 | mfu: 24.2% | epoch: 1 | remaining: 201s    
step 00663 (33.0%) | loss: 3.232120 | lrm: 1.00 | dt: 152ms | tok/sec: 864,453 | mfu: 24.2% | epoch: 1 | remaining: 201s    
step 00664 (33.0%) | loss: 3.239345 | lrm: 1.00 | dt: 152ms | tok/sec: 864,166 | mfu: 24.2% | epoch: 1 | remaining: 201s    
step 00665 (33.1%) | loss: 3.234104 | lrm: 1.00 | dt: 152ms | tok/sec: 864,227 | mfu: 24.2% | epoch: 1 | remaining: 201s    
step 00666 (33.1%) | loss: 3.232880 | lrm: 1.00 | dt: 152ms | tok/sec: 863,953 | mfu: 24.2% | epoch: 1 | remaining: 201s    
step 00667 (33.2%) | loss: 3.232306 | lrm: 1.00 | dt: 152ms | tok/sec: 864,338 | mfu: 24.2% | epoch: 1 | remaining: 200s    
step 00668 (33.2%) | loss: 3.231780 | lrm: 1.00 | dt: 152ms | tok/sec: 863,665 | mfu: 24.2% | epoch: 1 | remaining: 200s    
step 00669 (33.3%) | loss: 3.230603 | lrm: 1.00 | dt: 152ms | tok/sec: 864,658 | mfu: 24.2% | epoch: 1 | remaining: 200s    
step 00670 (33.3%) | loss: 3.230716 | lrm: 1.00 | dt: 152ms | tok/sec: 863,947 | mfu: 24.2% | epoch: 1 | remaining: 200s    
step 00671 (33.4%) | loss: 3.231089 | lrm: 1.00 | dt: 152ms | tok/sec: 862,224 | mfu: 24.1% | epoch: 1 | remaining: 200s    
step 00672 (33.4%) | loss: 3.232492 | lrm: 1.00 | dt: 152ms | tok/sec: 863,707 | mfu: 24.2% | epoch: 1 | remaining: 200s    
step 00673 (33.5%) | loss: 3.229939 | lrm: 1.00 | dt: 152ms | tok/sec: 862,439 | mfu: 24.1% | epoch: 1 | remaining: 199s    
step 00674 (33.5%) | loss: 3.234641 | lrm: 1.00 | dt: 152ms | tok/sec: 862,356 | mfu: 24.1% | epoch: 1 | remaining: 199s    
step 00675 (33.6%) | loss: 3.234575 | lrm: 1.00 | dt: 152ms | tok/sec: 864,330 | mfu: 24.2% | epoch: 1 | remaining: 199s    
step 00676 (33.6%) | loss: 3.232898 | lrm: 1.00 | dt: 152ms | tok/sec: 864,136 | mfu: 24.2% | epoch: 1 | remaining: 199s    
step 00677 (33.7%) | loss: 3.234725 | lrm: 1.00 | dt: 152ms | tok/sec: 863,916 | mfu: 24.2% | epoch: 1 | remaining: 199s    
step 00678 (33.7%) | loss: 3.243160 | lrm: 1.00 | dt: 152ms | tok/sec: 864,139 | mfu: 24.2% | epoch: 1 | remaining: 199s    
step 00679 (33.8%) | loss: 3.246116 | lrm: 1.00 | dt: 152ms | tok/sec: 863,131 | mfu: 24.1% | epoch: 1 | remaining: 199s    
step 00680 (33.8%) | loss: 3.243444 | lrm: 1.00 | dt: 152ms | tok/sec: 864,080 | mfu: 24.2% | epoch: 1 | remaining: 198s    
step 00681 (33.9%) | loss: 3.238140 | lrm: 1.00 | dt: 152ms | tok/sec: 864,317 | mfu: 24.2% | epoch: 1 | remaining: 198s    
step 00682 (33.9%) | loss: 3.243166 | lrm: 1.00 | dt: 152ms | tok/sec: 864,014 | mfu: 24.2% | epoch: 1 | remaining: 198s    
step 00683 (34.0%) | loss: 3.244868 | lrm: 1.00 | dt: 152ms | tok/sec: 864,363 | mfu: 24.2% | epoch: 1 | remaining: 198s    
step 00684 (34.0%) | loss: 3.238151 | lrm: 1.00 | dt: 152ms | tok/sec: 864,230 | mfu: 24.2% | epoch: 1 | remaining: 198s    
step 00685 (34.1%) | loss: 3.233108 | lrm: 1.00 | dt: 152ms | tok/sec: 863,972 | mfu: 24.2% | epoch: 1 | remaining: 198s    
step 00686 (34.1%) | loss: 3.233311 | lrm: 1.00 | dt: 152ms | tok/sec: 864,145 | mfu: 24.2% | epoch: 1 | remaining: 197s    
step 00687 (34.2%) | loss: 3.227023 | lrm: 1.00 | dt: 152ms | tok/sec: 864,173 | mfu: 24.2% | epoch: 1 | remaining: 197s    
step 00688 (34.2%) | loss: 3.231992 | lrm: 1.00 | dt: 152ms | tok/sec: 862,755 | mfu: 24.1% | epoch: 1 | remaining: 197s    
step 00689 (34.3%) | loss: 3.228241 | lrm: 1.00 | dt: 152ms | tok/sec: 864,148 | mfu: 24.2% | epoch: 1 | remaining: 197s    
step 00690 (34.3%) | loss: 3.231639 | lrm: 1.00 | dt: 152ms | tok/sec: 863,475 | mfu: 24.2% | epoch: 1 | remaining: 197s    
step 00691 (34.4%) | loss: 3.235004 | lrm: 1.00 | dt: 152ms | tok/sec: 864,326 | mfu: 24.2% | epoch: 1 | remaining: 197s    
step 00692 (34.4%) | loss: 3.235924 | lrm: 1.00 | dt: 152ms | tok/sec: 864,053 | mfu: 24.2% | epoch: 1 | remaining: 197s    
step 00693 (34.5%) | loss: 3.235496 | lrm: 1.00 | dt: 152ms | tok/sec: 864,091 | mfu: 24.2% | epoch: 1 | remaining: 196s    
step 00694 (34.5%) | loss: 3.236158 | lrm: 1.00 | dt: 152ms | tok/sec: 864,118 | mfu: 24.2% | epoch: 1 | remaining: 196s    
step 00695 (34.6%) | loss: 3.234604 | lrm: 1.00 | dt: 152ms | tok/sec: 862,854 | mfu: 24.1% | epoch: 1 | remaining: 196s    
step 00696 (34.6%) | loss: 3.228959 | lrm: 1.00 | dt: 152ms | tok/sec: 864,385 | mfu: 24.2% | epoch: 1 | remaining: 196s    
step 00697 (34.7%) | loss: 3.231116 | lrm: 1.00 | dt: 152ms | tok/sec: 864,080 | mfu: 24.2% | epoch: 1 | remaining: 196s    
step 00698 (34.7%) | loss: 3.226894 | lrm: 1.00 | dt: 152ms | tok/sec: 864,010 | mfu: 24.2% | epoch: 1 | remaining: 196s    
step 00699 (34.8%) | loss: 3.227645 | lrm: 1.00 | dt: 152ms | tok/sec: 864,052 | mfu: 24.2% | epoch: 1 | remaining: 196s    
step 00700 (34.8%) | loss: 3.229447 | lrm: 1.00 | dt: 152ms | tok/sec: 864,095 | mfu: 24.2% | epoch: 1 | remaining: 195s    
step 00701 (34.9%) | loss: 3.229548 | lrm: 1.00 | dt: 152ms | tok/sec: 864,495 | mfu: 24.2% | epoch: 1 | remaining: 195s    
step 00702 (34.9%) | loss: 3.228239 | lrm: 1.00 | dt: 152ms | tok/sec: 864,603 | mfu: 24.2% | epoch: 1 | remaining: 195s    
step 00703 (35.0%) | loss: 3.217810 | lrm: 1.00 | dt: 152ms | tok/sec: 864,072 | mfu: 24.2% | epoch: 1 | remaining: 195s    
step 00704 (35.0%) | loss: 3.217219 | lrm: 1.00 | dt: 152ms | tok/sec: 864,488 | mfu: 24.2% | epoch: 1 | remaining: 195s    
step 00705 (35.1%) | loss: 3.215908 | lrm: 1.00 | dt: 152ms | tok/sec: 864,143 | mfu: 24.2% | epoch: 1 | remaining: 195s    
step 00706 (35.1%) | loss: 3.227980 | lrm: 1.00 | dt: 152ms | tok/sec: 864,129 | mfu: 24.2% | epoch: 1 | remaining: 194s    
step 00707 (35.2%) | loss: 3.228015 | lrm: 1.00 | dt: 152ms | tok/sec: 864,245 | mfu: 24.2% | epoch: 1 | remaining: 194s    
step 00708 (35.2%) | loss: 3.229607 | lrm: 1.00 | dt: 152ms | tok/sec: 864,397 | mfu: 24.2% | epoch: 1 | remaining: 194s    
step 00709 (35.3%) | loss: 3.228126 | lrm: 1.00 | dt: 152ms | tok/sec: 864,193 | mfu: 24.2% | epoch: 1 | remaining: 194s    
step 00710 (35.3%) | loss: 3.222442 | lrm: 1.00 | dt: 152ms | tok/sec: 863,787 | mfu: 24.2% | epoch: 1 | remaining: 194s    
step 00711 (35.4%) | loss: 3.212294 | lrm: 1.00 | dt: 152ms | tok/sec: 864,211 | mfu: 24.2% | epoch: 1 | remaining: 194s    
step 00712 (35.4%) | loss: 3.214497 | lrm: 1.00 | dt: 152ms | tok/sec: 863,969 | mfu: 24.2% | epoch: 1 | remaining: 194s    
step 00713 (35.5%) | loss: 3.214363 | lrm: 1.00 | dt: 152ms | tok/sec: 862,969 | mfu: 24.1% | epoch: 1 | remaining: 193s    
step 00714 (35.5%) | loss: 3.209705 | lrm: 1.00 | dt: 152ms | tok/sec: 863,525 | mfu: 24.2% | epoch: 1 | remaining: 193s    
step 00715 (35.6%) | loss: 3.214273 | lrm: 1.00 | dt: 152ms | tok/sec: 863,921 | mfu: 24.2% | epoch: 1 | remaining: 193s    
step 00716 (35.6%) | loss: 3.220729 | lrm: 1.00 | dt: 152ms | tok/sec: 864,671 | mfu: 24.2% | epoch: 1 | remaining: 193s    
step 00717 (35.7%) | loss: 3.219928 | lrm: 1.00 | dt: 152ms | tok/sec: 864,016 | mfu: 24.2% | epoch: 1 | remaining: 193s    
step 00718 (35.7%) | loss: 3.222695 | lrm: 1.00 | dt: 152ms | tok/sec: 864,056 | mfu: 24.2% | epoch: 1 | remaining: 193s    
step 00719 (35.8%) | loss: 3.218272 | lrm: 1.00 | dt: 152ms | tok/sec: 864,510 | mfu: 24.2% | epoch: 1 | remaining: 192s    
step 00720 (35.8%) | loss: 3.218429 | lrm: 1.00 | dt: 152ms | tok/sec: 864,175 | mfu: 24.2% | epoch: 1 | remaining: 192s    
step 00721 (35.9%) | loss: 3.215413 | lrm: 1.00 | dt: 152ms | tok/sec: 863,731 | mfu: 24.2% | epoch: 1 | remaining: 192s    
step 00722 (35.9%) | loss: 3.208228 | lrm: 1.00 | dt: 152ms | tok/sec: 863,663 | mfu: 24.2% | epoch: 1 | remaining: 192s    
step 00723 (36.0%) | loss: 3.202599 | lrm: 1.00 | dt: 152ms | tok/sec: 864,006 | mfu: 24.2% | epoch: 1 | remaining: 192s    
step 00724 (36.0%) | loss: 3.206768 | lrm: 1.00 | dt: 152ms | tok/sec: 864,421 | mfu: 24.2% | epoch: 1 | remaining: 192s    
step 00725 (36.1%) | loss: 3.206370 | lrm: 1.00 | dt: 152ms | tok/sec: 864,778 | mfu: 24.2% | epoch: 1 | remaining: 192s    
step 00726 (36.1%) | loss: 3.199229 | lrm: 1.00 | dt: 152ms | tok/sec: 864,442 | mfu: 24.2% | epoch: 1 | remaining: 191s    
step 00727 (36.2%) | loss: 3.200936 | lrm: 1.00 | dt: 152ms | tok/sec: 864,287 | mfu: 24.2% | epoch: 1 | remaining: 191s    
step 00728 (36.2%) | loss: 3.199895 | lrm: 1.00 | dt: 152ms | tok/sec: 863,494 | mfu: 24.2% | epoch: 1 | remaining: 191s    
step 00729 (36.3%) | loss: 3.198558 | lrm: 1.00 | dt: 152ms | tok/sec: 864,512 | mfu: 24.2% | epoch: 1 | remaining: 191s    
step 00730 (36.3%) | loss: 3.202334 | lrm: 1.00 | dt: 152ms | tok/sec: 864,497 | mfu: 24.2% | epoch: 1 | remaining: 191s    
step 00731 (36.4%) | loss: 3.202890 | lrm: 1.00 | dt: 152ms | tok/sec: 864,186 | mfu: 24.2% | epoch: 1 | remaining: 191s    
step 00732 (36.4%) | loss: 3.197595 | lrm: 1.00 | dt: 152ms | tok/sec: 863,357 | mfu: 24.2% | epoch: 1 | remaining: 191s    
step 00733 (36.5%) | loss: 3.193239 | lrm: 1.00 | dt: 152ms | tok/sec: 864,063 | mfu: 24.2% | epoch: 1 | remaining: 190s    
step 00734 (36.5%) | loss: 3.200027 | lrm: 1.00 | dt: 152ms | tok/sec: 863,923 | mfu: 24.2% | epoch: 1 | remaining: 190s    
step 00735 (36.6%) | loss: 3.196996 | lrm: 1.00 | dt: 152ms | tok/sec: 863,699 | mfu: 24.2% | epoch: 1 | remaining: 190s    
step 00736 (36.6%) | loss: 3.194387 | lrm: 1.00 | dt: 152ms | tok/sec: 863,862 | mfu: 24.2% | epoch: 1 | remaining: 190s    
step 00737 (36.7%) | loss: 3.188817 | lrm: 1.00 | dt: 152ms | tok/sec: 863,969 | mfu: 24.2% | epoch: 1 | remaining: 190s    
step 00738 (36.7%) | loss: 3.182888 | lrm: 1.00 | dt: 152ms | tok/sec: 863,811 | mfu: 24.2% | epoch: 1 | remaining: 190s    
step 00739 (36.8%) | loss: 3.179497 | lrm: 1.00 | dt: 152ms | tok/sec: 864,484 | mfu: 24.2% | epoch: 1 | remaining: 189s    
step 00740 (36.8%) | loss: 3.178284 | lrm: 1.00 | dt: 152ms | tok/sec: 864,116 | mfu: 24.2% | epoch: 1 | remaining: 189s    
step 00741 (36.9%) | loss: 3.185732 | lrm: 1.00 | dt: 152ms | tok/sec: 864,357 | mfu: 24.2% | epoch: 1 | remaining: 189s    
step 00742 (36.9%) | loss: 3.192689 | lrm: 1.00 | dt: 152ms | tok/sec: 864,355 | mfu: 24.2% | epoch: 1 | remaining: 189s    
step 00743 (37.0%) | loss: 3.194609 | lrm: 1.00 | dt: 152ms | tok/sec: 864,375 | mfu: 24.2% | epoch: 1 | remaining: 189s    
step 00744 (37.1%) | loss: 3.193035 | lrm: 1.00 | dt: 152ms | tok/sec: 864,341 | mfu: 24.2% | epoch: 1 | remaining: 189s    
step 00745 (37.1%) | loss: 3.191924 | lrm: 1.00 | dt: 152ms | tok/sec: 864,188 | mfu: 24.2% | epoch: 1 | remaining: 189s    
step 00746 (37.2%) | loss: 3.191144 | lrm: 1.00 | dt: 152ms | tok/sec: 864,196 | mfu: 24.2% | epoch: 1 | remaining: 188s    
step 00747 (37.2%) | loss: 3.191442 | lrm: 1.00 | dt: 152ms | tok/sec: 864,357 | mfu: 24.2% | epoch: 1 | remaining: 188s    
step 00748 (37.3%) | loss: 3.192236 | lrm: 1.00 | dt: 152ms | tok/sec: 864,117 | mfu: 24.2% | epoch: 1 | remaining: 188s    
step 00749 (37.3%) | loss: 3.185024 | lrm: 1.00 | dt: 152ms | tok/sec: 863,662 | mfu: 24.2% | epoch: 1 | remaining: 188s    
step 00750 (37.4%) | loss: 3.187567 | lrm: 1.00 | dt: 153ms | tok/sec: 857,852 | mfu: 24.0% | epoch: 1 | remaining: 188s    
step 00751 (37.4%) | loss: 3.181012 | lrm: 1.00 | dt: 152ms | tok/sec: 864,035 | mfu: 24.2% | epoch: 1 | remaining: 188s    
step 00752 (37.5%) | loss: 3.184628 | lrm: 1.00 | dt: 152ms | tok/sec: 862,266 | mfu: 24.1% | epoch: 1 | remaining: 187s    
step 00753 (37.5%) | loss: 3.180519 | lrm: 1.00 | dt: 152ms | tok/sec: 862,187 | mfu: 24.1% | epoch: 1 | remaining: 187s    
step 00754 (37.6%) | loss: 3.181004 | lrm: 1.00 | dt: 152ms | tok/sec: 863,965 | mfu: 24.2% | epoch: 1 | remaining: 187s    
step 00755 (37.6%) | loss: 3.175455 | lrm: 1.00 | dt: 152ms | tok/sec: 864,332 | mfu: 24.2% | epoch: 1 | remaining: 187s    
step 00756 (37.7%) | loss: 3.177623 | lrm: 1.00 | dt: 152ms | tok/sec: 864,330 | mfu: 24.2% | epoch: 1 | remaining: 187s    
step 00757 (37.7%) | loss: 3.181508 | lrm: 1.00 | dt: 152ms | tok/sec: 864,171 | mfu: 24.2% | epoch: 1 | remaining: 187s    
step 00758 (37.8%) | loss: 3.186556 | lrm: 1.00 | dt: 152ms | tok/sec: 864,120 | mfu: 24.2% | epoch: 1 | remaining: 187s    
step 00759 (37.8%) | loss: 3.196654 | lrm: 1.00 | dt: 152ms | tok/sec: 864,283 | mfu: 24.2% | epoch: 1 | remaining: 186s    
step 00760 (37.9%) | loss: 3.196679 | lrm: 1.00 | dt: 152ms | tok/sec: 864,179 | mfu: 24.2% | epoch: 1 | remaining: 186s    
step 00761 (37.9%) | loss: 3.194805 | lrm: 1.00 | dt: 152ms | tok/sec: 864,207 | mfu: 24.2% | epoch: 1 | remaining: 186s    
step 00762 (38.0%) | loss: 3.199706 | lrm: 1.00 | dt: 152ms | tok/sec: 863,437 | mfu: 24.2% | epoch: 1 | remaining: 186s    
step 00763 (38.0%) | loss: 3.199870 | lrm: 1.00 | dt: 152ms | tok/sec: 863,544 | mfu: 24.2% | epoch: 1 | remaining: 186s    
step 00764 (38.1%) | loss: 3.202399 | lrm: 1.00 | dt: 152ms | tok/sec: 861,851 | mfu: 24.1% | epoch: 1 | remaining: 186s    
step 00765 (38.1%) | loss: 3.201170 | lrm: 1.00 | dt: 152ms | tok/sec: 864,163 | mfu: 24.2% | epoch: 1 | remaining: 186s    
step 00766 (38.2%) | loss: 3.206304 | lrm: 1.00 | dt: 152ms | tok/sec: 864,383 | mfu: 24.2% | epoch: 1 | remaining: 185s    
step 00767 (38.2%) | loss: 3.202673 | lrm: 1.00 | dt: 152ms | tok/sec: 864,292 | mfu: 24.2% | epoch: 1 | remaining: 185s    
step 00768 (38.3%) | loss: 3.201767 | lrm: 1.00 | dt: 152ms | tok/sec: 864,508 | mfu: 24.2% | epoch: 1 | remaining: 185s    
step 00769 (38.3%) | loss: 3.204678 | lrm: 1.00 | dt: 152ms | tok/sec: 864,584 | mfu: 24.2% | epoch: 1 | remaining: 185s    
step 00770 (38.4%) | loss: 3.202993 | lrm: 1.00 | dt: 152ms | tok/sec: 864,405 | mfu: 24.2% | epoch: 1 | remaining: 185s    
step 00771 (38.4%) | loss: 3.203413 | lrm: 1.00 | dt: 152ms | tok/sec: 864,398 | mfu: 24.2% | epoch: 1 | remaining: 185s    
step 00772 (38.5%) | loss: 3.194898 | lrm: 1.00 | dt: 152ms | tok/sec: 864,469 | mfu: 24.2% | epoch: 1 | remaining: 184s    
step 00773 (38.5%) | loss: 3.194070 | lrm: 1.00 | dt: 152ms | tok/sec: 864,459 | mfu: 24.2% | epoch: 1 | remaining: 184s    
step 00774 (38.6%) | loss: 3.191852 | lrm: 1.00 | dt: 152ms | tok/sec: 864,583 | mfu: 24.2% | epoch: 1 | remaining: 184s    
step 00775 (38.6%) | loss: 3.196172 | lrm: 1.00 | dt: 152ms | tok/sec: 864,247 | mfu: 24.2% | epoch: 1 | remaining: 184s    
step 00776 (38.7%) | loss: 3.192313 | lrm: 1.00 | dt: 152ms | tok/sec: 864,474 | mfu: 24.2% | epoch: 1 | remaining: 184s    
step 00777 (38.7%) | loss: 3.189506 | lrm: 1.00 | dt: 152ms | tok/sec: 863,619 | mfu: 24.2% | epoch: 1 | remaining: 184s    
step 00778 (38.8%) | loss: 3.186055 | lrm: 1.00 | dt: 152ms | tok/sec: 864,147 | mfu: 24.2% | epoch: 1 | remaining: 184s    
step 00779 (38.8%) | loss: 3.180509 | lrm: 1.00 | dt: 152ms | tok/sec: 864,269 | mfu: 24.2% | epoch: 1 | remaining: 183s    
step 00780 (38.9%) | loss: 3.187999 | lrm: 1.00 | dt: 152ms | tok/sec: 864,171 | mfu: 24.2% | epoch: 1 | remaining: 183s    
step 00781 (38.9%) | loss: 3.185967 | lrm: 1.00 | dt: 152ms | tok/sec: 864,455 | mfu: 24.2% | epoch: 1 | remaining: 183s    
step 00782 (39.0%) | loss: 3.183426 | lrm: 1.00 | dt: 152ms | tok/sec: 864,313 | mfu: 24.2% | epoch: 1 | remaining: 183s    
step 00783 (39.0%) | loss: 3.189032 | lrm: 1.00 | dt: 152ms | tok/sec: 864,461 | mfu: 24.2% | epoch: 1 | remaining: 183s    
step 00784 (39.1%) | loss: 3.191585 | lrm: 1.00 | dt: 152ms | tok/sec: 864,345 | mfu: 24.2% | epoch: 1 | remaining: 183s    
step 00785 (39.1%) | loss: 3.186919 | lrm: 1.00 | dt: 152ms | tok/sec: 864,313 | mfu: 24.2% | epoch: 1 | remaining: 182s    
step 00786 (39.2%) | loss: 3.189807 | lrm: 1.00 | dt: 152ms | tok/sec: 864,141 | mfu: 24.2% | epoch: 1 | remaining: 182s    
step 00787 (39.2%) | loss: 3.191465 | lrm: 1.00 | dt: 152ms | tok/sec: 864,064 | mfu: 24.2% | epoch: 1 | remaining: 182s    
step 00788 (39.3%) | loss: 3.189605 | lrm: 1.00 | dt: 152ms | tok/sec: 864,651 | mfu: 24.2% | epoch: 1 | remaining: 182s    
step 00789 (39.3%) | loss: 3.190574 | lrm: 1.00 | dt: 152ms | tok/sec: 864,590 | mfu: 24.2% | epoch: 1 | remaining: 182s    
step 00790 (39.4%) | loss: 3.192389 | lrm: 1.00 | dt: 152ms | tok/sec: 864,215 | mfu: 24.2% | epoch: 1 | remaining: 182s    
step 00791 (39.4%) | loss: 3.190826 | lrm: 1.00 | dt: 152ms | tok/sec: 864,643 | mfu: 24.2% | epoch: 1 | remaining: 182s    
step 00792 (39.5%) | loss: 3.190108 | lrm: 1.00 | dt: 152ms | tok/sec: 864,613 | mfu: 24.2% | epoch: 1 | remaining: 181s    
step 00793 (39.5%) | loss: 3.196472 | lrm: 1.00 | dt: 152ms | tok/sec: 863,891 | mfu: 24.2% | epoch: 1 | remaining: 181s    
step 00794 (39.6%) | loss: 3.195461 | lrm: 1.00 | dt: 152ms | tok/sec: 863,080 | mfu: 24.1% | epoch: 1 | remaining: 181s    
step 00795 (39.6%) | loss: 3.179562 | lrm: 1.00 | dt: 152ms | tok/sec: 862,496 | mfu: 24.1% | epoch: 1 | remaining: 181s    
step 00796 (39.7%) | loss: 3.174289 | lrm: 1.00 | dt: 152ms | tok/sec: 863,859 | mfu: 24.2% | epoch: 1 | remaining: 181s    
step 00797 (39.7%) | loss: 3.175950 | lrm: 1.00 | dt: 152ms | tok/sec: 863,942 | mfu: 24.2% | epoch: 1 | remaining: 181s    
step 00798 (39.8%) | loss: 3.177690 | lrm: 1.00 | dt: 152ms | tok/sec: 863,942 | mfu: 24.2% | epoch: 1 | remaining: 181s    
step 00799 (39.8%) | loss: 3.174314 | lrm: 1.00 | dt: 152ms | tok/sec: 863,824 | mfu: 24.2% | epoch: 1 | remaining: 180s    
step 00800 (39.9%) | loss: 3.174442 | lrm: 1.00 | dt: 152ms | tok/sec: 863,731 | mfu: 24.2% | epoch: 1 | remaining: 180s    
step 00801 (39.9%) | loss: 3.172566 | lrm: 1.00 | dt: 152ms | tok/sec: 863,993 | mfu: 24.2% | epoch: 1 | remaining: 180s    
step 00802 (40.0%) | loss: 3.172929 | lrm: 1.00 | dt: 152ms | tok/sec: 863,822 | mfu: 24.2% | epoch: 1 | remaining: 180s    
step 00803 (40.0%) | loss: 3.173200 | lrm: 1.00 | dt: 152ms | tok/sec: 864,274 | mfu: 24.2% | epoch: 1 | remaining: 180s    
step 00804 (40.1%) | loss: 3.174845 | lrm: 1.00 | dt: 152ms | tok/sec: 864,344 | mfu: 24.2% | epoch: 1 | remaining: 180s    
step 00805 (40.1%) | loss: 3.178480 | lrm: 1.00 | dt: 152ms | tok/sec: 863,906 | mfu: 24.2% | epoch: 1 | remaining: 179s    
step 00806 (40.2%) | loss: 3.177201 | lrm: 1.00 | dt: 152ms | tok/sec: 863,925 | mfu: 24.2% | epoch: 1 | remaining: 179s    
step 00807 (40.2%) | loss: 3.180174 | lrm: 1.00 | dt: 152ms | tok/sec: 863,433 | mfu: 24.2% | epoch: 1 | remaining: 179s    
step 00808 (40.3%) | loss: 3.184098 | lrm: 1.00 | dt: 152ms | tok/sec: 862,870 | mfu: 24.1% | epoch: 1 | remaining: 179s    
step 00809 (40.3%) | loss: 3.179664 | lrm: 1.00 | dt: 152ms | tok/sec: 863,596 | mfu: 24.2% | epoch: 1 | remaining: 179s    
step 00810 (40.4%) | loss: 3.179013 | lrm: 1.00 | dt: 152ms | tok/sec: 864,003 | mfu: 24.2% | epoch: 1 | remaining: 179s    
step 00811 (40.4%) | loss: 3.183745 | lrm: 1.00 | dt: 152ms | tok/sec: 863,807 | mfu: 24.2% | epoch: 1 | remaining: 179s    
step 00812 (40.5%) | loss: 3.181673 | lrm: 1.00 | dt: 152ms | tok/sec: 861,848 | mfu: 24.1% | epoch: 1 | remaining: 178s    
step 00813 (40.5%) | loss: 3.180198 | lrm: 1.00 | dt: 152ms | tok/sec: 863,596 | mfu: 24.2% | epoch: 1 | remaining: 178s    
step 00814 (40.6%) | loss: 3.179907 | lrm: 1.00 | dt: 152ms | tok/sec: 863,739 | mfu: 24.2% | epoch: 1 | remaining: 178s    
step 00815 (40.6%) | loss: 3.178245 | lrm: 1.00 | dt: 152ms | tok/sec: 864,056 | mfu: 24.2% | epoch: 1 | remaining: 178s    
step 00816 (40.7%) | loss: 3.181456 | lrm: 1.00 | dt: 152ms | tok/sec: 864,102 | mfu: 24.2% | epoch: 1 | remaining: 178s    
step 00817 (40.7%) | loss: 3.176574 | lrm: 1.00 | dt: 152ms | tok/sec: 863,319 | mfu: 24.2% | epoch: 1 | remaining: 178s    
step 00818 (40.8%) | loss: 3.170019 | lrm: 1.00 | dt: 152ms | tok/sec: 864,003 | mfu: 24.2% | epoch: 1 | remaining: 177s    
step 00819 (40.8%) | loss: 3.172572 | lrm: 1.00 | dt: 152ms | tok/sec: 864,198 | mfu: 24.2% | epoch: 1 | remaining: 177s    
step 00820 (40.9%) | loss: 3.171418 | lrm: 1.00 | dt: 152ms | tok/sec: 864,443 | mfu: 24.2% | epoch: 1 | remaining: 177s    
step 00821 (40.9%) | loss: 3.173130 | lrm: 1.00 | dt: 152ms | tok/sec: 864,008 | mfu: 24.2% | epoch: 1 | remaining: 177s    
step 00822 (41.0%) | loss: 3.164515 | lrm: 1.00 | dt: 152ms | tok/sec: 863,526 | mfu: 24.2% | epoch: 1 | remaining: 177s    
step 00823 (41.0%) | loss: 3.157459 | lrm: 1.00 | dt: 152ms | tok/sec: 863,925 | mfu: 24.2% | epoch: 1 | remaining: 177s    
step 00824 (41.1%) | loss: 3.158315 | lrm: 1.00 | dt: 152ms | tok/sec: 864,311 | mfu: 24.2% | epoch: 1 | remaining: 177s    
step 00825 (41.1%) | loss: 3.163904 | lrm: 1.00 | dt: 152ms | tok/sec: 863,818 | mfu: 24.2% | epoch: 1 | remaining: 176s    
step 00826 (41.2%) | loss: 3.162390 | lrm: 1.00 | dt: 152ms | tok/sec: 864,822 | mfu: 24.2% | epoch: 1 | remaining: 176s    
step 00827 (41.2%) | loss: 3.163278 | lrm: 1.00 | dt: 152ms | tok/sec: 863,977 | mfu: 24.2% | epoch: 1 | remaining: 176s    
step 00828 (41.3%) | loss: 3.161634 | lrm: 1.00 | dt: 152ms | tok/sec: 864,401 | mfu: 24.2% | epoch: 1 | remaining: 176s    
step 00829 (41.3%) | loss: 3.162501 | lrm: 1.00 | dt: 152ms | tok/sec: 864,454 | mfu: 24.2% | epoch: 1 | remaining: 176s    
step 00830 (41.4%) | loss: 3.164073 | lrm: 1.00 | dt: 152ms | tok/sec: 864,714 | mfu: 24.2% | epoch: 1 | remaining: 176s    
step 00831 (41.5%) | loss: 3.162332 | lrm: 1.00 | dt: 152ms | tok/sec: 864,666 | mfu: 24.2% | epoch: 1 | remaining: 175s    
step 00832 (41.5%) | loss: 3.159164 | lrm: 1.00 | dt: 152ms | tok/sec: 864,525 | mfu: 24.2% | epoch: 1 | remaining: 175s    
step 00833 (41.6%) | loss: 3.163284 | lrm: 1.00 | dt: 152ms | tok/sec: 864,682 | mfu: 24.2% | epoch: 1 | remaining: 175s    
step 00834 (41.6%) | loss: 3.167693 | lrm: 1.00 | dt: 152ms | tok/sec: 864,670 | mfu: 24.2% | epoch: 1 | remaining: 175s    
step 00835 (41.7%) | loss: 3.166592 | lrm: 1.00 | dt: 152ms | tok/sec: 864,455 | mfu: 24.2% | epoch: 1 | remaining: 175s    
step 00836 (41.7%) | loss: 3.164758 | lrm: 1.00 | dt: 152ms | tok/sec: 864,400 | mfu: 24.2% | epoch: 1 | remaining: 175s    
step 00837 (41.8%) | loss: 3.167807 | lrm: 1.00 | dt: 152ms | tok/sec: 864,159 | mfu: 24.2% | epoch: 1 | remaining: 175s    
step 00838 (41.8%) | loss: 3.163065 | lrm: 1.00 | dt: 152ms | tok/sec: 864,454 | mfu: 24.2% | epoch: 1 | remaining: 174s    
step 00839 (41.9%) | loss: 3.164643 | lrm: 1.00 | dt: 152ms | tok/sec: 864,806 | mfu: 24.2% | epoch: 1 | remaining: 174s    
step 00840 (41.9%) | loss: 3.166900 | lrm: 1.00 | dt: 152ms | tok/sec: 864,436 | mfu: 24.2% | epoch: 1 | remaining: 174s    
step 00841 (42.0%) | loss: 3.167152 | lrm: 1.00 | dt: 152ms | tok/sec: 864,780 | mfu: 24.2% | epoch: 1 | remaining: 174s    
step 00842 (42.0%) | loss: 3.167215 | lrm: 1.00 | dt: 152ms | tok/sec: 864,746 | mfu: 24.2% | epoch: 1 | remaining: 174s    
step 00843 (42.1%) | loss: 3.157895 | lrm: 1.00 | dt: 152ms | tok/sec: 864,296 | mfu: 24.2% | epoch: 1 | remaining: 174s    
step 00844 (42.1%) | loss: 3.160221 | lrm: 1.00 | dt: 152ms | tok/sec: 864,648 | mfu: 24.2% | epoch: 1 | remaining: 174s    
step 00845 (42.2%) | loss: 3.157102 | lrm: 1.00 | dt: 152ms | tok/sec: 864,345 | mfu: 24.2% | epoch: 1 | remaining: 173s    
step 00846 (42.2%) | loss: 3.163248 | lrm: 1.00 | dt: 152ms | tok/sec: 864,257 | mfu: 24.2% | epoch: 1 | remaining: 173s    
step 00847 (42.3%) | loss: 3.169109 | lrm: 1.00 | dt: 152ms | tok/sec: 864,576 | mfu: 24.2% | epoch: 1 | remaining: 173s    
step 00848 (42.3%) | loss: 3.173665 | lrm: 1.00 | dt: 152ms | tok/sec: 863,758 | mfu: 24.2% | epoch: 1 | remaining: 173s    
step 00849 (42.4%) | loss: 3.173643 | lrm: 1.00 | dt: 152ms | tok/sec: 864,631 | mfu: 24.2% | epoch: 1 | remaining: 173s    
step 00850 (42.4%) | loss: 3.169314 | lrm: 1.00 | dt: 152ms | tok/sec: 863,849 | mfu: 24.2% | epoch: 1 | remaining: 173s    
step 00851 (42.5%) | loss: 3.164214 | lrm: 1.00 | dt: 152ms | tok/sec: 862,010 | mfu: 24.1% | epoch: 1 | remaining: 172s    
step 00852 (42.5%) | loss: 3.164082 | lrm: 1.00 | dt: 152ms | tok/sec: 862,230 | mfu: 24.1% | epoch: 1 | remaining: 172s    
step 00853 (42.6%) | loss: 3.164481 | lrm: 1.00 | dt: 152ms | tok/sec: 863,976 | mfu: 24.2% | epoch: 1 | remaining: 172s    
step 00854 (42.6%) | loss: 3.161306 | lrm: 1.00 | dt: 152ms | tok/sec: 863,995 | mfu: 24.2% | epoch: 1 | remaining: 172s    
step 00855 (42.7%) | loss: 3.155943 | lrm: 1.00 | dt: 152ms | tok/sec: 864,433 | mfu: 24.2% | epoch: 1 | remaining: 172s    
step 00856 (42.7%) | loss: 3.148381 | lrm: 1.00 | dt: 152ms | tok/sec: 864,167 | mfu: 24.2% | epoch: 1 | remaining: 172s    
step 00857 (42.8%) | loss: 3.150851 | lrm: 1.00 | dt: 152ms | tok/sec: 864,444 | mfu: 24.2% | epoch: 1 | remaining: 172s    
step 00858 (42.8%) | loss: 3.149188 | lrm: 1.00 | dt: 152ms | tok/sec: 864,402 | mfu: 24.2% | epoch: 1 | remaining: 171s    
step 00859 (42.9%) | loss: 3.148178 | lrm: 1.00 | dt: 152ms | tok/sec: 864,326 | mfu: 24.2% | epoch: 1 | remaining: 171s    
step 00860 (42.9%) | loss: 3.150972 | lrm: 1.00 | dt: 152ms | tok/sec: 864,294 | mfu: 24.2% | epoch: 1 | remaining: 171s    
step 00861 (43.0%) | loss: 3.155447 | lrm: 1.00 | dt: 152ms | tok/sec: 864,414 | mfu: 24.2% | epoch: 1 | remaining: 171s    
step 00862 (43.0%) | loss: 3.151882 | lrm: 1.00 | dt: 152ms | tok/sec: 864,609 | mfu: 24.2% | epoch: 1 | remaining: 171s    
step 00863 (43.1%) | loss: 3.153180 | lrm: 1.00 | dt: 152ms | tok/sec: 864,806 | mfu: 24.2% | epoch: 1 | remaining: 171s    
step 00864 (43.1%) | loss: 3.150797 | lrm: 1.00 | dt: 152ms | tok/sec: 864,450 | mfu: 24.2% | epoch: 1 | remaining: 170s    
step 00865 (43.2%) | loss: 3.146272 | lrm: 1.00 | dt: 152ms | tok/sec: 864,433 | mfu: 24.2% | epoch: 1 | remaining: 170s    
step 00866 (43.2%) | loss: 3.150386 | lrm: 1.00 | dt: 152ms | tok/sec: 864,710 | mfu: 24.2% | epoch: 1 | remaining: 170s    
step 00867 (43.3%) | loss: 3.153520 | lrm: 1.00 | dt: 152ms | tok/sec: 864,257 | mfu: 24.2% | epoch: 1 | remaining: 170s    
step 00868 (43.3%) | loss: 3.156680 | lrm: 1.00 | dt: 152ms | tok/sec: 864,484 | mfu: 24.2% | epoch: 1 | remaining: 170s    
step 00869 (43.4%) | loss: 3.161192 | lrm: 1.00 | dt: 152ms | tok/sec: 864,102 | mfu: 24.2% | epoch: 1 | remaining: 170s    
step 00870 (43.4%) | loss: 3.158376 | lrm: 1.00 | dt: 152ms | tok/sec: 864,408 | mfu: 24.2% | epoch: 1 | remaining: 170s    
step 00871 (43.5%) | loss: 3.166587 | lrm: 1.00 | dt: 152ms | tok/sec: 864,571 | mfu: 24.2% | epoch: 1 | remaining: 169s    
step 00872 (43.5%) | loss: 3.169275 | lrm: 1.00 | dt: 152ms | tok/sec: 864,417 | mfu: 24.2% | epoch: 1 | remaining: 169s    
step 00873 (43.6%) | loss: 3.162767 | lrm: 1.00 | dt: 152ms | tok/sec: 864,099 | mfu: 24.2% | epoch: 1 | remaining: 169s    
step 00874 (43.6%) | loss: 3.159811 | lrm: 1.00 | dt: 152ms | tok/sec: 864,250 | mfu: 24.2% | epoch: 1 | remaining: 169s    
step 00875 (43.7%) | loss: 3.161484 | lrm: 1.00 | dt: 152ms | tok/sec: 862,053 | mfu: 24.1% | epoch: 1 | remaining: 169s    
step 00876 (43.7%) | loss: 3.167609 | lrm: 1.00 | dt: 152ms | tok/sec: 861,482 | mfu: 24.1% | epoch: 1 | remaining: 169s    
step 00877 (43.8%) | loss: 3.162366 | lrm: 1.00 | dt: 152ms | tok/sec: 861,459 | mfu: 24.1% | epoch: 1 | remaining: 169s    
step 00878 (43.8%) | loss: 3.162052 | lrm: 1.00 | dt: 152ms | tok/sec: 863,121 | mfu: 24.1% | epoch: 1 | remaining: 168s    
step 00879 (43.9%) | loss: 3.163605 | lrm: 1.00 | dt: 152ms | tok/sec: 863,662 | mfu: 24.2% | epoch: 1 | remaining: 168s    
step 00880 (43.9%) | loss: 3.163136 | lrm: 1.00 | dt: 152ms | tok/sec: 864,375 | mfu: 24.2% | epoch: 1 | remaining: 168s    
step 00881 (44.0%) | loss: 3.163911 | lrm: 1.00 | dt: 152ms | tok/sec: 864,476 | mfu: 24.2% | epoch: 1 | remaining: 168s    
step 00882 (44.0%) | loss: 3.160750 | lrm: 1.00 | dt: 152ms | tok/sec: 864,025 | mfu: 24.2% | epoch: 1 | remaining: 168s    
step 00883 (44.1%) | loss: 3.170334 | lrm: 1.00 | dt: 152ms | tok/sec: 861,346 | mfu: 24.1% | epoch: 1 | remaining: 168s    
step 00884 (44.1%) | loss: 3.168666 | lrm: 1.00 | dt: 152ms | tok/sec: 862,811 | mfu: 24.1% | epoch: 1 | remaining: 167s    
step 00885 (44.2%) | loss: 3.171353 | lrm: 1.00 | dt: 152ms | tok/sec: 863,940 | mfu: 24.2% | epoch: 1 | remaining: 167s    
step 00886 (44.2%) | loss: 3.174897 | lrm: 1.00 | dt: 152ms | tok/sec: 863,930 | mfu: 24.2% | epoch: 1 | remaining: 167s    
step 00887 (44.3%) | loss: 3.175945 | lrm: 1.00 | dt: 152ms | tok/sec: 863,951 | mfu: 24.2% | epoch: 1 | remaining: 167s    
step 00888 (44.3%) | loss: 3.165676 | lrm: 1.00 | dt: 152ms | tok/sec: 864,090 | mfu: 24.2% | epoch: 1 | remaining: 167s    
step 00889 (44.4%) | loss: 3.154184 | lrm: 1.00 | dt: 152ms | tok/sec: 864,033 | mfu: 24.2% | epoch: 1 | remaining: 167s    
step 00890 (44.4%) | loss: 3.152938 | lrm: 1.00 | dt: 152ms | tok/sec: 864,105 | mfu: 24.2% | epoch: 1 | remaining: 167s    
step 00891 (44.5%) | loss: 3.150963 | lrm: 1.00 | dt: 152ms | tok/sec: 864,311 | mfu: 24.2% | epoch: 1 | remaining: 166s    
step 00892 (44.5%) | loss: 3.145509 | lrm: 1.00 | dt: 152ms | tok/sec: 864,529 | mfu: 24.2% | epoch: 1 | remaining: 166s    
step 00893 (44.6%) | loss: 3.148269 | lrm: 1.00 | dt: 152ms | tok/sec: 864,158 | mfu: 24.2% | epoch: 1 | remaining: 166s    
step 00894 (44.6%) | loss: 3.152159 | lrm: 1.00 | dt: 152ms | tok/sec: 864,550 | mfu: 24.2% | epoch: 1 | remaining: 166s    
step 00895 (44.7%) | loss: 3.154697 | lrm: 1.00 | dt: 152ms | tok/sec: 863,761 | mfu: 24.2% | epoch: 1 | remaining: 166s    
step 00896 (44.7%) | loss: 3.152309 | lrm: 1.00 | dt: 152ms | tok/sec: 864,219 | mfu: 24.2% | epoch: 1 | remaining: 166s    
step 00897 (44.8%) | loss: 3.153507 | lrm: 1.00 | dt: 152ms | tok/sec: 864,023 | mfu: 24.2% | epoch: 1 | remaining: 165s    
step 00898 (44.8%) | loss: 3.158219 | lrm: 1.00 | dt: 152ms | tok/sec: 863,768 | mfu: 24.2% | epoch: 1 | remaining: 165s    
step 00899 (44.9%) | loss: 3.154590 | lrm: 1.00 | dt: 152ms | tok/sec: 862,180 | mfu: 24.1% | epoch: 1 | remaining: 165s    
step 00900 (44.9%) | loss: 3.160350 | lrm: 1.00 | dt: 152ms | tok/sec: 863,604 | mfu: 24.2% | epoch: 1 | remaining: 165s    
step 00901 (45.0%) | loss: 3.157236 | lrm: 1.00 | dt: 152ms | tok/sec: 864,067 | mfu: 24.2% | epoch: 1 | remaining: 165s    
step 00902 (45.0%) | loss: 3.163955 | lrm: 1.00 | dt: 152ms | tok/sec: 864,056 | mfu: 24.2% | epoch: 1 | remaining: 165s    
step 00903 (45.1%) | loss: 3.159633 | lrm: 1.00 | dt: 152ms | tok/sec: 864,487 | mfu: 24.2% | epoch: 1 | remaining: 165s    
step 00904 (45.1%) | loss: 3.165780 | lrm: 1.00 | dt: 152ms | tok/sec: 864,273 | mfu: 24.2% | epoch: 1 | remaining: 164s    
step 00905 (45.2%) | loss: 3.166321 | lrm: 1.00 | dt: 152ms | tok/sec: 864,226 | mfu: 24.2% | epoch: 1 | remaining: 164s    
step 00906 (45.2%) | loss: 3.163832 | lrm: 1.00 | dt: 152ms | tok/sec: 864,182 | mfu: 24.2% | epoch: 1 | remaining: 164s    
step 00907 (45.3%) | loss: 3.172110 | lrm: 1.00 | dt: 152ms | tok/sec: 864,412 | mfu: 24.2% | epoch: 1 | remaining: 164s    
step 00908 (45.3%) | loss: 3.167308 | lrm: 1.00 | dt: 152ms | tok/sec: 864,011 | mfu: 24.2% | epoch: 1 | remaining: 164s    
step 00909 (45.4%) | loss: 3.165865 | lrm: 1.00 | dt: 152ms | tok/sec: 863,742 | mfu: 24.2% | epoch: 1 | remaining: 164s    
step 00910 (45.4%) | loss: 3.165351 | lrm: 1.00 | dt: 152ms | tok/sec: 864,266 | mfu: 24.2% | epoch: 1 | remaining: 164s    
step 00911 (45.5%) | loss: 3.165197 | lrm: 1.00 | dt: 152ms | tok/sec: 864,207 | mfu: 24.2% | epoch: 1 | remaining: 163s    
step 00912 (45.5%) | loss: 3.165110 | lrm: 1.00 | dt: 152ms | tok/sec: 864,404 | mfu: 24.2% | epoch: 1 | remaining: 163s    
step 00913 (45.6%) | loss: 3.169239 | lrm: 1.00 | dt: 152ms | tok/sec: 864,258 | mfu: 24.2% | epoch: 1 | remaining: 163s    
step 00914 (45.6%) | loss: 3.169665 | lrm: 1.00 | dt: 152ms | tok/sec: 864,352 | mfu: 24.2% | epoch: 1 | remaining: 163s    
step 00915 (45.7%) | loss: 3.166455 | lrm: 1.00 | dt: 152ms | tok/sec: 864,006 | mfu: 24.2% | epoch: 1 | remaining: 163s    
step 00916 (45.7%) | loss: 3.164341 | lrm: 1.00 | dt: 152ms | tok/sec: 863,273 | mfu: 24.2% | epoch: 1 | remaining: 163s    
step 00917 (45.8%) | loss: 3.166319 | lrm: 1.00 | dt: 152ms | tok/sec: 863,335 | mfu: 24.2% | epoch: 1 | remaining: 162s    
step 00918 (45.8%) | loss: 3.159726 | lrm: 1.00 | dt: 152ms | tok/sec: 863,211 | mfu: 24.1% | epoch: 1 | remaining: 162s    
step 00919 (45.9%) | loss: 3.164450 | lrm: 1.00 | dt: 152ms | tok/sec: 863,573 | mfu: 24.2% | epoch: 1 | remaining: 162s    
step 00920 (46.0%) | loss: 3.165042 | lrm: 1.00 | dt: 152ms | tok/sec: 863,282 | mfu: 24.2% | epoch: 1 | remaining: 162s    
step 00921 (46.0%) | loss: 3.164910 | lrm: 1.00 | dt: 152ms | tok/sec: 863,030 | mfu: 24.1% | epoch: 1 | remaining: 162s    
step 00922 (46.1%) | loss: 3.170762 | lrm: 1.00 | dt: 152ms | tok/sec: 863,326 | mfu: 24.2% | epoch: 1 | remaining: 162s    
step 00923 (46.1%) | loss: 3.168762 | lrm: 1.00 | dt: 152ms | tok/sec: 863,885 | mfu: 24.2% | epoch: 1 | remaining: 162s    
step 00924 (46.2%) | loss: 3.171045 | lrm: 1.00 | dt: 152ms | tok/sec: 863,742 | mfu: 24.2% | epoch: 1 | remaining: 161s    
step 00925 (46.2%) | loss: 3.171596 | lrm: 1.00 | dt: 152ms | tok/sec: 863,677 | mfu: 24.2% | epoch: 1 | remaining: 161s    
step 00926 (46.3%) | loss: 3.178050 | lrm: 1.00 | dt: 152ms | tok/sec: 864,462 | mfu: 24.2% | epoch: 1 | remaining: 161s    
step 00927 (46.3%) | loss: 3.173069 | lrm: 1.00 | dt: 152ms | tok/sec: 864,423 | mfu: 24.2% | epoch: 1 | remaining: 161s    
step 00928 (46.4%) | loss: 3.162786 | lrm: 1.00 | dt: 152ms | tok/sec: 864,563 | mfu: 24.2% | epoch: 1 | remaining: 161s    
step 00929 (46.4%) | loss: 3.161781 | lrm: 1.00 | dt: 152ms | tok/sec: 864,386 | mfu: 24.2% | epoch: 1 | remaining: 161s    
step 00930 (46.5%) | loss: 3.156469 | lrm: 1.00 | dt: 152ms | tok/sec: 864,287 | mfu: 24.2% | epoch: 1 | remaining: 160s    
step 00931 (46.5%) | loss: 3.158004 | lrm: 1.00 | dt: 152ms | tok/sec: 864,529 | mfu: 24.2% | epoch: 1 | remaining: 160s    
step 00932 (46.6%) | loss: 3.154126 | lrm: 1.00 | dt: 152ms | tok/sec: 864,469 | mfu: 24.2% | epoch: 1 | remaining: 160s    
step 00933 (46.6%) | loss: 3.156009 | lrm: 1.00 | dt: 152ms | tok/sec: 864,897 | mfu: 24.2% | epoch: 1 | remaining: 160s    
step 00934 (46.7%) | loss: 3.148266 | lrm: 1.00 | dt: 152ms | tok/sec: 864,405 | mfu: 24.2% | epoch: 1 | remaining: 160s    
step 00935 (46.7%) | loss: 3.151818 | lrm: 1.00 | dt: 152ms | tok/sec: 862,414 | mfu: 24.1% | epoch: 1 | remaining: 160s    
step 00936 (46.8%) | loss: 3.152717 | lrm: 1.00 | dt: 152ms | tok/sec: 862,391 | mfu: 24.1% | epoch: 1 | remaining: 160s    
step 00937 (46.8%) | loss: 3.161622 | lrm: 1.00 | dt: 152ms | tok/sec: 863,033 | mfu: 24.1% | epoch: 1 | remaining: 159s    
step 00938 (46.9%) | loss: 3.165738 | lrm: 1.00 | dt: 152ms | tok/sec: 864,010 | mfu: 24.2% | epoch: 1 | remaining: 159s    
step 00939 (46.9%) | loss: 3.157724 | lrm: 1.00 | dt: 152ms | tok/sec: 864,241 | mfu: 24.2% | epoch: 1 | remaining: 159s    
step 00940 (47.0%) | loss: 3.153506 | lrm: 1.00 | dt: 152ms | tok/sec: 862,437 | mfu: 24.1% | epoch: 1 | remaining: 159s    
step 00941 (47.0%) | loss: 3.157831 | lrm: 1.00 | dt: 152ms | tok/sec: 862,379 | mfu: 24.1% | epoch: 1 | remaining: 159s    
step 00942 (47.1%) | loss: 3.163340 | lrm: 1.00 | dt: 152ms | tok/sec: 864,247 | mfu: 24.2% | epoch: 1 | remaining: 159s    
step 00943 (47.1%) | loss: 3.152650 | lrm: 1.00 | dt: 152ms | tok/sec: 864,202 | mfu: 24.2% | epoch: 1 | remaining: 159s    
step 00944 (47.2%) | loss: 3.150860 | lrm: 1.00 | dt: 152ms | tok/sec: 864,349 | mfu: 24.2% | epoch: 1 | remaining: 158s    
step 00945 (47.2%) | loss: 3.149666 | lrm: 1.00 | dt: 152ms | tok/sec: 864,341 | mfu: 24.2% | epoch: 1 | remaining: 158s    
step 00946 (47.3%) | loss: 3.151415 | lrm: 1.00 | dt: 152ms | tok/sec: 864,154 | mfu: 24.2% | epoch: 1 | remaining: 158s    
step 00947 (47.3%) | loss: 3.146405 | lrm: 1.00 | dt: 152ms | tok/sec: 864,125 | mfu: 24.2% | epoch: 1 | remaining: 158s    
step 00948 (47.4%) | loss: 3.151704 | lrm: 1.00 | dt: 152ms | tok/sec: 864,103 | mfu: 24.2% | epoch: 1 | remaining: 158s    
step 00949 (47.4%) | loss: 3.157587 | lrm: 1.00 | dt: 152ms | tok/sec: 864,375 | mfu: 24.2% | epoch: 1 | remaining: 158s    
step 00950 (47.5%) | loss: 3.153068 | lrm: 1.00 | dt: 152ms | tok/sec: 864,084 | mfu: 24.2% | epoch: 1 | remaining: 157s    
step 00951 (47.5%) | loss: 3.147556 | lrm: 1.00 | dt: 152ms | tok/sec: 864,718 | mfu: 24.2% | epoch: 1 | remaining: 157s    
step 00952 (47.6%) | loss: 3.154340 | lrm: 1.00 | dt: 152ms | tok/sec: 864,633 | mfu: 24.2% | epoch: 1 | remaining: 157s    
step 00953 (47.6%) | loss: 3.150495 | lrm: 1.00 | dt: 152ms | tok/sec: 864,525 | mfu: 24.2% | epoch: 1 | remaining: 157s    
step 00954 (47.7%) | loss: 3.155382 | lrm: 1.00 | dt: 152ms | tok/sec: 864,080 | mfu: 24.2% | epoch: 1 | remaining: 157s    
step 00955 (47.7%) | loss: 3.153741 | lrm: 1.00 | dt: 152ms | tok/sec: 863,644 | mfu: 24.2% | epoch: 1 | remaining: 157s    
step 00956 (47.8%) | loss: 3.153227 | lrm: 1.00 | dt: 152ms | tok/sec: 863,825 | mfu: 24.2% | epoch: 1 | remaining: 157s    
step 00957 (47.8%) | loss: 3.160155 | lrm: 1.00 | dt: 152ms | tok/sec: 864,026 | mfu: 24.2% | epoch: 1 | remaining: 156s    
step 00958 (47.9%) | loss: 3.153383 | lrm: 1.00 | dt: 152ms | tok/sec: 864,272 | mfu: 24.2% | epoch: 1 | remaining: 156s    
step 00959 (47.9%) | loss: 3.156303 | lrm: 1.00 | dt: 152ms | tok/sec: 864,145 | mfu: 24.2% | epoch: 1 | remaining: 156s    
step 00960 (48.0%) | loss: 3.155081 | lrm: 1.00 | dt: 152ms | tok/sec: 864,045 | mfu: 24.2% | epoch: 1 | remaining: 156s    
step 00961 (48.0%) | loss: 3.147157 | lrm: 1.00 | dt: 152ms | tok/sec: 863,013 | mfu: 24.1% | epoch: 1 | remaining: 156s    
step 00962 (48.1%) | loss: 3.143877 | lrm: 1.00 | dt: 152ms | tok/sec: 863,002 | mfu: 24.1% | epoch: 1 | remaining: 156s    
step 00963 (48.1%) | loss: 3.138556 | lrm: 1.00 | dt: 152ms | tok/sec: 862,797 | mfu: 24.1% | epoch: 1 | remaining: 155s    
step 00964 (48.2%) | loss: 3.133062 | lrm: 1.00 | dt: 152ms | tok/sec: 863,086 | mfu: 24.1% | epoch: 1 | remaining: 155s    
step 00965 (48.2%) | loss: 3.125358 | lrm: 1.00 | dt: 152ms | tok/sec: 862,877 | mfu: 24.1% | epoch: 1 | remaining: 155s    
step 00966 (48.3%) | loss: 3.125975 | lrm: 1.00 | dt: 152ms | tok/sec: 862,644 | mfu: 24.1% | epoch: 1 | remaining: 155s    
step 00967 (48.3%) | loss: 3.129902 | lrm: 1.00 | dt: 152ms | tok/sec: 863,041 | mfu: 24.1% | epoch: 1 | remaining: 155s    
step 00968 (48.4%) | loss: 3.131454 | lrm: 1.00 | dt: 152ms | tok/sec: 863,156 | mfu: 24.1% | epoch: 1 | remaining: 155s    
step 00969 (48.4%) | loss: 3.127811 | lrm: 1.00 | dt: 152ms | tok/sec: 863,488 | mfu: 24.2% | epoch: 1 | remaining: 155s    
step 00970 (48.5%) | loss: 3.132929 | lrm: 1.00 | dt: 152ms | tok/sec: 863,594 | mfu: 24.2% | epoch: 1 | remaining: 154s    
step 00971 (48.5%) | loss: 3.134239 | lrm: 1.00 | dt: 152ms | tok/sec: 863,308 | mfu: 24.2% | epoch: 1 | remaining: 154s    
step 00972 (48.6%) | loss: 3.137293 | lrm: 1.00 | dt: 152ms | tok/sec: 863,712 | mfu: 24.2% | epoch: 1 | remaining: 154s    
step 00973 (48.6%) | loss: 3.141347 | lrm: 1.00 | dt: 152ms | tok/sec: 863,074 | mfu: 24.1% | epoch: 1 | remaining: 154s    
step 00974 (48.7%) | loss: 3.145156 | lrm: 1.00 | dt: 152ms | tok/sec: 863,642 | mfu: 24.2% | epoch: 1 | remaining: 154s    
step 00975 (48.7%) | loss: 3.142008 | lrm: 1.00 | dt: 152ms | tok/sec: 863,708 | mfu: 24.2% | epoch: 1 | remaining: 154s    
step 00976 (48.8%) | loss: 3.146603 | lrm: 1.00 | dt: 152ms | tok/sec: 863,533 | mfu: 24.2% | epoch: 1 | remaining: 153s    
step 00977 (48.8%) | loss: 3.148735 | lrm: 1.00 | dt: 152ms | tok/sec: 862,773 | mfu: 24.1% | epoch: 1 | remaining: 153s    
step 00978 (48.9%) | loss: 3.150262 | lrm: 1.00 | dt: 152ms | tok/sec: 863,319 | mfu: 24.2% | epoch: 1 | remaining: 153s    
step 00979 (48.9%) | loss: 3.148262 | lrm: 1.00 | dt: 152ms | tok/sec: 862,847 | mfu: 24.1% | epoch: 1 | remaining: 153s    
step 00980 (49.0%) | loss: 3.154140 | lrm: 1.00 | dt: 152ms | tok/sec: 863,558 | mfu: 24.2% | epoch: 1 | remaining: 153s    
step 00981 (49.0%) | loss: 3.150102 | lrm: 1.00 | dt: 152ms | tok/sec: 862,598 | mfu: 24.1% | epoch: 1 | remaining: 153s    
step 00982 (49.1%) | loss: 3.145679 | lrm: 1.00 | dt: 152ms | tok/sec: 863,550 | mfu: 24.2% | epoch: 1 | remaining: 153s    
step 00983 (49.1%) | loss: 3.136315 | lrm: 1.00 | dt: 152ms | tok/sec: 863,616 | mfu: 24.2% | epoch: 1 | remaining: 152s    
step 00984 (49.2%) | loss: 3.136011 | lrm: 1.00 | dt: 152ms | tok/sec: 863,863 | mfu: 24.2% | epoch: 1 | remaining: 152s    
step 00985 (49.2%) | loss: 3.130718 | lrm: 1.00 | dt: 152ms | tok/sec: 863,341 | mfu: 24.2% | epoch: 1 | remaining: 152s    
step 00986 (49.3%) | loss: 3.125351 | lrm: 1.00 | dt: 152ms | tok/sec: 863,098 | mfu: 24.1% | epoch: 1 | remaining: 152s    
step 00987 (49.3%) | loss: 3.126000 | lrm: 1.00 | dt: 152ms | tok/sec: 863,626 | mfu: 24.2% | epoch: 1 | remaining: 152s    
step 00988 (49.4%) | loss: 3.134047 | lrm: 1.00 | dt: 152ms | tok/sec: 863,790 | mfu: 24.2% | epoch: 1 | remaining: 152s    
step 00989 (49.4%) | loss: 3.135159 | lrm: 1.00 | dt: 152ms | tok/sec: 864,567 | mfu: 24.2% | epoch: 1 | remaining: 152s    
step 00990 (49.5%) | loss: 3.128977 | lrm: 1.00 | dt: 152ms | tok/sec: 864,361 | mfu: 24.2% | epoch: 1 | remaining: 151s    
step 00991 (49.5%) | loss: 3.120118 | lrm: 1.00 | dt: 152ms | tok/sec: 864,023 | mfu: 24.2% | epoch: 1 | remaining: 151s    
step 00992 (49.6%) | loss: 3.118374 | lrm: 1.00 | dt: 152ms | tok/sec: 864,298 | mfu: 24.2% | epoch: 1 | remaining: 151s    
step 00993 (49.6%) | loss: 3.120516 | lrm: 1.00 | dt: 152ms | tok/sec: 864,239 | mfu: 24.2% | epoch: 1 | remaining: 151s    
step 00994 (49.7%) | loss: 3.123802 | lrm: 1.00 | dt: 152ms | tok/sec: 863,962 | mfu: 24.2% | epoch: 1 | remaining: 151s    
step 00995 (49.7%) | loss: 3.126417 | lrm: 1.00 | dt: 152ms | tok/sec: 864,232 | mfu: 24.2% | epoch: 1 | remaining: 151s    
step 00996 (49.8%) | loss: 3.129181 | lrm: 1.00 | dt: 152ms | tok/sec: 863,737 | mfu: 24.2% | epoch: 1 | remaining: 150s    
step 00997 (49.8%) | loss: 3.133292 | lrm: 1.00 | dt: 152ms | tok/sec: 864,041 | mfu: 24.2% | epoch: 1 | remaining: 150s    
step 00998 (49.9%) | loss: 3.131555 | lrm: 1.00 | dt: 152ms | tok/sec: 864,260 | mfu: 24.2% | epoch: 1 | remaining: 150s    
step 00999 (49.9%) | loss: 3.135648 | lrm: 1.00 | dt: 152ms | tok/sec: 864,474 | mfu: 24.2% | epoch: 1 | remaining: 150s    
step 01000 (50.0%) | loss: 3.126959 | lrm: 1.00 | dt: 152ms | tok/sec: 863,005 | mfu: 24.1% | epoch: 1 | remaining: 150s    
step 01001 (50.0%) | loss: 3.125201 | lrm: 1.00 | dt: 152ms | tok/sec: 862,678 | mfu: 24.1% | epoch: 1 | remaining: 150s    
step 01002 (50.1%) | loss: 3.126541 | lrm: 1.00 | dt: 152ms | tok/sec: 863,028 | mfu: 24.1% | epoch: 1 | remaining: 150s    
step 01003 (50.1%) | loss: 3.128902 | lrm: 1.00 | dt: 152ms | tok/sec: 862,174 | mfu: 24.1% | epoch: 1 | remaining: 149s    
step 01004 (50.2%) | loss: 3.129204 | lrm: 1.00 | dt: 152ms | tok/sec: 862,454 | mfu: 24.1% | epoch: 1 | remaining: 149s    
step 01005 (50.3%) | loss: 3.126692 | lrm: 0.99 | dt: 152ms | tok/sec: 863,076 | mfu: 24.1% | epoch: 1 | remaining: 149s    
step 01006 (50.3%) | loss: 3.130992 | lrm: 0.99 | dt: 152ms | tok/sec: 862,451 | mfu: 24.1% | epoch: 1 | remaining: 149s    
step 01007 (50.4%) | loss: 3.134332 | lrm: 0.99 | dt: 152ms | tok/sec: 862,682 | mfu: 24.1% | epoch: 1 | remaining: 149s    
step 01008 (50.4%) | loss: 3.132934 | lrm: 0.99 | dt: 152ms | tok/sec: 862,320 | mfu: 24.1% | epoch: 1 | remaining: 149s    
step 01009 (50.5%) | loss: 3.133406 | lrm: 0.99 | dt: 152ms | tok/sec: 863,598 | mfu: 24.2% | epoch: 1 | remaining: 148s    
step 01010 (50.5%) | loss: 3.136417 | lrm: 0.99 | dt: 152ms | tok/sec: 862,915 | mfu: 24.1% | epoch: 1 | remaining: 148s    
step 01011 (50.6%) | loss: 3.138545 | lrm: 0.99 | dt: 152ms | tok/sec: 862,592 | mfu: 24.1% | epoch: 1 | remaining: 148s    
step 01012 (50.6%) | loss: 3.143302 | lrm: 0.99 | dt: 152ms | tok/sec: 862,898 | mfu: 24.1% | epoch: 1 | remaining: 148s    
step 01013 (50.7%) | loss: 3.136143 | lrm: 0.99 | dt: 152ms | tok/sec: 863,013 | mfu: 24.1% | epoch: 1 | remaining: 148s    
step 01014 (50.7%) | loss: 3.145351 | lrm: 0.99 | dt: 152ms | tok/sec: 863,422 | mfu: 24.2% | epoch: 1 | remaining: 148s    
step 01015 (50.8%) | loss: 3.142360 | lrm: 0.98 | dt: 152ms | tok/sec: 863,805 | mfu: 24.2% | epoch: 1 | remaining: 148s    
step 01016 (50.8%) | loss: 3.136128 | lrm: 0.98 | dt: 152ms | tok/sec: 863,653 | mfu: 24.2% | epoch: 1 | remaining: 147s    
step 01017 (50.9%) | loss: 3.123741 | lrm: 0.98 | dt: 152ms | tok/sec: 863,103 | mfu: 24.1% | epoch: 1 | remaining: 147s    
step 01018 (50.9%) | loss: 3.127946 | lrm: 0.98 | dt: 152ms | tok/sec: 863,303 | mfu: 24.2% | epoch: 1 | remaining: 147s    
step 01019 (51.0%) | loss: 3.133975 | lrm: 0.98 | dt: 152ms | tok/sec: 864,326 | mfu: 24.2% | epoch: 1 | remaining: 147s    
step 01020 (51.0%) | loss: 3.125554 | lrm: 0.98 | dt: 152ms | tok/sec: 864,219 | mfu: 24.2% | epoch: 1 | remaining: 147s    
step 01021 (51.1%) | loss: 3.127741 | lrm: 0.98 | dt: 152ms | tok/sec: 864,110 | mfu: 24.2% | epoch: 1 | remaining: 147s    
step 01022 (51.1%) | loss: 3.131218 | lrm: 0.98 | dt: 152ms | tok/sec: 861,510 | mfu: 24.1% | epoch: 1 | remaining: 147s    
step 01023 (51.2%) | loss: 3.130268 | lrm: 0.98 | dt: 152ms | tok/sec: 861,306 | mfu: 24.1% | epoch: 1 | remaining: 146s    
step 01024 (51.2%) | loss: 3.126409 | lrm: 0.98 | dt: 152ms | tok/sec: 861,358 | mfu: 24.1% | epoch: 1 | remaining: 146s    
step 01025 (51.3%) | loss: 3.128889 | lrm: 0.97 | dt: 152ms | tok/sec: 861,297 | mfu: 24.1% | epoch: 1 | remaining: 146s    
step 01026 (51.3%) | loss: 3.123629 | lrm: 0.97 | dt: 152ms | tok/sec: 861,806 | mfu: 24.1% | epoch: 1 | remaining: 146s    
step 01027 (51.4%) | loss: 3.121921 | lrm: 0.97 | dt: 152ms | tok/sec: 863,327 | mfu: 24.2% | epoch: 1 | remaining: 146s    
step 01028 (51.4%) | loss: 3.124165 | lrm: 0.97 | dt: 152ms | tok/sec: 862,228 | mfu: 24.1% | epoch: 1 | remaining: 146s    
step 01029 (51.5%) | loss: 3.115584 | lrm: 0.97 | dt: 152ms | tok/sec: 864,076 | mfu: 24.2% | epoch: 1 | remaining: 145s    
step 01030 (51.5%) | loss: 3.114499 | lrm: 0.97 | dt: 152ms | tok/sec: 864,106 | mfu: 24.2% | epoch: 1 | remaining: 145s    
step 01031 (51.6%) | loss: 3.122526 | lrm: 0.97 | dt: 152ms | tok/sec: 864,345 | mfu: 24.2% | epoch: 1 | remaining: 145s    
step 01032 (51.6%) | loss: 3.118915 | lrm: 0.97 | dt: 152ms | tok/sec: 864,711 | mfu: 24.2% | epoch: 1 | remaining: 145s    
step 01033 (51.7%) | loss: 3.122641 | lrm: 0.97 | dt: 152ms | tok/sec: 864,264 | mfu: 24.2% | epoch: 1 | remaining: 145s    
step 01034 (51.7%) | loss: 3.120308 | lrm: 0.97 | dt: 152ms | tok/sec: 864,563 | mfu: 24.2% | epoch: 1 | remaining: 145s    
step 01035 (51.8%) | loss: 3.114140 | lrm: 0.96 | dt: 152ms | tok/sec: 864,590 | mfu: 24.2% | epoch: 1 | remaining: 145s    
step 01036 (51.8%) | loss: 3.115125 | lrm: 0.96 | dt: 152ms | tok/sec: 864,639 | mfu: 24.2% | epoch: 1 | remaining: 144s    
step 01037 (51.9%) | loss: 3.120771 | lrm: 0.96 | dt: 152ms | tok/sec: 864,514 | mfu: 24.2% | epoch: 1 | remaining: 144s    
step 01038 (51.9%) | loss: 3.122033 | lrm: 0.96 | dt: 152ms | tok/sec: 864,249 | mfu: 24.2% | epoch: 1 | remaining: 144s    
step 01039 (52.0%) | loss: 3.123150 | lrm: 0.96 | dt: 152ms | tok/sec: 864,332 | mfu: 24.2% | epoch: 1 | remaining: 144s    
step 01040 (52.0%) | loss: 3.126828 | lrm: 0.96 | dt: 152ms | tok/sec: 864,340 | mfu: 24.2% | epoch: 1 | remaining: 144s    
step 01041 (52.1%) | loss: 3.124805 | lrm: 0.96 | dt: 152ms | tok/sec: 864,222 | mfu: 24.2% | epoch: 1 | remaining: 144s    
step 01042 (52.1%) | loss: 3.127388 | lrm: 0.96 | dt: 152ms | tok/sec: 864,473 | mfu: 24.2% | epoch: 1 | remaining: 143s    
step 01043 (52.2%) | loss: 3.123760 | lrm: 0.96 | dt: 152ms | tok/sec: 864,300 | mfu: 24.2% | epoch: 1 | remaining: 143s    
step 01044 (52.2%) | loss: 3.126514 | lrm: 0.96 | dt: 152ms | tok/sec: 864,264 | mfu: 24.2% | epoch: 1 | remaining: 143s    
step 01045 (52.3%) | loss: 3.121195 | lrm: 0.95 | dt: 152ms | tok/sec: 864,560 | mfu: 24.2% | epoch: 1 | remaining: 143s    
step 01046 (52.3%) | loss: 3.122485 | lrm: 0.95 | dt: 152ms | tok/sec: 864,345 | mfu: 24.2% | epoch: 1 | remaining: 143s    
step 01047 (52.4%) | loss: 3.117798 | lrm: 0.95 | dt: 152ms | tok/sec: 864,564 | mfu: 24.2% | epoch: 1 | remaining: 143s    
step 01048 (52.4%) | loss: 3.119958 | lrm: 0.95 | dt: 152ms | tok/sec: 864,472 | mfu: 24.2% | epoch: 1 | remaining: 143s    
step 01049 (52.5%) | loss: 3.123429 | lrm: 0.95 | dt: 152ms | tok/sec: 864,382 | mfu: 24.2% | epoch: 1 | remaining: 142s    
step 01050 (52.5%) | loss: 3.121291 | lrm: 0.95 | dt: 152ms | tok/sec: 864,515 | mfu: 24.2% | epoch: 1 | remaining: 142s    
step 01051 (52.6%) | loss: 3.125235 | lrm: 0.95 | dt: 152ms | tok/sec: 864,419 | mfu: 24.2% | epoch: 1 | remaining: 142s    
step 01052 (52.6%) | loss: 3.118952 | lrm: 0.95 | dt: 152ms | tok/sec: 864,408 | mfu: 24.2% | epoch: 1 | remaining: 142s    
step 01053 (52.7%) | loss: 3.118892 | lrm: 0.95 | dt: 152ms | tok/sec: 864,697 | mfu: 24.2% | epoch: 1 | remaining: 142s    
step 01054 (52.7%) | loss: 3.113712 | lrm: 0.95 | dt: 152ms | tok/sec: 864,393 | mfu: 24.2% | epoch: 1 | remaining: 142s    
step 01055 (52.8%) | loss: 3.119727 | lrm: 0.94 | dt: 152ms | tok/sec: 864,564 | mfu: 24.2% | epoch: 1 | remaining: 142s    
step 01056 (52.8%) | loss: 3.119487 | lrm: 0.94 | dt: 152ms | tok/sec: 864,364 | mfu: 24.2% | epoch: 1 | remaining: 141s    
step 01057 (52.9%) | loss: 3.114160 | lrm: 0.94 | dt: 152ms | tok/sec: 864,428 | mfu: 24.2% | epoch: 1 | remaining: 141s    
step 01058 (52.9%) | loss: 3.114091 | lrm: 0.94 | dt: 152ms | tok/sec: 864,575 | mfu: 24.2% | epoch: 1 | remaining: 141s    
step 01059 (53.0%) | loss: 3.118359 | lrm: 0.94 | dt: 152ms | tok/sec: 864,082 | mfu: 24.2% | epoch: 1 | remaining: 141s    
step 01060 (53.0%) | loss: 3.123590 | lrm: 0.94 | dt: 152ms | tok/sec: 864,114 | mfu: 24.2% | epoch: 1 | remaining: 141s    
step 01061 (53.1%) | loss: 3.113984 | lrm: 0.94 | dt: 152ms | tok/sec: 864,478 | mfu: 24.2% | epoch: 1 | remaining: 141s    
step 01062 (53.1%) | loss: 3.113248 | lrm: 0.94 | dt: 152ms | tok/sec: 864,636 | mfu: 24.2% | epoch: 1 | remaining: 140s    
step 01063 (53.2%) | loss: 3.113764 | lrm: 0.94 | dt: 152ms | tok/sec: 864,196 | mfu: 24.2% | epoch: 1 | remaining: 140s    
step 01064 (53.2%) | loss: 3.107144 | lrm: 0.94 | dt: 152ms | tok/sec: 864,095 | mfu: 24.2% | epoch: 1 | remaining: 140s    
step 01065 (53.3%) | loss: 3.115517 | lrm: 0.93 | dt: 152ms | tok/sec: 863,860 | mfu: 24.2% | epoch: 1 | remaining: 140s    
step 01066 (53.3%) | loss: 3.112799 | lrm: 0.93 | dt: 152ms | tok/sec: 864,073 | mfu: 24.2% | epoch: 1 | remaining: 140s    
step 01067 (53.4%) | loss: 3.108906 | lrm: 0.93 | dt: 152ms | tok/sec: 863,853 | mfu: 24.2% | epoch: 1 | remaining: 140s    
step 01068 (53.4%) | loss: 3.110323 | lrm: 0.93 | dt: 152ms | tok/sec: 864,116 | mfu: 24.2% | epoch: 1 | remaining: 140s    
step 01069 (53.5%) | loss: 3.104798 | lrm: 0.93 | dt: 152ms | tok/sec: 864,188 | mfu: 24.2% | epoch: 1 | remaining: 139s    
step 01070 (53.5%) | loss: 3.108214 | lrm: 0.93 | dt: 152ms | tok/sec: 864,345 | mfu: 24.2% | epoch: 1 | remaining: 139s    
step 01071 (53.6%) | loss: 3.101701 | lrm: 0.93 | dt: 152ms | tok/sec: 863,949 | mfu: 24.2% | epoch: 1 | remaining: 139s    
step 01072 (53.6%) | loss: 3.102409 | lrm: 0.93 | dt: 152ms | tok/sec: 864,454 | mfu: 24.2% | epoch: 1 | remaining: 139s    
step 01073 (53.7%) | loss: 3.093847 | lrm: 0.93 | dt: 152ms | tok/sec: 864,587 | mfu: 24.2% | epoch: 1 | remaining: 139s    
step 01074 (53.7%) | loss: 3.091128 | lrm: 0.93 | dt: 152ms | tok/sec: 863,894 | mfu: 24.2% | epoch: 1 | remaining: 139s    
step 01075 (53.8%) | loss: 3.098724 | lrm: 0.92 | dt: 152ms | tok/sec: 864,015 | mfu: 24.2% | epoch: 1 | remaining: 138s    
step 01076 (53.8%) | loss: 3.102435 | lrm: 0.92 | dt: 152ms | tok/sec: 863,503 | mfu: 24.2% | epoch: 1 | remaining: 138s    
step 01077 (53.9%) | loss: 3.104485 | lrm: 0.92 | dt: 152ms | tok/sec: 863,943 | mfu: 24.2% | epoch: 1 | remaining: 138s    
step 01078 (53.9%) | loss: 3.105165 | lrm: 0.92 | dt: 152ms | tok/sec: 864,178 | mfu: 24.2% | epoch: 1 | remaining: 138s    
step 01079 (54.0%) | loss: 3.098870 | lrm: 0.92 | dt: 152ms | tok/sec: 864,580 | mfu: 24.2% | epoch: 1 | remaining: 138s    
step 01080 (54.0%) | loss: 3.101974 | lrm: 0.92 | dt: 152ms | tok/sec: 864,676 | mfu: 24.2% | epoch: 1 | remaining: 138s    
step 01081 (54.1%) | loss: 3.102099 | lrm: 0.92 | dt: 152ms | tok/sec: 864,631 | mfu: 24.2% | epoch: 1 | remaining: 138s    
step 01082 (54.1%) | loss: 3.102616 | lrm: 0.92 | dt: 152ms | tok/sec: 862,895 | mfu: 24.1% | epoch: 1 | remaining: 137s    
step 01083 (54.2%) | loss: 3.105181 | lrm: 0.92 | dt: 152ms | tok/sec: 864,027 | mfu: 24.2% | epoch: 1 | remaining: 137s    
step 01084 (54.2%) | loss: 3.103761 | lrm: 0.92 | dt: 152ms | tok/sec: 863,516 | mfu: 24.2% | epoch: 1 | remaining: 137s    
step 01085 (54.3%) | loss: 3.099291 | lrm: 0.91 | dt: 152ms | tok/sec: 863,856 | mfu: 24.2% | epoch: 1 | remaining: 137s    
step 01086 (54.3%) | loss: 3.102689 | lrm: 0.91 | dt: 152ms | tok/sec: 863,650 | mfu: 24.2% | epoch: 1 | remaining: 137s    
step 01087 (54.4%) | loss: 3.102465 | lrm: 0.91 | dt: 152ms | tok/sec: 863,788 | mfu: 24.2% | epoch: 1 | remaining: 137s    
step 01088 (54.4%) | loss: 3.101847 | lrm: 0.91 | dt: 152ms | tok/sec: 863,124 | mfu: 24.1% | epoch: 1 | remaining: 137s    
step 01089 (54.5%) | loss: 3.106787 | lrm: 0.91 | dt: 152ms | tok/sec: 862,324 | mfu: 24.1% | epoch: 1 | remaining: 136s    
step 01090 (54.5%) | loss: 3.108879 | lrm: 0.91 | dt: 152ms | tok/sec: 862,833 | mfu: 24.1% | epoch: 1 | remaining: 136s    
step 01091 (54.6%) | loss: 3.110448 | lrm: 0.91 | dt: 152ms | tok/sec: 862,843 | mfu: 24.1% | epoch: 1 | remaining: 136s    
step 01092 (54.7%) | loss: 3.108251 | lrm: 0.91 | dt: 152ms | tok/sec: 863,680 | mfu: 24.2% | epoch: 1 | remaining: 136s    
step 01093 (54.7%) | loss: 3.109337 | lrm: 0.91 | dt: 152ms | tok/sec: 863,310 | mfu: 24.2% | epoch: 1 | remaining: 136s    
step 01094 (54.8%) | loss: 3.105498 | lrm: 0.90 | dt: 152ms | tok/sec: 863,988 | mfu: 24.2% | epoch: 1 | remaining: 136s    
step 01095 (54.8%) | loss: 3.103395 | lrm: 0.90 | dt: 152ms | tok/sec: 863,480 | mfu: 24.2% | epoch: 1 | remaining: 135s    
step 01096 (54.9%) | loss: 3.100609 | lrm: 0.90 | dt: 152ms | tok/sec: 863,697 | mfu: 24.2% | epoch: 1 | remaining: 135s    
step 01097 (54.9%) | loss: 3.103738 | lrm: 0.90 | dt: 152ms | tok/sec: 863,589 | mfu: 24.2% | epoch: 1 | remaining: 135s    
step 01098 (55.0%) | loss: 3.104424 | lrm: 0.90 | dt: 152ms | tok/sec: 863,813 | mfu: 24.2% | epoch: 1 | remaining: 135s    
step 01099 (55.0%) | loss: 3.100573 | lrm: 0.90 | dt: 152ms | tok/sec: 863,908 | mfu: 24.2% | epoch: 1 | remaining: 135s    
step 01100 (55.1%) | loss: 3.104113 | lrm: 0.90 | dt: 152ms | tok/sec: 863,722 | mfu: 24.2% | epoch: 1 | remaining: 135s    
step 01101 (55.1%) | loss: 3.102285 | lrm: 0.90 | dt: 152ms | tok/sec: 863,772 | mfu: 24.2% | epoch: 1 | remaining: 135s    
step 01102 (55.2%) | loss: 3.098700 | lrm: 0.90 | dt: 152ms | tok/sec: 863,490 | mfu: 24.2% | epoch: 1 | remaining: 134s    
step 01103 (55.2%) | loss: 3.095017 | lrm: 0.90 | dt: 152ms | tok/sec: 863,969 | mfu: 24.2% | epoch: 1 | remaining: 134s    
step 01104 (55.3%) | loss: 3.096491 | lrm: 0.89 | dt: 152ms | tok/sec: 864,230 | mfu: 24.2% | epoch: 1 | remaining: 134s    
step 01105 (55.3%) | loss: 3.094220 | lrm: 0.89 | dt: 152ms | tok/sec: 864,270 | mfu: 24.2% | epoch: 1 | remaining: 134s    
step 01106 (55.4%) | loss: 3.101323 | lrm: 0.89 | dt: 152ms | tok/sec: 864,228 | mfu: 24.2% | epoch: 1 | remaining: 134s    
step 01107 (55.4%) | loss: 3.105810 | lrm: 0.89 | dt: 152ms | tok/sec: 864,654 | mfu: 24.2% | epoch: 1 | remaining: 134s    
step 01108 (55.5%) | loss: 3.107070 | lrm: 0.89 | dt: 152ms | tok/sec: 864,681 | mfu: 24.2% | epoch: 1 | remaining: 133s    
step 01109 (55.5%) | loss: 3.101306 | lrm: 0.89 | dt: 152ms | tok/sec: 864,487 | mfu: 24.2% | epoch: 1 | remaining: 133s    
step 01110 (55.6%) | loss: 3.099606 | lrm: 0.89 | dt: 152ms | tok/sec: 864,236 | mfu: 24.2% | epoch: 1 | remaining: 133s    
step 01111 (55.6%) | loss: 3.098079 | lrm: 0.89 | dt: 152ms | tok/sec: 864,262 | mfu: 24.2% | epoch: 1 | remaining: 133s    
step 01112 (55.7%) | loss: 3.101744 | lrm: 0.89 | dt: 152ms | tok/sec: 864,455 | mfu: 24.2% | epoch: 1 | remaining: 133s    
step 01113 (55.7%) | loss: 3.102906 | lrm: 0.89 | dt: 152ms | tok/sec: 864,250 | mfu: 24.2% | epoch: 1 | remaining: 133s    
step 01114 (55.8%) | loss: 3.097388 | lrm: 0.88 | dt: 152ms | tok/sec: 864,370 | mfu: 24.2% | epoch: 1 | remaining: 133s    
step 01115 (55.8%) | loss: 3.097526 | lrm: 0.88 | dt: 152ms | tok/sec: 864,666 | mfu: 24.2% | epoch: 1 | remaining: 132s    
step 01116 (55.9%) | loss: 3.099530 | lrm: 0.88 | dt: 152ms | tok/sec: 864,541 | mfu: 24.2% | epoch: 1 | remaining: 132s    
step 01117 (55.9%) | loss: 3.098507 | lrm: 0.88 | dt: 152ms | tok/sec: 864,499 | mfu: 24.2% | epoch: 1 | remaining: 132s    
step 01118 (56.0%) | loss: 3.103330 | lrm: 0.88 | dt: 152ms | tok/sec: 864,205 | mfu: 24.2% | epoch: 1 | remaining: 132s    
step 01119 (56.0%) | loss: 3.101887 | lrm: 0.88 | dt: 152ms | tok/sec: 864,380 | mfu: 24.2% | epoch: 1 | remaining: 132s    
step 01120 (56.1%) | loss: 3.100651 | lrm: 0.88 | dt: 152ms | tok/sec: 864,178 | mfu: 24.2% | epoch: 1 | remaining: 132s    
step 01121 (56.1%) | loss: 3.098646 | lrm: 0.88 | dt: 152ms | tok/sec: 864,148 | mfu: 24.2% | epoch: 1 | remaining: 131s    
step 01122 (56.2%) | loss: 3.095580 | lrm: 0.88 | dt: 152ms | tok/sec: 864,294 | mfu: 24.2% | epoch: 1 | remaining: 131s    
step 01123 (56.2%) | loss: 3.098245 | lrm: 0.88 | dt: 152ms | tok/sec: 864,383 | mfu: 24.2% | epoch: 1 | remaining: 131s    
step 01124 (56.3%) | loss: 3.102166 | lrm: 0.87 | dt: 152ms | tok/sec: 864,636 | mfu: 24.2% | epoch: 1 | remaining: 131s    
step 01125 (56.3%) | loss: 3.101029 | lrm: 0.87 | dt: 152ms | tok/sec: 864,693 | mfu: 24.2% | epoch: 1 | remaining: 131s    
step 01126 (56.4%) | loss: 3.104066 | lrm: 0.87 | dt: 152ms | tok/sec: 864,530 | mfu: 24.2% | epoch: 1 | remaining: 131s    
step 01127 (56.4%) | loss: 3.102978 | lrm: 0.87 | dt: 152ms | tok/sec: 864,459 | mfu: 24.2% | epoch: 1 | remaining: 131s    
step 01128 (56.5%) | loss: 3.108369 | lrm: 0.87 | dt: 152ms | tok/sec: 864,220 | mfu: 24.2% | epoch: 1 | remaining: 130s    
step 01129 (56.5%) | loss: 3.108947 | lrm: 0.87 | dt: 152ms | tok/sec: 864,685 | mfu: 24.2% | epoch: 1 | remaining: 130s    
step 01130 (56.6%) | loss: 3.107584 | lrm: 0.87 | dt: 152ms | tok/sec: 864,205 | mfu: 24.2% | epoch: 1 | remaining: 130s    
step 01131 (56.6%) | loss: 3.105617 | lrm: 0.87 | dt: 152ms | tok/sec: 864,684 | mfu: 24.2% | epoch: 1 | remaining: 130s    
step 01132 (56.7%) | loss: 3.102260 | lrm: 0.87 | dt: 152ms | tok/sec: 864,760 | mfu: 24.2% | epoch: 1 | remaining: 130s    
step 01133 (56.7%) | loss: 3.101681 | lrm: 0.87 | dt: 152ms | tok/sec: 864,580 | mfu: 24.2% | epoch: 1 | remaining: 130s    
step 01134 (56.8%) | loss: 3.105146 | lrm: 0.86 | dt: 152ms | tok/sec: 864,151 | mfu: 24.2% | epoch: 1 | remaining: 130s    
step 01135 (56.8%) | loss: 3.103304 | lrm: 0.86 | dt: 152ms | tok/sec: 864,060 | mfu: 24.2% | epoch: 1 | remaining: 129s    
step 01136 (56.9%) | loss: 3.105874 | lrm: 0.86 | dt: 152ms | tok/sec: 864,522 | mfu: 24.2% | epoch: 1 | remaining: 129s    
step 01137 (56.9%) | loss: 3.102797 | lrm: 0.86 | dt: 152ms | tok/sec: 864,239 | mfu: 24.2% | epoch: 1 | remaining: 129s    
step 01138 (57.0%) | loss: 3.094957 | lrm: 0.86 | dt: 152ms | tok/sec: 864,458 | mfu: 24.2% | epoch: 1 | remaining: 129s    
step 01139 (57.0%) | loss: 3.096532 | lrm: 0.86 | dt: 152ms | tok/sec: 864,520 | mfu: 24.2% | epoch: 1 | remaining: 129s    
step 01140 (57.1%) | loss: 3.090297 | lrm: 0.86 | dt: 152ms | tok/sec: 864,627 | mfu: 24.2% | epoch: 1 | remaining: 129s    
step 01141 (57.1%) | loss: 3.095109 | lrm: 0.86 | dt: 152ms | tok/sec: 864,704 | mfu: 24.2% | epoch: 1 | remaining: 128s    
step 01142 (57.2%) | loss: 3.095453 | lrm: 0.86 | dt: 152ms | tok/sec: 864,284 | mfu: 24.2% | epoch: 1 | remaining: 128s    
step 01143 (57.2%) | loss: 3.092632 | lrm: 0.86 | dt: 152ms | tok/sec: 864,299 | mfu: 24.2% | epoch: 1 | remaining: 128s    
step 01144 (57.3%) | loss: 3.096838 | lrm: 0.85 | dt: 152ms | tok/sec: 864,686 | mfu: 24.2% | epoch: 1 | remaining: 128s    
step 01145 (57.3%) | loss: 3.096057 | lrm: 0.85 | dt: 152ms | tok/sec: 864,799 | mfu: 24.2% | epoch: 1 | remaining: 128s    
step 01146 (57.4%) | loss: 3.097504 | lrm: 0.85 | dt: 152ms | tok/sec: 864,295 | mfu: 24.2% | epoch: 1 | remaining: 128s    
step 01147 (57.4%) | loss: 3.094611 | lrm: 0.85 | dt: 152ms | tok/sec: 864,385 | mfu: 24.2% | epoch: 1 | remaining: 128s    
step 01148 (57.5%) | loss: 3.086374 | lrm: 0.85 | dt: 152ms | tok/sec: 864,257 | mfu: 24.2% | epoch: 1 | remaining: 127s    
step 01149 (57.5%) | loss: 3.088024 | lrm: 0.85 | dt: 152ms | tok/sec: 864,344 | mfu: 24.2% | epoch: 1 | remaining: 127s    
step 01150 (57.6%) | loss: 3.081021 | lrm: 0.85 | dt: 152ms | tok/sec: 864,394 | mfu: 24.2% | epoch: 1 | remaining: 127s    
step 01151 (57.6%) | loss: 3.087074 | lrm: 0.85 | dt: 152ms | tok/sec: 864,446 | mfu: 24.2% | epoch: 1 | remaining: 127s    
step 01152 (57.7%) | loss: 3.085913 | lrm: 0.85 | dt: 152ms | tok/sec: 864,631 | mfu: 24.2% | epoch: 1 | remaining: 127s    
step 01153 (57.7%) | loss: 3.085911 | lrm: 0.85 | dt: 152ms | tok/sec: 864,481 | mfu: 24.2% | epoch: 1 | remaining: 127s    
step 01154 (57.8%) | loss: 3.088946 | lrm: 0.84 | dt: 152ms | tok/sec: 863,467 | mfu: 24.2% | epoch: 1 | remaining: 126s    
step 01155 (57.8%) | loss: 3.096056 | lrm: 0.84 | dt: 152ms | tok/sec: 863,720 | mfu: 24.2% | epoch: 1 | remaining: 126s    
step 01156 (57.9%) | loss: 3.102842 | lrm: 0.84 | dt: 152ms | tok/sec: 863,674 | mfu: 24.2% | epoch: 1 | remaining: 126s    
step 01157 (57.9%) | loss: 3.101418 | lrm: 0.84 | dt: 152ms | tok/sec: 863,475 | mfu: 24.2% | epoch: 1 | remaining: 126s    
step 01158 (58.0%) | loss: 3.092899 | lrm: 0.84 | dt: 152ms | tok/sec: 864,231 | mfu: 24.2% | epoch: 1 | remaining: 126s    
step 01159 (58.0%) | loss: 3.095781 | lrm: 0.84 | dt: 152ms | tok/sec: 864,370 | mfu: 24.2% | epoch: 1 | remaining: 126s    
step 01160 (58.1%) | loss: 3.085335 | lrm: 0.84 | dt: 152ms | tok/sec: 864,523 | mfu: 24.2% | epoch: 1 | remaining: 126s    
step 01161 (58.1%) | loss: 3.090412 | lrm: 0.84 | dt: 152ms | tok/sec: 864,166 | mfu: 24.2% | epoch: 1 | remaining: 125s    
step 01162 (58.2%) | loss: 3.087245 | lrm: 0.84 | dt: 152ms | tok/sec: 864,520 | mfu: 24.2% | epoch: 1 | remaining: 125s    
step 01163 (58.2%) | loss: 3.085564 | lrm: 0.84 | dt: 152ms | tok/sec: 864,731 | mfu: 24.2% | epoch: 1 | remaining: 125s    
step 01164 (58.3%) | loss: 3.094526 | lrm: 0.83 | dt: 152ms | tok/sec: 864,496 | mfu: 24.2% | epoch: 1 | remaining: 125s    
step 01165 (58.3%) | loss: 3.092984 | lrm: 0.83 | dt: 152ms | tok/sec: 864,443 | mfu: 24.2% | epoch: 1 | remaining: 125s    
step 01166 (58.4%) | loss: 3.093726 | lrm: 0.83 | dt: 152ms | tok/sec: 864,455 | mfu: 24.2% | epoch: 1 | remaining: 125s    
step 01167 (58.4%) | loss: 3.089196 | lrm: 0.83 | dt: 152ms | tok/sec: 864,235 | mfu: 24.2% | epoch: 1 | remaining: 125s    
step 01168 (58.5%) | loss: 3.081410 | lrm: 0.83 | dt: 152ms | tok/sec: 864,450 | mfu: 24.2% | epoch: 1 | remaining: 124s    
step 01169 (58.5%) | loss: 3.073692 | lrm: 0.83 | dt: 152ms | tok/sec: 864,044 | mfu: 24.2% | epoch: 1 | remaining: 124s    
step 01170 (58.6%) | loss: 3.071664 | lrm: 0.83 | dt: 152ms | tok/sec: 863,965 | mfu: 24.2% | epoch: 1 | remaining: 124s    
step 01171 (58.6%) | loss: 3.072953 | lrm: 0.83 | dt: 152ms | tok/sec: 863,977 | mfu: 24.2% | epoch: 1 | remaining: 124s    
step 01172 (58.7%) | loss: 3.066900 | lrm: 0.83 | dt: 152ms | tok/sec: 864,395 | mfu: 24.2% | epoch: 1 | remaining: 124s    
step 01173 (58.7%) | loss: 3.063635 | lrm: 0.83 | dt: 152ms | tok/sec: 864,462 | mfu: 24.2% | epoch: 1 | remaining: 124s    
step 01174 (58.8%) | loss: 3.061745 | lrm: 0.82 | dt: 152ms | tok/sec: 863,122 | mfu: 24.1% | epoch: 1 | remaining: 123s    
step 01175 (58.8%) | loss: 3.063621 | lrm: 0.82 | dt: 152ms | tok/sec: 864,215 | mfu: 24.2% | epoch: 1 | remaining: 123s    
step 01176 (58.9%) | loss: 3.059567 | lrm: 0.82 | dt: 152ms | tok/sec: 864,061 | mfu: 24.2% | epoch: 1 | remaining: 123s    
step 01177 (58.9%) | loss: 3.068312 | lrm: 0.82 | dt: 152ms | tok/sec: 864,428 | mfu: 24.2% | epoch: 1 | remaining: 123s    
step 01178 (59.0%) | loss: 3.069808 | lrm: 0.82 | dt: 152ms | tok/sec: 863,723 | mfu: 24.2% | epoch: 1 | remaining: 123s    
step 01179 (59.0%) | loss: 3.068137 | lrm: 0.82 | dt: 152ms | tok/sec: 864,069 | mfu: 24.2% | epoch: 1 | remaining: 123s    
step 01180 (59.1%) | loss: 3.073439 | lrm: 0.82 | dt: 152ms | tok/sec: 864,313 | mfu: 24.2% | epoch: 1 | remaining: 123s    
step 01181 (59.2%) | loss: 3.070192 | lrm: 0.82 | dt: 152ms | tok/sec: 863,782 | mfu: 24.2% | epoch: 1 | remaining: 122s    
step 01182 (59.2%) | loss: 3.073188 | lrm: 0.82 | dt: 152ms | tok/sec: 864,495 | mfu: 24.2% | epoch: 1 | remaining: 122s    
step 01183 (59.3%) | loss: 3.080128 | lrm: 0.81 | dt: 152ms | tok/sec: 864,366 | mfu: 24.2% | epoch: 1 | remaining: 122s    
step 01184 (59.3%) | loss: 3.083653 | lrm: 0.81 | dt: 152ms | tok/sec: 864,427 | mfu: 24.2% | epoch: 1 | remaining: 122s    
step 01185 (59.4%) | loss: 3.081141 | lrm: 0.81 | dt: 152ms | tok/sec: 864,482 | mfu: 24.2% | epoch: 1 | remaining: 122s    
step 01186 (59.4%) | loss: 3.088061 | lrm: 0.81 | dt: 152ms | tok/sec: 864,416 | mfu: 24.2% | epoch: 1 | remaining: 122s    
step 01187 (59.5%) | loss: 3.083806 | lrm: 0.81 | dt: 152ms | tok/sec: 864,533 | mfu: 24.2% | epoch: 1 | remaining: 121s    
step 01188 (59.5%) | loss: 3.078693 | lrm: 0.81 | dt: 152ms | tok/sec: 864,247 | mfu: 24.2% | epoch: 1 | remaining: 121s    
step 01189 (59.6%) | loss: 3.073285 | lrm: 0.81 | dt: 152ms | tok/sec: 864,510 | mfu: 24.2% | epoch: 1 | remaining: 121s    
step 01190 (59.6%) | loss: 3.077473 | lrm: 0.81 | dt: 152ms | tok/sec: 863,794 | mfu: 24.2% | epoch: 1 | remaining: 121s    
step 01191 (59.7%) | loss: 3.083822 | lrm: 0.81 | dt: 152ms | tok/sec: 863,966 | mfu: 24.2% | epoch: 1 | remaining: 121s    
step 01192 (59.7%) | loss: 3.086300 | lrm: 0.81 | dt: 152ms | tok/sec: 864,004 | mfu: 24.2% | epoch: 1 | remaining: 121s    
step 01193 (59.8%) | loss: 3.084340 | lrm: 0.80 | dt: 152ms | tok/sec: 864,110 | mfu: 24.2% | epoch: 1 | remaining: 121s    
step 01194 (59.8%) | loss: 3.076708 | lrm: 0.80 | dt: 152ms | tok/sec: 864,097 | mfu: 24.2% | epoch: 1 | remaining: 120s    
step 01195 (59.9%) | loss: 3.076715 | lrm: 0.80 | dt: 152ms | tok/sec: 863,399 | mfu: 24.2% | epoch: 1 | remaining: 120s    
step 01196 (59.9%) | loss: 3.081024 | lrm: 0.80 | dt: 152ms | tok/sec: 864,527 | mfu: 24.2% | epoch: 1 | remaining: 120s    
step 01197 (60.0%) | loss: 3.071245 | lrm: 0.80 | dt: 152ms | tok/sec: 864,612 | mfu: 24.2% | epoch: 1 | remaining: 120s    
step 01198 (60.0%) | loss: 3.065845 | lrm: 0.80 | dt: 152ms | tok/sec: 864,584 | mfu: 24.2% | epoch: 1 | remaining: 120s    
step 01199 (60.1%) | loss: 3.055391 | lrm: 0.80 | dt: 152ms | tok/sec: 864,545 | mfu: 24.2% | epoch: 1 | remaining: 120s    
step 01200 (60.1%) | loss: 3.052086 | lrm: 0.80 | dt: 152ms | tok/sec: 864,341 | mfu: 24.2% | epoch: 1 | remaining: 120s    
step 01201 (60.2%) | loss: 3.060355 | lrm: 0.80 | dt: 152ms | tok/sec: 864,154 | mfu: 24.2% | epoch: 1 | remaining: 119s    
step 01202 (60.2%) | loss: 3.065009 | lrm: 0.80 | dt: 152ms | tok/sec: 863,974 | mfu: 24.2% | epoch: 1 | remaining: 119s    
step 01203 (60.3%) | loss: 3.062131 | lrm: 0.79 | dt: 152ms | tok/sec: 862,648 | mfu: 24.1% | epoch: 1 | remaining: 119s    
step 01204 (60.3%) | loss: 3.059063 | lrm: 0.79 | dt: 152ms | tok/sec: 862,931 | mfu: 24.1% | epoch: 1 | remaining: 119s    
step 01205 (60.4%) | loss: 3.061184 | lrm: 0.79 | dt: 152ms | tok/sec: 863,116 | mfu: 24.1% | epoch: 1 | remaining: 119s    
step 01206 (60.4%) | loss: 3.060476 | lrm: 0.79 | dt: 152ms | tok/sec: 864,109 | mfu: 24.2% | epoch: 1 | remaining: 119s    
step 01207 (60.5%) | loss: 3.066462 | lrm: 0.79 | dt: 152ms | tok/sec: 863,851 | mfu: 24.2% | epoch: 1 | remaining: 118s    
step 01208 (60.5%) | loss: 3.065658 | lrm: 0.79 | dt: 152ms | tok/sec: 863,987 | mfu: 24.2% | epoch: 1 | remaining: 118s    
step 01209 (60.6%) | loss: 3.062543 | lrm: 0.79 | dt: 152ms | tok/sec: 863,984 | mfu: 24.2% | epoch: 1 | remaining: 118s    
step 01210 (60.6%) | loss: 3.066682 | lrm: 0.79 | dt: 152ms | tok/sec: 864,223 | mfu: 24.2% | epoch: 1 | remaining: 118s    
step 01211 (60.7%) | loss: 3.062326 | lrm: 0.79 | dt: 152ms | tok/sec: 864,330 | mfu: 24.2% | epoch: 1 | remaining: 118s    
step 01212 (60.7%) | loss: 3.069019 | lrm: 0.79 | dt: 152ms | tok/sec: 864,351 | mfu: 24.2% | epoch: 1 | remaining: 118s    
step 01213 (60.8%) | loss: 3.065719 | lrm: 0.78 | dt: 152ms | tok/sec: 863,615 | mfu: 24.2% | epoch: 1 | remaining: 118s    
step 01214 (60.8%) | loss: 3.063250 | lrm: 0.78 | dt: 152ms | tok/sec: 863,764 | mfu: 24.2% | epoch: 1 | remaining: 117s    
step 01215 (60.9%) | loss: 3.066021 | lrm: 0.78 | dt: 152ms | tok/sec: 864,295 | mfu: 24.2% | epoch: 1 | remaining: 117s    
step 01216 (60.9%) | loss: 3.063016 | lrm: 0.78 | dt: 152ms | tok/sec: 864,357 | mfu: 24.2% | epoch: 1 | remaining: 117s    
step 01217 (61.0%) | loss: 3.065339 | lrm: 0.78 | dt: 152ms | tok/sec: 863,981 | mfu: 24.2% | epoch: 1 | remaining: 117s    
step 01218 (61.0%) | loss: 3.063810 | lrm: 0.78 | dt: 152ms | tok/sec: 864,289 | mfu: 24.2% | epoch: 1 | remaining: 117s    
step 01219 (61.1%) | loss: 3.060704 | lrm: 0.78 | dt: 152ms | tok/sec: 863,276 | mfu: 24.2% | epoch: 1 | remaining: 117s    
step 01220 (61.1%) | loss: 3.057147 | lrm: 0.78 | dt: 152ms | tok/sec: 863,839 | mfu: 24.2% | epoch: 1 | remaining: 116s    
step 01221 (61.2%) | loss: 3.062217 | lrm: 0.78 | dt: 152ms | tok/sec: 863,627 | mfu: 24.2% | epoch: 1 | remaining: 116s    
step 01222 (61.2%) | loss: 3.062350 | lrm: 0.78 | dt: 152ms | tok/sec: 862,919 | mfu: 24.1% | epoch: 1 | remaining: 116s    
step 01223 (61.3%) | loss: 3.060158 | lrm: 0.77 | dt: 152ms | tok/sec: 863,647 | mfu: 24.2% | epoch: 1 | remaining: 116s    
step 01224 (61.3%) | loss: 3.060609 | lrm: 0.77 | dt: 152ms | tok/sec: 864,341 | mfu: 24.2% | epoch: 1 | remaining: 116s    
step 01225 (61.4%) | loss: 3.056630 | lrm: 0.77 | dt: 152ms | tok/sec: 863,734 | mfu: 24.2% | epoch: 1 | remaining: 116s    
step 01226 (61.4%) | loss: 3.049739 | lrm: 0.77 | dt: 152ms | tok/sec: 864,326 | mfu: 24.2% | epoch: 1 | remaining: 116s    
step 01227 (61.5%) | loss: 3.050902 | lrm: 0.77 | dt: 152ms | tok/sec: 864,129 | mfu: 24.2% | epoch: 1 | remaining: 115s    
step 01228 (61.5%) | loss: 3.047615 | lrm: 0.77 | dt: 152ms | tok/sec: 864,349 | mfu: 24.2% | epoch: 1 | remaining: 115s    
step 01229 (61.6%) | loss: 3.044915 | lrm: 0.77 | dt: 152ms | tok/sec: 863,712 | mfu: 24.2% | epoch: 1 | remaining: 115s    
step 01230 (61.6%) | loss: 3.043129 | lrm: 0.77 | dt: 152ms | tok/sec: 864,207 | mfu: 24.2% | epoch: 1 | remaining: 115s    
step 01231 (61.7%) | loss: 3.037954 | lrm: 0.77 | dt: 152ms | tok/sec: 864,003 | mfu: 24.2% | epoch: 1 | remaining: 115s    
step 01232 (61.7%) | loss: 3.034844 | lrm: 0.77 | dt: 152ms | tok/sec: 864,288 | mfu: 24.2% | epoch: 1 | remaining: 115s    
step 01233 (61.8%) | loss: 3.035761 | lrm: 0.76 | dt: 152ms | tok/sec: 864,090 | mfu: 24.2% | epoch: 1 | remaining: 115s    
step 01234 (61.8%) | loss: 3.038812 | lrm: 0.76 | dt: 152ms | tok/sec: 864,102 | mfu: 24.2% | epoch: 1 | remaining: 114s    
step 01235 (61.9%) | loss: 3.034807 | lrm: 0.76 | dt: 152ms | tok/sec: 864,417 | mfu: 24.2% | epoch: 1 | remaining: 114s    
step 01236 (61.9%) | loss: 3.035455 | lrm: 0.76 | dt: 152ms | tok/sec: 864,101 | mfu: 24.2% | epoch: 1 | remaining: 114s    
step 01237 (62.0%) | loss: 3.027927 | lrm: 0.76 | dt: 152ms | tok/sec: 864,427 | mfu: 24.2% | epoch: 1 | remaining: 114s    
step 01238 (62.0%) | loss: 3.028011 | lrm: 0.76 | dt: 152ms | tok/sec: 863,970 | mfu: 24.2% | epoch: 1 | remaining: 114s    
step 01239 (62.1%) | loss: 3.026531 | lrm: 0.76 | dt: 152ms | tok/sec: 864,260 | mfu: 24.2% | epoch: 1 | remaining: 114s    
step 01240 (62.1%) | loss: 3.028968 | lrm: 0.76 | dt: 152ms | tok/sec: 864,428 | mfu: 24.2% | epoch: 1 | remaining: 113s    
step 01241 (62.2%) | loss: 3.022978 | lrm: 0.76 | dt: 152ms | tok/sec: 864,348 | mfu: 24.2% | epoch: 1 | remaining: 113s    
step 01242 (62.2%) | loss: 3.027619 | lrm: 0.76 | dt: 152ms | tok/sec: 864,333 | mfu: 24.2% | epoch: 1 | remaining: 113s    
step 01243 (62.3%) | loss: 3.032416 | lrm: 0.75 | dt: 152ms | tok/sec: 864,351 | mfu: 24.2% | epoch: 1 | remaining: 113s    
step 01244 (62.3%) | loss: 3.028536 | lrm: 0.75 | dt: 152ms | tok/sec: 864,463 | mfu: 24.2% | epoch: 1 | remaining: 113s    
step 01245 (62.4%) | loss: 3.027997 | lrm: 0.75 | dt: 152ms | tok/sec: 864,246 | mfu: 24.2% | epoch: 1 | remaining: 113s    
step 01246 (62.4%) | loss: 3.031763 | lrm: 0.75 | dt: 152ms | tok/sec: 864,730 | mfu: 24.2% | epoch: 1 | remaining: 113s    
step 01247 (62.5%) | loss: 3.034368 | lrm: 0.75 | dt: 152ms | tok/sec: 864,791 | mfu: 24.2% | epoch: 1 | remaining: 112s    
step 01248 (62.5%) | loss: 3.035082 | lrm: 0.75 | dt: 152ms | tok/sec: 864,258 | mfu: 24.2% | epoch: 1 | remaining: 112s    
step 01249 (62.6%) | loss: 3.035527 | lrm: 0.75 | dt: 152ms | tok/sec: 864,433 | mfu: 24.2% | epoch: 1 | remaining: 112s    
step 01250 (62.6%) | loss: 3.034091 | lrm: 0.75 | dt: 152ms | tok/sec: 864,261 | mfu: 24.2% | epoch: 1 | remaining: 112s    
step 01251 (62.7%) | loss: 3.037061 | lrm: 0.75 | dt: 152ms | tok/sec: 860,864 | mfu: 24.1% | epoch: 1 | remaining: 112s    
step 01252 (62.7%) | loss: 3.037620 | lrm: 0.75 | dt: 152ms | tok/sec: 861,572 | mfu: 24.1% | epoch: 1 | remaining: 112s    
step 01253 (62.8%) | loss: 3.041037 | lrm: 0.74 | dt: 152ms | tok/sec: 861,520 | mfu: 24.1% | epoch: 1 | remaining: 111s    
step 01254 (62.8%) | loss: 3.038753 | lrm: 0.74 | dt: 152ms | tok/sec: 862,824 | mfu: 24.1% | epoch: 1 | remaining: 111s    
step 01255 (62.9%) | loss: 3.039928 | lrm: 0.74 | dt: 152ms | tok/sec: 863,362 | mfu: 24.2% | epoch: 1 | remaining: 111s    
step 01256 (62.9%) | loss: 3.031495 | lrm: 0.74 | dt: 152ms | tok/sec: 862,533 | mfu: 24.1% | epoch: 1 | remaining: 111s    
step 01257 (63.0%) | loss: 3.028429 | lrm: 0.74 | dt: 152ms | tok/sec: 861,476 | mfu: 24.1% | epoch: 1 | remaining: 111s    
step 01258 (63.0%) | loss: 3.027712 | lrm: 0.74 | dt: 152ms | tok/sec: 863,236 | mfu: 24.2% | epoch: 1 | remaining: 111s    
step 01259 (63.1%) | loss: 3.024284 | lrm: 0.74 | dt: 152ms | tok/sec: 861,845 | mfu: 24.1% | epoch: 1 | remaining: 111s    
step 01260 (63.1%) | loss: 3.023125 | lrm: 0.74 | dt: 152ms | tok/sec: 863,594 | mfu: 24.2% | epoch: 1 | remaining: 110s    
step 01261 (63.2%) | loss: 3.025782 | lrm: 0.74 | dt: 152ms | tok/sec: 864,442 | mfu: 24.2% | epoch: 1 | remaining: 110s    
step 01262 (63.2%) | loss: 3.023873 | lrm: 0.74 | dt: 152ms | tok/sec: 863,969 | mfu: 24.2% | epoch: 1 | remaining: 110s    
step 01263 (63.3%) | loss: 3.026369 | lrm: 0.73 | dt: 152ms | tok/sec: 864,128 | mfu: 24.2% | epoch: 1 | remaining: 110s    
step 01264 (63.3%) | loss: 3.032511 | lrm: 0.73 | dt: 152ms | tok/sec: 864,277 | mfu: 24.2% | epoch: 1 | remaining: 110s    
step 01265 (63.4%) | loss: 3.041348 | lrm: 0.73 | dt: 152ms | tok/sec: 864,648 | mfu: 24.2% | epoch: 1 | remaining: 110s    
step 01266 (63.4%) | loss: 3.043100 | lrm: 0.73 | dt: 152ms | tok/sec: 864,478 | mfu: 24.2% | epoch: 1 | remaining: 110s    
step 01267 (63.5%) | loss: 3.045412 | lrm: 0.73 | dt: 152ms | tok/sec: 864,390 | mfu: 24.2% | epoch: 1 | remaining: 109s    
step 01268 (63.6%) | loss: 3.043464 | lrm: 0.73 | dt: 152ms | tok/sec: 864,617 | mfu: 24.2% | epoch: 1 | remaining: 109s    
step 01269 (63.6%) | loss: 3.042086 | lrm: 0.73 | dt: 152ms | tok/sec: 864,326 | mfu: 24.2% | epoch: 1 | remaining: 109s    
step 01270 (63.7%) | loss: 3.040347 | lrm: 0.73 | dt: 152ms | tok/sec: 864,072 | mfu: 24.2% | epoch: 1 | remaining: 109s    
step 01271 (63.7%) | loss: 3.032617 | lrm: 0.73 | dt: 152ms | tok/sec: 864,540 | mfu: 24.2% | epoch: 1 | remaining: 109s    
step 01272 (63.8%) | loss: 3.039520 | lrm: 0.72 | dt: 152ms | tok/sec: 864,276 | mfu: 24.2% | epoch: 1 | remaining: 109s    
step 01273 (63.8%) | loss: 3.037062 | lrm: 0.72 | dt: 152ms | tok/sec: 864,417 | mfu: 24.2% | epoch: 1 | remaining: 108s    
step 01274 (63.9%) | loss: 3.034228 | lrm: 0.72 | dt: 152ms | tok/sec: 864,576 | mfu: 24.2% | epoch: 1 | remaining: 108s    
step 01275 (63.9%) | loss: 3.033375 | lrm: 0.72 | dt: 152ms | tok/sec: 864,506 | mfu: 24.2% | epoch: 1 | remaining: 108s    
step 01276 (64.0%) | loss: 3.033638 | lrm: 0.72 | dt: 152ms | tok/sec: 864,541 | mfu: 24.2% | epoch: 1 | remaining: 108s    
step 01277 (64.0%) | loss: 3.037980 | lrm: 0.72 | dt: 152ms | tok/sec: 864,440 | mfu: 24.2% | epoch: 1 | remaining: 108s    
step 01278 (64.1%) | loss: 3.042115 | lrm: 0.72 | dt: 152ms | tok/sec: 864,677 | mfu: 24.2% | epoch: 1 | remaining: 108s    
step 01279 (64.1%) | loss: 3.038764 | lrm: 0.72 | dt: 152ms | tok/sec: 864,578 | mfu: 24.2% | epoch: 1 | remaining: 108s    
step 01280 (64.2%) | loss: 3.036960 | lrm: 0.72 | dt: 152ms | tok/sec: 864,652 | mfu: 24.2% | epoch: 1 | remaining: 107s    
step 01281 (64.2%) | loss: 3.034140 | lrm: 0.72 | dt: 152ms | tok/sec: 864,519 | mfu: 24.2% | epoch: 1 | remaining: 107s    
step 01282 (64.3%) | loss: 3.023150 | lrm: 0.71 | dt: 152ms | tok/sec: 864,461 | mfu: 24.2% | epoch: 1 | remaining: 107s    
step 01283 (64.3%) | loss: 3.033653 | lrm: 0.71 | dt: 152ms | tok/sec: 864,419 | mfu: 24.2% | epoch: 1 | remaining: 107s    
step 01284 (64.4%) | loss: 3.037699 | lrm: 0.71 | dt: 152ms | tok/sec: 864,527 | mfu: 24.2% | epoch: 1 | remaining: 107s    
step 01285 (64.4%) | loss: 3.036138 | lrm: 0.71 | dt: 152ms | tok/sec: 864,556 | mfu: 24.2% | epoch: 1 | remaining: 107s    
step 01286 (64.5%) | loss: 3.039423 | lrm: 0.71 | dt: 152ms | tok/sec: 864,614 | mfu: 24.2% | epoch: 1 | remaining: 106s    
step 01287 (64.5%) | loss: 3.043920 | lrm: 0.71 | dt: 152ms | tok/sec: 864,628 | mfu: 24.2% | epoch: 1 | remaining: 106s    
step 01288 (64.6%) | loss: 3.039611 | lrm: 0.71 | dt: 152ms | tok/sec: 864,523 | mfu: 24.2% | epoch: 1 | remaining: 106s    
step 01289 (64.6%) | loss: 3.036945 | lrm: 0.71 | dt: 152ms | tok/sec: 864,364 | mfu: 24.2% | epoch: 1 | remaining: 106s    
step 01290 (64.7%) | loss: 3.034128 | lrm: 0.71 | dt: 152ms | tok/sec: 864,277 | mfu: 24.2% | epoch: 1 | remaining: 106s    
step 01291 (64.7%) | loss: 3.031157 | lrm: 0.71 | dt: 152ms | tok/sec: 864,150 | mfu: 24.2% | epoch: 1 | remaining: 106s    
step 01292 (64.8%) | loss: 3.025017 | lrm: 0.70 | dt: 152ms | tok/sec: 864,270 | mfu: 24.2% | epoch: 1 | remaining: 106s    
step 01293 (64.8%) | loss: 3.034800 | lrm: 0.70 | dt: 152ms | tok/sec: 864,152 | mfu: 24.2% | epoch: 1 | remaining: 105s    
step 01294 (64.9%) | loss: 3.030220 | lrm: 0.70 | dt: 152ms | tok/sec: 863,080 | mfu: 24.1% | epoch: 1 | remaining: 105s    
step 01295 (64.9%) | loss: 3.029102 | lrm: 0.70 | dt: 152ms | tok/sec: 863,653 | mfu: 24.2% | epoch: 1 | remaining: 105s    
step 01296 (65.0%) | loss: 3.029304 | lrm: 0.70 | dt: 152ms | tok/sec: 864,289 | mfu: 24.2% | epoch: 1 | remaining: 105s    
step 01297 (65.0%) | loss: 3.024386 | lrm: 0.70 | dt: 152ms | tok/sec: 863,958 | mfu: 24.2% | epoch: 1 | remaining: 105s    
step 01298 (65.1%) | loss: 3.027620 | lrm: 0.70 | dt: 152ms | tok/sec: 864,111 | mfu: 24.2% | epoch: 1 | remaining: 105s    
step 01299 (65.1%) | loss: 3.025654 | lrm: 0.70 | dt: 152ms | tok/sec: 864,315 | mfu: 24.2% | epoch: 1 | remaining: 104s    
step 01300 (65.2%) | loss: 3.026795 | lrm: 0.70 | dt: 152ms | tok/sec: 864,338 | mfu: 24.2% | epoch: 1 | remaining: 104s    
step 01301 (65.2%) | loss: 3.018285 | lrm: 0.70 | dt: 152ms | tok/sec: 864,370 | mfu: 24.2% | epoch: 1 | remaining: 104s    
step 01302 (65.3%) | loss: 3.024393 | lrm: 0.69 | dt: 152ms | tok/sec: 864,338 | mfu: 24.2% | epoch: 1 | remaining: 104s    
step 01303 (65.3%) | loss: 3.016028 | lrm: 0.69 | dt: 152ms | tok/sec: 864,569 | mfu: 24.2% | epoch: 1 | remaining: 104s    
step 01304 (65.4%) | loss: 3.017982 | lrm: 0.69 | dt: 152ms | tok/sec: 863,909 | mfu: 24.2% | epoch: 1 | remaining: 104s    
step 01305 (65.4%) | loss: 3.008540 | lrm: 0.69 | dt: 152ms | tok/sec: 864,156 | mfu: 24.2% | epoch: 1 | remaining: 104s    
step 01306 (65.5%) | loss: 3.008415 | lrm: 0.69 | dt: 152ms | tok/sec: 864,212 | mfu: 24.2% | epoch: 1 | remaining: 103s    
step 01307 (65.5%) | loss: 3.020217 | lrm: 0.69 | dt: 152ms | tok/sec: 864,132 | mfu: 24.2% | epoch: 1 | remaining: 103s    
step 01308 (65.6%) | loss: 3.020446 | lrm: 0.69 | dt: 152ms | tok/sec: 864,327 | mfu: 24.2% | epoch: 1 | remaining: 103s    
step 01309 (65.6%) | loss: 3.025831 | lrm: 0.69 | dt: 152ms | tok/sec: 863,984 | mfu: 24.2% | epoch: 1 | remaining: 103s    
step 01310 (65.7%) | loss: 3.035678 | lrm: 0.69 | dt: 152ms | tok/sec: 863,822 | mfu: 24.2% | epoch: 1 | remaining: 103s    
step 01311 (65.7%) | loss: 3.034324 | lrm: 0.69 | dt: 152ms | tok/sec: 863,716 | mfu: 24.2% | epoch: 1 | remaining: 103s    
step 01312 (65.8%) | loss: 3.025387 | lrm: 0.68 | dt: 152ms | tok/sec: 863,928 | mfu: 24.2% | epoch: 1 | remaining: 103s    
step 01313 (65.8%) | loss: 3.024652 | lrm: 0.68 | dt: 152ms | tok/sec: 863,890 | mfu: 24.2% | epoch: 1 | remaining: 102s    
step 01314 (65.9%) | loss: 3.018219 | lrm: 0.68 | dt: 152ms | tok/sec: 864,060 | mfu: 24.2% | epoch: 1 | remaining: 102s    
step 01315 (65.9%) | loss: 3.017022 | lrm: 0.68 | dt: 152ms | tok/sec: 864,215 | mfu: 24.2% | epoch: 1 | remaining: 102s    
step 01316 (66.0%) | loss: 3.017823 | lrm: 0.68 | dt: 152ms | tok/sec: 864,095 | mfu: 24.2% | epoch: 1 | remaining: 102s    
step 01317 (66.0%) | loss: 3.018241 | lrm: 0.68 | dt: 152ms | tok/sec: 864,160 | mfu: 24.2% | epoch: 1 | remaining: 102s    
step 01318 (66.1%) | loss: 3.025964 | lrm: 0.68 | dt: 152ms | tok/sec: 864,097 | mfu: 24.2% | epoch: 1 | remaining: 102s    
step 01319 (66.1%) | loss: 3.023249 | lrm: 0.68 | dt: 152ms | tok/sec: 864,325 | mfu: 24.2% | epoch: 1 | remaining: 101s    
step 01320 (66.2%) | loss: 3.026756 | lrm: 0.68 | dt: 152ms | tok/sec: 863,996 | mfu: 24.2% | epoch: 1 | remaining: 101s    
step 01321 (66.2%) | loss: 3.027271 | lrm: 0.68 | dt: 152ms | tok/sec: 864,400 | mfu: 24.2% | epoch: 1 | remaining: 101s    
step 01322 (66.3%) | loss: 3.020538 | lrm: 0.67 | dt: 152ms | tok/sec: 864,132 | mfu: 24.2% | epoch: 1 | remaining: 101s    
step 01323 (66.3%) | loss: 3.023464 | lrm: 0.67 | dt: 152ms | tok/sec: 863,982 | mfu: 24.2% | epoch: 1 | remaining: 101s    
step 01324 (66.4%) | loss: 3.025156 | lrm: 0.67 | dt: 152ms | tok/sec: 864,624 | mfu: 24.2% | epoch: 1 | remaining: 101s    
step 01325 (66.4%) | loss: 3.023338 | lrm: 0.67 | dt: 152ms | tok/sec: 864,453 | mfu: 24.2% | epoch: 1 | remaining: 101s    
step 01326 (66.5%) | loss: 3.025196 | lrm: 0.67 | dt: 152ms | tok/sec: 864,503 | mfu: 24.2% | epoch: 1 | remaining: 100s    
step 01327 (66.5%) | loss: 3.028183 | lrm: 0.67 | dt: 152ms | tok/sec: 864,296 | mfu: 24.2% | epoch: 1 | remaining: 100s    
step 01328 (66.6%) | loss: 3.026735 | lrm: 0.67 | dt: 152ms | tok/sec: 864,529 | mfu: 24.2% | epoch: 1 | remaining: 100s    
step 01329 (66.6%) | loss: 3.034023 | lrm: 0.67 | dt: 152ms | tok/sec: 864,106 | mfu: 24.2% | epoch: 1 | remaining: 100s    
step 01330 (66.7%) | loss: 3.028109 | lrm: 0.67 | dt: 152ms | tok/sec: 864,504 | mfu: 24.2% | epoch: 1 | remaining: 100s    
step 01331 (66.7%) | loss: 3.031306 | lrm: 0.67 | dt: 152ms | tok/sec: 864,099 | mfu: 24.2% | epoch: 1 | remaining: 100s    
step 01332 (66.8%) | loss: 3.030758 | lrm: 0.66 | dt: 152ms | tok/sec: 864,245 | mfu: 24.2% | epoch: 1 | remaining: 99s    
step 01333 (66.8%) | loss: 3.034290 | lrm: 0.66 | dt: 152ms | tok/sec: 863,540 | mfu: 24.2% | epoch: 1 | remaining: 99s    
step 01334 (66.9%) | loss: 3.028370 | lrm: 0.66 | dt: 152ms | tok/sec: 864,042 | mfu: 24.2% | epoch: 1 | remaining: 99s    
step 01335 (66.9%) | loss: 3.030619 | lrm: 0.66 | dt: 152ms | tok/sec: 864,033 | mfu: 24.2% | epoch: 1 | remaining: 99s    
step 01336 (67.0%) | loss: 3.029959 | lrm: 0.66 | dt: 152ms | tok/sec: 864,476 | mfu: 24.2% | epoch: 1 | remaining: 99s    
step 01337 (67.0%) | loss: 3.028771 | lrm: 0.66 | dt: 152ms | tok/sec: 864,086 | mfu: 24.2% | epoch: 1 | remaining: 99s    
step 01338 (67.1%) | loss: 3.024538 | lrm: 0.66 | dt: 152ms | tok/sec: 864,257 | mfu: 24.2% | epoch: 1 | remaining: 99s    
step 01339 (67.1%) | loss: 3.026307 | lrm: 0.66 | dt: 152ms | tok/sec: 864,383 | mfu: 24.2% | epoch: 1 | remaining: 98s    
step 01340 (67.2%) | loss: 3.028841 | lrm: 0.66 | dt: 152ms | tok/sec: 864,148 | mfu: 24.2% | epoch: 1 | remaining: 98s    
step 01341 (67.2%) | loss: 3.028107 | lrm: 0.66 | dt: 152ms | tok/sec: 864,402 | mfu: 24.2% | epoch: 1 | remaining: 98s    
step 01342 (67.3%) | loss: 3.024934 | lrm: 0.65 | dt: 152ms | tok/sec: 864,121 | mfu: 24.2% | epoch: 1 | remaining: 98s    
step 01343 (67.3%) | loss: 3.023396 | lrm: 0.65 | dt: 152ms | tok/sec: 864,202 | mfu: 24.2% | epoch: 1 | remaining: 98s    
step 01344 (67.4%) | loss: 3.020179 | lrm: 0.65 | dt: 152ms | tok/sec: 864,492 | mfu: 24.2% | epoch: 1 | remaining: 98s    
step 01345 (67.4%) | loss: 3.006960 | lrm: 0.65 | dt: 152ms | tok/sec: 864,314 | mfu: 24.2% | epoch: 1 | remaining: 98s    
step 01346 (67.5%) | loss: 3.011755 | lrm: 0.65 | dt: 152ms | tok/sec: 863,432 | mfu: 24.2% | epoch: 1 | remaining: 97s    
step 01347 (67.5%) | loss: 3.013043 | lrm: 0.65 | dt: 152ms | tok/sec: 864,485 | mfu: 24.2% | epoch: 1 | remaining: 97s    
step 01348 (67.6%) | loss: 3.017379 | lrm: 0.65 | dt: 152ms | tok/sec: 864,574 | mfu: 24.2% | epoch: 1 | remaining: 97s    
step 01349 (67.6%) | loss: 3.014907 | lrm: 0.65 | dt: 152ms | tok/sec: 864,321 | mfu: 24.2% | epoch: 1 | remaining: 97s    
step 01350 (67.7%) | loss: 3.025504 | lrm: 0.65 | dt: 152ms | tok/sec: 864,367 | mfu: 24.2% | epoch: 1 | remaining: 97s    
step 01351 (67.7%) | loss: 3.024300 | lrm: 0.65 | dt: 152ms | tok/sec: 864,360 | mfu: 24.2% | epoch: 1 | remaining: 97s    
step 01352 (67.8%) | loss: 3.022748 | lrm: 0.64 | dt: 152ms | tok/sec: 863,843 | mfu: 24.2% | epoch: 1 | remaining: 96s    
step 01353 (67.8%) | loss: 3.017989 | lrm: 0.64 | dt: 152ms | tok/sec: 864,224 | mfu: 24.2% | epoch: 1 | remaining: 96s    
step 01354 (67.9%) | loss: 3.013834 | lrm: 0.64 | dt: 152ms | tok/sec: 864,116 | mfu: 24.2% | epoch: 1 | remaining: 96s    
step 01355 (67.9%) | loss: 3.015770 | lrm: 0.64 | dt: 152ms | tok/sec: 864,207 | mfu: 24.2% | epoch: 1 | remaining: 96s    
step 01356 (68.0%) | loss: 3.016369 | lrm: 0.64 | dt: 152ms | tok/sec: 863,938 | mfu: 24.2% | epoch: 1 | remaining: 96s    
step 01357 (68.0%) | loss: 3.016535 | lrm: 0.64 | dt: 152ms | tok/sec: 863,631 | mfu: 24.2% | epoch: 1 | remaining: 96s    
step 01358 (68.1%) | loss: 3.015608 | lrm: 0.64 | dt: 152ms | tok/sec: 864,632 | mfu: 24.2% | epoch: 1 | remaining: 96s    
step 01359 (68.2%) | loss: 3.018471 | lrm: 0.64 | dt: 152ms | tok/sec: 864,303 | mfu: 24.2% | epoch: 1 | remaining: 95s    
step 01360 (68.2%) | loss: 3.009749 | lrm: 0.64 | dt: 152ms | tok/sec: 864,072 | mfu: 24.2% | epoch: 1 | remaining: 95s    
step 01361 (68.3%) | loss: 3.004976 | lrm: 0.63 | dt: 152ms | tok/sec: 864,189 | mfu: 24.2% | epoch: 1 | remaining: 95s    
step 01362 (68.3%) | loss: 3.013087 | lrm: 0.63 | dt: 152ms | tok/sec: 864,054 | mfu: 24.2% | epoch: 1 | remaining: 95s    
step 01363 (68.4%) | loss: 3.011069 | lrm: 0.63 | dt: 152ms | tok/sec: 863,938 | mfu: 24.2% | epoch: 1 | remaining: 95s    
step 01364 (68.4%) | loss: 3.013949 | lrm: 0.63 | dt: 152ms | tok/sec: 864,281 | mfu: 24.2% | epoch: 1 | remaining: 95s    
step 01365 (68.5%) | loss: 3.017089 | lrm: 0.63 | dt: 152ms | tok/sec: 864,348 | mfu: 24.2% | epoch: 1 | remaining: 94s    
step 01366 (68.5%) | loss: 3.020601 | lrm: 0.63 | dt: 152ms | tok/sec: 864,477 | mfu: 24.2% | epoch: 1 | remaining: 94s    
step 01367 (68.6%) | loss: 3.025650 | lrm: 0.63 | dt: 152ms | tok/sec: 864,685 | mfu: 24.2% | epoch: 1 | remaining: 94s    
step 01368 (68.6%) | loss: 3.025247 | lrm: 0.63 | dt: 152ms | tok/sec: 864,292 | mfu: 24.2% | epoch: 1 | remaining: 94s    
step 01369 (68.7%) | loss: 3.018640 | lrm: 0.63 | dt: 152ms | tok/sec: 864,349 | mfu: 24.2% | epoch: 1 | remaining: 94s    
step 01370 (68.7%) | loss: 3.019226 | lrm: 0.63 | dt: 152ms | tok/sec: 864,690 | mfu: 24.2% | epoch: 1 | remaining: 94s    
step 01371 (68.8%) | loss: 3.021637 | lrm: 0.62 | dt: 152ms | tok/sec: 864,385 | mfu: 24.2% | epoch: 1 | remaining: 94s    
step 01372 (68.8%) | loss: 3.024892 | lrm: 0.62 | dt: 152ms | tok/sec: 864,730 | mfu: 24.2% | epoch: 1 | remaining: 93s    
step 01373 (68.9%) | loss: 3.027013 | lrm: 0.62 | dt: 152ms | tok/sec: 864,588 | mfu: 24.2% | epoch: 1 | remaining: 93s    
step 01374 (68.9%) | loss: 3.021927 | lrm: 0.62 | dt: 152ms | tok/sec: 864,262 | mfu: 24.2% | epoch: 1 | remaining: 93s    
step 01375 (69.0%) | loss: 3.018144 | lrm: 0.62 | dt: 152ms | tok/sec: 864,802 | mfu: 24.2% | epoch: 1 | remaining: 93s    
step 01376 (69.0%) | loss: 3.025328 | lrm: 0.62 | dt: 152ms | tok/sec: 864,410 | mfu: 24.2% | epoch: 1 | remaining: 93s    
step 01377 (69.1%) | loss: 3.027226 | lrm: 0.62 | dt: 152ms | tok/sec: 864,189 | mfu: 24.2% | epoch: 1 | remaining: 93s    
step 01378 (69.1%) | loss: 3.028987 | lrm: 0.62 | dt: 152ms | tok/sec: 863,769 | mfu: 24.2% | epoch: 1 | remaining: 93s    
step 01379 (69.2%) | loss: 3.024495 | lrm: 0.62 | dt: 152ms | tok/sec: 864,079 | mfu: 24.2% | epoch: 1 | remaining: 92s    
step 01380 (69.2%) | loss: 3.027333 | lrm: 0.62 | dt: 152ms | tok/sec: 864,313 | mfu: 24.2% | epoch: 1 | remaining: 92s    
step 01381 (69.3%) | loss: 3.022759 | lrm: 0.61 | dt: 152ms | tok/sec: 864,091 | mfu: 24.2% | epoch: 1 | remaining: 92s    
step 01382 (69.3%) | loss: 3.024321 | lrm: 0.61 | dt: 152ms | tok/sec: 864,616 | mfu: 24.2% | epoch: 1 | remaining: 92s    
step 01383 (69.4%) | loss: 3.032229 | lrm: 0.61 | dt: 152ms | tok/sec: 864,332 | mfu: 24.2% | epoch: 1 | remaining: 92s    
step 01384 (69.4%) | loss: 3.029349 | lrm: 0.61 | dt: 152ms | tok/sec: 864,389 | mfu: 24.2% | epoch: 1 | remaining: 92s    
step 01385 (69.5%) | loss: 3.025669 | lrm: 0.61 | dt: 152ms | tok/sec: 864,705 | mfu: 24.2% | epoch: 1 | remaining: 91s    
step 01386 (69.5%) | loss: 3.017038 | lrm: 0.61 | dt: 152ms | tok/sec: 864,529 | mfu: 24.2% | epoch: 1 | remaining: 91s    
step 01387 (69.6%) | loss: 3.017451 | lrm: 0.61 | dt: 152ms | tok/sec: 864,288 | mfu: 24.2% | epoch: 1 | remaining: 91s    
step 01388 (69.6%) | loss: 3.020312 | lrm: 0.61 | dt: 152ms | tok/sec: 864,109 | mfu: 24.2% | epoch: 1 | remaining: 91s    
step 01389 (69.7%) | loss: 3.016805 | lrm: 0.61 | dt: 152ms | tok/sec: 864,167 | mfu: 24.2% | epoch: 1 | remaining: 91s    
step 01390 (69.7%) | loss: 3.013413 | lrm: 0.61 | dt: 152ms | tok/sec: 864,482 | mfu: 24.2% | epoch: 1 | remaining: 91s    
step 01391 (69.8%) | loss: 3.007792 | lrm: 0.60 | dt: 152ms | tok/sec: 864,192 | mfu: 24.2% | epoch: 1 | remaining: 91s    
step 01392 (69.8%) | loss: 3.005821 | lrm: 0.60 | dt: 152ms | tok/sec: 864,342 | mfu: 24.2% | epoch: 1 | remaining: 90s    
step 01393 (69.9%) | loss: 3.007868 | lrm: 0.60 | dt: 152ms | tok/sec: 864,120 | mfu: 24.2% | epoch: 1 | remaining: 90s    
step 01394 (69.9%) | loss: 3.006560 | lrm: 0.60 | dt: 152ms | tok/sec: 863,651 | mfu: 24.2% | epoch: 1 | remaining: 90s    
step 01395 (70.0%) | loss: 3.004316 | lrm: 0.60 | dt: 152ms | tok/sec: 864,506 | mfu: 24.2% | epoch: 1 | remaining: 90s    
step 01396 (70.0%) | loss: 3.001133 | lrm: 0.60 | dt: 152ms | tok/sec: 864,265 | mfu: 24.2% | epoch: 1 | remaining: 90s    
step 01397 (70.1%) | loss: 2.998426 | lrm: 0.60 | dt: 152ms | tok/sec: 864,342 | mfu: 24.2% | epoch: 1 | remaining: 90s    
step 01398 (70.1%) | loss: 3.001336 | lrm: 0.60 | dt: 152ms | tok/sec: 863,976 | mfu: 24.2% | epoch: 1 | remaining: 89s    
step 01399 (70.2%) | loss: 2.999846 | lrm: 0.60 | dt: 152ms | tok/sec: 864,006 | mfu: 24.2% | epoch: 1 | remaining: 89s    
step 01400 (70.2%) | loss: 3.000750 | lrm: 0.60 | dt: 152ms | tok/sec: 864,608 | mfu: 24.2% | epoch: 1 | remaining: 89s    
step 01401 (70.3%) | loss: 3.000687 | lrm: 0.59 | dt: 152ms | tok/sec: 864,496 | mfu: 24.2% | epoch: 1 | remaining: 89s    
step 01402 (70.3%) | loss: 3.001582 | lrm: 0.59 | dt: 152ms | tok/sec: 864,020 | mfu: 24.2% | epoch: 1 | remaining: 89s    
step 01403 (70.4%) | loss: 3.000635 | lrm: 0.59 | dt: 152ms | tok/sec: 864,109 | mfu: 24.2% | epoch: 1 | remaining: 89s    
step 01404 (70.4%) | loss: 2.999165 | lrm: 0.59 | dt: 152ms | tok/sec: 864,349 | mfu: 24.2% | epoch: 1 | remaining: 89s    
step 01405 (70.5%) | loss: 3.000831 | lrm: 0.59 | dt: 152ms | tok/sec: 863,900 | mfu: 24.2% | epoch: 1 | remaining: 88s    
step 01406 (70.5%) | loss: 2.996596 | lrm: 0.59 | dt: 152ms | tok/sec: 863,958 | mfu: 24.2% | epoch: 1 | remaining: 88s    
step 01407 (70.6%) | loss: 3.001204 | lrm: 0.59 | dt: 152ms | tok/sec: 863,988 | mfu: 24.2% | epoch: 1 | remaining: 88s    
step 01408 (70.6%) | loss: 2.996834 | lrm: 0.59 | dt: 152ms | tok/sec: 864,003 | mfu: 24.2% | epoch: 1 | remaining: 88s    
step 01409 (70.7%) | loss: 2.997064 | lrm: 0.59 | dt: 152ms | tok/sec: 864,060 | mfu: 24.2% | epoch: 1 | remaining: 88s    
step 01410 (70.7%) | loss: 2.993149 | lrm: 0.59 | dt: 152ms | tok/sec: 864,563 | mfu: 24.2% | epoch: 1 | remaining: 88s    
step 01411 (70.8%) | loss: 2.995534 | lrm: 0.58 | dt: 152ms | tok/sec: 864,295 | mfu: 24.2% | epoch: 1 | remaining: 88s    
step 01412 (70.8%) | loss: 3.005518 | lrm: 0.58 | dt: 152ms | tok/sec: 864,273 | mfu: 24.2% | epoch: 1 | remaining: 87s    
step 01413 (70.9%) | loss: 3.002595 | lrm: 0.58 | dt: 152ms | tok/sec: 863,497 | mfu: 24.2% | epoch: 1 | remaining: 87s    
step 01414 (70.9%) | loss: 3.004765 | lrm: 0.58 | dt: 152ms | tok/sec: 864,076 | mfu: 24.2% | epoch: 1 | remaining: 87s    
step 01415 (71.0%) | loss: 3.003228 | lrm: 0.58 | dt: 152ms | tok/sec: 864,200 | mfu: 24.2% | epoch: 1 | remaining: 87s    
step 01416 (71.0%) | loss: 2.999616 | lrm: 0.58 | dt: 152ms | tok/sec: 864,060 | mfu: 24.2% | epoch: 1 | remaining: 87s    
step 01417 (71.1%) | loss: 2.996696 | lrm: 0.58 | dt: 152ms | tok/sec: 864,292 | mfu: 24.2% | epoch: 1 | remaining: 87s    
step 01418 (71.1%) | loss: 2.995653 | lrm: 0.58 | dt: 152ms | tok/sec: 863,955 | mfu: 24.2% | epoch: 1 | remaining: 86s    
step 01419 (71.2%) | loss: 2.989501 | lrm: 0.58 | dt: 152ms | tok/sec: 863,754 | mfu: 24.2% | epoch: 1 | remaining: 86s    
step 01420 (71.2%) | loss: 2.989866 | lrm: 0.58 | dt: 152ms | tok/sec: 863,887 | mfu: 24.2% | epoch: 1 | remaining: 86s    
step 01421 (71.3%) | loss: 2.996660 | lrm: 0.57 | dt: 152ms | tok/sec: 864,075 | mfu: 24.2% | epoch: 1 | remaining: 86s    
step 01422 (71.3%) | loss: 2.988178 | lrm: 0.57 | dt: 152ms | tok/sec: 863,742 | mfu: 24.2% | epoch: 1 | remaining: 86s    
step 01423 (71.4%) | loss: 2.987467 | lrm: 0.57 | dt: 152ms | tok/sec: 864,091 | mfu: 24.2% | epoch: 1 | remaining: 86s    
step 01424 (71.4%) | loss: 2.992091 | lrm: 0.57 | dt: 152ms | tok/sec: 863,940 | mfu: 24.2% | epoch: 1 | remaining: 86s    
step 01425 (71.5%) | loss: 2.989832 | lrm: 0.57 | dt: 152ms | tok/sec: 864,313 | mfu: 24.2% | epoch: 1 | remaining: 85s    
step 01426 (71.5%) | loss: 2.994917 | lrm: 0.57 | dt: 152ms | tok/sec: 863,491 | mfu: 24.2% | epoch: 1 | remaining: 85s    
step 01427 (71.6%) | loss: 2.998277 | lrm: 0.57 | dt: 152ms | tok/sec: 863,883 | mfu: 24.2% | epoch: 1 | remaining: 85s    
step 01428 (71.6%) | loss: 2.991807 | lrm: 0.57 | dt: 152ms | tok/sec: 863,536 | mfu: 24.2% | epoch: 1 | remaining: 85s    
step 01429 (71.7%) | loss: 2.986255 | lrm: 0.57 | dt: 152ms | tok/sec: 863,860 | mfu: 24.2% | epoch: 1 | remaining: 85s    
step 01430 (71.7%) | loss: 2.989797 | lrm: 0.57 | dt: 152ms | tok/sec: 864,140 | mfu: 24.2% | epoch: 1 | remaining: 85s    
step 01431 (71.8%) | loss: 2.995631 | lrm: 0.56 | dt: 152ms | tok/sec: 864,476 | mfu: 24.2% | epoch: 1 | remaining: 84s    
step 01432 (71.8%) | loss: 2.987415 | lrm: 0.56 | dt: 152ms | tok/sec: 863,738 | mfu: 24.2% | epoch: 1 | remaining: 84s    
step 01433 (71.9%) | loss: 2.987308 | lrm: 0.56 | dt: 152ms | tok/sec: 864,139 | mfu: 24.2% | epoch: 1 | remaining: 84s    
step 01434 (71.9%) | loss: 2.993589 | lrm: 0.56 | dt: 152ms | tok/sec: 863,840 | mfu: 24.2% | epoch: 1 | remaining: 84s    
step 01435 (72.0%) | loss: 2.993496 | lrm: 0.56 | dt: 152ms | tok/sec: 863,949 | mfu: 24.2% | epoch: 1 | remaining: 84s    
step 01436 (72.0%) | loss: 2.990969 | lrm: 0.56 | dt: 152ms | tok/sec: 864,019 | mfu: 24.2% | epoch: 1 | remaining: 84s    
step 01437 (72.1%) | loss: 2.988706 | lrm: 0.56 | dt: 152ms | tok/sec: 863,826 | mfu: 24.2% | epoch: 1 | remaining: 84s    
step 01438 (72.1%) | loss: 2.994588 | lrm: 0.56 | dt: 152ms | tok/sec: 861,875 | mfu: 24.1% | epoch: 1 | remaining: 83s    
step 01439 (72.2%) | loss: 2.993497 | lrm: 0.56 | dt: 152ms | tok/sec: 863,202 | mfu: 24.1% | epoch: 1 | remaining: 83s    
step 01440 (72.2%) | loss: 2.997835 | lrm: 0.56 | dt: 152ms | tok/sec: 863,502 | mfu: 24.2% | epoch: 1 | remaining: 83s    
step 01441 (72.3%) | loss: 2.990667 | lrm: 0.55 | dt: 152ms | tok/sec: 863,813 | mfu: 24.2% | epoch: 1 | remaining: 83s    
step 01442 (72.3%) | loss: 2.988559 | lrm: 0.55 | dt: 152ms | tok/sec: 863,448 | mfu: 24.2% | epoch: 1 | remaining: 83s    
step 01443 (72.4%) | loss: 2.989862 | lrm: 0.55 | dt: 152ms | tok/sec: 862,211 | mfu: 24.1% | epoch: 1 | remaining: 83s    
step 01444 (72.4%) | loss: 2.988932 | lrm: 0.55 | dt: 152ms | tok/sec: 863,419 | mfu: 24.2% | epoch: 1 | remaining: 83s    
step 01445 (72.5%) | loss: 2.987191 | lrm: 0.55 | dt: 152ms | tok/sec: 863,711 | mfu: 24.2% | epoch: 1 | remaining: 82s    
step 01446 (72.5%) | loss: 2.989112 | lrm: 0.55 | dt: 152ms | tok/sec: 864,029 | mfu: 24.2% | epoch: 1 | remaining: 82s    
step 01447 (72.6%) | loss: 2.988603 | lrm: 0.55 | dt: 152ms | tok/sec: 863,938 | mfu: 24.2% | epoch: 1 | remaining: 82s    
step 01448 (72.7%) | loss: 2.977418 | lrm: 0.55 | dt: 152ms | tok/sec: 862,214 | mfu: 24.1% | epoch: 1 | remaining: 82s    
step 01449 (72.7%) | loss: 2.976773 | lrm: 0.55 | dt: 152ms | tok/sec: 864,007 | mfu: 24.2% | epoch: 1 | remaining: 82s    
step 01450 (72.8%) | loss: 2.971613 | lrm: 0.54 | dt: 152ms | tok/sec: 864,064 | mfu: 24.2% | epoch: 1 | remaining: 82s    
step 01451 (72.8%) | loss: 2.972339 | lrm: 0.54 | dt: 152ms | tok/sec: 863,768 | mfu: 24.2% | epoch: 1 | remaining: 81s    
step 01452 (72.9%) | loss: 2.973391 | lrm: 0.54 | dt: 152ms | tok/sec: 863,828 | mfu: 24.2% | epoch: 1 | remaining: 81s    
step 01453 (72.9%) | loss: 2.990039 | lrm: 0.54 | dt: 152ms | tok/sec: 863,750 | mfu: 24.2% | epoch: 1 | remaining: 81s    
step 01454 (73.0%) | loss: 2.992656 | lrm: 0.54 | dt: 152ms | tok/sec: 863,426 | mfu: 24.2% | epoch: 1 | remaining: 81s    
step 01455 (73.0%) | loss: 2.993421 | lrm: 0.54 | dt: 152ms | tok/sec: 864,082 | mfu: 24.2% | epoch: 1 | remaining: 81s    
step 01456 (73.1%) | loss: 2.989025 | lrm: 0.54 | dt: 152ms | tok/sec: 863,889 | mfu: 24.2% | epoch: 1 | remaining: 81s    
step 01457 (73.1%) | loss: 2.993627 | lrm: 0.54 | dt: 152ms | tok/sec: 863,890 | mfu: 24.2% | epoch: 1 | remaining: 81s    
step 01458 (73.2%) | loss: 2.989003 | lrm: 0.54 | dt: 152ms | tok/sec: 863,688 | mfu: 24.2% | epoch: 1 | remaining: 80s    
step 01459 (73.2%) | loss: 2.988176 | lrm: 0.54 | dt: 152ms | tok/sec: 863,112 | mfu: 24.1% | epoch: 1 | remaining: 80s    
step 01460 (73.3%) | loss: 2.986386 | lrm: 0.53 | dt: 152ms | tok/sec: 863,029 | mfu: 24.1% | epoch: 1 | remaining: 80s    
step 01461 (73.3%) | loss: 2.992369 | lrm: 0.53 | dt: 152ms | tok/sec: 862,244 | mfu: 24.1% | epoch: 1 | remaining: 80s    
step 01462 (73.4%) | loss: 2.989019 | lrm: 0.53 | dt: 152ms | tok/sec: 862,941 | mfu: 24.1% | epoch: 1 | remaining: 80s    
step 01463 (73.4%) | loss: 2.991721 | lrm: 0.53 | dt: 152ms | tok/sec: 863,049 | mfu: 24.1% | epoch: 1 | remaining: 80s    
step 01464 (73.5%) | loss: 2.985968 | lrm: 0.53 | dt: 152ms | tok/sec: 863,261 | mfu: 24.2% | epoch: 1 | remaining: 79s    
step 01465 (73.5%) | loss: 2.979105 | lrm: 0.53 | dt: 152ms | tok/sec: 863,737 | mfu: 24.2% | epoch: 1 | remaining: 79s    
step 01466 (73.6%) | loss: 2.979724 | lrm: 0.53 | dt: 152ms | tok/sec: 863,725 | mfu: 24.2% | epoch: 1 | remaining: 79s    
step 01467 (73.6%) | loss: 2.976026 | lrm: 0.53 | dt: 152ms | tok/sec: 863,703 | mfu: 24.2% | epoch: 1 | remaining: 79s    
step 01468 (73.7%) | loss: 2.976269 | lrm: 0.53 | dt: 152ms | tok/sec: 864,118 | mfu: 24.2% | epoch: 1 | remaining: 79s    
step 01469 (73.7%) | loss: 2.979036 | lrm: 0.53 | dt: 152ms | tok/sec: 863,699 | mfu: 24.2% | epoch: 1 | remaining: 79s    
step 01470 (73.8%) | loss: 2.985698 | lrm: 0.52 | dt: 152ms | tok/sec: 863,913 | mfu: 24.2% | epoch: 1 | remaining: 79s    
step 01471 (73.8%) | loss: 2.984905 | lrm: 0.52 | dt: 152ms | tok/sec: 863,159 | mfu: 24.1% | epoch: 1 | remaining: 78s    
step 01472 (73.9%) | loss: 2.981192 | lrm: 0.52 | dt: 152ms | tok/sec: 863,748 | mfu: 24.2% | epoch: 1 | remaining: 78s    
step 01473 (73.9%) | loss: 2.983678 | lrm: 0.52 | dt: 152ms | tok/sec: 863,068 | mfu: 24.1% | epoch: 1 | remaining: 78s    
step 01474 (74.0%) | loss: 2.984516 | lrm: 0.52 | dt: 152ms | tok/sec: 863,051 | mfu: 24.1% | epoch: 1 | remaining: 78s    
step 01475 (74.0%) | loss: 2.985182 | lrm: 0.52 | dt: 152ms | tok/sec: 863,118 | mfu: 24.1% | epoch: 1 | remaining: 78s    
step 01476 (74.1%) | loss: 2.981860 | lrm: 0.52 | dt: 152ms | tok/sec: 863,297 | mfu: 24.2% | epoch: 1 | remaining: 78s    
step 01477 (74.1%) | loss: 2.972732 | lrm: 0.52 | dt: 152ms | tok/sec: 862,973 | mfu: 24.1% | epoch: 1 | remaining: 77s    
step 01478 (74.2%) | loss: 2.977983 | lrm: 0.52 | dt: 152ms | tok/sec: 863,108 | mfu: 24.1% | epoch: 1 | remaining: 77s    
step 01479 (74.2%) | loss: 2.977174 | lrm: 0.52 | dt: 152ms | tok/sec: 863,555 | mfu: 24.2% | epoch: 1 | remaining: 77s    
step 01480 (74.3%) | loss: 2.974611 | lrm: 0.51 | dt: 152ms | tok/sec: 863,596 | mfu: 24.2% | epoch: 1 | remaining: 77s    
step 01481 (74.3%) | loss: 2.974654 | lrm: 0.51 | dt: 152ms | tok/sec: 863,547 | mfu: 24.2% | epoch: 1 | remaining: 77s    
step 01482 (74.4%) | loss: 2.972363 | lrm: 0.51 | dt: 152ms | tok/sec: 861,728 | mfu: 24.1% | epoch: 1 | remaining: 77s    
step 01483 (74.4%) | loss: 2.970786 | lrm: 0.51 | dt: 152ms | tok/sec: 863,459 | mfu: 24.2% | epoch: 1 | remaining: 77s    
step 01484 (74.5%) | loss: 2.968304 | lrm: 0.51 | dt: 152ms | tok/sec: 863,526 | mfu: 24.2% | epoch: 1 | remaining: 76s    
step 01485 (74.5%) | loss: 2.966908 | lrm: 0.51 | dt: 152ms | tok/sec: 863,484 | mfu: 24.2% | epoch: 1 | remaining: 76s    
step 01486 (74.6%) | loss: 2.970407 | lrm: 0.51 | dt: 152ms | tok/sec: 863,356 | mfu: 24.2% | epoch: 1 | remaining: 76s    
step 01487 (74.6%) | loss: 2.966574 | lrm: 0.51 | dt: 152ms | tok/sec: 863,347 | mfu: 24.2% | epoch: 1 | remaining: 76s    
step 01488 (74.7%) | loss: 2.967559 | lrm: 0.51 | dt: 152ms | tok/sec: 862,558 | mfu: 24.1% | epoch: 1 | remaining: 76s    
step 01489 (74.7%) | loss: 2.962643 | lrm: 0.51 | dt: 152ms | tok/sec: 863,136 | mfu: 24.1% | epoch: 1 | remaining: 76s    
step 01490 (74.8%) | loss: 2.969478 | lrm: 0.50 | dt: 152ms | tok/sec: 863,394 | mfu: 24.2% | epoch: 1 | remaining: 76s    
step 01491 (74.8%) | loss: 2.971961 | lrm: 0.50 | dt: 152ms | tok/sec: 863,716 | mfu: 24.2% | epoch: 1 | remaining: 75s    
step 01492 (74.9%) | loss: 2.963961 | lrm: 0.50 | dt: 158ms | tok/sec: 831,010 | mfu: 23.2% | epoch: 1 | remaining: 75s    
step 01493 (74.9%) | loss: 2.965476 | lrm: 0.50 | dt: 152ms | tok/sec: 862,063 | mfu: 24.1% | epoch: 1 | remaining: 75s    
step 01494 (75.0%) | loss: 2.969257 | lrm: 0.50 | dt: 152ms | tok/sec: 863,125 | mfu: 24.1% | epoch: 1 | remaining: 75s    
step 01495 (75.0%) | loss: 2.968412 | lrm: 0.50 | dt: 152ms | tok/sec: 863,178 | mfu: 24.1% | epoch: 1 | remaining: 75s    
step 01496 (75.1%) | loss: 2.978479 | lrm: 0.50 | dt: 152ms | tok/sec: 863,725 | mfu: 24.2% | epoch: 1 | remaining: 75s    
step 01497 (75.1%) | loss: 2.978081 | lrm: 0.50 | dt: 152ms | tok/sec: 863,449 | mfu: 24.2% | epoch: 1 | remaining: 74s    
step 01498 (75.2%) | loss: 2.971982 | lrm: 0.50 | dt: 152ms | tok/sec: 863,706 | mfu: 24.2% | epoch: 1 | remaining: 74s    
step 01499 (75.2%) | loss: 2.968850 | lrm: 0.50 | dt: 152ms | tok/sec: 863,635 | mfu: 24.2% | epoch: 1 | remaining: 74s    
step 01500 (75.3%) | loss: 2.964986 | lrm: 0.49 | dt: 152ms | tok/sec: 863,932 | mfu: 24.2% | epoch: 1 | remaining: 74s    
step 01501 (75.3%) | loss: 2.961100 | lrm: 0.49 | dt: 152ms | tok/sec: 863,654 | mfu: 24.2% | epoch: 1 | remaining: 74s    
step 01502 (75.4%) | loss: 2.963451 | lrm: 0.49 | dt: 152ms | tok/sec: 863,681 | mfu: 24.2% | epoch: 1 | remaining: 74s    
step 01503 (75.4%) | loss: 2.961186 | lrm: 0.49 | dt: 152ms | tok/sec: 863,830 | mfu: 24.2% | epoch: 1 | remaining: 74s    
step 01504 (75.5%) | loss: 2.960265 | lrm: 0.49 | dt: 152ms | tok/sec: 863,734 | mfu: 24.2% | epoch: 1 | remaining: 73s    
step 01505 (75.5%) | loss: 2.955592 | lrm: 0.49 | dt: 152ms | tok/sec: 863,814 | mfu: 24.2% | epoch: 1 | remaining: 73s    
step 01506 (75.6%) | loss: 2.962976 | lrm: 0.49 | dt: 152ms | tok/sec: 863,900 | mfu: 24.2% | epoch: 1 | remaining: 73s    
step 01507 (75.6%) | loss: 2.959251 | lrm: 0.49 | dt: 152ms | tok/sec: 863,996 | mfu: 24.2% | epoch: 1 | remaining: 73s    
step 01508 (75.7%) | loss: 2.964344 | lrm: 0.49 | dt: 152ms | tok/sec: 863,779 | mfu: 24.2% | epoch: 1 | remaining: 73s    
step 01509 (75.7%) | loss: 2.964698 | lrm: 0.49 | dt: 152ms | tok/sec: 863,924 | mfu: 24.2% | epoch: 1 | remaining: 73s    
step 01510 (75.8%) | loss: 2.968505 | lrm: 0.48 | dt: 153ms | tok/sec: 855,920 | mfu: 23.9% | epoch: 1 | remaining: 72s    
step 01511 (75.8%) | loss: 2.963369 | lrm: 0.48 | dt: 152ms | tok/sec: 863,495 | mfu: 24.2% | epoch: 1 | remaining: 72s    
step 01512 (75.9%) | loss: 2.966981 | lrm: 0.48 | dt: 152ms | tok/sec: 863,767 | mfu: 24.2% | epoch: 1 | remaining: 72s    
step 01513 (75.9%) | loss: 2.969904 | lrm: 0.48 | dt: 152ms | tok/sec: 863,953 | mfu: 24.2% | epoch: 1 | remaining: 72s    
step 01514 (76.0%) | loss: 2.969638 | lrm: 0.48 | dt: 152ms | tok/sec: 863,596 | mfu: 24.2% | epoch: 1 | remaining: 72s    
step 01515 (76.0%) | loss: 2.972334 | lrm: 0.48 | dt: 152ms | tok/sec: 863,490 | mfu: 24.2% | epoch: 1 | remaining: 72s    
step 01516 (76.1%) | loss: 2.972973 | lrm: 0.48 | dt: 152ms | tok/sec: 863,019 | mfu: 24.1% | epoch: 1 | remaining: 72s    
step 01517 (76.1%) | loss: 2.978691 | lrm: 0.48 | dt: 152ms | tok/sec: 863,942 | mfu: 24.2% | epoch: 1 | remaining: 71s    
step 01518 (76.2%) | loss: 2.976739 | lrm: 0.48 | dt: 152ms | tok/sec: 863,768 | mfu: 24.2% | epoch: 1 | remaining: 71s    
step 01519 (76.2%) | loss: 2.973488 | lrm: 0.48 | dt: 152ms | tok/sec: 863,815 | mfu: 24.2% | epoch: 1 | remaining: 71s    
step 01520 (76.3%) | loss: 2.971156 | lrm: 0.47 | dt: 152ms | tok/sec: 863,978 | mfu: 24.2% | epoch: 1 | remaining: 71s    
step 01521 (76.3%) | loss: 2.964236 | lrm: 0.47 | dt: 152ms | tok/sec: 864,023 | mfu: 24.2% | epoch: 1 | remaining: 71s    
step 01522 (76.4%) | loss: 2.957598 | lrm: 0.47 | dt: 152ms | tok/sec: 863,685 | mfu: 24.2% | epoch: 1 | remaining: 71s    
step 01523 (76.4%) | loss: 2.953467 | lrm: 0.47 | dt: 152ms | tok/sec: 863,845 | mfu: 24.2% | epoch: 1 | remaining: 71s    
step 01524 (76.5%) | loss: 2.952831 | lrm: 0.47 | dt: 152ms | tok/sec: 864,147 | mfu: 24.2% | epoch: 1 | remaining: 70s    
step 01525 (76.5%) | loss: 2.959912 | lrm: 0.47 | dt: 152ms | tok/sec: 863,578 | mfu: 24.2% | epoch: 1 | remaining: 70s    
step 01526 (76.6%) | loss: 2.965100 | lrm: 0.47 | dt: 154ms | tok/sec: 849,731 | mfu: 23.8% | epoch: 1 | remaining: 70s    
step 01527 (76.7%) | loss: 2.964523 | lrm: 0.47 | dt: 152ms | tok/sec: 863,647 | mfu: 24.2% | epoch: 1 | remaining: 70s    
step 01528 (76.7%) | loss: 2.963705 | lrm: 0.47 | dt: 152ms | tok/sec: 863,284 | mfu: 24.2% | epoch: 1 | remaining: 70s    
step 01529 (76.8%) | loss: 2.962186 | lrm: 0.46 | dt: 152ms | tok/sec: 863,742 | mfu: 24.2% | epoch: 1 | remaining: 70s    
step 01530 (76.8%) | loss: 2.955487 | lrm: 0.46 | dt: 152ms | tok/sec: 864,083 | mfu: 24.2% | epoch: 1 | remaining: 69s    
step 01531 (76.9%) | loss: 2.958473 | lrm: 0.46 | dt: 152ms | tok/sec: 863,695 | mfu: 24.2% | epoch: 1 | remaining: 69s    
step 01532 (76.9%) | loss: 2.953165 | lrm: 0.46 | dt: 152ms | tok/sec: 863,742 | mfu: 24.2% | epoch: 1 | remaining: 69s    
step 01533 (77.0%) | loss: 2.952661 | lrm: 0.46 | dt: 152ms | tok/sec: 863,383 | mfu: 24.2% | epoch: 1 | remaining: 69s    
step 01534 (77.0%) | loss: 2.950269 | lrm: 0.46 | dt: 152ms | tok/sec: 863,490 | mfu: 24.2% | epoch: 1 | remaining: 69s    
step 01535 (77.1%) | loss: 2.952571 | lrm: 0.46 | dt: 152ms | tok/sec: 863,894 | mfu: 24.2% | epoch: 1 | remaining: 69s    
step 01536 (77.1%) | loss: 2.954383 | lrm: 0.46 | dt: 152ms | tok/sec: 863,877 | mfu: 24.2% | epoch: 1 | remaining: 69s    
step 01537 (77.2%) | loss: 2.960113 | lrm: 0.46 | dt: 152ms | tok/sec: 863,997 | mfu: 24.2% | epoch: 1 | remaining: 68s    
step 01538 (77.2%) | loss: 2.960437 | lrm: 0.46 | dt: 152ms | tok/sec: 863,411 | mfu: 24.2% | epoch: 1 | remaining: 68s    
step 01539 (77.3%) | loss: 2.962023 | lrm: 0.45 | dt: 152ms | tok/sec: 863,673 | mfu: 24.2% | epoch: 1 | remaining: 68s    
step 01540 (77.3%) | loss: 2.958749 | lrm: 0.45 | dt: 152ms | tok/sec: 863,959 | mfu: 24.2% | epoch: 1 | remaining: 68s    
step 01541 (77.4%) | loss: 2.955846 | lrm: 0.45 | dt: 152ms | tok/sec: 864,035 | mfu: 24.2% | epoch: 1 | remaining: 68s    
step 01542 (77.4%) | loss: 2.960670 | lrm: 0.45 | dt: 152ms | tok/sec: 863,680 | mfu: 24.2% | epoch: 1 | remaining: 68s    
step 01543 (77.5%) | loss: 2.962032 | lrm: 0.45 | dt: 152ms | tok/sec: 862,935 | mfu: 24.1% | epoch: 1 | remaining: 67s    
step 01544 (77.5%) | loss: 2.967500 | lrm: 0.45 | dt: 152ms | tok/sec: 862,586 | mfu: 24.1% | epoch: 1 | remaining: 67s    
step 01545 (77.6%) | loss: 2.962163 | lrm: 0.45 | dt: 152ms | tok/sec: 863,712 | mfu: 24.2% | epoch: 1 | remaining: 67s    
step 01546 (77.6%) | loss: 2.960240 | lrm: 0.45 | dt: 152ms | tok/sec: 863,083 | mfu: 24.1% | epoch: 1 | remaining: 67s    
step 01547 (77.7%) | loss: 2.968370 | lrm: 0.45 | dt: 152ms | tok/sec: 863,754 | mfu: 24.2% | epoch: 1 | remaining: 67s    
step 01548 (77.7%) | loss: 2.975946 | lrm: 0.45 | dt: 152ms | tok/sec: 863,704 | mfu: 24.2% | epoch: 1 | remaining: 67s    
step 01549 (77.8%) | loss: 2.971522 | lrm: 0.44 | dt: 152ms | tok/sec: 863,540 | mfu: 24.2% | epoch: 1 | remaining: 67s    
step 01550 (77.8%) | loss: 2.974515 | lrm: 0.44 | dt: 152ms | tok/sec: 863,852 | mfu: 24.2% | epoch: 1 | remaining: 66s    
step 01551 (77.9%) | loss: 2.967837 | lrm: 0.44 | dt: 152ms | tok/sec: 863,715 | mfu: 24.2% | epoch: 1 | remaining: 66s    
step 01552 (77.9%) | loss: 2.963064 | lrm: 0.44 | dt: 152ms | tok/sec: 863,791 | mfu: 24.2% | epoch: 1 | remaining: 66s    
step 01553 (78.0%) | loss: 2.955756 | lrm: 0.44 | dt: 152ms | tok/sec: 864,019 | mfu: 24.2% | epoch: 1 | remaining: 66s    
step 01554 (78.0%) | loss: 2.952677 | lrm: 0.44 | dt: 152ms | tok/sec: 864,094 | mfu: 24.2% | epoch: 1 | remaining: 66s    
step 01555 (78.1%) | loss: 2.953727 | lrm: 0.44 | dt: 152ms | tok/sec: 863,801 | mfu: 24.2% | epoch: 1 | remaining: 66s    
step 01556 (78.1%) | loss: 2.950596 | lrm: 0.44 | dt: 152ms | tok/sec: 863,859 | mfu: 24.2% | epoch: 1 | remaining: 65s    
step 01557 (78.2%) | loss: 2.952865 | lrm: 0.44 | dt: 152ms | tok/sec: 863,801 | mfu: 24.2% | epoch: 1 | remaining: 65s    
step 01558 (78.2%) | loss: 2.953997 | lrm: 0.44 | dt: 152ms | tok/sec: 863,980 | mfu: 24.2% | epoch: 1 | remaining: 65s    
step 01559 (78.3%) | loss: 2.955847 | lrm: 0.43 | dt: 152ms | tok/sec: 864,141 | mfu: 24.2% | epoch: 1 | remaining: 65s    
step 01560 (78.3%) | loss: 2.951521 | lrm: 0.43 | dt: 152ms | tok/sec: 863,753 | mfu: 24.2% | epoch: 1 | remaining: 65s    
step 01561 (78.4%) | loss: 2.950375 | lrm: 0.43 | dt: 152ms | tok/sec: 863,791 | mfu: 24.2% | epoch: 1 | remaining: 65s    
step 01562 (78.4%) | loss: 2.954326 | lrm: 0.43 | dt: 152ms | tok/sec: 864,124 | mfu: 24.2% | epoch: 1 | remaining: 65s    
step 01563 (78.5%) | loss: 2.952217 | lrm: 0.43 | dt: 152ms | tok/sec: 863,824 | mfu: 24.2% | epoch: 1 | remaining: 64s    
step 01564 (78.5%) | loss: 2.950130 | lrm: 0.43 | dt: 152ms | tok/sec: 863,867 | mfu: 24.2% | epoch: 1 | remaining: 64s    
step 01565 (78.6%) | loss: 2.948878 | lrm: 0.43 | dt: 152ms | tok/sec: 864,150 | mfu: 24.2% | epoch: 1 | remaining: 64s    
step 01566 (78.6%) | loss: 2.948295 | lrm: 0.43 | dt: 152ms | tok/sec: 864,031 | mfu: 24.2% | epoch: 1 | remaining: 64s    
step 01567 (78.7%) | loss: 2.947665 | lrm: 0.43 | dt: 152ms | tok/sec: 863,883 | mfu: 24.2% | epoch: 1 | remaining: 64s    
step 01568 (78.7%) | loss: 2.942574 | lrm: 0.43 | dt: 152ms | tok/sec: 864,181 | mfu: 24.2% | epoch: 1 | remaining: 64s    
step 01569 (78.8%) | loss: 2.943400 | lrm: 0.42 | dt: 152ms | tok/sec: 863,545 | mfu: 24.2% | epoch: 1 | remaining: 64s    
step 01570 (78.8%) | loss: 2.942542 | lrm: 0.42 | dt: 152ms | tok/sec: 864,147 | mfu: 24.2% | epoch: 1 | remaining: 63s    
step 01571 (78.9%) | loss: 2.937127 | lrm: 0.42 | dt: 152ms | tok/sec: 863,989 | mfu: 24.2% | epoch: 1 | remaining: 63s    
step 01572 (78.9%) | loss: 2.936430 | lrm: 0.42 | dt: 152ms | tok/sec: 863,898 | mfu: 24.2% | epoch: 1 | remaining: 63s    
step 01573 (79.0%) | loss: 2.935631 | lrm: 0.42 | dt: 152ms | tok/sec: 864,128 | mfu: 24.2% | epoch: 1 | remaining: 63s    
step 01574 (79.0%) | loss: 2.935052 | lrm: 0.42 | dt: 152ms | tok/sec: 863,787 | mfu: 24.2% | epoch: 1 | remaining: 63s    
step 01575 (79.1%) | loss: 2.940277 | lrm: 0.42 | dt: 152ms | tok/sec: 863,240 | mfu: 24.2% | epoch: 1 | remaining: 63s    
step 01576 (79.1%) | loss: 2.951224 | lrm: 0.42 | dt: 154ms | tok/sec: 852,649 | mfu: 23.9% | epoch: 1 | remaining: 62s    
step 01577 (79.2%) | loss: 2.945858 | lrm: 0.42 | dt: 152ms | tok/sec: 863,487 | mfu: 24.2% | epoch: 1 | remaining: 62s    
step 01578 (79.2%) | loss: 2.938174 | lrm: 0.42 | dt: 152ms | tok/sec: 863,552 | mfu: 24.2% | epoch: 1 | remaining: 62s    
step 01579 (79.3%) | loss: 2.940021 | lrm: 0.41 | dt: 152ms | tok/sec: 863,904 | mfu: 24.2% | epoch: 1 | remaining: 62s    
step 01580 (79.3%) | loss: 2.941006 | lrm: 0.41 | dt: 152ms | tok/sec: 863,900 | mfu: 24.2% | epoch: 1 | remaining: 62s    
step 01581 (79.4%) | loss: 2.942445 | lrm: 0.41 | dt: 152ms | tok/sec: 863,693 | mfu: 24.2% | epoch: 1 | remaining: 62s    
step 01582 (79.4%) | loss: 2.939263 | lrm: 0.41 | dt: 152ms | tok/sec: 864,370 | mfu: 24.2% | epoch: 1 | remaining: 62s    
step 01583 (79.5%) | loss: 2.934575 | lrm: 0.41 | dt: 152ms | tok/sec: 863,972 | mfu: 24.2% | epoch: 1 | remaining: 61s    
step 01584 (79.5%) | loss: 2.940161 | lrm: 0.41 | dt: 152ms | tok/sec: 864,186 | mfu: 24.2% | epoch: 1 | remaining: 61s    
step 01585 (79.6%) | loss: 2.945489 | lrm: 0.41 | dt: 152ms | tok/sec: 864,390 | mfu: 24.2% | epoch: 1 | remaining: 61s    
step 01586 (79.6%) | loss: 2.936264 | lrm: 0.41 | dt: 152ms | tok/sec: 863,953 | mfu: 24.2% | epoch: 1 | remaining: 61s    
step 01587 (79.7%) | loss: 2.934437 | lrm: 0.41 | dt: 152ms | tok/sec: 864,288 | mfu: 24.2% | epoch: 1 | remaining: 61s    
step 01588 (79.7%) | loss: 2.936658 | lrm: 0.41 | dt: 152ms | tok/sec: 864,463 | mfu: 24.2% | epoch: 1 | remaining: 61s    
step 01589 (79.8%) | loss: 2.937333 | lrm: 0.40 | dt: 152ms | tok/sec: 864,120 | mfu: 24.2% | epoch: 1 | remaining: 60s    
step 01590 (79.8%) | loss: 2.937307 | lrm: 0.40 | dt: 152ms | tok/sec: 864,228 | mfu: 24.2% | epoch: 1 | remaining: 60s    
step 01591 (79.9%) | loss: 2.943107 | lrm: 0.40 | dt: 152ms | tok/sec: 864,212 | mfu: 24.2% | epoch: 1 | remaining: 60s    
step 01592 (79.9%) | loss: 2.944796 | lrm: 0.40 | dt: 153ms | tok/sec: 856,791 | mfu: 24.0% | epoch: 1 | remaining: 60s    
step 01593 (80.0%) | loss: 2.939672 | lrm: 0.40 | dt: 152ms | tok/sec: 863,875 | mfu: 24.2% | epoch: 1 | remaining: 60s    
step 01594 (80.0%) | loss: 2.937793 | lrm: 0.40 | dt: 152ms | tok/sec: 861,047 | mfu: 24.1% | epoch: 1 | remaining: 60s    
step 01595 (80.1%) | loss: 2.943588 | lrm: 0.40 | dt: 152ms | tok/sec: 863,179 | mfu: 24.1% | epoch: 1 | remaining: 60s    
step 01596 (80.1%) | loss: 2.940958 | lrm: 0.40 | dt: 152ms | tok/sec: 864,060 | mfu: 24.2% | epoch: 1 | remaining: 59s    
step 01597 (80.2%) | loss: 2.936930 | lrm: 0.40 | dt: 152ms | tok/sec: 863,790 | mfu: 24.2% | epoch: 1 | remaining: 59s    
step 01598 (80.2%) | loss: 2.934404 | lrm: 0.40 | dt: 152ms | tok/sec: 864,022 | mfu: 24.2% | epoch: 1 | remaining: 59s    
step 01599 (80.3%) | loss: 2.922418 | lrm: 0.39 | dt: 152ms | tok/sec: 864,064 | mfu: 24.2% | epoch: 1 | remaining: 59s    
step 01600 (80.3%) | loss: 2.921508 | lrm: 0.39 | dt: 152ms | tok/sec: 864,107 | mfu: 24.2% | epoch: 1 | remaining: 59s    
step 01601 (80.4%) | loss: 2.928542 | lrm: 0.39 | dt: 152ms | tok/sec: 864,242 | mfu: 24.2% | epoch: 1 | remaining: 59s    
step 01602 (80.4%) | loss: 2.922728 | lrm: 0.39 | dt: 152ms | tok/sec: 864,038 | mfu: 24.2% | epoch: 1 | remaining: 59s    
step 01603 (80.5%) | loss: 2.927587 | lrm: 0.39 | dt: 152ms | tok/sec: 864,321 | mfu: 24.2% | epoch: 1 | remaining: 58s    
step 01604 (80.5%) | loss: 2.927437 | lrm: 0.39 | dt: 152ms | tok/sec: 863,982 | mfu: 24.2% | epoch: 1 | remaining: 58s    
step 01605 (80.6%) | loss: 2.931023 | lrm: 0.39 | dt: 152ms | tok/sec: 864,139 | mfu: 24.2% | epoch: 1 | remaining: 58s    
step 01606 (80.6%) | loss: 2.925077 | lrm: 0.39 | dt: 152ms | tok/sec: 864,318 | mfu: 24.2% | epoch: 1 | remaining: 58s    
step 01607 (80.7%) | loss: 2.922173 | lrm: 0.39 | dt: 152ms | tok/sec: 864,307 | mfu: 24.2% | epoch: 1 | remaining: 58s    
step 01608 (80.7%) | loss: 2.918400 | lrm: 0.39 | dt: 152ms | tok/sec: 863,535 | mfu: 24.2% | epoch: 1 | remaining: 58s    
step 01609 (80.8%) | loss: 2.921555 | lrm: 0.38 | dt: 152ms | tok/sec: 863,814 | mfu: 24.2% | epoch: 1 | remaining: 57s    
step 01610 (80.9%) | loss: 2.925604 | lrm: 0.38 | dt: 152ms | tok/sec: 863,843 | mfu: 24.2% | epoch: 1 | remaining: 57s    
step 01611 (80.9%) | loss: 2.921651 | lrm: 0.38 | dt: 152ms | tok/sec: 863,752 | mfu: 24.2% | epoch: 1 | remaining: 57s    
step 01612 (81.0%) | loss: 2.926699 | lrm: 0.38 | dt: 152ms | tok/sec: 863,710 | mfu: 24.2% | epoch: 1 | remaining: 57s    
step 01613 (81.0%) | loss: 2.920984 | lrm: 0.38 | dt: 152ms | tok/sec: 863,021 | mfu: 24.1% | epoch: 1 | remaining: 57s    
step 01614 (81.1%) | loss: 2.916484 | lrm: 0.38 | dt: 152ms | tok/sec: 863,253 | mfu: 24.2% | epoch: 1 | remaining: 57s    
step 01615 (81.1%) | loss: 2.919433 | lrm: 0.38 | dt: 152ms | tok/sec: 864,098 | mfu: 24.2% | epoch: 1 | remaining: 57s    
step 01616 (81.2%) | loss: 2.914530 | lrm: 0.38 | dt: 152ms | tok/sec: 864,052 | mfu: 24.2% | epoch: 1 | remaining: 56s    
step 01617 (81.2%) | loss: 2.923508 | lrm: 0.38 | dt: 152ms | tok/sec: 864,060 | mfu: 24.2% | epoch: 1 | remaining: 56s    
step 01618 (81.3%) | loss: 2.925599 | lrm: 0.37 | dt: 152ms | tok/sec: 863,806 | mfu: 24.2% | epoch: 1 | remaining: 56s    
step 01619 (81.3%) | loss: 2.921127 | lrm: 0.37 | dt: 152ms | tok/sec: 863,987 | mfu: 24.2% | epoch: 1 | remaining: 56s    
step 01620 (81.4%) | loss: 2.926071 | lrm: 0.37 | dt: 152ms | tok/sec: 863,708 | mfu: 24.2% | epoch: 1 | remaining: 56s    
step 01621 (81.4%) | loss: 2.926053 | lrm: 0.37 | dt: 152ms | tok/sec: 863,866 | mfu: 24.2% | epoch: 1 | remaining: 56s    
step 01622 (81.5%) | loss: 2.927861 | lrm: 0.37 | dt: 152ms | tok/sec: 863,748 | mfu: 24.2% | epoch: 1 | remaining: 55s    
step 01623 (81.5%) | loss: 2.926947 | lrm: 0.37 | dt: 152ms | tok/sec: 864,276 | mfu: 24.2% | epoch: 1 | remaining: 55s    
step 01624 (81.6%) | loss: 2.922054 | lrm: 0.37 | dt: 152ms | tok/sec: 864,230 | mfu: 24.2% | epoch: 1 | remaining: 55s    
step 01625 (81.6%) | loss: 2.919477 | lrm: 0.37 | dt: 152ms | tok/sec: 863,824 | mfu: 24.2% | epoch: 1 | remaining: 55s    
step 01626 (81.7%) | loss: 2.920227 | lrm: 0.37 | dt: 152ms | tok/sec: 864,179 | mfu: 24.2% | epoch: 1 | remaining: 55s    
step 01627 (81.7%) | loss: 2.927871 | lrm: 0.37 | dt: 152ms | tok/sec: 863,646 | mfu: 24.2% | epoch: 1 | remaining: 55s    
step 01628 (81.8%) | loss: 2.931994 | lrm: 0.36 | dt: 152ms | tok/sec: 863,966 | mfu: 24.2% | epoch: 1 | remaining: 55s    
step 01629 (81.8%) | loss: 2.927276 | lrm: 0.36 | dt: 152ms | tok/sec: 863,685 | mfu: 24.2% | epoch: 1 | remaining: 54s    
step 01630 (81.9%) | loss: 2.933057 | lrm: 0.36 | dt: 152ms | tok/sec: 864,099 | mfu: 24.2% | epoch: 1 | remaining: 54s    
step 01631 (81.9%) | loss: 2.931733 | lrm: 0.36 | dt: 152ms | tok/sec: 864,285 | mfu: 24.2% | epoch: 1 | remaining: 54s    
step 01632 (82.0%) | loss: 2.930256 | lrm: 0.36 | dt: 152ms | tok/sec: 864,409 | mfu: 24.2% | epoch: 1 | remaining: 54s    
step 01633 (82.0%) | loss: 2.935520 | lrm: 0.36 | dt: 152ms | tok/sec: 863,769 | mfu: 24.2% | epoch: 1 | remaining: 54s    
step 01634 (82.1%) | loss: 2.931139 | lrm: 0.36 | dt: 152ms | tok/sec: 864,344 | mfu: 24.2% | epoch: 1 | remaining: 54s    
step 01635 (82.1%) | loss: 2.920426 | lrm: 0.36 | dt: 152ms | tok/sec: 864,193 | mfu: 24.2% | epoch: 1 | remaining: 54s    
step 01636 (82.2%) | loss: 2.922525 | lrm: 0.36 | dt: 152ms | tok/sec: 863,987 | mfu: 24.2% | epoch: 1 | remaining: 53s    
step 01637 (82.2%) | loss: 2.918527 | lrm: 0.36 | dt: 152ms | tok/sec: 863,961 | mfu: 24.2% | epoch: 1 | remaining: 53s    
step 01638 (82.3%) | loss: 2.919041 | lrm: 0.35 | dt: 152ms | tok/sec: 863,890 | mfu: 24.2% | epoch: 1 | remaining: 53s    
step 01639 (82.3%) | loss: 2.923346 | lrm: 0.35 | dt: 152ms | tok/sec: 863,959 | mfu: 24.2% | epoch: 1 | remaining: 53s    
step 01640 (82.4%) | loss: 2.922955 | lrm: 0.35 | dt: 152ms | tok/sec: 863,894 | mfu: 24.2% | epoch: 1 | remaining: 53s    
step 01641 (82.4%) | loss: 2.926434 | lrm: 0.35 | dt: 152ms | tok/sec: 864,053 | mfu: 24.2% | epoch: 1 | remaining: 53s    
step 01642 (82.5%) | loss: 2.933759 | lrm: 0.35 | dt: 152ms | tok/sec: 863,592 | mfu: 24.2% | epoch: 1 | remaining: 52s    
step 01643 (82.5%) | loss: 2.936866 | lrm: 0.35 | dt: 152ms | tok/sec: 864,147 | mfu: 24.2% | epoch: 1 | remaining: 52s    
step 01644 (82.6%) | loss: 2.936325 | lrm: 0.35 | dt: 152ms | tok/sec: 863,901 | mfu: 24.2% | epoch: 1 | remaining: 52s    
step 01645 (82.6%) | loss: 2.940753 | lrm: 0.35 | dt: 152ms | tok/sec: 863,661 | mfu: 24.2% | epoch: 1 | remaining: 52s    
step 01646 (82.7%) | loss: 2.943046 | lrm: 0.35 | dt: 152ms | tok/sec: 863,143 | mfu: 24.1% | epoch: 1 | remaining: 52s    
step 01647 (82.7%) | loss: 2.948761 | lrm: 0.35 | dt: 152ms | tok/sec: 861,667 | mfu: 24.1% | epoch: 1 | remaining: 52s    
step 01648 (82.8%) | loss: 2.949343 | lrm: 0.34 | dt: 152ms | tok/sec: 863,390 | mfu: 24.2% | epoch: 1 | remaining: 52s    
step 01649 (82.8%) | loss: 2.943727 | lrm: 0.34 | dt: 152ms | tok/sec: 864,026 | mfu: 24.2% | epoch: 1 | remaining: 51s    
step 01650 (82.9%) | loss: 2.939646 | lrm: 0.34 | dt: 152ms | tok/sec: 864,082 | mfu: 24.2% | epoch: 1 | remaining: 51s    
step 01651 (82.9%) | loss: 2.937308 | lrm: 0.34 | dt: 152ms | tok/sec: 864,064 | mfu: 24.2% | epoch: 1 | remaining: 51s    
step 01652 (83.0%) | loss: 2.930944 | lrm: 0.34 | dt: 152ms | tok/sec: 863,767 | mfu: 24.2% | epoch: 1 | remaining: 51s    
step 01653 (83.0%) | loss: 2.930512 | lrm: 0.34 | dt: 152ms | tok/sec: 863,794 | mfu: 24.2% | epoch: 1 | remaining: 51s    
step 01654 (83.1%) | loss: 2.931961 | lrm: 0.34 | dt: 152ms | tok/sec: 864,277 | mfu: 24.2% | epoch: 1 | remaining: 51s    
step 01655 (83.1%) | loss: 2.936245 | lrm: 0.34 | dt: 152ms | tok/sec: 864,088 | mfu: 24.2% | epoch: 1 | remaining: 50s    
step 01656 (83.2%) | loss: 2.933954 | lrm: 0.34 | dt: 152ms | tok/sec: 864,178 | mfu: 24.2% | epoch: 1 | remaining: 50s    
step 01657 (83.2%) | loss: 2.939041 | lrm: 0.34 | dt: 152ms | tok/sec: 864,053 | mfu: 24.2% | epoch: 1 | remaining: 50s    
step 01658 (83.3%) | loss: 2.934794 | lrm: 0.33 | dt: 152ms | tok/sec: 864,063 | mfu: 24.2% | epoch: 1 | remaining: 50s    
step 01659 (83.3%) | loss: 2.934317 | lrm: 0.33 | dt: 152ms | tok/sec: 864,150 | mfu: 24.2% | epoch: 1 | remaining: 50s    
step 01660 (83.4%) | loss: 2.926799 | lrm: 0.33 | dt: 152ms | tok/sec: 864,020 | mfu: 24.2% | epoch: 1 | remaining: 50s    
step 01661 (83.4%) | loss: 2.916497 | lrm: 0.33 | dt: 152ms | tok/sec: 864,231 | mfu: 24.2% | epoch: 1 | remaining: 50s    
step 01662 (83.5%) | loss: 2.914557 | lrm: 0.33 | dt: 152ms | tok/sec: 862,689 | mfu: 24.1% | epoch: 1 | remaining: 49s    
step 01663 (83.5%) | loss: 2.915661 | lrm: 0.33 | dt: 152ms | tok/sec: 863,333 | mfu: 24.2% | epoch: 1 | remaining: 49s    
step 01664 (83.6%) | loss: 2.921154 | lrm: 0.33 | dt: 152ms | tok/sec: 863,665 | mfu: 24.2% | epoch: 1 | remaining: 49s    
step 01665 (83.6%) | loss: 2.919811 | lrm: 0.33 | dt: 152ms | tok/sec: 863,600 | mfu: 24.2% | epoch: 1 | remaining: 49s    
step 01666 (83.7%) | loss: 2.921366 | lrm: 0.33 | dt: 152ms | tok/sec: 863,475 | mfu: 24.2% | epoch: 1 | remaining: 49s    
step 01667 (83.7%) | loss: 2.924248 | lrm: 0.33 | dt: 152ms | tok/sec: 864,163 | mfu: 24.2% | epoch: 1 | remaining: 49s    
step 01668 (83.8%) | loss: 2.928332 | lrm: 0.32 | dt: 152ms | tok/sec: 863,943 | mfu: 24.2% | epoch: 1 | remaining: 48s    
step 01669 (83.8%) | loss: 2.920828 | lrm: 0.32 | dt: 152ms | tok/sec: 864,368 | mfu: 24.2% | epoch: 1 | remaining: 48s    
step 01670 (83.9%) | loss: 2.926857 | lrm: 0.32 | dt: 152ms | tok/sec: 864,171 | mfu: 24.2% | epoch: 1 | remaining: 48s    
step 01671 (83.9%) | loss: 2.926872 | lrm: 0.32 | dt: 152ms | tok/sec: 864,105 | mfu: 24.2% | epoch: 1 | remaining: 48s    
step 01672 (84.0%) | loss: 2.926151 | lrm: 0.32 | dt: 152ms | tok/sec: 864,269 | mfu: 24.2% | epoch: 1 | remaining: 48s    
step 01673 (84.0%) | loss: 2.930905 | lrm: 0.32 | dt: 152ms | tok/sec: 864,044 | mfu: 24.2% | epoch: 1 | remaining: 48s    
step 01674 (84.1%) | loss: 2.932052 | lrm: 0.32 | dt: 152ms | tok/sec: 864,514 | mfu: 24.2% | epoch: 1 | remaining: 48s    
step 01675 (84.1%) | loss: 2.931356 | lrm: 0.32 | dt: 152ms | tok/sec: 863,951 | mfu: 24.2% | epoch: 1 | remaining: 47s    
step 01676 (84.2%) | loss: 2.926621 | lrm: 0.32 | dt: 152ms | tok/sec: 864,511 | mfu: 24.2% | epoch: 1 | remaining: 47s    
step 01677 (84.2%) | loss: 2.933488 | lrm: 0.32 | dt: 152ms | tok/sec: 864,008 | mfu: 24.2% | epoch: 1 | remaining: 47s    
step 01678 (84.3%) | loss: 2.928560 | lrm: 0.31 | dt: 152ms | tok/sec: 864,296 | mfu: 24.2% | epoch: 1 | remaining: 47s    
step 01679 (84.3%) | loss: 2.919850 | lrm: 0.31 | dt: 152ms | tok/sec: 863,524 | mfu: 24.2% | epoch: 1 | remaining: 47s    
step 01680 (84.4%) | loss: 2.915255 | lrm: 0.31 | dt: 152ms | tok/sec: 861,921 | mfu: 24.1% | epoch: 1 | remaining: 47s    
step 01681 (84.4%) | loss: 2.918290 | lrm: 0.31 | dt: 152ms | tok/sec: 863,868 | mfu: 24.2% | epoch: 1 | remaining: 47s    
step 01682 (84.5%) | loss: 2.915541 | lrm: 0.31 | dt: 152ms | tok/sec: 864,326 | mfu: 24.2% | epoch: 1 | remaining: 46s    
step 01683 (84.5%) | loss: 2.915734 | lrm: 0.31 | dt: 152ms | tok/sec: 864,182 | mfu: 24.2% | epoch: 1 | remaining: 46s    
step 01684 (84.6%) | loss: 2.908440 | lrm: 0.31 | dt: 152ms | tok/sec: 864,029 | mfu: 24.2% | epoch: 1 | remaining: 46s    
step 01685 (84.6%) | loss: 2.912780 | lrm: 0.31 | dt: 152ms | tok/sec: 864,163 | mfu: 24.2% | epoch: 1 | remaining: 46s    
step 01686 (84.7%) | loss: 2.912127 | lrm: 0.31 | dt: 152ms | tok/sec: 864,075 | mfu: 24.2% | epoch: 1 | remaining: 46s    
step 01687 (84.7%) | loss: 2.906429 | lrm: 0.31 | dt: 152ms | tok/sec: 864,227 | mfu: 24.2% | epoch: 1 | remaining: 46s    
step 01688 (84.8%) | loss: 2.907954 | lrm: 0.30 | dt: 152ms | tok/sec: 864,228 | mfu: 24.2% | epoch: 1 | remaining: 45s    
step 01689 (84.8%) | loss: 2.911305 | lrm: 0.30 | dt: 152ms | tok/sec: 863,917 | mfu: 24.2% | epoch: 1 | remaining: 45s    
step 01690 (84.9%) | loss: 2.913339 | lrm: 0.30 | dt: 152ms | tok/sec: 864,366 | mfu: 24.2% | epoch: 1 | remaining: 45s    
step 01691 (84.9%) | loss: 2.910284 | lrm: 0.30 | dt: 152ms | tok/sec: 864,064 | mfu: 24.2% | epoch: 1 | remaining: 45s    
step 01692 (85.0%) | loss: 2.900314 | lrm: 0.30 | dt: 152ms | tok/sec: 864,295 | mfu: 24.2% | epoch: 1 | remaining: 45s    
step 01693 (85.0%) | loss: 2.901065 | lrm: 0.30 | dt: 152ms | tok/sec: 863,934 | mfu: 24.2% | epoch: 1 | remaining: 45s    
step 01694 (85.1%) | loss: 2.908757 | lrm: 0.30 | dt: 152ms | tok/sec: 863,429 | mfu: 24.2% | epoch: 1 | remaining: 45s    
step 01695 (85.1%) | loss: 2.915489 | lrm: 0.30 | dt: 152ms | tok/sec: 864,121 | mfu: 24.2% | epoch: 1 | remaining: 44s    
step 01696 (85.2%) | loss: 2.911938 | lrm: 0.30 | dt: 152ms | tok/sec: 863,900 | mfu: 24.2% | epoch: 1 | remaining: 44s    
step 01697 (85.3%) | loss: 2.911101 | lrm: 0.29 | dt: 152ms | tok/sec: 863,573 | mfu: 24.2% | epoch: 1 | remaining: 44s    
step 01698 (85.3%) | loss: 2.908632 | lrm: 0.29 | dt: 152ms | tok/sec: 864,238 | mfu: 24.2% | epoch: 1 | remaining: 44s    
step 01699 (85.4%) | loss: 2.915431 | lrm: 0.29 | dt: 152ms | tok/sec: 863,951 | mfu: 24.2% | epoch: 1 | remaining: 44s    
step 01700 (85.4%) | loss: 2.913286 | lrm: 0.29 | dt: 152ms | tok/sec: 864,126 | mfu: 24.2% | epoch: 1 | remaining: 44s    
step 01701 (85.5%) | loss: 2.916208 | lrm: 0.29 | dt: 152ms | tok/sec: 863,707 | mfu: 24.2% | epoch: 1 | remaining: 43s    
step 01702 (85.5%) | loss: 2.913111 | lrm: 0.29 | dt: 152ms | tok/sec: 864,436 | mfu: 24.2% | epoch: 1 | remaining: 43s    
step 01703 (85.6%) | loss: 2.919297 | lrm: 0.29 | dt: 152ms | tok/sec: 863,950 | mfu: 24.2% | epoch: 1 | remaining: 43s    
step 01704 (85.6%) | loss: 2.917134 | lrm: 0.29 | dt: 152ms | tok/sec: 863,621 | mfu: 24.2% | epoch: 1 | remaining: 43s    
step 01705 (85.7%) | loss: 2.913184 | lrm: 0.29 | dt: 152ms | tok/sec: 864,349 | mfu: 24.2% | epoch: 1 | remaining: 43s    
step 01706 (85.7%) | loss: 2.906414 | lrm: 0.29 | dt: 152ms | tok/sec: 864,234 | mfu: 24.2% | epoch: 1 | remaining: 43s    
step 01707 (85.8%) | loss: 2.904852 | lrm: 0.28 | dt: 152ms | tok/sec: 864,126 | mfu: 24.2% | epoch: 1 | remaining: 43s    
step 01708 (85.8%) | loss: 2.905191 | lrm: 0.28 | dt: 152ms | tok/sec: 864,215 | mfu: 24.2% | epoch: 1 | remaining: 42s    
step 01709 (85.9%) | loss: 2.908387 | lrm: 0.28 | dt: 152ms | tok/sec: 864,182 | mfu: 24.2% | epoch: 1 | remaining: 42s    
step 01710 (85.9%) | loss: 2.906332 | lrm: 0.28 | dt: 152ms | tok/sec: 863,681 | mfu: 24.2% | epoch: 1 | remaining: 42s    
step 01711 (86.0%) | loss: 2.910418 | lrm: 0.28 | dt: 153ms | tok/sec: 859,180 | mfu: 24.0% | epoch: 1 | remaining: 42s    
step 01712 (86.0%) | loss: 2.905227 | lrm: 0.28 | dt: 152ms | tok/sec: 863,642 | mfu: 24.2% | epoch: 1 | remaining: 42s    
step 01713 (86.1%) | loss: 2.909048 | lrm: 0.28 | dt: 152ms | tok/sec: 863,609 | mfu: 24.2% | epoch: 1 | remaining: 42s    
step 01714 (86.1%) | loss: 2.910303 | lrm: 0.28 | dt: 152ms | tok/sec: 863,943 | mfu: 24.2% | epoch: 1 | remaining: 42s    
step 01715 (86.2%) | loss: 2.904494 | lrm: 0.28 | dt: 152ms | tok/sec: 864,042 | mfu: 24.2% | epoch: 1 | remaining: 41s    
step 01716 (86.2%) | loss: 2.901834 | lrm: 0.28 | dt: 152ms | tok/sec: 864,368 | mfu: 24.2% | epoch: 1 | remaining: 41s    
step 01717 (86.3%) | loss: 2.907251 | lrm: 0.27 | dt: 152ms | tok/sec: 863,976 | mfu: 24.2% | epoch: 1 | remaining: 41s    
step 01718 (86.3%) | loss: 2.907375 | lrm: 0.27 | dt: 152ms | tok/sec: 864,116 | mfu: 24.2% | epoch: 1 | remaining: 41s    
step 01719 (86.4%) | loss: 2.896925 | lrm: 0.27 | dt: 152ms | tok/sec: 863,773 | mfu: 24.2% | epoch: 1 | remaining: 41s    
step 01720 (86.4%) | loss: 2.893190 | lrm: 0.27 | dt: 152ms | tok/sec: 864,035 | mfu: 24.2% | epoch: 1 | remaining: 41s    
step 01721 (86.5%) | loss: 2.892748 | lrm: 0.27 | dt: 152ms | tok/sec: 864,160 | mfu: 24.2% | epoch: 1 | remaining: 40s    
step 01722 (86.5%) | loss: 2.899254 | lrm: 0.27 | dt: 152ms | tok/sec: 863,733 | mfu: 24.2% | epoch: 1 | remaining: 40s    
step 01723 (86.6%) | loss: 2.898935 | lrm: 0.27 | dt: 152ms | tok/sec: 864,454 | mfu: 24.2% | epoch: 1 | remaining: 40s    
step 01724 (86.6%) | loss: 2.903735 | lrm: 0.27 | dt: 152ms | tok/sec: 864,114 | mfu: 24.2% | epoch: 1 | remaining: 40s    
step 01725 (86.7%) | loss: 2.908126 | lrm: 0.27 | dt: 152ms | tok/sec: 864,586 | mfu: 24.2% | epoch: 1 | remaining: 40s    
step 01726 (86.7%) | loss: 2.904435 | lrm: 0.27 | dt: 152ms | tok/sec: 864,209 | mfu: 24.2% | epoch: 1 | remaining: 40s    
step 01727 (86.8%) | loss: 2.909712 | lrm: 0.26 | dt: 152ms | tok/sec: 864,158 | mfu: 24.2% | epoch: 1 | remaining: 40s    
step 01728 (86.8%) | loss: 2.908391 | lrm: 0.26 | dt: 152ms | tok/sec: 864,284 | mfu: 24.2% | epoch: 1 | remaining: 39s    
step 01729 (86.9%) | loss: 2.907864 | lrm: 0.26 | dt: 152ms | tok/sec: 863,824 | mfu: 24.2% | epoch: 1 | remaining: 39s    
step 01730 (86.9%) | loss: 2.910352 | lrm: 0.26 | dt: 152ms | tok/sec: 863,300 | mfu: 24.2% | epoch: 1 | remaining: 39s    
step 01731 (87.0%) | loss: 2.905575 | lrm: 0.26 | dt: 152ms | tok/sec: 864,159 | mfu: 24.2% | epoch: 1 | remaining: 39s    
step 01732 (87.0%) | loss: 2.902042 | lrm: 0.26 | dt: 152ms | tok/sec: 864,171 | mfu: 24.2% | epoch: 1 | remaining: 39s    
step 01733 (87.1%) | loss: 2.911174 | lrm: 0.26 | dt: 152ms | tok/sec: 863,898 | mfu: 24.2% | epoch: 1 | remaining: 39s    
step 01734 (87.1%) | loss: 2.910389 | lrm: 0.26 | dt: 152ms | tok/sec: 863,550 | mfu: 24.2% | epoch: 1 | remaining: 38s    
step 01735 (87.2%) | loss: 2.905278 | lrm: 0.26 | dt: 152ms | tok/sec: 863,963 | mfu: 24.2% | epoch: 1 | remaining: 38s    
step 01736 (87.2%) | loss: 2.911213 | lrm: 0.26 | dt: 152ms | tok/sec: 864,454 | mfu: 24.2% | epoch: 1 | remaining: 38s    
step 01737 (87.3%) | loss: 2.904715 | lrm: 0.25 | dt: 152ms | tok/sec: 863,901 | mfu: 24.2% | epoch: 1 | remaining: 38s    
step 01738 (87.3%) | loss: 2.911379 | lrm: 0.25 | dt: 152ms | tok/sec: 864,306 | mfu: 24.2% | epoch: 1 | remaining: 38s    
step 01739 (87.4%) | loss: 2.912655 | lrm: 0.25 | dt: 152ms | tok/sec: 864,010 | mfu: 24.2% | epoch: 1 | remaining: 38s    
step 01740 (87.4%) | loss: 2.912234 | lrm: 0.25 | dt: 152ms | tok/sec: 863,573 | mfu: 24.2% | epoch: 1 | remaining: 38s    
step 01741 (87.5%) | loss: 2.911843 | lrm: 0.25 | dt: 152ms | tok/sec: 864,333 | mfu: 24.2% | epoch: 1 | remaining: 37s    
step 01742 (87.5%) | loss: 2.913397 | lrm: 0.25 | dt: 152ms | tok/sec: 864,188 | mfu: 24.2% | epoch: 1 | remaining: 37s    
step 01743 (87.6%) | loss: 2.902393 | lrm: 0.25 | dt: 152ms | tok/sec: 862,799 | mfu: 24.1% | epoch: 1 | remaining: 37s    
step 01744 (87.6%) | loss: 2.908893 | lrm: 0.25 | dt: 152ms | tok/sec: 864,048 | mfu: 24.2% | epoch: 1 | remaining: 37s    
step 01745 (87.7%) | loss: 2.908500 | lrm: 0.25 | dt: 152ms | tok/sec: 864,129 | mfu: 24.2% | epoch: 1 | remaining: 37s    
step 01746 (87.7%) | loss: 2.908970 | lrm: 0.25 | dt: 152ms | tok/sec: 864,317 | mfu: 24.2% | epoch: 1 | remaining: 37s    
step 01747 (87.8%) | loss: 2.912288 | lrm: 0.24 | dt: 152ms | tok/sec: 863,837 | mfu: 24.2% | epoch: 1 | remaining: 37s    
step 01748 (87.8%) | loss: 2.911401 | lrm: 0.24 | dt: 152ms | tok/sec: 863,905 | mfu: 24.2% | epoch: 1 | remaining: 36s    
step 01749 (87.9%) | loss: 2.908766 | lrm: 0.24 | dt: 152ms | tok/sec: 864,034 | mfu: 24.2% | epoch: 1 | remaining: 36s    
step 01750 (87.9%) | loss: 2.909259 | lrm: 0.24 | dt: 152ms | tok/sec: 864,132 | mfu: 24.2% | epoch: 1 | remaining: 36s    
step 01751 (88.0%) | loss: 2.916056 | lrm: 0.24 | dt: 152ms | tok/sec: 863,944 | mfu: 24.2% | epoch: 1 | remaining: 36s    
step 01752 (88.0%) | loss: 2.908270 | lrm: 0.24 | dt: 152ms | tok/sec: 863,571 | mfu: 24.2% | epoch: 1 | remaining: 36s    
step 01753 (88.1%) | loss: 2.905474 | lrm: 0.24 | dt: 152ms | tok/sec: 864,303 | mfu: 24.2% | epoch: 1 | remaining: 36s    
step 01754 (88.1%) | loss: 2.900131 | lrm: 0.24 | dt: 152ms | tok/sec: 864,492 | mfu: 24.2% | epoch: 1 | remaining: 35s    
step 01755 (88.2%) | loss: 2.909023 | lrm: 0.24 | dt: 152ms | tok/sec: 864,087 | mfu: 24.2% | epoch: 1 | remaining: 35s    
step 01756 (88.2%) | loss: 2.909871 | lrm: 0.24 | dt: 152ms | tok/sec: 864,516 | mfu: 24.2% | epoch: 1 | remaining: 35s    
step 01757 (88.3%) | loss: 2.906747 | lrm: 0.23 | dt: 152ms | tok/sec: 864,001 | mfu: 24.2% | epoch: 1 | remaining: 35s    
step 01758 (88.3%) | loss: 2.908819 | lrm: 0.23 | dt: 152ms | tok/sec: 863,944 | mfu: 24.2% | epoch: 1 | remaining: 35s    
step 01759 (88.4%) | loss: 2.909430 | lrm: 0.23 | dt: 152ms | tok/sec: 863,891 | mfu: 24.2% | epoch: 1 | remaining: 35s    
step 01760 (88.4%) | loss: 2.910897 | lrm: 0.23 | dt: 152ms | tok/sec: 864,205 | mfu: 24.2% | epoch: 1 | remaining: 35s    
step 01761 (88.5%) | loss: 2.905867 | lrm: 0.23 | dt: 152ms | tok/sec: 863,735 | mfu: 24.2% | epoch: 1 | remaining: 34s    
step 01762 (88.5%) | loss: 2.906092 | lrm: 0.23 | dt: 152ms | tok/sec: 863,940 | mfu: 24.2% | epoch: 1 | remaining: 34s    
step 01763 (88.6%) | loss: 2.903330 | lrm: 0.23 | dt: 152ms | tok/sec: 862,738 | mfu: 24.1% | epoch: 1 | remaining: 34s    
step 01764 (88.6%) | loss: 2.903165 | lrm: 0.23 | dt: 152ms | tok/sec: 862,498 | mfu: 24.1% | epoch: 1 | remaining: 34s    
step 01765 (88.7%) | loss: 2.901400 | lrm: 0.23 | dt: 152ms | tok/sec: 861,591 | mfu: 24.1% | epoch: 1 | remaining: 34s    
step 01766 (88.7%) | loss: 2.905581 | lrm: 0.23 | dt: 152ms | tok/sec: 863,361 | mfu: 24.2% | epoch: 1 | remaining: 34s    
step 01767 (88.8%) | loss: 2.918624 | lrm: 0.22 | dt: 152ms | tok/sec: 863,890 | mfu: 24.2% | epoch: 1 | remaining: 33s    
step 01768 (88.8%) | loss: 2.916841 | lrm: 0.22 | dt: 152ms | tok/sec: 863,768 | mfu: 24.2% | epoch: 1 | remaining: 33s    
step 01769 (88.9%) | loss: 2.912206 | lrm: 0.22 | dt: 152ms | tok/sec: 863,939 | mfu: 24.2% | epoch: 1 | remaining: 33s    
step 01770 (88.9%) | loss: 2.914953 | lrm: 0.22 | dt: 152ms | tok/sec: 864,525 | mfu: 24.2% | epoch: 1 | remaining: 33s    
step 01771 (89.0%) | loss: 2.916293 | lrm: 0.22 | dt: 152ms | tok/sec: 864,337 | mfu: 24.2% | epoch: 1 | remaining: 33s    
step 01772 (89.0%) | loss: 2.914450 | lrm: 0.22 | dt: 152ms | tok/sec: 864,080 | mfu: 24.2% | epoch: 1 | remaining: 33s    
step 01773 (89.1%) | loss: 2.914499 | lrm: 0.22 | dt: 152ms | tok/sec: 863,120 | mfu: 24.1% | epoch: 1 | remaining: 33s    
step 01774 (89.1%) | loss: 2.908332 | lrm: 0.22 | dt: 152ms | tok/sec: 863,772 | mfu: 24.2% | epoch: 1 | remaining: 32s    
step 01775 (89.2%) | loss: 2.904160 | lrm: 0.22 | dt: 152ms | tok/sec: 864,057 | mfu: 24.2% | epoch: 1 | remaining: 32s    
step 01776 (89.2%) | loss: 2.903013 | lrm: 0.22 | dt: 152ms | tok/sec: 863,798 | mfu: 24.2% | epoch: 1 | remaining: 32s    
step 01777 (89.3%) | loss: 2.906820 | lrm: 0.21 | dt: 152ms | tok/sec: 864,375 | mfu: 24.2% | epoch: 1 | remaining: 32s    
step 01778 (89.3%) | loss: 2.912542 | lrm: 0.21 | dt: 152ms | tok/sec: 864,242 | mfu: 24.2% | epoch: 1 | remaining: 32s    
step 01779 (89.4%) | loss: 2.913984 | lrm: 0.21 | dt: 152ms | tok/sec: 864,026 | mfu: 24.2% | epoch: 1 | remaining: 32s    
step 01780 (89.4%) | loss: 2.911100 | lrm: 0.21 | dt: 153ms | tok/sec: 857,379 | mfu: 24.0% | epoch: 1 | remaining: 32s    
step 01781 (89.5%) | loss: 2.915651 | lrm: 0.21 | dt: 152ms | tok/sec: 863,733 | mfu: 24.2% | epoch: 1 | remaining: 31s    
step 01782 (89.5%) | loss: 2.914670 | lrm: 0.21 | dt: 152ms | tok/sec: 863,962 | mfu: 24.2% | epoch: 1 | remaining: 31s    
step 01783 (89.6%) | loss: 2.915329 | lrm: 0.21 | dt: 152ms | tok/sec: 863,920 | mfu: 24.2% | epoch: 1 | remaining: 31s    
step 01784 (89.7%) | loss: 2.917062 | lrm: 0.21 | dt: 152ms | tok/sec: 864,087 | mfu: 24.2% | epoch: 1 | remaining: 31s    
step 01785 (89.7%) | loss: 2.909929 | lrm: 0.21 | dt: 152ms | tok/sec: 864,212 | mfu: 24.2% | epoch: 1 | remaining: 31s    
step 01786 (89.8%) | loss: 2.913290 | lrm: 0.20 | dt: 152ms | tok/sec: 864,088 | mfu: 24.2% | epoch: 1 | remaining: 31s    
step 01787 (89.8%) | loss: 2.906567 | lrm: 0.20 | dt: 152ms | tok/sec: 863,902 | mfu: 24.2% | epoch: 1 | remaining: 30s    
step 01788 (89.9%) | loss: 2.905630 | lrm: 0.20 | dt: 152ms | tok/sec: 864,212 | mfu: 24.2% | epoch: 1 | remaining: 30s    
step 01789 (89.9%) | loss: 2.895812 | lrm: 0.20 | dt: 152ms | tok/sec: 864,239 | mfu: 24.2% | epoch: 1 | remaining: 30s    
step 01790 (90.0%) | loss: 2.892180 | lrm: 0.20 | dt: 152ms | tok/sec: 864,341 | mfu: 24.2% | epoch: 1 | remaining: 30s    
step 01791 (90.0%) | loss: 2.886146 | lrm: 0.20 | dt: 152ms | tok/sec: 864,010 | mfu: 24.2% | epoch: 1 | remaining: 30s    
step 01792 (90.1%) | loss: 2.890799 | lrm: 0.20 | dt: 152ms | tok/sec: 864,270 | mfu: 24.2% | epoch: 1 | remaining: 30s    
step 01793 (90.1%) | loss: 2.893781 | lrm: 0.20 | dt: 152ms | tok/sec: 864,107 | mfu: 24.2% | epoch: 1 | remaining: 30s    
step 01794 (90.2%) | loss: 2.892743 | lrm: 0.20 | dt: 152ms | tok/sec: 864,341 | mfu: 24.2% | epoch: 1 | remaining: 29s    
step 01795 (90.2%) | loss: 2.893928 | lrm: 0.20 | dt: 152ms | tok/sec: 864,223 | mfu: 24.2% | epoch: 1 | remaining: 29s    
step 01796 (90.3%) | loss: 2.896449 | lrm: 0.19 | dt: 152ms | tok/sec: 864,025 | mfu: 24.2% | epoch: 1 | remaining: 29s    
step 01797 (90.3%) | loss: 2.888837 | lrm: 0.19 | dt: 152ms | tok/sec: 863,244 | mfu: 24.2% | epoch: 1 | remaining: 29s    
step 01798 (90.4%) | loss: 2.887240 | lrm: 0.19 | dt: 152ms | tok/sec: 862,987 | mfu: 24.1% | epoch: 1 | remaining: 29s    
step 01799 (90.4%) | loss: 2.891207 | lrm: 0.19 | dt: 152ms | tok/sec: 864,196 | mfu: 24.2% | epoch: 1 | remaining: 29s    
step 01800 (90.5%) | loss: 2.883471 | lrm: 0.19 | dt: 152ms | tok/sec: 864,495 | mfu: 24.2% | epoch: 1 | remaining: 28s    
step 01801 (90.5%) | loss: 2.883128 | lrm: 0.19 | dt: 152ms | tok/sec: 864,073 | mfu: 24.2% | epoch: 1 | remaining: 28s    
step 01802 (90.6%) | loss: 2.885737 | lrm: 0.19 | dt: 152ms | tok/sec: 863,959 | mfu: 24.2% | epoch: 1 | remaining: 28s    
step 01803 (90.6%) | loss: 2.883278 | lrm: 0.19 | dt: 152ms | tok/sec: 863,973 | mfu: 24.2% | epoch: 1 | remaining: 28s    
step 01804 (90.7%) | loss: 2.892567 | lrm: 0.19 | dt: 152ms | tok/sec: 864,254 | mfu: 24.2% | epoch: 1 | remaining: 28s    
step 01805 (90.7%) | loss: 2.891338 | lrm: 0.19 | dt: 152ms | tok/sec: 864,120 | mfu: 24.2% | epoch: 1 | remaining: 28s    
step 01806 (90.8%) | loss: 2.885205 | lrm: 0.18 | dt: 152ms | tok/sec: 864,097 | mfu: 24.2% | epoch: 1 | remaining: 28s    
step 01807 (90.8%) | loss: 2.889346 | lrm: 0.18 | dt: 152ms | tok/sec: 864,037 | mfu: 24.2% | epoch: 1 | remaining: 27s    
step 01808 (90.9%) | loss: 2.886948 | lrm: 0.18 | dt: 152ms | tok/sec: 864,382 | mfu: 24.2% | epoch: 1 | remaining: 27s    
step 01809 (90.9%) | loss: 2.897802 | lrm: 0.18 | dt: 152ms | tok/sec: 864,421 | mfu: 24.2% | epoch: 1 | remaining: 27s    
step 01810 (91.0%) | loss: 2.892294 | lrm: 0.18 | dt: 152ms | tok/sec: 863,457 | mfu: 24.2% | epoch: 1 | remaining: 27s    
step 01811 (91.0%) | loss: 2.888686 | lrm: 0.18 | dt: 152ms | tok/sec: 864,063 | mfu: 24.2% | epoch: 1 | remaining: 27s    
step 01812 (91.1%) | loss: 2.885767 | lrm: 0.18 | dt: 152ms | tok/sec: 864,578 | mfu: 24.2% | epoch: 1 | remaining: 27s    
step 01813 (91.1%) | loss: 2.883942 | lrm: 0.18 | dt: 152ms | tok/sec: 863,768 | mfu: 24.2% | epoch: 1 | remaining: 26s    
step 01814 (91.2%) | loss: 2.885494 | lrm: 0.18 | dt: 152ms | tok/sec: 863,894 | mfu: 24.2% | epoch: 1 | remaining: 26s    
step 01815 (91.2%) | loss: 2.889901 | lrm: 0.18 | dt: 152ms | tok/sec: 863,545 | mfu: 24.2% | epoch: 1 | remaining: 26s    
step 01816 (91.3%) | loss: 2.884937 | lrm: 0.17 | dt: 152ms | tok/sec: 862,869 | mfu: 24.1% | epoch: 1 | remaining: 26s    
step 01817 (91.3%) | loss: 2.884299 | lrm: 0.17 | dt: 152ms | tok/sec: 863,714 | mfu: 24.2% | epoch: 1 | remaining: 26s    
step 01818 (91.4%) | loss: 2.880430 | lrm: 0.17 | dt: 152ms | tok/sec: 863,596 | mfu: 24.2% | epoch: 1 | remaining: 26s    
step 01819 (91.4%) | loss: 2.877859 | lrm: 0.17 | dt: 152ms | tok/sec: 863,798 | mfu: 24.2% | epoch: 1 | remaining: 26s    
step 01820 (91.5%) | loss: 2.874540 | lrm: 0.17 | dt: 152ms | tok/sec: 863,916 | mfu: 24.2% | epoch: 1 | remaining: 25s    
step 01821 (91.5%) | loss: 2.872101 | lrm: 0.17 | dt: 152ms | tok/sec: 864,279 | mfu: 24.2% | epoch: 1 | remaining: 25s    
step 01822 (91.6%) | loss: 2.875836 | lrm: 0.17 | dt: 152ms | tok/sec: 864,400 | mfu: 24.2% | epoch: 1 | remaining: 25s    
step 01823 (91.6%) | loss: 2.878785 | lrm: 0.17 | dt: 152ms | tok/sec: 863,898 | mfu: 24.2% | epoch: 1 | remaining: 25s    
step 01824 (91.7%) | loss: 2.873689 | lrm: 0.17 | dt: 152ms | tok/sec: 864,069 | mfu: 24.2% | epoch: 1 | remaining: 25s    
step 01825 (91.7%) | loss: 2.880476 | lrm: 0.17 | dt: 152ms | tok/sec: 863,841 | mfu: 24.2% | epoch: 1 | remaining: 25s    
step 01826 (91.8%) | loss: 2.881258 | lrm: 0.16 | dt: 152ms | tok/sec: 864,303 | mfu: 24.2% | epoch: 1 | remaining: 25s    
step 01827 (91.8%) | loss: 2.884984 | lrm: 0.16 | dt: 152ms | tok/sec: 864,090 | mfu: 24.2% | epoch: 1 | remaining: 24s    
step 01828 (91.9%) | loss: 2.886934 | lrm: 0.16 | dt: 152ms | tok/sec: 864,170 | mfu: 24.2% | epoch: 1 | remaining: 24s    
step 01829 (91.9%) | loss: 2.881132 | lrm: 0.16 | dt: 152ms | tok/sec: 863,906 | mfu: 24.2% | epoch: 1 | remaining: 24s    
step 01830 (92.0%) | loss: 2.883245 | lrm: 0.16 | dt: 152ms | tok/sec: 864,026 | mfu: 24.2% | epoch: 1 | remaining: 24s    
step 01831 (92.0%) | loss: 2.882301 | lrm: 0.16 | dt: 152ms | tok/sec: 864,094 | mfu: 24.2% | epoch: 1 | remaining: 24s    
step 01832 (92.1%) | loss: 2.879035 | lrm: 0.16 | dt: 152ms | tok/sec: 863,889 | mfu: 24.2% | epoch: 1 | remaining: 24s    
step 01833 (92.1%) | loss: 2.875457 | lrm: 0.16 | dt: 152ms | tok/sec: 864,011 | mfu: 24.2% | epoch: 1 | remaining: 23s    
step 01834 (92.2%) | loss: 2.874569 | lrm: 0.16 | dt: 152ms | tok/sec: 864,026 | mfu: 24.2% | epoch: 1 | remaining: 23s    
step 01835 (92.2%) | loss: 2.875933 | lrm: 0.16 | dt: 152ms | tok/sec: 864,083 | mfu: 24.2% | epoch: 1 | remaining: 23s    
step 01836 (92.3%) | loss: 2.876936 | lrm: 0.15 | dt: 152ms | tok/sec: 863,678 | mfu: 24.2% | epoch: 1 | remaining: 23s    
step 01837 (92.3%) | loss: 2.883107 | lrm: 0.15 | dt: 152ms | tok/sec: 863,673 | mfu: 24.2% | epoch: 1 | remaining: 23s    
step 01838 (92.4%) | loss: 2.886406 | lrm: 0.15 | dt: 152ms | tok/sec: 863,718 | mfu: 24.2% | epoch: 1 | remaining: 23s    
step 01839 (92.4%) | loss: 2.883967 | lrm: 0.15 | dt: 152ms | tok/sec: 864,152 | mfu: 24.2% | epoch: 1 | remaining: 23s    
step 01840 (92.5%) | loss: 2.886252 | lrm: 0.15 | dt: 152ms | tok/sec: 863,581 | mfu: 24.2% | epoch: 1 | remaining: 22s    
step 01841 (92.5%) | loss: 2.888064 | lrm: 0.15 | dt: 152ms | tok/sec: 864,135 | mfu: 24.2% | epoch: 1 | remaining: 22s    
step 01842 (92.6%) | loss: 2.890248 | lrm: 0.15 | dt: 152ms | tok/sec: 863,691 | mfu: 24.2% | epoch: 1 | remaining: 22s    
step 01843 (92.6%) | loss: 2.883393 | lrm: 0.15 | dt: 152ms | tok/sec: 863,862 | mfu: 24.2% | epoch: 1 | remaining: 22s    
step 01844 (92.7%) | loss: 2.890866 | lrm: 0.15 | dt: 152ms | tok/sec: 863,711 | mfu: 24.2% | epoch: 1 | remaining: 22s    
step 01845 (92.7%) | loss: 2.889776 | lrm: 0.15 | dt: 152ms | tok/sec: 864,053 | mfu: 24.2% | epoch: 1 | remaining: 22s    
step 01846 (92.8%) | loss: 2.887664 | lrm: 0.14 | dt: 152ms | tok/sec: 863,935 | mfu: 24.2% | epoch: 1 | remaining: 21s    
step 01847 (92.8%) | loss: 2.885752 | lrm: 0.14 | dt: 152ms | tok/sec: 863,905 | mfu: 24.2% | epoch: 1 | remaining: 21s    
step 01848 (92.9%) | loss: 2.885983 | lrm: 0.14 | dt: 152ms | tok/sec: 863,777 | mfu: 24.2% | epoch: 1 | remaining: 21s    
step 01849 (92.9%) | loss: 2.889266 | lrm: 0.14 | dt: 152ms | tok/sec: 863,528 | mfu: 24.2% | epoch: 1 | remaining: 21s    
step 01850 (93.0%) | loss: 2.883741 | lrm: 0.14 | dt: 152ms | tok/sec: 863,666 | mfu: 24.2% | epoch: 1 | remaining: 21s    
step 01851 (93.0%) | loss: 2.887371 | lrm: 0.14 | dt: 152ms | tok/sec: 863,825 | mfu: 24.2% | epoch: 1 | remaining: 21s    
step 01852 (93.1%) | loss: 2.891299 | lrm: 0.14 | dt: 152ms | tok/sec: 864,285 | mfu: 24.2% | epoch: 1 | remaining: 21s    
step 01853 (93.1%) | loss: 2.887200 | lrm: 0.14 | dt: 152ms | tok/sec: 863,722 | mfu: 24.2% | epoch: 1 | remaining: 20s    
step 01854 (93.2%) | loss: 2.885136 | lrm: 0.14 | dt: 152ms | tok/sec: 864,205 | mfu: 24.2% | epoch: 1 | remaining: 20s    
step 01855 (93.2%) | loss: 2.883783 | lrm: 0.14 | dt: 152ms | tok/sec: 864,061 | mfu: 24.2% | epoch: 1 | remaining: 20s    
step 01856 (93.3%) | loss: 2.886269 | lrm: 0.13 | dt: 152ms | tok/sec: 864,015 | mfu: 24.2% | epoch: 1 | remaining: 20s    
step 01857 (93.3%) | loss: 2.888683 | lrm: 0.13 | dt: 152ms | tok/sec: 863,209 | mfu: 24.1% | epoch: 1 | remaining: 20s    
step 01858 (93.4%) | loss: 2.891240 | lrm: 0.13 | dt: 152ms | tok/sec: 863,536 | mfu: 24.2% | epoch: 1 | remaining: 20s    
step 01859 (93.4%) | loss: 2.893488 | lrm: 0.13 | dt: 152ms | tok/sec: 864,139 | mfu: 24.2% | epoch: 1 | remaining: 20s    
step 01860 (93.5%) | loss: 2.891709 | lrm: 0.13 | dt: 152ms | tok/sec: 864,118 | mfu: 24.2% | epoch: 1 | remaining: 19s    
step 01861 (93.5%) | loss: 2.893072 | lrm: 0.13 | dt: 152ms | tok/sec: 864,334 | mfu: 24.2% | epoch: 1 | remaining: 19s    
step 01862 (93.6%) | loss: 2.888263 | lrm: 0.13 | dt: 152ms | tok/sec: 864,245 | mfu: 24.2% | epoch: 1 | remaining: 19s    
step 01863 (93.6%) | loss: 2.882528 | lrm: 0.13 | dt: 152ms | tok/sec: 863,887 | mfu: 24.2% | epoch: 1 | remaining: 19s    
step 01864 (93.7%) | loss: 2.874128 | lrm: 0.13 | dt: 152ms | tok/sec: 864,327 | mfu: 24.2% | epoch: 1 | remaining: 19s    
step 01865 (93.7%) | loss: 2.878068 | lrm: 0.13 | dt: 152ms | tok/sec: 864,155 | mfu: 24.2% | epoch: 1 | remaining: 19s    
step 01866 (93.8%) | loss: 2.880532 | lrm: 0.12 | dt: 152ms | tok/sec: 863,810 | mfu: 24.2% | epoch: 1 | remaining: 18s    
step 01867 (93.8%) | loss: 2.877404 | lrm: 0.12 | dt: 152ms | tok/sec: 863,231 | mfu: 24.2% | epoch: 1 | remaining: 18s    
step 01868 (93.9%) | loss: 2.876320 | lrm: 0.12 | dt: 152ms | tok/sec: 861,786 | mfu: 24.1% | epoch: 1 | remaining: 18s    
step 01869 (93.9%) | loss: 2.877898 | lrm: 0.12 | dt: 152ms | tok/sec: 863,931 | mfu: 24.2% | epoch: 1 | remaining: 18s    
step 01870 (94.0%) | loss: 2.873240 | lrm: 0.12 | dt: 152ms | tok/sec: 863,692 | mfu: 24.2% | epoch: 1 | remaining: 18s    
step 01871 (94.1%) | loss: 2.871065 | lrm: 0.12 | dt: 152ms | tok/sec: 863,684 | mfu: 24.2% | epoch: 1 | remaining: 18s    
step 01872 (94.1%) | loss: 2.873550 | lrm: 0.12 | dt: 152ms | tok/sec: 864,232 | mfu: 24.2% | epoch: 1 | remaining: 18s    
step 01873 (94.2%) | loss: 2.877302 | lrm: 0.12 | dt: 152ms | tok/sec: 864,094 | mfu: 24.2% | epoch: 1 | remaining: 17s    
step 01874 (94.2%) | loss: 2.880246 | lrm: 0.12 | dt: 152ms | tok/sec: 864,245 | mfu: 24.2% | epoch: 1 | remaining: 17s    
step 01875 (94.3%) | loss: 2.878807 | lrm: 0.11 | dt: 152ms | tok/sec: 864,382 | mfu: 24.2% | epoch: 1 | remaining: 17s    
step 01876 (94.3%) | loss: 2.885204 | lrm: 0.11 | dt: 152ms | tok/sec: 864,148 | mfu: 24.2% | epoch: 1 | remaining: 17s    
step 01877 (94.4%) | loss: 2.890136 | lrm: 0.11 | dt: 152ms | tok/sec: 864,520 | mfu: 24.2% | epoch: 1 | remaining: 17s    
step 01878 (94.4%) | loss: 2.886241 | lrm: 0.11 | dt: 152ms | tok/sec: 863,954 | mfu: 24.2% | epoch: 1 | remaining: 17s    
step 01879 (94.5%) | loss: 2.878140 | lrm: 0.11 | dt: 152ms | tok/sec: 864,150 | mfu: 24.2% | epoch: 1 | remaining: 16s    
step 01880 (94.5%) | loss: 2.879105 | lrm: 0.11 | dt: 152ms | tok/sec: 863,859 | mfu: 24.2% | epoch: 1 | remaining: 16s    
step 01881 (94.6%) | loss: 2.882906 | lrm: 0.11 | dt: 152ms | tok/sec: 864,204 | mfu: 24.2% | epoch: 1 | remaining: 16s    
step 01882 (94.6%) | loss: 2.873187 | lrm: 0.11 | dt: 152ms | tok/sec: 863,429 | mfu: 24.2% | epoch: 1 | remaining: 16s    
step 01883 (94.7%) | loss: 2.865978 | lrm: 0.11 | dt: 152ms | tok/sec: 863,834 | mfu: 24.2% | epoch: 1 | remaining: 16s    
step 01884 (94.7%) | loss: 2.867548 | lrm: 0.11 | dt: 152ms | tok/sec: 863,360 | mfu: 24.2% | epoch: 1 | remaining: 16s    
step 01885 (94.8%) | loss: 2.873750 | lrm: 0.10 | dt: 152ms | tok/sec: 862,971 | mfu: 24.1% | epoch: 1 | remaining: 16s    
step 01886 (94.8%) | loss: 2.869221 | lrm: 0.10 | dt: 152ms | tok/sec: 864,167 | mfu: 24.2% | epoch: 1 | remaining: 15s    
step 01887 (94.9%) | loss: 2.868986 | lrm: 0.10 | dt: 152ms | tok/sec: 863,863 | mfu: 24.2% | epoch: 1 | remaining: 15s    
step 01888 (94.9%) | loss: 2.870865 | lrm: 0.10 | dt: 152ms | tok/sec: 864,170 | mfu: 24.2% | epoch: 1 | remaining: 15s    
step 01889 (95.0%) | loss: 2.873508 | lrm: 0.10 | dt: 152ms | tok/sec: 863,936 | mfu: 24.2% | epoch: 1 | remaining: 15s    
step 01890 (95.0%) | loss: 2.873767 | lrm: 0.10 | dt: 152ms | tok/sec: 863,805 | mfu: 24.2% | epoch: 1 | remaining: 15s    
step 01891 (95.1%) | loss: 2.873374 | lrm: 0.10 | dt: 152ms | tok/sec: 864,064 | mfu: 24.2% | epoch: 1 | remaining: 15s    
step 01892 (95.1%) | loss: 2.862952 | lrm: 0.10 | dt: 152ms | tok/sec: 864,196 | mfu: 24.2% | epoch: 1 | remaining: 15s    
step 01893 (95.2%) | loss: 2.860684 | lrm: 0.10 | dt: 152ms | tok/sec: 864,103 | mfu: 24.2% | epoch: 1 | remaining: 14s    
step 01894 (95.2%) | loss: 2.867139 | lrm: 0.10 | dt: 152ms | tok/sec: 864,110 | mfu: 24.2% | epoch: 1 | remaining: 14s    
step 01895 (95.3%) | loss: 2.865927 | lrm: 0.09 | dt: 152ms | tok/sec: 864,500 | mfu: 24.2% | epoch: 1 | remaining: 14s    
step 01896 (95.3%) | loss: 2.863555 | lrm: 0.09 | dt: 152ms | tok/sec: 864,559 | mfu: 24.2% | epoch: 1 | remaining: 14s    
step 01897 (95.4%) | loss: 2.862922 | lrm: 0.09 | dt: 152ms | tok/sec: 864,027 | mfu: 24.2% | epoch: 1 | remaining: 14s    
step 01898 (95.4%) | loss: 2.864233 | lrm: 0.09 | dt: 152ms | tok/sec: 863,738 | mfu: 24.2% | epoch: 1 | remaining: 14s    
step 01899 (95.5%) | loss: 2.865556 | lrm: 0.09 | dt: 152ms | tok/sec: 863,362 | mfu: 24.2% | epoch: 1 | remaining: 13s    
step 01900 (95.5%) | loss: 2.858920 | lrm: 0.09 | dt: 152ms | tok/sec: 863,725 | mfu: 24.2% | epoch: 1 | remaining: 13s    
step 01901 (95.6%) | loss: 2.861606 | lrm: 0.09 | dt: 152ms | tok/sec: 863,440 | mfu: 24.2% | epoch: 1 | remaining: 13s    
step 01902 (95.6%) | loss: 2.865581 | lrm: 0.09 | dt: 152ms | tok/sec: 863,788 | mfu: 24.2% | epoch: 1 | remaining: 13s    
step 01903 (95.7%) | loss: 2.867446 | lrm: 0.09 | dt: 152ms | tok/sec: 863,739 | mfu: 24.2% | epoch: 1 | remaining: 13s    
step 01904 (95.7%) | loss: 2.874826 | lrm: 0.09 | dt: 152ms | tok/sec: 864,323 | mfu: 24.2% | epoch: 1 | remaining: 13s    
step 01905 (95.8%) | loss: 2.879605 | lrm: 0.08 | dt: 152ms | tok/sec: 863,837 | mfu: 24.2% | epoch: 1 | remaining: 13s    
step 01906 (95.8%) | loss: 2.886984 | lrm: 0.08 | dt: 152ms | tok/sec: 863,920 | mfu: 24.2% | epoch: 1 | remaining: 12s    
step 01907 (95.9%) | loss: 2.889926 | lrm: 0.08 | dt: 152ms | tok/sec: 863,775 | mfu: 24.2% | epoch: 1 | remaining: 12s    
step 01908 (95.9%) | loss: 2.889128 | lrm: 0.08 | dt: 152ms | tok/sec: 863,920 | mfu: 24.2% | epoch: 1 | remaining: 12s    
step 01909 (96.0%) | loss: 2.890912 | lrm: 0.08 | dt: 152ms | tok/sec: 864,097 | mfu: 24.2% | epoch: 1 | remaining: 12s    
step 01910 (96.0%) | loss: 2.888150 | lrm: 0.08 | dt: 152ms | tok/sec: 864,022 | mfu: 24.2% | epoch: 1 | remaining: 12s    
step 01911 (96.1%) | loss: 2.878480 | lrm: 0.08 | dt: 152ms | tok/sec: 863,872 | mfu: 24.2% | epoch: 1 | remaining: 12s    
step 01912 (96.1%) | loss: 2.879299 | lrm: 0.08 | dt: 152ms | tok/sec: 864,082 | mfu: 24.2% | epoch: 1 | remaining: 11s    
step 01913 (96.2%) | loss: 2.875414 | lrm: 0.08 | dt: 152ms | tok/sec: 864,133 | mfu: 24.2% | epoch: 1 | remaining: 11s    
step 01914 (96.2%) | loss: 2.881305 | lrm: 0.08 | dt: 152ms | tok/sec: 863,711 | mfu: 24.2% | epoch: 1 | remaining: 11s    
step 01915 (96.3%) | loss: 2.874825 | lrm: 0.07 | dt: 152ms | tok/sec: 863,381 | mfu: 24.2% | epoch: 1 | remaining: 11s    
step 01916 (96.3%) | loss: 2.880150 | lrm: 0.07 | dt: 152ms | tok/sec: 863,554 | mfu: 24.2% | epoch: 1 | remaining: 11s    
step 01917 (96.4%) | loss: 2.881559 | lrm: 0.07 | dt: 152ms | tok/sec: 863,381 | mfu: 24.2% | epoch: 1 | remaining: 11s    
step 01918 (96.4%) | loss: 2.876895 | lrm: 0.07 | dt: 152ms | tok/sec: 862,849 | mfu: 24.1% | epoch: 1 | remaining: 11s    
step 01919 (96.5%) | loss: 2.872365 | lrm: 0.07 | dt: 152ms | tok/sec: 863,535 | mfu: 24.2% | epoch: 1 | remaining: 10s    
step 01920 (96.5%) | loss: 2.872731 | lrm: 0.07 | dt: 152ms | tok/sec: 863,745 | mfu: 24.2% | epoch: 1 | remaining: 10s    
step 01921 (96.6%) | loss: 2.870890 | lrm: 0.07 | dt: 152ms | tok/sec: 863,488 | mfu: 24.2% | epoch: 1 | remaining: 10s    
step 01922 (96.6%) | loss: 2.867272 | lrm: 0.07 | dt: 152ms | tok/sec: 864,380 | mfu: 24.2% | epoch: 1 | remaining: 10s    
step 01923 (96.7%) | loss: 2.869014 | lrm: 0.07 | dt: 152ms | tok/sec: 864,050 | mfu: 24.2% | epoch: 1 | remaining: 10s    
step 01924 (96.7%) | loss: 2.871623 | lrm: 0.07 | dt: 152ms | tok/sec: 864,269 | mfu: 24.2% | epoch: 1 | remaining: 10s    
step 01925 (96.8%) | loss: 2.869045 | lrm: 0.06 | dt: 152ms | tok/sec: 863,556 | mfu: 24.2% | epoch: 1 | remaining: 10s    
step 01926 (96.8%) | loss: 2.870020 | lrm: 0.06 | dt: 152ms | tok/sec: 864,280 | mfu: 24.2% | epoch: 1 | remaining: 9s    
step 01927 (96.9%) | loss: 2.870406 | lrm: 0.06 | dt: 152ms | tok/sec: 864,027 | mfu: 24.2% | epoch: 1 | remaining: 9s    
step 01928 (96.9%) | loss: 2.873955 | lrm: 0.06 | dt: 152ms | tok/sec: 864,226 | mfu: 24.2% | epoch: 1 | remaining: 9s    
step 01929 (97.0%) | loss: 2.867107 | lrm: 0.06 | dt: 152ms | tok/sec: 864,458 | mfu: 24.2% | epoch: 1 | remaining: 9s    
step 01930 (97.0%) | loss: 2.867882 | lrm: 0.06 | dt: 152ms | tok/sec: 864,327 | mfu: 24.2% | epoch: 1 | remaining: 9s    
step 01931 (97.1%) | loss: 2.866161 | lrm: 0.06 | dt: 152ms | tok/sec: 864,289 | mfu: 24.2% | epoch: 1 | remaining: 9s    
step 01932 (97.1%) | loss: 2.861441 | lrm: 0.06 | dt: 152ms | tok/sec: 864,121 | mfu: 24.2% | epoch: 1 | remaining: 8s    
step 01933 (97.2%) | loss: 2.867172 | lrm: 0.06 | dt: 152ms | tok/sec: 864,612 | mfu: 24.2% | epoch: 1 | remaining: 8s    
step 01934 (97.2%) | loss: 2.869923 | lrm: 0.06 | dt: 152ms | tok/sec: 864,073 | mfu: 24.2% | epoch: 1 | remaining: 8s    
step 01935 (97.3%) | loss: 2.869831 | lrm: 0.05 | dt: 152ms | tok/sec: 863,921 | mfu: 24.2% | epoch: 1 | remaining: 8s    
step 01936 (97.3%) | loss: 2.868296 | lrm: 0.05 | dt: 152ms | tok/sec: 863,839 | mfu: 24.2% | epoch: 1 | remaining: 8s    
step 01937 (97.4%) | loss: 2.863876 | lrm: 0.05 | dt: 152ms | tok/sec: 864,235 | mfu: 24.2% | epoch: 1 | remaining: 8s    
step 01938 (97.4%) | loss: 2.868231 | lrm: 0.05 | dt: 152ms | tok/sec: 864,075 | mfu: 24.2% | epoch: 1 | remaining: 8s    
step 01939 (97.5%) | loss: 2.861761 | lrm: 0.05 | dt: 152ms | tok/sec: 864,031 | mfu: 24.2% | epoch: 1 | remaining: 7s    
step 01940 (97.5%) | loss: 2.856779 | lrm: 0.05 | dt: 152ms | tok/sec: 864,060 | mfu: 24.2% | epoch: 1 | remaining: 7s    
step 01941 (97.6%) | loss: 2.855766 | lrm: 0.05 | dt: 152ms | tok/sec: 863,901 | mfu: 24.2% | epoch: 1 | remaining: 7s    
step 01942 (97.6%) | loss: 2.852872 | lrm: 0.05 | dt: 152ms | tok/sec: 864,061 | mfu: 24.2% | epoch: 1 | remaining: 7s    
step 01943 (97.7%) | loss: 2.852721 | lrm: 0.05 | dt: 152ms | tok/sec: 864,231 | mfu: 24.2% | epoch: 1 | remaining: 7s    
step 01944 (97.7%) | loss: 2.850303 | lrm: 0.05 | dt: 152ms | tok/sec: 864,164 | mfu: 24.2% | epoch: 1 | remaining: 7s    
step 01945 (97.8%) | loss: 2.841807 | lrm: 0.04 | dt: 152ms | tok/sec: 864,270 | mfu: 24.2% | epoch: 1 | remaining: 6s    
step 01946 (97.8%) | loss: 2.840561 | lrm: 0.04 | dt: 152ms | tok/sec: 864,245 | mfu: 24.2% | epoch: 1 | remaining: 6s    
step 01947 (97.9%) | loss: 2.841738 | lrm: 0.04 | dt: 152ms | tok/sec: 864,049 | mfu: 24.2% | epoch: 1 | remaining: 6s    
step 01948 (97.9%) | loss: 2.844974 | lrm: 0.04 | dt: 152ms | tok/sec: 864,280 | mfu: 24.2% | epoch: 1 | remaining: 6s    
step 01949 (98.0%) | loss: 2.839434 | lrm: 0.04 | dt: 152ms | tok/sec: 863,988 | mfu: 24.2% | epoch: 1 | remaining: 6s    
step 01950 (98.0%) | loss: 2.841035 | lrm: 0.04 | dt: 152ms | tok/sec: 864,414 | mfu: 24.2% | epoch: 1 | remaining: 6s    
step 01951 (98.1%) | loss: 2.838879 | lrm: 0.04 | dt: 152ms | tok/sec: 863,898 | mfu: 24.2% | epoch: 1 | remaining: 6s    
step 01952 (98.1%) | loss: 2.836094 | lrm: 0.04 | dt: 152ms | tok/sec: 864,069 | mfu: 24.2% | epoch: 1 | remaining: 5s    
step 01953 (98.2%) | loss: 2.836436 | lrm: 0.04 | dt: 152ms | tok/sec: 864,262 | mfu: 24.2% | epoch: 1 | remaining: 5s    
step 01954 (98.2%) | loss: 2.836839 | lrm: 0.04 | dt: 152ms | tok/sec: 864,129 | mfu: 24.2% | epoch: 1 | remaining: 5s    
step 01955 (98.3%) | loss: 2.840103 | lrm: 0.03 | dt: 152ms | tok/sec: 864,435 | mfu: 24.2% | epoch: 1 | remaining: 5s    
step 01956 (98.3%) | loss: 2.838311 | lrm: 0.03 | dt: 152ms | tok/sec: 864,299 | mfu: 24.2% | epoch: 1 | remaining: 5s    
step 01957 (98.4%) | loss: 2.837094 | lrm: 0.03 | dt: 152ms | tok/sec: 864,097 | mfu: 24.2% | epoch: 1 | remaining: 5s    
step 01958 (98.4%) | loss: 2.839414 | lrm: 0.03 | dt: 152ms | tok/sec: 864,132 | mfu: 24.2% | epoch: 1 | remaining: 4s    
step 01959 (98.5%) | loss: 2.838404 | lrm: 0.03 | dt: 152ms | tok/sec: 863,904 | mfu: 24.2% | epoch: 1 | remaining: 4s    
step 01960 (98.6%) | loss: 2.837974 | lrm: 0.03 | dt: 152ms | tok/sec: 864,086 | mfu: 24.2% | epoch: 1 | remaining: 4s    
step 01961 (98.6%) | loss: 2.833560 | lrm: 0.03 | dt: 152ms | tok/sec: 864,270 | mfu: 24.2% | epoch: 1 | remaining: 4s    
step 01962 (98.7%) | loss: 2.833368 | lrm: 0.03 | dt: 152ms | tok/sec: 864,318 | mfu: 24.2% | epoch: 1 | remaining: 4s    
step 01963 (98.7%) | loss: 2.840703 | lrm: 0.03 | dt: 152ms | tok/sec: 864,101 | mfu: 24.2% | epoch: 1 | remaining: 4s    
step 01964 (98.8%) | loss: 2.842691 | lrm: 0.02 | dt: 152ms | tok/sec: 863,640 | mfu: 24.2% | epoch: 1 | remaining: 4s    
step 01965 (98.8%) | loss: 2.837503 | lrm: 0.02 | dt: 152ms | tok/sec: 864,261 | mfu: 24.2% | epoch: 1 | remaining: 3s    
step 01966 (98.9%) | loss: 2.836471 | lrm: 0.02 | dt: 152ms | tok/sec: 864,042 | mfu: 24.2% | epoch: 1 | remaining: 3s    
step 01967 (98.9%) | loss: 2.837767 | lrm: 0.02 | dt: 152ms | tok/sec: 863,886 | mfu: 24.2% | epoch: 1 | remaining: 3s    
step 01968 (99.0%) | loss: 2.831036 | lrm: 0.02 | dt: 152ms | tok/sec: 863,423 | mfu: 24.2% | epoch: 1 | remaining: 3s    
step 01969 (99.0%) | loss: 2.835457 | lrm: 0.02 | dt: 152ms | tok/sec: 863,468 | mfu: 24.2% | epoch: 1 | remaining: 3s    
step 01970 (99.1%) | loss: 2.839649 | lrm: 0.02 | dt: 152ms | tok/sec: 863,018 | mfu: 24.1% | epoch: 1 | remaining: 3s    
step 01971 (99.1%) | loss: 2.852112 | lrm: 0.02 | dt: 152ms | tok/sec: 863,871 | mfu: 24.2% | epoch: 1 | remaining: 3s    
step 01972 (99.2%) | loss: 2.844557 | lrm: 0.02 | dt: 152ms | tok/sec: 863,627 | mfu: 24.2% | epoch: 1 | remaining: 2s    
step 01973 (99.2%) | loss: 2.848880 | lrm: 0.02 | dt: 152ms | tok/sec: 861,439 | mfu: 24.1% | epoch: 1 | remaining: 2s    
step 01974 (99.3%) | loss: 2.852229 | lrm: 0.01 | dt: 152ms | tok/sec: 864,065 | mfu: 24.2% | epoch: 1 | remaining: 2s    
step 01975 (99.3%) | loss: 2.861278 | lrm: 0.01 | dt: 152ms | tok/sec: 863,448 | mfu: 24.2% | epoch: 1 | remaining: 2s    
step 01976 (99.4%) | loss: 2.862810 | lrm: 0.01 | dt: 152ms | tok/sec: 864,601 | mfu: 24.2% | epoch: 1 | remaining: 2s    
step 01977 (99.4%) | loss: 2.865522 | lrm: 0.01 | dt: 152ms | tok/sec: 863,342 | mfu: 24.2% | epoch: 1 | remaining: 2s    
step 01978 (99.5%) | loss: 2.867044 | lrm: 0.01 | dt: 152ms | tok/sec: 863,913 | mfu: 24.2% | epoch: 1 | remaining: 1s    
step 01979 (99.5%) | loss: 2.869931 | lrm: 0.01 | dt: 152ms | tok/sec: 863,992 | mfu: 24.2% | epoch: 1 | remaining: 1s    
step 01980 (99.6%) | loss: 2.862654 | lrm: 0.01 | dt: 152ms | tok/sec: 863,799 | mfu: 24.2% | epoch: 1 | remaining: 1s    
step 01981 (99.6%) | loss: 2.861164 | lrm: 0.01 | dt: 152ms | tok/sec: 863,273 | mfu: 24.2% | epoch: 1 | remaining: 1s    
step 01982 (99.7%) | loss: 2.862596 | lrm: 0.01 | dt: 152ms | tok/sec: 862,436 | mfu: 24.1% | epoch: 1 | remaining: 1s    
step 01983 (99.7%) | loss: 2.860104 | lrm: 0.01 | dt: 152ms | tok/sec: 863,548 | mfu: 24.2% | epoch: 1 | remaining: 1s    
step 01984 (99.8%) | loss: 2.860302 | lrm: 0.00 | dt: 152ms | tok/sec: 864,087 | mfu: 24.2% | epoch: 1 | remaining: 1s    
step 01985 (99.8%) | loss: 2.852813 | lrm: 0.00 | dt: 152ms | tok/sec: 863,185 | mfu: 24.1% | epoch: 1 | remaining: 0s    
step 01986 (99.9%) | loss: 2.847559 | lrm: 0.00 | dt: 152ms | tok/sec: 863,539 | mfu: 24.2% | epoch: 1 | remaining: 0s    
step 01987 (99.9%) | loss: 2.854359 | lrm: 0.00 | dt: 152ms | tok/sec: 863,848 | mfu: 24.2% | epoch: 1 | remaining: 0s    
step 01988 (100.0%) | loss: 2.852082 | lrm: 0.00 | dt: 152ms | tok/sec: 863,908 | mfu: 24.2% | epoch: 1 | remaining: 0s    
---
val_bpb:          1.019148
training_seconds: 300.1
total_seconds:    338.8
peak_vram_mb:     22653.5
mfu_percent:      24.19
total_tokens_M:   260.7
num_steps:        1989
num_params_M:     50.3
depth:            8
[W1004 03:31:52.782864878 CudaIPCTypes.cpp:16] Producer process has been terminated before all shared CUDA tensors released. See Note [Sharing CUDA tensors]
