Autotune Choices Stats:
{"num_choices": 16, "num_triton_choices": 15, "best_kernel": "triton_mm_85", "best_kernel_desc": "ACC_TYPE='tl.float32', ALLOW_TF32=True, BLOCK_K=32, BLOCK_M=128, BLOCK_N=128, EVEN_K=True, GROUP_M=8, USE_FAST_ACCUM=False, num_stages=3, num_warps=4", "best_time": 0.779263973236084, "best_triton_pos": 0}
AUTOTUNE mm(131072x512, 512x2048)
strides: [512, 1], [1, 512]
dtypes: torch.bfloat16, torch.bfloat16
  triton_mm_85 0.7793 ms 100.0% ACC_TYPE='tl.float32', ALLOW_TF32=True, BLOCK_K=32, BLOCK_M=128, BLOCK_N=128, EVEN_K=True, GROUP_M=8, USE_FAST_ACCUM=False, num_stages=3, num_warps=4
  triton_mm_79 0.8509 ms 91.6% ACC_TYPE='tl.float32', ALLOW_TF32=True, BLOCK_K=32, BLOCK_M=64, BLOCK_N=128, EVEN_K=True, GROUP_M=8, USE_FAST_ACCUM=False, num_stages=3, num_warps=4
  triton_mm_82 0.8540 ms 91.3% ACC_TYPE='tl.float32', ALLOW_TF32=True, BLOCK_K=32, BLOCK_M=128, BLOCK_N=64, EVEN_K=True, GROUP_M=8, USE_FAST_ACCUM=False, num_stages=3, num_warps=4
  triton_mm_83 0.8735 ms 89.2% ACC_TYPE='tl.float32', ALLOW_TF32=True, BLOCK_K=32, BLOCK_M=128, BLOCK_N=64, EVEN_K=True, GROUP_M=8, USE_FAST_ACCUM=False, num_stages=4, num_warps=8
  triton_mm_80 0.8846 ms 88.1% ACC_TYPE='tl.float32', ALLOW_TF32=True, BLOCK_K=32, BLOCK_M=64, BLOCK_N=128, EVEN_K=True, GROUP_M=8, USE_FAST_ACCUM=False, num_stages=4, num_warps=8
  mm 0.8966 ms 86.9% 
  triton_mm_86 0.9196 ms 84.7% ACC_TYPE='tl.float32', ALLOW_TF32=True, BLOCK_K=64, BLOCK_M=128, BLOCK_N=128, EVEN_K=True, GROUP_M=8, USE_FAST_ACCUM=False, num_stages=3, num_warps=4
  triton_mm_81 0.9216 ms 84.6% ACC_TYPE='tl.float32', ALLOW_TF32=True, BLOCK_K=64, BLOCK_M=64, BLOCK_N=128, EVEN_K=True, GROUP_M=8, USE_FAST_ACCUM=False, num_stages=3, num_warps=4
  triton_mm_84 0.9617 ms 81.0% ACC_TYPE='tl.float32', ALLOW_TF32=True, BLOCK_K=32, BLOCK_M=128, BLOCK_N=128, EVEN_K=True, GROUP_M=8, USE_FAST_ACCUM=False, num_stages=2, num_warps=8
  triton_mm_78 1.0936 ms 71.3% ACC_TYPE='tl.float32', ALLOW_TF32=True, BLOCK_K=64, BLOCK_M=64, BLOCK_N=64, EVEN_K=True, GROUP_M=8, USE_FAST_ACCUM=False, num_stages=3, num_warps=8
SingleProcess AUTOTUNE benchmarking takes 0.7291 seconds and 0.0002 seconds precompiling for 16 choices
Autotune Choices Stats:
{"num_choices": 16, "num_triton_choices": 15, "best_kernel": "triton_mm_43", "best_kernel_desc": "ACC_TYPE='tl.float32', ALLOW_TF32=True, BLOCK_K=32, BLOCK_M=128, BLOCK_N=128, EVEN_K=True, GROUP_M=8, USE_FAST_ACCUM=False, num_stages=3, num_warps=4", "best_time": 0.23343999683856964, "best_triton_pos": 0}
AUTOTUNE mm(131072x512, 512x512)
strides: [512, 1], [1, 512]
dtypes: torch.bfloat16, torch.bfloat16
  triton_mm_43 0.2334 ms 100.0% ACC_TYPE='tl.float32', ALLOW_TF32=True, BLOCK_K=32, BLOCK_M=128, BLOCK_N=128, EVEN_K=True, GROUP_M=8, USE_FAST_ACCUM=False, num_stages=3, num_warps=4
  triton_mm_37 0.2436 ms 95.8% ACC_TYPE='tl.float32', ALLOW_TF32=True, BLOCK_K=32, BLOCK_M=64, BLOCK_N=128, EVEN_K=True, GROUP_M=8, USE_FAST_ACCUM=False, num_stages=3, num_warps=4
  mm 0.2457 ms 95.0% 
  triton_mm_40 0.2458 ms 95.0% ACC_TYPE='tl.float32', ALLOW_TF32=True, BLOCK_K=32, BLOCK_M=128, BLOCK_N=64, EVEN_K=True, GROUP_M=8, USE_FAST_ACCUM=False, num_stages=3, num_warps=4
  triton_mm_38 0.2519 ms 92.7% ACC_TYPE='tl.float32', ALLOW_TF32=True, BLOCK_K=32, BLOCK_M=64, BLOCK_N=128, EVEN_K=True, GROUP_M=8, USE_FAST_ACCUM=False, num_stages=4, num_warps=8
  triton_mm_39 0.2540 ms 91.9% ACC_TYPE='tl.float32', ALLOW_TF32=True, BLOCK_K=64, BLOCK_M=64, BLOCK_N=128, EVEN_K=True, GROUP_M=8, USE_FAST_ACCUM=False, num_stages=3, num_warps=4
  triton_mm_44 0.2559 ms 91.2% ACC_TYPE='tl.float32', ALLOW_TF32=True, BLOCK_K=64, BLOCK_M=128, BLOCK_N=128, EVEN_K=True, GROUP_M=8, USE_FAST_ACCUM=False, num_stages=3, num_warps=4
  triton_mm_41 0.2642 ms 88.4% ACC_TYPE='tl.float32', ALLOW_TF32=True, BLOCK_K=32, BLOCK_M=128, BLOCK_N=64, EVEN_K=True, GROUP_M=8, USE_FAST_ACCUM=False, num_stages=4, num_warps=8
  triton_mm_42 0.2826 ms 82.6% ACC_TYPE='tl.float32', ALLOW_TF32=True, BLOCK_K=32, BLOCK_M=128, BLOCK_N=128, EVEN_K=True, GROUP_M=8, USE_FAST_ACCUM=False, num_stages=2, num_warps=8
  triton_mm_36 0.3133 ms 74.5% ACC_TYPE='tl.float32', ALLOW_TF32=True, BLOCK_K=64, BLOCK_M=64, BLOCK_N=64, EVEN_K=True, GROUP_M=8, USE_FAST_ACCUM=False, num_stages=3, num_warps=8
SingleProcess AUTOTUNE benchmarking takes 0.6975 seconds and 0.0002 seconds precompiling for 16 choices
Autotune Choices Stats:
{"num_choices": 13, "num_triton_choices": 12, "best_kernel": "triton_mm_55", "best_kernel_desc": "ACC_TYPE='tl.float32', ALLOW_TF32=True, BLOCK_K=32, BLOCK_M=128, BLOCK_N=16, EVEN_K=True, GROUP_M=8, USE_FAST_ACCUM=False, num_stages=2, num_warps=8", "best_time": 0.017983999103307724, "best_triton_pos": 0}
AUTOTUNE mm(131072x32, 32x4)
strides: [512, 1], [1, 32]
dtypes: torch.bfloat16, torch.bfloat16
  triton_mm_55 0.0180 ms 100.0% ACC_TYPE='tl.float32', ALLOW_TF32=True, BLOCK_K=32, BLOCK_M=128, BLOCK_N=16, EVEN_K=True, GROUP_M=8, USE_FAST_ACCUM=False, num_stages=2, num_warps=8
  triton_mm_56 0.0180 ms 99.6% ACC_TYPE='tl.float32', ALLOW_TF32=True, BLOCK_K=32, BLOCK_M=128, BLOCK_N=16, EVEN_K=True, GROUP_M=8, USE_FAST_ACCUM=False, num_stages=5, num_warps=8
  triton_mm_48 0.0181 ms 99.5% ACC_TYPE='tl.float32', ALLOW_TF32=True, BLOCK_K=32, BLOCK_M=64, BLOCK_N=16, EVEN_K=True, GROUP_M=8, USE_FAST_ACCUM=False, num_stages=5, num_warps=4
  triton_mm_50 0.0181 ms 99.5% ACC_TYPE='tl.float32', ALLOW_TF32=True, BLOCK_K=32, BLOCK_M=64, BLOCK_N=16, EVEN_K=True, GROUP_M=8, USE_FAST_ACCUM=False, num_stages=2, num_warps=4
  triton_mm_52 0.0183 ms 98.4% ACC_TYPE='tl.float32', ALLOW_TF32=True, BLOCK_K=32, BLOCK_M=64, BLOCK_N=16, EVEN_K=True, GROUP_M=8, USE_FAST_ACCUM=False, num_stages=4, num_warps=4
  triton_mm_51 0.0184 ms 97.7% ACC_TYPE='tl.float32', ALLOW_TF32=True, BLOCK_K=32, BLOCK_M=64, BLOCK_N=16, EVEN_K=True, GROUP_M=8, USE_FAST_ACCUM=False, num_stages=3, num_warps=4
  triton_mm_53 0.0184 ms 97.7% ACC_TYPE='tl.float32', ALLOW_TF32=True, BLOCK_K=32, BLOCK_M=128, BLOCK_N=16, EVEN_K=True, GROUP_M=8, USE_FAST_ACCUM=False, num_stages=3, num_warps=4
  triton_mm_54 0.0184 ms 97.7% ACC_TYPE='tl.float32', ALLOW_TF32=True, BLOCK_K=32, BLOCK_M=128, BLOCK_N=16, EVEN_K=True, GROUP_M=8, USE_FAST_ACCUM=False, num_stages=4, num_warps=8
  triton_mm_46 0.0184 ms 97.6% ACC_TYPE='tl.float32', ALLOW_TF32=True, BLOCK_K=32, BLOCK_M=32, BLOCK_N=16, EVEN_K=True, GROUP_M=8, USE_FAST_ACCUM=False, num_stages=2, num_warps=2
  triton_mm_47 0.0184 ms 97.6% ACC_TYPE='tl.float32', ALLOW_TF32=True, BLOCK_K=32, BLOCK_M=32, BLOCK_N=16, EVEN_K=True, GROUP_M=8, USE_FAST_ACCUM=False, num_stages=5, num_warps=2
SingleProcess AUTOTUNE benchmarking takes 0.2790 seconds and 0.0001 seconds precompiling for 13 choices
Autotune Choices Stats:
{"num_choices": 16, "num_triton_choices": 15, "best_kernel": "triton_mm_100", "best_kernel_desc": "ACC_TYPE='tl.float32', ALLOW_TF32=True, BLOCK_K=32, BLOCK_M=128, BLOCK_N=128, EVEN_K=True, GROUP_M=8, USE_FAST_ACCUM=False, num_stages=3, num_warps=4", "best_time": 0.7331519722938538, "best_triton_pos": 0}
AUTOTUNE mm(131072x2048, 2048x512)
strides: [2048, 1], [1, 2048]
dtypes: torch.bfloat16, torch.bfloat16
  triton_mm_100 0.7332 ms 100.0% ACC_TYPE='tl.float32', ALLOW_TF32=True, BLOCK_K=32, BLOCK_M=128, BLOCK_N=128, EVEN_K=True, GROUP_M=8, USE_FAST_ACCUM=False, num_stages=3, num_warps=4
  mm 0.7444 ms 98.5% 
  triton_mm_101 0.7905 ms 92.7% ACC_TYPE='tl.float32', ALLOW_TF32=True, BLOCK_K=64, BLOCK_M=128, BLOCK_N=128, EVEN_K=True, GROUP_M=8, USE_FAST_ACCUM=False, num_stages=3, num_warps=4
  triton_mm_99 0.8315 ms 88.2% ACC_TYPE='tl.float32', ALLOW_TF32=True, BLOCK_K=32, BLOCK_M=128, BLOCK_N=128, EVEN_K=True, GROUP_M=8, USE_FAST_ACCUM=False, num_stages=2, num_warps=8
  triton_mm_96 0.8608 ms 85.2% ACC_TYPE='tl.float32', ALLOW_TF32=True, BLOCK_K=64, BLOCK_M=64, BLOCK_N=128, EVEN_K=True, GROUP_M=8, USE_FAST_ACCUM=False, num_stages=3, num_warps=4
  triton_mm_94 0.8632 ms 84.9% ACC_TYPE='tl.float32', ALLOW_TF32=True, BLOCK_K=32, BLOCK_M=64, BLOCK_N=128, EVEN_K=True, GROUP_M=8, USE_FAST_ACCUM=False, num_stages=3, num_warps=4
  triton_mm_97 0.8714 ms 84.1% ACC_TYPE='tl.float32', ALLOW_TF32=True, BLOCK_K=32, BLOCK_M=128, BLOCK_N=64, EVEN_K=True, GROUP_M=8, USE_FAST_ACCUM=False, num_stages=3, num_warps=4
  triton_mm_95 0.8755 ms 83.7% ACC_TYPE='tl.float32', ALLOW_TF32=True, BLOCK_K=32, BLOCK_M=64, BLOCK_N=128, EVEN_K=True, GROUP_M=8, USE_FAST_ACCUM=False, num_stages=4, num_warps=8
  triton_mm_98 0.8869 ms 82.7% ACC_TYPE='tl.float32', ALLOW_TF32=True, BLOCK_K=32, BLOCK_M=128, BLOCK_N=64, EVEN_K=True, GROUP_M=8, USE_FAST_ACCUM=False, num_stages=4, num_warps=8
  triton_mm_93 1.0894 ms 67.3% ACC_TYPE='tl.float32', ALLOW_TF32=True, BLOCK_K=64, BLOCK_M=64, BLOCK_N=64, EVEN_K=True, GROUP_M=8, USE_FAST_ACCUM=False, num_stages=3, num_warps=8
SingleProcess AUTOTUNE benchmarking takes 0.7184 seconds and 0.0001 seconds precompiling for 16 choices
Autotune Choices Stats:
{"num_choices": 16, "num_triton_choices": 15, "best_kernel": "triton_mm_883", "best_kernel_desc": "ACC_TYPE='tl.float32', ALLOW_TF32=True, BLOCK_K=32, BLOCK_M=128, BLOCK_N=128, EVEN_K=True, GROUP_M=8, USE_FAST_ACCUM=False, num_stages=3, num_warps=4", "best_time": 2.9204161167144775, "best_triton_pos": 0}
AUTOTUNE mm(131072x512, 512x8192)
strides: [512, 1], [1, 512]
dtypes: torch.bfloat16, torch.bfloat16
  triton_mm_883 2.9204 ms 100.0% ACC_TYPE='tl.float32', ALLOW_TF32=True, BLOCK_K=32, BLOCK_M=128, BLOCK_N=128, EVEN_K=True, GROUP_M=8, USE_FAST_ACCUM=False, num_stages=3, num_warps=4
  triton_mm_882 3.2614 ms 89.5% ACC_TYPE='tl.float32', ALLOW_TF32=True, BLOCK_K=32, BLOCK_M=128, BLOCK_N=128, EVEN_K=True, GROUP_M=8, USE_FAST_ACCUM=False, num_stages=2, num_warps=8
  triton_mm_877 3.3720 ms 86.6% ACC_TYPE='tl.float32', ALLOW_TF32=True, BLOCK_K=32, BLOCK_M=64, BLOCK_N=128, EVEN_K=True, GROUP_M=8, USE_FAST_ACCUM=False, num_stages=3, num_warps=4
  triton_mm_880 3.4007 ms 85.9% ACC_TYPE='tl.float32', ALLOW_TF32=True, BLOCK_K=32, BLOCK_M=128, BLOCK_N=64, EVEN_K=True, GROUP_M=8, USE_FAST_ACCUM=False, num_stages=3, num_warps=4
  mm 3.4284 ms 85.2% 
  triton_mm_881 3.4826 ms 83.9% ACC_TYPE='tl.float32', ALLOW_TF32=True, BLOCK_K=32, BLOCK_M=128, BLOCK_N=64, EVEN_K=True, GROUP_M=8, USE_FAST_ACCUM=False, num_stages=4, num_warps=8
  triton_mm_878 3.5021 ms 83.4% ACC_TYPE='tl.float32', ALLOW_TF32=True, BLOCK_K=32, BLOCK_M=64, BLOCK_N=128, EVEN_K=True, GROUP_M=8, USE_FAST_ACCUM=False, num_stages=4, num_warps=8
  triton_mm_884 3.5430 ms 82.4% ACC_TYPE='tl.float32', ALLOW_TF32=True, BLOCK_K=64, BLOCK_M=128, BLOCK_N=128, EVEN_K=True, GROUP_M=8, USE_FAST_ACCUM=False, num_stages=3, num_warps=4
  triton_mm_879 3.6347 ms 80.3% ACC_TYPE='tl.float32', ALLOW_TF32=True, BLOCK_K=64, BLOCK_M=64, BLOCK_N=128, EVEN_K=True, GROUP_M=8, USE_FAST_ACCUM=False, num_stages=3, num_warps=4
  triton_mm_875 4.2680 ms 68.4% ACC_TYPE='tl.float32', ALLOW_TF32=True, BLOCK_K=32, BLOCK_M=64, BLOCK_N=64, EVEN_K=True, GROUP_M=8, USE_FAST_ACCUM=False, num_stages=2, num_warps=4
SingleProcess AUTOTUNE benchmarking takes 1.0667 seconds and 0.0001 seconds precompiling for 16 choices
Autotune Choices Stats:
{"num_choices": 16, "num_triton_choices": 15, "best_kernel": "triton_mm_943", "best_kernel_desc": "ACC_TYPE='tl.float32', ALLOW_TF32=True, BLOCK_K=32, BLOCK_M=128, BLOCK_N=128, EVEN_K=True, GROUP_M=8, USE_FAST_ACCUM=False, num_stages=3, num_warps=4", "best_time": 0.7788479924201965, "best_triton_pos": 0}
AUTOTUNE mm(131072x512, 512x2048)
strides: [512, 1], [2048, 1]
dtypes: torch.bfloat16, torch.bfloat16
  triton_mm_943 0.7788 ms 100.0% ACC_TYPE='tl.float32', ALLOW_TF32=True, BLOCK_K=32, BLOCK_M=128, BLOCK_N=128, EVEN_K=True, GROUP_M=8, USE_FAST_ACCUM=False, num_stages=3, num_warps=4
  triton_mm_937 0.8448 ms 92.2% ACC_TYPE='tl.float32', ALLOW_TF32=True, BLOCK_K=32, BLOCK_M=64, BLOCK_N=128, EVEN_K=True, GROUP_M=8, USE_FAST_ACCUM=False, num_stages=3, num_warps=4
  triton_mm_940 0.8509 ms 91.5% ACC_TYPE='tl.float32', ALLOW_TF32=True, BLOCK_K=32, BLOCK_M=128, BLOCK_N=64, EVEN_K=True, GROUP_M=8, USE_FAST_ACCUM=False, num_stages=3, num_warps=4
  triton_mm_941 0.8745 ms 89.1% ACC_TYPE='tl.float32', ALLOW_TF32=True, BLOCK_K=32, BLOCK_M=128, BLOCK_N=64, EVEN_K=True, GROUP_M=8, USE_FAST_ACCUM=False, num_stages=4, num_warps=8
  triton_mm_938 0.8786 ms 88.6% ACC_TYPE='tl.float32', ALLOW_TF32=True, BLOCK_K=32, BLOCK_M=64, BLOCK_N=128, EVEN_K=True, GROUP_M=8, USE_FAST_ACCUM=False, num_stages=4, num_warps=8
  mm 0.8894 ms 87.6% 
  triton_mm_939 0.9175 ms 84.9% ACC_TYPE='tl.float32', ALLOW_TF32=True, BLOCK_K=64, BLOCK_M=64, BLOCK_N=128, EVEN_K=True, GROUP_M=8, USE_FAST_ACCUM=False, num_stages=3, num_warps=4
  triton_mm_944 0.9216 ms 84.5% ACC_TYPE='tl.float32', ALLOW_TF32=True, BLOCK_K=64, BLOCK_M=128, BLOCK_N=128, EVEN_K=True, GROUP_M=8, USE_FAST_ACCUM=False, num_stages=3, num_warps=4
  triton_mm_942 0.9277 ms 84.0% ACC_TYPE='tl.float32', ALLOW_TF32=True, BLOCK_K=32, BLOCK_M=128, BLOCK_N=128, EVEN_K=True, GROUP_M=8, USE_FAST_ACCUM=False, num_stages=2, num_warps=8
  triton_mm_935 1.0926 ms 71.3% ACC_TYPE='tl.float32', ALLOW_TF32=True, BLOCK_K=32, BLOCK_M=64, BLOCK_N=64, EVEN_K=True, GROUP_M=8, USE_FAST_ACCUM=False, num_stages=2, num_warps=4
SingleProcess AUTOTUNE benchmarking takes 0.7186 seconds and 0.0002 seconds precompiling for 16 choices
Autotune Choices Stats:
{"num_choices": 16, "num_triton_choices": 15, "best_kernel": "mm", "best_time": 3.121151924133301, "best_triton_pos": 1, "best_triton_time": 3.384320020675659, "best_triton_kernel": "triton_mm_895", "best_triton_kernel_desc": "ACC_TYPE='tl.float32', ALLOW_TF32=True, BLOCK_K=32, BLOCK_M=128, BLOCK_N=64, EVEN_K=True, GROUP_M=8, USE_FAST_ACCUM=False, num_stages=3, num_warps=4"}
AUTOTUNE mm(8192x131072, 131072x512)
strides: [1, 8192], [512, 1]
dtypes: torch.bfloat16, torch.bfloat16
  mm 3.1212 ms 100.0% 
  triton_mm_895 3.3843 ms 92.2% ACC_TYPE='tl.float32', ALLOW_TF32=True, BLOCK_K=32, BLOCK_M=128, BLOCK_N=64, EVEN_K=True, GROUP_M=8, USE_FAST_ACCUM=False, num_stages=3, num_warps=4
  triton_mm_892 3.3894 ms 92.1% ACC_TYPE='tl.float32', ALLOW_TF32=True, BLOCK_K=32, BLOCK_M=64, BLOCK_N=128, EVEN_K=True, GROUP_M=8, USE_FAST_ACCUM=False, num_stages=3, num_warps=4
  triton_mm_894 3.5953 ms 86.8% ACC_TYPE='tl.float32', ALLOW_TF32=True, BLOCK_K=64, BLOCK_M=64, BLOCK_N=128, EVEN_K=True, GROUP_M=8, USE_FAST_ACCUM=False, num_stages=3, num_warps=4
  triton_mm_893 3.7059 ms 84.2% ACC_TYPE='tl.float32', ALLOW_TF32=True, BLOCK_K=32, BLOCK_M=64, BLOCK_N=128, EVEN_K=True, GROUP_M=8, USE_FAST_ACCUM=False, num_stages=4, num_warps=8
  triton_mm_896 3.7274 ms 83.7% ACC_TYPE='tl.float32', ALLOW_TF32=True, BLOCK_K=32, BLOCK_M=128, BLOCK_N=64, EVEN_K=True, GROUP_M=8, USE_FAST_ACCUM=False, num_stages=4, num_warps=8
  triton_mm_898 3.8932 ms 80.2% ACC_TYPE='tl.float32', ALLOW_TF32=True, BLOCK_K=32, BLOCK_M=128, BLOCK_N=128, EVEN_K=True, GROUP_M=8, USE_FAST_ACCUM=False, num_stages=3, num_warps=4
  triton_mm_899 4.1288 ms 75.6% ACC_TYPE='tl.float32', ALLOW_TF32=True, BLOCK_K=64, BLOCK_M=128, BLOCK_N=128, EVEN_K=True, GROUP_M=8, USE_FAST_ACCUM=False, num_stages=3, num_warps=4
  triton_mm_897 4.3745 ms 71.3% ACC_TYPE='tl.float32', ALLOW_TF32=True, BLOCK_K=32, BLOCK_M=128, BLOCK_N=128, EVEN_K=True, GROUP_M=8, USE_FAST_ACCUM=False, num_stages=2, num_warps=8
  triton_mm_891 4.4442 ms 70.2% ACC_TYPE='tl.float32', ALLOW_TF32=True, BLOCK_K=64, BLOCK_M=64, BLOCK_N=64, EVEN_K=True, GROUP_M=8, USE_FAST_ACCUM=False, num_stages=3, num_warps=8
SingleProcess AUTOTUNE benchmarking takes 1.0442 seconds and 0.0001 seconds precompiling for 16 choices
Autotune Choices Stats:
{"num_choices": 22, "num_triton_choices": 15, "best_kernel": "mm", "best_time": 0.8980479836463928, "best_triton_pos": 4, "best_triton_time": 1.2124160528182983, "best_triton_kernel": "triton_mm_924", "best_triton_kernel_desc": "ACC_TYPE='tl.float32', ALLOW_TF32=True, BLOCK_K=64, BLOCK_M=64, BLOCK_N=128, EVEN_K=True, GROUP_M=8, USE_FAST_ACCUM=False, num_stages=3, num_warps=4"}
AUTOTUNE mm(512x131072, 131072x2048)
strides: [1, 512], [2048, 1]
dtypes: torch.bfloat16, torch.bfloat16
  mm 0.8980 ms 100.0% 
  decompose_k_mm_2_split_0 0.9492 ms 94.6% k_split=2
  decompose_k_mm_4_split_1 1.0977 ms 81.8% k_split=4
  decompose_k_mm_8_split_2 1.2011 ms 74.8% k_split=8
  triton_mm_924 1.2124 ms 74.1% ACC_TYPE='tl.float32', ALLOW_TF32=True, BLOCK_K=64, BLOCK_M=64, BLOCK_N=128, EVEN_K=True, GROUP_M=8, USE_FAST_ACCUM=False, num_stages=3, num_warps=4
  decompose_k_mm_16_split_3 1.2156 ms 73.9% k_split=16
  decompose_k_mm_32_split_4 1.2667 ms 70.9% k_split=32
  triton_mm_923 1.3004 ms 69.1% ACC_TYPE='tl.float32', ALLOW_TF32=True, BLOCK_K=32, BLOCK_M=64, BLOCK_N=128, EVEN_K=True, GROUP_M=8, USE_FAST_ACCUM=False, num_stages=4, num_warps=8
  triton_mm_926 1.3097 ms 68.6% ACC_TYPE='tl.float32', ALLOW_TF32=True, BLOCK_K=32, BLOCK_M=128, BLOCK_N=64, EVEN_K=True, GROUP_M=8, USE_FAST_ACCUM=False, num_stages=4, num_warps=8
  triton_mm_921 1.3824 ms 65.0% ACC_TYPE='tl.float32', ALLOW_TF32=True, BLOCK_K=64, BLOCK_M=64, BLOCK_N=64, EVEN_K=True, GROUP_M=8, USE_FAST_ACCUM=False, num_stages=3, num_warps=8
SingleProcess AUTOTUNE benchmarking takes 6.4010 seconds and 0.0002 seconds precompiling for 22 choices
Autotune Choices Stats:
{"num_choices": 22, "num_triton_choices": 15, "best_kernel": "mm", "best_time": 0.8980479836463928, "best_triton_pos": 5, "best_triton_time": 1.22160005569458, "best_triton_kernel": "triton_mm_954", "best_triton_kernel_desc": "ACC_TYPE='tl.float32', ALLOW_TF32=True, BLOCK_K=64, BLOCK_M=64, BLOCK_N=128, EVEN_K=True, GROUP_M=8, USE_FAST_ACCUM=False, num_stages=3, num_warps=4"}
AUTOTUNE mm(2048x131072, 131072x512)
strides: [1, 2048], [512, 1]
dtypes: torch.bfloat16, torch.bfloat16
  mm 0.8980 ms 100.0% 
  decompose_k_mm_2_split_6 0.9748 ms 92.1% k_split=2
  decompose_k_mm_4_split_7 1.1018 ms 81.5% k_split=4
  decompose_k_mm_8_split_8 1.1151 ms 80.5% k_split=8
  decompose_k_mm_16_split_9 1.2175 ms 73.8% k_split=16
  triton_mm_954 1.2216 ms 73.5% ACC_TYPE='tl.float32', ALLOW_TF32=True, BLOCK_K=64, BLOCK_M=64, BLOCK_N=128, EVEN_K=True, GROUP_M=8, USE_FAST_ACCUM=False, num_stages=3, num_warps=4
  decompose_k_mm_32_split_10 1.2462 ms 72.1% k_split=32
  triton_mm_953 1.3035 ms 68.9% ACC_TYPE='tl.float32', ALLOW_TF32=True, BLOCK_K=32, BLOCK_M=64, BLOCK_N=128, EVEN_K=True, GROUP_M=8, USE_FAST_ACCUM=False, num_stages=4, num_warps=8
  triton_mm_956 1.3128 ms 68.4% ACC_TYPE='tl.float32', ALLOW_TF32=True, BLOCK_K=32, BLOCK_M=128, BLOCK_N=64, EVEN_K=True, GROUP_M=8, USE_FAST_ACCUM=False, num_stages=4, num_warps=8
  triton_mm_951 1.3855 ms 64.8% ACC_TYPE='tl.float32', ALLOW_TF32=True, BLOCK_K=64, BLOCK_M=64, BLOCK_N=64, EVEN_K=True, GROUP_M=8, USE_FAST_ACCUM=False, num_stages=3, num_warps=8
SingleProcess AUTOTUNE benchmarking takes 2.2567 seconds and 0.0002 seconds precompiling for 22 choices
Autotune Choices Stats:
{"num_choices": 24, "num_triton_choices": 15, "best_kernel": "mm", "best_time": 0.28569599986076355, "best_triton_pos": 6, "best_triton_time": 0.6624959707260132, "best_triton_kernel": "triton_mm_978", "best_triton_kernel_desc": "ACC_TYPE='tl.float32', ALLOW_TF32=True, BLOCK_K=32, BLOCK_M=64, BLOCK_N=32, EVEN_K=True, GROUP_M=8, USE_FAST_ACCUM=False, num_stages=5, num_warps=8"}
AUTOTUNE mm(512x131072, 131072x512)
strides: [1, 512], [512, 1]
dtypes: torch.bfloat16, torch.bfloat16
  mm 0.2857 ms 100.0% 
  decompose_k_mm_8_split_14 0.2887 ms 99.0% k_split=8
  decompose_k_mm_32_split_16 0.3481 ms 82.1% k_split=32
  decompose_k_mm_64_split_17 0.3736 ms 76.5% k_split=64
  decompose_k_mm_128_split_18 0.4188 ms 68.2% k_split=128
  decompose_k_mm_4_split_13 0.4896 ms 58.4% k_split=4
  triton_mm_978 0.6625 ms 43.1% ACC_TYPE='tl.float32', ALLOW_TF32=True, BLOCK_K=32, BLOCK_M=64, BLOCK_N=32, EVEN_K=True, GROUP_M=8, USE_FAST_ACCUM=False, num_stages=5, num_warps=8
  triton_mm_977 0.6994 ms 40.9% ACC_TYPE='tl.float32', ALLOW_TF32=True, BLOCK_K=32, BLOCK_M=32, BLOCK_N=64, EVEN_K=True, GROUP_M=8, USE_FAST_ACCUM=False, num_stages=5, num_warps=8
  triton_mm_976 0.9032 ms 31.6% ACC_TYPE='tl.float32', ALLOW_TF32=True, BLOCK_K=128, BLOCK_M=32, BLOCK_N=32, EVEN_K=True, GROUP_M=8, USE_FAST_ACCUM=False, num_stages=2, num_warps=4
  triton_mm_981 0.9214 ms 31.0% ACC_TYPE='tl.float32', ALLOW_TF32=True, BLOCK_K=64, BLOCK_M=64, BLOCK_N=64, EVEN_K=True, GROUP_M=8, USE_FAST_ACCUM=False, num_stages=3, num_warps=8
SingleProcess AUTOTUNE benchmarking takes 6.5704 seconds and 0.0001 seconds precompiling for 24 choices
Autotune Choices Stats:
{"num_choices": 22, "num_triton_choices": 11, "best_kernel": "decompose_k_mm_1024_split_29", "best_kernel_desc": "k_split=1024", "best_time": 0.028095999732613564, "best_triton_pos": 9, "best_triton_time": 0.25804799795150757, "best_triton_kernel": "triton_mm_1008", "best_triton_kernel_desc": "ACC_TYPE='tl.float32', ALLOW_TF32=True, BLOCK_K=128, BLOCK_M=16, BLOCK_N=32, EVEN_K=True, GROUP_M=8, USE_FAST_ACCUM=False, num_stages=5, num_warps=2"}
AUTOTUNE mm(4x131072, 131072x32)
strides: [1, 4], [512, 1]
dtypes: torch.bfloat16, torch.bfloat16
  decompose_k_mm_1024_split_29 0.0281 ms 100.0% k_split=1024
  decompose_k_mm_512_split_28 0.0283 ms 99.2% k_split=512
  decompose_k_mm_256_split_27 0.0285 ms 98.4% k_split=256
  decompose_k_mm_128_split_26 0.0347 ms 81.1% k_split=128
  mm 0.0364 ms 77.1% 
  decompose_k_mm_64_split_25 0.0388 ms 72.5% k_split=64
  decompose_k_mm_32_split_24 0.0552 ms 50.9% k_split=32
  decompose_k_mm_16_split_23 0.0952 ms 29.5% k_split=16
  decompose_k_mm_8_split_22 0.1761 ms 16.0% k_split=8
  triton_mm_1008 0.2580 ms 10.9% ACC_TYPE='tl.float32', ALLOW_TF32=True, BLOCK_K=128, BLOCK_M=16, BLOCK_N=32, EVEN_K=True, GROUP_M=8, USE_FAST_ACCUM=False, num_stages=5, num_warps=2
SingleProcess AUTOTUNE benchmarking takes 5.8601 seconds and 0.0001 seconds precompiling for 22 choices
Autotune Choices Stats:
{"num_choices": 16, "num_triton_choices": 15, "best_kernel": "mm", "best_time": 2.6757121086120605, "best_triton_pos": 1, "best_triton_time": 2.802687883377075, "best_triton_kernel": "triton_mm_913", "best_triton_kernel_desc": "ACC_TYPE='tl.float32', ALLOW_TF32=True, BLOCK_K=32, BLOCK_M=128, BLOCK_N=128, EVEN_K=True, GROUP_M=8, USE_FAST_ACCUM=False, num_stages=3, num_warps=4"}
AUTOTUNE mm(131072x8192, 8192x512)
strides: [8192, 1], [512, 1]
dtypes: torch.bfloat16, torch.bfloat16
  mm 2.6757 ms 100.0% 
  triton_mm_913 2.8027 ms 95.5% ACC_TYPE='tl.float32', ALLOW_TF32=True, BLOCK_K=32, BLOCK_M=128, BLOCK_N=128, EVEN_K=True, GROUP_M=8, USE_FAST_ACCUM=False, num_stages=3, num_warps=4
  triton_mm_914 2.9809 ms 89.8% ACC_TYPE='tl.float32', ALLOW_TF32=True, BLOCK_K=64, BLOCK_M=128, BLOCK_N=128, EVEN_K=True, GROUP_M=8, USE_FAST_ACCUM=False, num_stages=3, num_warps=4
  triton_mm_912 3.0536 ms 87.6% ACC_TYPE='tl.float32', ALLOW_TF32=True, BLOCK_K=32, BLOCK_M=128, BLOCK_N=128, EVEN_K=True, GROUP_M=8, USE_FAST_ACCUM=False, num_stages=2, num_warps=8
  triton_mm_907 3.3628 ms 79.6% ACC_TYPE='tl.float32', ALLOW_TF32=True, BLOCK_K=32, BLOCK_M=64, BLOCK_N=128, EVEN_K=True, GROUP_M=8, USE_FAST_ACCUM=False, num_stages=3, num_warps=4
  triton_mm_909 3.3679 ms 79.4% ACC_TYPE='tl.float32', ALLOW_TF32=True, BLOCK_K=64, BLOCK_M=64, BLOCK_N=128, EVEN_K=True, GROUP_M=8, USE_FAST_ACCUM=False, num_stages=3, num_warps=4
  triton_mm_910 3.3915 ms 78.9% ACC_TYPE='tl.float32', ALLOW_TF32=True, BLOCK_K=32, BLOCK_M=128, BLOCK_N=64, EVEN_K=True, GROUP_M=8, USE_FAST_ACCUM=False, num_stages=3, num_warps=4
  triton_mm_908 3.4161 ms 78.3% ACC_TYPE='tl.float32', ALLOW_TF32=True, BLOCK_K=32, BLOCK_M=64, BLOCK_N=128, EVEN_K=True, GROUP_M=8, USE_FAST_ACCUM=False, num_stages=4, num_warps=8
  triton_mm_911 3.4611 ms 77.3% ACC_TYPE='tl.float32', ALLOW_TF32=True, BLOCK_K=32, BLOCK_M=128, BLOCK_N=64, EVEN_K=True, GROUP_M=8, USE_FAST_ACCUM=False, num_stages=4, num_warps=8
  triton_mm_906 4.2701 ms 62.7% ACC_TYPE='tl.float32', ALLOW_TF32=True, BLOCK_K=64, BLOCK_M=64, BLOCK_N=64, EVEN_K=True, GROUP_M=8, USE_FAST_ACCUM=False, num_stages=3, num_warps=8
SingleProcess AUTOTUNE benchmarking takes 0.9863 seconds and 0.0001 seconds precompiling for 16 choices
Autotune Choices Stats:
{"num_choices": 16, "num_triton_choices": 15, "best_kernel": "mm", "best_time": 0.7066559791564941, "best_triton_pos": 1, "best_triton_time": 0.7362239956855774, "best_triton_kernel": "triton_mm_973", "best_triton_kernel_desc": "ACC_TYPE='tl.float32', ALLOW_TF32=True, BLOCK_K=32, BLOCK_M=128, BLOCK_N=128, EVEN_K=True, GROUP_M=8, USE_FAST_ACCUM=False, num_stages=3, num_warps=4"}
AUTOTUNE mm(131072x2048, 2048x512)
strides: [2048, 1], [512, 1]
dtypes: torch.bfloat16, torch.bfloat16
  mm 0.7067 ms 100.0% 
  triton_mm_973 0.7362 ms 96.0% ACC_TYPE='tl.float32', ALLOW_TF32=True, BLOCK_K=32, BLOCK_M=128, BLOCK_N=128, EVEN_K=True, GROUP_M=8, USE_FAST_ACCUM=False, num_stages=3, num_warps=4
  triton_mm_974 0.7945 ms 88.9% ACC_TYPE='tl.float32', ALLOW_TF32=True, BLOCK_K=64, BLOCK_M=128, BLOCK_N=128, EVEN_K=True, GROUP_M=8, USE_FAST_ACCUM=False, num_stages=3, num_warps=4
  triton_mm_972 0.8100 ms 87.2% ACC_TYPE='tl.float32', ALLOW_TF32=True, BLOCK_K=32, BLOCK_M=128, BLOCK_N=128, EVEN_K=True, GROUP_M=8, USE_FAST_ACCUM=False, num_stages=2, num_warps=8
  triton_mm_967 0.8479 ms 83.3% ACC_TYPE='tl.float32', ALLOW_TF32=True, BLOCK_K=32, BLOCK_M=64, BLOCK_N=128, EVEN_K=True, GROUP_M=8, USE_FAST_ACCUM=False, num_stages=3, num_warps=4
  triton_mm_969 0.8563 ms 82.5% ACC_TYPE='tl.float32', ALLOW_TF32=True, BLOCK_K=64, BLOCK_M=64, BLOCK_N=128, EVEN_K=True, GROUP_M=8, USE_FAST_ACCUM=False, num_stages=3, num_warps=4
  triton_mm_970 0.8643 ms 81.8% ACC_TYPE='tl.float32', ALLOW_TF32=True, BLOCK_K=32, BLOCK_M=128, BLOCK_N=64, EVEN_K=True, GROUP_M=8, USE_FAST_ACCUM=False, num_stages=3, num_warps=4
  triton_mm_968 0.8704 ms 81.2% ACC_TYPE='tl.float32', ALLOW_TF32=True, BLOCK_K=32, BLOCK_M=64, BLOCK_N=128, EVEN_K=True, GROUP_M=8, USE_FAST_ACCUM=False, num_stages=4, num_warps=8
  triton_mm_971 0.8858 ms 79.8% ACC_TYPE='tl.float32', ALLOW_TF32=True, BLOCK_K=32, BLOCK_M=128, BLOCK_N=64, EVEN_K=True, GROUP_M=8, USE_FAST_ACCUM=False, num_stages=4, num_warps=8
  triton_mm_966 1.0875 ms 65.0% ACC_TYPE='tl.float32', ALLOW_TF32=True, BLOCK_K=64, BLOCK_M=64, BLOCK_N=64, EVEN_K=True, GROUP_M=8, USE_FAST_ACCUM=False, num_stages=3, num_warps=8
SingleProcess AUTOTUNE benchmarking takes 0.7042 seconds and 0.0002 seconds precompiling for 16 choices
Autotune Choices Stats:
{"num_choices": 16, "num_triton_choices": 15, "best_kernel": "triton_mm_1003", "best_kernel_desc": "ACC_TYPE='tl.float32', ALLOW_TF32=True, BLOCK_K=32, BLOCK_M=128, BLOCK_N=128, EVEN_K=True, GROUP_M=8, USE_FAST_ACCUM=False, num_stages=3, num_warps=4", "best_time": 0.23334400355815887, "best_triton_pos": 0}
AUTOTUNE mm(131072x512, 512x512)
strides: [512, 1], [512, 1]
dtypes: torch.bfloat16, torch.bfloat16
  triton_mm_1003 0.2333 ms 100.0% ACC_TYPE='tl.float32', ALLOW_TF32=True, BLOCK_K=32, BLOCK_M=128, BLOCK_N=128, EVEN_K=True, GROUP_M=8, USE_FAST_ACCUM=False, num_stages=3, num_warps=4
  mm 0.2377 ms 98.2% 
  triton_mm_997 0.2417 ms 96.5% ACC_TYPE='tl.float32', ALLOW_TF32=True, BLOCK_K=32, BLOCK_M=64, BLOCK_N=128, EVEN_K=True, GROUP_M=8, USE_FAST_ACCUM=False, num_stages=3, num_warps=4
  triton_mm_1000 0.2477 ms 94.2% ACC_TYPE='tl.float32', ALLOW_TF32=True, BLOCK_K=32, BLOCK_M=128, BLOCK_N=64, EVEN_K=True, GROUP_M=8, USE_FAST_ACCUM=False, num_stages=3, num_warps=4
  triton_mm_998 0.2515 ms 92.8% ACC_TYPE='tl.float32', ALLOW_TF32=True, BLOCK_K=32, BLOCK_M=64, BLOCK_N=128, EVEN_K=True, GROUP_M=8, USE_FAST_ACCUM=False, num_stages=4, num_warps=8
  triton_mm_999 0.2529 ms 92.3% ACC_TYPE='tl.float32', ALLOW_TF32=True, BLOCK_K=64, BLOCK_M=64, BLOCK_N=128, EVEN_K=True, GROUP_M=8, USE_FAST_ACCUM=False, num_stages=3, num_warps=4
  triton_mm_1001 0.2539 ms 91.9% ACC_TYPE='tl.float32', ALLOW_TF32=True, BLOCK_K=32, BLOCK_M=128, BLOCK_N=64, EVEN_K=True, GROUP_M=8, USE_FAST_ACCUM=False, num_stages=4, num_warps=8
  triton_mm_1004 0.2600 ms 89.8% ACC_TYPE='tl.float32', ALLOW_TF32=True, BLOCK_K=64, BLOCK_M=128, BLOCK_N=128, EVEN_K=True, GROUP_M=8, USE_FAST_ACCUM=False, num_stages=3, num_warps=4
  triton_mm_1002 0.2740 ms 85.2% ACC_TYPE='tl.float32', ALLOW_TF32=True, BLOCK_K=32, BLOCK_M=128, BLOCK_N=128, EVEN_K=True, GROUP_M=8, USE_FAST_ACCUM=False, num_stages=2, num_warps=8
  triton_mm_996 0.2970 ms 78.6% ACC_TYPE='tl.float32', ALLOW_TF32=True, BLOCK_K=64, BLOCK_M=64, BLOCK_N=64, EVEN_K=True, GROUP_M=8, USE_FAST_ACCUM=False, num_stages=3, num_warps=8
SingleProcess AUTOTUNE benchmarking takes 0.6965 seconds and 0.0002 seconds precompiling for 16 choices
Autotune Choices Stats:
{"num_choices": 15, "num_triton_choices": 14, "best_kernel": "triton_mm_1021", "best_kernel_desc": "ACC_TYPE='tl.float32', ALLOW_TF32=True, BLOCK_K=16, BLOCK_M=64, BLOCK_N=32, EVEN_K=False, GROUP_M=8, USE_FAST_ACCUM=False, num_stages=2, num_warps=4", "best_time": 0.00774399982765317, "best_triton_pos": 0}
AUTOTUNE mm(131072x4, 4x32)
strides: [4, 1], [32, 1]
dtypes: torch.bfloat16, torch.bfloat16
  triton_mm_1021 0.0077 ms 100.0% ACC_TYPE='tl.float32', ALLOW_TF32=True, BLOCK_K=16, BLOCK_M=64, BLOCK_N=32, EVEN_K=False, GROUP_M=8, USE_FAST_ACCUM=False, num_stages=2, num_warps=4
  triton_mm_1023 0.0077 ms 100.0% ACC_TYPE='tl.float32', ALLOW_TF32=True, BLOCK_K=16, BLOCK_M=64, BLOCK_N=32, EVEN_K=False, GROUP_M=8, USE_FAST_ACCUM=False, num_stages=3, num_warps=4
  triton_mm_1027 0.0078 ms 99.6% ACC_TYPE='tl.float32', ALLOW_TF32=True, BLOCK_K=16, BLOCK_M=128, BLOCK_N=32, EVEN_K=False, GROUP_M=8, USE_FAST_ACCUM=False, num_stages=4, num_warps=8
  triton_mm_1029 0.0078 ms 99.6% ACC_TYPE='tl.float32', ALLOW_TF32=True, BLOCK_K=16, BLOCK_M=128, BLOCK_N=32, EVEN_K=False, GROUP_M=8, USE_FAST_ACCUM=False, num_stages=5, num_warps=8
  triton_mm_1016 0.0078 ms 99.2% ACC_TYPE='tl.float32', ALLOW_TF32=True, BLOCK_K=16, BLOCK_M=32, BLOCK_N=32, EVEN_K=False, GROUP_M=8, USE_FAST_ACCUM=False, num_stages=1, num_warps=2
  triton_mm_1020 0.0081 ms 96.0% ACC_TYPE='tl.float32', ALLOW_TF32=True, BLOCK_K=16, BLOCK_M=64, BLOCK_N=32, EVEN_K=False, GROUP_M=8, USE_FAST_ACCUM=False, num_stages=5, num_warps=4
  triton_mm_1022 0.0081 ms 95.3% ACC_TYPE='tl.float32', ALLOW_TF32=True, BLOCK_K=16, BLOCK_M=64, BLOCK_N=32, EVEN_K=False, GROUP_M=8, USE_FAST_ACCUM=False, num_stages=3, num_warps=8
  triton_mm_1019 0.0082 ms 94.9% ACC_TYPE='tl.float32', ALLOW_TF32=True, BLOCK_K=16, BLOCK_M=64, BLOCK_N=32, EVEN_K=False, GROUP_M=8, USE_FAST_ACCUM=False, num_stages=5, num_warps=8
  triton_mm_1025 0.0082 ms 94.9% ACC_TYPE='tl.float32', ALLOW_TF32=True, BLOCK_K=16, BLOCK_M=64, BLOCK_N=32, EVEN_K=False, GROUP_M=8, USE_FAST_ACCUM=False, num_stages=4, num_warps=4
  triton_mm_1026 0.0082 ms 94.9% ACC_TYPE='tl.float32', ALLOW_TF32=True, BLOCK_K=16, BLOCK_M=128, BLOCK_N=32, EVEN_K=False, GROUP_M=8, USE_FAST_ACCUM=False, num_stages=3, num_warps=4
SingleProcess AUTOTUNE benchmarking takes 0.3120 seconds and 0.0001 seconds precompiling for 15 choices
Vocab size: 8,192
Model config: {'sequence_len': 2048, 'vocab_size': 8192, 'n_layer': 9, 'n_head': 4, 'n_kv_head': 4, 'n_embd': 512, 'window_pattern': 'L'}
Parameter counts:
  wte                     : 4,194,304
  value_embeds            : 20,971,520
  lm_head                 : 4,194,304
  transformer_matrices    : 28,312,192
  scalars                 : 18
  total                   : 57,672,338
Estimated FLOPs per token: 3.082852e+08
Scaling AdamW LRs by 1/sqrt(512/768) = 1.224745
Time budget: 300s
Gradient accumulation steps: 1

step 00000 (0.0%) | loss: 9.011469 | lrm: 1.00 | dt: 99303ms | tok/sec: 1,319 | mfu: 0.0% | epoch: 1 | remaining: 300s    
step 00001 (0.0%) | loss: 8.933171 | lrm: 1.00 | dt: 164ms | tok/sec: 797,963 | mfu: 24.9% | epoch: 1 | remaining: 300s    
step 00002 (0.0%) | loss: 9.177116 | lrm: 1.00 | dt: 160ms | tok/sec: 821,531 | mfu: 25.6% | epoch: 1 | remaining: 300s    
step 00003 (0.0%) | loss: 9.071786 | lrm: 1.00 | dt: 159ms | tok/sec: 823,525 | mfu: 25.7% | epoch: 1 | remaining: 300s    
step 00004 (0.0%) | loss: 8.856356 | lrm: 1.00 | dt: 159ms | tok/sec: 823,073 | mfu: 25.6% | epoch: 1 | remaining: 300s    
step 00005 (0.0%) | loss: 8.819935 | lrm: 1.00 | dt: 159ms | tok/sec: 823,048 | mfu: 25.6% | epoch: 1 | remaining: 300s    
step 00006 (0.0%) | loss: 9.002065 | lrm: 1.00 | dt: 159ms | tok/sec: 822,981 | mfu: 25.6% | epoch: 1 | remaining: 300s    
step 00007 (0.0%) | loss: 8.866096 | lrm: 1.00 | dt: 159ms | tok/sec: 823,017 | mfu: 25.6% | epoch: 1 | remaining: 300s    
step 00008 (0.0%) | loss: 8.670726 | lrm: 1.00 | dt: 159ms | tok/sec: 822,782 | mfu: 25.6% | epoch: 1 | remaining: 300s    
step 00009 (0.0%) | loss: 8.498831 | lrm: 1.00 | dt: 159ms | tok/sec: 822,651 | mfu: 25.6% | epoch: 1 | remaining: 300s    
step 00010 (0.0%) | loss: 8.370803 | lrm: 1.00 | dt: 159ms | tok/sec: 823,053 | mfu: 25.6% | epoch: 1 | remaining: 300s    
step 00011 (0.0%) | loss: 8.248498 | lrm: 1.00 | dt: 159ms | tok/sec: 823,234 | mfu: 25.6% | epoch: 1 | remaining: 300s    
step 00012 (0.1%) | loss: 8.159949 | lrm: 1.00 | dt: 159ms | tok/sec: 823,006 | mfu: 25.6% | epoch: 1 | remaining: 300s    
step 00013 (0.1%) | loss: 8.084571 | lrm: 1.00 | dt: 159ms | tok/sec: 823,304 | mfu: 25.7% | epoch: 1 | remaining: 300s    
step 00014 (0.2%) | loss: 8.013144 | lrm: 1.00 | dt: 159ms | tok/sec: 823,125 | mfu: 25.6% | epoch: 1 | remaining: 299s    
step 00015 (0.2%) | loss: 7.950582 | lrm: 1.00 | dt: 159ms | tok/sec: 822,807 | mfu: 25.6% | epoch: 1 | remaining: 299s    
step 00016 (0.3%) | loss: 7.899544 | lrm: 1.00 | dt: 159ms | tok/sec: 823,033 | mfu: 25.6% | epoch: 1 | remaining: 299s    
step 00017 (0.3%) | loss: 7.850712 | lrm: 1.00 | dt: 159ms | tok/sec: 822,649 | mfu: 25.6% | epoch: 1 | remaining: 299s    
step 00018 (0.4%) | loss: 7.809883 | lrm: 1.00 | dt: 159ms | tok/sec: 822,144 | mfu: 25.6% | epoch: 1 | remaining: 299s    
step 00019 (0.4%) | loss: 7.771340 | lrm: 1.00 | dt: 159ms | tok/sec: 822,731 | mfu: 25.6% | epoch: 1 | remaining: 299s    
step 00020 (0.5%) | loss: 7.739273 | lrm: 1.00 | dt: 159ms | tok/sec: 822,693 | mfu: 25.6% | epoch: 1 | remaining: 298s    
step 00021 (0.5%) | loss: 7.710246 | lrm: 1.00 | dt: 159ms | tok/sec: 822,382 | mfu: 25.6% | epoch: 1 | remaining: 298s    
step 00022 (0.6%) | loss: 7.684751 | lrm: 1.00 | dt: 159ms | tok/sec: 822,618 | mfu: 25.6% | epoch: 1 | remaining: 298s    
step 00023 (0.6%) | loss: 7.659767 | lrm: 1.00 | dt: 159ms | tok/sec: 823,012 | mfu: 25.6% | epoch: 1 | remaining: 298s    
step 00024 (0.7%) | loss: 7.637724 | lrm: 1.00 | dt: 159ms | tok/sec: 822,956 | mfu: 25.6% | epoch: 1 | remaining: 298s    
step 00025 (0.7%) | loss: 7.616631 | lrm: 1.00 | dt: 159ms | tok/sec: 823,040 | mfu: 25.6% | epoch: 1 | remaining: 298s    
step 00026 (0.8%) | loss: 7.599471 | lrm: 1.00 | dt: 159ms | tok/sec: 823,162 | mfu: 25.6% | epoch: 1 | remaining: 297s    
step 00027 (0.8%) | loss: 7.584196 | lrm: 1.00 | dt: 159ms | tok/sec: 823,099 | mfu: 25.6% | epoch: 1 | remaining: 297s    
step 00028 (0.9%) | loss: 7.571787 | lrm: 1.00 | dt: 159ms | tok/sec: 822,559 | mfu: 25.6% | epoch: 1 | remaining: 297s    
step 00029 (1.0%) | loss: 7.556928 | lrm: 1.00 | dt: 159ms | tok/sec: 822,987 | mfu: 25.6% | epoch: 1 | remaining: 297s    
step 00030 (1.0%) | loss: 7.542802 | lrm: 1.00 | dt: 159ms | tok/sec: 822,587 | mfu: 25.6% | epoch: 1 | remaining: 297s    
step 00031 (1.1%) | loss: 7.532086 | lrm: 1.00 | dt: 159ms | tok/sec: 822,635 | mfu: 25.6% | epoch: 1 | remaining: 297s    
step 00032 (1.1%) | loss: 7.521565 | lrm: 1.00 | dt: 159ms | tok/sec: 822,062 | mfu: 25.6% | epoch: 1 | remaining: 296s    
step 00033 (1.2%) | loss: 7.510466 | lrm: 1.00 | dt: 159ms | tok/sec: 822,548 | mfu: 25.6% | epoch: 1 | remaining: 296s    
step 00034 (1.2%) | loss: 7.500543 | lrm: 1.00 | dt: 159ms | tok/sec: 822,645 | mfu: 25.6% | epoch: 1 | remaining: 296s    
step 00035 (1.3%) | loss: 7.491667 | lrm: 1.00 | dt: 159ms | tok/sec: 822,543 | mfu: 25.6% | epoch: 1 | remaining: 296s    
step 00036 (1.3%) | loss: 7.480042 | lrm: 1.00 | dt: 159ms | tok/sec: 821,904 | mfu: 25.6% | epoch: 1 | remaining: 296s    
step 00037 (1.4%) | loss: 7.473136 | lrm: 1.00 | dt: 159ms | tok/sec: 822,754 | mfu: 25.6% | epoch: 1 | remaining: 296s    
step 00038 (1.4%) | loss: 7.461524 | lrm: 1.00 | dt: 159ms | tok/sec: 822,188 | mfu: 25.6% | epoch: 1 | remaining: 296s    
step 00039 (1.5%) | loss: 7.451562 | lrm: 1.00 | dt: 159ms | tok/sec: 822,043 | mfu: 25.6% | epoch: 1 | remaining: 295s    
step 00040 (1.5%) | loss: 7.441470 | lrm: 1.00 | dt: 159ms | tok/sec: 822,385 | mfu: 25.6% | epoch: 1 | remaining: 295s    
step 00041 (1.6%) | loss: 7.432907 | lrm: 1.00 | dt: 159ms | tok/sec: 822,308 | mfu: 25.6% | epoch: 1 | remaining: 295s    
step 00042 (1.6%) | loss: 7.427074 | lrm: 1.00 | dt: 159ms | tok/sec: 822,302 | mfu: 25.6% | epoch: 1 | remaining: 295s    
step 00043 (1.7%) | loss: 7.415488 | lrm: 1.00 | dt: 159ms | tok/sec: 822,330 | mfu: 25.6% | epoch: 1 | remaining: 295s    
step 00044 (1.8%) | loss: 7.406368 | lrm: 1.00 | dt: 159ms | tok/sec: 822,265 | mfu: 25.6% | epoch: 1 | remaining: 295s    
step 00045 (1.8%) | loss: 7.397400 | lrm: 1.00 | dt: 159ms | tok/sec: 822,192 | mfu: 25.6% | epoch: 1 | remaining: 294s    
step 00046 (1.9%) | loss: 7.390778 | lrm: 1.00 | dt: 159ms | tok/sec: 821,957 | mfu: 25.6% | epoch: 1 | remaining: 294s    
step 00047 (1.9%) | loss: 7.381202 | lrm: 1.00 | dt: 159ms | tok/sec: 822,144 | mfu: 25.6% | epoch: 1 | remaining: 294s    
step 00048 (2.0%) | loss: 7.370381 | lrm: 1.00 | dt: 160ms | tok/sec: 821,766 | mfu: 25.6% | epoch: 1 | remaining: 294s    
step 00049 (2.0%) | loss: 7.360782 | lrm: 1.00 | dt: 160ms | tok/sec: 821,440 | mfu: 25.6% | epoch: 1 | remaining: 294s    
step 00050 (2.1%) | loss: 7.354921 | lrm: 1.00 | dt: 159ms | tok/sec: 821,880 | mfu: 25.6% | epoch: 1 | remaining: 294s    
step 00051 (2.1%) | loss: 7.345051 | lrm: 1.00 | dt: 160ms | tok/sec: 821,570 | mfu: 25.6% | epoch: 1 | remaining: 293s    
step 00052 (2.2%) | loss: 7.333401 | lrm: 1.00 | dt: 160ms | tok/sec: 821,694 | mfu: 25.6% | epoch: 1 | remaining: 293s    
step 00053 (2.2%) | loss: 7.322874 | lrm: 1.00 | dt: 160ms | tok/sec: 821,632 | mfu: 25.6% | epoch: 1 | remaining: 293s    
step 00054 (2.3%) | loss: 7.308677 | lrm: 1.00 | dt: 160ms | tok/sec: 821,702 | mfu: 25.6% | epoch: 1 | remaining: 293s    
step 00055 (2.3%) | loss: 7.295246 | lrm: 1.00 | dt: 159ms | tok/sec: 821,890 | mfu: 25.6% | epoch: 1 | remaining: 293s    
step 00056 (2.4%) | loss: 7.283573 | lrm: 1.00 | dt: 159ms | tok/sec: 822,187 | mfu: 25.6% | epoch: 1 | remaining: 293s    
step 00057 (2.4%) | loss: 7.265482 | lrm: 1.00 | dt: 160ms | tok/sec: 821,417 | mfu: 25.6% | epoch: 1 | remaining: 293s    
step 00058 (2.5%) | loss: 7.247369 | lrm: 1.00 | dt: 160ms | tok/sec: 821,243 | mfu: 25.6% | epoch: 1 | remaining: 292s    
step 00059 (2.6%) | loss: 7.227477 | lrm: 1.00 | dt: 160ms | tok/sec: 821,508 | mfu: 25.6% | epoch: 1 | remaining: 292s    
step 00060 (2.6%) | loss: 7.215330 | lrm: 1.00 | dt: 160ms | tok/sec: 821,683 | mfu: 25.6% | epoch: 1 | remaining: 292s    
step 00061 (2.7%) | loss: 7.193053 | lrm: 1.00 | dt: 160ms | tok/sec: 821,418 | mfu: 25.6% | epoch: 1 | remaining: 292s    
step 00062 (2.7%) | loss: 7.174064 | lrm: 1.00 | dt: 160ms | tok/sec: 821,551 | mfu: 25.6% | epoch: 1 | remaining: 292s    
step 00063 (2.8%) | loss: 7.182333 | lrm: 1.00 | dt: 160ms | tok/sec: 820,951 | mfu: 25.6% | epoch: 1 | remaining: 292s    
step 00064 (2.8%) | loss: 7.210332 | lrm: 1.00 | dt: 160ms | tok/sec: 821,683 | mfu: 25.6% | epoch: 1 | remaining: 291s    
step 00065 (2.9%) | loss: 7.191275 | lrm: 1.00 | dt: 160ms | tok/sec: 821,401 | mfu: 25.6% | epoch: 1 | remaining: 291s    
step 00066 (2.9%) | loss: 7.186415 | lrm: 1.00 | dt: 160ms | tok/sec: 820,812 | mfu: 25.6% | epoch: 1 | remaining: 291s    
step 00067 (3.0%) | loss: 7.208601 | lrm: 1.00 | dt: 160ms | tok/sec: 821,064 | mfu: 25.6% | epoch: 1 | remaining: 291s    
step 00068 (3.0%) | loss: 7.180478 | lrm: 1.00 | dt: 160ms | tok/sec: 821,029 | mfu: 25.6% | epoch: 1 | remaining: 291s    
step 00069 (3.1%) | loss: 7.156005 | lrm: 1.00 | dt: 160ms | tok/sec: 821,099 | mfu: 25.6% | epoch: 1 | remaining: 291s    
step 00070 (3.1%) | loss: 7.124209 | lrm: 1.00 | dt: 160ms | tok/sec: 820,532 | mfu: 25.6% | epoch: 1 | remaining: 290s    
step 00071 (3.2%) | loss: 7.093291 | lrm: 1.00 | dt: 160ms | tok/sec: 820,928 | mfu: 25.6% | epoch: 1 | remaining: 290s    
step 00072 (3.2%) | loss: 7.056154 | lrm: 1.00 | dt: 160ms | tok/sec: 821,044 | mfu: 25.6% | epoch: 1 | remaining: 290s    
step 00073 (3.3%) | loss: 7.017479 | lrm: 1.00 | dt: 160ms | tok/sec: 820,887 | mfu: 25.6% | epoch: 1 | remaining: 290s    
step 00074 (3.3%) | loss: 6.981082 | lrm: 1.00 | dt: 160ms | tok/sec: 821,195 | mfu: 25.6% | epoch: 1 | remaining: 290s    
step 00075 (3.4%) | loss: 6.946510 | lrm: 1.00 | dt: 160ms | tok/sec: 821,111 | mfu: 25.6% | epoch: 1 | remaining: 290s    
step 00076 (3.5%) | loss: 6.912308 | lrm: 1.00 | dt: 160ms | tok/sec: 821,223 | mfu: 25.6% | epoch: 1 | remaining: 289s    
step 00077 (3.5%) | loss: 6.879839 | lrm: 1.00 | dt: 160ms | tok/sec: 820,660 | mfu: 25.6% | epoch: 1 | remaining: 289s    
step 00078 (3.6%) | loss: 6.844138 | lrm: 1.00 | dt: 160ms | tok/sec: 819,833 | mfu: 25.5% | epoch: 1 | remaining: 289s    
step 00079 (3.6%) | loss: 6.810438 | lrm: 1.00 | dt: 160ms | tok/sec: 820,637 | mfu: 25.6% | epoch: 1 | remaining: 289s    
step 00080 (3.7%) | loss: 6.781351 | lrm: 1.00 | dt: 160ms | tok/sec: 820,603 | mfu: 25.6% | epoch: 1 | remaining: 289s    
step 00081 (3.7%) | loss: 6.753271 | lrm: 1.00 | dt: 160ms | tok/sec: 820,119 | mfu: 25.6% | epoch: 1 | remaining: 289s    
step 00082 (3.8%) | loss: 6.725917 | lrm: 1.00 | dt: 160ms | tok/sec: 819,922 | mfu: 25.5% | epoch: 1 | remaining: 289s    
step 00083 (3.8%) | loss: 6.697263 | lrm: 1.00 | dt: 160ms | tok/sec: 820,450 | mfu: 25.6% | epoch: 1 | remaining: 288s    
step 00084 (3.9%) | loss: 6.672430 | lrm: 1.00 | dt: 160ms | tok/sec: 820,658 | mfu: 25.6% | epoch: 1 | remaining: 288s    
step 00085 (3.9%) | loss: 6.646623 | lrm: 1.00 | dt: 160ms | tok/sec: 820,626 | mfu: 25.6% | epoch: 1 | remaining: 288s    
step 00086 (4.0%) | loss: 6.622597 | lrm: 1.00 | dt: 160ms | tok/sec: 819,644 | mfu: 25.5% | epoch: 1 | remaining: 288s    
step 00087 (4.0%) | loss: 6.597827 | lrm: 1.00 | dt: 160ms | tok/sec: 819,783 | mfu: 25.5% | epoch: 1 | remaining: 288s    
step 00088 (4.1%) | loss: 6.573587 | lrm: 1.00 | dt: 160ms | tok/sec: 820,015 | mfu: 25.5% | epoch: 1 | remaining: 288s    
step 00089 (4.1%) | loss: 6.552472 | lrm: 1.00 | dt: 160ms | tok/sec: 820,604 | mfu: 25.6% | epoch: 1 | remaining: 287s    
step 00090 (4.2%) | loss: 6.535660 | lrm: 1.00 | dt: 160ms | tok/sec: 820,728 | mfu: 25.6% | epoch: 1 | remaining: 287s    
step 00091 (4.3%) | loss: 6.516740 | lrm: 1.00 | dt: 160ms | tok/sec: 820,674 | mfu: 25.6% | epoch: 1 | remaining: 287s    
step 00092 (4.3%) | loss: 6.498220 | lrm: 1.00 | dt: 160ms | tok/sec: 820,087 | mfu: 25.6% | epoch: 1 | remaining: 287s    
step 00093 (4.4%) | loss: 6.486261 | lrm: 1.00 | dt: 160ms | tok/sec: 820,565 | mfu: 25.6% | epoch: 1 | remaining: 287s    
step 00094 (4.4%) | loss: 6.484773 | lrm: 1.00 | dt: 160ms | tok/sec: 820,763 | mfu: 25.6% | epoch: 1 | remaining: 287s    
step 00095 (4.5%) | loss: 6.471926 | lrm: 1.00 | dt: 160ms | tok/sec: 820,779 | mfu: 25.6% | epoch: 1 | remaining: 286s    
step 00096 (4.5%) | loss: 6.467160 | lrm: 1.00 | dt: 160ms | tok/sec: 820,482 | mfu: 25.6% | epoch: 1 | remaining: 286s    
step 00097 (4.6%) | loss: 6.466663 | lrm: 1.00 | dt: 160ms | tok/sec: 820,434 | mfu: 25.6% | epoch: 1 | remaining: 286s    
step 00098 (4.6%) | loss: 6.450485 | lrm: 1.00 | dt: 160ms | tok/sec: 820,826 | mfu: 25.6% | epoch: 1 | remaining: 286s    
step 00099 (4.7%) | loss: 6.437556 | lrm: 1.00 | dt: 160ms | tok/sec: 820,529 | mfu: 25.6% | epoch: 1 | remaining: 286s    
step 00100 (4.7%) | loss: 6.424129 | lrm: 1.00 | dt: 160ms | tok/sec: 820,719 | mfu: 25.6% | epoch: 1 | remaining: 286s    
step 00101 (4.8%) | loss: 6.404915 | lrm: 1.00 | dt: 160ms | tok/sec: 820,632 | mfu: 25.6% | epoch: 1 | remaining: 285s    
step 00102 (4.8%) | loss: 6.393794 | lrm: 1.00 | dt: 160ms | tok/sec: 820,577 | mfu: 25.6% | epoch: 1 | remaining: 285s    
step 00103 (4.9%) | loss: 6.378493 | lrm: 1.00 | dt: 160ms | tok/sec: 820,718 | mfu: 25.6% | epoch: 1 | remaining: 285s    
step 00104 (4.9%) | loss: 6.365295 | lrm: 1.00 | dt: 160ms | tok/sec: 820,426 | mfu: 25.6% | epoch: 1 | remaining: 285s    
step 00105 (5.0%) | loss: 6.348381 | lrm: 1.00 | dt: 160ms | tok/sec: 820,608 | mfu: 25.6% | epoch: 1 | remaining: 285s    
step 00106 (5.1%) | loss: 6.332780 | lrm: 1.00 | dt: 160ms | tok/sec: 820,433 | mfu: 25.6% | epoch: 1 | remaining: 285s    
step 00107 (5.1%) | loss: 6.317205 | lrm: 1.00 | dt: 160ms | tok/sec: 820,587 | mfu: 25.6% | epoch: 1 | remaining: 285s    
step 00108 (5.2%) | loss: 6.303548 | lrm: 1.00 | dt: 160ms | tok/sec: 820,409 | mfu: 25.6% | epoch: 1 | remaining: 284s    
step 00109 (5.2%) | loss: 6.282888 | lrm: 1.00 | dt: 160ms | tok/sec: 820,364 | mfu: 25.6% | epoch: 1 | remaining: 284s    
step 00110 (5.3%) | loss: 6.268419 | lrm: 1.00 | dt: 160ms | tok/sec: 820,401 | mfu: 25.6% | epoch: 1 | remaining: 284s    
step 00111 (5.3%) | loss: 6.253533 | lrm: 1.00 | dt: 160ms | tok/sec: 820,445 | mfu: 25.6% | epoch: 1 | remaining: 284s    
step 00112 (5.4%) | loss: 6.238854 | lrm: 1.00 | dt: 163ms | tok/sec: 803,518 | mfu: 25.0% | epoch: 1 | remaining: 284s    
step 00113 (5.4%) | loss: 6.228237 | lrm: 1.00 | dt: 160ms | tok/sec: 820,105 | mfu: 25.6% | epoch: 1 | remaining: 284s    
step 00114 (5.5%) | loss: 6.227330 | lrm: 1.00 | dt: 160ms | tok/sec: 819,957 | mfu: 25.5% | epoch: 1 | remaining: 283s    
step 00115 (5.5%) | loss: 6.232687 | lrm: 1.00 | dt: 160ms | tok/sec: 820,330 | mfu: 25.6% | epoch: 1 | remaining: 283s    
step 00116 (5.6%) | loss: 6.229954 | lrm: 1.00 | dt: 160ms | tok/sec: 820,103 | mfu: 25.6% | epoch: 1 | remaining: 283s    
step 00117 (5.6%) | loss: 6.226980 | lrm: 1.00 | dt: 160ms | tok/sec: 820,511 | mfu: 25.6% | epoch: 1 | remaining: 283s    
step 00118 (5.7%) | loss: 6.218568 | lrm: 1.00 | dt: 160ms | tok/sec: 820,310 | mfu: 25.6% | epoch: 1 | remaining: 283s    
step 00119 (5.7%) | loss: 6.211062 | lrm: 1.00 | dt: 160ms | tok/sec: 820,468 | mfu: 25.6% | epoch: 1 | remaining: 283s    
step 00120 (5.8%) | loss: 6.200209 | lrm: 1.00 | dt: 160ms | tok/sec: 820,396 | mfu: 25.6% | epoch: 1 | remaining: 282s    
step 00121 (5.9%) | loss: 6.189968 | lrm: 1.00 | dt: 160ms | tok/sec: 820,125 | mfu: 25.6% | epoch: 1 | remaining: 282s    
step 00122 (5.9%) | loss: 6.175662 | lrm: 1.00 | dt: 160ms | tok/sec: 819,976 | mfu: 25.5% | epoch: 1 | remaining: 282s    
step 00123 (6.0%) | loss: 6.161098 | lrm: 1.00 | dt: 160ms | tok/sec: 820,282 | mfu: 25.6% | epoch: 1 | remaining: 282s    
step 00124 (6.0%) | loss: 6.145427 | lrm: 1.00 | dt: 160ms | tok/sec: 820,025 | mfu: 25.5% | epoch: 1 | remaining: 282s    
step 00125 (6.1%) | loss: 6.126268 | lrm: 1.00 | dt: 160ms | tok/sec: 820,075 | mfu: 25.5% | epoch: 1 | remaining: 282s    
step 00126 (6.1%) | loss: 6.104574 | lrm: 1.00 | dt: 160ms | tok/sec: 819,471 | mfu: 25.5% | epoch: 1 | remaining: 281s    
step 00127 (6.2%) | loss: 6.086018 | lrm: 1.00 | dt: 160ms | tok/sec: 819,932 | mfu: 25.5% | epoch: 1 | remaining: 281s    
step 00128 (6.2%) | loss: 6.064035 | lrm: 1.00 | dt: 160ms | tok/sec: 819,816 | mfu: 25.5% | epoch: 1 | remaining: 281s    
step 00129 (6.3%) | loss: 6.044386 | lrm: 1.00 | dt: 160ms | tok/sec: 819,894 | mfu: 25.5% | epoch: 1 | remaining: 281s    
step 00130 (6.3%) | loss: 6.033723 | lrm: 1.00 | dt: 160ms | tok/sec: 820,228 | mfu: 25.6% | epoch: 1 | remaining: 281s    
step 00131 (6.4%) | loss: 6.070638 | lrm: 1.00 | dt: 160ms | tok/sec: 820,424 | mfu: 25.6% | epoch: 1 | remaining: 281s    
step 00132 (6.4%) | loss: 6.078470 | lrm: 1.00 | dt: 160ms | tok/sec: 820,611 | mfu: 25.6% | epoch: 1 | remaining: 281s    
step 00133 (6.5%) | loss: 6.094048 | lrm: 1.00 | dt: 160ms | tok/sec: 820,174 | mfu: 25.6% | epoch: 1 | remaining: 280s    
step 00134 (6.5%) | loss: 6.174787 | lrm: 1.00 | dt: 160ms | tok/sec: 820,172 | mfu: 25.6% | epoch: 1 | remaining: 280s    
step 00135 (6.6%) | loss: 6.256967 | lrm: 1.00 | dt: 160ms | tok/sec: 820,494 | mfu: 25.6% | epoch: 1 | remaining: 280s    
step 00136 (6.7%) | loss: 6.254103 | lrm: 1.00 | dt: 160ms | tok/sec: 819,853 | mfu: 25.5% | epoch: 1 | remaining: 280s    
step 00137 (6.7%) | loss: 6.280902 | lrm: 1.00 | dt: 160ms | tok/sec: 820,220 | mfu: 25.6% | epoch: 1 | remaining: 280s    
step 00138 (6.8%) | loss: 6.352851 | lrm: 1.00 | dt: 160ms | tok/sec: 820,941 | mfu: 25.6% | epoch: 1 | remaining: 280s    
step 00139 (6.8%) | loss: 6.377642 | lrm: 1.00 | dt: 160ms | tok/sec: 820,749 | mfu: 25.6% | epoch: 1 | remaining: 279s    
step 00140 (6.9%) | loss: 6.387521 | lrm: 1.00 | dt: 160ms | tok/sec: 820,009 | mfu: 25.5% | epoch: 1 | remaining: 279s    
step 00141 (6.9%) | loss: 6.381086 | lrm: 1.00 | dt: 160ms | tok/sec: 820,098 | mfu: 25.6% | epoch: 1 | remaining: 279s    
step 00142 (7.0%) | loss: 6.369196 | lrm: 1.00 | dt: 160ms | tok/sec: 820,313 | mfu: 25.6% | epoch: 1 | remaining: 279s    
step 00143 (7.0%) | loss: 6.363757 | lrm: 1.00 | dt: 160ms | tok/sec: 819,955 | mfu: 25.5% | epoch: 1 | remaining: 279s    
step 00144 (7.1%) | loss: 6.354379 | lrm: 1.00 | dt: 160ms | tok/sec: 820,314 | mfu: 25.6% | epoch: 1 | remaining: 279s    
step 00145 (7.1%) | loss: 6.330369 | lrm: 1.00 | dt: 160ms | tok/sec: 820,163 | mfu: 25.6% | epoch: 1 | remaining: 278s    
step 00146 (7.2%) | loss: 6.311187 | lrm: 1.00 | dt: 160ms | tok/sec: 820,386 | mfu: 25.6% | epoch: 1 | remaining: 278s    
step 00147 (7.2%) | loss: 6.286386 | lrm: 1.00 | dt: 160ms | tok/sec: 820,325 | mfu: 25.6% | epoch: 1 | remaining: 278s    
step 00148 (7.3%) | loss: 6.264006 | lrm: 1.00 | dt: 160ms | tok/sec: 820,133 | mfu: 25.6% | epoch: 1 | remaining: 278s    
step 00149 (7.3%) | loss: 6.235092 | lrm: 1.00 | dt: 160ms | tok/sec: 820,316 | mfu: 25.6% | epoch: 1 | remaining: 278s    
step 00150 (7.4%) | loss: 6.207934 | lrm: 1.00 | dt: 160ms | tok/sec: 819,843 | mfu: 25.5% | epoch: 1 | remaining: 278s    
step 00151 (7.5%) | loss: 6.177381 | lrm: 1.00 | dt: 160ms | tok/sec: 820,284 | mfu: 25.6% | epoch: 1 | remaining: 277s    
step 00152 (7.5%) | loss: 6.147892 | lrm: 1.00 | dt: 160ms | tok/sec: 820,440 | mfu: 25.6% | epoch: 1 | remaining: 277s    
step 00153 (7.6%) | loss: 6.125354 | lrm: 1.00 | dt: 160ms | tok/sec: 820,269 | mfu: 25.6% | epoch: 1 | remaining: 277s    
step 00154 (7.6%) | loss: 6.099980 | lrm: 1.00 | dt: 160ms | tok/sec: 820,310 | mfu: 25.6% | epoch: 1 | remaining: 277s    
step 00155 (7.7%) | loss: 6.078290 | lrm: 1.00 | dt: 160ms | tok/sec: 819,960 | mfu: 25.5% | epoch: 1 | remaining: 277s    
step 00156 (7.7%) | loss: 6.058849 | lrm: 1.00 | dt: 160ms | tok/sec: 820,031 | mfu: 25.5% | epoch: 1 | remaining: 277s    
step 00157 (7.8%) | loss: 6.034319 | lrm: 1.00 | dt: 160ms | tok/sec: 819,873 | mfu: 25.5% | epoch: 1 | remaining: 277s    
step 00158 (7.8%) | loss: 6.012551 | lrm: 1.00 | dt: 160ms | tok/sec: 820,108 | mfu: 25.6% | epoch: 1 | remaining: 276s    
step 00159 (7.9%) | loss: 5.987695 | lrm: 1.00 | dt: 160ms | tok/sec: 819,180 | mfu: 25.5% | epoch: 1 | remaining: 276s    
step 00160 (7.9%) | loss: 5.963345 | lrm: 1.00 | dt: 160ms | tok/sec: 819,706 | mfu: 25.5% | epoch: 1 | remaining: 276s    
step 00161 (8.0%) | loss: 5.938923 | lrm: 1.00 | dt: 160ms | tok/sec: 819,894 | mfu: 25.5% | epoch: 1 | remaining: 276s    
step 00162 (8.0%) | loss: 5.914592 | lrm: 1.00 | dt: 160ms | tok/sec: 819,710 | mfu: 25.5% | epoch: 1 | remaining: 276s    
step 00163 (8.1%) | loss: 5.897671 | lrm: 1.00 | dt: 160ms | tok/sec: 819,810 | mfu: 25.5% | epoch: 1 | remaining: 276s    
step 00164 (8.1%) | loss: 5.873894 | lrm: 1.00 | dt: 160ms | tok/sec: 819,705 | mfu: 25.5% | epoch: 1 | remaining: 275s    
step 00165 (8.2%) | loss: 5.850306 | lrm: 1.00 | dt: 160ms | tok/sec: 819,600 | mfu: 25.5% | epoch: 1 | remaining: 275s    
step 00166 (8.2%) | loss: 5.830781 | lrm: 1.00 | dt: 160ms | tok/sec: 819,572 | mfu: 25.5% | epoch: 1 | remaining: 275s    
step 00167 (8.3%) | loss: 5.813667 | lrm: 1.00 | dt: 160ms | tok/sec: 819,894 | mfu: 25.5% | epoch: 1 | remaining: 275s    
step 00168 (8.4%) | loss: 5.810174 | lrm: 1.00 | dt: 160ms | tok/sec: 820,024 | mfu: 25.5% | epoch: 1 | remaining: 275s    
step 00169 (8.4%) | loss: 5.804691 | lrm: 1.00 | dt: 160ms | tok/sec: 820,078 | mfu: 25.6% | epoch: 1 | remaining: 275s    
step 00170 (8.5%) | loss: 5.796500 | lrm: 1.00 | dt: 160ms | tok/sec: 819,849 | mfu: 25.5% | epoch: 1 | remaining: 274s    
step 00171 (8.5%) | loss: 5.783526 | lrm: 1.00 | dt: 160ms | tok/sec: 819,847 | mfu: 25.5% | epoch: 1 | remaining: 274s    
step 00172 (8.6%) | loss: 5.766858 | lrm: 1.00 | dt: 160ms | tok/sec: 819,762 | mfu: 25.5% | epoch: 1 | remaining: 274s    
step 00173 (8.6%) | loss: 5.752488 | lrm: 1.00 | dt: 160ms | tok/sec: 819,783 | mfu: 25.5% | epoch: 1 | remaining: 274s    
step 00174 (8.7%) | loss: 5.732959 | lrm: 1.00 | dt: 160ms | tok/sec: 819,399 | mfu: 25.5% | epoch: 1 | remaining: 274s    
step 00175 (8.7%) | loss: 5.716586 | lrm: 1.00 | dt: 160ms | tok/sec: 819,513 | mfu: 25.5% | epoch: 1 | remaining: 274s    
step 00176 (8.8%) | loss: 5.696103 | lrm: 1.00 | dt: 160ms | tok/sec: 819,743 | mfu: 25.5% | epoch: 1 | remaining: 273s    
step 00177 (8.8%) | loss: 5.673355 | lrm: 1.00 | dt: 160ms | tok/sec: 819,801 | mfu: 25.5% | epoch: 1 | remaining: 273s    
step 00178 (8.9%) | loss: 5.656254 | lrm: 1.00 | dt: 160ms | tok/sec: 819,785 | mfu: 25.5% | epoch: 1 | remaining: 273s    
step 00179 (8.9%) | loss: 5.637773 | lrm: 1.00 | dt: 160ms | tok/sec: 819,537 | mfu: 25.5% | epoch: 1 | remaining: 273s    
step 00180 (9.0%) | loss: 5.618187 | lrm: 1.00 | dt: 160ms | tok/sec: 819,297 | mfu: 25.5% | epoch: 1 | remaining: 273s    
step 00181 (9.0%) | loss: 5.603268 | lrm: 1.00 | dt: 160ms | tok/sec: 819,496 | mfu: 25.5% | epoch: 1 | remaining: 273s    
step 00182 (9.1%) | loss: 5.594365 | lrm: 1.00 | dt: 160ms | tok/sec: 819,287 | mfu: 25.5% | epoch: 1 | remaining: 273s    
step 00183 (9.2%) | loss: 5.581583 | lrm: 1.00 | dt: 160ms | tok/sec: 819,387 | mfu: 25.5% | epoch: 1 | remaining: 272s    
step 00184 (9.2%) | loss: 5.567238 | lrm: 1.00 | dt: 160ms | tok/sec: 819,678 | mfu: 25.5% | epoch: 1 | remaining: 272s    
step 00185 (9.3%) | loss: 5.552726 | lrm: 1.00 | dt: 160ms | tok/sec: 819,294 | mfu: 25.5% | epoch: 1 | remaining: 272s    
step 00186 (9.3%) | loss: 5.538221 | lrm: 1.00 | dt: 160ms | tok/sec: 819,232 | mfu: 25.5% | epoch: 1 | remaining: 272s    
step 00187 (9.4%) | loss: 5.519217 | lrm: 1.00 | dt: 160ms | tok/sec: 819,271 | mfu: 25.5% | epoch: 1 | remaining: 272s    
step 00188 (9.4%) | loss: 5.499023 | lrm: 1.00 | dt: 160ms | tok/sec: 819,148 | mfu: 25.5% | epoch: 1 | remaining: 272s    
step 00189 (9.5%) | loss: 5.487739 | lrm: 1.00 | dt: 160ms | tok/sec: 819,306 | mfu: 25.5% | epoch: 1 | remaining: 271s    
step 00190 (9.5%) | loss: 5.467548 | lrm: 1.00 | dt: 160ms | tok/sec: 819,311 | mfu: 25.5% | epoch: 1 | remaining: 271s    
step 00191 (9.6%) | loss: 5.450939 | lrm: 1.00 | dt: 160ms | tok/sec: 819,336 | mfu: 25.5% | epoch: 1 | remaining: 271s    
step 00192 (9.6%) | loss: 5.439986 | lrm: 1.00 | dt: 160ms | tok/sec: 819,605 | mfu: 25.5% | epoch: 1 | remaining: 271s    
step 00193 (9.7%) | loss: 5.421474 | lrm: 1.00 | dt: 160ms | tok/sec: 819,642 | mfu: 25.5% | epoch: 1 | remaining: 271s    
step 00194 (9.7%) | loss: 5.409546 | lrm: 1.00 | dt: 160ms | tok/sec: 819,724 | mfu: 25.5% | epoch: 1 | remaining: 271s    
step 00195 (9.8%) | loss: 5.400219 | lrm: 1.00 | dt: 160ms | tok/sec: 819,723 | mfu: 25.5% | epoch: 1 | remaining: 270s    
step 00196 (9.8%) | loss: 5.392262 | lrm: 1.00 | dt: 160ms | tok/sec: 819,633 | mfu: 25.5% | epoch: 1 | remaining: 270s    
step 00197 (9.9%) | loss: 5.375490 | lrm: 1.00 | dt: 160ms | tok/sec: 819,528 | mfu: 25.5% | epoch: 1 | remaining: 270s    
step 00198 (10.0%) | loss: 5.358205 | lrm: 1.00 | dt: 160ms | tok/sec: 819,285 | mfu: 25.5% | epoch: 1 | remaining: 270s    
step 00199 (10.0%) | loss: 5.339574 | lrm: 1.00 | dt: 160ms | tok/sec: 819,346 | mfu: 25.5% | epoch: 1 | remaining: 270s    
step 00200 (10.1%) | loss: 5.322948 | lrm: 1.00 | dt: 160ms | tok/sec: 818,490 | mfu: 25.5% | epoch: 1 | remaining: 270s    
step 00201 (10.1%) | loss: 5.311217 | lrm: 1.00 | dt: 160ms | tok/sec: 819,178 | mfu: 25.5% | epoch: 1 | remaining: 269s    
step 00202 (10.2%) | loss: 5.296168 | lrm: 1.00 | dt: 160ms | tok/sec: 819,371 | mfu: 25.5% | epoch: 1 | remaining: 269s    
step 00203 (10.2%) | loss: 5.281660 | lrm: 1.00 | dt: 160ms | tok/sec: 819,401 | mfu: 25.5% | epoch: 1 | remaining: 269s    
step 00204 (10.3%) | loss: 5.267928 | lrm: 1.00 | dt: 160ms | tok/sec: 819,202 | mfu: 25.5% | epoch: 1 | remaining: 269s    
step 00205 (10.3%) | loss: 5.254098 | lrm: 1.00 | dt: 160ms | tok/sec: 819,319 | mfu: 25.5% | epoch: 1 | remaining: 269s    
step 00206 (10.4%) | loss: 5.244763 | lrm: 1.00 | dt: 160ms | tok/sec: 819,539 | mfu: 25.5% | epoch: 1 | remaining: 269s    
step 00207 (10.4%) | loss: 5.239352 | lrm: 1.00 | dt: 160ms | tok/sec: 819,178 | mfu: 25.5% | epoch: 1 | remaining: 269s    
step 00208 (10.5%) | loss: 5.241256 | lrm: 1.00 | dt: 160ms | tok/sec: 819,557 | mfu: 25.5% | epoch: 1 | remaining: 268s    
step 00209 (10.5%) | loss: 5.231200 | lrm: 1.00 | dt: 160ms | tok/sec: 819,444 | mfu: 25.5% | epoch: 1 | remaining: 268s    
step 00210 (10.6%) | loss: 5.221398 | lrm: 1.00 | dt: 160ms | tok/sec: 819,409 | mfu: 25.5% | epoch: 1 | remaining: 268s    
step 00211 (10.6%) | loss: 5.211426 | lrm: 1.00 | dt: 160ms | tok/sec: 819,214 | mfu: 25.5% | epoch: 1 | remaining: 268s    
step 00212 (10.7%) | loss: 5.201624 | lrm: 1.00 | dt: 160ms | tok/sec: 819,379 | mfu: 25.5% | epoch: 1 | remaining: 268s    
step 00213 (10.8%) | loss: 5.192316 | lrm: 1.00 | dt: 160ms | tok/sec: 819,259 | mfu: 25.5% | epoch: 1 | remaining: 268s    
step 00214 (10.8%) | loss: 5.182195 | lrm: 1.00 | dt: 160ms | tok/sec: 819,317 | mfu: 25.5% | epoch: 1 | remaining: 267s    
step 00215 (10.9%) | loss: 5.171528 | lrm: 1.00 | dt: 160ms | tok/sec: 819,302 | mfu: 25.5% | epoch: 1 | remaining: 267s    
step 00216 (10.9%) | loss: 5.160254 | lrm: 1.00 | dt: 160ms | tok/sec: 818,928 | mfu: 25.5% | epoch: 1 | remaining: 267s    
step 00217 (11.0%) | loss: 5.152065 | lrm: 1.00 | dt: 160ms | tok/sec: 818,865 | mfu: 25.5% | epoch: 1 | remaining: 267s    
step 00218 (11.0%) | loss: 5.139019 | lrm: 1.00 | dt: 160ms | tok/sec: 819,084 | mfu: 25.5% | epoch: 1 | remaining: 267s    
step 00219 (11.1%) | loss: 5.129567 | lrm: 1.00 | dt: 160ms | tok/sec: 818,816 | mfu: 25.5% | epoch: 1 | remaining: 267s    
step 00220 (11.1%) | loss: 5.122070 | lrm: 1.00 | dt: 160ms | tok/sec: 817,787 | mfu: 25.5% | epoch: 1 | remaining: 266s    
step 00221 (11.2%) | loss: 5.110531 | lrm: 1.00 | dt: 160ms | tok/sec: 818,646 | mfu: 25.5% | epoch: 1 | remaining: 266s    
step 00222 (11.2%) | loss: 5.111582 | lrm: 1.00 | dt: 160ms | tok/sec: 818,355 | mfu: 25.5% | epoch: 1 | remaining: 266s    
step 00223 (11.3%) | loss: 5.104616 | lrm: 1.00 | dt: 160ms | tok/sec: 818,600 | mfu: 25.5% | epoch: 1 | remaining: 266s    
step 00224 (11.3%) | loss: 5.101363 | lrm: 1.00 | dt: 160ms | tok/sec: 818,737 | mfu: 25.5% | epoch: 1 | remaining: 266s    
step 00225 (11.4%) | loss: 5.093886 | lrm: 1.00 | dt: 160ms | tok/sec: 818,679 | mfu: 25.5% | epoch: 1 | remaining: 266s    
step 00226 (11.4%) | loss: 5.098417 | lrm: 1.00 | dt: 160ms | tok/sec: 818,996 | mfu: 25.5% | epoch: 1 | remaining: 265s    
step 00227 (11.5%) | loss: 5.096057 | lrm: 1.00 | dt: 160ms | tok/sec: 819,159 | mfu: 25.5% | epoch: 1 | remaining: 265s    
step 00228 (11.6%) | loss: 5.093145 | lrm: 1.00 | dt: 160ms | tok/sec: 819,042 | mfu: 25.5% | epoch: 1 | remaining: 265s    
step 00229 (11.6%) | loss: 5.088683 | lrm: 1.00 | dt: 160ms | tok/sec: 819,164 | mfu: 25.5% | epoch: 1 | remaining: 265s    
step 00230 (11.7%) | loss: 5.083657 | lrm: 1.00 | dt: 160ms | tok/sec: 819,004 | mfu: 25.5% | epoch: 1 | remaining: 265s    
step 00231 (11.7%) | loss: 5.082711 | lrm: 1.00 | dt: 160ms | tok/sec: 818,954 | mfu: 25.5% | epoch: 1 | remaining: 265s    
step 00232 (11.8%) | loss: 5.076483 | lrm: 1.00 | dt: 160ms | tok/sec: 818,531 | mfu: 25.5% | epoch: 1 | remaining: 265s    
step 00233 (11.8%) | loss: 5.066696 | lrm: 1.00 | dt: 160ms | tok/sec: 818,699 | mfu: 25.5% | epoch: 1 | remaining: 264s    
step 00234 (11.9%) | loss: 5.053358 | lrm: 1.00 | dt: 160ms | tok/sec: 818,494 | mfu: 25.5% | epoch: 1 | remaining: 264s    
step 00235 (11.9%) | loss: 5.041276 | lrm: 1.00 | dt: 160ms | tok/sec: 818,890 | mfu: 25.5% | epoch: 1 | remaining: 264s    
step 00236 (12.0%) | loss: 5.035716 | lrm: 1.00 | dt: 160ms | tok/sec: 818,609 | mfu: 25.5% | epoch: 1 | remaining: 264s    
step 00237 (12.0%) | loss: 5.025802 | lrm: 1.00 | dt: 160ms | tok/sec: 818,520 | mfu: 25.5% | epoch: 1 | remaining: 264s    
step 00238 (12.1%) | loss: 5.018208 | lrm: 1.00 | dt: 160ms | tok/sec: 818,187 | mfu: 25.5% | epoch: 1 | remaining: 264s    
step 00239 (12.1%) | loss: 5.011378 | lrm: 1.00 | dt: 160ms | tok/sec: 817,799 | mfu: 25.5% | epoch: 1 | remaining: 263s    
step 00240 (12.2%) | loss: 4.996186 | lrm: 1.00 | dt: 160ms | tok/sec: 818,090 | mfu: 25.5% | epoch: 1 | remaining: 263s    
step 00241 (12.2%) | loss: 4.986320 | lrm: 1.00 | dt: 160ms | tok/sec: 818,466 | mfu: 25.5% | epoch: 1 | remaining: 263s    
step 00242 (12.3%) | loss: 4.980470 | lrm: 1.00 | dt: 160ms | tok/sec: 818,555 | mfu: 25.5% | epoch: 1 | remaining: 263s    
step 00243 (12.4%) | loss: 4.974139 | lrm: 1.00 | dt: 160ms | tok/sec: 818,770 | mfu: 25.5% | epoch: 1 | remaining: 263s    
step 00244 (12.4%) | loss: 4.966608 | lrm: 1.00 | dt: 160ms | tok/sec: 818,949 | mfu: 25.5% | epoch: 1 | remaining: 263s    
step 00245 (12.5%) | loss: 4.959878 | lrm: 1.00 | dt: 160ms | tok/sec: 819,245 | mfu: 25.5% | epoch: 1 | remaining: 262s    
step 00246 (12.5%) | loss: 4.951499 | lrm: 1.00 | dt: 160ms | tok/sec: 818,956 | mfu: 25.5% | epoch: 1 | remaining: 262s    
step 00247 (12.6%) | loss: 4.940410 | lrm: 1.00 | dt: 160ms | tok/sec: 818,906 | mfu: 25.5% | epoch: 1 | remaining: 262s    
step 00248 (12.6%) | loss: 4.934847 | lrm: 1.00 | dt: 160ms | tok/sec: 819,073 | mfu: 25.5% | epoch: 1 | remaining: 262s    
step 00249 (12.7%) | loss: 4.930306 | lrm: 1.00 | dt: 160ms | tok/sec: 819,017 | mfu: 25.5% | epoch: 1 | remaining: 262s    
step 00250 (12.7%) | loss: 4.922758 | lrm: 1.00 | dt: 160ms | tok/sec: 819,217 | mfu: 25.5% | epoch: 1 | remaining: 262s    
step 00251 (12.8%) | loss: 4.921569 | lrm: 1.00 | dt: 160ms | tok/sec: 819,137 | mfu: 25.5% | epoch: 1 | remaining: 261s    
step 00252 (12.8%) | loss: 4.910367 | lrm: 1.00 | dt: 160ms | tok/sec: 818,975 | mfu: 25.5% | epoch: 1 | remaining: 261s    
step 00253 (12.9%) | loss: 4.907295 | lrm: 1.00 | dt: 160ms | tok/sec: 819,076 | mfu: 25.5% | epoch: 1 | remaining: 261s    
step 00254 (12.9%) | loss: 4.900363 | lrm: 1.00 | dt: 160ms | tok/sec: 818,695 | mfu: 25.5% | epoch: 1 | remaining: 261s    
step 00255 (13.0%) | loss: 4.900619 | lrm: 1.00 | dt: 160ms | tok/sec: 818,566 | mfu: 25.5% | epoch: 1 | remaining: 261s    
step 00256 (13.0%) | loss: 4.898861 | lrm: 1.00 | dt: 160ms | tok/sec: 819,054 | mfu: 25.5% | epoch: 1 | remaining: 261s    
step 00257 (13.1%) | loss: 4.893082 | lrm: 1.00 | dt: 160ms | tok/sec: 818,848 | mfu: 25.5% | epoch: 1 | remaining: 261s    
step 00258 (13.2%) | loss: 4.887175 | lrm: 1.00 | dt: 160ms | tok/sec: 817,930 | mfu: 25.5% | epoch: 1 | remaining: 260s    
step 00259 (13.2%) | loss: 4.890198 | lrm: 1.00 | dt: 160ms | tok/sec: 817,619 | mfu: 25.5% | epoch: 1 | remaining: 260s    
step 00260 (13.3%) | loss: 4.891469 | lrm: 1.00 | dt: 160ms | tok/sec: 817,927 | mfu: 25.5% | epoch: 1 | remaining: 260s    
step 00261 (13.3%) | loss: 4.888695 | lrm: 1.00 | dt: 160ms | tok/sec: 818,937 | mfu: 25.5% | epoch: 1 | remaining: 260s    
step 00262 (13.4%) | loss: 4.891747 | lrm: 1.00 | dt: 160ms | tok/sec: 818,575 | mfu: 25.5% | epoch: 1 | remaining: 260s    
step 00263 (13.4%) | loss: 4.890935 | lrm: 1.00 | dt: 160ms | tok/sec: 818,984 | mfu: 25.5% | epoch: 1 | remaining: 260s    
step 00264 (13.5%) | loss: 4.890897 | lrm: 1.00 | dt: 160ms | tok/sec: 818,732 | mfu: 25.5% | epoch: 1 | remaining: 259s    
step 00265 (13.5%) | loss: 4.897004 | lrm: 1.00 | dt: 160ms | tok/sec: 818,989 | mfu: 25.5% | epoch: 1 | remaining: 259s    
step 00266 (13.6%) | loss: 4.917363 | lrm: 1.00 | dt: 160ms | tok/sec: 819,055 | mfu: 25.5% | epoch: 1 | remaining: 259s    
step 00267 (13.6%) | loss: 4.923017 | lrm: 1.00 | dt: 160ms | tok/sec: 818,871 | mfu: 25.5% | epoch: 1 | remaining: 259s    
step 00268 (13.7%) | loss: 4.992620 | lrm: 1.00 | dt: 160ms | tok/sec: 819,409 | mfu: 25.5% | epoch: 1 | remaining: 259s    
step 00269 (13.7%) | loss: 5.018424 | lrm: 1.00 | dt: 160ms | tok/sec: 819,054 | mfu: 25.5% | epoch: 1 | remaining: 259s    
step 00270 (13.8%) | loss: 5.221830 | lrm: 1.00 | dt: 160ms | tok/sec: 819,814 | mfu: 25.5% | epoch: 1 | remaining: 258s    
step 00271 (13.9%) | loss: 5.241213 | lrm: 1.00 | dt: 160ms | tok/sec: 819,092 | mfu: 25.5% | epoch: 1 | remaining: 258s    
step 00272 (13.9%) | loss: 5.247930 | lrm: 1.00 | dt: 160ms | tok/sec: 819,048 | mfu: 25.5% | epoch: 1 | remaining: 258s    
step 00273 (14.0%) | loss: 5.269561 | lrm: 1.00 | dt: 160ms | tok/sec: 819,189 | mfu: 25.5% | epoch: 1 | remaining: 258s    
step 00274 (14.0%) | loss: 5.343330 | lrm: 1.00 | dt: 160ms | tok/sec: 819,371 | mfu: 25.5% | epoch: 1 | remaining: 258s    
step 00275 (14.1%) | loss: 5.360705 | lrm: 1.00 | dt: 160ms | tok/sec: 819,147 | mfu: 25.5% | epoch: 1 | remaining: 258s    
step 00276 (14.1%) | loss: 5.527324 | lrm: 1.00 | dt: 160ms | tok/sec: 819,188 | mfu: 25.5% | epoch: 1 | remaining: 257s    
step 00277 (14.2%) | loss: 5.582538 | lrm: 1.00 | dt: 160ms | tok/sec: 819,408 | mfu: 25.5% | epoch: 1 | remaining: 257s    
step 00278 (14.2%) | loss: 5.662464 | lrm: 1.00 | dt: 160ms | tok/sec: 819,476 | mfu: 25.5% | epoch: 1 | remaining: 257s    
step 00279 (14.3%) | loss: 5.695140 | lrm: 1.00 | dt: 160ms | tok/sec: 819,556 | mfu: 25.5% | epoch: 1 | remaining: 257s    
step 00280 (14.3%) | loss: 5.709616 | lrm: 1.00 | dt: 160ms | tok/sec: 819,328 | mfu: 25.5% | epoch: 1 | remaining: 257s    
step 00281 (14.4%) | loss: 5.705712 | lrm: 1.00 | dt: 160ms | tok/sec: 819,243 | mfu: 25.5% | epoch: 1 | remaining: 257s    
step 00282 (14.4%) | loss: 5.689528 | lrm: 1.00 | dt: 160ms | tok/sec: 819,001 | mfu: 25.5% | epoch: 1 | remaining: 257s    
step 00283 (14.5%) | loss: 5.669744 | lrm: 1.00 | dt: 160ms | tok/sec: 818,611 | mfu: 25.5% | epoch: 1 | remaining: 256s    
step 00284 (14.5%) | loss: 5.637991 | lrm: 1.00 | dt: 160ms | tok/sec: 819,114 | mfu: 25.5% | epoch: 1 | remaining: 256s    
step 00285 (14.6%) | loss: 5.606387 | lrm: 1.00 | dt: 160ms | tok/sec: 819,140 | mfu: 25.5% | epoch: 1 | remaining: 256s    
step 00286 (14.7%) | loss: 5.591422 | lrm: 1.00 | dt: 160ms | tok/sec: 818,977 | mfu: 25.5% | epoch: 1 | remaining: 256s    
step 00287 (14.7%) | loss: 5.572819 | lrm: 1.00 | dt: 160ms | tok/sec: 818,837 | mfu: 25.5% | epoch: 1 | remaining: 256s    
step 00288 (14.8%) | loss: 5.540170 | lrm: 1.00 | dt: 160ms | tok/sec: 819,385 | mfu: 25.5% | epoch: 1 | remaining: 256s    
step 00289 (14.8%) | loss: 5.507332 | lrm: 1.00 | dt: 160ms | tok/sec: 819,382 | mfu: 25.5% | epoch: 1 | remaining: 255s    
step 00290 (14.9%) | loss: 5.472358 | lrm: 1.00 | dt: 160ms | tok/sec: 819,139 | mfu: 25.5% | epoch: 1 | remaining: 255s    
step 00291 (14.9%) | loss: 5.439610 | lrm: 1.00 | dt: 160ms | tok/sec: 819,259 | mfu: 25.5% | epoch: 1 | remaining: 255s    
step 00292 (15.0%) | loss: 5.413036 | lrm: 1.00 | dt: 160ms | tok/sec: 819,143 | mfu: 25.5% | epoch: 1 | remaining: 255s    
step 00293 (15.0%) | loss: 5.384007 | lrm: 1.00 | dt: 160ms | tok/sec: 819,173 | mfu: 25.5% | epoch: 1 | remaining: 255s    
step 00294 (15.1%) | loss: 5.349006 | lrm: 1.00 | dt: 160ms | tok/sec: 819,111 | mfu: 25.5% | epoch: 1 | remaining: 255s    
step 00295 (15.1%) | loss: 5.315849 | lrm: 1.00 | dt: 160ms | tok/sec: 818,757 | mfu: 25.5% | epoch: 1 | remaining: 254s    
step 00296 (15.2%) | loss: 5.287370 | lrm: 1.00 | dt: 160ms | tok/sec: 818,970 | mfu: 25.5% | epoch: 1 | remaining: 254s    
step 00297 (15.2%) | loss: 5.259506 | lrm: 1.00 | dt: 160ms | tok/sec: 818,910 | mfu: 25.5% | epoch: 1 | remaining: 254s    
step 00298 (15.3%) | loss: 5.228011 | lrm: 1.00 | dt: 160ms | tok/sec: 819,143 | mfu: 25.5% | epoch: 1 | remaining: 254s    
step 00299 (15.3%) | loss: 5.207917 | lrm: 1.00 | dt: 160ms | tok/sec: 817,897 | mfu: 25.5% | epoch: 1 | remaining: 254s    
step 00300 (15.4%) | loss: 5.180020 | lrm: 1.00 | dt: 160ms | tok/sec: 818,698 | mfu: 25.5% | epoch: 1 | remaining: 254s    
step 00301 (15.5%) | loss: 5.156150 | lrm: 1.00 | dt: 160ms | tok/sec: 818,928 | mfu: 25.5% | epoch: 1 | remaining: 253s    
step 00302 (15.5%) | loss: 5.134751 | lrm: 1.00 | dt: 160ms | tok/sec: 818,862 | mfu: 25.5% | epoch: 1 | remaining: 253s    
step 00303 (15.6%) | loss: 5.114143 | lrm: 1.00 | dt: 160ms | tok/sec: 818,539 | mfu: 25.5% | epoch: 1 | remaining: 253s    
step 00304 (15.6%) | loss: 5.092113 | lrm: 1.00 | dt: 160ms | tok/sec: 818,893 | mfu: 25.5% | epoch: 1 | remaining: 253s    
step 00305 (15.7%) | loss: 5.073742 | lrm: 1.00 | dt: 160ms | tok/sec: 818,746 | mfu: 25.5% | epoch: 1 | remaining: 253s    
step 00306 (15.7%) | loss: 5.052882 | lrm: 1.00 | dt: 160ms | tok/sec: 818,288 | mfu: 25.5% | epoch: 1 | remaining: 253s    
step 00307 (15.8%) | loss: 5.033694 | lrm: 1.00 | dt: 160ms | tok/sec: 818,773 | mfu: 25.5% | epoch: 1 | remaining: 253s    
step 00308 (15.8%) | loss: 5.016514 | lrm: 1.00 | dt: 160ms | tok/sec: 818,887 | mfu: 25.5% | epoch: 1 | remaining: 252s    
step 00309 (15.9%) | loss: 5.000918 | lrm: 1.00 | dt: 160ms | tok/sec: 818,157 | mfu: 25.5% | epoch: 1 | remaining: 252s    
step 00310 (15.9%) | loss: 4.985141 | lrm: 1.00 | dt: 160ms | tok/sec: 818,860 | mfu: 25.5% | epoch: 1 | remaining: 252s    
step 00311 (16.0%) | loss: 4.968315 | lrm: 1.00 | dt: 160ms | tok/sec: 818,878 | mfu: 25.5% | epoch: 1 | remaining: 252s    
step 00312 (16.0%) | loss: 4.954018 | lrm: 1.00 | dt: 160ms | tok/sec: 818,582 | mfu: 25.5% | epoch: 1 | remaining: 252s    
step 00313 (16.1%) | loss: 4.946015 | lrm: 1.00 | dt: 160ms | tok/sec: 818,694 | mfu: 25.5% | epoch: 1 | remaining: 252s    
step 00314 (16.1%) | loss: 4.928994 | lrm: 1.00 | dt: 160ms | tok/sec: 818,722 | mfu: 25.5% | epoch: 1 | remaining: 251s    
step 00315 (16.2%) | loss: 4.914959 | lrm: 1.00 | dt: 160ms | tok/sec: 818,604 | mfu: 25.5% | epoch: 1 | remaining: 251s    
step 00316 (16.3%) | loss: 4.898303 | lrm: 1.00 | dt: 160ms | tok/sec: 818,857 | mfu: 25.5% | epoch: 1 | remaining: 251s    
step 00317 (16.3%) | loss: 4.887844 | lrm: 1.00 | dt: 160ms | tok/sec: 818,604 | mfu: 25.5% | epoch: 1 | remaining: 251s    
step 00318 (16.4%) | loss: 4.872318 | lrm: 1.00 | dt: 160ms | tok/sec: 818,134 | mfu: 25.5% | epoch: 1 | remaining: 251s    
step 00319 (16.4%) | loss: 4.867811 | lrm: 1.00 | dt: 160ms | tok/sec: 817,904 | mfu: 25.5% | epoch: 1 | remaining: 251s    
step 00320 (16.5%) | loss: 4.857709 | lrm: 1.00 | dt: 160ms | tok/sec: 818,575 | mfu: 25.5% | epoch: 1 | remaining: 250s    
step 00321 (16.5%) | loss: 4.847466 | lrm: 1.00 | dt: 160ms | tok/sec: 818,270 | mfu: 25.5% | epoch: 1 | remaining: 250s    
step 00322 (16.6%) | loss: 4.834813 | lrm: 1.00 | dt: 160ms | tok/sec: 818,041 | mfu: 25.5% | epoch: 1 | remaining: 250s    
step 00323 (16.6%) | loss: 4.829142 | lrm: 1.00 | dt: 160ms | tok/sec: 818,399 | mfu: 25.5% | epoch: 1 | remaining: 250s    
step 00324 (16.7%) | loss: 4.824080 | lrm: 1.00 | dt: 160ms | tok/sec: 818,553 | mfu: 25.5% | epoch: 1 | remaining: 250s    
step 00325 (16.7%) | loss: 4.816833 | lrm: 1.00 | dt: 160ms | tok/sec: 818,566 | mfu: 25.5% | epoch: 1 | remaining: 250s    
step 00326 (16.8%) | loss: 4.808832 | lrm: 1.00 | dt: 160ms | tok/sec: 818,718 | mfu: 25.5% | epoch: 1 | remaining: 249s    
step 00327 (16.8%) | loss: 4.799255 | lrm: 1.00 | dt: 160ms | tok/sec: 818,561 | mfu: 25.5% | epoch: 1 | remaining: 249s    
step 00328 (16.9%) | loss: 4.791795 | lrm: 1.00 | dt: 160ms | tok/sec: 818,469 | mfu: 25.5% | epoch: 1 | remaining: 249s    
step 00329 (16.9%) | loss: 4.786965 | lrm: 1.00 | dt: 160ms | tok/sec: 818,695 | mfu: 25.5% | epoch: 1 | remaining: 249s    
step 00330 (17.0%) | loss: 4.781875 | lrm: 1.00 | dt: 160ms | tok/sec: 818,727 | mfu: 25.5% | epoch: 1 | remaining: 249s    
step 00331 (17.1%) | loss: 4.775210 | lrm: 1.00 | dt: 160ms | tok/sec: 818,615 | mfu: 25.5% | epoch: 1 | remaining: 249s    
step 00332 (17.1%) | loss: 4.779864 | lrm: 1.00 | dt: 160ms | tok/sec: 818,561 | mfu: 25.5% | epoch: 1 | remaining: 249s    
step 00333 (17.2%) | loss: 4.774972 | lrm: 1.00 | dt: 160ms | tok/sec: 818,724 | mfu: 25.5% | epoch: 1 | remaining: 248s    
step 00334 (17.2%) | loss: 4.770786 | lrm: 1.00 | dt: 160ms | tok/sec: 818,712 | mfu: 25.5% | epoch: 1 | remaining: 248s    
step 00335 (17.3%) | loss: 4.764303 | lrm: 1.00 | dt: 160ms | tok/sec: 818,320 | mfu: 25.5% | epoch: 1 | remaining: 248s    
step 00336 (17.3%) | loss: 4.757589 | lrm: 1.00 | dt: 160ms | tok/sec: 818,774 | mfu: 25.5% | epoch: 1 | remaining: 248s    
step 00337 (17.4%) | loss: 4.750082 | lrm: 1.00 | dt: 160ms | tok/sec: 818,586 | mfu: 25.5% | epoch: 1 | remaining: 248s    
step 00338 (17.4%) | loss: 4.749021 | lrm: 1.00 | dt: 160ms | tok/sec: 818,793 | mfu: 25.5% | epoch: 1 | remaining: 248s    
step 00339 (17.5%) | loss: 4.742817 | lrm: 1.00 | dt: 160ms | tok/sec: 818,927 | mfu: 25.5% | epoch: 1 | remaining: 247s    
step 00340 (17.5%) | loss: 4.735664 | lrm: 1.00 | dt: 160ms | tok/sec: 818,923 | mfu: 25.5% | epoch: 1 | remaining: 247s    
step 00341 (17.6%) | loss: 4.728901 | lrm: 1.00 | dt: 160ms | tok/sec: 819,092 | mfu: 25.5% | epoch: 1 | remaining: 247s    
step 00342 (17.6%) | loss: 4.725333 | lrm: 1.00 | dt: 160ms | tok/sec: 818,642 | mfu: 25.5% | epoch: 1 | remaining: 247s    
step 00343 (17.7%) | loss: 4.724070 | lrm: 1.00 | dt: 160ms | tok/sec: 818,673 | mfu: 25.5% | epoch: 1 | remaining: 247s    
step 00344 (17.7%) | loss: 4.723260 | lrm: 1.00 | dt: 160ms | tok/sec: 818,842 | mfu: 25.5% | epoch: 1 | remaining: 247s    
step 00345 (17.8%) | loss: 4.719321 | lrm: 1.00 | dt: 160ms | tok/sec: 818,578 | mfu: 25.5% | epoch: 1 | remaining: 246s    
step 00346 (17.9%) | loss: 4.711287 | lrm: 1.00 | dt: 160ms | tok/sec: 818,655 | mfu: 25.5% | epoch: 1 | remaining: 246s    
step 00347 (17.9%) | loss: 4.709882 | lrm: 1.00 | dt: 160ms | tok/sec: 818,454 | mfu: 25.5% | epoch: 1 | remaining: 246s    
step 00348 (18.0%) | loss: 4.708439 | lrm: 1.00 | dt: 160ms | tok/sec: 818,661 | mfu: 25.5% | epoch: 1 | remaining: 246s    
step 00349 (18.0%) | loss: 4.700500 | lrm: 1.00 | dt: 160ms | tok/sec: 818,807 | mfu: 25.5% | epoch: 1 | remaining: 246s    
step 00350 (18.1%) | loss: 4.695423 | lrm: 1.00 | dt: 160ms | tok/sec: 818,598 | mfu: 25.5% | epoch: 1 | remaining: 246s    
step 00351 (18.1%) | loss: 4.690430 | lrm: 1.00 | dt: 160ms | tok/sec: 818,271 | mfu: 25.5% | epoch: 1 | remaining: 245s    
step 00352 (18.2%) | loss: 4.691494 | lrm: 1.00 | dt: 160ms | tok/sec: 818,308 | mfu: 25.5% | epoch: 1 | remaining: 245s    
step 00353 (18.2%) | loss: 4.684617 | lrm: 1.00 | dt: 160ms | tok/sec: 818,711 | mfu: 25.5% | epoch: 1 | remaining: 245s    
step 00354 (18.3%) | loss: 4.676483 | lrm: 1.00 | dt: 160ms | tok/sec: 818,514 | mfu: 25.5% | epoch: 1 | remaining: 245s    
step 00355 (18.3%) | loss: 4.673001 | lrm: 1.00 | dt: 160ms | tok/sec: 818,724 | mfu: 25.5% | epoch: 1 | remaining: 245s    
step 00356 (18.4%) | loss: 4.669873 | lrm: 1.00 | dt: 160ms | tok/sec: 818,898 | mfu: 25.5% | epoch: 1 | remaining: 245s    
step 00357 (18.4%) | loss: 4.671543 | lrm: 1.00 | dt: 160ms | tok/sec: 818,567 | mfu: 25.5% | epoch: 1 | remaining: 245s    
step 00358 (18.5%) | loss: 4.663320 | lrm: 1.00 | dt: 160ms | tok/sec: 818,544 | mfu: 25.5% | epoch: 1 | remaining: 244s    
step 00359 (18.5%) | loss: 4.656116 | lrm: 1.00 | dt: 160ms | tok/sec: 818,208 | mfu: 25.5% | epoch: 1 | remaining: 244s    
step 00360 (18.6%) | loss: 4.653624 | lrm: 1.00 | dt: 160ms | tok/sec: 818,556 | mfu: 25.5% | epoch: 1 | remaining: 244s    
step 00361 (18.7%) | loss: 4.652089 | lrm: 1.00 | dt: 160ms | tok/sec: 818,721 | mfu: 25.5% | epoch: 1 | remaining: 244s    
step 00362 (18.7%) | loss: 4.649852 | lrm: 1.00 | dt: 160ms | tok/sec: 818,681 | mfu: 25.5% | epoch: 1 | remaining: 244s    
step 00363 (18.8%) | loss: 4.645451 | lrm: 1.00 | dt: 160ms | tok/sec: 818,934 | mfu: 25.5% | epoch: 1 | remaining: 244s    
step 00364 (18.8%) | loss: 4.648277 | lrm: 1.00 | dt: 160ms | tok/sec: 818,099 | mfu: 25.5% | epoch: 1 | remaining: 243s    
step 00365 (18.9%) | loss: 4.642251 | lrm: 1.00 | dt: 160ms | tok/sec: 818,540 | mfu: 25.5% | epoch: 1 | remaining: 243s    
step 00366 (18.9%) | loss: 4.638097 | lrm: 1.00 | dt: 160ms | tok/sec: 818,705 | mfu: 25.5% | epoch: 1 | remaining: 243s    
step 00367 (19.0%) | loss: 4.631373 | lrm: 1.00 | dt: 163ms | tok/sec: 805,498 | mfu: 25.1% | epoch: 1 | remaining: 243s    
step 00368 (19.0%) | loss: 4.626583 | lrm: 1.00 | dt: 162ms | tok/sec: 809,290 | mfu: 25.2% | epoch: 1 | remaining: 243s    
step 00369 (19.1%) | loss: 4.617487 | lrm: 1.00 | dt: 160ms | tok/sec: 818,175 | mfu: 25.5% | epoch: 1 | remaining: 243s    
step 00370 (19.1%) | loss: 4.609894 | lrm: 1.00 | dt: 160ms | tok/sec: 818,356 | mfu: 25.5% | epoch: 1 | remaining: 242s    
step 00371 (19.2%) | loss: 4.604947 | lrm: 1.00 | dt: 160ms | tok/sec: 818,759 | mfu: 25.5% | epoch: 1 | remaining: 242s    
step 00372 (19.2%) | loss: 4.603434 | lrm: 1.00 | dt: 160ms | tok/sec: 818,271 | mfu: 25.5% | epoch: 1 | remaining: 242s    
step 00373 (19.3%) | loss: 4.604003 | lrm: 1.00 | dt: 160ms | tok/sec: 818,434 | mfu: 25.5% | epoch: 1 | remaining: 242s    
step 00374 (19.3%) | loss: 4.597004 | lrm: 1.00 | dt: 160ms | tok/sec: 818,616 | mfu: 25.5% | epoch: 1 | remaining: 242s    
step 00375 (19.4%) | loss: 4.596144 | lrm: 1.00 | dt: 160ms | tok/sec: 818,826 | mfu: 25.5% | epoch: 1 | remaining: 242s    
step 00376 (19.5%) | loss: 4.595020 | lrm: 1.00 | dt: 160ms | tok/sec: 818,715 | mfu: 25.5% | epoch: 1 | remaining: 241s    
step 00377 (19.5%) | loss: 4.591682 | lrm: 1.00 | dt: 160ms | tok/sec: 818,216 | mfu: 25.5% | epoch: 1 | remaining: 241s    
step 00378 (19.6%) | loss: 4.586033 | lrm: 1.00 | dt: 160ms | tok/sec: 818,448 | mfu: 25.5% | epoch: 1 | remaining: 241s    
step 00379 (19.6%) | loss: 4.583520 | lrm: 1.00 | dt: 160ms | tok/sec: 818,842 | mfu: 25.5% | epoch: 1 | remaining: 241s    
step 00380 (19.7%) | loss: 4.579356 | lrm: 1.00 | dt: 160ms | tok/sec: 818,649 | mfu: 25.5% | epoch: 1 | remaining: 241s    
step 00381 (19.7%) | loss: 4.575787 | lrm: 1.00 | dt: 160ms | tok/sec: 818,650 | mfu: 25.5% | epoch: 1 | remaining: 241s    
step 00382 (19.8%) | loss: 4.566805 | lrm: 1.00 | dt: 160ms | tok/sec: 818,475 | mfu: 25.5% | epoch: 1 | remaining: 241s    
step 00383 (19.8%) | loss: 4.563100 | lrm: 1.00 | dt: 160ms | tok/sec: 818,356 | mfu: 25.5% | epoch: 1 | remaining: 240s    
step 00384 (19.9%) | loss: 4.557433 | lrm: 1.00 | dt: 160ms | tok/sec: 818,359 | mfu: 25.5% | epoch: 1 | remaining: 240s    
step 00385 (19.9%) | loss: 4.554597 | lrm: 1.00 | dt: 160ms | tok/sec: 818,547 | mfu: 25.5% | epoch: 1 | remaining: 240s    
step 00386 (20.0%) | loss: 4.551810 | lrm: 1.00 | dt: 160ms | tok/sec: 818,614 | mfu: 25.5% | epoch: 1 | remaining: 240s    
step 00387 (20.0%) | loss: 4.548778 | lrm: 1.00 | dt: 160ms | tok/sec: 818,439 | mfu: 25.5% | epoch: 1 | remaining: 240s    
step 00388 (20.1%) | loss: 4.537057 | lrm: 1.00 | dt: 160ms | tok/sec: 818,849 | mfu: 25.5% | epoch: 1 | remaining: 240s    
step 00389 (20.1%) | loss: 4.533338 | lrm: 1.00 | dt: 160ms | tok/sec: 818,414 | mfu: 25.5% | epoch: 1 | remaining: 239s    
step 00390 (20.2%) | loss: 4.524294 | lrm: 1.00 | dt: 160ms | tok/sec: 818,495 | mfu: 25.5% | epoch: 1 | remaining: 239s    
step 00391 (20.3%) | loss: 4.510527 | lrm: 1.00 | dt: 160ms | tok/sec: 818,423 | mfu: 25.5% | epoch: 1 | remaining: 239s    
step 00392 (20.3%) | loss: 4.507880 | lrm: 1.00 | dt: 160ms | tok/sec: 818,347 | mfu: 25.5% | epoch: 1 | remaining: 239s    
step 00393 (20.4%) | loss: 4.499742 | lrm: 1.00 | dt: 160ms | tok/sec: 818,565 | mfu: 25.5% | epoch: 1 | remaining: 239s    
step 00394 (20.4%) | loss: 4.495117 | lrm: 1.00 | dt: 160ms | tok/sec: 818,765 | mfu: 25.5% | epoch: 1 | remaining: 239s    
step 00395 (20.5%) | loss: 4.491608 | lrm: 1.00 | dt: 160ms | tok/sec: 818,518 | mfu: 25.5% | epoch: 1 | remaining: 238s    
step 00396 (20.5%) | loss: 4.486311 | lrm: 1.00 | dt: 160ms | tok/sec: 818,893 | mfu: 25.5% | epoch: 1 | remaining: 238s    
step 00397 (20.6%) | loss: 4.478252 | lrm: 1.00 | dt: 160ms | tok/sec: 818,483 | mfu: 25.5% | epoch: 1 | remaining: 238s    
step 00398 (20.6%) | loss: 4.471747 | lrm: 1.00 | dt: 160ms | tok/sec: 817,933 | mfu: 25.5% | epoch: 1 | remaining: 238s    
step 00399 (20.7%) | loss: 4.470187 | lrm: 1.00 | dt: 160ms | tok/sec: 818,687 | mfu: 25.5% | epoch: 1 | remaining: 238s    
step 00400 (20.7%) | loss: 4.467105 | lrm: 1.00 | dt: 160ms | tok/sec: 818,389 | mfu: 25.5% | epoch: 1 | remaining: 238s    
step 00401 (20.8%) | loss: 4.457028 | lrm: 1.00 | dt: 160ms | tok/sec: 818,392 | mfu: 25.5% | epoch: 1 | remaining: 237s    
step 00402 (20.8%) | loss: 4.450109 | lrm: 1.00 | dt: 160ms | tok/sec: 818,610 | mfu: 25.5% | epoch: 1 | remaining: 237s    
step 00403 (20.9%) | loss: 4.443096 | lrm: 1.00 | dt: 160ms | tok/sec: 818,422 | mfu: 25.5% | epoch: 1 | remaining: 237s    
step 00404 (20.9%) | loss: 4.437371 | lrm: 1.00 | dt: 160ms | tok/sec: 818,495 | mfu: 25.5% | epoch: 1 | remaining: 237s    
step 00405 (21.0%) | loss: 4.430388 | lrm: 1.00 | dt: 160ms | tok/sec: 818,361 | mfu: 25.5% | epoch: 1 | remaining: 237s    
step 00406 (21.1%) | loss: 4.416657 | lrm: 1.00 | dt: 160ms | tok/sec: 818,268 | mfu: 25.5% | epoch: 1 | remaining: 237s    
step 00407 (21.1%) | loss: 4.410323 | lrm: 1.00 | dt: 160ms | tok/sec: 818,264 | mfu: 25.5% | epoch: 1 | remaining: 237s    
step 00408 (21.2%) | loss: 4.401647 | lrm: 1.00 | dt: 160ms | tok/sec: 818,183 | mfu: 25.5% | epoch: 1 | remaining: 236s    
step 00409 (21.2%) | loss: 4.394944 | lrm: 1.00 | dt: 160ms | tok/sec: 818,288 | mfu: 25.5% | epoch: 1 | remaining: 236s    
step 00410 (21.3%) | loss: 4.390540 | lrm: 1.00 | dt: 160ms | tok/sec: 818,536 | mfu: 25.5% | epoch: 1 | remaining: 236s    
step 00411 (21.3%) | loss: 4.384691 | lrm: 1.00 | dt: 160ms | tok/sec: 818,338 | mfu: 25.5% | epoch: 1 | remaining: 236s    
step 00412 (21.4%) | loss: 4.379996 | lrm: 1.00 | dt: 160ms | tok/sec: 818,084 | mfu: 25.5% | epoch: 1 | remaining: 236s    
step 00413 (21.4%) | loss: 4.373470 | lrm: 1.00 | dt: 160ms | tok/sec: 817,745 | mfu: 25.5% | epoch: 1 | remaining: 236s    
step 00414 (21.5%) | loss: 4.366599 | lrm: 1.00 | dt: 160ms | tok/sec: 818,531 | mfu: 25.5% | epoch: 1 | remaining: 235s    
step 00415 (21.5%) | loss: 4.361848 | lrm: 1.00 | dt: 160ms | tok/sec: 818,199 | mfu: 25.5% | epoch: 1 | remaining: 235s    
step 00416 (21.6%) | loss: 4.350375 | lrm: 1.00 | dt: 160ms | tok/sec: 818,512 | mfu: 25.5% | epoch: 1 | remaining: 235s    
step 00417 (21.6%) | loss: 4.339629 | lrm: 1.00 | dt: 160ms | tok/sec: 818,090 | mfu: 25.5% | epoch: 1 | remaining: 235s    
step 00418 (21.7%) | loss: 4.328694 | lrm: 1.00 | dt: 160ms | tok/sec: 818,288 | mfu: 25.5% | epoch: 1 | remaining: 235s    
step 00419 (21.8%) | loss: 4.320411 | lrm: 1.00 | dt: 160ms | tok/sec: 818,319 | mfu: 25.5% | epoch: 1 | remaining: 235s    
step 00420 (21.8%) | loss: 4.314579 | lrm: 1.00 | dt: 160ms | tok/sec: 818,445 | mfu: 25.5% | epoch: 1 | remaining: 234s    
step 00421 (21.9%) | loss: 4.309419 | lrm: 1.00 | dt: 160ms | tok/sec: 818,308 | mfu: 25.5% | epoch: 1 | remaining: 234s    
step 00422 (21.9%) | loss: 4.301828 | lrm: 1.00 | dt: 160ms | tok/sec: 818,377 | mfu: 25.5% | epoch: 1 | remaining: 234s    
step 00423 (22.0%) | loss: 4.304820 | lrm: 1.00 | dt: 160ms | tok/sec: 817,942 | mfu: 25.5% | epoch: 1 | remaining: 234s    
step 00424 (22.0%) | loss: 4.299704 | lrm: 1.00 | dt: 160ms | tok/sec: 818,515 | mfu: 25.5% | epoch: 1 | remaining: 234s    
step 00425 (22.1%) | loss: 4.296710 | lrm: 1.00 | dt: 160ms | tok/sec: 818,482 | mfu: 25.5% | epoch: 1 | remaining: 234s    
step 00426 (22.1%) | loss: 4.293598 | lrm: 1.00 | dt: 160ms | tok/sec: 818,753 | mfu: 25.5% | epoch: 1 | remaining: 233s    
step 00427 (22.2%) | loss: 4.292215 | lrm: 1.00 | dt: 160ms | tok/sec: 818,650 | mfu: 25.5% | epoch: 1 | remaining: 233s    
step 00428 (22.2%) | loss: 4.288122 | lrm: 1.00 | dt: 160ms | tok/sec: 818,592 | mfu: 25.5% | epoch: 1 | remaining: 233s    
step 00429 (22.3%) | loss: 4.280945 | lrm: 1.00 | dt: 160ms | tok/sec: 818,475 | mfu: 25.5% | epoch: 1 | remaining: 233s    
step 00430 (22.3%) | loss: 4.276079 | lrm: 1.00 | dt: 160ms | tok/sec: 818,527 | mfu: 25.5% | epoch: 1 | remaining: 233s    
step 00431 (22.4%) | loss: 4.270109 | lrm: 1.00 | dt: 160ms | tok/sec: 818,461 | mfu: 25.5% | epoch: 1 | remaining: 233s    
step 00432 (22.4%) | loss: 4.270725 | lrm: 1.00 | dt: 160ms | tok/sec: 818,532 | mfu: 25.5% | epoch: 1 | remaining: 233s    
step 00433 (22.5%) | loss: 4.264425 | lrm: 1.00 | dt: 160ms | tok/sec: 818,261 | mfu: 25.5% | epoch: 1 | remaining: 232s    
step 00434 (22.6%) | loss: 4.266669 | lrm: 1.00 | dt: 160ms | tok/sec: 817,456 | mfu: 25.5% | epoch: 1 | remaining: 232s    
step 00435 (22.6%) | loss: 4.261071 | lrm: 1.00 | dt: 160ms | tok/sec: 818,431 | mfu: 25.5% | epoch: 1 | remaining: 232s    
step 00436 (22.7%) | loss: 4.259598 | lrm: 1.00 | dt: 160ms | tok/sec: 818,617 | mfu: 25.5% | epoch: 1 | remaining: 232s    
step 00437 (22.7%) | loss: 4.252498 | lrm: 1.00 | dt: 160ms | tok/sec: 817,979 | mfu: 25.5% | epoch: 1 | remaining: 232s    
step 00438 (22.8%) | loss: 4.243489 | lrm: 1.00 | dt: 160ms | tok/sec: 817,855 | mfu: 25.5% | epoch: 1 | remaining: 232s    
step 00439 (22.8%) | loss: 4.232481 | lrm: 1.00 | dt: 161ms | tok/sec: 816,251 | mfu: 25.4% | epoch: 1 | remaining: 231s    
step 00440 (22.9%) | loss: 4.228483 | lrm: 1.00 | dt: 160ms | tok/sec: 817,705 | mfu: 25.5% | epoch: 1 | remaining: 231s    
step 00441 (22.9%) | loss: 4.223419 | lrm: 1.00 | dt: 160ms | tok/sec: 817,497 | mfu: 25.5% | epoch: 1 | remaining: 231s    
step 00442 (23.0%) | loss: 4.218080 | lrm: 1.00 | dt: 160ms | tok/sec: 818,079 | mfu: 25.5% | epoch: 1 | remaining: 231s    
step 00443 (23.0%) | loss: 4.215904 | lrm: 1.00 | dt: 160ms | tok/sec: 818,516 | mfu: 25.5% | epoch: 1 | remaining: 231s    
step 00444 (23.1%) | loss: 4.209994 | lrm: 1.00 | dt: 160ms | tok/sec: 818,352 | mfu: 25.5% | epoch: 1 | remaining: 231s    
step 00445 (23.1%) | loss: 4.202747 | lrm: 1.00 | dt: 160ms | tok/sec: 818,181 | mfu: 25.5% | epoch: 1 | remaining: 230s    
step 00446 (23.2%) | loss: 4.200762 | lrm: 1.00 | dt: 160ms | tok/sec: 818,434 | mfu: 25.5% | epoch: 1 | remaining: 230s    
step 00447 (23.2%) | loss: 4.197965 | lrm: 1.00 | dt: 160ms | tok/sec: 818,560 | mfu: 25.5% | epoch: 1 | remaining: 230s    
step 00448 (23.3%) | loss: 4.199869 | lrm: 1.00 | dt: 160ms | tok/sec: 818,324 | mfu: 25.5% | epoch: 1 | remaining: 230s    
step 00449 (23.4%) | loss: 4.199475 | lrm: 1.00 | dt: 160ms | tok/sec: 817,958 | mfu: 25.5% | epoch: 1 | remaining: 230s    
step 00450 (23.4%) | loss: 4.196451 | lrm: 1.00 | dt: 160ms | tok/sec: 818,479 | mfu: 25.5% | epoch: 1 | remaining: 230s    
step 00451 (23.5%) | loss: 4.199339 | lrm: 1.00 | dt: 160ms | tok/sec: 818,501 | mfu: 25.5% | epoch: 1 | remaining: 229s    
step 00452 (23.5%) | loss: 4.196948 | lrm: 1.00 | dt: 160ms | tok/sec: 818,520 | mfu: 25.5% | epoch: 1 | remaining: 229s    
step 00453 (23.6%) | loss: 4.202468 | lrm: 1.00 | dt: 160ms | tok/sec: 818,403 | mfu: 25.5% | epoch: 1 | remaining: 229s    
step 00454 (23.6%) | loss: 4.200073 | lrm: 1.00 | dt: 160ms | tok/sec: 818,164 | mfu: 25.5% | epoch: 1 | remaining: 229s    
step 00455 (23.7%) | loss: 4.227276 | lrm: 1.00 | dt: 160ms | tok/sec: 818,501 | mfu: 25.5% | epoch: 1 | remaining: 229s    
step 00456 (23.7%) | loss: 4.241829 | lrm: 1.00 | dt: 160ms | tok/sec: 818,205 | mfu: 25.5% | epoch: 1 | remaining: 229s    
step 00457 (23.8%) | loss: 4.253726 | lrm: 1.00 | dt: 160ms | tok/sec: 817,916 | mfu: 25.5% | epoch: 1 | remaining: 229s    
step 00458 (23.8%) | loss: 4.273535 | lrm: 1.00 | dt: 160ms | tok/sec: 818,137 | mfu: 25.5% | epoch: 1 | remaining: 228s    
step 00459 (23.9%) | loss: 4.302967 | lrm: 1.00 | dt: 160ms | tok/sec: 818,308 | mfu: 25.5% | epoch: 1 | remaining: 228s    
step 00460 (23.9%) | loss: 4.402195 | lrm: 1.00 | dt: 160ms | tok/sec: 818,330 | mfu: 25.5% | epoch: 1 | remaining: 228s    
step 00461 (24.0%) | loss: 4.665084 | lrm: 1.00 | dt: 160ms | tok/sec: 819,108 | mfu: 25.5% | epoch: 1 | remaining: 228s    
step 00462 (24.0%) | loss: 4.893314 | lrm: 1.00 | dt: 160ms | tok/sec: 818,937 | mfu: 25.5% | epoch: 1 | remaining: 228s    
step 00463 (24.1%) | loss: 5.210608 | lrm: 1.00 | dt: 160ms | tok/sec: 818,721 | mfu: 25.5% | epoch: 1 | remaining: 228s    
step 00464 (24.2%) | loss: 5.436619 | lrm: 1.00 | dt: 160ms | tok/sec: 819,656 | mfu: 25.5% | epoch: 1 | remaining: 227s    
step 00465 (24.2%) | loss: 5.807647 | lrm: 1.00 | dt: 160ms | tok/sec: 819,609 | mfu: 25.5% | epoch: 1 | remaining: 227s    
step 00466 (24.3%) | loss: 6.006669 | lrm: 1.00 | dt: 160ms | tok/sec: 819,355 | mfu: 25.5% | epoch: 1 | remaining: 227s    
step 00467 (24.3%) | loss: 6.102775 | lrm: 1.00 | dt: 160ms | tok/sec: 818,770 | mfu: 25.5% | epoch: 1 | remaining: 227s    
step 00468 (24.4%) | loss: 6.258811 | lrm: 1.00 | dt: 160ms | tok/sec: 819,180 | mfu: 25.5% | epoch: 1 | remaining: 227s    
step 00469 (24.4%) | loss: 6.431193 | lrm: 1.00 | dt: 160ms | tok/sec: 819,408 | mfu: 25.5% | epoch: 1 | remaining: 227s    
step 00470 (24.5%) | loss: 6.493196 | lrm: 1.00 | dt: 160ms | tok/sec: 819,237 | mfu: 25.5% | epoch: 1 | remaining: 226s    
step 00471 (24.5%) | loss: 6.546282 | lrm: 1.00 | dt: 160ms | tok/sec: 819,131 | mfu: 25.5% | epoch: 1 | remaining: 226s    
step 00472 (24.6%) | loss: 6.555392 | lrm: 1.00 | dt: 160ms | tok/sec: 819,082 | mfu: 25.5% | epoch: 1 | remaining: 226s    
step 00473 (24.6%) | loss: 6.526955 | lrm: 1.00 | dt: 160ms | tok/sec: 818,917 | mfu: 25.5% | epoch: 1 | remaining: 226s    
step 00474 (24.7%) | loss: 6.486256 | lrm: 1.00 | dt: 160ms | tok/sec: 818,499 | mfu: 25.5% | epoch: 1 | remaining: 226s    
step 00475 (24.7%) | loss: 6.428353 | lrm: 1.00 | dt: 160ms | tok/sec: 819,016 | mfu: 25.5% | epoch: 1 | remaining: 226s    
step 00476 (24.8%) | loss: 6.367314 | lrm: 1.00 | dt: 160ms | tok/sec: 818,594 | mfu: 25.5% | epoch: 1 | remaining: 225s    
step 00477 (24.8%) | loss: 6.301705 | lrm: 1.00 | dt: 160ms | tok/sec: 817,468 | mfu: 25.5% | epoch: 1 | remaining: 225s    
step 00478 (24.9%) | loss: 6.246793 | lrm: 1.00 | dt: 160ms | tok/sec: 818,638 | mfu: 25.5% | epoch: 1 | remaining: 225s    
step 00479 (25.0%) | loss: 6.198137 | lrm: 1.00 | dt: 160ms | tok/sec: 818,539 | mfu: 25.5% | epoch: 1 | remaining: 225s    
step 00480 (25.0%) | loss: 6.152791 | lrm: 1.00 | dt: 161ms | tok/sec: 815,460 | mfu: 25.4% | epoch: 1 | remaining: 225s    
step 00481 (25.1%) | loss: 6.094722 | lrm: 1.00 | dt: 161ms | tok/sec: 814,457 | mfu: 25.4% | epoch: 1 | remaining: 225s    
step 00482 (25.1%) | loss: 6.030653 | lrm: 1.00 | dt: 160ms | tok/sec: 817,823 | mfu: 25.5% | epoch: 1 | remaining: 224s    
step 00483 (25.2%) | loss: 5.964201 | lrm: 1.00 | dt: 160ms | tok/sec: 818,361 | mfu: 25.5% | epoch: 1 | remaining: 224s    
step 00484 (25.2%) | loss: 5.897711 | lrm: 1.00 | dt: 160ms | tok/sec: 818,694 | mfu: 25.5% | epoch: 1 | remaining: 224s    
step 00485 (25.3%) | loss: 5.830425 | lrm: 1.00 | dt: 160ms | tok/sec: 818,516 | mfu: 25.5% | epoch: 1 | remaining: 224s    
step 00486 (25.3%) | loss: 5.764919 | lrm: 1.00 | dt: 160ms | tok/sec: 818,483 | mfu: 25.5% | epoch: 1 | remaining: 224s    
step 00487 (25.4%) | loss: 5.698614 | lrm: 1.00 | dt: 160ms | tok/sec: 818,487 | mfu: 25.5% | epoch: 1 | remaining: 224s    
step 00488 (25.4%) | loss: 5.635984 | lrm: 1.00 | dt: 160ms | tok/sec: 818,489 | mfu: 25.5% | epoch: 1 | remaining: 224s    
step 00489 (25.5%) | loss: 5.569220 | lrm: 1.00 | dt: 160ms | tok/sec: 818,477 | mfu: 25.5% | epoch: 1 | remaining: 223s    
step 00490 (25.5%) | loss: 5.506142 | lrm: 1.00 | dt: 160ms | tok/sec: 818,475 | mfu: 25.5% | epoch: 1 | remaining: 223s    
step 00491 (25.6%) | loss: 5.455122 | lrm: 1.00 | dt: 160ms | tok/sec: 818,386 | mfu: 25.5% | epoch: 1 | remaining: 223s    
step 00492 (25.6%) | loss: 5.431040 | lrm: 1.00 | dt: 160ms | tok/sec: 818,562 | mfu: 25.5% | epoch: 1 | remaining: 223s    
step 00493 (25.7%) | loss: 5.387027 | lrm: 1.00 | dt: 160ms | tok/sec: 818,703 | mfu: 25.5% | epoch: 1 | remaining: 223s    
step 00494 (25.8%) | loss: 5.348686 | lrm: 1.00 | dt: 160ms | tok/sec: 818,358 | mfu: 25.5% | epoch: 1 | remaining: 223s    
step 00495 (25.8%) | loss: 5.308175 | lrm: 1.00 | dt: 161ms | tok/sec: 815,990 | mfu: 25.4% | epoch: 1 | remaining: 222s    
step 00496 (25.9%) | loss: 5.263946 | lrm: 1.00 | dt: 160ms | tok/sec: 817,899 | mfu: 25.5% | epoch: 1 | remaining: 222s    
step 00497 (25.9%) | loss: 5.223259 | lrm: 1.00 | dt: 160ms | tok/sec: 818,073 | mfu: 25.5% | epoch: 1 | remaining: 222s    
step 00498 (26.0%) | loss: 5.186338 | lrm: 1.00 | dt: 164ms | tok/sec: 797,894 | mfu: 24.9% | epoch: 1 | remaining: 222s    
step 00499 (26.0%) | loss: 5.147811 | lrm: 1.00 | dt: 160ms | tok/sec: 818,439 | mfu: 25.5% | epoch: 1 | remaining: 222s    
step 00500 (26.1%) | loss: 5.113115 | lrm: 1.00 | dt: 160ms | tok/sec: 818,376 | mfu: 25.5% | epoch: 1 | remaining: 222s    
step 00501 (26.1%) | loss: 5.076142 | lrm: 1.00 | dt: 160ms | tok/sec: 818,159 | mfu: 25.5% | epoch: 1 | remaining: 221s    
step 00502 (26.2%) | loss: 5.042322 | lrm: 1.00 | dt: 160ms | tok/sec: 818,684 | mfu: 25.5% | epoch: 1 | remaining: 221s    
step 00503 (26.2%) | loss: 5.003508 | lrm: 1.00 | dt: 160ms | tok/sec: 818,555 | mfu: 25.5% | epoch: 1 | remaining: 221s    
step 00504 (26.3%) | loss: 4.965025 | lrm: 1.00 | dt: 160ms | tok/sec: 817,935 | mfu: 25.5% | epoch: 1 | remaining: 221s    
step 00505 (26.3%) | loss: 4.931372 | lrm: 1.00 | dt: 160ms | tok/sec: 818,328 | mfu: 25.5% | epoch: 1 | remaining: 221s    
step 00506 (26.4%) | loss: 4.895743 | lrm: 1.00 | dt: 160ms | tok/sec: 818,317 | mfu: 25.5% | epoch: 1 | remaining: 221s    
step 00507 (26.4%) | loss: 4.862071 | lrm: 1.00 | dt: 160ms | tok/sec: 818,604 | mfu: 25.5% | epoch: 1 | remaining: 220s    
step 00508 (26.5%) | loss: 4.827355 | lrm: 1.00 | dt: 160ms | tok/sec: 818,516 | mfu: 25.5% | epoch: 1 | remaining: 220s    
step 00509 (26.6%) | loss: 4.794145 | lrm: 1.00 | dt: 160ms | tok/sec: 818,384 | mfu: 25.5% | epoch: 1 | remaining: 220s    
step 00510 (26.6%) | loss: 4.770718 | lrm: 1.00 | dt: 160ms | tok/sec: 818,129 | mfu: 25.5% | epoch: 1 | remaining: 220s    
step 00511 (26.7%) | loss: 4.741834 | lrm: 1.00 | dt: 160ms | tok/sec: 817,316 | mfu: 25.5% | epoch: 1 | remaining: 220s    
step 00512 (26.7%) | loss: 4.712987 | lrm: 1.00 | dt: 160ms | tok/sec: 818,018 | mfu: 25.5% | epoch: 1 | remaining: 220s    
step 00513 (26.8%) | loss: 4.681595 | lrm: 1.00 | dt: 160ms | tok/sec: 818,202 | mfu: 25.5% | epoch: 1 | remaining: 220s    
step 00514 (26.8%) | loss: 4.655921 | lrm: 1.00 | dt: 160ms | tok/sec: 818,559 | mfu: 25.5% | epoch: 1 | remaining: 219s    
step 00515 (26.9%) | loss: 4.628446 | lrm: 1.00 | dt: 160ms | tok/sec: 818,364 | mfu: 25.5% | epoch: 1 | remaining: 219s    
step 00516 (26.9%) | loss: 4.606048 | lrm: 1.00 | dt: 160ms | tok/sec: 818,031 | mfu: 25.5% | epoch: 1 | remaining: 219s    
step 00517 (27.0%) | loss: 4.583337 | lrm: 1.00 | dt: 160ms | tok/sec: 818,191 | mfu: 25.5% | epoch: 1 | remaining: 219s    
step 00518 (27.0%) | loss: 4.558232 | lrm: 1.00 | dt: 160ms | tok/sec: 818,481 | mfu: 25.5% | epoch: 1 | remaining: 219s    
step 00519 (27.1%) | loss: 4.537501 | lrm: 1.00 | dt: 160ms | tok/sec: 818,384 | mfu: 25.5% | epoch: 1 | remaining: 219s    
step 00520 (27.1%) | loss: 4.513459 | lrm: 1.00 | dt: 160ms | tok/sec: 818,525 | mfu: 25.5% | epoch: 1 | remaining: 218s    
step 00521 (27.2%) | loss: 4.495705 | lrm: 1.00 | dt: 160ms | tok/sec: 818,231 | mfu: 25.5% | epoch: 1 | remaining: 218s    
step 00522 (27.3%) | loss: 4.478771 | lrm: 1.00 | dt: 160ms | tok/sec: 818,297 | mfu: 25.5% | epoch: 1 | remaining: 218s    
step 00523 (27.3%) | loss: 4.461173 | lrm: 1.00 | dt: 160ms | tok/sec: 818,363 | mfu: 25.5% | epoch: 1 | remaining: 218s    
step 00524 (27.4%) | loss: 4.446204 | lrm: 1.00 | dt: 160ms | tok/sec: 818,109 | mfu: 25.5% | epoch: 1 | remaining: 218s    
step 00525 (27.4%) | loss: 4.429049 | lrm: 1.00 | dt: 160ms | tok/sec: 818,383 | mfu: 25.5% | epoch: 1 | remaining: 218s    
step 00526 (27.5%) | loss: 4.411975 | lrm: 1.00 | dt: 160ms | tok/sec: 818,109 | mfu: 25.5% | epoch: 1 | remaining: 217s    
step 00527 (27.5%) | loss: 4.395545 | lrm: 1.00 | dt: 160ms | tok/sec: 818,332 | mfu: 25.5% | epoch: 1 | remaining: 217s    
step 00528 (27.6%) | loss: 4.377205 | lrm: 1.00 | dt: 160ms | tok/sec: 817,995 | mfu: 25.5% | epoch: 1 | remaining: 217s    
step 00529 (27.6%) | loss: 4.364763 | lrm: 1.00 | dt: 160ms | tok/sec: 818,521 | mfu: 25.5% | epoch: 1 | remaining: 217s    
step 00530 (27.7%) | loss: 4.351675 | lrm: 1.00 | dt: 160ms | tok/sec: 817,849 | mfu: 25.5% | epoch: 1 | remaining: 217s    
step 00531 (27.7%) | loss: 4.337966 | lrm: 1.00 | dt: 160ms | tok/sec: 817,873 | mfu: 25.5% | epoch: 1 | remaining: 217s    
step 00532 (27.8%) | loss: 4.325888 | lrm: 1.00 | dt: 160ms | tok/sec: 818,687 | mfu: 25.5% | epoch: 1 | remaining: 216s    
step 00533 (27.8%) | loss: 4.310056 | lrm: 1.00 | dt: 160ms | tok/sec: 818,651 | mfu: 25.5% | epoch: 1 | remaining: 216s    
step 00534 (27.9%) | loss: 4.303068 | lrm: 1.00 | dt: 160ms | tok/sec: 818,121 | mfu: 25.5% | epoch: 1 | remaining: 216s    
step 00535 (27.9%) | loss: 4.284548 | lrm: 1.00 | dt: 160ms | tok/sec: 817,546 | mfu: 25.5% | epoch: 1 | remaining: 216s    
step 00536 (28.0%) | loss: 4.273912 | lrm: 1.00 | dt: 160ms | tok/sec: 817,037 | mfu: 25.5% | epoch: 1 | remaining: 216s    
step 00537 (28.1%) | loss: 4.268153 | lrm: 1.00 | dt: 160ms | tok/sec: 817,994 | mfu: 25.5% | epoch: 1 | remaining: 216s    
step 00538 (28.1%) | loss: 4.258729 | lrm: 1.00 | dt: 160ms | tok/sec: 817,644 | mfu: 25.5% | epoch: 1 | remaining: 216s    
step 00539 (28.2%) | loss: 4.248417 | lrm: 1.00 | dt: 160ms | tok/sec: 818,336 | mfu: 25.5% | epoch: 1 | remaining: 215s    
step 00540 (28.2%) | loss: 4.239052 | lrm: 1.00 | dt: 160ms | tok/sec: 817,647 | mfu: 25.5% | epoch: 1 | remaining: 215s    
step 00541 (28.3%) | loss: 4.230254 | lrm: 1.00 | dt: 160ms | tok/sec: 817,829 | mfu: 25.5% | epoch: 1 | remaining: 215s    
step 00542 (28.3%) | loss: 4.227014 | lrm: 1.00 | dt: 160ms | tok/sec: 818,091 | mfu: 25.5% | epoch: 1 | remaining: 215s    
step 00543 (28.4%) | loss: 4.222005 | lrm: 1.00 | dt: 160ms | tok/sec: 817,236 | mfu: 25.5% | epoch: 1 | remaining: 215s    
step 00544 (28.4%) | loss: 4.206726 | lrm: 1.00 | dt: 160ms | tok/sec: 818,001 | mfu: 25.5% | epoch: 1 | remaining: 215s    
step 00545 (28.5%) | loss: 4.203399 | lrm: 1.00 | dt: 160ms | tok/sec: 817,979 | mfu: 25.5% | epoch: 1 | remaining: 214s    
step 00546 (28.5%) | loss: 4.198874 | lrm: 1.00 | dt: 162ms | tok/sec: 806,947 | mfu: 25.1% | epoch: 1 | remaining: 214s    
step 00547 (28.6%) | loss: 4.185537 | lrm: 1.00 | dt: 160ms | tok/sec: 817,755 | mfu: 25.5% | epoch: 1 | remaining: 214s    
step 00548 (28.6%) | loss: 4.180437 | lrm: 1.00 | dt: 160ms | tok/sec: 818,179 | mfu: 25.5% | epoch: 1 | remaining: 214s    
step 00549 (28.7%) | loss: 4.165708 | lrm: 1.00 | dt: 160ms | tok/sec: 818,450 | mfu: 25.5% | epoch: 1 | remaining: 214s    
step 00550 (28.7%) | loss: 4.156274 | lrm: 1.00 | dt: 160ms | tok/sec: 818,506 | mfu: 25.5% | epoch: 1 | remaining: 214s    
step 00551 (28.8%) | loss: 4.154430 | lrm: 1.00 | dt: 160ms | tok/sec: 818,255 | mfu: 25.5% | epoch: 1 | remaining: 213s    
step 00552 (28.9%) | loss: 4.143762 | lrm: 1.00 | dt: 160ms | tok/sec: 818,198 | mfu: 25.5% | epoch: 1 | remaining: 213s    
step 00553 (28.9%) | loss: 4.140382 | lrm: 1.00 | dt: 160ms | tok/sec: 818,131 | mfu: 25.5% | epoch: 1 | remaining: 213s    
step 00554 (29.0%) | loss: 4.127527 | lrm: 1.00 | dt: 160ms | tok/sec: 818,293 | mfu: 25.5% | epoch: 1 | remaining: 213s    
step 00555 (29.0%) | loss: 4.121801 | lrm: 1.00 | dt: 160ms | tok/sec: 818,067 | mfu: 25.5% | epoch: 1 | remaining: 213s    
step 00556 (29.1%) | loss: 4.120701 | lrm: 1.00 | dt: 160ms | tok/sec: 818,198 | mfu: 25.5% | epoch: 1 | remaining: 213s    
step 00557 (29.1%) | loss: 4.121091 | lrm: 1.00 | dt: 160ms | tok/sec: 818,071 | mfu: 25.5% | epoch: 1 | remaining: 212s    
step 00558 (29.2%) | loss: 4.109214 | lrm: 1.00 | dt: 160ms | tok/sec: 818,324 | mfu: 25.5% | epoch: 1 | remaining: 212s    
step 00559 (29.2%) | loss: 4.103995 | lrm: 1.00 | dt: 160ms | tok/sec: 818,183 | mfu: 25.5% | epoch: 1 | remaining: 212s    
step 00560 (29.3%) | loss: 4.093512 | lrm: 1.00 | dt: 160ms | tok/sec: 818,320 | mfu: 25.5% | epoch: 1 | remaining: 212s    
step 00561 (29.3%) | loss: 4.086701 | lrm: 1.00 | dt: 160ms | tok/sec: 817,959 | mfu: 25.5% | epoch: 1 | remaining: 212s    
step 00562 (29.4%) | loss: 4.081537 | lrm: 1.00 | dt: 160ms | tok/sec: 818,210 | mfu: 25.5% | epoch: 1 | remaining: 212s    
step 00563 (29.4%) | loss: 4.078120 | lrm: 1.00 | dt: 160ms | tok/sec: 817,986 | mfu: 25.5% | epoch: 1 | remaining: 212s    
step 00564 (29.5%) | loss: 4.072725 | lrm: 1.00 | dt: 160ms | tok/sec: 817,986 | mfu: 25.5% | epoch: 1 | remaining: 211s    
step 00565 (29.5%) | loss: 4.065805 | lrm: 1.00 | dt: 160ms | tok/sec: 818,377 | mfu: 25.5% | epoch: 1 | remaining: 211s    
step 00566 (29.6%) | loss: 4.064746 | lrm: 1.00 | dt: 160ms | tok/sec: 818,425 | mfu: 25.5% | epoch: 1 | remaining: 211s    
step 00567 (29.7%) | loss: 4.058383 | lrm: 1.00 | dt: 160ms | tok/sec: 818,521 | mfu: 25.5% | epoch: 1 | remaining: 211s    
step 00568 (29.7%) | loss: 4.057592 | lrm: 1.00 | dt: 160ms | tok/sec: 818,531 | mfu: 25.5% | epoch: 1 | remaining: 211s    
step 00569 (29.8%) | loss: 4.057837 | lrm: 1.00 | dt: 160ms | tok/sec: 818,365 | mfu: 25.5% | epoch: 1 | remaining: 211s    
step 00570 (29.8%) | loss: 4.056858 | lrm: 1.00 | dt: 160ms | tok/sec: 818,739 | mfu: 25.5% | epoch: 1 | remaining: 210s    
step 00571 (29.9%) | loss: 4.057107 | lrm: 1.00 | dt: 160ms | tok/sec: 818,244 | mfu: 25.5% | epoch: 1 | remaining: 210s    
step 00572 (29.9%) | loss: 4.054114 | lrm: 1.00 | dt: 160ms | tok/sec: 818,497 | mfu: 25.5% | epoch: 1 | remaining: 210s    
step 00573 (30.0%) | loss: 4.049978 | lrm: 1.00 | dt: 160ms | tok/sec: 818,526 | mfu: 25.5% | epoch: 1 | remaining: 210s    
step 00574 (30.0%) | loss: 4.048189 | lrm: 1.00 | dt: 160ms | tok/sec: 818,356 | mfu: 25.5% | epoch: 1 | remaining: 210s    
step 00575 (30.1%) | loss: 4.045451 | lrm: 1.00 | dt: 160ms | tok/sec: 818,145 | mfu: 25.5% | epoch: 1 | remaining: 210s    
step 00576 (30.1%) | loss: 4.043076 | lrm: 1.00 | dt: 160ms | tok/sec: 818,002 | mfu: 25.5% | epoch: 1 | remaining: 209s    
step 00577 (30.2%) | loss: 4.032667 | lrm: 1.00 | dt: 160ms | tok/sec: 818,287 | mfu: 25.5% | epoch: 1 | remaining: 209s    
step 00578 (30.2%) | loss: 4.031374 | lrm: 1.00 | dt: 160ms | tok/sec: 818,405 | mfu: 25.5% | epoch: 1 | remaining: 209s    
step 00579 (30.3%) | loss: 4.024615 | lrm: 1.00 | dt: 160ms | tok/sec: 818,106 | mfu: 25.5% | epoch: 1 | remaining: 209s    
step 00580 (30.3%) | loss: 4.031120 | lrm: 1.00 | dt: 164ms | tok/sec: 801,413 | mfu: 25.0% | epoch: 1 | remaining: 209s    
step 00581 (30.4%) | loss: 4.028169 | lrm: 1.00 | dt: 160ms | tok/sec: 817,893 | mfu: 25.5% | epoch: 1 | remaining: 209s    
step 00582 (30.5%) | loss: 4.023741 | lrm: 1.00 | dt: 160ms | tok/sec: 818,236 | mfu: 25.5% | epoch: 1 | remaining: 208s    
step 00583 (30.5%) | loss: 4.021349 | lrm: 1.00 | dt: 160ms | tok/sec: 818,356 | mfu: 25.5% | epoch: 1 | remaining: 208s    
step 00584 (30.6%) | loss: 4.015531 | lrm: 1.00 | dt: 160ms | tok/sec: 817,744 | mfu: 25.5% | epoch: 1 | remaining: 208s    
step 00585 (30.6%) | loss: 4.009908 | lrm: 1.00 | dt: 160ms | tok/sec: 817,743 | mfu: 25.5% | epoch: 1 | remaining: 208s    
step 00586 (30.7%) | loss: 4.009999 | lrm: 1.00 | dt: 160ms | tok/sec: 818,124 | mfu: 25.5% | epoch: 1 | remaining: 208s    
step 00587 (30.7%) | loss: 4.009063 | lrm: 1.00 | dt: 160ms | tok/sec: 818,227 | mfu: 25.5% | epoch: 1 | remaining: 208s    
step 00588 (30.8%) | loss: 4.006605 | lrm: 1.00 | dt: 160ms | tok/sec: 818,381 | mfu: 25.5% | epoch: 1 | remaining: 208s    
step 00589 (30.8%) | loss: 3.999031 | lrm: 1.00 | dt: 160ms | tok/sec: 817,990 | mfu: 25.5% | epoch: 1 | remaining: 207s    
step 00590 (30.9%) | loss: 3.997960 | lrm: 1.00 | dt: 160ms | tok/sec: 818,394 | mfu: 25.5% | epoch: 1 | remaining: 207s    
step 00591 (30.9%) | loss: 4.000780 | lrm: 1.00 | dt: 160ms | tok/sec: 818,635 | mfu: 25.5% | epoch: 1 | remaining: 207s    
step 00592 (31.0%) | loss: 3.998929 | lrm: 1.00 | dt: 160ms | tok/sec: 818,242 | mfu: 25.5% | epoch: 1 | remaining: 207s    
step 00593 (31.0%) | loss: 4.000662 | lrm: 1.00 | dt: 160ms | tok/sec: 818,129 | mfu: 25.5% | epoch: 1 | remaining: 207s    
step 00594 (31.1%) | loss: 3.998906 | lrm: 1.00 | dt: 160ms | tok/sec: 817,978 | mfu: 25.5% | epoch: 1 | remaining: 207s    
step 00595 (31.2%) | loss: 4.000825 | lrm: 1.00 | dt: 160ms | tok/sec: 816,887 | mfu: 25.5% | epoch: 1 | remaining: 206s    
step 00596 (31.2%) | loss: 3.993468 | lrm: 1.00 | dt: 160ms | tok/sec: 817,694 | mfu: 25.5% | epoch: 1 | remaining: 206s    
step 00597 (31.3%) | loss: 3.987061 | lrm: 1.00 | dt: 160ms | tok/sec: 817,792 | mfu: 25.5% | epoch: 1 | remaining: 206s    
step 00598 (31.3%) | loss: 3.982969 | lrm: 1.00 | dt: 160ms | tok/sec: 817,981 | mfu: 25.5% | epoch: 1 | remaining: 206s    
step 00599 (31.4%) | loss: 3.980436 | lrm: 1.00 | dt: 160ms | tok/sec: 818,709 | mfu: 25.5% | epoch: 1 | remaining: 206s    
step 00600 (31.4%) | loss: 3.968356 | lrm: 1.00 | dt: 160ms | tok/sec: 818,414 | mfu: 25.5% | epoch: 1 | remaining: 206s    
step 00601 (31.5%) | loss: 3.960797 | lrm: 1.00 | dt: 160ms | tok/sec: 818,561 | mfu: 25.5% | epoch: 1 | remaining: 205s    
step 00602 (31.5%) | loss: 3.954963 | lrm: 1.00 | dt: 160ms | tok/sec: 818,545 | mfu: 25.5% | epoch: 1 | remaining: 205s    
step 00603 (31.6%) | loss: 3.948180 | lrm: 1.00 | dt: 160ms | tok/sec: 818,121 | mfu: 25.5% | epoch: 1 | remaining: 205s    
step 00604 (31.6%) | loss: 3.944713 | lrm: 1.00 | dt: 160ms | tok/sec: 818,534 | mfu: 25.5% | epoch: 1 | remaining: 205s    
step 00605 (31.7%) | loss: 3.947022 | lrm: 1.00 | dt: 160ms | tok/sec: 817,661 | mfu: 25.5% | epoch: 1 | remaining: 205s    
step 00606 (31.7%) | loss: 3.948716 | lrm: 1.00 | dt: 160ms | tok/sec: 818,635 | mfu: 25.5% | epoch: 1 | remaining: 205s    
step 00607 (31.8%) | loss: 3.946624 | lrm: 1.00 | dt: 160ms | tok/sec: 818,417 | mfu: 25.5% | epoch: 1 | remaining: 204s    
step 00608 (31.8%) | loss: 3.944697 | lrm: 1.00 | dt: 160ms | tok/sec: 818,047 | mfu: 25.5% | epoch: 1 | remaining: 204s    
step 00609 (31.9%) | loss: 3.947551 | lrm: 1.00 | dt: 160ms | tok/sec: 818,403 | mfu: 25.5% | epoch: 1 | remaining: 204s    
step 00610 (32.0%) | loss: 3.940334 | lrm: 1.00 | dt: 160ms | tok/sec: 818,196 | mfu: 25.5% | epoch: 1 | remaining: 204s    
step 00611 (32.0%) | loss: 3.940863 | lrm: 1.00 | dt: 160ms | tok/sec: 818,056 | mfu: 25.5% | epoch: 1 | remaining: 204s    
step 00612 (32.1%) | loss: 3.936469 | lrm: 1.00 | dt: 160ms | tok/sec: 817,996 | mfu: 25.5% | epoch: 1 | remaining: 204s    
step 00613 (32.1%) | loss: 3.935526 | lrm: 1.00 | dt: 160ms | tok/sec: 817,933 | mfu: 25.5% | epoch: 1 | remaining: 204s    
step 00614 (32.2%) | loss: 3.936093 | lrm: 1.00 | dt: 160ms | tok/sec: 818,168 | mfu: 25.5% | epoch: 1 | remaining: 203s    
step 00615 (32.2%) | loss: 3.937409 | lrm: 1.00 | dt: 160ms | tok/sec: 817,588 | mfu: 25.5% | epoch: 1 | remaining: 203s    
step 00616 (32.3%) | loss: 3.944541 | lrm: 1.00 | dt: 160ms | tok/sec: 818,031 | mfu: 25.5% | epoch: 1 | remaining: 203s    
step 00617 (32.3%) | loss: 3.943181 | lrm: 1.00 | dt: 160ms | tok/sec: 818,180 | mfu: 25.5% | epoch: 1 | remaining: 203s    
step 00618 (32.4%) | loss: 3.944846 | lrm: 1.00 | dt: 160ms | tok/sec: 818,378 | mfu: 25.5% | epoch: 1 | remaining: 203s    
step 00619 (32.4%) | loss: 3.940328 | lrm: 1.00 | dt: 160ms | tok/sec: 818,375 | mfu: 25.5% | epoch: 1 | remaining: 203s    
step 00620 (32.5%) | loss: 3.936311 | lrm: 1.00 | dt: 160ms | tok/sec: 818,408 | mfu: 25.5% | epoch: 1 | remaining: 202s    
step 00621 (32.5%) | loss: 3.937001 | lrm: 1.00 | dt: 160ms | tok/sec: 818,363 | mfu: 25.5% | epoch: 1 | remaining: 202s    
step 00622 (32.6%) | loss: 3.930314 | lrm: 1.00 | dt: 160ms | tok/sec: 818,403 | mfu: 25.5% | epoch: 1 | remaining: 202s    
step 00623 (32.6%) | loss: 3.926145 | lrm: 1.00 | dt: 160ms | tok/sec: 818,545 | mfu: 25.5% | epoch: 1 | remaining: 202s    
step 00624 (32.7%) | loss: 3.919304 | lrm: 1.00 | dt: 160ms | tok/sec: 818,233 | mfu: 25.5% | epoch: 1 | remaining: 202s    
step 00625 (32.8%) | loss: 3.916970 | lrm: 1.00 | dt: 160ms | tok/sec: 818,397 | mfu: 25.5% | epoch: 1 | remaining: 202s    
step 00626 (32.8%) | loss: 3.912908 | lrm: 1.00 | dt: 160ms | tok/sec: 818,229 | mfu: 25.5% | epoch: 1 | remaining: 201s    
step 00627 (32.9%) | loss: 3.907250 | lrm: 1.00 | dt: 160ms | tok/sec: 818,238 | mfu: 25.5% | epoch: 1 | remaining: 201s    
step 00628 (32.9%) | loss: 3.899974 | lrm: 1.00 | dt: 160ms | tok/sec: 818,059 | mfu: 25.5% | epoch: 1 | remaining: 201s    
step 00629 (33.0%) | loss: 3.895591 | lrm: 1.00 | dt: 160ms | tok/sec: 817,686 | mfu: 25.5% | epoch: 1 | remaining: 201s    
step 00630 (33.0%) | loss: 3.894088 | lrm: 1.00 | dt: 160ms | tok/sec: 818,235 | mfu: 25.5% | epoch: 1 | remaining: 201s    
step 00631 (33.1%) | loss: 3.889300 | lrm: 1.00 | dt: 160ms | tok/sec: 818,453 | mfu: 25.5% | epoch: 1 | remaining: 201s    
step 00632 (33.1%) | loss: 3.884890 | lrm: 1.00 | dt: 160ms | tok/sec: 818,347 | mfu: 25.5% | epoch: 1 | remaining: 200s    
step 00633 (33.2%) | loss: 3.880942 | lrm: 1.00 | dt: 160ms | tok/sec: 817,991 | mfu: 25.5% | epoch: 1 | remaining: 200s    
step 00634 (33.2%) | loss: 3.876011 | lrm: 1.00 | dt: 161ms | tok/sec: 816,452 | mfu: 25.4% | epoch: 1 | remaining: 200s    
step 00635 (33.3%) | loss: 3.876666 | lrm: 1.00 | dt: 160ms | tok/sec: 817,228 | mfu: 25.5% | epoch: 1 | remaining: 200s    
step 00636 (33.3%) | loss: 3.877331 | lrm: 1.00 | dt: 160ms | tok/sec: 818,033 | mfu: 25.5% | epoch: 1 | remaining: 200s    
step 00637 (33.4%) | loss: 3.880352 | lrm: 1.00 | dt: 160ms | tok/sec: 818,300 | mfu: 25.5% | epoch: 1 | remaining: 200s    
step 00638 (33.4%) | loss: 3.877156 | lrm: 1.00 | dt: 160ms | tok/sec: 818,173 | mfu: 25.5% | epoch: 1 | remaining: 199s    
step 00639 (33.5%) | loss: 3.874881 | lrm: 1.00 | dt: 160ms | tok/sec: 818,232 | mfu: 25.5% | epoch: 1 | remaining: 199s    
step 00640 (33.6%) | loss: 3.870985 | lrm: 1.00 | dt: 160ms | tok/sec: 817,620 | mfu: 25.5% | epoch: 1 | remaining: 199s    
step 00641 (33.6%) | loss: 3.865283 | lrm: 1.00 | dt: 160ms | tok/sec: 817,447 | mfu: 25.5% | epoch: 1 | remaining: 199s    
step 00642 (33.7%) | loss: 3.858713 | lrm: 1.00 | dt: 160ms | tok/sec: 818,136 | mfu: 25.5% | epoch: 1 | remaining: 199s    
step 00643 (33.7%) | loss: 3.857344 | lrm: 1.00 | dt: 160ms | tok/sec: 818,321 | mfu: 25.5% | epoch: 1 | remaining: 199s    
step 00644 (33.8%) | loss: 3.858068 | lrm: 1.00 | dt: 160ms | tok/sec: 818,514 | mfu: 25.5% | epoch: 1 | remaining: 199s    
step 00645 (33.8%) | loss: 3.859947 | lrm: 1.00 | dt: 160ms | tok/sec: 817,844 | mfu: 25.5% | epoch: 1 | remaining: 198s    
step 00646 (33.9%) | loss: 3.855625 | lrm: 1.00 | dt: 160ms | tok/sec: 817,832 | mfu: 25.5% | epoch: 1 | remaining: 198s    
step 00647 (33.9%) | loss: 3.854853 | lrm: 1.00 | dt: 160ms | tok/sec: 818,442 | mfu: 25.5% | epoch: 1 | remaining: 198s    
step 00648 (34.0%) | loss: 3.850120 | lrm: 1.00 | dt: 160ms | tok/sec: 818,353 | mfu: 25.5% | epoch: 1 | remaining: 198s    
step 00649 (34.0%) | loss: 3.850849 | lrm: 1.00 | dt: 160ms | tok/sec: 817,990 | mfu: 25.5% | epoch: 1 | remaining: 198s    
step 00650 (34.1%) | loss: 3.846871 | lrm: 1.00 | dt: 160ms | tok/sec: 816,829 | mfu: 25.4% | epoch: 1 | remaining: 198s    
step 00651 (34.1%) | loss: 3.847746 | lrm: 1.00 | dt: 160ms | tok/sec: 818,124 | mfu: 25.5% | epoch: 1 | remaining: 197s    
step 00652 (34.2%) | loss: 3.850801 | lrm: 1.00 | dt: 160ms | tok/sec: 818,193 | mfu: 25.5% | epoch: 1 | remaining: 197s    
step 00653 (34.2%) | loss: 3.854792 | lrm: 1.00 | dt: 160ms | tok/sec: 817,936 | mfu: 25.5% | epoch: 1 | remaining: 197s    
step 00654 (34.3%) | loss: 3.855804 | lrm: 1.00 | dt: 160ms | tok/sec: 818,358 | mfu: 25.5% | epoch: 1 | remaining: 197s    
step 00655 (34.4%) | loss: 3.849336 | lrm: 1.00 | dt: 160ms | tok/sec: 818,142 | mfu: 25.5% | epoch: 1 | remaining: 197s    
step 00656 (34.4%) | loss: 3.842900 | lrm: 1.00 | dt: 160ms | tok/sec: 818,303 | mfu: 25.5% | epoch: 1 | remaining: 197s    
step 00657 (34.5%) | loss: 3.843231 | lrm: 1.00 | dt: 160ms | tok/sec: 817,652 | mfu: 25.5% | epoch: 1 | remaining: 196s    
step 00658 (34.5%) | loss: 3.844950 | lrm: 1.00 | dt: 160ms | tok/sec: 818,432 | mfu: 25.5% | epoch: 1 | remaining: 196s    
step 00659 (34.6%) | loss: 3.844949 | lrm: 1.00 | dt: 160ms | tok/sec: 818,285 | mfu: 25.5% | epoch: 1 | remaining: 196s    
step 00660 (34.6%) | loss: 3.847966 | lrm: 1.00 | dt: 160ms | tok/sec: 817,460 | mfu: 25.5% | epoch: 1 | remaining: 196s    
step 00661 (34.7%) | loss: 3.849934 | lrm: 1.00 | dt: 160ms | tok/sec: 817,930 | mfu: 25.5% | epoch: 1 | remaining: 196s    
step 00662 (34.7%) | loss: 3.852311 | lrm: 1.00 | dt: 160ms | tok/sec: 818,089 | mfu: 25.5% | epoch: 1 | remaining: 196s    
step 00663 (34.8%) | loss: 3.851934 | lrm: 1.00 | dt: 160ms | tok/sec: 818,025 | mfu: 25.5% | epoch: 1 | remaining: 195s    
step 00664 (34.8%) | loss: 3.859787 | lrm: 1.00 | dt: 160ms | tok/sec: 817,991 | mfu: 25.5% | epoch: 1 | remaining: 195s    
step 00665 (34.9%) | loss: 3.856044 | lrm: 1.00 | dt: 160ms | tok/sec: 817,997 | mfu: 25.5% | epoch: 1 | remaining: 195s    
step 00666 (34.9%) | loss: 3.859174 | lrm: 1.00 | dt: 160ms | tok/sec: 817,795 | mfu: 25.5% | epoch: 1 | remaining: 195s    
step 00667 (35.0%) | loss: 3.863392 | lrm: 1.00 | dt: 160ms | tok/sec: 818,427 | mfu: 25.5% | epoch: 1 | remaining: 195s    
step 00668 (35.0%) | loss: 3.871738 | lrm: 1.00 | dt: 160ms | tok/sec: 816,936 | mfu: 25.5% | epoch: 1 | remaining: 195s    
step 00669 (35.1%) | loss: 3.878291 | lrm: 1.00 | dt: 160ms | tok/sec: 818,151 | mfu: 25.5% | epoch: 1 | remaining: 195s    
step 00670 (35.2%) | loss: 3.917420 | lrm: 1.00 | dt: 160ms | tok/sec: 818,639 | mfu: 25.5% | epoch: 1 | remaining: 194s    
step 00671 (35.2%) | loss: 4.044198 | lrm: 1.00 | dt: 160ms | tok/sec: 818,579 | mfu: 25.5% | epoch: 1 | remaining: 194s    
step 00672 (35.3%) | loss: 4.069949 | lrm: 1.00 | dt: 160ms | tok/sec: 818,408 | mfu: 25.5% | epoch: 1 | remaining: 194s    
step 00673 (35.3%) | loss: 4.188042 | lrm: 1.00 | dt: 160ms | tok/sec: 818,573 | mfu: 25.5% | epoch: 1 | remaining: 194s    
step 00674 (35.4%) | loss: 4.543075 | lrm: 1.00 | dt: 160ms | tok/sec: 819,232 | mfu: 25.5% | epoch: 1 | remaining: 194s    
step 00675 (35.4%) | loss: 4.864135 | lrm: 1.00 | dt: 160ms | tok/sec: 818,998 | mfu: 25.5% | epoch: 1 | remaining: 194s    
step 00676 (35.5%) | loss: 5.195702 | lrm: 1.00 | dt: 160ms | tok/sec: 818,722 | mfu: 25.5% | epoch: 1 | remaining: 193s    
step 00677 (35.5%) | loss: 5.378675 | lrm: 1.00 | dt: 160ms | tok/sec: 818,824 | mfu: 25.5% | epoch: 1 | remaining: 193s    
step 00678 (35.6%) | loss: 5.769384 | lrm: 1.00 | dt: 160ms | tok/sec: 819,305 | mfu: 25.5% | epoch: 1 | remaining: 193s    
step 00679 (35.6%) | loss: 6.117710 | lrm: 1.00 | dt: 163ms | tok/sec: 806,108 | mfu: 25.1% | epoch: 1 | remaining: 193s    
step 00680 (35.7%) | loss: 6.496778 | lrm: 1.00 | dt: 160ms | tok/sec: 819,712 | mfu: 25.5% | epoch: 1 | remaining: 193s    
step 00681 (35.7%) | loss: 6.632766 | lrm: 1.00 | dt: 160ms | tok/sec: 819,729 | mfu: 25.5% | epoch: 1 | remaining: 193s    
step 00682 (35.8%) | loss: 6.791349 | lrm: 1.00 | dt: 160ms | tok/sec: 819,617 | mfu: 25.5% | epoch: 1 | remaining: 192s    
step 00683 (35.9%) | loss: 6.907986 | lrm: 1.00 | dt: 160ms | tok/sec: 818,929 | mfu: 25.5% | epoch: 1 | remaining: 192s    
step 00684 (35.9%) | loss: 6.967582 | lrm: 1.00 | dt: 160ms | tok/sec: 819,321 | mfu: 25.5% | epoch: 1 | remaining: 192s    
step 00685 (36.0%) | loss: 7.000367 | lrm: 1.00 | dt: 160ms | tok/sec: 819,283 | mfu: 25.5% | epoch: 1 | remaining: 192s    
step 00686 (36.0%) | loss: 7.014854 | lrm: 1.00 | dt: 160ms | tok/sec: 819,140 | mfu: 25.5% | epoch: 1 | remaining: 192s    
step 00687 (36.1%) | loss: 7.018003 | lrm: 1.00 | dt: 160ms | tok/sec: 819,065 | mfu: 25.5% | epoch: 1 | remaining: 192s    
step 00688 (36.1%) | loss: 7.008093 | lrm: 1.00 | dt: 160ms | tok/sec: 818,990 | mfu: 25.5% | epoch: 1 | remaining: 191s    
step 00689 (36.2%) | loss: 7.025541 | lrm: 1.00 | dt: 160ms | tok/sec: 818,674 | mfu: 25.5% | epoch: 1 | remaining: 191s    
step 00690 (36.2%) | loss: 7.039907 | lrm: 1.00 | dt: 160ms | tok/sec: 819,050 | mfu: 25.5% | epoch: 1 | remaining: 191s    
step 00691 (36.3%) | loss: 7.015296 | lrm: 1.00 | dt: 160ms | tok/sec: 818,881 | mfu: 25.5% | epoch: 1 | remaining: 191s    
step 00692 (36.3%) | loss: 6.970459 | lrm: 1.00 | dt: 160ms | tok/sec: 818,668 | mfu: 25.5% | epoch: 1 | remaining: 191s    
step 00693 (36.4%) | loss: 6.918283 | lrm: 1.00 | dt: 160ms | tok/sec: 818,365 | mfu: 25.5% | epoch: 1 | remaining: 191s    
step 00694 (36.4%) | loss: 6.858186 | lrm: 1.00 | dt: 160ms | tok/sec: 818,464 | mfu: 25.5% | epoch: 1 | remaining: 191s    
step 00695 (36.5%) | loss: 6.780855 | lrm: 1.00 | dt: 160ms | tok/sec: 818,534 | mfu: 25.5% | epoch: 1 | remaining: 190s    
step 00696 (36.5%) | loss: 6.699145 | lrm: 1.00 | dt: 160ms | tok/sec: 818,614 | mfu: 25.5% | epoch: 1 | remaining: 190s    
step 00697 (36.6%) | loss: 6.609822 | lrm: 1.00 | dt: 160ms | tok/sec: 818,826 | mfu: 25.5% | epoch: 1 | remaining: 190s    
step 00698 (36.7%) | loss: 6.520586 | lrm: 1.00 | dt: 160ms | tok/sec: 818,726 | mfu: 25.5% | epoch: 1 | remaining: 190s    
step 00699 (36.7%) | loss: 6.424071 | lrm: 1.00 | dt: 160ms | tok/sec: 818,793 | mfu: 25.5% | epoch: 1 | remaining: 190s    
step 00700 (36.8%) | loss: 6.327414 | lrm: 1.00 | dt: 160ms | tok/sec: 818,584 | mfu: 25.5% | epoch: 1 | remaining: 190s    
step 00701 (36.8%) | loss: 6.239836 | lrm: 1.00 | dt: 160ms | tok/sec: 818,815 | mfu: 25.5% | epoch: 1 | remaining: 189s    
step 00702 (36.9%) | loss: 6.144182 | lrm: 1.00 | dt: 160ms | tok/sec: 818,873 | mfu: 25.5% | epoch: 1 | remaining: 189s    
step 00703 (36.9%) | loss: 6.048932 | lrm: 1.00 | dt: 160ms | tok/sec: 818,650 | mfu: 25.5% | epoch: 1 | remaining: 189s    
step 00704 (37.0%) | loss: 5.968589 | lrm: 1.00 | dt: 160ms | tok/sec: 818,645 | mfu: 25.5% | epoch: 1 | remaining: 189s    
step 00705 (37.0%) | loss: 5.885932 | lrm: 1.00 | dt: 160ms | tok/sec: 818,642 | mfu: 25.5% | epoch: 1 | remaining: 189s    
step 00706 (37.1%) | loss: 5.806960 | lrm: 1.00 | dt: 160ms | tok/sec: 818,946 | mfu: 25.5% | epoch: 1 | remaining: 189s    
step 00707 (37.1%) | loss: 5.725443 | lrm: 1.00 | dt: 160ms | tok/sec: 818,893 | mfu: 25.5% | epoch: 1 | remaining: 188s    
step 00708 (37.2%) | loss: 5.648520 | lrm: 1.00 | dt: 160ms | tok/sec: 818,453 | mfu: 25.5% | epoch: 1 | remaining: 188s    
step 00709 (37.2%) | loss: 5.575097 | lrm: 1.00 | dt: 160ms | tok/sec: 818,581 | mfu: 25.5% | epoch: 1 | remaining: 188s    
step 00710 (37.3%) | loss: 5.503125 | lrm: 1.00 | dt: 160ms | tok/sec: 818,448 | mfu: 25.5% | epoch: 1 | remaining: 188s    
step 00711 (37.3%) | loss: 5.433600 | lrm: 1.00 | dt: 160ms | tok/sec: 818,207 | mfu: 25.5% | epoch: 1 | remaining: 188s    
step 00712 (37.4%) | loss: 5.368103 | lrm: 1.00 | dt: 160ms | tok/sec: 818,940 | mfu: 25.5% | epoch: 1 | remaining: 188s    
step 00713 (37.5%) | loss: 5.309370 | lrm: 1.00 | dt: 160ms | tok/sec: 818,381 | mfu: 25.5% | epoch: 1 | remaining: 187s    
step 00714 (37.5%) | loss: 5.250411 | lrm: 1.00 | dt: 160ms | tok/sec: 818,106 | mfu: 25.5% | epoch: 1 | remaining: 187s    
step 00715 (37.6%) | loss: 5.199452 | lrm: 1.00 | dt: 160ms | tok/sec: 818,253 | mfu: 25.5% | epoch: 1 | remaining: 187s    
step 00716 (37.6%) | loss: 5.152222 | lrm: 1.00 | dt: 160ms | tok/sec: 818,538 | mfu: 25.5% | epoch: 1 | remaining: 187s    
step 00717 (37.7%) | loss: 5.104858 | lrm: 1.00 | dt: 160ms | tok/sec: 818,386 | mfu: 25.5% | epoch: 1 | remaining: 187s    
step 00718 (37.7%) | loss: 5.060144 | lrm: 1.00 | dt: 160ms | tok/sec: 818,434 | mfu: 25.5% | epoch: 1 | remaining: 187s    
step 00719 (37.8%) | loss: 5.014422 | lrm: 1.00 | dt: 160ms | tok/sec: 818,221 | mfu: 25.5% | epoch: 1 | remaining: 187s    
step 00720 (37.8%) | loss: 4.973453 | lrm: 1.00 | dt: 160ms | tok/sec: 817,654 | mfu: 25.5% | epoch: 1 | remaining: 186s    
step 00721 (37.9%) | loss: 4.933435 | lrm: 1.00 | dt: 160ms | tok/sec: 818,118 | mfu: 25.5% | epoch: 1 | remaining: 186s    
step 00722 (37.9%) | loss: 4.889116 | lrm: 1.00 | dt: 160ms | tok/sec: 818,124 | mfu: 25.5% | epoch: 1 | remaining: 186s    
step 00723 (38.0%) | loss: 4.847026 | lrm: 1.00 | dt: 160ms | tok/sec: 818,470 | mfu: 25.5% | epoch: 1 | remaining: 186s    
step 00724 (38.0%) | loss: 4.817960 | lrm: 1.00 | dt: 160ms | tok/sec: 818,300 | mfu: 25.5% | epoch: 1 | remaining: 186s    
step 00725 (38.1%) | loss: 4.785538 | lrm: 1.00 | dt: 160ms | tok/sec: 817,894 | mfu: 25.5% | epoch: 1 | remaining: 186s    
step 00726 (38.1%) | loss: 4.758987 | lrm: 1.00 | dt: 160ms | tok/sec: 818,516 | mfu: 25.5% | epoch: 1 | remaining: 185s    
step 00727 (38.2%) | loss: 4.743590 | lrm: 1.00 | dt: 160ms | tok/sec: 817,961 | mfu: 25.5% | epoch: 1 | remaining: 185s    
step 00728 (38.3%) | loss: 4.736064 | lrm: 1.00 | dt: 160ms | tok/sec: 818,421 | mfu: 25.5% | epoch: 1 | remaining: 185s    
step 00729 (38.3%) | loss: 4.733292 | lrm: 1.00 | dt: 160ms | tok/sec: 818,330 | mfu: 25.5% | epoch: 1 | remaining: 185s    
step 00730 (38.4%) | loss: 4.732887 | lrm: 1.00 | dt: 160ms | tok/sec: 818,757 | mfu: 25.5% | epoch: 1 | remaining: 185s    
step 00731 (38.4%) | loss: 4.726859 | lrm: 1.00 | dt: 160ms | tok/sec: 818,868 | mfu: 25.5% | epoch: 1 | remaining: 185s    
step 00732 (38.5%) | loss: 4.710099 | lrm: 1.00 | dt: 160ms | tok/sec: 818,699 | mfu: 25.5% | epoch: 1 | remaining: 184s    
step 00733 (38.5%) | loss: 4.688370 | lrm: 1.00 | dt: 160ms | tok/sec: 818,120 | mfu: 25.5% | epoch: 1 | remaining: 184s    
step 00734 (38.6%) | loss: 4.672759 | lrm: 1.00 | dt: 160ms | tok/sec: 818,292 | mfu: 25.5% | epoch: 1 | remaining: 184s    
step 00735 (38.6%) | loss: 4.643414 | lrm: 1.00 | dt: 160ms | tok/sec: 818,576 | mfu: 25.5% | epoch: 1 | remaining: 184s    
step 00736 (38.7%) | loss: 4.629136 | lrm: 1.00 | dt: 160ms | tok/sec: 818,437 | mfu: 25.5% | epoch: 1 | remaining: 184s    
step 00737 (38.7%) | loss: 4.600139 | lrm: 1.00 | dt: 160ms | tok/sec: 818,556 | mfu: 25.5% | epoch: 1 | remaining: 184s    
step 00738 (38.8%) | loss: 4.569790 | lrm: 1.00 | dt: 160ms | tok/sec: 818,265 | mfu: 25.5% | epoch: 1 | remaining: 183s    
step 00739 (38.8%) | loss: 4.535608 | lrm: 1.00 | dt: 160ms | tok/sec: 818,674 | mfu: 25.5% | epoch: 1 | remaining: 183s    
step 00740 (38.9%) | loss: 4.505562 | lrm: 1.00 | dt: 160ms | tok/sec: 818,626 | mfu: 25.5% | epoch: 1 | remaining: 183s    
step 00741 (38.9%) | loss: 4.482357 | lrm: 1.00 | dt: 160ms | tok/sec: 818,243 | mfu: 25.5% | epoch: 1 | remaining: 183s    
step 00742 (39.0%) | loss: 4.459272 | lrm: 1.00 | dt: 160ms | tok/sec: 818,659 | mfu: 25.5% | epoch: 1 | remaining: 183s    
step 00743 (39.1%) | loss: 4.430574 | lrm: 1.00 | dt: 160ms | tok/sec: 818,522 | mfu: 25.5% | epoch: 1 | remaining: 183s    
step 00744 (39.1%) | loss: 4.400589 | lrm: 1.00 | dt: 160ms | tok/sec: 818,735 | mfu: 25.5% | epoch: 1 | remaining: 183s    
step 00745 (39.2%) | loss: 4.371785 | lrm: 1.00 | dt: 160ms | tok/sec: 818,789 | mfu: 25.5% | epoch: 1 | remaining: 182s    
step 00746 (39.2%) | loss: 4.343811 | lrm: 1.00 | dt: 160ms | tok/sec: 818,879 | mfu: 25.5% | epoch: 1 | remaining: 182s    
step 00747 (39.3%) | loss: 4.317837 | lrm: 1.00 | dt: 160ms | tok/sec: 818,832 | mfu: 25.5% | epoch: 1 | remaining: 182s    
step 00748 (39.3%) | loss: 4.292366 | lrm: 1.00 | dt: 160ms | tok/sec: 818,637 | mfu: 25.5% | epoch: 1 | remaining: 182s    
step 00749 (39.4%) | loss: 4.262086 | lrm: 1.00 | dt: 160ms | tok/sec: 818,824 | mfu: 25.5% | epoch: 1 | remaining: 182s    
step 00750 (39.4%) | loss: 4.240535 | lrm: 1.00 | dt: 160ms | tok/sec: 818,733 | mfu: 25.5% | epoch: 1 | remaining: 182s    
step 00751 (39.5%) | loss: 4.214246 | lrm: 1.00 | dt: 160ms | tok/sec: 818,051 | mfu: 25.5% | epoch: 1 | remaining: 181s    
step 00752 (39.5%) | loss: 4.196448 | lrm: 1.00 | dt: 160ms | tok/sec: 818,553 | mfu: 25.5% | epoch: 1 | remaining: 181s    
step 00753 (39.6%) | loss: 4.171732 | lrm: 1.00 | dt: 160ms | tok/sec: 818,643 | mfu: 25.5% | epoch: 1 | remaining: 181s    
step 00754 (39.6%) | loss: 4.154585 | lrm: 1.00 | dt: 160ms | tok/sec: 818,696 | mfu: 25.5% | epoch: 1 | remaining: 181s    
step 00755 (39.7%) | loss: 4.132125 | lrm: 1.00 | dt: 160ms | tok/sec: 818,514 | mfu: 25.5% | epoch: 1 | remaining: 181s    
step 00756 (39.7%) | loss: 4.114956 | lrm: 1.00 | dt: 160ms | tok/sec: 818,757 | mfu: 25.5% | epoch: 1 | remaining: 181s    
step 00757 (39.8%) | loss: 4.099696 | lrm: 1.00 | dt: 160ms | tok/sec: 818,915 | mfu: 25.5% | epoch: 1 | remaining: 180s    
step 00758 (39.9%) | loss: 4.086275 | lrm: 1.00 | dt: 160ms | tok/sec: 818,383 | mfu: 25.5% | epoch: 1 | remaining: 180s    
step 00759 (39.9%) | loss: 4.077235 | lrm: 1.00 | dt: 162ms | tok/sec: 809,515 | mfu: 25.2% | epoch: 1 | remaining: 180s    
step 00760 (40.0%) | loss: 4.062947 | lrm: 1.00 | dt: 160ms | tok/sec: 818,625 | mfu: 25.5% | epoch: 1 | remaining: 180s    
step 00761 (40.0%) | loss: 4.046524 | lrm: 1.00 | dt: 160ms | tok/sec: 818,477 | mfu: 25.5% | epoch: 1 | remaining: 180s    
step 00762 (40.1%) | loss: 4.037165 | lrm: 1.00 | dt: 160ms | tok/sec: 818,478 | mfu: 25.5% | epoch: 1 | remaining: 180s    
step 00763 (40.1%) | loss: 4.024782 | lrm: 1.00 | dt: 160ms | tok/sec: 818,633 | mfu: 25.5% | epoch: 1 | remaining: 179s    
step 00764 (40.2%) | loss: 4.014326 | lrm: 1.00 | dt: 160ms | tok/sec: 818,490 | mfu: 25.5% | epoch: 1 | remaining: 179s    
step 00765 (40.2%) | loss: 4.001898 | lrm: 1.00 | dt: 160ms | tok/sec: 818,465 | mfu: 25.5% | epoch: 1 | remaining: 179s    
step 00766 (40.3%) | loss: 3.997272 | lrm: 1.00 | dt: 160ms | tok/sec: 818,655 | mfu: 25.5% | epoch: 1 | remaining: 179s    
step 00767 (40.3%) | loss: 3.983659 | lrm: 1.00 | dt: 160ms | tok/sec: 818,401 | mfu: 25.5% | epoch: 1 | remaining: 179s    
step 00768 (40.4%) | loss: 3.972990 | lrm: 1.00 | dt: 160ms | tok/sec: 818,683 | mfu: 25.5% | epoch: 1 | remaining: 179s    
step 00769 (40.4%) | loss: 3.965153 | lrm: 1.00 | dt: 160ms | tok/sec: 818,583 | mfu: 25.5% | epoch: 1 | remaining: 179s    
step 00770 (40.5%) | loss: 3.956141 | lrm: 1.00 | dt: 160ms | tok/sec: 818,629 | mfu: 25.5% | epoch: 1 | remaining: 178s    
step 00771 (40.5%) | loss: 3.947318 | lrm: 1.00 | dt: 160ms | tok/sec: 818,599 | mfu: 25.5% | epoch: 1 | remaining: 178s    
step 00772 (40.6%) | loss: 3.933062 | lrm: 1.00 | dt: 160ms | tok/sec: 818,456 | mfu: 25.5% | epoch: 1 | remaining: 178s    
step 00773 (40.7%) | loss: 3.923159 | lrm: 1.00 | dt: 160ms | tok/sec: 818,571 | mfu: 25.5% | epoch: 1 | remaining: 178s    
step 00774 (40.7%) | loss: 3.914106 | lrm: 1.00 | dt: 160ms | tok/sec: 818,536 | mfu: 25.5% | epoch: 1 | remaining: 178s    
step 00775 (40.8%) | loss: 3.911679 | lrm: 1.00 | dt: 160ms | tok/sec: 818,360 | mfu: 25.5% | epoch: 1 | remaining: 178s    
step 00776 (40.8%) | loss: 3.900809 | lrm: 1.00 | dt: 160ms | tok/sec: 818,193 | mfu: 25.5% | epoch: 1 | remaining: 177s    
step 00777 (40.9%) | loss: 3.893659 | lrm: 1.00 | dt: 160ms | tok/sec: 818,227 | mfu: 25.5% | epoch: 1 | remaining: 177s    
step 00778 (40.9%) | loss: 3.885012 | lrm: 1.00 | dt: 160ms | tok/sec: 817,793 | mfu: 25.5% | epoch: 1 | remaining: 177s    
step 00779 (41.0%) | loss: 3.875324 | lrm: 1.00 | dt: 160ms | tok/sec: 817,588 | mfu: 25.5% | epoch: 1 | remaining: 177s    
step 00780 (41.0%) | loss: 3.874933 | lrm: 1.00 | dt: 160ms | tok/sec: 818,185 | mfu: 25.5% | epoch: 1 | remaining: 177s    
step 00781 (41.1%) | loss: 3.867205 | lrm: 1.00 | dt: 160ms | tok/sec: 818,392 | mfu: 25.5% | epoch: 1 | remaining: 177s    
step 00782 (41.1%) | loss: 3.860872 | lrm: 1.00 | dt: 160ms | tok/sec: 818,432 | mfu: 25.5% | epoch: 1 | remaining: 176s    
step 00783 (41.2%) | loss: 3.860622 | lrm: 1.00 | dt: 160ms | tok/sec: 818,458 | mfu: 25.5% | epoch: 1 | remaining: 176s    
step 00784 (41.2%) | loss: 3.859488 | lrm: 1.00 | dt: 160ms | tok/sec: 818,445 | mfu: 25.5% | epoch: 1 | remaining: 176s    
step 00785 (41.3%) | loss: 3.850824 | lrm: 1.00 | dt: 160ms | tok/sec: 818,160 | mfu: 25.5% | epoch: 1 | remaining: 176s    
step 00786 (41.3%) | loss: 3.850929 | lrm: 1.00 | dt: 160ms | tok/sec: 818,224 | mfu: 25.5% | epoch: 1 | remaining: 176s    
step 00787 (41.4%) | loss: 3.849019 | lrm: 1.00 | dt: 160ms | tok/sec: 818,517 | mfu: 25.5% | epoch: 1 | remaining: 176s    
step 00788 (41.5%) | loss: 3.846902 | lrm: 1.00 | dt: 160ms | tok/sec: 818,581 | mfu: 25.5% | epoch: 1 | remaining: 175s    
step 00789 (41.5%) | loss: 3.844382 | lrm: 1.00 | dt: 160ms | tok/sec: 818,555 | mfu: 25.5% | epoch: 1 | remaining: 175s    
step 00790 (41.6%) | loss: 3.842557 | lrm: 1.00 | dt: 160ms | tok/sec: 818,115 | mfu: 25.5% | epoch: 1 | remaining: 175s    
step 00791 (41.6%) | loss: 3.837308 | lrm: 1.00 | dt: 160ms | tok/sec: 818,166 | mfu: 25.5% | epoch: 1 | remaining: 175s    
step 00792 (41.7%) | loss: 3.833357 | lrm: 1.00 | dt: 160ms | tok/sec: 818,398 | mfu: 25.5% | epoch: 1 | remaining: 175s    
step 00793 (41.7%) | loss: 3.835776 | lrm: 1.00 | dt: 160ms | tok/sec: 818,520 | mfu: 25.5% | epoch: 1 | remaining: 175s    
step 00794 (41.8%) | loss: 3.830155 | lrm: 1.00 | dt: 160ms | tok/sec: 818,570 | mfu: 25.5% | epoch: 1 | remaining: 175s    
step 00795 (41.8%) | loss: 3.813043 | lrm: 1.00 | dt: 160ms | tok/sec: 818,495 | mfu: 25.5% | epoch: 1 | remaining: 174s    
step 00796 (41.9%) | loss: 3.804867 | lrm: 1.00 | dt: 160ms | tok/sec: 818,246 | mfu: 25.5% | epoch: 1 | remaining: 174s    
step 00797 (41.9%) | loss: 3.802055 | lrm: 1.00 | dt: 160ms | tok/sec: 818,683 | mfu: 25.5% | epoch: 1 | remaining: 174s    
step 00798 (42.0%) | loss: 3.801568 | lrm: 1.00 | dt: 160ms | tok/sec: 818,628 | mfu: 25.5% | epoch: 1 | remaining: 174s    
step 00799 (42.0%) | loss: 3.795928 | lrm: 1.00 | dt: 160ms | tok/sec: 818,703 | mfu: 25.5% | epoch: 1 | remaining: 174s    
step 00800 (42.1%) | loss: 3.793547 | lrm: 1.00 | dt: 160ms | tok/sec: 818,848 | mfu: 25.5% | epoch: 1 | remaining: 174s    
step 00801 (42.1%) | loss: 3.789970 | lrm: 1.00 | dt: 160ms | tok/sec: 818,635 | mfu: 25.5% | epoch: 1 | remaining: 173s    
step 00802 (42.2%) | loss: 3.788909 | lrm: 1.00 | dt: 160ms | tok/sec: 818,671 | mfu: 25.5% | epoch: 1 | remaining: 173s    
step 00803 (42.3%) | loss: 3.786177 | lrm: 1.00 | dt: 160ms | tok/sec: 818,601 | mfu: 25.5% | epoch: 1 | remaining: 173s    
step 00804 (42.3%) | loss: 3.786030 | lrm: 1.00 | dt: 160ms | tok/sec: 818,515 | mfu: 25.5% | epoch: 1 | remaining: 173s    
step 00805 (42.4%) | loss: 3.787820 | lrm: 1.00 | dt: 160ms | tok/sec: 818,528 | mfu: 25.5% | epoch: 1 | remaining: 173s    
step 00806 (42.4%) | loss: 3.786270 | lrm: 1.00 | dt: 160ms | tok/sec: 818,471 | mfu: 25.5% | epoch: 1 | remaining: 173s    
step 00807 (42.5%) | loss: 3.786668 | lrm: 1.00 | dt: 160ms | tok/sec: 818,696 | mfu: 25.5% | epoch: 1 | remaining: 172s    
step 00808 (42.5%) | loss: 3.789625 | lrm: 1.00 | dt: 160ms | tok/sec: 818,182 | mfu: 25.5% | epoch: 1 | remaining: 172s    
step 00809 (42.6%) | loss: 3.785681 | lrm: 1.00 | dt: 160ms | tok/sec: 818,199 | mfu: 25.5% | epoch: 1 | remaining: 172s    
step 00810 (42.6%) | loss: 3.783766 | lrm: 1.00 | dt: 160ms | tok/sec: 818,612 | mfu: 25.5% | epoch: 1 | remaining: 172s    
step 00811 (42.7%) | loss: 3.785608 | lrm: 1.00 | dt: 160ms | tok/sec: 818,557 | mfu: 25.5% | epoch: 1 | remaining: 172s    
step 00812 (42.7%) | loss: 3.781305 | lrm: 1.00 | dt: 160ms | tok/sec: 818,832 | mfu: 25.5% | epoch: 1 | remaining: 172s    
step 00813 (42.8%) | loss: 3.778522 | lrm: 1.00 | dt: 160ms | tok/sec: 818,550 | mfu: 25.5% | epoch: 1 | remaining: 171s    
step 00814 (42.8%) | loss: 3.777003 | lrm: 1.00 | dt: 160ms | tok/sec: 818,483 | mfu: 25.5% | epoch: 1 | remaining: 171s    
step 00815 (42.9%) | loss: 3.773158 | lrm: 1.00 | dt: 160ms | tok/sec: 818,002 | mfu: 25.5% | epoch: 1 | remaining: 171s    
step 00816 (43.0%) | loss: 3.772811 | lrm: 1.00 | dt: 160ms | tok/sec: 818,268 | mfu: 25.5% | epoch: 1 | remaining: 171s    
step 00817 (43.0%) | loss: 3.766830 | lrm: 1.00 | dt: 160ms | tok/sec: 818,278 | mfu: 25.5% | epoch: 1 | remaining: 171s    
step 00818 (43.1%) | loss: 3.758424 | lrm: 1.00 | dt: 160ms | tok/sec: 818,300 | mfu: 25.5% | epoch: 1 | remaining: 171s    
step 00819 (43.1%) | loss: 3.757623 | lrm: 1.00 | dt: 160ms | tok/sec: 818,224 | mfu: 25.5% | epoch: 1 | remaining: 171s    
step 00820 (43.2%) | loss: 3.753593 | lrm: 1.00 | dt: 160ms | tok/sec: 818,142 | mfu: 25.5% | epoch: 1 | remaining: 170s    
step 00821 (43.2%) | loss: 3.754667 | lrm: 1.00 | dt: 160ms | tok/sec: 818,294 | mfu: 25.5% | epoch: 1 | remaining: 170s    
step 00822 (43.3%) | loss: 3.745945 | lrm: 1.00 | dt: 160ms | tok/sec: 818,288 | mfu: 25.5% | epoch: 1 | remaining: 170s    
step 00823 (43.3%) | loss: 3.739053 | lrm: 1.00 | dt: 160ms | tok/sec: 818,081 | mfu: 25.5% | epoch: 1 | remaining: 170s    
step 00824 (43.4%) | loss: 3.741880 | lrm: 1.00 | dt: 160ms | tok/sec: 817,854 | mfu: 25.5% | epoch: 1 | remaining: 170s    
step 00825 (43.4%) | loss: 3.748303 | lrm: 1.00 | dt: 160ms | tok/sec: 818,194 | mfu: 25.5% | epoch: 1 | remaining: 170s    
step 00826 (43.5%) | loss: 3.747298 | lrm: 1.00 | dt: 160ms | tok/sec: 818,726 | mfu: 25.5% | epoch: 1 | remaining: 169s    
step 00827 (43.5%) | loss: 3.748873 | lrm: 1.00 | dt: 160ms | tok/sec: 818,505 | mfu: 25.5% | epoch: 1 | remaining: 169s    
step 00828 (43.6%) | loss: 3.745886 | lrm: 1.00 | dt: 160ms | tok/sec: 818,242 | mfu: 25.5% | epoch: 1 | remaining: 169s    
step 00829 (43.6%) | loss: 3.745164 | lrm: 1.00 | dt: 160ms | tok/sec: 818,571 | mfu: 25.5% | epoch: 1 | remaining: 169s    
step 00830 (43.7%) | loss: 3.745452 | lrm: 1.00 | dt: 160ms | tok/sec: 818,540 | mfu: 25.5% | epoch: 1 | remaining: 169s    
step 00831 (43.8%) | loss: 3.740935 | lrm: 1.00 | dt: 160ms | tok/sec: 818,254 | mfu: 25.5% | epoch: 1 | remaining: 169s    
step 00832 (43.8%) | loss: 3.736294 | lrm: 1.00 | dt: 160ms | tok/sec: 816,906 | mfu: 25.5% | epoch: 1 | remaining: 168s    
step 00833 (43.9%) | loss: 3.737898 | lrm: 1.00 | dt: 160ms | tok/sec: 818,397 | mfu: 25.5% | epoch: 1 | remaining: 168s    
step 00834 (43.9%) | loss: 3.738775 | lrm: 1.00 | dt: 160ms | tok/sec: 818,232 | mfu: 25.5% | epoch: 1 | remaining: 168s    
step 00835 (44.0%) | loss: 3.735277 | lrm: 1.00 | dt: 160ms | tok/sec: 818,443 | mfu: 25.5% | epoch: 1 | remaining: 168s    
step 00836 (44.0%) | loss: 3.731183 | lrm: 1.00 | dt: 160ms | tok/sec: 818,399 | mfu: 25.5% | epoch: 1 | remaining: 168s    
step 00837 (44.1%) | loss: 3.732269 | lrm: 1.00 | dt: 160ms | tok/sec: 818,266 | mfu: 25.5% | epoch: 1 | remaining: 168s    
step 00838 (44.1%) | loss: 3.726556 | lrm: 1.00 | dt: 160ms | tok/sec: 818,331 | mfu: 25.5% | epoch: 1 | remaining: 167s    
step 00839 (44.2%) | loss: 3.726778 | lrm: 1.00 | dt: 160ms | tok/sec: 818,419 | mfu: 25.5% | epoch: 1 | remaining: 167s    
step 00840 (44.2%) | loss: 3.727421 | lrm: 1.00 | dt: 160ms | tok/sec: 818,370 | mfu: 25.5% | epoch: 1 | remaining: 167s    
step 00841 (44.3%) | loss: 3.726810 | lrm: 1.00 | dt: 160ms | tok/sec: 818,269 | mfu: 25.5% | epoch: 1 | remaining: 167s    
step 00842 (44.3%) | loss: 3.725388 | lrm: 1.00 | dt: 160ms | tok/sec: 818,321 | mfu: 25.5% | epoch: 1 | remaining: 167s    
step 00843 (44.4%) | loss: 3.714541 | lrm: 1.00 | dt: 160ms | tok/sec: 818,405 | mfu: 25.5% | epoch: 1 | remaining: 167s    
step 00844 (44.4%) | loss: 3.715007 | lrm: 1.00 | dt: 160ms | tok/sec: 817,963 | mfu: 25.5% | epoch: 1 | remaining: 167s    
step 00845 (44.5%) | loss: 3.710628 | lrm: 1.00 | dt: 160ms | tok/sec: 817,914 | mfu: 25.5% | epoch: 1 | remaining: 166s    
step 00846 (44.6%) | loss: 3.716060 | lrm: 1.00 | dt: 160ms | tok/sec: 818,444 | mfu: 25.5% | epoch: 1 | remaining: 166s    
step 00847 (44.6%) | loss: 3.721208 | lrm: 1.00 | dt: 160ms | tok/sec: 818,514 | mfu: 25.5% | epoch: 1 | remaining: 166s    
step 00848 (44.7%) | loss: 3.725291 | lrm: 1.00 | dt: 160ms | tok/sec: 818,603 | mfu: 25.5% | epoch: 1 | remaining: 166s    
step 00849 (44.7%) | loss: 3.724812 | lrm: 1.00 | dt: 160ms | tok/sec: 818,803 | mfu: 25.5% | epoch: 1 | remaining: 166s    
step 00850 (44.8%) | loss: 3.719007 | lrm: 1.00 | dt: 160ms | tok/sec: 818,529 | mfu: 25.5% | epoch: 1 | remaining: 166s    
step 00851 (44.8%) | loss: 3.714052 | lrm: 1.00 | dt: 160ms | tok/sec: 818,484 | mfu: 25.5% | epoch: 1 | remaining: 165s    
step 00852 (44.9%) | loss: 3.715509 | lrm: 1.00 | dt: 160ms | tok/sec: 818,383 | mfu: 25.5% | epoch: 1 | remaining: 165s    
step 00853 (44.9%) | loss: 3.716144 | lrm: 1.00 | dt: 160ms | tok/sec: 818,076 | mfu: 25.5% | epoch: 1 | remaining: 165s    
step 00854 (45.0%) | loss: 3.713900 | lrm: 1.00 | dt: 160ms | tok/sec: 818,493 | mfu: 25.5% | epoch: 1 | remaining: 165s    
step 00855 (45.0%) | loss: 3.707441 | lrm: 1.00 | dt: 160ms | tok/sec: 818,601 | mfu: 25.5% | epoch: 1 | remaining: 165s    
step 00856 (45.1%) | loss: 3.698578 | lrm: 1.00 | dt: 160ms | tok/sec: 818,332 | mfu: 25.5% | epoch: 1 | remaining: 165s    
step 00857 (45.1%) | loss: 3.699221 | lrm: 1.00 | dt: 162ms | tok/sec: 808,513 | mfu: 25.2% | epoch: 1 | remaining: 164s    
step 00858 (45.2%) | loss: 3.695968 | lrm: 1.00 | dt: 160ms | tok/sec: 818,387 | mfu: 25.5% | epoch: 1 | remaining: 164s    
step 00859 (45.2%) | loss: 3.693686 | lrm: 1.00 | dt: 160ms | tok/sec: 817,957 | mfu: 25.5% | epoch: 1 | remaining: 164s    
step 00860 (45.3%) | loss: 3.695742 | lrm: 1.00 | dt: 160ms | tok/sec: 818,388 | mfu: 25.5% | epoch: 1 | remaining: 164s    
step 00861 (45.4%) | loss: 3.700924 | lrm: 1.00 | dt: 160ms | tok/sec: 818,564 | mfu: 25.5% | epoch: 1 | remaining: 164s    
step 00862 (45.4%) | loss: 3.696552 | lrm: 1.00 | dt: 160ms | tok/sec: 818,372 | mfu: 25.5% | epoch: 1 | remaining: 164s    
step 00863 (45.5%) | loss: 3.696026 | lrm: 1.00 | dt: 160ms | tok/sec: 818,488 | mfu: 25.5% | epoch: 1 | remaining: 163s    
step 00864 (45.5%) | loss: 3.692016 | lrm: 1.00 | dt: 160ms | tok/sec: 818,356 | mfu: 25.5% | epoch: 1 | remaining: 163s    
step 00865 (45.6%) | loss: 3.686434 | lrm: 1.00 | dt: 160ms | tok/sec: 818,092 | mfu: 25.5% | epoch: 1 | remaining: 163s    
step 00866 (45.6%) | loss: 3.688715 | lrm: 1.00 | dt: 160ms | tok/sec: 818,397 | mfu: 25.5% | epoch: 1 | remaining: 163s    
step 00867 (45.7%) | loss: 3.691489 | lrm: 1.00 | dt: 160ms | tok/sec: 818,545 | mfu: 25.5% | epoch: 1 | remaining: 163s    
step 00868 (45.7%) | loss: 3.697045 | lrm: 1.00 | dt: 160ms | tok/sec: 818,748 | mfu: 25.5% | epoch: 1 | remaining: 163s    
step 00869 (45.8%) | loss: 3.701307 | lrm: 1.00 | dt: 160ms | tok/sec: 818,406 | mfu: 25.5% | epoch: 1 | remaining: 162s    
step 00870 (45.8%) | loss: 3.698704 | lrm: 1.00 | dt: 160ms | tok/sec: 818,227 | mfu: 25.5% | epoch: 1 | remaining: 162s    
step 00871 (45.9%) | loss: 3.704740 | lrm: 1.00 | dt: 160ms | tok/sec: 818,414 | mfu: 25.5% | epoch: 1 | remaining: 162s    
step 00872 (45.9%) | loss: 3.706505 | lrm: 1.00 | dt: 160ms | tok/sec: 818,369 | mfu: 25.5% | epoch: 1 | remaining: 162s    
step 00873 (46.0%) | loss: 3.699902 | lrm: 1.00 | dt: 160ms | tok/sec: 818,395 | mfu: 25.5% | epoch: 1 | remaining: 162s    
step 00874 (46.0%) | loss: 3.696730 | lrm: 1.00 | dt: 160ms | tok/sec: 818,688 | mfu: 25.5% | epoch: 1 | remaining: 162s    
step 00875 (46.1%) | loss: 3.698045 | lrm: 1.00 | dt: 160ms | tok/sec: 818,526 | mfu: 25.5% | epoch: 1 | remaining: 162s    
step 00876 (46.2%) | loss: 3.701897 | lrm: 1.00 | dt: 160ms | tok/sec: 818,620 | mfu: 25.5% | epoch: 1 | remaining: 161s    
step 00877 (46.2%) | loss: 3.696541 | lrm: 1.00 | dt: 160ms | tok/sec: 818,129 | mfu: 25.5% | epoch: 1 | remaining: 161s    
step 00878 (46.3%) | loss: 3.695376 | lrm: 1.00 | dt: 160ms | tok/sec: 818,154 | mfu: 25.5% | epoch: 1 | remaining: 161s    
step 00879 (46.3%) | loss: 3.695636 | lrm: 1.00 | dt: 160ms | tok/sec: 817,823 | mfu: 25.5% | epoch: 1 | remaining: 161s    
step 00880 (46.4%) | loss: 3.691886 | lrm: 1.00 | dt: 160ms | tok/sec: 817,792 | mfu: 25.5% | epoch: 1 | remaining: 161s    
step 00881 (46.4%) | loss: 3.691509 | lrm: 1.00 | dt: 160ms | tok/sec: 818,401 | mfu: 25.5% | epoch: 1 | remaining: 161s    
step 00882 (46.5%) | loss: 3.686682 | lrm: 1.00 | dt: 160ms | tok/sec: 818,678 | mfu: 25.5% | epoch: 1 | remaining: 160s    
step 00883 (46.5%) | loss: 3.693155 | lrm: 1.00 | dt: 160ms | tok/sec: 818,019 | mfu: 25.5% | epoch: 1 | remaining: 160s    
step 00884 (46.6%) | loss: 3.690273 | lrm: 1.00 | dt: 160ms | tok/sec: 818,321 | mfu: 25.5% | epoch: 1 | remaining: 160s    
step 00885 (46.6%) | loss: 3.692214 | lrm: 1.00 | dt: 160ms | tok/sec: 818,548 | mfu: 25.5% | epoch: 1 | remaining: 160s    
step 00886 (46.7%) | loss: 3.694859 | lrm: 1.00 | dt: 160ms | tok/sec: 818,505 | mfu: 25.5% | epoch: 1 | remaining: 160s    
step 00887 (46.7%) | loss: 3.694932 | lrm: 1.00 | dt: 160ms | tok/sec: 818,408 | mfu: 25.5% | epoch: 1 | remaining: 160s    
step 00888 (46.8%) | loss: 3.685979 | lrm: 1.00 | dt: 160ms | tok/sec: 818,704 | mfu: 25.5% | epoch: 1 | remaining: 159s    
step 00889 (46.8%) | loss: 3.676351 | lrm: 1.00 | dt: 160ms | tok/sec: 818,102 | mfu: 25.5% | epoch: 1 | remaining: 159s    
step 00890 (46.9%) | loss: 3.675349 | lrm: 1.00 | dt: 160ms | tok/sec: 818,075 | mfu: 25.5% | epoch: 1 | remaining: 159s    
step 00891 (47.0%) | loss: 3.673782 | lrm: 1.00 | dt: 160ms | tok/sec: 818,207 | mfu: 25.5% | epoch: 1 | remaining: 159s    
step 00892 (47.0%) | loss: 3.668661 | lrm: 1.00 | dt: 160ms | tok/sec: 818,650 | mfu: 25.5% | epoch: 1 | remaining: 159s    
step 00893 (47.1%) | loss: 3.670708 | lrm: 1.00 | dt: 160ms | tok/sec: 818,181 | mfu: 25.5% | epoch: 1 | remaining: 159s    
step 00894 (47.1%) | loss: 3.673810 | lrm: 1.00 | dt: 160ms | tok/sec: 818,559 | mfu: 25.5% | epoch: 1 | remaining: 158s    
step 00895 (47.2%) | loss: 3.676484 | lrm: 1.00 | dt: 160ms | tok/sec: 818,567 | mfu: 25.5% | epoch: 1 | remaining: 158s    
step 00896 (47.2%) | loss: 3.674499 | lrm: 1.00 | dt: 160ms | tok/sec: 818,576 | mfu: 25.5% | epoch: 1 | remaining: 158s    
step 00897 (47.3%) | loss: 3.675827 | lrm: 1.00 | dt: 160ms | tok/sec: 818,443 | mfu: 25.5% | epoch: 1 | remaining: 158s    
step 00898 (47.3%) | loss: 3.678904 | lrm: 1.00 | dt: 160ms | tok/sec: 818,627 | mfu: 25.5% | epoch: 1 | remaining: 158s    
step 00899 (47.4%) | loss: 3.673755 | lrm: 1.00 | dt: 160ms | tok/sec: 818,287 | mfu: 25.5% | epoch: 1 | remaining: 158s    
step 00900 (47.4%) | loss: 3.677580 | lrm: 1.00 | dt: 160ms | tok/sec: 818,408 | mfu: 25.5% | epoch: 1 | remaining: 158s    
step 00901 (47.5%) | loss: 3.673905 | lrm: 1.00 | dt: 160ms | tok/sec: 818,501 | mfu: 25.5% | epoch: 1 | remaining: 157s    
step 00902 (47.5%) | loss: 3.678764 | lrm: 1.00 | dt: 160ms | tok/sec: 818,019 | mfu: 25.5% | epoch: 1 | remaining: 157s    
step 00903 (47.6%) | loss: 3.675691 | lrm: 1.00 | dt: 160ms | tok/sec: 818,361 | mfu: 25.5% | epoch: 1 | remaining: 157s    
step 00904 (47.6%) | loss: 3.681642 | lrm: 1.00 | dt: 160ms | tok/sec: 818,448 | mfu: 25.5% | epoch: 1 | remaining: 157s    
step 00905 (47.7%) | loss: 3.683651 | lrm: 1.00 | dt: 160ms | tok/sec: 818,430 | mfu: 25.5% | epoch: 1 | remaining: 157s    
step 00906 (47.8%) | loss: 3.680663 | lrm: 1.00 | dt: 160ms | tok/sec: 818,497 | mfu: 25.5% | epoch: 1 | remaining: 157s    
step 00907 (47.8%) | loss: 3.686083 | lrm: 1.00 | dt: 160ms | tok/sec: 818,134 | mfu: 25.5% | epoch: 1 | remaining: 156s    
step 00908 (47.9%) | loss: 3.681143 | lrm: 1.00 | dt: 160ms | tok/sec: 818,176 | mfu: 25.5% | epoch: 1 | remaining: 156s    
step 00909 (47.9%) | loss: 3.678525 | lrm: 1.00 | dt: 160ms | tok/sec: 817,845 | mfu: 25.5% | epoch: 1 | remaining: 156s    
step 00910 (48.0%) | loss: 3.677159 | lrm: 1.00 | dt: 160ms | tok/sec: 817,359 | mfu: 25.5% | epoch: 1 | remaining: 156s    
step 00911 (48.0%) | loss: 3.676353 | lrm: 1.00 | dt: 160ms | tok/sec: 818,517 | mfu: 25.5% | epoch: 1 | remaining: 156s    
step 00912 (48.1%) | loss: 3.676743 | lrm: 1.00 | dt: 160ms | tok/sec: 817,670 | mfu: 25.5% | epoch: 1 | remaining: 156s    
step 00913 (48.1%) | loss: 3.680161 | lrm: 1.00 | dt: 160ms | tok/sec: 817,632 | mfu: 25.5% | epoch: 1 | remaining: 155s    
step 00914 (48.2%) | loss: 3.679964 | lrm: 1.00 | dt: 160ms | tok/sec: 817,972 | mfu: 25.5% | epoch: 1 | remaining: 155s    
step 00915 (48.2%) | loss: 3.675106 | lrm: 1.00 | dt: 160ms | tok/sec: 818,017 | mfu: 25.5% | epoch: 1 | remaining: 155s    
step 00916 (48.3%) | loss: 3.671807 | lrm: 1.00 | dt: 160ms | tok/sec: 818,080 | mfu: 25.5% | epoch: 1 | remaining: 155s    
step 00917 (48.3%) | loss: 3.672830 | lrm: 1.00 | dt: 160ms | tok/sec: 818,070 | mfu: 25.5% | epoch: 1 | remaining: 155s    
step 00918 (48.4%) | loss: 3.667721 | lrm: 1.00 | dt: 160ms | tok/sec: 818,225 | mfu: 25.5% | epoch: 1 | remaining: 155s    
step 00919 (48.5%) | loss: 3.671801 | lrm: 1.00 | dt: 160ms | tok/sec: 818,168 | mfu: 25.5% | epoch: 1 | remaining: 154s    
step 00920 (48.5%) | loss: 3.672630 | lrm: 1.00 | dt: 160ms | tok/sec: 818,490 | mfu: 25.5% | epoch: 1 | remaining: 154s    
step 00921 (48.6%) | loss: 3.673740 | lrm: 1.00 | dt: 160ms | tok/sec: 818,464 | mfu: 25.5% | epoch: 1 | remaining: 154s    
step 00922 (48.6%) | loss: 3.681008 | lrm: 1.00 | dt: 160ms | tok/sec: 818,210 | mfu: 25.5% | epoch: 1 | remaining: 154s    
step 00923 (48.7%) | loss: 3.679681 | lrm: 1.00 | dt: 160ms | tok/sec: 818,264 | mfu: 25.5% | epoch: 1 | remaining: 154s    
step 00924 (48.7%) | loss: 3.688179 | lrm: 1.00 | dt: 160ms | tok/sec: 818,164 | mfu: 25.5% | epoch: 1 | remaining: 154s    
step 00925 (48.8%) | loss: 3.698217 | lrm: 1.00 | dt: 160ms | tok/sec: 818,126 | mfu: 25.5% | epoch: 1 | remaining: 154s    
step 00926 (48.8%) | loss: 3.718959 | lrm: 1.00 | dt: 160ms | tok/sec: 818,604 | mfu: 25.5% | epoch: 1 | remaining: 153s    
step 00927 (48.9%) | loss: 3.758355 | lrm: 1.00 | dt: 160ms | tok/sec: 819,076 | mfu: 25.5% | epoch: 1 | remaining: 153s    
step 00928 (48.9%) | loss: 3.923634 | lrm: 1.00 | dt: 160ms | tok/sec: 819,162 | mfu: 25.5% | epoch: 1 | remaining: 153s    
step 00929 (49.0%) | loss: 4.009686 | lrm: 1.00 | dt: 160ms | tok/sec: 818,927 | mfu: 25.5% | epoch: 1 | remaining: 153s    
step 00930 (49.0%) | loss: 4.088199 | lrm: 1.00 | dt: 160ms | tok/sec: 818,631 | mfu: 25.5% | epoch: 1 | remaining: 153s    
step 00931 (49.1%) | loss: 4.521855 | lrm: 1.00 | dt: 160ms | tok/sec: 819,055 | mfu: 25.5% | epoch: 1 | remaining: 153s    
step 00932 (49.1%) | loss: 5.033145 | lrm: 1.00 | dt: 160ms | tok/sec: 819,452 | mfu: 25.5% | epoch: 1 | remaining: 152s    
step 00933 (49.2%) | loss: 5.378589 | lrm: 1.00 | dt: 160ms | tok/sec: 819,129 | mfu: 25.5% | epoch: 1 | remaining: 152s    
step 00934 (49.3%) | loss: 5.697900 | lrm: 1.00 | dt: 160ms | tok/sec: 819,706 | mfu: 25.5% | epoch: 1 | remaining: 152s    
step 00935 (49.3%) | loss: 5.937097 | lrm: 1.00 | dt: 160ms | tok/sec: 819,247 | mfu: 25.5% | epoch: 1 | remaining: 152s    
step 00936 (49.4%) | loss: 6.122009 | lrm: 1.00 | dt: 160ms | tok/sec: 819,678 | mfu: 25.5% | epoch: 1 | remaining: 152s    
step 00937 (49.4%) | loss: 6.302682 | lrm: 1.00 | dt: 160ms | tok/sec: 819,310 | mfu: 25.5% | epoch: 1 | remaining: 152s    
step 00938 (49.5%) | loss: 6.503466 | lrm: 1.00 | dt: 160ms | tok/sec: 819,564 | mfu: 25.5% | epoch: 1 | remaining: 151s    
step 00939 (49.5%) | loss: 6.652505 | lrm: 1.00 | dt: 160ms | tok/sec: 819,338 | mfu: 25.5% | epoch: 1 | remaining: 151s    
step 00940 (49.6%) | loss: 6.750137 | lrm: 1.00 | dt: 160ms | tok/sec: 820,034 | mfu: 25.5% | epoch: 1 | remaining: 151s    
step 00941 (49.6%) | loss: 6.804011 | lrm: 1.00 | dt: 160ms | tok/sec: 820,308 | mfu: 25.6% | epoch: 1 | remaining: 151s    
step 00942 (49.7%) | loss: 6.837982 | lrm: 1.00 | dt: 160ms | tok/sec: 820,232 | mfu: 25.6% | epoch: 1 | remaining: 151s    
step 00943 (49.7%) | loss: 6.850239 | lrm: 1.00 | dt: 160ms | tok/sec: 819,784 | mfu: 25.5% | epoch: 1 | remaining: 151s    
step 00944 (49.8%) | loss: 6.852522 | lrm: 1.00 | dt: 160ms | tok/sec: 819,685 | mfu: 25.5% | epoch: 1 | remaining: 150s    
step 00945 (49.8%) | loss: 6.878835 | lrm: 1.00 | dt: 160ms | tok/sec: 819,520 | mfu: 25.5% | epoch: 1 | remaining: 150s    
step 00946 (49.9%) | loss: 6.898257 | lrm: 1.00 | dt: 160ms | tok/sec: 819,903 | mfu: 25.5% | epoch: 1 | remaining: 150s    
step 00947 (49.9%) | loss: 6.905943 | lrm: 1.00 | dt: 160ms | tok/sec: 820,098 | mfu: 25.6% | epoch: 1 | remaining: 150s    
step 00948 (50.0%) | loss: 6.896114 | lrm: 1.00 | dt: 160ms | tok/sec: 819,970 | mfu: 25.5% | epoch: 1 | remaining: 150s    
step 00949 (50.1%) | loss: 6.866645 | lrm: 1.00 | dt: 160ms | tok/sec: 819,574 | mfu: 25.5% | epoch: 1 | remaining: 150s    
step 00950 (50.1%) | loss: 6.822205 | lrm: 1.00 | dt: 160ms | tok/sec: 818,717 | mfu: 25.5% | epoch: 1 | remaining: 150s    
step 00951 (50.2%) | loss: 6.762117 | lrm: 1.00 | dt: 160ms | tok/sec: 819,414 | mfu: 25.5% | epoch: 1 | remaining: 149s    
step 00952 (50.2%) | loss: 6.709503 | lrm: 1.00 | dt: 160ms | tok/sec: 819,155 | mfu: 25.5% | epoch: 1 | remaining: 149s    
step 00953 (50.3%) | loss: 6.637880 | lrm: 0.99 | dt: 160ms | tok/sec: 819,590 | mfu: 25.5% | epoch: 1 | remaining: 149s    
step 00954 (50.3%) | loss: 6.588067 | lrm: 0.99 | dt: 160ms | tok/sec: 819,655 | mfu: 25.5% | epoch: 1 | remaining: 149s    
step 00955 (50.4%) | loss: 6.560293 | lrm: 0.99 | dt: 160ms | tok/sec: 819,274 | mfu: 25.5% | epoch: 1 | remaining: 149s    
step 00956 (50.4%) | loss: 6.521932 | lrm: 0.99 | dt: 160ms | tok/sec: 819,561 | mfu: 25.5% | epoch: 1 | remaining: 149s    
step 00957 (50.5%) | loss: 6.460848 | lrm: 0.99 | dt: 160ms | tok/sec: 819,304 | mfu: 25.5% | epoch: 1 | remaining: 148s    
step 00958 (50.5%) | loss: 6.389307 | lrm: 0.99 | dt: 160ms | tok/sec: 819,547 | mfu: 25.5% | epoch: 1 | remaining: 148s    
step 00959 (50.6%) | loss: 6.319633 | lrm: 0.99 | dt: 160ms | tok/sec: 819,793 | mfu: 25.5% | epoch: 1 | remaining: 148s    
step 00960 (50.6%) | loss: 6.251775 | lrm: 0.99 | dt: 160ms | tok/sec: 819,482 | mfu: 25.5% | epoch: 1 | remaining: 148s    
step 00961 (50.7%) | loss: 6.175333 | lrm: 0.99 | dt: 160ms | tok/sec: 819,627 | mfu: 25.5% | epoch: 1 | remaining: 148s    
step 00962 (50.7%) | loss: 6.105317 | lrm: 0.99 | dt: 160ms | tok/sec: 819,718 | mfu: 25.5% | epoch: 1 | remaining: 148s    
step 00963 (50.8%) | loss: 6.025319 | lrm: 0.98 | dt: 160ms | tok/sec: 819,304 | mfu: 25.5% | epoch: 1 | remaining: 147s    
step 00964 (50.9%) | loss: 5.947096 | lrm: 0.98 | dt: 160ms | tok/sec: 819,167 | mfu: 25.5% | epoch: 1 | remaining: 147s    
step 00965 (50.9%) | loss: 5.875081 | lrm: 0.98 | dt: 160ms | tok/sec: 819,382 | mfu: 25.5% | epoch: 1 | remaining: 147s    
step 00966 (51.0%) | loss: 5.826185 | lrm: 0.98 | dt: 160ms | tok/sec: 819,656 | mfu: 25.5% | epoch: 1 | remaining: 147s    
step 00967 (51.0%) | loss: 5.794079 | lrm: 0.98 | dt: 160ms | tok/sec: 819,490 | mfu: 25.5% | epoch: 1 | remaining: 147s    
step 00968 (51.1%) | loss: 5.745609 | lrm: 0.98 | dt: 160ms | tok/sec: 819,068 | mfu: 25.5% | epoch: 1 | remaining: 147s    
step 00969 (51.1%) | loss: 5.691466 | lrm: 0.98 | dt: 160ms | tok/sec: 819,076 | mfu: 25.5% | epoch: 1 | remaining: 146s    
step 00970 (51.2%) | loss: 5.640397 | lrm: 0.98 | dt: 160ms | tok/sec: 818,405 | mfu: 25.5% | epoch: 1 | remaining: 146s    
step 00971 (51.2%) | loss: 5.581913 | lrm: 0.98 | dt: 160ms | tok/sec: 819,138 | mfu: 25.5% | epoch: 1 | remaining: 146s    
step 00972 (51.3%) | loss: 5.525066 | lrm: 0.97 | dt: 160ms | tok/sec: 819,059 | mfu: 25.5% | epoch: 1 | remaining: 146s    
step 00973 (51.3%) | loss: 5.474356 | lrm: 0.97 | dt: 160ms | tok/sec: 819,160 | mfu: 25.5% | epoch: 1 | remaining: 146s    
step 00974 (51.4%) | loss: 5.420271 | lrm: 0.97 | dt: 160ms | tok/sec: 818,695 | mfu: 25.5% | epoch: 1 | remaining: 146s    
step 00975 (51.4%) | loss: 5.364531 | lrm: 0.97 | dt: 160ms | tok/sec: 819,132 | mfu: 25.5% | epoch: 1 | remaining: 146s    
step 00976 (51.5%) | loss: 5.308919 | lrm: 0.97 | dt: 160ms | tok/sec: 819,234 | mfu: 25.5% | epoch: 1 | remaining: 145s    
step 00977 (51.5%) | loss: 5.254910 | lrm: 0.97 | dt: 160ms | tok/sec: 818,994 | mfu: 25.5% | epoch: 1 | remaining: 145s    
step 00978 (51.6%) | loss: 5.203901 | lrm: 0.97 | dt: 160ms | tok/sec: 819,388 | mfu: 25.5% | epoch: 1 | remaining: 145s    
step 00979 (51.7%) | loss: 5.154971 | lrm: 0.97 | dt: 160ms | tok/sec: 819,275 | mfu: 25.5% | epoch: 1 | remaining: 145s    
step 00980 (51.7%) | loss: 5.112717 | lrm: 0.97 | dt: 160ms | tok/sec: 819,223 | mfu: 25.5% | epoch: 1 | remaining: 145s    
step 00981 (51.8%) | loss: 5.065121 | lrm: 0.96 | dt: 160ms | tok/sec: 818,824 | mfu: 25.5% | epoch: 1 | remaining: 145s    
step 00982 (51.8%) | loss: 5.023283 | lrm: 0.96 | dt: 160ms | tok/sec: 819,203 | mfu: 25.5% | epoch: 1 | remaining: 144s    
step 00983 (51.9%) | loss: 4.976025 | lrm: 0.96 | dt: 160ms | tok/sec: 819,092 | mfu: 25.5% | epoch: 1 | remaining: 144s    
step 00984 (51.9%) | loss: 4.936209 | lrm: 0.96 | dt: 160ms | tok/sec: 819,045 | mfu: 25.5% | epoch: 1 | remaining: 144s    
step 00985 (52.0%) | loss: 4.893823 | lrm: 0.96 | dt: 160ms | tok/sec: 818,723 | mfu: 25.5% | epoch: 1 | remaining: 144s    
step 00986 (52.0%) | loss: 4.853807 | lrm: 0.96 | dt: 160ms | tok/sec: 818,998 | mfu: 25.5% | epoch: 1 | remaining: 144s    
step 00987 (52.1%) | loss: 4.817091 | lrm: 0.96 | dt: 163ms | tok/sec: 804,740 | mfu: 25.1% | epoch: 1 | remaining: 144s    
step 00988 (52.1%) | loss: 4.785424 | lrm: 0.96 | dt: 160ms | tok/sec: 818,904 | mfu: 25.5% | epoch: 1 | remaining: 143s    
step 00989 (52.2%) | loss: 4.749608 | lrm: 0.96 | dt: 160ms | tok/sec: 819,133 | mfu: 25.5% | epoch: 1 | remaining: 143s    
step 00990 (52.2%) | loss: 4.707774 | lrm: 0.96 | dt: 160ms | tok/sec: 819,131 | mfu: 25.5% | epoch: 1 | remaining: 143s    
step 00991 (52.3%) | loss: 4.672406 | lrm: 0.95 | dt: 160ms | tok/sec: 819,215 | mfu: 25.5% | epoch: 1 | remaining: 143s    
step 00992 (52.3%) | loss: 4.666984 | lrm: 0.95 | dt: 160ms | tok/sec: 819,127 | mfu: 25.5% | epoch: 1 | remaining: 143s    
step 00993 (52.4%) | loss: 4.650345 | lrm: 0.95 | dt: 160ms | tok/sec: 819,277 | mfu: 25.5% | epoch: 1 | remaining: 143s    
step 00994 (52.5%) | loss: 4.630402 | lrm: 0.95 | dt: 160ms | tok/sec: 818,676 | mfu: 25.5% | epoch: 1 | remaining: 142s    
step 00995 (52.5%) | loss: 4.607011 | lrm: 0.95 | dt: 160ms | tok/sec: 819,365 | mfu: 25.5% | epoch: 1 | remaining: 142s    
step 00996 (52.6%) | loss: 4.588345 | lrm: 0.95 | dt: 160ms | tok/sec: 819,248 | mfu: 25.5% | epoch: 1 | remaining: 142s    
step 00997 (52.6%) | loss: 4.570152 | lrm: 0.95 | dt: 160ms | tok/sec: 819,133 | mfu: 25.5% | epoch: 1 | remaining: 142s    
step 00998 (52.7%) | loss: 4.544066 | lrm: 0.95 | dt: 160ms | tok/sec: 818,578 | mfu: 25.5% | epoch: 1 | remaining: 142s    
step 00999 (52.7%) | loss: 4.519276 | lrm: 0.95 | dt: 160ms | tok/sec: 819,283 | mfu: 25.5% | epoch: 1 | remaining: 142s    
step 01000 (52.8%) | loss: 4.483599 | lrm: 0.94 | dt: 160ms | tok/sec: 818,823 | mfu: 25.5% | epoch: 1 | remaining: 142s    
step 01001 (52.8%) | loss: 4.452032 | lrm: 0.94 | dt: 160ms | tok/sec: 819,314 | mfu: 25.5% | epoch: 1 | remaining: 141s    
step 01002 (52.9%) | loss: 4.421895 | lrm: 0.94 | dt: 160ms | tok/sec: 818,831 | mfu: 25.5% | epoch: 1 | remaining: 141s    
step 01003 (52.9%) | loss: 4.394735 | lrm: 0.94 | dt: 160ms | tok/sec: 818,727 | mfu: 25.5% | epoch: 1 | remaining: 141s    
step 01004 (53.0%) | loss: 4.364977 | lrm: 0.94 | dt: 160ms | tok/sec: 818,544 | mfu: 25.5% | epoch: 1 | remaining: 141s    
step 01005 (53.0%) | loss: 4.335500 | lrm: 0.94 | dt: 160ms | tok/sec: 818,253 | mfu: 25.5% | epoch: 1 | remaining: 141s    
step 01006 (53.1%) | loss: 4.310715 | lrm: 0.94 | dt: 160ms | tok/sec: 819,025 | mfu: 25.5% | epoch: 1 | remaining: 141s    
step 01007 (53.1%) | loss: 4.285792 | lrm: 0.94 | dt: 160ms | tok/sec: 819,023 | mfu: 25.5% | epoch: 1 | remaining: 140s    
step 01008 (53.2%) | loss: 4.258810 | lrm: 0.94 | dt: 160ms | tok/sec: 818,833 | mfu: 25.5% | epoch: 1 | remaining: 140s    
step 01009 (53.3%) | loss: 4.234620 | lrm: 0.93 | dt: 160ms | tok/sec: 818,596 | mfu: 25.5% | epoch: 1 | remaining: 140s    
step 01010 (53.3%) | loss: 4.212358 | lrm: 0.93 | dt: 160ms | tok/sec: 818,604 | mfu: 25.5% | epoch: 1 | remaining: 140s    
step 01011 (53.4%) | loss: 4.190874 | lrm: 0.93 | dt: 160ms | tok/sec: 818,981 | mfu: 25.5% | epoch: 1 | remaining: 140s    
step 01012 (53.4%) | loss: 4.171824 | lrm: 0.93 | dt: 160ms | tok/sec: 818,521 | mfu: 25.5% | epoch: 1 | remaining: 140s    
step 01013 (53.5%) | loss: 4.145761 | lrm: 0.93 | dt: 160ms | tok/sec: 819,238 | mfu: 25.5% | epoch: 1 | remaining: 139s    
step 01014 (53.5%) | loss: 4.134199 | lrm: 0.93 | dt: 160ms | tok/sec: 818,771 | mfu: 25.5% | epoch: 1 | remaining: 139s    
step 01015 (53.6%) | loss: 4.111294 | lrm: 0.93 | dt: 160ms | tok/sec: 818,888 | mfu: 25.5% | epoch: 1 | remaining: 139s    
step 01016 (53.6%) | loss: 4.087010 | lrm: 0.93 | dt: 160ms | tok/sec: 818,532 | mfu: 25.5% | epoch: 1 | remaining: 139s    
step 01017 (53.7%) | loss: 4.059086 | lrm: 0.93 | dt: 160ms | tok/sec: 818,981 | mfu: 25.5% | epoch: 1 | remaining: 139s    
step 01018 (53.7%) | loss: 4.046623 | lrm: 0.93 | dt: 160ms | tok/sec: 818,877 | mfu: 25.5% | epoch: 1 | remaining: 139s    
step 01019 (53.8%) | loss: 4.037564 | lrm: 0.92 | dt: 160ms | tok/sec: 818,197 | mfu: 25.5% | epoch: 1 | remaining: 138s    
step 01020 (53.8%) | loss: 4.016313 | lrm: 0.92 | dt: 160ms | tok/sec: 818,740 | mfu: 25.5% | epoch: 1 | remaining: 138s    
step 01021 (53.9%) | loss: 4.003940 | lrm: 0.92 | dt: 160ms | tok/sec: 818,856 | mfu: 25.5% | epoch: 1 | remaining: 138s    
step 01022 (53.9%) | loss: 3.993831 | lrm: 0.92 | dt: 160ms | tok/sec: 819,278 | mfu: 25.5% | epoch: 1 | remaining: 138s    
step 01023 (54.0%) | loss: 3.980298 | lrm: 0.92 | dt: 160ms | tok/sec: 819,062 | mfu: 25.5% | epoch: 1 | remaining: 138s    
step 01024 (54.1%) | loss: 3.965233 | lrm: 0.92 | dt: 160ms | tok/sec: 818,990 | mfu: 25.5% | epoch: 1 | remaining: 138s    
step 01025 (54.1%) | loss: 3.955861 | lrm: 0.92 | dt: 160ms | tok/sec: 819,360 | mfu: 25.5% | epoch: 1 | remaining: 138s    
step 01026 (54.2%) | loss: 3.940683 | lrm: 0.92 | dt: 160ms | tok/sec: 819,104 | mfu: 25.5% | epoch: 1 | remaining: 137s    
step 01027 (54.2%) | loss: 3.930915 | lrm: 0.92 | dt: 160ms | tok/sec: 819,316 | mfu: 25.5% | epoch: 1 | remaining: 137s    
step 01028 (54.3%) | loss: 3.922319 | lrm: 0.91 | dt: 160ms | tok/sec: 818,814 | mfu: 25.5% | epoch: 1 | remaining: 137s    
step 01029 (54.3%) | loss: 3.907255 | lrm: 0.91 | dt: 160ms | tok/sec: 818,928 | mfu: 25.5% | epoch: 1 | remaining: 137s    
step 01030 (54.4%) | loss: 3.897155 | lrm: 0.91 | dt: 160ms | tok/sec: 818,737 | mfu: 25.5% | epoch: 1 | remaining: 137s    
step 01031 (54.4%) | loss: 3.895628 | lrm: 0.91 | dt: 160ms | tok/sec: 818,903 | mfu: 25.5% | epoch: 1 | remaining: 137s    
step 01032 (54.5%) | loss: 3.884281 | lrm: 0.91 | dt: 160ms | tok/sec: 819,097 | mfu: 25.5% | epoch: 1 | remaining: 136s    
step 01033 (54.5%) | loss: 3.879691 | lrm: 0.91 | dt: 160ms | tok/sec: 818,859 | mfu: 25.5% | epoch: 1 | remaining: 136s    
step 01034 (54.6%) | loss: 3.869552 | lrm: 0.91 | dt: 163ms | tok/sec: 805,171 | mfu: 25.1% | epoch: 1 | remaining: 136s    
step 01035 (54.6%) | loss: 3.856800 | lrm: 0.91 | dt: 160ms | tok/sec: 819,162 | mfu: 25.5% | epoch: 1 | remaining: 136s    
step 01036 (54.7%) | loss: 3.850671 | lrm: 0.91 | dt: 160ms | tok/sec: 818,655 | mfu: 25.5% | epoch: 1 | remaining: 136s    
step 01037 (54.7%) | loss: 3.848450 | lrm: 0.91 | dt: 160ms | tok/sec: 819,044 | mfu: 25.5% | epoch: 1 | remaining: 136s    
step 01038 (54.8%) | loss: 3.844413 | lrm: 0.90 | dt: 160ms | tok/sec: 819,065 | mfu: 25.5% | epoch: 1 | remaining: 135s    
step 01039 (54.9%) | loss: 3.840791 | lrm: 0.90 | dt: 160ms | tok/sec: 818,933 | mfu: 25.5% | epoch: 1 | remaining: 135s    
step 01040 (54.9%) | loss: 3.839232 | lrm: 0.90 | dt: 160ms | tok/sec: 819,122 | mfu: 25.5% | epoch: 1 | remaining: 135s    
step 01041 (55.0%) | loss: 3.831974 | lrm: 0.90 | dt: 160ms | tok/sec: 818,944 | mfu: 25.5% | epoch: 1 | remaining: 135s    
step 01042 (55.0%) | loss: 3.827763 | lrm: 0.90 | dt: 160ms | tok/sec: 818,815 | mfu: 25.5% | epoch: 1 | remaining: 135s    
step 01043 (55.1%) | loss: 3.820340 | lrm: 0.90 | dt: 160ms | tok/sec: 818,846 | mfu: 25.5% | epoch: 1 | remaining: 135s    
step 01044 (55.1%) | loss: 3.819278 | lrm: 0.90 | dt: 160ms | tok/sec: 818,867 | mfu: 25.5% | epoch: 1 | remaining: 134s    
step 01045 (55.2%) | loss: 3.810030 | lrm: 0.90 | dt: 160ms | tok/sec: 818,792 | mfu: 25.5% | epoch: 1 | remaining: 134s    
step 01046 (55.2%) | loss: 3.805617 | lrm: 0.90 | dt: 160ms | tok/sec: 818,985 | mfu: 25.5% | epoch: 1 | remaining: 134s    
step 01047 (55.3%) | loss: 3.796331 | lrm: 0.89 | dt: 160ms | tok/sec: 818,907 | mfu: 25.5% | epoch: 1 | remaining: 134s    
step 01048 (55.3%) | loss: 3.791748 | lrm: 0.89 | dt: 160ms | tok/sec: 819,042 | mfu: 25.5% | epoch: 1 | remaining: 134s    
step 01049 (55.4%) | loss: 3.790095 | lrm: 0.89 | dt: 160ms | tok/sec: 818,639 | mfu: 25.5% | epoch: 1 | remaining: 134s    
step 01050 (55.4%) | loss: 3.784308 | lrm: 0.89 | dt: 160ms | tok/sec: 818,832 | mfu: 25.5% | epoch: 1 | remaining: 134s    
step 01051 (55.5%) | loss: 3.783564 | lrm: 0.89 | dt: 160ms | tok/sec: 818,911 | mfu: 25.5% | epoch: 1 | remaining: 133s    
step 01052 (55.5%) | loss: 3.773954 | lrm: 0.89 | dt: 160ms | tok/sec: 818,437 | mfu: 25.5% | epoch: 1 | remaining: 133s    
step 01053 (55.6%) | loss: 3.768647 | lrm: 0.89 | dt: 160ms | tok/sec: 819,294 | mfu: 25.5% | epoch: 1 | remaining: 133s    
step 01054 (55.7%) | loss: 3.759772 | lrm: 0.89 | dt: 160ms | tok/sec: 818,768 | mfu: 25.5% | epoch: 1 | remaining: 133s    
step 01055 (55.7%) | loss: 3.760511 | lrm: 0.89 | dt: 160ms | tok/sec: 818,589 | mfu: 25.5% | epoch: 1 | remaining: 133s    
step 01056 (55.8%) | loss: 3.757013 | lrm: 0.88 | dt: 160ms | tok/sec: 818,960 | mfu: 25.5% | epoch: 1 | remaining: 133s    
step 01057 (55.8%) | loss: 3.747926 | lrm: 0.88 | dt: 160ms | tok/sec: 819,009 | mfu: 25.5% | epoch: 1 | remaining: 132s    
step 01058 (55.9%) | loss: 3.743527 | lrm: 0.88 | dt: 160ms | tok/sec: 819,067 | mfu: 25.5% | epoch: 1 | remaining: 132s    
step 01059 (55.9%) | loss: 3.745036 | lrm: 0.88 | dt: 160ms | tok/sec: 819,242 | mfu: 25.5% | epoch: 1 | remaining: 132s    
step 01060 (56.0%) | loss: 3.749269 | lrm: 0.88 | dt: 160ms | tok/sec: 819,003 | mfu: 25.5% | epoch: 1 | remaining: 132s    
step 01061 (56.0%) | loss: 3.739043 | lrm: 0.88 | dt: 160ms | tok/sec: 818,866 | mfu: 25.5% | epoch: 1 | remaining: 132s    
step 01062 (56.1%) | loss: 3.735679 | lrm: 0.88 | dt: 160ms | tok/sec: 819,148 | mfu: 25.5% | epoch: 1 | remaining: 132s    
step 01063 (56.1%) | loss: 3.733088 | lrm: 0.88 | dt: 160ms | tok/sec: 819,076 | mfu: 25.5% | epoch: 1 | remaining: 131s    
step 01064 (56.2%) | loss: 3.724345 | lrm: 0.88 | dt: 160ms | tok/sec: 818,964 | mfu: 25.5% | epoch: 1 | remaining: 131s    
step 01065 (56.2%) | loss: 3.728337 | lrm: 0.88 | dt: 160ms | tok/sec: 818,996 | mfu: 25.5% | epoch: 1 | remaining: 131s    
step 01066 (56.3%) | loss: 3.720708 | lrm: 0.87 | dt: 160ms | tok/sec: 818,995 | mfu: 25.5% | epoch: 1 | remaining: 131s    
step 01067 (56.3%) | loss: 3.714139 | lrm: 0.87 | dt: 160ms | tok/sec: 819,132 | mfu: 25.5% | epoch: 1 | remaining: 131s    
step 01068 (56.4%) | loss: 3.712948 | lrm: 0.87 | dt: 160ms | tok/sec: 819,183 | mfu: 25.5% | epoch: 1 | remaining: 131s    
step 01069 (56.5%) | loss: 3.705760 | lrm: 0.87 | dt: 160ms | tok/sec: 818,973 | mfu: 25.5% | epoch: 1 | remaining: 130s    
step 01070 (56.5%) | loss: 3.705562 | lrm: 0.87 | dt: 160ms | tok/sec: 819,372 | mfu: 25.5% | epoch: 1 | remaining: 130s    
step 01071 (56.6%) | loss: 3.697789 | lrm: 0.87 | dt: 160ms | tok/sec: 819,108 | mfu: 25.5% | epoch: 1 | remaining: 130s    
step 01072 (56.6%) | loss: 3.697670 | lrm: 0.87 | dt: 160ms | tok/sec: 818,596 | mfu: 25.5% | epoch: 1 | remaining: 130s    
step 01073 (56.7%) | loss: 3.688426 | lrm: 0.87 | dt: 160ms | tok/sec: 818,853 | mfu: 25.5% | epoch: 1 | remaining: 130s    
step 01074 (56.7%) | loss: 3.684712 | lrm: 0.87 | dt: 160ms | tok/sec: 818,910 | mfu: 25.5% | epoch: 1 | remaining: 130s    
step 01075 (56.8%) | loss: 3.688836 | lrm: 0.86 | dt: 160ms | tok/sec: 818,979 | mfu: 25.5% | epoch: 1 | remaining: 130s    
step 01076 (56.8%) | loss: 3.689041 | lrm: 0.86 | dt: 160ms | tok/sec: 818,992 | mfu: 25.5% | epoch: 1 | remaining: 129s    
step 01077 (56.9%) | loss: 3.688765 | lrm: 0.86 | dt: 160ms | tok/sec: 819,059 | mfu: 25.5% | epoch: 1 | remaining: 129s    
step 01078 (56.9%) | loss: 3.687963 | lrm: 0.86 | dt: 160ms | tok/sec: 819,077 | mfu: 25.5% | epoch: 1 | remaining: 129s    
step 01079 (57.0%) | loss: 3.680827 | lrm: 0.86 | dt: 160ms | tok/sec: 819,003 | mfu: 25.5% | epoch: 1 | remaining: 129s    
step 01080 (57.0%) | loss: 3.682587 | lrm: 0.86 | dt: 160ms | tok/sec: 819,047 | mfu: 25.5% | epoch: 1 | remaining: 129s    
step 01081 (57.1%) | loss: 3.681544 | lrm: 0.86 | dt: 160ms | tok/sec: 819,214 | mfu: 25.5% | epoch: 1 | remaining: 129s    
step 01082 (57.1%) | loss: 3.680770 | lrm: 0.86 | dt: 160ms | tok/sec: 818,915 | mfu: 25.5% | epoch: 1 | remaining: 128s    
step 01083 (57.2%) | loss: 3.682203 | lrm: 0.86 | dt: 160ms | tok/sec: 819,151 | mfu: 25.5% | epoch: 1 | remaining: 128s    
step 01084 (57.3%) | loss: 3.678912 | lrm: 0.85 | dt: 160ms | tok/sec: 818,609 | mfu: 25.5% | epoch: 1 | remaining: 128s    
step 01085 (57.3%) | loss: 3.673381 | lrm: 0.85 | dt: 160ms | tok/sec: 818,673 | mfu: 25.5% | epoch: 1 | remaining: 128s    
step 01086 (57.4%) | loss: 3.674306 | lrm: 0.85 | dt: 160ms | tok/sec: 819,126 | mfu: 25.5% | epoch: 1 | remaining: 128s    
step 01087 (57.4%) | loss: 3.671806 | lrm: 0.85 | dt: 160ms | tok/sec: 819,026 | mfu: 25.5% | epoch: 1 | remaining: 128s    
step 01088 (57.5%) | loss: 3.669492 | lrm: 0.85 | dt: 160ms | tok/sec: 818,487 | mfu: 25.5% | epoch: 1 | remaining: 127s    
step 01089 (57.5%) | loss: 3.672106 | lrm: 0.85 | dt: 160ms | tok/sec: 818,660 | mfu: 25.5% | epoch: 1 | remaining: 127s    
step 01090 (57.6%) | loss: 3.672848 | lrm: 0.85 | dt: 160ms | tok/sec: 818,599 | mfu: 25.5% | epoch: 1 | remaining: 127s    
step 01091 (57.6%) | loss: 3.671765 | lrm: 0.85 | dt: 160ms | tok/sec: 818,873 | mfu: 25.5% | epoch: 1 | remaining: 127s    
step 01092 (57.7%) | loss: 3.666998 | lrm: 0.85 | dt: 160ms | tok/sec: 818,681 | mfu: 25.5% | epoch: 1 | remaining: 127s    
step 01093 (57.7%) | loss: 3.667513 | lrm: 0.85 | dt: 160ms | tok/sec: 818,426 | mfu: 25.5% | epoch: 1 | remaining: 127s    
step 01094 (57.8%) | loss: 3.662723 | lrm: 0.84 | dt: 160ms | tok/sec: 818,208 | mfu: 25.5% | epoch: 1 | remaining: 126s    
step 01095 (57.8%) | loss: 3.659726 | lrm: 0.84 | dt: 160ms | tok/sec: 818,518 | mfu: 25.5% | epoch: 1 | remaining: 126s    
step 01096 (57.9%) | loss: 3.655055 | lrm: 0.84 | dt: 160ms | tok/sec: 818,682 | mfu: 25.5% | epoch: 1 | remaining: 126s    
step 01097 (57.9%) | loss: 3.656866 | lrm: 0.84 | dt: 160ms | tok/sec: 818,445 | mfu: 25.5% | epoch: 1 | remaining: 126s    
step 01098 (58.0%) | loss: 3.656678 | lrm: 0.84 | dt: 160ms | tok/sec: 818,442 | mfu: 25.5% | epoch: 1 | remaining: 126s    
step 01099 (58.1%) | loss: 3.653622 | lrm: 0.84 | dt: 160ms | tok/sec: 818,442 | mfu: 25.5% | epoch: 1 | remaining: 126s    
step 01100 (58.1%) | loss: 3.660198 | lrm: 0.84 | dt: 160ms | tok/sec: 818,510 | mfu: 25.5% | epoch: 1 | remaining: 126s    
step 01101 (58.2%) | loss: 3.664719 | lrm: 0.84 | dt: 160ms | tok/sec: 818,606 | mfu: 25.5% | epoch: 1 | remaining: 125s    
step 01102 (58.2%) | loss: 3.666903 | lrm: 0.84 | dt: 160ms | tok/sec: 818,959 | mfu: 25.5% | epoch: 1 | remaining: 125s    
step 01103 (58.3%) | loss: 3.668162 | lrm: 0.83 | dt: 160ms | tok/sec: 819,083 | mfu: 25.5% | epoch: 1 | remaining: 125s    
step 01104 (58.3%) | loss: 3.672857 | lrm: 0.83 | dt: 160ms | tok/sec: 818,712 | mfu: 25.5% | epoch: 1 | remaining: 125s    
step 01105 (58.4%) | loss: 3.674306 | lrm: 0.83 | dt: 160ms | tok/sec: 819,377 | mfu: 25.5% | epoch: 1 | remaining: 125s    
step 01106 (58.4%) | loss: 3.683372 | lrm: 0.83 | dt: 160ms | tok/sec: 819,020 | mfu: 25.5% | epoch: 1 | remaining: 125s    
step 01107 (58.5%) | loss: 3.688619 | lrm: 0.83 | dt: 160ms | tok/sec: 819,158 | mfu: 25.5% | epoch: 1 | remaining: 124s    
step 01108 (58.5%) | loss: 3.690689 | lrm: 0.83 | dt: 160ms | tok/sec: 818,657 | mfu: 25.5% | epoch: 1 | remaining: 124s    
step 01109 (58.6%) | loss: 3.697017 | lrm: 0.83 | dt: 160ms | tok/sec: 818,787 | mfu: 25.5% | epoch: 1 | remaining: 124s    
step 01110 (58.6%) | loss: 3.702778 | lrm: 0.83 | dt: 160ms | tok/sec: 819,045 | mfu: 25.5% | epoch: 1 | remaining: 124s    
step 01111 (58.7%) | loss: 3.707339 | lrm: 0.83 | dt: 160ms | tok/sec: 818,903 | mfu: 25.5% | epoch: 1 | remaining: 124s    
step 01112 (58.7%) | loss: 3.714819 | lrm: 0.83 | dt: 160ms | tok/sec: 819,011 | mfu: 25.5% | epoch: 1 | remaining: 124s    
step 01113 (58.8%) | loss: 3.727193 | lrm: 0.82 | dt: 160ms | tok/sec: 818,596 | mfu: 25.5% | epoch: 1 | remaining: 123s    
step 01114 (58.9%) | loss: 3.734298 | lrm: 0.82 | dt: 160ms | tok/sec: 818,866 | mfu: 25.5% | epoch: 1 | remaining: 123s    
step 01115 (58.9%) | loss: 3.748896 | lrm: 0.82 | dt: 160ms | tok/sec: 818,968 | mfu: 25.5% | epoch: 1 | remaining: 123s    
step 01116 (59.0%) | loss: 3.760509 | lrm: 0.82 | dt: 160ms | tok/sec: 818,890 | mfu: 25.5% | epoch: 1 | remaining: 123s    
step 01117 (59.0%) | loss: 3.768980 | lrm: 0.82 | dt: 160ms | tok/sec: 818,820 | mfu: 25.5% | epoch: 1 | remaining: 123s    
step 01118 (59.1%) | loss: 3.801661 | lrm: 0.82 | dt: 160ms | tok/sec: 818,698 | mfu: 25.5% | epoch: 1 | remaining: 123s    
step 01119 (59.1%) | loss: 3.813450 | lrm: 0.82 | dt: 160ms | tok/sec: 819,094 | mfu: 25.5% | epoch: 1 | remaining: 122s    
step 01120 (59.2%) | loss: 3.892953 | lrm: 0.82 | dt: 160ms | tok/sec: 819,270 | mfu: 25.5% | epoch: 1 | remaining: 122s    
step 01121 (59.2%) | loss: 3.944047 | lrm: 0.82 | dt: 160ms | tok/sec: 818,876 | mfu: 25.5% | epoch: 1 | remaining: 122s    
step 01122 (59.3%) | loss: 3.957542 | lrm: 0.81 | dt: 160ms | tok/sec: 818,760 | mfu: 25.5% | epoch: 1 | remaining: 122s    
step 01123 (59.3%) | loss: 4.051124 | lrm: 0.81 | dt: 160ms | tok/sec: 818,235 | mfu: 25.5% | epoch: 1 | remaining: 122s    
step 01124 (59.4%) | loss: 4.079564 | lrm: 0.81 | dt: 160ms | tok/sec: 817,798 | mfu: 25.5% | epoch: 1 | remaining: 122s    
step 01125 (59.4%) | loss: 4.132462 | lrm: 0.81 | dt: 160ms | tok/sec: 818,848 | mfu: 25.5% | epoch: 1 | remaining: 122s    
step 01126 (59.5%) | loss: 4.165229 | lrm: 0.81 | dt: 160ms | tok/sec: 818,543 | mfu: 25.5% | epoch: 1 | remaining: 121s    
step 01127 (59.5%) | loss: 4.213895 | lrm: 0.81 | dt: 160ms | tok/sec: 818,483 | mfu: 25.5% | epoch: 1 | remaining: 121s    
step 01128 (59.6%) | loss: 4.304637 | lrm: 0.81 | dt: 160ms | tok/sec: 819,088 | mfu: 25.5% | epoch: 1 | remaining: 121s    
step 01129 (59.7%) | loss: 4.390491 | lrm: 0.81 | dt: 160ms | tok/sec: 818,999 | mfu: 25.5% | epoch: 1 | remaining: 121s    
step 01130 (59.7%) | loss: 4.785687 | lrm: 0.81 | dt: 160ms | tok/sec: 819,184 | mfu: 25.5% | epoch: 1 | remaining: 121s    
step 01131 (59.8%) | loss: 4.985302 | lrm: 0.80 | dt: 160ms | tok/sec: 819,244 | mfu: 25.5% | epoch: 1 | remaining: 121s    
step 01132 (59.8%) | loss: 5.125651 | lrm: 0.80 | dt: 160ms | tok/sec: 819,057 | mfu: 25.5% | epoch: 1 | remaining: 120s    
step 01133 (59.9%) | loss: 5.437260 | lrm: 0.80 | dt: 160ms | tok/sec: 819,451 | mfu: 25.5% | epoch: 1 | remaining: 120s    
step 01134 (59.9%) | loss: 5.732436 | lrm: 0.80 | dt: 160ms | tok/sec: 819,888 | mfu: 25.5% | epoch: 1 | remaining: 120s    
step 01135 (60.0%) | loss: 5.998472 | lrm: 0.80 | dt: 160ms | tok/sec: 819,719 | mfu: 25.5% | epoch: 1 | remaining: 120s    
step 01136 (60.0%) | loss: 6.111853 | lrm: 0.80 | dt: 160ms | tok/sec: 819,629 | mfu: 25.5% | epoch: 1 | remaining: 120s    
step 01137 (60.1%) | loss: 6.162418 | lrm: 0.80 | dt: 160ms | tok/sec: 819,530 | mfu: 25.5% | epoch: 1 | remaining: 120s    
step 01138 (60.1%) | loss: 6.162494 | lrm: 0.80 | dt: 160ms | tok/sec: 818,909 | mfu: 25.5% | epoch: 1 | remaining: 119s    
step 01139 (60.2%) | loss: 6.151795 | lrm: 0.80 | dt: 160ms | tok/sec: 819,451 | mfu: 25.5% | epoch: 1 | remaining: 119s    
step 01140 (60.2%) | loss: 6.117556 | lrm: 0.80 | dt: 160ms | tok/sec: 819,726 | mfu: 25.5% | epoch: 1 | remaining: 119s    
step 01141 (60.3%) | loss: 6.060572 | lrm: 0.79 | dt: 160ms | tok/sec: 819,575 | mfu: 25.5% | epoch: 1 | remaining: 119s    
step 01142 (60.3%) | loss: 5.999205 | lrm: 0.79 | dt: 160ms | tok/sec: 819,618 | mfu: 25.5% | epoch: 1 | remaining: 119s    
step 01143 (60.4%) | loss: 5.938920 | lrm: 0.79 | dt: 160ms | tok/sec: 819,057 | mfu: 25.5% | epoch: 1 | remaining: 119s    
step 01144 (60.5%) | loss: 5.874877 | lrm: 0.79 | dt: 160ms | tok/sec: 819,793 | mfu: 25.5% | epoch: 1 | remaining: 118s    
step 01145 (60.5%) | loss: 5.808938 | lrm: 0.79 | dt: 160ms | tok/sec: 819,484 | mfu: 25.5% | epoch: 1 | remaining: 118s    
step 01146 (60.6%) | loss: 5.798585 | lrm: 0.79 | dt: 160ms | tok/sec: 818,191 | mfu: 25.5% | epoch: 1 | remaining: 118s    
step 01147 (60.6%) | loss: 5.813537 | lrm: 0.79 | dt: 160ms | tok/sec: 818,781 | mfu: 25.5% | epoch: 1 | remaining: 118s    
step 01148 (60.7%) | loss: 5.803816 | lrm: 0.79 | dt: 160ms | tok/sec: 818,618 | mfu: 25.5% | epoch: 1 | remaining: 118s    
step 01149 (60.7%) | loss: 5.770114 | lrm: 0.79 | dt: 160ms | tok/sec: 819,424 | mfu: 25.5% | epoch: 1 | remaining: 118s    
step 01150 (60.8%) | loss: 5.721916 | lrm: 0.78 | dt: 160ms | tok/sec: 819,717 | mfu: 25.5% | epoch: 1 | remaining: 118s    
step 01151 (60.8%) | loss: 5.671368 | lrm: 0.78 | dt: 160ms | tok/sec: 819,605 | mfu: 25.5% | epoch: 1 | remaining: 117s    
step 01152 (60.9%) | loss: 5.616843 | lrm: 0.78 | dt: 160ms | tok/sec: 819,397 | mfu: 25.5% | epoch: 1 | remaining: 117s    
step 01153 (60.9%) | loss: 5.567226 | lrm: 0.78 | dt: 160ms | tok/sec: 819,552 | mfu: 25.5% | epoch: 1 | remaining: 117s    
step 01154 (61.0%) | loss: 5.518697 | lrm: 0.78 | dt: 160ms | tok/sec: 819,477 | mfu: 25.5% | epoch: 1 | remaining: 117s    
step 01155 (61.0%) | loss: 5.470161 | lrm: 0.78 | dt: 160ms | tok/sec: 819,440 | mfu: 25.5% | epoch: 1 | remaining: 117s    
step 01156 (61.1%) | loss: 5.424521 | lrm: 0.78 | dt: 160ms | tok/sec: 819,441 | mfu: 25.5% | epoch: 1 | remaining: 117s    
step 01157 (61.1%) | loss: 5.367977 | lrm: 0.78 | dt: 160ms | tok/sec: 819,352 | mfu: 25.5% | epoch: 1 | remaining: 116s    
step 01158 (61.2%) | loss: 5.306230 | lrm: 0.78 | dt: 160ms | tok/sec: 819,515 | mfu: 25.5% | epoch: 1 | remaining: 116s    
step 01159 (61.3%) | loss: 5.253184 | lrm: 0.77 | dt: 160ms | tok/sec: 819,562 | mfu: 25.5% | epoch: 1 | remaining: 116s    
step 01160 (61.3%) | loss: 5.195372 | lrm: 0.77 | dt: 160ms | tok/sec: 819,092 | mfu: 25.5% | epoch: 1 | remaining: 116s    
step 01161 (61.4%) | loss: 5.140839 | lrm: 0.77 | dt: 160ms | tok/sec: 819,388 | mfu: 25.5% | epoch: 1 | remaining: 116s    
step 01162 (61.4%) | loss: 5.085416 | lrm: 0.77 | dt: 160ms | tok/sec: 819,525 | mfu: 25.5% | epoch: 1 | remaining: 116s    
step 01163 (61.5%) | loss: 5.031545 | lrm: 0.77 | dt: 160ms | tok/sec: 819,000 | mfu: 25.5% | epoch: 1 | remaining: 115s    
step 01164 (61.5%) | loss: 4.982565 | lrm: 0.77 | dt: 160ms | tok/sec: 819,116 | mfu: 25.5% | epoch: 1 | remaining: 115s    
step 01165 (61.6%) | loss: 4.927586 | lrm: 0.77 | dt: 160ms | tok/sec: 819,633 | mfu: 25.5% | epoch: 1 | remaining: 115s    
step 01166 (61.6%) | loss: 4.877194 | lrm: 0.77 | dt: 160ms | tok/sec: 819,303 | mfu: 25.5% | epoch: 1 | remaining: 115s    
step 01167 (61.7%) | loss: 4.822970 | lrm: 0.77 | dt: 160ms | tok/sec: 819,285 | mfu: 25.5% | epoch: 1 | remaining: 115s    
step 01168 (61.7%) | loss: 4.768863 | lrm: 0.77 | dt: 160ms | tok/sec: 818,248 | mfu: 25.5% | epoch: 1 | remaining: 115s    
step 01169 (61.8%) | loss: 4.718464 | lrm: 0.76 | dt: 160ms | tok/sec: 818,828 | mfu: 25.5% | epoch: 1 | remaining: 114s    
step 01170 (61.8%) | loss: 4.672158 | lrm: 0.76 | dt: 160ms | tok/sec: 819,315 | mfu: 25.5% | epoch: 1 | remaining: 114s    
step 01171 (61.9%) | loss: 4.631617 | lrm: 0.76 | dt: 160ms | tok/sec: 819,165 | mfu: 25.5% | epoch: 1 | remaining: 114s    
step 01172 (61.9%) | loss: 4.585412 | lrm: 0.76 | dt: 160ms | tok/sec: 819,490 | mfu: 25.5% | epoch: 1 | remaining: 114s    
step 01173 (62.0%) | loss: 4.543250 | lrm: 0.76 | dt: 160ms | tok/sec: 819,137 | mfu: 25.5% | epoch: 1 | remaining: 114s    
step 01174 (62.1%) | loss: 4.503334 | lrm: 0.76 | dt: 160ms | tok/sec: 819,198 | mfu: 25.5% | epoch: 1 | remaining: 114s    
step 01175 (62.1%) | loss: 4.468495 | lrm: 0.76 | dt: 160ms | tok/sec: 819,109 | mfu: 25.5% | epoch: 1 | remaining: 114s    
step 01176 (62.2%) | loss: 4.430289 | lrm: 0.76 | dt: 160ms | tok/sec: 818,844 | mfu: 25.5% | epoch: 1 | remaining: 113s    
step 01177 (62.2%) | loss: 4.401995 | lrm: 0.76 | dt: 160ms | tok/sec: 819,616 | mfu: 25.5% | epoch: 1 | remaining: 113s    
step 01178 (62.3%) | loss: 4.373253 | lrm: 0.75 | dt: 160ms | tok/sec: 818,960 | mfu: 25.5% | epoch: 1 | remaining: 113s    
step 01179 (62.3%) | loss: 4.340824 | lrm: 0.75 | dt: 160ms | tok/sec: 818,999 | mfu: 25.5% | epoch: 1 | remaining: 113s    
step 01180 (62.4%) | loss: 4.315228 | lrm: 0.75 | dt: 160ms | tok/sec: 819,164 | mfu: 25.5% | epoch: 1 | remaining: 113s    
step 01181 (62.4%) | loss: 4.284362 | lrm: 0.75 | dt: 160ms | tok/sec: 819,451 | mfu: 25.5% | epoch: 1 | remaining: 113s    
step 01182 (62.5%) | loss: 4.257852 | lrm: 0.75 | dt: 160ms | tok/sec: 819,170 | mfu: 25.5% | epoch: 1 | remaining: 112s    
step 01183 (62.5%) | loss: 4.237664 | lrm: 0.75 | dt: 160ms | tok/sec: 818,934 | mfu: 25.5% | epoch: 1 | remaining: 112s    
step 01184 (62.6%) | loss: 4.214160 | lrm: 0.75 | dt: 160ms | tok/sec: 818,968 | mfu: 25.5% | epoch: 1 | remaining: 112s    
step 01185 (62.6%) | loss: 4.187846 | lrm: 0.75 | dt: 160ms | tok/sec: 819,256 | mfu: 25.5% | epoch: 1 | remaining: 112s    
step 01186 (62.7%) | loss: 4.170419 | lrm: 0.75 | dt: 160ms | tok/sec: 819,199 | mfu: 25.5% | epoch: 1 | remaining: 112s    
step 01187 (62.7%) | loss: 4.143942 | lrm: 0.75 | dt: 160ms | tok/sec: 818,545 | mfu: 25.5% | epoch: 1 | remaining: 112s    
step 01188 (62.8%) | loss: 4.118809 | lrm: 0.74 | dt: 160ms | tok/sec: 818,664 | mfu: 25.5% | epoch: 1 | remaining: 111s    
step 01189 (62.9%) | loss: 4.093511 | lrm: 0.74 | dt: 160ms | tok/sec: 819,029 | mfu: 25.5% | epoch: 1 | remaining: 111s    
step 01190 (62.9%) | loss: 4.077550 | lrm: 0.74 | dt: 160ms | tok/sec: 819,020 | mfu: 25.5% | epoch: 1 | remaining: 111s    
step 01191 (63.0%) | loss: 4.064170 | lrm: 0.74 | dt: 160ms | tok/sec: 819,299 | mfu: 25.5% | epoch: 1 | remaining: 111s    
step 01192 (63.0%) | loss: 4.047022 | lrm: 0.74 | dt: 160ms | tok/sec: 818,993 | mfu: 25.5% | epoch: 1 | remaining: 111s    
step 01193 (63.1%) | loss: 4.026780 | lrm: 0.74 | dt: 160ms | tok/sec: 819,137 | mfu: 25.5% | epoch: 1 | remaining: 111s    
step 01194 (63.1%) | loss: 4.003575 | lrm: 0.74 | dt: 160ms | tok/sec: 818,918 | mfu: 25.5% | epoch: 1 | remaining: 110s    
step 01195 (63.2%) | loss: 3.989112 | lrm: 0.74 | dt: 160ms | tok/sec: 819,083 | mfu: 25.5% | epoch: 1 | remaining: 110s    
step 01196 (63.2%) | loss: 3.979641 | lrm: 0.74 | dt: 160ms | tok/sec: 818,950 | mfu: 25.5% | epoch: 1 | remaining: 110s    
step 01197 (63.3%) | loss: 3.957738 | lrm: 0.73 | dt: 160ms | tok/sec: 819,182 | mfu: 25.5% | epoch: 1 | remaining: 110s    
step 01198 (63.3%) | loss: 3.940638 | lrm: 0.73 | dt: 160ms | tok/sec: 819,258 | mfu: 25.5% | epoch: 1 | remaining: 110s    
step 01199 (63.4%) | loss: 3.921429 | lrm: 0.73 | dt: 160ms | tok/sec: 819,037 | mfu: 25.5% | epoch: 1 | remaining: 110s    
step 01200 (63.4%) | loss: 3.906301 | lrm: 0.73 | dt: 160ms | tok/sec: 819,081 | mfu: 25.5% | epoch: 1 | remaining: 110s    
step 01201 (63.5%) | loss: 3.902658 | lrm: 0.73 | dt: 160ms | tok/sec: 819,136 | mfu: 25.5% | epoch: 1 | remaining: 109s    
step 01202 (63.5%) | loss: 3.895414 | lrm: 0.73 | dt: 160ms | tok/sec: 819,144 | mfu: 25.5% | epoch: 1 | remaining: 109s    
step 01203 (63.6%) | loss: 3.883178 | lrm: 0.73 | dt: 160ms | tok/sec: 819,204 | mfu: 25.5% | epoch: 1 | remaining: 109s    
step 01204 (63.7%) | loss: 3.869386 | lrm: 0.73 | dt: 160ms | tok/sec: 819,009 | mfu: 25.5% | epoch: 1 | remaining: 109s    
step 01205 (63.7%) | loss: 3.862005 | lrm: 0.73 | dt: 160ms | tok/sec: 817,758 | mfu: 25.5% | epoch: 1 | remaining: 109s    
step 01206 (63.8%) | loss: 3.853722 | lrm: 0.72 | dt: 160ms | tok/sec: 819,048 | mfu: 25.5% | epoch: 1 | remaining: 109s    
step 01207 (63.8%) | loss: 3.849826 | lrm: 0.72 | dt: 160ms | tok/sec: 818,881 | mfu: 25.5% | epoch: 1 | remaining: 108s    
step 01208 (63.9%) | loss: 3.840332 | lrm: 0.72 | dt: 160ms | tok/sec: 818,566 | mfu: 25.5% | epoch: 1 | remaining: 108s    
step 01209 (63.9%) | loss: 3.827614 | lrm: 0.72 | dt: 160ms | tok/sec: 818,489 | mfu: 25.5% | epoch: 1 | remaining: 108s    
step 01210 (64.0%) | loss: 3.823760 | lrm: 0.72 | dt: 160ms | tok/sec: 819,055 | mfu: 25.5% | epoch: 1 | remaining: 108s    
step 01211 (64.0%) | loss: 3.814081 | lrm: 0.72 | dt: 160ms | tok/sec: 818,499 | mfu: 25.5% | epoch: 1 | remaining: 108s    
step 01212 (64.1%) | loss: 3.812412 | lrm: 0.72 | dt: 160ms | tok/sec: 818,358 | mfu: 25.5% | epoch: 1 | remaining: 108s    
step 01213 (64.1%) | loss: 3.804154 | lrm: 0.72 | dt: 160ms | tok/sec: 818,531 | mfu: 25.5% | epoch: 1 | remaining: 107s    
step 01214 (64.2%) | loss: 3.797193 | lrm: 0.72 | dt: 160ms | tok/sec: 819,009 | mfu: 25.5% | epoch: 1 | remaining: 107s    
step 01215 (64.2%) | loss: 3.794685 | lrm: 0.72 | dt: 160ms | tok/sec: 818,767 | mfu: 25.5% | epoch: 1 | remaining: 107s    
step 01216 (64.3%) | loss: 3.786121 | lrm: 0.71 | dt: 160ms | tok/sec: 818,768 | mfu: 25.5% | epoch: 1 | remaining: 107s    
step 01217 (64.3%) | loss: 3.782735 | lrm: 0.71 | dt: 160ms | tok/sec: 819,401 | mfu: 25.5% | epoch: 1 | remaining: 107s    
step 01218 (64.4%) | loss: 3.777120 | lrm: 0.71 | dt: 160ms | tok/sec: 818,760 | mfu: 25.5% | epoch: 1 | remaining: 107s    
step 01219 (64.5%) | loss: 3.771077 | lrm: 0.71 | dt: 160ms | tok/sec: 818,805 | mfu: 25.5% | epoch: 1 | remaining: 106s    
step 01220 (64.5%) | loss: 3.763555 | lrm: 0.71 | dt: 160ms | tok/sec: 818,849 | mfu: 25.5% | epoch: 1 | remaining: 106s    
step 01221 (64.6%) | loss: 3.763930 | lrm: 0.71 | dt: 160ms | tok/sec: 818,113 | mfu: 25.5% | epoch: 1 | remaining: 106s    
step 01222 (64.6%) | loss: 3.762002 | lrm: 0.71 | dt: 160ms | tok/sec: 818,856 | mfu: 25.5% | epoch: 1 | remaining: 106s    
step 01223 (64.7%) | loss: 3.757270 | lrm: 0.71 | dt: 160ms | tok/sec: 819,086 | mfu: 25.5% | epoch: 1 | remaining: 106s    
step 01224 (64.7%) | loss: 3.754018 | lrm: 0.71 | dt: 160ms | tok/sec: 818,671 | mfu: 25.5% | epoch: 1 | remaining: 106s    
step 01225 (64.8%) | loss: 3.747566 | lrm: 0.70 | dt: 160ms | tok/sec: 818,926 | mfu: 25.5% | epoch: 1 | remaining: 106s    
step 01226 (64.8%) | loss: 3.737827 | lrm: 0.70 | dt: 160ms | tok/sec: 818,615 | mfu: 25.5% | epoch: 1 | remaining: 105s    
step 01227 (64.9%) | loss: 3.735534 | lrm: 0.70 | dt: 160ms | tok/sec: 818,554 | mfu: 25.5% | epoch: 1 | remaining: 105s    
step 01228 (64.9%) | loss: 3.728471 | lrm: 0.70 | dt: 162ms | tok/sec: 810,922 | mfu: 25.3% | epoch: 1 | remaining: 105s    
step 01229 (65.0%) | loss: 3.723603 | lrm: 0.70 | dt: 160ms | tok/sec: 818,848 | mfu: 25.5% | epoch: 1 | remaining: 105s    
step 01230 (65.0%) | loss: 3.719470 | lrm: 0.70 | dt: 160ms | tok/sec: 818,645 | mfu: 25.5% | epoch: 1 | remaining: 105s    
step 01231 (65.1%) | loss: 3.711415 | lrm: 0.70 | dt: 160ms | tok/sec: 819,033 | mfu: 25.5% | epoch: 1 | remaining: 105s    
step 01232 (65.1%) | loss: 3.705959 | lrm: 0.70 | dt: 160ms | tok/sec: 819,159 | mfu: 25.5% | epoch: 1 | remaining: 104s    
step 01233 (65.2%) | loss: 3.703975 | lrm: 0.70 | dt: 160ms | tok/sec: 819,153 | mfu: 25.5% | epoch: 1 | remaining: 104s    
step 01234 (65.3%) | loss: 3.703125 | lrm: 0.69 | dt: 160ms | tok/sec: 819,180 | mfu: 25.5% | epoch: 1 | remaining: 104s    
step 01235 (65.3%) | loss: 3.696211 | lrm: 0.69 | dt: 160ms | tok/sec: 819,123 | mfu: 25.5% | epoch: 1 | remaining: 104s    
step 01236 (65.4%) | loss: 3.692969 | lrm: 0.69 | dt: 160ms | tok/sec: 818,954 | mfu: 25.5% | epoch: 1 | remaining: 104s    
step 01237 (65.4%) | loss: 3.681918 | lrm: 0.69 | dt: 160ms | tok/sec: 818,959 | mfu: 25.5% | epoch: 1 | remaining: 104s    
step 01238 (65.5%) | loss: 3.679255 | lrm: 0.69 | dt: 160ms | tok/sec: 818,874 | mfu: 25.5% | epoch: 1 | remaining: 103s    
step 01239 (65.5%) | loss: 3.675461 | lrm: 0.69 | dt: 160ms | tok/sec: 819,086 | mfu: 25.5% | epoch: 1 | remaining: 103s    
step 01240 (65.6%) | loss: 3.675849 | lrm: 0.69 | dt: 160ms | tok/sec: 819,241 | mfu: 25.5% | epoch: 1 | remaining: 103s    
step 01241 (65.6%) | loss: 3.667710 | lrm: 0.69 | dt: 160ms | tok/sec: 818,814 | mfu: 25.5% | epoch: 1 | remaining: 103s    
step 01242 (65.7%) | loss: 3.669558 | lrm: 0.69 | dt: 160ms | tok/sec: 819,039 | mfu: 25.5% | epoch: 1 | remaining: 103s    
step 01243 (65.7%) | loss: 3.670346 | lrm: 0.69 | dt: 160ms | tok/sec: 819,034 | mfu: 25.5% | epoch: 1 | remaining: 103s    
step 01244 (65.8%) | loss: 3.665618 | lrm: 0.68 | dt: 160ms | tok/sec: 818,803 | mfu: 25.5% | epoch: 1 | remaining: 102s    
step 01245 (65.8%) | loss: 3.662164 | lrm: 0.68 | dt: 160ms | tok/sec: 818,777 | mfu: 25.5% | epoch: 1 | remaining: 102s    
step 01246 (65.9%) | loss: 3.663924 | lrm: 0.68 | dt: 160ms | tok/sec: 818,470 | mfu: 25.5% | epoch: 1 | remaining: 102s    
step 01247 (66.0%) | loss: 3.664622 | lrm: 0.68 | dt: 160ms | tok/sec: 817,443 | mfu: 25.5% | epoch: 1 | remaining: 102s    
step 01248 (66.0%) | loss: 3.664007 | lrm: 0.68 | dt: 160ms | tok/sec: 818,765 | mfu: 25.5% | epoch: 1 | remaining: 102s    
step 01249 (66.1%) | loss: 3.664039 | lrm: 0.68 | dt: 160ms | tok/sec: 818,871 | mfu: 25.5% | epoch: 1 | remaining: 102s    
step 01250 (66.1%) | loss: 3.662154 | lrm: 0.68 | dt: 160ms | tok/sec: 818,689 | mfu: 25.5% | epoch: 1 | remaining: 102s    
step 01251 (66.2%) | loss: 3.665027 | lrm: 0.68 | dt: 160ms | tok/sec: 818,716 | mfu: 25.5% | epoch: 1 | remaining: 101s    
step 01252 (66.2%) | loss: 3.664613 | lrm: 0.68 | dt: 160ms | tok/sec: 818,745 | mfu: 25.5% | epoch: 1 | remaining: 101s    
step 01253 (66.3%) | loss: 3.666360 | lrm: 0.67 | dt: 160ms | tok/sec: 817,298 | mfu: 25.5% | epoch: 1 | remaining: 101s    
step 01254 (66.3%) | loss: 3.663003 | lrm: 0.67 | dt: 160ms | tok/sec: 818,771 | mfu: 25.5% | epoch: 1 | remaining: 101s    
step 01255 (66.4%) | loss: 3.663760 | lrm: 0.67 | dt: 160ms | tok/sec: 818,922 | mfu: 25.5% | epoch: 1 | remaining: 101s    
step 01256 (66.4%) | loss: 3.655013 | lrm: 0.67 | dt: 160ms | tok/sec: 818,904 | mfu: 25.5% | epoch: 1 | remaining: 101s    
step 01257 (66.5%) | loss: 3.652365 | lrm: 0.67 | dt: 160ms | tok/sec: 818,439 | mfu: 25.5% | epoch: 1 | remaining: 100s    
step 01258 (66.5%) | loss: 3.650909 | lrm: 0.67 | dt: 160ms | tok/sec: 818,443 | mfu: 25.5% | epoch: 1 | remaining: 100s    
step 01259 (66.6%) | loss: 3.646631 | lrm: 0.67 | dt: 160ms | tok/sec: 818,438 | mfu: 25.5% | epoch: 1 | remaining: 100s    
step 01260 (66.6%) | loss: 3.645956 | lrm: 0.67 | dt: 160ms | tok/sec: 818,159 | mfu: 25.5% | epoch: 1 | remaining: 100s    
step 01261 (66.7%) | loss: 3.648214 | lrm: 0.67 | dt: 161ms | tok/sec: 816,410 | mfu: 25.4% | epoch: 1 | remaining: 100s    
step 01262 (66.8%) | loss: 3.645325 | lrm: 0.66 | dt: 160ms | tok/sec: 818,073 | mfu: 25.5% | epoch: 1 | remaining: 100s    
step 01263 (66.8%) | loss: 3.648037 | lrm: 0.66 | dt: 160ms | tok/sec: 818,738 | mfu: 25.5% | epoch: 1 | remaining: 99s    
step 01264 (66.9%) | loss: 3.651807 | lrm: 0.66 | dt: 160ms | tok/sec: 818,804 | mfu: 25.5% | epoch: 1 | remaining: 99s    
step 01265 (66.9%) | loss: 3.658688 | lrm: 0.66 | dt: 160ms | tok/sec: 818,333 | mfu: 25.5% | epoch: 1 | remaining: 99s    
step 01266 (67.0%) | loss: 3.659639 | lrm: 0.66 | dt: 160ms | tok/sec: 818,204 | mfu: 25.5% | epoch: 1 | remaining: 99s    
step 01267 (67.0%) | loss: 3.661951 | lrm: 0.66 | dt: 161ms | tok/sec: 816,625 | mfu: 25.4% | epoch: 1 | remaining: 99s    
step 01268 (67.1%) | loss: 3.659108 | lrm: 0.66 | dt: 160ms | tok/sec: 818,728 | mfu: 25.5% | epoch: 1 | remaining: 99s    
step 01269 (67.1%) | loss: 3.657388 | lrm: 0.66 | dt: 160ms | tok/sec: 818,737 | mfu: 25.5% | epoch: 1 | remaining: 98s    
step 01270 (67.2%) | loss: 3.655638 | lrm: 0.66 | dt: 160ms | tok/sec: 818,289 | mfu: 25.5% | epoch: 1 | remaining: 98s    
step 01271 (67.2%) | loss: 3.648086 | lrm: 0.66 | dt: 160ms | tok/sec: 818,855 | mfu: 25.5% | epoch: 1 | remaining: 98s    
step 01272 (67.3%) | loss: 3.654745 | lrm: 0.65 | dt: 160ms | tok/sec: 818,639 | mfu: 25.5% | epoch: 1 | remaining: 98s    
step 01273 (67.3%) | loss: 3.654355 | lrm: 0.65 | dt: 160ms | tok/sec: 818,977 | mfu: 25.5% | epoch: 1 | remaining: 98s    
step 01274 (67.4%) | loss: 3.653410 | lrm: 0.65 | dt: 160ms | tok/sec: 818,766 | mfu: 25.5% | epoch: 1 | remaining: 98s    
step 01275 (67.4%) | loss: 3.653370 | lrm: 0.65 | dt: 160ms | tok/sec: 818,545 | mfu: 25.5% | epoch: 1 | remaining: 98s    
step 01276 (67.5%) | loss: 3.653109 | lrm: 0.65 | dt: 160ms | tok/sec: 818,883 | mfu: 25.5% | epoch: 1 | remaining: 97s    
step 01277 (67.6%) | loss: 3.656336 | lrm: 0.65 | dt: 160ms | tok/sec: 818,950 | mfu: 25.5% | epoch: 1 | remaining: 97s    
step 01278 (67.6%) | loss: 3.658808 | lrm: 0.65 | dt: 160ms | tok/sec: 819,108 | mfu: 25.5% | epoch: 1 | remaining: 97s    
step 01279 (67.7%) | loss: 3.654209 | lrm: 0.65 | dt: 160ms | tok/sec: 819,028 | mfu: 25.5% | epoch: 1 | remaining: 97s    
step 01280 (67.7%) | loss: 3.651427 | lrm: 0.65 | dt: 160ms | tok/sec: 818,901 | mfu: 25.5% | epoch: 1 | remaining: 97s    
step 01281 (67.8%) | loss: 3.647063 | lrm: 0.64 | dt: 160ms | tok/sec: 818,735 | mfu: 25.5% | epoch: 1 | remaining: 97s    
step 01282 (67.8%) | loss: 3.635319 | lrm: 0.64 | dt: 160ms | tok/sec: 818,648 | mfu: 25.5% | epoch: 1 | remaining: 96s    
step 01283 (67.9%) | loss: 3.643539 | lrm: 0.64 | dt: 160ms | tok/sec: 818,767 | mfu: 25.5% | epoch: 1 | remaining: 96s    
step 01284 (67.9%) | loss: 3.645563 | lrm: 0.64 | dt: 160ms | tok/sec: 818,795 | mfu: 25.5% | epoch: 1 | remaining: 96s    
step 01285 (68.0%) | loss: 3.642983 | lrm: 0.64 | dt: 160ms | tok/sec: 818,755 | mfu: 25.5% | epoch: 1 | remaining: 96s    
step 01286 (68.0%) | loss: 3.645490 | lrm: 0.64 | dt: 160ms | tok/sec: 818,528 | mfu: 25.5% | epoch: 1 | remaining: 96s    
step 01287 (68.1%) | loss: 3.647601 | lrm: 0.64 | dt: 160ms | tok/sec: 818,760 | mfu: 25.5% | epoch: 1 | remaining: 96s    
step 01288 (68.1%) | loss: 3.642740 | lrm: 0.64 | dt: 160ms | tok/sec: 818,931 | mfu: 25.5% | epoch: 1 | remaining: 95s    
step 01289 (68.2%) | loss: 3.639558 | lrm: 0.64 | dt: 160ms | tok/sec: 818,159 | mfu: 25.5% | epoch: 1 | remaining: 95s    
step 01290 (68.2%) | loss: 3.635067 | lrm: 0.64 | dt: 160ms | tok/sec: 818,870 | mfu: 25.5% | epoch: 1 | remaining: 95s    
step 01291 (68.3%) | loss: 3.630881 | lrm: 0.63 | dt: 160ms | tok/sec: 818,545 | mfu: 25.5% | epoch: 1 | remaining: 95s    
step 01292 (68.4%) | loss: 3.624026 | lrm: 0.63 | dt: 160ms | tok/sec: 818,148 | mfu: 25.5% | epoch: 1 | remaining: 95s    
step 01293 (68.4%) | loss: 3.631362 | lrm: 0.63 | dt: 160ms | tok/sec: 818,339 | mfu: 25.5% | epoch: 1 | remaining: 95s    
step 01294 (68.5%) | loss: 3.626137 | lrm: 0.63 | dt: 160ms | tok/sec: 818,493 | mfu: 25.5% | epoch: 1 | remaining: 94s    
step 01295 (68.5%) | loss: 3.622072 | lrm: 0.63 | dt: 160ms | tok/sec: 818,734 | mfu: 25.5% | epoch: 1 | remaining: 94s    
step 01296 (68.6%) | loss: 3.622464 | lrm: 0.63 | dt: 160ms | tok/sec: 818,481 | mfu: 25.5% | epoch: 1 | remaining: 94s    
step 01297 (68.6%) | loss: 3.616553 | lrm: 0.63 | dt: 160ms | tok/sec: 817,754 | mfu: 25.5% | epoch: 1 | remaining: 94s    
step 01298 (68.7%) | loss: 3.617823 | lrm: 0.63 | dt: 160ms | tok/sec: 818,511 | mfu: 25.5% | epoch: 1 | remaining: 94s    
step 01299 (68.7%) | loss: 3.614898 | lrm: 0.63 | dt: 160ms | tok/sec: 818,417 | mfu: 25.5% | epoch: 1 | remaining: 94s    
step 01300 (68.8%) | loss: 3.614545 | lrm: 0.62 | dt: 160ms | tok/sec: 818,338 | mfu: 25.5% | epoch: 1 | remaining: 94s    
step 01301 (68.8%) | loss: 3.605734 | lrm: 0.62 | dt: 160ms | tok/sec: 818,567 | mfu: 25.5% | epoch: 1 | remaining: 93s    
step 01302 (68.9%) | loss: 3.610653 | lrm: 0.62 | dt: 160ms | tok/sec: 818,826 | mfu: 25.5% | epoch: 1 | remaining: 93s    
step 01303 (68.9%) | loss: 3.602291 | lrm: 0.62 | dt: 160ms | tok/sec: 818,515 | mfu: 25.5% | epoch: 1 | remaining: 93s    
step 01304 (69.0%) | loss: 3.601643 | lrm: 0.62 | dt: 160ms | tok/sec: 818,882 | mfu: 25.5% | epoch: 1 | remaining: 93s    
step 01305 (69.0%) | loss: 3.592922 | lrm: 0.62 | dt: 160ms | tok/sec: 818,007 | mfu: 25.5% | epoch: 1 | remaining: 93s    
step 01306 (69.1%) | loss: 3.591938 | lrm: 0.62 | dt: 160ms | tok/sec: 818,650 | mfu: 25.5% | epoch: 1 | remaining: 93s    
step 01307 (69.2%) | loss: 3.602139 | lrm: 0.62 | dt: 160ms | tok/sec: 818,313 | mfu: 25.5% | epoch: 1 | remaining: 92s    
step 01308 (69.2%) | loss: 3.601000 | lrm: 0.62 | dt: 160ms | tok/sec: 818,839 | mfu: 25.5% | epoch: 1 | remaining: 92s    
step 01309 (69.3%) | loss: 3.605247 | lrm: 0.61 | dt: 160ms | tok/sec: 817,820 | mfu: 25.5% | epoch: 1 | remaining: 92s    
step 01310 (69.3%) | loss: 3.614198 | lrm: 0.61 | dt: 160ms | tok/sec: 817,952 | mfu: 25.5% | epoch: 1 | remaining: 92s    
step 01311 (69.4%) | loss: 3.611696 | lrm: 0.61 | dt: 160ms | tok/sec: 818,759 | mfu: 25.5% | epoch: 1 | remaining: 92s    
step 01312 (69.4%) | loss: 3.602583 | lrm: 0.61 | dt: 160ms | tok/sec: 818,729 | mfu: 25.5% | epoch: 1 | remaining: 92s    
step 01313 (69.5%) | loss: 3.600925 | lrm: 0.61 | dt: 160ms | tok/sec: 818,805 | mfu: 25.5% | epoch: 1 | remaining: 91s    
step 01314 (69.5%) | loss: 3.594870 | lrm: 0.61 | dt: 160ms | tok/sec: 818,642 | mfu: 25.5% | epoch: 1 | remaining: 91s    
step 01315 (69.6%) | loss: 3.593749 | lrm: 0.61 | dt: 160ms | tok/sec: 819,261 | mfu: 25.5% | epoch: 1 | remaining: 91s    
step 01316 (69.6%) | loss: 3.594428 | lrm: 0.61 | dt: 160ms | tok/sec: 818,681 | mfu: 25.5% | epoch: 1 | remaining: 91s    
step 01317 (69.7%) | loss: 3.594866 | lrm: 0.61 | dt: 160ms | tok/sec: 819,078 | mfu: 25.5% | epoch: 1 | remaining: 91s    
step 01318 (69.7%) | loss: 3.600677 | lrm: 0.61 | dt: 160ms | tok/sec: 819,004 | mfu: 25.5% | epoch: 1 | remaining: 91s    
step 01319 (69.8%) | loss: 3.597771 | lrm: 0.60 | dt: 160ms | tok/sec: 818,821 | mfu: 25.5% | epoch: 1 | remaining: 90s    
step 01320 (69.8%) | loss: 3.600822 | lrm: 0.60 | dt: 160ms | tok/sec: 818,818 | mfu: 25.5% | epoch: 1 | remaining: 90s    
step 01321 (69.9%) | loss: 3.602397 | lrm: 0.60 | dt: 160ms | tok/sec: 818,883 | mfu: 25.5% | epoch: 1 | remaining: 90s    
step 01322 (70.0%) | loss: 3.596499 | lrm: 0.60 | dt: 160ms | tok/sec: 818,939 | mfu: 25.5% | epoch: 1 | remaining: 90s    
step 01323 (70.0%) | loss: 3.599728 | lrm: 0.60 | dt: 160ms | tok/sec: 818,871 | mfu: 25.5% | epoch: 1 | remaining: 90s    
step 01324 (70.1%) | loss: 3.602826 | lrm: 0.60 | dt: 160ms | tok/sec: 818,831 | mfu: 25.5% | epoch: 1 | remaining: 90s    
step 01325 (70.1%) | loss: 3.600381 | lrm: 0.60 | dt: 160ms | tok/sec: 818,856 | mfu: 25.5% | epoch: 1 | remaining: 89s    
step 01326 (70.2%) | loss: 3.601542 | lrm: 0.60 | dt: 160ms | tok/sec: 818,564 | mfu: 25.5% | epoch: 1 | remaining: 89s    
step 01327 (70.2%) | loss: 3.602478 | lrm: 0.60 | dt: 160ms | tok/sec: 819,108 | mfu: 25.5% | epoch: 1 | remaining: 89s    
step 01328 (70.3%) | loss: 3.600163 | lrm: 0.59 | dt: 160ms | tok/sec: 818,994 | mfu: 25.5% | epoch: 1 | remaining: 89s    
step 01329 (70.3%) | loss: 3.604669 | lrm: 0.59 | dt: 160ms | tok/sec: 818,795 | mfu: 25.5% | epoch: 1 | remaining: 89s    
step 01330 (70.4%) | loss: 3.598398 | lrm: 0.59 | dt: 160ms | tok/sec: 819,131 | mfu: 25.5% | epoch: 1 | remaining: 89s    
step 01331 (70.4%) | loss: 3.598933 | lrm: 0.59 | dt: 160ms | tok/sec: 819,061 | mfu: 25.5% | epoch: 1 | remaining: 89s    
step 01332 (70.5%) | loss: 3.596841 | lrm: 0.59 | dt: 160ms | tok/sec: 819,056 | mfu: 25.5% | epoch: 1 | remaining: 88s    
step 01333 (70.5%) | loss: 3.598014 | lrm: 0.59 | dt: 160ms | tok/sec: 818,604 | mfu: 25.5% | epoch: 1 | remaining: 88s    
step 01334 (70.6%) | loss: 3.589978 | lrm: 0.59 | dt: 160ms | tok/sec: 819,221 | mfu: 25.5% | epoch: 1 | remaining: 88s    
step 01335 (70.6%) | loss: 3.588818 | lrm: 0.59 | dt: 160ms | tok/sec: 819,009 | mfu: 25.5% | epoch: 1 | remaining: 88s    
step 01336 (70.7%) | loss: 3.586347 | lrm: 0.59 | dt: 160ms | tok/sec: 819,064 | mfu: 25.5% | epoch: 1 | remaining: 88s    
step 01337 (70.8%) | loss: 3.582437 | lrm: 0.58 | dt: 160ms | tok/sec: 819,181 | mfu: 25.5% | epoch: 1 | remaining: 88s    
step 01338 (70.8%) | loss: 3.576855 | lrm: 0.58 | dt: 160ms | tok/sec: 818,562 | mfu: 25.5% | epoch: 1 | remaining: 87s    
step 01339 (70.9%) | loss: 3.576782 | lrm: 0.58 | dt: 160ms | tok/sec: 818,948 | mfu: 25.5% | epoch: 1 | remaining: 87s    
step 01340 (70.9%) | loss: 3.577301 | lrm: 0.58 | dt: 160ms | tok/sec: 818,394 | mfu: 25.5% | epoch: 1 | remaining: 87s    
step 01341 (71.0%) | loss: 3.575397 | lrm: 0.58 | dt: 160ms | tok/sec: 818,657 | mfu: 25.5% | epoch: 1 | remaining: 87s    
step 01342 (71.0%) | loss: 3.570854 | lrm: 0.58 | dt: 160ms | tok/sec: 818,798 | mfu: 25.5% | epoch: 1 | remaining: 87s    
step 01343 (71.1%) | loss: 3.567700 | lrm: 0.58 | dt: 160ms | tok/sec: 819,076 | mfu: 25.5% | epoch: 1 | remaining: 87s    
step 01344 (71.1%) | loss: 3.561064 | lrm: 0.58 | dt: 160ms | tok/sec: 819,031 | mfu: 25.5% | epoch: 1 | remaining: 86s    
step 01345 (71.2%) | loss: 3.547233 | lrm: 0.58 | dt: 160ms | tok/sec: 818,998 | mfu: 25.5% | epoch: 1 | remaining: 86s    
step 01346 (71.2%) | loss: 3.550996 | lrm: 0.58 | dt: 160ms | tok/sec: 819,053 | mfu: 25.5% | epoch: 1 | remaining: 86s    
step 01347 (71.3%) | loss: 3.551394 | lrm: 0.57 | dt: 160ms | tok/sec: 818,946 | mfu: 25.5% | epoch: 1 | remaining: 86s    
step 01348 (71.3%) | loss: 3.555731 | lrm: 0.57 | dt: 160ms | tok/sec: 818,882 | mfu: 25.5% | epoch: 1 | remaining: 86s    
step 01349 (71.4%) | loss: 3.552526 | lrm: 0.57 | dt: 160ms | tok/sec: 819,204 | mfu: 25.5% | epoch: 1 | remaining: 86s    
step 01350 (71.4%) | loss: 3.562210 | lrm: 0.57 | dt: 160ms | tok/sec: 819,066 | mfu: 25.5% | epoch: 1 | remaining: 85s    
step 01351 (71.5%) | loss: 3.560625 | lrm: 0.57 | dt: 160ms | tok/sec: 819,006 | mfu: 25.5% | epoch: 1 | remaining: 85s    
step 01352 (71.6%) | loss: 3.559031 | lrm: 0.57 | dt: 160ms | tok/sec: 818,761 | mfu: 25.5% | epoch: 1 | remaining: 85s    
step 01353 (71.6%) | loss: 3.553740 | lrm: 0.57 | dt: 160ms | tok/sec: 818,926 | mfu: 25.5% | epoch: 1 | remaining: 85s    
step 01354 (71.7%) | loss: 3.549677 | lrm: 0.57 | dt: 160ms | tok/sec: 818,338 | mfu: 25.5% | epoch: 1 | remaining: 85s    
step 01355 (71.7%) | loss: 3.550124 | lrm: 0.57 | dt: 160ms | tok/sec: 818,607 | mfu: 25.5% | epoch: 1 | remaining: 85s    
step 01356 (71.8%) | loss: 3.549006 | lrm: 0.56 | dt: 160ms | tok/sec: 818,962 | mfu: 25.5% | epoch: 1 | remaining: 85s    
step 01357 (71.8%) | loss: 3.547596 | lrm: 0.56 | dt: 160ms | tok/sec: 818,832 | mfu: 25.5% | epoch: 1 | remaining: 84s    
step 01358 (71.9%) | loss: 3.545493 | lrm: 0.56 | dt: 160ms | tok/sec: 818,781 | mfu: 25.5% | epoch: 1 | remaining: 84s    
step 01359 (71.9%) | loss: 3.547659 | lrm: 0.56 | dt: 160ms | tok/sec: 818,750 | mfu: 25.5% | epoch: 1 | remaining: 84s    
step 01360 (72.0%) | loss: 3.539417 | lrm: 0.56 | dt: 160ms | tok/sec: 819,062 | mfu: 25.5% | epoch: 1 | remaining: 84s    
step 01361 (72.0%) | loss: 3.534389 | lrm: 0.56 | dt: 160ms | tok/sec: 818,498 | mfu: 25.5% | epoch: 1 | remaining: 84s    
step 01362 (72.1%) | loss: 3.540220 | lrm: 0.56 | dt: 160ms | tok/sec: 817,208 | mfu: 25.5% | epoch: 1 | remaining: 84s    
step 01363 (72.1%) | loss: 3.537544 | lrm: 0.56 | dt: 160ms | tok/sec: 818,377 | mfu: 25.5% | epoch: 1 | remaining: 83s    
step 01364 (72.2%) | loss: 3.539419 | lrm: 0.56 | dt: 160ms | tok/sec: 818,455 | mfu: 25.5% | epoch: 1 | remaining: 83s    
step 01365 (72.2%) | loss: 3.541238 | lrm: 0.56 | dt: 160ms | tok/sec: 818,620 | mfu: 25.5% | epoch: 1 | remaining: 83s    
step 01366 (72.3%) | loss: 3.543890 | lrm: 0.55 | dt: 160ms | tok/sec: 818,501 | mfu: 25.5% | epoch: 1 | remaining: 83s    
step 01367 (72.4%) | loss: 3.547590 | lrm: 0.55 | dt: 160ms | tok/sec: 818,809 | mfu: 25.5% | epoch: 1 | remaining: 83s    
step 01368 (72.4%) | loss: 3.546515 | lrm: 0.55 | dt: 160ms | tok/sec: 818,818 | mfu: 25.5% | epoch: 1 | remaining: 83s    
step 01369 (72.5%) | loss: 3.539691 | lrm: 0.55 | dt: 160ms | tok/sec: 818,824 | mfu: 25.5% | epoch: 1 | remaining: 82s    
step 01370 (72.5%) | loss: 3.540591 | lrm: 0.55 | dt: 160ms | tok/sec: 818,899 | mfu: 25.5% | epoch: 1 | remaining: 82s    
step 01371 (72.6%) | loss: 3.544143 | lrm: 0.55 | dt: 160ms | tok/sec: 818,844 | mfu: 25.5% | epoch: 1 | remaining: 82s    
step 01372 (72.6%) | loss: 3.546977 | lrm: 0.55 | dt: 160ms | tok/sec: 818,765 | mfu: 25.5% | epoch: 1 | remaining: 82s    
step 01373 (72.7%) | loss: 3.548244 | lrm: 0.55 | dt: 160ms | tok/sec: 818,539 | mfu: 25.5% | epoch: 1 | remaining: 82s    
step 01374 (72.7%) | loss: 3.544245 | lrm: 0.55 | dt: 160ms | tok/sec: 818,809 | mfu: 25.5% | epoch: 1 | remaining: 82s    
step 01375 (72.8%) | loss: 3.540093 | lrm: 0.54 | dt: 160ms | tok/sec: 818,709 | mfu: 25.5% | epoch: 1 | remaining: 81s    
step 01376 (72.8%) | loss: 3.545122 | lrm: 0.54 | dt: 160ms | tok/sec: 819,038 | mfu: 25.5% | epoch: 1 | remaining: 81s    
step 01377 (72.9%) | loss: 3.545816 | lrm: 0.54 | dt: 160ms | tok/sec: 818,923 | mfu: 25.5% | epoch: 1 | remaining: 81s    
step 01378 (72.9%) | loss: 3.547243 | lrm: 0.54 | dt: 160ms | tok/sec: 818,659 | mfu: 25.5% | epoch: 1 | remaining: 81s    
step 01379 (73.0%) | loss: 3.543071 | lrm: 0.54 | dt: 160ms | tok/sec: 818,887 | mfu: 25.5% | epoch: 1 | remaining: 81s    
step 01380 (73.0%) | loss: 3.544741 | lrm: 0.54 | dt: 160ms | tok/sec: 819,017 | mfu: 25.5% | epoch: 1 | remaining: 81s    
step 01381 (73.1%) | loss: 3.540350 | lrm: 0.54 | dt: 160ms | tok/sec: 818,820 | mfu: 25.5% | epoch: 1 | remaining: 81s    
step 01382 (73.2%) | loss: 3.541085 | lrm: 0.54 | dt: 160ms | tok/sec: 819,034 | mfu: 25.5% | epoch: 1 | remaining: 80s    
step 01383 (73.2%) | loss: 3.547676 | lrm: 0.54 | dt: 160ms | tok/sec: 818,807 | mfu: 25.5% | epoch: 1 | remaining: 80s    
step 01384 (73.3%) | loss: 3.544878 | lrm: 0.53 | dt: 160ms | tok/sec: 818,732 | mfu: 25.5% | epoch: 1 | remaining: 80s    
step 01385 (73.3%) | loss: 3.540641 | lrm: 0.53 | dt: 161ms | tok/sec: 816,494 | mfu: 25.4% | epoch: 1 | remaining: 80s    
step 01386 (73.4%) | loss: 3.532064 | lrm: 0.53 | dt: 160ms | tok/sec: 819,095 | mfu: 25.5% | epoch: 1 | remaining: 80s    
step 01387 (73.4%) | loss: 3.532510 | lrm: 0.53 | dt: 160ms | tok/sec: 818,471 | mfu: 25.5% | epoch: 1 | remaining: 80s    
step 01388 (73.5%) | loss: 3.534469 | lrm: 0.53 | dt: 160ms | tok/sec: 818,824 | mfu: 25.5% | epoch: 1 | remaining: 79s    
step 01389 (73.5%) | loss: 3.530499 | lrm: 0.53 | dt: 160ms | tok/sec: 817,897 | mfu: 25.5% | epoch: 1 | remaining: 79s    
step 01390 (73.6%) | loss: 3.526577 | lrm: 0.53 | dt: 161ms | tok/sec: 816,423 | mfu: 25.4% | epoch: 1 | remaining: 79s    
step 01391 (73.6%) | loss: 3.521779 | lrm: 0.53 | dt: 160ms | tok/sec: 817,912 | mfu: 25.5% | epoch: 1 | remaining: 79s    
step 01392 (73.7%) | loss: 3.519479 | lrm: 0.53 | dt: 160ms | tok/sec: 818,297 | mfu: 25.5% | epoch: 1 | remaining: 79s    
step 01393 (73.7%) | loss: 3.520709 | lrm: 0.53 | dt: 160ms | tok/sec: 818,451 | mfu: 25.5% | epoch: 1 | remaining: 79s    
step 01394 (73.8%) | loss: 3.519337 | lrm: 0.52 | dt: 160ms | tok/sec: 818,665 | mfu: 25.5% | epoch: 1 | remaining: 78s    
step 01395 (73.8%) | loss: 3.516500 | lrm: 0.52 | dt: 160ms | tok/sec: 818,179 | mfu: 25.5% | epoch: 1 | remaining: 78s    
step 01396 (73.9%) | loss: 3.512519 | lrm: 0.52 | dt: 160ms | tok/sec: 818,534 | mfu: 25.5% | epoch: 1 | remaining: 78s    
step 01397 (74.0%) | loss: 3.509772 | lrm: 0.52 | dt: 160ms | tok/sec: 818,773 | mfu: 25.5% | epoch: 1 | remaining: 78s    
step 01398 (74.0%) | loss: 3.511431 | lrm: 0.52 | dt: 160ms | tok/sec: 818,782 | mfu: 25.5% | epoch: 1 | remaining: 78s    
step 01399 (74.1%) | loss: 3.509969 | lrm: 0.52 | dt: 160ms | tok/sec: 818,944 | mfu: 25.5% | epoch: 1 | remaining: 78s    
step 01400 (74.1%) | loss: 3.510579 | lrm: 0.52 | dt: 160ms | tok/sec: 818,874 | mfu: 25.5% | epoch: 1 | remaining: 77s    
step 01401 (74.2%) | loss: 3.510025 | lrm: 0.52 | dt: 160ms | tok/sec: 818,606 | mfu: 25.5% | epoch: 1 | remaining: 77s    
step 01402 (74.2%) | loss: 3.510050 | lrm: 0.52 | dt: 160ms | tok/sec: 819,027 | mfu: 25.5% | epoch: 1 | remaining: 77s    
step 01403 (74.3%) | loss: 3.508131 | lrm: 0.51 | dt: 160ms | tok/sec: 818,684 | mfu: 25.5% | epoch: 1 | remaining: 77s    
step 01404 (74.3%) | loss: 3.507222 | lrm: 0.51 | dt: 160ms | tok/sec: 818,929 | mfu: 25.5% | epoch: 1 | remaining: 77s    
step 01405 (74.4%) | loss: 3.509428 | lrm: 0.51 | dt: 160ms | tok/sec: 818,538 | mfu: 25.5% | epoch: 1 | remaining: 77s    
step 01406 (74.4%) | loss: 3.505435 | lrm: 0.51 | dt: 160ms | tok/sec: 819,066 | mfu: 25.5% | epoch: 1 | remaining: 77s    
step 01407 (74.5%) | loss: 3.508073 | lrm: 0.51 | dt: 160ms | tok/sec: 818,964 | mfu: 25.5% | epoch: 1 | remaining: 76s    
step 01408 (74.5%) | loss: 3.503817 | lrm: 0.51 | dt: 160ms | tok/sec: 818,996 | mfu: 25.5% | epoch: 1 | remaining: 76s    
step 01409 (74.6%) | loss: 3.502629 | lrm: 0.51 | dt: 160ms | tok/sec: 818,832 | mfu: 25.5% | epoch: 1 | remaining: 76s    
step 01410 (74.6%) | loss: 3.498806 | lrm: 0.51 | dt: 160ms | tok/sec: 819,011 | mfu: 25.5% | epoch: 1 | remaining: 76s    
step 01411 (74.7%) | loss: 3.500893 | lrm: 0.51 | dt: 160ms | tok/sec: 818,806 | mfu: 25.5% | epoch: 1 | remaining: 76s    
step 01412 (74.8%) | loss: 3.510203 | lrm: 0.50 | dt: 160ms | tok/sec: 818,844 | mfu: 25.5% | epoch: 1 | remaining: 76s    
step 01413 (74.8%) | loss: 3.506031 | lrm: 0.50 | dt: 160ms | tok/sec: 818,137 | mfu: 25.5% | epoch: 1 | remaining: 75s    
step 01414 (74.9%) | loss: 3.507974 | lrm: 0.50 | dt: 160ms | tok/sec: 818,949 | mfu: 25.5% | epoch: 1 | remaining: 75s    
step 01415 (74.9%) | loss: 3.505842 | lrm: 0.50 | dt: 160ms | tok/sec: 818,805 | mfu: 25.5% | epoch: 1 | remaining: 75s    
step 01416 (75.0%) | loss: 3.501687 | lrm: 0.50 | dt: 160ms | tok/sec: 818,882 | mfu: 25.5% | epoch: 1 | remaining: 75s    
step 01417 (75.0%) | loss: 3.497723 | lrm: 0.50 | dt: 160ms | tok/sec: 818,959 | mfu: 25.5% | epoch: 1 | remaining: 75s    
step 01418 (75.1%) | loss: 3.495860 | lrm: 0.50 | dt: 160ms | tok/sec: 818,132 | mfu: 25.5% | epoch: 1 | remaining: 75s    
step 01419 (75.1%) | loss: 3.490444 | lrm: 0.50 | dt: 160ms | tok/sec: 818,878 | mfu: 25.5% | epoch: 1 | remaining: 74s    
step 01420 (75.2%) | loss: 3.489869 | lrm: 0.50 | dt: 160ms | tok/sec: 819,031 | mfu: 25.5% | epoch: 1 | remaining: 74s    
step 01421 (75.2%) | loss: 3.496116 | lrm: 0.50 | dt: 160ms | tok/sec: 818,868 | mfu: 25.5% | epoch: 1 | remaining: 74s    
step 01422 (75.3%) | loss: 3.487569 | lrm: 0.49 | dt: 160ms | tok/sec: 818,555 | mfu: 25.5% | epoch: 1 | remaining: 74s    
step 01423 (75.3%) | loss: 3.487350 | lrm: 0.49 | dt: 160ms | tok/sec: 819,031 | mfu: 25.5% | epoch: 1 | remaining: 74s    
step 01424 (75.4%) | loss: 3.490131 | lrm: 0.49 | dt: 160ms | tok/sec: 818,826 | mfu: 25.5% | epoch: 1 | remaining: 74s    
step 01425 (75.4%) | loss: 3.488359 | lrm: 0.49 | dt: 160ms | tok/sec: 818,861 | mfu: 25.5% | epoch: 1 | remaining: 73s    
step 01426 (75.5%) | loss: 3.491822 | lrm: 0.49 | dt: 160ms | tok/sec: 817,711 | mfu: 25.5% | epoch: 1 | remaining: 73s    
step 01427 (75.6%) | loss: 3.494656 | lrm: 0.49 | dt: 160ms | tok/sec: 817,941 | mfu: 25.5% | epoch: 1 | remaining: 73s    
step 01428 (75.6%) | loss: 3.488963 | lrm: 0.49 | dt: 160ms | tok/sec: 818,451 | mfu: 25.5% | epoch: 1 | remaining: 73s    
step 01429 (75.7%) | loss: 3.483334 | lrm: 0.49 | dt: 160ms | tok/sec: 818,241 | mfu: 25.5% | epoch: 1 | remaining: 73s    
step 01430 (75.7%) | loss: 3.486826 | lrm: 0.49 | dt: 160ms | tok/sec: 818,817 | mfu: 25.5% | epoch: 1 | remaining: 73s    
step 01431 (75.8%) | loss: 3.491883 | lrm: 0.48 | dt: 160ms | tok/sec: 818,416 | mfu: 25.5% | epoch: 1 | remaining: 73s    
step 01432 (75.8%) | loss: 3.484746 | lrm: 0.48 | dt: 160ms | tok/sec: 818,716 | mfu: 25.5% | epoch: 1 | remaining: 72s    
step 01433 (75.9%) | loss: 3.484281 | lrm: 0.48 | dt: 160ms | tok/sec: 818,165 | mfu: 25.5% | epoch: 1 | remaining: 72s    
step 01434 (75.9%) | loss: 3.490045 | lrm: 0.48 | dt: 160ms | tok/sec: 818,438 | mfu: 25.5% | epoch: 1 | remaining: 72s    
step 01435 (76.0%) | loss: 3.489732 | lrm: 0.48 | dt: 160ms | tok/sec: 818,320 | mfu: 25.5% | epoch: 1 | remaining: 72s    
step 01436 (76.0%) | loss: 3.486940 | lrm: 0.48 | dt: 160ms | tok/sec: 818,303 | mfu: 25.5% | epoch: 1 | remaining: 72s    
step 01437 (76.1%) | loss: 3.483699 | lrm: 0.48 | dt: 160ms | tok/sec: 818,544 | mfu: 25.5% | epoch: 1 | remaining: 72s    
step 01438 (76.1%) | loss: 3.488055 | lrm: 0.48 | dt: 160ms | tok/sec: 818,473 | mfu: 25.5% | epoch: 1 | remaining: 71s    
step 01439 (76.2%) | loss: 3.488130 | lrm: 0.48 | dt: 160ms | tok/sec: 818,554 | mfu: 25.5% | epoch: 1 | remaining: 71s    
step 01440 (76.3%) | loss: 3.491726 | lrm: 0.47 | dt: 160ms | tok/sec: 818,910 | mfu: 25.5% | epoch: 1 | remaining: 71s    
step 01441 (76.3%) | loss: 3.484889 | lrm: 0.47 | dt: 160ms | tok/sec: 818,804 | mfu: 25.5% | epoch: 1 | remaining: 71s    
step 01442 (76.4%) | loss: 3.483255 | lrm: 0.47 | dt: 160ms | tok/sec: 818,225 | mfu: 25.5% | epoch: 1 | remaining: 71s    
step 01443 (76.4%) | loss: 3.483570 | lrm: 0.47 | dt: 160ms | tok/sec: 818,369 | mfu: 25.5% | epoch: 1 | remaining: 71s    
step 01444 (76.5%) | loss: 3.482830 | lrm: 0.47 | dt: 160ms | tok/sec: 817,094 | mfu: 25.5% | epoch: 1 | remaining: 70s    
step 01445 (76.5%) | loss: 3.480947 | lrm: 0.47 | dt: 160ms | tok/sec: 818,341 | mfu: 25.5% | epoch: 1 | remaining: 70s    
step 01446 (76.6%) | loss: 3.481294 | lrm: 0.47 | dt: 160ms | tok/sec: 818,296 | mfu: 25.5% | epoch: 1 | remaining: 70s    
step 01447 (76.6%) | loss: 3.480535 | lrm: 0.47 | dt: 160ms | tok/sec: 818,058 | mfu: 25.5% | epoch: 1 | remaining: 70s    
step 01448 (76.7%) | loss: 3.470180 | lrm: 0.47 | dt: 160ms | tok/sec: 818,293 | mfu: 25.5% | epoch: 1 | remaining: 70s    
step 01449 (76.7%) | loss: 3.468847 | lrm: 0.47 | dt: 160ms | tok/sec: 818,454 | mfu: 25.5% | epoch: 1 | remaining: 70s    
step 01450 (76.8%) | loss: 3.464027 | lrm: 0.46 | dt: 160ms | tok/sec: 818,230 | mfu: 25.5% | epoch: 1 | remaining: 69s    
step 01451 (76.8%) | loss: 3.463696 | lrm: 0.46 | dt: 160ms | tok/sec: 818,649 | mfu: 25.5% | epoch: 1 | remaining: 69s    
step 01452 (76.9%) | loss: 3.464700 | lrm: 0.46 | dt: 160ms | tok/sec: 818,192 | mfu: 25.5% | epoch: 1 | remaining: 69s    
step 01453 (76.9%) | loss: 3.479682 | lrm: 0.46 | dt: 160ms | tok/sec: 818,728 | mfu: 25.5% | epoch: 1 | remaining: 69s    
step 01454 (77.0%) | loss: 3.481373 | lrm: 0.46 | dt: 160ms | tok/sec: 818,436 | mfu: 25.5% | epoch: 1 | remaining: 69s    
step 01455 (77.1%) | loss: 3.481813 | lrm: 0.46 | dt: 160ms | tok/sec: 818,648 | mfu: 25.5% | epoch: 1 | remaining: 69s    
step 01456 (77.1%) | loss: 3.476715 | lrm: 0.46 | dt: 160ms | tok/sec: 818,905 | mfu: 25.5% | epoch: 1 | remaining: 69s    
step 01457 (77.2%) | loss: 3.481259 | lrm: 0.46 | dt: 160ms | tok/sec: 818,610 | mfu: 25.5% | epoch: 1 | remaining: 68s    
step 01458 (77.2%) | loss: 3.476471 | lrm: 0.46 | dt: 160ms | tok/sec: 818,126 | mfu: 25.5% | epoch: 1 | remaining: 68s    
step 01459 (77.3%) | loss: 3.475929 | lrm: 0.45 | dt: 160ms | tok/sec: 818,910 | mfu: 25.5% | epoch: 1 | remaining: 68s    
step 01460 (77.3%) | loss: 3.475140 | lrm: 0.45 | dt: 160ms | tok/sec: 818,760 | mfu: 25.5% | epoch: 1 | remaining: 68s    
step 01461 (77.4%) | loss: 3.480320 | lrm: 0.45 | dt: 160ms | tok/sec: 818,709 | mfu: 25.5% | epoch: 1 | remaining: 68s    
step 01462 (77.4%) | loss: 3.477116 | lrm: 0.45 | dt: 160ms | tok/sec: 818,829 | mfu: 25.5% | epoch: 1 | remaining: 68s    
step 01463 (77.5%) | loss: 3.478595 | lrm: 0.45 | dt: 160ms | tok/sec: 818,486 | mfu: 25.5% | epoch: 1 | remaining: 67s    
step 01464 (77.5%) | loss: 3.472727 | lrm: 0.45 | dt: 160ms | tok/sec: 817,021 | mfu: 25.5% | epoch: 1 | remaining: 67s    
step 01465 (77.6%) | loss: 3.464849 | lrm: 0.45 | dt: 160ms | tok/sec: 818,583 | mfu: 25.5% | epoch: 1 | remaining: 67s    
step 01466 (77.6%) | loss: 3.465539 | lrm: 0.45 | dt: 160ms | tok/sec: 818,854 | mfu: 25.5% | epoch: 1 | remaining: 67s    
step 01467 (77.7%) | loss: 3.461595 | lrm: 0.45 | dt: 160ms | tok/sec: 818,973 | mfu: 25.5% | epoch: 1 | remaining: 67s    
step 01468 (77.7%) | loss: 3.461107 | lrm: 0.45 | dt: 160ms | tok/sec: 818,596 | mfu: 25.5% | epoch: 1 | remaining: 67s    
step 01469 (77.8%) | loss: 3.463079 | lrm: 0.44 | dt: 160ms | tok/sec: 818,171 | mfu: 25.5% | epoch: 1 | remaining: 66s    
step 01470 (77.9%) | loss: 3.469514 | lrm: 0.44 | dt: 160ms | tok/sec: 818,360 | mfu: 25.5% | epoch: 1 | remaining: 66s    
step 01471 (77.9%) | loss: 3.468251 | lrm: 0.44 | dt: 160ms | tok/sec: 818,392 | mfu: 25.5% | epoch: 1 | remaining: 66s    
step 01472 (78.0%) | loss: 3.464356 | lrm: 0.44 | dt: 160ms | tok/sec: 818,700 | mfu: 25.5% | epoch: 1 | remaining: 66s    
step 01473 (78.0%) | loss: 3.465860 | lrm: 0.44 | dt: 160ms | tok/sec: 818,753 | mfu: 25.5% | epoch: 1 | remaining: 66s    
step 01474 (78.1%) | loss: 3.466299 | lrm: 0.44 | dt: 160ms | tok/sec: 818,711 | mfu: 25.5% | epoch: 1 | remaining: 66s    
step 01475 (78.1%) | loss: 3.467215 | lrm: 0.44 | dt: 160ms | tok/sec: 818,176 | mfu: 25.5% | epoch: 1 | remaining: 65s    
step 01476 (78.2%) | loss: 3.463264 | lrm: 0.44 | dt: 160ms | tok/sec: 818,920 | mfu: 25.5% | epoch: 1 | remaining: 65s    
step 01477 (78.2%) | loss: 3.454195 | lrm: 0.44 | dt: 160ms | tok/sec: 818,776 | mfu: 25.5% | epoch: 1 | remaining: 65s    
step 01478 (78.3%) | loss: 3.458532 | lrm: 0.43 | dt: 160ms | tok/sec: 818,325 | mfu: 25.5% | epoch: 1 | remaining: 65s    
step 01479 (78.3%) | loss: 3.457176 | lrm: 0.43 | dt: 160ms | tok/sec: 818,130 | mfu: 25.5% | epoch: 1 | remaining: 65s    
step 01480 (78.4%) | loss: 3.455223 | lrm: 0.43 | dt: 160ms | tok/sec: 818,205 | mfu: 25.5% | epoch: 1 | remaining: 65s    
step 01481 (78.4%) | loss: 3.454231 | lrm: 0.43 | dt: 160ms | tok/sec: 819,005 | mfu: 25.5% | epoch: 1 | remaining: 65s    
step 01482 (78.5%) | loss: 3.451644 | lrm: 0.43 | dt: 160ms | tok/sec: 818,165 | mfu: 25.5% | epoch: 1 | remaining: 64s    
step 01483 (78.5%) | loss: 3.450039 | lrm: 0.43 | dt: 160ms | tok/sec: 817,550 | mfu: 25.5% | epoch: 1 | remaining: 64s    
step 01484 (78.6%) | loss: 3.447418 | lrm: 0.43 | dt: 160ms | tok/sec: 817,950 | mfu: 25.5% | epoch: 1 | remaining: 64s    
step 01485 (78.7%) | loss: 3.445688 | lrm: 0.43 | dt: 160ms | tok/sec: 818,455 | mfu: 25.5% | epoch: 1 | remaining: 64s    
step 01486 (78.7%) | loss: 3.448249 | lrm: 0.43 | dt: 160ms | tok/sec: 818,721 | mfu: 25.5% | epoch: 1 | remaining: 64s    
step 01487 (78.8%) | loss: 3.446559 | lrm: 0.42 | dt: 160ms | tok/sec: 818,225 | mfu: 25.5% | epoch: 1 | remaining: 64s    
step 01488 (78.8%) | loss: 3.448413 | lrm: 0.42 | dt: 160ms | tok/sec: 818,626 | mfu: 25.5% | epoch: 1 | remaining: 63s    
step 01489 (78.9%) | loss: 3.444077 | lrm: 0.42 | dt: 160ms | tok/sec: 817,933 | mfu: 25.5% | epoch: 1 | remaining: 63s    
step 01490 (78.9%) | loss: 3.449710 | lrm: 0.42 | dt: 160ms | tok/sec: 818,759 | mfu: 25.5% | epoch: 1 | remaining: 63s    
step 01491 (79.0%) | loss: 3.451583 | lrm: 0.42 | dt: 160ms | tok/sec: 818,523 | mfu: 25.5% | epoch: 1 | remaining: 63s    
step 01492 (79.0%) | loss: 3.444023 | lrm: 0.42 | dt: 160ms | tok/sec: 818,570 | mfu: 25.5% | epoch: 1 | remaining: 63s    
step 01493 (79.1%) | loss: 3.445602 | lrm: 0.42 | dt: 160ms | tok/sec: 818,805 | mfu: 25.5% | epoch: 1 | remaining: 63s    
step 01494 (79.1%) | loss: 3.448582 | lrm: 0.42 | dt: 160ms | tok/sec: 818,508 | mfu: 25.5% | epoch: 1 | remaining: 62s    
step 01495 (79.2%) | loss: 3.447398 | lrm: 0.42 | dt: 160ms | tok/sec: 818,391 | mfu: 25.5% | epoch: 1 | remaining: 62s    
step 01496 (79.2%) | loss: 3.456296 | lrm: 0.42 | dt: 160ms | tok/sec: 818,648 | mfu: 25.5% | epoch: 1 | remaining: 62s    
step 01497 (79.3%) | loss: 3.454836 | lrm: 0.41 | dt: 160ms | tok/sec: 818,454 | mfu: 25.5% | epoch: 1 | remaining: 62s    
step 01498 (79.3%) | loss: 3.449038 | lrm: 0.41 | dt: 160ms | tok/sec: 818,677 | mfu: 25.5% | epoch: 1 | remaining: 62s    
step 01499 (79.4%) | loss: 3.445694 | lrm: 0.41 | dt: 160ms | tok/sec: 818,448 | mfu: 25.5% | epoch: 1 | remaining: 62s    
step 01500 (79.5%) | loss: 3.442519 | lrm: 0.41 | dt: 160ms | tok/sec: 818,948 | mfu: 25.5% | epoch: 1 | remaining: 61s    
step 01501 (79.5%) | loss: 3.439462 | lrm: 0.41 | dt: 160ms | tok/sec: 818,861 | mfu: 25.5% | epoch: 1 | remaining: 61s    
step 01502 (79.6%) | loss: 3.441049 | lrm: 0.41 | dt: 160ms | tok/sec: 817,745 | mfu: 25.5% | epoch: 1 | remaining: 61s    
step 01503 (79.6%) | loss: 3.438922 | lrm: 0.41 | dt: 160ms | tok/sec: 817,280 | mfu: 25.5% | epoch: 1 | remaining: 61s    
step 01504 (79.7%) | loss: 3.437346 | lrm: 0.41 | dt: 160ms | tok/sec: 818,490 | mfu: 25.5% | epoch: 1 | remaining: 61s    
step 01505 (79.7%) | loss: 3.433391 | lrm: 0.41 | dt: 160ms | tok/sec: 818,798 | mfu: 25.5% | epoch: 1 | remaining: 61s    
step 01506 (79.8%) | loss: 3.439542 | lrm: 0.40 | dt: 160ms | tok/sec: 818,508 | mfu: 25.5% | epoch: 1 | remaining: 61s    
step 01507 (79.8%) | loss: 3.435854 | lrm: 0.40 | dt: 160ms | tok/sec: 818,701 | mfu: 25.5% | epoch: 1 | remaining: 60s    
step 01508 (79.9%) | loss: 3.439627 | lrm: 0.40 | dt: 160ms | tok/sec: 818,260 | mfu: 25.5% | epoch: 1 | remaining: 60s    
step 01509 (79.9%) | loss: 3.439662 | lrm: 0.40 | dt: 160ms | tok/sec: 818,581 | mfu: 25.5% | epoch: 1 | remaining: 60s    
step 01510 (80.0%) | loss: 3.442839 | lrm: 0.40 | dt: 160ms | tok/sec: 818,826 | mfu: 25.5% | epoch: 1 | remaining: 60s    
step 01511 (80.0%) | loss: 3.437361 | lrm: 0.40 | dt: 160ms | tok/sec: 818,682 | mfu: 25.5% | epoch: 1 | remaining: 60s    
step 01512 (80.1%) | loss: 3.440147 | lrm: 0.40 | dt: 160ms | tok/sec: 818,626 | mfu: 25.5% | epoch: 1 | remaining: 60s    
step 01513 (80.1%) | loss: 3.442641 | lrm: 0.40 | dt: 160ms | tok/sec: 818,838 | mfu: 25.5% | epoch: 1 | remaining: 59s    
step 01514 (80.2%) | loss: 3.441550 | lrm: 0.40 | dt: 160ms | tok/sec: 818,483 | mfu: 25.5% | epoch: 1 | remaining: 59s    
step 01515 (80.3%) | loss: 3.443883 | lrm: 0.39 | dt: 160ms | tok/sec: 818,579 | mfu: 25.5% | epoch: 1 | remaining: 59s    
step 01516 (80.3%) | loss: 3.445147 | lrm: 0.39 | dt: 160ms | tok/sec: 818,583 | mfu: 25.5% | epoch: 1 | remaining: 59s    
step 01517 (80.4%) | loss: 3.449815 | lrm: 0.39 | dt: 160ms | tok/sec: 818,959 | mfu: 25.5% | epoch: 1 | remaining: 59s    
step 01518 (80.4%) | loss: 3.447609 | lrm: 0.39 | dt: 160ms | tok/sec: 818,553 | mfu: 25.5% | epoch: 1 | remaining: 59s    
step 01519 (80.5%) | loss: 3.444667 | lrm: 0.39 | dt: 160ms | tok/sec: 818,381 | mfu: 25.5% | epoch: 1 | remaining: 58s    
step 01520 (80.5%) | loss: 3.441814 | lrm: 0.39 | dt: 160ms | tok/sec: 818,366 | mfu: 25.5% | epoch: 1 | remaining: 58s    
step 01521 (80.6%) | loss: 3.434134 | lrm: 0.39 | dt: 160ms | tok/sec: 818,856 | mfu: 25.5% | epoch: 1 | remaining: 58s    
step 01522 (80.6%) | loss: 3.428373 | lrm: 0.39 | dt: 160ms | tok/sec: 818,586 | mfu: 25.5% | epoch: 1 | remaining: 58s    
step 01523 (80.7%) | loss: 3.424071 | lrm: 0.39 | dt: 160ms | tok/sec: 818,311 | mfu: 25.5% | epoch: 1 | remaining: 58s    
step 01524 (80.7%) | loss: 3.422818 | lrm: 0.39 | dt: 160ms | tok/sec: 818,573 | mfu: 25.5% | epoch: 1 | remaining: 58s    
step 01525 (80.8%) | loss: 3.428453 | lrm: 0.38 | dt: 160ms | tok/sec: 818,590 | mfu: 25.5% | epoch: 1 | remaining: 57s    
step 01526 (80.8%) | loss: 3.433494 | lrm: 0.38 | dt: 160ms | tok/sec: 818,646 | mfu: 25.5% | epoch: 1 | remaining: 57s    
step 01527 (80.9%) | loss: 3.432989 | lrm: 0.38 | dt: 160ms | tok/sec: 818,792 | mfu: 25.5% | epoch: 1 | remaining: 57s    
step 01528 (80.9%) | loss: 3.432820 | lrm: 0.38 | dt: 160ms | tok/sec: 818,651 | mfu: 25.5% | epoch: 1 | remaining: 57s    
step 01529 (81.0%) | loss: 3.430036 | lrm: 0.38 | dt: 160ms | tok/sec: 818,649 | mfu: 25.5% | epoch: 1 | remaining: 57s    
step 01530 (81.1%) | loss: 3.423349 | lrm: 0.38 | dt: 160ms | tok/sec: 818,516 | mfu: 25.5% | epoch: 1 | remaining: 57s    
step 01531 (81.1%) | loss: 3.425265 | lrm: 0.38 | dt: 160ms | tok/sec: 818,567 | mfu: 25.5% | epoch: 1 | remaining: 57s    
step 01532 (81.2%) | loss: 3.420529 | lrm: 0.38 | dt: 160ms | tok/sec: 818,479 | mfu: 25.5% | epoch: 1 | remaining: 56s    
step 01533 (81.2%) | loss: 3.418766 | lrm: 0.38 | dt: 160ms | tok/sec: 818,648 | mfu: 25.5% | epoch: 1 | remaining: 56s    
step 01534 (81.3%) | loss: 3.416090 | lrm: 0.37 | dt: 160ms | tok/sec: 818,846 | mfu: 25.5% | epoch: 1 | remaining: 56s    
step 01535 (81.3%) | loss: 3.418285 | lrm: 0.37 | dt: 160ms | tok/sec: 817,964 | mfu: 25.5% | epoch: 1 | remaining: 56s    
step 01536 (81.4%) | loss: 3.420597 | lrm: 0.37 | dt: 160ms | tok/sec: 818,746 | mfu: 25.5% | epoch: 1 | remaining: 56s    
step 01537 (81.4%) | loss: 3.426228 | lrm: 0.37 | dt: 160ms | tok/sec: 818,589 | mfu: 25.5% | epoch: 1 | remaining: 56s    
step 01538 (81.5%) | loss: 3.426618 | lrm: 0.37 | dt: 160ms | tok/sec: 819,040 | mfu: 25.5% | epoch: 1 | remaining: 55s    
step 01539 (81.5%) | loss: 3.427578 | lrm: 0.37 | dt: 160ms | tok/sec: 819,126 | mfu: 25.5% | epoch: 1 | remaining: 55s    
step 01540 (81.6%) | loss: 3.425057 | lrm: 0.37 | dt: 160ms | tok/sec: 818,843 | mfu: 25.5% | epoch: 1 | remaining: 55s    
step 01541 (81.6%) | loss: 3.422235 | lrm: 0.37 | dt: 160ms | tok/sec: 818,815 | mfu: 25.5% | epoch: 1 | remaining: 55s    
step 01542 (81.7%) | loss: 3.425692 | lrm: 0.37 | dt: 160ms | tok/sec: 818,754 | mfu: 25.5% | epoch: 1 | remaining: 55s    
step 01543 (81.7%) | loss: 3.427305 | lrm: 0.37 | dt: 160ms | tok/sec: 817,867 | mfu: 25.5% | epoch: 1 | remaining: 55s    
step 01544 (81.8%) | loss: 3.432111 | lrm: 0.36 | dt: 160ms | tok/sec: 817,912 | mfu: 25.5% | epoch: 1 | remaining: 54s    
step 01545 (81.9%) | loss: 3.426413 | lrm: 0.36 | dt: 160ms | tok/sec: 818,283 | mfu: 25.5% | epoch: 1 | remaining: 54s    
step 01546 (81.9%) | loss: 3.424453 | lrm: 0.36 | dt: 160ms | tok/sec: 818,399 | mfu: 25.5% | epoch: 1 | remaining: 54s    
step 01547 (82.0%) | loss: 3.431467 | lrm: 0.36 | dt: 160ms | tok/sec: 818,403 | mfu: 25.5% | epoch: 1 | remaining: 54s    
step 01548 (82.0%) | loss: 3.437679 | lrm: 0.36 | dt: 160ms | tok/sec: 818,254 | mfu: 25.5% | epoch: 1 | remaining: 54s    
step 01549 (82.1%) | loss: 3.432687 | lrm: 0.36 | dt: 160ms | tok/sec: 818,143 | mfu: 25.5% | epoch: 1 | remaining: 54s    
step 01550 (82.1%) | loss: 3.435462 | lrm: 0.36 | dt: 160ms | tok/sec: 818,198 | mfu: 25.5% | epoch: 1 | remaining: 53s    
step 01551 (82.2%) | loss: 3.428927 | lrm: 0.36 | dt: 160ms | tok/sec: 818,334 | mfu: 25.5% | epoch: 1 | remaining: 53s    
step 01552 (82.2%) | loss: 3.424344 | lrm: 0.36 | dt: 160ms | tok/sec: 818,696 | mfu: 25.5% | epoch: 1 | remaining: 53s    
step 01553 (82.3%) | loss: 3.416719 | lrm: 0.35 | dt: 160ms | tok/sec: 818,274 | mfu: 25.5% | epoch: 1 | remaining: 53s    
step 01554 (82.3%) | loss: 3.414208 | lrm: 0.35 | dt: 160ms | tok/sec: 818,767 | mfu: 25.5% | epoch: 1 | remaining: 53s    
step 01555 (82.4%) | loss: 3.415580 | lrm: 0.35 | dt: 160ms | tok/sec: 818,674 | mfu: 25.5% | epoch: 1 | remaining: 53s    
step 01556 (82.4%) | loss: 3.413021 | lrm: 0.35 | dt: 160ms | tok/sec: 818,742 | mfu: 25.5% | epoch: 1 | remaining: 53s    
step 01557 (82.5%) | loss: 3.414808 | lrm: 0.35 | dt: 160ms | tok/sec: 818,494 | mfu: 25.5% | epoch: 1 | remaining: 52s    
step 01558 (82.5%) | loss: 3.415806 | lrm: 0.35 | dt: 160ms | tok/sec: 818,664 | mfu: 25.5% | epoch: 1 | remaining: 52s    
step 01559 (82.6%) | loss: 3.416791 | lrm: 0.35 | dt: 160ms | tok/sec: 818,492 | mfu: 25.5% | epoch: 1 | remaining: 52s    
step 01560 (82.7%) | loss: 3.412673 | lrm: 0.35 | dt: 160ms | tok/sec: 818,469 | mfu: 25.5% | epoch: 1 | remaining: 52s    
step 01561 (82.7%) | loss: 3.411316 | lrm: 0.35 | dt: 160ms | tok/sec: 818,551 | mfu: 25.5% | epoch: 1 | remaining: 52s    
step 01562 (82.8%) | loss: 3.415144 | lrm: 0.34 | dt: 160ms | tok/sec: 818,458 | mfu: 25.5% | epoch: 1 | remaining: 52s    
step 01563 (82.8%) | loss: 3.413287 | lrm: 0.34 | dt: 160ms | tok/sec: 818,275 | mfu: 25.5% | epoch: 1 | remaining: 51s    
step 01564 (82.9%) | loss: 3.412356 | lrm: 0.34 | dt: 160ms | tok/sec: 818,103 | mfu: 25.5% | epoch: 1 | remaining: 51s    
step 01565 (82.9%) | loss: 3.411428 | lrm: 0.34 | dt: 160ms | tok/sec: 818,526 | mfu: 25.5% | epoch: 1 | remaining: 51s    
step 01566 (83.0%) | loss: 3.410233 | lrm: 0.34 | dt: 160ms | tok/sec: 818,527 | mfu: 25.5% | epoch: 1 | remaining: 51s    
step 01567 (83.0%) | loss: 3.408147 | lrm: 0.34 | dt: 160ms | tok/sec: 818,341 | mfu: 25.5% | epoch: 1 | remaining: 51s    
step 01568 (83.1%) | loss: 3.402836 | lrm: 0.34 | dt: 160ms | tok/sec: 818,448 | mfu: 25.5% | epoch: 1 | remaining: 51s    
step 01569 (83.1%) | loss: 3.403364 | lrm: 0.34 | dt: 160ms | tok/sec: 818,272 | mfu: 25.5% | epoch: 1 | remaining: 50s    
step 01570 (83.2%) | loss: 3.401762 | lrm: 0.34 | dt: 160ms | tok/sec: 818,334 | mfu: 25.5% | epoch: 1 | remaining: 50s    
step 01571 (83.2%) | loss: 3.397630 | lrm: 0.34 | dt: 160ms | tok/sec: 818,324 | mfu: 25.5% | epoch: 1 | remaining: 50s    
step 01572 (83.3%) | loss: 3.397274 | lrm: 0.33 | dt: 160ms | tok/sec: 818,461 | mfu: 25.5% | epoch: 1 | remaining: 50s    
step 01573 (83.4%) | loss: 3.395956 | lrm: 0.33 | dt: 160ms | tok/sec: 818,478 | mfu: 25.5% | epoch: 1 | remaining: 50s    
step 01574 (83.4%) | loss: 3.394578 | lrm: 0.33 | dt: 160ms | tok/sec: 818,394 | mfu: 25.5% | epoch: 1 | remaining: 50s    
step 01575 (83.5%) | loss: 3.399630 | lrm: 0.33 | dt: 160ms | tok/sec: 818,765 | mfu: 25.5% | epoch: 1 | remaining: 49s    
step 01576 (83.5%) | loss: 3.409471 | lrm: 0.33 | dt: 160ms | tok/sec: 818,514 | mfu: 25.5% | epoch: 1 | remaining: 49s    
step 01577 (83.6%) | loss: 3.404956 | lrm: 0.33 | dt: 160ms | tok/sec: 817,625 | mfu: 25.5% | epoch: 1 | remaining: 49s    
step 01578 (83.6%) | loss: 3.398854 | lrm: 0.33 | dt: 160ms | tok/sec: 817,383 | mfu: 25.5% | epoch: 1 | remaining: 49s    
step 01579 (83.7%) | loss: 3.401017 | lrm: 0.33 | dt: 160ms | tok/sec: 818,455 | mfu: 25.5% | epoch: 1 | remaining: 49s    
step 01580 (83.7%) | loss: 3.401122 | lrm: 0.33 | dt: 160ms | tok/sec: 818,584 | mfu: 25.5% | epoch: 1 | remaining: 49s    
step 01581 (83.8%) | loss: 3.401851 | lrm: 0.32 | dt: 160ms | tok/sec: 818,169 | mfu: 25.5% | epoch: 1 | remaining: 49s    
step 01582 (83.8%) | loss: 3.398122 | lrm: 0.32 | dt: 160ms | tok/sec: 818,222 | mfu: 25.5% | epoch: 1 | remaining: 48s    
step 01583 (83.9%) | loss: 3.393183 | lrm: 0.32 | dt: 160ms | tok/sec: 818,521 | mfu: 25.5% | epoch: 1 | remaining: 48s    
step 01584 (83.9%) | loss: 3.398282 | lrm: 0.32 | dt: 160ms | tok/sec: 817,685 | mfu: 25.5% | epoch: 1 | remaining: 48s    
step 01585 (84.0%) | loss: 3.402626 | lrm: 0.32 | dt: 160ms | tok/sec: 818,732 | mfu: 25.5% | epoch: 1 | remaining: 48s    
step 01586 (84.0%) | loss: 3.393773 | lrm: 0.32 | dt: 160ms | tok/sec: 818,508 | mfu: 25.5% | epoch: 1 | remaining: 48s    
step 01587 (84.1%) | loss: 3.391864 | lrm: 0.32 | dt: 160ms | tok/sec: 817,163 | mfu: 25.5% | epoch: 1 | remaining: 48s    
step 01588 (84.2%) | loss: 3.394101 | lrm: 0.32 | dt: 160ms | tok/sec: 817,916 | mfu: 25.5% | epoch: 1 | remaining: 47s    
step 01589 (84.2%) | loss: 3.394462 | lrm: 0.32 | dt: 160ms | tok/sec: 817,350 | mfu: 25.5% | epoch: 1 | remaining: 47s    
step 01590 (84.3%) | loss: 3.395223 | lrm: 0.31 | dt: 160ms | tok/sec: 817,744 | mfu: 25.5% | epoch: 1 | remaining: 47s    
step 01591 (84.3%) | loss: 3.400113 | lrm: 0.31 | dt: 160ms | tok/sec: 818,061 | mfu: 25.5% | epoch: 1 | remaining: 47s    
step 01592 (84.4%) | loss: 3.401677 | lrm: 0.31 | dt: 160ms | tok/sec: 817,834 | mfu: 25.5% | epoch: 1 | remaining: 47s    
step 01593 (84.4%) | loss: 3.396110 | lrm: 0.31 | dt: 160ms | tok/sec: 817,705 | mfu: 25.5% | epoch: 1 | remaining: 47s    
step 01594 (84.5%) | loss: 3.394614 | lrm: 0.31 | dt: 160ms | tok/sec: 818,063 | mfu: 25.5% | epoch: 1 | remaining: 46s    
step 01595 (84.5%) | loss: 3.399504 | lrm: 0.31 | dt: 160ms | tok/sec: 818,265 | mfu: 25.5% | epoch: 1 | remaining: 46s    
step 01596 (84.6%) | loss: 3.396729 | lrm: 0.31 | dt: 160ms | tok/sec: 817,094 | mfu: 25.5% | epoch: 1 | remaining: 46s    
step 01597 (84.6%) | loss: 3.392224 | lrm: 0.31 | dt: 160ms | tok/sec: 817,664 | mfu: 25.5% | epoch: 1 | remaining: 46s    
step 01598 (84.7%) | loss: 3.389264 | lrm: 0.31 | dt: 160ms | tok/sec: 818,118 | mfu: 25.5% | epoch: 1 | remaining: 46s    
step 01599 (84.7%) | loss: 3.378618 | lrm: 0.31 | dt: 161ms | tok/sec: 816,583 | mfu: 25.4% | epoch: 1 | remaining: 46s    
step 01600 (84.8%) | loss: 3.378076 | lrm: 0.30 | dt: 160ms | tok/sec: 817,629 | mfu: 25.5% | epoch: 1 | remaining: 45s    
step 01601 (84.8%) | loss: 3.384319 | lrm: 0.30 | dt: 161ms | tok/sec: 816,498 | mfu: 25.4% | epoch: 1 | remaining: 45s    
step 01602 (84.9%) | loss: 3.378024 | lrm: 0.30 | dt: 160ms | tok/sec: 818,353 | mfu: 25.5% | epoch: 1 | remaining: 45s    
step 01603 (85.0%) | loss: 3.382765 | lrm: 0.30 | dt: 160ms | tok/sec: 818,134 | mfu: 25.5% | epoch: 1 | remaining: 45s    
step 01604 (85.0%) | loss: 3.382539 | lrm: 0.30 | dt: 160ms | tok/sec: 818,036 | mfu: 25.5% | epoch: 1 | remaining: 45s    
step 01605 (85.1%) | loss: 3.386493 | lrm: 0.30 | dt: 160ms | tok/sec: 818,380 | mfu: 25.5% | epoch: 1 | remaining: 45s    
step 01606 (85.1%) | loss: 3.380171 | lrm: 0.30 | dt: 160ms | tok/sec: 818,833 | mfu: 25.5% | epoch: 1 | remaining: 45s    
step 01607 (85.2%) | loss: 3.375765 | lrm: 0.30 | dt: 160ms | tok/sec: 818,423 | mfu: 25.5% | epoch: 1 | remaining: 44s    
step 01608 (85.2%) | loss: 3.371060 | lrm: 0.30 | dt: 160ms | tok/sec: 817,213 | mfu: 25.5% | epoch: 1 | remaining: 44s    
step 01609 (85.3%) | loss: 3.373972 | lrm: 0.29 | dt: 160ms | tok/sec: 816,667 | mfu: 25.4% | epoch: 1 | remaining: 44s    
step 01610 (85.3%) | loss: 3.378333 | lrm: 0.29 | dt: 160ms | tok/sec: 818,009 | mfu: 25.5% | epoch: 1 | remaining: 44s    
step 01611 (85.4%) | loss: 3.374576 | lrm: 0.29 | dt: 160ms | tok/sec: 818,097 | mfu: 25.5% | epoch: 1 | remaining: 44s    
step 01612 (85.4%) | loss: 3.378300 | lrm: 0.29 | dt: 160ms | tok/sec: 817,958 | mfu: 25.5% | epoch: 1 | remaining: 44s    
step 01613 (85.5%) | loss: 3.372845 | lrm: 0.29 | dt: 160ms | tok/sec: 818,292 | mfu: 25.5% | epoch: 1 | remaining: 43s    
step 01614 (85.5%) | loss: 3.369049 | lrm: 0.29 | dt: 160ms | tok/sec: 818,822 | mfu: 25.5% | epoch: 1 | remaining: 43s    
step 01615 (85.6%) | loss: 3.371388 | lrm: 0.29 | dt: 160ms | tok/sec: 817,969 | mfu: 25.5% | epoch: 1 | remaining: 43s    
step 01616 (85.6%) | loss: 3.366692 | lrm: 0.29 | dt: 161ms | tok/sec: 816,442 | mfu: 25.4% | epoch: 1 | remaining: 43s    
step 01617 (85.7%) | loss: 3.375084 | lrm: 0.29 | dt: 160ms | tok/sec: 818,227 | mfu: 25.5% | epoch: 1 | remaining: 43s    
step 01618 (85.8%) | loss: 3.377676 | lrm: 0.28 | dt: 160ms | tok/sec: 818,275 | mfu: 25.5% | epoch: 1 | remaining: 43s    
step 01619 (85.8%) | loss: 3.373255 | lrm: 0.28 | dt: 160ms | tok/sec: 818,179 | mfu: 25.5% | epoch: 1 | remaining: 42s    
step 01620 (85.9%) | loss: 3.377627 | lrm: 0.28 | dt: 160ms | tok/sec: 818,142 | mfu: 25.5% | epoch: 1 | remaining: 42s    
step 01621 (85.9%) | loss: 3.377320 | lrm: 0.28 | dt: 161ms | tok/sec: 816,359 | mfu: 25.4% | epoch: 1 | remaining: 42s    
step 01622 (86.0%) | loss: 3.377892 | lrm: 0.28 | dt: 160ms | tok/sec: 816,936 | mfu: 25.5% | epoch: 1 | remaining: 42s    
step 01623 (86.0%) | loss: 3.376741 | lrm: 0.28 | dt: 160ms | tok/sec: 817,497 | mfu: 25.5% | epoch: 1 | remaining: 42s    
step 01624 (86.1%) | loss: 3.371686 | lrm: 0.28 | dt: 160ms | tok/sec: 817,996 | mfu: 25.5% | epoch: 1 | remaining: 42s    
step 01625 (86.1%) | loss: 3.369185 | lrm: 0.28 | dt: 160ms | tok/sec: 818,093 | mfu: 25.5% | epoch: 1 | remaining: 41s    
step 01626 (86.2%) | loss: 3.368537 | lrm: 0.28 | dt: 160ms | tok/sec: 818,277 | mfu: 25.5% | epoch: 1 | remaining: 41s    
step 01627 (86.2%) | loss: 3.375166 | lrm: 0.28 | dt: 160ms | tok/sec: 818,322 | mfu: 25.5% | epoch: 1 | remaining: 41s    
step 01628 (86.3%) | loss: 3.379895 | lrm: 0.27 | dt: 160ms | tok/sec: 817,193 | mfu: 25.5% | epoch: 1 | remaining: 41s    
step 01629 (86.3%) | loss: 3.375651 | lrm: 0.27 | dt: 160ms | tok/sec: 817,750 | mfu: 25.5% | epoch: 1 | remaining: 41s    
step 01630 (86.4%) | loss: 3.380226 | lrm: 0.27 | dt: 160ms | tok/sec: 817,835 | mfu: 25.5% | epoch: 1 | remaining: 41s    
step 01631 (86.4%) | loss: 3.378436 | lrm: 0.27 | dt: 160ms | tok/sec: 817,832 | mfu: 25.5% | epoch: 1 | remaining: 40s    
step 01632 (86.5%) | loss: 3.376441 | lrm: 0.27 | dt: 160ms | tok/sec: 818,091 | mfu: 25.5% | epoch: 1 | remaining: 40s    
step 01633 (86.6%) | loss: 3.380726 | lrm: 0.27 | dt: 160ms | tok/sec: 818,353 | mfu: 25.5% | epoch: 1 | remaining: 40s    
step 01634 (86.6%) | loss: 3.376881 | lrm: 0.27 | dt: 160ms | tok/sec: 818,101 | mfu: 25.5% | epoch: 1 | remaining: 40s    
step 01635 (86.7%) | loss: 3.367057 | lrm: 0.27 | dt: 160ms | tok/sec: 817,514 | mfu: 25.5% | epoch: 1 | remaining: 40s    
step 01636 (86.7%) | loss: 3.368483 | lrm: 0.27 | dt: 160ms | tok/sec: 818,204 | mfu: 25.5% | epoch: 1 | remaining: 40s    
step 01637 (86.8%) | loss: 3.363672 | lrm: 0.26 | dt: 160ms | tok/sec: 818,321 | mfu: 25.5% | epoch: 1 | remaining: 40s    
step 01638 (86.8%) | loss: 3.363347 | lrm: 0.26 | dt: 160ms | tok/sec: 818,102 | mfu: 25.5% | epoch: 1 | remaining: 39s    
step 01639 (86.9%) | loss: 3.367602 | lrm: 0.26 | dt: 160ms | tok/sec: 818,570 | mfu: 25.5% | epoch: 1 | remaining: 39s    
step 01640 (86.9%) | loss: 3.366994 | lrm: 0.26 | dt: 160ms | tok/sec: 818,428 | mfu: 25.5% | epoch: 1 | remaining: 39s    
step 01641 (87.0%) | loss: 3.369933 | lrm: 0.26 | dt: 160ms | tok/sec: 818,363 | mfu: 25.5% | epoch: 1 | remaining: 39s    
step 01642 (87.0%) | loss: 3.376829 | lrm: 0.26 | dt: 160ms | tok/sec: 818,661 | mfu: 25.5% | epoch: 1 | remaining: 39s    
step 01643 (87.1%) | loss: 3.378752 | lrm: 0.26 | dt: 160ms | tok/sec: 818,561 | mfu: 25.5% | epoch: 1 | remaining: 39s    
step 01644 (87.1%) | loss: 3.378042 | lrm: 0.26 | dt: 160ms | tok/sec: 818,321 | mfu: 25.5% | epoch: 1 | remaining: 38s    
step 01645 (87.2%) | loss: 3.382713 | lrm: 0.26 | dt: 160ms | tok/sec: 818,296 | mfu: 25.5% | epoch: 1 | remaining: 38s    
step 01646 (87.2%) | loss: 3.385303 | lrm: 0.26 | dt: 160ms | tok/sec: 818,644 | mfu: 25.5% | epoch: 1 | remaining: 38s    
step 01647 (87.3%) | loss: 3.390065 | lrm: 0.25 | dt: 160ms | tok/sec: 818,592 | mfu: 25.5% | epoch: 1 | remaining: 38s    
step 01648 (87.4%) | loss: 3.390589 | lrm: 0.25 | dt: 160ms | tok/sec: 818,047 | mfu: 25.5% | epoch: 1 | remaining: 38s    
step 01649 (87.4%) | loss: 3.384481 | lrm: 0.25 | dt: 160ms | tok/sec: 818,050 | mfu: 25.5% | epoch: 1 | remaining: 38s    
step 01650 (87.5%) | loss: 3.379898 | lrm: 0.25 | dt: 160ms | tok/sec: 818,336 | mfu: 25.5% | epoch: 1 | remaining: 37s    
step 01651 (87.5%) | loss: 3.377153 | lrm: 0.25 | dt: 160ms | tok/sec: 818,260 | mfu: 25.5% | epoch: 1 | remaining: 37s    
step 01652 (87.6%) | loss: 3.371392 | lrm: 0.25 | dt: 160ms | tok/sec: 818,136 | mfu: 25.5% | epoch: 1 | remaining: 37s    
step 01653 (87.6%) | loss: 3.370564 | lrm: 0.25 | dt: 160ms | tok/sec: 818,369 | mfu: 25.5% | epoch: 1 | remaining: 37s    
step 01654 (87.7%) | loss: 3.371104 | lrm: 0.25 | dt: 160ms | tok/sec: 817,854 | mfu: 25.5% | epoch: 1 | remaining: 37s    
step 01655 (87.7%) | loss: 3.375636 | lrm: 0.25 | dt: 160ms | tok/sec: 817,500 | mfu: 25.5% | epoch: 1 | remaining: 37s    
step 01656 (87.8%) | loss: 3.373969 | lrm: 0.24 | dt: 160ms | tok/sec: 816,719 | mfu: 25.4% | epoch: 1 | remaining: 36s    
step 01657 (87.8%) | loss: 3.378646 | lrm: 0.24 | dt: 160ms | tok/sec: 817,060 | mfu: 25.5% | epoch: 1 | remaining: 36s    
step 01658 (87.9%) | loss: 3.375114 | lrm: 0.24 | dt: 160ms | tok/sec: 817,385 | mfu: 25.5% | epoch: 1 | remaining: 36s    
step 01659 (87.9%) | loss: 3.374764 | lrm: 0.24 | dt: 160ms | tok/sec: 817,535 | mfu: 25.5% | epoch: 1 | remaining: 36s    
step 01660 (88.0%) | loss: 3.366487 | lrm: 0.24 | dt: 160ms | tok/sec: 817,828 | mfu: 25.5% | epoch: 1 | remaining: 36s    
step 01661 (88.1%) | loss: 3.356649 | lrm: 0.24 | dt: 160ms | tok/sec: 818,013 | mfu: 25.5% | epoch: 1 | remaining: 36s    
step 01662 (88.1%) | loss: 3.355006 | lrm: 0.24 | dt: 160ms | tok/sec: 818,026 | mfu: 25.5% | epoch: 1 | remaining: 36s    
step 01663 (88.2%) | loss: 3.355017 | lrm: 0.24 | dt: 160ms | tok/sec: 817,922 | mfu: 25.5% | epoch: 1 | remaining: 35s    
step 01664 (88.2%) | loss: 3.359742 | lrm: 0.24 | dt: 160ms | tok/sec: 818,186 | mfu: 25.5% | epoch: 1 | remaining: 35s    
step 01665 (88.3%) | loss: 3.358509 | lrm: 0.23 | dt: 160ms | tok/sec: 818,006 | mfu: 25.5% | epoch: 1 | remaining: 35s    
step 01666 (88.3%) | loss: 3.360104 | lrm: 0.23 | dt: 160ms | tok/sec: 818,089 | mfu: 25.5% | epoch: 1 | remaining: 35s    
step 01667 (88.4%) | loss: 3.363360 | lrm: 0.23 | dt: 160ms | tok/sec: 818,109 | mfu: 25.5% | epoch: 1 | remaining: 35s    
step 01668 (88.4%) | loss: 3.366554 | lrm: 0.23 | dt: 160ms | tok/sec: 818,014 | mfu: 25.5% | epoch: 1 | remaining: 35s    
step 01669 (88.5%) | loss: 3.359390 | lrm: 0.23 | dt: 160ms | tok/sec: 818,246 | mfu: 25.5% | epoch: 1 | remaining: 34s    
step 01670 (88.5%) | loss: 3.365263 | lrm: 0.23 | dt: 160ms | tok/sec: 818,303 | mfu: 25.5% | epoch: 1 | remaining: 34s    
step 01671 (88.6%) | loss: 3.365494 | lrm: 0.23 | dt: 160ms | tok/sec: 817,990 | mfu: 25.5% | epoch: 1 | remaining: 34s    
step 01672 (88.6%) | loss: 3.364862 | lrm: 0.23 | dt: 160ms | tok/sec: 818,510 | mfu: 25.5% | epoch: 1 | remaining: 34s    
step 01673 (88.7%) | loss: 3.368945 | lrm: 0.23 | dt: 160ms | tok/sec: 818,182 | mfu: 25.5% | epoch: 1 | remaining: 34s    
step 01674 (88.7%) | loss: 3.369143 | lrm: 0.23 | dt: 160ms | tok/sec: 818,297 | mfu: 25.5% | epoch: 1 | remaining: 34s    
step 01675 (88.8%) | loss: 3.367098 | lrm: 0.22 | dt: 160ms | tok/sec: 818,197 | mfu: 25.5% | epoch: 1 | remaining: 33s    
step 01676 (88.9%) | loss: 3.362688 | lrm: 0.22 | dt: 160ms | tok/sec: 818,354 | mfu: 25.5% | epoch: 1 | remaining: 33s    
step 01677 (88.9%) | loss: 3.368762 | lrm: 0.22 | dt: 160ms | tok/sec: 818,005 | mfu: 25.5% | epoch: 1 | remaining: 33s    
step 01678 (89.0%) | loss: 3.363610 | lrm: 0.22 | dt: 160ms | tok/sec: 817,085 | mfu: 25.5% | epoch: 1 | remaining: 33s    
step 01679 (89.0%) | loss: 3.355522 | lrm: 0.22 | dt: 160ms | tok/sec: 818,040 | mfu: 25.5% | epoch: 1 | remaining: 33s    
step 01680 (89.1%) | loss: 3.350957 | lrm: 0.22 | dt: 160ms | tok/sec: 817,980 | mfu: 25.5% | epoch: 1 | remaining: 33s    
step 01681 (89.1%) | loss: 3.353729 | lrm: 0.22 | dt: 160ms | tok/sec: 817,796 | mfu: 25.5% | epoch: 1 | remaining: 32s    
step 01682 (89.2%) | loss: 3.350675 | lrm: 0.22 | dt: 160ms | tok/sec: 817,907 | mfu: 25.5% | epoch: 1 | remaining: 32s    
step 01683 (89.2%) | loss: 3.350257 | lrm: 0.22 | dt: 160ms | tok/sec: 817,990 | mfu: 25.5% | epoch: 1 | remaining: 32s    
step 01684 (89.3%) | loss: 3.343296 | lrm: 0.21 | dt: 160ms | tok/sec: 818,145 | mfu: 25.5% | epoch: 1 | remaining: 32s    
step 01685 (89.3%) | loss: 3.347476 | lrm: 0.21 | dt: 160ms | tok/sec: 817,832 | mfu: 25.5% | epoch: 1 | remaining: 32s    
step 01686 (89.4%) | loss: 3.345849 | lrm: 0.21 | dt: 160ms | tok/sec: 817,824 | mfu: 25.5% | epoch: 1 | remaining: 32s    
step 01687 (89.4%) | loss: 3.340188 | lrm: 0.21 | dt: 160ms | tok/sec: 818,187 | mfu: 25.5% | epoch: 1 | remaining: 32s    
step 01688 (89.5%) | loss: 3.341355 | lrm: 0.21 | dt: 160ms | tok/sec: 818,093 | mfu: 25.5% | epoch: 1 | remaining: 31s    
step 01689 (89.5%) | loss: 3.343890 | lrm: 0.21 | dt: 160ms | tok/sec: 818,091 | mfu: 25.5% | epoch: 1 | remaining: 31s    
step 01690 (89.6%) | loss: 3.345844 | lrm: 0.21 | dt: 160ms | tok/sec: 817,579 | mfu: 25.5% | epoch: 1 | remaining: 31s    
step 01691 (89.7%) | loss: 3.342308 | lrm: 0.21 | dt: 160ms | tok/sec: 817,535 | mfu: 25.5% | epoch: 1 | remaining: 31s    
step 01692 (89.7%) | loss: 3.333021 | lrm: 0.21 | dt: 160ms | tok/sec: 817,739 | mfu: 25.5% | epoch: 1 | remaining: 31s    
step 01693 (89.8%) | loss: 3.333391 | lrm: 0.20 | dt: 160ms | tok/sec: 817,055 | mfu: 25.5% | epoch: 1 | remaining: 31s    
step 01694 (89.8%) | loss: 3.341061 | lrm: 0.20 | dt: 160ms | tok/sec: 817,371 | mfu: 25.5% | epoch: 1 | remaining: 30s    
step 01695 (89.9%) | loss: 3.347355 | lrm: 0.20 | dt: 160ms | tok/sec: 816,862 | mfu: 25.4% | epoch: 1 | remaining: 30s    
step 01696 (89.9%) | loss: 3.343069 | lrm: 0.20 | dt: 160ms | tok/sec: 817,387 | mfu: 25.5% | epoch: 1 | remaining: 30s    
step 01697 (90.0%) | loss: 3.342774 | lrm: 0.20 | dt: 160ms | tok/sec: 817,792 | mfu: 25.5% | epoch: 1 | remaining: 30s    
step 01698 (90.0%) | loss: 3.341134 | lrm: 0.20 | dt: 160ms | tok/sec: 817,040 | mfu: 25.5% | epoch: 1 | remaining: 30s    
step 01699 (90.1%) | loss: 3.347727 | lrm: 0.20 | dt: 160ms | tok/sec: 816,993 | mfu: 25.5% | epoch: 1 | remaining: 30s    
step 01700 (90.1%) | loss: 3.345246 | lrm: 0.20 | dt: 160ms | tok/sec: 816,938 | mfu: 25.5% | epoch: 1 | remaining: 29s    
step 01701 (90.2%) | loss: 3.348992 | lrm: 0.20 | dt: 160ms | tok/sec: 817,685 | mfu: 25.5% | epoch: 1 | remaining: 29s    
step 01702 (90.2%) | loss: 3.344948 | lrm: 0.20 | dt: 160ms | tok/sec: 817,711 | mfu: 25.5% | epoch: 1 | remaining: 29s    
step 01703 (90.3%) | loss: 3.350215 | lrm: 0.19 | dt: 160ms | tok/sec: 817,197 | mfu: 25.5% | epoch: 1 | remaining: 29s    
step 01704 (90.3%) | loss: 3.347992 | lrm: 0.19 | dt: 160ms | tok/sec: 817,481 | mfu: 25.5% | epoch: 1 | remaining: 29s    
step 01705 (90.4%) | loss: 3.344423 | lrm: 0.19 | dt: 160ms | tok/sec: 817,719 | mfu: 25.5% | epoch: 1 | remaining: 29s    
step 01706 (90.5%) | loss: 3.337793 | lrm: 0.19 | dt: 160ms | tok/sec: 816,766 | mfu: 25.4% | epoch: 1 | remaining: 28s    
step 01707 (90.5%) | loss: 3.336205 | lrm: 0.19 | dt: 160ms | tok/sec: 817,895 | mfu: 25.5% | epoch: 1 | remaining: 28s    
step 01708 (90.6%) | loss: 3.335723 | lrm: 0.19 | dt: 160ms | tok/sec: 817,629 | mfu: 25.5% | epoch: 1 | remaining: 28s    
step 01709 (90.6%) | loss: 3.339332 | lrm: 0.19 | dt: 160ms | tok/sec: 817,879 | mfu: 25.5% | epoch: 1 | remaining: 28s    
step 01710 (90.7%) | loss: 3.337239 | lrm: 0.19 | dt: 160ms | tok/sec: 817,925 | mfu: 25.5% | epoch: 1 | remaining: 28s    
step 01711 (90.7%) | loss: 3.340823 | lrm: 0.19 | dt: 160ms | tok/sec: 817,731 | mfu: 25.5% | epoch: 1 | remaining: 28s    
step 01712 (90.8%) | loss: 3.336868 | lrm: 0.18 | dt: 160ms | tok/sec: 817,793 | mfu: 25.5% | epoch: 1 | remaining: 28s    
step 01713 (90.8%) | loss: 3.340229 | lrm: 0.18 | dt: 160ms | tok/sec: 817,406 | mfu: 25.5% | epoch: 1 | remaining: 27s    
step 01714 (90.9%) | loss: 3.341792 | lrm: 0.18 | dt: 160ms | tok/sec: 817,272 | mfu: 25.5% | epoch: 1 | remaining: 27s    
step 01715 (90.9%) | loss: 3.335858 | lrm: 0.18 | dt: 160ms | tok/sec: 817,660 | mfu: 25.5% | epoch: 1 | remaining: 27s    
step 01716 (91.0%) | loss: 3.333096 | lrm: 0.18 | dt: 160ms | tok/sec: 817,845 | mfu: 25.5% | epoch: 1 | remaining: 27s    
step 01717 (91.0%) | loss: 3.337741 | lrm: 0.18 | dt: 160ms | tok/sec: 817,649 | mfu: 25.5% | epoch: 1 | remaining: 27s    
step 01718 (91.1%) | loss: 3.337030 | lrm: 0.18 | dt: 160ms | tok/sec: 817,588 | mfu: 25.5% | epoch: 1 | remaining: 27s    
step 01719 (91.1%) | loss: 3.326854 | lrm: 0.18 | dt: 160ms | tok/sec: 817,416 | mfu: 25.5% | epoch: 1 | remaining: 26s    
step 01720 (91.2%) | loss: 3.323491 | lrm: 0.18 | dt: 160ms | tok/sec: 817,612 | mfu: 25.5% | epoch: 1 | remaining: 26s    
step 01721 (91.3%) | loss: 3.322715 | lrm: 0.17 | dt: 160ms | tok/sec: 816,806 | mfu: 25.4% | epoch: 1 | remaining: 26s    
step 01722 (91.3%) | loss: 3.328800 | lrm: 0.17 | dt: 160ms | tok/sec: 818,186 | mfu: 25.5% | epoch: 1 | remaining: 26s    
step 01723 (91.4%) | loss: 3.328012 | lrm: 0.17 | dt: 160ms | tok/sec: 818,042 | mfu: 25.5% | epoch: 1 | remaining: 26s    
step 01724 (91.4%) | loss: 3.332441 | lrm: 0.17 | dt: 160ms | tok/sec: 818,080 | mfu: 25.5% | epoch: 1 | remaining: 26s    
step 01725 (91.5%) | loss: 3.337086 | lrm: 0.17 | dt: 160ms | tok/sec: 817,785 | mfu: 25.5% | epoch: 1 | remaining: 25s    
step 01726 (91.5%) | loss: 3.332666 | lrm: 0.17 | dt: 160ms | tok/sec: 817,946 | mfu: 25.5% | epoch: 1 | remaining: 25s    
step 01727 (91.6%) | loss: 3.337670 | lrm: 0.17 | dt: 160ms | tok/sec: 818,231 | mfu: 25.5% | epoch: 1 | remaining: 25s    
step 01728 (91.6%) | loss: 3.336777 | lrm: 0.17 | dt: 160ms | tok/sec: 817,872 | mfu: 25.5% | epoch: 1 | remaining: 25s    
step 01729 (91.7%) | loss: 3.336673 | lrm: 0.17 | dt: 160ms | tok/sec: 816,794 | mfu: 25.4% | epoch: 1 | remaining: 25s    
step 01730 (91.7%) | loss: 3.339146 | lrm: 0.17 | dt: 160ms | tok/sec: 818,079 | mfu: 25.5% | epoch: 1 | remaining: 25s    
step 01731 (91.8%) | loss: 3.333802 | lrm: 0.16 | dt: 160ms | tok/sec: 817,919 | mfu: 25.5% | epoch: 1 | remaining: 24s    
step 01732 (91.8%) | loss: 3.330745 | lrm: 0.16 | dt: 160ms | tok/sec: 818,064 | mfu: 25.5% | epoch: 1 | remaining: 24s    
step 01733 (91.9%) | loss: 3.338917 | lrm: 0.16 | dt: 160ms | tok/sec: 818,336 | mfu: 25.5% | epoch: 1 | remaining: 24s    
step 01734 (92.0%) | loss: 3.336373 | lrm: 0.16 | dt: 160ms | tok/sec: 818,359 | mfu: 25.5% | epoch: 1 | remaining: 24s    
step 01735 (92.0%) | loss: 3.332105 | lrm: 0.16 | dt: 160ms | tok/sec: 818,043 | mfu: 25.5% | epoch: 1 | remaining: 24s    
step 01736 (92.1%) | loss: 3.337889 | lrm: 0.16 | dt: 160ms | tok/sec: 818,085 | mfu: 25.5% | epoch: 1 | remaining: 24s    
step 01737 (92.1%) | loss: 3.332522 | lrm: 0.16 | dt: 160ms | tok/sec: 817,856 | mfu: 25.5% | epoch: 1 | remaining: 24s    
step 01738 (92.2%) | loss: 3.337911 | lrm: 0.16 | dt: 160ms | tok/sec: 818,095 | mfu: 25.5% | epoch: 1 | remaining: 23s    
step 01739 (92.2%) | loss: 3.339002 | lrm: 0.16 | dt: 160ms | tok/sec: 818,350 | mfu: 25.5% | epoch: 1 | remaining: 23s    
step 01740 (92.3%) | loss: 3.337956 | lrm: 0.15 | dt: 160ms | tok/sec: 818,298 | mfu: 25.5% | epoch: 1 | remaining: 23s    
step 01741 (92.3%) | loss: 3.337078 | lrm: 0.15 | dt: 160ms | tok/sec: 817,845 | mfu: 25.5% | epoch: 1 | remaining: 23s    
step 01742 (92.4%) | loss: 3.337994 | lrm: 0.15 | dt: 160ms | tok/sec: 818,207 | mfu: 25.5% | epoch: 1 | remaining: 23s    
step 01743 (92.4%) | loss: 3.327909 | lrm: 0.15 | dt: 160ms | tok/sec: 818,444 | mfu: 25.5% | epoch: 1 | remaining: 23s    
step 01744 (92.5%) | loss: 3.333369 | lrm: 0.15 | dt: 160ms | tok/sec: 818,041 | mfu: 25.5% | epoch: 1 | remaining: 22s    
step 01745 (92.5%) | loss: 3.332676 | lrm: 0.15 | dt: 160ms | tok/sec: 818,104 | mfu: 25.5% | epoch: 1 | remaining: 22s    
step 01746 (92.6%) | loss: 3.333249 | lrm: 0.15 | dt: 160ms | tok/sec: 817,820 | mfu: 25.5% | epoch: 1 | remaining: 22s    
step 01747 (92.6%) | loss: 3.335945 | lrm: 0.15 | dt: 160ms | tok/sec: 818,298 | mfu: 25.5% | epoch: 1 | remaining: 22s    
step 01748 (92.7%) | loss: 3.335362 | lrm: 0.15 | dt: 160ms | tok/sec: 818,000 | mfu: 25.5% | epoch: 1 | remaining: 22s    
step 01749 (92.8%) | loss: 3.333130 | lrm: 0.14 | dt: 160ms | tok/sec: 818,208 | mfu: 25.5% | epoch: 1 | remaining: 22s    
step 01750 (92.8%) | loss: 3.333948 | lrm: 0.14 | dt: 160ms | tok/sec: 817,848 | mfu: 25.5% | epoch: 1 | remaining: 21s    
step 01751 (92.9%) | loss: 3.339602 | lrm: 0.14 | dt: 160ms | tok/sec: 818,188 | mfu: 25.5% | epoch: 1 | remaining: 21s    
step 01752 (92.9%) | loss: 3.332625 | lrm: 0.14 | dt: 160ms | tok/sec: 818,098 | mfu: 25.5% | epoch: 1 | remaining: 21s    
step 01753 (93.0%) | loss: 3.330013 | lrm: 0.14 | dt: 160ms | tok/sec: 817,756 | mfu: 25.5% | epoch: 1 | remaining: 21s    
step 01754 (93.0%) | loss: 3.324335 | lrm: 0.14 | dt: 160ms | tok/sec: 818,176 | mfu: 25.5% | epoch: 1 | remaining: 21s    
step 01755 (93.1%) | loss: 3.331356 | lrm: 0.14 | dt: 160ms | tok/sec: 817,951 | mfu: 25.5% | epoch: 1 | remaining: 21s    
step 01756 (93.1%) | loss: 3.331237 | lrm: 0.14 | dt: 160ms | tok/sec: 817,773 | mfu: 25.5% | epoch: 1 | remaining: 20s    
step 01757 (93.2%) | loss: 3.328054 | lrm: 0.14 | dt: 160ms | tok/sec: 818,198 | mfu: 25.5% | epoch: 1 | remaining: 20s    
step 01758 (93.2%) | loss: 3.330702 | lrm: 0.14 | dt: 160ms | tok/sec: 818,065 | mfu: 25.5% | epoch: 1 | remaining: 20s    
step 01759 (93.3%) | loss: 3.330481 | lrm: 0.13 | dt: 160ms | tok/sec: 817,302 | mfu: 25.5% | epoch: 1 | remaining: 20s    
step 01760 (93.3%) | loss: 3.331214 | lrm: 0.13 | dt: 160ms | tok/sec: 818,311 | mfu: 25.5% | epoch: 1 | remaining: 20s    
step 01761 (93.4%) | loss: 3.326504 | lrm: 0.13 | dt: 160ms | tok/sec: 818,272 | mfu: 25.5% | epoch: 1 | remaining: 20s    
step 01762 (93.4%) | loss: 3.326819 | lrm: 0.13 | dt: 160ms | tok/sec: 817,319 | mfu: 25.5% | epoch: 1 | remaining: 20s    
step 01763 (93.5%) | loss: 3.324351 | lrm: 0.13 | dt: 161ms | tok/sec: 816,137 | mfu: 25.4% | epoch: 1 | remaining: 19s    
step 01764 (93.6%) | loss: 3.324378 | lrm: 0.13 | dt: 160ms | tok/sec: 817,672 | mfu: 25.5% | epoch: 1 | remaining: 19s    
step 01765 (93.6%) | loss: 3.322071 | lrm: 0.13 | dt: 160ms | tok/sec: 817,570 | mfu: 25.5% | epoch: 1 | remaining: 19s    
step 01766 (93.7%) | loss: 3.326075 | lrm: 0.13 | dt: 160ms | tok/sec: 817,914 | mfu: 25.5% | epoch: 1 | remaining: 19s    
step 01767 (93.7%) | loss: 3.338528 | lrm: 0.13 | dt: 160ms | tok/sec: 818,182 | mfu: 25.5% | epoch: 1 | remaining: 19s    
step 01768 (93.8%) | loss: 3.337257 | lrm: 0.12 | dt: 160ms | tok/sec: 818,043 | mfu: 25.5% | epoch: 1 | remaining: 19s    
step 01769 (93.8%) | loss: 3.332847 | lrm: 0.12 | dt: 160ms | tok/sec: 818,426 | mfu: 25.5% | epoch: 1 | remaining: 18s    
step 01770 (93.9%) | loss: 3.335120 | lrm: 0.12 | dt: 160ms | tok/sec: 818,031 | mfu: 25.5% | epoch: 1 | remaining: 18s    
step 01771 (93.9%) | loss: 3.337063 | lrm: 0.12 | dt: 160ms | tok/sec: 818,344 | mfu: 25.5% | epoch: 1 | remaining: 18s    
step 01772 (94.0%) | loss: 3.335510 | lrm: 0.12 | dt: 160ms | tok/sec: 817,827 | mfu: 25.5% | epoch: 1 | remaining: 18s    
step 01773 (94.0%) | loss: 3.334719 | lrm: 0.12 | dt: 160ms | tok/sec: 817,590 | mfu: 25.5% | epoch: 1 | remaining: 18s    
step 01774 (94.1%) | loss: 3.328620 | lrm: 0.12 | dt: 160ms | tok/sec: 817,986 | mfu: 25.5% | epoch: 1 | remaining: 18s    
step 01775 (94.1%) | loss: 3.324430 | lrm: 0.12 | dt: 160ms | tok/sec: 818,186 | mfu: 25.5% | epoch: 1 | remaining: 17s    
step 01776 (94.2%) | loss: 3.324437 | lrm: 0.12 | dt: 160ms | tok/sec: 818,187 | mfu: 25.5% | epoch: 1 | remaining: 17s    
step 01777 (94.2%) | loss: 3.327845 | lrm: 0.12 | dt: 160ms | tok/sec: 817,703 | mfu: 25.5% | epoch: 1 | remaining: 17s    
step 01778 (94.3%) | loss: 3.332643 | lrm: 0.11 | dt: 160ms | tok/sec: 817,719 | mfu: 25.5% | epoch: 1 | remaining: 17s    
step 01779 (94.4%) | loss: 3.333899 | lrm: 0.11 | dt: 161ms | tok/sec: 816,463 | mfu: 25.4% | epoch: 1 | remaining: 17s    
step 01780 (94.4%) | loss: 3.330906 | lrm: 0.11 | dt: 160ms | tok/sec: 817,463 | mfu: 25.5% | epoch: 1 | remaining: 17s    
step 01781 (94.5%) | loss: 3.335140 | lrm: 0.11 | dt: 160ms | tok/sec: 817,571 | mfu: 25.5% | epoch: 1 | remaining: 16s    
step 01782 (94.5%) | loss: 3.334071 | lrm: 0.11 | dt: 160ms | tok/sec: 817,178 | mfu: 25.5% | epoch: 1 | remaining: 16s    
step 01783 (94.6%) | loss: 3.334230 | lrm: 0.11 | dt: 161ms | tok/sec: 815,713 | mfu: 25.4% | epoch: 1 | remaining: 16s    
step 01784 (94.6%) | loss: 3.336066 | lrm: 0.11 | dt: 160ms | tok/sec: 816,667 | mfu: 25.4% | epoch: 1 | remaining: 16s    
step 01785 (94.7%) | loss: 3.328539 | lrm: 0.11 | dt: 160ms | tok/sec: 816,862 | mfu: 25.4% | epoch: 1 | remaining: 16s    
step 01786 (94.7%) | loss: 3.331875 | lrm: 0.11 | dt: 160ms | tok/sec: 816,952 | mfu: 25.5% | epoch: 1 | remaining: 16s    
step 01787 (94.8%) | loss: 3.325385 | lrm: 0.10 | dt: 160ms | tok/sec: 817,477 | mfu: 25.5% | epoch: 1 | remaining: 15s    
step 01788 (94.8%) | loss: 3.324912 | lrm: 0.10 | dt: 160ms | tok/sec: 817,195 | mfu: 25.5% | epoch: 1 | remaining: 15s    
step 01789 (94.9%) | loss: 3.316819 | lrm: 0.10 | dt: 160ms | tok/sec: 817,845 | mfu: 25.5% | epoch: 1 | remaining: 15s    
step 01790 (94.9%) | loss: 3.313673 | lrm: 0.10 | dt: 160ms | tok/sec: 818,186 | mfu: 25.5% | epoch: 1 | remaining: 15s    
step 01791 (95.0%) | loss: 3.307665 | lrm: 0.10 | dt: 160ms | tok/sec: 818,689 | mfu: 25.5% | epoch: 1 | remaining: 15s    
step 01792 (95.0%) | loss: 3.311242 | lrm: 0.10 | dt: 160ms | tok/sec: 818,760 | mfu: 25.5% | epoch: 1 | remaining: 15s    
step 01793 (95.1%) | loss: 3.312996 | lrm: 0.10 | dt: 160ms | tok/sec: 818,861 | mfu: 25.5% | epoch: 1 | remaining: 15s    
step 01794 (95.2%) | loss: 3.311511 | lrm: 0.10 | dt: 160ms | tok/sec: 818,208 | mfu: 25.5% | epoch: 1 | remaining: 14s    
step 01795 (95.2%) | loss: 3.312474 | lrm: 0.10 | dt: 160ms | tok/sec: 818,710 | mfu: 25.5% | epoch: 1 | remaining: 14s    
step 01796 (95.3%) | loss: 3.315282 | lrm: 0.09 | dt: 160ms | tok/sec: 818,668 | mfu: 25.5% | epoch: 1 | remaining: 14s    
step 01797 (95.3%) | loss: 3.309292 | lrm: 0.09 | dt: 160ms | tok/sec: 818,405 | mfu: 25.5% | epoch: 1 | remaining: 14s    
step 01798 (95.4%) | loss: 3.306785 | lrm: 0.09 | dt: 160ms | tok/sec: 818,147 | mfu: 25.5% | epoch: 1 | remaining: 14s    
step 01799 (95.4%) | loss: 3.309812 | lrm: 0.09 | dt: 160ms | tok/sec: 818,627 | mfu: 25.5% | epoch: 1 | remaining: 14s    
step 01800 (95.5%) | loss: 3.302048 | lrm: 0.09 | dt: 160ms | tok/sec: 818,689 | mfu: 25.5% | epoch: 1 | remaining: 13s    
step 01801 (95.5%) | loss: 3.301981 | lrm: 0.09 | dt: 160ms | tok/sec: 818,443 | mfu: 25.5% | epoch: 1 | remaining: 13s    
step 01802 (95.6%) | loss: 3.303992 | lrm: 0.09 | dt: 160ms | tok/sec: 817,518 | mfu: 25.5% | epoch: 1 | remaining: 13s    
step 01803 (95.6%) | loss: 3.301663 | lrm: 0.09 | dt: 161ms | tok/sec: 816,629 | mfu: 25.4% | epoch: 1 | remaining: 13s    
step 01804 (95.7%) | loss: 3.310252 | lrm: 0.09 | dt: 160ms | tok/sec: 816,716 | mfu: 25.4% | epoch: 1 | remaining: 13s    
step 01805 (95.7%) | loss: 3.309892 | lrm: 0.09 | dt: 160ms | tok/sec: 816,935 | mfu: 25.5% | epoch: 1 | remaining: 13s    
step 01806 (95.8%) | loss: 3.304759 | lrm: 0.08 | dt: 160ms | tok/sec: 816,750 | mfu: 25.4% | epoch: 1 | remaining: 12s    
step 01807 (95.9%) | loss: 3.308458 | lrm: 0.08 | dt: 160ms | tok/sec: 816,784 | mfu: 25.4% | epoch: 1 | remaining: 12s    
step 01808 (95.9%) | loss: 3.306260 | lrm: 0.08 | dt: 160ms | tok/sec: 816,710 | mfu: 25.4% | epoch: 1 | remaining: 12s    
step 01809 (96.0%) | loss: 3.316256 | lrm: 0.08 | dt: 160ms | tok/sec: 816,911 | mfu: 25.5% | epoch: 1 | remaining: 12s    
step 01810 (96.0%) | loss: 3.310330 | lrm: 0.08 | dt: 160ms | tok/sec: 818,085 | mfu: 25.5% | epoch: 1 | remaining: 12s    
step 01811 (96.1%) | loss: 3.306291 | lrm: 0.08 | dt: 160ms | tok/sec: 818,526 | mfu: 25.5% | epoch: 1 | remaining: 12s    
step 01812 (96.1%) | loss: 3.303667 | lrm: 0.08 | dt: 160ms | tok/sec: 818,788 | mfu: 25.5% | epoch: 1 | remaining: 11s    
step 01813 (96.2%) | loss: 3.301640 | lrm: 0.08 | dt: 160ms | tok/sec: 818,960 | mfu: 25.5% | epoch: 1 | remaining: 11s    
step 01814 (96.2%) | loss: 3.302900 | lrm: 0.08 | dt: 160ms | tok/sec: 818,804 | mfu: 25.5% | epoch: 1 | remaining: 11s    
step 01815 (96.3%) | loss: 3.307539 | lrm: 0.07 | dt: 160ms | tok/sec: 818,739 | mfu: 25.5% | epoch: 1 | remaining: 11s    
step 01816 (96.3%) | loss: 3.302741 | lrm: 0.07 | dt: 160ms | tok/sec: 818,868 | mfu: 25.5% | epoch: 1 | remaining: 11s    
step 01817 (96.4%) | loss: 3.301778 | lrm: 0.07 | dt: 160ms | tok/sec: 818,822 | mfu: 25.5% | epoch: 1 | remaining: 11s    
step 01818 (96.4%) | loss: 3.298087 | lrm: 0.07 | dt: 160ms | tok/sec: 818,589 | mfu: 25.5% | epoch: 1 | remaining: 11s    
step 01819 (96.5%) | loss: 3.295807 | lrm: 0.07 | dt: 160ms | tok/sec: 818,690 | mfu: 25.5% | epoch: 1 | remaining: 10s    
step 01820 (96.5%) | loss: 3.293386 | lrm: 0.07 | dt: 160ms | tok/sec: 818,288 | mfu: 25.5% | epoch: 1 | remaining: 10s    
step 01821 (96.6%) | loss: 3.290799 | lrm: 0.07 | dt: 160ms | tok/sec: 818,226 | mfu: 25.5% | epoch: 1 | remaining: 10s    
step 01822 (96.7%) | loss: 3.293917 | lrm: 0.07 | dt: 160ms | tok/sec: 818,467 | mfu: 25.5% | epoch: 1 | remaining: 10s    
step 01823 (96.7%) | loss: 3.297111 | lrm: 0.07 | dt: 160ms | tok/sec: 818,534 | mfu: 25.5% | epoch: 1 | remaining: 10s    
step 01824 (96.8%) | loss: 3.293212 | lrm: 0.06 | dt: 160ms | tok/sec: 818,598 | mfu: 25.5% | epoch: 1 | remaining: 10s    
step 01825 (96.8%) | loss: 3.299096 | lrm: 0.06 | dt: 160ms | tok/sec: 818,180 | mfu: 25.5% | epoch: 1 | remaining: 9s    
step 01826 (96.9%) | loss: 3.299759 | lrm: 0.06 | dt: 160ms | tok/sec: 818,444 | mfu: 25.5% | epoch: 1 | remaining: 9s    
step 01827 (96.9%) | loss: 3.301218 | lrm: 0.06 | dt: 160ms | tok/sec: 818,492 | mfu: 25.5% | epoch: 1 | remaining: 9s    
step 01828 (97.0%) | loss: 3.303270 | lrm: 0.06 | dt: 160ms | tok/sec: 818,517 | mfu: 25.5% | epoch: 1 | remaining: 9s    
step 01829 (97.0%) | loss: 3.297899 | lrm: 0.06 | dt: 160ms | tok/sec: 818,678 | mfu: 25.5% | epoch: 1 | remaining: 9s    
step 01830 (97.1%) | loss: 3.299643 | lrm: 0.06 | dt: 160ms | tok/sec: 818,703 | mfu: 25.5% | epoch: 1 | remaining: 9s    
step 01831 (97.1%) | loss: 3.298403 | lrm: 0.06 | dt: 160ms | tok/sec: 818,646 | mfu: 25.5% | epoch: 1 | remaining: 8s    
step 01832 (97.2%) | loss: 3.294982 | lrm: 0.06 | dt: 160ms | tok/sec: 818,733 | mfu: 25.5% | epoch: 1 | remaining: 8s    
step 01833 (97.2%) | loss: 3.290880 | lrm: 0.06 | dt: 160ms | tok/sec: 818,765 | mfu: 25.5% | epoch: 1 | remaining: 8s    
step 01834 (97.3%) | loss: 3.289762 | lrm: 0.05 | dt: 160ms | tok/sec: 818,125 | mfu: 25.5% | epoch: 1 | remaining: 8s    
step 01835 (97.3%) | loss: 3.291263 | lrm: 0.05 | dt: 160ms | tok/sec: 818,695 | mfu: 25.5% | epoch: 1 | remaining: 8s    
step 01836 (97.4%) | loss: 3.291863 | lrm: 0.05 | dt: 160ms | tok/sec: 818,793 | mfu: 25.5% | epoch: 1 | remaining: 8s    
step 01837 (97.5%) | loss: 3.297653 | lrm: 0.05 | dt: 160ms | tok/sec: 818,723 | mfu: 25.5% | epoch: 1 | remaining: 7s    
step 01838 (97.5%) | loss: 3.301288 | lrm: 0.05 | dt: 160ms | tok/sec: 818,656 | mfu: 25.5% | epoch: 1 | remaining: 7s    
step 01839 (97.6%) | loss: 3.299018 | lrm: 0.05 | dt: 160ms | tok/sec: 818,356 | mfu: 25.5% | epoch: 1 | remaining: 7s    
step 01840 (97.6%) | loss: 3.301117 | lrm: 0.05 | dt: 160ms | tok/sec: 819,040 | mfu: 25.5% | epoch: 1 | remaining: 7s    
step 01841 (97.7%) | loss: 3.302999 | lrm: 0.05 | dt: 160ms | tok/sec: 818,821 | mfu: 25.5% | epoch: 1 | remaining: 7s    
step 01842 (97.7%) | loss: 3.305962 | lrm: 0.05 | dt: 160ms | tok/sec: 818,745 | mfu: 25.5% | epoch: 1 | remaining: 7s    
step 01843 (97.8%) | loss: 3.298915 | lrm: 0.04 | dt: 160ms | tok/sec: 818,884 | mfu: 25.5% | epoch: 1 | remaining: 7s    
step 01844 (97.8%) | loss: 3.306393 | lrm: 0.04 | dt: 160ms | tok/sec: 819,004 | mfu: 25.5% | epoch: 1 | remaining: 6s    
step 01845 (97.9%) | loss: 3.305443 | lrm: 0.04 | dt: 160ms | tok/sec: 818,998 | mfu: 25.5% | epoch: 1 | remaining: 6s    
step 01846 (97.9%) | loss: 3.304193 | lrm: 0.04 | dt: 160ms | tok/sec: 818,543 | mfu: 25.5% | epoch: 1 | remaining: 6s    
step 01847 (98.0%) | loss: 3.301951 | lrm: 0.04 | dt: 160ms | tok/sec: 818,895 | mfu: 25.5% | epoch: 1 | remaining: 6s    
step 01848 (98.0%) | loss: 3.302185 | lrm: 0.04 | dt: 160ms | tok/sec: 818,975 | mfu: 25.5% | epoch: 1 | remaining: 6s    
step 01849 (98.1%) | loss: 3.305811 | lrm: 0.04 | dt: 160ms | tok/sec: 819,049 | mfu: 25.5% | epoch: 1 | remaining: 6s    
step 01850 (98.1%) | loss: 3.300476 | lrm: 0.04 | dt: 160ms | tok/sec: 818,732 | mfu: 25.5% | epoch: 1 | remaining: 5s    
step 01851 (98.2%) | loss: 3.302807 | lrm: 0.04 | dt: 160ms | tok/sec: 819,148 | mfu: 25.5% | epoch: 1 | remaining: 5s    
step 01852 (98.3%) | loss: 3.306383 | lrm: 0.03 | dt: 160ms | tok/sec: 818,968 | mfu: 25.5% | epoch: 1 | remaining: 5s    
step 01853 (98.3%) | loss: 3.301693 | lrm: 0.03 | dt: 160ms | tok/sec: 818,872 | mfu: 25.5% | epoch: 1 | remaining: 5s    
step 01854 (98.4%) | loss: 3.298942 | lrm: 0.03 | dt: 160ms | tok/sec: 819,089 | mfu: 25.5% | epoch: 1 | remaining: 5s    
step 01855 (98.4%) | loss: 3.297764 | lrm: 0.03 | dt: 160ms | tok/sec: 818,744 | mfu: 25.5% | epoch: 1 | remaining: 5s    
step 01856 (98.5%) | loss: 3.299887 | lrm: 0.03 | dt: 160ms | tok/sec: 818,946 | mfu: 25.5% | epoch: 1 | remaining: 4s    
step 01857 (98.5%) | loss: 3.302064 | lrm: 0.03 | dt: 160ms | tok/sec: 818,909 | mfu: 25.5% | epoch: 1 | remaining: 4s    
step 01858 (98.6%) | loss: 3.305484 | lrm: 0.03 | dt: 160ms | tok/sec: 818,834 | mfu: 25.5% | epoch: 1 | remaining: 4s    
step 01859 (98.6%) | loss: 3.307829 | lrm: 0.03 | dt: 160ms | tok/sec: 818,692 | mfu: 25.5% | epoch: 1 | remaining: 4s    
step 01860 (98.7%) | loss: 3.306378 | lrm: 0.03 | dt: 160ms | tok/sec: 818,905 | mfu: 25.5% | epoch: 1 | remaining: 4s    
step 01861 (98.7%) | loss: 3.307693 | lrm: 0.03 | dt: 160ms | tok/sec: 819,068 | mfu: 25.5% | epoch: 1 | remaining: 4s    
step 01862 (98.8%) | loss: 3.303172 | lrm: 0.02 | dt: 160ms | tok/sec: 818,554 | mfu: 25.5% | epoch: 1 | remaining: 3s    
step 01863 (98.8%) | loss: 3.297718 | lrm: 0.02 | dt: 160ms | tok/sec: 819,050 | mfu: 25.5% | epoch: 1 | remaining: 3s    
step 01864 (98.9%) | loss: 3.289999 | lrm: 0.02 | dt: 160ms | tok/sec: 818,845 | mfu: 25.5% | epoch: 1 | remaining: 3s    
step 01865 (98.9%) | loss: 3.293105 | lrm: 0.02 | dt: 160ms | tok/sec: 819,225 | mfu: 25.5% | epoch: 1 | remaining: 3s    
step 01866 (99.0%) | loss: 3.295290 | lrm: 0.02 | dt: 160ms | tok/sec: 818,983 | mfu: 25.5% | epoch: 1 | remaining: 3s    
step 01867 (99.1%) | loss: 3.293652 | lrm: 0.02 | dt: 160ms | tok/sec: 818,853 | mfu: 25.5% | epoch: 1 | remaining: 3s    
step 01868 (99.1%) | loss: 3.293150 | lrm: 0.02 | dt: 160ms | tok/sec: 818,749 | mfu: 25.5% | epoch: 1 | remaining: 3s    
step 01869 (99.2%) | loss: 3.294139 | lrm: 0.02 | dt: 160ms | tok/sec: 818,876 | mfu: 25.5% | epoch: 1 | remaining: 2s    
step 01870 (99.2%) | loss: 3.290257 | lrm: 0.02 | dt: 160ms | tok/sec: 819,054 | mfu: 25.5% | epoch: 1 | remaining: 2s    
step 01871 (99.3%) | loss: 3.288312 | lrm: 0.01 | dt: 160ms | tok/sec: 818,876 | mfu: 25.5% | epoch: 1 | remaining: 2s    
step 01872 (99.3%) | loss: 3.290312 | lrm: 0.01 | dt: 160ms | tok/sec: 819,111 | mfu: 25.5% | epoch: 1 | remaining: 2s    
step 01873 (99.4%) | loss: 3.294568 | lrm: 0.01 | dt: 160ms | tok/sec: 818,781 | mfu: 25.5% | epoch: 1 | remaining: 2s    
step 01874 (99.4%) | loss: 3.296626 | lrm: 0.01 | dt: 160ms | tok/sec: 819,145 | mfu: 25.5% | epoch: 1 | remaining: 2s    
step 01875 (99.5%) | loss: 3.295901 | lrm: 0.01 | dt: 160ms | tok/sec: 818,977 | mfu: 25.5% | epoch: 1 | remaining: 1s    
step 01876 (99.5%) | loss: 3.301478 | lrm: 0.01 | dt: 160ms | tok/sec: 818,960 | mfu: 25.5% | epoch: 1 | remaining: 1s    
step 01877 (99.6%) | loss: 3.306449 | lrm: 0.01 | dt: 160ms | tok/sec: 819,038 | mfu: 25.5% | epoch: 1 | remaining: 1s    
step 01878 (99.6%) | loss: 3.303731 | lrm: 0.01 | dt: 160ms | tok/sec: 818,870 | mfu: 25.5% | epoch: 1 | remaining: 1s    
step 01879 (99.7%) | loss: 3.295207 | lrm: 0.01 | dt: 160ms | tok/sec: 819,270 | mfu: 25.5% | epoch: 1 | remaining: 1s    
step 01880 (99.7%) | loss: 3.296074 | lrm: 0.01 | dt: 160ms | tok/sec: 819,098 | mfu: 25.5% | epoch: 1 | remaining: 1s    
step 01881 (99.8%) | loss: 3.299307 | lrm: 0.00 | dt: 160ms | tok/sec: 819,048 | mfu: 25.5% | epoch: 1 | remaining: 0s    
step 01882 (99.9%) | loss: 3.289563 | lrm: 0.00 | dt: 160ms | tok/sec: 819,098 | mfu: 25.5% | epoch: 1 | remaining: 0s    
step 01883 (99.9%) | loss: 3.282733 | lrm: 0.00 | dt: 160ms | tok/sec: 819,166 | mfu: 25.5% | epoch: 1 | remaining: 0s    
step 01884 (100.0%) | loss: 3.284675 | lrm: 0.00 | dt: 160ms | tok/sec: 818,899 | mfu: 25.5% | epoch: 1 | remaining: 0s    Autotune Choices Stats:
{"num_choices": 13, "num_triton_choices": 12, "best_kernel": "triton_bmm_2713", "best_kernel_desc": "ACC_TYPE='tl.float32', ALLOW_TF32=True, BLOCK_K=32, BLOCK_M=128, BLOCK_N=16, EVEN_K=True, GROUP_M=8, USE_FAST_ACCUM=False, num_stages=3, num_warps=4", "best_time": 0.018079999834299088, "best_triton_pos": 0}
AUTOTUNE bmm(64x2048x32, 64x32x4)
strides: [1048576, 512, 1], [0, 1, 32]
dtypes: torch.bfloat16, torch.bfloat16
  triton_bmm_2713 0.0181 ms 100.0% ACC_TYPE='tl.float32', ALLOW_TF32=True, BLOCK_K=32, BLOCK_M=128, BLOCK_N=16, EVEN_K=True, GROUP_M=8, USE_FAST_ACCUM=False, num_stages=3, num_warps=4
  triton_bmm_2707 0.0184 ms 98.1% ACC_TYPE='tl.float32', ALLOW_TF32=True, BLOCK_K=32, BLOCK_M=32, BLOCK_N=16, EVEN_K=True, GROUP_M=8, USE_FAST_ACCUM=False, num_stages=5, num_warps=2
  triton_bmm_2708 0.0184 ms 98.1% ACC_TYPE='tl.float32', ALLOW_TF32=True, BLOCK_K=32, BLOCK_M=64, BLOCK_N=16, EVEN_K=True, GROUP_M=8, USE_FAST_ACCUM=False, num_stages=5, num_warps=4
  triton_bmm_2710 0.0184 ms 98.1% ACC_TYPE='tl.float32', ALLOW_TF32=True, BLOCK_K=32, BLOCK_M=64, BLOCK_N=16, EVEN_K=True, GROUP_M=8, USE_FAST_ACCUM=False, num_stages=2, num_warps=4
  triton_bmm_2711 0.0184 ms 98.1% ACC_TYPE='tl.float32', ALLOW_TF32=True, BLOCK_K=32, BLOCK_M=64, BLOCK_N=16, EVEN_K=True, GROUP_M=8, USE_FAST_ACCUM=False, num_stages=3, num_warps=4
  triton_bmm_2712 0.0184 ms 98.1% ACC_TYPE='tl.float32', ALLOW_TF32=True, BLOCK_K=32, BLOCK_M=64, BLOCK_N=16, EVEN_K=True, GROUP_M=8, USE_FAST_ACCUM=False, num_stages=4, num_warps=4
  triton_bmm_2706 0.0200 ms 90.5% ACC_TYPE='tl.float32', ALLOW_TF32=True, BLOCK_K=32, BLOCK_M=32, BLOCK_N=16, EVEN_K=True, GROUP_M=8, USE_FAST_ACCUM=False, num_stages=2, num_warps=2
  triton_bmm_2715 0.0201 ms 90.0% ACC_TYPE='tl.float32', ALLOW_TF32=True, BLOCK_K=32, BLOCK_M=128, BLOCK_N=16, EVEN_K=True, GROUP_M=8, USE_FAST_ACCUM=False, num_stages=2, num_warps=8
  triton_bmm_2714 0.0201 ms 89.8% ACC_TYPE='tl.float32', ALLOW_TF32=True, BLOCK_K=32, BLOCK_M=128, BLOCK_N=16, EVEN_K=True, GROUP_M=8, USE_FAST_ACCUM=False, num_stages=4, num_warps=8
  triton_bmm_2716 0.0201 ms 89.8% ACC_TYPE='tl.float32', ALLOW_TF32=True, BLOCK_K=32, BLOCK_M=128, BLOCK_N=16, EVEN_K=True, GROUP_M=8, USE_FAST_ACCUM=False, num_stages=5, num_warps=8
SingleProcess AUTOTUNE benchmarking takes 0.2756 seconds and 0.0001 seconds precompiling for 13 choices

---
val_bpb:          1.172436
training_seconds: 300.0
total_seconds:    439.4
peak_vram_mb:     27346.3
mfu_percent:      25.52
total_tokens_M:   247.1
num_steps:        1885
num_params_M:     57.7
depth:            9
[W1004 09:32:36.903107621 CudaIPCTypes.cpp:16] Producer process has been terminated before all shared CUDA tensors released. See Note [Sharing CUDA tensors]
