Autotune Choices Stats:
{"num_choices": 16, "num_triton_choices": 15, "best_kernel": "triton_mm_73", "best_kernel_desc": "ACC_TYPE='tl.float32', ALLOW_TF32=True, BLOCK_K=32, BLOCK_M=128, BLOCK_N=128, EVEN_K=True, GROUP_M=8, USE_FAST_ACCUM=False, num_stages=3, num_warps=4", "best_time": 0.7792320251464844, "best_triton_pos": 0}
AUTOTUNE mm(131072x512, 512x2048)
strides: [512, 1], [1, 512]
dtypes: torch.bfloat16, torch.bfloat16
  triton_mm_73 0.7792 ms 100.0% ACC_TYPE='tl.float32', ALLOW_TF32=True, BLOCK_K=32, BLOCK_M=128, BLOCK_N=128, EVEN_K=True, GROUP_M=8, USE_FAST_ACCUM=False, num_stages=3, num_warps=4
  triton_mm_67 0.8509 ms 91.6% ACC_TYPE='tl.float32', ALLOW_TF32=True, BLOCK_K=32, BLOCK_M=64, BLOCK_N=128, EVEN_K=True, GROUP_M=8, USE_FAST_ACCUM=False, num_stages=3, num_warps=4
  triton_mm_70 0.8530 ms 91.4% ACC_TYPE='tl.float32', ALLOW_TF32=True, BLOCK_K=32, BLOCK_M=128, BLOCK_N=64, EVEN_K=True, GROUP_M=8, USE_FAST_ACCUM=False, num_stages=3, num_warps=4
  triton_mm_71 0.8755 ms 89.0% ACC_TYPE='tl.float32', ALLOW_TF32=True, BLOCK_K=32, BLOCK_M=128, BLOCK_N=64, EVEN_K=True, GROUP_M=8, USE_FAST_ACCUM=False, num_stages=4, num_warps=8
  triton_mm_68 0.8847 ms 88.1% ACC_TYPE='tl.float32', ALLOW_TF32=True, BLOCK_K=32, BLOCK_M=64, BLOCK_N=128, EVEN_K=True, GROUP_M=8, USE_FAST_ACCUM=False, num_stages=4, num_warps=8
  mm 0.8937 ms 87.2% 
  triton_mm_74 0.9165 ms 85.0% ACC_TYPE='tl.float32', ALLOW_TF32=True, BLOCK_K=64, BLOCK_M=128, BLOCK_N=128, EVEN_K=True, GROUP_M=8, USE_FAST_ACCUM=False, num_stages=3, num_warps=4
  triton_mm_69 0.9246 ms 84.3% ACC_TYPE='tl.float32', ALLOW_TF32=True, BLOCK_K=64, BLOCK_M=64, BLOCK_N=128, EVEN_K=True, GROUP_M=8, USE_FAST_ACCUM=False, num_stages=3, num_warps=4
  triton_mm_72 0.9626 ms 81.0% ACC_TYPE='tl.float32', ALLOW_TF32=True, BLOCK_K=32, BLOCK_M=128, BLOCK_N=128, EVEN_K=True, GROUP_M=8, USE_FAST_ACCUM=False, num_stages=2, num_warps=8
  triton_mm_66 1.0937 ms 71.2% ACC_TYPE='tl.float32', ALLOW_TF32=True, BLOCK_K=64, BLOCK_M=64, BLOCK_N=64, EVEN_K=True, GROUP_M=8, USE_FAST_ACCUM=False, num_stages=3, num_warps=8
SingleProcess AUTOTUNE benchmarking takes 0.7324 seconds and 0.0002 seconds precompiling for 16 choices
Autotune Choices Stats:
{"num_choices": 16, "num_triton_choices": 15, "best_kernel": "triton_mm_133", "best_kernel_desc": "ACC_TYPE='tl.float32', ALLOW_TF32=True, BLOCK_K=32, BLOCK_M=128, BLOCK_N=128, EVEN_K=True, GROUP_M=8, USE_FAST_ACCUM=False, num_stages=3, num_warps=4", "best_time": 0.23347200453281403, "best_triton_pos": 0}
AUTOTUNE mm(131072x512, 512x512)
strides: [512, 1], [1, 512]
dtypes: torch.bfloat16, torch.bfloat16
  triton_mm_133 0.2335 ms 100.0% ACC_TYPE='tl.float32', ALLOW_TF32=True, BLOCK_K=32, BLOCK_M=128, BLOCK_N=128, EVEN_K=True, GROUP_M=8, USE_FAST_ACCUM=False, num_stages=3, num_warps=4
  triton_mm_127 0.2416 ms 96.6% ACC_TYPE='tl.float32', ALLOW_TF32=True, BLOCK_K=32, BLOCK_M=64, BLOCK_N=128, EVEN_K=True, GROUP_M=8, USE_FAST_ACCUM=False, num_stages=3, num_warps=4
  mm 0.2457 ms 95.0% 
  triton_mm_130 0.2458 ms 95.0% ACC_TYPE='tl.float32', ALLOW_TF32=True, BLOCK_K=32, BLOCK_M=128, BLOCK_N=64, EVEN_K=True, GROUP_M=8, USE_FAST_ACCUM=False, num_stages=3, num_warps=4
  triton_mm_128 0.2517 ms 92.7% ACC_TYPE='tl.float32', ALLOW_TF32=True, BLOCK_K=32, BLOCK_M=64, BLOCK_N=128, EVEN_K=True, GROUP_M=8, USE_FAST_ACCUM=False, num_stages=4, num_warps=8
  triton_mm_129 0.2540 ms 91.9% ACC_TYPE='tl.float32', ALLOW_TF32=True, BLOCK_K=64, BLOCK_M=64, BLOCK_N=128, EVEN_K=True, GROUP_M=8, USE_FAST_ACCUM=False, num_stages=3, num_warps=4
  triton_mm_131 0.2560 ms 91.2% ACC_TYPE='tl.float32', ALLOW_TF32=True, BLOCK_K=32, BLOCK_M=128, BLOCK_N=64, EVEN_K=True, GROUP_M=8, USE_FAST_ACCUM=False, num_stages=4, num_warps=8
  triton_mm_134 0.2560 ms 91.2% ACC_TYPE='tl.float32', ALLOW_TF32=True, BLOCK_K=64, BLOCK_M=128, BLOCK_N=128, EVEN_K=True, GROUP_M=8, USE_FAST_ACCUM=False, num_stages=3, num_warps=4
  triton_mm_132 0.2826 ms 82.6% ACC_TYPE='tl.float32', ALLOW_TF32=True, BLOCK_K=32, BLOCK_M=128, BLOCK_N=128, EVEN_K=True, GROUP_M=8, USE_FAST_ACCUM=False, num_stages=2, num_warps=8
  triton_mm_126 0.2990 ms 78.1% ACC_TYPE='tl.float32', ALLOW_TF32=True, BLOCK_K=64, BLOCK_M=64, BLOCK_N=64, EVEN_K=True, GROUP_M=8, USE_FAST_ACCUM=False, num_stages=3, num_warps=8
SingleProcess AUTOTUNE benchmarking takes 0.6999 seconds and 0.0002 seconds precompiling for 16 choices
Autotune Choices Stats:
{"num_choices": 16, "num_triton_choices": 15, "best_kernel": "triton_mm_88", "best_kernel_desc": "ACC_TYPE='tl.float32', ALLOW_TF32=True, BLOCK_K=32, BLOCK_M=128, BLOCK_N=128, EVEN_K=True, GROUP_M=8, USE_FAST_ACCUM=False, num_stages=3, num_warps=4", "best_time": 0.734112024307251, "best_triton_pos": 0}
AUTOTUNE mm(131072x2048, 2048x512)
strides: [2048, 1], [1, 2048]
dtypes: torch.bfloat16, torch.bfloat16
  triton_mm_88 0.7341 ms 100.0% ACC_TYPE='tl.float32', ALLOW_TF32=True, BLOCK_K=32, BLOCK_M=128, BLOCK_N=128, EVEN_K=True, GROUP_M=8, USE_FAST_ACCUM=False, num_stages=3, num_warps=4
  mm 0.7465 ms 98.3% 
  triton_mm_89 0.7916 ms 92.7% ACC_TYPE='tl.float32', ALLOW_TF32=True, BLOCK_K=64, BLOCK_M=128, BLOCK_N=128, EVEN_K=True, GROUP_M=8, USE_FAST_ACCUM=False, num_stages=3, num_warps=4
  triton_mm_87 0.8356 ms 87.9% ACC_TYPE='tl.float32', ALLOW_TF32=True, BLOCK_K=32, BLOCK_M=128, BLOCK_N=128, EVEN_K=True, GROUP_M=8, USE_FAST_ACCUM=False, num_stages=2, num_warps=8
  triton_mm_84 0.8632 ms 85.0% ACC_TYPE='tl.float32', ALLOW_TF32=True, BLOCK_K=64, BLOCK_M=64, BLOCK_N=128, EVEN_K=True, GROUP_M=8, USE_FAST_ACCUM=False, num_stages=3, num_warps=4
  triton_mm_82 0.8643 ms 84.9% ACC_TYPE='tl.float32', ALLOW_TF32=True, BLOCK_K=32, BLOCK_M=64, BLOCK_N=128, EVEN_K=True, GROUP_M=8, USE_FAST_ACCUM=False, num_stages=3, num_warps=4
  triton_mm_85 0.8704 ms 84.3% ACC_TYPE='tl.float32', ALLOW_TF32=True, BLOCK_K=32, BLOCK_M=128, BLOCK_N=64, EVEN_K=True, GROUP_M=8, USE_FAST_ACCUM=False, num_stages=3, num_warps=4
  triton_mm_83 0.8776 ms 83.7% ACC_TYPE='tl.float32', ALLOW_TF32=True, BLOCK_K=32, BLOCK_M=64, BLOCK_N=128, EVEN_K=True, GROUP_M=8, USE_FAST_ACCUM=False, num_stages=4, num_warps=8
  triton_mm_86 0.8864 ms 82.8% ACC_TYPE='tl.float32', ALLOW_TF32=True, BLOCK_K=32, BLOCK_M=128, BLOCK_N=64, EVEN_K=True, GROUP_M=8, USE_FAST_ACCUM=False, num_stages=4, num_warps=8
  triton_mm_81 1.0875 ms 67.5% ACC_TYPE='tl.float32', ALLOW_TF32=True, BLOCK_K=64, BLOCK_M=64, BLOCK_N=64, EVEN_K=True, GROUP_M=8, USE_FAST_ACCUM=False, num_stages=3, num_warps=8
SingleProcess AUTOTUNE benchmarking takes 0.7181 seconds and 0.0001 seconds precompiling for 16 choices
Autotune Choices Stats:
{"num_choices": 13, "num_triton_choices": 12, "best_kernel": "triton_mm_146", "best_kernel_desc": "ACC_TYPE='tl.float32', ALLOW_TF32=True, BLOCK_K=32, BLOCK_M=128, BLOCK_N=16, EVEN_K=True, GROUP_M=8, USE_FAST_ACCUM=False, num_stages=5, num_warps=8", "best_time": 0.017952000722289085, "best_triton_pos": 0}
AUTOTUNE mm(131072x32, 32x4)
strides: [512, 1], [1, 32]
dtypes: torch.bfloat16, torch.bfloat16
  triton_mm_146 0.0180 ms 100.0% ACC_TYPE='tl.float32', ALLOW_TF32=True, BLOCK_K=32, BLOCK_M=128, BLOCK_N=16, EVEN_K=True, GROUP_M=8, USE_FAST_ACCUM=False, num_stages=5, num_warps=8
  triton_mm_143 0.0181 ms 99.3% ACC_TYPE='tl.float32', ALLOW_TF32=True, BLOCK_K=32, BLOCK_M=128, BLOCK_N=16, EVEN_K=True, GROUP_M=8, USE_FAST_ACCUM=False, num_stages=3, num_warps=4
  triton_mm_145 0.0183 ms 98.2% ACC_TYPE='tl.float32', ALLOW_TF32=True, BLOCK_K=32, BLOCK_M=128, BLOCK_N=16, EVEN_K=True, GROUP_M=8, USE_FAST_ACCUM=False, num_stages=2, num_warps=8
  triton_mm_144 0.0183 ms 98.1% ACC_TYPE='tl.float32', ALLOW_TF32=True, BLOCK_K=32, BLOCK_M=128, BLOCK_N=16, EVEN_K=True, GROUP_M=8, USE_FAST_ACCUM=False, num_stages=4, num_warps=8
  triton_mm_140 0.0184 ms 97.6% ACC_TYPE='tl.float32', ALLOW_TF32=True, BLOCK_K=32, BLOCK_M=64, BLOCK_N=16, EVEN_K=True, GROUP_M=8, USE_FAST_ACCUM=False, num_stages=2, num_warps=4
  triton_mm_141 0.0184 ms 97.6% ACC_TYPE='tl.float32', ALLOW_TF32=True, BLOCK_K=32, BLOCK_M=64, BLOCK_N=16, EVEN_K=True, GROUP_M=8, USE_FAST_ACCUM=False, num_stages=3, num_warps=4
  triton_mm_142 0.0184 ms 97.6% ACC_TYPE='tl.float32', ALLOW_TF32=True, BLOCK_K=32, BLOCK_M=64, BLOCK_N=16, EVEN_K=True, GROUP_M=8, USE_FAST_ACCUM=False, num_stages=4, num_warps=4
  triton_mm_136 0.0184 ms 97.4% ACC_TYPE='tl.float32', ALLOW_TF32=True, BLOCK_K=32, BLOCK_M=32, BLOCK_N=16, EVEN_K=True, GROUP_M=8, USE_FAST_ACCUM=False, num_stages=2, num_warps=2
  triton_mm_137 0.0184 ms 97.4% ACC_TYPE='tl.float32', ALLOW_TF32=True, BLOCK_K=32, BLOCK_M=32, BLOCK_N=16, EVEN_K=True, GROUP_M=8, USE_FAST_ACCUM=False, num_stages=5, num_warps=2
  triton_mm_138 0.0184 ms 97.4% ACC_TYPE='tl.float32', ALLOW_TF32=True, BLOCK_K=32, BLOCK_M=64, BLOCK_N=16, EVEN_K=True, GROUP_M=8, USE_FAST_ACCUM=False, num_stages=5, num_warps=4
SingleProcess AUTOTUNE benchmarking takes 0.2801 seconds and 0.0001 seconds precompiling for 13 choices
Autotune Choices Stats:
{"num_choices": 16, "num_triton_choices": 15, "best_kernel": "triton_mm_781", "best_kernel_desc": "ACC_TYPE='tl.float32', ALLOW_TF32=True, BLOCK_K=32, BLOCK_M=128, BLOCK_N=128, EVEN_K=True, GROUP_M=8, USE_FAST_ACCUM=False, num_stages=3, num_warps=4", "best_time": 2.913248062133789, "best_triton_pos": 0}
AUTOTUNE mm(131072x512, 512x8192)
strides: [512, 1], [1, 512]
dtypes: torch.bfloat16, torch.bfloat16
  triton_mm_781 2.9132 ms 100.0% ACC_TYPE='tl.float32', ALLOW_TF32=True, BLOCK_K=32, BLOCK_M=128, BLOCK_N=128, EVEN_K=True, GROUP_M=8, USE_FAST_ACCUM=False, num_stages=3, num_warps=4
  triton_mm_780 3.2583 ms 89.4% ACC_TYPE='tl.float32', ALLOW_TF32=True, BLOCK_K=32, BLOCK_M=128, BLOCK_N=128, EVEN_K=True, GROUP_M=8, USE_FAST_ACCUM=False, num_stages=2, num_warps=8
  triton_mm_775 3.3526 ms 86.9% ACC_TYPE='tl.float32', ALLOW_TF32=True, BLOCK_K=32, BLOCK_M=64, BLOCK_N=128, EVEN_K=True, GROUP_M=8, USE_FAST_ACCUM=False, num_stages=3, num_warps=4
  triton_mm_778 3.4109 ms 85.4% ACC_TYPE='tl.float32', ALLOW_TF32=True, BLOCK_K=32, BLOCK_M=128, BLOCK_N=64, EVEN_K=True, GROUP_M=8, USE_FAST_ACCUM=False, num_stages=3, num_warps=4
  mm 3.4212 ms 85.2% 
  triton_mm_779 3.4662 ms 84.0% ACC_TYPE='tl.float32', ALLOW_TF32=True, BLOCK_K=32, BLOCK_M=128, BLOCK_N=64, EVEN_K=True, GROUP_M=8, USE_FAST_ACCUM=False, num_stages=4, num_warps=8
  triton_mm_776 3.4939 ms 83.4% ACC_TYPE='tl.float32', ALLOW_TF32=True, BLOCK_K=32, BLOCK_M=64, BLOCK_N=128, EVEN_K=True, GROUP_M=8, USE_FAST_ACCUM=False, num_stages=4, num_warps=8
  triton_mm_782 3.5471 ms 82.1% ACC_TYPE='tl.float32', ALLOW_TF32=True, BLOCK_K=64, BLOCK_M=128, BLOCK_N=128, EVEN_K=True, GROUP_M=8, USE_FAST_ACCUM=False, num_stages=3, num_warps=4
  triton_mm_777 3.6618 ms 79.6% ACC_TYPE='tl.float32', ALLOW_TF32=True, BLOCK_K=64, BLOCK_M=64, BLOCK_N=128, EVEN_K=True, GROUP_M=8, USE_FAST_ACCUM=False, num_stages=3, num_warps=4
  triton_mm_773 4.2762 ms 68.1% ACC_TYPE='tl.float32', ALLOW_TF32=True, BLOCK_K=32, BLOCK_M=64, BLOCK_N=64, EVEN_K=True, GROUP_M=8, USE_FAST_ACCUM=False, num_stages=2, num_warps=4
SingleProcess AUTOTUNE benchmarking takes 1.0649 seconds and 0.0001 seconds precompiling for 16 choices
Autotune Choices Stats:
{"num_choices": 16, "num_triton_choices": 15, "best_kernel": "triton_mm_841", "best_kernel_desc": "ACC_TYPE='tl.float32', ALLOW_TF32=True, BLOCK_K=32, BLOCK_M=128, BLOCK_N=128, EVEN_K=True, GROUP_M=8, USE_FAST_ACCUM=False, num_stages=3, num_warps=4", "best_time": 0.7813119888305664, "best_triton_pos": 0}
AUTOTUNE mm(131072x512, 512x2048)
strides: [512, 1], [2048, 1]
dtypes: torch.bfloat16, torch.bfloat16
  triton_mm_841 0.7813 ms 100.0% ACC_TYPE='tl.float32', ALLOW_TF32=True, BLOCK_K=32, BLOCK_M=128, BLOCK_N=128, EVEN_K=True, GROUP_M=8, USE_FAST_ACCUM=False, num_stages=3, num_warps=4
  triton_mm_835 0.8437 ms 92.6% ACC_TYPE='tl.float32', ALLOW_TF32=True, BLOCK_K=32, BLOCK_M=64, BLOCK_N=128, EVEN_K=True, GROUP_M=8, USE_FAST_ACCUM=False, num_stages=3, num_warps=4
  triton_mm_838 0.8519 ms 91.7% ACC_TYPE='tl.float32', ALLOW_TF32=True, BLOCK_K=32, BLOCK_M=128, BLOCK_N=64, EVEN_K=True, GROUP_M=8, USE_FAST_ACCUM=False, num_stages=3, num_warps=4
  triton_mm_839 0.8735 ms 89.4% ACC_TYPE='tl.float32', ALLOW_TF32=True, BLOCK_K=32, BLOCK_M=128, BLOCK_N=64, EVEN_K=True, GROUP_M=8, USE_FAST_ACCUM=False, num_stages=4, num_warps=8
  triton_mm_836 0.8796 ms 88.8% ACC_TYPE='tl.float32', ALLOW_TF32=True, BLOCK_K=32, BLOCK_M=64, BLOCK_N=128, EVEN_K=True, GROUP_M=8, USE_FAST_ACCUM=False, num_stages=4, num_warps=8
  mm 0.8888 ms 87.9% 
  triton_mm_837 0.9195 ms 85.0% ACC_TYPE='tl.float32', ALLOW_TF32=True, BLOCK_K=64, BLOCK_M=64, BLOCK_N=128, EVEN_K=True, GROUP_M=8, USE_FAST_ACCUM=False, num_stages=3, num_warps=4
  triton_mm_842 0.9226 ms 84.7% ACC_TYPE='tl.float32', ALLOW_TF32=True, BLOCK_K=64, BLOCK_M=128, BLOCK_N=128, EVEN_K=True, GROUP_M=8, USE_FAST_ACCUM=False, num_stages=3, num_warps=4
  triton_mm_840 0.9308 ms 83.9% ACC_TYPE='tl.float32', ALLOW_TF32=True, BLOCK_K=32, BLOCK_M=128, BLOCK_N=128, EVEN_K=True, GROUP_M=8, USE_FAST_ACCUM=False, num_stages=2, num_warps=8
  triton_mm_833 1.0926 ms 71.5% ACC_TYPE='tl.float32', ALLOW_TF32=True, BLOCK_K=32, BLOCK_M=64, BLOCK_N=64, EVEN_K=True, GROUP_M=8, USE_FAST_ACCUM=False, num_stages=2, num_warps=4
SingleProcess AUTOTUNE benchmarking takes 0.7247 seconds and 0.0002 seconds precompiling for 16 choices
Autotune Choices Stats:
{"num_choices": 16, "num_triton_choices": 15, "best_kernel": "mm", "best_time": 3.0320639610290527, "best_triton_pos": 1, "best_triton_time": 3.3863680362701416, "best_triton_kernel": "triton_mm_793", "best_triton_kernel_desc": "ACC_TYPE='tl.float32', ALLOW_TF32=True, BLOCK_K=32, BLOCK_M=128, BLOCK_N=64, EVEN_K=True, GROUP_M=8, USE_FAST_ACCUM=False, num_stages=3, num_warps=4"}
AUTOTUNE mm(8192x131072, 131072x512)
strides: [1, 8192], [512, 1]
dtypes: torch.bfloat16, torch.bfloat16
  mm 3.0321 ms 100.0% 
  triton_mm_793 3.3864 ms 89.5% ACC_TYPE='tl.float32', ALLOW_TF32=True, BLOCK_K=32, BLOCK_M=128, BLOCK_N=64, EVEN_K=True, GROUP_M=8, USE_FAST_ACCUM=False, num_stages=3, num_warps=4
  triton_mm_790 3.3915 ms 89.4% ACC_TYPE='tl.float32', ALLOW_TF32=True, BLOCK_K=32, BLOCK_M=64, BLOCK_N=128, EVEN_K=True, GROUP_M=8, USE_FAST_ACCUM=False, num_stages=3, num_warps=4
  triton_mm_792 3.5697 ms 84.9% ACC_TYPE='tl.float32', ALLOW_TF32=True, BLOCK_K=64, BLOCK_M=64, BLOCK_N=128, EVEN_K=True, GROUP_M=8, USE_FAST_ACCUM=False, num_stages=3, num_warps=4
  triton_mm_791 3.7059 ms 81.8% ACC_TYPE='tl.float32', ALLOW_TF32=True, BLOCK_K=32, BLOCK_M=64, BLOCK_N=128, EVEN_K=True, GROUP_M=8, USE_FAST_ACCUM=False, num_stages=4, num_warps=8
  triton_mm_794 3.7396 ms 81.1% ACC_TYPE='tl.float32', ALLOW_TF32=True, BLOCK_K=32, BLOCK_M=128, BLOCK_N=64, EVEN_K=True, GROUP_M=8, USE_FAST_ACCUM=False, num_stages=4, num_warps=8
  triton_mm_796 3.8932 ms 77.9% ACC_TYPE='tl.float32', ALLOW_TF32=True, BLOCK_K=32, BLOCK_M=128, BLOCK_N=128, EVEN_K=True, GROUP_M=8, USE_FAST_ACCUM=False, num_stages=3, num_warps=4
  triton_mm_797 4.1308 ms 73.4% ACC_TYPE='tl.float32', ALLOW_TF32=True, BLOCK_K=64, BLOCK_M=128, BLOCK_N=128, EVEN_K=True, GROUP_M=8, USE_FAST_ACCUM=False, num_stages=3, num_warps=4
  triton_mm_795 4.3684 ms 69.4% ACC_TYPE='tl.float32', ALLOW_TF32=True, BLOCK_K=32, BLOCK_M=128, BLOCK_N=128, EVEN_K=True, GROUP_M=8, USE_FAST_ACCUM=False, num_stages=2, num_warps=8
  triton_mm_789 4.4483 ms 68.2% ACC_TYPE='tl.float32', ALLOW_TF32=True, BLOCK_K=64, BLOCK_M=64, BLOCK_N=64, EVEN_K=True, GROUP_M=8, USE_FAST_ACCUM=False, num_stages=3, num_warps=8
SingleProcess AUTOTUNE benchmarking takes 1.0405 seconds and 0.0001 seconds precompiling for 16 choices
Autotune Choices Stats:
{"num_choices": 22, "num_triton_choices": 15, "best_kernel": "mm", "best_time": 0.8581119775772095, "best_triton_pos": 5, "best_triton_time": 1.2113920450210571, "best_triton_kernel": "triton_mm_822", "best_triton_kernel_desc": "ACC_TYPE='tl.float32', ALLOW_TF32=True, BLOCK_K=64, BLOCK_M=64, BLOCK_N=128, EVEN_K=True, GROUP_M=8, USE_FAST_ACCUM=False, num_stages=3, num_warps=4"}
AUTOTUNE mm(512x131072, 131072x2048)
strides: [1, 512], [2048, 1]
dtypes: torch.bfloat16, torch.bfloat16
  mm 0.8581 ms 100.0% 
  decompose_k_mm_2_split_0 0.9329 ms 92.0% k_split=2
  decompose_k_mm_4_split_1 1.0967 ms 78.2% k_split=4
  decompose_k_mm_8_split_2 1.1213 ms 76.5% k_split=8
  decompose_k_mm_16_split_3 1.2073 ms 71.1% k_split=16
  triton_mm_822 1.2114 ms 70.8% ACC_TYPE='tl.float32', ALLOW_TF32=True, BLOCK_K=64, BLOCK_M=64, BLOCK_N=128, EVEN_K=True, GROUP_M=8, USE_FAST_ACCUM=False, num_stages=3, num_warps=4
  decompose_k_mm_32_split_4 1.2667 ms 67.7% k_split=32
  triton_mm_821 1.2996 ms 66.0% ACC_TYPE='tl.float32', ALLOW_TF32=True, BLOCK_K=32, BLOCK_M=64, BLOCK_N=128, EVEN_K=True, GROUP_M=8, USE_FAST_ACCUM=False, num_stages=4, num_warps=8
  triton_mm_824 1.3127 ms 65.4% ACC_TYPE='tl.float32', ALLOW_TF32=True, BLOCK_K=32, BLOCK_M=128, BLOCK_N=64, EVEN_K=True, GROUP_M=8, USE_FAST_ACCUM=False, num_stages=4, num_warps=8
  triton_mm_819 1.3803 ms 62.2% ACC_TYPE='tl.float32', ALLOW_TF32=True, BLOCK_K=64, BLOCK_M=64, BLOCK_N=64, EVEN_K=True, GROUP_M=8, USE_FAST_ACCUM=False, num_stages=3, num_warps=8
SingleProcess AUTOTUNE benchmarking takes 6.3443 seconds and 0.0001 seconds precompiling for 22 choices
Autotune Choices Stats:
{"num_choices": 22, "num_triton_choices": 15, "best_kernel": "mm", "best_time": 0.9021440148353577, "best_triton_pos": 6, "best_triton_time": 1.2267199754714966, "best_triton_kernel": "triton_mm_852", "best_triton_kernel_desc": "ACC_TYPE='tl.float32', ALLOW_TF32=True, BLOCK_K=64, BLOCK_M=64, BLOCK_N=128, EVEN_K=True, GROUP_M=8, USE_FAST_ACCUM=False, num_stages=3, num_warps=4"}
AUTOTUNE mm(2048x131072, 131072x512)
strides: [1, 2048], [512, 1]
dtypes: torch.bfloat16, torch.bfloat16
  mm 0.9021 ms 100.0% 
  decompose_k_mm_2_split_6 0.9318 ms 96.8% k_split=2
  decompose_k_mm_4_split_7 1.0485 ms 86.0% k_split=4
  decompose_k_mm_8_split_8 1.1110 ms 81.2% k_split=8
  decompose_k_mm_16_split_9 1.1294 ms 79.9% k_split=16
  decompose_k_mm_32_split_10 1.1827 ms 76.3% k_split=32
  triton_mm_852 1.2267 ms 73.5% ACC_TYPE='tl.float32', ALLOW_TF32=True, BLOCK_K=64, BLOCK_M=64, BLOCK_N=128, EVEN_K=True, GROUP_M=8, USE_FAST_ACCUM=False, num_stages=3, num_warps=4
  triton_mm_851 1.3035 ms 69.2% ACC_TYPE='tl.float32', ALLOW_TF32=True, BLOCK_K=32, BLOCK_M=64, BLOCK_N=128, EVEN_K=True, GROUP_M=8, USE_FAST_ACCUM=False, num_stages=4, num_warps=8
  triton_mm_854 1.3111 ms 68.8% ACC_TYPE='tl.float32', ALLOW_TF32=True, BLOCK_K=32, BLOCK_M=128, BLOCK_N=64, EVEN_K=True, GROUP_M=8, USE_FAST_ACCUM=False, num_stages=4, num_warps=8
  decompose_k_mm_64_split_11 1.3783 ms 65.5% k_split=64
SingleProcess AUTOTUNE benchmarking takes 2.2235 seconds and 0.0002 seconds precompiling for 22 choices
Autotune Choices Stats:
{"num_choices": 24, "num_triton_choices": 15, "best_kernel": "decompose_k_mm_8_split_14", "best_kernel_desc": "k_split=8", "best_time": 0.28672000765800476, "best_triton_pos": 6, "best_triton_time": 0.6717119812965393, "best_triton_kernel": "triton_mm_876", "best_triton_kernel_desc": "ACC_TYPE='tl.float32', ALLOW_TF32=True, BLOCK_K=32, BLOCK_M=64, BLOCK_N=32, EVEN_K=True, GROUP_M=8, USE_FAST_ACCUM=False, num_stages=5, num_warps=8"}
AUTOTUNE mm(512x131072, 131072x512)
strides: [1, 512], [512, 1]
dtypes: torch.bfloat16, torch.bfloat16
  decompose_k_mm_8_split_14 0.2867 ms 100.0% k_split=8
  mm 0.2874 ms 99.8% 
  decompose_k_mm_32_split_16 0.3462 ms 82.8% k_split=32
  decompose_k_mm_64_split_17 0.3788 ms 75.7% k_split=64
  decompose_k_mm_128_split_18 0.4178 ms 68.6% k_split=128
  decompose_k_mm_4_split_13 0.4905 ms 58.5% k_split=4
  triton_mm_876 0.6717 ms 42.7% ACC_TYPE='tl.float32', ALLOW_TF32=True, BLOCK_K=32, BLOCK_M=64, BLOCK_N=32, EVEN_K=True, GROUP_M=8, USE_FAST_ACCUM=False, num_stages=5, num_warps=8
  triton_mm_875 0.6820 ms 42.0% ACC_TYPE='tl.float32', ALLOW_TF32=True, BLOCK_K=32, BLOCK_M=32, BLOCK_N=64, EVEN_K=True, GROUP_M=8, USE_FAST_ACCUM=False, num_stages=5, num_warps=8
  triton_mm_874 0.9217 ms 31.1% ACC_TYPE='tl.float32', ALLOW_TF32=True, BLOCK_K=128, BLOCK_M=32, BLOCK_N=32, EVEN_K=True, GROUP_M=8, USE_FAST_ACCUM=False, num_stages=2, num_warps=4
  triton_mm_879 0.9267 ms 30.9% ACC_TYPE='tl.float32', ALLOW_TF32=True, BLOCK_K=64, BLOCK_M=64, BLOCK_N=64, EVEN_K=True, GROUP_M=8, USE_FAST_ACCUM=False, num_stages=3, num_warps=8
SingleProcess AUTOTUNE benchmarking takes 6.4273 seconds and 0.0002 seconds precompiling for 24 choices
Autotune Choices Stats:
{"num_choices": 22, "num_triton_choices": 11, "best_kernel": "decompose_k_mm_512_split_28", "best_kernel_desc": "k_split=512", "best_time": 0.02828799933195114, "best_triton_pos": 9, "best_triton_time": 0.2590720057487488, "best_triton_kernel": "triton_mm_906", "best_triton_kernel_desc": "ACC_TYPE='tl.float32', ALLOW_TF32=True, BLOCK_K=128, BLOCK_M=16, BLOCK_N=32, EVEN_K=True, GROUP_M=8, USE_FAST_ACCUM=False, num_stages=5, num_warps=2"}
AUTOTUNE mm(4x131072, 131072x32)
strides: [1, 4], [512, 1]
dtypes: torch.bfloat16, torch.bfloat16
  decompose_k_mm_512_split_28 0.0283 ms 100.0% k_split=512
  decompose_k_mm_1024_split_29 0.0283 ms 100.0% k_split=1024
  decompose_k_mm_256_split_27 0.0284 ms 99.7% k_split=256
  decompose_k_mm_128_split_26 0.0328 ms 86.3% k_split=128
  mm 0.0364 ms 77.6% 
  decompose_k_mm_64_split_25 0.0388 ms 72.8% k_split=64
  decompose_k_mm_32_split_24 0.0552 ms 51.2% k_split=32
  decompose_k_mm_16_split_23 0.0962 ms 29.4% k_split=16
  decompose_k_mm_8_split_22 0.1760 ms 16.1% k_split=8
  triton_mm_906 0.2591 ms 10.9% ACC_TYPE='tl.float32', ALLOW_TF32=True, BLOCK_K=128, BLOCK_M=16, BLOCK_N=32, EVEN_K=True, GROUP_M=8, USE_FAST_ACCUM=False, num_stages=5, num_warps=2
SingleProcess AUTOTUNE benchmarking takes 6.3635 seconds and 0.0001 seconds precompiling for 22 choices
Autotune Choices Stats:
{"num_choices": 16, "num_triton_choices": 15, "best_kernel": "triton_mm_811", "best_kernel_desc": "ACC_TYPE='tl.float32', ALLOW_TF32=True, BLOCK_K=32, BLOCK_M=128, BLOCK_N=128, EVEN_K=True, GROUP_M=8, USE_FAST_ACCUM=False, num_stages=3, num_warps=4", "best_time": 2.8231360912323, "best_triton_pos": 0}
AUTOTUNE mm(131072x8192, 8192x512)
strides: [8192, 1], [512, 1]
dtypes: torch.bfloat16, torch.bfloat16
  triton_mm_811 2.8231 ms 100.0% ACC_TYPE='tl.float32', ALLOW_TF32=True, BLOCK_K=32, BLOCK_M=128, BLOCK_N=128, EVEN_K=True, GROUP_M=8, USE_FAST_ACCUM=False, num_stages=3, num_warps=4
  mm 2.8498 ms 99.1% 
  triton_mm_812 2.9686 ms 95.1% ACC_TYPE='tl.float32', ALLOW_TF32=True, BLOCK_K=64, BLOCK_M=128, BLOCK_N=128, EVEN_K=True, GROUP_M=8, USE_FAST_ACCUM=False, num_stages=3, num_warps=4
  triton_mm_810 3.0351 ms 93.0% ACC_TYPE='tl.float32', ALLOW_TF32=True, BLOCK_K=32, BLOCK_M=128, BLOCK_N=128, EVEN_K=True, GROUP_M=8, USE_FAST_ACCUM=False, num_stages=2, num_warps=8
  triton_mm_805 3.3290 ms 84.8% ACC_TYPE='tl.float32', ALLOW_TF32=True, BLOCK_K=32, BLOCK_M=64, BLOCK_N=128, EVEN_K=True, GROUP_M=8, USE_FAST_ACCUM=False, num_stages=3, num_warps=4
  triton_mm_808 3.3833 ms 83.4% ACC_TYPE='tl.float32', ALLOW_TF32=True, BLOCK_K=32, BLOCK_M=128, BLOCK_N=64, EVEN_K=True, GROUP_M=8, USE_FAST_ACCUM=False, num_stages=3, num_warps=4
  triton_mm_807 3.3976 ms 83.1% ACC_TYPE='tl.float32', ALLOW_TF32=True, BLOCK_K=64, BLOCK_M=64, BLOCK_N=128, EVEN_K=True, GROUP_M=8, USE_FAST_ACCUM=False, num_stages=3, num_warps=4
  triton_mm_806 3.4099 ms 82.8% ACC_TYPE='tl.float32', ALLOW_TF32=True, BLOCK_K=32, BLOCK_M=64, BLOCK_N=128, EVEN_K=True, GROUP_M=8, USE_FAST_ACCUM=False, num_stages=4, num_warps=8
  triton_mm_809 3.4468 ms 81.9% ACC_TYPE='tl.float32', ALLOW_TF32=True, BLOCK_K=32, BLOCK_M=128, BLOCK_N=64, EVEN_K=True, GROUP_M=8, USE_FAST_ACCUM=False, num_stages=4, num_warps=8
  triton_mm_804 4.2619 ms 66.2% ACC_TYPE='tl.float32', ALLOW_TF32=True, BLOCK_K=64, BLOCK_M=64, BLOCK_N=64, EVEN_K=True, GROUP_M=8, USE_FAST_ACCUM=False, num_stages=3, num_warps=8
SingleProcess AUTOTUNE benchmarking takes 0.9974 seconds and 0.0001 seconds precompiling for 16 choices
Autotune Choices Stats:
{"num_choices": 16, "num_triton_choices": 15, "best_kernel": "mm", "best_time": 0.7042239904403687, "best_triton_pos": 1, "best_triton_time": 0.7348480224609375, "best_triton_kernel": "triton_mm_871", "best_triton_kernel_desc": "ACC_TYPE='tl.float32', ALLOW_TF32=True, BLOCK_K=32, BLOCK_M=128, BLOCK_N=128, EVEN_K=True, GROUP_M=8, USE_FAST_ACCUM=False, num_stages=3, num_warps=4"}
AUTOTUNE mm(131072x2048, 2048x512)
strides: [2048, 1], [512, 1]
dtypes: torch.bfloat16, torch.bfloat16
  mm 0.7042 ms 100.0% 
  triton_mm_871 0.7348 ms 95.8% ACC_TYPE='tl.float32', ALLOW_TF32=True, BLOCK_K=32, BLOCK_M=128, BLOCK_N=128, EVEN_K=True, GROUP_M=8, USE_FAST_ACCUM=False, num_stages=3, num_warps=4
  triton_mm_872 0.7966 ms 88.4% ACC_TYPE='tl.float32', ALLOW_TF32=True, BLOCK_K=64, BLOCK_M=128, BLOCK_N=128, EVEN_K=True, GROUP_M=8, USE_FAST_ACCUM=False, num_stages=3, num_warps=4
  triton_mm_870 0.8059 ms 87.4% ACC_TYPE='tl.float32', ALLOW_TF32=True, BLOCK_K=32, BLOCK_M=128, BLOCK_N=128, EVEN_K=True, GROUP_M=8, USE_FAST_ACCUM=False, num_stages=2, num_warps=8
  triton_mm_865 0.8499 ms 82.9% ACC_TYPE='tl.float32', ALLOW_TF32=True, BLOCK_K=32, BLOCK_M=64, BLOCK_N=128, EVEN_K=True, GROUP_M=8, USE_FAST_ACCUM=False, num_stages=3, num_warps=4
  triton_mm_867 0.8571 ms 82.2% ACC_TYPE='tl.float32', ALLOW_TF32=True, BLOCK_K=64, BLOCK_M=64, BLOCK_N=128, EVEN_K=True, GROUP_M=8, USE_FAST_ACCUM=False, num_stages=3, num_warps=4
  triton_mm_868 0.8663 ms 81.3% ACC_TYPE='tl.float32', ALLOW_TF32=True, BLOCK_K=32, BLOCK_M=128, BLOCK_N=64, EVEN_K=True, GROUP_M=8, USE_FAST_ACCUM=False, num_stages=3, num_warps=4
  triton_mm_866 0.8682 ms 81.1% ACC_TYPE='tl.float32', ALLOW_TF32=True, BLOCK_K=32, BLOCK_M=64, BLOCK_N=128, EVEN_K=True, GROUP_M=8, USE_FAST_ACCUM=False, num_stages=4, num_warps=8
  triton_mm_869 0.8858 ms 79.5% ACC_TYPE='tl.float32', ALLOW_TF32=True, BLOCK_K=32, BLOCK_M=128, BLOCK_N=64, EVEN_K=True, GROUP_M=8, USE_FAST_ACCUM=False, num_stages=4, num_warps=8
  triton_mm_864 1.0916 ms 64.5% ACC_TYPE='tl.float32', ALLOW_TF32=True, BLOCK_K=64, BLOCK_M=64, BLOCK_N=64, EVEN_K=True, GROUP_M=8, USE_FAST_ACCUM=False, num_stages=3, num_warps=8
SingleProcess AUTOTUNE benchmarking takes 0.7038 seconds and 0.0002 seconds precompiling for 16 choices
Autotune Choices Stats:
{"num_choices": 16, "num_triton_choices": 15, "best_kernel": "triton_mm_901", "best_kernel_desc": "ACC_TYPE='tl.float32', ALLOW_TF32=True, BLOCK_K=32, BLOCK_M=128, BLOCK_N=128, EVEN_K=True, GROUP_M=8, USE_FAST_ACCUM=False, num_stages=3, num_warps=4", "best_time": 0.23343999683856964, "best_triton_pos": 0}
AUTOTUNE mm(131072x512, 512x512)
strides: [512, 1], [512, 1]
dtypes: torch.bfloat16, torch.bfloat16
  triton_mm_901 0.2334 ms 100.0% ACC_TYPE='tl.float32', ALLOW_TF32=True, BLOCK_K=32, BLOCK_M=128, BLOCK_N=128, EVEN_K=True, GROUP_M=8, USE_FAST_ACCUM=False, num_stages=3, num_warps=4
  mm 0.2355 ms 99.1% 
  triton_mm_895 0.2416 ms 96.6% ACC_TYPE='tl.float32', ALLOW_TF32=True, BLOCK_K=32, BLOCK_M=64, BLOCK_N=128, EVEN_K=True, GROUP_M=8, USE_FAST_ACCUM=False, num_stages=3, num_warps=4
  triton_mm_898 0.2468 ms 94.6% ACC_TYPE='tl.float32', ALLOW_TF32=True, BLOCK_K=32, BLOCK_M=128, BLOCK_N=64, EVEN_K=True, GROUP_M=8, USE_FAST_ACCUM=False, num_stages=3, num_warps=4
  triton_mm_896 0.2509 ms 93.0% ACC_TYPE='tl.float32', ALLOW_TF32=True, BLOCK_K=32, BLOCK_M=64, BLOCK_N=128, EVEN_K=True, GROUP_M=8, USE_FAST_ACCUM=False, num_stages=4, num_warps=8
  triton_mm_897 0.2538 ms 92.0% ACC_TYPE='tl.float32', ALLOW_TF32=True, BLOCK_K=64, BLOCK_M=64, BLOCK_N=128, EVEN_K=True, GROUP_M=8, USE_FAST_ACCUM=False, num_stages=3, num_warps=4
  triton_mm_899 0.2539 ms 91.9% ACC_TYPE='tl.float32', ALLOW_TF32=True, BLOCK_K=32, BLOCK_M=128, BLOCK_N=64, EVEN_K=True, GROUP_M=8, USE_FAST_ACCUM=False, num_stages=4, num_warps=8
  triton_mm_902 0.2601 ms 89.8% ACC_TYPE='tl.float32', ALLOW_TF32=True, BLOCK_K=64, BLOCK_M=128, BLOCK_N=128, EVEN_K=True, GROUP_M=8, USE_FAST_ACCUM=False, num_stages=3, num_warps=4
  triton_mm_900 0.2740 ms 85.2% ACC_TYPE='tl.float32', ALLOW_TF32=True, BLOCK_K=32, BLOCK_M=128, BLOCK_N=128, EVEN_K=True, GROUP_M=8, USE_FAST_ACCUM=False, num_stages=2, num_warps=8
  triton_mm_894 0.2969 ms 78.6% ACC_TYPE='tl.float32', ALLOW_TF32=True, BLOCK_K=64, BLOCK_M=64, BLOCK_N=64, EVEN_K=True, GROUP_M=8, USE_FAST_ACCUM=False, num_stages=3, num_warps=8
SingleProcess AUTOTUNE benchmarking takes 0.6955 seconds and 0.0001 seconds precompiling for 16 choices
Autotune Choices Stats:
{"num_choices": 15, "num_triton_choices": 14, "best_kernel": "triton_mm_919", "best_kernel_desc": "ACC_TYPE='tl.float32', ALLOW_TF32=True, BLOCK_K=16, BLOCK_M=64, BLOCK_N=32, EVEN_K=False, GROUP_M=8, USE_FAST_ACCUM=False, num_stages=2, num_warps=4", "best_time": 0.00774399982765317, "best_triton_pos": 0}
AUTOTUNE mm(131072x4, 4x32)
strides: [4, 1], [32, 1]
dtypes: torch.bfloat16, torch.bfloat16
  triton_mm_919 0.0077 ms 100.0% ACC_TYPE='tl.float32', ALLOW_TF32=True, BLOCK_K=16, BLOCK_M=64, BLOCK_N=32, EVEN_K=False, GROUP_M=8, USE_FAST_ACCUM=False, num_stages=2, num_warps=4
  triton_mm_914 0.0078 ms 99.6% ACC_TYPE='tl.float32', ALLOW_TF32=True, BLOCK_K=16, BLOCK_M=32, BLOCK_N=32, EVEN_K=False, GROUP_M=8, USE_FAST_ACCUM=False, num_stages=1, num_warps=2
  triton_mm_918 0.0078 ms 99.6% ACC_TYPE='tl.float32', ALLOW_TF32=True, BLOCK_K=16, BLOCK_M=64, BLOCK_N=32, EVEN_K=False, GROUP_M=8, USE_FAST_ACCUM=False, num_stages=5, num_warps=4
  triton_mm_924 0.0078 ms 99.6% ACC_TYPE='tl.float32', ALLOW_TF32=True, BLOCK_K=16, BLOCK_M=128, BLOCK_N=32, EVEN_K=False, GROUP_M=8, USE_FAST_ACCUM=False, num_stages=3, num_warps=4
  triton_mm_926 0.0078 ms 99.6% ACC_TYPE='tl.float32', ALLOW_TF32=True, BLOCK_K=16, BLOCK_M=128, BLOCK_N=32, EVEN_K=False, GROUP_M=8, USE_FAST_ACCUM=False, num_stages=2, num_warps=8
  triton_mm_923 0.0078 ms 99.2% ACC_TYPE='tl.float32', ALLOW_TF32=True, BLOCK_K=16, BLOCK_M=64, BLOCK_N=32, EVEN_K=False, GROUP_M=8, USE_FAST_ACCUM=False, num_stages=4, num_warps=4
  triton_mm_927 0.0078 ms 99.2% ACC_TYPE='tl.float32', ALLOW_TF32=True, BLOCK_K=16, BLOCK_M=128, BLOCK_N=32, EVEN_K=False, GROUP_M=8, USE_FAST_ACCUM=False, num_stages=5, num_warps=8
  triton_mm_915 0.0082 ms 94.9% ACC_TYPE='tl.float32', ALLOW_TF32=True, BLOCK_K=16, BLOCK_M=32, BLOCK_N=32, EVEN_K=False, GROUP_M=8, USE_FAST_ACCUM=False, num_stages=2, num_warps=4
  triton_mm_921 0.0082 ms 94.9% ACC_TYPE='tl.float32', ALLOW_TF32=True, BLOCK_K=16, BLOCK_M=64, BLOCK_N=32, EVEN_K=False, GROUP_M=8, USE_FAST_ACCUM=False, num_stages=3, num_warps=4
  triton_mm_925 0.0082 ms 94.9% ACC_TYPE='tl.float32', ALLOW_TF32=True, BLOCK_K=16, BLOCK_M=128, BLOCK_N=32, EVEN_K=False, GROUP_M=8, USE_FAST_ACCUM=False, num_stages=4, num_warps=8
SingleProcess AUTOTUNE benchmarking takes 0.3127 seconds and 0.0001 seconds precompiling for 15 choices
Vocab size: 8,192
Model config: {'sequence_len': 2048, 'vocab_size': 8192, 'n_layer': 8, 'n_head': 4, 'n_kv_head': 4, 'n_embd': 512, 'window_pattern': 'L'}
Parameter counts:
  wte                     : 4,194,304
  value_embeds            : 16,777,216
  lm_head                 : 4,194,304
  transformer_matrices    : 25,166,336
  scalars                 : 16
  total                   : 50,332,176
Estimated FLOPs per token: 2.768271e+08
Scaling AdamW LRs by 1/sqrt(512/768) = 1.224745
Time budget: 300s
Gradient accumulation steps: 1

step 00000 (0.0%) | loss: 9.011469 | lrm: 1.00 | dt: 121434ms | tok/sec: 1,079 | mfu: 0.0% | epoch: 1 | remaining: 300s    
step 00001 (0.0%) | loss: 8.982708 | lrm: 1.00 | dt: 148ms | tok/sec: 886,441 | mfu: 24.8% | epoch: 1 | remaining: 300s    
step 00002 (0.0%) | loss: 8.951112 | lrm: 1.00 | dt: 145ms | tok/sec: 902,429 | mfu: 25.2% | epoch: 1 | remaining: 300s    
step 00003 (0.0%) | loss: 8.924979 | lrm: 1.00 | dt: 145ms | tok/sec: 906,006 | mfu: 25.3% | epoch: 1 | remaining: 300s    
step 00004 (0.0%) | loss: 8.892985 | lrm: 1.00 | dt: 145ms | tok/sec: 906,096 | mfu: 25.3% | epoch: 1 | remaining: 300s    
step 00005 (0.0%) | loss: 8.861432 | lrm: 1.00 | dt: 145ms | tok/sec: 906,105 | mfu: 25.3% | epoch: 1 | remaining: 300s    
step 00006 (0.0%) | loss: 8.828497 | lrm: 1.00 | dt: 145ms | tok/sec: 905,755 | mfu: 25.3% | epoch: 1 | remaining: 300s    
step 00007 (0.0%) | loss: 8.792814 | lrm: 1.00 | dt: 145ms | tok/sec: 905,809 | mfu: 25.3% | epoch: 1 | remaining: 300s    
step 00008 (0.0%) | loss: 8.756369 | lrm: 1.00 | dt: 145ms | tok/sec: 905,581 | mfu: 25.3% | epoch: 1 | remaining: 300s    
step 00009 (0.0%) | loss: 8.718577 | lrm: 1.00 | dt: 145ms | tok/sec: 905,345 | mfu: 25.3% | epoch: 1 | remaining: 300s    
step 00010 (0.0%) | loss: 8.678216 | lrm: 1.00 | dt: 145ms | tok/sec: 905,682 | mfu: 25.3% | epoch: 1 | remaining: 300s    
step 00011 (0.0%) | loss: 8.635451 | lrm: 1.00 | dt: 145ms | tok/sec: 905,298 | mfu: 25.3% | epoch: 1 | remaining: 300s    
step 00012 (0.0%) | loss: 8.593296 | lrm: 1.00 | dt: 145ms | tok/sec: 905,038 | mfu: 25.3% | epoch: 1 | remaining: 300s    
step 00013 (0.1%) | loss: 8.550181 | lrm: 1.00 | dt: 145ms | tok/sec: 904,703 | mfu: 25.3% | epoch: 1 | remaining: 300s    
step 00014 (0.1%) | loss: 8.505591 | lrm: 1.00 | dt: 145ms | tok/sec: 904,456 | mfu: 25.3% | epoch: 1 | remaining: 299s    
step 00015 (0.2%) | loss: 8.461863 | lrm: 1.00 | dt: 145ms | tok/sec: 904,952 | mfu: 25.3% | epoch: 1 | remaining: 299s    
step 00016 (0.2%) | loss: 8.416500 | lrm: 1.00 | dt: 145ms | tok/sec: 904,489 | mfu: 25.3% | epoch: 1 | remaining: 299s    
step 00017 (0.3%) | loss: 8.368566 | lrm: 1.00 | dt: 145ms | tok/sec: 904,801 | mfu: 25.3% | epoch: 1 | remaining: 299s    
step 00018 (0.3%) | loss: 8.320230 | lrm: 1.00 | dt: 145ms | tok/sec: 904,992 | mfu: 25.3% | epoch: 1 | remaining: 299s    
step 00019 (0.4%) | loss: 8.272172 | lrm: 1.00 | dt: 145ms | tok/sec: 904,596 | mfu: 25.3% | epoch: 1 | remaining: 299s    
step 00020 (0.4%) | loss: 8.224938 | lrm: 1.00 | dt: 145ms | tok/sec: 904,702 | mfu: 25.3% | epoch: 1 | remaining: 299s    
step 00021 (0.5%) | loss: 8.176476 | lrm: 1.00 | dt: 145ms | tok/sec: 904,600 | mfu: 25.3% | epoch: 1 | remaining: 298s    
step 00022 (0.5%) | loss: 8.126467 | lrm: 1.00 | dt: 145ms | tok/sec: 904,599 | mfu: 25.3% | epoch: 1 | remaining: 298s    
step 00023 (0.6%) | loss: 8.075556 | lrm: 1.00 | dt: 145ms | tok/sec: 904,496 | mfu: 25.3% | epoch: 1 | remaining: 298s    
step 00024 (0.6%) | loss: 8.025765 | lrm: 1.00 | dt: 145ms | tok/sec: 904,380 | mfu: 25.3% | epoch: 1 | remaining: 298s    
step 00025 (0.7%) | loss: 7.971975 | lrm: 1.00 | dt: 145ms | tok/sec: 904,426 | mfu: 25.3% | epoch: 1 | remaining: 298s    
step 00026 (0.7%) | loss: 7.920234 | lrm: 1.00 | dt: 145ms | tok/sec: 903,321 | mfu: 25.3% | epoch: 1 | remaining: 298s    
step 00027 (0.8%) | loss: 7.870215 | lrm: 1.00 | dt: 145ms | tok/sec: 904,175 | mfu: 25.3% | epoch: 1 | remaining: 298s    
step 00028 (0.8%) | loss: 7.820009 | lrm: 1.00 | dt: 145ms | tok/sec: 904,211 | mfu: 25.3% | epoch: 1 | remaining: 297s    
step 00029 (0.9%) | loss: 7.767868 | lrm: 1.00 | dt: 145ms | tok/sec: 904,536 | mfu: 25.3% | epoch: 1 | remaining: 297s    
step 00030 (0.9%) | loss: 7.715087 | lrm: 1.00 | dt: 145ms | tok/sec: 904,733 | mfu: 25.3% | epoch: 1 | remaining: 297s    
step 00031 (1.0%) | loss: 7.662738 | lrm: 1.00 | dt: 145ms | tok/sec: 904,699 | mfu: 25.3% | epoch: 1 | remaining: 297s    
step 00032 (1.0%) | loss: 7.609501 | lrm: 1.00 | dt: 145ms | tok/sec: 904,383 | mfu: 25.3% | epoch: 1 | remaining: 297s    
step 00033 (1.1%) | loss: 7.559286 | lrm: 1.00 | dt: 145ms | tok/sec: 904,203 | mfu: 25.3% | epoch: 1 | remaining: 297s    
step 00034 (1.1%) | loss: 7.507252 | lrm: 1.00 | dt: 145ms | tok/sec: 904,172 | mfu: 25.3% | epoch: 1 | remaining: 297s    
step 00035 (1.2%) | loss: 7.455387 | lrm: 1.00 | dt: 145ms | tok/sec: 903,396 | mfu: 25.3% | epoch: 1 | remaining: 296s    
step 00036 (1.2%) | loss: 7.407042 | lrm: 1.00 | dt: 145ms | tok/sec: 903,153 | mfu: 25.3% | epoch: 1 | remaining: 296s    
step 00037 (1.3%) | loss: 7.354243 | lrm: 1.00 | dt: 145ms | tok/sec: 903,588 | mfu: 25.3% | epoch: 1 | remaining: 296s    
step 00038 (1.3%) | loss: 7.305060 | lrm: 1.00 | dt: 145ms | tok/sec: 904,322 | mfu: 25.3% | epoch: 1 | remaining: 296s    
step 00039 (1.4%) | loss: 7.254818 | lrm: 1.00 | dt: 145ms | tok/sec: 904,303 | mfu: 25.3% | epoch: 1 | remaining: 296s    
step 00040 (1.4%) | loss: 7.204774 | lrm: 1.00 | dt: 145ms | tok/sec: 903,826 | mfu: 25.3% | epoch: 1 | remaining: 296s    
step 00041 (1.4%) | loss: 7.155795 | lrm: 1.00 | dt: 145ms | tok/sec: 904,209 | mfu: 25.3% | epoch: 1 | remaining: 296s    
step 00042 (1.5%) | loss: 7.108437 | lrm: 1.00 | dt: 145ms | tok/sec: 904,062 | mfu: 25.3% | epoch: 1 | remaining: 295s    
step 00043 (1.5%) | loss: 7.058940 | lrm: 1.00 | dt: 145ms | tok/sec: 902,840 | mfu: 25.3% | epoch: 1 | remaining: 295s    
step 00044 (1.6%) | loss: 7.012695 | lrm: 1.00 | dt: 145ms | tok/sec: 903,696 | mfu: 25.3% | epoch: 1 | remaining: 295s    
step 00045 (1.6%) | loss: 6.969342 | lrm: 1.00 | dt: 145ms | tok/sec: 903,695 | mfu: 25.3% | epoch: 1 | remaining: 295s    
step 00046 (1.7%) | loss: 6.927009 | lrm: 1.00 | dt: 145ms | tok/sec: 903,315 | mfu: 25.3% | epoch: 1 | remaining: 295s    
step 00047 (1.7%) | loss: 6.882443 | lrm: 1.00 | dt: 145ms | tok/sec: 903,334 | mfu: 25.3% | epoch: 1 | remaining: 295s    
step 00048 (1.8%) | loss: 6.839359 | lrm: 1.00 | dt: 145ms | tok/sec: 904,093 | mfu: 25.3% | epoch: 1 | remaining: 294s    
step 00049 (1.8%) | loss: 6.797529 | lrm: 1.00 | dt: 145ms | tok/sec: 903,537 | mfu: 25.3% | epoch: 1 | remaining: 294s    
step 00050 (1.9%) | loss: 6.755118 | lrm: 1.00 | dt: 145ms | tok/sec: 903,808 | mfu: 25.3% | epoch: 1 | remaining: 294s    
step 00051 (1.9%) | loss: 6.710482 | lrm: 1.00 | dt: 145ms | tok/sec: 903,488 | mfu: 25.3% | epoch: 1 | remaining: 294s    
step 00052 (2.0%) | loss: 6.666607 | lrm: 1.00 | dt: 145ms | tok/sec: 903,621 | mfu: 25.3% | epoch: 1 | remaining: 294s    
step 00053 (2.0%) | loss: 6.627364 | lrm: 1.00 | dt: 145ms | tok/sec: 903,085 | mfu: 25.3% | epoch: 1 | remaining: 294s    
step 00054 (2.1%) | loss: 6.586956 | lrm: 1.00 | dt: 145ms | tok/sec: 903,422 | mfu: 25.3% | epoch: 1 | remaining: 294s    
step 00055 (2.1%) | loss: 6.546156 | lrm: 1.00 | dt: 145ms | tok/sec: 902,344 | mfu: 25.2% | epoch: 1 | remaining: 293s    
step 00056 (2.2%) | loss: 6.507084 | lrm: 1.00 | dt: 145ms | tok/sec: 903,232 | mfu: 25.3% | epoch: 1 | remaining: 293s    
step 00057 (2.2%) | loss: 6.472253 | lrm: 1.00 | dt: 148ms | tok/sec: 886,499 | mfu: 24.8% | epoch: 1 | remaining: 293s    
step 00058 (2.3%) | loss: 6.438691 | lrm: 1.00 | dt: 145ms | tok/sec: 903,425 | mfu: 25.3% | epoch: 1 | remaining: 293s    
step 00059 (2.3%) | loss: 6.399657 | lrm: 1.00 | dt: 145ms | tok/sec: 903,549 | mfu: 25.3% | epoch: 1 | remaining: 293s    
step 00060 (2.4%) | loss: 6.360874 | lrm: 1.00 | dt: 145ms | tok/sec: 903,281 | mfu: 25.3% | epoch: 1 | remaining: 293s    
step 00061 (2.4%) | loss: 6.319897 | lrm: 1.00 | dt: 145ms | tok/sec: 903,417 | mfu: 25.3% | epoch: 1 | remaining: 293s    
step 00062 (2.5%) | loss: 6.283569 | lrm: 1.00 | dt: 145ms | tok/sec: 903,580 | mfu: 25.3% | epoch: 1 | remaining: 292s    
step 00063 (2.5%) | loss: 6.250961 | lrm: 1.00 | dt: 145ms | tok/sec: 903,539 | mfu: 25.3% | epoch: 1 | remaining: 292s    
step 00064 (2.6%) | loss: 6.217441 | lrm: 1.00 | dt: 145ms | tok/sec: 903,603 | mfu: 25.3% | epoch: 1 | remaining: 292s    
step 00065 (2.6%) | loss: 6.183717 | lrm: 1.00 | dt: 145ms | tok/sec: 903,771 | mfu: 25.3% | epoch: 1 | remaining: 292s    
step 00066 (2.7%) | loss: 6.148571 | lrm: 1.00 | dt: 145ms | tok/sec: 902,767 | mfu: 25.3% | epoch: 1 | remaining: 292s    
step 00067 (2.7%) | loss: 6.117669 | lrm: 1.00 | dt: 145ms | tok/sec: 903,745 | mfu: 25.3% | epoch: 1 | remaining: 292s    
step 00068 (2.8%) | loss: 6.084305 | lrm: 1.00 | dt: 145ms | tok/sec: 903,554 | mfu: 25.3% | epoch: 1 | remaining: 292s    
step 00069 (2.8%) | loss: 6.048079 | lrm: 1.00 | dt: 145ms | tok/sec: 903,386 | mfu: 25.3% | epoch: 1 | remaining: 291s    
step 00070 (2.9%) | loss: 6.017323 | lrm: 1.00 | dt: 145ms | tok/sec: 903,419 | mfu: 25.3% | epoch: 1 | remaining: 291s    
step 00071 (2.9%) | loss: 5.981660 | lrm: 1.00 | dt: 145ms | tok/sec: 903,062 | mfu: 25.3% | epoch: 1 | remaining: 291s    
step 00072 (2.9%) | loss: 5.950794 | lrm: 1.00 | dt: 145ms | tok/sec: 903,429 | mfu: 25.3% | epoch: 1 | remaining: 291s    
step 00073 (3.0%) | loss: 5.917805 | lrm: 1.00 | dt: 145ms | tok/sec: 903,497 | mfu: 25.3% | epoch: 1 | remaining: 291s    
step 00074 (3.0%) | loss: 5.889113 | lrm: 1.00 | dt: 145ms | tok/sec: 903,379 | mfu: 25.3% | epoch: 1 | remaining: 291s    
step 00075 (3.1%) | loss: 5.857845 | lrm: 1.00 | dt: 145ms | tok/sec: 903,523 | mfu: 25.3% | epoch: 1 | remaining: 291s    
step 00076 (3.1%) | loss: 5.827430 | lrm: 1.00 | dt: 145ms | tok/sec: 903,542 | mfu: 25.3% | epoch: 1 | remaining: 290s    
step 00077 (3.2%) | loss: 5.794360 | lrm: 1.00 | dt: 145ms | tok/sec: 903,203 | mfu: 25.3% | epoch: 1 | remaining: 290s    
step 00078 (3.2%) | loss: 5.762476 | lrm: 1.00 | dt: 145ms | tok/sec: 902,887 | mfu: 25.3% | epoch: 1 | remaining: 290s    
step 00079 (3.3%) | loss: 5.733588 | lrm: 1.00 | dt: 145ms | tok/sec: 903,482 | mfu: 25.3% | epoch: 1 | remaining: 290s    
step 00080 (3.3%) | loss: 5.704209 | lrm: 1.00 | dt: 145ms | tok/sec: 903,637 | mfu: 25.3% | epoch: 1 | remaining: 290s    
step 00081 (3.4%) | loss: 5.676602 | lrm: 1.00 | dt: 145ms | tok/sec: 903,521 | mfu: 25.3% | epoch: 1 | remaining: 290s    
step 00082 (3.4%) | loss: 5.645063 | lrm: 1.00 | dt: 145ms | tok/sec: 903,539 | mfu: 25.3% | epoch: 1 | remaining: 290s    
step 00083 (3.5%) | loss: 5.614657 | lrm: 1.00 | dt: 145ms | tok/sec: 903,445 | mfu: 25.3% | epoch: 1 | remaining: 289s    
step 00084 (3.5%) | loss: 5.586259 | lrm: 1.00 | dt: 145ms | tok/sec: 903,325 | mfu: 25.3% | epoch: 1 | remaining: 289s    
step 00085 (3.6%) | loss: 5.562122 | lrm: 1.00 | dt: 145ms | tok/sec: 902,464 | mfu: 25.2% | epoch: 1 | remaining: 289s    
step 00086 (3.6%) | loss: 5.532029 | lrm: 1.00 | dt: 145ms | tok/sec: 901,445 | mfu: 25.2% | epoch: 1 | remaining: 289s    
step 00087 (3.7%) | loss: 5.500621 | lrm: 1.00 | dt: 145ms | tok/sec: 902,330 | mfu: 25.2% | epoch: 1 | remaining: 289s    
step 00088 (3.7%) | loss: 5.473080 | lrm: 1.00 | dt: 145ms | tok/sec: 902,557 | mfu: 25.3% | epoch: 1 | remaining: 289s    
step 00089 (3.8%) | loss: 5.444190 | lrm: 1.00 | dt: 145ms | tok/sec: 902,804 | mfu: 25.3% | epoch: 1 | remaining: 289s    
step 00090 (3.8%) | loss: 5.414605 | lrm: 1.00 | dt: 145ms | tok/sec: 903,196 | mfu: 25.3% | epoch: 1 | remaining: 288s    
step 00091 (3.9%) | loss: 5.389794 | lrm: 1.00 | dt: 145ms | tok/sec: 903,108 | mfu: 25.3% | epoch: 1 | remaining: 288s    
step 00092 (3.9%) | loss: 5.362523 | lrm: 1.00 | dt: 145ms | tok/sec: 902,987 | mfu: 25.3% | epoch: 1 | remaining: 288s    
step 00093 (4.0%) | loss: 5.332582 | lrm: 1.00 | dt: 145ms | tok/sec: 903,390 | mfu: 25.3% | epoch: 1 | remaining: 288s    
step 00094 (4.0%) | loss: 5.304802 | lrm: 1.00 | dt: 145ms | tok/sec: 902,926 | mfu: 25.3% | epoch: 1 | remaining: 288s    
step 00095 (4.1%) | loss: 5.272927 | lrm: 1.00 | dt: 145ms | tok/sec: 903,341 | mfu: 25.3% | epoch: 1 | remaining: 288s    
step 00096 (4.1%) | loss: 5.247003 | lrm: 1.00 | dt: 145ms | tok/sec: 902,751 | mfu: 25.3% | epoch: 1 | remaining: 288s    
step 00097 (4.2%) | loss: 5.217673 | lrm: 1.00 | dt: 145ms | tok/sec: 903,380 | mfu: 25.3% | epoch: 1 | remaining: 287s    
step 00098 (4.2%) | loss: 5.184263 | lrm: 1.00 | dt: 145ms | tok/sec: 902,935 | mfu: 25.3% | epoch: 1 | remaining: 287s    
step 00099 (4.3%) | loss: 5.156049 | lrm: 1.00 | dt: 145ms | tok/sec: 902,443 | mfu: 25.2% | epoch: 1 | remaining: 287s    
step 00100 (4.3%) | loss: 5.135475 | lrm: 1.00 | dt: 145ms | tok/sec: 903,058 | mfu: 25.3% | epoch: 1 | remaining: 287s    
step 00101 (4.4%) | loss: 5.112128 | lrm: 1.00 | dt: 145ms | tok/sec: 903,511 | mfu: 25.3% | epoch: 1 | remaining: 287s    
step 00102 (4.4%) | loss: 5.088222 | lrm: 1.00 | dt: 145ms | tok/sec: 903,341 | mfu: 25.3% | epoch: 1 | remaining: 287s    
step 00103 (4.4%) | loss: 5.061389 | lrm: 1.00 | dt: 145ms | tok/sec: 903,070 | mfu: 25.3% | epoch: 1 | remaining: 287s    
step 00104 (4.5%) | loss: 5.037137 | lrm: 1.00 | dt: 145ms | tok/sec: 902,790 | mfu: 25.3% | epoch: 1 | remaining: 286s    
step 00105 (4.5%) | loss: 5.014477 | lrm: 1.00 | dt: 145ms | tok/sec: 903,236 | mfu: 25.3% | epoch: 1 | remaining: 286s    
step 00106 (4.6%) | loss: 4.991433 | lrm: 1.00 | dt: 145ms | tok/sec: 902,919 | mfu: 25.3% | epoch: 1 | remaining: 286s    
step 00107 (4.6%) | loss: 4.967366 | lrm: 1.00 | dt: 145ms | tok/sec: 902,935 | mfu: 25.3% | epoch: 1 | remaining: 286s    
step 00108 (4.7%) | loss: 4.941114 | lrm: 1.00 | dt: 145ms | tok/sec: 903,252 | mfu: 25.3% | epoch: 1 | remaining: 286s    
step 00109 (4.7%) | loss: 4.916051 | lrm: 1.00 | dt: 145ms | tok/sec: 902,616 | mfu: 25.3% | epoch: 1 | remaining: 286s    
step 00110 (4.8%) | loss: 4.893329 | lrm: 1.00 | dt: 145ms | tok/sec: 903,227 | mfu: 25.3% | epoch: 1 | remaining: 285s    
step 00111 (4.8%) | loss: 4.875631 | lrm: 1.00 | dt: 145ms | tok/sec: 902,954 | mfu: 25.3% | epoch: 1 | remaining: 285s    
step 00112 (4.9%) | loss: 4.857729 | lrm: 1.00 | dt: 145ms | tok/sec: 903,240 | mfu: 25.3% | epoch: 1 | remaining: 285s    
step 00113 (4.9%) | loss: 4.839497 | lrm: 1.00 | dt: 145ms | tok/sec: 902,929 | mfu: 25.3% | epoch: 1 | remaining: 285s    
step 00114 (5.0%) | loss: 4.818277 | lrm: 1.00 | dt: 145ms | tok/sec: 903,479 | mfu: 25.3% | epoch: 1 | remaining: 285s    
step 00115 (5.0%) | loss: 4.801394 | lrm: 1.00 | dt: 145ms | tok/sec: 903,457 | mfu: 25.3% | epoch: 1 | remaining: 285s    
step 00116 (5.1%) | loss: 4.784542 | lrm: 1.00 | dt: 145ms | tok/sec: 903,248 | mfu: 25.3% | epoch: 1 | remaining: 285s    
step 00117 (5.1%) | loss: 4.762063 | lrm: 1.00 | dt: 145ms | tok/sec: 902,994 | mfu: 25.3% | epoch: 1 | remaining: 284s    
step 00118 (5.2%) | loss: 4.743791 | lrm: 1.00 | dt: 145ms | tok/sec: 902,625 | mfu: 25.3% | epoch: 1 | remaining: 284s    
step 00119 (5.2%) | loss: 4.724990 | lrm: 1.00 | dt: 145ms | tok/sec: 903,070 | mfu: 25.3% | epoch: 1 | remaining: 284s    
step 00120 (5.3%) | loss: 4.711697 | lrm: 1.00 | dt: 145ms | tok/sec: 903,190 | mfu: 25.3% | epoch: 1 | remaining: 284s    
step 00121 (5.3%) | loss: 4.691563 | lrm: 1.00 | dt: 145ms | tok/sec: 902,957 | mfu: 25.3% | epoch: 1 | remaining: 284s    
step 00122 (5.4%) | loss: 4.674248 | lrm: 1.00 | dt: 145ms | tok/sec: 902,834 | mfu: 25.3% | epoch: 1 | remaining: 284s    
step 00123 (5.4%) | loss: 4.652734 | lrm: 1.00 | dt: 145ms | tok/sec: 902,945 | mfu: 25.3% | epoch: 1 | remaining: 284s    
step 00124 (5.5%) | loss: 4.634361 | lrm: 1.00 | dt: 145ms | tok/sec: 903,169 | mfu: 25.3% | epoch: 1 | remaining: 283s    
step 00125 (5.5%) | loss: 4.615466 | lrm: 1.00 | dt: 145ms | tok/sec: 902,855 | mfu: 25.3% | epoch: 1 | remaining: 283s    
step 00126 (5.6%) | loss: 4.595371 | lrm: 1.00 | dt: 145ms | tok/sec: 900,853 | mfu: 25.2% | epoch: 1 | remaining: 283s    
step 00127 (5.6%) | loss: 4.580598 | lrm: 1.00 | dt: 145ms | tok/sec: 902,502 | mfu: 25.2% | epoch: 1 | remaining: 283s    
step 00128 (5.7%) | loss: 4.567713 | lrm: 1.00 | dt: 145ms | tok/sec: 902,589 | mfu: 25.3% | epoch: 1 | remaining: 283s    
step 00129 (5.7%) | loss: 4.547653 | lrm: 1.00 | dt: 145ms | tok/sec: 902,446 | mfu: 25.2% | epoch: 1 | remaining: 283s    
step 00130 (5.8%) | loss: 4.530692 | lrm: 1.00 | dt: 145ms | tok/sec: 902,232 | mfu: 25.2% | epoch: 1 | remaining: 283s    
step 00131 (5.8%) | loss: 4.509285 | lrm: 1.00 | dt: 145ms | tok/sec: 902,646 | mfu: 25.3% | epoch: 1 | remaining: 282s    
step 00132 (5.9%) | loss: 4.495740 | lrm: 1.00 | dt: 145ms | tok/sec: 902,209 | mfu: 25.2% | epoch: 1 | remaining: 282s    
step 00133 (5.9%) | loss: 4.482092 | lrm: 1.00 | dt: 145ms | tok/sec: 902,629 | mfu: 25.3% | epoch: 1 | remaining: 282s    
step 00134 (5.9%) | loss: 4.462756 | lrm: 1.00 | dt: 145ms | tok/sec: 902,791 | mfu: 25.3% | epoch: 1 | remaining: 282s    
step 00135 (6.0%) | loss: 4.452478 | lrm: 1.00 | dt: 145ms | tok/sec: 902,555 | mfu: 25.3% | epoch: 1 | remaining: 282s    
step 00136 (6.0%) | loss: 4.436367 | lrm: 1.00 | dt: 145ms | tok/sec: 902,637 | mfu: 25.3% | epoch: 1 | remaining: 282s    
step 00137 (6.1%) | loss: 4.420204 | lrm: 1.00 | dt: 145ms | tok/sec: 902,773 | mfu: 25.3% | epoch: 1 | remaining: 282s    
step 00138 (6.1%) | loss: 4.399459 | lrm: 1.00 | dt: 145ms | tok/sec: 903,061 | mfu: 25.3% | epoch: 1 | remaining: 281s    
step 00139 (6.2%) | loss: 4.385024 | lrm: 1.00 | dt: 145ms | tok/sec: 903,088 | mfu: 25.3% | epoch: 1 | remaining: 281s    
step 00140 (6.2%) | loss: 4.367210 | lrm: 1.00 | dt: 145ms | tok/sec: 902,613 | mfu: 25.3% | epoch: 1 | remaining: 281s    
step 00141 (6.3%) | loss: 4.353221 | lrm: 1.00 | dt: 145ms | tok/sec: 903,107 | mfu: 25.3% | epoch: 1 | remaining: 281s    
step 00142 (6.3%) | loss: 4.340950 | lrm: 1.00 | dt: 145ms | tok/sec: 903,226 | mfu: 25.3% | epoch: 1 | remaining: 281s    
step 00143 (6.4%) | loss: 4.328233 | lrm: 1.00 | dt: 145ms | tok/sec: 903,097 | mfu: 25.3% | epoch: 1 | remaining: 281s    
step 00144 (6.4%) | loss: 4.315914 | lrm: 1.00 | dt: 145ms | tok/sec: 903,338 | mfu: 25.3% | epoch: 1 | remaining: 281s    
step 00145 (6.5%) | loss: 4.304335 | lrm: 1.00 | dt: 145ms | tok/sec: 903,104 | mfu: 25.3% | epoch: 1 | remaining: 280s    
step 00146 (6.5%) | loss: 4.293480 | lrm: 1.00 | dt: 145ms | tok/sec: 902,758 | mfu: 25.3% | epoch: 1 | remaining: 280s    
step 00147 (6.6%) | loss: 4.277117 | lrm: 1.00 | dt: 145ms | tok/sec: 903,332 | mfu: 25.3% | epoch: 1 | remaining: 280s    
step 00148 (6.6%) | loss: 4.269410 | lrm: 1.00 | dt: 145ms | tok/sec: 903,031 | mfu: 25.3% | epoch: 1 | remaining: 280s    
step 00149 (6.7%) | loss: 4.256561 | lrm: 1.00 | dt: 145ms | tok/sec: 903,264 | mfu: 25.3% | epoch: 1 | remaining: 280s    
step 00150 (6.7%) | loss: 4.244372 | lrm: 1.00 | dt: 145ms | tok/sec: 902,299 | mfu: 25.2% | epoch: 1 | remaining: 280s    
step 00151 (6.8%) | loss: 4.233537 | lrm: 1.00 | dt: 145ms | tok/sec: 902,960 | mfu: 25.3% | epoch: 1 | remaining: 280s    
step 00152 (6.8%) | loss: 4.220913 | lrm: 1.00 | dt: 145ms | tok/sec: 903,040 | mfu: 25.3% | epoch: 1 | remaining: 279s    
step 00153 (6.9%) | loss: 4.211251 | lrm: 1.00 | dt: 145ms | tok/sec: 903,051 | mfu: 25.3% | epoch: 1 | remaining: 279s    
step 00154 (6.9%) | loss: 4.201040 | lrm: 1.00 | dt: 145ms | tok/sec: 902,819 | mfu: 25.3% | epoch: 1 | remaining: 279s    
step 00155 (7.0%) | loss: 4.192829 | lrm: 1.00 | dt: 145ms | tok/sec: 902,549 | mfu: 25.3% | epoch: 1 | remaining: 279s    
step 00156 (7.0%) | loss: 4.182930 | lrm: 1.00 | dt: 145ms | tok/sec: 902,926 | mfu: 25.3% | epoch: 1 | remaining: 279s    
step 00157 (7.1%) | loss: 4.178431 | lrm: 1.00 | dt: 145ms | tok/sec: 902,821 | mfu: 25.3% | epoch: 1 | remaining: 279s    
step 00158 (7.1%) | loss: 4.169614 | lrm: 1.00 | dt: 145ms | tok/sec: 902,923 | mfu: 25.3% | epoch: 1 | remaining: 279s    
step 00159 (7.2%) | loss: 4.161367 | lrm: 1.00 | dt: 145ms | tok/sec: 903,102 | mfu: 25.3% | epoch: 1 | remaining: 278s    
step 00160 (7.2%) | loss: 4.146134 | lrm: 1.00 | dt: 145ms | tok/sec: 902,822 | mfu: 25.3% | epoch: 1 | remaining: 278s    
step 00161 (7.3%) | loss: 4.132087 | lrm: 1.00 | dt: 145ms | tok/sec: 902,610 | mfu: 25.3% | epoch: 1 | remaining: 278s    
step 00162 (7.3%) | loss: 4.116026 | lrm: 1.00 | dt: 145ms | tok/sec: 902,976 | mfu: 25.3% | epoch: 1 | remaining: 278s    
step 00163 (7.4%) | loss: 4.106492 | lrm: 1.00 | dt: 145ms | tok/sec: 903,028 | mfu: 25.3% | epoch: 1 | remaining: 278s    
step 00164 (7.4%) | loss: 4.091868 | lrm: 1.00 | dt: 145ms | tok/sec: 902,933 | mfu: 25.3% | epoch: 1 | remaining: 278s    
step 00165 (7.4%) | loss: 4.077591 | lrm: 1.00 | dt: 145ms | tok/sec: 903,196 | mfu: 25.3% | epoch: 1 | remaining: 278s    
step 00166 (7.5%) | loss: 4.065365 | lrm: 1.00 | dt: 145ms | tok/sec: 903,235 | mfu: 25.3% | epoch: 1 | remaining: 277s    
step 00167 (7.5%) | loss: 4.058113 | lrm: 1.00 | dt: 145ms | tok/sec: 903,258 | mfu: 25.3% | epoch: 1 | remaining: 277s    
step 00168 (7.6%) | loss: 4.057166 | lrm: 1.00 | dt: 145ms | tok/sec: 902,701 | mfu: 25.3% | epoch: 1 | remaining: 277s    
step 00169 (7.6%) | loss: 4.042663 | lrm: 1.00 | dt: 145ms | tok/sec: 902,991 | mfu: 25.3% | epoch: 1 | remaining: 277s    
step 00170 (7.7%) | loss: 4.033214 | lrm: 1.00 | dt: 146ms | tok/sec: 899,431 | mfu: 25.2% | epoch: 1 | remaining: 277s    
step 00171 (7.7%) | loss: 4.028059 | lrm: 1.00 | dt: 145ms | tok/sec: 902,806 | mfu: 25.3% | epoch: 1 | remaining: 277s    
step 00172 (7.8%) | loss: 4.018578 | lrm: 1.00 | dt: 145ms | tok/sec: 902,910 | mfu: 25.3% | epoch: 1 | remaining: 276s    
step 00173 (7.8%) | loss: 4.014503 | lrm: 1.00 | dt: 145ms | tok/sec: 903,012 | mfu: 25.3% | epoch: 1 | remaining: 276s    
step 00174 (7.9%) | loss: 4.002667 | lrm: 1.00 | dt: 145ms | tok/sec: 902,750 | mfu: 25.3% | epoch: 1 | remaining: 276s    
step 00175 (7.9%) | loss: 4.000554 | lrm: 1.00 | dt: 145ms | tok/sec: 902,392 | mfu: 25.2% | epoch: 1 | remaining: 276s    
step 00176 (8.0%) | loss: 3.996863 | lrm: 1.00 | dt: 146ms | tok/sec: 899,898 | mfu: 25.2% | epoch: 1 | remaining: 276s    
step 00177 (8.0%) | loss: 3.976750 | lrm: 1.00 | dt: 145ms | tok/sec: 902,754 | mfu: 25.3% | epoch: 1 | remaining: 276s    
step 00178 (8.1%) | loss: 3.973376 | lrm: 1.00 | dt: 145ms | tok/sec: 902,421 | mfu: 25.2% | epoch: 1 | remaining: 276s    
step 00179 (8.1%) | loss: 3.964568 | lrm: 1.00 | dt: 145ms | tok/sec: 902,669 | mfu: 25.3% | epoch: 1 | remaining: 275s    
step 00180 (8.2%) | loss: 3.954689 | lrm: 1.00 | dt: 145ms | tok/sec: 903,067 | mfu: 25.3% | epoch: 1 | remaining: 275s    
step 00181 (8.2%) | loss: 3.948092 | lrm: 1.00 | dt: 145ms | tok/sec: 903,123 | mfu: 25.3% | epoch: 1 | remaining: 275s    
step 00182 (8.3%) | loss: 3.939368 | lrm: 1.00 | dt: 145ms | tok/sec: 903,379 | mfu: 25.3% | epoch: 1 | remaining: 275s    
step 00183 (8.3%) | loss: 3.939037 | lrm: 1.00 | dt: 145ms | tok/sec: 902,677 | mfu: 25.3% | epoch: 1 | remaining: 275s    
step 00184 (8.4%) | loss: 3.927501 | lrm: 1.00 | dt: 145ms | tok/sec: 903,049 | mfu: 25.3% | epoch: 1 | remaining: 275s    
step 00185 (8.4%) | loss: 3.917776 | lrm: 1.00 | dt: 145ms | tok/sec: 903,396 | mfu: 25.3% | epoch: 1 | remaining: 275s    
step 00186 (8.5%) | loss: 3.914898 | lrm: 1.00 | dt: 145ms | tok/sec: 903,120 | mfu: 25.3% | epoch: 1 | remaining: 274s    
step 00187 (8.5%) | loss: 3.907049 | lrm: 1.00 | dt: 145ms | tok/sec: 903,071 | mfu: 25.3% | epoch: 1 | remaining: 274s    
step 00188 (8.6%) | loss: 3.895384 | lrm: 1.00 | dt: 145ms | tok/sec: 903,288 | mfu: 25.3% | epoch: 1 | remaining: 274s    
step 00189 (8.6%) | loss: 3.891102 | lrm: 1.00 | dt: 145ms | tok/sec: 903,211 | mfu: 25.3% | epoch: 1 | remaining: 274s    
step 00190 (8.7%) | loss: 3.875148 | lrm: 1.00 | dt: 145ms | tok/sec: 902,920 | mfu: 25.3% | epoch: 1 | remaining: 274s    
step 00191 (8.7%) | loss: 3.861434 | lrm: 1.00 | dt: 145ms | tok/sec: 902,856 | mfu: 25.3% | epoch: 1 | remaining: 274s    
step 00192 (8.8%) | loss: 3.856072 | lrm: 1.00 | dt: 145ms | tok/sec: 902,987 | mfu: 25.3% | epoch: 1 | remaining: 274s    
step 00193 (8.8%) | loss: 3.845836 | lrm: 1.00 | dt: 145ms | tok/sec: 902,930 | mfu: 25.3% | epoch: 1 | remaining: 273s    
step 00194 (8.9%) | loss: 3.843188 | lrm: 1.00 | dt: 145ms | tok/sec: 903,116 | mfu: 25.3% | epoch: 1 | remaining: 273s    
step 00195 (8.9%) | loss: 3.845340 | lrm: 1.00 | dt: 145ms | tok/sec: 902,913 | mfu: 25.3% | epoch: 1 | remaining: 273s    
step 00196 (8.9%) | loss: 3.845332 | lrm: 1.00 | dt: 145ms | tok/sec: 902,994 | mfu: 25.3% | epoch: 1 | remaining: 273s    
step 00197 (9.0%) | loss: 3.840185 | lrm: 1.00 | dt: 145ms | tok/sec: 902,831 | mfu: 25.3% | epoch: 1 | remaining: 273s    
step 00198 (9.0%) | loss: 3.838756 | lrm: 1.00 | dt: 145ms | tok/sec: 902,846 | mfu: 25.3% | epoch: 1 | remaining: 273s    
step 00199 (9.1%) | loss: 3.828211 | lrm: 1.00 | dt: 145ms | tok/sec: 903,148 | mfu: 25.3% | epoch: 1 | remaining: 273s    
step 00200 (9.1%) | loss: 3.820736 | lrm: 1.00 | dt: 145ms | tok/sec: 902,551 | mfu: 25.3% | epoch: 1 | remaining: 272s    
step 00201 (9.2%) | loss: 3.816944 | lrm: 1.00 | dt: 145ms | tok/sec: 902,963 | mfu: 25.3% | epoch: 1 | remaining: 272s    
step 00202 (9.2%) | loss: 3.807193 | lrm: 1.00 | dt: 145ms | tok/sec: 903,070 | mfu: 25.3% | epoch: 1 | remaining: 272s    
step 00203 (9.3%) | loss: 3.804318 | lrm: 1.00 | dt: 145ms | tok/sec: 902,991 | mfu: 25.3% | epoch: 1 | remaining: 272s    
step 00204 (9.3%) | loss: 3.795872 | lrm: 1.00 | dt: 145ms | tok/sec: 902,770 | mfu: 25.3% | epoch: 1 | remaining: 272s    
step 00205 (9.4%) | loss: 3.793203 | lrm: 1.00 | dt: 145ms | tok/sec: 903,282 | mfu: 25.3% | epoch: 1 | remaining: 272s    
step 00206 (9.4%) | loss: 3.788572 | lrm: 1.00 | dt: 145ms | tok/sec: 903,245 | mfu: 25.3% | epoch: 1 | remaining: 272s    
step 00207 (9.5%) | loss: 3.786463 | lrm: 1.00 | dt: 145ms | tok/sec: 902,957 | mfu: 25.3% | epoch: 1 | remaining: 271s    
step 00208 (9.5%) | loss: 3.782897 | lrm: 1.00 | dt: 145ms | tok/sec: 902,902 | mfu: 25.3% | epoch: 1 | remaining: 271s    
step 00209 (9.6%) | loss: 3.776192 | lrm: 1.00 | dt: 145ms | tok/sec: 902,950 | mfu: 25.3% | epoch: 1 | remaining: 271s    
step 00210 (9.6%) | loss: 3.766682 | lrm: 1.00 | dt: 145ms | tok/sec: 902,847 | mfu: 25.3% | epoch: 1 | remaining: 271s    
step 00211 (9.7%) | loss: 3.765042 | lrm: 1.00 | dt: 145ms | tok/sec: 902,947 | mfu: 25.3% | epoch: 1 | remaining: 271s    
step 00212 (9.7%) | loss: 3.759713 | lrm: 1.00 | dt: 145ms | tok/sec: 902,947 | mfu: 25.3% | epoch: 1 | remaining: 271s    
step 00213 (9.8%) | loss: 3.756095 | lrm: 1.00 | dt: 145ms | tok/sec: 902,929 | mfu: 25.3% | epoch: 1 | remaining: 271s    
step 00214 (9.8%) | loss: 3.754612 | lrm: 1.00 | dt: 145ms | tok/sec: 903,024 | mfu: 25.3% | epoch: 1 | remaining: 270s    
step 00215 (9.9%) | loss: 3.751918 | lrm: 1.00 | dt: 145ms | tok/sec: 903,101 | mfu: 25.3% | epoch: 1 | remaining: 270s    
step 00216 (9.9%) | loss: 3.748763 | lrm: 1.00 | dt: 145ms | tok/sec: 903,094 | mfu: 25.3% | epoch: 1 | remaining: 270s    
step 00217 (10.0%) | loss: 3.749893 | lrm: 1.00 | dt: 145ms | tok/sec: 902,723 | mfu: 25.3% | epoch: 1 | remaining: 270s    
step 00218 (10.0%) | loss: 3.745262 | lrm: 1.00 | dt: 145ms | tok/sec: 903,108 | mfu: 25.3% | epoch: 1 | remaining: 270s    
step 00219 (10.1%) | loss: 3.747030 | lrm: 1.00 | dt: 145ms | tok/sec: 903,172 | mfu: 25.3% | epoch: 1 | remaining: 270s    
step 00220 (10.1%) | loss: 3.748536 | lrm: 1.00 | dt: 145ms | tok/sec: 903,039 | mfu: 25.3% | epoch: 1 | remaining: 270s    
step 00221 (10.2%) | loss: 3.744866 | lrm: 1.00 | dt: 145ms | tok/sec: 902,978 | mfu: 25.3% | epoch: 1 | remaining: 269s    
step 00222 (10.2%) | loss: 3.742196 | lrm: 1.00 | dt: 145ms | tok/sec: 903,174 | mfu: 25.3% | epoch: 1 | remaining: 269s    
step 00223 (10.3%) | loss: 3.733871 | lrm: 1.00 | dt: 145ms | tok/sec: 903,165 | mfu: 25.3% | epoch: 1 | remaining: 269s    
step 00224 (10.3%) | loss: 3.731534 | lrm: 1.00 | dt: 145ms | tok/sec: 902,975 | mfu: 25.3% | epoch: 1 | remaining: 269s    
step 00225 (10.4%) | loss: 3.719667 | lrm: 1.00 | dt: 145ms | tok/sec: 902,856 | mfu: 25.3% | epoch: 1 | remaining: 269s    
step 00226 (10.4%) | loss: 3.721572 | lrm: 1.00 | dt: 145ms | tok/sec: 903,028 | mfu: 25.3% | epoch: 1 | remaining: 269s    
step 00227 (10.4%) | loss: 3.722322 | lrm: 1.00 | dt: 145ms | tok/sec: 903,186 | mfu: 25.3% | epoch: 1 | remaining: 269s    
step 00228 (10.5%) | loss: 3.716278 | lrm: 1.00 | dt: 145ms | tok/sec: 903,338 | mfu: 25.3% | epoch: 1 | remaining: 268s    
step 00229 (10.5%) | loss: 3.713919 | lrm: 1.00 | dt: 145ms | tok/sec: 903,150 | mfu: 25.3% | epoch: 1 | remaining: 268s    
step 00230 (10.6%) | loss: 3.711155 | lrm: 1.00 | dt: 145ms | tok/sec: 903,013 | mfu: 25.3% | epoch: 1 | remaining: 268s    
step 00231 (10.6%) | loss: 3.707457 | lrm: 1.00 | dt: 145ms | tok/sec: 902,973 | mfu: 25.3% | epoch: 1 | remaining: 268s    
step 00232 (10.7%) | loss: 3.702593 | lrm: 1.00 | dt: 145ms | tok/sec: 902,435 | mfu: 25.2% | epoch: 1 | remaining: 268s    
step 00233 (10.7%) | loss: 3.695828 | lrm: 1.00 | dt: 145ms | tok/sec: 902,803 | mfu: 25.3% | epoch: 1 | remaining: 268s    
step 00234 (10.8%) | loss: 3.690886 | lrm: 1.00 | dt: 145ms | tok/sec: 902,637 | mfu: 25.3% | epoch: 1 | remaining: 267s    
step 00235 (10.8%) | loss: 3.684883 | lrm: 1.00 | dt: 145ms | tok/sec: 902,972 | mfu: 25.3% | epoch: 1 | remaining: 267s    
step 00236 (10.9%) | loss: 3.683489 | lrm: 1.00 | dt: 145ms | tok/sec: 902,907 | mfu: 25.3% | epoch: 1 | remaining: 267s    
step 00237 (10.9%) | loss: 3.682022 | lrm: 1.00 | dt: 145ms | tok/sec: 902,790 | mfu: 25.3% | epoch: 1 | remaining: 267s    
step 00238 (11.0%) | loss: 3.683376 | lrm: 1.00 | dt: 145ms | tok/sec: 902,822 | mfu: 25.3% | epoch: 1 | remaining: 267s    
step 00239 (11.0%) | loss: 3.682699 | lrm: 1.00 | dt: 145ms | tok/sec: 902,852 | mfu: 25.3% | epoch: 1 | remaining: 267s    
step 00240 (11.1%) | loss: 3.676098 | lrm: 1.00 | dt: 145ms | tok/sec: 902,347 | mfu: 25.2% | epoch: 1 | remaining: 267s    
step 00241 (11.1%) | loss: 3.672080 | lrm: 1.00 | dt: 145ms | tok/sec: 902,947 | mfu: 25.3% | epoch: 1 | remaining: 266s    
step 00242 (11.2%) | loss: 3.669440 | lrm: 1.00 | dt: 145ms | tok/sec: 902,625 | mfu: 25.3% | epoch: 1 | remaining: 266s    
step 00243 (11.2%) | loss: 3.668411 | lrm: 1.00 | dt: 145ms | tok/sec: 902,968 | mfu: 25.3% | epoch: 1 | remaining: 266s    
step 00244 (11.3%) | loss: 3.662792 | lrm: 1.00 | dt: 145ms | tok/sec: 902,658 | mfu: 25.3% | epoch: 1 | remaining: 266s    
step 00245 (11.3%) | loss: 3.661894 | lrm: 1.00 | dt: 145ms | tok/sec: 902,641 | mfu: 25.3% | epoch: 1 | remaining: 266s    
step 00246 (11.4%) | loss: 3.660555 | lrm: 1.00 | dt: 145ms | tok/sec: 902,548 | mfu: 25.3% | epoch: 1 | remaining: 266s    
step 00247 (11.4%) | loss: 3.652179 | lrm: 1.00 | dt: 145ms | tok/sec: 902,274 | mfu: 25.2% | epoch: 1 | remaining: 266s    
step 00248 (11.5%) | loss: 3.653565 | lrm: 1.00 | dt: 145ms | tok/sec: 902,806 | mfu: 25.3% | epoch: 1 | remaining: 265s    
step 00249 (11.5%) | loss: 3.653937 | lrm: 1.00 | dt: 145ms | tok/sec: 903,019 | mfu: 25.3% | epoch: 1 | remaining: 265s    
step 00250 (11.6%) | loss: 3.650492 | lrm: 1.00 | dt: 145ms | tok/sec: 902,458 | mfu: 25.2% | epoch: 1 | remaining: 265s    
step 00251 (11.6%) | loss: 3.652408 | lrm: 1.00 | dt: 145ms | tok/sec: 902,745 | mfu: 25.3% | epoch: 1 | remaining: 265s    
step 00252 (11.7%) | loss: 3.645099 | lrm: 1.00 | dt: 145ms | tok/sec: 902,991 | mfu: 25.3% | epoch: 1 | remaining: 265s    
step 00253 (11.7%) | loss: 3.643962 | lrm: 1.00 | dt: 145ms | tok/sec: 902,936 | mfu: 25.3% | epoch: 1 | remaining: 265s    
step 00254 (11.8%) | loss: 3.638828 | lrm: 1.00 | dt: 145ms | tok/sec: 902,804 | mfu: 25.3% | epoch: 1 | remaining: 265s    
step 00255 (11.8%) | loss: 3.642276 | lrm: 1.00 | dt: 145ms | tok/sec: 902,695 | mfu: 25.3% | epoch: 1 | remaining: 264s    
step 00256 (11.9%) | loss: 3.636912 | lrm: 1.00 | dt: 145ms | tok/sec: 902,847 | mfu: 25.3% | epoch: 1 | remaining: 264s    
step 00257 (11.9%) | loss: 3.628608 | lrm: 1.00 | dt: 145ms | tok/sec: 902,744 | mfu: 25.3% | epoch: 1 | remaining: 264s    
step 00258 (11.9%) | loss: 3.619749 | lrm: 1.00 | dt: 145ms | tok/sec: 903,196 | mfu: 25.3% | epoch: 1 | remaining: 264s    
step 00259 (12.0%) | loss: 3.624832 | lrm: 1.00 | dt: 145ms | tok/sec: 902,916 | mfu: 25.3% | epoch: 1 | remaining: 264s    
step 00260 (12.0%) | loss: 3.623016 | lrm: 1.00 | dt: 145ms | tok/sec: 903,019 | mfu: 25.3% | epoch: 1 | remaining: 264s    
step 00261 (12.1%) | loss: 3.617354 | lrm: 1.00 | dt: 145ms | tok/sec: 903,177 | mfu: 25.3% | epoch: 1 | remaining: 264s    
step 00262 (12.1%) | loss: 3.612891 | lrm: 1.00 | dt: 145ms | tok/sec: 903,092 | mfu: 25.3% | epoch: 1 | remaining: 263s    
step 00263 (12.2%) | loss: 3.603277 | lrm: 1.00 | dt: 145ms | tok/sec: 902,729 | mfu: 25.3% | epoch: 1 | remaining: 263s    
step 00264 (12.2%) | loss: 3.603004 | lrm: 1.00 | dt: 145ms | tok/sec: 903,327 | mfu: 25.3% | epoch: 1 | remaining: 263s    
step 00265 (12.3%) | loss: 3.604274 | lrm: 1.00 | dt: 145ms | tok/sec: 902,969 | mfu: 25.3% | epoch: 1 | remaining: 263s    
step 00266 (12.3%) | loss: 3.608959 | lrm: 1.00 | dt: 145ms | tok/sec: 902,898 | mfu: 25.3% | epoch: 1 | remaining: 263s    
step 00267 (12.4%) | loss: 3.602955 | lrm: 1.00 | dt: 145ms | tok/sec: 902,950 | mfu: 25.3% | epoch: 1 | remaining: 263s    
step 00268 (12.4%) | loss: 3.608530 | lrm: 1.00 | dt: 145ms | tok/sec: 903,082 | mfu: 25.3% | epoch: 1 | remaining: 263s    
step 00269 (12.5%) | loss: 3.604743 | lrm: 1.00 | dt: 145ms | tok/sec: 903,100 | mfu: 25.3% | epoch: 1 | remaining: 262s    
step 00270 (12.5%) | loss: 3.601827 | lrm: 1.00 | dt: 145ms | tok/sec: 902,766 | mfu: 25.3% | epoch: 1 | remaining: 262s    
step 00271 (12.6%) | loss: 3.603103 | lrm: 1.00 | dt: 145ms | tok/sec: 903,083 | mfu: 25.3% | epoch: 1 | remaining: 262s    
step 00272 (12.6%) | loss: 3.600018 | lrm: 1.00 | dt: 145ms | tok/sec: 902,524 | mfu: 25.2% | epoch: 1 | remaining: 262s    
step 00273 (12.7%) | loss: 3.601121 | lrm: 1.00 | dt: 145ms | tok/sec: 902,712 | mfu: 25.3% | epoch: 1 | remaining: 262s    
step 00274 (12.7%) | loss: 3.602421 | lrm: 1.00 | dt: 145ms | tok/sec: 902,965 | mfu: 25.3% | epoch: 1 | remaining: 262s    
step 00275 (12.8%) | loss: 3.599895 | lrm: 1.00 | dt: 145ms | tok/sec: 902,730 | mfu: 25.3% | epoch: 1 | remaining: 262s    
step 00276 (12.8%) | loss: 3.600092 | lrm: 1.00 | dt: 145ms | tok/sec: 902,661 | mfu: 25.3% | epoch: 1 | remaining: 261s    
step 00277 (12.9%) | loss: 3.597879 | lrm: 1.00 | dt: 145ms | tok/sec: 902,910 | mfu: 25.3% | epoch: 1 | remaining: 261s    
step 00278 (12.9%) | loss: 3.593555 | lrm: 1.00 | dt: 145ms | tok/sec: 902,919 | mfu: 25.3% | epoch: 1 | remaining: 261s    
step 00279 (13.0%) | loss: 3.597925 | lrm: 1.00 | dt: 145ms | tok/sec: 902,911 | mfu: 25.3% | epoch: 1 | remaining: 261s    
step 00280 (13.0%) | loss: 3.593954 | lrm: 1.00 | dt: 145ms | tok/sec: 902,604 | mfu: 25.3% | epoch: 1 | remaining: 261s    
step 00281 (13.1%) | loss: 3.588816 | lrm: 1.00 | dt: 145ms | tok/sec: 903,150 | mfu: 25.3% | epoch: 1 | remaining: 261s    
step 00282 (13.1%) | loss: 3.585973 | lrm: 1.00 | dt: 145ms | tok/sec: 903,073 | mfu: 25.3% | epoch: 1 | remaining: 261s    
step 00283 (13.2%) | loss: 3.582714 | lrm: 1.00 | dt: 145ms | tok/sec: 902,836 | mfu: 25.3% | epoch: 1 | remaining: 260s    
step 00284 (13.2%) | loss: 3.574101 | lrm: 1.00 | dt: 145ms | tok/sec: 902,920 | mfu: 25.3% | epoch: 1 | remaining: 260s    
step 00285 (13.3%) | loss: 3.573352 | lrm: 1.00 | dt: 145ms | tok/sec: 902,726 | mfu: 25.3% | epoch: 1 | remaining: 260s    
step 00286 (13.3%) | loss: 3.583551 | lrm: 1.00 | dt: 145ms | tok/sec: 902,455 | mfu: 25.2% | epoch: 1 | remaining: 260s    
step 00287 (13.4%) | loss: 3.578883 | lrm: 1.00 | dt: 145ms | tok/sec: 903,104 | mfu: 25.3% | epoch: 1 | remaining: 260s    
step 00288 (13.4%) | loss: 3.564977 | lrm: 1.00 | dt: 145ms | tok/sec: 902,957 | mfu: 25.3% | epoch: 1 | remaining: 260s    
step 00289 (13.4%) | loss: 3.561038 | lrm: 1.00 | dt: 145ms | tok/sec: 902,619 | mfu: 25.3% | epoch: 1 | remaining: 260s    
step 00290 (13.5%) | loss: 3.557186 | lrm: 1.00 | dt: 145ms | tok/sec: 901,380 | mfu: 25.2% | epoch: 1 | remaining: 259s    
step 00291 (13.5%) | loss: 3.556462 | lrm: 1.00 | dt: 145ms | tok/sec: 902,483 | mfu: 25.2% | epoch: 1 | remaining: 259s    
step 00292 (13.6%) | loss: 3.561393 | lrm: 1.00 | dt: 145ms | tok/sec: 902,988 | mfu: 25.3% | epoch: 1 | remaining: 259s    
step 00293 (13.6%) | loss: 3.563798 | lrm: 1.00 | dt: 145ms | tok/sec: 902,672 | mfu: 25.3% | epoch: 1 | remaining: 259s    
step 00294 (13.7%) | loss: 3.552482 | lrm: 1.00 | dt: 145ms | tok/sec: 902,861 | mfu: 25.3% | epoch: 1 | remaining: 259s    
step 00295 (13.7%) | loss: 3.549564 | lrm: 1.00 | dt: 145ms | tok/sec: 902,684 | mfu: 25.3% | epoch: 1 | remaining: 259s    
step 00296 (13.8%) | loss: 3.549965 | lrm: 1.00 | dt: 145ms | tok/sec: 902,351 | mfu: 25.2% | epoch: 1 | remaining: 258s    
step 00297 (13.8%) | loss: 3.552255 | lrm: 1.00 | dt: 145ms | tok/sec: 902,947 | mfu: 25.3% | epoch: 1 | remaining: 258s    
step 00298 (13.9%) | loss: 3.546731 | lrm: 1.00 | dt: 145ms | tok/sec: 903,227 | mfu: 25.3% | epoch: 1 | remaining: 258s    
step 00299 (13.9%) | loss: 3.544237 | lrm: 1.00 | dt: 145ms | tok/sec: 902,689 | mfu: 25.3% | epoch: 1 | remaining: 258s    
step 00300 (14.0%) | loss: 3.541258 | lrm: 1.00 | dt: 145ms | tok/sec: 901,599 | mfu: 25.2% | epoch: 1 | remaining: 258s    
step 00301 (14.0%) | loss: 3.541014 | lrm: 1.00 | dt: 145ms | tok/sec: 902,601 | mfu: 25.3% | epoch: 1 | remaining: 258s    
step 00302 (14.1%) | loss: 3.542187 | lrm: 1.00 | dt: 145ms | tok/sec: 902,669 | mfu: 25.3% | epoch: 1 | remaining: 258s    
step 00303 (14.1%) | loss: 3.541845 | lrm: 1.00 | dt: 145ms | tok/sec: 902,742 | mfu: 25.3% | epoch: 1 | remaining: 257s    
step 00304 (14.2%) | loss: 3.542957 | lrm: 1.00 | dt: 145ms | tok/sec: 902,850 | mfu: 25.3% | epoch: 1 | remaining: 257s    
step 00305 (14.2%) | loss: 3.538802 | lrm: 1.00 | dt: 145ms | tok/sec: 902,227 | mfu: 25.2% | epoch: 1 | remaining: 257s    
step 00306 (14.3%) | loss: 3.541534 | lrm: 1.00 | dt: 145ms | tok/sec: 901,956 | mfu: 25.2% | epoch: 1 | remaining: 257s    
step 00307 (14.3%) | loss: 3.538924 | lrm: 1.00 | dt: 145ms | tok/sec: 902,222 | mfu: 25.2% | epoch: 1 | remaining: 257s    
step 00308 (14.4%) | loss: 3.536518 | lrm: 1.00 | dt: 145ms | tok/sec: 902,468 | mfu: 25.2% | epoch: 1 | remaining: 257s    
step 00309 (14.4%) | loss: 3.540964 | lrm: 1.00 | dt: 145ms | tok/sec: 902,564 | mfu: 25.3% | epoch: 1 | remaining: 257s    
step 00310 (14.5%) | loss: 3.544315 | lrm: 1.00 | dt: 145ms | tok/sec: 902,790 | mfu: 25.3% | epoch: 1 | remaining: 256s    
step 00311 (14.5%) | loss: 3.546375 | lrm: 1.00 | dt: 145ms | tok/sec: 902,603 | mfu: 25.3% | epoch: 1 | remaining: 256s    
step 00312 (14.6%) | loss: 3.544284 | lrm: 1.00 | dt: 145ms | tok/sec: 902,994 | mfu: 25.3% | epoch: 1 | remaining: 256s    
step 00313 (14.6%) | loss: 3.550521 | lrm: 1.00 | dt: 145ms | tok/sec: 902,939 | mfu: 25.3% | epoch: 1 | remaining: 256s    
step 00314 (14.7%) | loss: 3.543004 | lrm: 1.00 | dt: 145ms | tok/sec: 901,855 | mfu: 25.2% | epoch: 1 | remaining: 256s    
step 00315 (14.7%) | loss: 3.535235 | lrm: 1.00 | dt: 145ms | tok/sec: 902,727 | mfu: 25.3% | epoch: 1 | remaining: 256s    
step 00316 (14.8%) | loss: 3.528130 | lrm: 1.00 | dt: 145ms | tok/sec: 902,769 | mfu: 25.3% | epoch: 1 | remaining: 256s    
step 00317 (14.8%) | loss: 3.526112 | lrm: 1.00 | dt: 145ms | tok/sec: 902,766 | mfu: 25.3% | epoch: 1 | remaining: 255s    
step 00318 (14.9%) | loss: 3.518318 | lrm: 1.00 | dt: 145ms | tok/sec: 902,803 | mfu: 25.3% | epoch: 1 | remaining: 255s    
step 00319 (14.9%) | loss: 3.520909 | lrm: 1.00 | dt: 145ms | tok/sec: 902,595 | mfu: 25.3% | epoch: 1 | remaining: 255s    
step 00320 (15.0%) | loss: 3.518232 | lrm: 1.00 | dt: 145ms | tok/sec: 902,951 | mfu: 25.3% | epoch: 1 | remaining: 255s    
step 00321 (15.0%) | loss: 3.516247 | lrm: 1.00 | dt: 145ms | tok/sec: 902,929 | mfu: 25.3% | epoch: 1 | remaining: 255s    
step 00322 (15.0%) | loss: 3.511505 | lrm: 1.00 | dt: 145ms | tok/sec: 902,923 | mfu: 25.3% | epoch: 1 | remaining: 255s    
step 00323 (15.1%) | loss: 3.510670 | lrm: 1.00 | dt: 145ms | tok/sec: 902,895 | mfu: 25.3% | epoch: 1 | remaining: 255s    
step 00324 (15.1%) | loss: 3.514261 | lrm: 1.00 | dt: 145ms | tok/sec: 902,256 | mfu: 25.2% | epoch: 1 | remaining: 254s    
step 00325 (15.2%) | loss: 3.508398 | lrm: 1.00 | dt: 145ms | tok/sec: 902,338 | mfu: 25.2% | epoch: 1 | remaining: 254s    
step 00326 (15.2%) | loss: 3.509542 | lrm: 1.00 | dt: 145ms | tok/sec: 902,538 | mfu: 25.2% | epoch: 1 | remaining: 254s    
step 00327 (15.3%) | loss: 3.501781 | lrm: 1.00 | dt: 145ms | tok/sec: 902,385 | mfu: 25.2% | epoch: 1 | remaining: 254s    
step 00328 (15.3%) | loss: 3.501284 | lrm: 1.00 | dt: 145ms | tok/sec: 902,197 | mfu: 25.2% | epoch: 1 | remaining: 254s    
step 00329 (15.4%) | loss: 3.504390 | lrm: 1.00 | dt: 145ms | tok/sec: 901,861 | mfu: 25.2% | epoch: 1 | remaining: 254s    
step 00330 (15.4%) | loss: 3.505578 | lrm: 1.00 | dt: 145ms | tok/sec: 901,858 | mfu: 25.2% | epoch: 1 | remaining: 254s    
step 00331 (15.5%) | loss: 3.498958 | lrm: 1.00 | dt: 145ms | tok/sec: 902,163 | mfu: 25.2% | epoch: 1 | remaining: 253s    
step 00332 (15.5%) | loss: 3.502993 | lrm: 1.00 | dt: 145ms | tok/sec: 901,984 | mfu: 25.2% | epoch: 1 | remaining: 253s    
step 00333 (15.6%) | loss: 3.500824 | lrm: 1.00 | dt: 145ms | tok/sec: 902,696 | mfu: 25.3% | epoch: 1 | remaining: 253s    
step 00334 (15.6%) | loss: 3.500655 | lrm: 1.00 | dt: 145ms | tok/sec: 902,655 | mfu: 25.3% | epoch: 1 | remaining: 253s    
step 00335 (15.7%) | loss: 3.495840 | lrm: 1.00 | dt: 145ms | tok/sec: 902,791 | mfu: 25.3% | epoch: 1 | remaining: 253s    
step 00336 (15.7%) | loss: 3.491336 | lrm: 1.00 | dt: 145ms | tok/sec: 902,960 | mfu: 25.3% | epoch: 1 | remaining: 253s    
step 00337 (15.8%) | loss: 3.489567 | lrm: 1.00 | dt: 145ms | tok/sec: 902,812 | mfu: 25.3% | epoch: 1 | remaining: 253s    
step 00338 (15.8%) | loss: 3.491437 | lrm: 1.00 | dt: 145ms | tok/sec: 902,084 | mfu: 25.2% | epoch: 1 | remaining: 252s    
step 00339 (15.9%) | loss: 3.486627 | lrm: 1.00 | dt: 145ms | tok/sec: 902,778 | mfu: 25.3% | epoch: 1 | remaining: 252s    
step 00340 (15.9%) | loss: 3.481838 | lrm: 1.00 | dt: 145ms | tok/sec: 902,790 | mfu: 25.3% | epoch: 1 | remaining: 252s    
step 00341 (16.0%) | loss: 3.478241 | lrm: 1.00 | dt: 145ms | tok/sec: 902,290 | mfu: 25.2% | epoch: 1 | remaining: 252s    
step 00342 (16.0%) | loss: 3.483004 | lrm: 1.00 | dt: 145ms | tok/sec: 902,876 | mfu: 25.3% | epoch: 1 | remaining: 252s    
step 00343 (16.1%) | loss: 3.487313 | lrm: 1.00 | dt: 145ms | tok/sec: 902,632 | mfu: 25.3% | epoch: 1 | remaining: 252s    
step 00344 (16.1%) | loss: 3.492467 | lrm: 1.00 | dt: 145ms | tok/sec: 903,150 | mfu: 25.3% | epoch: 1 | remaining: 252s    
step 00345 (16.2%) | loss: 3.488937 | lrm: 1.00 | dt: 145ms | tok/sec: 902,678 | mfu: 25.3% | epoch: 1 | remaining: 251s    
step 00346 (16.2%) | loss: 3.482003 | lrm: 1.00 | dt: 145ms | tok/sec: 902,942 | mfu: 25.3% | epoch: 1 | remaining: 251s    
step 00347 (16.3%) | loss: 3.487790 | lrm: 1.00 | dt: 145ms | tok/sec: 902,040 | mfu: 25.2% | epoch: 1 | remaining: 251s    
step 00348 (16.3%) | loss: 3.488575 | lrm: 1.00 | dt: 145ms | tok/sec: 901,851 | mfu: 25.2% | epoch: 1 | remaining: 251s    
step 00349 (16.4%) | loss: 3.483038 | lrm: 1.00 | dt: 145ms | tok/sec: 903,276 | mfu: 25.3% | epoch: 1 | remaining: 251s    
step 00350 (16.4%) | loss: 3.480634 | lrm: 1.00 | dt: 145ms | tok/sec: 902,876 | mfu: 25.3% | epoch: 1 | remaining: 251s    
step 00351 (16.5%) | loss: 3.478940 | lrm: 1.00 | dt: 145ms | tok/sec: 903,131 | mfu: 25.3% | epoch: 1 | remaining: 251s    
step 00352 (16.5%) | loss: 3.481277 | lrm: 1.00 | dt: 145ms | tok/sec: 902,732 | mfu: 25.3% | epoch: 1 | remaining: 250s    
step 00353 (16.5%) | loss: 3.479750 | lrm: 1.00 | dt: 145ms | tok/sec: 902,821 | mfu: 25.3% | epoch: 1 | remaining: 250s    
step 00354 (16.6%) | loss: 3.471672 | lrm: 1.00 | dt: 145ms | tok/sec: 902,794 | mfu: 25.3% | epoch: 1 | remaining: 250s    
step 00355 (16.6%) | loss: 3.468539 | lrm: 1.00 | dt: 145ms | tok/sec: 902,997 | mfu: 25.3% | epoch: 1 | remaining: 250s    
step 00356 (16.7%) | loss: 3.468633 | lrm: 1.00 | dt: 145ms | tok/sec: 902,549 | mfu: 25.3% | epoch: 1 | remaining: 250s    
step 00357 (16.7%) | loss: 3.471568 | lrm: 1.00 | dt: 145ms | tok/sec: 902,914 | mfu: 25.3% | epoch: 1 | remaining: 250s    
step 00358 (16.8%) | loss: 3.463308 | lrm: 1.00 | dt: 145ms | tok/sec: 902,413 | mfu: 25.2% | epoch: 1 | remaining: 249s    
step 00359 (16.8%) | loss: 3.460619 | lrm: 1.00 | dt: 145ms | tok/sec: 903,240 | mfu: 25.3% | epoch: 1 | remaining: 249s    
step 00360 (16.9%) | loss: 3.456678 | lrm: 1.00 | dt: 145ms | tok/sec: 902,982 | mfu: 25.3% | epoch: 1 | remaining: 249s    
step 00361 (16.9%) | loss: 3.453801 | lrm: 1.00 | dt: 145ms | tok/sec: 903,203 | mfu: 25.3% | epoch: 1 | remaining: 249s    
step 00362 (17.0%) | loss: 3.453712 | lrm: 1.00 | dt: 145ms | tok/sec: 903,003 | mfu: 25.3% | epoch: 1 | remaining: 249s    
step 00363 (17.0%) | loss: 3.454413 | lrm: 1.00 | dt: 145ms | tok/sec: 903,126 | mfu: 25.3% | epoch: 1 | remaining: 249s    
step 00364 (17.1%) | loss: 3.460297 | lrm: 1.00 | dt: 145ms | tok/sec: 901,892 | mfu: 25.2% | epoch: 1 | remaining: 249s    
step 00365 (17.1%) | loss: 3.455491 | lrm: 1.00 | dt: 145ms | tok/sec: 902,773 | mfu: 25.3% | epoch: 1 | remaining: 248s    
step 00366 (17.2%) | loss: 3.453492 | lrm: 1.00 | dt: 145ms | tok/sec: 902,795 | mfu: 25.3% | epoch: 1 | remaining: 248s    
step 00367 (17.2%) | loss: 3.450862 | lrm: 1.00 | dt: 145ms | tok/sec: 902,853 | mfu: 25.3% | epoch: 1 | remaining: 248s    
step 00368 (17.3%) | loss: 3.450625 | lrm: 1.00 | dt: 148ms | tok/sec: 887,064 | mfu: 24.8% | epoch: 1 | remaining: 248s    
step 00369 (17.3%) | loss: 3.444500 | lrm: 1.00 | dt: 145ms | tok/sec: 902,659 | mfu: 25.3% | epoch: 1 | remaining: 248s    
step 00370 (17.4%) | loss: 3.437103 | lrm: 1.00 | dt: 145ms | tok/sec: 902,194 | mfu: 25.2% | epoch: 1 | remaining: 248s    
step 00371 (17.4%) | loss: 3.439142 | lrm: 1.00 | dt: 145ms | tok/sec: 902,203 | mfu: 25.2% | epoch: 1 | remaining: 248s    
step 00372 (17.5%) | loss: 3.438345 | lrm: 1.00 | dt: 145ms | tok/sec: 901,774 | mfu: 25.2% | epoch: 1 | remaining: 247s    
step 00373 (17.5%) | loss: 3.442243 | lrm: 1.00 | dt: 145ms | tok/sec: 901,926 | mfu: 25.2% | epoch: 1 | remaining: 247s    
step 00374 (17.6%) | loss: 3.440909 | lrm: 1.00 | dt: 145ms | tok/sec: 902,064 | mfu: 25.2% | epoch: 1 | remaining: 247s    
step 00375 (17.6%) | loss: 3.446684 | lrm: 1.00 | dt: 145ms | tok/sec: 902,649 | mfu: 25.3% | epoch: 1 | remaining: 247s    
step 00376 (17.7%) | loss: 3.446734 | lrm: 1.00 | dt: 145ms | tok/sec: 902,584 | mfu: 25.3% | epoch: 1 | remaining: 247s    
step 00377 (17.7%) | loss: 3.443602 | lrm: 1.00 | dt: 145ms | tok/sec: 902,549 | mfu: 25.3% | epoch: 1 | remaining: 247s    
step 00378 (17.8%) | loss: 3.443965 | lrm: 1.00 | dt: 145ms | tok/sec: 902,715 | mfu: 25.3% | epoch: 1 | remaining: 247s    
step 00379 (17.8%) | loss: 3.442437 | lrm: 1.00 | dt: 146ms | tok/sec: 898,125 | mfu: 25.1% | epoch: 1 | remaining: 246s    
step 00380 (17.9%) | loss: 3.441974 | lrm: 1.00 | dt: 145ms | tok/sec: 902,672 | mfu: 25.3% | epoch: 1 | remaining: 246s    
step 00381 (17.9%) | loss: 3.445841 | lrm: 1.00 | dt: 145ms | tok/sec: 902,352 | mfu: 25.2% | epoch: 1 | remaining: 246s    
step 00382 (18.0%) | loss: 3.447654 | lrm: 1.00 | dt: 145ms | tok/sec: 902,701 | mfu: 25.3% | epoch: 1 | remaining: 246s    
step 00383 (18.0%) | loss: 3.447800 | lrm: 1.00 | dt: 145ms | tok/sec: 902,990 | mfu: 25.3% | epoch: 1 | remaining: 246s    
step 00384 (18.0%) | loss: 3.446472 | lrm: 1.00 | dt: 145ms | tok/sec: 901,988 | mfu: 25.2% | epoch: 1 | remaining: 246s    
step 00385 (18.1%) | loss: 3.449660 | lrm: 1.00 | dt: 145ms | tok/sec: 902,529 | mfu: 25.2% | epoch: 1 | remaining: 246s    
step 00386 (18.1%) | loss: 3.451286 | lrm: 1.00 | dt: 145ms | tok/sec: 902,747 | mfu: 25.3% | epoch: 1 | remaining: 245s    
step 00387 (18.2%) | loss: 3.452528 | lrm: 1.00 | dt: 145ms | tok/sec: 902,687 | mfu: 25.3% | epoch: 1 | remaining: 245s    
step 00388 (18.2%) | loss: 3.443242 | lrm: 1.00 | dt: 145ms | tok/sec: 902,496 | mfu: 25.2% | epoch: 1 | remaining: 245s    
step 00389 (18.3%) | loss: 3.441255 | lrm: 1.00 | dt: 145ms | tok/sec: 902,444 | mfu: 25.2% | epoch: 1 | remaining: 245s    
step 00390 (18.3%) | loss: 3.439970 | lrm: 1.00 | dt: 145ms | tok/sec: 903,251 | mfu: 25.3% | epoch: 1 | remaining: 245s    
step 00391 (18.4%) | loss: 3.433146 | lrm: 1.00 | dt: 145ms | tok/sec: 903,074 | mfu: 25.3% | epoch: 1 | remaining: 245s    
step 00392 (18.4%) | loss: 3.434491 | lrm: 1.00 | dt: 145ms | tok/sec: 902,787 | mfu: 25.3% | epoch: 1 | remaining: 245s    
step 00393 (18.5%) | loss: 3.432004 | lrm: 1.00 | dt: 145ms | tok/sec: 902,886 | mfu: 25.3% | epoch: 1 | remaining: 244s    
step 00394 (18.5%) | loss: 3.432872 | lrm: 1.00 | dt: 145ms | tok/sec: 902,542 | mfu: 25.2% | epoch: 1 | remaining: 244s    
step 00395 (18.6%) | loss: 3.435182 | lrm: 1.00 | dt: 145ms | tok/sec: 902,947 | mfu: 25.3% | epoch: 1 | remaining: 244s    
step 00396 (18.6%) | loss: 3.433033 | lrm: 1.00 | dt: 145ms | tok/sec: 902,738 | mfu: 25.3% | epoch: 1 | remaining: 244s    
step 00397 (18.7%) | loss: 3.428011 | lrm: 1.00 | dt: 145ms | tok/sec: 903,108 | mfu: 25.3% | epoch: 1 | remaining: 244s    
step 00398 (18.7%) | loss: 3.423187 | lrm: 1.00 | dt: 145ms | tok/sec: 902,930 | mfu: 25.3% | epoch: 1 | remaining: 244s    
step 00399 (18.8%) | loss: 3.424092 | lrm: 1.00 | dt: 145ms | tok/sec: 902,587 | mfu: 25.3% | epoch: 1 | remaining: 244s    
step 00400 (18.8%) | loss: 3.427389 | lrm: 1.00 | dt: 145ms | tok/sec: 903,039 | mfu: 25.3% | epoch: 1 | remaining: 243s    
step 00401 (18.9%) | loss: 3.422793 | lrm: 1.00 | dt: 145ms | tok/sec: 902,844 | mfu: 25.3% | epoch: 1 | remaining: 243s    
step 00402 (18.9%) | loss: 3.421441 | lrm: 1.00 | dt: 145ms | tok/sec: 902,339 | mfu: 25.2% | epoch: 1 | remaining: 243s    
step 00403 (19.0%) | loss: 3.422982 | lrm: 1.00 | dt: 145ms | tok/sec: 902,151 | mfu: 25.2% | epoch: 1 | remaining: 243s    
step 00404 (19.0%) | loss: 3.425317 | lrm: 1.00 | dt: 145ms | tok/sec: 902,968 | mfu: 25.3% | epoch: 1 | remaining: 243s    
step 00405 (19.1%) | loss: 3.420507 | lrm: 1.00 | dt: 145ms | tok/sec: 902,698 | mfu: 25.3% | epoch: 1 | remaining: 243s    
step 00406 (19.1%) | loss: 3.410636 | lrm: 1.00 | dt: 145ms | tok/sec: 902,490 | mfu: 25.2% | epoch: 1 | remaining: 243s    
step 00407 (19.2%) | loss: 3.410242 | lrm: 1.00 | dt: 145ms | tok/sec: 902,434 | mfu: 25.2% | epoch: 1 | remaining: 242s    
step 00408 (19.2%) | loss: 3.406378 | lrm: 1.00 | dt: 145ms | tok/sec: 902,744 | mfu: 25.3% | epoch: 1 | remaining: 242s    
step 00409 (19.3%) | loss: 3.403343 | lrm: 1.00 | dt: 145ms | tok/sec: 902,712 | mfu: 25.3% | epoch: 1 | remaining: 242s    
step 00410 (19.3%) | loss: 3.401628 | lrm: 1.00 | dt: 145ms | tok/sec: 902,352 | mfu: 25.2% | epoch: 1 | remaining: 242s    
step 00411 (19.4%) | loss: 3.400907 | lrm: 1.00 | dt: 145ms | tok/sec: 902,661 | mfu: 25.3% | epoch: 1 | remaining: 242s    
step 00412 (19.4%) | loss: 3.398326 | lrm: 1.00 | dt: 145ms | tok/sec: 902,544 | mfu: 25.2% | epoch: 1 | remaining: 242s    
step 00413 (19.5%) | loss: 3.396105 | lrm: 1.00 | dt: 145ms | tok/sec: 902,867 | mfu: 25.3% | epoch: 1 | remaining: 241s    
step 00414 (19.5%) | loss: 3.396268 | lrm: 1.00 | dt: 145ms | tok/sec: 902,404 | mfu: 25.2% | epoch: 1 | remaining: 241s    
step 00415 (19.5%) | loss: 3.398119 | lrm: 1.00 | dt: 145ms | tok/sec: 902,664 | mfu: 25.3% | epoch: 1 | remaining: 241s    
step 00416 (19.6%) | loss: 3.390665 | lrm: 1.00 | dt: 145ms | tok/sec: 902,552 | mfu: 25.3% | epoch: 1 | remaining: 241s    
step 00417 (19.6%) | loss: 3.378567 | lrm: 1.00 | dt: 145ms | tok/sec: 902,957 | mfu: 25.3% | epoch: 1 | remaining: 241s    
step 00418 (19.7%) | loss: 3.372518 | lrm: 1.00 | dt: 145ms | tok/sec: 902,686 | mfu: 25.3% | epoch: 1 | remaining: 241s    
step 00419 (19.7%) | loss: 3.368240 | lrm: 1.00 | dt: 145ms | tok/sec: 902,873 | mfu: 25.3% | epoch: 1 | remaining: 241s    
step 00420 (19.8%) | loss: 3.367853 | lrm: 1.00 | dt: 145ms | tok/sec: 902,755 | mfu: 25.3% | epoch: 1 | remaining: 240s    
step 00421 (19.8%) | loss: 3.365915 | lrm: 1.00 | dt: 145ms | tok/sec: 902,462 | mfu: 25.2% | epoch: 1 | remaining: 240s    
step 00422 (19.9%) | loss: 3.363880 | lrm: 1.00 | dt: 145ms | tok/sec: 902,598 | mfu: 25.3% | epoch: 1 | remaining: 240s    
step 00423 (19.9%) | loss: 3.373025 | lrm: 1.00 | dt: 145ms | tok/sec: 902,541 | mfu: 25.2% | epoch: 1 | remaining: 240s    
step 00424 (20.0%) | loss: 3.368865 | lrm: 1.00 | dt: 145ms | tok/sec: 902,956 | mfu: 25.3% | epoch: 1 | remaining: 240s    
step 00425 (20.0%) | loss: 3.370559 | lrm: 1.00 | dt: 145ms | tok/sec: 902,797 | mfu: 25.3% | epoch: 1 | remaining: 240s    
step 00426 (20.1%) | loss: 3.373514 | lrm: 1.00 | dt: 145ms | tok/sec: 902,403 | mfu: 25.2% | epoch: 1 | remaining: 240s    
step 00427 (20.1%) | loss: 3.377357 | lrm: 1.00 | dt: 145ms | tok/sec: 902,315 | mfu: 25.2% | epoch: 1 | remaining: 239s    
step 00428 (20.2%) | loss: 3.378492 | lrm: 1.00 | dt: 145ms | tok/sec: 902,290 | mfu: 25.2% | epoch: 1 | remaining: 239s    
step 00429 (20.2%) | loss: 3.375231 | lrm: 1.00 | dt: 145ms | tok/sec: 902,246 | mfu: 25.2% | epoch: 1 | remaining: 239s    
step 00430 (20.3%) | loss: 3.372773 | lrm: 1.00 | dt: 145ms | tok/sec: 902,320 | mfu: 25.2% | epoch: 1 | remaining: 239s    
step 00431 (20.3%) | loss: 3.370479 | lrm: 1.00 | dt: 145ms | tok/sec: 901,874 | mfu: 25.2% | epoch: 1 | remaining: 239s    
step 00432 (20.4%) | loss: 3.375424 | lrm: 1.00 | dt: 145ms | tok/sec: 902,672 | mfu: 25.3% | epoch: 1 | remaining: 239s    
step 00433 (20.4%) | loss: 3.373897 | lrm: 1.00 | dt: 145ms | tok/sec: 902,261 | mfu: 25.2% | epoch: 1 | remaining: 239s    
step 00434 (20.5%) | loss: 3.379899 | lrm: 1.00 | dt: 145ms | tok/sec: 902,118 | mfu: 25.2% | epoch: 1 | remaining: 238s    
step 00435 (20.5%) | loss: 3.377939 | lrm: 1.00 | dt: 145ms | tok/sec: 902,668 | mfu: 25.3% | epoch: 1 | remaining: 238s    
step 00436 (20.6%) | loss: 3.382902 | lrm: 1.00 | dt: 145ms | tok/sec: 902,518 | mfu: 25.2% | epoch: 1 | remaining: 238s    
step 00437 (20.6%) | loss: 3.378915 | lrm: 1.00 | dt: 145ms | tok/sec: 902,317 | mfu: 25.2% | epoch: 1 | remaining: 238s    
step 00438 (20.7%) | loss: 3.374252 | lrm: 1.00 | dt: 145ms | tok/sec: 902,050 | mfu: 25.2% | epoch: 1 | remaining: 238s    
step 00439 (20.7%) | loss: 3.369597 | lrm: 1.00 | dt: 145ms | tok/sec: 901,811 | mfu: 25.2% | epoch: 1 | remaining: 238s    
step 00440 (20.8%) | loss: 3.372973 | lrm: 1.00 | dt: 145ms | tok/sec: 902,241 | mfu: 25.2% | epoch: 1 | remaining: 238s    
step 00441 (20.8%) | loss: 3.371851 | lrm: 1.00 | dt: 145ms | tok/sec: 902,546 | mfu: 25.3% | epoch: 1 | remaining: 237s    
step 00442 (20.9%) | loss: 3.372412 | lrm: 1.00 | dt: 145ms | tok/sec: 902,361 | mfu: 25.2% | epoch: 1 | remaining: 237s    
step 00443 (20.9%) | loss: 3.373938 | lrm: 1.00 | dt: 145ms | tok/sec: 902,366 | mfu: 25.2% | epoch: 1 | remaining: 237s    
step 00444 (21.0%) | loss: 3.371694 | lrm: 1.00 | dt: 145ms | tok/sec: 902,155 | mfu: 25.2% | epoch: 1 | remaining: 237s    
step 00445 (21.0%) | loss: 3.369776 | lrm: 1.00 | dt: 146ms | tok/sec: 899,902 | mfu: 25.2% | epoch: 1 | remaining: 237s    
step 00446 (21.1%) | loss: 3.372463 | lrm: 1.00 | dt: 145ms | tok/sec: 902,579 | mfu: 25.3% | epoch: 1 | remaining: 237s    
step 00447 (21.1%) | loss: 3.374446 | lrm: 1.00 | dt: 145ms | tok/sec: 902,801 | mfu: 25.3% | epoch: 1 | remaining: 237s    
step 00448 (21.1%) | loss: 3.379594 | lrm: 1.00 | dt: 145ms | tok/sec: 903,043 | mfu: 25.3% | epoch: 1 | remaining: 236s    
step 00449 (21.2%) | loss: 3.381646 | lrm: 1.00 | dt: 145ms | tok/sec: 902,468 | mfu: 25.2% | epoch: 1 | remaining: 236s    
step 00450 (21.2%) | loss: 3.379528 | lrm: 1.00 | dt: 145ms | tok/sec: 902,530 | mfu: 25.2% | epoch: 1 | remaining: 236s    
step 00451 (21.3%) | loss: 3.383150 | lrm: 1.00 | dt: 145ms | tok/sec: 902,929 | mfu: 25.3% | epoch: 1 | remaining: 236s    
step 00452 (21.3%) | loss: 3.376926 | lrm: 1.00 | dt: 145ms | tok/sec: 902,347 | mfu: 25.2% | epoch: 1 | remaining: 236s    
step 00453 (21.4%) | loss: 3.383049 | lrm: 1.00 | dt: 145ms | tok/sec: 902,635 | mfu: 25.3% | epoch: 1 | remaining: 236s    
step 00454 (21.4%) | loss: 3.375292 | lrm: 1.00 | dt: 145ms | tok/sec: 902,213 | mfu: 25.2% | epoch: 1 | remaining: 236s    
step 00455 (21.5%) | loss: 3.376451 | lrm: 1.00 | dt: 145ms | tok/sec: 902,578 | mfu: 25.3% | epoch: 1 | remaining: 235s    
step 00456 (21.5%) | loss: 3.383177 | lrm: 1.00 | dt: 145ms | tok/sec: 902,600 | mfu: 25.3% | epoch: 1 | remaining: 235s    
step 00457 (21.6%) | loss: 3.382122 | lrm: 1.00 | dt: 145ms | tok/sec: 902,323 | mfu: 25.2% | epoch: 1 | remaining: 235s    
step 00458 (21.6%) | loss: 3.376161 | lrm: 1.00 | dt: 145ms | tok/sec: 902,173 | mfu: 25.2% | epoch: 1 | remaining: 235s    
step 00459 (21.7%) | loss: 3.371784 | lrm: 1.00 | dt: 145ms | tok/sec: 902,181 | mfu: 25.2% | epoch: 1 | remaining: 235s    
step 00460 (21.7%) | loss: 3.377328 | lrm: 1.00 | dt: 145ms | tok/sec: 901,935 | mfu: 25.2% | epoch: 1 | remaining: 235s    
step 00461 (21.8%) | loss: 3.382276 | lrm: 1.00 | dt: 145ms | tok/sec: 902,409 | mfu: 25.2% | epoch: 1 | remaining: 235s    
step 00462 (21.8%) | loss: 3.382178 | lrm: 1.00 | dt: 145ms | tok/sec: 902,341 | mfu: 25.2% | epoch: 1 | remaining: 234s    
step 00463 (21.9%) | loss: 3.384021 | lrm: 1.00 | dt: 145ms | tok/sec: 901,966 | mfu: 25.2% | epoch: 1 | remaining: 234s    
step 00464 (21.9%) | loss: 3.386573 | lrm: 1.00 | dt: 145ms | tok/sec: 902,653 | mfu: 25.3% | epoch: 1 | remaining: 234s    
step 00465 (22.0%) | loss: 3.382360 | lrm: 1.00 | dt: 145ms | tok/sec: 902,386 | mfu: 25.2% | epoch: 1 | remaining: 234s    
step 00466 (22.0%) | loss: 3.385095 | lrm: 1.00 | dt: 145ms | tok/sec: 902,538 | mfu: 25.2% | epoch: 1 | remaining: 234s    
step 00467 (22.1%) | loss: 3.376971 | lrm: 1.00 | dt: 145ms | tok/sec: 902,388 | mfu: 25.2% | epoch: 1 | remaining: 234s    
step 00468 (22.1%) | loss: 3.370709 | lrm: 1.00 | dt: 145ms | tok/sec: 902,760 | mfu: 25.3% | epoch: 1 | remaining: 234s    
step 00469 (22.2%) | loss: 3.369730 | lrm: 1.00 | dt: 145ms | tok/sec: 902,272 | mfu: 25.2% | epoch: 1 | remaining: 233s    
step 00470 (22.2%) | loss: 3.370863 | lrm: 1.00 | dt: 145ms | tok/sec: 902,801 | mfu: 25.3% | epoch: 1 | remaining: 233s    
step 00471 (22.3%) | loss: 3.375507 | lrm: 1.00 | dt: 145ms | tok/sec: 902,647 | mfu: 25.3% | epoch: 1 | remaining: 233s    
step 00472 (22.3%) | loss: 3.382587 | lrm: 1.00 | dt: 145ms | tok/sec: 901,870 | mfu: 25.2% | epoch: 1 | remaining: 233s    
step 00473 (22.4%) | loss: 3.380945 | lrm: 1.00 | dt: 145ms | tok/sec: 902,649 | mfu: 25.3% | epoch: 1 | remaining: 233s    
step 00474 (22.4%) | loss: 3.382983 | lrm: 1.00 | dt: 145ms | tok/sec: 902,523 | mfu: 25.2% | epoch: 1 | remaining: 233s    
step 00475 (22.5%) | loss: 3.380524 | lrm: 1.00 | dt: 145ms | tok/sec: 902,404 | mfu: 25.2% | epoch: 1 | remaining: 232s    
step 00476 (22.5%) | loss: 3.373484 | lrm: 1.00 | dt: 145ms | tok/sec: 902,745 | mfu: 25.3% | epoch: 1 | remaining: 232s    
step 00477 (22.6%) | loss: 3.371809 | lrm: 1.00 | dt: 145ms | tok/sec: 902,738 | mfu: 25.3% | epoch: 1 | remaining: 232s    
step 00478 (22.6%) | loss: 3.366065 | lrm: 1.00 | dt: 145ms | tok/sec: 902,198 | mfu: 25.2% | epoch: 1 | remaining: 232s    
step 00479 (22.6%) | loss: 3.366572 | lrm: 1.00 | dt: 145ms | tok/sec: 902,710 | mfu: 25.3% | epoch: 1 | remaining: 232s    
step 00480 (22.7%) | loss: 3.364916 | lrm: 1.00 | dt: 145ms | tok/sec: 902,382 | mfu: 25.2% | epoch: 1 | remaining: 232s    
step 00481 (22.7%) | loss: 3.367886 | lrm: 1.00 | dt: 145ms | tok/sec: 901,744 | mfu: 25.2% | epoch: 1 | remaining: 232s    
step 00482 (22.8%) | loss: 3.367595 | lrm: 1.00 | dt: 145ms | tok/sec: 901,803 | mfu: 25.2% | epoch: 1 | remaining: 231s    
step 00483 (22.8%) | loss: 3.368519 | lrm: 1.00 | dt: 146ms | tok/sec: 900,443 | mfu: 25.2% | epoch: 1 | remaining: 231s    
step 00484 (22.9%) | loss: 3.369396 | lrm: 1.00 | dt: 145ms | tok/sec: 901,954 | mfu: 25.2% | epoch: 1 | remaining: 231s    
step 00485 (22.9%) | loss: 3.371121 | lrm: 1.00 | dt: 145ms | tok/sec: 902,597 | mfu: 25.3% | epoch: 1 | remaining: 231s    
step 00486 (23.0%) | loss: 3.365883 | lrm: 1.00 | dt: 145ms | tok/sec: 902,367 | mfu: 25.2% | epoch: 1 | remaining: 231s    
step 00487 (23.0%) | loss: 3.362032 | lrm: 1.00 | dt: 145ms | tok/sec: 902,342 | mfu: 25.2% | epoch: 1 | remaining: 231s    
step 00488 (23.1%) | loss: 3.357761 | lrm: 1.00 | dt: 145ms | tok/sec: 902,292 | mfu: 25.2% | epoch: 1 | remaining: 231s    
step 00489 (23.1%) | loss: 3.343761 | lrm: 1.00 | dt: 145ms | tok/sec: 902,538 | mfu: 25.2% | epoch: 1 | remaining: 230s    
step 00490 (23.2%) | loss: 3.335330 | lrm: 1.00 | dt: 145ms | tok/sec: 902,499 | mfu: 25.2% | epoch: 1 | remaining: 230s    
step 00491 (23.2%) | loss: 3.333607 | lrm: 1.00 | dt: 145ms | tok/sec: 902,721 | mfu: 25.3% | epoch: 1 | remaining: 230s    
step 00492 (23.3%) | loss: 3.331497 | lrm: 1.00 | dt: 145ms | tok/sec: 902,517 | mfu: 25.2% | epoch: 1 | remaining: 230s    
step 00493 (23.3%) | loss: 3.332145 | lrm: 1.00 | dt: 145ms | tok/sec: 902,828 | mfu: 25.3% | epoch: 1 | remaining: 230s    
step 00494 (23.4%) | loss: 3.329969 | lrm: 1.00 | dt: 145ms | tok/sec: 902,812 | mfu: 25.3% | epoch: 1 | remaining: 230s    
step 00495 (23.4%) | loss: 3.333523 | lrm: 1.00 | dt: 145ms | tok/sec: 902,905 | mfu: 25.3% | epoch: 1 | remaining: 230s    
step 00496 (23.5%) | loss: 3.332094 | lrm: 1.00 | dt: 145ms | tok/sec: 902,524 | mfu: 25.2% | epoch: 1 | remaining: 229s    
step 00497 (23.5%) | loss: 3.334645 | lrm: 1.00 | dt: 145ms | tok/sec: 901,933 | mfu: 25.2% | epoch: 1 | remaining: 229s    
step 00498 (23.6%) | loss: 3.339541 | lrm: 1.00 | dt: 145ms | tok/sec: 902,326 | mfu: 25.2% | epoch: 1 | remaining: 229s    
step 00499 (23.6%) | loss: 3.342612 | lrm: 1.00 | dt: 145ms | tok/sec: 902,190 | mfu: 25.2% | epoch: 1 | remaining: 229s    
step 00500 (23.7%) | loss: 3.345062 | lrm: 1.00 | dt: 145ms | tok/sec: 902,416 | mfu: 25.2% | epoch: 1 | remaining: 229s    
step 00501 (23.7%) | loss: 3.344255 | lrm: 1.00 | dt: 145ms | tok/sec: 902,154 | mfu: 25.2% | epoch: 1 | remaining: 229s    
step 00502 (23.8%) | loss: 3.345275 | lrm: 1.00 | dt: 145ms | tok/sec: 902,629 | mfu: 25.3% | epoch: 1 | remaining: 229s    
step 00503 (23.8%) | loss: 3.346281 | lrm: 1.00 | dt: 145ms | tok/sec: 902,324 | mfu: 25.2% | epoch: 1 | remaining: 228s    
step 00504 (23.9%) | loss: 3.340274 | lrm: 1.00 | dt: 145ms | tok/sec: 901,617 | mfu: 25.2% | epoch: 1 | remaining: 228s    
step 00505 (23.9%) | loss: 3.337810 | lrm: 1.00 | dt: 145ms | tok/sec: 901,994 | mfu: 25.2% | epoch: 1 | remaining: 228s    
step 00506 (24.0%) | loss: 3.335636 | lrm: 1.00 | dt: 145ms | tok/sec: 902,757 | mfu: 25.3% | epoch: 1 | remaining: 228s    
step 00507 (24.0%) | loss: 3.336628 | lrm: 1.00 | dt: 145ms | tok/sec: 902,509 | mfu: 25.2% | epoch: 1 | remaining: 228s    
step 00508 (24.1%) | loss: 3.334853 | lrm: 1.00 | dt: 145ms | tok/sec: 902,622 | mfu: 25.3% | epoch: 1 | remaining: 228s    
step 00509 (24.1%) | loss: 3.331442 | lrm: 1.00 | dt: 145ms | tok/sec: 902,506 | mfu: 25.2% | epoch: 1 | remaining: 228s    
step 00510 (24.1%) | loss: 3.336425 | lrm: 1.00 | dt: 145ms | tok/sec: 902,557 | mfu: 25.3% | epoch: 1 | remaining: 227s    
step 00511 (24.2%) | loss: 3.337687 | lrm: 1.00 | dt: 145ms | tok/sec: 902,637 | mfu: 25.3% | epoch: 1 | remaining: 227s    
step 00512 (24.2%) | loss: 3.333781 | lrm: 1.00 | dt: 145ms | tok/sec: 902,484 | mfu: 25.2% | epoch: 1 | remaining: 227s    
step 00513 (24.3%) | loss: 3.328082 | lrm: 1.00 | dt: 145ms | tok/sec: 902,182 | mfu: 25.2% | epoch: 1 | remaining: 227s    
step 00514 (24.3%) | loss: 3.328691 | lrm: 1.00 | dt: 147ms | tok/sec: 892,554 | mfu: 25.0% | epoch: 1 | remaining: 227s    
step 00515 (24.4%) | loss: 3.326248 | lrm: 1.00 | dt: 145ms | tok/sec: 902,175 | mfu: 25.2% | epoch: 1 | remaining: 227s    
step 00516 (24.4%) | loss: 3.328185 | lrm: 1.00 | dt: 145ms | tok/sec: 902,610 | mfu: 25.3% | epoch: 1 | remaining: 227s    
step 00517 (24.5%) | loss: 3.330911 | lrm: 1.00 | dt: 145ms | tok/sec: 902,361 | mfu: 25.2% | epoch: 1 | remaining: 226s    
step 00518 (24.5%) | loss: 3.326209 | lrm: 1.00 | dt: 145ms | tok/sec: 902,591 | mfu: 25.3% | epoch: 1 | remaining: 226s    
step 00519 (24.6%) | loss: 3.325458 | lrm: 1.00 | dt: 145ms | tok/sec: 902,376 | mfu: 25.2% | epoch: 1 | remaining: 226s    
step 00520 (24.6%) | loss: 3.321191 | lrm: 1.00 | dt: 145ms | tok/sec: 902,723 | mfu: 25.3% | epoch: 1 | remaining: 226s    
step 00521 (24.7%) | loss: 3.322226 | lrm: 1.00 | dt: 145ms | tok/sec: 902,849 | mfu: 25.3% | epoch: 1 | remaining: 226s    
step 00522 (24.7%) | loss: 3.324378 | lrm: 1.00 | dt: 145ms | tok/sec: 902,508 | mfu: 25.2% | epoch: 1 | remaining: 226s    
step 00523 (24.8%) | loss: 3.322268 | lrm: 1.00 | dt: 145ms | tok/sec: 902,738 | mfu: 25.3% | epoch: 1 | remaining: 226s    
step 00524 (24.8%) | loss: 3.325953 | lrm: 1.00 | dt: 145ms | tok/sec: 902,344 | mfu: 25.2% | epoch: 1 | remaining: 225s    
step 00525 (24.9%) | loss: 3.324432 | lrm: 1.00 | dt: 145ms | tok/sec: 902,505 | mfu: 25.2% | epoch: 1 | remaining: 225s    
step 00526 (24.9%) | loss: 3.322540 | lrm: 1.00 | dt: 145ms | tok/sec: 902,972 | mfu: 25.3% | epoch: 1 | remaining: 225s    
step 00527 (25.0%) | loss: 3.323136 | lrm: 1.00 | dt: 145ms | tok/sec: 902,751 | mfu: 25.3% | epoch: 1 | remaining: 225s    
step 00528 (25.0%) | loss: 3.318122 | lrm: 1.00 | dt: 145ms | tok/sec: 902,813 | mfu: 25.3% | epoch: 1 | remaining: 225s    
step 00529 (25.1%) | loss: 3.320074 | lrm: 1.00 | dt: 145ms | tok/sec: 902,680 | mfu: 25.3% | epoch: 1 | remaining: 225s    
step 00530 (25.1%) | loss: 3.320029 | lrm: 1.00 | dt: 145ms | tok/sec: 902,579 | mfu: 25.3% | epoch: 1 | remaining: 225s    
step 00531 (25.2%) | loss: 3.319068 | lrm: 1.00 | dt: 145ms | tok/sec: 902,573 | mfu: 25.3% | epoch: 1 | remaining: 224s    
step 00532 (25.2%) | loss: 3.320261 | lrm: 1.00 | dt: 145ms | tok/sec: 902,332 | mfu: 25.2% | epoch: 1 | remaining: 224s    
step 00533 (25.3%) | loss: 3.315886 | lrm: 1.00 | dt: 145ms | tok/sec: 901,876 | mfu: 25.2% | epoch: 1 | remaining: 224s    
step 00534 (25.3%) | loss: 3.321671 | lrm: 1.00 | dt: 145ms | tok/sec: 902,847 | mfu: 25.3% | epoch: 1 | remaining: 224s    
step 00535 (25.4%) | loss: 3.312040 | lrm: 1.00 | dt: 145ms | tok/sec: 902,751 | mfu: 25.3% | epoch: 1 | remaining: 224s    
step 00536 (25.4%) | loss: 3.313218 | lrm: 1.00 | dt: 145ms | tok/sec: 902,351 | mfu: 25.2% | epoch: 1 | remaining: 224s    
step 00537 (25.5%) | loss: 3.319574 | lrm: 1.00 | dt: 145ms | tok/sec: 902,483 | mfu: 25.2% | epoch: 1 | remaining: 223s    
step 00538 (25.5%) | loss: 3.320397 | lrm: 1.00 | dt: 145ms | tok/sec: 901,442 | mfu: 25.2% | epoch: 1 | remaining: 223s    
step 00539 (25.6%) | loss: 3.316518 | lrm: 1.00 | dt: 145ms | tok/sec: 901,209 | mfu: 25.2% | epoch: 1 | remaining: 223s    
step 00540 (25.6%) | loss: 3.309530 | lrm: 1.00 | dt: 145ms | tok/sec: 902,386 | mfu: 25.2% | epoch: 1 | remaining: 223s    
step 00541 (25.7%) | loss: 3.307038 | lrm: 1.00 | dt: 145ms | tok/sec: 902,545 | mfu: 25.3% | epoch: 1 | remaining: 223s    
step 00542 (25.7%) | loss: 3.310622 | lrm: 1.00 | dt: 145ms | tok/sec: 902,372 | mfu: 25.2% | epoch: 1 | remaining: 223s    
step 00543 (25.7%) | loss: 3.311715 | lrm: 1.00 | dt: 145ms | tok/sec: 902,240 | mfu: 25.2% | epoch: 1 | remaining: 223s    
step 00544 (25.8%) | loss: 3.302225 | lrm: 1.00 | dt: 145ms | tok/sec: 902,413 | mfu: 25.2% | epoch: 1 | remaining: 222s    
step 00545 (25.8%) | loss: 3.307373 | lrm: 1.00 | dt: 145ms | tok/sec: 902,592 | mfu: 25.3% | epoch: 1 | remaining: 222s    
step 00546 (25.9%) | loss: 3.309846 | lrm: 1.00 | dt: 145ms | tok/sec: 902,512 | mfu: 25.2% | epoch: 1 | remaining: 222s    
step 00547 (25.9%) | loss: 3.302353 | lrm: 1.00 | dt: 145ms | tok/sec: 902,400 | mfu: 25.2% | epoch: 1 | remaining: 222s    
step 00548 (26.0%) | loss: 3.303583 | lrm: 1.00 | dt: 145ms | tok/sec: 902,618 | mfu: 25.3% | epoch: 1 | remaining: 222s    
step 00549 (26.0%) | loss: 3.294190 | lrm: 1.00 | dt: 145ms | tok/sec: 902,627 | mfu: 25.3% | epoch: 1 | remaining: 222s    
step 00550 (26.1%) | loss: 3.292251 | lrm: 1.00 | dt: 145ms | tok/sec: 902,652 | mfu: 25.3% | epoch: 1 | remaining: 222s    
step 00551 (26.1%) | loss: 3.299203 | lrm: 1.00 | dt: 145ms | tok/sec: 902,804 | mfu: 25.3% | epoch: 1 | remaining: 221s    
step 00552 (26.2%) | loss: 3.295749 | lrm: 1.00 | dt: 145ms | tok/sec: 902,499 | mfu: 25.2% | epoch: 1 | remaining: 221s    
step 00553 (26.2%) | loss: 3.298588 | lrm: 1.00 | dt: 145ms | tok/sec: 902,561 | mfu: 25.3% | epoch: 1 | remaining: 221s    
step 00554 (26.3%) | loss: 3.290796 | lrm: 1.00 | dt: 145ms | tok/sec: 902,521 | mfu: 25.2% | epoch: 1 | remaining: 221s    
step 00555 (26.3%) | loss: 3.291201 | lrm: 1.00 | dt: 145ms | tok/sec: 902,523 | mfu: 25.2% | epoch: 1 | remaining: 221s    
step 00556 (26.4%) | loss: 3.295897 | lrm: 1.00 | dt: 145ms | tok/sec: 902,358 | mfu: 25.2% | epoch: 1 | remaining: 221s    
step 00557 (26.4%) | loss: 3.301547 | lrm: 1.00 | dt: 145ms | tok/sec: 902,108 | mfu: 25.2% | epoch: 1 | remaining: 221s    
step 00558 (26.5%) | loss: 3.293425 | lrm: 1.00 | dt: 145ms | tok/sec: 902,622 | mfu: 25.3% | epoch: 1 | remaining: 220s    
step 00559 (26.5%) | loss: 3.293095 | lrm: 1.00 | dt: 145ms | tok/sec: 902,690 | mfu: 25.3% | epoch: 1 | remaining: 220s    
step 00560 (26.6%) | loss: 3.285479 | lrm: 1.00 | dt: 145ms | tok/sec: 902,173 | mfu: 25.2% | epoch: 1 | remaining: 220s    
step 00561 (26.6%) | loss: 3.283603 | lrm: 1.00 | dt: 146ms | tok/sec: 899,943 | mfu: 25.2% | epoch: 1 | remaining: 220s    
step 00562 (26.7%) | loss: 3.281948 | lrm: 1.00 | dt: 145ms | tok/sec: 901,778 | mfu: 25.2% | epoch: 1 | remaining: 220s    
step 00563 (26.7%) | loss: 3.283338 | lrm: 1.00 | dt: 145ms | tok/sec: 902,155 | mfu: 25.2% | epoch: 1 | remaining: 220s    
step 00564 (26.8%) | loss: 3.280665 | lrm: 1.00 | dt: 145ms | tok/sec: 902,595 | mfu: 25.3% | epoch: 1 | remaining: 220s    
step 00565 (26.8%) | loss: 3.278104 | lrm: 1.00 | dt: 145ms | tok/sec: 902,862 | mfu: 25.3% | epoch: 1 | remaining: 219s    
step 00566 (26.9%) | loss: 3.281128 | lrm: 1.00 | dt: 145ms | tok/sec: 902,309 | mfu: 25.2% | epoch: 1 | remaining: 219s    
step 00567 (26.9%) | loss: 3.277936 | lrm: 1.00 | dt: 145ms | tok/sec: 902,127 | mfu: 25.2% | epoch: 1 | remaining: 219s    
step 00568 (27.0%) | loss: 3.279942 | lrm: 1.00 | dt: 145ms | tok/sec: 902,484 | mfu: 25.2% | epoch: 1 | remaining: 219s    
step 00569 (27.0%) | loss: 3.279833 | lrm: 1.00 | dt: 145ms | tok/sec: 902,191 | mfu: 25.2% | epoch: 1 | remaining: 219s    
step 00570 (27.1%) | loss: 3.279970 | lrm: 1.00 | dt: 145ms | tok/sec: 902,253 | mfu: 25.2% | epoch: 1 | remaining: 219s    
step 00571 (27.1%) | loss: 3.284461 | lrm: 1.00 | dt: 145ms | tok/sec: 902,652 | mfu: 25.3% | epoch: 1 | remaining: 219s    
step 00572 (27.2%) | loss: 3.285348 | lrm: 1.00 | dt: 145ms | tok/sec: 902,647 | mfu: 25.3% | epoch: 1 | remaining: 218s    
step 00573 (27.2%) | loss: 3.285722 | lrm: 1.00 | dt: 145ms | tok/sec: 902,406 | mfu: 25.2% | epoch: 1 | remaining: 218s    
step 00574 (27.2%) | loss: 3.287342 | lrm: 1.00 | dt: 145ms | tok/sec: 902,589 | mfu: 25.3% | epoch: 1 | remaining: 218s    
step 00575 (27.3%) | loss: 3.288709 | lrm: 1.00 | dt: 145ms | tok/sec: 902,564 | mfu: 25.3% | epoch: 1 | remaining: 218s    
step 00576 (27.3%) | loss: 3.290377 | lrm: 1.00 | dt: 145ms | tok/sec: 902,916 | mfu: 25.3% | epoch: 1 | remaining: 218s    
step 00577 (27.4%) | loss: 3.282868 | lrm: 1.00 | dt: 145ms | tok/sec: 902,615 | mfu: 25.3% | epoch: 1 | remaining: 218s    
step 00578 (27.4%) | loss: 3.284349 | lrm: 1.00 | dt: 145ms | tok/sec: 902,271 | mfu: 25.2% | epoch: 1 | remaining: 218s    
step 00579 (27.5%) | loss: 3.280404 | lrm: 1.00 | dt: 145ms | tok/sec: 902,653 | mfu: 25.3% | epoch: 1 | remaining: 217s    
step 00580 (27.5%) | loss: 3.292767 | lrm: 1.00 | dt: 145ms | tok/sec: 902,207 | mfu: 25.2% | epoch: 1 | remaining: 217s    
step 00581 (27.6%) | loss: 3.293374 | lrm: 1.00 | dt: 145ms | tok/sec: 902,653 | mfu: 25.3% | epoch: 1 | remaining: 217s    
step 00582 (27.6%) | loss: 3.292074 | lrm: 1.00 | dt: 145ms | tok/sec: 902,755 | mfu: 25.3% | epoch: 1 | remaining: 217s    
step 00583 (27.7%) | loss: 3.293950 | lrm: 1.00 | dt: 145ms | tok/sec: 902,871 | mfu: 25.3% | epoch: 1 | remaining: 217s    
step 00584 (27.7%) | loss: 3.292057 | lrm: 1.00 | dt: 145ms | tok/sec: 902,384 | mfu: 25.2% | epoch: 1 | remaining: 217s    
step 00585 (27.8%) | loss: 3.290148 | lrm: 1.00 | dt: 145ms | tok/sec: 902,956 | mfu: 25.3% | epoch: 1 | remaining: 217s    
step 00586 (27.8%) | loss: 3.292080 | lrm: 1.00 | dt: 145ms | tok/sec: 902,769 | mfu: 25.3% | epoch: 1 | remaining: 216s    
step 00587 (27.9%) | loss: 3.291699 | lrm: 1.00 | dt: 145ms | tok/sec: 902,801 | mfu: 25.3% | epoch: 1 | remaining: 216s    
step 00588 (27.9%) | loss: 3.292917 | lrm: 1.00 | dt: 145ms | tok/sec: 902,056 | mfu: 25.2% | epoch: 1 | remaining: 216s    
step 00589 (28.0%) | loss: 3.288440 | lrm: 1.00 | dt: 145ms | tok/sec: 902,637 | mfu: 25.3% | epoch: 1 | remaining: 216s    
step 00590 (28.0%) | loss: 3.289301 | lrm: 1.00 | dt: 145ms | tok/sec: 902,575 | mfu: 25.3% | epoch: 1 | remaining: 216s    
step 00591 (28.1%) | loss: 3.294569 | lrm: 1.00 | dt: 145ms | tok/sec: 902,006 | mfu: 25.2% | epoch: 1 | remaining: 216s    
step 00592 (28.1%) | loss: 3.293941 | lrm: 1.00 | dt: 145ms | tok/sec: 902,142 | mfu: 25.2% | epoch: 1 | remaining: 215s    
step 00593 (28.2%) | loss: 3.298143 | lrm: 1.00 | dt: 145ms | tok/sec: 902,798 | mfu: 25.3% | epoch: 1 | remaining: 215s    
step 00594 (28.2%) | loss: 3.298862 | lrm: 1.00 | dt: 145ms | tok/sec: 902,632 | mfu: 25.3% | epoch: 1 | remaining: 215s    
step 00595 (28.3%) | loss: 3.303745 | lrm: 1.00 | dt: 145ms | tok/sec: 902,378 | mfu: 25.2% | epoch: 1 | remaining: 215s    
step 00596 (28.3%) | loss: 3.298082 | lrm: 1.00 | dt: 145ms | tok/sec: 902,701 | mfu: 25.3% | epoch: 1 | remaining: 215s    
step 00597 (28.4%) | loss: 3.294320 | lrm: 1.00 | dt: 145ms | tok/sec: 902,367 | mfu: 25.2% | epoch: 1 | remaining: 215s    
step 00598 (28.4%) | loss: 3.294441 | lrm: 1.00 | dt: 145ms | tok/sec: 902,203 | mfu: 25.2% | epoch: 1 | remaining: 215s    
step 00599 (28.5%) | loss: 3.295087 | lrm: 1.00 | dt: 145ms | tok/sec: 902,258 | mfu: 25.2% | epoch: 1 | remaining: 214s    
step 00600 (28.5%) | loss: 3.284557 | lrm: 1.00 | dt: 145ms | tok/sec: 902,751 | mfu: 25.3% | epoch: 1 | remaining: 214s    
step 00601 (28.6%) | loss: 3.280225 | lrm: 1.00 | dt: 145ms | tok/sec: 902,438 | mfu: 25.2% | epoch: 1 | remaining: 214s    
step 00602 (28.6%) | loss: 3.278016 | lrm: 1.00 | dt: 145ms | tok/sec: 902,757 | mfu: 25.3% | epoch: 1 | remaining: 214s    
step 00603 (28.7%) | loss: 3.272910 | lrm: 1.00 | dt: 145ms | tok/sec: 902,062 | mfu: 25.2% | epoch: 1 | remaining: 214s    
step 00604 (28.7%) | loss: 3.270185 | lrm: 1.00 | dt: 145ms | tok/sec: 902,348 | mfu: 25.2% | epoch: 1 | remaining: 214s    
step 00605 (28.7%) | loss: 3.274472 | lrm: 1.00 | dt: 145ms | tok/sec: 902,905 | mfu: 25.3% | epoch: 1 | remaining: 214s    
step 00606 (28.8%) | loss: 3.278246 | lrm: 1.00 | dt: 145ms | tok/sec: 902,492 | mfu: 25.2% | epoch: 1 | remaining: 213s    
step 00607 (28.8%) | loss: 3.276430 | lrm: 1.00 | dt: 145ms | tok/sec: 902,292 | mfu: 25.2% | epoch: 1 | remaining: 213s    
step 00608 (28.9%) | loss: 3.276267 | lrm: 1.00 | dt: 145ms | tok/sec: 902,394 | mfu: 25.2% | epoch: 1 | remaining: 213s    
step 00609 (28.9%) | loss: 3.280745 | lrm: 1.00 | dt: 145ms | tok/sec: 902,295 | mfu: 25.2% | epoch: 1 | remaining: 213s    
step 00610 (29.0%) | loss: 3.275904 | lrm: 1.00 | dt: 145ms | tok/sec: 902,480 | mfu: 25.2% | epoch: 1 | remaining: 213s    
step 00611 (29.0%) | loss: 3.278948 | lrm: 1.00 | dt: 145ms | tok/sec: 902,947 | mfu: 25.3% | epoch: 1 | remaining: 213s    
step 00612 (29.1%) | loss: 3.274104 | lrm: 1.00 | dt: 145ms | tok/sec: 902,655 | mfu: 25.3% | epoch: 1 | remaining: 213s    
step 00613 (29.1%) | loss: 3.274456 | lrm: 1.00 | dt: 145ms | tok/sec: 902,816 | mfu: 25.3% | epoch: 1 | remaining: 212s    
step 00614 (29.2%) | loss: 3.275451 | lrm: 1.00 | dt: 145ms | tok/sec: 902,612 | mfu: 25.3% | epoch: 1 | remaining: 212s    
step 00615 (29.2%) | loss: 3.276550 | lrm: 1.00 | dt: 145ms | tok/sec: 902,690 | mfu: 25.3% | epoch: 1 | remaining: 212s    
step 00616 (29.3%) | loss: 3.284938 | lrm: 1.00 | dt: 145ms | tok/sec: 902,514 | mfu: 25.2% | epoch: 1 | remaining: 212s    
step 00617 (29.3%) | loss: 3.285857 | lrm: 1.00 | dt: 145ms | tok/sec: 902,363 | mfu: 25.2% | epoch: 1 | remaining: 212s    
step 00618 (29.4%) | loss: 3.288809 | lrm: 1.00 | dt: 145ms | tok/sec: 902,384 | mfu: 25.2% | epoch: 1 | remaining: 212s    
step 00619 (29.4%) | loss: 3.287029 | lrm: 1.00 | dt: 145ms | tok/sec: 902,370 | mfu: 25.2% | epoch: 1 | remaining: 212s    
step 00620 (29.5%) | loss: 3.285460 | lrm: 1.00 | dt: 145ms | tok/sec: 902,895 | mfu: 25.3% | epoch: 1 | remaining: 211s    
step 00621 (29.5%) | loss: 3.288267 | lrm: 1.00 | dt: 145ms | tok/sec: 901,877 | mfu: 25.2% | epoch: 1 | remaining: 211s    
step 00622 (29.6%) | loss: 3.283901 | lrm: 1.00 | dt: 146ms | tok/sec: 900,039 | mfu: 25.2% | epoch: 1 | remaining: 211s    
step 00623 (29.6%) | loss: 3.281834 | lrm: 1.00 | dt: 145ms | tok/sec: 902,490 | mfu: 25.2% | epoch: 1 | remaining: 211s    
step 00624 (29.7%) | loss: 3.276879 | lrm: 1.00 | dt: 145ms | tok/sec: 902,582 | mfu: 25.3% | epoch: 1 | remaining: 211s    
step 00625 (29.7%) | loss: 3.277444 | lrm: 1.00 | dt: 145ms | tok/sec: 902,592 | mfu: 25.3% | epoch: 1 | remaining: 211s    
step 00626 (29.8%) | loss: 3.275833 | lrm: 1.00 | dt: 145ms | tok/sec: 902,729 | mfu: 25.3% | epoch: 1 | remaining: 211s    
step 00627 (29.8%) | loss: 3.273727 | lrm: 1.00 | dt: 145ms | tok/sec: 902,535 | mfu: 25.2% | epoch: 1 | remaining: 210s    
step 00628 (29.9%) | loss: 3.269845 | lrm: 1.00 | dt: 145ms | tok/sec: 902,733 | mfu: 25.3% | epoch: 1 | remaining: 210s    
step 00629 (29.9%) | loss: 3.267938 | lrm: 1.00 | dt: 145ms | tok/sec: 902,575 | mfu: 25.3% | epoch: 1 | remaining: 210s    
step 00630 (30.0%) | loss: 3.270648 | lrm: 1.00 | dt: 145ms | tok/sec: 902,468 | mfu: 25.2% | epoch: 1 | remaining: 210s    
step 00631 (30.0%) | loss: 3.268551 | lrm: 1.00 | dt: 145ms | tok/sec: 902,267 | mfu: 25.2% | epoch: 1 | remaining: 210s    
step 00632 (30.1%) | loss: 3.265440 | lrm: 1.00 | dt: 145ms | tok/sec: 902,612 | mfu: 25.3% | epoch: 1 | remaining: 210s    
step 00633 (30.1%) | loss: 3.263786 | lrm: 1.00 | dt: 145ms | tok/sec: 902,459 | mfu: 25.2% | epoch: 1 | remaining: 210s    
step 00634 (30.2%) | loss: 3.261815 | lrm: 1.00 | dt: 145ms | tok/sec: 902,787 | mfu: 25.3% | epoch: 1 | remaining: 209s    
step 00635 (30.2%) | loss: 3.263776 | lrm: 1.00 | dt: 145ms | tok/sec: 902,582 | mfu: 25.3% | epoch: 1 | remaining: 209s    
step 00636 (30.3%) | loss: 3.263465 | lrm: 1.00 | dt: 145ms | tok/sec: 902,732 | mfu: 25.3% | epoch: 1 | remaining: 209s    
step 00637 (30.3%) | loss: 3.265910 | lrm: 1.00 | dt: 145ms | tok/sec: 902,336 | mfu: 25.2% | epoch: 1 | remaining: 209s    
step 00638 (30.3%) | loss: 3.263736 | lrm: 1.00 | dt: 145ms | tok/sec: 901,885 | mfu: 25.2% | epoch: 1 | remaining: 209s    
step 00639 (30.4%) | loss: 3.261992 | lrm: 1.00 | dt: 145ms | tok/sec: 902,317 | mfu: 25.2% | epoch: 1 | remaining: 209s    
step 00640 (30.4%) | loss: 3.258733 | lrm: 1.00 | dt: 145ms | tok/sec: 902,232 | mfu: 25.2% | epoch: 1 | remaining: 209s    
step 00641 (30.5%) | loss: 3.254527 | lrm: 1.00 | dt: 145ms | tok/sec: 902,640 | mfu: 25.3% | epoch: 1 | remaining: 208s    
step 00642 (30.5%) | loss: 3.250424 | lrm: 1.00 | dt: 145ms | tok/sec: 902,438 | mfu: 25.2% | epoch: 1 | remaining: 208s    
step 00643 (30.6%) | loss: 3.249960 | lrm: 1.00 | dt: 145ms | tok/sec: 901,842 | mfu: 25.2% | epoch: 1 | remaining: 208s    
step 00644 (30.6%) | loss: 3.251170 | lrm: 1.00 | dt: 145ms | tok/sec: 902,598 | mfu: 25.3% | epoch: 1 | remaining: 208s    
step 00645 (30.7%) | loss: 3.255175 | lrm: 1.00 | dt: 145ms | tok/sec: 902,312 | mfu: 25.2% | epoch: 1 | remaining: 208s    
step 00646 (30.7%) | loss: 3.251726 | lrm: 1.00 | dt: 145ms | tok/sec: 902,344 | mfu: 25.2% | epoch: 1 | remaining: 208s    
step 00647 (30.8%) | loss: 3.252341 | lrm: 1.00 | dt: 145ms | tok/sec: 902,490 | mfu: 25.2% | epoch: 1 | remaining: 208s    
step 00648 (30.8%) | loss: 3.251053 | lrm: 1.00 | dt: 145ms | tok/sec: 902,721 | mfu: 25.3% | epoch: 1 | remaining: 207s    
step 00649 (30.9%) | loss: 3.253296 | lrm: 1.00 | dt: 145ms | tok/sec: 902,588 | mfu: 25.3% | epoch: 1 | remaining: 207s    
step 00650 (30.9%) | loss: 3.249118 | lrm: 1.00 | dt: 145ms | tok/sec: 901,646 | mfu: 25.2% | epoch: 1 | remaining: 207s    
step 00651 (31.0%) | loss: 3.251269 | lrm: 1.00 | dt: 146ms | tok/sec: 899,865 | mfu: 25.2% | epoch: 1 | remaining: 207s    
step 00652 (31.0%) | loss: 3.255944 | lrm: 1.00 | dt: 146ms | tok/sec: 900,152 | mfu: 25.2% | epoch: 1 | remaining: 207s    
step 00653 (31.1%) | loss: 3.258703 | lrm: 1.00 | dt: 146ms | tok/sec: 900,683 | mfu: 25.2% | epoch: 1 | remaining: 207s    
step 00654 (31.1%) | loss: 3.260160 | lrm: 1.00 | dt: 145ms | tok/sec: 901,889 | mfu: 25.2% | epoch: 1 | remaining: 206s    
step 00655 (31.2%) | loss: 3.254429 | lrm: 1.00 | dt: 145ms | tok/sec: 902,286 | mfu: 25.2% | epoch: 1 | remaining: 206s    
step 00656 (31.2%) | loss: 3.248257 | lrm: 1.00 | dt: 145ms | tok/sec: 902,502 | mfu: 25.2% | epoch: 1 | remaining: 206s    
step 00657 (31.3%) | loss: 3.250053 | lrm: 1.00 | dt: 145ms | tok/sec: 902,501 | mfu: 25.2% | epoch: 1 | remaining: 206s    
step 00658 (31.3%) | loss: 3.251311 | lrm: 1.00 | dt: 145ms | tok/sec: 902,763 | mfu: 25.3% | epoch: 1 | remaining: 206s    
step 00659 (31.4%) | loss: 3.251858 | lrm: 1.00 | dt: 145ms | tok/sec: 902,947 | mfu: 25.3% | epoch: 1 | remaining: 206s    
step 00660 (31.4%) | loss: 3.255631 | lrm: 1.00 | dt: 145ms | tok/sec: 902,108 | mfu: 25.2% | epoch: 1 | remaining: 206s    
step 00661 (31.5%) | loss: 3.256030 | lrm: 1.00 | dt: 145ms | tok/sec: 902,252 | mfu: 25.2% | epoch: 1 | remaining: 205s    
step 00662 (31.5%) | loss: 3.254643 | lrm: 1.00 | dt: 145ms | tok/sec: 902,204 | mfu: 25.2% | epoch: 1 | remaining: 205s    
step 00663 (31.6%) | loss: 3.250570 | lrm: 1.00 | dt: 145ms | tok/sec: 901,888 | mfu: 25.2% | epoch: 1 | remaining: 205s    
step 00664 (31.6%) | loss: 3.257661 | lrm: 1.00 | dt: 145ms | tok/sec: 902,644 | mfu: 25.3% | epoch: 1 | remaining: 205s    
step 00665 (31.7%) | loss: 3.252572 | lrm: 1.00 | dt: 145ms | tok/sec: 902,806 | mfu: 25.3% | epoch: 1 | remaining: 205s    
step 00666 (31.7%) | loss: 3.251136 | lrm: 1.00 | dt: 145ms | tok/sec: 902,598 | mfu: 25.3% | epoch: 1 | remaining: 205s    
step 00667 (31.8%) | loss: 3.250994 | lrm: 1.00 | dt: 145ms | tok/sec: 902,646 | mfu: 25.3% | epoch: 1 | remaining: 205s    
step 00668 (31.8%) | loss: 3.250568 | lrm: 1.00 | dt: 145ms | tok/sec: 902,461 | mfu: 25.2% | epoch: 1 | remaining: 204s    
step 00669 (31.8%) | loss: 3.249994 | lrm: 1.00 | dt: 145ms | tok/sec: 902,806 | mfu: 25.3% | epoch: 1 | remaining: 204s    
step 00670 (31.9%) | loss: 3.250493 | lrm: 1.00 | dt: 145ms | tok/sec: 902,592 | mfu: 25.3% | epoch: 1 | remaining: 204s    
step 00671 (31.9%) | loss: 3.250722 | lrm: 1.00 | dt: 145ms | tok/sec: 902,781 | mfu: 25.3% | epoch: 1 | remaining: 204s    
step 00672 (32.0%) | loss: 3.251886 | lrm: 1.00 | dt: 145ms | tok/sec: 902,388 | mfu: 25.2% | epoch: 1 | remaining: 204s    
step 00673 (32.0%) | loss: 3.249136 | lrm: 1.00 | dt: 145ms | tok/sec: 901,979 | mfu: 25.2% | epoch: 1 | remaining: 204s    
step 00674 (32.1%) | loss: 3.253415 | lrm: 1.00 | dt: 145ms | tok/sec: 902,754 | mfu: 25.3% | epoch: 1 | remaining: 204s    
step 00675 (32.1%) | loss: 3.252659 | lrm: 1.00 | dt: 145ms | tok/sec: 902,403 | mfu: 25.2% | epoch: 1 | remaining: 203s    
step 00676 (32.2%) | loss: 3.250710 | lrm: 1.00 | dt: 145ms | tok/sec: 902,624 | mfu: 25.3% | epoch: 1 | remaining: 203s    
step 00677 (32.2%) | loss: 3.252831 | lrm: 1.00 | dt: 145ms | tok/sec: 902,638 | mfu: 25.3% | epoch: 1 | remaining: 203s    
step 00678 (32.3%) | loss: 3.261127 | lrm: 1.00 | dt: 145ms | tok/sec: 902,785 | mfu: 25.3% | epoch: 1 | remaining: 203s    
step 00679 (32.3%) | loss: 3.264009 | lrm: 1.00 | dt: 145ms | tok/sec: 902,631 | mfu: 25.3% | epoch: 1 | remaining: 203s    
step 00680 (32.4%) | loss: 3.261389 | lrm: 1.00 | dt: 145ms | tok/sec: 902,689 | mfu: 25.3% | epoch: 1 | remaining: 203s    
step 00681 (32.4%) | loss: 3.255865 | lrm: 1.00 | dt: 145ms | tok/sec: 902,542 | mfu: 25.2% | epoch: 1 | remaining: 203s    
step 00682 (32.5%) | loss: 3.260129 | lrm: 1.00 | dt: 147ms | tok/sec: 888,672 | mfu: 24.9% | epoch: 1 | remaining: 202s    
step 00683 (32.5%) | loss: 3.261985 | lrm: 1.00 | dt: 145ms | tok/sec: 902,280 | mfu: 25.2% | epoch: 1 | remaining: 202s    
step 00684 (32.6%) | loss: 3.255702 | lrm: 1.00 | dt: 145ms | tok/sec: 902,665 | mfu: 25.3% | epoch: 1 | remaining: 202s    
step 00685 (32.6%) | loss: 3.250752 | lrm: 1.00 | dt: 145ms | tok/sec: 902,619 | mfu: 25.3% | epoch: 1 | remaining: 202s    
step 00686 (32.7%) | loss: 3.251058 | lrm: 1.00 | dt: 145ms | tok/sec: 902,555 | mfu: 25.3% | epoch: 1 | remaining: 202s    
step 00687 (32.7%) | loss: 3.244539 | lrm: 1.00 | dt: 145ms | tok/sec: 902,277 | mfu: 25.2% | epoch: 1 | remaining: 202s    
step 00688 (32.8%) | loss: 3.249290 | lrm: 1.00 | dt: 145ms | tok/sec: 902,492 | mfu: 25.2% | epoch: 1 | remaining: 202s    
step 00689 (32.8%) | loss: 3.245602 | lrm: 1.00 | dt: 145ms | tok/sec: 902,546 | mfu: 25.3% | epoch: 1 | remaining: 201s    
step 00690 (32.9%) | loss: 3.249190 | lrm: 1.00 | dt: 145ms | tok/sec: 902,718 | mfu: 25.3% | epoch: 1 | remaining: 201s    
step 00691 (32.9%) | loss: 3.252052 | lrm: 1.00 | dt: 145ms | tok/sec: 902,647 | mfu: 25.3% | epoch: 1 | remaining: 201s    
step 00692 (33.0%) | loss: 3.253392 | lrm: 1.00 | dt: 145ms | tok/sec: 902,375 | mfu: 25.2% | epoch: 1 | remaining: 201s    
step 00693 (33.0%) | loss: 3.253013 | lrm: 1.00 | dt: 145ms | tok/sec: 902,206 | mfu: 25.2% | epoch: 1 | remaining: 201s    
step 00694 (33.1%) | loss: 3.253527 | lrm: 1.00 | dt: 145ms | tok/sec: 902,883 | mfu: 25.3% | epoch: 1 | remaining: 201s    
step 00695 (33.1%) | loss: 3.251793 | lrm: 1.00 | dt: 145ms | tok/sec: 902,049 | mfu: 25.2% | epoch: 1 | remaining: 201s    
step 00696 (33.2%) | loss: 3.246049 | lrm: 1.00 | dt: 146ms | tok/sec: 900,633 | mfu: 25.2% | epoch: 1 | remaining: 200s    
step 00697 (33.2%) | loss: 3.248199 | lrm: 1.00 | dt: 145ms | tok/sec: 902,314 | mfu: 25.2% | epoch: 1 | remaining: 200s    
step 00698 (33.3%) | loss: 3.244552 | lrm: 1.00 | dt: 145ms | tok/sec: 902,253 | mfu: 25.2% | epoch: 1 | remaining: 200s    
step 00699 (33.3%) | loss: 3.245418 | lrm: 1.00 | dt: 145ms | tok/sec: 902,207 | mfu: 25.2% | epoch: 1 | remaining: 200s    
step 00700 (33.3%) | loss: 3.247200 | lrm: 1.00 | dt: 145ms | tok/sec: 902,767 | mfu: 25.3% | epoch: 1 | remaining: 200s    
step 00701 (33.4%) | loss: 3.246942 | lrm: 1.00 | dt: 145ms | tok/sec: 902,652 | mfu: 25.3% | epoch: 1 | remaining: 200s    
step 00702 (33.4%) | loss: 3.245743 | lrm: 1.00 | dt: 145ms | tok/sec: 902,560 | mfu: 25.3% | epoch: 1 | remaining: 200s    
step 00703 (33.5%) | loss: 3.235493 | lrm: 1.00 | dt: 145ms | tok/sec: 902,167 | mfu: 25.2% | epoch: 1 | remaining: 199s    
step 00704 (33.5%) | loss: 3.234790 | lrm: 1.00 | dt: 146ms | tok/sec: 900,583 | mfu: 25.2% | epoch: 1 | remaining: 199s    
step 00705 (33.6%) | loss: 3.233933 | lrm: 1.00 | dt: 145ms | tok/sec: 901,762 | mfu: 25.2% | epoch: 1 | remaining: 199s    
step 00706 (33.6%) | loss: 3.245298 | lrm: 1.00 | dt: 145ms | tok/sec: 902,286 | mfu: 25.2% | epoch: 1 | remaining: 199s    
step 00707 (33.7%) | loss: 3.244982 | lrm: 1.00 | dt: 145ms | tok/sec: 902,575 | mfu: 25.3% | epoch: 1 | remaining: 199s    
step 00708 (33.7%) | loss: 3.246679 | lrm: 1.00 | dt: 145ms | tok/sec: 902,493 | mfu: 25.2% | epoch: 1 | remaining: 199s    
step 00709 (33.8%) | loss: 3.245033 | lrm: 1.00 | dt: 145ms | tok/sec: 902,286 | mfu: 25.2% | epoch: 1 | remaining: 198s    
step 00710 (33.8%) | loss: 3.239233 | lrm: 1.00 | dt: 145ms | tok/sec: 902,655 | mfu: 25.3% | epoch: 1 | remaining: 198s    
step 00711 (33.9%) | loss: 3.229483 | lrm: 1.00 | dt: 145ms | tok/sec: 902,632 | mfu: 25.3% | epoch: 1 | remaining: 198s    
step 00712 (33.9%) | loss: 3.231413 | lrm: 1.00 | dt: 145ms | tok/sec: 902,274 | mfu: 25.2% | epoch: 1 | remaining: 198s    
step 00713 (34.0%) | loss: 3.231112 | lrm: 1.00 | dt: 145ms | tok/sec: 902,794 | mfu: 25.3% | epoch: 1 | remaining: 198s    
step 00714 (34.0%) | loss: 3.226841 | lrm: 1.00 | dt: 145ms | tok/sec: 902,403 | mfu: 25.2% | epoch: 1 | remaining: 198s    
step 00715 (34.1%) | loss: 3.231273 | lrm: 1.00 | dt: 145ms | tok/sec: 902,385 | mfu: 25.2% | epoch: 1 | remaining: 198s    
step 00716 (34.1%) | loss: 3.236904 | lrm: 1.00 | dt: 145ms | tok/sec: 902,176 | mfu: 25.2% | epoch: 1 | remaining: 197s    
step 00717 (34.2%) | loss: 3.235996 | lrm: 1.00 | dt: 145ms | tok/sec: 902,419 | mfu: 25.2% | epoch: 1 | remaining: 197s    
step 00718 (34.2%) | loss: 3.238532 | lrm: 1.00 | dt: 145ms | tok/sec: 902,618 | mfu: 25.3% | epoch: 1 | remaining: 197s    
step 00719 (34.3%) | loss: 3.234506 | lrm: 1.00 | dt: 145ms | tok/sec: 901,766 | mfu: 25.2% | epoch: 1 | remaining: 197s    
step 00720 (34.3%) | loss: 3.234739 | lrm: 1.00 | dt: 145ms | tok/sec: 902,441 | mfu: 25.2% | epoch: 1 | remaining: 197s    
step 00721 (34.4%) | loss: 3.232092 | lrm: 1.00 | dt: 145ms | tok/sec: 902,892 | mfu: 25.3% | epoch: 1 | remaining: 197s    
step 00722 (34.4%) | loss: 3.225682 | lrm: 1.00 | dt: 145ms | tok/sec: 902,247 | mfu: 25.2% | epoch: 1 | remaining: 197s    
step 00723 (34.5%) | loss: 3.220060 | lrm: 1.00 | dt: 145ms | tok/sec: 902,720 | mfu: 25.3% | epoch: 1 | remaining: 196s    
step 00724 (34.5%) | loss: 3.223699 | lrm: 1.00 | dt: 145ms | tok/sec: 902,166 | mfu: 25.2% | epoch: 1 | remaining: 196s    
step 00725 (34.6%) | loss: 3.223358 | lrm: 1.00 | dt: 145ms | tok/sec: 902,619 | mfu: 25.3% | epoch: 1 | remaining: 196s    
step 00726 (34.6%) | loss: 3.216951 | lrm: 1.00 | dt: 145ms | tok/sec: 902,438 | mfu: 25.2% | epoch: 1 | remaining: 196s    
step 00727 (34.7%) | loss: 3.219233 | lrm: 1.00 | dt: 145ms | tok/sec: 902,364 | mfu: 25.2% | epoch: 1 | remaining: 196s    
step 00728 (34.7%) | loss: 3.218545 | lrm: 1.00 | dt: 145ms | tok/sec: 902,256 | mfu: 25.2% | epoch: 1 | remaining: 196s    
step 00729 (34.8%) | loss: 3.216830 | lrm: 1.00 | dt: 145ms | tok/sec: 902,801 | mfu: 25.3% | epoch: 1 | remaining: 196s    
step 00730 (34.8%) | loss: 3.220580 | lrm: 1.00 | dt: 145ms | tok/sec: 902,073 | mfu: 25.2% | epoch: 1 | remaining: 195s    
step 00731 (34.9%) | loss: 3.221264 | lrm: 1.00 | dt: 145ms | tok/sec: 902,469 | mfu: 25.2% | epoch: 1 | remaining: 195s    
step 00732 (34.9%) | loss: 3.215724 | lrm: 1.00 | dt: 145ms | tok/sec: 902,627 | mfu: 25.3% | epoch: 1 | remaining: 195s    
step 00733 (34.9%) | loss: 3.211700 | lrm: 1.00 | dt: 145ms | tok/sec: 902,529 | mfu: 25.2% | epoch: 1 | remaining: 195s    
step 00734 (35.0%) | loss: 3.217838 | lrm: 1.00 | dt: 145ms | tok/sec: 902,061 | mfu: 25.2% | epoch: 1 | remaining: 195s    
step 00735 (35.0%) | loss: 3.214733 | lrm: 1.00 | dt: 145ms | tok/sec: 902,455 | mfu: 25.2% | epoch: 1 | remaining: 195s    
step 00736 (35.1%) | loss: 3.212399 | lrm: 1.00 | dt: 145ms | tok/sec: 902,711 | mfu: 25.3% | epoch: 1 | remaining: 195s    
step 00737 (35.1%) | loss: 3.207100 | lrm: 1.00 | dt: 145ms | tok/sec: 902,836 | mfu: 25.3% | epoch: 1 | remaining: 194s    
step 00738 (35.2%) | loss: 3.201664 | lrm: 1.00 | dt: 145ms | tok/sec: 902,192 | mfu: 25.2% | epoch: 1 | remaining: 194s    
step 00739 (35.2%) | loss: 3.198528 | lrm: 1.00 | dt: 146ms | tok/sec: 900,335 | mfu: 25.2% | epoch: 1 | remaining: 194s    
step 00740 (35.3%) | loss: 3.196768 | lrm: 1.00 | dt: 146ms | tok/sec: 900,518 | mfu: 25.2% | epoch: 1 | remaining: 194s    
step 00741 (35.3%) | loss: 3.204242 | lrm: 1.00 | dt: 145ms | tok/sec: 902,267 | mfu: 25.2% | epoch: 1 | remaining: 194s    
step 00742 (35.4%) | loss: 3.210784 | lrm: 1.00 | dt: 145ms | tok/sec: 902,432 | mfu: 25.2% | epoch: 1 | remaining: 194s    
step 00743 (35.4%) | loss: 3.213103 | lrm: 1.00 | dt: 145ms | tok/sec: 902,395 | mfu: 25.2% | epoch: 1 | remaining: 194s    
step 00744 (35.5%) | loss: 3.211040 | lrm: 1.00 | dt: 145ms | tok/sec: 902,628 | mfu: 25.3% | epoch: 1 | remaining: 193s    
step 00745 (35.5%) | loss: 3.209337 | lrm: 1.00 | dt: 145ms | tok/sec: 902,515 | mfu: 25.2% | epoch: 1 | remaining: 193s    
step 00746 (35.6%) | loss: 3.208699 | lrm: 1.00 | dt: 145ms | tok/sec: 902,841 | mfu: 25.3% | epoch: 1 | remaining: 193s    
step 00747 (35.6%) | loss: 3.209458 | lrm: 1.00 | dt: 145ms | tok/sec: 901,704 | mfu: 25.2% | epoch: 1 | remaining: 193s    
step 00748 (35.7%) | loss: 3.210453 | lrm: 1.00 | dt: 145ms | tok/sec: 902,267 | mfu: 25.2% | epoch: 1 | remaining: 193s    
step 00749 (35.7%) | loss: 3.203601 | lrm: 1.00 | dt: 145ms | tok/sec: 902,073 | mfu: 25.2% | epoch: 1 | remaining: 193s    
step 00750 (35.8%) | loss: 3.206831 | lrm: 1.00 | dt: 145ms | tok/sec: 901,978 | mfu: 25.2% | epoch: 1 | remaining: 193s    
step 00751 (35.8%) | loss: 3.200196 | lrm: 1.00 | dt: 145ms | tok/sec: 902,524 | mfu: 25.2% | epoch: 1 | remaining: 192s    
step 00752 (35.9%) | loss: 3.203103 | lrm: 1.00 | dt: 145ms | tok/sec: 902,698 | mfu: 25.3% | epoch: 1 | remaining: 192s    
step 00753 (35.9%) | loss: 3.198980 | lrm: 1.00 | dt: 145ms | tok/sec: 902,259 | mfu: 25.2% | epoch: 1 | remaining: 192s    
step 00754 (36.0%) | loss: 3.199349 | lrm: 1.00 | dt: 145ms | tok/sec: 902,289 | mfu: 25.2% | epoch: 1 | remaining: 192s    
step 00755 (36.0%) | loss: 3.193653 | lrm: 1.00 | dt: 145ms | tok/sec: 902,022 | mfu: 25.2% | epoch: 1 | remaining: 192s    
step 00756 (36.1%) | loss: 3.195679 | lrm: 1.00 | dt: 145ms | tok/sec: 902,348 | mfu: 25.2% | epoch: 1 | remaining: 192s    
step 00757 (36.1%) | loss: 3.199806 | lrm: 1.00 | dt: 145ms | tok/sec: 902,184 | mfu: 25.2% | epoch: 1 | remaining: 192s    
step 00758 (36.2%) | loss: 3.204573 | lrm: 1.00 | dt: 145ms | tok/sec: 902,724 | mfu: 25.3% | epoch: 1 | remaining: 191s    
step 00759 (36.2%) | loss: 3.213777 | lrm: 1.00 | dt: 145ms | tok/sec: 902,592 | mfu: 25.3% | epoch: 1 | remaining: 191s    
step 00760 (36.3%) | loss: 3.213820 | lrm: 1.00 | dt: 145ms | tok/sec: 902,542 | mfu: 25.2% | epoch: 1 | remaining: 191s    
step 00761 (36.3%) | loss: 3.212089 | lrm: 1.00 | dt: 145ms | tok/sec: 902,161 | mfu: 25.2% | epoch: 1 | remaining: 191s    
step 00762 (36.4%) | loss: 3.216813 | lrm: 1.00 | dt: 145ms | tok/sec: 901,018 | mfu: 25.2% | epoch: 1 | remaining: 191s    
step 00763 (36.4%) | loss: 3.216812 | lrm: 1.00 | dt: 145ms | tok/sec: 902,219 | mfu: 25.2% | epoch: 1 | remaining: 191s    
step 00764 (36.4%) | loss: 3.218941 | lrm: 1.00 | dt: 145ms | tok/sec: 902,218 | mfu: 25.2% | epoch: 1 | remaining: 191s    
step 00765 (36.5%) | loss: 3.217650 | lrm: 1.00 | dt: 145ms | tok/sec: 901,969 | mfu: 25.2% | epoch: 1 | remaining: 190s    
step 00766 (36.5%) | loss: 3.223282 | lrm: 1.00 | dt: 145ms | tok/sec: 902,312 | mfu: 25.2% | epoch: 1 | remaining: 190s    
step 00767 (36.6%) | loss: 3.219854 | lrm: 1.00 | dt: 145ms | tok/sec: 902,286 | mfu: 25.2% | epoch: 1 | remaining: 190s    
step 00768 (36.6%) | loss: 3.218871 | lrm: 1.00 | dt: 145ms | tok/sec: 902,545 | mfu: 25.3% | epoch: 1 | remaining: 190s    
step 00769 (36.7%) | loss: 3.222022 | lrm: 1.00 | dt: 145ms | tok/sec: 902,735 | mfu: 25.3% | epoch: 1 | remaining: 190s    
step 00770 (36.7%) | loss: 3.220558 | lrm: 1.00 | dt: 145ms | tok/sec: 902,656 | mfu: 25.3% | epoch: 1 | remaining: 190s    
step 00771 (36.8%) | loss: 3.222050 | lrm: 1.00 | dt: 145ms | tok/sec: 902,478 | mfu: 25.2% | epoch: 1 | remaining: 189s    
step 00772 (36.8%) | loss: 3.213772 | lrm: 1.00 | dt: 145ms | tok/sec: 902,555 | mfu: 25.3% | epoch: 1 | remaining: 189s    
step 00773 (36.9%) | loss: 3.212520 | lrm: 1.00 | dt: 145ms | tok/sec: 902,407 | mfu: 25.2% | epoch: 1 | remaining: 189s    
step 00774 (36.9%) | loss: 3.210443 | lrm: 1.00 | dt: 145ms | tok/sec: 902,358 | mfu: 25.2% | epoch: 1 | remaining: 189s    
step 00775 (37.0%) | loss: 3.214671 | lrm: 1.00 | dt: 145ms | tok/sec: 902,449 | mfu: 25.2% | epoch: 1 | remaining: 189s    
step 00776 (37.0%) | loss: 3.210067 | lrm: 1.00 | dt: 145ms | tok/sec: 902,240 | mfu: 25.2% | epoch: 1 | remaining: 189s    
step 00777 (37.1%) | loss: 3.207657 | lrm: 1.00 | dt: 145ms | tok/sec: 902,644 | mfu: 25.3% | epoch: 1 | remaining: 189s    
step 00778 (37.1%) | loss: 3.204104 | lrm: 1.00 | dt: 145ms | tok/sec: 902,349 | mfu: 25.2% | epoch: 1 | remaining: 188s    
step 00779 (37.2%) | loss: 3.198837 | lrm: 1.00 | dt: 145ms | tok/sec: 902,564 | mfu: 25.3% | epoch: 1 | remaining: 188s    
step 00780 (37.2%) | loss: 3.205884 | lrm: 1.00 | dt: 145ms | tok/sec: 902,425 | mfu: 25.2% | epoch: 1 | remaining: 188s    
step 00781 (37.3%) | loss: 3.203580 | lrm: 1.00 | dt: 145ms | tok/sec: 902,629 | mfu: 25.3% | epoch: 1 | remaining: 188s    
step 00782 (37.3%) | loss: 3.200975 | lrm: 1.00 | dt: 145ms | tok/sec: 902,515 | mfu: 25.2% | epoch: 1 | remaining: 188s    
step 00783 (37.4%) | loss: 3.206116 | lrm: 1.00 | dt: 145ms | tok/sec: 902,646 | mfu: 25.3% | epoch: 1 | remaining: 188s    
step 00784 (37.4%) | loss: 3.208791 | lrm: 1.00 | dt: 145ms | tok/sec: 902,290 | mfu: 25.2% | epoch: 1 | remaining: 188s    
step 00785 (37.5%) | loss: 3.203385 | lrm: 1.00 | dt: 145ms | tok/sec: 902,315 | mfu: 25.2% | epoch: 1 | remaining: 187s    
step 00786 (37.5%) | loss: 3.206436 | lrm: 1.00 | dt: 145ms | tok/sec: 902,526 | mfu: 25.2% | epoch: 1 | remaining: 187s    
step 00787 (37.6%) | loss: 3.207796 | lrm: 1.00 | dt: 145ms | tok/sec: 902,375 | mfu: 25.2% | epoch: 1 | remaining: 187s    
step 00788 (37.6%) | loss: 3.206212 | lrm: 1.00 | dt: 145ms | tok/sec: 902,450 | mfu: 25.2% | epoch: 1 | remaining: 187s    
step 00789 (37.7%) | loss: 3.207739 | lrm: 1.00 | dt: 145ms | tok/sec: 902,683 | mfu: 25.3% | epoch: 1 | remaining: 187s    
step 00790 (37.7%) | loss: 3.209763 | lrm: 1.00 | dt: 145ms | tok/sec: 902,093 | mfu: 25.2% | epoch: 1 | remaining: 187s    
step 00791 (37.8%) | loss: 3.208645 | lrm: 1.00 | dt: 145ms | tok/sec: 902,612 | mfu: 25.3% | epoch: 1 | remaining: 187s    
step 00792 (37.8%) | loss: 3.207371 | lrm: 1.00 | dt: 145ms | tok/sec: 902,529 | mfu: 25.2% | epoch: 1 | remaining: 186s    
step 00793 (37.9%) | loss: 3.213918 | lrm: 1.00 | dt: 145ms | tok/sec: 902,993 | mfu: 25.3% | epoch: 1 | remaining: 186s    
step 00794 (37.9%) | loss: 3.213000 | lrm: 1.00 | dt: 145ms | tok/sec: 902,532 | mfu: 25.2% | epoch: 1 | remaining: 186s    
step 00795 (37.9%) | loss: 3.197228 | lrm: 1.00 | dt: 145ms | tok/sec: 902,652 | mfu: 25.3% | epoch: 1 | remaining: 186s    
step 00796 (38.0%) | loss: 3.191777 | lrm: 1.00 | dt: 145ms | tok/sec: 902,884 | mfu: 25.3% | epoch: 1 | remaining: 186s    
step 00797 (38.0%) | loss: 3.193706 | lrm: 1.00 | dt: 145ms | tok/sec: 902,650 | mfu: 25.3% | epoch: 1 | remaining: 186s    
step 00798 (38.1%) | loss: 3.195417 | lrm: 1.00 | dt: 145ms | tok/sec: 902,241 | mfu: 25.2% | epoch: 1 | remaining: 186s    
step 00799 (38.1%) | loss: 3.192125 | lrm: 1.00 | dt: 145ms | tok/sec: 902,425 | mfu: 25.2% | epoch: 1 | remaining: 185s    
step 00800 (38.2%) | loss: 3.192394 | lrm: 1.00 | dt: 145ms | tok/sec: 902,135 | mfu: 25.2% | epoch: 1 | remaining: 185s    
step 00801 (38.2%) | loss: 3.190464 | lrm: 1.00 | dt: 145ms | tok/sec: 902,545 | mfu: 25.3% | epoch: 1 | remaining: 185s    
step 00802 (38.3%) | loss: 3.190893 | lrm: 1.00 | dt: 145ms | tok/sec: 902,720 | mfu: 25.3% | epoch: 1 | remaining: 185s    
step 00803 (38.3%) | loss: 3.190764 | lrm: 1.00 | dt: 145ms | tok/sec: 902,252 | mfu: 25.2% | epoch: 1 | remaining: 185s    
step 00804 (38.4%) | loss: 3.192900 | lrm: 1.00 | dt: 145ms | tok/sec: 902,111 | mfu: 25.2% | epoch: 1 | remaining: 185s    
step 00805 (38.4%) | loss: 3.196421 | lrm: 1.00 | dt: 145ms | tok/sec: 902,515 | mfu: 25.2% | epoch: 1 | remaining: 185s    
step 00806 (38.5%) | loss: 3.195257 | lrm: 1.00 | dt: 145ms | tok/sec: 902,317 | mfu: 25.2% | epoch: 1 | remaining: 184s    
step 00807 (38.5%) | loss: 3.197897 | lrm: 1.00 | dt: 145ms | tok/sec: 902,000 | mfu: 25.2% | epoch: 1 | remaining: 184s    
step 00808 (38.6%) | loss: 3.201794 | lrm: 1.00 | dt: 145ms | tok/sec: 902,201 | mfu: 25.2% | epoch: 1 | remaining: 184s    
step 00809 (38.6%) | loss: 3.197113 | lrm: 1.00 | dt: 145ms | tok/sec: 902,683 | mfu: 25.3% | epoch: 1 | remaining: 184s    
step 00810 (38.7%) | loss: 3.196310 | lrm: 1.00 | dt: 145ms | tok/sec: 902,342 | mfu: 25.2% | epoch: 1 | remaining: 184s    
step 00811 (38.7%) | loss: 3.200905 | lrm: 1.00 | dt: 145ms | tok/sec: 902,782 | mfu: 25.3% | epoch: 1 | remaining: 184s    
step 00812 (38.8%) | loss: 3.199091 | lrm: 1.00 | dt: 145ms | tok/sec: 902,532 | mfu: 25.2% | epoch: 1 | remaining: 184s    
step 00813 (38.8%) | loss: 3.197833 | lrm: 1.00 | dt: 145ms | tok/sec: 902,364 | mfu: 25.2% | epoch: 1 | remaining: 183s    
step 00814 (38.9%) | loss: 3.197845 | lrm: 1.00 | dt: 145ms | tok/sec: 900,893 | mfu: 25.2% | epoch: 1 | remaining: 183s    
step 00815 (38.9%) | loss: 3.195731 | lrm: 1.00 | dt: 145ms | tok/sec: 902,118 | mfu: 25.2% | epoch: 1 | remaining: 183s    
step 00816 (39.0%) | loss: 3.198551 | lrm: 1.00 | dt: 145ms | tok/sec: 902,672 | mfu: 25.3% | epoch: 1 | remaining: 183s    
step 00817 (39.0%) | loss: 3.194113 | lrm: 1.00 | dt: 145ms | tok/sec: 902,499 | mfu: 25.2% | epoch: 1 | remaining: 183s    
step 00818 (39.1%) | loss: 3.187687 | lrm: 1.00 | dt: 145ms | tok/sec: 902,335 | mfu: 25.2% | epoch: 1 | remaining: 183s    
step 00819 (39.1%) | loss: 3.190278 | lrm: 1.00 | dt: 145ms | tok/sec: 902,327 | mfu: 25.2% | epoch: 1 | remaining: 183s    
step 00820 (39.2%) | loss: 3.188910 | lrm: 1.00 | dt: 145ms | tok/sec: 902,690 | mfu: 25.3% | epoch: 1 | remaining: 182s    
step 00821 (39.2%) | loss: 3.190742 | lrm: 1.00 | dt: 145ms | tok/sec: 902,618 | mfu: 25.3% | epoch: 1 | remaining: 182s    
step 00822 (39.3%) | loss: 3.182618 | lrm: 1.00 | dt: 145ms | tok/sec: 902,778 | mfu: 25.3% | epoch: 1 | remaining: 182s    
step 00823 (39.3%) | loss: 3.175884 | lrm: 1.00 | dt: 145ms | tok/sec: 902,111 | mfu: 25.2% | epoch: 1 | remaining: 182s    
step 00824 (39.4%) | loss: 3.175885 | lrm: 1.00 | dt: 145ms | tok/sec: 902,563 | mfu: 25.3% | epoch: 1 | remaining: 182s    
step 00825 (39.4%) | loss: 3.181343 | lrm: 1.00 | dt: 145ms | tok/sec: 902,730 | mfu: 25.3% | epoch: 1 | remaining: 182s    
step 00826 (39.5%) | loss: 3.180436 | lrm: 1.00 | dt: 145ms | tok/sec: 902,166 | mfu: 25.2% | epoch: 1 | remaining: 182s    
step 00827 (39.5%) | loss: 3.181400 | lrm: 1.00 | dt: 145ms | tok/sec: 902,158 | mfu: 25.2% | epoch: 1 | remaining: 181s    
step 00828 (39.5%) | loss: 3.179414 | lrm: 1.00 | dt: 145ms | tok/sec: 901,607 | mfu: 25.2% | epoch: 1 | remaining: 181s    
step 00829 (39.6%) | loss: 3.180402 | lrm: 1.00 | dt: 145ms | tok/sec: 901,898 | mfu: 25.2% | epoch: 1 | remaining: 181s    
step 00830 (39.6%) | loss: 3.181856 | lrm: 1.00 | dt: 145ms | tok/sec: 903,151 | mfu: 25.3% | epoch: 1 | remaining: 181s    
step 00831 (39.7%) | loss: 3.180518 | lrm: 1.00 | dt: 145ms | tok/sec: 902,212 | mfu: 25.2% | epoch: 1 | remaining: 181s    
step 00832 (39.7%) | loss: 3.177240 | lrm: 1.00 | dt: 145ms | tok/sec: 902,526 | mfu: 25.2% | epoch: 1 | remaining: 181s    
step 00833 (39.8%) | loss: 3.181361 | lrm: 1.00 | dt: 145ms | tok/sec: 902,572 | mfu: 25.3% | epoch: 1 | remaining: 180s    
step 00834 (39.8%) | loss: 3.185843 | lrm: 1.00 | dt: 145ms | tok/sec: 901,385 | mfu: 25.2% | epoch: 1 | remaining: 180s    
step 00835 (39.9%) | loss: 3.184773 | lrm: 1.00 | dt: 145ms | tok/sec: 902,576 | mfu: 25.3% | epoch: 1 | remaining: 180s    
step 00836 (39.9%) | loss: 3.182533 | lrm: 1.00 | dt: 145ms | tok/sec: 902,649 | mfu: 25.3% | epoch: 1 | remaining: 180s    
step 00837 (40.0%) | loss: 3.185168 | lrm: 1.00 | dt: 145ms | tok/sec: 902,452 | mfu: 25.2% | epoch: 1 | remaining: 180s    
step 00838 (40.0%) | loss: 3.180615 | lrm: 1.00 | dt: 145ms | tok/sec: 902,392 | mfu: 25.2% | epoch: 1 | remaining: 180s    
step 00839 (40.1%) | loss: 3.182434 | lrm: 1.00 | dt: 145ms | tok/sec: 902,625 | mfu: 25.3% | epoch: 1 | remaining: 180s    
step 00840 (40.1%) | loss: 3.184928 | lrm: 1.00 | dt: 145ms | tok/sec: 902,019 | mfu: 25.2% | epoch: 1 | remaining: 179s    
step 00841 (40.2%) | loss: 3.185398 | lrm: 1.00 | dt: 145ms | tok/sec: 902,227 | mfu: 25.2% | epoch: 1 | remaining: 179s    
step 00842 (40.2%) | loss: 3.184943 | lrm: 1.00 | dt: 145ms | tok/sec: 902,005 | mfu: 25.2% | epoch: 1 | remaining: 179s    
step 00843 (40.3%) | loss: 3.175857 | lrm: 1.00 | dt: 145ms | tok/sec: 901,722 | mfu: 25.2% | epoch: 1 | remaining: 179s    
step 00844 (40.3%) | loss: 3.178569 | lrm: 1.00 | dt: 145ms | tok/sec: 902,179 | mfu: 25.2% | epoch: 1 | remaining: 179s    
step 00845 (40.4%) | loss: 3.175329 | lrm: 1.00 | dt: 145ms | tok/sec: 902,158 | mfu: 25.2% | epoch: 1 | remaining: 179s    
step 00846 (40.4%) | loss: 3.181421 | lrm: 1.00 | dt: 145ms | tok/sec: 902,250 | mfu: 25.2% | epoch: 1 | remaining: 179s    
step 00847 (40.5%) | loss: 3.187135 | lrm: 1.00 | dt: 145ms | tok/sec: 902,533 | mfu: 25.2% | epoch: 1 | remaining: 178s    
step 00848 (40.5%) | loss: 3.191440 | lrm: 1.00 | dt: 145ms | tok/sec: 901,870 | mfu: 25.2% | epoch: 1 | remaining: 178s    
step 00849 (40.6%) | loss: 3.191410 | lrm: 1.00 | dt: 145ms | tok/sec: 901,765 | mfu: 25.2% | epoch: 1 | remaining: 178s    
step 00850 (40.6%) | loss: 3.187747 | lrm: 1.00 | dt: 145ms | tok/sec: 902,541 | mfu: 25.2% | epoch: 1 | remaining: 178s    
step 00851 (40.7%) | loss: 3.182756 | lrm: 1.00 | dt: 145ms | tok/sec: 901,988 | mfu: 25.2% | epoch: 1 | remaining: 178s    
step 00852 (40.7%) | loss: 3.182621 | lrm: 1.00 | dt: 145ms | tok/sec: 902,461 | mfu: 25.2% | epoch: 1 | remaining: 178s    
step 00853 (40.8%) | loss: 3.182754 | lrm: 1.00 | dt: 145ms | tok/sec: 902,332 | mfu: 25.2% | epoch: 1 | remaining: 178s    
step 00854 (40.8%) | loss: 3.180442 | lrm: 1.00 | dt: 145ms | tok/sec: 902,477 | mfu: 25.2% | epoch: 1 | remaining: 177s    
step 00855 (40.9%) | loss: 3.174973 | lrm: 1.00 | dt: 145ms | tok/sec: 902,329 | mfu: 25.2% | epoch: 1 | remaining: 177s    
step 00856 (40.9%) | loss: 3.166940 | lrm: 1.00 | dt: 145ms | tok/sec: 902,104 | mfu: 25.2% | epoch: 1 | remaining: 177s    
step 00857 (41.0%) | loss: 3.169312 | lrm: 1.00 | dt: 145ms | tok/sec: 901,975 | mfu: 25.2% | epoch: 1 | remaining: 177s    
step 00858 (41.0%) | loss: 3.167429 | lrm: 1.00 | dt: 145ms | tok/sec: 902,127 | mfu: 25.2% | epoch: 1 | remaining: 177s    
step 00859 (41.0%) | loss: 3.167357 | lrm: 1.00 | dt: 145ms | tok/sec: 901,725 | mfu: 25.2% | epoch: 1 | remaining: 177s    
step 00860 (41.1%) | loss: 3.170492 | lrm: 1.00 | dt: 145ms | tok/sec: 902,089 | mfu: 25.2% | epoch: 1 | remaining: 177s    
step 00861 (41.1%) | loss: 3.174790 | lrm: 1.00 | dt: 145ms | tok/sec: 902,449 | mfu: 25.2% | epoch: 1 | remaining: 176s    
step 00862 (41.2%) | loss: 3.171371 | lrm: 1.00 | dt: 145ms | tok/sec: 901,454 | mfu: 25.2% | epoch: 1 | remaining: 176s    
step 00863 (41.2%) | loss: 3.172249 | lrm: 1.00 | dt: 145ms | tok/sec: 901,660 | mfu: 25.2% | epoch: 1 | remaining: 176s    
step 00864 (41.3%) | loss: 3.169870 | lrm: 1.00 | dt: 145ms | tok/sec: 901,780 | mfu: 25.2% | epoch: 1 | remaining: 176s    
step 00865 (41.3%) | loss: 3.165522 | lrm: 1.00 | dt: 145ms | tok/sec: 902,351 | mfu: 25.2% | epoch: 1 | remaining: 176s    
step 00866 (41.4%) | loss: 3.168533 | lrm: 1.00 | dt: 145ms | tok/sec: 901,994 | mfu: 25.2% | epoch: 1 | remaining: 176s    
step 00867 (41.4%) | loss: 3.171358 | lrm: 1.00 | dt: 145ms | tok/sec: 902,517 | mfu: 25.2% | epoch: 1 | remaining: 176s    
step 00868 (41.5%) | loss: 3.174466 | lrm: 1.00 | dt: 145ms | tok/sec: 902,920 | mfu: 25.3% | epoch: 1 | remaining: 175s    
step 00869 (41.5%) | loss: 3.178688 | lrm: 1.00 | dt: 145ms | tok/sec: 901,651 | mfu: 25.2% | epoch: 1 | remaining: 175s    
step 00870 (41.6%) | loss: 3.175578 | lrm: 1.00 | dt: 145ms | tok/sec: 902,341 | mfu: 25.2% | epoch: 1 | remaining: 175s    
step 00871 (41.6%) | loss: 3.183714 | lrm: 1.00 | dt: 145ms | tok/sec: 902,484 | mfu: 25.2% | epoch: 1 | remaining: 175s    
step 00872 (41.7%) | loss: 3.186117 | lrm: 1.00 | dt: 145ms | tok/sec: 902,462 | mfu: 25.2% | epoch: 1 | remaining: 175s    
step 00873 (41.7%) | loss: 3.179863 | lrm: 1.00 | dt: 145ms | tok/sec: 902,514 | mfu: 25.2% | epoch: 1 | remaining: 175s    
step 00874 (41.8%) | loss: 3.177213 | lrm: 1.00 | dt: 145ms | tok/sec: 902,484 | mfu: 25.2% | epoch: 1 | remaining: 175s    
step 00875 (41.8%) | loss: 3.178584 | lrm: 1.00 | dt: 145ms | tok/sec: 902,545 | mfu: 25.3% | epoch: 1 | remaining: 174s    
step 00876 (41.9%) | loss: 3.184569 | lrm: 1.00 | dt: 145ms | tok/sec: 902,604 | mfu: 25.3% | epoch: 1 | remaining: 174s    
step 00877 (41.9%) | loss: 3.179789 | lrm: 1.00 | dt: 145ms | tok/sec: 902,431 | mfu: 25.2% | epoch: 1 | remaining: 174s    
step 00878 (42.0%) | loss: 3.179700 | lrm: 1.00 | dt: 145ms | tok/sec: 901,845 | mfu: 25.2% | epoch: 1 | remaining: 174s    
step 00879 (42.0%) | loss: 3.181136 | lrm: 1.00 | dt: 145ms | tok/sec: 902,295 | mfu: 25.2% | epoch: 1 | remaining: 174s    
step 00880 (42.1%) | loss: 3.180765 | lrm: 1.00 | dt: 145ms | tok/sec: 902,352 | mfu: 25.2% | epoch: 1 | remaining: 174s    
step 00881 (42.1%) | loss: 3.182104 | lrm: 1.00 | dt: 145ms | tok/sec: 902,363 | mfu: 25.2% | epoch: 1 | remaining: 174s    
step 00882 (42.2%) | loss: 3.178964 | lrm: 1.00 | dt: 145ms | tok/sec: 902,655 | mfu: 25.3% | epoch: 1 | remaining: 173s    
step 00883 (42.2%) | loss: 3.188332 | lrm: 1.00 | dt: 145ms | tok/sec: 902,474 | mfu: 25.2% | epoch: 1 | remaining: 173s    
step 00884 (42.3%) | loss: 3.186530 | lrm: 1.00 | dt: 145ms | tok/sec: 902,704 | mfu: 25.3% | epoch: 1 | remaining: 173s    
step 00885 (42.3%) | loss: 3.189516 | lrm: 1.00 | dt: 145ms | tok/sec: 901,686 | mfu: 25.2% | epoch: 1 | remaining: 173s    
step 00886 (42.4%) | loss: 3.193441 | lrm: 1.00 | dt: 145ms | tok/sec: 902,652 | mfu: 25.3% | epoch: 1 | remaining: 173s    
step 00887 (42.4%) | loss: 3.194785 | lrm: 1.00 | dt: 145ms | tok/sec: 902,446 | mfu: 25.2% | epoch: 1 | remaining: 173s    
step 00888 (42.5%) | loss: 3.184876 | lrm: 1.00 | dt: 145ms | tok/sec: 902,290 | mfu: 25.2% | epoch: 1 | remaining: 172s    
step 00889 (42.5%) | loss: 3.173338 | lrm: 1.00 | dt: 145ms | tok/sec: 902,538 | mfu: 25.2% | epoch: 1 | remaining: 172s    
step 00890 (42.5%) | loss: 3.171726 | lrm: 1.00 | dt: 145ms | tok/sec: 902,213 | mfu: 25.2% | epoch: 1 | remaining: 172s    
step 00891 (42.6%) | loss: 3.169801 | lrm: 1.00 | dt: 145ms | tok/sec: 902,135 | mfu: 25.2% | epoch: 1 | remaining: 172s    
step 00892 (42.6%) | loss: 3.164930 | lrm: 1.00 | dt: 145ms | tok/sec: 902,712 | mfu: 25.3% | epoch: 1 | remaining: 172s    
step 00893 (42.7%) | loss: 3.167394 | lrm: 1.00 | dt: 145ms | tok/sec: 902,127 | mfu: 25.2% | epoch: 1 | remaining: 172s    
step 00894 (42.7%) | loss: 3.170877 | lrm: 1.00 | dt: 145ms | tok/sec: 902,461 | mfu: 25.2% | epoch: 1 | remaining: 172s    
step 00895 (42.8%) | loss: 3.173143 | lrm: 1.00 | dt: 145ms | tok/sec: 902,890 | mfu: 25.3% | epoch: 1 | remaining: 171s    
step 00896 (42.8%) | loss: 3.170887 | lrm: 1.00 | dt: 145ms | tok/sec: 902,323 | mfu: 25.2% | epoch: 1 | remaining: 171s    
step 00897 (42.9%) | loss: 3.171772 | lrm: 1.00 | dt: 145ms | tok/sec: 902,136 | mfu: 25.2% | epoch: 1 | remaining: 171s    
step 00898 (42.9%) | loss: 3.176423 | lrm: 1.00 | dt: 145ms | tok/sec: 902,469 | mfu: 25.2% | epoch: 1 | remaining: 171s    
step 00899 (43.0%) | loss: 3.173017 | lrm: 1.00 | dt: 145ms | tok/sec: 902,627 | mfu: 25.3% | epoch: 1 | remaining: 171s    
step 00900 (43.0%) | loss: 3.178463 | lrm: 1.00 | dt: 145ms | tok/sec: 902,104 | mfu: 25.2% | epoch: 1 | remaining: 171s    
step 00901 (43.1%) | loss: 3.175150 | lrm: 1.00 | dt: 145ms | tok/sec: 902,502 | mfu: 25.2% | epoch: 1 | remaining: 171s    
step 00902 (43.1%) | loss: 3.181315 | lrm: 1.00 | dt: 145ms | tok/sec: 902,425 | mfu: 25.2% | epoch: 1 | remaining: 170s    
step 00903 (43.2%) | loss: 3.177091 | lrm: 1.00 | dt: 145ms | tok/sec: 902,689 | mfu: 25.3% | epoch: 1 | remaining: 170s    
step 00904 (43.2%) | loss: 3.183780 | lrm: 1.00 | dt: 145ms | tok/sec: 902,426 | mfu: 25.2% | epoch: 1 | remaining: 170s    
step 00905 (43.3%) | loss: 3.184275 | lrm: 1.00 | dt: 145ms | tok/sec: 902,667 | mfu: 25.3% | epoch: 1 | remaining: 170s    
step 00906 (43.3%) | loss: 3.181818 | lrm: 1.00 | dt: 145ms | tok/sec: 902,385 | mfu: 25.2% | epoch: 1 | remaining: 170s    
step 00907 (43.4%) | loss: 3.189661 | lrm: 1.00 | dt: 145ms | tok/sec: 902,523 | mfu: 25.2% | epoch: 1 | remaining: 170s    
step 00908 (43.4%) | loss: 3.184962 | lrm: 1.00 | dt: 145ms | tok/sec: 902,323 | mfu: 25.2% | epoch: 1 | remaining: 170s    
step 00909 (43.5%) | loss: 3.183562 | lrm: 1.00 | dt: 145ms | tok/sec: 902,506 | mfu: 25.2% | epoch: 1 | remaining: 169s    
step 00910 (43.5%) | loss: 3.183193 | lrm: 1.00 | dt: 145ms | tok/sec: 902,822 | mfu: 25.3% | epoch: 1 | remaining: 169s    
step 00911 (43.6%) | loss: 3.183293 | lrm: 1.00 | dt: 145ms | tok/sec: 902,600 | mfu: 25.3% | epoch: 1 | remaining: 169s    
step 00912 (43.6%) | loss: 3.183368 | lrm: 1.00 | dt: 145ms | tok/sec: 902,234 | mfu: 25.2% | epoch: 1 | remaining: 169s    
step 00913 (43.7%) | loss: 3.186997 | lrm: 1.00 | dt: 145ms | tok/sec: 902,652 | mfu: 25.3% | epoch: 1 | remaining: 169s    
step 00914 (43.7%) | loss: 3.187435 | lrm: 1.00 | dt: 145ms | tok/sec: 902,268 | mfu: 25.2% | epoch: 1 | remaining: 169s    
step 00915 (43.8%) | loss: 3.184096 | lrm: 1.00 | dt: 145ms | tok/sec: 902,009 | mfu: 25.2% | epoch: 1 | remaining: 169s    
step 00916 (43.8%) | loss: 3.181776 | lrm: 1.00 | dt: 145ms | tok/sec: 902,175 | mfu: 25.2% | epoch: 1 | remaining: 168s    
step 00917 (43.9%) | loss: 3.183645 | lrm: 1.00 | dt: 145ms | tok/sec: 902,506 | mfu: 25.2% | epoch: 1 | remaining: 168s    
step 00918 (43.9%) | loss: 3.176902 | lrm: 1.00 | dt: 145ms | tok/sec: 902,735 | mfu: 25.3% | epoch: 1 | remaining: 168s    
step 00919 (44.0%) | loss: 3.181102 | lrm: 1.00 | dt: 145ms | tok/sec: 901,988 | mfu: 25.2% | epoch: 1 | remaining: 168s    
step 00920 (44.0%) | loss: 3.181880 | lrm: 1.00 | dt: 145ms | tok/sec: 902,492 | mfu: 25.2% | epoch: 1 | remaining: 168s    
step 00921 (44.1%) | loss: 3.181109 | lrm: 1.00 | dt: 148ms | tok/sec: 887,471 | mfu: 24.8% | epoch: 1 | remaining: 168s    
step 00922 (44.1%) | loss: 3.186658 | lrm: 1.00 | dt: 145ms | tok/sec: 902,416 | mfu: 25.2% | epoch: 1 | remaining: 168s    
step 00923 (44.1%) | loss: 3.184977 | lrm: 1.00 | dt: 145ms | tok/sec: 902,592 | mfu: 25.3% | epoch: 1 | remaining: 167s    
step 00924 (44.2%) | loss: 3.187528 | lrm: 1.00 | dt: 145ms | tok/sec: 902,567 | mfu: 25.3% | epoch: 1 | remaining: 167s    
step 00925 (44.2%) | loss: 3.187326 | lrm: 1.00 | dt: 145ms | tok/sec: 902,561 | mfu: 25.3% | epoch: 1 | remaining: 167s    
step 00926 (44.3%) | loss: 3.193391 | lrm: 1.00 | dt: 145ms | tok/sec: 902,398 | mfu: 25.2% | epoch: 1 | remaining: 167s    
step 00927 (44.3%) | loss: 3.188507 | lrm: 1.00 | dt: 145ms | tok/sec: 902,477 | mfu: 25.2% | epoch: 1 | remaining: 167s    
step 00928 (44.4%) | loss: 3.178285 | lrm: 1.00 | dt: 145ms | tok/sec: 902,813 | mfu: 25.3% | epoch: 1 | remaining: 167s    
step 00929 (44.4%) | loss: 3.177532 | lrm: 1.00 | dt: 145ms | tok/sec: 902,733 | mfu: 25.3% | epoch: 1 | remaining: 167s    
step 00930 (44.5%) | loss: 3.172423 | lrm: 1.00 | dt: 145ms | tok/sec: 902,311 | mfu: 25.2% | epoch: 1 | remaining: 166s    
step 00931 (44.5%) | loss: 3.173756 | lrm: 1.00 | dt: 145ms | tok/sec: 902,656 | mfu: 25.3% | epoch: 1 | remaining: 166s    
step 00932 (44.6%) | loss: 3.169991 | lrm: 1.00 | dt: 145ms | tok/sec: 902,147 | mfu: 25.2% | epoch: 1 | remaining: 166s    
step 00933 (44.6%) | loss: 3.171956 | lrm: 1.00 | dt: 145ms | tok/sec: 902,437 | mfu: 25.2% | epoch: 1 | remaining: 166s    
step 00934 (44.7%) | loss: 3.164507 | lrm: 1.00 | dt: 145ms | tok/sec: 902,896 | mfu: 25.3% | epoch: 1 | remaining: 166s    
step 00935 (44.7%) | loss: 3.167798 | lrm: 1.00 | dt: 145ms | tok/sec: 902,806 | mfu: 25.3% | epoch: 1 | remaining: 166s    
step 00936 (44.8%) | loss: 3.168900 | lrm: 1.00 | dt: 145ms | tok/sec: 902,415 | mfu: 25.2% | epoch: 1 | remaining: 166s    
step 00937 (44.8%) | loss: 3.178142 | lrm: 1.00 | dt: 145ms | tok/sec: 901,700 | mfu: 25.2% | epoch: 1 | remaining: 165s    
step 00938 (44.9%) | loss: 3.182356 | lrm: 1.00 | dt: 145ms | tok/sec: 901,935 | mfu: 25.2% | epoch: 1 | remaining: 165s    
step 00939 (44.9%) | loss: 3.174681 | lrm: 1.00 | dt: 145ms | tok/sec: 902,158 | mfu: 25.2% | epoch: 1 | remaining: 165s    
step 00940 (45.0%) | loss: 3.170677 | lrm: 1.00 | dt: 145ms | tok/sec: 902,241 | mfu: 25.2% | epoch: 1 | remaining: 165s    
step 00941 (45.0%) | loss: 3.174828 | lrm: 1.00 | dt: 145ms | tok/sec: 902,185 | mfu: 25.2% | epoch: 1 | remaining: 165s    
step 00942 (45.1%) | loss: 3.180379 | lrm: 1.00 | dt: 145ms | tok/sec: 902,466 | mfu: 25.2% | epoch: 1 | remaining: 165s    
step 00943 (45.1%) | loss: 3.169932 | lrm: 1.00 | dt: 145ms | tok/sec: 902,295 | mfu: 25.2% | epoch: 1 | remaining: 165s    
step 00944 (45.2%) | loss: 3.167891 | lrm: 1.00 | dt: 145ms | tok/sec: 902,284 | mfu: 25.2% | epoch: 1 | remaining: 164s    
step 00945 (45.2%) | loss: 3.167060 | lrm: 1.00 | dt: 145ms | tok/sec: 902,548 | mfu: 25.3% | epoch: 1 | remaining: 164s    
step 00946 (45.3%) | loss: 3.168567 | lrm: 1.00 | dt: 145ms | tok/sec: 902,120 | mfu: 25.2% | epoch: 1 | remaining: 164s    
step 00947 (45.3%) | loss: 3.163931 | lrm: 1.00 | dt: 145ms | tok/sec: 902,093 | mfu: 25.2% | epoch: 1 | remaining: 164s    
step 00948 (45.4%) | loss: 3.168935 | lrm: 1.00 | dt: 145ms | tok/sec: 902,484 | mfu: 25.2% | epoch: 1 | remaining: 164s    
step 00949 (45.4%) | loss: 3.175027 | lrm: 1.00 | dt: 145ms | tok/sec: 902,028 | mfu: 25.2% | epoch: 1 | remaining: 164s    
step 00950 (45.5%) | loss: 3.170688 | lrm: 1.00 | dt: 145ms | tok/sec: 902,391 | mfu: 25.2% | epoch: 1 | remaining: 163s    
step 00951 (45.5%) | loss: 3.165076 | lrm: 1.00 | dt: 145ms | tok/sec: 902,462 | mfu: 25.2% | epoch: 1 | remaining: 163s    
step 00952 (45.6%) | loss: 3.171826 | lrm: 1.00 | dt: 146ms | tok/sec: 900,082 | mfu: 25.2% | epoch: 1 | remaining: 163s    
step 00953 (45.6%) | loss: 3.168459 | lrm: 1.00 | dt: 145ms | tok/sec: 901,781 | mfu: 25.2% | epoch: 1 | remaining: 163s    
step 00954 (45.6%) | loss: 3.173100 | lrm: 1.00 | dt: 145ms | tok/sec: 901,811 | mfu: 25.2% | epoch: 1 | remaining: 163s    
step 00955 (45.7%) | loss: 3.171479 | lrm: 1.00 | dt: 145ms | tok/sec: 902,640 | mfu: 25.3% | epoch: 1 | remaining: 163s    
step 00956 (45.7%) | loss: 3.171157 | lrm: 1.00 | dt: 145ms | tok/sec: 902,761 | mfu: 25.3% | epoch: 1 | remaining: 163s    
step 00957 (45.8%) | loss: 3.178134 | lrm: 1.00 | dt: 145ms | tok/sec: 901,963 | mfu: 25.2% | epoch: 1 | remaining: 162s    
step 00958 (45.8%) | loss: 3.171166 | lrm: 1.00 | dt: 146ms | tok/sec: 899,986 | mfu: 25.2% | epoch: 1 | remaining: 162s    
step 00959 (45.9%) | loss: 3.173962 | lrm: 1.00 | dt: 145ms | tok/sec: 902,240 | mfu: 25.2% | epoch: 1 | remaining: 162s    
step 00960 (45.9%) | loss: 3.172310 | lrm: 1.00 | dt: 145ms | tok/sec: 902,287 | mfu: 25.2% | epoch: 1 | remaining: 162s    
step 00961 (46.0%) | loss: 3.164848 | lrm: 1.00 | dt: 145ms | tok/sec: 902,850 | mfu: 25.3% | epoch: 1 | remaining: 162s    
step 00962 (46.0%) | loss: 3.161728 | lrm: 1.00 | dt: 145ms | tok/sec: 902,426 | mfu: 25.2% | epoch: 1 | remaining: 162s    
step 00963 (46.1%) | loss: 3.156938 | lrm: 1.00 | dt: 145ms | tok/sec: 901,997 | mfu: 25.2% | epoch: 1 | remaining: 162s    
step 00964 (46.1%) | loss: 3.151724 | lrm: 1.00 | dt: 145ms | tok/sec: 901,642 | mfu: 25.2% | epoch: 1 | remaining: 161s    
step 00965 (46.2%) | loss: 3.144705 | lrm: 1.00 | dt: 145ms | tok/sec: 902,490 | mfu: 25.2% | epoch: 1 | remaining: 161s    
step 00966 (46.2%) | loss: 3.145172 | lrm: 1.00 | dt: 145ms | tok/sec: 902,335 | mfu: 25.2% | epoch: 1 | remaining: 161s    
step 00967 (46.3%) | loss: 3.149035 | lrm: 1.00 | dt: 145ms | tok/sec: 902,619 | mfu: 25.3% | epoch: 1 | remaining: 161s    
step 00968 (46.3%) | loss: 3.150344 | lrm: 1.00 | dt: 145ms | tok/sec: 902,520 | mfu: 25.2% | epoch: 1 | remaining: 161s    
step 00969 (46.4%) | loss: 3.146656 | lrm: 1.00 | dt: 145ms | tok/sec: 902,249 | mfu: 25.2% | epoch: 1 | remaining: 161s    
step 00970 (46.4%) | loss: 3.151821 | lrm: 1.00 | dt: 145ms | tok/sec: 902,810 | mfu: 25.3% | epoch: 1 | remaining: 161s    
step 00971 (46.5%) | loss: 3.153403 | lrm: 1.00 | dt: 145ms | tok/sec: 902,224 | mfu: 25.2% | epoch: 1 | remaining: 160s    
step 00972 (46.5%) | loss: 3.156527 | lrm: 1.00 | dt: 145ms | tok/sec: 902,469 | mfu: 25.2% | epoch: 1 | remaining: 160s    
step 00973 (46.6%) | loss: 3.160616 | lrm: 1.00 | dt: 145ms | tok/sec: 901,753 | mfu: 25.2% | epoch: 1 | remaining: 160s    
step 00974 (46.6%) | loss: 3.164123 | lrm: 1.00 | dt: 145ms | tok/sec: 901,981 | mfu: 25.2% | epoch: 1 | remaining: 160s    
step 00975 (46.7%) | loss: 3.161501 | lrm: 1.00 | dt: 145ms | tok/sec: 902,760 | mfu: 25.3% | epoch: 1 | remaining: 160s    
step 00976 (46.7%) | loss: 3.165558 | lrm: 1.00 | dt: 145ms | tok/sec: 902,508 | mfu: 25.2% | epoch: 1 | remaining: 160s    
step 00977 (46.8%) | loss: 3.167376 | lrm: 1.00 | dt: 145ms | tok/sec: 902,376 | mfu: 25.2% | epoch: 1 | remaining: 160s    
step 00978 (46.8%) | loss: 3.168568 | lrm: 1.00 | dt: 145ms | tok/sec: 902,830 | mfu: 25.3% | epoch: 1 | remaining: 159s    
step 00979 (46.9%) | loss: 3.166159 | lrm: 1.00 | dt: 145ms | tok/sec: 902,588 | mfu: 25.3% | epoch: 1 | remaining: 159s    
step 00980 (46.9%) | loss: 3.172078 | lrm: 1.00 | dt: 145ms | tok/sec: 902,118 | mfu: 25.2% | epoch: 1 | remaining: 159s    
step 00981 (47.0%) | loss: 3.167949 | lrm: 1.00 | dt: 145ms | tok/sec: 901,791 | mfu: 25.2% | epoch: 1 | remaining: 159s    
step 00982 (47.0%) | loss: 3.163146 | lrm: 1.00 | dt: 145ms | tok/sec: 902,309 | mfu: 25.2% | epoch: 1 | remaining: 159s    
step 00983 (47.1%) | loss: 3.153810 | lrm: 1.00 | dt: 145ms | tok/sec: 902,715 | mfu: 25.3% | epoch: 1 | remaining: 159s    
step 00984 (47.1%) | loss: 3.153581 | lrm: 1.00 | dt: 145ms | tok/sec: 902,040 | mfu: 25.2% | epoch: 1 | remaining: 159s    
step 00985 (47.2%) | loss: 3.148653 | lrm: 1.00 | dt: 145ms | tok/sec: 902,327 | mfu: 25.2% | epoch: 1 | remaining: 158s    
step 00986 (47.2%) | loss: 3.143358 | lrm: 1.00 | dt: 145ms | tok/sec: 902,113 | mfu: 25.2% | epoch: 1 | remaining: 158s    
step 00987 (47.2%) | loss: 3.144171 | lrm: 1.00 | dt: 145ms | tok/sec: 901,797 | mfu: 25.2% | epoch: 1 | remaining: 158s    
step 00988 (47.3%) | loss: 3.152141 | lrm: 1.00 | dt: 145ms | tok/sec: 902,791 | mfu: 25.3% | epoch: 1 | remaining: 158s    
step 00989 (47.3%) | loss: 3.153055 | lrm: 1.00 | dt: 145ms | tok/sec: 902,564 | mfu: 25.3% | epoch: 1 | remaining: 158s    
step 00990 (47.4%) | loss: 3.147084 | lrm: 1.00 | dt: 145ms | tok/sec: 902,570 | mfu: 25.3% | epoch: 1 | remaining: 158s    
step 00991 (47.4%) | loss: 3.138065 | lrm: 1.00 | dt: 145ms | tok/sec: 902,272 | mfu: 25.2% | epoch: 1 | remaining: 158s    
step 00992 (47.5%) | loss: 3.135949 | lrm: 1.00 | dt: 145ms | tok/sec: 902,474 | mfu: 25.2% | epoch: 1 | remaining: 157s    
step 00993 (47.5%) | loss: 3.137963 | lrm: 1.00 | dt: 145ms | tok/sec: 902,721 | mfu: 25.3% | epoch: 1 | remaining: 157s    
step 00994 (47.6%) | loss: 3.140930 | lrm: 1.00 | dt: 145ms | tok/sec: 902,424 | mfu: 25.2% | epoch: 1 | remaining: 157s    
step 00995 (47.6%) | loss: 3.143910 | lrm: 1.00 | dt: 145ms | tok/sec: 902,653 | mfu: 25.3% | epoch: 1 | remaining: 157s    
step 00996 (47.7%) | loss: 3.147032 | lrm: 1.00 | dt: 145ms | tok/sec: 901,809 | mfu: 25.2% | epoch: 1 | remaining: 157s    
step 00997 (47.7%) | loss: 3.151072 | lrm: 1.00 | dt: 145ms | tok/sec: 901,716 | mfu: 25.2% | epoch: 1 | remaining: 157s    
step 00998 (47.8%) | loss: 3.149570 | lrm: 1.00 | dt: 145ms | tok/sec: 902,526 | mfu: 25.2% | epoch: 1 | remaining: 157s    
step 00999 (47.8%) | loss: 3.153549 | lrm: 1.00 | dt: 145ms | tok/sec: 902,243 | mfu: 25.2% | epoch: 1 | remaining: 156s    
step 01000 (47.9%) | loss: 3.145254 | lrm: 1.00 | dt: 145ms | tok/sec: 902,490 | mfu: 25.2% | epoch: 1 | remaining: 156s    
step 01001 (47.9%) | loss: 3.143480 | lrm: 1.00 | dt: 145ms | tok/sec: 902,295 | mfu: 25.2% | epoch: 1 | remaining: 156s    
step 01002 (48.0%) | loss: 3.144725 | lrm: 1.00 | dt: 145ms | tok/sec: 902,219 | mfu: 25.2% | epoch: 1 | remaining: 156s    
step 01003 (48.0%) | loss: 3.146536 | lrm: 1.00 | dt: 145ms | tok/sec: 902,536 | mfu: 25.2% | epoch: 1 | remaining: 156s    
step 01004 (48.1%) | loss: 3.146931 | lrm: 1.00 | dt: 145ms | tok/sec: 902,692 | mfu: 25.3% | epoch: 1 | remaining: 156s    
step 01005 (48.1%) | loss: 3.144473 | lrm: 1.00 | dt: 145ms | tok/sec: 901,883 | mfu: 25.2% | epoch: 1 | remaining: 155s    
step 01006 (48.2%) | loss: 3.148764 | lrm: 1.00 | dt: 145ms | tok/sec: 902,188 | mfu: 25.2% | epoch: 1 | remaining: 155s    
step 01007 (48.2%) | loss: 3.151786 | lrm: 1.00 | dt: 145ms | tok/sec: 902,714 | mfu: 25.3% | epoch: 1 | remaining: 155s    
step 01008 (48.3%) | loss: 3.150201 | lrm: 1.00 | dt: 145ms | tok/sec: 902,589 | mfu: 25.3% | epoch: 1 | remaining: 155s    
step 01009 (48.3%) | loss: 3.150542 | lrm: 1.00 | dt: 145ms | tok/sec: 902,154 | mfu: 25.2% | epoch: 1 | remaining: 155s    
step 01010 (48.4%) | loss: 3.153784 | lrm: 1.00 | dt: 145ms | tok/sec: 902,409 | mfu: 25.2% | epoch: 1 | remaining: 155s    
step 01011 (48.4%) | loss: 3.155672 | lrm: 1.00 | dt: 145ms | tok/sec: 902,127 | mfu: 25.2% | epoch: 1 | remaining: 155s    
step 01012 (48.5%) | loss: 3.160019 | lrm: 1.00 | dt: 145ms | tok/sec: 902,514 | mfu: 25.2% | epoch: 1 | remaining: 154s    
step 01013 (48.5%) | loss: 3.153237 | lrm: 1.00 | dt: 145ms | tok/sec: 902,542 | mfu: 25.2% | epoch: 1 | remaining: 154s    
step 01014 (48.6%) | loss: 3.162540 | lrm: 1.00 | dt: 145ms | tok/sec: 902,397 | mfu: 25.2% | epoch: 1 | remaining: 154s    
step 01015 (48.6%) | loss: 3.159384 | lrm: 1.00 | dt: 145ms | tok/sec: 902,341 | mfu: 25.2% | epoch: 1 | remaining: 154s    
step 01016 (48.7%) | loss: 3.153327 | lrm: 1.00 | dt: 147ms | tok/sec: 894,581 | mfu: 25.0% | epoch: 1 | remaining: 154s    
step 01017 (48.7%) | loss: 3.141359 | lrm: 1.00 | dt: 145ms | tok/sec: 902,158 | mfu: 25.2% | epoch: 1 | remaining: 154s    
step 01018 (48.7%) | loss: 3.145658 | lrm: 1.00 | dt: 145ms | tok/sec: 902,698 | mfu: 25.3% | epoch: 1 | remaining: 154s    
step 01019 (48.8%) | loss: 3.151853 | lrm: 1.00 | dt: 145ms | tok/sec: 902,372 | mfu: 25.2% | epoch: 1 | remaining: 153s    
step 01020 (48.8%) | loss: 3.143620 | lrm: 1.00 | dt: 145ms | tok/sec: 902,595 | mfu: 25.3% | epoch: 1 | remaining: 153s    
step 01021 (48.9%) | loss: 3.145877 | lrm: 1.00 | dt: 145ms | tok/sec: 902,320 | mfu: 25.2% | epoch: 1 | remaining: 153s    
step 01022 (48.9%) | loss: 3.149481 | lrm: 1.00 | dt: 145ms | tok/sec: 902,478 | mfu: 25.2% | epoch: 1 | remaining: 153s    
step 01023 (49.0%) | loss: 3.148463 | lrm: 1.00 | dt: 145ms | tok/sec: 902,002 | mfu: 25.2% | epoch: 1 | remaining: 153s    
step 01024 (49.0%) | loss: 3.144522 | lrm: 1.00 | dt: 145ms | tok/sec: 901,991 | mfu: 25.2% | epoch: 1 | remaining: 153s    
step 01025 (49.1%) | loss: 3.147020 | lrm: 1.00 | dt: 145ms | tok/sec: 902,404 | mfu: 25.2% | epoch: 1 | remaining: 153s    
step 01026 (49.1%) | loss: 3.142083 | lrm: 1.00 | dt: 145ms | tok/sec: 902,613 | mfu: 25.3% | epoch: 1 | remaining: 152s    
step 01027 (49.2%) | loss: 3.140957 | lrm: 1.00 | dt: 145ms | tok/sec: 902,222 | mfu: 25.2% | epoch: 1 | remaining: 152s    
step 01028 (49.2%) | loss: 3.143598 | lrm: 1.00 | dt: 145ms | tok/sec: 902,656 | mfu: 25.3% | epoch: 1 | remaining: 152s    
step 01029 (49.3%) | loss: 3.135320 | lrm: 1.00 | dt: 145ms | tok/sec: 902,535 | mfu: 25.2% | epoch: 1 | remaining: 152s    
step 01030 (49.3%) | loss: 3.134185 | lrm: 1.00 | dt: 145ms | tok/sec: 902,594 | mfu: 25.3% | epoch: 1 | remaining: 152s    
step 01031 (49.4%) | loss: 3.142367 | lrm: 1.00 | dt: 145ms | tok/sec: 902,432 | mfu: 25.2% | epoch: 1 | remaining: 152s    
step 01032 (49.4%) | loss: 3.138708 | lrm: 1.00 | dt: 145ms | tok/sec: 902,570 | mfu: 25.3% | epoch: 1 | remaining: 152s    
step 01033 (49.5%) | loss: 3.142778 | lrm: 1.00 | dt: 145ms | tok/sec: 901,988 | mfu: 25.2% | epoch: 1 | remaining: 151s    
step 01034 (49.5%) | loss: 3.140452 | lrm: 1.00 | dt: 145ms | tok/sec: 902,409 | mfu: 25.2% | epoch: 1 | remaining: 151s    
step 01035 (49.6%) | loss: 3.134423 | lrm: 1.00 | dt: 145ms | tok/sec: 902,136 | mfu: 25.2% | epoch: 1 | remaining: 151s    
step 01036 (49.6%) | loss: 3.135754 | lrm: 1.00 | dt: 145ms | tok/sec: 902,677 | mfu: 25.3% | epoch: 1 | remaining: 151s    
step 01037 (49.7%) | loss: 3.141370 | lrm: 1.00 | dt: 145ms | tok/sec: 902,539 | mfu: 25.2% | epoch: 1 | remaining: 151s    
step 01038 (49.7%) | loss: 3.142498 | lrm: 1.00 | dt: 145ms | tok/sec: 902,394 | mfu: 25.2% | epoch: 1 | remaining: 151s    
step 01039 (49.8%) | loss: 3.143723 | lrm: 1.00 | dt: 145ms | tok/sec: 902,551 | mfu: 25.3% | epoch: 1 | remaining: 151s    
step 01040 (49.8%) | loss: 3.147158 | lrm: 1.00 | dt: 145ms | tok/sec: 901,376 | mfu: 25.2% | epoch: 1 | remaining: 150s    
step 01041 (49.9%) | loss: 3.145397 | lrm: 1.00 | dt: 145ms | tok/sec: 902,074 | mfu: 25.2% | epoch: 1 | remaining: 150s    
step 01042 (49.9%) | loss: 3.148457 | lrm: 1.00 | dt: 146ms | tok/sec: 899,609 | mfu: 25.2% | epoch: 1 | remaining: 150s    
step 01043 (50.0%) | loss: 3.144784 | lrm: 1.00 | dt: 145ms | tok/sec: 901,114 | mfu: 25.2% | epoch: 1 | remaining: 150s    
step 01044 (50.0%) | loss: 3.147371 | lrm: 1.00 | dt: 145ms | tok/sec: 902,698 | mfu: 25.3% | epoch: 1 | remaining: 150s    
step 01045 (50.1%) | loss: 3.142440 | lrm: 1.00 | dt: 145ms | tok/sec: 902,290 | mfu: 25.2% | epoch: 1 | remaining: 150s    
step 01046 (50.1%) | loss: 3.143895 | lrm: 1.00 | dt: 145ms | tok/sec: 902,238 | mfu: 25.2% | epoch: 1 | remaining: 150s    
step 01047 (50.2%) | loss: 3.139716 | lrm: 1.00 | dt: 145ms | tok/sec: 902,155 | mfu: 25.2% | epoch: 1 | remaining: 149s    
step 01048 (50.2%) | loss: 3.142172 | lrm: 1.00 | dt: 145ms | tok/sec: 901,820 | mfu: 25.2% | epoch: 1 | remaining: 149s    
step 01049 (50.2%) | loss: 3.146106 | lrm: 1.00 | dt: 145ms | tok/sec: 902,441 | mfu: 25.2% | epoch: 1 | remaining: 149s    
step 01050 (50.3%) | loss: 3.144215 | lrm: 0.99 | dt: 145ms | tok/sec: 902,429 | mfu: 25.2% | epoch: 1 | remaining: 149s    
step 01051 (50.3%) | loss: 3.148341 | lrm: 0.99 | dt: 145ms | tok/sec: 902,549 | mfu: 25.3% | epoch: 1 | remaining: 149s    
step 01052 (50.4%) | loss: 3.142448 | lrm: 0.99 | dt: 145ms | tok/sec: 902,061 | mfu: 25.2% | epoch: 1 | remaining: 149s    
step 01053 (50.4%) | loss: 3.142615 | lrm: 0.99 | dt: 145ms | tok/sec: 902,397 | mfu: 25.2% | epoch: 1 | remaining: 149s    
step 01054 (50.5%) | loss: 3.137101 | lrm: 0.99 | dt: 145ms | tok/sec: 902,135 | mfu: 25.2% | epoch: 1 | remaining: 148s    
step 01055 (50.5%) | loss: 3.142806 | lrm: 0.99 | dt: 145ms | tok/sec: 901,942 | mfu: 25.2% | epoch: 1 | remaining: 148s    
step 01056 (50.6%) | loss: 3.142336 | lrm: 0.99 | dt: 145ms | tok/sec: 902,058 | mfu: 25.2% | epoch: 1 | remaining: 148s    
step 01057 (50.6%) | loss: 3.137497 | lrm: 0.99 | dt: 145ms | tok/sec: 902,382 | mfu: 25.2% | epoch: 1 | remaining: 148s    
step 01058 (50.7%) | loss: 3.137181 | lrm: 0.99 | dt: 145ms | tok/sec: 902,173 | mfu: 25.2% | epoch: 1 | remaining: 148s    
step 01059 (50.7%) | loss: 3.141422 | lrm: 0.99 | dt: 145ms | tok/sec: 902,861 | mfu: 25.3% | epoch: 1 | remaining: 148s    
step 01060 (50.8%) | loss: 3.146757 | lrm: 0.98 | dt: 145ms | tok/sec: 902,751 | mfu: 25.3% | epoch: 1 | remaining: 148s    
step 01061 (50.8%) | loss: 3.137037 | lrm: 0.98 | dt: 145ms | tok/sec: 902,067 | mfu: 25.2% | epoch: 1 | remaining: 147s    
step 01062 (50.9%) | loss: 3.136338 | lrm: 0.98 | dt: 145ms | tok/sec: 902,629 | mfu: 25.3% | epoch: 1 | remaining: 147s    
step 01063 (50.9%) | loss: 3.136590 | lrm: 0.98 | dt: 145ms | tok/sec: 902,561 | mfu: 25.3% | epoch: 1 | remaining: 147s    
step 01064 (51.0%) | loss: 3.129976 | lrm: 0.98 | dt: 145ms | tok/sec: 902,461 | mfu: 25.2% | epoch: 1 | remaining: 147s    
step 01065 (51.0%) | loss: 3.137998 | lrm: 0.98 | dt: 145ms | tok/sec: 902,545 | mfu: 25.3% | epoch: 1 | remaining: 147s    
step 01066 (51.1%) | loss: 3.134988 | lrm: 0.98 | dt: 145ms | tok/sec: 902,382 | mfu: 25.2% | epoch: 1 | remaining: 147s    
step 01067 (51.1%) | loss: 3.130885 | lrm: 0.98 | dt: 145ms | tok/sec: 902,747 | mfu: 25.3% | epoch: 1 | remaining: 146s    
step 01068 (51.2%) | loss: 3.132486 | lrm: 0.98 | dt: 145ms | tok/sec: 902,658 | mfu: 25.3% | epoch: 1 | remaining: 146s    
step 01069 (51.2%) | loss: 3.127540 | lrm: 0.98 | dt: 145ms | tok/sec: 902,644 | mfu: 25.3% | epoch: 1 | remaining: 146s    
step 01070 (51.3%) | loss: 3.130935 | lrm: 0.97 | dt: 145ms | tok/sec: 903,019 | mfu: 25.3% | epoch: 1 | remaining: 146s    
step 01071 (51.3%) | loss: 3.124843 | lrm: 0.97 | dt: 145ms | tok/sec: 902,370 | mfu: 25.2% | epoch: 1 | remaining: 146s    
step 01072 (51.4%) | loss: 3.125982 | lrm: 0.97 | dt: 145ms | tok/sec: 902,822 | mfu: 25.3% | epoch: 1 | remaining: 146s    
step 01073 (51.4%) | loss: 3.117866 | lrm: 0.97 | dt: 145ms | tok/sec: 902,081 | mfu: 25.2% | epoch: 1 | remaining: 146s    
step 01074 (51.5%) | loss: 3.115708 | lrm: 0.97 | dt: 146ms | tok/sec: 900,660 | mfu: 25.2% | epoch: 1 | remaining: 145s    
step 01075 (51.5%) | loss: 3.122351 | lrm: 0.97 | dt: 145ms | tok/sec: 902,299 | mfu: 25.2% | epoch: 1 | remaining: 145s    
step 01076 (51.6%) | loss: 3.126615 | lrm: 0.97 | dt: 145ms | tok/sec: 902,635 | mfu: 25.3% | epoch: 1 | remaining: 145s    
step 01077 (51.6%) | loss: 3.128735 | lrm: 0.97 | dt: 145ms | tok/sec: 902,834 | mfu: 25.3% | epoch: 1 | remaining: 145s    
step 01078 (51.7%) | loss: 3.129364 | lrm: 0.97 | dt: 145ms | tok/sec: 902,677 | mfu: 25.3% | epoch: 1 | remaining: 145s    
step 01079 (51.7%) | loss: 3.123304 | lrm: 0.97 | dt: 145ms | tok/sec: 902,280 | mfu: 25.2% | epoch: 1 | remaining: 145s    
step 01080 (51.8%) | loss: 3.126320 | lrm: 0.96 | dt: 145ms | tok/sec: 902,643 | mfu: 25.3% | epoch: 1 | remaining: 145s    
step 01081 (51.8%) | loss: 3.126813 | lrm: 0.96 | dt: 145ms | tok/sec: 902,895 | mfu: 25.3% | epoch: 1 | remaining: 144s    
step 01082 (51.8%) | loss: 3.127074 | lrm: 0.96 | dt: 145ms | tok/sec: 902,790 | mfu: 25.3% | epoch: 1 | remaining: 144s    
step 01083 (51.9%) | loss: 3.129242 | lrm: 0.96 | dt: 145ms | tok/sec: 902,825 | mfu: 25.3% | epoch: 1 | remaining: 144s    
step 01084 (51.9%) | loss: 3.127888 | lrm: 0.96 | dt: 145ms | tok/sec: 902,155 | mfu: 25.2% | epoch: 1 | remaining: 144s    
step 01085 (52.0%) | loss: 3.123723 | lrm: 0.96 | dt: 145ms | tok/sec: 902,721 | mfu: 25.3% | epoch: 1 | remaining: 144s    
step 01086 (52.0%) | loss: 3.127090 | lrm: 0.96 | dt: 145ms | tok/sec: 902,669 | mfu: 25.3% | epoch: 1 | remaining: 144s    
step 01087 (52.1%) | loss: 3.126842 | lrm: 0.96 | dt: 145ms | tok/sec: 902,347 | mfu: 25.2% | epoch: 1 | remaining: 144s    
step 01088 (52.1%) | loss: 3.126113 | lrm: 0.96 | dt: 145ms | tok/sec: 902,610 | mfu: 25.3% | epoch: 1 | remaining: 143s    
step 01089 (52.2%) | loss: 3.131451 | lrm: 0.96 | dt: 145ms | tok/sec: 902,108 | mfu: 25.2% | epoch: 1 | remaining: 143s    
step 01090 (52.2%) | loss: 3.133775 | lrm: 0.96 | dt: 145ms | tok/sec: 902,030 | mfu: 25.2% | epoch: 1 | remaining: 143s    
step 01091 (52.3%) | loss: 3.135405 | lrm: 0.95 | dt: 145ms | tok/sec: 901,493 | mfu: 25.2% | epoch: 1 | remaining: 143s    
step 01092 (52.3%) | loss: 3.133208 | lrm: 0.95 | dt: 145ms | tok/sec: 902,582 | mfu: 25.3% | epoch: 1 | remaining: 143s    
step 01093 (52.4%) | loss: 3.134415 | lrm: 0.95 | dt: 145ms | tok/sec: 902,664 | mfu: 25.3% | epoch: 1 | remaining: 143s    
step 01094 (52.4%) | loss: 3.131007 | lrm: 0.95 | dt: 145ms | tok/sec: 902,244 | mfu: 25.2% | epoch: 1 | remaining: 143s    
step 01095 (52.5%) | loss: 3.128720 | lrm: 0.95 | dt: 145ms | tok/sec: 902,581 | mfu: 25.3% | epoch: 1 | remaining: 142s    
step 01096 (52.5%) | loss: 3.126207 | lrm: 0.95 | dt: 145ms | tok/sec: 902,509 | mfu: 25.2% | epoch: 1 | remaining: 142s    
step 01097 (52.6%) | loss: 3.128806 | lrm: 0.95 | dt: 145ms | tok/sec: 902,816 | mfu: 25.3% | epoch: 1 | remaining: 142s    
step 01098 (52.6%) | loss: 3.129892 | lrm: 0.95 | dt: 145ms | tok/sec: 902,976 | mfu: 25.3% | epoch: 1 | remaining: 142s    
step 01099 (52.7%) | loss: 3.126604 | lrm: 0.95 | dt: 145ms | tok/sec: 902,542 | mfu: 25.2% | epoch: 1 | remaining: 142s    
step 01100 (52.7%) | loss: 3.130049 | lrm: 0.95 | dt: 145ms | tok/sec: 902,798 | mfu: 25.3% | epoch: 1 | remaining: 142s    
step 01101 (52.8%) | loss: 3.128187 | lrm: 0.94 | dt: 145ms | tok/sec: 902,727 | mfu: 25.3% | epoch: 1 | remaining: 142s    
step 01102 (52.8%) | loss: 3.124990 | lrm: 0.94 | dt: 145ms | tok/sec: 901,839 | mfu: 25.2% | epoch: 1 | remaining: 141s    
step 01103 (52.9%) | loss: 3.121656 | lrm: 0.94 | dt: 145ms | tok/sec: 902,047 | mfu: 25.2% | epoch: 1 | remaining: 141s    
step 01104 (52.9%) | loss: 3.122907 | lrm: 0.94 | dt: 146ms | tok/sec: 900,363 | mfu: 25.2% | epoch: 1 | remaining: 141s    
step 01105 (53.0%) | loss: 3.120699 | lrm: 0.94 | dt: 145ms | tok/sec: 901,839 | mfu: 25.2% | epoch: 1 | remaining: 141s    
step 01106 (53.0%) | loss: 3.127885 | lrm: 0.94 | dt: 146ms | tok/sec: 900,742 | mfu: 25.2% | epoch: 1 | remaining: 141s    
step 01107 (53.1%) | loss: 3.131972 | lrm: 0.94 | dt: 145ms | tok/sec: 901,741 | mfu: 25.2% | epoch: 1 | remaining: 141s    
step 01108 (53.1%) | loss: 3.133024 | lrm: 0.94 | dt: 145ms | tok/sec: 901,612 | mfu: 25.2% | epoch: 1 | remaining: 141s    
step 01109 (53.2%) | loss: 3.126898 | lrm: 0.94 | dt: 145ms | tok/sec: 902,203 | mfu: 25.2% | epoch: 1 | remaining: 140s    
step 01110 (53.2%) | loss: 3.125478 | lrm: 0.94 | dt: 145ms | tok/sec: 902,083 | mfu: 25.2% | epoch: 1 | remaining: 140s    
step 01111 (53.3%) | loss: 3.123711 | lrm: 0.93 | dt: 146ms | tok/sec: 900,148 | mfu: 25.2% | epoch: 1 | remaining: 140s    
step 01112 (53.3%) | loss: 3.127632 | lrm: 0.93 | dt: 146ms | tok/sec: 899,141 | mfu: 25.2% | epoch: 1 | remaining: 140s    
step 01113 (53.3%) | loss: 3.129464 | lrm: 0.93 | dt: 146ms | tok/sec: 900,254 | mfu: 25.2% | epoch: 1 | remaining: 140s    
step 01114 (53.4%) | loss: 3.124455 | lrm: 0.93 | dt: 145ms | tok/sec: 901,867 | mfu: 25.2% | epoch: 1 | remaining: 140s    
step 01115 (53.4%) | loss: 3.124367 | lrm: 0.93 | dt: 146ms | tok/sec: 899,983 | mfu: 25.2% | epoch: 1 | remaining: 140s    
step 01116 (53.5%) | loss: 3.126269 | lrm: 0.93 | dt: 146ms | tok/sec: 899,519 | mfu: 25.2% | epoch: 1 | remaining: 139s    
step 01117 (53.5%) | loss: 3.125305 | lrm: 0.93 | dt: 146ms | tok/sec: 899,029 | mfu: 25.2% | epoch: 1 | remaining: 139s    
step 01118 (53.6%) | loss: 3.129745 | lrm: 0.93 | dt: 146ms | tok/sec: 899,665 | mfu: 25.2% | epoch: 1 | remaining: 139s    
step 01119 (53.6%) | loss: 3.127911 | lrm: 0.93 | dt: 146ms | tok/sec: 900,571 | mfu: 25.2% | epoch: 1 | remaining: 139s    
step 01120 (53.7%) | loss: 3.126378 | lrm: 0.93 | dt: 146ms | tok/sec: 900,183 | mfu: 25.2% | epoch: 1 | remaining: 139s    
step 01121 (53.7%) | loss: 3.124259 | lrm: 0.93 | dt: 146ms | tok/sec: 899,839 | mfu: 25.2% | epoch: 1 | remaining: 139s    
step 01122 (53.8%) | loss: 3.121251 | lrm: 0.92 | dt: 146ms | tok/sec: 899,933 | mfu: 25.2% | epoch: 1 | remaining: 138s    
step 01123 (53.8%) | loss: 3.123901 | lrm: 0.92 | dt: 146ms | tok/sec: 900,617 | mfu: 25.2% | epoch: 1 | remaining: 138s    
step 01124 (53.9%) | loss: 3.127652 | lrm: 0.92 | dt: 145ms | tok/sec: 901,732 | mfu: 25.2% | epoch: 1 | remaining: 138s    
step 01125 (53.9%) | loss: 3.126726 | lrm: 0.92 | dt: 146ms | tok/sec: 900,344 | mfu: 25.2% | epoch: 1 | remaining: 138s    
step 01126 (54.0%) | loss: 3.129848 | lrm: 0.92 | dt: 145ms | tok/sec: 901,348 | mfu: 25.2% | epoch: 1 | remaining: 138s    
step 01127 (54.0%) | loss: 3.128680 | lrm: 0.92 | dt: 146ms | tok/sec: 900,360 | mfu: 25.2% | epoch: 1 | remaining: 138s    
step 01128 (54.1%) | loss: 3.133857 | lrm: 0.92 | dt: 146ms | tok/sec: 900,828 | mfu: 25.2% | epoch: 1 | remaining: 138s    
step 01129 (54.1%) | loss: 3.134668 | lrm: 0.92 | dt: 146ms | tok/sec: 900,534 | mfu: 25.2% | epoch: 1 | remaining: 137s    
step 01130 (54.2%) | loss: 3.133249 | lrm: 0.92 | dt: 145ms | tok/sec: 901,664 | mfu: 25.2% | epoch: 1 | remaining: 137s    
step 01131 (54.2%) | loss: 3.131111 | lrm: 0.92 | dt: 145ms | tok/sec: 901,833 | mfu: 25.2% | epoch: 1 | remaining: 137s    
step 01132 (54.3%) | loss: 3.127831 | lrm: 0.91 | dt: 145ms | tok/sec: 900,925 | mfu: 25.2% | epoch: 1 | remaining: 137s    
step 01133 (54.3%) | loss: 3.127231 | lrm: 0.91 | dt: 145ms | tok/sec: 901,049 | mfu: 25.2% | epoch: 1 | remaining: 137s    
step 01134 (54.4%) | loss: 3.130234 | lrm: 0.91 | dt: 145ms | tok/sec: 900,939 | mfu: 25.2% | epoch: 1 | remaining: 137s    
step 01135 (54.4%) | loss: 3.128296 | lrm: 0.91 | dt: 145ms | tok/sec: 901,506 | mfu: 25.2% | epoch: 1 | remaining: 137s    
step 01136 (54.5%) | loss: 3.130925 | lrm: 0.91 | dt: 145ms | tok/sec: 901,623 | mfu: 25.2% | epoch: 1 | remaining: 136s    
step 01137 (54.5%) | loss: 3.128147 | lrm: 0.91 | dt: 145ms | tok/sec: 901,907 | mfu: 25.2% | epoch: 1 | remaining: 136s    
step 01138 (54.6%) | loss: 3.120965 | lrm: 0.91 | dt: 145ms | tok/sec: 901,892 | mfu: 25.2% | epoch: 1 | remaining: 136s    
step 01139 (54.6%) | loss: 3.122844 | lrm: 0.91 | dt: 145ms | tok/sec: 902,161 | mfu: 25.2% | epoch: 1 | remaining: 136s    
step 01140 (54.7%) | loss: 3.116591 | lrm: 0.91 | dt: 145ms | tok/sec: 902,150 | mfu: 25.2% | epoch: 1 | remaining: 136s    
step 01141 (54.7%) | loss: 3.121541 | lrm: 0.91 | dt: 145ms | tok/sec: 902,469 | mfu: 25.2% | epoch: 1 | remaining: 136s    
step 01142 (54.8%) | loss: 3.121574 | lrm: 0.90 | dt: 145ms | tok/sec: 902,545 | mfu: 25.3% | epoch: 1 | remaining: 136s    
step 01143 (54.8%) | loss: 3.118970 | lrm: 0.90 | dt: 145ms | tok/sec: 901,888 | mfu: 25.2% | epoch: 1 | remaining: 135s    
step 01144 (54.9%) | loss: 3.123090 | lrm: 0.90 | dt: 145ms | tok/sec: 902,084 | mfu: 25.2% | epoch: 1 | remaining: 135s    
step 01145 (54.9%) | loss: 3.122354 | lrm: 0.90 | dt: 145ms | tok/sec: 902,369 | mfu: 25.2% | epoch: 1 | remaining: 135s    
step 01146 (54.9%) | loss: 3.124158 | lrm: 0.90 | dt: 145ms | tok/sec: 902,076 | mfu: 25.2% | epoch: 1 | remaining: 135s    
step 01147 (55.0%) | loss: 3.121392 | lrm: 0.90 | dt: 145ms | tok/sec: 902,526 | mfu: 25.2% | epoch: 1 | remaining: 135s    
step 01148 (55.0%) | loss: 3.113407 | lrm: 0.90 | dt: 145ms | tok/sec: 901,552 | mfu: 25.2% | epoch: 1 | remaining: 135s    
step 01149 (55.1%) | loss: 3.115211 | lrm: 0.90 | dt: 145ms | tok/sec: 902,321 | mfu: 25.2% | epoch: 1 | remaining: 135s    
step 01150 (55.1%) | loss: 3.108259 | lrm: 0.90 | dt: 145ms | tok/sec: 901,799 | mfu: 25.2% | epoch: 1 | remaining: 134s    
step 01151 (55.2%) | loss: 3.114193 | lrm: 0.90 | dt: 145ms | tok/sec: 901,834 | mfu: 25.2% | epoch: 1 | remaining: 134s    
step 01152 (55.2%) | loss: 3.112772 | lrm: 0.90 | dt: 145ms | tok/sec: 902,144 | mfu: 25.2% | epoch: 1 | remaining: 134s    
step 01153 (55.3%) | loss: 3.113240 | lrm: 0.89 | dt: 145ms | tok/sec: 901,672 | mfu: 25.2% | epoch: 1 | remaining: 134s    
step 01154 (55.3%) | loss: 3.115896 | lrm: 0.89 | dt: 146ms | tok/sec: 900,735 | mfu: 25.2% | epoch: 1 | remaining: 134s    
step 01155 (55.4%) | loss: 3.122656 | lrm: 0.89 | dt: 145ms | tok/sec: 902,034 | mfu: 25.2% | epoch: 1 | remaining: 134s    
step 01156 (55.4%) | loss: 3.129399 | lrm: 0.89 | dt: 145ms | tok/sec: 902,056 | mfu: 25.2% | epoch: 1 | remaining: 134s    
step 01157 (55.5%) | loss: 3.127735 | lrm: 0.89 | dt: 145ms | tok/sec: 902,357 | mfu: 25.2% | epoch: 1 | remaining: 133s    
step 01158 (55.5%) | loss: 3.119105 | lrm: 0.89 | dt: 145ms | tok/sec: 902,344 | mfu: 25.2% | epoch: 1 | remaining: 133s    
step 01159 (55.6%) | loss: 3.122033 | lrm: 0.89 | dt: 145ms | tok/sec: 901,947 | mfu: 25.2% | epoch: 1 | remaining: 133s    
step 01160 (55.6%) | loss: 3.112017 | lrm: 0.89 | dt: 145ms | tok/sec: 902,218 | mfu: 25.2% | epoch: 1 | remaining: 133s    
step 01161 (55.7%) | loss: 3.117471 | lrm: 0.89 | dt: 145ms | tok/sec: 902,355 | mfu: 25.2% | epoch: 1 | remaining: 133s    
step 01162 (55.7%) | loss: 3.114394 | lrm: 0.89 | dt: 145ms | tok/sec: 902,289 | mfu: 25.2% | epoch: 1 | remaining: 133s    
step 01163 (55.8%) | loss: 3.112901 | lrm: 0.88 | dt: 145ms | tok/sec: 901,781 | mfu: 25.2% | epoch: 1 | remaining: 133s    
step 01164 (55.8%) | loss: 3.121036 | lrm: 0.88 | dt: 145ms | tok/sec: 901,990 | mfu: 25.2% | epoch: 1 | remaining: 132s    
step 01165 (55.9%) | loss: 3.118950 | lrm: 0.88 | dt: 145ms | tok/sec: 902,067 | mfu: 25.2% | epoch: 1 | remaining: 132s    
step 01166 (55.9%) | loss: 3.119323 | lrm: 0.88 | dt: 145ms | tok/sec: 901,944 | mfu: 25.2% | epoch: 1 | remaining: 132s    
step 01167 (56.0%) | loss: 3.114496 | lrm: 0.88 | dt: 145ms | tok/sec: 902,036 | mfu: 25.2% | epoch: 1 | remaining: 132s    
step 01168 (56.0%) | loss: 3.107188 | lrm: 0.88 | dt: 145ms | tok/sec: 901,985 | mfu: 25.2% | epoch: 1 | remaining: 132s    
step 01169 (56.1%) | loss: 3.099673 | lrm: 0.88 | dt: 145ms | tok/sec: 901,895 | mfu: 25.2% | epoch: 1 | remaining: 132s    
step 01170 (56.1%) | loss: 3.098182 | lrm: 0.88 | dt: 145ms | tok/sec: 902,314 | mfu: 25.2% | epoch: 1 | remaining: 132s    
step 01171 (56.2%) | loss: 3.099934 | lrm: 0.88 | dt: 145ms | tok/sec: 901,874 | mfu: 25.2% | epoch: 1 | remaining: 131s    
step 01172 (56.2%) | loss: 3.094281 | lrm: 0.88 | dt: 145ms | tok/sec: 901,774 | mfu: 25.2% | epoch: 1 | remaining: 131s    
step 01173 (56.3%) | loss: 3.090997 | lrm: 0.87 | dt: 145ms | tok/sec: 901,892 | mfu: 25.2% | epoch: 1 | remaining: 131s    
step 01174 (56.3%) | loss: 3.088956 | lrm: 0.87 | dt: 145ms | tok/sec: 901,707 | mfu: 25.2% | epoch: 1 | remaining: 131s    
step 01175 (56.4%) | loss: 3.090505 | lrm: 0.87 | dt: 145ms | tok/sec: 901,895 | mfu: 25.2% | epoch: 1 | remaining: 131s    
step 01176 (56.4%) | loss: 3.086437 | lrm: 0.87 | dt: 145ms | tok/sec: 901,950 | mfu: 25.2% | epoch: 1 | remaining: 131s    
step 01177 (56.5%) | loss: 3.094964 | lrm: 0.87 | dt: 145ms | tok/sec: 901,589 | mfu: 25.2% | epoch: 1 | remaining: 131s    
step 01178 (56.5%) | loss: 3.096160 | lrm: 0.87 | dt: 145ms | tok/sec: 901,944 | mfu: 25.2% | epoch: 1 | remaining: 130s    
step 01179 (56.5%) | loss: 3.094833 | lrm: 0.87 | dt: 145ms | tok/sec: 901,865 | mfu: 25.2% | epoch: 1 | remaining: 130s    
step 01180 (56.6%) | loss: 3.099651 | lrm: 0.87 | dt: 145ms | tok/sec: 901,506 | mfu: 25.2% | epoch: 1 | remaining: 130s    
step 01181 (56.6%) | loss: 3.096394 | lrm: 0.87 | dt: 145ms | tok/sec: 900,878 | mfu: 25.2% | epoch: 1 | remaining: 130s    
step 01182 (56.7%) | loss: 3.099305 | lrm: 0.87 | dt: 146ms | tok/sec: 899,796 | mfu: 25.2% | epoch: 1 | remaining: 130s    
step 01183 (56.7%) | loss: 3.106275 | lrm: 0.87 | dt: 145ms | tok/sec: 901,729 | mfu: 25.2% | epoch: 1 | remaining: 130s    
step 01184 (56.8%) | loss: 3.110073 | lrm: 0.86 | dt: 145ms | tok/sec: 901,576 | mfu: 25.2% | epoch: 1 | remaining: 129s    
step 01185 (56.8%) | loss: 3.107261 | lrm: 0.86 | dt: 145ms | tok/sec: 901,873 | mfu: 25.2% | epoch: 1 | remaining: 129s    
step 01186 (56.9%) | loss: 3.113824 | lrm: 0.86 | dt: 145ms | tok/sec: 902,043 | mfu: 25.2% | epoch: 1 | remaining: 129s    
step 01187 (56.9%) | loss: 3.109740 | lrm: 0.86 | dt: 145ms | tok/sec: 901,516 | mfu: 25.2% | epoch: 1 | remaining: 129s    
step 01188 (57.0%) | loss: 3.104161 | lrm: 0.86 | dt: 145ms | tok/sec: 901,926 | mfu: 25.2% | epoch: 1 | remaining: 129s    
step 01189 (57.0%) | loss: 3.099097 | lrm: 0.86 | dt: 145ms | tok/sec: 901,392 | mfu: 25.2% | epoch: 1 | remaining: 129s    
step 01190 (57.1%) | loss: 3.103636 | lrm: 0.86 | dt: 145ms | tok/sec: 901,323 | mfu: 25.2% | epoch: 1 | remaining: 129s    
step 01191 (57.1%) | loss: 3.109588 | lrm: 0.86 | dt: 145ms | tok/sec: 901,336 | mfu: 25.2% | epoch: 1 | remaining: 128s    
step 01192 (57.2%) | loss: 3.111941 | lrm: 0.86 | dt: 145ms | tok/sec: 901,632 | mfu: 25.2% | epoch: 1 | remaining: 128s    
step 01193 (57.2%) | loss: 3.110422 | lrm: 0.86 | dt: 145ms | tok/sec: 901,543 | mfu: 25.2% | epoch: 1 | remaining: 128s    
step 01194 (57.3%) | loss: 3.103261 | lrm: 0.85 | dt: 145ms | tok/sec: 901,999 | mfu: 25.2% | epoch: 1 | remaining: 128s    
step 01195 (57.3%) | loss: 3.103799 | lrm: 0.85 | dt: 145ms | tok/sec: 902,033 | mfu: 25.2% | epoch: 1 | remaining: 128s    
step 01196 (57.4%) | loss: 3.108185 | lrm: 0.85 | dt: 145ms | tok/sec: 901,243 | mfu: 25.2% | epoch: 1 | remaining: 128s    
step 01197 (57.4%) | loss: 3.098978 | lrm: 0.85 | dt: 145ms | tok/sec: 901,652 | mfu: 25.2% | epoch: 1 | remaining: 128s    
step 01198 (57.5%) | loss: 3.093890 | lrm: 0.85 | dt: 145ms | tok/sec: 900,987 | mfu: 25.2% | epoch: 1 | remaining: 127s    
step 01199 (57.5%) | loss: 3.083678 | lrm: 0.85 | dt: 145ms | tok/sec: 901,286 | mfu: 25.2% | epoch: 1 | remaining: 127s    
step 01200 (57.6%) | loss: 3.080149 | lrm: 0.85 | dt: 145ms | tok/sec: 901,530 | mfu: 25.2% | epoch: 1 | remaining: 127s    
step 01201 (57.6%) | loss: 3.087805 | lrm: 0.85 | dt: 145ms | tok/sec: 901,513 | mfu: 25.2% | epoch: 1 | remaining: 127s    
step 01202 (57.7%) | loss: 3.092045 | lrm: 0.85 | dt: 145ms | tok/sec: 901,617 | mfu: 25.2% | epoch: 1 | remaining: 127s    
step 01203 (57.7%) | loss: 3.089624 | lrm: 0.85 | dt: 145ms | tok/sec: 901,861 | mfu: 25.2% | epoch: 1 | remaining: 127s    
step 01204 (57.8%) | loss: 3.086686 | lrm: 0.84 | dt: 145ms | tok/sec: 901,753 | mfu: 25.2% | epoch: 1 | remaining: 127s    
step 01205 (57.8%) | loss: 3.088431 | lrm: 0.84 | dt: 145ms | tok/sec: 901,929 | mfu: 25.2% | epoch: 1 | remaining: 126s    
step 01206 (57.9%) | loss: 3.087889 | lrm: 0.84 | dt: 145ms | tok/sec: 902,224 | mfu: 25.2% | epoch: 1 | remaining: 126s    
step 01207 (57.9%) | loss: 3.093943 | lrm: 0.84 | dt: 145ms | tok/sec: 902,157 | mfu: 25.2% | epoch: 1 | remaining: 126s    
step 01208 (58.0%) | loss: 3.093164 | lrm: 0.84 | dt: 145ms | tok/sec: 902,061 | mfu: 25.2% | epoch: 1 | remaining: 126s    
step 01209 (58.0%) | loss: 3.089822 | lrm: 0.84 | dt: 145ms | tok/sec: 902,002 | mfu: 25.2% | epoch: 1 | remaining: 126s    
step 01210 (58.0%) | loss: 3.093799 | lrm: 0.84 | dt: 145ms | tok/sec: 901,861 | mfu: 25.2% | epoch: 1 | remaining: 126s    
step 01211 (58.1%) | loss: 3.089633 | lrm: 0.84 | dt: 145ms | tok/sec: 901,979 | mfu: 25.2% | epoch: 1 | remaining: 126s    
step 01212 (58.1%) | loss: 3.095803 | lrm: 0.84 | dt: 145ms | tok/sec: 901,864 | mfu: 25.2% | epoch: 1 | remaining: 125s    
step 01213 (58.2%) | loss: 3.092778 | lrm: 0.84 | dt: 145ms | tok/sec: 901,184 | mfu: 25.2% | epoch: 1 | remaining: 125s    
step 01214 (58.2%) | loss: 3.090895 | lrm: 0.84 | dt: 145ms | tok/sec: 901,913 | mfu: 25.2% | epoch: 1 | remaining: 125s    
step 01215 (58.3%) | loss: 3.093953 | lrm: 0.83 | dt: 145ms | tok/sec: 901,735 | mfu: 25.2% | epoch: 1 | remaining: 125s    
step 01216 (58.3%) | loss: 3.091007 | lrm: 0.83 | dt: 145ms | tok/sec: 901,753 | mfu: 25.2% | epoch: 1 | remaining: 125s    
step 01217 (58.4%) | loss: 3.092846 | lrm: 0.83 | dt: 145ms | tok/sec: 901,805 | mfu: 25.2% | epoch: 1 | remaining: 125s    
step 01218 (58.4%) | loss: 3.091712 | lrm: 0.83 | dt: 145ms | tok/sec: 901,837 | mfu: 25.2% | epoch: 1 | remaining: 125s    
step 01219 (58.5%) | loss: 3.088772 | lrm: 0.83 | dt: 145ms | tok/sec: 901,960 | mfu: 25.2% | epoch: 1 | remaining: 124s    
step 01220 (58.5%) | loss: 3.085435 | lrm: 0.83 | dt: 145ms | tok/sec: 902,068 | mfu: 25.2% | epoch: 1 | remaining: 124s    
step 01221 (58.6%) | loss: 3.090045 | lrm: 0.83 | dt: 145ms | tok/sec: 902,071 | mfu: 25.2% | epoch: 1 | remaining: 124s    
step 01222 (58.6%) | loss: 3.090202 | lrm: 0.83 | dt: 145ms | tok/sec: 901,645 | mfu: 25.2% | epoch: 1 | remaining: 124s    
step 01223 (58.7%) | loss: 3.088338 | lrm: 0.83 | dt: 145ms | tok/sec: 902,230 | mfu: 25.2% | epoch: 1 | remaining: 124s    
step 01224 (58.7%) | loss: 3.089028 | lrm: 0.83 | dt: 145ms | tok/sec: 901,902 | mfu: 25.2% | epoch: 1 | remaining: 124s    
step 01225 (58.8%) | loss: 3.085291 | lrm: 0.82 | dt: 145ms | tok/sec: 901,960 | mfu: 25.2% | epoch: 1 | remaining: 124s    
step 01226 (58.8%) | loss: 3.078610 | lrm: 0.82 | dt: 145ms | tok/sec: 901,088 | mfu: 25.2% | epoch: 1 | remaining: 123s    
step 01227 (58.9%) | loss: 3.079822 | lrm: 0.82 | dt: 145ms | tok/sec: 901,652 | mfu: 25.2% | epoch: 1 | remaining: 123s    
step 01228 (58.9%) | loss: 3.076756 | lrm: 0.82 | dt: 145ms | tok/sec: 901,462 | mfu: 25.2% | epoch: 1 | remaining: 123s    
step 01229 (59.0%) | loss: 3.074411 | lrm: 0.82 | dt: 145ms | tok/sec: 901,441 | mfu: 25.2% | epoch: 1 | remaining: 123s    
step 01230 (59.0%) | loss: 3.072848 | lrm: 0.82 | dt: 145ms | tok/sec: 901,922 | mfu: 25.2% | epoch: 1 | remaining: 123s    
step 01231 (59.1%) | loss: 3.067643 | lrm: 0.82 | dt: 145ms | tok/sec: 901,638 | mfu: 25.2% | epoch: 1 | remaining: 123s    
step 01232 (59.1%) | loss: 3.064526 | lrm: 0.82 | dt: 145ms | tok/sec: 902,250 | mfu: 25.2% | epoch: 1 | remaining: 123s    
step 01233 (59.2%) | loss: 3.065389 | lrm: 0.82 | dt: 145ms | tok/sec: 901,196 | mfu: 25.2% | epoch: 1 | remaining: 122s    
step 01234 (59.2%) | loss: 3.068081 | lrm: 0.82 | dt: 146ms | tok/sec: 900,091 | mfu: 25.2% | epoch: 1 | remaining: 122s    
step 01235 (59.3%) | loss: 3.063469 | lrm: 0.81 | dt: 145ms | tok/sec: 901,179 | mfu: 25.2% | epoch: 1 | remaining: 122s    
step 01236 (59.3%) | loss: 3.063922 | lrm: 0.81 | dt: 146ms | tok/sec: 899,787 | mfu: 25.2% | epoch: 1 | remaining: 122s    
step 01237 (59.4%) | loss: 3.056084 | lrm: 0.81 | dt: 145ms | tok/sec: 901,318 | mfu: 25.2% | epoch: 1 | remaining: 122s    
step 01238 (59.4%) | loss: 3.056420 | lrm: 0.81 | dt: 145ms | tok/sec: 901,663 | mfu: 25.2% | epoch: 1 | remaining: 122s    
step 01239 (59.5%) | loss: 3.054799 | lrm: 0.81 | dt: 145ms | tok/sec: 901,451 | mfu: 25.2% | epoch: 1 | remaining: 121s    
step 01240 (59.5%) | loss: 3.057192 | lrm: 0.81 | dt: 145ms | tok/sec: 901,581 | mfu: 25.2% | epoch: 1 | remaining: 121s    
step 01241 (59.6%) | loss: 3.050550 | lrm: 0.81 | dt: 145ms | tok/sec: 901,460 | mfu: 25.2% | epoch: 1 | remaining: 121s    
step 01242 (59.6%) | loss: 3.055161 | lrm: 0.81 | dt: 145ms | tok/sec: 901,524 | mfu: 25.2% | epoch: 1 | remaining: 121s    
step 01243 (59.6%) | loss: 3.060029 | lrm: 0.81 | dt: 145ms | tok/sec: 901,094 | mfu: 25.2% | epoch: 1 | remaining: 121s    
step 01244 (59.7%) | loss: 3.056487 | lrm: 0.81 | dt: 145ms | tok/sec: 900,862 | mfu: 25.2% | epoch: 1 | remaining: 121s    
step 01245 (59.7%) | loss: 3.055735 | lrm: 0.81 | dt: 145ms | tok/sec: 901,496 | mfu: 25.2% | epoch: 1 | remaining: 121s    
step 01246 (59.8%) | loss: 3.059838 | lrm: 0.80 | dt: 145ms | tok/sec: 901,871 | mfu: 25.2% | epoch: 1 | remaining: 120s    
step 01247 (59.8%) | loss: 3.062562 | lrm: 0.80 | dt: 145ms | tok/sec: 902,096 | mfu: 25.2% | epoch: 1 | remaining: 120s    
step 01248 (59.9%) | loss: 3.063326 | lrm: 0.80 | dt: 145ms | tok/sec: 901,632 | mfu: 25.2% | epoch: 1 | remaining: 120s    
step 01249 (59.9%) | loss: 3.063928 | lrm: 0.80 | dt: 145ms | tok/sec: 901,929 | mfu: 25.2% | epoch: 1 | remaining: 120s    
step 01250 (60.0%) | loss: 3.062707 | lrm: 0.80 | dt: 145ms | tok/sec: 901,614 | mfu: 25.2% | epoch: 1 | remaining: 120s    
step 01251 (60.0%) | loss: 3.066034 | lrm: 0.80 | dt: 145ms | tok/sec: 901,778 | mfu: 25.2% | epoch: 1 | remaining: 120s    
step 01252 (60.1%) | loss: 3.066390 | lrm: 0.80 | dt: 145ms | tok/sec: 901,639 | mfu: 25.2% | epoch: 1 | remaining: 120s    
step 01253 (60.1%) | loss: 3.069628 | lrm: 0.80 | dt: 145ms | tok/sec: 902,114 | mfu: 25.2% | epoch: 1 | remaining: 119s    
step 01254 (60.2%) | loss: 3.067516 | lrm: 0.80 | dt: 145ms | tok/sec: 901,556 | mfu: 25.2% | epoch: 1 | remaining: 119s    
step 01255 (60.2%) | loss: 3.068846 | lrm: 0.80 | dt: 145ms | tok/sec: 901,459 | mfu: 25.2% | epoch: 1 | remaining: 119s    
step 01256 (60.3%) | loss: 3.060751 | lrm: 0.79 | dt: 145ms | tok/sec: 901,889 | mfu: 25.2% | epoch: 1 | remaining: 119s    
step 01257 (60.3%) | loss: 3.057816 | lrm: 0.79 | dt: 145ms | tok/sec: 901,471 | mfu: 25.2% | epoch: 1 | remaining: 119s    
step 01258 (60.4%) | loss: 3.057059 | lrm: 0.79 | dt: 146ms | tok/sec: 899,145 | mfu: 25.2% | epoch: 1 | remaining: 119s    
step 01259 (60.4%) | loss: 3.052827 | lrm: 0.79 | dt: 146ms | tok/sec: 900,428 | mfu: 25.2% | epoch: 1 | remaining: 119s    
step 01260 (60.5%) | loss: 3.051743 | lrm: 0.79 | dt: 145ms | tok/sec: 901,740 | mfu: 25.2% | epoch: 1 | remaining: 118s    
step 01261 (60.5%) | loss: 3.054275 | lrm: 0.79 | dt: 145ms | tok/sec: 902,024 | mfu: 25.2% | epoch: 1 | remaining: 118s    
step 01262 (60.6%) | loss: 3.052259 | lrm: 0.79 | dt: 145ms | tok/sec: 901,747 | mfu: 25.2% | epoch: 1 | remaining: 118s    
step 01263 (60.6%) | loss: 3.054364 | lrm: 0.79 | dt: 145ms | tok/sec: 901,394 | mfu: 25.2% | epoch: 1 | remaining: 118s    
step 01264 (60.7%) | loss: 3.060055 | lrm: 0.79 | dt: 145ms | tok/sec: 901,781 | mfu: 25.2% | epoch: 1 | remaining: 118s    
step 01265 (60.7%) | loss: 3.068942 | lrm: 0.79 | dt: 145ms | tok/sec: 901,111 | mfu: 25.2% | epoch: 1 | remaining: 118s    
step 01266 (60.8%) | loss: 3.070655 | lrm: 0.78 | dt: 145ms | tok/sec: 901,209 | mfu: 25.2% | epoch: 1 | remaining: 118s    
step 01267 (60.8%) | loss: 3.072771 | lrm: 0.78 | dt: 145ms | tok/sec: 901,200 | mfu: 25.2% | epoch: 1 | remaining: 117s    
step 01268 (60.9%) | loss: 3.071022 | lrm: 0.78 | dt: 145ms | tok/sec: 901,408 | mfu: 25.2% | epoch: 1 | remaining: 117s    
step 01269 (60.9%) | loss: 3.069918 | lrm: 0.78 | dt: 145ms | tok/sec: 901,544 | mfu: 25.2% | epoch: 1 | remaining: 117s    
step 01270 (61.0%) | loss: 3.068356 | lrm: 0.78 | dt: 145ms | tok/sec: 901,818 | mfu: 25.2% | epoch: 1 | remaining: 117s    
step 01271 (61.0%) | loss: 3.061165 | lrm: 0.78 | dt: 147ms | tok/sec: 889,910 | mfu: 24.9% | epoch: 1 | remaining: 117s    
step 01272 (61.1%) | loss: 3.068214 | lrm: 0.78 | dt: 146ms | tok/sec: 899,435 | mfu: 25.2% | epoch: 1 | remaining: 117s    
step 01273 (61.1%) | loss: 3.065702 | lrm: 0.78 | dt: 145ms | tok/sec: 901,497 | mfu: 25.2% | epoch: 1 | remaining: 117s    
step 01274 (61.2%) | loss: 3.062599 | lrm: 0.78 | dt: 145ms | tok/sec: 901,752 | mfu: 25.2% | epoch: 1 | remaining: 116s    
step 01275 (61.2%) | loss: 3.061698 | lrm: 0.78 | dt: 145ms | tok/sec: 901,404 | mfu: 25.2% | epoch: 1 | remaining: 116s    
step 01276 (61.2%) | loss: 3.062520 | lrm: 0.78 | dt: 145ms | tok/sec: 901,460 | mfu: 25.2% | epoch: 1 | remaining: 116s    
step 01277 (61.3%) | loss: 3.066470 | lrm: 0.77 | dt: 145ms | tok/sec: 901,610 | mfu: 25.2% | epoch: 1 | remaining: 116s    
step 01278 (61.3%) | loss: 3.070758 | lrm: 0.77 | dt: 145ms | tok/sec: 901,246 | mfu: 25.2% | epoch: 1 | remaining: 116s    
step 01279 (61.4%) | loss: 3.067728 | lrm: 0.77 | dt: 145ms | tok/sec: 901,038 | mfu: 25.2% | epoch: 1 | remaining: 116s    
step 01280 (61.4%) | loss: 3.065707 | lrm: 0.77 | dt: 145ms | tok/sec: 901,649 | mfu: 25.2% | epoch: 1 | remaining: 116s    
step 01281 (61.5%) | loss: 3.062857 | lrm: 0.77 | dt: 145ms | tok/sec: 901,159 | mfu: 25.2% | epoch: 1 | remaining: 115s    
step 01282 (61.5%) | loss: 3.052614 | lrm: 0.77 | dt: 145ms | tok/sec: 901,587 | mfu: 25.2% | epoch: 1 | remaining: 115s    
step 01283 (61.6%) | loss: 3.062590 | lrm: 0.77 | dt: 145ms | tok/sec: 901,715 | mfu: 25.2% | epoch: 1 | remaining: 115s    
step 01284 (61.6%) | loss: 3.066538 | lrm: 0.77 | dt: 145ms | tok/sec: 901,311 | mfu: 25.2% | epoch: 1 | remaining: 115s    
step 01285 (61.7%) | loss: 3.065093 | lrm: 0.77 | dt: 145ms | tok/sec: 901,459 | mfu: 25.2% | epoch: 1 | remaining: 115s    
step 01286 (61.7%) | loss: 3.068728 | lrm: 0.77 | dt: 145ms | tok/sec: 901,349 | mfu: 25.2% | epoch: 1 | remaining: 115s    
step 01287 (61.8%) | loss: 3.073580 | lrm: 0.76 | dt: 145ms | tok/sec: 901,004 | mfu: 25.2% | epoch: 1 | remaining: 115s    
step 01288 (61.8%) | loss: 3.069136 | lrm: 0.76 | dt: 145ms | tok/sec: 901,703 | mfu: 25.2% | epoch: 1 | remaining: 114s    
step 01289 (61.9%) | loss: 3.066364 | lrm: 0.76 | dt: 145ms | tok/sec: 901,895 | mfu: 25.2% | epoch: 1 | remaining: 114s    
step 01290 (61.9%) | loss: 3.063887 | lrm: 0.76 | dt: 145ms | tok/sec: 902,113 | mfu: 25.2% | epoch: 1 | remaining: 114s    
step 01291 (62.0%) | loss: 3.060665 | lrm: 0.76 | dt: 145ms | tok/sec: 901,510 | mfu: 25.2% | epoch: 1 | remaining: 114s    
step 01292 (62.0%) | loss: 3.054357 | lrm: 0.76 | dt: 145ms | tok/sec: 902,009 | mfu: 25.2% | epoch: 1 | remaining: 114s    
step 01293 (62.1%) | loss: 3.063772 | lrm: 0.76 | dt: 145ms | tok/sec: 901,880 | mfu: 25.2% | epoch: 1 | remaining: 114s    
step 01294 (62.1%) | loss: 3.059421 | lrm: 0.76 | dt: 145ms | tok/sec: 901,876 | mfu: 25.2% | epoch: 1 | remaining: 113s    
step 01295 (62.2%) | loss: 3.058138 | lrm: 0.76 | dt: 145ms | tok/sec: 901,965 | mfu: 25.2% | epoch: 1 | remaining: 113s    
step 01296 (62.2%) | loss: 3.058592 | lrm: 0.76 | dt: 145ms | tok/sec: 901,709 | mfu: 25.2% | epoch: 1 | remaining: 113s    
step 01297 (62.3%) | loss: 3.053739 | lrm: 0.75 | dt: 145ms | tok/sec: 901,933 | mfu: 25.2% | epoch: 1 | remaining: 113s    
step 01298 (62.3%) | loss: 3.056828 | lrm: 0.75 | dt: 145ms | tok/sec: 901,951 | mfu: 25.2% | epoch: 1 | remaining: 113s    
step 01299 (62.4%) | loss: 3.054971 | lrm: 0.75 | dt: 145ms | tok/sec: 901,417 | mfu: 25.2% | epoch: 1 | remaining: 113s    
step 01300 (62.4%) | loss: 3.055889 | lrm: 0.75 | dt: 146ms | tok/sec: 899,094 | mfu: 25.2% | epoch: 1 | remaining: 113s    
step 01301 (62.5%) | loss: 3.047842 | lrm: 0.75 | dt: 146ms | tok/sec: 900,818 | mfu: 25.2% | epoch: 1 | remaining: 112s    
step 01302 (62.5%) | loss: 3.053882 | lrm: 0.75 | dt: 145ms | tok/sec: 901,202 | mfu: 25.2% | epoch: 1 | remaining: 112s    
step 01303 (62.6%) | loss: 3.045938 | lrm: 0.75 | dt: 145ms | tok/sec: 901,280 | mfu: 25.2% | epoch: 1 | remaining: 112s    
step 01304 (62.6%) | loss: 3.047670 | lrm: 0.75 | dt: 145ms | tok/sec: 901,120 | mfu: 25.2% | epoch: 1 | remaining: 112s    
step 01305 (62.7%) | loss: 3.038439 | lrm: 0.75 | dt: 146ms | tok/sec: 900,834 | mfu: 25.2% | epoch: 1 | remaining: 112s    
step 01306 (62.7%) | loss: 3.038132 | lrm: 0.75 | dt: 145ms | tok/sec: 901,052 | mfu: 25.2% | epoch: 1 | remaining: 112s    
step 01307 (62.8%) | loss: 3.049523 | lrm: 0.74 | dt: 145ms | tok/sec: 901,202 | mfu: 25.2% | epoch: 1 | remaining: 112s    
step 01308 (62.8%) | loss: 3.049756 | lrm: 0.74 | dt: 145ms | tok/sec: 901,592 | mfu: 25.2% | epoch: 1 | remaining: 111s    
step 01309 (62.8%) | loss: 3.054970 | lrm: 0.74 | dt: 145ms | tok/sec: 901,965 | mfu: 25.2% | epoch: 1 | remaining: 111s    
step 01310 (62.9%) | loss: 3.064534 | lrm: 0.74 | dt: 145ms | tok/sec: 902,059 | mfu: 25.2% | epoch: 1 | remaining: 111s    
step 01311 (62.9%) | loss: 3.063554 | lrm: 0.74 | dt: 145ms | tok/sec: 902,053 | mfu: 25.2% | epoch: 1 | remaining: 111s    
step 01312 (63.0%) | loss: 3.055079 | lrm: 0.74 | dt: 145ms | tok/sec: 901,821 | mfu: 25.2% | epoch: 1 | remaining: 111s    
step 01313 (63.0%) | loss: 3.054231 | lrm: 0.74 | dt: 145ms | tok/sec: 901,942 | mfu: 25.2% | epoch: 1 | remaining: 111s    
step 01314 (63.1%) | loss: 3.047719 | lrm: 0.74 | dt: 145ms | tok/sec: 902,110 | mfu: 25.2% | epoch: 1 | remaining: 111s    
step 01315 (63.1%) | loss: 3.046581 | lrm: 0.74 | dt: 145ms | tok/sec: 902,397 | mfu: 25.2% | epoch: 1 | remaining: 110s    
step 01316 (63.2%) | loss: 3.047095 | lrm: 0.74 | dt: 145ms | tok/sec: 901,948 | mfu: 25.2% | epoch: 1 | remaining: 110s    
step 01317 (63.2%) | loss: 3.047423 | lrm: 0.74 | dt: 145ms | tok/sec: 902,095 | mfu: 25.2% | epoch: 1 | remaining: 110s    
step 01318 (63.3%) | loss: 3.055215 | lrm: 0.73 | dt: 145ms | tok/sec: 902,289 | mfu: 25.2% | epoch: 1 | remaining: 110s    
step 01319 (63.3%) | loss: 3.052421 | lrm: 0.73 | dt: 145ms | tok/sec: 902,107 | mfu: 25.2% | epoch: 1 | remaining: 110s    
step 01320 (63.4%) | loss: 3.056248 | lrm: 0.73 | dt: 145ms | tok/sec: 901,842 | mfu: 25.2% | epoch: 1 | remaining: 110s    
step 01321 (63.4%) | loss: 3.056091 | lrm: 0.73 | dt: 145ms | tok/sec: 901,675 | mfu: 25.2% | epoch: 1 | remaining: 110s    
step 01322 (63.5%) | loss: 3.049371 | lrm: 0.73 | dt: 145ms | tok/sec: 901,787 | mfu: 25.2% | epoch: 1 | remaining: 109s    
step 01323 (63.5%) | loss: 3.052143 | lrm: 0.73 | dt: 145ms | tok/sec: 902,234 | mfu: 25.2% | epoch: 1 | remaining: 109s    
step 01324 (63.6%) | loss: 3.053935 | lrm: 0.73 | dt: 145ms | tok/sec: 902,003 | mfu: 25.2% | epoch: 1 | remaining: 109s    
step 01325 (63.6%) | loss: 3.052147 | lrm: 0.73 | dt: 145ms | tok/sec: 902,169 | mfu: 25.2% | epoch: 1 | remaining: 109s    
step 01326 (63.7%) | loss: 3.053919 | lrm: 0.73 | dt: 145ms | tok/sec: 902,489 | mfu: 25.2% | epoch: 1 | remaining: 109s    
step 01327 (63.7%) | loss: 3.056642 | lrm: 0.73 | dt: 145ms | tok/sec: 902,409 | mfu: 25.2% | epoch: 1 | remaining: 109s    
step 01328 (63.8%) | loss: 3.055358 | lrm: 0.72 | dt: 145ms | tok/sec: 902,469 | mfu: 25.2% | epoch: 1 | remaining: 109s    
step 01329 (63.8%) | loss: 3.061976 | lrm: 0.72 | dt: 145ms | tok/sec: 902,243 | mfu: 25.2% | epoch: 1 | remaining: 108s    
step 01330 (63.9%) | loss: 3.055992 | lrm: 0.72 | dt: 145ms | tok/sec: 902,424 | mfu: 25.2% | epoch: 1 | remaining: 108s    
step 01331 (63.9%) | loss: 3.059362 | lrm: 0.72 | dt: 145ms | tok/sec: 902,429 | mfu: 25.2% | epoch: 1 | remaining: 108s    
step 01332 (64.0%) | loss: 3.058745 | lrm: 0.72 | dt: 145ms | tok/sec: 902,727 | mfu: 25.3% | epoch: 1 | remaining: 108s    
step 01333 (64.0%) | loss: 3.062700 | lrm: 0.72 | dt: 145ms | tok/sec: 902,930 | mfu: 25.3% | epoch: 1 | remaining: 108s    
step 01334 (64.1%) | loss: 3.057082 | lrm: 0.72 | dt: 145ms | tok/sec: 902,699 | mfu: 25.3% | epoch: 1 | remaining: 108s    
step 01335 (64.1%) | loss: 3.059092 | lrm: 0.72 | dt: 145ms | tok/sec: 902,898 | mfu: 25.3% | epoch: 1 | remaining: 108s    
step 01336 (64.2%) | loss: 3.058327 | lrm: 0.72 | dt: 145ms | tok/sec: 902,930 | mfu: 25.3% | epoch: 1 | remaining: 107s    
step 01337 (64.2%) | loss: 3.057565 | lrm: 0.72 | dt: 145ms | tok/sec: 902,665 | mfu: 25.3% | epoch: 1 | remaining: 107s    
step 01338 (64.3%) | loss: 3.053554 | lrm: 0.71 | dt: 146ms | tok/sec: 900,279 | mfu: 25.2% | epoch: 1 | remaining: 107s    
step 01339 (64.3%) | loss: 3.055000 | lrm: 0.71 | dt: 145ms | tok/sec: 902,606 | mfu: 25.3% | epoch: 1 | remaining: 107s    
step 01340 (64.3%) | loss: 3.057754 | lrm: 0.71 | dt: 145ms | tok/sec: 902,378 | mfu: 25.2% | epoch: 1 | remaining: 107s    
step 01341 (64.4%) | loss: 3.056866 | lrm: 0.71 | dt: 145ms | tok/sec: 902,712 | mfu: 25.3% | epoch: 1 | remaining: 107s    
step 01342 (64.4%) | loss: 3.053878 | lrm: 0.71 | dt: 145ms | tok/sec: 902,616 | mfu: 25.3% | epoch: 1 | remaining: 107s    
step 01343 (64.5%) | loss: 3.052192 | lrm: 0.71 | dt: 145ms | tok/sec: 902,471 | mfu: 25.2% | epoch: 1 | remaining: 106s    
step 01344 (64.5%) | loss: 3.048541 | lrm: 0.71 | dt: 145ms | tok/sec: 902,225 | mfu: 25.2% | epoch: 1 | remaining: 106s    
step 01345 (64.6%) | loss: 3.035724 | lrm: 0.71 | dt: 145ms | tok/sec: 902,532 | mfu: 25.2% | epoch: 1 | remaining: 106s    
step 01346 (64.6%) | loss: 3.041010 | lrm: 0.71 | dt: 145ms | tok/sec: 902,589 | mfu: 25.3% | epoch: 1 | remaining: 106s    
step 01347 (64.7%) | loss: 3.042931 | lrm: 0.71 | dt: 145ms | tok/sec: 902,230 | mfu: 25.2% | epoch: 1 | remaining: 106s    
step 01348 (64.7%) | loss: 3.046969 | lrm: 0.71 | dt: 145ms | tok/sec: 902,629 | mfu: 25.3% | epoch: 1 | remaining: 106s    
step 01349 (64.8%) | loss: 3.044231 | lrm: 0.70 | dt: 145ms | tok/sec: 902,184 | mfu: 25.2% | epoch: 1 | remaining: 105s    
step 01350 (64.8%) | loss: 3.054909 | lrm: 0.70 | dt: 145ms | tok/sec: 901,010 | mfu: 25.2% | epoch: 1 | remaining: 105s    
step 01351 (64.9%) | loss: 3.053654 | lrm: 0.70 | dt: 145ms | tok/sec: 901,950 | mfu: 25.2% | epoch: 1 | remaining: 105s    
step 01352 (64.9%) | loss: 3.051868 | lrm: 0.70 | dt: 145ms | tok/sec: 901,193 | mfu: 25.2% | epoch: 1 | remaining: 105s    
step 01353 (65.0%) | loss: 3.047273 | lrm: 0.70 | dt: 145ms | tok/sec: 902,403 | mfu: 25.2% | epoch: 1 | remaining: 105s    
step 01354 (65.0%) | loss: 3.042781 | lrm: 0.70 | dt: 145ms | tok/sec: 902,406 | mfu: 25.2% | epoch: 1 | remaining: 105s    
step 01355 (65.1%) | loss: 3.044739 | lrm: 0.70 | dt: 145ms | tok/sec: 902,336 | mfu: 25.2% | epoch: 1 | remaining: 105s    
step 01356 (65.1%) | loss: 3.045424 | lrm: 0.70 | dt: 145ms | tok/sec: 901,595 | mfu: 25.2% | epoch: 1 | remaining: 104s    
step 01357 (65.2%) | loss: 3.045556 | lrm: 0.70 | dt: 145ms | tok/sec: 901,976 | mfu: 25.2% | epoch: 1 | remaining: 104s    
step 01358 (65.2%) | loss: 3.044166 | lrm: 0.70 | dt: 145ms | tok/sec: 902,317 | mfu: 25.2% | epoch: 1 | remaining: 104s    
step 01359 (65.3%) | loss: 3.047019 | lrm: 0.69 | dt: 145ms | tok/sec: 902,373 | mfu: 25.2% | epoch: 1 | remaining: 104s    
step 01360 (65.3%) | loss: 3.038873 | lrm: 0.69 | dt: 145ms | tok/sec: 902,844 | mfu: 25.3% | epoch: 1 | remaining: 104s    
step 01361 (65.4%) | loss: 3.034124 | lrm: 0.69 | dt: 145ms | tok/sec: 902,284 | mfu: 25.2% | epoch: 1 | remaining: 104s    
step 01362 (65.4%) | loss: 3.041812 | lrm: 0.69 | dt: 145ms | tok/sec: 902,619 | mfu: 25.3% | epoch: 1 | remaining: 104s    
step 01363 (65.5%) | loss: 3.039646 | lrm: 0.69 | dt: 145ms | tok/sec: 902,667 | mfu: 25.3% | epoch: 1 | remaining: 103s    
step 01364 (65.5%) | loss: 3.042733 | lrm: 0.69 | dt: 145ms | tok/sec: 902,710 | mfu: 25.3% | epoch: 1 | remaining: 103s    
step 01365 (65.6%) | loss: 3.046089 | lrm: 0.69 | dt: 145ms | tok/sec: 900,884 | mfu: 25.2% | epoch: 1 | remaining: 103s    
step 01366 (65.6%) | loss: 3.049363 | lrm: 0.69 | dt: 145ms | tok/sec: 902,179 | mfu: 25.2% | epoch: 1 | remaining: 103s    
step 01367 (65.7%) | loss: 3.054303 | lrm: 0.69 | dt: 145ms | tok/sec: 902,388 | mfu: 25.2% | epoch: 1 | remaining: 103s    
step 01368 (65.7%) | loss: 3.053305 | lrm: 0.69 | dt: 145ms | tok/sec: 902,649 | mfu: 25.3% | epoch: 1 | remaining: 103s    
step 01369 (65.8%) | loss: 3.046566 | lrm: 0.68 | dt: 145ms | tok/sec: 902,699 | mfu: 25.3% | epoch: 1 | remaining: 103s    
step 01370 (65.8%) | loss: 3.046878 | lrm: 0.68 | dt: 145ms | tok/sec: 902,753 | mfu: 25.3% | epoch: 1 | remaining: 102s    
step 01371 (65.9%) | loss: 3.049185 | lrm: 0.68 | dt: 145ms | tok/sec: 902,776 | mfu: 25.3% | epoch: 1 | remaining: 102s    
step 01372 (65.9%) | loss: 3.052501 | lrm: 0.68 | dt: 145ms | tok/sec: 902,941 | mfu: 25.3% | epoch: 1 | remaining: 102s    
step 01373 (65.9%) | loss: 3.054781 | lrm: 0.68 | dt: 145ms | tok/sec: 902,828 | mfu: 25.3% | epoch: 1 | remaining: 102s    
step 01374 (66.0%) | loss: 3.050173 | lrm: 0.68 | dt: 145ms | tok/sec: 902,873 | mfu: 25.3% | epoch: 1 | remaining: 102s    
step 01375 (66.0%) | loss: 3.046535 | lrm: 0.68 | dt: 145ms | tok/sec: 902,627 | mfu: 25.3% | epoch: 1 | remaining: 102s    
step 01376 (66.1%) | loss: 3.053540 | lrm: 0.68 | dt: 145ms | tok/sec: 902,665 | mfu: 25.3% | epoch: 1 | remaining: 102s    
step 01377 (66.1%) | loss: 3.055182 | lrm: 0.68 | dt: 145ms | tok/sec: 903,064 | mfu: 25.3% | epoch: 1 | remaining: 101s    
step 01378 (66.2%) | loss: 3.056751 | lrm: 0.68 | dt: 145ms | tok/sec: 902,788 | mfu: 25.3% | epoch: 1 | remaining: 101s    
step 01379 (66.2%) | loss: 3.052811 | lrm: 0.68 | dt: 145ms | tok/sec: 902,855 | mfu: 25.3% | epoch: 1 | remaining: 101s    
step 01380 (66.3%) | loss: 3.055088 | lrm: 0.67 | dt: 145ms | tok/sec: 902,834 | mfu: 25.3% | epoch: 1 | remaining: 101s    
step 01381 (66.3%) | loss: 3.050869 | lrm: 0.67 | dt: 145ms | tok/sec: 902,930 | mfu: 25.3% | epoch: 1 | remaining: 101s    
step 01382 (66.4%) | loss: 3.051892 | lrm: 0.67 | dt: 145ms | tok/sec: 902,867 | mfu: 25.3% | epoch: 1 | remaining: 101s    
step 01383 (66.4%) | loss: 3.060184 | lrm: 0.67 | dt: 145ms | tok/sec: 903,199 | mfu: 25.3% | epoch: 1 | remaining: 101s    
step 01384 (66.5%) | loss: 3.057686 | lrm: 0.67 | dt: 145ms | tok/sec: 902,326 | mfu: 25.2% | epoch: 1 | remaining: 100s    
step 01385 (66.5%) | loss: 3.054033 | lrm: 0.67 | dt: 145ms | tok/sec: 902,702 | mfu: 25.3% | epoch: 1 | remaining: 100s    
step 01386 (66.6%) | loss: 3.045860 | lrm: 0.67 | dt: 145ms | tok/sec: 902,787 | mfu: 25.3% | epoch: 1 | remaining: 100s    
step 01387 (66.6%) | loss: 3.046242 | lrm: 0.67 | dt: 145ms | tok/sec: 902,729 | mfu: 25.3% | epoch: 1 | remaining: 100s    
step 01388 (66.7%) | loss: 3.049499 | lrm: 0.67 | dt: 145ms | tok/sec: 902,758 | mfu: 25.3% | epoch: 1 | remaining: 100s    
step 01389 (66.7%) | loss: 3.045875 | lrm: 0.67 | dt: 145ms | tok/sec: 902,440 | mfu: 25.2% | epoch: 1 | remaining: 100s    
step 01390 (66.8%) | loss: 3.042310 | lrm: 0.66 | dt: 146ms | tok/sec: 900,717 | mfu: 25.2% | epoch: 1 | remaining: 100s    
step 01391 (66.8%) | loss: 3.036833 | lrm: 0.66 | dt: 145ms | tok/sec: 902,110 | mfu: 25.2% | epoch: 1 | remaining: 99s    
step 01392 (66.9%) | loss: 3.035474 | lrm: 0.66 | dt: 145ms | tok/sec: 902,428 | mfu: 25.2% | epoch: 1 | remaining: 99s    
step 01393 (66.9%) | loss: 3.037279 | lrm: 0.66 | dt: 145ms | tok/sec: 902,717 | mfu: 25.3% | epoch: 1 | remaining: 99s    
step 01394 (67.0%) | loss: 3.036222 | lrm: 0.66 | dt: 145ms | tok/sec: 902,686 | mfu: 25.3% | epoch: 1 | remaining: 99s    
step 01395 (67.0%) | loss: 3.034213 | lrm: 0.66 | dt: 145ms | tok/sec: 902,101 | mfu: 25.2% | epoch: 1 | remaining: 99s    
step 01396 (67.1%) | loss: 3.031354 | lrm: 0.66 | dt: 145ms | tok/sec: 902,844 | mfu: 25.3% | epoch: 1 | remaining: 99s    
step 01397 (67.1%) | loss: 3.028394 | lrm: 0.66 | dt: 145ms | tok/sec: 902,406 | mfu: 25.2% | epoch: 1 | remaining: 99s    
step 01398 (67.2%) | loss: 3.031345 | lrm: 0.66 | dt: 145ms | tok/sec: 902,619 | mfu: 25.3% | epoch: 1 | remaining: 98s    
step 01399 (67.2%) | loss: 3.030011 | lrm: 0.66 | dt: 145ms | tok/sec: 902,632 | mfu: 25.3% | epoch: 1 | remaining: 98s    
step 01400 (67.3%) | loss: 3.030978 | lrm: 0.65 | dt: 145ms | tok/sec: 902,271 | mfu: 25.2% | epoch: 1 | remaining: 98s    
step 01401 (67.3%) | loss: 3.030343 | lrm: 0.65 | dt: 145ms | tok/sec: 902,563 | mfu: 25.3% | epoch: 1 | remaining: 98s    
step 01402 (67.4%) | loss: 3.031258 | lrm: 0.65 | dt: 145ms | tok/sec: 902,511 | mfu: 25.2% | epoch: 1 | remaining: 98s    
step 01403 (67.4%) | loss: 3.030366 | lrm: 0.65 | dt: 145ms | tok/sec: 902,153 | mfu: 25.2% | epoch: 1 | remaining: 98s    
step 01404 (67.4%) | loss: 3.028927 | lrm: 0.65 | dt: 145ms | tok/sec: 901,938 | mfu: 25.2% | epoch: 1 | remaining: 98s    
step 01405 (67.5%) | loss: 3.030848 | lrm: 0.65 | dt: 145ms | tok/sec: 902,776 | mfu: 25.3% | epoch: 1 | remaining: 97s    
step 01406 (67.5%) | loss: 3.026308 | lrm: 0.65 | dt: 145ms | tok/sec: 902,730 | mfu: 25.3% | epoch: 1 | remaining: 97s    
step 01407 (67.6%) | loss: 3.031330 | lrm: 0.65 | dt: 145ms | tok/sec: 902,046 | mfu: 25.2% | epoch: 1 | remaining: 97s    
step 01408 (67.6%) | loss: 3.027250 | lrm: 0.65 | dt: 145ms | tok/sec: 901,950 | mfu: 25.2% | epoch: 1 | remaining: 97s    
step 01409 (67.7%) | loss: 3.027085 | lrm: 0.65 | dt: 145ms | tok/sec: 902,324 | mfu: 25.2% | epoch: 1 | remaining: 97s    
step 01410 (67.7%) | loss: 3.022867 | lrm: 0.65 | dt: 145ms | tok/sec: 902,317 | mfu: 25.2% | epoch: 1 | remaining: 97s    
step 01411 (67.8%) | loss: 3.025653 | lrm: 0.64 | dt: 145ms | tok/sec: 902,545 | mfu: 25.3% | epoch: 1 | remaining: 96s    
step 01412 (67.8%) | loss: 3.035483 | lrm: 0.64 | dt: 145ms | tok/sec: 902,385 | mfu: 25.2% | epoch: 1 | remaining: 96s    
step 01413 (67.9%) | loss: 3.032506 | lrm: 0.64 | dt: 145ms | tok/sec: 902,084 | mfu: 25.2% | epoch: 1 | remaining: 96s    
step 01414 (67.9%) | loss: 3.034795 | lrm: 0.64 | dt: 145ms | tok/sec: 901,968 | mfu: 25.2% | epoch: 1 | remaining: 96s    
step 01415 (68.0%) | loss: 3.033121 | lrm: 0.64 | dt: 145ms | tok/sec: 902,200 | mfu: 25.2% | epoch: 1 | remaining: 96s    
step 01416 (68.0%) | loss: 3.029515 | lrm: 0.64 | dt: 145ms | tok/sec: 902,182 | mfu: 25.2% | epoch: 1 | remaining: 96s    
step 01417 (68.1%) | loss: 3.026502 | lrm: 0.64 | dt: 145ms | tok/sec: 902,579 | mfu: 25.3% | epoch: 1 | remaining: 96s    
step 01418 (68.1%) | loss: 3.025587 | lrm: 0.64 | dt: 145ms | tok/sec: 902,256 | mfu: 25.2% | epoch: 1 | remaining: 95s    
step 01419 (68.2%) | loss: 3.019389 | lrm: 0.64 | dt: 145ms | tok/sec: 902,267 | mfu: 25.2% | epoch: 1 | remaining: 95s    
step 01420 (68.2%) | loss: 3.019352 | lrm: 0.64 | dt: 145ms | tok/sec: 902,081 | mfu: 25.2% | epoch: 1 | remaining: 95s    
step 01421 (68.3%) | loss: 3.025916 | lrm: 0.63 | dt: 145ms | tok/sec: 902,452 | mfu: 25.2% | epoch: 1 | remaining: 95s    
step 01422 (68.3%) | loss: 3.017577 | lrm: 0.63 | dt: 145ms | tok/sec: 902,272 | mfu: 25.2% | epoch: 1 | remaining: 95s    
step 01423 (68.4%) | loss: 3.017020 | lrm: 0.63 | dt: 145ms | tok/sec: 902,077 | mfu: 25.2% | epoch: 1 | remaining: 95s    
step 01424 (68.4%) | loss: 3.021009 | lrm: 0.63 | dt: 145ms | tok/sec: 902,058 | mfu: 25.2% | epoch: 1 | remaining: 95s    
step 01425 (68.5%) | loss: 3.018612 | lrm: 0.63 | dt: 145ms | tok/sec: 901,851 | mfu: 25.2% | epoch: 1 | remaining: 94s    
step 01426 (68.5%) | loss: 3.023417 | lrm: 0.63 | dt: 145ms | tok/sec: 902,376 | mfu: 25.2% | epoch: 1 | remaining: 94s    
step 01427 (68.6%) | loss: 3.027151 | lrm: 0.63 | dt: 145ms | tok/sec: 902,043 | mfu: 25.2% | epoch: 1 | remaining: 94s    
step 01428 (68.6%) | loss: 3.021140 | lrm: 0.63 | dt: 145ms | tok/sec: 901,787 | mfu: 25.2% | epoch: 1 | remaining: 94s    
step 01429 (68.7%) | loss: 3.016003 | lrm: 0.63 | dt: 145ms | tok/sec: 902,435 | mfu: 25.2% | epoch: 1 | remaining: 94s    
step 01430 (68.7%) | loss: 3.019739 | lrm: 0.63 | dt: 145ms | tok/sec: 902,116 | mfu: 25.2% | epoch: 1 | remaining: 94s    
step 01431 (68.8%) | loss: 3.025218 | lrm: 0.62 | dt: 145ms | tok/sec: 901,599 | mfu: 25.2% | epoch: 1 | remaining: 94s    
step 01432 (68.8%) | loss: 3.017140 | lrm: 0.62 | dt: 145ms | tok/sec: 901,886 | mfu: 25.2% | epoch: 1 | remaining: 93s    
step 01433 (68.9%) | loss: 3.016959 | lrm: 0.62 | dt: 145ms | tok/sec: 902,030 | mfu: 25.2% | epoch: 1 | remaining: 93s    
step 01434 (68.9%) | loss: 3.023223 | lrm: 0.62 | dt: 145ms | tok/sec: 902,449 | mfu: 25.2% | epoch: 1 | remaining: 93s    
step 01435 (68.9%) | loss: 3.023729 | lrm: 0.62 | dt: 145ms | tok/sec: 901,947 | mfu: 25.2% | epoch: 1 | remaining: 93s    
step 01436 (69.0%) | loss: 3.021264 | lrm: 0.62 | dt: 145ms | tok/sec: 901,999 | mfu: 25.2% | epoch: 1 | remaining: 93s    
step 01437 (69.0%) | loss: 3.018594 | lrm: 0.62 | dt: 145ms | tok/sec: 901,885 | mfu: 25.2% | epoch: 1 | remaining: 93s    
step 01438 (69.1%) | loss: 3.024312 | lrm: 0.62 | dt: 145ms | tok/sec: 902,036 | mfu: 25.2% | epoch: 1 | remaining: 93s    
step 01439 (69.1%) | loss: 3.023729 | lrm: 0.62 | dt: 145ms | tok/sec: 902,118 | mfu: 25.2% | epoch: 1 | remaining: 92s    
step 01440 (69.2%) | loss: 3.027773 | lrm: 0.62 | dt: 145ms | tok/sec: 901,463 | mfu: 25.2% | epoch: 1 | remaining: 92s    
step 01441 (69.2%) | loss: 3.020499 | lrm: 0.62 | dt: 146ms | tok/sec: 898,732 | mfu: 25.1% | epoch: 1 | remaining: 92s    
step 01442 (69.3%) | loss: 3.018614 | lrm: 0.61 | dt: 146ms | tok/sec: 898,506 | mfu: 25.1% | epoch: 1 | remaining: 92s    
step 01443 (69.3%) | loss: 3.019878 | lrm: 0.61 | dt: 146ms | tok/sec: 898,968 | mfu: 25.1% | epoch: 1 | remaining: 92s    
step 01444 (69.4%) | loss: 3.019478 | lrm: 0.61 | dt: 146ms | tok/sec: 900,126 | mfu: 25.2% | epoch: 1 | remaining: 92s    
step 01445 (69.4%) | loss: 3.017464 | lrm: 0.61 | dt: 145ms | tok/sec: 901,595 | mfu: 25.2% | epoch: 1 | remaining: 92s    
step 01446 (69.5%) | loss: 3.019426 | lrm: 0.61 | dt: 145ms | tok/sec: 901,438 | mfu: 25.2% | epoch: 1 | remaining: 91s    
step 01447 (69.5%) | loss: 3.018575 | lrm: 0.61 | dt: 145ms | tok/sec: 902,314 | mfu: 25.2% | epoch: 1 | remaining: 91s    
step 01448 (69.6%) | loss: 3.007719 | lrm: 0.61 | dt: 145ms | tok/sec: 901,825 | mfu: 25.2% | epoch: 1 | remaining: 91s    
step 01449 (69.6%) | loss: 3.006863 | lrm: 0.61 | dt: 145ms | tok/sec: 901,688 | mfu: 25.2% | epoch: 1 | remaining: 91s    
step 01450 (69.7%) | loss: 3.001375 | lrm: 0.61 | dt: 146ms | tok/sec: 899,734 | mfu: 25.2% | epoch: 1 | remaining: 91s    
step 01451 (69.7%) | loss: 3.001881 | lrm: 0.61 | dt: 146ms | tok/sec: 899,653 | mfu: 25.2% | epoch: 1 | remaining: 91s    
step 01452 (69.8%) | loss: 3.003009 | lrm: 0.60 | dt: 145ms | tok/sec: 901,595 | mfu: 25.2% | epoch: 1 | remaining: 91s    
step 01453 (69.8%) | loss: 3.019409 | lrm: 0.60 | dt: 145ms | tok/sec: 901,749 | mfu: 25.2% | epoch: 1 | remaining: 90s    
step 01454 (69.9%) | loss: 3.022253 | lrm: 0.60 | dt: 145ms | tok/sec: 901,746 | mfu: 25.2% | epoch: 1 | remaining: 90s    
step 01455 (69.9%) | loss: 3.022875 | lrm: 0.60 | dt: 145ms | tok/sec: 901,794 | mfu: 25.2% | epoch: 1 | remaining: 90s    
step 01456 (70.0%) | loss: 3.018362 | lrm: 0.60 | dt: 145ms | tok/sec: 901,895 | mfu: 25.2% | epoch: 1 | remaining: 90s    
step 01457 (70.0%) | loss: 3.023049 | lrm: 0.60 | dt: 145ms | tok/sec: 901,686 | mfu: 25.2% | epoch: 1 | remaining: 90s    
step 01458 (70.1%) | loss: 3.018844 | lrm: 0.60 | dt: 145ms | tok/sec: 901,990 | mfu: 25.2% | epoch: 1 | remaining: 90s    
step 01459 (70.1%) | loss: 3.018193 | lrm: 0.60 | dt: 145ms | tok/sec: 901,756 | mfu: 25.2% | epoch: 1 | remaining: 90s    
step 01460 (70.2%) | loss: 3.016293 | lrm: 0.60 | dt: 145ms | tok/sec: 901,611 | mfu: 25.2% | epoch: 1 | remaining: 89s    
step 01461 (70.2%) | loss: 3.022119 | lrm: 0.60 | dt: 145ms | tok/sec: 901,879 | mfu: 25.2% | epoch: 1 | remaining: 89s    
step 01462 (70.3%) | loss: 3.018549 | lrm: 0.59 | dt: 145ms | tok/sec: 901,970 | mfu: 25.2% | epoch: 1 | remaining: 89s    
step 01463 (70.3%) | loss: 3.020865 | lrm: 0.59 | dt: 145ms | tok/sec: 901,845 | mfu: 25.2% | epoch: 1 | remaining: 89s    
step 01464 (70.4%) | loss: 3.015504 | lrm: 0.59 | dt: 145ms | tok/sec: 901,593 | mfu: 25.2% | epoch: 1 | remaining: 89s    
step 01465 (70.4%) | loss: 3.008418 | lrm: 0.59 | dt: 145ms | tok/sec: 901,886 | mfu: 25.2% | epoch: 1 | remaining: 89s    
step 01466 (70.5%) | loss: 3.009161 | lrm: 0.59 | dt: 145ms | tok/sec: 902,067 | mfu: 25.2% | epoch: 1 | remaining: 88s    
step 01467 (70.5%) | loss: 3.005511 | lrm: 0.59 | dt: 145ms | tok/sec: 901,657 | mfu: 25.2% | epoch: 1 | remaining: 88s    
step 01468 (70.5%) | loss: 3.005650 | lrm: 0.59 | dt: 145ms | tok/sec: 901,879 | mfu: 25.2% | epoch: 1 | remaining: 88s    
step 01469 (70.6%) | loss: 3.008198 | lrm: 0.59 | dt: 145ms | tok/sec: 901,648 | mfu: 25.2% | epoch: 1 | remaining: 88s    
step 01470 (70.6%) | loss: 3.014949 | lrm: 0.59 | dt: 145ms | tok/sec: 901,994 | mfu: 25.2% | epoch: 1 | remaining: 88s    
step 01471 (70.7%) | loss: 3.014187 | lrm: 0.59 | dt: 145ms | tok/sec: 902,093 | mfu: 25.2% | epoch: 1 | remaining: 88s    
step 01472 (70.7%) | loss: 3.010765 | lrm: 0.59 | dt: 145ms | tok/sec: 901,787 | mfu: 25.2% | epoch: 1 | remaining: 88s    
step 01473 (70.8%) | loss: 3.013222 | lrm: 0.58 | dt: 145ms | tok/sec: 902,326 | mfu: 25.2% | epoch: 1 | remaining: 87s    
step 01474 (70.8%) | loss: 3.014044 | lrm: 0.58 | dt: 145ms | tok/sec: 902,203 | mfu: 25.2% | epoch: 1 | remaining: 87s    
step 01475 (70.9%) | loss: 3.014742 | lrm: 0.58 | dt: 145ms | tok/sec: 901,769 | mfu: 25.2% | epoch: 1 | remaining: 87s    
step 01476 (70.9%) | loss: 3.011595 | lrm: 0.58 | dt: 145ms | tok/sec: 902,061 | mfu: 25.2% | epoch: 1 | remaining: 87s    
step 01477 (71.0%) | loss: 3.002965 | lrm: 0.58 | dt: 145ms | tok/sec: 901,929 | mfu: 25.2% | epoch: 1 | remaining: 87s    
step 01478 (71.0%) | loss: 3.008139 | lrm: 0.58 | dt: 145ms | tok/sec: 901,648 | mfu: 25.2% | epoch: 1 | remaining: 87s    
step 01479 (71.1%) | loss: 3.007276 | lrm: 0.58 | dt: 145ms | tok/sec: 901,791 | mfu: 25.2% | epoch: 1 | remaining: 87s    
step 01480 (71.1%) | loss: 3.005052 | lrm: 0.58 | dt: 145ms | tok/sec: 901,880 | mfu: 25.2% | epoch: 1 | remaining: 86s    
step 01481 (71.2%) | loss: 3.005163 | lrm: 0.58 | dt: 145ms | tok/sec: 902,055 | mfu: 25.2% | epoch: 1 | remaining: 86s    
step 01482 (71.2%) | loss: 3.002634 | lrm: 0.58 | dt: 145ms | tok/sec: 902,076 | mfu: 25.2% | epoch: 1 | remaining: 86s    
step 01483 (71.3%) | loss: 3.001135 | lrm: 0.57 | dt: 145ms | tok/sec: 901,689 | mfu: 25.2% | epoch: 1 | remaining: 86s    
step 01484 (71.3%) | loss: 2.998714 | lrm: 0.57 | dt: 145ms | tok/sec: 901,737 | mfu: 25.2% | epoch: 1 | remaining: 86s    
step 01485 (71.4%) | loss: 2.997379 | lrm: 0.57 | dt: 145ms | tok/sec: 901,768 | mfu: 25.2% | epoch: 1 | remaining: 86s    
step 01486 (71.4%) | loss: 3.000406 | lrm: 0.57 | dt: 145ms | tok/sec: 901,973 | mfu: 25.2% | epoch: 1 | remaining: 86s    
step 01487 (71.5%) | loss: 2.996653 | lrm: 0.57 | dt: 145ms | tok/sec: 901,741 | mfu: 25.2% | epoch: 1 | remaining: 85s    
step 01488 (71.5%) | loss: 2.997956 | lrm: 0.57 | dt: 145ms | tok/sec: 902,074 | mfu: 25.2% | epoch: 1 | remaining: 85s    
step 01489 (71.6%) | loss: 2.993300 | lrm: 0.57 | dt: 145ms | tok/sec: 901,950 | mfu: 25.2% | epoch: 1 | remaining: 85s    
step 01490 (71.6%) | loss: 2.999875 | lrm: 0.57 | dt: 145ms | tok/sec: 901,506 | mfu: 25.2% | epoch: 1 | remaining: 85s    
step 01491 (71.7%) | loss: 3.002251 | lrm: 0.57 | dt: 145ms | tok/sec: 901,652 | mfu: 25.2% | epoch: 1 | remaining: 85s    
step 01492 (71.7%) | loss: 2.994060 | lrm: 0.57 | dt: 145ms | tok/sec: 901,515 | mfu: 25.2% | epoch: 1 | remaining: 85s    
step 01493 (71.8%) | loss: 2.995715 | lrm: 0.56 | dt: 145ms | tok/sec: 901,845 | mfu: 25.2% | epoch: 1 | remaining: 85s    
step 01494 (71.8%) | loss: 2.999705 | lrm: 0.56 | dt: 145ms | tok/sec: 901,153 | mfu: 25.2% | epoch: 1 | remaining: 84s    
step 01495 (71.9%) | loss: 2.999314 | lrm: 0.56 | dt: 145ms | tok/sec: 901,766 | mfu: 25.2% | epoch: 1 | remaining: 84s    
step 01496 (71.9%) | loss: 3.008900 | lrm: 0.56 | dt: 145ms | tok/sec: 902,130 | mfu: 25.2% | epoch: 1 | remaining: 84s    
step 01497 (72.0%) | loss: 3.008455 | lrm: 0.56 | dt: 145ms | tok/sec: 901,944 | mfu: 25.2% | epoch: 1 | remaining: 84s    
step 01498 (72.0%) | loss: 3.002441 | lrm: 0.56 | dt: 145ms | tok/sec: 901,589 | mfu: 25.2% | epoch: 1 | remaining: 84s    
step 01499 (72.1%) | loss: 2.999208 | lrm: 0.56 | dt: 145ms | tok/sec: 901,836 | mfu: 25.2% | epoch: 1 | remaining: 84s    
step 01500 (72.1%) | loss: 2.995435 | lrm: 0.56 | dt: 145ms | tok/sec: 901,913 | mfu: 25.2% | epoch: 1 | remaining: 84s    
step 01501 (72.1%) | loss: 2.991896 | lrm: 0.56 | dt: 145ms | tok/sec: 901,933 | mfu: 25.2% | epoch: 1 | remaining: 83s    
step 01502 (72.2%) | loss: 2.994271 | lrm: 0.56 | dt: 145ms | tok/sec: 901,682 | mfu: 25.2% | epoch: 1 | remaining: 83s    
step 01503 (72.2%) | loss: 2.992102 | lrm: 0.56 | dt: 145ms | tok/sec: 901,876 | mfu: 25.2% | epoch: 1 | remaining: 83s    
step 01504 (72.3%) | loss: 2.990924 | lrm: 0.55 | dt: 145ms | tok/sec: 902,099 | mfu: 25.2% | epoch: 1 | remaining: 83s    
step 01505 (72.3%) | loss: 2.986604 | lrm: 0.55 | dt: 146ms | tok/sec: 900,803 | mfu: 25.2% | epoch: 1 | remaining: 83s    
step 01506 (72.4%) | loss: 2.994249 | lrm: 0.55 | dt: 146ms | tok/sec: 900,568 | mfu: 25.2% | epoch: 1 | remaining: 83s    
step 01507 (72.4%) | loss: 2.991045 | lrm: 0.55 | dt: 145ms | tok/sec: 901,423 | mfu: 25.2% | epoch: 1 | remaining: 83s    
step 01508 (72.5%) | loss: 2.995950 | lrm: 0.55 | dt: 145ms | tok/sec: 901,521 | mfu: 25.2% | epoch: 1 | remaining: 82s    
step 01509 (72.5%) | loss: 2.995612 | lrm: 0.55 | dt: 145ms | tok/sec: 901,641 | mfu: 25.2% | epoch: 1 | remaining: 82s    
step 01510 (72.6%) | loss: 2.999542 | lrm: 0.55 | dt: 145ms | tok/sec: 901,122 | mfu: 25.2% | epoch: 1 | remaining: 82s    
step 01511 (72.6%) | loss: 2.994610 | lrm: 0.55 | dt: 146ms | tok/sec: 899,054 | mfu: 25.2% | epoch: 1 | remaining: 82s    
step 01512 (72.7%) | loss: 2.998000 | lrm: 0.55 | dt: 146ms | tok/sec: 900,704 | mfu: 25.2% | epoch: 1 | remaining: 82s    
step 01513 (72.7%) | loss: 3.000765 | lrm: 0.55 | dt: 145ms | tok/sec: 901,880 | mfu: 25.2% | epoch: 1 | remaining: 82s    
step 01514 (72.8%) | loss: 3.000217 | lrm: 0.54 | dt: 145ms | tok/sec: 901,106 | mfu: 25.2% | epoch: 1 | remaining: 82s    
step 01515 (72.8%) | loss: 3.002919 | lrm: 0.54 | dt: 145ms | tok/sec: 901,641 | mfu: 25.2% | epoch: 1 | remaining: 81s    
step 01516 (72.9%) | loss: 3.003930 | lrm: 0.54 | dt: 145ms | tok/sec: 901,815 | mfu: 25.2% | epoch: 1 | remaining: 81s    
step 01517 (72.9%) | loss: 3.009449 | lrm: 0.54 | dt: 145ms | tok/sec: 901,578 | mfu: 25.2% | epoch: 1 | remaining: 81s    
step 01518 (73.0%) | loss: 3.007524 | lrm: 0.54 | dt: 145ms | tok/sec: 901,607 | mfu: 25.2% | epoch: 1 | remaining: 81s    
step 01519 (73.0%) | loss: 3.004143 | lrm: 0.54 | dt: 145ms | tok/sec: 901,820 | mfu: 25.2% | epoch: 1 | remaining: 81s    
step 01520 (73.1%) | loss: 3.001708 | lrm: 0.54 | dt: 145ms | tok/sec: 901,581 | mfu: 25.2% | epoch: 1 | remaining: 81s    
step 01521 (73.1%) | loss: 2.994935 | lrm: 0.54 | dt: 145ms | tok/sec: 901,673 | mfu: 25.2% | epoch: 1 | remaining: 81s    
step 01522 (73.2%) | loss: 2.988663 | lrm: 0.54 | dt: 145ms | tok/sec: 901,836 | mfu: 25.2% | epoch: 1 | remaining: 80s    
step 01523 (73.2%) | loss: 2.984501 | lrm: 0.54 | dt: 145ms | tok/sec: 901,851 | mfu: 25.2% | epoch: 1 | remaining: 80s    
step 01524 (73.3%) | loss: 2.983757 | lrm: 0.53 | dt: 146ms | tok/sec: 900,782 | mfu: 25.2% | epoch: 1 | remaining: 80s    
step 01525 (73.3%) | loss: 2.990595 | lrm: 0.53 | dt: 145ms | tok/sec: 901,474 | mfu: 25.2% | epoch: 1 | remaining: 80s    
step 01526 (73.4%) | loss: 2.996078 | lrm: 0.53 | dt: 145ms | tok/sec: 901,713 | mfu: 25.2% | epoch: 1 | remaining: 80s    
step 01527 (73.4%) | loss: 2.995802 | lrm: 0.53 | dt: 145ms | tok/sec: 901,914 | mfu: 25.2% | epoch: 1 | remaining: 80s    
step 01528 (73.5%) | loss: 2.995061 | lrm: 0.53 | dt: 145ms | tok/sec: 901,462 | mfu: 25.2% | epoch: 1 | remaining: 79s    
step 01529 (73.5%) | loss: 2.993432 | lrm: 0.53 | dt: 145ms | tok/sec: 901,939 | mfu: 25.2% | epoch: 1 | remaining: 79s    
step 01530 (73.6%) | loss: 2.986499 | lrm: 0.53 | dt: 145ms | tok/sec: 901,574 | mfu: 25.2% | epoch: 1 | remaining: 79s    
step 01531 (73.6%) | loss: 2.989485 | lrm: 0.53 | dt: 145ms | tok/sec: 901,781 | mfu: 25.2% | epoch: 1 | remaining: 79s    
step 01532 (73.6%) | loss: 2.984240 | lrm: 0.53 | dt: 145ms | tok/sec: 901,799 | mfu: 25.2% | epoch: 1 | remaining: 79s    
step 01533 (73.7%) | loss: 2.983747 | lrm: 0.53 | dt: 145ms | tok/sec: 901,793 | mfu: 25.2% | epoch: 1 | remaining: 79s    
step 01534 (73.7%) | loss: 2.981659 | lrm: 0.53 | dt: 145ms | tok/sec: 901,518 | mfu: 25.2% | epoch: 1 | remaining: 79s    
step 01535 (73.8%) | loss: 2.983718 | lrm: 0.52 | dt: 145ms | tok/sec: 901,646 | mfu: 25.2% | epoch: 1 | remaining: 78s    
step 01536 (73.8%) | loss: 2.985419 | lrm: 0.52 | dt: 145ms | tok/sec: 902,064 | mfu: 25.2% | epoch: 1 | remaining: 78s    
step 01537 (73.9%) | loss: 2.991369 | lrm: 0.52 | dt: 145ms | tok/sec: 901,942 | mfu: 25.2% | epoch: 1 | remaining: 78s    
step 01538 (73.9%) | loss: 2.991943 | lrm: 0.52 | dt: 145ms | tok/sec: 901,763 | mfu: 25.2% | epoch: 1 | remaining: 78s    
step 01539 (74.0%) | loss: 2.993541 | lrm: 0.52 | dt: 145ms | tok/sec: 901,509 | mfu: 25.2% | epoch: 1 | remaining: 78s    
step 01540 (74.0%) | loss: 2.990294 | lrm: 0.52 | dt: 145ms | tok/sec: 901,417 | mfu: 25.2% | epoch: 1 | remaining: 78s    
step 01541 (74.1%) | loss: 2.987499 | lrm: 0.52 | dt: 145ms | tok/sec: 901,599 | mfu: 25.2% | epoch: 1 | remaining: 78s    
step 01542 (74.1%) | loss: 2.992321 | lrm: 0.52 | dt: 145ms | tok/sec: 901,382 | mfu: 25.2% | epoch: 1 | remaining: 77s    
step 01543 (74.2%) | loss: 2.993703 | lrm: 0.52 | dt: 145ms | tok/sec: 901,237 | mfu: 25.2% | epoch: 1 | remaining: 77s    
step 01544 (74.2%) | loss: 2.998462 | lrm: 0.52 | dt: 146ms | tok/sec: 900,083 | mfu: 25.2% | epoch: 1 | remaining: 77s    
step 01545 (74.3%) | loss: 2.993247 | lrm: 0.51 | dt: 146ms | tok/sec: 900,787 | mfu: 25.2% | epoch: 1 | remaining: 77s    
step 01546 (74.3%) | loss: 2.991373 | lrm: 0.51 | dt: 146ms | tok/sec: 900,592 | mfu: 25.2% | epoch: 1 | remaining: 77s    
step 01547 (74.4%) | loss: 2.999337 | lrm: 0.51 | dt: 145ms | tok/sec: 901,002 | mfu: 25.2% | epoch: 1 | remaining: 77s    
step 01548 (74.4%) | loss: 3.007048 | lrm: 0.51 | dt: 145ms | tok/sec: 901,326 | mfu: 25.2% | epoch: 1 | remaining: 77s    
step 01549 (74.5%) | loss: 3.002501 | lrm: 0.51 | dt: 145ms | tok/sec: 901,144 | mfu: 25.2% | epoch: 1 | remaining: 76s    
step 01550 (74.5%) | loss: 3.005498 | lrm: 0.51 | dt: 145ms | tok/sec: 901,518 | mfu: 25.2% | epoch: 1 | remaining: 76s    
step 01551 (74.6%) | loss: 2.998809 | lrm: 0.51 | dt: 145ms | tok/sec: 901,332 | mfu: 25.2% | epoch: 1 | remaining: 76s    
step 01552 (74.6%) | loss: 2.994337 | lrm: 0.51 | dt: 145ms | tok/sec: 901,821 | mfu: 25.2% | epoch: 1 | remaining: 76s    
step 01553 (74.7%) | loss: 2.986964 | lrm: 0.51 | dt: 145ms | tok/sec: 901,426 | mfu: 25.2% | epoch: 1 | remaining: 76s    
step 01554 (74.7%) | loss: 2.984217 | lrm: 0.51 | dt: 145ms | tok/sec: 901,075 | mfu: 25.2% | epoch: 1 | remaining: 76s    
step 01555 (74.8%) | loss: 2.985230 | lrm: 0.50 | dt: 145ms | tok/sec: 900,918 | mfu: 25.2% | epoch: 1 | remaining: 76s    
step 01556 (74.8%) | loss: 2.982508 | lrm: 0.50 | dt: 146ms | tok/sec: 900,276 | mfu: 25.2% | epoch: 1 | remaining: 75s    
step 01557 (74.9%) | loss: 2.984981 | lrm: 0.50 | dt: 146ms | tok/sec: 900,708 | mfu: 25.2% | epoch: 1 | remaining: 75s    
step 01558 (74.9%) | loss: 2.985981 | lrm: 0.50 | dt: 145ms | tok/sec: 901,101 | mfu: 25.2% | epoch: 1 | remaining: 75s    
step 01559 (75.0%) | loss: 2.987362 | lrm: 0.50 | dt: 145ms | tok/sec: 901,323 | mfu: 25.2% | epoch: 1 | remaining: 75s    
step 01560 (75.0%) | loss: 2.982698 | lrm: 0.50 | dt: 145ms | tok/sec: 901,231 | mfu: 25.2% | epoch: 1 | remaining: 75s    
step 01561 (75.1%) | loss: 2.981873 | lrm: 0.50 | dt: 145ms | tok/sec: 901,249 | mfu: 25.2% | epoch: 1 | remaining: 75s    
step 01562 (75.1%) | loss: 2.985936 | lrm: 0.50 | dt: 145ms | tok/sec: 901,289 | mfu: 25.2% | epoch: 1 | remaining: 75s    
step 01563 (75.2%) | loss: 2.984037 | lrm: 0.50 | dt: 145ms | tok/sec: 901,256 | mfu: 25.2% | epoch: 1 | remaining: 74s    
step 01564 (75.2%) | loss: 2.981975 | lrm: 0.50 | dt: 145ms | tok/sec: 901,287 | mfu: 25.2% | epoch: 1 | remaining: 74s    
step 01565 (75.2%) | loss: 2.980648 | lrm: 0.50 | dt: 145ms | tok/sec: 901,576 | mfu: 25.2% | epoch: 1 | remaining: 74s    
step 01566 (75.3%) | loss: 2.979980 | lrm: 0.49 | dt: 145ms | tok/sec: 901,723 | mfu: 25.2% | epoch: 1 | remaining: 74s    
step 01567 (75.3%) | loss: 2.979513 | lrm: 0.49 | dt: 145ms | tok/sec: 901,132 | mfu: 25.2% | epoch: 1 | remaining: 74s    
step 01568 (75.4%) | loss: 2.974707 | lrm: 0.49 | dt: 145ms | tok/sec: 901,042 | mfu: 25.2% | epoch: 1 | remaining: 74s    
step 01569 (75.4%) | loss: 2.975283 | lrm: 0.49 | dt: 145ms | tok/sec: 901,394 | mfu: 25.2% | epoch: 1 | remaining: 74s    
step 01570 (75.5%) | loss: 2.974186 | lrm: 0.49 | dt: 145ms | tok/sec: 901,500 | mfu: 25.2% | epoch: 1 | remaining: 73s    
step 01571 (75.5%) | loss: 2.969220 | lrm: 0.49 | dt: 145ms | tok/sec: 900,977 | mfu: 25.2% | epoch: 1 | remaining: 73s    
step 01572 (75.6%) | loss: 2.968194 | lrm: 0.49 | dt: 145ms | tok/sec: 901,777 | mfu: 25.2% | epoch: 1 | remaining: 73s    
step 01573 (75.6%) | loss: 2.967363 | lrm: 0.49 | dt: 145ms | tok/sec: 901,760 | mfu: 25.2% | epoch: 1 | remaining: 73s    
step 01574 (75.7%) | loss: 2.966833 | lrm: 0.49 | dt: 145ms | tok/sec: 901,047 | mfu: 25.2% | epoch: 1 | remaining: 73s    
step 01575 (75.7%) | loss: 2.971586 | lrm: 0.49 | dt: 145ms | tok/sec: 901,695 | mfu: 25.2% | epoch: 1 | remaining: 73s    
step 01576 (75.8%) | loss: 2.982243 | lrm: 0.48 | dt: 145ms | tok/sec: 901,522 | mfu: 25.2% | epoch: 1 | remaining: 73s    
step 01577 (75.8%) | loss: 2.977129 | lrm: 0.48 | dt: 145ms | tok/sec: 901,444 | mfu: 25.2% | epoch: 1 | remaining: 72s    
step 01578 (75.9%) | loss: 2.969134 | lrm: 0.48 | dt: 145ms | tok/sec: 901,335 | mfu: 25.2% | epoch: 1 | remaining: 72s    
step 01579 (75.9%) | loss: 2.971179 | lrm: 0.48 | dt: 145ms | tok/sec: 901,493 | mfu: 25.2% | epoch: 1 | remaining: 72s    
step 01580 (76.0%) | loss: 2.971945 | lrm: 0.48 | dt: 145ms | tok/sec: 901,193 | mfu: 25.2% | epoch: 1 | remaining: 72s    
step 01581 (76.0%) | loss: 2.973511 | lrm: 0.48 | dt: 146ms | tok/sec: 900,428 | mfu: 25.2% | epoch: 1 | remaining: 72s    
step 01582 (76.1%) | loss: 2.970121 | lrm: 0.48 | dt: 146ms | tok/sec: 900,645 | mfu: 25.2% | epoch: 1 | remaining: 72s    
step 01583 (76.1%) | loss: 2.965469 | lrm: 0.48 | dt: 146ms | tok/sec: 900,837 | mfu: 25.2% | epoch: 1 | remaining: 71s    
step 01584 (76.2%) | loss: 2.971461 | lrm: 0.48 | dt: 145ms | tok/sec: 900,939 | mfu: 25.2% | epoch: 1 | remaining: 71s    
step 01585 (76.2%) | loss: 2.976790 | lrm: 0.48 | dt: 146ms | tok/sec: 900,657 | mfu: 25.2% | epoch: 1 | remaining: 71s    
step 01586 (76.3%) | loss: 2.967851 | lrm: 0.47 | dt: 145ms | tok/sec: 901,228 | mfu: 25.2% | epoch: 1 | remaining: 71s    
step 01587 (76.3%) | loss: 2.966183 | lrm: 0.47 | dt: 145ms | tok/sec: 900,852 | mfu: 25.2% | epoch: 1 | remaining: 71s    
step 01588 (76.4%) | loss: 2.968832 | lrm: 0.47 | dt: 146ms | tok/sec: 899,638 | mfu: 25.2% | epoch: 1 | remaining: 71s    
step 01589 (76.4%) | loss: 2.969199 | lrm: 0.47 | dt: 146ms | tok/sec: 899,637 | mfu: 25.2% | epoch: 1 | remaining: 71s    
step 01590 (76.5%) | loss: 2.969313 | lrm: 0.47 | dt: 146ms | tok/sec: 899,693 | mfu: 25.2% | epoch: 1 | remaining: 70s    
step 01591 (76.5%) | loss: 2.974998 | lrm: 0.47 | dt: 146ms | tok/sec: 899,930 | mfu: 25.2% | epoch: 1 | remaining: 70s    
step 01592 (76.6%) | loss: 2.976691 | lrm: 0.47 | dt: 146ms | tok/sec: 900,360 | mfu: 25.2% | epoch: 1 | remaining: 70s    
step 01593 (76.6%) | loss: 2.971103 | lrm: 0.47 | dt: 146ms | tok/sec: 899,683 | mfu: 25.2% | epoch: 1 | remaining: 70s    
step 01594 (76.7%) | loss: 2.969102 | lrm: 0.47 | dt: 145ms | tok/sec: 901,032 | mfu: 25.2% | epoch: 1 | remaining: 70s    
step 01595 (76.7%) | loss: 2.975133 | lrm: 0.47 | dt: 145ms | tok/sec: 901,259 | mfu: 25.2% | epoch: 1 | remaining: 70s    
step 01596 (76.8%) | loss: 2.972965 | lrm: 0.46 | dt: 145ms | tok/sec: 901,126 | mfu: 25.2% | epoch: 1 | remaining: 70s    
step 01597 (76.8%) | loss: 2.968976 | lrm: 0.46 | dt: 145ms | tok/sec: 901,271 | mfu: 25.2% | epoch: 1 | remaining: 69s    
step 01598 (76.8%) | loss: 2.966281 | lrm: 0.46 | dt: 146ms | tok/sec: 900,621 | mfu: 25.2% | epoch: 1 | remaining: 69s    
step 01599 (76.9%) | loss: 2.954571 | lrm: 0.46 | dt: 146ms | tok/sec: 898,376 | mfu: 25.1% | epoch: 1 | remaining: 69s    
step 01600 (76.9%) | loss: 2.953856 | lrm: 0.46 | dt: 146ms | tok/sec: 899,468 | mfu: 25.2% | epoch: 1 | remaining: 69s    
step 01601 (77.0%) | loss: 2.960837 | lrm: 0.46 | dt: 146ms | tok/sec: 898,318 | mfu: 25.1% | epoch: 1 | remaining: 69s    
step 01602 (77.0%) | loss: 2.955360 | lrm: 0.46 | dt: 146ms | tok/sec: 899,684 | mfu: 25.2% | epoch: 1 | remaining: 69s    
step 01603 (77.1%) | loss: 2.960624 | lrm: 0.46 | dt: 146ms | tok/sec: 899,063 | mfu: 25.2% | epoch: 1 | remaining: 69s    
step 01604 (77.1%) | loss: 2.960405 | lrm: 0.46 | dt: 146ms | tok/sec: 900,495 | mfu: 25.2% | epoch: 1 | remaining: 68s    
step 01605 (77.2%) | loss: 2.964115 | lrm: 0.46 | dt: 146ms | tok/sec: 900,818 | mfu: 25.2% | epoch: 1 | remaining: 68s    
step 01606 (77.2%) | loss: 2.958215 | lrm: 0.46 | dt: 146ms | tok/sec: 900,490 | mfu: 25.2% | epoch: 1 | remaining: 68s    
step 01607 (77.3%) | loss: 2.954759 | lrm: 0.45 | dt: 146ms | tok/sec: 898,196 | mfu: 25.1% | epoch: 1 | remaining: 68s    
step 01608 (77.3%) | loss: 2.950614 | lrm: 0.45 | dt: 146ms | tok/sec: 899,156 | mfu: 25.2% | epoch: 1 | remaining: 68s    
step 01609 (77.4%) | loss: 2.953709 | lrm: 0.45 | dt: 146ms | tok/sec: 897,566 | mfu: 25.1% | epoch: 1 | remaining: 68s    
step 01610 (77.4%) | loss: 2.958269 | lrm: 0.45 | dt: 146ms | tok/sec: 900,487 | mfu: 25.2% | epoch: 1 | remaining: 68s    
step 01611 (77.5%) | loss: 2.954146 | lrm: 0.45 | dt: 145ms | tok/sec: 900,940 | mfu: 25.2% | epoch: 1 | remaining: 67s    
step 01612 (77.5%) | loss: 2.958946 | lrm: 0.45 | dt: 145ms | tok/sec: 901,007 | mfu: 25.2% | epoch: 1 | remaining: 67s    
step 01613 (77.6%) | loss: 2.953444 | lrm: 0.45 | dt: 145ms | tok/sec: 900,940 | mfu: 25.2% | epoch: 1 | remaining: 67s    
step 01614 (77.6%) | loss: 2.949286 | lrm: 0.45 | dt: 145ms | tok/sec: 900,992 | mfu: 25.2% | epoch: 1 | remaining: 67s    
step 01615 (77.7%) | loss: 2.952090 | lrm: 0.45 | dt: 145ms | tok/sec: 901,265 | mfu: 25.2% | epoch: 1 | remaining: 67s    
step 01616 (77.7%) | loss: 2.947100 | lrm: 0.45 | dt: 145ms | tok/sec: 901,497 | mfu: 25.2% | epoch: 1 | remaining: 67s    
step 01617 (77.8%) | loss: 2.955968 | lrm: 0.44 | dt: 145ms | tok/sec: 901,233 | mfu: 25.2% | epoch: 1 | remaining: 67s    
step 01618 (77.8%) | loss: 2.958124 | lrm: 0.44 | dt: 145ms | tok/sec: 901,428 | mfu: 25.2% | epoch: 1 | remaining: 66s    
step 01619 (77.9%) | loss: 2.953859 | lrm: 0.44 | dt: 145ms | tok/sec: 901,429 | mfu: 25.2% | epoch: 1 | remaining: 66s    
step 01620 (77.9%) | loss: 2.958682 | lrm: 0.44 | dt: 146ms | tok/sec: 900,736 | mfu: 25.2% | epoch: 1 | remaining: 66s    
step 01621 (78.0%) | loss: 2.958695 | lrm: 0.44 | dt: 145ms | tok/sec: 901,348 | mfu: 25.2% | epoch: 1 | remaining: 66s    
step 01622 (78.0%) | loss: 2.960084 | lrm: 0.44 | dt: 145ms | tok/sec: 901,435 | mfu: 25.2% | epoch: 1 | remaining: 66s    
step 01623 (78.1%) | loss: 2.959064 | lrm: 0.44 | dt: 145ms | tok/sec: 901,271 | mfu: 25.2% | epoch: 1 | remaining: 66s    
step 01624 (78.1%) | loss: 2.954369 | lrm: 0.44 | dt: 145ms | tok/sec: 900,984 | mfu: 25.2% | epoch: 1 | remaining: 66s    
step 01625 (78.2%) | loss: 2.952008 | lrm: 0.44 | dt: 145ms | tok/sec: 901,176 | mfu: 25.2% | epoch: 1 | remaining: 65s    
step 01626 (78.2%) | loss: 2.952201 | lrm: 0.44 | dt: 145ms | tok/sec: 901,510 | mfu: 25.2% | epoch: 1 | remaining: 65s    
step 01627 (78.3%) | loss: 2.959702 | lrm: 0.43 | dt: 145ms | tok/sec: 901,512 | mfu: 25.2% | epoch: 1 | remaining: 65s    
step 01628 (78.3%) | loss: 2.964092 | lrm: 0.43 | dt: 145ms | tok/sec: 901,309 | mfu: 25.2% | epoch: 1 | remaining: 65s    
step 01629 (78.4%) | loss: 2.958914 | lrm: 0.43 | dt: 145ms | tok/sec: 901,277 | mfu: 25.2% | epoch: 1 | remaining: 65s    
step 01630 (78.4%) | loss: 2.964621 | lrm: 0.43 | dt: 145ms | tok/sec: 901,435 | mfu: 25.2% | epoch: 1 | remaining: 65s    
step 01631 (78.5%) | loss: 2.963637 | lrm: 0.43 | dt: 145ms | tok/sec: 901,178 | mfu: 25.2% | epoch: 1 | remaining: 65s    
step 01632 (78.5%) | loss: 2.962482 | lrm: 0.43 | dt: 145ms | tok/sec: 901,562 | mfu: 25.2% | epoch: 1 | remaining: 64s    
step 01633 (78.5%) | loss: 2.967365 | lrm: 0.43 | dt: 145ms | tok/sec: 901,374 | mfu: 25.2% | epoch: 1 | remaining: 64s    
step 01634 (78.6%) | loss: 2.963250 | lrm: 0.43 | dt: 145ms | tok/sec: 901,373 | mfu: 25.2% | epoch: 1 | remaining: 64s    
step 01635 (78.6%) | loss: 2.952602 | lrm: 0.43 | dt: 145ms | tok/sec: 901,237 | mfu: 25.2% | epoch: 1 | remaining: 64s    
step 01636 (78.7%) | loss: 2.954569 | lrm: 0.43 | dt: 145ms | tok/sec: 901,196 | mfu: 25.2% | epoch: 1 | remaining: 64s    
step 01637 (78.7%) | loss: 2.950282 | lrm: 0.43 | dt: 145ms | tok/sec: 901,290 | mfu: 25.2% | epoch: 1 | remaining: 64s    
step 01638 (78.8%) | loss: 2.950829 | lrm: 0.42 | dt: 145ms | tok/sec: 901,556 | mfu: 25.2% | epoch: 1 | remaining: 63s    
step 01639 (78.8%) | loss: 2.955003 | lrm: 0.42 | dt: 145ms | tok/sec: 901,355 | mfu: 25.2% | epoch: 1 | remaining: 63s    
step 01640 (78.9%) | loss: 2.954526 | lrm: 0.42 | dt: 145ms | tok/sec: 901,385 | mfu: 25.2% | epoch: 1 | remaining: 63s    
step 01641 (78.9%) | loss: 2.958034 | lrm: 0.42 | dt: 145ms | tok/sec: 901,275 | mfu: 25.2% | epoch: 1 | remaining: 63s    
step 01642 (79.0%) | loss: 2.965039 | lrm: 0.42 | dt: 145ms | tok/sec: 901,442 | mfu: 25.2% | epoch: 1 | remaining: 63s    
step 01643 (79.0%) | loss: 2.968117 | lrm: 0.42 | dt: 145ms | tok/sec: 901,029 | mfu: 25.2% | epoch: 1 | remaining: 63s    
step 01644 (79.1%) | loss: 2.967487 | lrm: 0.42 | dt: 145ms | tok/sec: 901,366 | mfu: 25.2% | epoch: 1 | remaining: 63s    
step 01645 (79.1%) | loss: 2.971747 | lrm: 0.42 | dt: 145ms | tok/sec: 901,698 | mfu: 25.2% | epoch: 1 | remaining: 62s    
step 01646 (79.2%) | loss: 2.974419 | lrm: 0.42 | dt: 145ms | tok/sec: 901,134 | mfu: 25.2% | epoch: 1 | remaining: 62s    
step 01647 (79.2%) | loss: 2.979919 | lrm: 0.42 | dt: 145ms | tok/sec: 901,533 | mfu: 25.2% | epoch: 1 | remaining: 62s    
step 01648 (79.3%) | loss: 2.980274 | lrm: 0.41 | dt: 145ms | tok/sec: 901,086 | mfu: 25.2% | epoch: 1 | remaining: 62s    
step 01649 (79.3%) | loss: 2.974413 | lrm: 0.41 | dt: 145ms | tok/sec: 901,373 | mfu: 25.2% | epoch: 1 | remaining: 62s    
step 01650 (79.4%) | loss: 2.970198 | lrm: 0.41 | dt: 145ms | tok/sec: 901,327 | mfu: 25.2% | epoch: 1 | remaining: 62s    
step 01651 (79.4%) | loss: 2.967623 | lrm: 0.41 | dt: 146ms | tok/sec: 900,574 | mfu: 25.2% | epoch: 1 | remaining: 62s    
step 01652 (79.5%) | loss: 2.962081 | lrm: 0.41 | dt: 145ms | tok/sec: 901,114 | mfu: 25.2% | epoch: 1 | remaining: 61s    
step 01653 (79.5%) | loss: 2.961597 | lrm: 0.41 | dt: 145ms | tok/sec: 901,179 | mfu: 25.2% | epoch: 1 | remaining: 61s    
step 01654 (79.6%) | loss: 2.962931 | lrm: 0.41 | dt: 145ms | tok/sec: 901,327 | mfu: 25.2% | epoch: 1 | remaining: 61s    
step 01655 (79.6%) | loss: 2.967512 | lrm: 0.41 | dt: 145ms | tok/sec: 901,361 | mfu: 25.2% | epoch: 1 | remaining: 61s    
step 01656 (79.7%) | loss: 2.965412 | lrm: 0.41 | dt: 145ms | tok/sec: 901,339 | mfu: 25.2% | epoch: 1 | remaining: 61s    
step 01657 (79.7%) | loss: 2.970363 | lrm: 0.41 | dt: 145ms | tok/sec: 900,952 | mfu: 25.2% | epoch: 1 | remaining: 61s    
step 01658 (79.8%) | loss: 2.966560 | lrm: 0.40 | dt: 145ms | tok/sec: 901,919 | mfu: 25.2% | epoch: 1 | remaining: 61s    
step 01659 (79.8%) | loss: 2.966243 | lrm: 0.40 | dt: 145ms | tok/sec: 901,636 | mfu: 25.2% | epoch: 1 | remaining: 60s    
step 01660 (79.9%) | loss: 2.958946 | lrm: 0.40 | dt: 145ms | tok/sec: 901,706 | mfu: 25.2% | epoch: 1 | remaining: 60s    
step 01661 (79.9%) | loss: 2.948846 | lrm: 0.40 | dt: 145ms | tok/sec: 901,432 | mfu: 25.2% | epoch: 1 | remaining: 60s    
step 01662 (80.0%) | loss: 2.946842 | lrm: 0.40 | dt: 145ms | tok/sec: 901,265 | mfu: 25.2% | epoch: 1 | remaining: 60s    
step 01663 (80.0%) | loss: 2.947884 | lrm: 0.40 | dt: 145ms | tok/sec: 901,382 | mfu: 25.2% | epoch: 1 | remaining: 60s    
step 01664 (80.1%) | loss: 2.952931 | lrm: 0.40 | dt: 145ms | tok/sec: 901,453 | mfu: 25.2% | epoch: 1 | remaining: 60s    
step 01665 (80.1%) | loss: 2.951495 | lrm: 0.40 | dt: 145ms | tok/sec: 901,546 | mfu: 25.2% | epoch: 1 | remaining: 60s    
step 01666 (80.1%) | loss: 2.953261 | lrm: 0.40 | dt: 145ms | tok/sec: 901,431 | mfu: 25.2% | epoch: 1 | remaining: 59s    
step 01667 (80.2%) | loss: 2.956434 | lrm: 0.40 | dt: 145ms | tok/sec: 901,383 | mfu: 25.2% | epoch: 1 | remaining: 59s    
step 01668 (80.2%) | loss: 2.960531 | lrm: 0.40 | dt: 145ms | tok/sec: 901,862 | mfu: 25.2% | epoch: 1 | remaining: 59s    
step 01669 (80.3%) | loss: 2.953446 | lrm: 0.39 | dt: 145ms | tok/sec: 901,249 | mfu: 25.2% | epoch: 1 | remaining: 59s    
step 01670 (80.3%) | loss: 2.959042 | lrm: 0.39 | dt: 146ms | tok/sec: 900,784 | mfu: 25.2% | epoch: 1 | remaining: 59s    
step 01671 (80.4%) | loss: 2.959282 | lrm: 0.39 | dt: 146ms | tok/sec: 900,828 | mfu: 25.2% | epoch: 1 | remaining: 59s    
step 01672 (80.4%) | loss: 2.958481 | lrm: 0.39 | dt: 145ms | tok/sec: 901,522 | mfu: 25.2% | epoch: 1 | remaining: 59s    
step 01673 (80.5%) | loss: 2.962938 | lrm: 0.39 | dt: 145ms | tok/sec: 900,955 | mfu: 25.2% | epoch: 1 | remaining: 58s    
step 01674 (80.5%) | loss: 2.964223 | lrm: 0.39 | dt: 146ms | tok/sec: 900,549 | mfu: 25.2% | epoch: 1 | remaining: 58s    
step 01675 (80.6%) | loss: 2.963364 | lrm: 0.39 | dt: 146ms | tok/sec: 900,731 | mfu: 25.2% | epoch: 1 | remaining: 58s    
step 01676 (80.6%) | loss: 2.958817 | lrm: 0.39 | dt: 146ms | tok/sec: 898,879 | mfu: 25.1% | epoch: 1 | remaining: 58s    
step 01677 (80.7%) | loss: 2.965375 | lrm: 0.39 | dt: 146ms | tok/sec: 899,484 | mfu: 25.2% | epoch: 1 | remaining: 58s    
step 01678 (80.7%) | loss: 2.960871 | lrm: 0.39 | dt: 146ms | tok/sec: 899,259 | mfu: 25.2% | epoch: 1 | remaining: 58s    
step 01679 (80.8%) | loss: 2.952055 | lrm: 0.38 | dt: 146ms | tok/sec: 899,852 | mfu: 25.2% | epoch: 1 | remaining: 58s    
step 01680 (80.8%) | loss: 2.947590 | lrm: 0.38 | dt: 146ms | tok/sec: 899,886 | mfu: 25.2% | epoch: 1 | remaining: 57s    
step 01681 (80.9%) | loss: 2.950761 | lrm: 0.38 | dt: 146ms | tok/sec: 899,937 | mfu: 25.2% | epoch: 1 | remaining: 57s    
step 01682 (80.9%) | loss: 2.948459 | lrm: 0.38 | dt: 146ms | tok/sec: 900,024 | mfu: 25.2% | epoch: 1 | remaining: 57s    
step 01683 (81.0%) | loss: 2.948621 | lrm: 0.38 | dt: 146ms | tok/sec: 899,967 | mfu: 25.2% | epoch: 1 | remaining: 57s    
step 01684 (81.0%) | loss: 2.941185 | lrm: 0.38 | dt: 146ms | tok/sec: 899,150 | mfu: 25.2% | epoch: 1 | remaining: 57s    
step 01685 (81.1%) | loss: 2.945360 | lrm: 0.38 | dt: 146ms | tok/sec: 900,083 | mfu: 25.2% | epoch: 1 | remaining: 57s    
step 01686 (81.1%) | loss: 2.944517 | lrm: 0.38 | dt: 146ms | tok/sec: 899,007 | mfu: 25.2% | epoch: 1 | remaining: 57s    
step 01687 (81.2%) | loss: 2.938845 | lrm: 0.38 | dt: 146ms | tok/sec: 899,927 | mfu: 25.2% | epoch: 1 | remaining: 56s    
step 01688 (81.2%) | loss: 2.940579 | lrm: 0.38 | dt: 146ms | tok/sec: 899,238 | mfu: 25.2% | epoch: 1 | remaining: 56s    
step 01689 (81.3%) | loss: 2.943926 | lrm: 0.37 | dt: 146ms | tok/sec: 899,540 | mfu: 25.2% | epoch: 1 | remaining: 56s    
step 01690 (81.3%) | loss: 2.945927 | lrm: 0.37 | dt: 146ms | tok/sec: 900,829 | mfu: 25.2% | epoch: 1 | remaining: 56s    
step 01691 (81.4%) | loss: 2.942998 | lrm: 0.37 | dt: 146ms | tok/sec: 899,503 | mfu: 25.2% | epoch: 1 | remaining: 56s    
step 01692 (81.4%) | loss: 2.933574 | lrm: 0.37 | dt: 146ms | tok/sec: 899,603 | mfu: 25.2% | epoch: 1 | remaining: 56s    
step 01693 (81.5%) | loss: 2.933984 | lrm: 0.37 | dt: 146ms | tok/sec: 899,924 | mfu: 25.2% | epoch: 1 | remaining: 55s    
step 01694 (81.5%) | loss: 2.941562 | lrm: 0.37 | dt: 146ms | tok/sec: 899,834 | mfu: 25.2% | epoch: 1 | remaining: 55s    
step 01695 (81.6%) | loss: 2.948362 | lrm: 0.37 | dt: 146ms | tok/sec: 900,020 | mfu: 25.2% | epoch: 1 | remaining: 55s    
step 01696 (81.6%) | loss: 2.944776 | lrm: 0.37 | dt: 146ms | tok/sec: 900,158 | mfu: 25.2% | epoch: 1 | remaining: 55s    
step 01697 (81.7%) | loss: 2.943507 | lrm: 0.37 | dt: 146ms | tok/sec: 900,214 | mfu: 25.2% | epoch: 1 | remaining: 55s    
step 01698 (81.7%) | loss: 2.941065 | lrm: 0.37 | dt: 146ms | tok/sec: 900,198 | mfu: 25.2% | epoch: 1 | remaining: 55s    
step 01699 (81.7%) | loss: 2.947905 | lrm: 0.37 | dt: 146ms | tok/sec: 900,680 | mfu: 25.2% | epoch: 1 | remaining: 55s    
step 01700 (81.8%) | loss: 2.945660 | lrm: 0.36 | dt: 145ms | tok/sec: 901,194 | mfu: 25.2% | epoch: 1 | remaining: 54s    
step 01701 (81.8%) | loss: 2.948964 | lrm: 0.36 | dt: 145ms | tok/sec: 900,987 | mfu: 25.2% | epoch: 1 | remaining: 54s    
step 01702 (81.9%) | loss: 2.945911 | lrm: 0.36 | dt: 145ms | tok/sec: 901,512 | mfu: 25.2% | epoch: 1 | remaining: 54s    
step 01703 (81.9%) | loss: 2.951501 | lrm: 0.36 | dt: 145ms | tok/sec: 901,438 | mfu: 25.2% | epoch: 1 | remaining: 54s    
step 01704 (82.0%) | loss: 2.949049 | lrm: 0.36 | dt: 145ms | tok/sec: 900,914 | mfu: 25.2% | epoch: 1 | remaining: 54s    
step 01705 (82.0%) | loss: 2.945244 | lrm: 0.36 | dt: 145ms | tok/sec: 901,508 | mfu: 25.2% | epoch: 1 | remaining: 54s    
step 01706 (82.1%) | loss: 2.938515 | lrm: 0.36 | dt: 145ms | tok/sec: 901,157 | mfu: 25.2% | epoch: 1 | remaining: 54s    
step 01707 (82.1%) | loss: 2.937021 | lrm: 0.36 | dt: 145ms | tok/sec: 901,277 | mfu: 25.2% | epoch: 1 | remaining: 53s    
step 01708 (82.2%) | loss: 2.936983 | lrm: 0.36 | dt: 145ms | tok/sec: 901,277 | mfu: 25.2% | epoch: 1 | remaining: 53s    
step 01709 (82.2%) | loss: 2.940388 | lrm: 0.36 | dt: 145ms | tok/sec: 900,984 | mfu: 25.2% | epoch: 1 | remaining: 53s    
step 01710 (82.3%) | loss: 2.938105 | lrm: 0.35 | dt: 145ms | tok/sec: 901,358 | mfu: 25.2% | epoch: 1 | remaining: 53s    
step 01711 (82.3%) | loss: 2.942317 | lrm: 0.35 | dt: 145ms | tok/sec: 901,222 | mfu: 25.2% | epoch: 1 | remaining: 53s    
step 01712 (82.4%) | loss: 2.937432 | lrm: 0.35 | dt: 145ms | tok/sec: 901,250 | mfu: 25.2% | epoch: 1 | remaining: 53s    
step 01713 (82.4%) | loss: 2.940839 | lrm: 0.35 | dt: 145ms | tok/sec: 901,401 | mfu: 25.2% | epoch: 1 | remaining: 53s    
step 01714 (82.5%) | loss: 2.942753 | lrm: 0.35 | dt: 145ms | tok/sec: 901,175 | mfu: 25.2% | epoch: 1 | remaining: 52s    
step 01715 (82.5%) | loss: 2.936969 | lrm: 0.35 | dt: 145ms | tok/sec: 901,740 | mfu: 25.2% | epoch: 1 | remaining: 52s    
step 01716 (82.6%) | loss: 2.934513 | lrm: 0.35 | dt: 145ms | tok/sec: 901,432 | mfu: 25.2% | epoch: 1 | remaining: 52s    
step 01717 (82.6%) | loss: 2.939937 | lrm: 0.35 | dt: 145ms | tok/sec: 901,240 | mfu: 25.2% | epoch: 1 | remaining: 52s    
step 01718 (82.7%) | loss: 2.939566 | lrm: 0.35 | dt: 145ms | tok/sec: 901,460 | mfu: 25.2% | epoch: 1 | remaining: 52s    
step 01719 (82.7%) | loss: 2.929269 | lrm: 0.35 | dt: 145ms | tok/sec: 901,522 | mfu: 25.2% | epoch: 1 | remaining: 52s    
step 01720 (82.8%) | loss: 2.925206 | lrm: 0.34 | dt: 145ms | tok/sec: 901,522 | mfu: 25.2% | epoch: 1 | remaining: 52s    
step 01721 (82.8%) | loss: 2.924764 | lrm: 0.34 | dt: 145ms | tok/sec: 901,231 | mfu: 25.2% | epoch: 1 | remaining: 51s    
step 01722 (82.9%) | loss: 2.931001 | lrm: 0.34 | dt: 145ms | tok/sec: 901,406 | mfu: 25.2% | epoch: 1 | remaining: 51s    
step 01723 (82.9%) | loss: 2.930925 | lrm: 0.34 | dt: 145ms | tok/sec: 901,462 | mfu: 25.2% | epoch: 1 | remaining: 51s    
step 01724 (83.0%) | loss: 2.935522 | lrm: 0.34 | dt: 145ms | tok/sec: 901,531 | mfu: 25.2% | epoch: 1 | remaining: 51s    
step 01725 (83.0%) | loss: 2.939786 | lrm: 0.34 | dt: 145ms | tok/sec: 901,429 | mfu: 25.2% | epoch: 1 | remaining: 51s    
step 01726 (83.1%) | loss: 2.936182 | lrm: 0.34 | dt: 145ms | tok/sec: 901,315 | mfu: 25.2% | epoch: 1 | remaining: 51s    
step 01727 (83.1%) | loss: 2.941453 | lrm: 0.34 | dt: 145ms | tok/sec: 901,153 | mfu: 25.2% | epoch: 1 | remaining: 51s    
step 01728 (83.2%) | loss: 2.940577 | lrm: 0.34 | dt: 145ms | tok/sec: 901,128 | mfu: 25.2% | epoch: 1 | remaining: 50s    
step 01729 (83.2%) | loss: 2.940132 | lrm: 0.34 | dt: 145ms | tok/sec: 901,345 | mfu: 25.2% | epoch: 1 | remaining: 50s    
step 01730 (83.3%) | loss: 2.942814 | lrm: 0.33 | dt: 145ms | tok/sec: 901,369 | mfu: 25.2% | epoch: 1 | remaining: 50s    
step 01731 (83.3%) | loss: 2.938250 | lrm: 0.33 | dt: 145ms | tok/sec: 901,178 | mfu: 25.2% | epoch: 1 | remaining: 50s    
step 01732 (83.3%) | loss: 2.935033 | lrm: 0.33 | dt: 145ms | tok/sec: 901,472 | mfu: 25.2% | epoch: 1 | remaining: 50s    
step 01733 (83.4%) | loss: 2.944221 | lrm: 0.33 | dt: 145ms | tok/sec: 901,312 | mfu: 25.2% | epoch: 1 | remaining: 50s    
step 01734 (83.4%) | loss: 2.943036 | lrm: 0.33 | dt: 145ms | tok/sec: 900,847 | mfu: 25.2% | epoch: 1 | remaining: 50s    
step 01735 (83.5%) | loss: 2.938073 | lrm: 0.33 | dt: 145ms | tok/sec: 901,104 | mfu: 25.2% | epoch: 1 | remaining: 49s    
step 01736 (83.5%) | loss: 2.944193 | lrm: 0.33 | dt: 145ms | tok/sec: 900,937 | mfu: 25.2% | epoch: 1 | remaining: 49s    
step 01737 (83.6%) | loss: 2.937877 | lrm: 0.33 | dt: 145ms | tok/sec: 901,057 | mfu: 25.2% | epoch: 1 | remaining: 49s    
step 01738 (83.6%) | loss: 2.944068 | lrm: 0.33 | dt: 145ms | tok/sec: 901,357 | mfu: 25.2% | epoch: 1 | remaining: 49s    
step 01739 (83.7%) | loss: 2.945207 | lrm: 0.33 | dt: 145ms | tok/sec: 901,321 | mfu: 25.2% | epoch: 1 | remaining: 49s    
step 01740 (83.7%) | loss: 2.944145 | lrm: 0.33 | dt: 145ms | tok/sec: 900,905 | mfu: 25.2% | epoch: 1 | remaining: 49s    
step 01741 (83.8%) | loss: 2.944060 | lrm: 0.32 | dt: 145ms | tok/sec: 901,041 | mfu: 25.2% | epoch: 1 | remaining: 48s    
step 01742 (83.8%) | loss: 2.945762 | lrm: 0.32 | dt: 146ms | tok/sec: 900,385 | mfu: 25.2% | epoch: 1 | remaining: 48s    
step 01743 (83.9%) | loss: 2.934936 | lrm: 0.32 | dt: 145ms | tok/sec: 900,955 | mfu: 25.2% | epoch: 1 | remaining: 48s    
step 01744 (83.9%) | loss: 2.941306 | lrm: 0.32 | dt: 145ms | tok/sec: 901,255 | mfu: 25.2% | epoch: 1 | remaining: 48s    
step 01745 (84.0%) | loss: 2.940606 | lrm: 0.32 | dt: 146ms | tok/sec: 900,639 | mfu: 25.2% | epoch: 1 | remaining: 48s    
step 01746 (84.0%) | loss: 2.941385 | lrm: 0.32 | dt: 146ms | tok/sec: 900,285 | mfu: 25.2% | epoch: 1 | remaining: 48s    
step 01747 (84.1%) | loss: 2.944565 | lrm: 0.32 | dt: 146ms | tok/sec: 900,663 | mfu: 25.2% | epoch: 1 | remaining: 48s    
step 01748 (84.1%) | loss: 2.944016 | lrm: 0.32 | dt: 146ms | tok/sec: 900,627 | mfu: 25.2% | epoch: 1 | remaining: 47s    
step 01749 (84.2%) | loss: 2.941167 | lrm: 0.32 | dt: 145ms | tok/sec: 900,840 | mfu: 25.2% | epoch: 1 | remaining: 47s    
step 01750 (84.2%) | loss: 2.941555 | lrm: 0.32 | dt: 145ms | tok/sec: 900,996 | mfu: 25.2% | epoch: 1 | remaining: 47s    
step 01751 (84.3%) | loss: 2.948245 | lrm: 0.31 | dt: 145ms | tok/sec: 901,027 | mfu: 25.2% | epoch: 1 | remaining: 47s    
step 01752 (84.3%) | loss: 2.940880 | lrm: 0.31 | dt: 146ms | tok/sec: 900,571 | mfu: 25.2% | epoch: 1 | remaining: 47s    
step 01753 (84.4%) | loss: 2.938143 | lrm: 0.31 | dt: 146ms | tok/sec: 900,481 | mfu: 25.2% | epoch: 1 | remaining: 47s    
step 01754 (84.4%) | loss: 2.932772 | lrm: 0.31 | dt: 145ms | tok/sec: 901,075 | mfu: 25.2% | epoch: 1 | remaining: 47s    
step 01755 (84.5%) | loss: 2.941202 | lrm: 0.31 | dt: 146ms | tok/sec: 900,778 | mfu: 25.2% | epoch: 1 | remaining: 46s    
step 01756 (84.5%) | loss: 2.941992 | lrm: 0.31 | dt: 145ms | tok/sec: 900,868 | mfu: 25.2% | epoch: 1 | remaining: 46s    
step 01757 (84.6%) | loss: 2.938709 | lrm: 0.31 | dt: 145ms | tok/sec: 901,175 | mfu: 25.2% | epoch: 1 | remaining: 46s    
step 01758 (84.6%) | loss: 2.940609 | lrm: 0.31 | dt: 145ms | tok/sec: 901,197 | mfu: 25.2% | epoch: 1 | remaining: 46s    
step 01759 (84.7%) | loss: 2.940802 | lrm: 0.31 | dt: 145ms | tok/sec: 901,109 | mfu: 25.2% | epoch: 1 | remaining: 46s    
step 01760 (84.7%) | loss: 2.942051 | lrm: 0.31 | dt: 146ms | tok/sec: 900,587 | mfu: 25.2% | epoch: 1 | remaining: 46s    
step 01761 (84.8%) | loss: 2.937469 | lrm: 0.30 | dt: 145ms | tok/sec: 901,143 | mfu: 25.2% | epoch: 1 | remaining: 46s    
step 01762 (84.8%) | loss: 2.937528 | lrm: 0.30 | dt: 145ms | tok/sec: 900,871 | mfu: 25.2% | epoch: 1 | remaining: 45s    
step 01763 (84.9%) | loss: 2.934870 | lrm: 0.30 | dt: 146ms | tok/sec: 900,784 | mfu: 25.2% | epoch: 1 | remaining: 45s    
step 01764 (84.9%) | loss: 2.934804 | lrm: 0.30 | dt: 145ms | tok/sec: 901,089 | mfu: 25.2% | epoch: 1 | remaining: 45s    
step 01765 (84.9%) | loss: 2.932855 | lrm: 0.30 | dt: 145ms | tok/sec: 900,894 | mfu: 25.2% | epoch: 1 | remaining: 45s    
step 01766 (85.0%) | loss: 2.937074 | lrm: 0.30 | dt: 146ms | tok/sec: 900,713 | mfu: 25.2% | epoch: 1 | remaining: 45s    
step 01767 (85.0%) | loss: 2.949880 | lrm: 0.30 | dt: 145ms | tok/sec: 900,979 | mfu: 25.2% | epoch: 1 | remaining: 45s    
step 01768 (85.1%) | loss: 2.948085 | lrm: 0.30 | dt: 145ms | tok/sec: 901,100 | mfu: 25.2% | epoch: 1 | remaining: 45s    
step 01769 (85.1%) | loss: 2.943446 | lrm: 0.30 | dt: 145ms | tok/sec: 900,993 | mfu: 25.2% | epoch: 1 | remaining: 44s    
step 01770 (85.2%) | loss: 2.945640 | lrm: 0.30 | dt: 146ms | tok/sec: 900,816 | mfu: 25.2% | epoch: 1 | remaining: 44s    
step 01771 (85.2%) | loss: 2.947180 | lrm: 0.30 | dt: 145ms | tok/sec: 901,048 | mfu: 25.2% | epoch: 1 | remaining: 44s    
step 01772 (85.3%) | loss: 2.945709 | lrm: 0.29 | dt: 145ms | tok/sec: 901,042 | mfu: 25.2% | epoch: 1 | remaining: 44s    
step 01773 (85.3%) | loss: 2.945355 | lrm: 0.29 | dt: 145ms | tok/sec: 901,038 | mfu: 25.2% | epoch: 1 | remaining: 44s    
step 01774 (85.4%) | loss: 2.939196 | lrm: 0.29 | dt: 145ms | tok/sec: 901,160 | mfu: 25.2% | epoch: 1 | remaining: 44s    
step 01775 (85.4%) | loss: 2.935378 | lrm: 0.29 | dt: 145ms | tok/sec: 900,922 | mfu: 25.2% | epoch: 1 | remaining: 44s    
step 01776 (85.5%) | loss: 2.934173 | lrm: 0.29 | dt: 145ms | tok/sec: 901,191 | mfu: 25.2% | epoch: 1 | remaining: 43s    
step 01777 (85.5%) | loss: 2.938215 | lrm: 0.29 | dt: 145ms | tok/sec: 901,069 | mfu: 25.2% | epoch: 1 | remaining: 43s    
step 01778 (85.6%) | loss: 2.943670 | lrm: 0.29 | dt: 145ms | tok/sec: 901,233 | mfu: 25.2% | epoch: 1 | remaining: 43s    
step 01779 (85.6%) | loss: 2.945095 | lrm: 0.29 | dt: 145ms | tok/sec: 901,218 | mfu: 25.2% | epoch: 1 | remaining: 43s    
step 01780 (85.7%) | loss: 2.942643 | lrm: 0.29 | dt: 146ms | tok/sec: 900,734 | mfu: 25.2% | epoch: 1 | remaining: 43s    
step 01781 (85.7%) | loss: 2.947231 | lrm: 0.29 | dt: 145ms | tok/sec: 900,887 | mfu: 25.2% | epoch: 1 | remaining: 43s    
step 01782 (85.8%) | loss: 2.946299 | lrm: 0.28 | dt: 145ms | tok/sec: 900,887 | mfu: 25.2% | epoch: 1 | remaining: 43s    
step 01783 (85.8%) | loss: 2.946913 | lrm: 0.28 | dt: 145ms | tok/sec: 901,013 | mfu: 25.2% | epoch: 1 | remaining: 42s    
step 01784 (85.9%) | loss: 2.948521 | lrm: 0.28 | dt: 146ms | tok/sec: 900,598 | mfu: 25.2% | epoch: 1 | remaining: 42s    
step 01785 (85.9%) | loss: 2.941540 | lrm: 0.28 | dt: 145ms | tok/sec: 900,868 | mfu: 25.2% | epoch: 1 | remaining: 42s    
step 01786 (86.0%) | loss: 2.944540 | lrm: 0.28 | dt: 146ms | tok/sec: 900,819 | mfu: 25.2% | epoch: 1 | remaining: 42s    
step 01787 (86.0%) | loss: 2.937935 | lrm: 0.28 | dt: 145ms | tok/sec: 901,042 | mfu: 25.2% | epoch: 1 | remaining: 42s    
step 01788 (86.1%) | loss: 2.937278 | lrm: 0.28 | dt: 146ms | tok/sec: 900,635 | mfu: 25.2% | epoch: 1 | remaining: 42s    
step 01789 (86.1%) | loss: 2.927805 | lrm: 0.28 | dt: 145ms | tok/sec: 900,968 | mfu: 25.2% | epoch: 1 | remaining: 42s    
step 01790 (86.2%) | loss: 2.924128 | lrm: 0.28 | dt: 146ms | tok/sec: 900,750 | mfu: 25.2% | epoch: 1 | remaining: 41s    
step 01791 (86.2%) | loss: 2.918167 | lrm: 0.28 | dt: 146ms | tok/sec: 900,754 | mfu: 25.2% | epoch: 1 | remaining: 41s    
step 01792 (86.3%) | loss: 2.922800 | lrm: 0.27 | dt: 146ms | tok/sec: 900,157 | mfu: 25.2% | epoch: 1 | remaining: 41s    
step 01793 (86.3%) | loss: 2.925403 | lrm: 0.27 | dt: 146ms | tok/sec: 900,611 | mfu: 25.2% | epoch: 1 | remaining: 41s    
step 01794 (86.4%) | loss: 2.924413 | lrm: 0.27 | dt: 146ms | tok/sec: 900,474 | mfu: 25.2% | epoch: 1 | remaining: 41s    
step 01795 (86.4%) | loss: 2.925847 | lrm: 0.27 | dt: 145ms | tok/sec: 900,849 | mfu: 25.2% | epoch: 1 | remaining: 41s    
step 01796 (86.5%) | loss: 2.928575 | lrm: 0.27 | dt: 145ms | tok/sec: 900,980 | mfu: 25.2% | epoch: 1 | remaining: 40s    
step 01797 (86.5%) | loss: 2.921272 | lrm: 0.27 | dt: 145ms | tok/sec: 901,197 | mfu: 25.2% | epoch: 1 | remaining: 40s    
step 01798 (86.5%) | loss: 2.919449 | lrm: 0.27 | dt: 145ms | tok/sec: 901,364 | mfu: 25.2% | epoch: 1 | remaining: 40s    
step 01799 (86.6%) | loss: 2.923100 | lrm: 0.27 | dt: 145ms | tok/sec: 900,992 | mfu: 25.2% | epoch: 1 | remaining: 40s    
step 01800 (86.6%) | loss: 2.915322 | lrm: 0.27 | dt: 146ms | tok/sec: 900,402 | mfu: 25.2% | epoch: 1 | remaining: 40s    
step 01801 (86.7%) | loss: 2.915330 | lrm: 0.27 | dt: 145ms | tok/sec: 900,942 | mfu: 25.2% | epoch: 1 | remaining: 40s    
step 01802 (86.7%) | loss: 2.917863 | lrm: 0.27 | dt: 146ms | tok/sec: 900,686 | mfu: 25.2% | epoch: 1 | remaining: 40s    
step 01803 (86.8%) | loss: 2.915376 | lrm: 0.26 | dt: 145ms | tok/sec: 901,018 | mfu: 25.2% | epoch: 1 | remaining: 39s    
step 01804 (86.8%) | loss: 2.924199 | lrm: 0.26 | dt: 145ms | tok/sec: 900,979 | mfu: 25.2% | epoch: 1 | remaining: 39s    
step 01805 (86.9%) | loss: 2.923369 | lrm: 0.26 | dt: 145ms | tok/sec: 900,931 | mfu: 25.2% | epoch: 1 | remaining: 39s    
step 01806 (86.9%) | loss: 2.917564 | lrm: 0.26 | dt: 146ms | tok/sec: 900,633 | mfu: 25.2% | epoch: 1 | remaining: 39s    
step 01807 (87.0%) | loss: 2.921751 | lrm: 0.26 | dt: 145ms | tok/sec: 900,948 | mfu: 25.2% | epoch: 1 | remaining: 39s    
step 01808 (87.0%) | loss: 2.919472 | lrm: 0.26 | dt: 145ms | tok/sec: 900,891 | mfu: 25.2% | epoch: 1 | remaining: 39s    
step 01809 (87.1%) | loss: 2.929670 | lrm: 0.26 | dt: 146ms | tok/sec: 900,751 | mfu: 25.2% | epoch: 1 | remaining: 39s    
step 01810 (87.1%) | loss: 2.924290 | lrm: 0.26 | dt: 146ms | tok/sec: 900,829 | mfu: 25.2% | epoch: 1 | remaining: 38s    
step 01811 (87.2%) | loss: 2.920258 | lrm: 0.26 | dt: 146ms | tok/sec: 900,542 | mfu: 25.2% | epoch: 1 | remaining: 38s    
step 01812 (87.2%) | loss: 2.917367 | lrm: 0.26 | dt: 146ms | tok/sec: 900,800 | mfu: 25.2% | epoch: 1 | remaining: 38s    
step 01813 (87.3%) | loss: 2.915375 | lrm: 0.25 | dt: 145ms | tok/sec: 900,979 | mfu: 25.2% | epoch: 1 | remaining: 38s    
step 01814 (87.3%) | loss: 2.916739 | lrm: 0.25 | dt: 145ms | tok/sec: 901,007 | mfu: 25.2% | epoch: 1 | remaining: 38s    
step 01815 (87.4%) | loss: 2.921437 | lrm: 0.25 | dt: 145ms | tok/sec: 901,125 | mfu: 25.2% | epoch: 1 | remaining: 38s    
step 01816 (87.4%) | loss: 2.916797 | lrm: 0.25 | dt: 145ms | tok/sec: 901,057 | mfu: 25.2% | epoch: 1 | remaining: 38s    
step 01817 (87.5%) | loss: 2.916460 | lrm: 0.25 | dt: 145ms | tok/sec: 901,181 | mfu: 25.2% | epoch: 1 | remaining: 37s    
step 01818 (87.5%) | loss: 2.913004 | lrm: 0.25 | dt: 146ms | tok/sec: 900,695 | mfu: 25.2% | epoch: 1 | remaining: 37s    
step 01819 (87.6%) | loss: 2.910495 | lrm: 0.25 | dt: 145ms | tok/sec: 901,024 | mfu: 25.2% | epoch: 1 | remaining: 37s    
step 01820 (87.6%) | loss: 2.907690 | lrm: 0.25 | dt: 146ms | tok/sec: 900,644 | mfu: 25.2% | epoch: 1 | remaining: 37s    
step 01821 (87.7%) | loss: 2.905188 | lrm: 0.25 | dt: 145ms | tok/sec: 901,023 | mfu: 25.2% | epoch: 1 | remaining: 37s    
step 01822 (87.7%) | loss: 2.908541 | lrm: 0.25 | dt: 146ms | tok/sec: 900,537 | mfu: 25.2% | epoch: 1 | remaining: 37s    
step 01823 (87.8%) | loss: 2.911728 | lrm: 0.24 | dt: 146ms | tok/sec: 900,559 | mfu: 25.2% | epoch: 1 | remaining: 37s    
step 01824 (87.8%) | loss: 2.907001 | lrm: 0.24 | dt: 146ms | tok/sec: 900,629 | mfu: 25.2% | epoch: 1 | remaining: 36s    
step 01825 (87.9%) | loss: 2.913327 | lrm: 0.24 | dt: 146ms | tok/sec: 900,558 | mfu: 25.2% | epoch: 1 | remaining: 36s    
step 01826 (87.9%) | loss: 2.914188 | lrm: 0.24 | dt: 146ms | tok/sec: 900,424 | mfu: 25.2% | epoch: 1 | remaining: 36s    
step 01827 (88.0%) | loss: 2.917458 | lrm: 0.24 | dt: 146ms | tok/sec: 900,781 | mfu: 25.2% | epoch: 1 | remaining: 36s    
step 01828 (88.0%) | loss: 2.919037 | lrm: 0.24 | dt: 146ms | tok/sec: 900,487 | mfu: 25.2% | epoch: 1 | remaining: 36s    
step 01829 (88.1%) | loss: 2.913738 | lrm: 0.24 | dt: 145ms | tok/sec: 900,973 | mfu: 25.2% | epoch: 1 | remaining: 36s    
step 01830 (88.1%) | loss: 2.915754 | lrm: 0.24 | dt: 145ms | tok/sec: 901,008 | mfu: 25.2% | epoch: 1 | remaining: 36s    
step 01831 (88.2%) | loss: 2.914542 | lrm: 0.24 | dt: 145ms | tok/sec: 900,874 | mfu: 25.2% | epoch: 1 | remaining: 35s    
step 01832 (88.2%) | loss: 2.911273 | lrm: 0.24 | dt: 145ms | tok/sec: 901,095 | mfu: 25.2% | epoch: 1 | remaining: 35s    
step 01833 (88.2%) | loss: 2.907589 | lrm: 0.24 | dt: 145ms | tok/sec: 900,868 | mfu: 25.2% | epoch: 1 | remaining: 35s    
step 01834 (88.3%) | loss: 2.906741 | lrm: 0.23 | dt: 146ms | tok/sec: 900,666 | mfu: 25.2% | epoch: 1 | remaining: 35s    
step 01835 (88.3%) | loss: 2.908123 | lrm: 0.23 | dt: 145ms | tok/sec: 900,946 | mfu: 25.2% | epoch: 1 | remaining: 35s    
step 01836 (88.4%) | loss: 2.908499 | lrm: 0.23 | dt: 146ms | tok/sec: 900,627 | mfu: 25.2% | epoch: 1 | remaining: 35s    
step 01837 (88.4%) | loss: 2.914734 | lrm: 0.23 | dt: 145ms | tok/sec: 901,030 | mfu: 25.2% | epoch: 1 | remaining: 35s    
step 01838 (88.5%) | loss: 2.917928 | lrm: 0.23 | dt: 145ms | tok/sec: 900,883 | mfu: 25.2% | epoch: 1 | remaining: 34s    
step 01839 (88.5%) | loss: 2.915688 | lrm: 0.23 | dt: 146ms | tok/sec: 900,819 | mfu: 25.2% | epoch: 1 | remaining: 34s    
step 01840 (88.6%) | loss: 2.917654 | lrm: 0.23 | dt: 146ms | tok/sec: 900,580 | mfu: 25.2% | epoch: 1 | remaining: 34s    
step 01841 (88.6%) | loss: 2.919146 | lrm: 0.23 | dt: 146ms | tok/sec: 900,596 | mfu: 25.2% | epoch: 1 | remaining: 34s    
step 01842 (88.7%) | loss: 2.921573 | lrm: 0.23 | dt: 146ms | tok/sec: 898,245 | mfu: 25.1% | epoch: 1 | remaining: 34s    
step 01843 (88.7%) | loss: 2.914451 | lrm: 0.23 | dt: 146ms | tok/sec: 898,803 | mfu: 25.1% | epoch: 1 | remaining: 34s    
step 01844 (88.8%) | loss: 2.921787 | lrm: 0.22 | dt: 146ms | tok/sec: 900,071 | mfu: 25.2% | epoch: 1 | remaining: 34s    
step 01845 (88.8%) | loss: 2.920574 | lrm: 0.22 | dt: 146ms | tok/sec: 900,179 | mfu: 25.2% | epoch: 1 | remaining: 33s    
step 01846 (88.9%) | loss: 2.918729 | lrm: 0.22 | dt: 146ms | tok/sec: 900,586 | mfu: 25.2% | epoch: 1 | remaining: 33s    
step 01847 (88.9%) | loss: 2.916877 | lrm: 0.22 | dt: 146ms | tok/sec: 900,636 | mfu: 25.2% | epoch: 1 | remaining: 33s    
step 01848 (89.0%) | loss: 2.917234 | lrm: 0.22 | dt: 146ms | tok/sec: 899,325 | mfu: 25.2% | epoch: 1 | remaining: 33s    
step 01849 (89.0%) | loss: 2.920387 | lrm: 0.22 | dt: 146ms | tok/sec: 900,735 | mfu: 25.2% | epoch: 1 | remaining: 33s    
step 01850 (89.1%) | loss: 2.914811 | lrm: 0.22 | dt: 146ms | tok/sec: 900,701 | mfu: 25.2% | epoch: 1 | remaining: 33s    
step 01851 (89.1%) | loss: 2.918166 | lrm: 0.22 | dt: 146ms | tok/sec: 899,967 | mfu: 25.2% | epoch: 1 | remaining: 32s    
step 01852 (89.2%) | loss: 2.922155 | lrm: 0.22 | dt: 146ms | tok/sec: 899,989 | mfu: 25.2% | epoch: 1 | remaining: 32s    
step 01853 (89.2%) | loss: 2.918314 | lrm: 0.22 | dt: 146ms | tok/sec: 900,207 | mfu: 25.2% | epoch: 1 | remaining: 32s    
step 01854 (89.3%) | loss: 2.916296 | lrm: 0.21 | dt: 145ms | tok/sec: 901,104 | mfu: 25.2% | epoch: 1 | remaining: 32s    
step 01855 (89.3%) | loss: 2.914984 | lrm: 0.21 | dt: 145ms | tok/sec: 901,281 | mfu: 25.2% | epoch: 1 | remaining: 32s    
step 01856 (89.4%) | loss: 2.916868 | lrm: 0.21 | dt: 146ms | tok/sec: 900,762 | mfu: 25.2% | epoch: 1 | remaining: 32s    
step 01857 (89.4%) | loss: 2.919178 | lrm: 0.21 | dt: 145ms | tok/sec: 901,080 | mfu: 25.2% | epoch: 1 | remaining: 32s    
step 01858 (89.5%) | loss: 2.922092 | lrm: 0.21 | dt: 146ms | tok/sec: 900,717 | mfu: 25.2% | epoch: 1 | remaining: 31s    
step 01859 (89.5%) | loss: 2.923973 | lrm: 0.21 | dt: 146ms | tok/sec: 900,813 | mfu: 25.2% | epoch: 1 | remaining: 31s    
step 01860 (89.6%) | loss: 2.922507 | lrm: 0.21 | dt: 145ms | tok/sec: 900,956 | mfu: 25.2% | epoch: 1 | remaining: 31s    
step 01861 (89.6%) | loss: 2.924034 | lrm: 0.21 | dt: 145ms | tok/sec: 900,909 | mfu: 25.2% | epoch: 1 | remaining: 31s    
step 01862 (89.7%) | loss: 2.919411 | lrm: 0.21 | dt: 145ms | tok/sec: 901,001 | mfu: 25.2% | epoch: 1 | remaining: 31s    
step 01863 (89.7%) | loss: 2.913851 | lrm: 0.21 | dt: 145ms | tok/sec: 901,041 | mfu: 25.2% | epoch: 1 | remaining: 31s    
step 01864 (89.8%) | loss: 2.906060 | lrm: 0.20 | dt: 145ms | tok/sec: 900,921 | mfu: 25.2% | epoch: 1 | remaining: 31s    
step 01865 (89.8%) | loss: 2.909458 | lrm: 0.20 | dt: 145ms | tok/sec: 900,906 | mfu: 25.2% | epoch: 1 | remaining: 30s    
step 01866 (89.8%) | loss: 2.911952 | lrm: 0.20 | dt: 145ms | tok/sec: 900,922 | mfu: 25.2% | epoch: 1 | remaining: 30s    
step 01867 (89.9%) | loss: 2.908944 | lrm: 0.20 | dt: 146ms | tok/sec: 900,633 | mfu: 25.2% | epoch: 1 | remaining: 30s    
step 01868 (89.9%) | loss: 2.907741 | lrm: 0.20 | dt: 145ms | tok/sec: 901,305 | mfu: 25.2% | epoch: 1 | remaining: 30s    
step 01869 (90.0%) | loss: 2.908945 | lrm: 0.20 | dt: 146ms | tok/sec: 900,809 | mfu: 25.2% | epoch: 1 | remaining: 30s    
step 01870 (90.0%) | loss: 2.904191 | lrm: 0.20 | dt: 145ms | tok/sec: 901,032 | mfu: 25.2% | epoch: 1 | remaining: 30s    
step 01871 (90.1%) | loss: 2.902141 | lrm: 0.20 | dt: 145ms | tok/sec: 900,887 | mfu: 25.2% | epoch: 1 | remaining: 30s    
step 01872 (90.1%) | loss: 2.904613 | lrm: 0.20 | dt: 146ms | tok/sec: 900,613 | mfu: 25.2% | epoch: 1 | remaining: 29s    
step 01873 (90.2%) | loss: 2.908434 | lrm: 0.20 | dt: 145ms | tok/sec: 900,958 | mfu: 25.2% | epoch: 1 | remaining: 29s    
step 01874 (90.2%) | loss: 2.911197 | lrm: 0.20 | dt: 145ms | tok/sec: 900,934 | mfu: 25.2% | epoch: 1 | remaining: 29s    
step 01875 (90.3%) | loss: 2.909541 | lrm: 0.19 | dt: 146ms | tok/sec: 900,813 | mfu: 25.2% | epoch: 1 | remaining: 29s    
step 01876 (90.3%) | loss: 2.915719 | lrm: 0.19 | dt: 145ms | tok/sec: 900,945 | mfu: 25.2% | epoch: 1 | remaining: 29s    
step 01877 (90.4%) | loss: 2.920300 | lrm: 0.19 | dt: 145ms | tok/sec: 900,996 | mfu: 25.2% | epoch: 1 | remaining: 29s    
step 01878 (90.4%) | loss: 2.916757 | lrm: 0.19 | dt: 145ms | tok/sec: 901,082 | mfu: 25.2% | epoch: 1 | remaining: 29s    
step 01879 (90.5%) | loss: 2.908627 | lrm: 0.19 | dt: 145ms | tok/sec: 901,148 | mfu: 25.2% | epoch: 1 | remaining: 28s    
step 01880 (90.5%) | loss: 2.909580 | lrm: 0.19 | dt: 145ms | tok/sec: 901,564 | mfu: 25.2% | epoch: 1 | remaining: 28s    
step 01881 (90.6%) | loss: 2.913015 | lrm: 0.19 | dt: 145ms | tok/sec: 900,893 | mfu: 25.2% | epoch: 1 | remaining: 28s    
step 01882 (90.6%) | loss: 2.903449 | lrm: 0.19 | dt: 145ms | tok/sec: 901,793 | mfu: 25.2% | epoch: 1 | remaining: 28s    
step 01883 (90.7%) | loss: 2.896192 | lrm: 0.19 | dt: 145ms | tok/sec: 901,296 | mfu: 25.2% | epoch: 1 | remaining: 28s    
step 01884 (90.7%) | loss: 2.897879 | lrm: 0.19 | dt: 145ms | tok/sec: 901,540 | mfu: 25.2% | epoch: 1 | remaining: 28s    
step 01885 (90.8%) | loss: 2.903918 | lrm: 0.18 | dt: 145ms | tok/sec: 901,063 | mfu: 25.2% | epoch: 1 | remaining: 28s    
step 01886 (90.8%) | loss: 2.899610 | lrm: 0.18 | dt: 145ms | tok/sec: 901,239 | mfu: 25.2% | epoch: 1 | remaining: 27s    
step 01887 (90.9%) | loss: 2.899459 | lrm: 0.18 | dt: 145ms | tok/sec: 900,949 | mfu: 25.2% | epoch: 1 | remaining: 27s    
step 01888 (90.9%) | loss: 2.901352 | lrm: 0.18 | dt: 145ms | tok/sec: 901,024 | mfu: 25.2% | epoch: 1 | remaining: 27s    
step 01889 (91.0%) | loss: 2.903747 | lrm: 0.18 | dt: 145ms | tok/sec: 900,899 | mfu: 25.2% | epoch: 1 | remaining: 27s    
step 01890 (91.0%) | loss: 2.903728 | lrm: 0.18 | dt: 145ms | tok/sec: 900,971 | mfu: 25.2% | epoch: 1 | remaining: 27s    
step 01891 (91.1%) | loss: 2.903408 | lrm: 0.18 | dt: 145ms | tok/sec: 901,095 | mfu: 25.2% | epoch: 1 | remaining: 27s    
step 01892 (91.1%) | loss: 2.893428 | lrm: 0.18 | dt: 145ms | tok/sec: 901,076 | mfu: 25.2% | epoch: 1 | remaining: 27s    
step 01893 (91.2%) | loss: 2.891086 | lrm: 0.18 | dt: 146ms | tok/sec: 900,623 | mfu: 25.2% | epoch: 1 | remaining: 26s    
step 01894 (91.2%) | loss: 2.897423 | lrm: 0.18 | dt: 145ms | tok/sec: 901,265 | mfu: 25.2% | epoch: 1 | remaining: 26s    
step 01895 (91.3%) | loss: 2.896449 | lrm: 0.17 | dt: 145ms | tok/sec: 901,113 | mfu: 25.2% | epoch: 1 | remaining: 26s    
step 01896 (91.3%) | loss: 2.893839 | lrm: 0.17 | dt: 145ms | tok/sec: 901,042 | mfu: 25.2% | epoch: 1 | remaining: 26s    
step 01897 (91.4%) | loss: 2.893099 | lrm: 0.17 | dt: 145ms | tok/sec: 901,202 | mfu: 25.2% | epoch: 1 | remaining: 26s    
step 01898 (91.4%) | loss: 2.894508 | lrm: 0.17 | dt: 145ms | tok/sec: 901,425 | mfu: 25.2% | epoch: 1 | remaining: 26s    
step 01899 (91.4%) | loss: 2.895780 | lrm: 0.17 | dt: 145ms | tok/sec: 901,410 | mfu: 25.2% | epoch: 1 | remaining: 26s    
step 01900 (91.5%) | loss: 2.889170 | lrm: 0.17 | dt: 145ms | tok/sec: 901,165 | mfu: 25.2% | epoch: 1 | remaining: 25s    
step 01901 (91.5%) | loss: 2.891818 | lrm: 0.17 | dt: 145ms | tok/sec: 901,364 | mfu: 25.2% | epoch: 1 | remaining: 25s    
step 01902 (91.6%) | loss: 2.895435 | lrm: 0.17 | dt: 145ms | tok/sec: 901,174 | mfu: 25.2% | epoch: 1 | remaining: 25s    
step 01903 (91.6%) | loss: 2.897117 | lrm: 0.17 | dt: 145ms | tok/sec: 901,132 | mfu: 25.2% | epoch: 1 | remaining: 25s    
step 01904 (91.7%) | loss: 2.904683 | lrm: 0.17 | dt: 145ms | tok/sec: 901,086 | mfu: 25.2% | epoch: 1 | remaining: 25s    
step 01905 (91.7%) | loss: 2.909218 | lrm: 0.17 | dt: 145ms | tok/sec: 901,199 | mfu: 25.2% | epoch: 1 | remaining: 25s    
step 01906 (91.8%) | loss: 2.916458 | lrm: 0.16 | dt: 145ms | tok/sec: 901,107 | mfu: 25.2% | epoch: 1 | remaining: 24s    
step 01907 (91.8%) | loss: 2.919537 | lrm: 0.16 | dt: 145ms | tok/sec: 900,977 | mfu: 25.2% | epoch: 1 | remaining: 24s    
step 01908 (91.9%) | loss: 2.918678 | lrm: 0.16 | dt: 145ms | tok/sec: 901,165 | mfu: 25.2% | epoch: 1 | remaining: 24s    
step 01909 (91.9%) | loss: 2.920297 | lrm: 0.16 | dt: 145ms | tok/sec: 901,143 | mfu: 25.2% | epoch: 1 | remaining: 24s    
step 01910 (92.0%) | loss: 2.917488 | lrm: 0.16 | dt: 145ms | tok/sec: 901,038 | mfu: 25.2% | epoch: 1 | remaining: 24s    
step 01911 (92.0%) | loss: 2.907780 | lrm: 0.16 | dt: 145ms | tok/sec: 901,094 | mfu: 25.2% | epoch: 1 | remaining: 24s    
step 01912 (92.1%) | loss: 2.908588 | lrm: 0.16 | dt: 145ms | tok/sec: 901,317 | mfu: 25.2% | epoch: 1 | remaining: 24s    
step 01913 (92.1%) | loss: 2.904782 | lrm: 0.16 | dt: 145ms | tok/sec: 901,153 | mfu: 25.2% | epoch: 1 | remaining: 23s    
step 01914 (92.2%) | loss: 2.910750 | lrm: 0.16 | dt: 145ms | tok/sec: 901,014 | mfu: 25.2% | epoch: 1 | remaining: 23s    
step 01915 (92.2%) | loss: 2.904525 | lrm: 0.16 | dt: 145ms | tok/sec: 901,073 | mfu: 25.2% | epoch: 1 | remaining: 23s    
step 01916 (92.3%) | loss: 2.909495 | lrm: 0.15 | dt: 145ms | tok/sec: 901,208 | mfu: 25.2% | epoch: 1 | remaining: 23s    
step 01917 (92.3%) | loss: 2.910663 | lrm: 0.15 | dt: 145ms | tok/sec: 901,253 | mfu: 25.2% | epoch: 1 | remaining: 23s    
step 01918 (92.4%) | loss: 2.906498 | lrm: 0.15 | dt: 146ms | tok/sec: 900,781 | mfu: 25.2% | epoch: 1 | remaining: 23s    
step 01919 (92.4%) | loss: 2.901853 | lrm: 0.15 | dt: 145ms | tok/sec: 901,185 | mfu: 25.2% | epoch: 1 | remaining: 23s    
step 01920 (92.5%) | loss: 2.902034 | lrm: 0.15 | dt: 145ms | tok/sec: 900,962 | mfu: 25.2% | epoch: 1 | remaining: 22s    
step 01921 (92.5%) | loss: 2.899937 | lrm: 0.15 | dt: 145ms | tok/sec: 900,896 | mfu: 25.2% | epoch: 1 | remaining: 22s    
step 01922 (92.6%) | loss: 2.896366 | lrm: 0.15 | dt: 146ms | tok/sec: 900,779 | mfu: 25.2% | epoch: 1 | remaining: 22s    
step 01923 (92.6%) | loss: 2.898017 | lrm: 0.15 | dt: 146ms | tok/sec: 900,824 | mfu: 25.2% | epoch: 1 | remaining: 22s    
step 01924 (92.7%) | loss: 2.900399 | lrm: 0.15 | dt: 145ms | tok/sec: 901,171 | mfu: 25.2% | epoch: 1 | remaining: 22s    
step 01925 (92.7%) | loss: 2.898183 | lrm: 0.15 | dt: 145ms | tok/sec: 900,984 | mfu: 25.2% | epoch: 1 | remaining: 22s    
step 01926 (92.8%) | loss: 2.898964 | lrm: 0.14 | dt: 145ms | tok/sec: 900,869 | mfu: 25.2% | epoch: 1 | remaining: 22s    
step 01927 (92.8%) | loss: 2.899305 | lrm: 0.14 | dt: 146ms | tok/sec: 900,660 | mfu: 25.2% | epoch: 1 | remaining: 21s    
step 01928 (92.9%) | loss: 2.902698 | lrm: 0.14 | dt: 145ms | tok/sec: 900,891 | mfu: 25.2% | epoch: 1 | remaining: 21s    
step 01929 (92.9%) | loss: 2.895697 | lrm: 0.14 | dt: 146ms | tok/sec: 900,776 | mfu: 25.2% | epoch: 1 | remaining: 21s    
step 01930 (93.0%) | loss: 2.896406 | lrm: 0.14 | dt: 145ms | tok/sec: 900,863 | mfu: 25.2% | epoch: 1 | remaining: 21s    
step 01931 (93.0%) | loss: 2.894619 | lrm: 0.14 | dt: 145ms | tok/sec: 901,159 | mfu: 25.2% | epoch: 1 | remaining: 21s    
step 01932 (93.0%) | loss: 2.889977 | lrm: 0.14 | dt: 146ms | tok/sec: 900,708 | mfu: 25.2% | epoch: 1 | remaining: 21s    
step 01933 (93.1%) | loss: 2.895453 | lrm: 0.14 | dt: 145ms | tok/sec: 901,032 | mfu: 25.2% | epoch: 1 | remaining: 21s    
step 01934 (93.1%) | loss: 2.898186 | lrm: 0.14 | dt: 146ms | tok/sec: 900,801 | mfu: 25.2% | epoch: 1 | remaining: 20s    
step 01935 (93.2%) | loss: 2.898132 | lrm: 0.14 | dt: 145ms | tok/sec: 900,852 | mfu: 25.2% | epoch: 1 | remaining: 20s    
step 01936 (93.2%) | loss: 2.896634 | lrm: 0.14 | dt: 146ms | tok/sec: 900,695 | mfu: 25.2% | epoch: 1 | remaining: 20s    
step 01937 (93.3%) | loss: 2.892089 | lrm: 0.13 | dt: 146ms | tok/sec: 900,371 | mfu: 25.2% | epoch: 1 | remaining: 20s    
step 01938 (93.3%) | loss: 2.896338 | lrm: 0.13 | dt: 145ms | tok/sec: 900,881 | mfu: 25.2% | epoch: 1 | remaining: 20s    
step 01939 (93.4%) | loss: 2.890307 | lrm: 0.13 | dt: 146ms | tok/sec: 900,825 | mfu: 25.2% | epoch: 1 | remaining: 20s    
step 01940 (93.4%) | loss: 2.885748 | lrm: 0.13 | dt: 146ms | tok/sec: 900,770 | mfu: 25.2% | epoch: 1 | remaining: 20s    
step 01941 (93.5%) | loss: 2.884798 | lrm: 0.13 | dt: 145ms | tok/sec: 900,961 | mfu: 25.2% | epoch: 1 | remaining: 19s    
step 01942 (93.5%) | loss: 2.881907 | lrm: 0.13 | dt: 145ms | tok/sec: 900,955 | mfu: 25.2% | epoch: 1 | remaining: 19s    
step 01943 (93.6%) | loss: 2.881656 | lrm: 0.13 | dt: 146ms | tok/sec: 900,582 | mfu: 25.2% | epoch: 1 | remaining: 19s    
step 01944 (93.6%) | loss: 2.879509 | lrm: 0.13 | dt: 146ms | tok/sec: 900,691 | mfu: 25.2% | epoch: 1 | remaining: 19s    
step 01945 (93.7%) | loss: 2.870877 | lrm: 0.13 | dt: 146ms | tok/sec: 900,800 | mfu: 25.2% | epoch: 1 | remaining: 19s    
step 01946 (93.7%) | loss: 2.869299 | lrm: 0.13 | dt: 145ms | tok/sec: 901,002 | mfu: 25.2% | epoch: 1 | remaining: 19s    
step 01947 (93.8%) | loss: 2.870760 | lrm: 0.12 | dt: 146ms | tok/sec: 900,698 | mfu: 25.2% | epoch: 1 | remaining: 19s    
step 01948 (93.8%) | loss: 2.873799 | lrm: 0.12 | dt: 145ms | tok/sec: 900,971 | mfu: 25.2% | epoch: 1 | remaining: 18s    
step 01949 (93.9%) | loss: 2.868176 | lrm: 0.12 | dt: 146ms | tok/sec: 900,824 | mfu: 25.2% | epoch: 1 | remaining: 18s    
step 01950 (93.9%) | loss: 2.869733 | lrm: 0.12 | dt: 146ms | tok/sec: 900,767 | mfu: 25.2% | epoch: 1 | remaining: 18s    
step 01951 (94.0%) | loss: 2.867726 | lrm: 0.12 | dt: 145ms | tok/sec: 900,942 | mfu: 25.2% | epoch: 1 | remaining: 18s    
step 01952 (94.0%) | loss: 2.865176 | lrm: 0.12 | dt: 146ms | tok/sec: 900,344 | mfu: 25.2% | epoch: 1 | remaining: 18s    
step 01953 (94.1%) | loss: 2.865531 | lrm: 0.12 | dt: 145ms | tok/sec: 900,987 | mfu: 25.2% | epoch: 1 | remaining: 18s    
step 01954 (94.1%) | loss: 2.865764 | lrm: 0.12 | dt: 146ms | tok/sec: 900,604 | mfu: 25.2% | epoch: 1 | remaining: 18s    
step 01955 (94.2%) | loss: 2.869060 | lrm: 0.12 | dt: 146ms | tok/sec: 900,475 | mfu: 25.2% | epoch: 1 | remaining: 17s    
step 01956 (94.2%) | loss: 2.867310 | lrm: 0.12 | dt: 146ms | tok/sec: 900,409 | mfu: 25.2% | epoch: 1 | remaining: 17s    
step 01957 (94.3%) | loss: 2.866151 | lrm: 0.11 | dt: 146ms | tok/sec: 898,743 | mfu: 25.1% | epoch: 1 | remaining: 17s    
step 01958 (94.3%) | loss: 2.868542 | lrm: 0.11 | dt: 146ms | tok/sec: 900,278 | mfu: 25.2% | epoch: 1 | remaining: 17s    
step 01959 (94.4%) | loss: 2.867252 | lrm: 0.11 | dt: 146ms | tok/sec: 900,770 | mfu: 25.2% | epoch: 1 | remaining: 17s    
step 01960 (94.4%) | loss: 2.866981 | lrm: 0.11 | dt: 146ms | tok/sec: 900,552 | mfu: 25.2% | epoch: 1 | remaining: 17s    
step 01961 (94.5%) | loss: 2.862745 | lrm: 0.11 | dt: 146ms | tok/sec: 899,741 | mfu: 25.2% | epoch: 1 | remaining: 16s    
step 01962 (94.5%) | loss: 2.862379 | lrm: 0.11 | dt: 146ms | tok/sec: 898,725 | mfu: 25.1% | epoch: 1 | remaining: 16s    
step 01963 (94.6%) | loss: 2.868826 | lrm: 0.11 | dt: 146ms | tok/sec: 900,045 | mfu: 25.2% | epoch: 1 | remaining: 16s    
step 01964 (94.6%) | loss: 2.870543 | lrm: 0.11 | dt: 146ms | tok/sec: 900,596 | mfu: 25.2% | epoch: 1 | remaining: 16s    
step 01965 (94.6%) | loss: 2.865200 | lrm: 0.11 | dt: 146ms | tok/sec: 899,954 | mfu: 25.2% | epoch: 1 | remaining: 16s    
step 01966 (94.7%) | loss: 2.863942 | lrm: 0.11 | dt: 146ms | tok/sec: 900,399 | mfu: 25.2% | epoch: 1 | remaining: 16s    
step 01967 (94.7%) | loss: 2.865320 | lrm: 0.11 | dt: 146ms | tok/sec: 900,714 | mfu: 25.2% | epoch: 1 | remaining: 16s    
step 01968 (94.8%) | loss: 2.858618 | lrm: 0.10 | dt: 146ms | tok/sec: 900,480 | mfu: 25.2% | epoch: 1 | remaining: 15s    
step 01969 (94.8%) | loss: 2.862785 | lrm: 0.10 | dt: 145ms | tok/sec: 900,902 | mfu: 25.2% | epoch: 1 | remaining: 15s    
step 01970 (94.9%) | loss: 2.866523 | lrm: 0.10 | dt: 146ms | tok/sec: 900,713 | mfu: 25.2% | epoch: 1 | remaining: 15s    
step 01971 (94.9%) | loss: 2.879062 | lrm: 0.10 | dt: 146ms | tok/sec: 900,676 | mfu: 25.2% | epoch: 1 | remaining: 15s    
step 01972 (95.0%) | loss: 2.871429 | lrm: 0.10 | dt: 146ms | tok/sec: 900,728 | mfu: 25.2% | epoch: 1 | remaining: 15s    
step 01973 (95.0%) | loss: 2.875891 | lrm: 0.10 | dt: 146ms | tok/sec: 900,788 | mfu: 25.2% | epoch: 1 | remaining: 15s    
step 01974 (95.1%) | loss: 2.879552 | lrm: 0.10 | dt: 146ms | tok/sec: 900,556 | mfu: 25.2% | epoch: 1 | remaining: 15s    
step 01975 (95.1%) | loss: 2.888708 | lrm: 0.10 | dt: 146ms | tok/sec: 900,627 | mfu: 25.2% | epoch: 1 | remaining: 14s    
step 01976 (95.2%) | loss: 2.889990 | lrm: 0.10 | dt: 145ms | tok/sec: 901,197 | mfu: 25.2% | epoch: 1 | remaining: 14s    
step 01977 (95.2%) | loss: 2.892573 | lrm: 0.10 | dt: 146ms | tok/sec: 900,521 | mfu: 25.2% | epoch: 1 | remaining: 14s    
step 01978 (95.3%) | loss: 2.893754 | lrm: 0.09 | dt: 146ms | tok/sec: 900,641 | mfu: 25.2% | epoch: 1 | remaining: 14s    
step 01979 (95.3%) | loss: 2.896109 | lrm: 0.09 | dt: 145ms | tok/sec: 901,083 | mfu: 25.2% | epoch: 1 | remaining: 14s    
step 01980 (95.4%) | loss: 2.889202 | lrm: 0.09 | dt: 145ms | tok/sec: 900,976 | mfu: 25.2% | epoch: 1 | remaining: 14s    
step 01981 (95.4%) | loss: 2.887523 | lrm: 0.09 | dt: 145ms | tok/sec: 901,076 | mfu: 25.2% | epoch: 1 | remaining: 14s    
step 01982 (95.5%) | loss: 2.888757 | lrm: 0.09 | dt: 146ms | tok/sec: 900,648 | mfu: 25.2% | epoch: 1 | remaining: 13s    
step 01983 (95.5%) | loss: 2.886243 | lrm: 0.09 | dt: 146ms | tok/sec: 900,601 | mfu: 25.2% | epoch: 1 | remaining: 13s    
step 01984 (95.6%) | loss: 2.886328 | lrm: 0.09 | dt: 146ms | tok/sec: 900,521 | mfu: 25.2% | epoch: 1 | remaining: 13s    
step 01985 (95.6%) | loss: 2.878654 | lrm: 0.09 | dt: 146ms | tok/sec: 900,425 | mfu: 25.2% | epoch: 1 | remaining: 13s    
step 01986 (95.7%) | loss: 2.873561 | lrm: 0.09 | dt: 146ms | tok/sec: 900,779 | mfu: 25.2% | epoch: 1 | remaining: 13s    
step 01987 (95.7%) | loss: 2.880196 | lrm: 0.09 | dt: 146ms | tok/sec: 900,775 | mfu: 25.2% | epoch: 1 | remaining: 13s    
step 01988 (95.8%) | loss: 2.878046 | lrm: 0.08 | dt: 146ms | tok/sec: 900,272 | mfu: 25.2% | epoch: 1 | remaining: 13s    
step 01989 (95.8%) | loss: 2.882543 | lrm: 0.08 | dt: 146ms | tok/sec: 900,716 | mfu: 25.2% | epoch: 1 | remaining: 12s    
step 01990 (95.9%) | loss: 2.888286 | lrm: 0.08 | dt: 145ms | tok/sec: 900,924 | mfu: 25.2% | epoch: 1 | remaining: 12s    
step 01991 (95.9%) | loss: 2.883454 | lrm: 0.08 | dt: 146ms | tok/sec: 900,263 | mfu: 25.2% | epoch: 1 | remaining: 12s    
step 01992 (96.0%) | loss: 2.878972 | lrm: 0.08 | dt: 146ms | tok/sec: 900,757 | mfu: 25.2% | epoch: 1 | remaining: 12s    
step 01993 (96.0%) | loss: 2.884840 | lrm: 0.08 | dt: 146ms | tok/sec: 900,716 | mfu: 25.2% | epoch: 1 | remaining: 12s    
step 01994 (96.1%) | loss: 2.884252 | lrm: 0.08 | dt: 146ms | tok/sec: 900,723 | mfu: 25.2% | epoch: 1 | remaining: 12s    
step 01995 (96.1%) | loss: 2.882587 | lrm: 0.08 | dt: 146ms | tok/sec: 900,815 | mfu: 25.2% | epoch: 1 | remaining: 12s    
step 01996 (96.2%) | loss: 2.888872 | lrm: 0.08 | dt: 145ms | tok/sec: 900,982 | mfu: 25.2% | epoch: 1 | remaining: 11s    
step 01997 (96.2%) | loss: 2.881193 | lrm: 0.08 | dt: 145ms | tok/sec: 900,996 | mfu: 25.2% | epoch: 1 | remaining: 11s    
step 01998 (96.3%) | loss: 2.886694 | lrm: 0.07 | dt: 146ms | tok/sec: 900,773 | mfu: 25.2% | epoch: 1 | remaining: 11s    
step 01999 (96.3%) | loss: 2.889119 | lrm: 0.07 | dt: 146ms | tok/sec: 900,723 | mfu: 25.2% | epoch: 1 | remaining: 11s    
step 02000 (96.3%) | loss: 2.887590 | lrm: 0.07 | dt: 146ms | tok/sec: 900,700 | mfu: 25.2% | epoch: 1 | remaining: 11s    
step 02001 (96.4%) | loss: 2.885824 | lrm: 0.07 | dt: 146ms | tok/sec: 900,537 | mfu: 25.2% | epoch: 1 | remaining: 11s    
step 02002 (96.4%) | loss: 2.896190 | lrm: 0.07 | dt: 145ms | tok/sec: 901,004 | mfu: 25.2% | epoch: 1 | remaining: 11s    
step 02003 (96.5%) | loss: 2.896024 | lrm: 0.07 | dt: 145ms | tok/sec: 901,083 | mfu: 25.2% | epoch: 1 | remaining: 10s    
step 02004 (96.5%) | loss: 2.893011 | lrm: 0.07 | dt: 145ms | tok/sec: 901,103 | mfu: 25.2% | epoch: 1 | remaining: 10s    
step 02005 (96.6%) | loss: 2.894918 | lrm: 0.07 | dt: 146ms | tok/sec: 900,667 | mfu: 25.2% | epoch: 1 | remaining: 10s    
step 02006 (96.6%) | loss: 2.884390 | lrm: 0.07 | dt: 145ms | tok/sec: 901,128 | mfu: 25.2% | epoch: 1 | remaining: 10s    
step 02007 (96.7%) | loss: 2.885707 | lrm: 0.07 | dt: 145ms | tok/sec: 901,103 | mfu: 25.2% | epoch: 1 | remaining: 10s    
step 02008 (96.7%) | loss: 2.880785 | lrm: 0.07 | dt: 145ms | tok/sec: 901,165 | mfu: 25.2% | epoch: 1 | remaining: 10s    
step 02009 (96.8%) | loss: 2.879674 | lrm: 0.06 | dt: 146ms | tok/sec: 900,793 | mfu: 25.2% | epoch: 1 | remaining: 10s    
step 02010 (96.8%) | loss: 2.873298 | lrm: 0.06 | dt: 145ms | tok/sec: 900,875 | mfu: 25.2% | epoch: 1 | remaining: 9s    
step 02011 (96.9%) | loss: 2.877239 | lrm: 0.06 | dt: 145ms | tok/sec: 901,367 | mfu: 25.2% | epoch: 1 | remaining: 9s    
step 02012 (96.9%) | loss: 2.878640 | lrm: 0.06 | dt: 145ms | tok/sec: 901,024 | mfu: 25.2% | epoch: 1 | remaining: 9s    
step 02013 (97.0%) | loss: 2.877737 | lrm: 0.06 | dt: 146ms | tok/sec: 900,579 | mfu: 25.2% | epoch: 1 | remaining: 9s    
step 02014 (97.0%) | loss: 2.881080 | lrm: 0.06 | dt: 145ms | tok/sec: 900,974 | mfu: 25.2% | epoch: 1 | remaining: 9s    
step 02015 (97.1%) | loss: 2.882754 | lrm: 0.06 | dt: 145ms | tok/sec: 900,982 | mfu: 25.2% | epoch: 1 | remaining: 9s    
step 02016 (97.1%) | loss: 2.874680 | lrm: 0.06 | dt: 145ms | tok/sec: 901,169 | mfu: 25.2% | epoch: 1 | remaining: 8s    
step 02017 (97.2%) | loss: 2.866780 | lrm: 0.06 | dt: 145ms | tok/sec: 901,010 | mfu: 25.2% | epoch: 1 | remaining: 8s    
step 02018 (97.2%) | loss: 2.869117 | lrm: 0.06 | dt: 146ms | tok/sec: 900,360 | mfu: 25.2% | epoch: 1 | remaining: 8s    
step 02019 (97.3%) | loss: 2.866883 | lrm: 0.05 | dt: 146ms | tok/sec: 899,332 | mfu: 25.2% | epoch: 1 | remaining: 8s    
step 02020 (97.3%) | loss: 2.865083 | lrm: 0.05 | dt: 145ms | tok/sec: 901,237 | mfu: 25.2% | epoch: 1 | remaining: 8s    
step 02021 (97.4%) | loss: 2.870919 | lrm: 0.05 | dt: 145ms | tok/sec: 901,070 | mfu: 25.2% | epoch: 1 | remaining: 8s    
step 02022 (97.4%) | loss: 2.870557 | lrm: 0.05 | dt: 145ms | tok/sec: 901,128 | mfu: 25.2% | epoch: 1 | remaining: 8s    
step 02023 (97.5%) | loss: 2.869271 | lrm: 0.05 | dt: 145ms | tok/sec: 901,035 | mfu: 25.2% | epoch: 1 | remaining: 7s    
step 02024 (97.5%) | loss: 2.870937 | lrm: 0.05 | dt: 145ms | tok/sec: 901,153 | mfu: 25.2% | epoch: 1 | remaining: 7s    
step 02025 (97.6%) | loss: 2.875350 | lrm: 0.05 | dt: 145ms | tok/sec: 900,945 | mfu: 25.2% | epoch: 1 | remaining: 7s    
step 02026 (97.6%) | loss: 2.873126 | lrm: 0.05 | dt: 146ms | tok/sec: 900,294 | mfu: 25.2% | epoch: 1 | remaining: 7s    
step 02027 (97.7%) | loss: 2.875150 | lrm: 0.05 | dt: 146ms | tok/sec: 900,508 | mfu: 25.2% | epoch: 1 | remaining: 7s    
step 02028 (97.7%) | loss: 2.879652 | lrm: 0.05 | dt: 146ms | tok/sec: 899,931 | mfu: 25.2% | epoch: 1 | remaining: 7s    
step 02029 (97.8%) | loss: 2.873829 | lrm: 0.04 | dt: 146ms | tok/sec: 900,399 | mfu: 25.2% | epoch: 1 | remaining: 7s    
step 02030 (97.8%) | loss: 2.874426 | lrm: 0.04 | dt: 146ms | tok/sec: 900,343 | mfu: 25.2% | epoch: 1 | remaining: 6s    
step 02031 (97.9%) | loss: 2.882095 | lrm: 0.04 | dt: 146ms | tok/sec: 900,624 | mfu: 25.2% | epoch: 1 | remaining: 6s    
step 02032 (97.9%) | loss: 2.877438 | lrm: 0.04 | dt: 146ms | tok/sec: 900,175 | mfu: 25.2% | epoch: 1 | remaining: 6s    
step 02033 (97.9%) | loss: 2.882063 | lrm: 0.04 | dt: 146ms | tok/sec: 900,275 | mfu: 25.2% | epoch: 1 | remaining: 6s    
step 02034 (98.0%) | loss: 2.885750 | lrm: 0.04 | dt: 146ms | tok/sec: 900,627 | mfu: 25.2% | epoch: 1 | remaining: 6s    
step 02035 (98.0%) | loss: 2.883973 | lrm: 0.04 | dt: 146ms | tok/sec: 900,270 | mfu: 25.2% | epoch: 1 | remaining: 6s    
step 02036 (98.1%) | loss: 2.888158 | lrm: 0.04 | dt: 146ms | tok/sec: 900,256 | mfu: 25.2% | epoch: 1 | remaining: 6s    
step 02037 (98.1%) | loss: 2.880569 | lrm: 0.04 | dt: 146ms | tok/sec: 899,986 | mfu: 25.2% | epoch: 1 | remaining: 5s    
step 02038 (98.2%) | loss: 2.874554 | lrm: 0.04 | dt: 146ms | tok/sec: 900,528 | mfu: 25.2% | epoch: 1 | remaining: 5s    
step 02039 (98.2%) | loss: 2.874334 | lrm: 0.04 | dt: 146ms | tok/sec: 900,245 | mfu: 25.2% | epoch: 1 | remaining: 5s    
step 02040 (98.3%) | loss: 2.867912 | lrm: 0.03 | dt: 146ms | tok/sec: 899,982 | mfu: 25.2% | epoch: 1 | remaining: 5s    
step 02041 (98.3%) | loss: 2.872963 | lrm: 0.03 | dt: 146ms | tok/sec: 900,114 | mfu: 25.2% | epoch: 1 | remaining: 5s    
step 02042 (98.4%) | loss: 2.878589 | lrm: 0.03 | dt: 146ms | tok/sec: 900,091 | mfu: 25.2% | epoch: 1 | remaining: 5s    
step 02043 (98.4%) | loss: 2.875708 | lrm: 0.03 | dt: 146ms | tok/sec: 900,281 | mfu: 25.2% | epoch: 1 | remaining: 5s    
step 02044 (98.5%) | loss: 2.871704 | lrm: 0.03 | dt: 146ms | tok/sec: 900,186 | mfu: 25.2% | epoch: 1 | remaining: 4s    
step 02045 (98.5%) | loss: 2.867337 | lrm: 0.03 | dt: 146ms | tok/sec: 900,527 | mfu: 25.2% | epoch: 1 | remaining: 4s    
step 02046 (98.6%) | loss: 2.865550 | lrm: 0.03 | dt: 146ms | tok/sec: 900,183 | mfu: 25.2% | epoch: 1 | remaining: 4s    
step 02047 (98.6%) | loss: 2.861614 | lrm: 0.03 | dt: 146ms | tok/sec: 900,582 | mfu: 25.2% | epoch: 1 | remaining: 4s    
step 02048 (98.7%) | loss: 2.856109 | lrm: 0.03 | dt: 145ms | tok/sec: 901,525 | mfu: 25.2% | epoch: 1 | remaining: 4s    
step 02049 (98.7%) | loss: 2.862114 | lrm: 0.03 | dt: 145ms | tok/sec: 901,252 | mfu: 25.2% | epoch: 1 | remaining: 4s    
step 02050 (98.8%) | loss: 2.868556 | lrm: 0.02 | dt: 145ms | tok/sec: 901,190 | mfu: 25.2% | epoch: 1 | remaining: 4s    
step 02051 (98.8%) | loss: 2.871558 | lrm: 0.02 | dt: 145ms | tok/sec: 901,221 | mfu: 25.2% | epoch: 1 | remaining: 3s    
step 02052 (98.9%) | loss: 2.867566 | lrm: 0.02 | dt: 145ms | tok/sec: 901,515 | mfu: 25.2% | epoch: 1 | remaining: 3s    
step 02053 (98.9%) | loss: 2.868780 | lrm: 0.02 | dt: 145ms | tok/sec: 900,989 | mfu: 25.2% | epoch: 1 | remaining: 3s    
step 02054 (99.0%) | loss: 2.861443 | lrm: 0.02 | dt: 146ms | tok/sec: 900,705 | mfu: 25.2% | epoch: 1 | remaining: 3s    
step 02055 (99.0%) | loss: 2.863802 | lrm: 0.02 | dt: 145ms | tok/sec: 901,240 | mfu: 25.2% | epoch: 1 | remaining: 3s    
step 02056 (99.1%) | loss: 2.867505 | lrm: 0.02 | dt: 145ms | tok/sec: 901,312 | mfu: 25.2% | epoch: 1 | remaining: 3s    
step 02057 (99.1%) | loss: 2.862651 | lrm: 0.02 | dt: 145ms | tok/sec: 901,484 | mfu: 25.2% | epoch: 1 | remaining: 3s    
step 02058 (99.2%) | loss: 2.859498 | lrm: 0.02 | dt: 145ms | tok/sec: 901,246 | mfu: 25.2% | epoch: 1 | remaining: 2s    
step 02059 (99.2%) | loss: 2.860094 | lrm: 0.02 | dt: 145ms | tok/sec: 901,318 | mfu: 25.2% | epoch: 1 | remaining: 2s    
step 02060 (99.3%) | loss: 2.867963 | lrm: 0.01 | dt: 145ms | tok/sec: 901,061 | mfu: 25.2% | epoch: 1 | remaining: 2s    
step 02061 (99.3%) | loss: 2.870447 | lrm: 0.01 | dt: 145ms | tok/sec: 901,196 | mfu: 25.2% | epoch: 1 | remaining: 2s    
step 02062 (99.4%) | loss: 2.871832 | lrm: 0.01 | dt: 145ms | tok/sec: 901,095 | mfu: 25.2% | epoch: 1 | remaining: 2s    
step 02063 (99.4%) | loss: 2.872219 | lrm: 0.01 | dt: 146ms | tok/sec: 900,751 | mfu: 25.2% | epoch: 1 | remaining: 2s    
step 02064 (99.5%) | loss: 2.875187 | lrm: 0.01 | dt: 145ms | tok/sec: 901,008 | mfu: 25.2% | epoch: 1 | remaining: 2s    
step 02065 (99.5%) | loss: 2.876477 | lrm: 0.01 | dt: 146ms | tok/sec: 900,793 | mfu: 25.2% | epoch: 1 | remaining: 1s    
step 02066 (99.5%) | loss: 2.875291 | lrm: 0.01 | dt: 145ms | tok/sec: 901,016 | mfu: 25.2% | epoch: 1 | remaining: 1s    
step 02067 (99.6%) | loss: 2.884382 | lrm: 0.01 | dt: 145ms | tok/sec: 901,377 | mfu: 25.2% | epoch: 1 | remaining: 1s    
step 02068 (99.6%) | loss: 2.881899 | lrm: 0.01 | dt: 145ms | tok/sec: 901,021 | mfu: 25.2% | epoch: 1 | remaining: 1s    
step 02069 (99.7%) | loss: 2.878453 | lrm: 0.01 | dt: 145ms | tok/sec: 901,289 | mfu: 25.2% | epoch: 1 | remaining: 1s    
step 02070 (99.7%) | loss: 2.881408 | lrm: 0.01 | dt: 145ms | tok/sec: 901,089 | mfu: 25.2% | epoch: 1 | remaining: 1s    
step 02071 (99.8%) | loss: 2.886436 | lrm: 0.00 | dt: 145ms | tok/sec: 900,917 | mfu: 25.2% | epoch: 1 | remaining: 0s    
step 02072 (99.8%) | loss: 2.888030 | lrm: 0.00 | dt: 145ms | tok/sec: 901,041 | mfu: 25.2% | epoch: 1 | remaining: 0s    
step 02073 (99.9%) | loss: 2.880048 | lrm: 0.00 | dt: 145ms | tok/sec: 901,191 | mfu: 25.2% | epoch: 1 | remaining: 0s    
step 02074 (99.9%) | loss: 2.883339 | lrm: 0.00 | dt: 145ms | tok/sec: 901,163 | mfu: 25.2% | epoch: 1 | remaining: 0s    
step 02075 (100.0%) | loss: 2.880473 | lrm: 0.00 | dt: 145ms | tok/sec: 901,536 | mfu: 25.2% | epoch: 1 | remaining: 0s    Autotune Choices Stats:
{"num_choices": 13, "num_triton_choices": 12, "best_kernel": "triton_bmm_2496", "best_kernel_desc": "ACC_TYPE='tl.float32', ALLOW_TF32=True, BLOCK_K=32, BLOCK_M=128, BLOCK_N=16, EVEN_K=True, GROUP_M=8, USE_FAST_ACCUM=False, num_stages=3, num_warps=4", "best_time": 0.017983999103307724, "best_triton_pos": 0}
AUTOTUNE bmm(64x2048x32, 64x32x4)
strides: [1048576, 512, 1], [0, 1, 32]
dtypes: torch.bfloat16, torch.bfloat16
  triton_bmm_2496 0.0180 ms 100.0% ACC_TYPE='tl.float32', ALLOW_TF32=True, BLOCK_K=32, BLOCK_M=128, BLOCK_N=16, EVEN_K=True, GROUP_M=8, USE_FAST_ACCUM=False, num_stages=3, num_warps=4
  triton_bmm_2491 0.0180 ms 99.6% ACC_TYPE='tl.float32', ALLOW_TF32=True, BLOCK_K=32, BLOCK_M=64, BLOCK_N=16, EVEN_K=True, GROUP_M=8, USE_FAST_ACCUM=False, num_stages=5, num_warps=4
  triton_bmm_2493 0.0184 ms 97.9% ACC_TYPE='tl.float32', ALLOW_TF32=True, BLOCK_K=32, BLOCK_M=64, BLOCK_N=16, EVEN_K=True, GROUP_M=8, USE_FAST_ACCUM=False, num_stages=2, num_warps=4
  triton_bmm_2494 0.0184 ms 97.7% ACC_TYPE='tl.float32', ALLOW_TF32=True, BLOCK_K=32, BLOCK_M=64, BLOCK_N=16, EVEN_K=True, GROUP_M=8, USE_FAST_ACCUM=False, num_stages=3, num_warps=4
  triton_bmm_2489 0.0184 ms 97.6% ACC_TYPE='tl.float32', ALLOW_TF32=True, BLOCK_K=32, BLOCK_M=32, BLOCK_N=16, EVEN_K=True, GROUP_M=8, USE_FAST_ACCUM=False, num_stages=2, num_warps=2
  triton_bmm_2490 0.0184 ms 97.6% ACC_TYPE='tl.float32', ALLOW_TF32=True, BLOCK_K=32, BLOCK_M=32, BLOCK_N=16, EVEN_K=True, GROUP_M=8, USE_FAST_ACCUM=False, num_stages=5, num_warps=2
  triton_bmm_2495 0.0184 ms 97.6% ACC_TYPE='tl.float32', ALLOW_TF32=True, BLOCK_K=32, BLOCK_M=64, BLOCK_N=16, EVEN_K=True, GROUP_M=8, USE_FAST_ACCUM=False, num_stages=4, num_warps=4
  triton_bmm_2497 0.0184 ms 97.6% ACC_TYPE='tl.float32', ALLOW_TF32=True, BLOCK_K=32, BLOCK_M=128, BLOCK_N=16, EVEN_K=True, GROUP_M=8, USE_FAST_ACCUM=False, num_stages=4, num_warps=8
  triton_bmm_2498 0.0184 ms 97.6% ACC_TYPE='tl.float32', ALLOW_TF32=True, BLOCK_K=32, BLOCK_M=128, BLOCK_N=16, EVEN_K=True, GROUP_M=8, USE_FAST_ACCUM=False, num_stages=2, num_warps=8
  triton_bmm_2499 0.0201 ms 89.3% ACC_TYPE='tl.float32', ALLOW_TF32=True, BLOCK_K=32, BLOCK_M=128, BLOCK_N=16, EVEN_K=True, GROUP_M=8, USE_FAST_ACCUM=False, num_stages=5, num_warps=8
SingleProcess AUTOTUNE benchmarking takes 0.2759 seconds and 0.0001 seconds precompiling for 13 choices

---
val_bpb:          1.024995
training_seconds: 300.1
total_seconds:    459.7
peak_vram_mb:     24750.3
mfu_percent:      25.24
total_tokens_M:   272.1
num_steps:        2076
num_params_M:     50.3
depth:            8
[W1004 06:18:49.057479696 CudaIPCTypes.cpp:16] Producer process has been terminated before all shared CUDA tensors released. See Note [Sharing CUDA tensors]
