id	level	parent	status	confidence	evidence	source	statement
H1	1		retired	0.60	E009-	search:https://github.com/abdullah-athar/iterate-futurebiohackers/pull/3	(SGD regime only) With SGD-Nesterov, A1a (airbench96-style, 8.5 full-res epochs) reaches >=75.3% with a thin margin (0.7549, 7.22 s). It sits at a local optimum of zero-cost hyperparameters: augmentation, LS and the LR floor gave no gain >=0.3 pp (E008, E009, E015). Width changes trade badly (E005, E017). The local slope is steep, ~1 pp/epoch. Accuracy slack therefore had to come from a better optimizer or from cheaper epochs, not from retuning SGD. This happened (Muon E019, resolution E006/E021). The 'no retuning' lesson does NOT carry over to Muon (E027: one Muon hyperparameter moved accuracy by 1.18 pp).
H1.1	2	H1	supported	0.70		search:https://raw.githubusercontent.com/abdullah-athar/iterate-futurebiohackers/main/cifar100-speedrun/submissions/futurebiohackers/submission.py	Reproducing the futurebiohackers submission's defaults on this machine (fp16 + channels_last, compile max-autotune warmed up in build on synthetic data, GPU-resident uint8 data, GPU-side augmentation) gives a feasible starting point: 3-seed accuracy 0.7549 at 7.22 s.
H1.1.1	3	H1.1	supported	0.65	E001+	search:https://github.com/abdullah-athar/iterate-futurebiohackers/pull/3	The futurebiohackers defaults (8.5 epochs, bs 1024, last block 576) give a 3-seed mean accuracy >=0.753 and time <=9.0 s on the A100-SXM4, with complete == True.
H1.2	2	H1	retired	0.05		search:https://arxiv.org/html/2404.00498v2	Dirac (identity) init of the 3-conv group convs, which the reference recipe apparently lacks, speeds up early optimization. The airbench paper reports it saves about 1.2 epochs on CIFAR-10.
H1.2.1	3	H1.2	retired	0.05		search:https://arxiv.org/html/2404.00498v2	Adding dirac init and cutting epochs from 8.5 to 7.5 keeps 3-seed accuracy >=0.753 and reduces time by >=8% compared with the A1a reproduction.
H1.3	2	H1	refuted	0.15		search:https://github.com/abdullah-athar/iterate-futurebiohackers/pull/3	Capacity in the last group (7x7/3x3 spatial) is cheap in FLOPs. Widening it lets the epoch count fall by more than the added per-epoch cost.
H1.3.1	3	H1.3	refuted	0.10	E005-	search:https://github.com/abdullah-athar/iterate-futurebiohackers/pull/3	Last block at 768 with 7.5 epochs gives accuracy >=0.753 and time at least 3% below the 8.5-epoch / 576 reproduction.
H1.4	2	H1	refuted	0.10		search:https://www.hiverge.ai/blog/cifar-speedrun	Brightness/contrast augmentation, a hiverge CIFAR-10 trick, regularizes CIFAR-100 well enough to allow fewer epochs at equal accuracy.
H1.4.1	3	H1.4	refuted	0.08	E007~ E008-	search:https://www.hiverge.ai/blog/cifar-speedrun	Adding per-batch brightness (+/-0.07 to 0.14) and contrast (+/-0.065 to 0.13) jitter on the GPU at 8.0 epochs keeps 3-seed accuracy >=0.753, while the same 8.0-epoch recipe without it (the run measuring the epoch slope) falls below 0.753.
H2	1		open	0.45		search:https://fulcrum.inc/2026/07/09/fable-cifar-speedrun.html	Per-epoch GPU work drives the score. Cost is FLOP-proportional for group-3 width (E117), depth (E123/E127/E130) and the late freeze. It is not FLOP-proportional for narrow group-2 widths (E080) or for pool and activation ops (E052, E023). FreezeOut's measured speedup exceeded its FLOP estimate by 1.3x (search), weak support for a byte term. Tip: E116/E119 code, ~4.26 s, population mean 0.7521. Yardstick (E128): pure cut ~0.054 pp per 1%, re-spend ~0.044 pp per 1%. Measured lever rates in pp per 1%: 85% freeze ~0.02 (banked); 85->80% ~0.06; 2/3/3 ~0.04; 3/3/2 ~0.08; group-2 freeze ~0.055; 16 px trim ~0.055-0.075; early bs 2048 ~0.2; late bs 1536 ~0.085. Live levers (untested): BN-eval in the frozen window (H2.20.6), group-3 width 512 (H2.19.2), a structural redesign of the 31x31 stage (earlier downsample or group-1 width; frontier node), lookahead removal (H9.2.2), activation under Muon (re-screen node), Muon-C (low). Closed: CUDA graphs, Inductor tuning, cuDNN settings, prepare, group-2 width, depth cuts, batch-size levers in every phase, freeze earlier than 85%, the 28 px substitution, phase trims, the group-2 freeze, the freeze anneal.
H2.1	2	H2	supported	0.70	E021+	search:https://fulcrum.inc/2026/07/09/fable-cifar-speedrun.html	Progressive resizing makes early epochs much cheaper at little final-accuracy cost, provided the cheap phase uses efficient resolutions (24 px, or 16 px for the first ~2 epochs) rather than 26-28 px. The low-res operator (E016) and final-map geometry (E014) are second-order. Operator: flip + translate-2 at 32 px, then antialiased bilinear downsample, AdaptiveMaxPool2d(1); every shape is compiled and warmed up in build.
H2.1.1	3	H2.1	retired	0.30	E006~	search:https://fulcrum.inc/2026/07/09/fable-cifar-speedrun.html	A 24->28->32 px schedule, with at most +0.5 epochs to compensate, cuts time by >=5% compared with the best fixed-32 px recipe while keeping accuracy >=0.753.
H2.2	2	H2	refuted	0.15		search:https://github.com/hiverge/cifar10-speedrun	GELU is more expensive than SiLU or ReLU under compile/fp16, and swapping it costs no accuracy.
H2.2.1	3	H2.2	refuted	0.10	E003-	search:https://github.com/hiverge/cifar10-speedrun	Replacing GELU with SiLU at equal epochs reduces time by >=2% and changes 3-seed accuracy by no more than 0.2 pp.
H2.3	2	H2	refuted	0.08		search:https://raw.githubusercontent.com/KellerJordan/cifar10-airbench/master/airbench96_faster.py	Training only on high-loss examples, as in Selective Backprop / airbench96_faster, cuts backward compute. With 500 images per class and ~8 epochs, the cost of the proxy or forward pass may outweigh the gain.
H2.3.1	3	H2.3	refuted	0.08	E012-	search:https://arxiv.org/abs/1910.00762	After 2 full epochs, backpropagating only the top 60% by loss of each batch (losses taken from the main net's own forward pass) reduces time by >=5% with accuracy >=0.753.
H3	1		refuted	0.10		review	(SGD full-res regime) Fixed and per-step CPU/launch overhead (timed prepare, Python/kernel-launch overhead, separate optimizer kernels) is a measurable share of the ~7 s SGD run, and removing it cuts time without touching accuracy.
H3.1	2	H3	refuted	0.08		search:https://fulcrum.inc/2026/07/09/fable-cifar-speedrun.html	Compiling the whole train step (forward, backward and a fused optimizer) or capturing it in CUDA graphs removes launch overhead at bs 1024.
H3.1.1	3	H3.1	refuted	0.08	E011-	search:https://github.com/hiverge/cifar10-speedrun	A fused/foreach optimizer plus a CUDA-graphed or fully compiled step reduces time by >=2% compared with the reproduction, with accuracy within 0.2 pp.
H3.2	2	H3	refuted	0.10		search:https://github.com/AIDDA-Institute/CIFAR-100-speedrun	Prepare (uint8 upload, normalization, whitening init on 5000 images) takes a non-trivial share of timed time and can be shrunk, e.g. fewer whitening images or fused normalization on the GPU.
H3.2.1	3	H3.2	refuted	0.05	E004-	review	In the reproduction, prepare is >=3% of prepare+train time. Computing the whitening statistics on 1000-2000 images instead of 5000 cuts prepare by >=30% with accuracy within 0.2 pp.
H3.3	2	H3	refuted	0.08		search:https://github.com/KellerJordan/cifar10-airbench/blob/master/airbench94_muon.py	A larger batch (2000) halves the step count and per-step overhead and raises GPU utilization. LR, wd and momentum need retuning to keep accuracy.
H3.3.1	3	H3.3	refuted	0.05	E010-	search:https://github.com/KellerJordan/cifar10-airbench/blob/master/airbench94_muon.py	bs 2000 with LR scaled by the kilostep rule, at equal epochs, reduces time by >=3% while keeping accuracy >=0.753.
H4	1		supported	0.85	E028-	review	Accuracy noise sets the usable margin, and decisions near the gate select for luck. Single-component model (E113, one calibration pair): fp-level differences fully decorrelate a seed's trajectory. Per-trajectory sd ~0.26 pp, with no persistent seed component (paired sd 0.36 = sqrt(2) x 0.26). Expected sds: 3-seed scored mean ~0.15 pp; 100-seed mean ~0.026 pp; two-arm SE = 0.26*sqrt(1/nA+1/nB). Consequences: (1) 8-22-seed deltas of ~0.1 pp are noise (E104 vs E121). (2) Gate passes are population margin plus luck. The banked E116 code (population 0.7521) passes with p ≈ Phi((0.7521-0.753)/0.15) ≈ 27%. Its scored rows E116/E118/E119/E121/E122/E123*/E128 are 0.7501/0.7520/0.7531/0.7516/0.7505/0.7516/0.7533: 2 of 7 pass, mean 0.7517, consistent with the model. *E123's provenance is unresolved: its idea says it reran E090, but its time matches E116 (H4.2.4). (3) The official 40-seed mean has sd ~0.04 pp, so a population mean >= ~0.7513 clears 0.75 almost surely. (4) Margin is gone, so further accuracy-costing cuts must be funded. Open hint: E100's 5 distinct scored rows average 0.7543 vs its 0.7530 population (~2 SE), a possible recipe x seeds 0-2 offset (H4.9.1).
H4.1	2	H4	supported	0.75		search:https://github.com/abdullah-athar/iterate-futurebiohackers/pull/3	For the compiled SGD recipe (A1a), per-seed accuracy is bit-deterministic and run-to-run time variation is small (CV <=0.5%) once compile is warmed up in build. This does NOT hold for the compiled-Muon + progressive-resize tip (E028: per-seed differences of -0.27/+0.19/-0.59 pp on an identical rerun).
H4.1.1	3	H4.1	supported	0.85	E002+	review	Rerunning the identical A1a config gives bit-identical per-seed accuracy and a mean time within 2% of the first run.
H5	1		refuted	0.03	E020+ E024+ E027- E030~ E031-	search:https://github.com/abdullah-athar/iterate-futurebiohackers/pull/3	Swapping the optimizer (Muon on the conv filters, SGD for biases and head) does not reduce time-to-75% on CIFAR-100, despite its CIFAR-10 gains.
H5.1	2	H5	refuted	0.04		search:https://github.com/abdullah-athar/iterate-futurebiohackers/pull/3	On CIFAR-100, Muon's orthogonalized updates give no sample-efficiency gain over well-tuned high-LR SGD-Nesterov at the airbench96 widths, and the Newton-Schulz steps add per-step cost.
H5.1.1	3	H5.1	refuted	0.04	E019-	search:https://github.com/KellerJordan/cifar10-airbench/blob/master/airbench94_muon.py	Muon (lr ~0.24, momentum 0.6, 3 NS steps) on the conv filters, at the same epochs as the reproduction, gives accuracy no higher than SGD +0.2 pp and time no lower than SGD -2%.
H1.5	2	H1	supported	0.60		review	The full-res accuracy-vs-epochs curve near A1a is steep below 8.5 epochs (E007: -0.48 pp for -0.5 ep, ~0.95 pp/epoch, plausibly 0.4-1.5 pp given ~0.25 pp SE) and flatter above 8.5 (reference ablation: 9 ep 75.6% vs 8.5 ep 75.5%). A full-res epoch costs ~0.85 s (~11.8% of time), so cutting full-res epochs costs ~0.08 pp per 1% of time. Every time-saving trade-off must beat this rate.
H1.5.1	3	H1.5	supported	0.70		review	Unmodified A1a at 8.0 epochs (LR/EMA schedules rescaled to the step count) gives time 6.75-6.85 s and 3-seed accuracy 0.749-0.754, i.e. a loss of <=0.6 pp per 0.5 epoch removed.
H2.4	2	H2	supported	0.60	E060+	results	Phase-dependent bottleneck. 32 px (cap 94-100% of the time) and 24 px (cap 84%) are energy-bound, so time tracks fwd/bwd energy and memory traffic. 16 px is not at the cap (282 W) but is 98% GPU-busy (E052), so it is bound by low-occupancy kernels and per-step GPU work. Per-step optimizer work costs time at every resolution. It shows up as idle-free GPU work at 16 px (~2 ms per removed step, E038) and as energy at 32 px (E084: +~65 steps at 32 px cost +0.11 s, ~1.7 ms/step). Per-step savings in the 32 px phase (lookahead, renorm, Muon momentum traffic) are therefore live levers. FLOP and byte levers transfer best to the 300 W PCIe judge.
H2.4.1	3	H2.4	refuted	0.30	E045+	review	NVML sampling at >=10 Hz during an untimed run of the E026 tip shows board power >=95% of the 400 W cap for >=80% of the 32 px phase. During the 16 px and 24 px phases power stays below 90% of the cap for >=30% of the time, i.e. those phases are launch- or per-step-bound. Observational only; no sleeps or idle gaps added.
H2.5	2	H2	refuted	0.12		search:https://github.com/mosaicml/composer/blob/v0.2.4/docs/source/method_cards/progressive_resizing_vision.md	Most of E006's -0.69 pp came from the degenerate 2x2 final map at 24 px (24->23->11->5->2, vs 3x3 at 26-32 px); raising the low-res stage to >=26 px recovers most of the loss. (The original random-resized-crop half is retired as moot: E006 never used random-resized crop.)
H2.5.1	3	H2.5	refuted	0.10	E014-	search:https://raw.githubusercontent.com/abdullah-athar/iterate-futurebiohackers/main/cifar100-speedrun/submissions/futurebiohackers/submission.py	E006's 9.0-epoch schedule with 26 px instead of 24 px for the first phase, flip + translate-2 at 32 px followed by antialiased downsample (no random-resized crop), gives 3-seed accuracy >=0.752 (>= +0.4 pp over E006) at time <=6.3 s.
H2.5.2	3	H2.5	inconclusive	0.25	E016~	search:https://github.com/mosaicml/composer/blob/v0.2.4/docs/source/method_cards/progressive_resizing_vision.md	With the same 26->28->32 schedule, crop mode (random 26/28 px crops of the flipped/translated 32 px image, no rescaling) gives >=0.3 pp higher 3-seed accuracy than antialiased-resize mode at equal time (+/-1%).
H2.1.2	3	H2.1	refuted	0.12	E013-	search:https://arxiv.org/html/2405.08768v1	A 9.0-epoch schedule with 26 px for 0-30%, 28 px for 30-60% and 32 px for the last 40% (EfficientTrain++-style long full-res tail), with flip + translate and antialiased downsample, gives 3-seed accuracy >=0.755 and time <=6.7 s (>=7% below A1a's 7.22 s).
H2.1.3	3	H2.1	retired	0.50		review	In the tip code (E026 lineage), the flip/translate/resize augmentation RNG comes from the trial seed and is reset in prepare. A logged hash of the first batch's augmentation parameters differs across seeds 0-2, and repeating seed 0 reproduces it. E006's 0.02 pp per-seed spread was chance.
H2.6	2	H2	refuted	0.10		review	Conv FLOPs at 32 px are concentrated in group 2 (~48%: conv1 at 15x15 128->384 plus conv2/3 at 7x7 384->384), then group 3 (~32%) and group 1 (~20%) (estimate from the reference's shapes). Narrowing group 2 is the largest width lever (384->320 cuts ~15% of FLOPs); narrowing group 1 (128->96) saves only ~7%. The reference ablations show capacity is costly to remove on CIFAR-100, so the cut must be paired with the extra epochs it buys.
H2.6.1	3	H2.6	refuted	0.06	E017-	review	At 8.5 full-res epochs, group 2 width 384->320 cuts time by >=8% with a 3-seed accuracy loss <=0.4 pp versus A1a, i.e. a better exchange rate than cutting epochs (0.08 pp per 1%).
H6	1		retired	0.10		review	Zero-time-cost accuracy levers on the current architecture and schedule. Scalar knobs are exhausted: Muon floor, warmup in both directions, head lr 0.4x, head wd, MaxSup, LS 0.2, the bias freeze earlier (E093) and at 20% (E061), lookahead removal (E092), and EMA window/LAWA with BN buffers copied from the net (E081, E083). The one remaining candidate with external support is end-of-run averaging that keeps the BN buffers consistent with the averaged weights (H6.5.4; search 2411.18704: BN, not the parameters, breaks long-window EMA). Phase-local Muon lr is under H10, and filter Muon lr under H7. Retire H6 if H6.5.4 fails.
H6.1	2	H6	refuted	0.12		search:https://arxiv.org/pdf/1905.04753	Budgeted-training results favor LR decaying to zero at the end of a fixed budget. The reference decays only to 0.07x, which leaves end-of-budget gradient noise that hurts final accuracy.
H6.1.1	3	H6.1	refuted	0.10	E015-	search:https://raw.githubusercontent.com/KellerJordan/cifar10-airbench/master/airbench94_muon.py	A1a with the LR decaying to 0 at the last step instead of 0.07x (warmup unchanged) raises 3-seed accuracy by >=0.2 pp, with time within +/-1%.
H6.2	2	H6	refuted	0.10		search:https://arxiv.org/pdf/1906.06423	After progressive resizing, BN statistics and the EMA weights are dominated by low-res epochs. Re-estimating BN statistics at 32 px on training data at the end of train (FixRes-style) removes the train/test resolution mismatch cheaply.
H6.2.1	3	H6.2	refuted	0.06	E018-	search:https://arxiv.org/pdf/1906.06423	On a 24->32 progressive schedule, a forward-only BN re-estimation pass at 32 px over ~10% of an epoch of augmented training data, run inside train, raises 3-seed accuracy by >=0.2 pp at <2% time cost.
H4.2	2	H4	supported	0.85		review	Run-to-run noise on the 3-seed scored mean (~0.15 pp sd, from 0.26/sqrt(3)) is the decision-relevant noise for the gate, and picking whichever near-threshold variant first clears 0.753 selects for luck (E026, E046, E068, E090, E096, E100). Comparisons must count distinct trajectories, not runs: two bit-identical scored runs are one sample.
H4.2.1	3	H4.2	retired	0.30		review	Three neutral perturbations of A1a (a different 5000-image whitening subset, an alternative equivalent autotune choice, an fp16 vs fp32 normalization path) give 3-seed means with std between 0.1 and 0.3 pp.
H4.2.2	3	H4.2	retired	0.40		review	A1a's mean accuracy over extra seeds 3-10, run through the benchmark's own trial code without editing benchmark/, is >=0.751. That is about 0.4 pp below its seeds 0-2 mean at most, so the baseline is feasible but not comfortably above the 0.75 official bar.
H2.7	2	H2	refuted	0.20	E025-	review	Accuracy at a fixed short budget tracks total training epochs/steps far more than the share spent at 32 px: a 24 px epoch carries most of a 32 px epoch's accuracy value at 57% of its cost. Evidence pattern: E013 put 1.8x more epochs at 32 px than E006 yet gained only +0.26 pp, and E006 (9 ep, mostly low-res) is only 0.22 pp behind 8 full-res epochs (E007) while costing 0.92 s less.
H2.7.1	3	H2.7	retired	0.20		review	With the E006 operator and no 28 px phase, 6@24 + 4@32 px (10 epochs, ~6.5 s by the cost table) gives >=0.3 pp higher 3-seed accuracy than 4@24 + 5@32 px (9 epochs, ~6.4 s), with time within +2%.
H2.1.4	3	H2.1	retired	0.40		search:https://raw.githubusercontent.com/fulcrumresearch/cifar-10-speedrun/main/runners/recipes/e1.py	A two-stage 24->32 px schedule (E006 operator, no 28 px phase) at 9.5-10 total epochs, with 24 px for <=60% of steps and LR/EMA rescaled to the step count, gives 3-seed accuracy >=0.753 at time <=6.6 s (>=8.6% below A1a). Predicted time = per-epoch cost table (24 px 0.485 s, 32 px 0.848 s) + ~0.2 s overhead.
H2.8	2	H2	supported	0.45	E032- E040~ E041- E046+	review	16 px epochs are cheap (0.30x of a 32 px epoch at bs 1536, E045). Each early 24->16 swap costs roughly 0.2-0.35 pp, but these are single-run point estimates against references that were often lucky draws (±0.15 pp). The third swap (E046) cost more than the head-on-Muon gain bought: the tip family pools to 0.7533. No further whole-epoch swap is affordable. Giving part of the 24 px bridge back while cutting total epochs (E047) may beat the 3@16 swap at equal time.
H2.8.1	3	H2.8	supported	0.60	E026+ E029~	review	A compiled per-epoch cost measurement (2 epochs each, no scored run) shows a 20 px epoch <=0.45x and a 16 px epoch <=0.35x the cost of a 32 px epoch. A 16->24->32 schedule (e.g. 2@16 + 4@24 + 4@32) then reaches >=0.753 at <=6.3 s.
H1.6	2	H1	retired	0.20	E022-	results	On this energy-bound GPU the optimizer step count is nearly free in time (E010: half the steps, same time), and more updates help accuracy at a fixed epoch budget (E010: bs 2000 cost -0.81 pp). Smaller batches (512-768) should therefore buy accuracy at roughly equal time, unless smaller GEMMs lose efficiency (E012).
H1.6.1	3	H1.6	retired	0.15		results	A1a at bs 768 (LR/wd/EMA scaled by the same kilostep rule as E010, in reverse), 8.5 epochs, gives a 3-seed accuracy >=0.757 with time within +3% of 7.22 s.
H2.9	2	H2	refuted	0.08		review	GELU's exact erf costs measurable energy in the fused BN+activation kernels (E003: SiLU saved 2.2%). A cheaper GELU approximation (tanh or polynomial) keeps GELU's accuracy advantage while saving part of that cost, and stacks on any schedule.
H2.9.1	3	H2.9	refuted	0.05	E023-	review	Replacing exact GELU with GELU(approximate='tanh') on A1a reduces time by >=1% with a 3-seed accuracy within 0.25 pp of A1a (>=0.7525).
H1.5.2	3	H1.5	retired	0.40		search:https://github.com/abdullah-athar/iterate-futurebiohackers/pull/3	Full-res A1a at 9.0 epochs (LR/EMA rescaled to the step count) gains <=0.3 pp over 8.5 epochs (3-seed accuracy <=0.758) at 7.6-7.7 s, i.e. the slope above 8.5 epochs is less than half the measured 8.0->8.5 slope.
H7	1		supported	0.60	E033- E044+ E049~	results	Optimizer quality per update was the binding constraint on CIFAR-100 at ~7-8 epochs, and Muon was the lever: +1.14 pp at equal epochs (E019), a flatter epoch slope (E020), large-batch tolerance (E022, E038). Closed: momentum (on 3-seed evidence; re-screen node), NS count, cheaper orthogonalizers, Muon lr in every phase (E105, E107, E110, E111), freeze LR anneal (E129), NorMuon (retired on the row-norm argument). The head on Muon and head lr 0.5x are kept, but a population-level audit is pending (H13.1.1). Muon-C is very low prior: its gains are long-budget, overhead ~2x, and E033 shows conditioning does not bind. Schedule shape (H7.4) is very low prior.
H7.1	2	H7	supported	0.65		search:https://raw.githubusercontent.com/hiverge/cifar10-speedrun/main/cifar10_speedrun.py	Muon momentum and lr sit near a local optimum. Momentum is flat in 0.5-0.6 and steep above (E027 -1.18 pp at 0.85). For lr, effects >=~0.15 pp are excluded from 0.20 to ~0.36 effective across all phases (E034, E105, E107, E110, E111, each within +/-0.09 pp on 8-66 trajectories). That does not show the lr is flat to +/-0.05. Muon lr scaling is closed as a lever at the current instrument's resolution.
H7.1.1	3	H7.1	supported	0.65		search:https://raw.githubusercontent.com/fulcrumresearch/cifar-10-speedrun/main/runners/recipes/e1.py	On the E026 tip, Muon momentum 0.5 (lr 0.24, Nesterov, everything else unchanged) gives a 3-seed accuracy no higher than 0.7574 (tip estimate 0.7554 + 0.2 pp) at equal time. Lowering momentum does not buy usable slack.
H7.1.2	3	H7.1	refuted	0.12	E034~	search:https://raw.githubusercontent.com/fulcrumresearch/cifar-10-speedrun/main/runners/recipes/e1.py	On the E026 tip, Muon lr 0.20 (momentum 0.6) gives a 3-seed accuracy >=0.7575 (>= +0.2 pp over the 0.7554 estimate) at equal time (+/-1%).
H7.2	2	H7	supported	0.50	E043~	search:https://raw.githubusercontent.com/hiverge/cifar10-speedrun/main/cifar10_speedrun.py	Muon's remaining overhead is a fixed per-step cost (NS matmuls plus stacking/momentum kernels), ~1.7-2 ms per step at every resolution: idle-free small kernels at 16 px (E038) and energy at 32 px (E084). Renorm cadence saved ~0.08 ms/step (E035). NS 3->2 cost 1.8 pp (E031) and NS 4 bought nothing (E033). External work finds orthogonalizer variants accuracy-equivalent (search: randomized/inexact polar ~= full), so only step count or cheaper per-step traffic can save time. Cheaper orthogonalizers are closed.
H7.2.1	3	H7.2	refuted	0.10	E035-	search:https://raw.githubusercontent.com/fulcrumresearch/cifar-10-speedrun/main/runners/recipes/e1.py	On the E026 tip, renormalizing Muon weights every 2 + int(15*progress) steps instead of every step (inside the compiled update, with the step flag passed as a tensor so nothing recompiles) cuts time by >=1.5% with a 3-seed accuracy >=0.7535.
H7.2.2	3	H7.2	retired	0.08		search:https://arxiv.org/abs/2505.16932	On the E026 tip, 2 Newton-Schulz steps with per-iteration Polar-Express-style coefficients (instead of 3 fixed-coefficient steps) cut time by >=2% with a 3-seed accuracy loss <=0.2 pp against the 0.7554 estimate.
H7.2.3	3	H7.2	supported	0.70	E038+	results	On the compiled-Muon E026 tip, bs 1536 (SGD groups scaled by the kilostep rule, Muon lr/momentum unchanged, LR/EMA/lookahead rescaled to the step count) cuts time by >=3% with a 3-seed accuracy loss <=0.25 pp against the 0.7554 estimate.
H2.10	2	H2	supported	0.70	E047+ E054~ E072~	review	The local yardstick, measured on the tip (E128, 100 seeds per arm): 32 px phase -0.25 / +0.25 epoch gave -0.25 / +0.24 pp, i.e. ~1 pp per 32 px epoch. As rates: pure cut ~0.054 pp per 1% of time, re-spend ~0.044 pp per 1%. A low-res trim has now been measured at large seed: 16 px 2->1.5 epochs cost -0.17 pp for -3.1% (E132), no better than the 32 px rate. Equal-time low-res/high-res reshuffles are null (E114). Every phase trim now trades at or above the yardstick.
H2.10.1	3	H2.10	retired	0.05		review	A 4@16 + 4.5@32 px schedule (8.5 total epochs, step-indexed switch, LR/EMA/lookahead rescaled to the step count, E026 operator and compiled Muon) gives a 3-seed accuracy >=0.755 at time <=5.45 s (estimate: 4x0.27 + 4.5x0.85 + Muon/fixed overhead).
H2.8.2	3	H2.8	refuted	0.10		review	An untimed compiled cost measurement (2 epochs each) shows a 12 px epoch >=0.22x and a 20 px epoch 0.40-0.50x the cost of a 32 px epoch. The floor comes from Muon's fixed per-step cost and from small-kernel inefficiency, so replacing a 16 px epoch with 12 px saves <1.5% of total time and is not worth pursuing.
H4.3	2	H4	supported	0.60		review	The tip's run-to-run nondeterminism comes from per-process cuDNN algorithm picks (cudnn.benchmark), not from Muon max-autotune. E036 (deterministic cuDNN plus default-mode Muon) gave a bit-identical seed-0 rerun. E042 (default-mode Muon only) stayed nondeterministic (0.7522/0.7549/0.7530). Pinning cuDNN costs ~9.8% time (E036), so determinism is not usable in scored runs. It is a measurement convenience, not a score lever. AdaptiveMaxPool2d(1)'s atomic backward is an unlikely co-source: with a 1x1 output, each gradient goes to a single argmax and nothing collides.
H4.3.1	3	H4.3	refuted	0.05	E036~ E042-	review	With the Muon update compiled without max-autotune (mode='default') and cuDNN algorithm selection pinned (cudnn.benchmark=False or deterministic algorithms for the 16/24/32 px shapes), two identical runs of the tip give bit-identical per-seed accuracies, with time within +1.5% of 5.50 s.
H6.3	2	H6	refuted	0.12		search:https://raw.githubusercontent.com/hiverge/cifar10-speedrun/main/cifar10_speedrun.py	LS 0.3 was found optimal under SGD (E009, futurebiohackers sweep). Muon fits faster and tuned public Muon recipes use LS 0.09, so the tip may be over-regularized.
H6.3.1	3	H6.3	refuted	0.10	E037~	search:https://raw.githubusercontent.com/fulcrumresearch/cifar-10-speedrun/main/runners/recipes/e1.py	On the E026 tip, label smoothing 0.2 instead of 0.3 gives a 3-seed accuracy >=0.7575 (>= +0.2 pp over the 0.7554 estimate) at equal time.
H2.11	2	H2	supported	0.60		search:https://fast.ai/posts/2018-08-10-fastai-diu-imagenet.html	Per-phase batch size, read through critical batch size. Early (16/24 px): B_crit lies between 1536 and 2048. Going smaller gains nothing (E121, bs 1024: +0.004 pp at 100 seeds); going larger costs a lot (E134, bs 2048 with step-fixed warmup: -0.30 pp; confounded by fewer whitening-bias steps and the SGD rescale). Late (28/32 px): bs 1024 is a real purchase. E126 at 100 seeds shows bs 1536 costs -0.18 pp for -2.1%, ~0.085 pp per 1%, which confirms the direction of E084 (the E121 note calling E084 'likely noise' was wrong about direction). Open puzzle: the late B_crit looks smaller than the early one, the reverse of gradient-noise-scale theory (1812.06162). E126's confounds (EMA-window samples, SGD rescale, Muon path length) may produce this; H11.2.2 decides. Batch size is closed as a time lever in both phases.
H2.11.1	3	H2.11	refuted	0.05		review	On the tip lineage, use bs 2048 for the 2@16 + 2@24 epochs and bs 1024 for the 4@32 epochs. LR warmup/decay, EMA, lookahead and renorm are indexed by samples seen, and the SGD groups are scaled per phase by the kilostep rule (Muon lr/momentum unchanged). All batch/resolution shapes are compiled and warmed up in build. Prediction: time <=5.26 s (within +1% of E038) and 3-seed accuracy >=0.755. If time is >=5.35 s, the per-step-bound explanation of E038 is wrong.
H2.11.2	3	H2.11	retired	0.05		search:https://arxiv.org/html/2505.23971v3	On the E046 tip (bs 1536), raise only the 16/24 px phases to bs 3072, except the first 0.5 epoch, which stays at bs 1536. The 32 px tail stays at bs 1536. Keep the LR warmup fixed in steps (not samples), so the E043 warmup confound is removed. Decay, EMA and lookahead are indexed by samples. Prediction: time <=4.85 s (>=2% below E046) with a two-run accuracy >=0.7535. Low priority: run only after H8.1.1 indicates whether early batch size, not warmup steps, drove E043's loss.
H2.12	2	H2	retired	0.05		review	Only the 16 px phase is launch- or per-step-bound (E045: 282 W, util 82%, ~0.8 s of the tip's time). Capturing the whole train step (fwd, bwd, SGD foreach, compiled Muon, lookahead) in a CUDA graph for the 16 px shape alone removes idle gaps there. The ceiling is ~0.14 s (~3%), with a realistic gain of 1-2%. Graphing 24/32 px gains nothing because those phases sit at the power cap. Fable shows per-resolution whole-step graphs are feasible but publishes no isolated gain, and its 7.6% came mostly from resizing. The gain is per-step, so it transfers poorly to the 300 W PCIe judge.
H2.12.1	3	H2.12	retired	0.03		review	On the E046 tip (after static shapes, N1a, if that is banked), CUDA-graph the full train step for the 16 px shape only. Capture and warm it up in build on synthetic data, with static input buffers, the LR as 0-d tensors, and a renorm on/off graph-key variant. Prediction: time drops by >=1% (<=4.905 s on E046, or 1% below the N1a tip) with a two-run accuracy >=0.7535. Gate: run only if H2.4.2 shows wall time >=1.3x GPU-busy time at 16 px.
H2.4.2	3	H2.4	refuted	0.05	E052-	review	Untimed CUDA-event and profiler timing of the E046 tip per phase. Per step, wall time exceeds GPU-busy time by >=30% at 16 px, and by <10% at both 24 px and 32 px (E045: 24 px is at the cap 84% of the time). Observational only. This gates H2.12.1 and N2c.
H6.4	2	H6	retired	0.08		search:https://arxiv.org/html/2605.05724	The LR warmup was rescaled from ~408 SGD steps to ~256 steps (bs 1536). Halving it (E051, 0.7528) is -0.05 pp against the pooled 0.7533, which is noise, so neither direction is established. The post-mortem mechanism ('warmup protects the 64x-LR SGD biases') has no supporting effect.
H6.4.1	3	H6.4	inconclusive	0.15	E051-	search:https://arxiv.org/html/2605.05724	On the E038 tip, halving the LR warmup length (in steps; everything else unchanged) gives a 3-seed accuracy >=0.7562 (>= +0.2 pp over the 0.7542 two-run mean) at equal time. If both halving and doubling stay within +/-0.15 pp, warmup is closed.
H6.5	2	H6	retired	0.25	E081- E083-	search:https://raw.githubusercontent.com/hiverge/cifar10-speedrun/main/cifar10_speedrun.py	End-of-run schedule under Muon. The tail (floor-hold at ~96% of steps, lookahead stop, final 8-step EMA at 0.3 lerp every 4, eval on EMA weights with BN buffers from the net) costs no time and is kept. Its mean gain was never shown, though: the evidence is E068 (one high draw) and E069, and no tail vs no-tail off-seed A/B was ever run. Longer windows lost off-seed (E081 -0.09, ~1 SE; E083 LAWA -0.29, ~2 SE). Two explanations compete: (a) averaging higher-LR pre-floor iterates hurts; (b) the averaged weights mismatch the BN buffers copied from the net. External work (2411.18704) directly supports (b). Only H6.5.4 separates them.
H6.5.1	3	H6.5	refuted	0.08	E057-	review	On the E056 base, change the Muon-group LR floor from 0.07x to 0.05x and nothing else. Prediction: a two-run pooled accuracy >=0.7548 (+0.15 pp over the pooled 0.7533) at equal time (±0.5%). A result within ±0.15 pp closes it.
H2.13	2	H2	refuted	0.06		review	Muon flattened the epoch slope, so a group-2 width cut might trade like a schedule trim. E050 (384->352) saved only half its FLOP-proportional time. NVIDIA's tile-quantization guidance explains this: 352 rounds up to 3x128-wide N-tiles, the same work as 384, and 320 does too on 128-wide tiles. Only tile-aligned widths (256, or 320 if cuDNN picks 64-wide tiles) can save FLOP-proportional time. A cut to 256 is a large capacity loss (E017: 320 cost 0.94 pp under SGD), so the prior for a profitable width cut stays low. Decide with existing profile data and a per-layer profile, never with a scored run first.
H2.13.1	3	H2.13	refuted	0.05	E050~	review	On the E038 tip, narrow group 2 from 384 to 352 channels (recompiled and warmed up in build). Prediction: time drops >=3.5% with a 3-seed accuracy loss <=0.2 pp vs 0.7542, i.e. <=0.06 pp per 1%, beating bs 1536's 0.064.
H4.2.3	3	H4.2	supported	0.70	E048+	review	Untimed side check: the E038 tip code run through the benchmark's trial code on seeds 3-10 has a mean >=0.7530 and lies within 0.15 pp of its seeds 0-2 two-run mean (0.7542). Then the official 40-seed mean clears 0.75 with >=0.25 pp to spare.
H4.3.2	3	H4.3	refuted	0.05		review	Unbundled determinism probe on the E038 tip: compile the Muon update with mode='default', keep cudnn.benchmark=True, and change nothing else. An untimed seed-0 repeat in a fresh process is bit-identical to the scored seed 0, and time is within +1% of 5.216 s. If it is not bit-identical, the nondeterminism comes from cuDNN benchmark picks, not Muon autotune.
H7.2.4	3	H7.2	retired	0.04		search:https://arxiv.org/html/2512.04632	Offline on the E033-captured Muon inputs: AOL preconditioning (X0 scaled by diag(rowsum|X0^T X0|)^-1/2) followed by 2 fixed-quintic iterations puts >=50% of singular values in [0.7, 1.3] (matching 3 plain iterations at 0.56). Only if this holds is a scored run worth it, with an expected saving of ~0.32 ms/step (~1.5%).
H2.14	2	H2	supported	0.75		search:https://raw.githubusercontent.com/fulcrumresearch/cifar-10-speedrun/main/runners/recipes/e1.py	Compile, graph and transfer configuration was a FLOP-neutral time lever, and it is now exhausted. Banked: static per-resolution graphs (-2.0%, E053), max(dim).values instead of AdaptiveMaxPool2d (-2.9%, E056; amax gives NaNs under torch 2.4 Inductor, E055), and a pinned staging buffer (-0.5%, E086/E087). Closed: cudnn.benchmark_limit=0 (E099, +0.2%; the default 10-algorithm search already finds the best kernels), Inductor pointwise tuning (E066) and the build dress-rehearsal (E076).
H2.14.1	3	H2.14	supported	0.75	E053+	results	On the E046 tip, set torch._dynamo.config.automatic_dynamic_shapes=False (and raise cache_size_limit) for the train graphs, so each (resolution, batch) train shape compiles statically and is warmed up in build. Eval stays dynamic, or is padded to warmed shapes, so any B from 1 to 1024 never recompiles at eval and finishes in under 5 s; verify untimed for B in {1, 7, 1000, 1024}. Change nothing else. Prediction: time <=4.89 s (>=1.3% below 4.955 s) and 3-seed accuracy >=0.7535 (unchanged within noise).
H2.14.2	3	H2.14	supported	0.70	E056+	search:https://raw.githubusercontent.com/fulcrumresearch/cifar-10-speedrun/main/runners/recipes/e1.py	On the N1a tip (or E046 if N1a fails), replace AdaptiveMaxPool2d(1) with x.flatten(2).amax(dim=2), which is mathematically identical, and recompile and warm up in build. Prediction: time drops by >=0.5% with accuracy within noise (>=0.7535). A drop under 0.3% is time noise and means the pool is not a lever here.
H2.12.2	3	H2.12	retired	0.03		review	On the E046 tip, overlap each layer's Muon momentum+NS update with the rest of backward (grad hooks firing per filter stack on a side CUDA stream, with an explicit sync before the next forward). Prediction: time drops by >=1% with bit-equivalent math (accuracy within noise, >=0.7535). Nearly all of the gain should come from the 16 px phase. Gate: H2.4.2 shows >=30% idle time at 16 px.
H2.10.2	3	H2.10	retired	0.05		review	On the banked static-shape tip, compare two equal-time trims (~-0.26 s each): (A) 3@16 + 0.5@24 + 4@32 and (B) 3@16 + 1@24 + 3.7@32, with step-indexed switches and LR/EMA/lookahead/renorm rescaled to the step count. Prediction: A's two-run mean is >=0.7535, and B's 3-seed mean is >=0.1 pp lower than A's, because the 32 px tail is binding (E025). Only the variant that passes the H4 rule may become the tip.
H2.13.2	3	H2.13	refuted	0.08	E080-	review	First analyze the group-2 per-layer times that E067 was asked to log. If they are missing, run an untimed per-layer CUDA-event profile at 32 px, bs 1536, on the tip with group-2 widths 384, 352, 320 and 256, and record the chosen cuDNN kernel tile shapes. Prediction: 352 and 320 each recover <=60% of their FLOP-proportional group-2 time, while 256 recovers >=80%, i.e. tile quantization on 128-wide tiles. If 256 also recovers <80%, width cuts are dead and H2.13 is refuted.
H6.4.2	3	H6.4	refuted	0.08	E059~	review	On the E056 base (static shapes + max pool), double the LR warmup length for both the SGD and Muon groups (same peak and decay end point), and change nothing else. Prediction: a two-run pooled accuracy >=0.7548 (+0.15 pp over the pooled 0.7533) at equal time (±0.5%). A result within ±0.15 pp closes warmup length in both directions.
H7.3	2	H7	inconclusive	0.30		review	The head's update scale may have been an accuracy knob, but the evidence is weak. Head on Muon: +0.32 pp on one run (E044 vs E038), later ~+0.15 pp indirect. Head lr 0.5x vs 1x: +0.09 pp (E062/E063 0.7540 vs family 0.7531, <1 SE) or +0.19 pp only if E066's high draw (0.7570) counts. No off-seed 0.5x vs 1x comparison exists. 0.4x was -0.07 pp off-seed (E077) and head wd was null (E074/E075). Keep 0.5x since it is free, but do not use it as evidence that head-side scalars are live.
H7.3.1	3	H7.3	retired	0.10		review	On the E046 tip, move the head weight back to SGD, with its LR set so the per-step update RMS matches the Muon head's (measured untimed on the tip). Prediction: two-run accuracy >=0.7535 (within ~0.15 pp of 0.7548). If it lands at <=0.7520, orthogonalization rather than step size is the mechanism. Diagnostic run, not a time lever.
H7.1.3	3	H7.1	refuted	0.08	E105-	review	Raise the conv-filter Muon peak lr from 0.24 to 0.28 in every phase. Prediction: off-seed >= +0.1 pp. Outcome E105: +0.09 off-seed (one process), scored 0.7525. With E034 (0.20), E107 (low-res x1.5), E110 (32 px x1.5) and E111 (28 px x1.25), all within +/-0.07 pp, the lr is flat. Closed.
H4.4	2	H4	supported	0.60		review	The rerun nondeterminism is bimodal. Either training diverges (cuDNN algorithm picks, giving ~0.1-0.6 pp per-seed differences: E028, E048), or training is bit-identical and only eval or a very late step differs (E038/E039 differed by one test image). Only the training-divergence mode samples the variance that matters for decisions.
H4.4.1	3	H4.4	supported	0.65		review	Untimed analysis of logs that already exist: per-seed final-weight checksums for E062 and E067 (bit-identical per-seed accuracy) and for E071 and E076 (bit-identical), plus any diverging same-code pair (E068/E069, E064/E065). Prediction: the bit-identical-accuracy pairs have identical weight checksums, and every seed whose accuracy differs between reruns has a different checksum (train divergence). No seed has identical weights but different accuracy; if one does, eval-shape cuDNN picks are a separate source and should be pinned in build. Run new diagnostics only if the logs are missing.
H8	1		refuted	0.15		review	(Descriptive only, mechanism refuted) Early-phase response is asymmetric. Adding early updates or samples gains nothing (E121 +0.004 pp, E114 +0.02 pp at 100 seeds). Removing them costs at or above the yardstick: E134 early bs 2048 -0.30 pp (~0.2 pp per 1%), E132 16 px trim -0.17 pp, E093 whitening-bias freeze at 3% -0.44 pp, E032 no bridge -0.68 pp. The registered falsifiable predictions (early bs 2048 null; 16 px trim well under 0.05 pp per 1%) both failed. The 'threshold on update count, not samples' claim fails because removing samples also hurt (E132). Superseded by the frontier Lvl1, which explains the same pattern without a phase-specific mechanism.
H8.1	2	H8	retired	0.05	E061~	review	The early loss comes from too few effective updates, or from too high an LR on the SGD-trained BN biases and whitening bias (64x LR), before the features form. Mechanisms: fewer early steps (large batch, sample-indexed warmup) and noisier or lower-information early inputs (16 px) both hurt the same fragile early phase. hiverge and Fable train the whitening bias only for the first 20% of steps, which supports the bias-LR channel.
H8.1.1	3	H8.1	retired	0.05		review	On the E046 tip, run the first 0.5 epoch (16 px) at bs 768 and the rest at bs 1536. The warmup is fixed in samples, so it gets more steps; SGD groups are scaled by the kilostep rule in the bs-768 phase and Muon lr/momentum are unchanged. The bs-768 16 px shape is warmed up in build. This adds ~16 steps, about +0.04 s. Prediction: 3-seed accuracy >=0.7563 (>= +0.15 pp over 0.7548) with time <=+1% of 4.955 s. A result within ±0.15 pp refutes the early-update-count channel.
H8.1.2	3	H8.1	retired	0.05		results	On the E046 tip, halve the warmup only for the Muon groups and keep the SGD groups' warmup (BN biases, whitening bias, head bias) unchanged. Prediction: 3-seed accuracy >=0.7535 (no loss beyond noise vs 0.7548), unlike E051's -0.2 pp from halving both. That would show the warmup protects the SGD bias groups (the E051 post-mortem mechanism). If the result is <=0.7525, Muon itself needs the warmup.
H2.10.3	3	H2.10	inconclusive	0.25	E064~ E070~	review	On the E056 base (static shapes + max(dim).values pool), run E047's schedule 2@16 + 1.5@24 + 4@32 px (7.5 ep, step-indexed switches, LR/EMA/lookahead/renorm rescaled to the step count). Run it twice, as one factor of a 2x2 with head lr 0.5x so the arms share baselines. Prediction: time <=4.74 s (equal to E056 within 0.5%) and a two-run pooled accuracy >=0.7540, i.e. >=+0.07 pp over the pooled 0.7533. If both runs land <=0.7530, E047's 0.7558 was a lucky draw.
H7.3.2	3	H7.3	inconclusive	0.30	E062~	review	On the E056 base, set the head's Muon lr to 0.5x the filter lr (0.12 peak, a separate 0-d tensor) and change nothing else; run it twice. Prediction: time within ±0.5% of 4.718 s and a two-run pooled accuracy >=0.7540 (together with E049's 0.7558, a 3-run pool >=0.7545). If it passes the H4 rule, it becomes the new tip at ~4.72 s. If the two runs average <=0.7530, E049 was noise and head lr is closed.
H7.3.3	3	H7.3	inconclusive	0.06	E074~	search:https://raw.githubusercontent.com/hiverge/cifar10-speedrun/main/cifar10_speedrun.py	On the E056 base, add decoupled weight decay to the Muon head weight only (wd*lr ≈ 1.6e-3 per step scale, hiverge's bs-1536 setting), so its norm is bounded like the renormed filters. Prediction: a two-run pooled accuracy >=0.7548 at equal time. Low prior: the only evidence is an unverified search snippet (+0.34 pp on CIFAR-10 with long training).
H6.5.2	3	H6.5	inconclusive	0.30	E068+	search:https://raw.githubusercontent.com/fulcrumresearch/cifar-10-speedrun/main/runners/recipes/e1.py	On the E056 base, use Fable's tail at equal total steps: the LR decay ends ~4% of steps early and holds at a 0.05 floor for the rest. A light final EMA (every 4 steps, ema = 0.7*ema + 0.3*net over the last ~8 steps, foreach_lerp) replaces the end of the lookahead-EMA ramp, and evaluation uses the EMA weights. Prediction: a two-run pooled accuracy >=0.7548 at equal time (±0.5%).
H2.15	2	H2	retired	0.05		search:https://raw.githubusercontent.com/fulcrumresearch/cifar-10-speedrun/main/runners/recipes/e1.py	A real whitening-bias freeze is a FLOP/byte time lever. Detach the bias in forward (Fable e1 and hiverge: F.conv2d(x, w, b if grad else b.detach())), or set requires_grad=False (airbench: 'disable their gradient to increase backward-pass throughput ... without reducing accuracy'). The stem output then needs no grad, so autograd skips group-1 conv1's dgrad (~1.9% of conv FLOPs, low tensor-core efficiency), the stem GELU backward and the bias reduction. Estimated saving ~1-2.5%. As a FLOP lever it should transfer to the 300 W judge. The reference recipes train the bias for only 0.2 epoch (~7 steps at bs 1536, ~3% of steps), with its LR decaying to 0 over that window, then detach. E061 (LR=0 at 20% of steps, -0.08 pp, noise) covers accuracy only for the 20%-of-steps freeze point, and it saved no time.
H2.15.1	3	H2.15	retired	0.05		search:https://arxiv.org/html/2404.00498v2	On the verified tip, detach the whitening bias (hiverge pattern) from step 0.2*total onward, i.e. E061's freeze point, which falls inside the 16 px phase. Use two static compiled graphs keyed on whiten_bias_grad; only the 16 px shape needs both variants, and all are warmed up in build on synthetic data. Confirm in the compiled backward graph that group-1 conv1's dgrad and the stem backward are gone. Prediction: two scored runs average >=1.0% below the base's pooled time (outside the ±0.6% noise band), with accuracy within 0.1 pp of the base on the off-seed seeds 3-10 check. If the time drop is <0.4%, the dgrad is not skipped or is negligible, and H2.15 is refuted as a time lever. Move to an earlier freeze (~0.2 epoch) only after the saving is verified.
H2.16	2	H2	refuted	0.06		review	Fused BN/GELU/elementwise Triton kernels take 29-31% of GPU time at 24/32 px (E067), but the cost is spread over ~211 kernels per step; the top kernel takes ~0.43 ms/step. Inductor tuning flags are near-optimal and blow the build budget (E066). Torch 2.4 has no fused normalization-backward codegen (that arrived ~2.11), so BN backward likely reads dy and x in separate reduction and dX passes. The only lever left is a hand-written Triton fused BN(+GELU) backward for the dominant 32 px layers. It is math-equivalent and saves energy-proportional bytes, but it costs high effort and has a bounded gain. A bias-only BN (frozen weight), as in Fable/hiverge, saves essentially no backward compute, because dX needs both per-channel reductions anyway.
H2.16.1	3	H2.16	supported	0.60	E067+	review	Untimed profiler breakdown on the E056 base at 32 px, bs 1536. Per conv layer per step, the BN/GELU forward and backward make >=4 full read/write passes over the fp16 activation, and the elementwise/reduction kernels take >=25% of GPU time. If they take <15% or already run at <=2 passes, the lever is dead and N_elem is refuted.
H2.16.2	3	H2.16	refuted	0.08	E066-	review	Gated on N_elem_1. On the E056 base, a fused BN-apply+GELU forward/backward (compile flags, or a custom Triton kernel for the 24/32 px shapes, warmed up in build) cuts time by >=2% (<=4.62 s). Accuracy stays within noise: math-equivalent up to fp16 rounding, two-run pooled >=0.7525. Write down the bytes-moved prediction before scoring.
H4.5	2	H4	retired	0.05		review	Part of the run-to-run variance may be a per-process offset shared by all trials, set by the cuDNN pick set. E098's 0.25 pp gap and E101's 0.45 pp scored gap contrast with E106's ~0.03 pp process sd on 22 seeds, which hints at clustered rather than iid process noise. Kernel-name logs from E067/E081/E094/E098/E099/E106 exist but have never been analyzed. Analyze them before any new run. If pick sets do not cluster with run means, retire this node.
H4.5.1	3	H4.5	retired	0.05		review	Untimed diagnostic over the next >=4 scored runs: log the cuDNN conv kernel names per (layer, shape) from profiler kernel names in build/first steps. Prediction: runs sharing the same algorithm set have run means within 0.1 pp, and at least one set tracks a lower mean by >=0.2 pp. If the algorithm sets are identical across runs while the means still differ by >=0.2 pp, the offset is not caused by algorithm picks and N_h4_5 is refuted.
H4.2.4	3	H4.2	open	0.55		review	Provenance check, untimed and free, and a precondition for every later decision. Still to do: (1) git-diff E077-E084 against their stated base; (2) resolve the E092/E093 and E103/E105 base mismatches; (3) E123's idea says it reruns E090, but its 4.258 s matches E116; E124's idea says base E100 but it was compared with E116. (4) New mismatches: E124 and E131 were built on E100 (no freeze, ~+0.09 pp above E116) but compared with the E116 vector, so their true deltas are ~-0.91 and ~-0.65 pp. Verdicts are unchanged, but 0.05-0.09 pp offsets now matter. Recompute every large-seed delta against the baseline of its actual base code. From now on, 'source hash = stated base, and the comparison baseline is from the same base' is a hard precondition logged in every idea.
H2.10.4	3	H2.10	refuted	0.08		review	The E070 code (e945ed5) lacks the Fable tail, which a free git diff against a1aef09 and 766d5bf will show. If so, add the tail unchanged to 2@16 + 1.25@24 + 4@32. Prediction: a two-run pooled accuracy >=0.7555 and an off-seed seeds 3-10 mean >= the no-tail E070 off-seed mean (0.7530) + 0.1 pp, at time within ±0.6% of 4.583 s. The same off-seed A/B is the tail's first off-seed check (H6.5.2). If the diff shows the tail is already present, the tail and the 24 px trim do not stack, and the tail pool (0.7562) was a high draw.
H2.10.5	3	H2.10	refuted	0.08	E088~	review	On the E070 tip (tail confirmed present), cut the 32 px phase by 0.25 epoch: 2@16 + 1.25@24 + 3.75@32, with a step-indexed switch and LR/EMA/lookahead/renorm/tail rescaled to the step count. If E084 holds after its second scoring and ablation, run it on the E084 base too, so the bs-1024 tail funds the trim. Prediction: time drops ~4-5% (~0.2 s), and accuracy falls <=0.2 pp (two scored runs plus off-seed seeds 3-10), i.e. <=0.05 pp per 1%. If the loss is >=0.3 pp, the 32 px phase is binding. Compare it head-to-head with the 28 px substitution, which saves similar time at an unchanged step count.
H6.5.3	3	H6.5	inconclusive	0.20	E079+	review	Gated on H2.10.4 showing an off-seed tail gain >=0.1 pp. On the verified tail tip, run two single-change ablations: (a) remove only the final EMA (eval on the net weights, floor-hold and lookahead stop kept) and (b) remove only the floor-hold (decay ends at the last step, final EMA kept). Each gets one scored run plus an off-seed seeds 3-10 check, and each reports the mean and the per-seed sd. Prediction: one component accounts for >=2/3 of the tail's mean gain, so ablating it costs >=0.1 pp off-seed, while ablating the other costs <=0.05 pp. If neither moves the mean but (a) raises the per-seed sd by >=30%, the EMA's value is variance reduction.
H7.3.4	3	H7.3	refuted	0.08	E077-	search:https://arxiv.org/abs/2310.17813	On the verified tip, set the head's Muon lr to 0.4x the filter lr (instead of 0.5x; a separate 0-d tensor, nothing recompiles), close to the spectral-condition scale sqrt(100/576) ≈ 0.42. Prediction: accuracy >= the 0.5x arm +0.05 pp, measured as a two-run pool plus off-seed seeds 3-10, at equal time. If 0.4x is >=0.1 pp worse, the head optimum is at or above 0.5x and head lr is closed.
H6.6	2	H6	refuted	0.06		search:https://arxiv.org/html/2502.15798	MaxSup (CE + α(z_max − mean_k z_k)) in place of label smoothing 0.3 was tested only at α=0.3, an arbitrary transfer from LS ε, because α scales a logit gap rather than a probability mass. At that setting it was worse on both instruments (scored -0.35 pp, off-seed -0.18 pp, E078): LS's target-side term matters in this regime. Other α values are untested but low prior; this is not a general closure of the loss family (see H6.7).
H6.6.1	3	H6.6	refuted	0.05	E078-	search:https://arxiv.org/html/2502.15798	On the verified tip, replace LS 0.3 with plain CE + 0.3·(max_k z_k − mean_k z_k) (one fused op on [B,100] logits; smoke-test 10 steps for finite loss under compile). Prediction: an off-seed seeds 3-10 mean and a two-run scored pool both >= the tip's +0.15 pp at time within ±0.5%. A result within ±0.1 pp closes it.
H6.7	2	H6	retired	0.05		search:https://arxiv.org/html/2104.00298	Phase-dependent label smoothing. The original motivation was EfficientNetV2's adaptive regularization (+0.7-0.8 pp), but that covered dropout/RandAugment/mixup, not LS. TSLA (CIFAR-100, 200 epochs) found the opposite direction: drop LS late. Uniform LS changes were null (E009, E037) and MaxSup failed (E078). The prior is low; if run at all, the TSLA-direction arm (lower LS in the final ~20%) is better supported than lower LS early.
H6.7.1	3	H6.7	retired	0.04		search:https://arxiv.org/html/2104.00298	On the verified tip, use LS 0.15 during the 16/24 px phases and 0.3 in the 32 px tail (a 0-d tensor or per-phase loss constant; no recompile beyond the existing per-resolution graphs). Prediction: an off-seed seeds 3-10 mean and a two-run scored pool >= the tip's +0.15 pp at equal time. A result within ±0.1 pp closes it.
H4.2.5	3	H4.2	supported	0.50		review	Untimed margin check. The current tip (E070, or E070 plus the tail once provenance is settled), run through the benchmark's trial code on seeds 3-10, gives a mean >=0.7530 that lies within 0.15 pp of its seeds 0-2 pool. If the mean is <0.7520, the margin spent since E048 is gone, and accuracy must be added before any further cut.
H2.14.3	3	H2.14	refuted	0.05	E076-	review	Per-trial time logs over >=4 same-code runs show trial 1 slower than trials 2-3 by >=0.5% on average (E069: trial 1 4.757 vs mean 4.708). That would mean some lazy init still leaks into the first timed trial (e.g. allocator growth, a cuBLAS workspace or cuDNN plan for a shape not warmed in build). Warming those paths in build would then cut mean time by >=0.3% at identical math. If trial 1 is not systematically slower, the E069 outlier is noise.
H2.16.3	3	H2.16	retired	0.03		search:https://pytorch.org/blog/sota-normalization-performance-with-torch-compile/	A hand-written Triton kernel for the 32 px group-2/3 layers fuses the per-channel reductions (sum dy, sum dy·xhat) with the dX/GELU-backward pass, reading dy and x once instead of twice. It is warmed up in build and math-equivalent up to fp16 rounding. Prediction: time drops >=1.5% with accuracy within noise (two-run pool within 0.1 pp of base). Write the bytes-moved estimate down before scoring. Low priority: high effort, and the elementwise share is spread over many fusions.
H2.14.4	3	H2.14	supported	0.80	E086+	review	The trial-1 penalty (prepare 0.098 s vs 0.019 s in trials 2-3, E076) is a slow pageable host-to-device window after build. In build, allocate an empty pinned host staging buffer and a GPU destination of the dataset's shape (no real data). In prepare, copy the uint8 training array into the pinned buffer and upload with non_blocking=True, followed by one sync. This is math-neutral. Prediction: trial-1 prepare <=0.04 s, trials 2-3 prepare not slower than 0.025 s, and per-seed accuracy bit-identical or within noise. The mean time falls by ~0.4-0.6%; per-trial prepare logs decide, because a single run's total is inside time noise. If trial-1 prepare stays >=0.08 s, the window is not specific to pageable memory and the line is closed.
H2.11.3	3	H2.11	supported	0.55	E084~	review	On the verified tip, keep bs 1536 for the 16/24 px phases and use bs 1024 for the 32 px phase. LR warmup/decay, the tail, EMA, lookahead and renorm are indexed by samples seen; the SGD groups are scaled per phase by the kilostep rule; Muon lr/momentum are unchanged. The bs-1024 32 px shape is static and warmed up in build. Pre-registered time cost: about +64 steps at 32 px under the power cap, i.e. +1.5-3% (4.65-4.72 s). Prediction: an off-seed seeds 3-10 mean >= tip +0.15 pp and a two-run scored pool >= tip pool +0.1 pp, i.e. accuracy bought at >=0.055 pp per 1% of time, so it beats the corrected trim rate and can fund a 32 px trim. If the gain is <=0.05 pp, bs 1536's accuracy cost did not arise in the tail, and H2.11 is closed.
H9	1		open	0.15		review	(Narrowed) Under Muon, the averaging design (lookahead-EMA ramp shape/cadence, final-EMA lerp) is the main remaining zero-time accuracy source not yet tuned. These pieces were inherited from SGD/Fable and never tuned under Muon, but the premise is weak: the ablations that suggested they carry ~0.2 pp (E092 lookahead -0.18, E079 final EMA -0.18) are 8-seed deltas of ~1.4 SE. Only window length was varied (E081, E083 worse; E083 ~2.3 SE). The old structural-vs-scalar split is dropped: it was drawn after the results came in, and large moves on 'scalar' knobs (E027, E031, E093) also hurt.
H9.1	2	H9	retired	0.03		search:https://raw.githubusercontent.com/hiverge/cifar10-speedrun/main/cifar10_speedrun.py	The Muon filters feed BN, so the effective relative update size is (Muon step)/||w||, and the renorm target norm acts as a second, implicit LR schedule. hiverge and Fable decay the renorm target linearly from 0.5012 to 0.0786 over the run. Combined with the LR decay to 0.05x, that keeps the relative step from collapsing late (it ends at ~0.3x instead of 0.05x of its start value). The tip adopted hiverge's renorm cadence (E035), but the tree has never examined its target-norm schedule. If the tip renorms to a constant norm, its late relative step is much smaller than in the CIFAR-10 SOTA recipes. This is a change of schedule shape across the whole run, not the end-only floor change that E057 found null.
H9.1.1	3	H9.1	refuted	0.03	E082-	search:https://raw.githubusercontent.com/fulcrumresearch/cifar-10-speedrun/main/runners/recipes/e1.py	First check in the tip code whether filter renorm uses a constant target (free, no run). If it does, change only the target to decay linearly from the tip's current value c to 0.157c over training (hiverge's 0.5012->0.0786 ratio), computed from progress inside the compiled update as a 0-d tensor so nothing recompiles. Change nothing else. Prediction: an off-seed seeds 3-10 mean >= tip +0.15 pp and a two-run scored pool >= tip pool +0.1 pp, at time within ±0.6%. If the off-seed delta is within ±0.1 pp, the implicit schedule is not binding and N9a is refuted. If the tip already decays its target, retire N9a without a run.
H10	1		refuted	0.08		review	(Placement-independent form) Adding optimizer updates (smaller batches) at fixed epochs raises accuracy at a uniform ~0.04-0.065 pp per 1% of time wherever they go. Refuted at 100 seeds: extra early updates gave +0.004 pp (E121), while late updates are worth ~0.18 pp per 2.1% (E126, reverse direction). Larger phase-local Muon lr is also null (E107, E110, E111). The placement-dependent version lives under H11.2.
H10.1	2	H10	refuted	0.04		review	Placement-independence: an added step in the low-res phases buys about the same accuracy as an added step in the 32 px tail. E104 (+0.12 for ~53 low-res steps) matches E084 (+0.11 for ~65 tail steps), and E108 does not show 32 px time to be worth more. Rivals: early fragility (H8) and late full-res binding (H11). One-process deltas cannot separate them; the decision needs H4.6.1's large-seed instrument.
H10.1.1	3	H10.1	refuted	0.05	E104-	review	On the E100/E090 config, run 16/24 px at bs 1024 too (+~53 low-res steps). Prediction (placement-independent): off-seed gain +0.05 to +0.15 pp. Outcome E104: +0.12 off-seed (one process), scored 0.7525, time +2.8%. Inside the band, so it leans toward support. Not decisive with one process and a scored row of the opposite sign. Note: E104's 'refutes' entry in predictions.tsv refers to the early-fragility rival, not to this prediction.
H2.11.4	3	H2.11	inconclusive	0.25	E095+ E096~	review	Ablation of E084's confound: pin the final-EMA window and lookahead stop to the last 8 steps under bs 1024 at 32 px. E095 off-seed 0.75405, equal to E084's 0.7541, which supports update count over window length (one process each). On the E090 tip the pin is not a gain: E096 gave +0.17/-0.11 off-seed in two processes (E098), and E100 (pin + 32 px x1.25) pools to +0.01 vs E090 (E106). Keep the pin as a neutral choice only.
H2.17	2	H2	refuted	0.12		review	An intermediate 28 px stage that replaces part of the 32 px phase while keeping the step count is no cheaper in accuracy than trimming 32 px epochs. E090 lost ~0.25 pp against its base family (E084/E085/E095, distinct pool 0.7549) for ~-5.1% time. With E094 included, its distinct pool (~0.7524) equals the trim arm's (0.7522). Keeping the step count bought nothing: exposure to the 32 px resolution itself binds.
H2.17.1	3	H2.17	refuted	0.10	E090~	review	First, untimed: measure the compiled bs-1536 28 px epoch cost on the tip. Prediction: <=0.82x of a 32 px epoch. Then score 2@16 + 1.25@24 + 1@28 + 3@32 (7.25 ep, step count unchanged, so LR/EMA/tail are untouched), with the 28 px static shape warmed up in build. Prediction: time -3% to -4.5% against the tip pool, and accuracy loss <=0.12 pp (off-seed plus two scored runs), i.e. <=0.035 pp per 1%. That beats H2.10.5's 0.25-epoch 32 px trim at similar time. If the 28 px epoch costs >0.85x, drop it without a scored run.
H2.15.2	3	H2.15	refuted	0.05	E093-	search:https://raw.githubusercontent.com/hiverge/cifar10-speedrun/main/cifar10_speedrun.py	Gated on H2.15.1 verifying the backward saving. Use the reference freeze point: train the whitening bias for 0.2 epoch (~7 steps at bs 1536), with its LR decaying linearly to 0 over that window (hiverge), then detach it for the rest of training, so ~97% of steps get the saving instead of ~80%. Prediction: time >=1.2% below the base pooled time, with off-seed accuracy within 0.1 pp of the tip. Risk specific to CIFAR-100: the tip trains this bias at 64x LR. If the off-seed drop is >=0.15 pp, keep H2.15.1's 20% point.
H6.5.4	3	H6.5	refuted	0.10	E103-	review	Use a 20-step final EMA with BN running stats lerped alongside the weights instead of copied from the net. Prediction: >= +0.05 pp vs E090 off-seed. Outcome E103: +0.00 vs E090, +0.02 vs tip (one process), scored 0.7535. Not met. Window-length averaging is closed whether or not the buffers are averaged. Averaging strength at the current 8-step window (lerp, lookahead alpha/cadence) is a separate, untested question (H9.2).
H6.8	2	H6	inconclusive	0.20		review	The SGD-era lookahead-EMA (every 3 steps at bs 1536) has never been ablated under Muon. Muon's orthogonal updates, filter renorm, the floor-hold and the final EMA may make it redundant. Removing it also cuts per-step GPU work, which costs time at every resolution (H2.4, E084).
H6.8.1	3	H6.8	inconclusive	0.20	E092-	review	On the E070 tip, remove the lookahead-EMA (the net trains on its own weights throughout) and keep the floor-hold, final 8-step EMA and eval on the EMA weights unchanged. Its buffers and kernels are dropped from build. Prediction: off-seed accuracy within -0.05 pp of the tip or better, and time -0.3% to -1% (two scored runs needed, since this is inside time noise). If the off-seed loss is >=0.15 pp, lookahead is carrying real smoothing on the ~240-step schedule, and the line closes.
H4.2.6	3	H4.2	supported	0.60	E094+	review	Calibrate the off-seed instrument before more off-seed verdicts. Run the unchanged tip on seeds 3-10 in fresh processes until there are >=2 non-bit-identical samples, which samples the training-divergence mode. Prediction: the sd of the 8-seed off-seed mean across non-identical reruns is 0.07-0.15 pp, so a paired A/B difference has SE ~0.1-0.2 pp, and each of E077/E078/E079/E081/E084's off-seed deltas is <1.5 SE. If the sd is <0.05 pp, the instrument is sharp and the past off-seed verdicts stand.
H11	1		open	0.30		review	(Weakened) Late full-resolution training binds accuracy. What holds: fresh 32 px images matter (E124, ~-0.9 pp from duplicates), late updates matter on the downside (E126, -0.18 pp; confounded by EMA-window samples, SGD rescale and Muon path length), and 32 px epochs give ±1 pp per epoch (E128). What is NOT shown: that late training is special. Early decrements cost as much or more (E134 -0.30, E132 -0.17), and no late increment has been tested at large seed. Late Muon lr (E100/E110/E111) and an equal-time 24/32 swap (E114) are null. Distinguishing test: a late increment (H2.11.5) after the E126 confound ablation (H11.2.2). If late increments also saturate, H11 collapses into the frontier Lvl1.
H11.1	2	H11	retired	0.10		review	Resolution-statistics adaptation. The antialiased downsample changes patch statistics, so each resolution switch shifts the stem-output distribution. The 64x-LR whitening bias and the BN affine parameters absorb that shift. Freezing the bias before the later switches removes this adaptation. Evidence: E093 (freezing at 0.2 epoch cost -0.44 pp off-seed and -0.5 pp scored, the largest clearly real recent effect). The current freeze sits at ~41% of samples, inside the 24 px phase, before the 28 and 32 px switches.
H11.1.1	3	H11.1	refuted	0.08	E102-	review	Move the whitening-bias freeze from ~41% to ~70% of samples. Prediction: >= +0.1 pp off-seed. Outcome E102: off-seed 0.00 vs tip, scored 0.7521, time +1.2%. The 70% point covers both later resolution switches, so the adaptation mechanism was tested and gave nothing. Closed; never-freeze not worth a run.
H11.2	2	H11	inconclusive	0.35		review	Placement of updates. Added steps at low resolution buy nothing (E121, +0.004 pp at 100 seeds), while late 28/32 px steps are worth ~0.18 pp for ~2.1% time (E126, at ~5 SE). Caveat: E126 changes three things besides step count: the last-8-step EMA/lookahead window covers 1.5x more samples (E081 showed longer windows hurt), the SGD groups are kilostep-rescaled, and Muon path length falls by 1/3. The confound ablation decides whether update count is the mechanism.
H11.2.1	3	H11.2	supported	0.70		review	Same run as H10.1.1, opposite prediction: an off-seed gain <= +0.03 pp from ~53 added low-res steps; a gain >= +0.08 refutes it. Outcome E104: +0.12 off-seed (one process), scored -0.13 pp vs the tip pool. Leans toward refutation. Needs a large-seed paired replicate.
H10.2	2	H10	refuted	0.10	E107- E111-	search:https://kellerjordan.github.io/posts/muon/	(Restated as a lever) A larger phase-local Muon lr buys >=0.1 pp at zero time. Tests: low-res x1.5 (E107) -0.02, 28 px x1.25 (E111) +0.03, 32 px x1.5 vs x1.25 (E110) -0.07, pooled E100 (32 px x1.25) vs E090 +0.01 (22-66 trajectories each, SE ~0.05-0.08). Effects >=~0.15 pp are excluded; the mechanistic contrast with update count is not established because the update-count gain itself is ~1 SE.
H10.2.1	3	H10.2	refuted	0.08	E100~ E110~	search:https://kellerjordan.github.io/posts/muon/	Raise the conv-filter Muon lr x1.25 in the 32 px phase only (E100). Prediction: off-seed >= +0.08 pp at equal time. Outcome: pooled off-seed E100 0.7527 (3 processes) vs E090 ~0.7525, i.e. +0.01-0.02. E110 (x1.5) gave -0.07 vs x1.25. No population effect. E100's scored advantage (distinct 0.7561/0.7516/0.7551, mean 0.7543, vs E090 0.7515) is confined to seeds 0-2.
H2.11.5	3	H2.11	open	0.20		review	(Gated) A late increment: bs 768 in the last ~1 epoch of the 32 px phase. Run only after H11.2.2 shows that E126's loss came from update count. Step 1, untimed: profile bs 768 at 32 px (static, warmed) and project total time. Step 2: 100 seeds vs the pooled E116 baseline (sample-indexed; final-EMA/lookahead pinned to the last 8 steps; SGD groups kilostep-scaled; Muon unchanged). Prediction (H11): gain >=+0.08 pp at <=+2.5% time, i.e. >=0.05 pp per 1%, beating the 0.044 re-spend rate. Prediction (frontier Lvl1): gain <=0.044 pp per 1%. If the gain is <=0.03 pp, increments saturate late too.
H2.14.5	3	H2.14	refuted	0.05	E099-	search:https://docs.pytorch.org/docs/2.4/backends.html	In build, set torch.backends.cudnn.benchmark_limit=0 so cuDNN v8 tries every available conv algorithm for each static train shape (16/24/28/32 px, bs 1536/1024) and the eval path, instead of the default 10. Change nothing else, and check that build stays under 600 s. Log per-phase epoch times and per-(layer, shape) conv kernel names against the E090 defaults, which also feeds H4.5.1. Prediction: at least one 24/28/32 px shape picks a different kernel, and mean total time falls by >=0.8% over two scored runs. Accuracy is math-equivalent within noise (distinct pool within 0.1 pp of the E090 family). If the kernel names are identical to the default picks, or time changes by <0.3%, the lever is closed.
H2.18	2	H2	refuted	0.08		review	Depth cuts are FLOP-proportional time levers but do not beat the yardstick. 2/3/3: -0.29 pp for -7.0% (~0.04 pp per 1%, E127). Re-spent at 32 px at the upward rate (~0.044 pp per 1%, E128 +0.25 arm), it roughly breaks even, and additivity is untested. 3/3/2: -0.48 pp for -6.3% (~0.08 pp per 1%, E130). Closed.
H2.18.1	3	H2.18	supported	0.60	E123+	review	Untimed first. On the E100 net, profile per-step time and NVML energy at 32/28 px (bs 1024) and 24 px (bs 1536) for three variants, each reducing one group's residual branch to a single conv plus the skip: (a) group 2, (b) group 1, (c) group 3. Prediction: at least one variant cuts projected total run time by >=6%. Score only that variant, with the 32 px phase lengthened to spend half the saving (net ~-3%), and decide on the large-seed paired instrument (H4.6.1), requiring a loss <=0.05 pp vs E100. Expect a capacity loss similar to E017. If no variant saves >=6%, close depth cuts without a scored run.
H2.4.3	3	H2.4	open	0.35		review	The judge is a 300 W A100 PCIe; local runs are on a 400 W SXM4. Untimed analysis of existing NVML logs (E045, E116 step-1 profile, E100), with no power-limit changes: project each candidate's judge time as the sum over phases of max(phase energy / 300 W, phase GPU-busy time). Prediction: E116's freeze saving is a larger fraction on the projected judge than locally (>=1.1x), because it removes energy-bound backward bytes, while bs-1024 per-step levers transfer worse. Use only to break ties between configs whose local times are within 3%.
H4.2.7	3	H4.2	retired	0.20	E098- E106+	review	Extended off-seed instrument and tip decision (E090 vs E095 on seeds 3-26). Outcome: E098 confirmed E090 at 0.7525 but ran E096 instead of E095, one process per arm. Superseded by H4.2.8 and the large-seed instrument H4.6.1.
H4.2.8	3	H4.2	retired	0.20		review	Re-decide the tip lineage with the corrected instrument. Free step first: compute the within-seed cross-process sd from the existing E028/E094/E098/E106 per-seed logs and checksums. Status: (2) met, pooled E100 - E090 ~ +0.02 pp, so E100's x1.25 is not a population gain. (1) partly contradicted, E106 implies ~0.14 pp per-seed cross-process sd, not >=0.2. (3) untested, E095 (bs 1024 at 32 px on the 4@32 schedule) - E090 >= +0.08 pp, to be decided on the large-seed instrument (H4.6.1).
H8.2	2	H8	refuted	0.12		results	The 24 px bridge buys accuracy at a better rate than the 32 px phase. Old evidence: E064/E065 vs E062/E063 (+0.12 pp for +0.9%) and E070's trim (-0.25 pp for -1.8%, against a lucky pool). New: E108 (2@16 + 1.75@24 + 1.25@28 + 2.5@32 vs E100) gave +0.09 off-seed over 3 processes (22 seeds) at +0.3% time. Scored was 0.7527 in two bit-identical runs, i.e. one distinct sample, which is weaker evidence than the 3-process off-seed. Leans toward support but is within ~1 SE (H4.6).
H8.2.1	3	H8.2	refuted	0.10	E108~	results	On E100 code, run 2@16 + 1.75@24 (bs 1536) + 1.25@28 + 2.5@32 (bs 1024): +0.5 epoch at 24 px funded by -0.25 epoch at 32 px. Prediction: pooled off-seed gain >= +0.1 pp over >=3 processes, and distinct scored samples not below E100's. Outcome E108/E109: off-seed +0.09 (3 processes, 22 seeds), scored 0.7527 in one distinct sample (two bit-identical runs), time +0.3%. Leans toward support but stays inconclusive. Decide with H8.2.2.
H12	1		open	0.20		review	Under Muon, data composition and augmentation strength are zero-time accuracy sources, and the current setting may sit above the short-budget optimum. Evidence: the accuracy response to augmentation and coverage is steep. Translate 4 cost ~-0.6 pp (E131) and halving unique 32 px coverage ~-0.9 pp (E124), both at 100 seeds. Class balance is null (E112). Augmentation was closed after testing only the upward direction. The recipe is under-trained (~1 pp per 32 px epoch, E128), which favors weaker augmentation, especially in the late 28/32 px phases. Live: translate 1/0 and flip removal late (weaker augmentation node).
H12.1	2	H12	refuted	0.05		search:https://arxiv.org/abs/2105.13343	Multi-sample augmentation at equal compute: 2+ augmented copies of the same image within a minibatch at fixed batch size and step count. Fort et al. (2105.13343) find +1.6 pp on CIFAR-100 at multiplicity 4, but only at ~8,000 sample-epochs, where coverage is not a constraint. At ~7.5 epochs, halving unique-image coverage is a real risk, and alternating flip already lowers augmentation variance. Low prior.
H12.1.1	3	H12.1	refuted	0.04	E124-	search:https://arxiv.org/abs/2105.13343	On E100, in the 32 px phase only (bs 1024), build each batch from 768 unique images plus 256 repeated images with an independent augmentation draw (opposite flip, independent translate). Samples per step, step count and shapes are unchanged; time within +/-0.5%. Prediction: paired gain >= +0.1 pp on the large-seed instrument (H4.6.1). If <= -0.1 pp, coverage dominates at this budget and the line closes.
H12.2	2	H12	refuted	0.06		review	Class-balanced minibatches. With ~10-15 images per class per batch over 100 classes, a uniform permutation leaves per-class counts per batch highly variable. Stratified batches reduce gradient variance from class imbalance at zero compute, which may matter in a ~280-step run.
H12.2.1	3	H12.2	refuted	0.05	E112-	review	On E100, replace each epoch's uniform permutation with a stratified one: every batch holds floor or ceil of bs/100 images per class in random order, generated on the GPU from the trial seed inside train, so no data touches import or build. Samples, steps and shapes are unchanged; time within ±0.3%. Prediction: pooled off-seed gain on seeds 3-26 >= +0.1 pp over >=3 processes per arm. A result within ±0.05 pp closes it.
H12.3	2	H12	refuted	0.06		review	(Upward direction only) Stronger augmentation under Muon hurts: translate 4 cost ~-0.6 pp (E131), duplicated draws ~-0.9 pp (E124), and jitter hurt under SGD (E008). This refutes only the 'more augmentation' half. The weaker direction is a separate node (weaker augmentation under H12).
H12.3.1	3	H12.3	refuted	0.04	E131-	review	On E100, raise translate from 2 to 4 px (reflect padding, same fused GPU op) in the 28/32 px phases only. Time within +/-0.5%. Prediction: paired gain >= +0.1 pp on the large-seed instrument (H4.6.1). If <= -0.1 pp, the short budget is under-fitting under Muon too, and augmentation strength is closed.
H2.19	2	H2	open	0.15		search:https://docs.nvidia.com/deeplearning/performance/dl-performance-convolutional/index.html	Group-3 width 512 as a FLOP lever. The tile-slack premise is refuted: E117 found group-3 width cost FLOP-proportional, with 512 projected at -5.2% and 640 at +4.7%. Whether 512 loses less accuracy than the time it buys is open. The prior is low: futurebiohackers chose 576 in a ~40-config sweep because last-block width 'adds accuracy for little compute' (search), and E005 shows late capacity matters.
H2.19.1	3	H2.19	refuted	0.10	E117-	search:https://docs.nvidia.com/deeplearning/performance/pdf/Matrix-Multiplication-Background-User-Guide.pdf	Free first: read the logged cuDNN/cutlass kernel names for the group-3 convs at 28/32 px (E094/E099/E106 logs). If they use 64-wide N tiles, close without runs. Otherwise run an untimed profile of group-3 widths 512/576/640 on E100 (all shapes warmed). Prediction: 512 saves >=3% of total time, and 640 adds <=1.5%. Score whichever trades better, on the large-seed paired instrument (H4.6.1). A width-512 arm must lose <=0.15 pp, beating the 0.05 pp per 1% bar.
H7.4	2	H7	open	0.05		review	Muon lr schedule shape. Only the floor and the warmup endpoints were tuned under Muon; the linear-decay shape was inherited from SGD. A warmup-stable-decay shape keeps a high relative step longer. Very low prior: airbench94_muon and hiverge use plain linear decay (search), WSD evidence is LM-only, E081/E083 show high-LR iterates hurt averaging, and the Muon lr level is flat (H7.1).
H7.4.1	3	H7.4	open	0.04		review	On E100, Muon groups only: hold the peak lr until 50% of samples, then decay linearly to the existing floor at the floor-hold point (~96%). Warmup, SGD groups and the tail are unchanged; 0-d tensors, nothing recompiles. Prediction: paired off-seed gain >= +0.15 pp on the large-seed instrument (>=100 seeds, H4.6.1) at equal time. A result within +/-0.05 pp closes schedule shape.
H4.6	2	H4	supported	0.80		review	Effective sample size is the number of distinct (non-bit-identical) trajectories, whether they come from new seeds or new fresh processes on the same seeds. Seed pairing gives no variance reduction (E113: paired sd 0.36 = sqrt(2) x 0.26), so large-seed A/Bs are two-sample comparisons with SE = 0.26*sqrt(1/nA + 1/nB). 100 vs 100 gives SE ~0.037 pp. A pooled >=200-trajectory baseline gives ~0.032 against a 100-trajectory arm. Untimed trials (~4.5 s) make ~100 trajectories per ~8 min.
H4.6.1	3	H4.6	supported	0.80	E113+	review	Calibrate the large-seed instrument. Untimed, through the benchmark's trial code: run E100 and a math-neutral perturbation of E100 (e.g. reordered param groups or an equivalent fusion order) on the same 100 seeds (3-102), one process each. Prediction: the per-seed sd of the paired difference is 0.3-0.5 pp, so the 100-seed paired SE is 0.03-0.05 pp, and the mean difference is within +/-2 SE of 0. Set the support/refute threshold for every later A/B at ~2x the observed SE. If the per-seed difference sd is <0.15 pp, seed pairing works and 22-seed instruments were adequate.
H4.7	2	H4	retired	0.05		review	The off-seed side script and the scored harness differ in something that changes cuDNN or Inductor picks (shared autotune cache, memory state, launch path). That would explain why the scored 3-seed mean varies ~0.2 pp across identical-code processes (E101) while the side script's 22-seed mean varies only ~0.03 pp (E106, implying ~0.14 pp per seed).
H4.7.1	3	H4.7	retired	0.05		review	Untimed: run E100 on seeds 0-2 through the side script in >=4 fresh processes, and compare per-seed values and the spread of the 3-seed mean with the three distinct scored E100 samples (0.7561/0.7516/0.7551). Prediction (same instrument): the side-script process sd of the 3-seed mean is 0.12-0.25 pp, and its per-seed values fall within the scored per-seed range. If the side-script sd is <0.08 pp, the side script differs from the harness and off-seed verdicts do not transfer to the gate.
H4.8	2	H4	retired	0.05		review	Gate-instrument question. E100's 3/3 distinct scored passes (mean 0.7543) against a population off-seed mean of 0.7527, equal to E090's (~0.7525, with E090 scored at 0.7515), reflect either a persistent recipe x seed offset on the fixed seeds 0-2 or luck. If persistent, the gate must be optimized on seeds 0-2 and off-seed closes may be the wrong quantity. If luck, E100 passes the local gate only ~50-60% of the time.
H4.8.1	3	H4.8	retired	0.05		review	Run E100 and E090 on seeds 0-2 in >=5 fresh processes each (untimed side script, or scored reruns). Prediction (persistent offset): pooled E100 seeds-0-2 mean >= 0.7538 and pooled E100 - E090 >= +0.15 pp on seeds 0-2, while their off-seed difference stays ~0. If the pooled seeds-0-2 means converge to within 0.05 pp of their off-seed means, there is no persistent offset: E100's passes were luck, and H4 must state that the gate is decided by population margin plus luck.
H8.2.2	3	H8.2	refuted	0.12	E114~	review	Decisive H8.2-vs-H11 test on the large-seed instrument. Run E108 code (2@16 + 1.75@24 + 1.25@28 + 2.5@32) against E100 on 100 seeds, paired, untimed. Prediction (H8.2): paired gain >= +0.08 pp (>= ~2 SE). If it holds, score one further step (2@16 + 2.0@24 + 1.25@28 + 2.25@32) and test whether the gain funds a ~1.5% 32 px trim. If the gain is <= -0.05 pp, H11 wins and H8.2 is refuted.
H9.2	2	H9	open	0.12		review	Averaging strength under Muon. Lookahead (every 3 steps at bs 1536, airbench-style ramp) and the final 8-step EMA (lerp 0.3) were never tuned under Muon. hiverge's CIFAR-10 Muon SOTA uses no training-time averaging, while airbench's lookahead uses decay 0.95^5*(t/T)^3, i.e. almost no early smoothing. Premise to verify first: removing lookahead costs >=0.1 pp on >=100 trajectories (E092 was -0.18 on 8 seeds, ~1.4 SE). If it does not, averaging strength is not a lever.
H9.2.1	3	H9.2	open	0.15		review	Gated on a 100-seed lookahead-removal re-measure showing >=0.1 pp loss vs the pooled E100 baseline. Then, on E100 (host-side scalars or 0-d tensors only, nothing recompiles), run arms judged on >=100 trajectories each vs the pooled baseline: lookahead ramp exponent 2 and 4 (vs the current cubic), peak decay x0.8 and x1.2, and final-EMA lerp 0.2 and 0.4 (window fixed at the last 8 steps). Prediction: at least one arm gains >=+0.08 pp (~2.5 SE vs pooled). If every arm is within +/-0.05 pp, averaging strength is closed (effects >=~0.1 pp excluded).
H2.20	2	H2	supported	0.65		search:https://ar5iv.labs.arxiv.org/html/1706.04983	Late layer freezing is a real rate lever with a small, real accuracy cost. Stem + group 1 frozen from 85% of samples: -4.5% time, -0.09 pp (E118, 198 trajectories), banked (E119). From 92%: -2.5%, -0.02 pp (E120). From 80%: a further -1.7% for -0.10 pp (E133), a marginal ~0.06 pp per 1%, so 85% is at or near the optimum. Closed: group-2 freeze (E125, ~0.055 pp per 1%), FreezeOut LR anneal (E129, +0.002), and caching frozen-layer activations (search 2508.15033: fails under flip/translate augmentation). Open: BN eval mode in the frozen window (H2.20.6, FreezeOut's own design per search 1706.04983) and progressive freeze (very low prior).
H2.20.1	3	H2.20	supported	0.55	E116~	search:https://docs.mosaicml.com/projects/composer/en/latest/method_cards/layer_freezing.html	Untimed first: on E100, profile per-step time and NVML energy at 32 px / bs 1024 with group 1 + stem detached vs not detached (static graph variant warmed up in build). Prediction: the detached step is >=10% cheaper, so freezing over the last 30% of samples saves >=3% of total time. Only if that holds, score the freeze from ~70% of samples and decide on the large-seed paired instrument (H4.6.1). It must lose <=0.1 pp, i.e. beat ~0.035 pp per 1%. If the profiled step saving is <6%, close without a scored run.
H2.21	2	H2	inconclusive	0.30		review	In the energy-bound 32 px phase, the backward of the high-resolution early layers (stem + group 1 on 31x31x128 activations: conv wgrad/dgrad, BN/GELU backward) costs >=1.3x its FLOP share of the step. Its BN/GELU backward passes over the largest activations dominate memory traffic and energy, which the fused elementwise kernels' ~30% GPU-time share (E067) and E116's ~15-20% step saving (vs ~13% backward-FLOP share) both suggest. Consequence: byte cuts at high resolution (late freeze, group-1 width, early downsampling) trade better than FLOP-equivalent cuts in group 2/3.
H2.21.1	3	H2.21	inconclusive	0.25	E122+	review	Untimed profile on E100 at 32 px / bs 1024 (static graphs, warmed in build): per-group backward GPU time and NVML energy, plus bytes read/written by the BN/GELU backward kernels per group. Prediction: stem + group 1 account for >=1.3x their backward-FLOP share of backward energy (>=17% vs ~13%), and the detached-variant step from E116's step-1 profile is >=15% cheaper per step. If the ratio is <1.1x, E116's saving needs another explanation (e.g. removed optimizer work for group-1 params), and N_bytes is refuted.
H2.21.2	3	H2.21	open	0.10		review	Group-1 width as a byte lever, never tested under Muon (H2.6 dismissed it on an SGD-era FLOP estimate). Free first: read the logged kernel tile shapes for group-1 convs. Then an untimed profile on E100 of group-1 widths 96 (1.5x64) and 112 vs 128, at 32/28 px bs 1024 and 24/16 px bs 1536 (all shapes warmed). Width 96 cuts ~13% of conv FLOPs (g1 convs plus g2 conv1 input) and 25% of the 31x31 activation bytes. Prediction: width 96 saves >=5% of projected total time, i.e. it recovers >=70% of its FLOP-proportional saving, unlike group 2's 33-60% (E080). Score only if >=5%, and judge accuracy on >=100 trajectories vs the pooled E100 baseline, requiring <=0.03 pp loss per 1% saved. Low prior: capacity is valuable on CIFAR-100 (E017, E050).
H2.20.2	3	H2.20	inconclusive	0.20	E120+ E133-	review	Dose-response of the stem + group-1 freeze. Measured: 92% -0.02 pp / -2.5% (E120); 85% -0.09 pp / -4.5% (E118). Remaining: 80% and 75% of samples, untimed, 100 seeds each vs the pooled E100/E116 baselines, with per-trial times from one scored row each (every freeze x renorm variant warmed; TORCH_LOGS=recompiles dev check). Prediction: 80% saves ~5.5% at <=0.18 pp; 75% saves ~6.5% at <=0.30 pp. The 85->75 marginal rate must stay <=0.05 pp per 1% for an earlier freeze to beat 32 px re-spend. If the marginal rate is >0.06, the freeze stays at 85%.
H2.20.3	3	H2.20	open	0.04		search:https://arxiv.org/html/2510.02239	Progressive/stochastic freeze (Drop-Muon style). Over the last ~40% of samples, detach group 1 on each step with a probability rising linearly from 0 to 1. The expected frozen fraction equals the 85% hard freeze (~15% of samples), using the same two warmed graph variants selected per step on the host (group-1 params skip Muon/SGD on frozen steps; momentum untouched). Prediction: at equal total time (+/-0.5%), accuracy is >=0.04 pp better than the 85% hard freeze on >=100 trajectories each. Low prior: evidence comes only from tiny CNNs and training-accuracy metrics, and MosaicML found no Pareto gain.
H2.20.4	3	H2.20	refuted	0.05	E125-	review	Deeper late freeze: from ~92% of samples, also detach group 2's output, warmed as a third static 32 px graph variant. Measure the frozen-graph step time directly; do not project it from E122's per-group attribution, which over-predicted E116's saving by ~1.5x. Prediction: >=1.5% additional measured saving over the stem + group-1 freeze at the same point, with an extra loss <=0.06 pp on >=100 trajectories vs the pooled baseline. If the extra loss is >=0.1 pp, the late-freeze depth is capped at group 1.
H4.6.2	3	H4.6	supported	0.65		review	Free analysis: pool E113's arms A and B (200 E100 trajectories, mean ~0.7530, SE ~0.018) as the standing baseline, and keep appending new E100 trajectories. Recompute E114 and E116 against it. Prediction: E114 ~ +0.045 pp and E116 ~ -0.09 pp (SE ~0.032 each), i.e. E116 trades ~0.025 pp per 1%. From now on every large-seed arm is compared with this pooled baseline, not a single 100-seed vector.
H4.9	2	H4	open	0.55	E118~	review	Acceptance rule, pre-registered and not adjusted per candidate. (1) Official safety: population mean mu >= 0.7513 on >=100 trajectories, i.e. >=3 sd of the 40-seed mean above 0.75. This is a hard policy floor; candidates that miss it by <2 SE (E133: 0.75106, ~1.3 SE short) are reported as policy rejections, not accuracy refutations. (2) Local gate: at most 3 scored attempts per code, stopping at the first row >=0.753. Every scored rerun of the same code counts toward the budget, including tip reruns attached to other experiments. E116 code already has 7 rows, which lifts the pass chance from ~61% to ~89% and voids the intended budget. (3) Every banked time is reported with Phi((mu-0.753)/0.15) and its observed pass count (E116 code: ~27% per attempt, 2/7). (4) Precondition before any final submission: submissions/arena must hold the banked E116 code, not E133's (E133 is marked feasible/improved in results.tsv and could be picked by a best-feasible-row selection). Margin policy: a cut may lower mu only down to 0.7513, and only at <=0.054 pp per 1% or funded at the 0.044 re-spend rate.
H4.9.1	3	H4.9	open	0.50		review	Free check on existing logs. For each same-code family with >=3 distinct scored samples and a >=100-trajectory population mean (E100: scored 0.7561/0.7516/0.7551/0.7532/0.7553/0.7534..., population 0.7530; E116: 7 rows, mean 0.7517, population 0.7521), plus the E090 family with its 22-seed mean, test whether the scored mean minus the population mean is within 2*0.15/sqrt(n) and whether the pass fraction matches Phi. Prediction: no family deviates by more than 2 SE. If E100's +0.13 pp gap (~2 SE) recurs with a consistent sign across families, add a per-recipe seeds-0-2 offset term to the gate model.
H10.1.2	3	H10.1	refuted	0.05	E121-	review	Before pairing E116's loss with an update-count gain: run E104 code (bs 1024 in all phases, +2.8% time) untimed on >=100 seeds vs the pooled E100 baseline. Prediction (H10): +0.08 to +0.15 pp (>=2.5 SE). If it lands at <=+0.04, the update-count rate is not real, and 'bs 1024 everywhere + 85% freeze' is not a net lever.
H2.11.6	3	H2.11	refuted	0.06	E126-	review	On E116 code (tip), run the 28/32 px phases at bs 1536 instead of 1024. Keep the sample-indexed schedule, rescale the SGD groups by the kilostep rule, keep Muon lr x1.25 at 32 px, keep the final-EMA window and lookahead stop pinned to the last 8 steps, and warm all freeze x renorm variants for the new shapes. Untimed, 100 seeds (3-102) vs the pooled ~198-trajectory E116 baseline. Prediction: loss <=0.05 pp (SE ~0.032) and projected/scored time -2% to -2.5%. If the loss is >=0.1 pp, the bs-1024 tail was a real purchase despite E121.
H2.11.7	3	H2.11	refuted	0.05	E134-	review	On the tip, run the 16/24 px phases at bs 2048 with the LR warmup fixed in steps, not samples (removes E043's warmup confound). SGD groups are kilostep-scaled; Muon is unchanged; all bs-2048 shapes and whiten-bias-grad variants are warmed in build. Untimed, 100 seeds vs the pooled E116 baseline. Prediction (H8 early-threshold view, E121): time about -1% and a loss <=0.03 pp. If the loss is >=0.1 pp, large early batches hurt through a channel other than update count (e.g. fewer early steps under the SGD-bias warmup).
H2.10.6	3	H2.10	supported	0.80	E128+	review	Measure the local yardstick on E116 code. Two untimed 100-seed arms: 32 px phase -0.25 ep and +0.25 ep (sample-indexed, schedules rescaled, freeze point kept at 85% of the new total). Prediction: a symmetric slope of 0.03-0.07 pp per 1% of time, resolved to about ±0.035 pp per arm. Every later cut (depth, width, freeze, 12 px) is judged against this measured rate, both as a pure cut and as cut plus re-spent 32 px epochs.
H2.18.2	3	H2.18	inconclusive	0.30	E127~ E130-	review	Arm (a) 2/3/3 on the E116 base, untimed, 100 seeds vs the pooled tip baseline. Outcome E127: -0.29 pp for -7.0% scored time (~0.04 pp per 1%), between the 0.25 and 0.4 pp bars. As a funded variant (re-spend ~0.29 epoch at 32 px) it nets ~-0.7%, inside error. Arm (b) 3/3/2 moves to its own node.
H2.18.3	3	H2.18	retired	0.03		search:https://arxiv.org/abs/1603.09382v3	Only if N_depth_acc shows a hard cut costs too much: stochastic depth on group 1's (or group 3's) residual branch (conv2-conv3). Skip the branch per batch with probability p (0.3-0.5) in the 28/32 px phases, using two warmed static graph variants selected on the host; the full net is used at eval. Prediction: at equal expected time saving, accuracy loss >=0.05 pp smaller than the hard cut on 100 seeds. Low prior: the gains in 1603.09382 come from 110-layer nets with long schedules.
H2.19.2	3	H2.19	open	0.15		search:https://github.com/abdullah-athar/iterate-futurebiohackers/pull/3	On the E116 base, set group-3 width to 512 (head [100, 512], Muon stacks re-batched, all freeze x renorm variants warmed). Untimed, 100 seeds vs the pooled tip baseline. Bar at the pure-cut rate (0.054 pp per 1%): -5.2% x 0.054 ≈ 0.28 pp. Prediction: loss <=0.18 pp. If the loss is >=0.28 pp, the cut trades no better than a 32 px trim and group-3 width closes. Low prior: futurebiohackers chose 576 because late width buys CIFAR-100 accuracy (E005), and 3/3/2 (also a group-3 capacity cut) traded at ~0.08 (E130).
H2.20.5	3	H2.20	refuted	0.08	E129-	search:https://ar5iv.arxiv.org/html/1706.04983	FreezeOut-style refinement of the 85% freeze, arm (a): anneal the group-1 and stem-BN LRs to 0 over 75-85% of samples before the detach. Outcome E129: +0.002 pp vs E116 at 100 seeds. Refuted. Arm (b), BN eval mode in the frozen window, was never run and moves to its own node.
H2.21.3	3	H2.21	open	0.30		review	Reconcile E122 with E116, untimed. On the tip, time the actual compiled detached 32 px / bs-1024 graph per step (CUDA events and NVML energy) next to the full graph, and recount backward FLOPs including group-2 conv1's dgrad. Prediction (FLOP-proportional view): the measured saving fraction equals the removed-FLOP fraction (~18.5%) within ±3 pp. If the saving is >=1.2x the FLOP fraction, H2.21's bytes claim survives. Use this measured ratio, not E122's per-group subtraction, to size H2.20.4.
H2.8.3	3	H2.8	open	0.06		review	On the E116 base, swap the first 16 px epoch to 12 px (1@12 + 1@16 + 1.25@24 + 1.25@28 + 2.75@32; static 12 px shape, both whitening-bias-grad variants warmed). Untimed, 100 seeds vs the pooled tip baseline. Prediction: ~-1.7% time at a loss <= 1.7% x the N_slope rate (~0.06 pp). Low prior: each 24->16 swap cost ~0.2-0.35 pp on noisy evidence.
H9.2.2	3	H9.2	open	0.30	E135-	review	Gate for H9.2.1 and a possible time lever: on E116 code, remove the lookahead-EMA (tail, final 8-step EMA and freeze kept; buffers and kernels dropped from build). Untimed, 100 seeds vs the pooled tip baseline. Prediction (premise of H9.2): loss >=0.1 pp. If the loss is <=0.04 pp, bank the ~0.4% time saving and close H9.2. E092's -0.18 was 8 seeds, ~1.4 SE.
H7.5	2	H7	retired	0.03		search:https://arxiv.org/abs/2510.05491	Row-normalized Muon (NorMuon): after NS orthogonalization, normalize each filter row's update by a running per-row second-moment estimate, inside the compiled update. This should give more uniform per-neuron update norms at ~zero time. Low prior: the evidence is LM-only, the filters are renormed and feed BN, and every Muon scalar knob has been flat.
H7.5.1	3	H7.5	retired	0.03		search:https://arxiv.org/abs/2510.05491	On E116 code, add NorMuon's row-wise second-moment normalization (beta2 0.95, one per-row buffer per filter stack, warmed in build) to the conv-filter Muon update only. Untimed, 100 seeds vs the pooled tip baseline. Prediction: gain >=+0.08 pp at time within +0.5%. If within ±0.05 pp, close.
H2.22	2	H2	open	0.25		review	Per-step time at a given (resolution, batch) shape is predicted by a two-term model, t = a·conv FLOPs + b·bytes moved by the BN/GELU forward and backward, fit per resolution on existing profiles (E080 group-2 widths, E117 group-3 widths, E122 per-group backward, E123 depth). This falsifiable model replaces H2's 'FLOP-proportional except...' clause. A clearly positive b means byte levers at high resolution (stem/group 1) trade better than FLOP-equivalent cuts.
H2.22.1	3	H2.22	open	0.25		review	Free/untimed: fit a and b on the >=8 per-step variants already profiled (E080, E117, E123), per resolution. Prediction: residuals <=3% on the fit set. Out of sample, the model predicts E116's frozen 32 px / bs-1024 step and E127's 2/3/3 step within ±3%. If b ≈ 0, H2.21's byte claim is refuted. If residuals exceed 5% for group-2 widths, a tile-quantization term is needed.
H2.23	2	H2	inconclusive	0.15		review	Levers that trade below the re-spend rate can be combined with 32 px re-spend for a net time gain at constant population mean. Corrected rates: re-spend (upward) ~0.044 pp per 1% (E128 +0.25 arm), pure cut ~0.054. After E130-E134 the only measured lever below 0.044 is the already-banked 85% freeze. 2/3/3 (~0.041) breaks even. On hold until at least two new levers are measured below ~0.04 pp per 1%.
H2.23.1	3	H2.23	retired	0.05		review	After the 75/80% freeze points, 3/3/2, early bs 2048 and the 16 px trim are measured at 100 seeds, build one candidate. Include every lever measured at <=0.045 pp per 1%, then add 32 px epochs (sample-indexed, freeze point rescaled) until the predicted mean is back at the tip's 0.7521. Pre-register the predicted time from the measured rates (sum of savings minus re-spend at ~0.89 s per 32 px epoch, adjusted for the frozen fraction). Prediction: time >=1.5% below 4.262 s, with a 100-seed mean within 0.03 pp of 0.7521. If the measured net saving is <0.5%, or the mean falls >0.06 pp short of prediction, lever rates do not add (interactions) and the frontier line closes.
H2.18.4	3	H2.18	refuted	0.05		search:https://raw.githubusercontent.com/KellerJordan/cifar10-airbench/master/airbench96_faster.py	Arm (b) 3/3/2 on the E116 base: drop group-3 conv3, re-batch the Muon stacks, warm every freeze x renorm x whiten-bias-grad variant, and confirm no recompiles on a 2-trial dev run. Untimed per-step profile with the freeze on, then 100 seeds vs the pooled E116 baseline. Prediction: projected saving >=5%, and loss <=0.20 pp, well under the ~0.30 pp bar at 0.05 pp per 1%. If the loss is >=0.30 pp, depth cuts close.
H2.20.6	3	H2.20	open	0.35		search:https://ar5iv.labs.arxiv.org/html/1706.04983	FreezeOut arm (b). In the frozen window (85% of samples onward), run stem + group-1 BN in eval mode using the running stats at freeze time, as a separate warmed static graph variant. This removes the batch-stat reductions over the 31x31x128 activations. Untimed per-step profile plus 100 seeds vs the pooled E116 baseline. Prediction: time -0.2% to -0.5%, loss <=0.02 pp. If the loss is >=0.05 pp, the frozen layers' train-mode BN still adapts usefully to the shifting downstream input, and the line closes.
H2.21.4	3	H2.21	retired	0.10		review	Gated on H2.21.3 or N_costmodel showing stem/group-1 bytes cost >=1.2x their FLOP share. Untimed profile of a cheaper early stage: move group 1's max-pool from after conv3 to after conv1, so conv2/conv3 run at 15x15 instead of 31x31. Warm all shapes, freeze variants included. Prediction: projected saving >=8%. Score at 100 seeds only if it is >=8%, with the bar at 0.05 pp per 1%. Low prior: early high-resolution capacity was fragile (E093, E032).
H11.2.2	3	H11.2	open	0.50	E136-	review	Confound ablation of E126, untimed, 100 seeds vs the pooled E116 baseline. On the tip, run the 28/32 px phases at bs 1536, but pin the final-EMA window and lookahead stop to the same sample count as the tip (~8192 samples, ~5 steps) and keep the SGD groups at their bs-1024 values (no kilostep rescale). Muon x1.25 is unchanged. All bs-1536 freeze x renorm variants are warmed. Prediction (update-count mechanism): loss >=0.12 pp, reproducing most of E126's -0.18. If the loss is <=0.05 pp, E126 came from the window or SGD rescale, and both H11.2 and H2.11.5 lose their basis.
H8.3	2	H8	refuted	0.12		review	Early-phase threshold mechanism. After the 24 px bridge and the whitening-bias window (~41% of samples), early features are formed, and further low-res samples or updates have low marginal value per unit time. 16 px samples are the least informative, so they are the cheapest to remove.
H8.3.1	3	H8.3	refuted	0.08	E132-	review	On the tip, trim the 16 px phase from 2.0 to 1.5 epochs: sample-indexed switches, with LR warmup/decay, floor-hold, renorm cadence, whitening-bias window and the 85% freeze all rescaled to the new total; all shapes already warmed. Untimed, 100 seeds vs the pooled E116 baseline. Prediction: time about -3% (0.5 x ~0.26 s) and loss <=0.05 pp, i.e. <=0.017 pp per 1%, far below the yardstick. If the loss is >=0.15 pp (>=0.05 pp per 1%), the threshold view is wrong for 16 px exposure.
H7.6	2	H7	open	0.05		search:https://arxiv.org/html/2609.09676	Muon-C: orthogonalizing each frequency block of the 3x3-DFT of the kernel momentum gives better-conditioned conv updates. Corrected evidence (search 2609.09676): the classification gains (+0.26 to +0.60 pp over unfolded Muon) were measured on ImageNet-100 at 100 epochs, not on short budgets. The short-budget claim comes from CIFAR-10 flow-matching FID. Measured optimizer overhead is ~2x unfolded Muon's (1.36x vs 1.18x of Adam's step), which projects to ~+4-5% time if applied only in the 16/24 px phases. Local evidence against the mechanism: better conditioning (NS 4, E033) bought nothing at this budget. Very low prior.
H7.6.1	3	H7.6	open	0.04		search:https://arxiv.org/html/2609.09676	Step 1, untimed: implement Muon-C in the compiled batched update (bf16, 3 NS steps, frequency blocks batched per shape) and measure ms/step vs the current update at 16 and 24 px. Step 2, only if the added time for the 16/24 px phases is <=+3% of the run: apply it to the group filters in the 16/24 px phases only (unfolded Muon at 28/32 px), 100 seeds vs the pooled E116 baseline. Prediction: gain >=+0.15 pp, and >=0.05 pp per 1% of added time. If the gain is <=0.05 pp, the CIFAR-100 short-budget benefit does not transfer and the line closes.
H13	1		open	0.30		review	Zero-time tip components were adopted on <=1.5 SE evidence: head on Muon and head lr 0.5x (E044 one run, E062/E063), Muon x1.25 at 32 px (E100, null at population level), the pinned 8-step window (E096), the Fable tail's floor-hold and final EMA (E068/E069; E079 8-seed), and lookahead (E092 8-seed). At least one of them is null and costs time, or is slightly harmful. 100-seed removal ablations against the pooled E116 baseline can recover >=0.08 pp of margin, or ~0.4% time, at zero accuracy cost. Low-moderate prior: most of these were neutral-to-positive in their noisy tests, but the Muon reference recipes use no lookahead/EMA (search).
H13.1	2	H13	open	0.15		review	The optimizer-side scalars on the head and in the 32 px phase (head on Muon, head lr 0.5x, Muon x1.25 at 32 px) were never compared at population level. One of them costs >=0.08 pp.
H13.1.1	3	H13.1	open	0.15		review	On E116 code, run three untimed arms of 100 seeds each vs the pooled E116 baseline: (a) head Muon lr 1x instead of 0.5x; (b) Muon factor 1.0 instead of 1.25 at 32 px; (c) head weight back on SGD with the pre-E044 settings. All changes are 0-d tensors or warmed variants, so nothing recompiles. Prediction: at least one arm gains >=+0.08 pp (~2.4 SE vs pooled); that removal is adopted as margin. If all three are within ±0.05 pp, the components are neutral and stay for simplicity of lineage.
H9.2.3	3	H9.2	open	0.30		results	On E116 code, remove only the final 8-step EMA: evaluate on the net weights and keep the floor-hold and lookahead stop. Untimed, 100 seeds vs the pooled E116 baseline. Prediction (H9 premise, E079's 8-seed -0.18): loss >=0.1 pp. If the loss is <=0.04 pp, the final EMA is null at population level. Together with a null H9.2.2, averaging strength is then closed and H9 is retired.
H14	1		open	0.50		review	The tip sits on an equalized-marginal-rate frontier. Greedy banking pushed each schedule, batch, freeze and depth lever to roughly the same exchange rate, so every remaining trade of existing phases, freeze points or batch sizes costs ~0.044-0.06 pp per 1% of time (E128 0.054/0.044, E132 0.055-0.075, E125 0.055, E133 0.06, E127 0.04). Increments saturate (E121, E114). Consequence: further gains need either new zero-time accuracy (large-seed re-screens, removal ablations, weaker augmentation) or a structural change that moves the frontier. Falsifiable: a clean trim that is not a schedule-rescale artifact still costs >=0.044 pp per 1%, and a late increment buys <=0.044 pp per 1%.
H14.1	2	H14	open	0.45		review	The ~0.05 pp per 1% cost of phase trims reflects the marginal value of the removed training itself, not side effects of rescaling the LR/floor/renorm schedule or of shortening the whitening-bias window (the E132/E134 confounds).
H14.1.1	3	H14.1	open	0.40		review	Clean 16 px trim on E116 code: drop only the first 0.5 epoch of 16 px. Keep the absolute sample positions of everything after it (LR warmup end, decay, floor-hold, renorm cadence, whitening-bias detach, 85% freeze, 28/32 px switches), i.e. start the schedule 0.5 epoch in, with warmup kept in steps. Untimed, 100 seeds vs the pooled E116 baseline, same-base comparison. Prediction (frontier): loss >=0.12 pp for ~-3% (>=0.04 pp per 1%). If the loss is <=0.05 pp, E132's cost was a rescale artifact; reopen the 16 px trim as a lever and mark H8.3 as a confounded refutation.
H14.2	2	H14	open	0.20		review	A structural redesign of the high-resolution 31x31x128 stage (stem + group 1) can move the frontier. That stage carries ~31% of backward time at 32 px (E122: 3.75 of 12.0 ms), plus its BN/GELU bytes on the largest activations, while group 1's third conv cost only ~0.04 pp per 1% to remove (E127). Cheaper early spatial processing trades capacity where it is least valuable. Risk: early high-resolution features were fragile (E093, E032).
H14.2.1	3	H14.2	open	0.15	E140-	review	Untimed profile on E116 code (all shapes x freeze x renorm x whiten-bias-grad variants warmed) of three variants: (a) group 1's max-pool moved from after conv3 to after conv1, so conv2/conv3 run at 15x15; (b) group-1 width 96; (c) both. Project total time over the E116 schedule. Prediction: at least one variant projects >=8% saving. Score at 100 seeds vs the pooled E116 baseline only those that do, with the bar at <=0.044 pp per 1% (fundable by 32 px re-spend). If none projects >=8%, close structural early-stage changes without accuracy runs.
H15	1		open	0.30		review	Zero-time knobs closed on single 3-seed runs before the large-seed instrument existed (E113) hide >=0.1 pp of population accuracy. Those runs had a two-arm SE of ~0.2 pp, so effects up to ~±0.3 pp were never excluded: LS (E037, E009), Muon momentum (E030, E027), warmup (E051, E059), the Muon floor (E057), the whitening-bias window (E061), the activation (E003, SGD only). The 100-seed instrument resolves ~0.07 pp at 2 SE, and +0.1 pp buys ~2% time through a 32 px trim at 0.054 pp per 1%.
H15.1	2	H15	open	0.25		search:https://raw.githubusercontent.com/hiverge/cifar10-speedrun/main/cifar10_speedrun.py	Label smoothing 0.3 was tuned under SGD at 8.5 epochs. Under Muon on the shorter tip it may be over-regularized: tuned Muon CIFAR recipes use LS 0.09 (hiverge, search), and every augmentation increase hurt strongly (E131, E124), consistent with an under-fit regime.
H15.1.1	3	H15.1	open	0.20	E138-	review	On E116 code, two untimed arms of 100 seeds each vs the pooled E116 baseline: LS 0.2 and LS 0.25 (a loss constant, nothing recompiles). Prediction: at least one arm gains >=+0.08 pp. If both are within ±0.05 pp, LS is closed at population level.
H15.2	2	H15	open	0.20		review	Optimizer scalars closed on 3-seed evidence may hide margin: Muon momentum (only 0.5/0.6/0.85 tested, 3 seeds each; hiverge uses 0.655), the 64x LR multiplier on the SGD-trained BN biases, and BN momentum. Each is a 0-d tensor or host constant, so arms cost nothing in time.
H15.2.1	3	H15.2	open	0.15	E139+	review	On E116 code, untimed arms of 100 seeds each vs the pooled E116 baseline: Muon momentum 0.5 and 0.7; BN-bias SGD multiplier 32x and 96x. Prediction: at least one arm gains >=+0.08 pp. If all four are within ±0.05 pp, optimizer scalars are closed at population level. Expect momentum 0.7 to be the riskiest arm, given E027's -1.18 pp at 0.85.
H15.3	2	H15	open	0.10		review	GELU->SiLU was rejected under SGD on one 3-seed run (E003: -2.2% time, -0.61 pp). Under Muon the accuracy cost of the activation has never been measured. At the 0.054 pp per 1% pure-cut rate, a -2.2% saving breaks even at <=0.12 pp loss.
H15.3.1	3	H15.3	open	0.08		review	Untimed per-step profile of the E116 tip with SiLU (and ReLU) in place of GELU, all variants warmed. Only if the projected saving is >=2%, run 100 seeds vs the pooled E116 baseline. Prediction: loss <=0.10 pp, i.e. <=0.05 pp per 1%. If the saving is <1.5% or the loss is >=0.15 pp, the activation is closed under Muon.
H12.4	2	H12	open	0.20		review	Weaker augmentation in the late phases. The accuracy response to more augmentation is steep (translate 4 -0.6 pp, E131), so translate 2 may itself be above the short-budget optimum. Under-training (~1 pp per 32 px epoch) favors less late regularization. Flip remains the safest augmentation to keep.
H12.4.1	3	H12.4	open	0.20	E137+	review	On E116 code, in the 28/32 px phases only, run untimed arms of 100 seeds each vs the pooled E116 baseline (same base): translate 1 and translate 0 (flip kept), with the pad width as a host-side constant per phase and both variants warmed. Time within ±0.5%. Prediction: at least one arm gains >=+0.08 pp. If translate 1 is within ±0.05 pp and translate 0 loses, translate 2 is at the optimum and augmentation strength closes in both directions.
H12.4.2	3	H12.4	open	0.10		review	On E116 code, disable the alternating flip in the last 32 px epoch only (translate 2 kept; host-side flag, nothing recompiles). Untimed, 100 seeds vs the pooled E116 baseline. Prediction: gain >=+0.06 pp, since late training on the test distribution helps under-fit models. If the loss is >=0.05 pp, late flip is still useful regularization.
