id	hypothesis	priority	status	expected	description	note
I001	H1.1.1	5	done	First feasible run: accuracy ~0.755-0.760 (>=0.753), time ~8-9 s, complete True. All three trial times within ~3% of each other, since warmup moves into build. If accuracy comes in at 0.750-0.753, the next step is the same recipe at 9.0 epochs.	Replace the no-op baseline in submissions/arena/ with the futurebiohackers airbench96-style recipe as published (A1a): frozen 2x2 patch-whitening stem, 3-conv groups at widths 128/384/576, SGD-Nesterov lr 9 with BN biases at 64x LR, label smoothing 0.3, lookahead-EMA, alternating flip + translate 2, 8.5 epochs, bs 1024, fp16 + channels_last, GPU-resident uint8 data with GPU-side augmentation. In build, run torch.compile max-autotune and warm it up on synthetic inputs for both train and eval shapes, including eval batch sizes 1..1024 or dynamic, and the cuDNN/CUDA init. E000 showed lazy init landing in the first timed trial. Log the per-trial prepare and train split.	
I002	H4.1.1	4	done	Mean accuracy within 0.15 pp of A1a, mean time within 2%, per-seed std <=0.35 pp. This sets the threshold below which later time gains count as noise.	Rerun the A1a reproduction byte-identical, with no code change, to measure run-to-run time and accuracy noise. Record the per-seed accuracy std and the per-trial prepare/train times from both runs.	
I003	H1.2.1	4	dropped	Accuracy stays >=0.753 (roughly -0.1 to -0.3 pp vs A1a). Time drops ~10-12%, to about 7.5-8 s.	On top of A1a, apply dirac (identity) init to the second and third conv of each group, the parts that map channels to themselves, as in airbench. Cut epochs from 8.5 to 7.5 and change nothing else.	Premise false: the reference recipe (E001) already applies dirac init in Conv.reset_parameters to every 3x3 conv (w[:w.size(1)]), so H1.2's 'missing dirac' cannot be tested; the epoch cut alone is covered by I006/epoch sweeps.
I004	H2.2.1	3	done	Time -2 to -4%, accuracy within ±0.2 pp of A1a.	On top of A1a, replace every GELU activation with SiLU (same compile and epochs). If the reference already uses ReLU or SiLU, test GELU->ReLU on whichever activation it does use.	
I005	H3.2.1	3	done	Prepare time -30% or more. If prepare is >=3% of the total, total time falls ~1-2%. Accuracy within ±0.2 pp.	On top of A1a, compute the patch-whitening eigendecomposition on the first 1500 training images instead of 5000, and do normalization in fp16 on the GPU in one fused pass. Instrument prepare time separately.	
I006	H1.3.1	3	done	Per-epoch cost +~6-8%, epochs -12%, net time -3 to -5%. Accuracy ~0.754-0.758 (>=0.753).	On top of A1a, widen the last group from 576 to 768 channels and cut epochs from 8.5 to 7.5. Recompile and warm up the new shapes in build.	
I007	H2.1.1	2	done	Time -5 to -10% vs A1a. Accuracy -0.1 to -0.4 pp (risk of dropping below 0.753, explore).	On top of A1a, train at 24 px for the first ~40% of epochs, 28 px for the next ~30% and 32 px for the rest, with random-resized crops on the GPU. Add +0.5 epochs (9.0 total). Compile and warm up all three shapes in build so no recompile happens in timed code. The final EMA/eval runs at 32 px.	
I008	H3.3.1	2	done	Time -3 to -6% from fewer steps and better utilization. Accuracy -0.2 to -0.6 pp (likely near or below threshold, explore).	On top of A1a, raise the batch size from 1024 to 2000 at equal epochs. Scale lr, wd and EMA/lookahead intervals by the kilostep rule: keep lr*wd per example, and scale the step-based schedule by the step count. Warm up the new shapes in build.	
I009	H1.4.1	5	done	Time about 6.80 s (-5.5 to -6%, since 1 epoch is about 0.85 s). Accuracy about 0.751-0.754 (-0.15 to -0.4 pp vs 0.7549). If it is >=0.753 it becomes the new tip. Either way it measures the local accuracy-per-epoch slope that every later epoch-cut idea depends on, and it is the baseline for the brightness/contrast and label-smoothing ideas.	Control run for H1.4.1, and the epoch-slope point for H1. Start from A1a (E001 tip) and change only the epoch count, from 8.5 to 8.0. Scale the LR and lookahead/EMA schedule to the new total step count the same way the recipe already does. Leave everything else byte-identical. Log the per-seed accuracies.	
I010	H1.4.1	4	done	Accuracy +0.1 to +0.3 pp over the 8.0-epoch control, giving about 0.753-0.756 (feasible). Time within +0.5% of the control, about 6.80-6.85 s, because the op is cheap. If accuracy does not beat the control by more than about 0.2 pp (the perturbation-noise level), H1.4.1 is refuted.	Take the 8.0-epoch recipe from the control idea and add light brightness/contrast jitter in the existing GPU-side augmentation. Per image, multiply by a contrast factor drawn uniformly from [0.85, 1.15] around the per-image mean, then add a brightness offset drawn uniformly from [-0.1, 0.1] (in normalized units), before the flip/translate step. Apply it to training batches only and keep it a single fused elementwise op. Change nothing else.	
I011	H1	3	done	Accuracy +0.0 to +0.3 pp over the 8.0-epoch control. Time identical to the control (about 6.80 s). If the gain is >=0.2 pp, also retune at 7.5 epochs. If accuracy falls, ls 0.3 is near-optimal and epoch cuts need another source of accuracy.	On the 8.0-epoch recipe, lower label smoothing from 0.3 to 0.2. Change nothing else. This tests whether the reference hyperparameters, which were tuned at 8.5 epochs, leave accuracy on the table at shorter schedules. Shorter training usually wants less regularization.	
I012	H3.1.1	2	done	Time -0.3 to -1.5% (about 7.11-7.20 s), most likely short of the >=2% that H3.1.1 predicts, which would refute it and confirm the energy-bound model. Accuracy within ±0.2 pp, from floating-point reordering only. If time falls by >=2%, the power-cap model is wrong about optimizer memory traffic, and more fusion is worth pursuing.	Start from A1a. Make the optimizer fused: torch.optim.SGD(fused=True) if PyTorch 2.4 accepts it for this param-group setup, otherwise foreach=True. Wrap the optimizer step plus the lookahead/EMA update in a single torch.compile'd function and warm it up in build on synthetic gradients. Keep the epochs (8.5) and all hyperparameters unchanged. This also tests the E004 power-cap lesson, which predicts little gain from cutting overhead alone.	
I013	H2.3.1	2	done	Time -2 to -6%: each step costs about 0.93x a full step after epoch 2, and less GPU energy. Accuracy -0.3 to -1.0 pp, likely infeasible at 8.5 epochs. The value of the run is the exchange rate. If accuracy loss per % of time saved beats the epoch-cut rate (about 0.35 pp per 6%), combine it with +0.5 epochs. Otherwise H2.3 is refuted for this data size.	Start from A1a (8.5 epochs). From the start of epoch 3, for each batch of 1024: (1) run a no-grad forward through the compiled net in train mode, with BN running-stat updates disabled, and get per-example losses; (2) keep the 614 highest-loss examples (a fixed size, so the shapes stay static); (3) run the normal forward+backward and optimizer step on those 614 only. Compile and warm up the 614-shape train step in build. Keep the LR schedule tied to the step count, which does not change.	
I014	H2.1.2	5	done	Time about 6.3-6.5 s, -10 to -13% vs A1a's 7.22 s. Per-epoch costs from E006: 26 px ~0.56, 28 px ~0.65, 32 px ~0.84 s. Accuracy 0.751-0.757: E006 lost 0.69 pp with only 2 full-res epochs and a degenerate 24 px stage; this has 3.6 full-res epochs. If >=0.753 it becomes the new tip. If 0.749-0.753, follow with 9.5 epochs and the same fractions (about +0.35 s).	Start from A1a (E001 tip) and add progressive resizing with a long full-res tail. Total 9.0 epochs (LR/EMA/lookahead schedules rescaled to the step count as the recipe already does). Train at 26 px for steps 0-30%, 28 px for 30-60% and 32 px for the last 40%. Low-res batches are made by applying the existing flip + translate-2 at 32 px, then F.interpolate(mode='bilinear', antialias=True) to 26/28 px. No random-resized crop. The final group pool must still end at 3x3 (26->25->12->6->3, 28->27->13->6->3). In build, compile and warm up all 3 train shapes plus eval at 32 px, so nothing recompiles in timed code. Instrumentation only: log a hash of the first batch's augmentation parameters per trial.	
I015	H2.5.1	4	done	Time about 6.1-6.3 s, +4-6% vs E006's 5.88 s, since the 26 px epochs cost ~0.56 s vs 0.47 s. Accuracy 0.750-0.754, i.e. +0.2 to +0.6 pp over E006's 0.748. A gain of >=0.4 pp supports H2.5 (the loss came from confounds, not low resolution). A gain of <0.2 pp means the short full-res tail is the binding factor and favors the H2.1.2 schedule.	Take E006's schedule unchanged: 9.0 epochs, epochs 0-3 low-res, 4-6 at 28 px, 7-8 at 32 px. Make exactly two changes, which together are the H2.5 confound removal: (a) the first phase uses 26 px instead of 24 px, and (b) replace random-resized crop with flip + translate-2 at 32 px followed by an antialiased bilinear downsample to the phase resolution. Warm up all shapes in build.	
I016	H6.1.1	4	done	Time 6.80 s ±1% (unchanged). Accuracy +0.1 to +0.4 pp over the control, giving 0.751-0.754. If >=0.753 it becomes the new tip at about 6.80 s (-5.8%) and the change gets ported to the progressive recipe. A gain under 0.2 pp is within perturbation noise and refutes H6.1.1.	On the 8.0-epoch recipe (the E007 control, 0.7502 / 6.80 s), change only the LR schedule's end point: decay linearly to 0 at the last step instead of to 0.07x the peak. Keep warmup, peak LR, the BN-bias multiplier and the lookahead/EMA schedule unchanged. Being zero-cost, the resulting accuracy lever can stack onto any progressive-resizing recipe.	
I017	H2.1.3	3	dropped	Accuracy and time identical to E006 (0.7480, ~5.88 s). Prediction: the hashes differ across seeds 0-2, and repeating seed 0 reproduces them. Then E006's 0.02 pp per-seed spread was chance and H2.1.3 is supported. If the hashes are identical across seeds, or the generator is built in build/import, the progressive line needs a seeding fix and its accuracy numbers need re-measuring.	RNG audit for progressive resizing, with no recipe change. Rerun E006's code (commit ed8dc49) adding only logging: per trial, log a hash of the first train batch's augmentation parameters (crop boxes/scales, flip mask, translate offsets) and a hash of the initial model parameters after prepare. Also run seed 0 twice through a side script that calls build/prepare/train in-process. Check the result: augmentation generators must be derived from the trial seed and reset in prepare. If they are not, fix that in every progressive successor. A shared stream would break the no-information-flow and seeding rules.	Settled: E013 (same RNG mechanism as E006: all randomness from the global torch RNG that the harness seeds per trial before prepare; no custom generators, none created in build/import) logged different first-batch hashes for seeds 0/1/2 (-5.54e3, -2.25e4, 5.75e3), and E002 showed reruns reproduce per-seed accuracy bit-for-bit. E006's 0.02 pp spread was chance.
I018	H2.5.2	3	done	Time within ±1% of the H2.1.2 run. Accuracy differs by -0.3 to +0.4 pp. H2.5.2 predicts crop mode wins by >=0.3 pp (FixRes scale argument). If it loses, the network benefits from seeding the full field of view at low res and downsampling is the right operator.	Take the H2.1.2 recipe (9.0 epochs; 26 px for 0-30%, 28 px for 30-60%, 32 px for the last 40%). Change only how low-res batches are made. Crop mode: after flip + translate-2 at 32 px, take a random 26x26 or 28x28 crop (independent offset per image, done via unfold/gather or a batched index on the GPU), with no rescaling, so object scale matches the test images. Do not use the antialiased downsample. Keep the shapes identical so the compiled graphs are reused.	
I019	H2.6.1	3	done	Time about 6.4-6.7 s (-8 to -12%). Accuracy 0.746-0.752 (-0.3 to -0.8 pp). If the loss per 1% of time saved is <0.06 pp, it beats epoch cuts and is worth combining with +0.5 epochs or with progressive resizing. Otherwise H2.6 is refuted (capacity is not cheap to remove on CIFAR-100).	On A1a (8.5 epochs, everything else unchanged), narrow group 2 from 384 to 320 channels, which also shrinks group 3's first conv input. Recompile and warm up in build. Group 2 at 15x15 carries ~50% of conv FLOPs by a rough count. 384->320 cuts total conv FLOPs by about 15%. The exchange rate to beat is the epoch-cut rate, 0.08 pp per 1% of time (E007).	
I020	H6.2.1	2	done	Time +0.5 to +1.5% (about 5.92-5.97 s). Accuracy +0.0 to +0.3 pp over E006's 0.748. A small gain is likely because E006 already ended with 2 epochs at 32 px. A gain of >=0.2 pp supports H6.2.1 and makes it a cheap add-on for any schedule with a short full-res tail.	On E006's code (commit ed8dc49), add only a FixRes-style BN re-estimation at the end of train. After the final EMA/lookahead weights are set, reset the BN running stats and run a forward-only pass in train mode (momentum=None, cumulative average) at 32 px over ~5000 augmented training images (5 batches of 1024, flip + translate only), under no_grad. Warm up this shape in build (it is the existing 32 px train shape).	
I021	H5.1.1	2	done	Time +1 to +4% (7.3-7.5 s), from NS matmuls on small matrices. Accuracy 0.750-0.757. H5.1.1 predicts no gain over SGD of more than 0.2 pp. A gain of >=0.4 pp would refute H5 and justify a Muon run at 8.0 epochs or on the progressive recipe.	On A1a (8.5 epochs), switch the 3x3 conv filters of the three groups to Muon: lr ~0.24, momentum 0.6, Nesterov, 3 Newton-Schulz steps in bf16, filters reshaped to [out, in*9]. Keep SGD-Nesterov with the existing hyperparameters for BN params, biases and the head. Keep the LR schedule shape and the lookahead/EMA. Warm up the compiled NS step in build. This is an explore run on the one optimization-efficiency lever not yet tried; E008 suggests the short schedule is under-fitting.	
I022	H5	5	done	Time about 6.55-6.70 s (8.04 x 7/8.5 = 6.62 s; the Muon per-step overhead scales with steps), i.e. -8 to -9% vs A1a's 7.22 s. Accuracy 0.752-0.760 (0.7663 minus ~1.5 epochs at a 0.5-1.0 pp/epoch slope). If >=0.756 it is a new tip with margin, and H5 is refuted on time-to-75 as well. If 0.750-0.756, the next step is 7.5 epochs or the cheaper Muon step (I023). Below 0.750 means Muon's slope is steeper than SGD's at short schedules.	Start from the E019 Muon recipe (commit 45b511c): Muon on the 9 group 3x3 convs, lr 0.24, momentum 0.6, Nesterov, 3 NS steps in bf16; SGD for BN/biases/head; lookahead-EMA. Change only the epoch count, from 8.5 to 7.0. Rescale the LR, lookahead and EMA schedules to the new total step count, the same way the recipe already does (as in E007). Leave the Muon step code eager and unchanged so the run measures the Muon accuracy-vs-epochs slope with no confound. Log per-seed accuracies.	
I023	H2.1	4	done	Time 6.2-6.5 s: 4x0.485 + 4x0.848 + ~0.2 overhead = 5.53 s for the SGD part, plus ~0.78 s of eager Muon overhead over ~392 steps. That is -10 to -14% vs A1a. Accuracy 0.754-0.761: an SGD estimate of ~0.746-0.749 for this schedule (between E006 and E007), plus ~1.1 pp from Muon. If >=0.756 it becomes the tip and is the base for the compiled-Muon stack. If Muon's gain shrinks to <0.5 pp under low-res epochs, Muon and progressive resizing overlap (both buy early-phase efficiency).	Port the two-stage 24->32 px progressive schedule to the E019 Muon recipe. 8.0 total epochs: epochs 0-3 at 24 px, epochs 4-7 at 32 px, no 28 px phase. Use the E006 operator: flip + translate-2 at 32 px, then F.interpolate(bilinear, antialias=True) to 24 px, with AdaptiveMaxPool2d(1) as the final pool. Rescale the LR/EMA/lookahead schedules to the step count. Keep the Muon step eager as in E019. In build, compile and warm up both train shapes and the 32 px eval, so nothing recompiles in timed code.	
I024	H1.6	3	done	Time 7.55-7.70 s (E019's 8.04 s minus half of the ~0.82 s Muon overhead; the conv work is unchanged per E010). Accuracy 0.756-0.766: a smaller penalty than SGD's -0.8 pp if Muon tolerates large batches. A loss of <=0.3 pp makes bs 2000 the preferred Muon batch, since it halves the optimizer overhead. A loss of >=0.7 pp confirms that updates per epoch are binding (H1.6) for both optimizers.	On E019's Muon recipe at 8.5 epochs, raise the batch size from 1024 to 2000. Scale the SGD param groups (BN/bias/head) by the same kilostep rule as E010, and scale the EMA/lookahead schedule by the step count. Keep Muon lr 0.24 and momentum 0.6, which are airbench94_muon's own settings at bs 2000. Warm up the new shapes in build. This tests whether Muon removes the large-batch penalty SGD showed (E010: -0.81 pp) while halving the per-step Muon overhead.	
I025	H2.9.1	2	done	Time -0.8 to -1.5% vs E019 (about 7.93-7.98 s), because the fused BN+act kernels use less energy (E003: SiLU saved 2.2%). Accuracy within 0.25 pp of 0.7663. If time falls by <0.5%, the erf cost is not the energy driver and elementwise micro-tuning is done.	On E019's Muon recipe (8.5 epochs), replace every exact GELU with nn.GELU(approximate='tanh'). Change nothing else, and recompile/warm up in build. Running this on the Muon base means the expected ~1% saving can be kept even with perturbation noise, since that base has 1.3 pp of margin.	
I026	H5	2	dropped	Time unchanged vs its base (±0.5%). Accuracy -0.3 to +0.5 pp vs its base. A gain of >=0.3 pp buys ~0.3-0.5 epochs (~4-6% of time) at no cost. A loss means 0.6 is near-optimal, so the next lever is lr, not momentum.	Explore Muon hyperparameters, which came untuned from CIFAR-10 airbench94 (bs 2000). On the I022 recipe (Muon, 7.0 epochs), change only the Muon momentum from 0.6 to 0.85 (Nesterov kept, lr 0.24 unchanged). Higher momentum is the usual Muon setting at smaller batches, and bs 1024 gives each step half the gradient averaging of bs 2000. If I022 has not run yet, run this at 8.5 epochs against E019 instead.	ideate: Its base is out of date: it targets the I022/E020 recipe, which E021 has superseded. It is re-proposed as Muon momentum 0.85 on the E021 tip.
I027	H5	5	done	Time about 5.85-6.05 s, which is -0.3 to -0.45 s (-5 to -7%) vs 6.331 s. The basis is the micro-benchmark: eager Muon adds ~1.9 ms/step, launch-bound with the GPU idle; compiled Muon adds ~0.8 ms/step; the run has ~392 steps. Accuracy 0.754-0.761, changed only by numerics (perturbation noise ~0.25 pp on the mean). If it holds >=0.753, it is the new tip and the base for every later cut. If time falls by <2%, the Muon overhead is energy-bound rather than launch-bound, and bs 2000 (E022) becomes the overhead lever.	Start from the E021 tip (commit bf93586: Muon + 4@24 + 4@32 px, 8.0 epochs). Change only how the Muon update runs. Wrap the whole update in a single function: momentum/Nesterov, bf16 3-step Newton-Schulz batched over same-shape filters (conv2/conv3 of each group stacked into one bmm), scale, and the weight update. Compile it with torch.compile(mode='max-autotune-no-cudagraphs'), and pass the LR as a 0-d GPU tensor so the schedule never recompiles. Warm it up in build on synthetic gradients for every filter shape. Keep the math, hyperparameters, schedule and data pipeline unchanged. Log per-trial train time.	
I028	H2.7	4	done	Time about 5.95-6.05 s: one epoch moves from 0.848 to 0.485 s, so -0.36 s (-5.7%). Accuracy 0.753-0.757 (-0.1 to -0.5 pp vs 0.7578). H2.7 predicts a loss of <=0.3 pp, i.e. a 24 px epoch keeps most of a 32 px epoch's value, which gives an exchange rate of <=0.05 pp per 1%. A loss of >=0.5 pp means the 32 px share is binding with Muon, and cuts should come from total epochs instead.	On the E021 tip, change only the resolution split: 5 epochs at 24 px + 3 epochs at 32 px (was 4 + 4), still 8.0 total. Keep the E006 operator (flip + translate-2 at 32 px, antialiased bilinear downsample), AdaptiveMaxPool2d(1), eager Muon, and LR/EMA/lookahead rescaled to the step count, which does not change. The compiled shapes are already warmed up in build.	
I029	H2.8.1	3	done	16 px epoch cost <=0.35x a 32 px epoch (~0.25-0.30 s), giving time about 5.85-6.0 s (-5 to -8% vs 6.331). Accuracy 0.752-0.758 (-0.0 to -0.6 pp). If the loss is <=0.3 pp, the very-low-res phase is the cheapest epoch source, and the next step reinvests the savings in +1 epoch. If the 16 px cost is >0.4x (small maps underuse the GPU) or the loss is >=0.5 pp, H2.8 is refuted.	Explore sub-24 px phases on the E021 tip. Change only the schedule: 2 epochs at 16 px + 2 at 24 px + 4 at 32 px (8.0 total; the first two 24 px epochs become 16 px). Make the 16 px batches with the same operator (flip + translate-2 at 32 px, then antialiased bilinear to 16 px). The maps become 15/7/3/1, and AdaptiveMaxPool2d(1) handles that. Compile and warm up the 16 px train shape in build. Before the scored run, measure the compiled 16 px and 20 px epoch costs with an untimed side script (2 epochs each) and log them next to the existing cost table.	
I030	H5	3	done	Time unchanged (±0.5%). Accuracy -0.3 to +0.5 pp vs 0.7578. A gain of >=0.3 pp is worth ~0.5 Muon-epochs (~5% of time) at zero cost and should then stack with the compiled-Muon tip. A loss means momentum 0.6 is near-optimal, and lr is the next Muon knob to tune.	Rebased I026. On the E021 tip, change only the Muon momentum from 0.6 to 0.85 (Nesterov kept, lr 0.24 unchanged). The 0.6/0.24 values come from CIFAR-10 airbench94 at bs 2000. At bs 1024 each step averages half as many examples, which usually favors higher momentum. Leave the SGD groups, schedule and resolution split unchanged.	
I031	H2.9.1	2	dropped	Time -0.5 to -1.5% (about 6.24-6.30 s), because the fused BN+activation kernels use less energy (E003: SiLU saved 2.2%). Accuracy within ±0.25 pp of 0.7578. If time falls by <0.5%, the erf is not an energy driver and elementwise micro-tuning is closed.	Rebased I025. On the E021 tip, replace every exact GELU with nn.GELU(approximate='tanh'). Change nothing else, and recompile/warm up both train shapes and eval in build.	Settled by E023: tanh-approximate GELU gave identical accuracy (0.7663 vs 0.7663) but +5.1% time on the Muon base; under Inductor the tanh form is more arithmetic than exact erf, so it cannot save time on the tip either.
I032	H4	2	done	Mean over seeds 3-10 is 0.754-0.759, std ~0.3-0.4 pp, so the tip clears the official 75% with ~0.4+ pp to spare, and future cut rounds may spend down to ~0.755 on seeds 0-2. If the mean is <0.752, seeds 0-2 are a favorable draw, and future tips need a 3-seed mean >=0.757.	Margin check on the current tip, with no recipe change. Using an untimed side script, run the E021 submission through the benchmark's own trial code (import it, do not edit benchmark/) on extra seeds 3-10, and record per-seed accuracy and time. The scored run is unchanged (just repeat E021) so the loop has a row, or skip scoring if the harness allows. This gauges whether the 3-seed 0.7578 reflects the 40-seed mean before margin is spent on cuts (the tip's seed 2 was 0.7523).	
I033	H2.4.1	1	dropped	The 32 px phase sits at the cap for >=80% of its time. The 24 px phase sits below 90% of the cap for >=30% of its time, because its small maps plus eager Muon launches leave GPU gaps. That would predict compiled Muon saves proportionally more in the 24 px phase, and that overhead fixes (H3-style) matter again under low-res training. Accuracy and time identical to E021 (±0.5%).	Observational, on the E021 tip with no recipe change. During one scored run, sample board power and SM clock via NVML at >=10 Hz in a separate monitoring process launched outside the submission (no sleeps inside submission code). Tag the samples by phase using logged CUDA-event timestamps for the 24 px phase, the 32 px phase and the eager Muon steps. Report the fraction of time at >=95% of the 400 W cap for each phase.	ideate: Stale base: it assumes eager Muon on E021. Compiled Muon (E024) and the 16 px phase (E026) change what each phase is bound by. Re-proposed as per-phase power sampling on the E026 tip.
I034	H2.8.1	4	done	Time about 5.28-5.35 s, -3 to -4% vs 5.501 s: one epoch drops from ~0.485 s to ~0.27 s. Accuracy 0.753-0.757, i.e. -0.0 to -0.3 pp; E026 cost ~0.15 pp per 24->16 epoch swap. If it is >=0.753, it is the new tip and shows the early phase tolerates 16 px across 3/8 of training. A loss of >=0.4 pp means the 24 px bridge epoch is what carries the transfer to 32 px, and the next cut should look elsewhere.	On the E026 tip (commit da18628: compiled batched Muon, 2@16 + 2@24 + 4@32 px, 8.0 epochs), change only the schedule to 3@16 + 1@24 + 4@32 px, so epoch 2 moves from 24 px to 16 px. Keep the same operator (flip + translate-2 at 32 px, then antialiased bilinear downsample), AdaptiveMaxPool2d(1), and Muon/SGD hyperparameters. The step count is unchanged, so the LR/EMA/lookahead schedules are unchanged too. All shapes are already warmed up in build.	
I035	H5	4	done	Time unchanged (±0.5%, ~5.50 s). Accuracy -0.3 to +0.4 pp vs 0.7565. A gain of >=0.3 pp buys ~0.5 epoch-equivalents at zero cost and becomes the tip (more margin for schedule cuts). A loss of >=0.3 pp brackets 0.6 as near-optimal, and momentum tuning is closed.	On the E026 tip, change only the Muon momentum from 0.6 to 0.5 (Nesterov kept, lr 0.24, compiled update unchanged; pass momentum so nothing recompiles, or rewarm in build). E027 showed 0.85 costs 1.18 pp. This tests the other direction, since the lookahead-EMA and Nesterov already smooth the iterates and the 0.6 value was tuned on CIFAR-10 at bs 2000 without lookahead.	
I036	H5	3	done	Time -1.5 to -3% (about 5.35-5.42 s). Accuracy -0.3 to +0.1 pp (a less orthogonalized update). If accuracy holds >=0.753 with time -1.5% or better, it is the new tip. If time falls by <1%, the residual Muon cost is in momentum/cast/update traffic rather than NS, and the remaining lever is bs 2000 for Muon.	On the E026 tip, change only the number of Newton-Schulz iterations in the compiled batched Muon update, from 3 to 2 (same quintic coefficients, bf16). Re-warm the compiled update in build for every filter shape. Everything else is identical. The remaining Muon overhead is ~1 ms/step x 384 steps (~0.4 s, ~7% of the run), and the NS matmuls are most of it; per the E019 micro-benchmark, eager GPU time fell 3.8 -> 2.8 ms with 2 steps.	
I037	H4.2.2	3	dropped	Accuracy and time of the scored run identical to E026 (0.7565, ~5.50 s). Mean over seeds 3-10 is 0.752-0.757, std ~0.3-0.4 pp. If it is >=0.754, later cut rounds may spend down to ~0.753 on seeds 0-2. If it is <0.752, seeds 0-2 are a favourable draw, and future tips need a 3-seed mean >=0.756.	Margin check on the current tip (E026, replacing the stale I032, which targeted E021), with no recipe change. In an untimed side script, import the arena submission and run it through the benchmark's own trial code (do not edit benchmark/) on extra seeds 3-10. Record per-seed accuracy and time. For the scored row, repeat E026 unchanged. This calibrates how much of the 0.35 pp margin on seeds 0-2 is real before more is spent on cuts.	Done as I032/E028 on the E026 tip: seeds 3-10 via the harness gave mean 0.75528 (sd 0.22 pp), and the scored rerun of the tip gave 0.7543 (non-deterministic vs E026's 0.7565); tip true accuracy ~0.7554.
I038	H2.8	2	done	Time about 5.05-5.15 s (-6.5 to -8% vs 5.501 s). Accuracy 0.749-0.755 (-0.1 to -0.7 pp). If it is >=0.753, it is the new tip at the best exchange rate yet. If the loss is >=0.5 pp while 3@16 + 1@24 holds, the last pre-tail epoch needs >=24 px.	Explore the limit of the very-low-res early phase. On the E026 tip, change only the schedule to 4@16 + 4@32 px (8.0 epochs, no 24 px phase). Same operator, same Muon/SGD hyperparameters, same step count and schedules. 16 px and 32 px shapes are already warmed up in build. This is the aggressive end of the line, beyond the 3@16 + 1@24 variant, and tests whether a 24 px bridge is needed at all.	
I039	H5	2	dropped	Time unchanged (±0.5%). Accuracy -0.4 to +0.4 pp vs 0.7565. A gain of >=0.3 pp gives free margin to spend on the schedule cuts. A loss of >=0.3 pp suggests 0.24 is at or below the optimum, so a follow-up at 0.30 is warranted.	On the E026 tip, change only the Muon learning rate from 0.24 to 0.18 (the shape of the schedule is unchanged; the LR is passed as the existing 0-d GPU tensor, so nothing recompiles). E027 suggested that larger effective Muon steps overshoot in this short, lookahead-averaged schedule. This tests whether a smaller step size helps at bs 1024 (0.24 was tuned at bs 2000 on CIFAR-10).	H5 refuted
I040	H2.4.1	1	done	Accuracy and time identical to E026 (±0.5%). The 32 px phase sits at the cap for >=80% of its time. The 16 px phase sits below 90% of the cap for >=30% of its time (small maps, per-step Muon and launch costs dominate). If so, the early phase is overhead-bound, and per-step fixes (bs 2000 in the 16 px phase only, fewer NS steps) pay off there specifically.	Observational, on the E026 tip with no recipe change (replacing the stale I033, which assumed eager Muon on E021). During one scored run, sample board power and SM clock via NVML at >=10 Hz in a separate monitoring process launched outside the submission (no sleeps in submission code). Tag samples by phase (16 px, 24 px, 32 px) using logged CUDA-event timestamps. Report, per phase, the fraction of time at >=95% of the 400 W cap and the mean SM clock.	
I041	H7	5	done	Time +2 to +2.6% (about 5.62-5.65 s; one NS iteration measured at ~0.124 s per trial in E031). Accuracy 0.756-0.760, i.e. +0.1 to +0.5 pp over the 0.7554 tip estimate. If the gain is >=0.3 pp (3-seed mean >=0.7585), this beats every epoch exchange rate (0.035-0.08 pp per 1%). The next step then stacks it on the 3@16 + 1@24 + 4@32 near-miss (E029: -0.27 s for -0.31 pp), for about 5.36 s at ~0.755. If the gain is <0.15 pp, 3 iterations are already saturated, and NS work is closed in both directions.	On the E026 tip (commit da18628: compiled batched Muon, 2@16 + 2@24 + 4@32 px, 8.0 epochs), change only the Newton-Schulz iteration count in the compiled Muon update from 3 to 4. Keep the quintic coefficients (3.4445, -4.7750, 2.0315), bf16, batching and everything else. Re-warm the compiled update in build for every filter shape. E031 showed the opposite direction (3 -> 2) costs 1.82 pp for -2.3% time. So orthogonalization quality is an accuracy knob, and one more iteration may buy margin at ~0.32 ms/step. Log per-seed accuracy and per-trial train time.	
I042	H7	4	dropped	Time unchanged (±0.5%, ~5.50 s). Accuracy +0.0 to +0.5 pp over the 0.7554 estimate, because the orthogonalization is better at equal cost (E031: quality matters by ~1.8 pp per iteration). A 3-seed mean >=0.7575 makes it the new tip with free margin to spend on a 3rd 16 px epoch. A result at or below 0.7554 means the fixed coefficients are already good enough at 3 steps, and only the iteration count (the NS-4 idea) remains.	On the E026 tip, keep 3 Newton-Schulz iterations but replace the fixed quintic coefficients with per-iteration optimal coefficients for a 3-step schedule. Compute them offline with the Polar Express procedure (arXiv 2505.16932): minimax-optimal odd quintics for the singular-value interval [l, 1] with l about 1e-3, and a small safety factor (~1.01) for bf16. Hard-code them as constants. Before the scored run, do an untimed check that the singular values of a random 384x3456 bf16 matrix land closer to 1 (report min/max) than with the fixed coefficients. Same FLOPs, so time should be unchanged. Re-warm the compiled update in build.	Settled by E033 + spectrum analysis (E033 Outcome): on the real Muon-input spectra, fixed-quintic x4 already puts 83% of singular values in [0.7,1.3] (x3: 56%) and gave no accuracy gain (E033); 3-step Polar-Express coefficients with l=1e-3 are worse than fixed x3 (21%), and with l=1e-2 they only match x4 (83%). Same FLOPs, so no time gain is possible either.
I043	H7.1.2	3	done	Time unchanged (±0.5%). Accuracy -0.2 to +0.4 pp vs 0.7554. H7.1.2 is supported at >=0.7575. A result of <=0.7535 suggests 0.24 is at or below the optimum, so a probe at 0.28 is warranted. Anything in between is noise, and the Muon hyperparameters are closed.	On the E026 tip, change only the Muon learning rate from 0.24 to 0.20 (momentum 0.6, Nesterov, same schedule shape; the LR is already a 0-d GPU tensor, so nothing recompiles). Both independently tuned public Muon recipes use 0.205-0.2255. E030 showed momentum is flat between 0.5 and 0.6, so lr is the one Muon knob left untested (the dropped I039 never ran).	
I044	H7.2.1	3	done	Time -0.5 to -2% (about 5.39-5.47 s). Renorm is a norm plus a scale over 9 filters, probably ~0.05-0.15 ms/step, so the >=1.5% that H7.2.1 predicts is optimistic. Accuracy within ±0.25 pp of 0.7554. If time falls by <0.7%, renorm is not a meaningful part of the Muon overhead, and what remains is NS matmuls plus momentum traffic, which only batch size can cut.	On the E026 tip, change only how often the Muon-managed conv filters are renormalized: every 2 + int(15*progress) steps instead of every step (hiverge/Fable style). Do it inside the compiled update with a 0-d bool/int tensor flag (torch.where-gated, or two warmed-up variants selected on the host) so nothing recompiles in timed code. Warm up both paths in build. Everything else is unchanged. Before scoring, log per-step update time with CUDA events in an untimed run, to separate the renorm cost from NS.	
I045	H4.3.1	3	done	Time +0 to +1.5% (5.50-5.58 s). Accuracy within noise of 0.7554. If the seed-0 repeat is bit-identical, run-to-run noise is gone. Seed-paired comparisons then become possible, which roughly halves the noise on recipe differences (~0.2 pp sd now). The setting should become the default whenever its cost is <=0.5%. If the repeat still differs, the non-determinism comes from the net's own max-autotune picks for the new 16/24 px shapes or from atomics in the backward pass, and H4.3 is refuted.	Determinism probe on the E026 tip, with no change to the math or hyperparameters. Compile the Muon update with mode='default' instead of 'max-autotune-no-cudagraphs', and set torch.backends.cudnn.benchmark=False with cudnn.deterministic=True for all train/eval shapes. Keep the net's own compile as is. Warm everything up in build. Run the scored evaluation, then rerun seed 0 once in an untimed side script through the benchmark's trial code and compare per-seed accuracy bit for bit.	
I046	H6.3.1	3	done	Time unchanged (±0.5%). Accuracy -0.3 to +0.4 pp vs 0.7554. H6.3.1 is supported at >=0.7575, which would give free slack for the E029 3@16 schedule. A result of <=0.7535 confirms LS 0.3 is optimal under Muon too, and zero-cost loss tuning is closed for good.	On the E026 tip, change only label smoothing from 0.3 to 0.2. Change nothing else. LS 0.3 was tuned under SGD (E009). Muon fits faster, and tuned public Muon recipes use much lower LS (0.09), so the Muon tip may be over-regularized.	
I047	H7.2.3	2	done	Time -2 to -3.5% (about 5.31-5.39 s): ~128 fewer steps x ~1 ms of Muon, plus per-step SGD/launch costs in the small-map phases. Accuracy -0.05 to -0.35 pp (0.752-0.755). If accuracy is >=0.753 with time <=5.40 s, it is the new tip. A loss of >=0.4 pp means Muon's batch tolerance shrinks at short schedules, so per-step overhead should be attacked inside the update instead.	On the E026 tip, raise the batch size from 1024 to 1536 (2@16 + 2@24 + 4@32 px, still 8.0 epochs). Scale the SGD param groups (BN/bias/head) by the E010 kilostep rule. Keep Muon lr 0.24 and momentum 0.6. Rescale the LR warmup/decay, EMA and lookahead schedules to the new step count (~256 steps). Compile and warm up the 1536-batch shapes at 16/24/32 px in build. The remaining Muon cost is per step (~1 ms), so a third fewer steps cuts it directly. E022 showed Muon tolerates large batches (-0.25 pp at bs 2000).	
I048	H2.8	4	done	Time about 5.19-5.24 s (-4.5 to -5% vs 5.472 s, as in E029). Accuracy 0.752-0.756: the E035 family estimate of ~0.756-0.757 minus ~0.3 pp. New tip only under the H4 rule (3-seed mean >=0.755, or >=0.753 now plus a confirming rerun that averages >=0.7535). Below 0.752 means E035's +0.18 pp was noise and the third 16 px epoch stays unaffordable.	On the E035 tip (compiled batched Muon with renorm every 2+int(15*progress) steps, 2@16 + 2@24 + 4@32 px, 8.0 epochs), change only the schedule to 3@16 + 1@24 + 4@32 px, so epoch 2 moves from 24 px to 16 px. This is E029's schedule moved onto the newer base. Use the same operator (flip + translate-2 at 32 px, then antialiased bilinear downsample) and AdaptiveMaxPool2d(1). The step count is unchanged, so the LR/EMA/lookahead/renorm schedules are unchanged. All shapes are already warmed up in build. This combines two near-misses: E029 (-0.27 s for -0.31 pp, infeasible by 0.0007) and E035's possible +0.18 pp. It does not rerun E029 unchanged (H4.2).	
I049	H2.8	4	done	Time about 5.24-5.32 s (-2.8 to -4.2%): 2 epochs x (0.485 - ~0.36 s). Accuracy -0.05 to -0.3 pp vs the tip family, i.e. 0.754-0.757. If the loss is <=0.2 pp, this beats E029's exchange rate (<=0.05 pp per 1%) and becomes the tip. It would also suggest that the bridge needs a 2x2 final map, not 24 px specifically. A loss of >=0.35 pp means the bridge value comes from resolution, so keep 24 px.	On the E035 tip, change only the two 24 px epochs (epochs 2-3) to 20 px: 2@16 + 2@20 + 4@32, 8.0 epochs. Use the same operator (flip + translate-2 at 32 px, antialiased bilinear to 20 px). The maps become 19/9/4/2, and AdaptiveMaxPool2d(1) handles that. Compile and warm up the 20 px train shape in build. Step count and schedules are unchanged. This is an intermediate point between the 24 px bridge, which E032 showed matters (-0.68 pp without it), and a third 16 px epoch (E029, -0.31 pp). The goal is a bridge that costs ~0.40-0.45x instead of 0.57x. Log the compiled per-epoch cost of the 20 px phase.	
I050	H4.3.1	3	done	Time +0 to +1% vs 5.472 s, since E019's micro-benchmark gap between default and max-autotune for the Muon update is small next to E036's +9.8%, which came from cuDNN. Accuracy within noise of ~0.756. If all three seed-0 runs are bit-identical, the non-determinism came from the Muon autotune picks. This mode then becomes the default, and later comparisons can be seed-paired (roughly halving decision noise). If they differ, cuDNN benchmark picks per process are the source, and determinism costs ~10%, so it is not worth it.	Determinism ablation on the E035 tip, isolating half (a) of E036. Compile the Muon update with mode='default' instead of 'max-autotune-no-cudagraphs'. Keep torch.backends.cudnn.benchmark=True and do NOT set cudnn.deterministic, so the net's convs keep their benchmarked algorithms. Warm everything up in build. Run the scored evaluation. Then, in an untimed side script, rerun seed 0 twice in fresh processes through the benchmark's trial code and compare per-seed accuracy bit for bit against the scored seed 0.	
I051	H7.2	2	done	Time -1.5 to -3% (about 5.31-5.39 s): ~96 fewer steps x (~1 ms Muon + per-step SGD/launch), more if the small-map phases are launch-bound. Accuracy -0.0 to -0.25 pp, since the early phase is tolerant and the 32 px tail is untouched. If it is >=0.753 with time <=5.40 s, it is the new tip and stacks with any schedule change. A time gain of <1% means the low-res phases are not per-step-bound (consistent with I040 finding them at the power cap).	On the E035 tip, use bs 2048 for the low-res phases only (the 2 epochs at 16 px and the 2 at 24 px) and keep bs 1024 for the 4@32 px tail. The goal is to halve the number of fixed-cost Muon/launch steps exactly where they are the largest share of epoch time: 16 px epochs are ~0.27 s with ~49 steps at ~1 ms of Muon each. Drive the LR/EMA/lookahead/renorm schedules by samples seen (progress = examples/total), not by step index. For the bs 2048 steps, scale the SGD groups (BN/bias/head) by the E010 kilostep rule and keep Muon lr 0.24 and momentum 0.6 (E022: Muon tolerates bs 2000). Compile and warm up the 2048-batch 16/24 px shapes in build. Run this independently of the global bs 1536 idea, since it targets the phase-local overhead.	
I052	H7	2	done	Time +0.3 to +1% (one more small NS matmul per step). Accuracy -0.4 to +0.4 pp vs the ~0.756 tip family. If the gain is >=0.25 pp (3-seed >=0.7585), it gives slack to spend on a 3rd 16 px epoch or a 20 px bridge. A loss means the head wants SGD's unnormalized, scale-sensitive updates (consistent with airbench), and the optimizer-assignment line is closed.	Explore a new accuracy source. On the E035 tip, move the classifier head (the linear 576->100 after the global max pool) from SGD to the compiled Muon update. Treat its weight as a [100, 576] matrix and use Muon lr scaled by sqrt(max(1, out/in)) as for the filters, with the same momentum and 3 NS steps. Leave the head's renorm/scale handling as in the SGD version and keep the bias on SGD. Add the shape to the compiled update and warm it up in build. CIFAR-100's 100-way head is a much larger share of the learning problem than CIFAR-10's 10-way head, and public Muon recipes tuned on CIFAR-10 never tried it.	
I053	H2.8.2	1	dropped	12 px epoch cost about 0.22-0.26x of a 32 px epoch (floor from Muon's fixed per-step cost and small kernels), so time is only -0.05 to -0.09 s (-1 to -1.6%), about 5.38-5.42 s. Accuracy -0.0 to -0.25 pp. If the cost is >=0.22x and the saving is <1.5%, H2.8.2 is supported and sub-16 px is closed. A 12 px cost of <=0.18x with a loss of <=0.1 pp would reopen very-low-res early phases.	On the E035 tip, change only epoch 0 from 16 px to 12 px: 1@12 + 1@16 + 2@24 + 4@32 px, 8.0 epochs. Use the same operator (antialiased bilinear to 12 px). The maps become 11/5/2/1, and AdaptiveMaxPool2d(1) handles that. Compile and warm up the 12 px shape in build. Before the scored run, measure the compiled 12 px epoch cost (2 epochs, untimed side script) and log it in the cost table next to 16 px (0.32x).	ideate: The base is out of date: it targets the E035 tip at bs 1024, and E038/E044 have superseded it. The best case it predicts is a saving under 1.6%. E041 (20 px) and E040 (a third 16 px epoch) show that further resolution cuts cost more accuracy per second than expected. The new margin is better spent on the 3@16 swap or the fractional trim, and the per-phase profiling idea will measure the floor of the small-map cost anyway.
I054	H2.8	5	done	Time about 4.98-5.03 s (-4 to -5% vs 5.237 s): one 24 px epoch (~0.50 s at bs 1536) becomes a 16 px epoch (~0.27 s). Accuracy 0.7525-0.7550: E044's 0.7574 minus the 0.3-0.5 pp that the third 16 px swap cost in E029/E040. If the 3-seed mean is >=0.755, or >=0.753 with a confirming rerun averaging >=0.7535, it is the new tip. Below 0.752 means the head-Muon margin is not enough to buy this swap, so try the fractional trim instead.	On the E044 tip (bs 1536, compiled batched Muon on the 9 group convs plus the 576->100 head, renorm every 2+int(15*progress) steps, 2@16 + 2@24 + 4@32 px, 8.0 epochs), change only the schedule to 3@16 + 1@24 + 4@32 px, so epoch 2 moves from 24 px to 16 px. This is the E029/E040 near-miss moved onto the base that has margin. Keep the operator the same: flip + translate-2 at 32 px, then antialiased bilinear downsample, with AdaptiveMaxPool2d(1). The step count is unchanged, so LR, EMA, lookahead and renorm are unchanged. The 1536-batch 16 px shape is already warmed up in build. New tip only under the H4 rule.	
I055	H2.10	4	done	Time about 4.96-5.01 s (-4.5 to -5.5%): half a 24 px epoch (~0.25 s) plus ~0.02 s of Muon/per-step cost. Accuracy 0.7540-0.7560, i.e. -0.15 to -0.35 pp vs 0.7574 (Muon slope ~0.54 pp/epoch, a 24 px epoch worth ~half a 32 px one). If the loss is <=0.25 pp, the exchange rate is <=0.05 pp per 1% and fractional trimming becomes the fine-tuning knob for the remaining margin. A loss of >=0.4 pp means the 24 px bridge is binding at its current length.	On the E044 tip, cut half of the 24 px phase using a step-indexed switch: 2@16 + 1.5@24 + 4@32 px, 7.5 total epochs. Rescale the LR warmup/decay, EMA, lookahead and renorm schedules to the new total step count, the same way the recipe already does for epoch changes. Change nothing else, and use only shapes that are already warmed up. This tests whether a fractional removal of a cheap mid-resolution epoch, which also removes Muon steps, trades better than swapping 24 px for 16 px.	
I056	H4.2.3	3	done	Scored rerun 0.7550-0.7580 at ~5.24 s (±0.5%). Seeds 3-10 mean 0.754-0.758 (sd ~0.2-0.3 pp). If the rerun plus E044 average >=0.7560 and seeds 3-10 average >=0.7545, the margin is real (~0.25-0.3 pp spendable). If the two-run mean is <0.7555, E044 was lucky by ~0.2 pp, so only the smaller of the two schedule cuts is affordable.	Margin check on the E044 tip (head on Muon), with no recipe change. For the scored row, rerun E044 unchanged; this is the second variance sample on the current tip. In an untimed side script, import the arena submission and run it through the benchmark's own trial code (do not edit benchmark/) on seeds 3-10. Record per-seed accuracy and time. This calibrates whether E044's +0.32 pp is real before it gets spent on schedule cuts.	
I057	H7	3	done	Time unchanged (±0.5%, ~5.24 s). Accuracy -0.3 to +0.4 pp vs 0.7574. If the 3-seed mean is >=0.7595 (+0.2 pp), it is free margin and becomes the tip. If it is <=0.7550, try 2x instead, since the head then wants larger steps. A result within ±0.15 pp closes head LR tuning.	On the E044 tip, change only the Muon learning rate of the classifier head group (the [100, 576] weight added in E044) from 0.24x to 0.5x of the filter Muon LR, i.e. 0.12 peak on the same schedule shape. Pass it as a separate 0-d GPU tensor so nothing recompiles. Keep the conv-filter Muon LR, momentum, NS steps and the head bias on SGD unchanged. The head's spectral-norm step size was copied from the conv filters untuned. Output layers usually want smaller normalized updates (muP-style), and the head has no renorm or wd to bound it.	
I058	H2.13.1	3	done	Time -3 to -4.5% (about 5.00-5.08 s); the gain is larger in the 32 px tail and smaller in the per-step-bound 16 px phase. Accuracy -0.15 to -0.35 pp vs 0.7574 (0.754-0.756). A loss of <=0.06 pp per 1% saved supports H2.13 and makes width a third axis to combine with schedule trims. A loss of >=0.4 pp means capacity stays expensive under Muon on CIFAR-100, which closes width cuts.	On the E044 tip, narrow group 2 from 384 to 352 channels, which also shrinks group 3's first conv input. Muon handles the new filter shapes (re-batch the same-shape stacks). Recompile and warm up every train/eval shape and the Muon update in build. Change nothing else. This lever cuts FLOPs, so it should transfer to the 300 W PCIe judge better than per-step levers. Under SGD, 384->320 cost 0.115 pp per 1% (E017). Muon halved the epoch slope, so it may now trade at <=0.06 pp per 1%.	
I059	H6.4.1	2	done	Time unchanged (±0.5%). Accuracy -0.2 to +0.35 pp vs 0.7574. A 3-seed mean >=0.7595 supports H6.4.1 and gives free slack. If the result is within ±0.15 pp, warmup is closed (skip the doubling run). A result <=0.7545 means the warmup is protecting the high SGD LR on BN biases, so it stays.	On the E044 tip, change only the LR warmup length, halving it in steps for both the SGD and Muon groups, with the same peak and the same decay end point. Everything else is unchanged. With bs 1536 the run has only ~256 steps, and the warmup was rescaled from a schedule tuned for ~408 SGD steps. Muon's normalized updates need less warmup than high-LR SGD.	
I060	H2.4.2	2	done	Accuracy/time identical to E044 within noise (~0.755-0.758, ~5.24 s). Prediction: wall exceeds GPU-busy by >=30% at 16 px and >=15% at 24 px, <10% at 32 px. Augmentation+downsample is >=10% of 16 px step time. If gaps are >=30% at 16/24 px, queue CUDA-graphing those shapes. If augmentation is >=10%, queue per-phase pre-downsampling of the uint8 dataset (in train) with flip + translate at low res. If both are small, the low-res phases are compute-bound and per-step levers are closed.	Observational, on the E044 tip, with no recipe change in the scored path. In an untimed side script (same build, one trial, seed 0), wrap each phase (16/24/32 px) with CUDA events. Using torch.profiler on ~20 steps per phase, split per-step time into data augmentation (flip + translate at 32 px + antialiased downsample), net fwd/bwd, SGD foreach step, compiled Muon update, lookahead/EMA, and GPU-idle gaps. Report wall time vs GPU-busy time per phase. For the scored row, rerun E044 unchanged; it doubles as a variance sample. This gates CUDA graphs (H2.12.1) and a low-res pre-downsampled data path.	
I061	H2.4	2	done	Prepare drops from ~60 ms to <=25 ms. Total time -0.5 to -0.9% (about 5.19-5.21 s). Accuracy within noise of 0.7574 (±0.25 pp). If total time falls by <0.3% even though prepare is faster, the work just moves into train (async GPU), and fixed overhead is closed for good.	On the E044 tip, cut only fixed timed overhead in prepare. Vectorize the dirac init over all 3x3 convs, and do the uint8->normalized conversion in one fused fp16 GPU op. Keep the whitening statistics on the same 5000 images, so the learned function is unchanged apart from numerics. Make sure all lazy CUDA/cuBLAS/cuDNN handles used in prepare are already initialized in build. Log the prepare and train split per trial. E004 tried this under the SGD power cap, where hidden CPU work cost nothing. In the current 5.2 s run, prepare's ~60 ms fixed cost is ~1% of time and is not overlapped with GPU-bound training.	
I062	H2.14.1	5	done	Time ~4.87-4.89 s (-1.3 to -1.7% vs 4.955 s; E045's micro-benchmark measured ~0.086 s/trial, mostly in the 24 and 32 px phases). Accuracy unchanged within noise (~0.753-0.756). If it is >=0.7535 with time <=4.89 s, bank it as the new tip; a math-identical change only needs the time improvement plus accuracy inside the noise band. If time drops by <0.5%, the micro-benchmark gain does not survive the full run and H2.14.1 is refuted.	On the E046 tip (bs 1536, 3@16 + 1@24 + 4@32 px, compiled Muon on 9 convs plus head), set torch._dynamo.config.automatic_dynamic_shapes=False and raise torch._dynamo.config.cache_size_limit (e.g. 64) so that each (resolution, batch) train shape (16/24/32 px at bs 1536, plus any partial last-batch shapes) compiles as its own static graph. Warm all of them up in build on synthetic data. Keep eval on a separate compiled function that is dynamic in the batch dimension (torch._dynamo.mark_dynamic on dim 0, or the existing eval path unchanged), so any B from 1 to 1024 never recompiles. In an untimed side check, verify eval for B in {1, 7, 1000, 1024} returns finite [B,100] logits in under 5 s with no recompile. Change no math, hyperparameters or schedule. Log per-phase epoch times.	
I063	H2.10	4	done	Time -0.12 to -0.14 s (~-2.5%, about 4.75 s if the static-shape tip is banked, or ~4.83 s on E046). Accuracy -0.05 to -0.12 pp, two-run mean ~0.7537-0.7545. New tip only under the H4 rule (3-seed mean >=0.755, or two non-bit-identical runs averaging >=0.7535). A loss of >=0.2 pp means the third 16 px swap already made the 24 px bridge binding, and H2.10's fractional-trim line on the bridge is closed.	On the static-shape tip (or on E046 if H2.14.1 fails), trim a quarter of the remaining 24 px bridge with a step-indexed switch: 3@16 + 0.75@24 + 4@32 px (7.75 epochs). Rescale the LR warmup/decay, EMA, lookahead and renorm schedules to the new total step count, exactly as E047 did. Change nothing else, and use only shapes already warmed up in build. This trim is half the size of H2.10.2's arm A on purpose: at ~0.03 pp per 1%, the ~0.15 pp margin only covers a ~2-3% trim, while arm A (-0.26 s) would be expected to land at ~0.7532, right on the gate.	
I064	H2.14.2	3	done	Time -0.3 to -1% (roughly -0.015 to -0.05 s), with most of the gain in the backward pass of the 16 px phase (1x1 final map) and the 24 px phase (2x2 final map). Accuracy within noise (>=0.7535). Bank it if time drops >=0.5% with accuracy in the noise band. A drop under 0.3% is time noise, which closes the pool lever.	On the static-shape tip (or on E046 if that fails), replace AdaptiveMaxPool2d(1) with x.flatten(2).amax(dim=2), which is mathematically identical (Fable: it avoids slow atomic kernels). Recompile and warm up every train and eval shape in build. Change nothing else.	E055 crashed: fix and relaunch, or drop it
I065	H6.5.1	3	done	Time unchanged (±0.5%). Accuracy -0.15 to +0.25 pp vs the 0.7548 two-run mean. If the 3-seed mean is >=0.7563, rerun to confirm (H4 rule); a confirmed gain buys margin for one further fractional trim. A result within ±0.15 pp closes the Muon floor, and with it LR-schedule tuning for Muon.	On the E046 tip (or on the static-shape tip if it is banked first), lower the LR floor of the Muon groups only (9 conv filter groups plus the head) from 0.07x to 0.05x of peak. Keep the SGD groups' floor, the warmup, the peak LR and the EMA/lookahead unchanged. Pass the value as the existing 0-d tensor schedule so nothing recompiles.	
I066	H6.4.2	3	done	Time unchanged (±0.5%). Accuracy -0.2 to +0.3 pp vs 0.7548. A 3-seed mean >=0.7563 supports H6.4/H8 (early training is step-starved or LR-fragile) and becomes a margin source, pending a confirming rerun. A result within ±0.15 pp closes warmup length in both directions. A loss of >=0.2 pp means the current warmup sits at a sharp optimum.	On the E046 tip, double the LR warmup length (0.23 -> 0.46 of the warmup fraction in steps) for both the SGD and Muon groups, keeping the same peak and the same decay end point. Change nothing else. This is the untested direction after E051, where halving the warmup cost ~0.2 pp.	
I067	H8.1.2	2	dropped	Time unchanged. Accuracy 0.7530-0.7555, i.e. no loss beyond noise vs 0.7548, unlike E051's -0.2 pp from halving both. That would support the claim that the warmup protects the SGD bias groups, and it would point at bias-LR levers (next idea) as the early-phase margin source. If the result is <=0.7525, Muon itself needs the warmup, and the H8.1 bias channel is refuted.	On the E046 tip, halve the warmup only for the Muon groups (conv filters plus head). The SGD groups (BN biases at 64x LR, whitening bias, head bias) keep the current warmup. Same peak and decay end point, no recompiles (separate 0-d LR tensors per group already exist).	H8.1.2 retired
I068	H8.1	2	done	Time unchanged or -0.1% (a few fewer elementwise ops). Accuracy -0.1 to +0.25 pp vs 0.7548. A 3-seed mean >=0.7563 (then confirmed by a rerun) gives a zero-cost margin source to spend on a fractional trim. A result within ±0.15 pp closes it.	On the E046 tip, train the whitening-stem bias only for the first 20% of steps and freeze it after that (as in hiverge and Fable). Set its LR to 0 from step 0.2*total, either through its own 0-d LR tensor or by masking it in the SGD foreach step, so nothing recompiles. Everything else is unchanged. This tests whether the 64x-LR bias groups add late-phase noise in the ~256-step regime.	
I069	H7.3.2	5	done	Time 4.66-4.69 s, the same as E060 within 0.5% (4.675 s), so about -0.9% against the 4.717 s tip whenever a run is feasible. Two-run pooled accuracy 0.7535-0.7550. A pool of 0.7540 or higher, i.e. +0.09 pp over the family's 0.7531 and a 3-run pool of at least 0.7545 together with E049, passes the H4 rule and makes this the new tip at about 4.67 s. If both runs land at 0.7530 or below, head LR is closed (E049 was noise).	Base: E060 code, which is the E057 tip (static shapes, max(dim).values pool, Muon floor 0.05) plus E060's vectorized dirac init and fused fp16 normalization in prepare. Both prepare changes are math-neutral, so the result still belongs to the pooled family, which E060 brings to 8 runs with a mean of 0.7531. Change only the head's Muon learning rate: set it to 0.5x the filter Muon LR (0.12 peak, same schedule shape and floor) as its own 0-d GPU tensor, so nothing recompiles. Leave everything else unchanged. Score it twice. Instrumentation only: log the submission source hash and a per-seed checksum of the final weights and BN buffers (for H4.4.1).	
I070	H2.15.1	5	dropped	Time 4.60-4.65 s, i.e. -0.5 to -1.5% against E060's 4.675 s and -1.5 to -2.5% against the 4.717 s tip. Most of the gain should come from the energy-bound 32 px tail. Two-run pooled accuracy 0.7522-0.7545, within noise of 0.7531. If the drop against E060 is under 0.3%, the dgrad is not being skipped, or it is negligible, and the FLOP channel of H2.15 is refuted. If accuracy pools at 0.7540 or higher, it also supports H8.1's bias-LR channel.	Base: E060 code. After 20% of total steps, which falls inside the 16 px phase, set the whitening-stem bias to requires_grad=False. The stem's weights are already frozen, so the stem then has no trainable parameters, and autograd skips group-1 conv1's input gradient (dgrad) for every later step at 16, 24 and 32 px. Compile separate static train graphs keyed by whether the bias takes a gradient, and warm up every (resolution, flag) shape in build on synthetic data. Remove the bias from the SGD foreach step at the switch, or give it a zero LR with a None grad that is skipped. Change nothing else. Before scoring, check in an untimed run that the compiled backward graph has no stem-side convolution_backward input-grad. Score it twice.	Settled by E061 + code: the recipe already detaches the whitening bias after whiten_bias_epochs (forward(x, whiten_bias_grad=False) -> b.detach()), so the stem has no trainable inputs and the compiled backward already skips group-1 conv1's dgrad in those steps. E061 moved that switch from 37.5% to 20% of steps exactly as I070 proposes: -0.3% time (4.701 vs 4.717 s), accuracy 0.7523 (noise).
I071	H2.10.3	4	done	Time 4.66-4.71 s: E047 matched E046 within 0.2%, so this should be equal to E060 within 0.5%. Two-run pooled accuracy 0.7535-0.7555, i.e. +0.05 to +0.2 pp over 0.7531. A pool of 0.7540 or higher makes it the new tip at about 4.68 s (H4 rule) and leaves room for a later fractional trim. If both runs land at 0.7530 or below, E047's 0.7558 was a lucky draw and the 3@16 swap is as good as the reshuffle.	Base: E060 code. Change only the schedule to E047's 2@16 + 1.5@24 + 4@32 px: 7.5 total epochs with step-indexed resolution switches, and LR warmup/decay, the Muon floor, EMA, lookahead and the renorm cadence all rescaled to the new total step count, as E047 did. All three bs-1536 static shapes are already warmed up in build. Score it twice. This is the equal-time reshuffle against the 3@16 + 1@24 swap that the current tip uses.	
I072	H2.16.2	4	done	Time -0.5 to -2% against E060's 4.675 s (about 4.58-4.65 s), with the largest saving in the 24 and 32 px phases, whose elementwise kernels are energy- and memory-bound. Accuracy within noise (0.7520-0.7545). A drop under 0.3% means Inductor's default configs for these kernels are already near-optimal, so the next step is a hand-written fused BN-apply+GELU kernel, and only if H2.16.1 shows at least 4 passes.	Base: E060 code. The change is Inductor kernel tuning only, aimed at the fused BN/GELU/elementwise Triton kernels, which take about 30% of GPU time (E052). Set torch._inductor.config.coordinate_descent_tuning=True and torch._inductor.config.max_autotune_pointwise=True (the net already compiles with max-autotune) before compiling the net, then recompile and warm up every static train shape plus the eval path in build. Log build time; it must stay under 600 s, and if tuning would exceed that, drop max_autotune_pointwise first. The math is unchanged apart from reduction order. Smoke-test that the loss stays finite for 10 steps before scoring.	
I073	H2.16.1	3	done	Scored row: about 4.675 s, accuracy 0.752-0.755, which adds one run to the family pool. The profile should show elementwise/reduction kernels at 25-35% of 32 px GPU time and at least 4 activation-sized passes per BN+GELU (forward stats, apply+GELU, backward recompute, backward reduction+apply). If they take under 15% of the time or already run at 2 passes or fewer, H2.16 is refuted and the fused-kernel line is closed.	Observational. Run an untimed side script on the E060 code with the same build and one trial on seed 0. Use torch.profiler for about 20 steps of the 32 px phase at bs 1536, and also for 20 steps at 24 px. Per conv layer, record the forward and backward kernel list, the time share of Triton elementwise/reduction kernels against cuDNN conv kernels, and the bytes read and written per BN/GELU kernel relative to the fp16 activation size, i.e. the number of passes over the activation. In the same profile, record per-layer conv time for group 2 (input for H2.13.2). For the scored row, rerun the E060 code unchanged as an extra family variance sample. Log the per-seed weight checksums (H4.4.1) and the cuDNN kernel names per layer and shape (H4.5.1).	
I074	H6.5.2	3	done	Time within 0.5% of E060 (4.65-4.70 s). Two-run pooled accuracy 0.7525-0.7550. A pool of 0.7540 or higher (H4 rule) makes it a zero-cost margin source and the new tip. If it lands within ±0.1 pp of 0.7531, it closes end-of-schedule tuning for Muon along with E057.	Base: E060 code. Apply Fable's tail at equal total steps. The Muon and SGD LR decay reaches its floor (0.05x for Muon, unchanged for SGD) about 4% of steps early and holds there until the end. Over the last ~8 steps, update a light final EMA every 4 steps (ema = 0.7*ema + 0.3*net with torch._foreach_lerp_, buffers allocated in build and reset in prepare). It replaces the end of the lookahead-EMA ramp, and evaluation uses those EMA weights, with BN buffers copied from the net. Change nothing else, and score it twice.	
I075	H7.1.3	2	dropped	Time unchanged (±0.5%, about 4.675 s). Two-run pooled accuracy 0.7520-0.7550. A pool of 0.7545 or higher supports H7.1.3 and becomes a margin source. A pool within ±0.15 pp of 0.7531 means the lr optimum transfers and Muon lr is closed on the bs-1536 tip. A pool of 0.7515 or lower means 0.24 is already at or above the optimum.	Base: E060 code. Change only the peak Muon LR of the conv filters from 0.24 to 0.28, through the existing 0-d tensor so nothing recompiles. The head keeps its own LR multiplier exactly as on the base, so the head's absolute LR also rises with the filter LR. With bs 1536 and only about 256 steps, the bs-1024 LR optimum (flat at 0.20-0.24, E034) may have shifted upward. Score it twice.	ideate: Stale base, and it is confounded with the head LR: on the E060 code the head's absolute LR would rise with the filter LR. Re-proposed on the E062 tip with the head's absolute LR held at 0.12, so only the filter LR changes.
I076	H2.10.3	5	done	Time about 4.57-4.60 s: removing 0.25 of a 24 px epoch (~0.125 s at bs 1536) from E064/E065's 4.71 s gives -1.5 to -2% against the 4.669 s tip. Two-run pooled accuracy 0.7538-0.7550, i.e. about -0.05 to -0.12 pp against the E064/E065 pool of 0.7552, using the ~0.03-0.04 pp per 1% trim rate. If the pool is >=0.7540 (H4 rule), this becomes the new tip. If the pool is <=0.7530, the 24 px bridge is binding at 1.5 epochs and the reshuffle's accuracy gain cannot be resold as time.	Base: E064 code (a1aef09), which is the E062 tip (static shapes, max(dim).values pool, Muon floor 0.05, vectorized dirac, fused fp16 normalization, head Muon lr 0.5x) running E047's 2@16 + 1.5@24 + 4@32 schedule. Change only the length of the 24 px phase, from 1.5 to 1.25 epochs: 2@16 + 1.25@24 + 4@32 px, 7.25 total epochs, with step-indexed switches. Rescale the LR warmup/decay, Muon floor, EMA, lookahead and renorm cadence to the new total step count, the same way E047/E064 did. All shapes are already warmed up in build. Score it twice and log the source hash.	
I077	H2.10	4	done	Time about 4.57-4.60 s, about -2% against the tip. Removing half a 16 px epoch saves ~0.13 s, which is similar to the 24 px trim arm. Two-run pooled accuracy 0.7535-0.7552. If it is >=0.7540 and at least equal to the 24 px-trim arm's pool, the 16 px phase is the cheapest place to cut, and 1@16 + 1.5@24 + 4@32 comes next. A pool <=0.7525 supports H8: the early phase needs its update count.	Base: E064 code (a1aef09; 2@16 + 1.5@24 + 4@32 on the E062 tip). Trim the 16 px phase instead of the bridge: 1.5@16 + 1.5@24 + 4@32 px, 7.0 total epochs, with step-indexed switches. Rescale LR warmup/decay, Muon floor, EMA, lookahead and renorm to the new total step count as in E064. The warmup stays the same fraction of steps. Change nothing else and score it twice. This is the sister arm of the 24 px trim at about equal time. E064/E065 versus the tip showed that 24 px time buys accuracy at ~0.13 pp per 1% and 16 px time does not, so the 16 px phase may be the cheapest one to cut.	
I078	H6.5.2	3	dropped	Time within 0.5% of the tip (4.65-4.70 s). Two-run pooled accuracy 0.7525-0.7555 against the tip pool of 0.7537 (E062/E063/E067). A pool >=0.7550 (+0.13 pp) makes it a zero-cost margin source that can then be stacked onto the winning schedule trim. A pool within ±0.1 pp of 0.7537 closes end-of-schedule tuning for Muon, along with E057.	Rebased I074. Base: E062 code (the current tip, head Muon lr 0.5x). Apply Fable's tail at equal total steps. The Muon and SGD LR decay reaches its floor (0.05x for Muon, unchanged for SGD) about 4% of steps early and holds there until the end. Over the last ~8 steps, update a light final EMA every 4 steps (ema = 0.7*ema + 0.3*net via torch._foreach_lerp_; buffers allocated in build and reset in prepare). It replaces the end of the lookahead-EMA ramp, and evaluation uses those EMA weights with BN buffers copied from the net. Change nothing else, and score it twice.	Settled by E068/E069: I074 was already implemented on the E062 code (head Muon lr 0.5x) -- exactly I078's rebase. Pool 0.7562 (+0.25 pp over the E062 pool 0.7537) at equal time; now the tip.
I079	H7.3.3	2	done	Time unchanged (±0.5%). Two-run pooled accuracy 0.7525-0.7555 against the tip pool of 0.7537. A pool >=0.7550 supports H7.3.3, confirms that the head's update scale and norm are the live knob, and gives margin. A pool within ±0.12 pp closes head regularization, and with E062/E063 the head line is finished.	Base: E062 code (head Muon lr 0.5x). Add decoupled weight decay to the Muon head weight [100, 576] only, at hiverge's bs-1536 scale: each step w -= lr_head_t * wd * w, with wd chosen so that wd*lr is about 1.6e-3 at peak, applied inside the compiled Muon update through a 0-d tensor so nothing recompiles. Leave the head bias, the filters and all schedules unchanged. Score it twice.	
I080	H7.1.3	2	dropped	Time unchanged (±0.5%). Two-run pooled accuracy 0.7520-0.7550. A pool >=0.7550 means the bs-1536 / ~256-step regime wants a larger filter step, which is a margin source. A pool within ±0.15 pp of 0.7537 means the bs-1024 optimum transfers, and filter Muon lr is closed. A pool <=0.7520 means 0.24 is at or above the optimum.	Rebased I075. Base: E062 code (head Muon lr 0.5x of filter lr). Change only the conv-filter peak Muon LR from 0.24 to 0.28 through the existing 0-d tensor. Keep the head's absolute peak LR at 0.12 (i.e. set its multiplier to 0.12/0.28) so that this run changes the filters only. Score it twice.	ideate: The base is stale: it runs on E062 code, while the tip is now E070, possibly plus the tail. The prior is low (Muon lr was flat at 0.20-0.24 in E034, H7.1.3 confidence 0.10), and two scored runs on an obsolete base cannot be pooled against the current tip. Zero-cost levers should be decided on the tail tip with an off-seed A/B; higher-value candidates (head lr 0.4x, MaxSup, tail ablation) are queued for that.
I081	H2.13.2	1	done	Scored row about 4.67 s, accuracy 0.752-0.755, which adds to the tip pool (currently 0.7537 over 3 runs). Profile prediction: 352 recovers <=60% of its FLOP-proportional group-2 time, while 320 recovers >=80%, i.e. tile misalignment explains E050's shortfall. If 320 also recovers <80%, width cuts are dead and H2.13 is refuted. If it recovers >=80%, a 320-width arm combined with the 2@16 + 1.5@24 reshuffle becomes worth one scored run.	Observational, untimed. On the E062 tip code, build three variants with group-2 widths 384, 352 and 320 (recompiled and warmed up in a side script). Use CUDA events and torch.profiler on 20 steps each at 32 px and 24 px, bs 1536. Record per-layer conv fwd/bwd time, elementwise time for group 2 and group 3's conv1, and total step time and energy (NVML). For the scored row, rerun the E062 code unchanged as a fourth tip-family variance sample (log weight checksums and source hash).	
I082	H2.16.2	1	dropped	Time -1 to -3% (about 4.53-4.62 s) if it removes >=1 full activation pass per layer in the energy-bound 24/32 px phases. Accuracy within noise (two-run pool >=0.7525), since the math is equivalent up to fp16 rounding. If time drops <0.5%, or the opaque op breaks Inductor's conv-epilogue fusions and time rises, H2.16 is closed.	Explore. On the E062 tip code, replace BN(train) + GELU in the group-2 and group-3 blocks (32/24 px shapes only) with a custom torch.autograd.Function built from two Triton kernels. The forward computes per-channel stats with one reduction pass, then applies the BN affine and exact-erf GELU in one pass, saving only the fp16 pre-BN input and the per-channel mean/rstd. The backward recomputes the normalized value and GELU' on the fly in one fused reduction (dgamma, dbeta, sum terms) plus one apply pass. Register it so torch.compile treats it as an opaque op (allow_in_graph or a custom_op), and warm up every shape in build. Before scoring, check numerics against the compiled reference on one batch (max abs grad diff at fp16 level) and confirm the loss stays finite for 10 steps. Write down the predicted bytes moved per layer first.	H2.16.2 refuted
I083	H2.10.4	5	dropped	Time 4.57-4.62 s, equal to E070/E071 (4.583 s) within 0.8%. Two-run pooled accuracy 0.7550-0.7565, about +0.15 to +0.25 pp over the E070/E071 pool of 0.7537, and an off-seed mean of at least 0.7535. If the pool is 0.7550 or higher, this is the new tip at ~4.58 s with ~0.2 pp of margin to spend on the 32 px trim. If the pool is 0.7540 or lower, the tail and the reshuffle do not stack.	Base: E070 code (e945ed5; 2@16 + 1.25@24 + 4@32 px, 7.25 ep, head Muon lr 0.5x, Muon floor 0.05, static shapes, max(dim).values pool). Precondition, untimed (H4.2.4): diff e945ed5 against 766d5bf (E068) and a1aef09 (E064) and log whether E070 already has the Fable tail. If it has the tail, do not run this; mark H2.10.4 refuted and go straight to the 32 px trim idea. If it lacks the tail, port the E068 tail unchanged, with all step counts rescaled to E070's total: LR decay reaches its floor at ~96% of steps and holds there; lookahead stops for the last ~8 steps; a final EMA lerp 0.3 runs every 4 steps (foreach_lerp, buffers allocated in build and reset in prepare); eval uses the EMA weights with BN buffers from the net. Change nothing else. Score it twice and log the source hash. Instrumentation: an untimed off-seed run of seeds 3-10 through the benchmark trial code, which also covers the H4.2.5 margin check.	Precondition fails: E070 (e945ed5) was built on the E068 code and already contains the Fable tail (tail_ema/decay_end present). E070/E071 therefore already measured tail + 2@16+1.25@24+4@32: pool 0.7537 -> tail and the 24 px trim do not stack to >= 0.7550 (H2.10.4 refuted as the idea instructs).
I084	H2.10.5	4	dropped	Time about 4.36-4.40 s (-4 to -5%, since a 32 px epoch at bs 1536 is ~0.87 s). Accuracy -0.10 to -0.20 pp (Muon full-res slope ~0.54 pp/epoch), giving a two-run pool of ~0.7538-0.7550. If the pool is 0.7540 or higher with the off-seed mean at 0.7530 or higher, this is the new tip. A loss of 0.3 pp or more means the 32 px tail is binding, and further cuts must come from elsewhere.	Gated on the tail-on-E070 idea reaching a pool of at least 0.7550. On that verified tail tip, cut the 32 px phase by 0.25 epoch: 2@16 + 1.25@24 + 3.75@32 px (7.0 ep), with a step-indexed switch. Rescale LR warmup/decay, the floor-hold point, the final-EMA window, lookahead and the renorm cadence to the new total step count, the same way E070 did. All shapes are already warmed up. Change nothing else. Score it twice, plus an untimed off-seed run of seeds 3-10. If the gate pool is only 0.7545-0.7550, cut 0.125 epoch instead (3.875@32).	Gate not met: requires a verified tail tip pool >= 0.7550 (or 0.7545 for the 0.125-epoch variant); the tail tip with the current schedule pools to 0.7537 (E070/E071), so the 32 px trim has no margin.
I085	H2.14.3	3	done	Accuracy unchanged within noise (same math). Prediction: today trial 1 runs ≥0.5% slower than trials 2-3 (E069: 4.757 vs 4.708). The rehearsal removes that gap, so mean time drops 0.3-0.8% (~0.015-0.035 s). If trial 1 already matched trials 2-3 before the change and the mean time moves by less than 0.3%, H2.14.3 is refuted and lazy-init levers are closed.	Math-neutral. On the current tip code (the tail variant if banked, otherwise E070), add a full synthetic dress-rehearsal trial to build. Run prepare + the complete train loop on random uint8 data of the real shape: every phase, the resolution switches, the renorm on/off variants, the tail's floor-hold, the lookahead stop, the final-EMA foreach_lerp, the BN buffer copy, and eval at B=1024 and B=1. Then discard all state; prepare still resets everything. This warms the allocator pool, cuBLAS workspaces, cuDNN plans and any lazily compiled tail or EMA kernels that may currently first run inside timed trial 1. Log per-trial prepare/train times. Build stays well under 600 s (one synthetic trial is ~5 s). Score once.	
I086	H7.3.4	2	done	Time unchanged (±0.5%). Accuracy -0.1 to +0.15 pp vs the tip: the scored pool and the off-seed paired difference should both be at least +0.05 pp. A gain of +0.1 pp or more on both is margin for the 32 px trim. If 0.4x is 0.1 pp or more worse, the head optimum is at or above 0.5x and head lr is closed.	On the verified tail tip, change only the head's Muon lr multiplier from 0.5x to 0.4x of the filter lr. This is close to the spectral-condition value sqrt(100/576) ≈ 0.42. Set it through the head's own 0-d tensor so nothing recompiles. Decide with an untimed off-seed A/B on seeds 3-10 (tip vs 0.4x) plus two scored runs.	
I087	H6.6.1	2	done	Time within ±0.5%. Accuracy -0.3 to +0.3 pp. If both the off-seed mean and the scored pool beat the tip by 0.15 pp or more, MaxSup is a zero-cost margin source to spend on a trim. A difference within ±0.1 pp closes it. A loss of 0.2 pp or more means the 8-epoch regime needs LS's target-side regularization.	Explore. On the verified tail tip, replace label smoothing 0.3 with MaxSup: loss = CE(z, y) + 0.3*(max_k z_k - mean_k z_k), one fused op on the fp32-cast [B,100] logits inside the compiled train graph. Before scoring, smoke-test 10 steps for a finite loss under compile at every resolution. Change nothing else. Decide with an untimed off-seed run on seeds 3-10 plus two scored runs.	
I088	H6.5.3	2	done	Time unchanged (±0.5%). If the final EMA carries the gain, accuracy falls 0.1-0.2 pp on both scored and off-seed, and EMA length and decay become the next tuning axis. If accuracy falls by 0.05 pp or less, the floor-hold or lookahead stop carries the gain, so the floor level should be tuned next. Info-only: no time gain expected.	Tail ablation on the verified tail tip, arm (a) only: remove the final EMA, so eval uses the net weights. Keep the floor-hold and the lookahead stop exactly as they are. Change nothing else. Run one scored run plus an untimed off-seed run of seeds 3-10, compared against the tip's off-seed mean. Arm (b), removing only the floor-hold, is queued only if arm (a) costs less than 0.05 pp.	
I089	H6.5	5	done	Time unchanged (4.57-4.61 s; a few extra foreach_lerp calls). E079 showed the 2-update final EMA is worth ~0.15-0.2 pp. A longer window that also averages iterates from before the floor-hold should add +0.05 to +0.15 pp: off-seed mean ~0.7535-0.7545 against a tip of ~0.7530, and a two-run scored pool of ~0.7540-0.7555 against 0.7537. If both instruments gain >=+0.1 pp, the result becomes the tip and funds the gated 32 px trim. A result within ±0.05 pp means the window length is saturated at 8 steps, so try the uniform-average arm next. If it is worse by >=0.1 pp, averaging over pre-floor iterates hurts at this LR.	Base: the current tip, E070 code (e945ed5). It is 2@16 + 1.25@24 + 4@32 px at 7.25 ep and already contains the Fable tail, as the I083 drop note confirms. Precondition, untimed: log the source hash and a one-line diff against e945ed5, so this run joins the right family (H4.2.4). Change only the final-EMA window. Start the final EMA 20 steps before the end instead of 8. Keep the cadence (every 4 steps) and the lerp (ema = 0.7*ema + 0.3*net via foreach_lerp), so there are ~5 updates instead of ~2. Initialize the EMA from the net weights at the window start, using buffers allocated in build and reset in prepare. Leave the floor-hold point (~96% of steps), the lookahead stop point, eval on the EMA weights and the BN buffers copied from the net all unchanged. This is a host-side step-index change only, so nothing new compiles. Decide with an untimed off-seed run on seeds 3-10. In the same session, rerun the tip off-seed so the baseline (0.7530) gets a second sample. Add two scored runs. Instrumentation for H4.4.1/H4.5.1: log per-seed final-weight checksums and the cuDNN conv kernel names per (layer, shape).	
I090	H6.5	3	done	Time unchanged (±0.6%). Accuracy +0.0 to +0.15 pp versus the tip, i.e. off-seed ~0.7530-0.7545. If it beats both the tip and the EMA-window arm by >=0.07 pp off-seed, a uniform weighting is the better averaging design for this ~236-step regime. If it is no better than the EMA-window arm, the averaging axis is closed after the winner of the two is banked.	Sibling arm of the EMA-window idea, sharing its off-seed tip baseline. Base: E070 code. Replace the final exponential EMA with a LAWA-style uniform average: take a snapshot of the net weights every 4 steps over the last 20 steps (5 snapshots), keep them as a running mean via foreach_lerp with weight 1/k for the k-th snapshot, and evaluate on the mean with the BN buffers copied from the net. The floor-hold and lookahead stop stay unchanged. Buffers are allocated in build and reset in prepare, and nothing recompiles. Change nothing else. Decide with an off-seed run on seeds 3-10 plus two scored runs, against the same tip off-seed baseline as the EMA-window idea.	
I091	H9.1.1	4	done	Time unchanged (±0.6%). This is a structural change to the effective-step schedule, so its effect may exceed the scalar knobs: off-seed and scored pool -0.2 to +0.3 pp. If the off-seed gain is >=+0.15 pp and the scored pool gains >=+0.1 pp, it becomes the tip with margin for a 32 px trim. If the off-seed delta is within ±0.1 pp, the implicit schedule is not binding and H9.1 is refuted. If accuracy drops >=0.2 pp, the late relative step under the tip's constant norm is already right for Muon+BN at ~236 steps.	Step 1 is free: read the filter-renorm code in the tip (E070 code) and log whether the target norm is constant or already decays. If it already decays, retire H9.1.1 and do not run this. Otherwise, change only the renorm target so it decays linearly from the tip's current value c to 0.157c over training, matching hiverge's 0.5012->0.0786 ratio. Compute it from progress inside the compiled Muon update as a 0-d GPU tensor, so nothing recompiles, and apply it on the existing renorm cadence (every 2+int(15*progress) steps). LR, floor, tail and everything else stay unchanged. Decide with an off-seed run on seeds 3-10 plus two scored runs.	
I092	H2.11.3	3	done	Time +1.5 to +3% (4.65-4.72 s). If bs 1536's accuracy cost (E038, ~0.13-0.3 pp) arose in the tail, accuracy rises +0.1 to +0.25 pp (off-seed ~0.754-0.755). That buys accuracy at >=0.055 pp per 1% of time and can fund a 32 px trim larger than its cost. If the gain is <=0.05 pp, the batch cost did not arise in the tail, and H2.11 is closed. This is an explore idea; it does not become the tip on its own because it is slower.	Base: E070 code. Keep bs 1536 for the 16 and 24 px phases, and run the 32 px phase (4 epochs) at bs 1024. Index LR warmup/decay, the floor-hold, the final-EMA window, lookahead and the renorm cadence by samples seen. The final-EMA window and lookahead stop stay at the same sample count as in the tip. Scale the SGD groups (BN biases, whitening bias, head bias) per phase by the E010 kilostep rule, and leave Muon lr and momentum unchanged. Compile the bs-1024 32 px train shape as a static graph and warm it up in build on synthetic data. Change nothing else. Pre-register the time cost: about +66 steps at 32 px. Decide with an off-seed run on seeds 3-10 plus two scored runs.	
I093	H2.14.4	2	done	Per-seed accuracy bit-identical or within noise. If the trial-1 window is pageable-staging overhead, trial-1 prepare falls from ~0.098 s to <=0.04 s, and trials 2-3 stay <=0.025 s (the extra host memcpy into pinned memory must not cost more than it saves). Mean time drops ~0.4-0.6% (~4.56 s). If trial-1 prepare stays >=0.08 s, the slow window is link- or driver-level (e.g. PCIe link power state), not pageable memory, and the line is closed. If trials 2-3 get slower by more than trial 1 saves, revert.	Math-neutral. Base: E070 code. In build, allocate an empty pinned host buffer (torch.empty(..., dtype=uint8, pin_memory=True)) and a GPU destination tensor of the training set's shape, with no real data. In prepare, copy the uint8 training array into the pinned buffer, upload it with non_blocking=True into the preallocated GPU tensor, and sync once before normalization. Change nothing else. Log per-trial prepare and train times. Score twice; decide on the per-trial prepare logs, not on the totals.	
I094	H2.10.5	2	dropped	Time about -2.3% (~-0.11 s, ~4.47 s) for the 0.125 cut, or ~-4.5% for the 0.25 cut. Accuracy -0.05 to -0.12 pp (-0.1 to -0.25 for the 0.25 cut), at the Muon full-res slope of ~0.54 pp/epoch. This is the first fractional 32 px trim on a Muon base, and it measures whether the tail is binding (H2.10.5). If the loss is <=0.05 pp per 1%, it is banked as the tip. If the loss is >=0.3 pp per 0.25 epoch, the 32 px phase is binding and cuts must come from elsewhere.	Gated. Run only after the EMA-window, uniform-average or renorm-decay idea yields a new tip whose off-seed mean is >=0.7540 and whose two-run scored pool is >=0.7547. On that tip, cut the 32 px phase by 0.125 epoch: 2@16 + 1.25@24 + 3.875@32 px (7.125 ep), with a step-indexed switch. Rescale LR warmup/decay, the floor-hold point, the final-averaging window, lookahead and the renorm cadence to the new total step count, the same way E070 did. All shapes are already warmed up in build. Change nothing else. Score twice, plus an off-seed run on seeds 3-10. If the gate tip has >=+0.2 pp of margin off-seed, cut 0.25 epoch (3.75@32) instead.	Gate not met: the EMA-window (E081), uniform-average (E083) and renorm-decay (E082) ideas all failed, so no tip with off-seed >= 0.7540 and pool >= 0.7547 exists to fund the 32 px trim.
I095	H2.10.5	5	done	Time about 4.44-4.50 s, which is -1.5 to -2.7% against the tip's 4.565 s. E084 is ~4.68 s after the pinned-staging saving, and 0.25 epoch at 32 px with bs 1024 costs ~0.22 s. Two-run scored pool 0.7540-0.7550 and off-seed 0.7526-0.7538, i.e. -0.05 to -0.15 pp against E084. Even after the trim, the 32 px phase keeps ~45 more steps than the tip. Bank it as the new tip if the pool is >=0.7537, the off-seed mean is >=0.7525 and time is <=4.50 s. A loss of >=0.25 pp against E084 means the 32 px phase is binding even with more steps, so H2.10.5 is refuted for whole-phase trims.	Combine two near-misses: E084's bs-1024 32 px phase (+0.18 pp scored, +0.11 pp off-seed, +2.5% time) pays for the first fractional 32 px trim on a Muon base. Base: E084 code (3e30852, samples-indexed _fit, bs 1536 at 16/24 px, bs 1024 at 32 px) with E086's pinned staging buffer ported unchanged. The staging change is math-neutral and was confirmed bit-identical in E086/E087. Change only the length of the 32 px phase, from 4 to 3.75 epochs: 2@16 + 1.25@24 + 3.75@32 px (7.0 ep). The switch is indexed by samples seen. LR warmup/decay, the floor-hold, the final-EMA window, the lookahead stop and the renorm cadence are rescaled by samples, exactly as E084 did. All shapes are already warmed up in build. Precondition, untimed: log the source hash and a diff against 3e30852 plus 749bdce, so the run joins the right family (H4.2.4). Decide with an untimed off-seed run on seeds 3-10 plus two scored runs.	
I096	H2.17.1	4	done	28 px epoch cost about 0.76-0.82x of a 32 px epoch. Time about 4.43-4.48 s (-2 to -3% against the tip), about equal to the trim arm. Accuracy -0.03 to -0.12 pp against the E084 pool, i.e. a scored pool of ~0.7543-0.7552 and off-seed ~0.7530-0.7538. H10's corollary predicts this beats the trim arm by >=0.05 pp at equal time, because it keeps every update. If it is no better than the trim arm, step count is not the currency in the tail, and resolution substitution is closed.	Equal-time sibling of the bs-1024 32 px trim idea, on the same base: E084 code plus the E086 pinned staging. Step 1, untimed: measure the compiled cost of a 28 px epoch at bs 1024 against a 32 px epoch at bs 1024 (2 epochs each, static shapes). If the ratio is >0.85x, drop the idea without a scored run. Step 2: replace the first 1.25 epochs of the 32 px phase with 28 px, using the same operator (flip + translate-2 at 32 px, then antialiased bilinear to 28 px; maps 27/13/6/3, max(dim).values pool). The schedule is 2@16 + 1.25@24 + 1.25@28 + 2.75@32 px. Samples seen are unchanged, so the step count is unchanged and LR/EMA/tail/renorm are untouched. Compile the bs-1024 28 px shape as a static graph and warm it up in build. Decide with an off-seed run on seeds 3-10 plus two scored runs, and compare against the trim arm.	
I097	H6.8.1	3	done	Time -0.3 to -1% (about 4.52-4.55 s), from removing the lookahead's per-step weight traffic about every 3 steps. Accuracy: off-seed within -0.05 pp of 0.7530 or better, and a scored pool of ~0.7525-0.7545. Bank it if both scored runs are faster than 4.561 s and the off-seed delta is >= -0.05 pp. If the off-seed loss is >=0.15 pp, lookahead still carries real smoothing under Muon at ~240 steps, and the line closes.	Base: the current tip (E086 code 749bdce: E070 schedule, Fable tail, pinned staging). Remove the SGD-era lookahead-EMA entirely, so the net trains on its own weights throughout. Drop its buffers and its foreach kernels from build and from the step loop. Keep the floor-hold, the final 8-step EMA (0.3 lerp every 4 steps), eval on the EMA weights and the BN buffers copied from the net. Change nothing else. Decide with an untimed off-seed run on seeds 3-10 against the tip's 0.7530, plus two scored runs; read the per-trial train-time logs.	
I098	H2.15.2	3	done	Time -0.3 to -0.7% (about 4.535-4.55 s). E061 saved ~0.3% by moving the freeze from 37.5% to 20% of steps, and this removes the remaining ~17% of steps that train the bias, all inside the cheap 16 px phase. Accuracy: off-seed within 0.1 pp of 0.7530 and a scored pool of 0.7525-0.7545. If the off-seed drop is >=0.15 pp, the 64x-LR bias needs more than 7 steps on CIFAR-100, so keep the current point. If the time drop is <0.2% over two runs, the whitening-bias lever is exhausted.	Base: the tip (E086 code). Precondition, free: log the current whiten_bias_epochs value in step terms. Then verify, in an untimed compiled-graph dump, that the steps after the detach have no stem dgrad or bias-reduction kernels. This was the H2.15.1 premise, and code reading says it is already present. Change only the freeze point. Train the whitening bias for the first 0.2 epoch (~7 steps at bs 1536), with its own LR tensor decaying linearly to 0 over that window (hiverge), then switch to the existing whiten_bias_grad=False graph for the rest of training. Both graph variants already exist and are warmed up for 16 px; the 24/32 px shapes need only the detached variant. Decide with an off-seed run on seeds 3-10 plus two scored runs.	
I099	H4.2.6	3	done	Scored row ~4.56 s, accuracy 0.752-0.755. Prediction: the sd of the off-seed mean across divergent reruns is 0.07-0.15 pp, so a paired off-seed A/B has SE ~0.1-0.2 pp, and the past verdicts at |d|<=0.18 (E077/E078/E079/E081/E084) are each <1.5 SE. If the sd is <0.05 pp, those verdicts stand and off-seed alone can decide future ideas. Every queued idea's pass bar gets re-scaled from this number.	Instrument calibration, with no recipe change. Rerun the unchanged tip (E086 code) on seeds 3-10 in at least 3 fresh processes through the benchmark's trial code. Each process rebuilds, so cuDNN benchmark picks are resampled. Continue until there are >=2 off-seed samples that are not bit-identical. Log the per-seed final-weight checksums (H4.4.1) and the cuDNN conv kernel names per (layer, shape) (H4.5.1). Report the sd of the 8-seed off-seed mean across the non-identical samples, and check whether the run means cluster by algorithm set. For the scored row, rerun the tip once; it adds a non-bit-identical tip sample if one occurs.	
I100	H2.11.4	2	done	Time equal to E084 within ±0.5% (~4.68 s). If update count is the mechanism, off-seed is 0.7538-0.7545 (within 0.05 pp of E084, gain >=+0.08 pp over the tip). If the gain falls to <=+0.03 pp against the tip, E084's effect came from the ~12-step window rather than the extra updates. In that case H2.11.3 is refuted as an update-count lever, and the trim arm built on E084 loses its funding rationale.	Ablation of E084's EMA-window confound. Base: E084 code plus the E086 pinned staging. Pin the final-EMA window and the lookahead stop to the tip's step counts (the last 8 steps, indexed from the end) instead of to equal sample counts, which gave ~12 steps at bs 1024. Change nothing else. Run one scored run and an off-seed run on seeds 3-10, compared against E084's off-seed 0.7541 and the tip's 0.7530. If the result is >= E084, use this window in the 32 px trim and 28 px arms that follow.	
I101	H10.1.1	2	dropped	Time +1 to +2.5% (about 4.61-4.68 s), since the low-res phases are per-step-bound at ~2 ms per step. Placement-independent prediction: off-seed +0.05 to +0.15 pp (0.7535-0.7545). A gain >=+0.2 pp means early steps are worth more, so the next time cut should keep early bs 1024 and cut elsewhere. A gain <=0 means steps matter only late, which favours the bs-1024 tail arms. Not a tip candidate on its own, because it is slower.	Placement test for update count. Base: the tip (E086 code), with the samples-indexed _fit from E084. Run bs 1024 in the 16 and 24 px phases only (~+53 steps), and keep the 32 px phase and the whole tail at bs 1536, so the final-EMA window stays at 8 steps. Index LR warmup/decay by samples, scale the SGD groups per phase by the kilostep rule, and leave Muon lr and momentum unchanged. Compile the bs-1024 16/24 px static shapes and warm them up in build. Decide with an off-seed run on seeds 3-10 plus one scored run, compared with E084 per added step.	ideate: Stale base: it targets E086 code, but the tip is E090 (bs-1024 28/32 px tail). Re-proposed unchanged in substance on E090, so its off-seed delta is measured against the current tip's calibrated off-seed baseline.
I102	H2.11.4	5	done	Time unchanged (±0.5%, ~4.46 s). E081 showed a 20-step window costs ~0.09 pp against 8 steps, so interpolation puts the current ~12-step window at about -0.03 to -0.05 pp. Pinning should recover +0.03 to +0.10 pp: off-seed ~0.7530-0.7537 and a scored pool of ~0.7528-0.7540. It is banked as the tip if the off-seed delta is >= +0.03 pp and both scored runs are feasible. If the off-seed delta is <= 0, E084's +0.11 pp came from extra updates and not from the window, which supports H10 and leaves the window as it is.	I100 rebased onto the current tip. Base: E090 code (48b13a7): 2@16 + 1.25@24 at bs 1536, then 1.25@28 + 2.75@32 at bs 1024, with pinned staging and the Fable tail. Because the tip indexes by samples, the final-EMA window and the lookahead stop cover the same sample count as the bs-1536 tip, which is ~12 steps at bs 1024 (~3 EMA updates). Change only this: pin both to step counts measured from the end, so the final EMA covers the last 8 steps (lerp 0.3 every 4 steps, ~2 updates) and lookahead stops 8 steps before the end. The floor-hold point stays sample-indexed and unchanged. This is a host-side step-index change only and nothing recompiles. Precondition, untimed: log the source hash and a one-line diff against 48b13a7. Decide with an off-seed run on seeds 3-10 against the tip off-seed distinct mean (~0.7526, sd ~0.09 pp, E094), plus two scored runs. If it is accepted, use the pinned window in every later bs-1024-tail arm.	
I103	H2.17	4	dropped	Time 4.43-4.49 s (equal to the tip within ±0.6%). Accuracy +0.0 to +0.12 pp against the tip: off-seed ~0.7528-0.7538 and a scored pool of ~0.7525-0.7540. The bridge should gain ~+0.08-0.15 pp and the extra 28 px should cost ~-0.04 to -0.07 pp. If it is accepted (off-seed >= tip +0.05 pp, both scored runs feasible), it becomes the tip, and later time cuts come from more 32->28 substitution. If the off-seed delta is <= -0.05 pp, either the 24 px bridge gain was mostly noise or the 28 px substitution rate is steeper beyond 1.25 epochs. A follow-up that changes only one of the two halves would tell them apart.	Equal-time reallocation between two measured exchange rates. The 24 px bridge appears to buy ~0.13 pp per 1% (E064/E065 vs E070/E071, and the E070 trim cost ~0.14 pp per 1%). Substituting 28 px for 32 px costs only ~0.02 pp per 1% (E090: about -0.1 pp off-seed against E084 for -4.6% time). Base: E090 code. Change only the schedule to 2@16 + 1.5@24 (bs 1536) + 2@28 + 2@32 (bs 1024). Switches are indexed by samples. LR warmup/decay, the floor-hold, the final-EMA window, the lookahead stop and the renorm cadence are rescaled by samples exactly as E084/E090 do (samples rise by 0.25 epoch; steps rise by ~8). All shapes are already static and warmed up in build. Pre-registered time: +0.25 epoch at 24 px (~+0.125 s) and 0.75 epoch moved from 32 to 28 px (~-0.13 s), so equal time ±0.6%. Decide with an off-seed run on seeds 3-10 plus two scored runs.	H2.17 refuted
I104	H10.1.1	2	done	Time +1.5 to +2.5% (about 4.53-4.57 s), because the low-res phases are per-step-bound at ~2 ms per step. Placement-independent prediction: off-seed +0.05 to +0.15 pp. A gain of >= +0.2 pp means early updates are worth more than late ones. A follow-up would then fund the early bs 1024 with more 32->28 substitution, at a net-better rate than the tip. A gain of <= 0 means updates only matter late, which closes early-phase batch levers. Not a tip candidate on its own, because it is slower.	I101 rebased onto the current tip (its old base, E086, is superseded). Base: E090 code, which already has the samples-indexed _fit. Run the 16 and 24 px phases at bs 1024 instead of 1536, which adds ~53 steps. The 28/32 px phases and the whole tail stay as on the tip. LR warmup/decay, the floor-hold and the renorm cadence are indexed by samples. Scale the SGD groups per phase by the kilostep rule and leave Muon lr and momentum unchanged. Compile static bs-1024 16/24 px shapes, including the whitening-bias-grad variant at 16 px, and warm them up in build. Decide with an off-seed run on seeds 3-10 plus one scored run. Compare the gain per added step with E084 (+0.11 pp off-seed for ~65 tail steps).	
I105	H7.1.3	2	done	Time unchanged (±0.5%). Accuracy -0.15 to +0.15 pp. If the off-seed gain is >= +0.12 pp (about 1.3x the calibrated sd) and the scored pool is >= tip +0.05 pp, it is a free margin source and becomes the tip. If it is within ±0.1 pp, run 0.20 off-seed only once; if that is flat too, Muon lr is closed for good. A loss of >= 0.15 pp means 0.24 is at or above the optimum.	On the current tip (E090 code), change only the conv-filter Muon peak lr from 0.24 to 0.28 through its 0-d tensor. The head keeps its 0.5x multiplier, so its lr scales along, and nothing recompiles. The schedule shape, floor and tail are unchanged. Muon lr was only ever tuned at bs 1024 with ~384 steps on a pre-tail base (E034). The tip now has ~280 steps, mixed batch sizes and a floor-hold tail, so the optimum may have moved up. Decide with an off-seed run on seeds 3-10 against the tip's distinct mean, plus two scored runs.	
I106	H6.8	2	dropped	Time unchanged (±0.5%). Accuracy -0.15 to +0.15 pp. Removing the lookahead was costly, so a mild extension may add +0.05 to +0.1 pp. If the off-seed gain is >= +0.1 pp and the scored pool is >= tip, it becomes the tip and the opposite direction is not run. If it is <= -0.1 pp, the current horizon is at or past the optimum, and lookahead tuning closes after one shorter-horizon probe.	Explore the lookahead strength. E092 showed the SGD-era lookahead-EMA is worth ~0.2-0.3 pp under Muon (removing it cost -0.18 pp off-seed), but its strength was never tuned for Muon. Base: E090 code. Precondition, free: log the lookahead cadence and decay schedule in step terms for both batch-size phases. Change only the per-update decay base, so the effective averaging horizon is ~1.5x longer: for alpha_t = base^k * progress^p, set (1-base_new) = (1-base_old)/1.5. Cadence, the progress exponent, the stop point and the final EMA stay unchanged. This is a 0-d tensor or host-side constant and nothing recompiles. Decide with an off-seed run on seeds 3-10 plus two scored runs.	H6.8 refuted
I107	H6.7.1	1	dropped	Time unchanged (±0.5%). Low prior: uniform LS changes were null (E009, E037) and MaxSup lost 0.18 pp (E078). Expected -0.15 to +0.1 pp. Off-seed >= tip +0.12 pp would make phase-dependent LS a free margin source. A result within ±0.1 pp closes H6.7. A loss of >= 0.15 pp shows that LS's target-side term matters most at the end of training.	Explore in the TSLA direction, which the H6.7 re-scoping favours over lower early LS. Base: E090 code. Use label smoothing 0.3 for the first 80% of samples and 0.1 for the last 20%, which falls inside the 32 px phase and covers the floor-hold. Pass LS as a 0-d tensor into the compiled loss so the 32 px graph is not duplicated. If that is not possible, compile and warm both 32 px variants in build. Smoke-test 10 steps for a finite loss. Change nothing else. Decide with an off-seed run on seeds 3-10 plus one scored run, and a second scored run only if off-seed >= tip +0.1 pp.	H6.7 retired
I108	H6.5.4	1	dropped	Scored row: a tip rerun at ~4.46 s and 0.751-0.754. Off-seed: under the BN-mismatch explanation, the loss against the tip shrinks to <= 0.1 pp. In that case, also averaging BN buffers in the current 8-step final EMA is a candidate free gain worth one A/B. If the loss stays >= 0.2 pp, averaging higher-LR pre-floor iterates is the cause, and end-of-run averaging closes for good.	Mechanism test, run off-seed only. On the current tip code (E090), replace the final EMA with E083's LAWA (a uniform mean of 5 snapshots every 4 steps over the last 20 steps). Also average the BN running_mean/running_var buffers over the same snapshots with the same 1/k running-mean lerp, instead of copying them from the final net. Buffers are allocated in build and reset in prepare. Run seeds 3-10 off-seed in an untimed side script and compare with E083's -0.29 pp loss against the tip. For the scored row, rerun the unchanged tip E090 code once, which adds a distinct tip sample to the thin tip pool (currently ~0.7524 over two distinct runs).	ideate: Its comparator, E083's -0.29 pp, was measured on E070-era code against a different tip baseline, and it uses seeds 3-10 (SE ~0.1-0.13 pp), so it cannot cleanly separate the two H6.5 mechanisms. Superseded by the new H6.5.4 idea, which follows the hypothesis spec (20-step EMA with BN buffers lerped) on E090 with the seeds 3-26 paired baseline.
I109	H4.2.7	5	done	Scored row: ~4.46 s (±0.5%), accuracy 0.751-0.754. Off-seed: per-seed sd 0.22-0.38 pp, so the 24-seed SE is ~0.05-0.08 pp. E090 mean 0.7518-0.7530 and E095 mean 0.7535-0.7548, a gap of +0.1 to +0.2 pp. If E090 is >=0.7535, it counts as robustly banked and the pressure to add accuracy drops. If E095-E090 is <0.05 pp, the 28 px substitution was nearly free and further 32->28 substitution is reopened. No time change.	Instrument and tip decision, with no recipe change. In untimed side scripts, run the unchanged E090 code (48b13a7) and the unchanged E095 code (0503e38) through the benchmark's own trial code on seeds 3-26: 24 seeds each, one fresh process per config so the cuDNN picks are resampled. Do not edit benchmark/. Log per-seed accuracy, per-seed final-weight checksums, and the cuDNN conv kernel names per (layer, shape) from the profiler in build and the first steps; this is the free by-product for H4.5.1. For the scored row, rerun E090 unchanged; a non-bit-identical result adds a third distinct tip sample. Store both 24-seed per-seed vectors as the paired baselines for every later off-seed A/B on seeds 3-26.	
I110	H2.14.5	5	done	At least one 24/28/32 px conv shape picks a different kernel. Mean time -0.3 to -1.5% (about 4.40-4.45 s), mostly in the energy-bound 28/32 px phases. Build +10 to +60 s. Accuracy is math-equivalent within noise: distinct pool within 0.1 pp of the E090 family (~0.752-0.754). If the kernel names are identical to the defaults, or the time change is <0.3%, close the lever. If it is banked, it stacks on any later tip and also transfers to the PCIe judge, since it is per-kernel efficiency.	Math-neutral FLOP-free time lever. Base: E090 code. At the very start of build, before any conv runs, set torch.backends.cudnn.benchmark_limit = 0 so that cuDNN v8 tries every available algorithm for each static train shape (16/24 px at bs 1536, 28/32 px at bs 1024, both whitening-bias-grad variants) and for the eval path, instead of the default 10. Change nothing else. Log the build time, which must stay <600 s, the per-phase epoch times, and the conv kernel names per (layer, shape), and diff the kernel names against the E090 defaults logged by the H4.2.7 run. Score twice and compare distinct samples against the E090 family.	
I111	H10.2.1	4	done	Time unchanged (±0.5%, ~4.46 s). Path-length prediction: off-seed +0.05 to +0.12 pp (E090 gave back ~0.15-0.25 pp of 32 px exposure against E095, and more movement per 32 px step should recover part of it). A pass (off-seed >= +0.08 pp and a distinct scored mean >=0.7535) makes it the robust tip at ~4.46 s. If the gain is <= +0.03 pp, update count rather than movement is the mechanism, and only per-phase batch size (H2.11) remains. If the loss is >=0.1 pp, the late Muon lr is already at or above its optimum.	Path-length test, run directly on the tip so a positive result is immediately bankable. Deviation from the H10.2.1 text: it uses the E090 base instead of E086, so it reuses the seeds 3-26 E090 baseline from the H4.2.7 run and needs no new control. Base: E090 code. In the 32 px phase only (the final 2.75 epochs at bs 1024, floor-hold included), multiply the conv-filter Muon lr schedule by 1.25 (0.24 -> 0.30 at the same schedule position). The head keeps its 0.5x multiplier and scales along. The 16/24/28 px phases are unchanged. Implement it as a phase-keyed host-side factor written into the existing 0-d lr tensor, so nothing recompiles. Decide on off-seed seeds 3-26, paired against the E090 baseline, plus two distinct scored samples.	
I112	H11.1.1	3	done	Time +0.3 to +0.8% (~4.48-4.50 s; the stem dgrad comes back for ~29% more of the samples). Adaptation prediction: off-seed +0.05 to +0.15 pp, with the bias changing by >=10% of its norm after the 28 and 32 px switches. A gain of >=0.1 pp beats the 0.065 pp per 1% bar and, with two feasible scored samples, makes it the tip. If the change is within ±0.05 pp and the bias barely moves after the switches, the freeze point is closed and E093's loss was early-phase fragility.	Resolution-statistics adaptation test (the 70% arm). Base: E090 code. Move the whitening-bias detach point from ~41% of samples (inside the 24 px phase) to ~70% of samples (inside the 32 px phase, after both the 28 and 32 px switches). Keep the bias LR schedule otherwise unchanged. Warm up the whiten_bias_grad=True graph variants for the 24 px bs-1536, 28 px bs-1024 and 32 px bs-1024 shapes in build on synthetic data. Change nothing else. Log the whitening-bias vector norm and its relative change across each resolution switch. Decide on off-seed seeds 3-26, paired against the E090 baseline, plus two distinct scored samples.	
I113	H6.5.4	3	done	Time unchanged (±0.5%). BN-mismatch explanation: off-seed >= E090 +0.05 pp (against E081's -0.09 with copied buffers). Iterate-LR explanation: off-seed <= E090 -0.05 pp. If the BN explanation wins by >=0.08 pp, a follow-up adds BN-buffer averaging to the 8-step window as a free gain. If the iterate-LR explanation wins, end-of-run averaging and H6 close.	Discriminating test for end-of-run averaging, matching the H6.5.4 spec on the current tip. Base: E090 code. Replace the 8-step final EMA with E081's 20-step window (lerp 0.3 every 4 steps from 20 steps before the end, initialized from the net at the window start). Also lerp every BN running_mean/running_var buffer with the same weights, in the same foreach_lerp, instead of copying the buffers from the final net. EMA buffer copies are allocated in build and reset in prepare. The lookahead stop and floor-hold are unchanged, and nothing recompiles. Decide on off-seed seeds 3-26, paired against the E090 baseline. Add one scored run, and a second only if off-seed is >= +0.05 pp.	
I114	H2.18.1	2	done	Projection: group-3 conv3 removal saves ~5-8% of run time (576-ch 3x3 GEMMs plus ~23 elementwise kernels, small maps). Group-1 conv3 removal saves ~4-7% (large 31x31 maps, elementwise-heavy). If either is >=6%, queue a scored arm that spends half the saving on extra 32 px samples (net ~-3%). If both are <6%, depth cuts close without a scored run. Scored row ~4.46 s, 0.751-0.754.	Explore depth cuts, untimed first. In a side script on E090 code, build two variants with recompile and warm-up: (a) group-1 conv3 removed and (b) group-3 conv3 removed. Muon stacks are re-batched for the changed filter counts. Measure per-step time with CUDA events and NVML energy over 20 steps each at 32 px bs 1024, 28 px bs 1024, 24 px bs 1536 and 16 px bs 1536, then project total run time over the E090 schedule. For the scored row, rerun E090 unchanged (another distinct tip sample). Score a depth variant later only if its projection shows >=6%.	
I115	H4.2.7	4	done	Time ~4.46 s (±0.5%). Scored accuracy 0.751-0.756. Pooled off-seed mean for E100 0.7518-0.7530, with process-to-process sd of the 24-seed mean ~0.05-0.12 pp. If the pooled distinct scored mean (3 samples) is >=0.7535, E100 counts as robustly banked. If it is <0.7530, E100 is feasible by luck like E090, and the next zero-time accuracy lever must land before any time cut. If kernel-name sets cluster with process means (>=0.2 pp apart), H4.5.1 is supported.	Instrument run with no recipe change, and the baseline for every following idea. The tip is E100 code (176e5ec). Its two distinct scored samples are 0.7561 and 0.7516, and its only off-seed sample is one process (22 seeds, 0.7523). E098 showed that one process per arm cannot resolve 0.1 pp. In an untimed side script, run the unchanged E100 code through the benchmark's own trial code on seeds 3-26 in 2 more fresh processes, so cuDNN picks are resampled. Do not edit benchmark/. Log per-seed accuracy, per-seed final-weight checksums and the cuDNN conv kernel names per (layer, shape); the kernel names are the free by-product for H4.5.1. For the scored row, rerun E100 unchanged; a non-bit-identical result adds a third distinct scored sample. Store the pooled 24-seed vectors (>=2 distinct processes) as the paired baseline for every later off-seed A/B.	
I116	H10.2	4	done	Time unchanged (±0.5%, ~4.46 s). Path-length prediction: off-seed +0.06 to +0.12 pp over E100, i.e. most of E104's gain for free. If it passes (pooled off-seed >= +0.08 pp and a distinct scored mean >=0.7540), it becomes the tip and funds a ~1-1.5% 32 px trim. If the gain is <= +0.03 pp, E104's gain was update count, and only the per-step-cost batch route remains. A loss of >=0.1 pp means early Muon steps are already at the stability edge (the 64x-LR SGD biases are not touched, so the loss would be attributable to the filters).	Placement-paired test of the path-length mechanism in the low-res phases. E104 bought ~+0.12 pp off-seed by running the 16/24 px phases at bs 1024, i.e. ~1.5x more Muon steps there, at +2.8% time. If the gain is Muon path length (lr × steps) rather than update count, a 1.5x larger Muon lr in those phases should reproduce it at zero time. Base: E100 code. In the 16 and 24 px phases only (bs 1536, warmup included), multiply the conv-filter Muon lr schedule by 1.5 (0.24 -> 0.36 at the same schedule position). The head keeps its 0.5x multiplier and scales along. The SGD groups, the 28/32 px phases (32 px keeps its 1.25x) and the tail are unchanged. Implement it as a phase-keyed host-side factor written into the existing 0-d lr tensor, so nothing recompiles. Before scoring, smoke-test that the 16 px loss stays finite over the first 30 steps. Decide on off-seed seeds 3-26 in >=2 fresh processes, paired against the E100 baseline, plus two distinct scored samples.	
I117	H10.2.1	3	done	Time unchanged (±0.5%). If path length is still below its optimum, off-seed +0.04 to +0.10 pp over E100, and the factor becomes the tip setting. If the result is within ±0.04 pp, the optimum is near 1.25-1.5, so keep 1.25 (simpler). If it is <= -0.08 pp, 1.25 was at or past the optimum, and E100's gain might partly be noise; H10.2 confidence then drops. Dose-response monotonicity (1.0 -> 1.25 -> 1.5) is the key evidence for the mechanism.	Dose-response on the one weakly supported zero-time lever. E100 multiplied the 32 px-phase filter Muon lr by 1.25 (+0.09 pp off-seed, distinct scored mean 0.7538). Base: E100 code. Change only that 32 px-phase factor, from 1.25 to 1.5 (0.36 at the same schedule position; the floor-hold covers the same samples, at 1.5x). The head keeps 0.5x and scales along. Nothing else changes, and the phase-keyed 0-d tensor means nothing recompiles. Decide on off-seed seeds 3-26 in >=2 fresh processes against the E100 baseline, plus two distinct scored samples.	
I118	H10.2	3	done	Time unchanged (±0.5%). Prediction: off-seed +0.03 to +0.08 pp, smaller than E100's +0.09 because the 28 px phase has fewer samples than the 32 px phase. A pass (>= +0.06 pp off-seed with distinct scored mean >= base) makes it the tip setting. A result within ±0.04 pp means the late gain is specific to the 32 px phase, which supports H11's test-resolution exposure over generic late path length.	Extend E100's path-length factor to the other bs-1024 phase. In E100 only the 32 px phase got the 1.25x Muon lr. The 1.25-epoch 28 px phase also runs at bs 1024 and is part of the late, test-adjacent training that H11 calls binding. Base: E100 code. In the 28 px phase only, multiply the conv-filter Muon lr schedule by 1.25. The head scales along. The 16/24 px phases, the 32 px factor (1.25) and the tail are unchanged. This is a phase-keyed host-side factor, so nothing recompiles. Decide on off-seed seeds 3-26 in >=2 fresh processes against the E100 baseline, plus two distinct scored samples. If the low-res-lr idea (H10.2) passes first, rebase onto it.	
I119	H11	2	dropped	Time unchanged or -0.1% (one fewer gather in late batches). Accuracy -0.1 to +0.12 pp. If off-seed is >= +0.08 pp, late augmentation annealing is a free margin source and H11(b) gains support; the next step is tuning the anneal point (8-20%). If off-seed is <= -0.08 pp, translate regularization still matters at the end (consistent with LS 0.3 being optimal), and this line closes.	Explore H11's mechanism (b): late training on test-like inputs is what binds. Base: E100 code. For the last ~12% of samples (inside the 32 px phase, covering the floor-hold and final EMA), turn off the translate-2 augmentation, keeping the alternating flip, so late training sees un-shifted 32 px images like the test set. This is a host-side flag in the GPU augmentation; the net graph is unchanged, and if the augment op is compiled, warm both variants in build. E008 showed short schedules under-fit, so less late augmentation may help. Change nothing else. Decide on off-seed seeds 3-26 in >=2 fresh processes against the E100 baseline, plus one scored sample and a second only if off-seed >= +0.05 pp.	H11 retired
I120	H2.4.3	1	dropped	No time or accuracy change (scored row ~4.46 s, 0.751-0.756). Prediction: projected PCIe times are ~1.15-1.3x local, and the E095-vs-E100 gap widens by >=1.1x, because the extra 32 px work is energy-bound. Use the projection only to break ties between configs within 3% locally. Depth cuts, as FLOP and byte levers, should project at least as well as they measure locally.	Free, untimed analysis with no scored-path change. The judge is a 300 W A100 PCIe. Using existing NVML/phase logs (E045 onward; add a short NVML capture in the E100 rerun if the logs lack per-phase energy), project the judge time of E095, E090/E096 and E100 as the sum over phases of max(phase energy / 300 W, phase GPU-busy time). Also project the two depth-cut variants once I114 has measured them. Report the projected ranking and the gap ratios against the local times. For the scored row, if one is required, rerun E100 unchanged (an extra distinct sample).	ideate: Low information. It is a tie-breaker projection only, the existing NVML logs lack the per-phase energy for most configs, and I114's untimed profile already records NVML energy for the variants that matter. With E100 robustly banked, no local tie within 3% is pending that would need this.
I121	H8.2.1	4	done	Time +0.3 to +0.9% (~4.48-4.51 s). The H8 prediction is a pooled off-seed gain of >= +0.1 pp and a distinct scored mean >= 0.7543. My central estimate is -0.05 to +0.10 pp, because E104 suggests added steps buy about the same anywhere, and this run moves samples rather than adding steps. A gain of >= +0.1 pp at <1% time beats every measured exchange rate. It would become the tip, and its margin would fund a ~1.5% 32 px trim. A result of <= -0.05 pp refutes N8.2 in favour of H11, which closes bridge lengthening.	Equal-time reallocation from the 32 px phase into the 24 px bridge. This is the direct discriminating test between H8.2 (the bridge is worth ~0.13 pp per 1%) and H11 (late full-resolution training is what binds). Base: E100 code (176e5ec). If I116 (low-res Muon lr x1.5) is banked first, rebase onto it and say so in the log. Change only the schedule: 2@16 + 1.75@24 at bs 1536, then 1.25@28 + 2.5@32 at bs 1024 (was 1.25@24 and 2.75@32). Total samples stay at 7.5 epochs. Resolution switches, LR warmup/decay, the floor-hold, the renorm cadence and the 32 px-phase Muon factor (1.25x) are indexed by samples, as in E100. The final-EMA window and lookahead stop stay pinned to the last 8 steps. All shapes are already static and warmed up in build. Precondition, untimed: log the source hash and a one-line diff against 176e5ec. Pre-registered time: +0.5 epoch at 24 px (~+0.26 s) minus 0.25 epoch at 32 px/bs 1024 (~-0.23 s) gives +0.3 to +0.9%. Decide on off-seed seeds 3-26 in >=3 fresh processes, paired against the pooled E106 baseline, plus two distinct scored samples.	
I122	H12.2.1	3	done	Time within ±0.3%, since a single argsort per epoch costs nothing measurable. Expected accuracy 0 to +0.10 pp. The pass bar is a pooled off-seed gain of >= +0.1 pp with a distinct scored mean >= 0.7543. A pass would make it a free margin source stackable on any tip and funding a ~1.5% 32 px trim. A result within ±0.05 pp closes H12.2. A loss of >= 0.1 pp would mean the batch-to-batch class variance acts as useful noise in this ~280-step regime.	Class-balanced (stratified) minibatches at zero compute. Base: E100 code. Inside train, at the start of each epoch, build the permutation on the GPU from the global RNG, which the harness seeds per trial. Nothing is built at import or in build. Steps: (1) for each of the 100 classes, shuffle its 500 indices into a [500, 100] (rank, class) index matrix, using one argsort of random keys within class-sorted labels; (2) independently permute the class order within each rank row; (3) flatten row-major. Every consecutive block of 100 then contains each class exactly once, so a bs-1536 batch holds 15-16 images per class and a bs-1024 batch holds 10-11. The class-sorted label index is computed in prepare, which is timed. Samples, steps, shapes and augmentation are unchanged, and the net graph is untouched. Untimed check: the per-batch class-count max-min is <=1 and the epoch covers all 50,000 images exactly once. Decide on off-seed seeds 3-26 in >=3 fresh processes, paired against the E106 pooled baseline, plus two distinct scored samples.	
I123	H2.19.1	3	done	Most likely outcome: the logs show tile padding on 128-wide tiles (E080: 352/320 recovered only 33-60% of their FLOP savings). Then 640 projects at +0.5 to +1.5% time and 512 at <=-2%, which refutes the 'saves more than FLOP share' half. If 640 is scored, expect +0.05 to +0.15 pp off-seed (capacity is valuable on CIFAR-100: E005, E017), which beats the 0.065 pp per 1% bar when the cost is <=1.5%. If the kernels use 64-wide tiles, H2.19 closes for free.	Group-3 width set by tile alignment, decided cheaply first. Step 1, free: read the cuDNN/cutlass kernel names already logged for the group-3 convs at 28/32 px bs 1024 and 24 px bs 1536 (E094/E098/E099/E106 profiler logs). If every group-3 GEMM uses a tile width dividing 576 (64-wide N/M tiles), close H2.19 with no run. Step 2, untimed, only if 128/256-wide tiles appear: in a side script on E100 code, build group-3 widths 512, 576 and 640. Group-3 conv1 input stays 384, the head becomes [100, W], and the Muon stacks are re-batched. Compile and warm up all shapes. Measure ms/step and NVML energy over 20 steps per (resolution, batch) shape, and project total run time over the E100 schedule. Step 3: score 640 on E100 only if it projects <=+1.5% total time. Decide on off-seed seeds 3-26 in >=3 fresh processes against E106, plus two distinct scored samples. If no scored arm is justified, the scored row reruns E100 unchanged as an extra distinct tip sample.	
I124	H12.1.1	2	done	Time within ±0.5%. Explore idea with a low-to-moderate prior: Fort et al. report gains on CIFAR-100 at long schedules, but here 32 px exposure appears to bind (E088/E090). Central estimate -0.15 to +0.05 pp off-seed. A pooled gain of >= +0.1 pp would open a whole augmentation-multiplicity axis, including 4 copies and moving it into earlier phases. A result of <= -0.15 pp shows that unique-image coverage dominates at ~7 epochs and closes H12.1.	Multi-sample augmentation in the 32 px phase, at equal compute. Base: E100 code. In the 2.75-epoch 32 px phase only (bs 1024), build each batch from 512 unique images, drawn as the next 512 of the epoch permutation, times 2 augmentation draws. Copy A keeps the existing alternating-flip state and its own translate offsets. Copy B gets the opposite flip and independently drawn translate offsets. Batch shape, step count, LR/EMA/tail indexing and the compiled graphs are unchanged; only the gather indices and the augmentation parameters differ. The 32 px phase then covers ~1.375 unique epochs instead of 2.75. The 16/24/28 px phases are unchanged. Smoke-test that the duplicated indices and the flip parity are correct on one batch. Decide on off-seed seeds 3-26 in >=3 fresh processes against E106, plus one scored sample, and a second only if off-seed >= +0.05 pp.	
I125	H4.6.1	5	done	Scored row ~4.46-4.48 s, accuracy 0.751-0.756. Instrument: per-seed sd of the paired difference 0.3-0.5 pp, so the 100-seed SE is 0.03-0.05 pp, and the mean A-B difference stays within ±2 SE of 0. That sets the support/refute bar for H8.2.2, H12.x and H2.20 at ~2x the observed SE (~0.08 pp). If the paired-difference sd is <0.15 pp, seed pairing is strong and the 22-seed verdicts can stand. About 15-20 min of untimed GPU time.	Calibrate the large-seed paired instrument. Nothing changes in the scored path. In an untimed side script, run the benchmark's own trial code (benchmark/ is not edited) on seeds 3-102 for two arms, one fresh process each. Arm A is unchanged E100 code (176e5ec). Arm B is E100 plus one math-neutral perturbation that does change fp bits: in prepare, compute the normalization as x*inv_std - mean*inv_std instead of (x-mean)*inv_std, which re-draws every seed's trajectory. Log per-seed accuracy, per-seed final-weight checksums and the cuDNN conv kernel names per (layer, shape). Free by-product for H4.5.1: in the same session, cluster the kernel-name sets already logged in E094/E098/E099/E106 against their process means. Store arm A's 100-seed vector as the paired baseline for every later large-seed A/B, so H8.2.2 needs only its treatment arm. Scored row: rerun E100 unchanged, which adds a 4th distinct scored sample.	
I126	H8.2.2	4	done	No time change in the scored row (~4.47 s). Paired gain of E108 over E100: central estimate +0.03 to +0.08 pp (E108's 3-process off-seed was +0.09). If it is >= +0.08 pp (~2 SE), H8.2 is supported. The follow-up is then 2@16 + 2.0@24 + 1.25@28 + 2.25@32, judged on whether the bridge gain funds a ~1.5% net 32 px trim (target ~4.40 s). If it is <= -0.05 pp, H11 wins, H8.2 is refuted and bridge lengthening closes. Anything in between leaves both at ~0 and closes the reallocation axis as not worth it.	Decisive test of bridge versus tail on the large-seed instrument. Run E108 code (340ecc1: 2@16 + 1.75@24 at bs 1536, then 1.25@28 + 2.5@32 at bs 1024, everything else as E100) untimed through the benchmark trial code on seeds 3-102, one fresh process. Pair it per seed against the E100 vector from the H4.6.1 calibration run. Gate: run only after H4.6.1 has produced its baseline and SE. Precondition, untimed: log the source hash and a one-line diff against 176e5ec. Scored row: rerun E100 unchanged, which adds another distinct gate sample (also useful to H4.8).	
I127	H2.20.1	4	done	Profile: the detached step is 10-18% cheaper at 32 px. Group 1 works on the largest maps (31x31x128), so its backward conv plus elementwise work is a large share of the energy-bound step. Scored freeze from 85%: time -2.5 to -4% (about 4.29-4.36 s). Accuracy loss 0 to -0.1 pp paired, because group 1 barely moves at the floor LR. If the loss is <=0.1 pp, the rate is <=0.035 pp per 1%, it becomes the tip, and a 70% freeze is tried next. If the profiled saving is <6%, close H2.20 without a scored run. If the paired loss is >=0.15 pp, early layers still adapt at the end, as E093 suggests, and the line closes.	Late freeze of group 1 plus the stem as a FLOP/byte time lever, profiled untimed first. Step 1, untimed side script on E100 code: build a second static 32 px / bs-1024 train graph in which group 1's output is detached (no backward into group 1 or the stem; group-1 BN still runs in train mode). Warm it up in build. Measure ms/step and NVML energy over 20 steps for each variant, and project total run time for freezes over the last 15% and last 30% of samples. Step 2, only if the detached step is >=8% cheaper: score a freeze from 85% of samples, which lies inside the 32 px phase and covers the floor-hold and final EMA. From then on, group-1 filters drop out of the compiled Muon stacks (a second warmed variant of the update, with momentum untouched) and group-1 BN params drop out of the SGD foreach. Lookahead and the final EMA stay unchanged. Selection is a host-side flag, so nothing recompiles in timed code. Decide accuracy on the large-seed paired instrument (H4.6.1) against E100, plus two distinct scored samples.	E115 crashed: fix and relaunch, or drop it
I128	H4.8.1	3	dropped	Scored row ~4.47 s, 0.751-0.756. Central prediction (luck): pooled E100 seeds-0-2 mean ~0.7530-0.7540 and pooled E100 - E090 within ±0.1 pp, converging toward their off-seed means. In that case the local gate passes ~50-60% of the time at zero population margin, and the next time cut needs ~+0.1 pp of accuracy funded first. If E100 - E090 is >= +0.15 pp on seeds 0-2 while off-seed stays ~0, the offset is persistent, and gate decisions should weight seeds 0-2 directly. For H4.7.1: if the side-script process sd of the 3-seed mean is <0.08 pp while scored samples spread 0.45 pp, the side script differs from the harness, and off-seed verdicts do not transfer to the gate.	Gate-instrument question: is E100's seeds-0-2 advantage a persistent recipe x seed offset or luck? In an untimed side script that uses the benchmark's own trial code, run E100 (176e5ec) and E090 (48b13a7) on seeds 0-2 in 5 fresh processes each, alternating arms so time-of-day effects cancel. Log per-seed accuracy, per-seed final-weight checksums and kernel-name sets. The same data answers H4.7.1: compare the spread of the side-script E100 3-seed means with the distinct scored samples (0.7561/0.7516/0.7551). Scored row: rerun E100 unchanged.	H4.8 retired
I129	H4.9	5	done	E116 population mean 0.7518-0.7524, i.e. -0.07 to -0.12 pp vs the pooled E100 baseline (0.7530). That predicts an official 40-seed mean of ~0.752, which clears 0.75 almost surely. Each scored attempt passes with probability ~0.4-0.5, so P(>= 1 pass in 3) ~0.8. Scored time 4.26-4.31 s, about -3.5 to -4.5% vs the 4.465 s tip, which would be the largest single time gain since E090. If the population mean is < 0.7515, the 85% freeze cannot be banked without an accuracy source, and the 92% point becomes the candidate. Caveat: a passing scored row is partly luck by construction. The banking decision rests on the population mean, not on the passing row.	Bank the E116 late freeze under the H4.9 acceptance rule. The code is E116 unchanged (82e6219: stem and group 1 detached from 85% of samples, all renorm x freeze variants warmed in build). Step 1, untimed: run E116 through the benchmark's own trial code on seeds 103-202 in one fresh process, which brings E116 to ~198 distinct trajectories. Compare its pooled mean with the pooled 200-trajectory E100 baseline (E113 arms A+B, H4.6.2; SE ~0.026 pp). Step 2: score E116 code up to 3 times. Stop at the first scored row >= 0.753. Log per-trial prepare/train times in every scored run to explain the 4.306 s scored vs 4.263 s dev gap (e.g. trial-1 first use of the frozen variant). Bank E116 as the tip only if its population mean is >= 0.7518 and a scored row >= 0.753 appears within 3 attempts. Otherwise E100 stays the tip and the freeze needs funding (I_b / H10.1.2).	
I130	H2.20.2	4	done	Time about -1.8 to -2.4% vs E100 (~4.36-4.39 s), roughly half of E116's saving, since about half as many 32 px samples are frozen. Accuracy -0.02 to -0.06 pp vs the pooled baseline (population mean ~0.7524-0.7528), i.e. <= 0.03 pp per 1%. If the loss is <= 0.03 pp, the cost of freezing is concentrated in the 85-92% window (convex dose-response), and 92% is the safer bankable point under H4.9. If the loss is ~0.06 pp or more (similar to 85%), the cost is a fixed 'any freeze' penalty and 85% dominates.	Dose-response point at a later freeze. Base: E116 code. Change only the freeze point of stem + group 1, from 85% to 92% of samples. That point is still inside the 32 px / bs-1024 phase and covers the floor-hold and the final 8-step EMA. Keep every graph and Muon-stack variant as in E116, warmed in build. Before scoring, verify with TORCH_LOGS=recompiles on a 2-trial dev run that nothing recompiles after build. Accuracy is decided untimed on seeds 3-102 in one fresh process against the pooled 200-trajectory E100 baseline. Add two distinct scored samples with per-trial time logs.	
I131	H10.1.2	3	done	Paired gain +0.04 to +0.12 pp (E104's 8-seed estimate was +0.12, ~1 SE). If it is >= +0.08 pp (~2.5 SE), update count buys ~0.03-0.04 pp per 1% of time. Then 'bs 1024 everywhere + 75% freeze' becomes a candidate tip: about -4 to -5% time net, with accuracy near E100. If it is <= +0.04 pp, the rate is not real, H10 loses its only support, and the freeze can only be funded by later freeze points. Scored row ~4.30 or ~4.47 s depending on the tip, 0.751-0.756.	Measure the update-count rate before using it to fund the freeze. Untimed, through the benchmark trial code: run E104 code (594b48e: bs 1024 in the 16/24 px phases as well, ~+53 steps, everything else as E100) on seeds 3-102 in one fresh process. Compare it with the pooled 200-trajectory E100 baseline (SE ~0.032). No scored change is needed for the decision. For the scored row, rerun the current tip unchanged; if E116 is banked, that rerun adds a distinct E116 gate sample.	
I132	H2.21.1	3	done	Stem + group 1 take >= 17% of backward GPU time/energy, against a ~13% backward-FLOP share (ratio >= 1.3x), and the detached step is 15-20% cheaper, which would support H2.21. The BN/GELU backward on the 31x31x128 maps should make up most of the excess. In that case a group-1 width profile (H2.21.2) and the deeper freeze (H2.20.4) are worth running. If the ratio is < 1.1x, E116's saving comes from elsewhere (e.g. removed optimizer work for group-1 params), N_bytes is refuted, and group-1 width closes without a run. Scored row ~4.3-4.47 s, 0.751-0.756.	Untimed per-group backward energy profile on E100 at 32 px / bs 1024 (static graphs, warmed in build), with no change to the scored path. Use CUDA events plus torch.profiler over 20 steps for the full step and for the E116 detached variant. Attribute backward kernel time to stem, group 1, group 2, group 3 and the head (conv dgrad/wgrad, BN/GELU backward reductions and applies). Record bytes read and written per BN/GELU backward kernel and NVML energy per step. Also read the logged cuDNN kernel tile shapes for the group-1 convs, which is the free first step of H2.21.2. For the scored row, rerun the current tip unchanged (an extra distinct gate sample).	
I133	H2.20.4	2	done	Additional time saving of 2-3.5% over E116 (~4.15-4.22 s): group 2 is ~40% of conv FLOPs, and its backward runs over ~8% of samples, all at 32 px. Extra accuracy loss 0.03-0.10 pp. If the extra loss is <= 0.06 pp (<= 0.025 pp per 1%), the deeper freeze is the best measured exchange rate, and a combined schedule (group 1 at 85%, group 2 at 92%) becomes the next tip candidate once funded. If the loss is >= 0.1 pp, the late-freeze depth is capped at group 1.	Deeper late freeze. Base: E116 code (stem + group 1 detached from 85%). Change only one thing: from 92% of samples, also detach group 2's output, so there is no backward into stem, group 1 or group 2, and group-2 filters/BN params drop out of the Muon stacks and the SGD foreach. Add this as a third static 32 px / bs-1024 graph variant plus a matching Muon-update variant. Warm every renorm x freeze-level combination in build, and verify with TORCH_LOGS=recompiles on a 2-trial dev run. Accuracy is decided untimed on seeds 3-102 in one fresh process against the E116 large-seed vector, pooled with the I_a extension if it has run. Add one scored sample, and a second only if the loss is <= 0.06 pp.	
I134	H12.3.1	2	done	Time within ±0.5%. Central estimate -0.10 to +0.05 pp, a low prior: E008 showed more augmentation hurts at ~8 epochs, and airbench uses translate 4 only in 37-40-epoch recipes. A gain of >= +0.08 pp (~2.5 SE) would be a zero-time accuracy source that funds the 85% freeze outright, reopening augmentation strength under Muon (Cutout, late-phase only). A result of <= -0.08 pp confirms the short budget under-fits under Muon too and closes H12.3.	Augmentation strength under Muon. Base: E100 code. In the 28 and 32 px phases only, raise the translate magnitude from 2 to 4 px (same reflect padding and the same fused GPU op; the pad width is a host-side constant per phase). If the augment op is compiled, warm both pad variants in build. The 16/24 px phases, flip, LS and everything else stay unchanged. Smoke-test that one batch of translated images is in range and shape-correct. Decide untimed on seeds 3-102 in one fresh process against the pooled 200-trajectory E100 baseline. Add one scored sample, and a second only if the gain is >= +0.05 pp.	
I135	H2.11.6	5	done	Time -2.0 to -2.5% vs the 4.26 s tip (about 4.15-4.18 s), from ~90 fewer 32/28 px steps at ~1.7 ms each. E121 (99 seeds) found extra updates worth +0.004 pp, so my central accuracy estimate is -0.03 ± 0.04 pp (population mean ~0.7515-0.7522). Bankable only if the paired loss is <= 0.03 pp and the arm mean is >= 0.7518. A further 100 seeds then confirm before banking under H4.9. If the loss is 0.03-0.08 pp, it becomes a funded candidate, to be paired with whichever accuracy source lands. If the loss is >= 0.1 pp, the bs-1024 tail was a real purchase despite E121, and H2.11 closes.	Revert the tip's bs-1024 late phases. Base: E116 code (82e6219). Precondition, free (H4.2.4): log the source hash and a one-line diff against 82e6219. Change only the batch size of the 28 px and 32 px phases, from 1024 to 1536. Keep the sample-indexed schedule (LR warmup/decay, floor-hold, renorm cadence and the 85% freeze point all in samples). Rescale the SGD groups (BN biases, whitening bias, head bias) in those phases by the kilostep rule. Keep the Muon lr x1.25 at 32 px and momentum 0.6. Keep the final-EMA window and lookahead stop pinned to the last 8 steps. Compile static bs-1536 28/32 px graphs and warm every freeze x renorm x whiten-bias-grad variant for the new shapes in build. Verify on a 2-trial dev run with TORCH_LOGS=recompiles that nothing compiles after build. Accuracy is decided untimed through the benchmark trial code on seeds 3-102 in one fresh process, against the pooled ~198-trajectory E116 baseline (SE ~0.032). Add one scored run with per-trial prepare/train logs to measure the real time.	
I136	H2.18.2	4	done	Projected time -6.5 to -7.5% (about 3.95-4.0 s); slightly less than E123's 7.6% because the freeze already removes group-1 backward over the last 15%. My central accuracy estimate is -0.15 to -0.35 pp (capacity on the 31x31 maps; SGD-era capacity cuts cost ~0.1 pp per 1%). If the loss is <= ~0.25 pp (<= 0.035 pp per 1%, judged against the slope that the H2.10.6 arms measure), queue a funded variant that re-spends ~half the saving on 32 px epochs to restore mu >= 0.7521, for a net ~-3 to -4%. If the loss is >= 0.4 pp, this cut is worse than the slope.	Depth cut arm (a), 2/3/3. Base: E116 code. Remove group-1 conv3 (with its BN and GELU) so group 1 is conv1 plus a single-conv residual branch. Re-batch the Muon filter stacks for the changed counts, including the frozen-group-1 update variant. Rebuild the dirac init over the remaining convs. Warm every (resolution, batch) x freeze x renorm x whiten-bias-grad variant in build, and check on a 2-trial dev run with TORCH_LOGS=recompiles that nothing compiles after build. Change nothing else: schedule, 85% freeze, tail. Before deciding, run an untimed per-step profile of the modified net at all four shapes (with the frozen 32 px variant) and project total time over the E116 schedule, because E123's -7.6% was measured with the freeze off. Accuracy is decided untimed on seeds 3-102 in one fresh process against the pooled ~198-trajectory E116 baseline. Score once only if the loss is <= 0.35 pp.	
I137	H2.10.6	4	done	Time per arm about ±0.11 s (±2.5%). Accuracy: A about -0.08 to -0.20 pp, B about +0.05 to +0.15 pp, i.e. a slope of 0.03-0.07 pp per 1%, resolved to ±0.035 pp per arm. This rate is the bar for the depth cuts, group-3 width 512, the bs-1536 revert and 12 px swaps, and it sizes how many re-spent 32 px samples a depth cut must buy back. If B gains >= 0.1 pp, re-spending into 32 px is an efficient funding source. If B gains <= 0.03, the slope is concave above the tip and funded cuts must come from elsewhere.	Measure the local yardstick on the tip. Base: E116 code. Two untimed arms through the benchmark trial code, each on seeds 3-102 in its own fresh process: (A) 32 px phase -0.25 epoch (2.5 instead of 2.75), (B) 32 px phase +0.25 epoch (3.0). Index everything by samples (LR warmup/decay, floor-hold, renorm cadence, Muon x1.25 phase factor). Keep the freeze at 85% of the new total samples and the final-EMA/lookahead window pinned to the last 8 steps. All shapes are already static and warmed. Compare each arm with the pooled ~198-trajectory E116 baseline. For the scored row, rerun the E116 tip unchanged, which adds another distinct gate sample (H4.9.1).	
I138	H2.20.5	3	done	Time equal to the tip (±0.3%). Accuracy +0.02 to +0.06 pp over E116, recovering part of the ~0.09 pp freeze cost by removing the hard switch at a nonzero LR. A gain of >= +0.064 pp (2 SE) makes it a zero-time margin source that restores mu to ~E100's level. That would fund the bs-1536 revert or let the freeze move to ~80%. A result within ±0.03 pp means the freeze cost is lost late adaptation, not the discontinuity, and arm (b) (BN eval in the frozen window) becomes the only remaining refinement.	FreezeOut-style anneal before the 85% freeze, arm (a) only. Base: E116 code. Over 75%-85% of samples, ramp the LR multiplier of the group-1 filters (Muon) and the stem/group-1 BN params (SGD) linearly from 1 to 0, then detach at 85% exactly as now. Use separate 0-d LR tensors for the group-1 Muon stack and the group-1 SGD group, written host-side so nothing recompiles; if the group-1 filters currently share a stacked Muon update with others, scale their slice by a 0-d per-stack factor. All other groups, the schedule and the tail are unchanged. Time is unchanged. Accuracy is decided untimed on seeds 3-102 in one fresh process against the pooled ~198-trajectory E116 baseline.	
I139	H2.18.2	3	done	Projected time -5.5 to -6.5% (about 4.0-4.03 s); the group-3 backward is untouched by the group-1 freeze, so most of E123's -6.1% should survive. Accuracy is a low prior: -0.2 to -0.45 pp, because late capacity was valuable on CIFAR-100 (E005, and futurebiohackers chose 576 for this). If its loss per 1% is lower than arm (a)'s and <= the H2.10.6 slope, it becomes the depth-cut candidate for a funded re-spend. If both arms lose >= 1.5x their slope equivalent, depth cuts close.	Depth cut arm (b), 3/3/2. Base: E116 code. Remove group-3 conv3 (with its BN and GELU) so group 3 is conv1 plus a single-conv residual branch. Re-batch the Muon stacks, rebuild the dirac init, warm every shape x freeze x renorm variant in build, and check with a TORCH_LOGS=recompiles dev run. Change nothing else. Run an untimed per-step profile with the freeze on and project total time over the E116 schedule. Accuracy is decided untimed on seeds 3-102 in one fresh process against the pooled E116 baseline. Run this after arm (a), so that if both arms qualify they can be compared at equal projected saving.	
I140	H9.2.2	2	done	Time -0.3 to -0.5% (about 4.24-4.25 s; E092 saved 0.4%). H9.2 predicts a loss of >= 0.1 pp; my central estimate is -0.05 to -0.15 pp, since E092's -0.18 was 8 seeds (~1.4 SE) and regresses toward zero. If the loss is >= 0.1 pp, lookahead is real smoothing, and the H9.2.1 strength arms (ramp exponent, peak decay, final-EMA lerp) get queued as zero-time accuracy sources. If the loss is <= 0.04 pp, H9.2 closes; the ~0.4% is banked only together with an accuracy source, because the margin is gone.	Lookahead removal re-measured on the large-seed instrument, which gates H9.2.1. Base: E116 code. Remove the lookahead-EMA entirely: the net trains on its own weights; its buffers and foreach kernels are dropped from build and the step loop. Keep the floor-hold, the final 8-step EMA (lerp 0.3 every 4 steps), eval on the EMA weights with BN buffers from the net, and the 85% freeze. Change nothing else. Accuracy is decided untimed on seeds 3-102 in one fresh process against the pooled ~198-trajectory E116 baseline. Add one scored run with per-trial logs, because the expected time saving is inside single-run noise.	
I141	H8.3.1	5	done	Time about -3% (~4.13 s; a bs-1536 16 px epoch costs ~0.26 s, so half an epoch is ~0.13 s). Accuracy: the H8 threshold view predicts ≤0.05 pp loss. My central estimate is -0.03 to -0.10 pp, because E072/E114 suggest half a 16 px epoch might be worth ~0.1 pp. A loss ≤0.05 pp (≤0.017 pp per 1%) makes it the best measured lever: population mean ≥0.7516 stays above the 0.7513 floor, so it can be banked under H4.9 and enters the H2.23.1 combination. A loss ≥0.15 pp (≥0.05 pp per 1%) refutes the threshold view for 16 px exposure and closes low-res trims.	Trim the 16 px phase on the tip. Base: E116 code (82e6219). Precondition, free: log the source hash and a one-line diff against 82e6219. Change only the schedule, from 2@16 + 1.25@24 + 1.25@28 + 2.75@32 to 1.5@16 + 1.25@24 + 1.25@28 + 2.75@32 (6.75 epochs), with switches indexed by samples. Rescale LR warmup/decay, the floor-hold and the renorm cadence to the new total, as the earlier trims (E070/E088) did. Two anchors stay where they are instead of being rescaled: (a) the whitening-bias detach keeps its position inside the 24 px phase, ~0.97 epoch after the 24 px switch. Plain 41% rescaling would push it into the 28 px phase, where the grad variant is not warmed. (b) The stem + group-1 freeze keeps the same number of frozen samples before the end (~1.09 epochs), so the time saving comes only from the 16 px trim. The final-EMA/lookahead window stays pinned to the last 8 steps. All shapes and variants are already warmed; check with TORCH_LOGS=recompiles on a 2-trial dev run. Accuracy is decided untimed on seeds 3-102 in one fresh process against the pooled ~198-trajectory E116 baseline (SE ~0.032). Add one scored run with per-trial prepare/train logs.	
I142	H2.20.2	4	done	Time about -1.5% vs the tip (~4.19-4.20 s): ~0.36 more frozen epochs at ~0.19 s saved per frozen epoch, the rate E116 measured. Accuracy -0.03 to -0.10 pp vs E116 (extrapolating 92%: -0.02, 85%: -0.09 vs E100), i.e. a marginal 0.02-0.065 pp per 1%. At ≤0.05 pp per 1% (loss ≤0.08 pp) the 80% point beats 32 px re-spend and joins the H2.23.1 candidate. Above 0.06 pp per 1%, the freeze stays at 85% and the dose-response is convex.	Dose-response of the stem + group-1 freeze at 80% of samples. Base: E116 code. Precondition, free: source hash plus a diff against 82e6219. Change only the freeze point, from 85% to 80% of samples. It stays inside the 32 px / bs-1024 phase, which starts at ~62%. Every freeze x renorm graph and Muon-stack variant is reused unchanged from E116 (already warmed); confirm no recompiles on a 2-trial TORCH_LOGS=recompiles dev run. Accuracy is decided untimed on seeds 3-102 in one fresh process against the pooled ~198-trajectory E116 baseline. Add one scored run with per-trial logs to measure the real saving. Run a 75% arm only if the 85->80 marginal rate comes in at ≤0.04 pp per 1%.	
I143	H2.11.7	3	done	Time -1.0 to -1.5% (~4.20-4.22 s): ~27 fewer low-res steps at ~2 ms each. The H8 early-threshold view (E121: +0.004 pp for extra early steps) predicts a loss ≤0.03 pp, i.e. ≤0.025 pp per 1%, cheaper than the yardstick. That would make it a stackable component for the H2.23.1 combination. A loss ≥0.1 pp means large early batches hurt through a channel other than update count (the SGD-bias LR under the kilostep rescale, say), and early batch size closes.	Early bs 2048 with the warmup fixed in steps. Base: E116 code. Run the 16 px and 24 px phases at bs 2048 instead of 1536. Keep the LR warmup at the tip's step count, not its sample count, which removes E043's warmup confound. Decay, floor-hold, renorm cadence, whitening-bias detach (~41%) and the 85% freeze stay sample-indexed. Scale the SGD groups (BN biases, whitening bias, head bias) in those phases by the kilostep rule; Muon lr and momentum are unchanged. The 28/32 px phases and the tail are untouched. Compile static bs-2048 16/24 px graphs plus both whiten-bias-grad variants, warm them in build, and verify no recompiles on a 2-trial dev run. Accuracy is decided untimed on seeds 3-102 in one fresh process against the pooled E116 baseline. Add one scored run with per-trial logs.	
I144	H2.20.6	2	running	Step 1: H2.21.3 is supported if the measured detached saving is within ±3 pp of the FLOP fraction, and H2.21's bytes claim survives if it is ≥1.2x. Step 2: time -0.2 to -0.5% (~4.24-4.25 s), from dropping the batch-stat reductions over the 31x31x128 maps during ~15% of samples. Accuracy within ±0.03 pp. Train/eval BN consistency for the frozen layers may even give a small gain. If the loss is ≥0.05 pp, train-mode BN in the frozen layers still adapts usefully and the line closes. If the gain is in-noise but the time drop holds, bank it as a free component of the next combination.	FreezeOut arm (b), with H2.21.3's measurement done in the same step. Base: E116 code. Step 1, untimed: on the 32 px / bs-1024 shape, time with CUDA events and NVML energy over 20 steps each (i) the full graph, (ii) the current detached graph and (iii) a new detached graph in which stem + group-1 BN run in eval mode on the running stats frozen at the freeze point. Log the measured (ii)/(i) saving next to the recounted removed-FLOP fraction including group-2 conv1's dgrad (~18.5%); this settles H2.21.3. Step 2: use variant (iii) for the frozen window (85% onward), as a warmed static graph for every renorm x freeze combination. Running stats stop updating, and eval uses the same stats. Verify no recompiles on a dev run. Accuracy is decided untimed on seeds 3-102 in one fresh process against the pooled E116 baseline. Add one scored run.	
I145	H2.19.2	2	dropped	Projected time -4.5 to -5.5% (~4.03-4.07 s). The freeze leaves group-3 backward untouched, so most of E117's saving should survive. Accuracy -0.12 to -0.30 pp (low prior: futurebiohackers chose 576 for late capacity, and E005 agrees). A loss ≤0.18 pp (≤0.035 pp per 1%) beats the yardstick and becomes a funded candidate: re-spend ~0.15 epoch at 32 px for a net of about -2.5%. A loss ≥0.26 pp trades no better than a 32 px trim, and group-3 width closes.	Group-3 width 512 as a FLOP lever on the tip. Base: E116 code. Set group-3 width from 576 to 512. Group-3 conv1 input stays 384 and the head becomes [100, 512]. Re-batch the Muon stacks and the dirac init. Warm every (resolution, batch) x freeze x renorm x whiten-bias-grad variant in build, and confirm no recompiles on a 2-trial dev run. Untimed first: a per-step profile with the freeze on, projecting total time over the E116 schedule (E117 projected -5.2% with the freeze off). Accuracy is decided untimed on seeds 3-102 in one fresh process against the pooled E116 baseline. Run this after I139 (3/3/2) reports, and skip it if 3/3/2 loses ≥0.45 pp, since group-3 capacity would then be too valuable. Add one scored run only if the loss is ≤0.26 pp.	ideate: Its own gate fails. I145 said to skip if 3/3/2 lost ≥0.45 pp, and E130 (3/3/2) lost 0.48 pp, so group-3 capacity is too valuable. E005 and the futurebiohackers sweep also favour 576. Prior for group-3 width 512 is too low to spend a run.
I146	H2.11.5	2	queued	Time +2.5 to +4% (~4.37-4.43 s), from ~+65 late steps at ~1.7-2 ms each plus some small-GEMM inefficiency. If E126's -0.18 pp is symmetric and comes from update count, the gain is +0.08 to +0.15 pp (central +0.10), i.e. ~0.03-0.05 pp per 1%. At ≥0.06 pp per 1% it is a funding source that beats 32 px re-spend (0.05) and pairs with the freeze or the 16 px trim. At ≤0.03 pp the late-update effect saturates at bs 1024 (concave), and H11.2's update-count reading weakens.	Late update count, mirror of E126. Base: E116 code. Step 1, untimed: profile ms/step and NVML energy for static bs-768 graphs at 28 and 32 px, with the freeze and renorm variants. bs 768 at 32 px is ~2.5 waves on 108 SMs, so GEMM efficiency may fall. Project total time. Step 2, only if the projected cost is ≤+4%: run the 28 and 32 px phases at bs 768 instead of 1024, sample-indexed (LR, floor-hold, renorm, the 85% freeze and the Muon x1.25 at 32 px all in samples). Kilostep-scale the SGD groups; Muon lr and momentum are unchanged. Pin the final-EMA window and lookahead stop to the last 8 steps. Warm every variant and verify no recompiles. Accuracy is decided untimed on seeds 3-102 in one fresh process against the pooled E116 baseline. Add one scored run.	
I147	H11.2.2	4	done	Time about -2.1% (~4.17 s, as E126). Under the update-count mechanism (H11.2) the loss is ≥0.12 pp, reproducing most of E126's -0.18; my central estimate is -0.08 to -0.15 pp. If the loss is ≤0.05 pp (population ≥0.7516, above the 0.7513 floor), E126's cost came from the SGD rescale or the EMA window. Bank it under H4.9 as a -2.1% lever at ~0.02 pp per 1%; I146 (bs 768 late) then loses its basis and should be dropped. If the loss is ≥0.12 pp, update count is confirmed, late batch size stays closed, and I146 becomes the live H11 test.	Confound ablation of E126, which may also turn up a -2% time lever. Base: E116 code (82e6219). Precondition, free: log the source hash and a diff against 82e6219. Run the 28 and 32 px phases at bs 1536 instead of 1024, with two differences from E126: (1) the SGD groups (BN biases, whitening bias, head bias) keep their bs-1024 per-step values in those phases, with no kilostep rescale; (2) the final-EMA window and the lookahead stop are pinned to the tip's sample count (~8192 samples, i.e. the last ~5 steps at bs 1536, final EMA ~2 updates spaced to cover the same samples). LR warmup/decay, the floor-hold, the renorm cadence, the 85% freeze and Muon x1.25 at 32 px stay sample-indexed; Muon lr and momentum are unchanged. Reuse E126's warmed bs-1536 28/32 px graphs (every freeze x renorm variant) and verify no recompiles on a 2-trial TORCH_LOGS=recompiles dev run. Accuracy is decided untimed on seeds 3-102 in one fresh process against the pooled ~198-trajectory E116 baseline (SE ~0.032), with an E126 same-seed comparison. Add one scored run with per-trial logs.	
I148	H12.4.1	4	done	Time unchanged (±0.3%). Augmentation response is steep (translate 4: -0.56 pp, E131), and the run is under-trained at ~1 pp per 32 px epoch, so weaker late augmentation may help. My central estimate is -0.05 to +0.10 pp. A gain of ≥+0.08 pp (~2.5 SE) restores margin (population ~0.7529), which funds a ~1.5% 32 px trim at the 0.054 pp per 1% rate. Then queue translate 0 and a combined trim. A loss of ≥0.05 pp means translate 2 is at the optimum and augmentation strength closes in both directions.	Weaker late augmentation. Base: E116 code. In the 28 and 32 px phases only, reduce the translate magnitude from 2 to 1 px. Keep the same reflect-pad fused GPU op with the pad width as a host-side per-phase constant, and keep the alternating flip. The 16/24 px phases, LS, the schedule, the freeze and the tail are unchanged. If the augment op is compiled, warm the pad-1 variant in build and check on a 2-trial dev run that nothing recompiles. Smoke-test one batch for range and shape. Accuracy is decided untimed on seeds 3-102 in one fresh process against the pooled E116 baseline. Add one scored run. Translate 0 is a follow-up only if translate 1 gains ≥+0.04 pp.	
I149	H15.1.1	3	done	Time unchanged. Central estimate -0.08 to +0.10 pp. A gain of ≥+0.08 pp gives zero-time margin worth ~1.5% of time through a 32 px trim, and LS 0.15 becomes the next arm. A result within ±0.05 pp closes LS at population level (E009/E037/E078 then all agree). A loss of ≥0.08 pp means the target-side regularization binds even more than under SGD.	Re-screen label smoothing at population level under Muon. Base: E116 code. Change only the label-smoothing constant from 0.3 to 0.2, a loss constant inside the compiled train graph. Re-warm the graphs in build if the constant is baked in, and verify no recompiles on a dev run. Nothing else changes. Accuracy is decided untimed on seeds 3-102 in one fresh process against the pooled E116 baseline. Add one scored run. E037 (LS 0.2, 3 seeds, SE ~0.2 pp) could not exclude ±0.3 pp; tuned Muon CIFAR recipes use LS ~0.09.	
I150	H15.2.1	3	done	Time unchanged. Under Muon the filters are renormed and orthogonally updated, so the 64x BN-bias LR may now add noise, since it was sized for SGD lr 9 dynamics. Central estimate -0.05 to +0.10 pp. A gain of ≥+0.08 pp is a margin source, with 16x as the next arm. A loss of ≥0.08 pp means the BN biases carry fast adaptation (consistent with E051's warmup sensitivity); then 96x is worth one arm. A result within ±0.05 pp closes the bias multiplier.	The SGD multiplier on the BN biases was inherited from the SGD era and never re-tested under Muon. Base: E116 code. Change only the LR multiplier of the BN-bias SGD group from 64x to 32x, through its 0-d LR tensor or a host constant so nothing recompiles. The whitening-stem bias (E093 showed it is fragile), the head bias, the warmup and the Muon groups are unchanged. Accuracy is decided untimed on seeds 3-102 in one fresh process against the pooled E116 baseline. Add one scored run.	
I151	H14.2.1	3	done	Projection: (a) saves ~10-14% (stem + group 1 hold ~31% of 32 px backward, E122, plus forward and BN/GELU bytes on the largest maps); (b) saves ~5-7%; (c) saves ~14-18%. Accuracy has a low-to-moderate prior. Early high-resolution capacity was fragile (E093, E032), but group-1 conv3 removal traded at only ~0.04 pp per 1% (E127). Central estimate for (a): -0.3 to -0.6 pp, i.e. 0.03-0.05 pp per 1%. A rate ≤0.044 pp per 1% would be the first lever to move the frontier (H14), funded by re-spending ~half the saving on 32 px for a net ~-4 to -6%. If no variant projects ≥8%, structural early-stage changes close with no accuracy run.	Structural early-stage redesign, profiled untimed before any accuracy run. Base: E116 code. Build three variants in a side script: (a) group 1's max-pool moved from after conv3 to after conv1, so the residual conv2/conv3 run at 15x15x128 instead of 31x31x128; (b) group-1 width 96 instead of 128, with group-2 conv1 input 96 and Muon stacks plus dirac init re-batched; (c) both. Compile and warm every (resolution, batch) x freeze x renorm x whiten-bias-grad shape. Measure ms/step and NVML energy over 20 steps per shape (16/24 px bs 1536, 28/32 px bs 1024, frozen 32 px variant), and project total time over the E116 schedule. Score at 100 seeds against the pooled E116 baseline only the variants projecting ≥8% saving, best projected first. Bar: loss ≤0.044 pp per 1% (fundable by 32 px re-spend). For the scored row, rerun E116 unchanged unless a variant qualifies.	
I152	H14.1.1	2	queued	Time about -3% (~4.13 s, as E132). Frontier prediction (H14): loss ≥0.12 pp (≥0.04 pp per 1%), similar to E132's -0.17. If the loss is ≤0.05 pp, E132's cost was a rescale artifact (warmup and decay compression), and the 16 px trim reopens as a ~0.015 pp per 1% lever that keeps the population ≥0.7513 and is bankable under H4.9. H8.3 would then be marked a confounded refutation.	Clean 16 px trim that separates trim value from schedule-rescale artifacts. Base: E116 code. Drop only the first 0.5 epoch of the 16 px phase: start the sample-indexed schedule at 0.5 epoch in, so every later event keeps its absolute sample position (LR decay, floor-hold, renorm cadence, whitening-bias detach, 85% freeze, 24/28/32 px switches). The LR warmup is kept in steps from the new start. Total samples 6.75 epochs. All shapes are already warmed; verify no recompiles on a 2-trial dev run. Accuracy is decided untimed on seeds 3-102 in one fresh process against the pooled E116 baseline, same base, and compared with E132's rescaled trim on the same seeds. Add one scored run.	
