E1003 22:24:18.151000 1 .venv/lib/python3.10/site-packages/torch/_inductor/select_algorithm.py:2967] [0/0] Runtime error during autotuning: 
E1003 22:24:18.151000 1 .venv/lib/python3.10/site-packages/torch/_inductor/select_algorithm.py:2967] [0/0] No valid triton configs. OutOfMemoryError: out of resource: triton_flex_attention Required: 163840 Hardware limit:101376 Reducing block sizes or `num_stages` may help.. 
E1003 22:24:18.151000 1 .venv/lib/python3.10/site-packages/torch/_inductor/select_algorithm.py:2967] [0/0] Ignoring this choice.
E1003 22:24:18.213000 1 .venv/lib/python3.10/site-packages/torch/_inductor/select_algorithm.py:2967] [0/0] Runtime error during autotuning: 
E1003 22:24:18.213000 1 .venv/lib/python3.10/site-packages/torch/_inductor/select_algorithm.py:2967] [0/0] No valid triton configs. OutOfMemoryError: out of resource: triton_flex_attention Required: 163840 Hardware limit:101376 Reducing block sizes or `num_stages` may help.. 
E1003 22:24:18.213000 1 .venv/lib/python3.10/site-packages/torch/_inductor/select_algorithm.py:2967] [0/0] Ignoring this choice.
Autotune Choices Stats:
{"num_choices": 6, "num_triton_choices": 6, "best_kernel": "triton_flex_attention_59", "best_kernel_desc": "BLOCKS_ARE_CONTIGUOUS=False, BLOCK_M=128, BLOCK_N=128, FLOAT32_PRECISION=\"'tf32'\", GQA_SHARED_HEADS=1, HAS_FULL_BLOCKS=True, IS_DIVISIBLE=True, OUTPUT_LOGSUMEXP=True, OUTPUT_MAX=False, PRESCALE_QK=False, QK_HEAD_DIM=128, QK_HEAD_DIM_ROUNDED=128, ROWS_GUARANTEED_SAFE=False, SAFE_HEAD_DIM=True, SM_SCALE=0.08838834764831843, SPARSE_KV_BLOCK_SIZE=128, SPARSE_Q_BLOCK_SIZE=128, USE_TMA=False, V_HEAD_DIM=128, V_HEAD_DIM_ROUNDED=128, WRITE_DQ=True, num_stages=2, num_warps=8", "best_time": 3.6474881172180176, "best_triton_pos": 0}
AUTOTUNE flex_attention(64x4x2048x128, 64x4x2048x128, 64x4x2048x128, 64x4x2048, 64x4x2048, 1x1x16, 1x1x16x16, 1x1x16, 1x1x16x16)
strides: [1048576, 128, 512, 1], [1048576, 128, 512, 1], [1048576, 128, 512, 1], [8192, 2048, 1], [8192, 2048, 1], [16, 16, 1], [256, 256, 16, 1], [16, 16, 1], [256, 256, 16, 1]
dtypes: torch.bfloat16, torch.bfloat16, torch.bfloat16, torch.float32, torch.float32, torch.int32, torch.int32, torch.int32, torch.int32
  triton_flex_attention_59 3.6475 ms 100.0% BLOCKS_ARE_CONTIGUOUS=False, BLOCK_M=128, BLOCK_N=128, FLOAT32_PRECISION="'tf32'", GQA_SHARED_HEADS=1, HAS_FULL_BLOCKS=True, IS_DIVISIBLE=True, OUTPUT_LOGSUMEXP=True, OUTPUT_MAX=False, PRESCALE_QK=False, QK_HEAD_DIM=128, QK_HEAD_DIM_ROUNDED=128, ROWS_GUARANTEED_SAFE=False, SAFE_HEAD_DIM=True, SM_SCALE=0.08838834764831843, SPARSE_KV_BLOCK_SIZE=128, SPARSE_Q_BLOCK_SIZE=128, USE_TMA=False, V_HEAD_DIM=128, V_HEAD_DIM_ROUNDED=128, WRITE_DQ=True, num_stages=2, num_warps=8
  triton_flex_attention_62 3.7417 ms 97.5% BLOCKS_ARE_CONTIGUOUS=False, BLOCK_M=128, BLOCK_N=64, FLOAT32_PRECISION="'tf32'", GQA_SHARED_HEADS=1, HAS_FULL_BLOCKS=True, IS_DIVISIBLE=True, OUTPUT_LOGSUMEXP=True, OUTPUT_MAX=False, PRESCALE_QK=False, QK_HEAD_DIM=128, QK_HEAD_DIM_ROUNDED=128, ROWS_GUARANTEED_SAFE=False, SAFE_HEAD_DIM=True, SM_SCALE=0.08838834764831843, SPARSE_KV_BLOCK_SIZE=128, SPARSE_Q_BLOCK_SIZE=128, USE_TMA=False, V_HEAD_DIM=128, V_HEAD_DIM_ROUNDED=128, WRITE_DQ=True, num_stages=2, num_warps=8
  triton_flex_attention_57 4.2721 ms 85.4% BLOCKS_ARE_CONTIGUOUS=False, BLOCK_M=128, BLOCK_N=64, FLOAT32_PRECISION="'tf32'", GQA_SHARED_HEADS=1, HAS_FULL_BLOCKS=True, IS_DIVISIBLE=True, OUTPUT_LOGSUMEXP=True, OUTPUT_MAX=False, PRESCALE_QK=False, QK_HEAD_DIM=128, QK_HEAD_DIM_ROUNDED=128, ROWS_GUARANTEED_SAFE=False, SAFE_HEAD_DIM=True, SM_SCALE=0.08838834764831843, SPARSE_KV_BLOCK_SIZE=128, SPARSE_Q_BLOCK_SIZE=128, USE_TMA=False, V_HEAD_DIM=128, V_HEAD_DIM_ROUNDED=128, WRITE_DQ=True, num_stages=3, num_warps=4
  triton_flex_attention_61 5.2019 ms 70.1% BLOCKS_ARE_CONTIGUOUS=False, BLOCK_M=64, BLOCK_N=64, FLOAT32_PRECISION="'tf32'", GQA_SHARED_HEADS=1, HAS_FULL_BLOCKS=True, IS_DIVISIBLE=True, OUTPUT_LOGSUMEXP=True, OUTPUT_MAX=False, PRESCALE_QK=False, QK_HEAD_DIM=128, QK_HEAD_DIM_ROUNDED=128, ROWS_GUARANTEED_SAFE=False, SAFE_HEAD_DIM=True, SM_SCALE=0.08838834764831843, SPARSE_KV_BLOCK_SIZE=128, SPARSE_Q_BLOCK_SIZE=128, USE_TMA=False, V_HEAD_DIM=128, V_HEAD_DIM_ROUNDED=128, WRITE_DQ=True, num_stages=3, num_warps=4
  triton_flex_attention_58 inf ms 0.0% BLOCKS_ARE_CONTIGUOUS=False, BLOCK_M=128, BLOCK_N=128, FLOAT32_PRECISION="'tf32'", GQA_SHARED_HEADS=1, HAS_FULL_BLOCKS=True, IS_DIVISIBLE=True, OUTPUT_LOGSUMEXP=True, OUTPUT_MAX=False, PRESCALE_QK=False, QK_HEAD_DIM=128, QK_HEAD_DIM_ROUNDED=128, ROWS_GUARANTEED_SAFE=False, SAFE_HEAD_DIM=True, SM_SCALE=0.08838834764831843, SPARSE_KV_BLOCK_SIZE=128, SPARSE_Q_BLOCK_SIZE=128, USE_TMA=False, V_HEAD_DIM=128, V_HEAD_DIM_ROUNDED=128, WRITE_DQ=True, num_stages=3, num_warps=4
  triton_flex_attention_60 inf ms 0.0% BLOCKS_ARE_CONTIGUOUS=False, BLOCK_M=64, BLOCK_N=128, FLOAT32_PRECISION="'tf32'", GQA_SHARED_HEADS=1, HAS_FULL_BLOCKS=True, IS_DIVISIBLE=True, OUTPUT_LOGSUMEXP=True, OUTPUT_MAX=False, PRESCALE_QK=False, QK_HEAD_DIM=128, QK_HEAD_DIM_ROUNDED=128, ROWS_GUARANTEED_SAFE=False, SAFE_HEAD_DIM=True, SM_SCALE=0.08838834764831843, SPARSE_KV_BLOCK_SIZE=128, SPARSE_Q_BLOCK_SIZE=128, USE_TMA=False, V_HEAD_DIM=128, V_HEAD_DIM_ROUNDED=128, WRITE_DQ=True, num_stages=3, num_warps=4
SingleProcess AUTOTUNE benchmarking takes 0.2576 seconds and 1.4704 seconds precompiling for 6 choices
Autotune Choices Stats:
{"num_choices": 16, "num_triton_choices": 15, "best_kernel": "triton_mm_91", "best_kernel_desc": "ACC_TYPE='tl.float32', ALLOW_TF32=True, BLOCK_K=32, BLOCK_M=128, BLOCK_N=128, EVEN_K=True, GROUP_M=8, USE_FAST_ACCUM=False, num_stages=3, num_warps=4", "best_time": 0.7802879810333252, "best_triton_pos": 0}
AUTOTUNE mm(131072x512, 512x2048)
strides: [512, 1], [1, 512]
dtypes: torch.bfloat16, torch.bfloat16
  triton_mm_91 0.7803 ms 100.0% ACC_TYPE='tl.float32', ALLOW_TF32=True, BLOCK_K=32, BLOCK_M=128, BLOCK_N=128, EVEN_K=True, GROUP_M=8, USE_FAST_ACCUM=False, num_stages=3, num_warps=4
  triton_mm_85 0.8509 ms 91.7% ACC_TYPE='tl.float32', ALLOW_TF32=True, BLOCK_K=32, BLOCK_M=64, BLOCK_N=128, EVEN_K=True, GROUP_M=8, USE_FAST_ACCUM=False, num_stages=3, num_warps=4
  triton_mm_88 0.8567 ms 91.1% ACC_TYPE='tl.float32', ALLOW_TF32=True, BLOCK_K=32, BLOCK_M=128, BLOCK_N=64, EVEN_K=True, GROUP_M=8, USE_FAST_ACCUM=False, num_stages=3, num_warps=4
  mm 0.8642 ms 90.3% 
  triton_mm_89 0.8796 ms 88.7% ACC_TYPE='tl.float32', ALLOW_TF32=True, BLOCK_K=32, BLOCK_M=128, BLOCK_N=64, EVEN_K=True, GROUP_M=8, USE_FAST_ACCUM=False, num_stages=4, num_warps=8
  triton_mm_86 0.8837 ms 88.3% ACC_TYPE='tl.float32', ALLOW_TF32=True, BLOCK_K=32, BLOCK_M=64, BLOCK_N=128, EVEN_K=True, GROUP_M=8, USE_FAST_ACCUM=False, num_stages=4, num_warps=8
  triton_mm_92 0.9191 ms 84.9% ACC_TYPE='tl.float32', ALLOW_TF32=True, BLOCK_K=64, BLOCK_M=128, BLOCK_N=128, EVEN_K=True, GROUP_M=8, USE_FAST_ACCUM=False, num_stages=3, num_warps=4
  triton_mm_87 0.9257 ms 84.3% ACC_TYPE='tl.float32', ALLOW_TF32=True, BLOCK_K=64, BLOCK_M=64, BLOCK_N=128, EVEN_K=True, GROUP_M=8, USE_FAST_ACCUM=False, num_stages=3, num_warps=4
  triton_mm_90 0.9574 ms 81.5% ACC_TYPE='tl.float32', ALLOW_TF32=True, BLOCK_K=32, BLOCK_M=128, BLOCK_N=128, EVEN_K=True, GROUP_M=8, USE_FAST_ACCUM=False, num_stages=2, num_warps=8
  triton_mm_84 1.0936 ms 71.3% ACC_TYPE='tl.float32', ALLOW_TF32=True, BLOCK_K=64, BLOCK_M=64, BLOCK_N=64, EVEN_K=True, GROUP_M=8, USE_FAST_ACCUM=False, num_stages=3, num_warps=8
SingleProcess AUTOTUNE benchmarking takes 0.7250 seconds and 0.0002 seconds precompiling for 16 choices
Autotune Choices Stats:
{"num_choices": 16, "num_triton_choices": 15, "best_kernel": "triton_mm_43", "best_kernel_desc": "ACC_TYPE='tl.float32', ALLOW_TF32=True, BLOCK_K=32, BLOCK_M=128, BLOCK_N=128, EVEN_K=True, GROUP_M=8, USE_FAST_ACCUM=False, num_stages=3, num_warps=4", "best_time": 0.23343999683856964, "best_triton_pos": 0}
AUTOTUNE mm(131072x512, 512x512)
strides: [512, 1], [1, 512]
dtypes: torch.bfloat16, torch.bfloat16
  triton_mm_43 0.2334 ms 100.0% ACC_TYPE='tl.float32', ALLOW_TF32=True, BLOCK_K=32, BLOCK_M=128, BLOCK_N=128, EVEN_K=True, GROUP_M=8, USE_FAST_ACCUM=False, num_stages=3, num_warps=4
  triton_mm_37 0.2427 ms 96.2% ACC_TYPE='tl.float32', ALLOW_TF32=True, BLOCK_K=32, BLOCK_M=64, BLOCK_N=128, EVEN_K=True, GROUP_M=8, USE_FAST_ACCUM=False, num_stages=3, num_warps=4
  mm 0.2437 ms 95.8% 
  triton_mm_40 0.2478 ms 94.2% ACC_TYPE='tl.float32', ALLOW_TF32=True, BLOCK_K=32, BLOCK_M=128, BLOCK_N=64, EVEN_K=True, GROUP_M=8, USE_FAST_ACCUM=False, num_stages=3, num_warps=4
  triton_mm_38 0.2519 ms 92.7% ACC_TYPE='tl.float32', ALLOW_TF32=True, BLOCK_K=32, BLOCK_M=64, BLOCK_N=128, EVEN_K=True, GROUP_M=8, USE_FAST_ACCUM=False, num_stages=4, num_warps=8
  triton_mm_41 0.2560 ms 91.2% ACC_TYPE='tl.float32', ALLOW_TF32=True, BLOCK_K=32, BLOCK_M=128, BLOCK_N=64, EVEN_K=True, GROUP_M=8, USE_FAST_ACCUM=False, num_stages=4, num_warps=8
  triton_mm_44 0.2570 ms 90.8% ACC_TYPE='tl.float32', ALLOW_TF32=True, BLOCK_K=64, BLOCK_M=128, BLOCK_N=128, EVEN_K=True, GROUP_M=8, USE_FAST_ACCUM=False, num_stages=3, num_warps=4
  triton_mm_39 0.2601 ms 89.8% ACC_TYPE='tl.float32', ALLOW_TF32=True, BLOCK_K=64, BLOCK_M=64, BLOCK_N=128, EVEN_K=True, GROUP_M=8, USE_FAST_ACCUM=False, num_stages=3, num_warps=4
  triton_mm_42 0.2826 ms 82.6% ACC_TYPE='tl.float32', ALLOW_TF32=True, BLOCK_K=32, BLOCK_M=128, BLOCK_N=128, EVEN_K=True, GROUP_M=8, USE_FAST_ACCUM=False, num_stages=2, num_warps=8
  triton_mm_35 0.3133 ms 74.5% ACC_TYPE='tl.float32', ALLOW_TF32=True, BLOCK_K=32, BLOCK_M=64, BLOCK_N=64, EVEN_K=True, GROUP_M=8, USE_FAST_ACCUM=False, num_stages=2, num_warps=4
SingleProcess AUTOTUNE benchmarking takes 0.6950 seconds and 0.0001 seconds precompiling for 16 choices
Autotune Choices Stats:
{"num_choices": 13, "num_triton_choices": 12, "best_kernel": "triton_mm_53", "best_kernel_desc": "ACC_TYPE='tl.float32', ALLOW_TF32=True, BLOCK_K=32, BLOCK_M=128, BLOCK_N=16, EVEN_K=True, GROUP_M=8, USE_FAST_ACCUM=False, num_stages=3, num_warps=4", "best_time": 0.018303999677300453, "best_triton_pos": 0}
AUTOTUNE mm(131072x32, 32x4)
strides: [512, 1], [1, 32]
dtypes: torch.bfloat16, torch.bfloat16
  triton_mm_53 0.0183 ms 100.0% ACC_TYPE='tl.float32', ALLOW_TF32=True, BLOCK_K=32, BLOCK_M=128, BLOCK_N=16, EVEN_K=True, GROUP_M=8, USE_FAST_ACCUM=False, num_stages=3, num_warps=4
  triton_mm_50 0.0184 ms 99.5% ACC_TYPE='tl.float32', ALLOW_TF32=True, BLOCK_K=32, BLOCK_M=64, BLOCK_N=16, EVEN_K=True, GROUP_M=8, USE_FAST_ACCUM=False, num_stages=2, num_warps=4
  triton_mm_52 0.0184 ms 99.5% ACC_TYPE='tl.float32', ALLOW_TF32=True, BLOCK_K=32, BLOCK_M=64, BLOCK_N=16, EVEN_K=True, GROUP_M=8, USE_FAST_ACCUM=False, num_stages=4, num_warps=4
  triton_mm_54 0.0184 ms 99.5% ACC_TYPE='tl.float32', ALLOW_TF32=True, BLOCK_K=32, BLOCK_M=128, BLOCK_N=16, EVEN_K=True, GROUP_M=8, USE_FAST_ACCUM=False, num_stages=4, num_warps=8
  triton_mm_55 0.0184 ms 99.5% ACC_TYPE='tl.float32', ALLOW_TF32=True, BLOCK_K=32, BLOCK_M=128, BLOCK_N=16, EVEN_K=True, GROUP_M=8, USE_FAST_ACCUM=False, num_stages=2, num_warps=8
  triton_mm_56 0.0184 ms 99.5% ACC_TYPE='tl.float32', ALLOW_TF32=True, BLOCK_K=32, BLOCK_M=128, BLOCK_N=16, EVEN_K=True, GROUP_M=8, USE_FAST_ACCUM=False, num_stages=5, num_warps=8
  triton_mm_48 0.0184 ms 99.3% ACC_TYPE='tl.float32', ALLOW_TF32=True, BLOCK_K=32, BLOCK_M=64, BLOCK_N=16, EVEN_K=True, GROUP_M=8, USE_FAST_ACCUM=False, num_stages=5, num_warps=4
  triton_mm_51 0.0184 ms 99.3% ACC_TYPE='tl.float32', ALLOW_TF32=True, BLOCK_K=32, BLOCK_M=64, BLOCK_N=16, EVEN_K=True, GROUP_M=8, USE_FAST_ACCUM=False, num_stages=3, num_warps=4
  triton_mm_47 0.0199 ms 91.8% ACC_TYPE='tl.float32', ALLOW_TF32=True, BLOCK_K=32, BLOCK_M=32, BLOCK_N=16, EVEN_K=True, GROUP_M=8, USE_FAST_ACCUM=False, num_stages=5, num_warps=2
  triton_mm_46 0.0204 ms 89.5% ACC_TYPE='tl.float32', ALLOW_TF32=True, BLOCK_K=32, BLOCK_M=32, BLOCK_N=16, EVEN_K=True, GROUP_M=8, USE_FAST_ACCUM=False, num_stages=2, num_warps=2
SingleProcess AUTOTUNE benchmarking takes 0.2778 seconds and 0.0001 seconds precompiling for 13 choices
Autotune Choices Stats:
{"num_choices": 16, "num_triton_choices": 15, "best_kernel": "mm", "best_time": 0.7136319875717163, "best_triton_pos": 1, "best_triton_time": 0.7348799705505371, "best_triton_kernel": "triton_mm_106", "best_triton_kernel_desc": "ACC_TYPE='tl.float32', ALLOW_TF32=True, BLOCK_K=32, BLOCK_M=128, BLOCK_N=128, EVEN_K=True, GROUP_M=8, USE_FAST_ACCUM=False, num_stages=3, num_warps=4"}
AUTOTUNE mm(131072x2048, 2048x512)
strides: [2048, 1], [1, 2048]
dtypes: torch.bfloat16, torch.bfloat16
  mm 0.7136 ms 100.0% 
  triton_mm_106 0.7349 ms 97.1% ACC_TYPE='tl.float32', ALLOW_TF32=True, BLOCK_K=32, BLOCK_M=128, BLOCK_N=128, EVEN_K=True, GROUP_M=8, USE_FAST_ACCUM=False, num_stages=3, num_warps=4
  triton_mm_107 0.7916 ms 90.2% ACC_TYPE='tl.float32', ALLOW_TF32=True, BLOCK_K=64, BLOCK_M=128, BLOCK_N=128, EVEN_K=True, GROUP_M=8, USE_FAST_ACCUM=False, num_stages=3, num_warps=4
  triton_mm_105 0.8315 ms 85.8% ACC_TYPE='tl.float32', ALLOW_TF32=True, BLOCK_K=32, BLOCK_M=128, BLOCK_N=128, EVEN_K=True, GROUP_M=8, USE_FAST_ACCUM=False, num_stages=2, num_warps=8
  triton_mm_100 0.8643 ms 82.6% ACC_TYPE='tl.float32', ALLOW_TF32=True, BLOCK_K=32, BLOCK_M=64, BLOCK_N=128, EVEN_K=True, GROUP_M=8, USE_FAST_ACCUM=False, num_stages=3, num_warps=4
  triton_mm_102 0.8663 ms 82.4% ACC_TYPE='tl.float32', ALLOW_TF32=True, BLOCK_K=64, BLOCK_M=64, BLOCK_N=128, EVEN_K=True, GROUP_M=8, USE_FAST_ACCUM=False, num_stages=3, num_warps=4
  triton_mm_103 0.8724 ms 81.8% ACC_TYPE='tl.float32', ALLOW_TF32=True, BLOCK_K=32, BLOCK_M=128, BLOCK_N=64, EVEN_K=True, GROUP_M=8, USE_FAST_ACCUM=False, num_stages=3, num_warps=4
  triton_mm_101 0.8796 ms 81.1% ACC_TYPE='tl.float32', ALLOW_TF32=True, BLOCK_K=32, BLOCK_M=64, BLOCK_N=128, EVEN_K=True, GROUP_M=8, USE_FAST_ACCUM=False, num_stages=4, num_warps=8
  triton_mm_104 0.8899 ms 80.2% ACC_TYPE='tl.float32', ALLOW_TF32=True, BLOCK_K=32, BLOCK_M=128, BLOCK_N=64, EVEN_K=True, GROUP_M=8, USE_FAST_ACCUM=False, num_stages=4, num_warps=8
  triton_mm_99 1.0916 ms 65.4% ACC_TYPE='tl.float32', ALLOW_TF32=True, BLOCK_K=64, BLOCK_M=64, BLOCK_N=64, EVEN_K=True, GROUP_M=8, USE_FAST_ACCUM=False, num_stages=3, num_warps=8
SingleProcess AUTOTUNE benchmarking takes 0.7073 seconds and 0.0001 seconds precompiling for 16 choices
Autotune Choices Stats:
{"num_choices": 16, "num_triton_choices": 15, "best_kernel": "triton_mm_907", "best_kernel_desc": "ACC_TYPE='tl.float32', ALLOW_TF32=True, BLOCK_K=32, BLOCK_M=128, BLOCK_N=128, EVEN_K=True, GROUP_M=8, USE_FAST_ACCUM=False, num_stages=3, num_warps=4", "best_time": 2.933759927749634, "best_triton_pos": 0}
AUTOTUNE mm(131072x512, 512x8192)
strides: [512, 1], [1, 512]
dtypes: torch.bfloat16, torch.bfloat16
  triton_mm_907 2.9338 ms 100.0% ACC_TYPE='tl.float32', ALLOW_TF32=True, BLOCK_K=32, BLOCK_M=128, BLOCK_N=128, EVEN_K=True, GROUP_M=8, USE_FAST_ACCUM=False, num_stages=3, num_warps=4
  triton_mm_906 3.2648 ms 89.9% ACC_TYPE='tl.float32', ALLOW_TF32=True, BLOCK_K=32, BLOCK_M=128, BLOCK_N=128, EVEN_K=True, GROUP_M=8, USE_FAST_ACCUM=False, num_stages=2, num_warps=8
  triton_mm_904 3.3894 ms 86.6% ACC_TYPE='tl.float32', ALLOW_TF32=True, BLOCK_K=32, BLOCK_M=128, BLOCK_N=64, EVEN_K=True, GROUP_M=8, USE_FAST_ACCUM=False, num_stages=3, num_warps=4
  mm 3.4140 ms 85.9% 
  triton_mm_901 3.4242 ms 85.7% ACC_TYPE='tl.float32', ALLOW_TF32=True, BLOCK_K=32, BLOCK_M=64, BLOCK_N=128, EVEN_K=True, GROUP_M=8, USE_FAST_ACCUM=False, num_stages=3, num_warps=4
  triton_mm_905 3.4672 ms 84.6% ACC_TYPE='tl.float32', ALLOW_TF32=True, BLOCK_K=32, BLOCK_M=128, BLOCK_N=64, EVEN_K=True, GROUP_M=8, USE_FAST_ACCUM=False, num_stages=4, num_warps=8
  triton_mm_902 3.5308 ms 83.1% ACC_TYPE='tl.float32', ALLOW_TF32=True, BLOCK_K=32, BLOCK_M=64, BLOCK_N=128, EVEN_K=True, GROUP_M=8, USE_FAST_ACCUM=False, num_stages=4, num_warps=8
  triton_mm_908 3.5441 ms 82.8% ACC_TYPE='tl.float32', ALLOW_TF32=True, BLOCK_K=64, BLOCK_M=128, BLOCK_N=128, EVEN_K=True, GROUP_M=8, USE_FAST_ACCUM=False, num_stages=3, num_warps=4
  triton_mm_903 3.6587 ms 80.2% ACC_TYPE='tl.float32', ALLOW_TF32=True, BLOCK_K=64, BLOCK_M=64, BLOCK_N=128, EVEN_K=True, GROUP_M=8, USE_FAST_ACCUM=False, num_stages=3, num_warps=4
  triton_mm_899 4.2813 ms 68.5% ACC_TYPE='tl.float32', ALLOW_TF32=True, BLOCK_K=32, BLOCK_M=64, BLOCK_N=64, EVEN_K=True, GROUP_M=8, USE_FAST_ACCUM=False, num_stages=2, num_warps=4
SingleProcess AUTOTUNE benchmarking takes 1.0615 seconds and 0.0001 seconds precompiling for 16 choices
E1003 22:24:46.912000 1 .venv/lib/python3.10/site-packages/torch/_inductor/select_algorithm.py:2967] [0/0] Runtime error during autotuning: 
E1003 22:24:46.912000 1 .venv/lib/python3.10/site-packages/torch/_inductor/select_algorithm.py:2967] [0/0] No valid triton configs. OutOfMemoryError: out of resource: triton_flex_attention_backward Required: 103168 Hardware limit:101376 Reducing block sizes or `num_stages` may help.. 
E1003 22:24:46.912000 1 .venv/lib/python3.10/site-packages/torch/_inductor/select_algorithm.py:2967] [0/0] Ignoring this choice.
E1003 22:24:46.919000 1 .venv/lib/python3.10/site-packages/torch/_inductor/select_algorithm.py:2967] [0/0] Runtime error during autotuning: 
E1003 22:24:46.919000 1 .venv/lib/python3.10/site-packages/torch/_inductor/select_algorithm.py:2967] [0/0] No valid triton configs. OutOfMemoryError: out of resource: triton_flex_attention_backward Required: 109568 Hardware limit:101376 Reducing block sizes or `num_stages` may help.. 
E1003 22:24:46.919000 1 .venv/lib/python3.10/site-packages/torch/_inductor/select_algorithm.py:2967] [0/0] Ignoring this choice.
E1003 22:24:46.925000 1 .venv/lib/python3.10/site-packages/torch/_inductor/select_algorithm.py:2967] [0/0] Runtime error during autotuning: 
E1003 22:24:46.925000 1 .venv/lib/python3.10/site-packages/torch/_inductor/select_algorithm.py:2967] [0/0] No valid triton configs. OutOfMemoryError: out of resource: triton_flex_attention_backward Required: 111616 Hardware limit:101376 Reducing block sizes or `num_stages` may help.. 
E1003 22:24:46.925000 1 .venv/lib/python3.10/site-packages/torch/_inductor/select_algorithm.py:2967] [0/0] Ignoring this choice.
E1003 22:24:47.253000 1 .venv/lib/python3.10/site-packages/torch/_inductor/select_algorithm.py:2967] [0/0] Runtime error during autotuning: 
E1003 22:24:47.253000 1 .venv/lib/python3.10/site-packages/torch/_inductor/select_algorithm.py:2967] [0/0] No valid triton configs. OutOfMemoryError: out of resource: triton_flex_attention_backward Required: 101888 Hardware limit:101376 Reducing block sizes or `num_stages` may help.. 
E1003 22:24:47.253000 1 .venv/lib/python3.10/site-packages/torch/_inductor/select_algorithm.py:2967] [0/0] Ignoring this choice.
E1003 22:24:47.260000 1 .venv/lib/python3.10/site-packages/torch/_inductor/select_algorithm.py:2967] [0/0] Runtime error during autotuning: 
E1003 22:24:47.260000 1 .venv/lib/python3.10/site-packages/torch/_inductor/select_algorithm.py:2967] [0/0] No valid triton configs. OutOfMemoryError: out of resource: triton_flex_attention_backward Required: 118784 Hardware limit:101376 Reducing block sizes or `num_stages` may help.. 
E1003 22:24:47.260000 1 .venv/lib/python3.10/site-packages/torch/_inductor/select_algorithm.py:2967] [0/0] Ignoring this choice.
E1003 22:24:48.077000 1 .venv/lib/python3.10/site-packages/torch/_inductor/select_algorithm.py:2967] [0/0] Runtime error during autotuning: 
E1003 22:24:48.077000 1 .venv/lib/python3.10/site-packages/torch/_inductor/select_algorithm.py:2967] [0/0] No valid triton configs. OutOfMemoryError: out of resource: triton_flex_attention_backward Required: 117760 Hardware limit:101376 Reducing block sizes or `num_stages` may help.. 
E1003 22:24:48.077000 1 .venv/lib/python3.10/site-packages/torch/_inductor/select_algorithm.py:2967] [0/0] Ignoring this choice.
E1003 22:24:48.083000 1 .venv/lib/python3.10/site-packages/torch/_inductor/select_algorithm.py:2967] [0/0] Runtime error during autotuning: 
E1003 22:24:48.083000 1 .venv/lib/python3.10/site-packages/torch/_inductor/select_algorithm.py:2967] [0/0] No valid triton configs. OutOfMemoryError: out of resource: triton_flex_attention_backward Required: 119808 Hardware limit:101376 Reducing block sizes or `num_stages` may help.. 
E1003 22:24:48.083000 1 .venv/lib/python3.10/site-packages/torch/_inductor/select_algorithm.py:2967] [0/0] Ignoring this choice.
E1003 22:24:48.090000 1 .venv/lib/python3.10/site-packages/torch/_inductor/select_algorithm.py:2967] [0/0] Runtime error during autotuning: 
E1003 22:24:48.090000 1 .venv/lib/python3.10/site-packages/torch/_inductor/select_algorithm.py:2967] [0/0] No valid triton configs. OutOfMemoryError: out of resource: triton_flex_attention_backward Required: 134656 Hardware limit:101376 Reducing block sizes or `num_stages` may help.. 
E1003 22:24:48.090000 1 .venv/lib/python3.10/site-packages/torch/_inductor/select_algorithm.py:2967] [0/0] Ignoring this choice.
E1003 22:24:48.097000 1 .venv/lib/python3.10/site-packages/torch/_inductor/select_algorithm.py:2967] [0/0] Runtime error during autotuning: 
E1003 22:24:48.097000 1 .venv/lib/python3.10/site-packages/torch/_inductor/select_algorithm.py:2967] [0/0] No valid triton configs. OutOfMemoryError: out of resource: triton_flex_attention_backward Required: 136704 Hardware limit:101376 Reducing block sizes or `num_stages` may help.. 
E1003 22:24:48.097000 1 .venv/lib/python3.10/site-packages/torch/_inductor/select_algorithm.py:2967] [0/0] Ignoring this choice.
E1003 22:24:48.104000 1 .venv/lib/python3.10/site-packages/torch/_inductor/select_algorithm.py:2967] [0/0] Runtime error during autotuning: 
E1003 22:24:48.104000 1 .venv/lib/python3.10/site-packages/torch/_inductor/select_algorithm.py:2967] [0/0] No valid triton configs. OutOfMemoryError: out of resource: triton_flex_attention_backward Required: 151552 Hardware limit:101376 Reducing block sizes or `num_stages` may help.. 
E1003 22:24:48.104000 1 .venv/lib/python3.10/site-packages/torch/_inductor/select_algorithm.py:2967] [0/0] Ignoring this choice.
E1003 22:24:48.111000 1 .venv/lib/python3.10/site-packages/torch/_inductor/select_algorithm.py:2967] [0/0] Runtime error during autotuning: 
E1003 22:24:48.111000 1 .venv/lib/python3.10/site-packages/torch/_inductor/select_algorithm.py:2967] [0/0] No valid triton configs. OutOfMemoryError: out of resource: triton_flex_attention_backward Required: 153600 Hardware limit:101376 Reducing block sizes or `num_stages` may help.. 
E1003 22:24:48.111000 1 .venv/lib/python3.10/site-packages/torch/_inductor/select_algorithm.py:2967] [0/0] Ignoring this choice.
Autotune Choices Stats:
{"num_choices": 29, "num_triton_choices": 29, "best_kernel": "triton_flex_attention_backward_1623", "best_kernel_desc": "BLOCKS_ARE_CONTIGUOUS=False, BLOCK_M1=32, BLOCK_M2=64, BLOCK_N1=64, BLOCK_N2=32, FLOAT32_PRECISION=\"'tf32'\", GQA_SHARED_HEADS=1, HAS_FULL_BLOCKS=True, IS_DIVISIBLE=True, OUTPUT_LOGSUMEXP=True, OUTPUT_MAX=False, PRESCALE_QK=False, QK_HEAD_DIM=128, QK_HEAD_DIM_ROUNDED=128, ROWS_GUARANTEED_SAFE=False, SAFE_HEAD_DIM=True, SM_SCALE=0.08838834764831843, SPARSE_KV_BLOCK_SIZE=128, SPARSE_Q_BLOCK_SIZE=128, V_HEAD_DIM=128, V_HEAD_DIM_ROUNDED=128, WRITE_DQ=True, num_stages=1, num_warps=4", "best_time": 14.195712089538574, "best_triton_pos": 0}
AUTOTUNE flex_attention_backward(64x4x2048x128, 64x4x2048x128, 64x4x2048x128, 64x4x2048, 64x4x2048, 64x4x2048x128, 64x4x2048x128, 64x4x2048x128, 1x1x16, 1x1x16x16, 1x1x16, 1x1x16x16, 1x1x16, 1x1x16x16, 1x1x16, 1x1x16x16)
strides: [1048576, 128, 512, 1], [1048576, 128, 512, 1], [1048576, 128, 512, 1], [8192, 2048, 1], [8192, 2048, 1], [1048576, 128, 512, 1], [1048576, 128, 512, 1], [1048576, 128, 512, 1], [16, 16, 1], [256, 256, 16, 1], [16, 16, 1], [256, 256, 16, 1], [16, 16, 1], [256, 256, 16, 1], [16, 16, 1], [256, 256, 16, 1]
dtypes: torch.bfloat16, torch.bfloat16, torch.bfloat16, torch.float32, torch.float32, torch.bfloat16, torch.bfloat16, torch.bfloat16, torch.int32, torch.int32, torch.int32, torch.int32, torch.int32, torch.int32, torch.int32, torch.int32
  triton_flex_attention_backward_1623 14.1957 ms 100.0% BLOCKS_ARE_CONTIGUOUS=False, BLOCK_M1=32, BLOCK_M2=64, BLOCK_N1=64, BLOCK_N2=32, FLOAT32_PRECISION="'tf32'", GQA_SHARED_HEADS=1, HAS_FULL_BLOCKS=True, IS_DIVISIBLE=True, OUTPUT_LOGSUMEXP=True, OUTPUT_MAX=False, PRESCALE_QK=False, QK_HEAD_DIM=128, QK_HEAD_DIM_ROUNDED=128, ROWS_GUARANTEED_SAFE=False, SAFE_HEAD_DIM=True, SM_SCALE=0.08838834764831843, SPARSE_KV_BLOCK_SIZE=128, SPARSE_Q_BLOCK_SIZE=128, V_HEAD_DIM=128, V_HEAD_DIM_ROUNDED=128, WRITE_DQ=True, num_stages=1, num_warps=4
  triton_flex_attention_backward_1647 15.5320 ms 91.4% BLOCKS_ARE_CONTIGUOUS=False, BLOCK_M1=32, BLOCK_M2=32, BLOCK_N1=32, BLOCK_N2=32, FLOAT32_PRECISION="'tf32'", GQA_SHARED_HEADS=1, HAS_FULL_BLOCKS=True, IS_DIVISIBLE=True, OUTPUT_LOGSUMEXP=True, OUTPUT_MAX=False, PRESCALE_QK=False, QK_HEAD_DIM=128, QK_HEAD_DIM_ROUNDED=128, ROWS_GUARANTEED_SAFE=False, SAFE_HEAD_DIM=True, SM_SCALE=0.08838834764831843, SPARSE_KV_BLOCK_SIZE=128, SPARSE_Q_BLOCK_SIZE=128, V_HEAD_DIM=128, V_HEAD_DIM_ROUNDED=128, WRITE_DQ=True, num_stages=2, num_warps=4
  triton_flex_attention_backward_1630 15.5331 ms 91.4% BLOCKS_ARE_CONTIGUOUS=False, BLOCK_M1=32, BLOCK_M2=128, BLOCK_N1=128, BLOCK_N2=32, FLOAT32_PRECISION="'tf32'", GQA_SHARED_HEADS=1, HAS_FULL_BLOCKS=True, IS_DIVISIBLE=True, OUTPUT_LOGSUMEXP=True, OUTPUT_MAX=False, PRESCALE_QK=False, QK_HEAD_DIM=128, QK_HEAD_DIM_ROUNDED=128, ROWS_GUARANTEED_SAFE=False, SAFE_HEAD_DIM=True, SM_SCALE=0.08838834764831843, SPARSE_KV_BLOCK_SIZE=128, SPARSE_Q_BLOCK_SIZE=128, V_HEAD_DIM=128, V_HEAD_DIM_ROUNDED=128, WRITE_DQ=True, num_stages=3, num_warps=8
  triton_flex_attention_backward_1620 15.8116 ms 89.8% BLOCKS_ARE_CONTIGUOUS=False, BLOCK_M1=32, BLOCK_M2=32, BLOCK_N1=32, BLOCK_N2=32, FLOAT32_PRECISION="'tf32'", GQA_SHARED_HEADS=1, HAS_FULL_BLOCKS=True, IS_DIVISIBLE=True, OUTPUT_LOGSUMEXP=True, OUTPUT_MAX=False, PRESCALE_QK=False, QK_HEAD_DIM=128, QK_HEAD_DIM_ROUNDED=128, ROWS_GUARANTEED_SAFE=False, SAFE_HEAD_DIM=True, SM_SCALE=0.08838834764831843, SPARSE_KV_BLOCK_SIZE=128, SPARSE_Q_BLOCK_SIZE=128, V_HEAD_DIM=128, V_HEAD_DIM_ROUNDED=128, WRITE_DQ=True, num_stages=3, num_warps=4
  triton_flex_attention_backward_1628 16.2816 ms 87.2% BLOCKS_ARE_CONTIGUOUS=False, BLOCK_M1=32, BLOCK_M2=128, BLOCK_N1=128, BLOCK_N2=32, FLOAT32_PRECISION="'tf32'", GQA_SHARED_HEADS=1, HAS_FULL_BLOCKS=True, IS_DIVISIBLE=True, OUTPUT_LOGSUMEXP=True, OUTPUT_MAX=False, PRESCALE_QK=False, QK_HEAD_DIM=128, QK_HEAD_DIM_ROUNDED=128, ROWS_GUARANTEED_SAFE=False, SAFE_HEAD_DIM=True, SM_SCALE=0.08838834764831843, SPARSE_KV_BLOCK_SIZE=128, SPARSE_Q_BLOCK_SIZE=128, V_HEAD_DIM=128, V_HEAD_DIM_ROUNDED=128, WRITE_DQ=True, num_stages=1, num_warps=8
  triton_flex_attention_backward_1619 16.5632 ms 85.7% BLOCKS_ARE_CONTIGUOUS=False, BLOCK_M1=32, BLOCK_M2=32, BLOCK_N1=32, BLOCK_N2=32, FLOAT32_PRECISION="'tf32'", GQA_SHARED_HEADS=1, HAS_FULL_BLOCKS=True, IS_DIVISIBLE=True, OUTPUT_LOGSUMEXP=True, OUTPUT_MAX=False, PRESCALE_QK=False, QK_HEAD_DIM=128, QK_HEAD_DIM_ROUNDED=128, ROWS_GUARANTEED_SAFE=False, SAFE_HEAD_DIM=True, SM_SCALE=0.08838834764831843, SPARSE_KV_BLOCK_SIZE=128, SPARSE_Q_BLOCK_SIZE=128, V_HEAD_DIM=128, V_HEAD_DIM_ROUNDED=128, WRITE_DQ=True, num_stages=1, num_warps=4
  triton_flex_attention_backward_1624 16.7363 ms 84.8% BLOCKS_ARE_CONTIGUOUS=False, BLOCK_M1=32, BLOCK_M2=64, BLOCK_N1=64, BLOCK_N2=32, FLOAT32_PRECISION="'tf32'", GQA_SHARED_HEADS=1, HAS_FULL_BLOCKS=True, IS_DIVISIBLE=True, OUTPUT_LOGSUMEXP=True, OUTPUT_MAX=False, PRESCALE_QK=False, QK_HEAD_DIM=128, QK_HEAD_DIM_ROUNDED=128, ROWS_GUARANTEED_SAFE=False, SAFE_HEAD_DIM=True, SM_SCALE=0.08838834764831843, SPARSE_KV_BLOCK_SIZE=128, SPARSE_Q_BLOCK_SIZE=128, V_HEAD_DIM=128, V_HEAD_DIM_ROUNDED=128, WRITE_DQ=True, num_stages=3, num_warps=4
  triton_flex_attention_backward_1626 16.7629 ms 84.7% BLOCKS_ARE_CONTIGUOUS=False, BLOCK_M1=32, BLOCK_M2=64, BLOCK_N1=64, BLOCK_N2=32, FLOAT32_PRECISION="'tf32'", GQA_SHARED_HEADS=1, HAS_FULL_BLOCKS=True, IS_DIVISIBLE=True, OUTPUT_LOGSUMEXP=True, OUTPUT_MAX=False, PRESCALE_QK=False, QK_HEAD_DIM=128, QK_HEAD_DIM_ROUNDED=128, ROWS_GUARANTEED_SAFE=False, SAFE_HEAD_DIM=True, SM_SCALE=0.08838834764831843, SPARSE_KV_BLOCK_SIZE=128, SPARSE_Q_BLOCK_SIZE=128, V_HEAD_DIM=128, V_HEAD_DIM_ROUNDED=128, WRITE_DQ=True, num_stages=5, num_warps=4
  triton_flex_attention_backward_1625 16.7711 ms 84.6% BLOCKS_ARE_CONTIGUOUS=False, BLOCK_M1=32, BLOCK_M2=64, BLOCK_N1=64, BLOCK_N2=32, FLOAT32_PRECISION="'tf32'", GQA_SHARED_HEADS=1, HAS_FULL_BLOCKS=True, IS_DIVISIBLE=True, OUTPUT_LOGSUMEXP=True, OUTPUT_MAX=False, PRESCALE_QK=False, QK_HEAD_DIM=128, QK_HEAD_DIM_ROUNDED=128, ROWS_GUARANTEED_SAFE=False, SAFE_HEAD_DIM=True, SM_SCALE=0.08838834764831843, SPARSE_KV_BLOCK_SIZE=128, SPARSE_Q_BLOCK_SIZE=128, V_HEAD_DIM=128, V_HEAD_DIM_ROUNDED=128, WRITE_DQ=True, num_stages=4, num_warps=4
  triton_flex_attention_backward_1636 18.8938 ms 75.1% BLOCKS_ARE_CONTIGUOUS=False, BLOCK_M1=64, BLOCK_M2=64, BLOCK_N1=64, BLOCK_N2=64, FLOAT32_PRECISION="'tf32'", GQA_SHARED_HEADS=1, HAS_FULL_BLOCKS=True, IS_DIVISIBLE=True, OUTPUT_LOGSUMEXP=True, OUTPUT_MAX=False, PRESCALE_QK=False, QK_HEAD_DIM=128, QK_HEAD_DIM_ROUNDED=128, ROWS_GUARANTEED_SAFE=False, SAFE_HEAD_DIM=True, SM_SCALE=0.08838834764831843, SPARSE_KV_BLOCK_SIZE=128, SPARSE_Q_BLOCK_SIZE=128, V_HEAD_DIM=128, V_HEAD_DIM_ROUNDED=128, WRITE_DQ=True, num_stages=3, num_warps=4
SingleProcess AUTOTUNE benchmarking takes 3.4290 seconds and 3.0598 seconds precompiling for 29 choices
Autotune Choices Stats:
{"num_choices": 16, "num_triton_choices": 15, "best_kernel": "triton_mm_967", "best_kernel_desc": "ACC_TYPE='tl.float32', ALLOW_TF32=True, BLOCK_K=32, BLOCK_M=128, BLOCK_N=128, EVEN_K=True, GROUP_M=8, USE_FAST_ACCUM=False, num_stages=3, num_warps=4", "best_time": 0.7782080173492432, "best_triton_pos": 0}
AUTOTUNE mm(131072x512, 512x2048)
strides: [512, 1], [2048, 1]
dtypes: torch.bfloat16, torch.bfloat16
  triton_mm_967 0.7782 ms 100.0% ACC_TYPE='tl.float32', ALLOW_TF32=True, BLOCK_K=32, BLOCK_M=128, BLOCK_N=128, EVEN_K=True, GROUP_M=8, USE_FAST_ACCUM=False, num_stages=3, num_warps=4
  triton_mm_961 0.8462 ms 92.0% ACC_TYPE='tl.float32', ALLOW_TF32=True, BLOCK_K=32, BLOCK_M=64, BLOCK_N=128, EVEN_K=True, GROUP_M=8, USE_FAST_ACCUM=False, num_stages=3, num_warps=4
  triton_mm_964 0.8540 ms 91.1% ACC_TYPE='tl.float32', ALLOW_TF32=True, BLOCK_K=32, BLOCK_M=128, BLOCK_N=64, EVEN_K=True, GROUP_M=8, USE_FAST_ACCUM=False, num_stages=3, num_warps=4
  mm 0.8540 ms 91.1% 
  triton_mm_965 0.8745 ms 89.0% ACC_TYPE='tl.float32', ALLOW_TF32=True, BLOCK_K=32, BLOCK_M=128, BLOCK_N=64, EVEN_K=True, GROUP_M=8, USE_FAST_ACCUM=False, num_stages=4, num_warps=8
  triton_mm_962 0.8805 ms 88.4% ACC_TYPE='tl.float32', ALLOW_TF32=True, BLOCK_K=32, BLOCK_M=64, BLOCK_N=128, EVEN_K=True, GROUP_M=8, USE_FAST_ACCUM=False, num_stages=4, num_warps=8
  triton_mm_963 0.9196 ms 84.6% ACC_TYPE='tl.float32', ALLOW_TF32=True, BLOCK_K=64, BLOCK_M=64, BLOCK_N=128, EVEN_K=True, GROUP_M=8, USE_FAST_ACCUM=False, num_stages=3, num_warps=4
  triton_mm_968 0.9226 ms 84.3% ACC_TYPE='tl.float32', ALLOW_TF32=True, BLOCK_K=64, BLOCK_M=128, BLOCK_N=128, EVEN_K=True, GROUP_M=8, USE_FAST_ACCUM=False, num_stages=3, num_warps=4
  triton_mm_966 0.9267 ms 84.0% ACC_TYPE='tl.float32', ALLOW_TF32=True, BLOCK_K=32, BLOCK_M=128, BLOCK_N=128, EVEN_K=True, GROUP_M=8, USE_FAST_ACCUM=False, num_stages=2, num_warps=8
  triton_mm_959 1.0946 ms 71.1% ACC_TYPE='tl.float32', ALLOW_TF32=True, BLOCK_K=32, BLOCK_M=64, BLOCK_N=64, EVEN_K=True, GROUP_M=8, USE_FAST_ACCUM=False, num_stages=2, num_warps=4
SingleProcess AUTOTUNE benchmarking takes 0.7226 seconds and 0.0002 seconds precompiling for 16 choices
Autotune Choices Stats:
{"num_choices": 16, "num_triton_choices": 15, "best_kernel": "mm", "best_time": 2.880511999130249, "best_triton_pos": 1, "best_triton_time": 3.3996798992156982, "best_triton_kernel": "triton_mm_919", "best_triton_kernel_desc": "ACC_TYPE='tl.float32', ALLOW_TF32=True, BLOCK_K=32, BLOCK_M=128, BLOCK_N=64, EVEN_K=True, GROUP_M=8, USE_FAST_ACCUM=False, num_stages=3, num_warps=4"}
AUTOTUNE mm(8192x131072, 131072x512)
strides: [1, 8192], [512, 1]
dtypes: torch.bfloat16, torch.bfloat16
  mm 2.8805 ms 100.0% 
  triton_mm_919 3.3997 ms 84.7% ACC_TYPE='tl.float32', ALLOW_TF32=True, BLOCK_K=32, BLOCK_M=128, BLOCK_N=64, EVEN_K=True, GROUP_M=8, USE_FAST_ACCUM=False, num_stages=3, num_warps=4
  triton_mm_916 3.4038 ms 84.6% ACC_TYPE='tl.float32', ALLOW_TF32=True, BLOCK_K=32, BLOCK_M=64, BLOCK_N=128, EVEN_K=True, GROUP_M=8, USE_FAST_ACCUM=False, num_stages=3, num_warps=4
  triton_mm_918 3.5932 ms 80.2% ACC_TYPE='tl.float32', ALLOW_TF32=True, BLOCK_K=64, BLOCK_M=64, BLOCK_N=128, EVEN_K=True, GROUP_M=8, USE_FAST_ACCUM=False, num_stages=3, num_warps=4
  triton_mm_917 3.7212 ms 77.4% ACC_TYPE='tl.float32', ALLOW_TF32=True, BLOCK_K=32, BLOCK_M=64, BLOCK_N=128, EVEN_K=True, GROUP_M=8, USE_FAST_ACCUM=False, num_stages=4, num_warps=8
  triton_mm_920 3.7437 ms 76.9% ACC_TYPE='tl.float32', ALLOW_TF32=True, BLOCK_K=32, BLOCK_M=128, BLOCK_N=64, EVEN_K=True, GROUP_M=8, USE_FAST_ACCUM=False, num_stages=4, num_warps=8
  triton_mm_922 3.8973 ms 73.9% ACC_TYPE='tl.float32', ALLOW_TF32=True, BLOCK_K=32, BLOCK_M=128, BLOCK_N=128, EVEN_K=True, GROUP_M=8, USE_FAST_ACCUM=False, num_stages=3, num_warps=4
  triton_mm_923 4.1308 ms 69.7% ACC_TYPE='tl.float32', ALLOW_TF32=True, BLOCK_K=64, BLOCK_M=128, BLOCK_N=128, EVEN_K=True, GROUP_M=8, USE_FAST_ACCUM=False, num_stages=3, num_warps=4
  triton_mm_921 4.3704 ms 65.9% ACC_TYPE='tl.float32', ALLOW_TF32=True, BLOCK_K=32, BLOCK_M=128, BLOCK_N=128, EVEN_K=True, GROUP_M=8, USE_FAST_ACCUM=False, num_stages=2, num_warps=8
  triton_mm_915 4.4564 ms 64.6% ACC_TYPE='tl.float32', ALLOW_TF32=True, BLOCK_K=64, BLOCK_M=64, BLOCK_N=64, EVEN_K=True, GROUP_M=8, USE_FAST_ACCUM=False, num_stages=3, num_warps=8
SingleProcess AUTOTUNE benchmarking takes 1.0334 seconds and 0.0001 seconds precompiling for 16 choices
Autotune Choices Stats:
{"num_choices": 22, "num_triton_choices": 15, "best_kernel": "mm", "best_time": 0.8540160059928894, "best_triton_pos": 6, "best_triton_time": 1.2093759775161743, "best_triton_kernel": "triton_mm_948", "best_triton_kernel_desc": "ACC_TYPE='tl.float32', ALLOW_TF32=True, BLOCK_K=64, BLOCK_M=64, BLOCK_N=128, EVEN_K=True, GROUP_M=8, USE_FAST_ACCUM=False, num_stages=3, num_warps=4"}
AUTOTUNE mm(512x131072, 131072x2048)
strides: [1, 512], [2048, 1]
dtypes: torch.bfloat16, torch.bfloat16
  mm 0.8540 ms 100.0% 
  decompose_k_mm_2_split_0 0.9308 ms 91.7% k_split=2
  decompose_k_mm_4_split_1 1.0342 ms 82.6% k_split=4
  decompose_k_mm_8_split_2 1.1069 ms 77.2% k_split=8
  decompose_k_mm_16_split_3 1.1274 ms 75.8% k_split=16
  decompose_k_mm_32_split_4 1.1735 ms 72.8% k_split=32
  triton_mm_948 1.2094 ms 70.6% ACC_TYPE='tl.float32', ALLOW_TF32=True, BLOCK_K=64, BLOCK_M=64, BLOCK_N=128, EVEN_K=True, GROUP_M=8, USE_FAST_ACCUM=False, num_stages=3, num_warps=4
  decompose_k_mm_64_split_5 1.2974 ms 65.8% k_split=64
  triton_mm_947 1.3013 ms 65.6% ACC_TYPE='tl.float32', ALLOW_TF32=True, BLOCK_K=32, BLOCK_M=64, BLOCK_N=128, EVEN_K=True, GROUP_M=8, USE_FAST_ACCUM=False, num_stages=4, num_warps=8
  triton_mm_950 1.3138 ms 65.0% ACC_TYPE='tl.float32', ALLOW_TF32=True, BLOCK_K=32, BLOCK_M=128, BLOCK_N=64, EVEN_K=True, GROUP_M=8, USE_FAST_ACCUM=False, num_stages=4, num_warps=8
SingleProcess AUTOTUNE benchmarking takes 5.6604 seconds and 0.0001 seconds precompiling for 22 choices
Autotune Choices Stats:
{"num_choices": 22, "num_triton_choices": 15, "best_kernel": "mm", "best_time": 0.855679988861084, "best_triton_pos": 6, "best_triton_time": 1.2175040245056152, "best_triton_kernel": "triton_mm_978", "best_triton_kernel_desc": "ACC_TYPE='tl.float32', ALLOW_TF32=True, BLOCK_K=64, BLOCK_M=64, BLOCK_N=128, EVEN_K=True, GROUP_M=8, USE_FAST_ACCUM=False, num_stages=3, num_warps=4"}
AUTOTUNE mm(2048x131072, 131072x512)
strides: [1, 2048], [512, 1]
dtypes: torch.bfloat16, torch.bfloat16
  mm 0.8557 ms 100.0% 
  decompose_k_mm_2_split_6 0.9339 ms 91.6% k_split=2
  decompose_k_mm_4_split_7 1.0373 ms 82.5% k_split=4
  decompose_k_mm_8_split_8 1.1109 ms 77.0% k_split=8
  decompose_k_mm_16_split_9 1.1263 ms 76.0% k_split=16
  decompose_k_mm_32_split_10 1.1745 ms 72.9% k_split=32
  triton_mm_978 1.2175 ms 70.3% ACC_TYPE='tl.float32', ALLOW_TF32=True, BLOCK_K=64, BLOCK_M=64, BLOCK_N=128, EVEN_K=True, GROUP_M=8, USE_FAST_ACCUM=False, num_stages=3, num_warps=4
  decompose_k_mm_64_split_11 1.2964 ms 66.0% k_split=64
  triton_mm_977 1.3056 ms 65.5% ACC_TYPE='tl.float32', ALLOW_TF32=True, BLOCK_K=32, BLOCK_M=64, BLOCK_N=128, EVEN_K=True, GROUP_M=8, USE_FAST_ACCUM=False, num_stages=4, num_warps=8
  triton_mm_980 1.3158 ms 65.0% ACC_TYPE='tl.float32', ALLOW_TF32=True, BLOCK_K=32, BLOCK_M=128, BLOCK_N=64, EVEN_K=True, GROUP_M=8, USE_FAST_ACCUM=False, num_stages=4, num_warps=8
SingleProcess AUTOTUNE benchmarking takes 2.4758 seconds and 0.0002 seconds precompiling for 22 choices
Autotune Choices Stats:
{"num_choices": 24, "num_triton_choices": 15, "best_kernel": "mm", "best_time": 0.278656005859375, "best_triton_pos": 6, "best_triton_time": 0.6573759913444519, "best_triton_kernel": "triton_mm_1002", "best_triton_kernel_desc": "ACC_TYPE='tl.float32', ALLOW_TF32=True, BLOCK_K=32, BLOCK_M=64, BLOCK_N=32, EVEN_K=True, GROUP_M=8, USE_FAST_ACCUM=False, num_stages=5, num_warps=8"}
AUTOTUNE mm(512x131072, 131072x512)
strides: [1, 512], [512, 1]
dtypes: torch.bfloat16, torch.bfloat16
  mm 0.2787 ms 100.0% 
  decompose_k_mm_8_split_14 0.2877 ms 96.8% k_split=8
  decompose_k_mm_32_split_16 0.3461 ms 80.5% k_split=32
  decompose_k_mm_64_split_17 0.3625 ms 76.9% k_split=64
  decompose_k_mm_128_split_18 0.4055 ms 68.7% k_split=128
  decompose_k_mm_4_split_13 0.4701 ms 59.3% k_split=4
  triton_mm_1002 0.6574 ms 42.4% ACC_TYPE='tl.float32', ALLOW_TF32=True, BLOCK_K=32, BLOCK_M=64, BLOCK_N=32, EVEN_K=True, GROUP_M=8, USE_FAST_ACCUM=False, num_stages=5, num_warps=8
  triton_mm_1001 0.6717 ms 41.5% ACC_TYPE='tl.float32', ALLOW_TF32=True, BLOCK_K=32, BLOCK_M=32, BLOCK_N=64, EVEN_K=True, GROUP_M=8, USE_FAST_ACCUM=False, num_stages=5, num_warps=8
  triton_mm_1000 0.8680 ms 32.1% ACC_TYPE='tl.float32', ALLOW_TF32=True, BLOCK_K=128, BLOCK_M=32, BLOCK_N=32, EVEN_K=True, GROUP_M=8, USE_FAST_ACCUM=False, num_stages=2, num_warps=4
  triton_mm_1005 0.8929 ms 31.2% ACC_TYPE='tl.float32', ALLOW_TF32=True, BLOCK_K=64, BLOCK_M=64, BLOCK_N=64, EVEN_K=True, GROUP_M=8, USE_FAST_ACCUM=False, num_stages=3, num_warps=8
SingleProcess AUTOTUNE benchmarking takes 5.8658 seconds and 0.0001 seconds precompiling for 24 choices
Autotune Choices Stats:
{"num_choices": 22, "num_triton_choices": 11, "best_kernel": "decompose_k_mm_1024_split_29", "best_kernel_desc": "k_split=1024", "best_time": 0.02687999978661537, "best_triton_pos": 9, "best_triton_time": 0.25596800446510315, "best_triton_kernel": "triton_mm_1032", "best_triton_kernel_desc": "ACC_TYPE='tl.float32', ALLOW_TF32=True, BLOCK_K=128, BLOCK_M=16, BLOCK_N=32, EVEN_K=True, GROUP_M=8, USE_FAST_ACCUM=False, num_stages=5, num_warps=2"}
AUTOTUNE mm(4x131072, 131072x32)
strides: [1, 4], [512, 1]
dtypes: torch.bfloat16, torch.bfloat16
  decompose_k_mm_1024_split_29 0.0269 ms 100.0% k_split=1024
  decompose_k_mm_256_split_27 0.0283 ms 95.1% k_split=256
  decompose_k_mm_512_split_28 0.0283 ms 95.1% k_split=512
  decompose_k_mm_128_split_26 0.0347 ms 77.5% k_split=128
  mm 0.0368 ms 73.0% 
  decompose_k_mm_64_split_25 0.0388 ms 69.3% k_split=64
  decompose_k_mm_32_split_24 0.0552 ms 48.7% k_split=32
  decompose_k_mm_16_split_23 0.0940 ms 28.6% k_split=16
  decompose_k_mm_8_split_22 0.1720 ms 15.6% k_split=8
  triton_mm_1032 0.2560 ms 10.5% ACC_TYPE='tl.float32', ALLOW_TF32=True, BLOCK_K=128, BLOCK_M=16, BLOCK_N=32, EVEN_K=True, GROUP_M=8, USE_FAST_ACCUM=False, num_stages=5, num_warps=2
SingleProcess AUTOTUNE benchmarking takes 5.3607 seconds and 0.0001 seconds precompiling for 22 choices
Autotune Choices Stats:
{"num_choices": 16, "num_triton_choices": 15, "best_kernel": "mm", "best_time": 2.647007942199707, "best_triton_pos": 1, "best_triton_time": 2.7904000282287598, "best_triton_kernel": "triton_mm_937", "best_triton_kernel_desc": "ACC_TYPE='tl.float32', ALLOW_TF32=True, BLOCK_K=32, BLOCK_M=128, BLOCK_N=128, EVEN_K=True, GROUP_M=8, USE_FAST_ACCUM=False, num_stages=3, num_warps=4"}
AUTOTUNE mm(131072x8192, 8192x512)
strides: [8192, 1], [512, 1]
dtypes: torch.bfloat16, torch.bfloat16
  mm 2.6470 ms 100.0% 
  triton_mm_937 2.7904 ms 94.9% ACC_TYPE='tl.float32', ALLOW_TF32=True, BLOCK_K=32, BLOCK_M=128, BLOCK_N=128, EVEN_K=True, GROUP_M=8, USE_FAST_ACCUM=False, num_stages=3, num_warps=4
  triton_mm_938 2.9635 ms 89.3% ACC_TYPE='tl.float32', ALLOW_TF32=True, BLOCK_K=64, BLOCK_M=128, BLOCK_N=128, EVEN_K=True, GROUP_M=8, USE_FAST_ACCUM=False, num_stages=3, num_warps=4
  triton_mm_936 3.0484 ms 86.8% ACC_TYPE='tl.float32', ALLOW_TF32=True, BLOCK_K=32, BLOCK_M=128, BLOCK_N=128, EVEN_K=True, GROUP_M=8, USE_FAST_ACCUM=False, num_stages=2, num_warps=8
  triton_mm_931 3.3393 ms 79.3% ACC_TYPE='tl.float32', ALLOW_TF32=True, BLOCK_K=32, BLOCK_M=64, BLOCK_N=128, EVEN_K=True, GROUP_M=8, USE_FAST_ACCUM=False, num_stages=3, num_warps=4
  triton_mm_933 3.3679 ms 78.6% ACC_TYPE='tl.float32', ALLOW_TF32=True, BLOCK_K=64, BLOCK_M=64, BLOCK_N=128, EVEN_K=True, GROUP_M=8, USE_FAST_ACCUM=False, num_stages=3, num_warps=4
  triton_mm_934 3.3966 ms 77.9% ACC_TYPE='tl.float32', ALLOW_TF32=True, BLOCK_K=32, BLOCK_M=128, BLOCK_N=64, EVEN_K=True, GROUP_M=8, USE_FAST_ACCUM=False, num_stages=3, num_warps=4
  triton_mm_932 3.4232 ms 77.3% ACC_TYPE='tl.float32', ALLOW_TF32=True, BLOCK_K=32, BLOCK_M=64, BLOCK_N=128, EVEN_K=True, GROUP_M=8, USE_FAST_ACCUM=False, num_stages=4, num_warps=8
  triton_mm_935 3.4652 ms 76.4% ACC_TYPE='tl.float32', ALLOW_TF32=True, BLOCK_K=32, BLOCK_M=128, BLOCK_N=64, EVEN_K=True, GROUP_M=8, USE_FAST_ACCUM=False, num_stages=4, num_warps=8
  triton_mm_930 4.2435 ms 62.4% ACC_TYPE='tl.float32', ALLOW_TF32=True, BLOCK_K=64, BLOCK_M=64, BLOCK_N=64, EVEN_K=True, GROUP_M=8, USE_FAST_ACCUM=False, num_stages=3, num_warps=8
SingleProcess AUTOTUNE benchmarking takes 0.9907 seconds and 0.0001 seconds precompiling for 16 choices
Autotune Choices Stats:
{"num_choices": 16, "num_triton_choices": 15, "best_kernel": "mm", "best_time": 0.704479992389679, "best_triton_pos": 1, "best_triton_time": 0.7331839799880981, "best_triton_kernel": "triton_mm_997", "best_triton_kernel_desc": "ACC_TYPE='tl.float32', ALLOW_TF32=True, BLOCK_K=32, BLOCK_M=128, BLOCK_N=128, EVEN_K=True, GROUP_M=8, USE_FAST_ACCUM=False, num_stages=3, num_warps=4"}
AUTOTUNE mm(131072x2048, 2048x512)
strides: [2048, 1], [512, 1]
dtypes: torch.bfloat16, torch.bfloat16
  mm 0.7045 ms 100.0% 
  triton_mm_997 0.7332 ms 96.1% ACC_TYPE='tl.float32', ALLOW_TF32=True, BLOCK_K=32, BLOCK_M=128, BLOCK_N=128, EVEN_K=True, GROUP_M=8, USE_FAST_ACCUM=False, num_stages=3, num_warps=4
  triton_mm_998 0.7967 ms 88.4% ACC_TYPE='tl.float32', ALLOW_TF32=True, BLOCK_K=64, BLOCK_M=128, BLOCK_N=128, EVEN_K=True, GROUP_M=8, USE_FAST_ACCUM=False, num_stages=3, num_warps=4
  triton_mm_996 0.8038 ms 87.6% ACC_TYPE='tl.float32', ALLOW_TF32=True, BLOCK_K=32, BLOCK_M=128, BLOCK_N=128, EVEN_K=True, GROUP_M=8, USE_FAST_ACCUM=False, num_stages=2, num_warps=8
  triton_mm_991 0.8561 ms 82.3% ACC_TYPE='tl.float32', ALLOW_TF32=True, BLOCK_K=32, BLOCK_M=64, BLOCK_N=128, EVEN_K=True, GROUP_M=8, USE_FAST_ACCUM=False, num_stages=3, num_warps=4
  triton_mm_993 0.8602 ms 81.9% ACC_TYPE='tl.float32', ALLOW_TF32=True, BLOCK_K=64, BLOCK_M=64, BLOCK_N=128, EVEN_K=True, GROUP_M=8, USE_FAST_ACCUM=False, num_stages=3, num_warps=4
  triton_mm_994 0.8704 ms 80.9% ACC_TYPE='tl.float32', ALLOW_TF32=True, BLOCK_K=32, BLOCK_M=128, BLOCK_N=64, EVEN_K=True, GROUP_M=8, USE_FAST_ACCUM=False, num_stages=3, num_warps=4
  triton_mm_992 0.8735 ms 80.7% ACC_TYPE='tl.float32', ALLOW_TF32=True, BLOCK_K=32, BLOCK_M=64, BLOCK_N=128, EVEN_K=True, GROUP_M=8, USE_FAST_ACCUM=False, num_stages=4, num_warps=8
  triton_mm_995 0.8867 ms 79.4% ACC_TYPE='tl.float32', ALLOW_TF32=True, BLOCK_K=32, BLOCK_M=128, BLOCK_N=64, EVEN_K=True, GROUP_M=8, USE_FAST_ACCUM=False, num_stages=4, num_warps=8
  triton_mm_990 1.0913 ms 64.6% ACC_TYPE='tl.float32', ALLOW_TF32=True, BLOCK_K=64, BLOCK_M=64, BLOCK_N=64, EVEN_K=True, GROUP_M=8, USE_FAST_ACCUM=False, num_stages=3, num_warps=8
SingleProcess AUTOTUNE benchmarking takes 0.7042 seconds and 0.0001 seconds precompiling for 16 choices
Autotune Choices Stats:
{"num_choices": 16, "num_triton_choices": 15, "best_kernel": "triton_mm_1027", "best_kernel_desc": "ACC_TYPE='tl.float32', ALLOW_TF32=True, BLOCK_K=32, BLOCK_M=128, BLOCK_N=128, EVEN_K=True, GROUP_M=8, USE_FAST_ACCUM=False, num_stages=3, num_warps=4", "best_time": 0.23343999683856964, "best_triton_pos": 0}
AUTOTUNE mm(131072x512, 512x512)
strides: [512, 1], [512, 1]
dtypes: torch.bfloat16, torch.bfloat16
  triton_mm_1027 0.2334 ms 100.0% ACC_TYPE='tl.float32', ALLOW_TF32=True, BLOCK_K=32, BLOCK_M=128, BLOCK_N=128, EVEN_K=True, GROUP_M=8, USE_FAST_ACCUM=False, num_stages=3, num_warps=4
  mm 0.2365 ms 98.7% 
  triton_mm_1021 0.2437 ms 95.8% ACC_TYPE='tl.float32', ALLOW_TF32=True, BLOCK_K=32, BLOCK_M=64, BLOCK_N=128, EVEN_K=True, GROUP_M=8, USE_FAST_ACCUM=False, num_stages=3, num_warps=4
  triton_mm_1024 0.2498 ms 93.4% ACC_TYPE='tl.float32', ALLOW_TF32=True, BLOCK_K=32, BLOCK_M=128, BLOCK_N=64, EVEN_K=True, GROUP_M=8, USE_FAST_ACCUM=False, num_stages=3, num_warps=4
  triton_mm_1022 0.2519 ms 92.7% ACC_TYPE='tl.float32', ALLOW_TF32=True, BLOCK_K=32, BLOCK_M=64, BLOCK_N=128, EVEN_K=True, GROUP_M=8, USE_FAST_ACCUM=False, num_stages=4, num_warps=8
  triton_mm_1023 0.2538 ms 92.0% ACC_TYPE='tl.float32', ALLOW_TF32=True, BLOCK_K=64, BLOCK_M=64, BLOCK_N=128, EVEN_K=True, GROUP_M=8, USE_FAST_ACCUM=False, num_stages=3, num_warps=4
  triton_mm_1025 0.2538 ms 92.0% ACC_TYPE='tl.float32', ALLOW_TF32=True, BLOCK_K=32, BLOCK_M=128, BLOCK_N=64, EVEN_K=True, GROUP_M=8, USE_FAST_ACCUM=False, num_stages=4, num_warps=8
  triton_mm_1028 0.2601 ms 89.8% ACC_TYPE='tl.float32', ALLOW_TF32=True, BLOCK_K=64, BLOCK_M=128, BLOCK_N=128, EVEN_K=True, GROUP_M=8, USE_FAST_ACCUM=False, num_stages=3, num_warps=4
  triton_mm_1026 0.2744 ms 85.1% ACC_TYPE='tl.float32', ALLOW_TF32=True, BLOCK_K=32, BLOCK_M=128, BLOCK_N=128, EVEN_K=True, GROUP_M=8, USE_FAST_ACCUM=False, num_stages=2, num_warps=8
  triton_mm_1020 0.2990 ms 78.1% ACC_TYPE='tl.float32', ALLOW_TF32=True, BLOCK_K=64, BLOCK_M=64, BLOCK_N=64, EVEN_K=True, GROUP_M=8, USE_FAST_ACCUM=False, num_stages=3, num_warps=8
SingleProcess AUTOTUNE benchmarking takes 0.6928 seconds and 0.0001 seconds precompiling for 16 choices
Autotune Choices Stats:
{"num_choices": 15, "num_triton_choices": 14, "best_kernel": "triton_mm_1051", "best_kernel_desc": "ACC_TYPE='tl.float32', ALLOW_TF32=True, BLOCK_K=16, BLOCK_M=128, BLOCK_N=32, EVEN_K=False, GROUP_M=8, USE_FAST_ACCUM=False, num_stages=4, num_warps=8", "best_time": 0.006144000217318535, "best_triton_pos": 0}
AUTOTUNE mm(131072x4, 4x32)
strides: [4, 1], [32, 1]
dtypes: torch.bfloat16, torch.bfloat16
  triton_mm_1051 0.0061 ms 100.0% ACC_TYPE='tl.float32', ALLOW_TF32=True, BLOCK_K=16, BLOCK_M=128, BLOCK_N=32, EVEN_K=False, GROUP_M=8, USE_FAST_ACCUM=False, num_stages=4, num_warps=8
  triton_mm_1047 0.0077 ms 79.3% ACC_TYPE='tl.float32', ALLOW_TF32=True, BLOCK_K=16, BLOCK_M=64, BLOCK_N=32, EVEN_K=False, GROUP_M=8, USE_FAST_ACCUM=False, num_stages=3, num_warps=4
  triton_mm_1052 0.0077 ms 79.3% ACC_TYPE='tl.float32', ALLOW_TF32=True, BLOCK_K=16, BLOCK_M=128, BLOCK_N=32, EVEN_K=False, GROUP_M=8, USE_FAST_ACCUM=False, num_stages=2, num_warps=8
  triton_mm_1053 0.0077 ms 79.3% ACC_TYPE='tl.float32', ALLOW_TF32=True, BLOCK_K=16, BLOCK_M=128, BLOCK_N=32, EVEN_K=False, GROUP_M=8, USE_FAST_ACCUM=False, num_stages=5, num_warps=8
  triton_mm_1045 0.0081 ms 75.9% ACC_TYPE='tl.float32', ALLOW_TF32=True, BLOCK_K=16, BLOCK_M=64, BLOCK_N=32, EVEN_K=False, GROUP_M=8, USE_FAST_ACCUM=False, num_stages=2, num_warps=4
  triton_mm_1040 0.0082 ms 75.3% ACC_TYPE='tl.float32', ALLOW_TF32=True, BLOCK_K=16, BLOCK_M=32, BLOCK_N=32, EVEN_K=False, GROUP_M=8, USE_FAST_ACCUM=False, num_stages=1, num_warps=2
  triton_mm_1049 0.0082 ms 75.3% ACC_TYPE='tl.float32', ALLOW_TF32=True, BLOCK_K=16, BLOCK_M=64, BLOCK_N=32, EVEN_K=False, GROUP_M=8, USE_FAST_ACCUM=False, num_stages=4, num_warps=4
  triton_mm_1042 0.0082 ms 75.0% ACC_TYPE='tl.float32', ALLOW_TF32=True, BLOCK_K=16, BLOCK_M=32, BLOCK_N=32, EVEN_K=False, GROUP_M=8, USE_FAST_ACCUM=False, num_stages=5, num_warps=4
  triton_mm_1044 0.0082 ms 75.0% ACC_TYPE='tl.float32', ALLOW_TF32=True, BLOCK_K=16, BLOCK_M=64, BLOCK_N=32, EVEN_K=False, GROUP_M=8, USE_FAST_ACCUM=False, num_stages=5, num_warps=4
  triton_mm_1046 0.0082 ms 75.0% ACC_TYPE='tl.float32', ALLOW_TF32=True, BLOCK_K=16, BLOCK_M=64, BLOCK_N=32, EVEN_K=False, GROUP_M=8, USE_FAST_ACCUM=False, num_stages=3, num_warps=8
SingleProcess AUTOTUNE benchmarking takes 0.3105 seconds and 0.0001 seconds precompiling for 15 choices
Vocab size: 8,192
Model config: {'sequence_len': 2048, 'vocab_size': 8192, 'n_layer': 9, 'n_head': 4, 'n_kv_head': 4, 'n_embd': 512, 'window_pattern': 'SSLL'}
Parameter counts:
  wte                     : 4,194,304
  value_embeds            : 20,971,520
  lm_head                 : 4,194,304
  transformer_matrices    : 28,312,192
  scalars                 : 18
  total                   : 57,672,338
Estimated FLOPs per token: 2.705364e+08
Scaling AdamW LRs by 1/sqrt(512/768) = 1.224745
Time budget: 300s
Gradient accumulation steps: 1

step 00000 (0.0%) | loss: 9.011469 | lrm: 1.00 | dt: 107165ms | tok/sec: 1,223 | mfu: 0.0% | epoch: 1 | remaining: 300s    
step 00001 (0.0%) | loss: 8.883512 | lrm: 1.00 | dt: 159ms | tok/sec: 823,552 | mfu: 22.5% | epoch: 1 | remaining: 300s    
step 00002 (0.0%) | loss: 8.548828 | lrm: 1.00 | dt: 158ms | tok/sec: 829,991 | mfu: 22.7% | epoch: 1 | remaining: 300s    
step 00003 (0.0%) | loss: 8.124079 | lrm: 1.00 | dt: 158ms | tok/sec: 829,853 | mfu: 22.7% | epoch: 1 | remaining: 300s    
step 00004 (0.0%) | loss: 7.750652 | lrm: 1.00 | dt: 158ms | tok/sec: 829,749 | mfu: 22.7% | epoch: 1 | remaining: 300s    
step 00005 (0.0%) | loss: 7.435167 | lrm: 1.00 | dt: 158ms | tok/sec: 827,571 | mfu: 22.6% | epoch: 1 | remaining: 300s    
step 00006 (0.0%) | loss: 7.186451 | lrm: 1.00 | dt: 158ms | tok/sec: 829,857 | mfu: 22.7% | epoch: 1 | remaining: 300s    
step 00007 (0.0%) | loss: 6.978880 | lrm: 1.00 | dt: 158ms | tok/sec: 830,194 | mfu: 22.7% | epoch: 1 | remaining: 300s    
step 00008 (0.0%) | loss: 6.804130 | lrm: 1.00 | dt: 158ms | tok/sec: 831,004 | mfu: 22.7% | epoch: 1 | remaining: 300s    
step 00009 (0.0%) | loss: 6.656586 | lrm: 1.00 | dt: 158ms | tok/sec: 831,132 | mfu: 22.7% | epoch: 1 | remaining: 300s    
step 00010 (0.0%) | loss: 6.528253 | lrm: 1.00 | dt: 158ms | tok/sec: 831,043 | mfu: 22.7% | epoch: 1 | remaining: 300s    
step 00011 (0.0%) | loss: 6.413724 | lrm: 1.00 | dt: 158ms | tok/sec: 830,853 | mfu: 22.7% | epoch: 1 | remaining: 300s    
step 00012 (0.1%) | loss: 6.318936 | lrm: 1.00 | dt: 158ms | tok/sec: 830,794 | mfu: 22.7% | epoch: 1 | remaining: 300s    
step 00013 (0.1%) | loss: 6.234917 | lrm: 1.00 | dt: 158ms | tok/sec: 830,715 | mfu: 22.7% | epoch: 1 | remaining: 300s    
step 00014 (0.2%) | loss: 6.157849 | lrm: 1.00 | dt: 158ms | tok/sec: 830,872 | mfu: 22.7% | epoch: 1 | remaining: 299s    
step 00015 (0.2%) | loss: 6.094060 | lrm: 1.00 | dt: 158ms | tok/sec: 830,724 | mfu: 22.7% | epoch: 1 | remaining: 299s    
step 00016 (0.3%) | loss: 6.037523 | lrm: 1.00 | dt: 158ms | tok/sec: 830,646 | mfu: 22.7% | epoch: 1 | remaining: 299s    
step 00017 (0.3%) | loss: 5.981699 | lrm: 1.00 | dt: 158ms | tok/sec: 830,786 | mfu: 22.7% | epoch: 1 | remaining: 299s    
step 00018 (0.4%) | loss: 5.932268 | lrm: 1.00 | dt: 158ms | tok/sec: 830,804 | mfu: 22.7% | epoch: 1 | remaining: 299s    
step 00019 (0.4%) | loss: 5.887476 | lrm: 1.00 | dt: 158ms | tok/sec: 830,545 | mfu: 22.7% | epoch: 1 | remaining: 299s    
step 00020 (0.5%) | loss: 5.849022 | lrm: 1.00 | dt: 158ms | tok/sec: 830,734 | mfu: 22.7% | epoch: 1 | remaining: 298s    
step 00021 (0.5%) | loss: 5.813025 | lrm: 1.00 | dt: 158ms | tok/sec: 830,814 | mfu: 22.7% | epoch: 1 | remaining: 298s    
step 00022 (0.6%) | loss: 5.777886 | lrm: 1.00 | dt: 158ms | tok/sec: 830,852 | mfu: 22.7% | epoch: 1 | remaining: 298s    
step 00023 (0.6%) | loss: 5.743984 | lrm: 1.00 | dt: 158ms | tok/sec: 830,479 | mfu: 22.7% | epoch: 1 | remaining: 298s    
step 00024 (0.7%) | loss: 5.713060 | lrm: 1.00 | dt: 158ms | tok/sec: 830,712 | mfu: 22.7% | epoch: 1 | remaining: 298s    
step 00025 (0.7%) | loss: 5.676175 | lrm: 1.00 | dt: 158ms | tok/sec: 830,891 | mfu: 22.7% | epoch: 1 | remaining: 298s    
step 00026 (0.8%) | loss: 5.646884 | lrm: 1.00 | dt: 158ms | tok/sec: 830,415 | mfu: 22.7% | epoch: 1 | remaining: 297s    
step 00027 (0.8%) | loss: 5.621639 | lrm: 1.00 | dt: 158ms | tok/sec: 830,789 | mfu: 22.7% | epoch: 1 | remaining: 297s    
step 00028 (0.9%) | loss: 5.597515 | lrm: 1.00 | dt: 158ms | tok/sec: 830,301 | mfu: 22.7% | epoch: 1 | remaining: 297s    
step 00029 (0.9%) | loss: 5.570533 | lrm: 1.00 | dt: 158ms | tok/sec: 830,835 | mfu: 22.7% | epoch: 1 | remaining: 297s    
step 00030 (1.0%) | loss: 5.545238 | lrm: 1.00 | dt: 158ms | tok/sec: 830,661 | mfu: 22.7% | epoch: 1 | remaining: 297s    
step 00031 (1.1%) | loss: 5.520086 | lrm: 1.00 | dt: 158ms | tok/sec: 830,513 | mfu: 22.7% | epoch: 1 | remaining: 297s    
step 00032 (1.1%) | loss: 5.493306 | lrm: 1.00 | dt: 158ms | tok/sec: 830,425 | mfu: 22.7% | epoch: 1 | remaining: 297s    
step 00033 (1.2%) | loss: 5.471077 | lrm: 1.00 | dt: 158ms | tok/sec: 830,819 | mfu: 22.7% | epoch: 1 | remaining: 296s    
step 00034 (1.2%) | loss: 5.444640 | lrm: 1.00 | dt: 158ms | tok/sec: 830,646 | mfu: 22.7% | epoch: 1 | remaining: 296s    
step 00035 (1.3%) | loss: 5.419240 | lrm: 1.00 | dt: 158ms | tok/sec: 830,937 | mfu: 22.7% | epoch: 1 | remaining: 296s    
step 00036 (1.3%) | loss: 5.397800 | lrm: 1.00 | dt: 158ms | tok/sec: 830,547 | mfu: 22.7% | epoch: 1 | remaining: 296s    
step 00037 (1.4%) | loss: 5.372288 | lrm: 1.00 | dt: 158ms | tok/sec: 830,558 | mfu: 22.7% | epoch: 1 | remaining: 296s    
step 00038 (1.4%) | loss: 5.349135 | lrm: 1.00 | dt: 158ms | tok/sec: 830,915 | mfu: 22.7% | epoch: 1 | remaining: 296s    
step 00039 (1.5%) | loss: 5.325406 | lrm: 1.00 | dt: 158ms | tok/sec: 830,783 | mfu: 22.7% | epoch: 1 | remaining: 295s    
step 00040 (1.5%) | loss: 5.301528 | lrm: 1.00 | dt: 158ms | tok/sec: 830,528 | mfu: 22.7% | epoch: 1 | remaining: 295s    
step 00041 (1.6%) | loss: 5.278629 | lrm: 1.00 | dt: 158ms | tok/sec: 830,928 | mfu: 22.7% | epoch: 1 | remaining: 295s    
step 00042 (1.6%) | loss: 5.257877 | lrm: 1.00 | dt: 158ms | tok/sec: 830,335 | mfu: 22.7% | epoch: 1 | remaining: 295s    
step 00043 (1.7%) | loss: 5.233247 | lrm: 1.00 | dt: 158ms | tok/sec: 830,557 | mfu: 22.7% | epoch: 1 | remaining: 295s    
step 00044 (1.7%) | loss: 5.211913 | lrm: 1.00 | dt: 158ms | tok/sec: 830,207 | mfu: 22.7% | epoch: 1 | remaining: 295s    
step 00045 (1.8%) | loss: 5.193394 | lrm: 1.00 | dt: 158ms | tok/sec: 829,812 | mfu: 22.7% | epoch: 1 | remaining: 294s    
step 00046 (1.8%) | loss: 5.174874 | lrm: 1.00 | dt: 158ms | tok/sec: 830,252 | mfu: 22.7% | epoch: 1 | remaining: 294s    
step 00047 (1.9%) | loss: 5.154233 | lrm: 1.00 | dt: 158ms | tok/sec: 830,518 | mfu: 22.7% | epoch: 1 | remaining: 294s    
step 00048 (1.9%) | loss: 5.134896 | lrm: 1.00 | dt: 158ms | tok/sec: 830,609 | mfu: 22.7% | epoch: 1 | remaining: 294s    
step 00049 (2.0%) | loss: 5.115969 | lrm: 1.00 | dt: 158ms | tok/sec: 830,454 | mfu: 22.7% | epoch: 1 | remaining: 294s    
step 00050 (2.1%) | loss: 5.095840 | lrm: 1.00 | dt: 158ms | tok/sec: 830,661 | mfu: 22.7% | epoch: 1 | remaining: 294s    
step 00051 (2.1%) | loss: 5.074181 | lrm: 1.00 | dt: 158ms | tok/sec: 830,441 | mfu: 22.7% | epoch: 1 | remaining: 294s    
step 00052 (2.2%) | loss: 5.050036 | lrm: 1.00 | dt: 158ms | tok/sec: 830,720 | mfu: 22.7% | epoch: 1 | remaining: 293s    
step 00053 (2.2%) | loss: 5.032181 | lrm: 1.00 | dt: 158ms | tok/sec: 830,726 | mfu: 22.7% | epoch: 1 | remaining: 293s    
step 00054 (2.3%) | loss: 5.010865 | lrm: 1.00 | dt: 158ms | tok/sec: 830,684 | mfu: 22.7% | epoch: 1 | remaining: 293s    
step 00055 (2.3%) | loss: 4.990061 | lrm: 1.00 | dt: 158ms | tok/sec: 830,515 | mfu: 22.7% | epoch: 1 | remaining: 293s    
step 00056 (2.4%) | loss: 4.970381 | lrm: 1.00 | dt: 158ms | tok/sec: 830,678 | mfu: 22.7% | epoch: 1 | remaining: 293s    
step 00057 (2.4%) | loss: 4.954852 | lrm: 1.00 | dt: 158ms | tok/sec: 830,486 | mfu: 22.7% | epoch: 1 | remaining: 293s    
step 00058 (2.5%) | loss: 4.941202 | lrm: 1.00 | dt: 158ms | tok/sec: 830,616 | mfu: 22.7% | epoch: 1 | remaining: 292s    
step 00059 (2.5%) | loss: 4.919292 | lrm: 1.00 | dt: 158ms | tok/sec: 830,710 | mfu: 22.7% | epoch: 1 | remaining: 292s    
step 00060 (2.6%) | loss: 4.899621 | lrm: 1.00 | dt: 158ms | tok/sec: 830,523 | mfu: 22.7% | epoch: 1 | remaining: 292s    
step 00061 (2.6%) | loss: 4.875206 | lrm: 1.00 | dt: 158ms | tok/sec: 830,331 | mfu: 22.7% | epoch: 1 | remaining: 292s    
step 00062 (2.7%) | loss: 4.856318 | lrm: 1.00 | dt: 158ms | tok/sec: 830,623 | mfu: 22.7% | epoch: 1 | remaining: 292s    
step 00063 (2.7%) | loss: 4.840047 | lrm: 1.00 | dt: 158ms | tok/sec: 830,774 | mfu: 22.7% | epoch: 1 | remaining: 292s    
step 00064 (2.8%) | loss: 4.823305 | lrm: 1.00 | dt: 158ms | tok/sec: 830,386 | mfu: 22.7% | epoch: 1 | remaining: 291s    
step 00065 (2.8%) | loss: 4.805638 | lrm: 1.00 | dt: 158ms | tok/sec: 830,459 | mfu: 22.7% | epoch: 1 | remaining: 291s    
step 00066 (2.9%) | loss: 4.785207 | lrm: 1.00 | dt: 158ms | tok/sec: 830,789 | mfu: 22.7% | epoch: 1 | remaining: 291s    
step 00067 (2.9%) | loss: 4.771239 | lrm: 1.00 | dt: 158ms | tok/sec: 830,553 | mfu: 22.7% | epoch: 1 | remaining: 291s    
step 00068 (3.0%) | loss: 4.753519 | lrm: 1.00 | dt: 158ms | tok/sec: 830,563 | mfu: 22.7% | epoch: 1 | remaining: 291s    
step 00069 (3.1%) | loss: 4.733029 | lrm: 1.00 | dt: 158ms | tok/sec: 830,671 | mfu: 22.7% | epoch: 1 | remaining: 291s    
step 00070 (3.1%) | loss: 4.716506 | lrm: 1.00 | dt: 158ms | tok/sec: 830,529 | mfu: 22.7% | epoch: 1 | remaining: 291s    
step 00071 (3.2%) | loss: 4.692986 | lrm: 1.00 | dt: 158ms | tok/sec: 830,626 | mfu: 22.7% | epoch: 1 | remaining: 290s    
step 00072 (3.2%) | loss: 4.676594 | lrm: 1.00 | dt: 158ms | tok/sec: 830,499 | mfu: 22.7% | epoch: 1 | remaining: 290s    
step 00073 (3.3%) | loss: 4.656714 | lrm: 1.00 | dt: 158ms | tok/sec: 830,513 | mfu: 22.7% | epoch: 1 | remaining: 290s    
step 00074 (3.3%) | loss: 4.641494 | lrm: 1.00 | dt: 158ms | tok/sec: 829,932 | mfu: 22.7% | epoch: 1 | remaining: 290s    
step 00075 (3.4%) | loss: 4.623567 | lrm: 1.00 | dt: 158ms | tok/sec: 830,450 | mfu: 22.7% | epoch: 1 | remaining: 290s    
step 00076 (3.4%) | loss: 4.605294 | lrm: 1.00 | dt: 158ms | tok/sec: 830,518 | mfu: 22.7% | epoch: 1 | remaining: 290s    
step 00077 (3.5%) | loss: 4.584020 | lrm: 1.00 | dt: 158ms | tok/sec: 830,568 | mfu: 22.7% | epoch: 1 | remaining: 289s    
step 00078 (3.5%) | loss: 4.564436 | lrm: 1.00 | dt: 158ms | tok/sec: 830,385 | mfu: 22.7% | epoch: 1 | remaining: 289s    
step 00079 (3.6%) | loss: 4.548504 | lrm: 1.00 | dt: 158ms | tok/sec: 830,709 | mfu: 22.7% | epoch: 1 | remaining: 289s    
step 00080 (3.6%) | loss: 4.532237 | lrm: 1.00 | dt: 158ms | tok/sec: 830,530 | mfu: 22.7% | epoch: 1 | remaining: 289s    
step 00081 (3.7%) | loss: 4.517742 | lrm: 1.00 | dt: 158ms | tok/sec: 830,362 | mfu: 22.7% | epoch: 1 | remaining: 289s    
step 00082 (3.7%) | loss: 4.498060 | lrm: 1.00 | dt: 158ms | tok/sec: 830,068 | mfu: 22.7% | epoch: 1 | remaining: 289s    
step 00083 (3.8%) | loss: 4.479401 | lrm: 1.00 | dt: 158ms | tok/sec: 830,423 | mfu: 22.7% | epoch: 1 | remaining: 288s    
step 00084 (3.8%) | loss: 4.461844 | lrm: 1.00 | dt: 158ms | tok/sec: 830,598 | mfu: 22.7% | epoch: 1 | remaining: 288s    
step 00085 (3.9%) | loss: 4.450569 | lrm: 1.00 | dt: 158ms | tok/sec: 830,459 | mfu: 22.7% | epoch: 1 | remaining: 288s    
step 00086 (3.9%) | loss: 4.432865 | lrm: 1.00 | dt: 158ms | tok/sec: 830,577 | mfu: 22.7% | epoch: 1 | remaining: 288s    
step 00087 (4.0%) | loss: 4.412009 | lrm: 1.00 | dt: 158ms | tok/sec: 830,278 | mfu: 22.7% | epoch: 1 | remaining: 288s    
step 00088 (4.1%) | loss: 4.397947 | lrm: 1.00 | dt: 158ms | tok/sec: 830,743 | mfu: 22.7% | epoch: 1 | remaining: 288s    
step 00089 (4.1%) | loss: 4.379934 | lrm: 1.00 | dt: 158ms | tok/sec: 830,374 | mfu: 22.7% | epoch: 1 | remaining: 288s    
step 00090 (4.2%) | loss: 4.363479 | lrm: 1.00 | dt: 158ms | tok/sec: 830,556 | mfu: 22.7% | epoch: 1 | remaining: 287s    
step 00091 (4.2%) | loss: 4.352520 | lrm: 1.00 | dt: 158ms | tok/sec: 830,475 | mfu: 22.7% | epoch: 1 | remaining: 287s    
step 00092 (4.3%) | loss: 4.336640 | lrm: 1.00 | dt: 158ms | tok/sec: 830,665 | mfu: 22.7% | epoch: 1 | remaining: 287s    
step 00093 (4.3%) | loss: 4.319062 | lrm: 1.00 | dt: 158ms | tok/sec: 830,471 | mfu: 22.7% | epoch: 1 | remaining: 287s    
step 00094 (4.4%) | loss: 4.304362 | lrm: 1.00 | dt: 158ms | tok/sec: 830,453 | mfu: 22.7% | epoch: 1 | remaining: 287s    
step 00095 (4.4%) | loss: 4.284620 | lrm: 1.00 | dt: 158ms | tok/sec: 829,954 | mfu: 22.7% | epoch: 1 | remaining: 287s    
step 00096 (4.5%) | loss: 4.269446 | lrm: 1.00 | dt: 158ms | tok/sec: 830,173 | mfu: 22.7% | epoch: 1 | remaining: 286s    
step 00097 (4.5%) | loss: 4.251070 | lrm: 1.00 | dt: 158ms | tok/sec: 830,231 | mfu: 22.7% | epoch: 1 | remaining: 286s    
step 00098 (4.6%) | loss: 4.229878 | lrm: 1.00 | dt: 158ms | tok/sec: 830,238 | mfu: 22.7% | epoch: 1 | remaining: 286s    
step 00099 (4.6%) | loss: 4.215253 | lrm: 1.00 | dt: 158ms | tok/sec: 830,015 | mfu: 22.7% | epoch: 1 | remaining: 286s    
step 00100 (4.7%) | loss: 4.207693 | lrm: 1.00 | dt: 158ms | tok/sec: 829,846 | mfu: 22.7% | epoch: 1 | remaining: 286s    
step 00101 (4.7%) | loss: 4.197473 | lrm: 1.00 | dt: 158ms | tok/sec: 829,790 | mfu: 22.7% | epoch: 1 | remaining: 286s    
step 00102 (4.8%) | loss: 4.184296 | lrm: 1.00 | dt: 158ms | tok/sec: 829,603 | mfu: 22.7% | epoch: 1 | remaining: 285s    
step 00103 (4.8%) | loss: 4.167983 | lrm: 1.00 | dt: 158ms | tok/sec: 829,870 | mfu: 22.7% | epoch: 1 | remaining: 285s    
step 00104 (4.9%) | loss: 4.155873 | lrm: 1.00 | dt: 158ms | tok/sec: 829,711 | mfu: 22.7% | epoch: 1 | remaining: 285s    
step 00105 (4.9%) | loss: 4.143131 | lrm: 1.00 | dt: 158ms | tok/sec: 829,454 | mfu: 22.7% | epoch: 1 | remaining: 285s    
step 00106 (5.0%) | loss: 4.129820 | lrm: 1.00 | dt: 158ms | tok/sec: 829,358 | mfu: 22.7% | epoch: 1 | remaining: 285s    
step 00107 (5.1%) | loss: 4.117050 | lrm: 1.00 | dt: 158ms | tok/sec: 829,435 | mfu: 22.7% | epoch: 1 | remaining: 285s    
step 00108 (5.1%) | loss: 4.099947 | lrm: 1.00 | dt: 158ms | tok/sec: 828,585 | mfu: 22.7% | epoch: 1 | remaining: 285s    
step 00109 (5.2%) | loss: 4.083361 | lrm: 1.00 | dt: 158ms | tok/sec: 829,428 | mfu: 22.7% | epoch: 1 | remaining: 284s    
step 00110 (5.2%) | loss: 4.070327 | lrm: 1.00 | dt: 158ms | tok/sec: 829,306 | mfu: 22.7% | epoch: 1 | remaining: 284s    
step 00111 (5.3%) | loss: 4.064879 | lrm: 1.00 | dt: 158ms | tok/sec: 829,245 | mfu: 22.7% | epoch: 1 | remaining: 284s    
step 00112 (5.3%) | loss: 4.057436 | lrm: 1.00 | dt: 158ms | tok/sec: 828,922 | mfu: 22.7% | epoch: 1 | remaining: 284s    
step 00113 (5.4%) | loss: 4.049271 | lrm: 1.00 | dt: 158ms | tok/sec: 828,489 | mfu: 22.7% | epoch: 1 | remaining: 284s    
step 00114 (5.4%) | loss: 4.036366 | lrm: 1.00 | dt: 158ms | tok/sec: 828,815 | mfu: 22.7% | epoch: 1 | remaining: 284s    
step 00115 (5.5%) | loss: 4.027264 | lrm: 1.00 | dt: 158ms | tok/sec: 828,518 | mfu: 22.7% | epoch: 1 | remaining: 283s    
step 00116 (5.5%) | loss: 4.020819 | lrm: 1.00 | dt: 158ms | tok/sec: 828,523 | mfu: 22.7% | epoch: 1 | remaining: 283s    
step 00117 (5.6%) | loss: 4.008532 | lrm: 1.00 | dt: 158ms | tok/sec: 828,390 | mfu: 22.6% | epoch: 1 | remaining: 283s    
step 00118 (5.6%) | loss: 3.999794 | lrm: 1.00 | dt: 158ms | tok/sec: 828,303 | mfu: 22.6% | epoch: 1 | remaining: 283s    
step 00119 (5.7%) | loss: 3.991997 | lrm: 1.00 | dt: 158ms | tok/sec: 827,809 | mfu: 22.6% | epoch: 1 | remaining: 283s    
step 00120 (5.7%) | loss: 3.988197 | lrm: 1.00 | dt: 158ms | tok/sec: 828,148 | mfu: 22.6% | epoch: 1 | remaining: 283s    
step 00121 (5.8%) | loss: 3.975865 | lrm: 1.00 | dt: 158ms | tok/sec: 827,804 | mfu: 22.6% | epoch: 1 | remaining: 282s    
step 00122 (5.8%) | loss: 3.966147 | lrm: 1.00 | dt: 158ms | tok/sec: 827,780 | mfu: 22.6% | epoch: 1 | remaining: 282s    
step 00123 (5.9%) | loss: 3.954508 | lrm: 1.00 | dt: 158ms | tok/sec: 828,001 | mfu: 22.6% | epoch: 1 | remaining: 282s    
step 00124 (5.9%) | loss: 3.944485 | lrm: 1.00 | dt: 158ms | tok/sec: 827,881 | mfu: 22.6% | epoch: 1 | remaining: 282s    
step 00125 (6.0%) | loss: 3.934007 | lrm: 1.00 | dt: 158ms | tok/sec: 827,571 | mfu: 22.6% | epoch: 1 | remaining: 282s    
step 00126 (6.1%) | loss: 3.922600 | lrm: 1.00 | dt: 158ms | tok/sec: 827,929 | mfu: 22.6% | epoch: 1 | remaining: 282s    
step 00127 (6.1%) | loss: 3.917707 | lrm: 1.00 | dt: 158ms | tok/sec: 827,881 | mfu: 22.6% | epoch: 1 | remaining: 282s    
step 00128 (6.2%) | loss: 3.913792 | lrm: 1.00 | dt: 158ms | tok/sec: 827,994 | mfu: 22.6% | epoch: 1 | remaining: 281s    
step 00129 (6.2%) | loss: 3.902049 | lrm: 1.00 | dt: 158ms | tok/sec: 828,002 | mfu: 22.6% | epoch: 1 | remaining: 281s    
step 00130 (6.3%) | loss: 3.892383 | lrm: 1.00 | dt: 158ms | tok/sec: 828,110 | mfu: 22.6% | epoch: 1 | remaining: 281s    
step 00131 (6.3%) | loss: 3.879834 | lrm: 1.00 | dt: 158ms | tok/sec: 827,886 | mfu: 22.6% | epoch: 1 | remaining: 281s    
step 00132 (6.4%) | loss: 3.876189 | lrm: 1.00 | dt: 158ms | tok/sec: 827,938 | mfu: 22.6% | epoch: 1 | remaining: 281s    
step 00133 (6.4%) | loss: 3.873325 | lrm: 1.00 | dt: 158ms | tok/sec: 827,966 | mfu: 22.6% | epoch: 1 | remaining: 281s    
step 00134 (6.5%) | loss: 3.863030 | lrm: 1.00 | dt: 158ms | tok/sec: 827,785 | mfu: 22.6% | epoch: 1 | remaining: 280s    
step 00135 (6.5%) | loss: 3.860152 | lrm: 1.00 | dt: 158ms | tok/sec: 827,947 | mfu: 22.6% | epoch: 1 | remaining: 280s    
step 00136 (6.6%) | loss: 3.852277 | lrm: 1.00 | dt: 158ms | tok/sec: 827,787 | mfu: 22.6% | epoch: 1 | remaining: 280s    
step 00137 (6.6%) | loss: 3.844184 | lrm: 1.00 | dt: 158ms | tok/sec: 827,987 | mfu: 22.6% | epoch: 1 | remaining: 280s    
step 00138 (6.7%) | loss: 3.834153 | lrm: 1.00 | dt: 158ms | tok/sec: 828,203 | mfu: 22.6% | epoch: 1 | remaining: 280s    
step 00139 (6.7%) | loss: 3.827971 | lrm: 1.00 | dt: 158ms | tok/sec: 827,905 | mfu: 22.6% | epoch: 1 | remaining: 280s    
step 00140 (6.8%) | loss: 3.817751 | lrm: 1.00 | dt: 158ms | tok/sec: 827,823 | mfu: 22.6% | epoch: 1 | remaining: 279s    
step 00141 (6.8%) | loss: 3.812698 | lrm: 1.00 | dt: 158ms | tok/sec: 827,863 | mfu: 22.6% | epoch: 1 | remaining: 279s    
step 00142 (6.9%) | loss: 3.808648 | lrm: 1.00 | dt: 158ms | tok/sec: 828,075 | mfu: 22.6% | epoch: 1 | remaining: 279s    
step 00143 (6.9%) | loss: 3.803637 | lrm: 1.00 | dt: 158ms | tok/sec: 828,011 | mfu: 22.6% | epoch: 1 | remaining: 279s    
step 00144 (7.0%) | loss: 3.798425 | lrm: 1.00 | dt: 158ms | tok/sec: 827,966 | mfu: 22.6% | epoch: 1 | remaining: 279s    
step 00145 (7.1%) | loss: 3.795612 | lrm: 1.00 | dt: 158ms | tok/sec: 827,828 | mfu: 22.6% | epoch: 1 | remaining: 279s    
step 00146 (7.1%) | loss: 3.793090 | lrm: 1.00 | dt: 158ms | tok/sec: 827,630 | mfu: 22.6% | epoch: 1 | remaining: 279s    
step 00147 (7.2%) | loss: 3.781989 | lrm: 1.00 | dt: 158ms | tok/sec: 827,815 | mfu: 22.6% | epoch: 1 | remaining: 278s    
step 00148 (7.2%) | loss: 3.783029 | lrm: 1.00 | dt: 158ms | tok/sec: 827,881 | mfu: 22.6% | epoch: 1 | remaining: 278s    
step 00149 (7.3%) | loss: 3.778251 | lrm: 1.00 | dt: 158ms | tok/sec: 828,136 | mfu: 22.6% | epoch: 1 | remaining: 278s    
step 00150 (7.3%) | loss: 3.774419 | lrm: 1.00 | dt: 158ms | tok/sec: 827,820 | mfu: 22.6% | epoch: 1 | remaining: 278s    
step 00151 (7.4%) | loss: 3.770533 | lrm: 1.00 | dt: 158ms | tok/sec: 828,116 | mfu: 22.6% | epoch: 1 | remaining: 278s    
step 00152 (7.4%) | loss: 3.763612 | lrm: 1.00 | dt: 158ms | tok/sec: 827,572 | mfu: 22.6% | epoch: 1 | remaining: 278s    
step 00153 (7.5%) | loss: 3.758811 | lrm: 1.00 | dt: 159ms | tok/sec: 826,172 | mfu: 22.6% | epoch: 1 | remaining: 277s    
step 00154 (7.5%) | loss: 3.754904 | lrm: 1.00 | dt: 158ms | tok/sec: 827,003 | mfu: 22.6% | epoch: 1 | remaining: 277s    
step 00155 (7.6%) | loss: 3.752970 | lrm: 1.00 | dt: 158ms | tok/sec: 827,613 | mfu: 22.6% | epoch: 1 | remaining: 277s    
step 00156 (7.6%) | loss: 3.749858 | lrm: 1.00 | dt: 158ms | tok/sec: 827,763 | mfu: 22.6% | epoch: 1 | remaining: 277s    
step 00157 (7.7%) | loss: 3.752613 | lrm: 1.00 | dt: 158ms | tok/sec: 827,864 | mfu: 22.6% | epoch: 1 | remaining: 277s    
step 00158 (7.7%) | loss: 3.750462 | lrm: 1.00 | dt: 158ms | tok/sec: 827,631 | mfu: 22.6% | epoch: 1 | remaining: 277s    
step 00159 (7.8%) | loss: 3.749561 | lrm: 1.00 | dt: 158ms | tok/sec: 827,995 | mfu: 22.6% | epoch: 1 | remaining: 276s    
step 00160 (7.8%) | loss: 3.740205 | lrm: 1.00 | dt: 158ms | tok/sec: 827,602 | mfu: 22.6% | epoch: 1 | remaining: 276s    
step 00161 (7.9%) | loss: 3.732474 | lrm: 1.00 | dt: 158ms | tok/sec: 827,827 | mfu: 22.6% | epoch: 1 | remaining: 276s    
step 00162 (8.0%) | loss: 3.721183 | lrm: 1.00 | dt: 158ms | tok/sec: 828,110 | mfu: 22.6% | epoch: 1 | remaining: 276s    
step 00163 (8.0%) | loss: 3.717477 | lrm: 1.00 | dt: 158ms | tok/sec: 828,035 | mfu: 22.6% | epoch: 1 | remaining: 276s    
step 00164 (8.1%) | loss: 3.709284 | lrm: 1.00 | dt: 158ms | tok/sec: 827,969 | mfu: 22.6% | epoch: 1 | remaining: 276s    
step 00165 (8.1%) | loss: 3.700453 | lrm: 1.00 | dt: 158ms | tok/sec: 827,991 | mfu: 22.6% | epoch: 1 | remaining: 276s    
step 00166 (8.2%) | loss: 3.693027 | lrm: 1.00 | dt: 158ms | tok/sec: 828,108 | mfu: 22.6% | epoch: 1 | remaining: 275s    
step 00167 (8.2%) | loss: 3.690542 | lrm: 1.00 | dt: 158ms | tok/sec: 828,325 | mfu: 22.6% | epoch: 1 | remaining: 275s    
step 00168 (8.3%) | loss: 3.696061 | lrm: 1.00 | dt: 158ms | tok/sec: 828,005 | mfu: 22.6% | epoch: 1 | remaining: 275s    
step 00169 (8.3%) | loss: 3.687073 | lrm: 1.00 | dt: 158ms | tok/sec: 828,057 | mfu: 22.6% | epoch: 1 | remaining: 275s    
step 00170 (8.4%) | loss: 3.684078 | lrm: 1.00 | dt: 158ms | tok/sec: 827,996 | mfu: 22.6% | epoch: 1 | remaining: 275s    
step 00171 (8.4%) | loss: 3.683812 | lrm: 1.00 | dt: 158ms | tok/sec: 828,072 | mfu: 22.6% | epoch: 1 | remaining: 275s    
step 00172 (8.5%) | loss: 3.678529 | lrm: 1.00 | dt: 158ms | tok/sec: 827,904 | mfu: 22.6% | epoch: 1 | remaining: 274s    
step 00173 (8.5%) | loss: 3.678311 | lrm: 1.00 | dt: 158ms | tok/sec: 827,833 | mfu: 22.6% | epoch: 1 | remaining: 274s    
step 00174 (8.6%) | loss: 3.669991 | lrm: 1.00 | dt: 158ms | tok/sec: 828,050 | mfu: 22.6% | epoch: 1 | remaining: 274s    
step 00175 (8.6%) | loss: 3.672150 | lrm: 1.00 | dt: 158ms | tok/sec: 827,939 | mfu: 22.6% | epoch: 1 | remaining: 274s    
step 00176 (8.7%) | loss: 3.673252 | lrm: 1.00 | dt: 158ms | tok/sec: 828,010 | mfu: 22.6% | epoch: 1 | remaining: 274s    
step 00177 (8.7%) | loss: 3.656505 | lrm: 1.00 | dt: 158ms | tok/sec: 828,042 | mfu: 22.6% | epoch: 1 | remaining: 274s    
step 00178 (8.8%) | loss: 3.657777 | lrm: 1.00 | dt: 158ms | tok/sec: 827,813 | mfu: 22.6% | epoch: 1 | remaining: 273s    
step 00179 (8.8%) | loss: 3.653612 | lrm: 1.00 | dt: 158ms | tok/sec: 828,111 | mfu: 22.6% | epoch: 1 | remaining: 273s    
step 00180 (8.9%) | loss: 3.648540 | lrm: 1.00 | dt: 158ms | tok/sec: 828,269 | mfu: 22.6% | epoch: 1 | remaining: 273s    
step 00181 (9.0%) | loss: 3.646190 | lrm: 1.00 | dt: 158ms | tok/sec: 827,783 | mfu: 22.6% | epoch: 1 | remaining: 273s    
step 00182 (9.0%) | loss: 3.641182 | lrm: 1.00 | dt: 158ms | tok/sec: 827,935 | mfu: 22.6% | epoch: 1 | remaining: 273s    
step 00183 (9.1%) | loss: 3.646644 | lrm: 1.00 | dt: 158ms | tok/sec: 828,141 | mfu: 22.6% | epoch: 1 | remaining: 273s    
step 00184 (9.1%) | loss: 3.639336 | lrm: 1.00 | dt: 158ms | tok/sec: 827,802 | mfu: 22.6% | epoch: 1 | remaining: 273s    
step 00185 (9.2%) | loss: 3.633269 | lrm: 1.00 | dt: 158ms | tok/sec: 827,703 | mfu: 22.6% | epoch: 1 | remaining: 272s    
step 00186 (9.2%) | loss: 3.635342 | lrm: 1.00 | dt: 158ms | tok/sec: 828,226 | mfu: 22.6% | epoch: 1 | remaining: 272s    
step 00187 (9.3%) | loss: 3.632530 | lrm: 1.00 | dt: 158ms | tok/sec: 827,981 | mfu: 22.6% | epoch: 1 | remaining: 272s    
step 00188 (9.3%) | loss: 3.623861 | lrm: 1.00 | dt: 158ms | tok/sec: 827,765 | mfu: 22.6% | epoch: 1 | remaining: 272s    
step 00189 (9.4%) | loss: 3.621764 | lrm: 1.00 | dt: 158ms | tok/sec: 827,875 | mfu: 22.6% | epoch: 1 | remaining: 272s    
step 00190 (9.4%) | loss: 3.609164 | lrm: 1.00 | dt: 158ms | tok/sec: 828,080 | mfu: 22.6% | epoch: 1 | remaining: 272s    
step 00191 (9.5%) | loss: 3.598238 | lrm: 1.00 | dt: 158ms | tok/sec: 827,855 | mfu: 22.6% | epoch: 1 | remaining: 271s    
step 00192 (9.5%) | loss: 3.596425 | lrm: 1.00 | dt: 158ms | tok/sec: 827,931 | mfu: 22.6% | epoch: 1 | remaining: 271s    
step 00193 (9.6%) | loss: 3.589740 | lrm: 1.00 | dt: 158ms | tok/sec: 828,193 | mfu: 22.6% | epoch: 1 | remaining: 271s    
step 00194 (9.6%) | loss: 3.590117 | lrm: 1.00 | dt: 158ms | tok/sec: 827,620 | mfu: 22.6% | epoch: 1 | remaining: 271s    
step 00195 (9.7%) | loss: 3.595267 | lrm: 1.00 | dt: 159ms | tok/sec: 826,548 | mfu: 22.6% | epoch: 1 | remaining: 271s    
step 00196 (9.7%) | loss: 3.598731 | lrm: 1.00 | dt: 158ms | tok/sec: 827,191 | mfu: 22.6% | epoch: 1 | remaining: 271s    
step 00197 (9.8%) | loss: 3.597376 | lrm: 1.00 | dt: 158ms | tok/sec: 827,550 | mfu: 22.6% | epoch: 1 | remaining: 270s    
step 00198 (9.9%) | loss: 3.599364 | lrm: 1.00 | dt: 158ms | tok/sec: 827,805 | mfu: 22.6% | epoch: 1 | remaining: 270s    
step 00199 (9.9%) | loss: 3.591706 | lrm: 1.00 | dt: 158ms | tok/sec: 827,866 | mfu: 22.6% | epoch: 1 | remaining: 270s    
step 00200 (10.0%) | loss: 3.587770 | lrm: 1.00 | dt: 158ms | tok/sec: 827,886 | mfu: 22.6% | epoch: 1 | remaining: 270s    
step 00201 (10.0%) | loss: 3.586732 | lrm: 1.00 | dt: 158ms | tok/sec: 827,808 | mfu: 22.6% | epoch: 1 | remaining: 270s    
step 00202 (10.1%) | loss: 3.579010 | lrm: 1.00 | dt: 158ms | tok/sec: 827,967 | mfu: 22.6% | epoch: 1 | remaining: 270s    
step 00203 (10.1%) | loss: 3.578385 | lrm: 1.00 | dt: 158ms | tok/sec: 827,989 | mfu: 22.6% | epoch: 1 | remaining: 269s    
step 00204 (10.2%) | loss: 3.571884 | lrm: 1.00 | dt: 158ms | tok/sec: 827,879 | mfu: 22.6% | epoch: 1 | remaining: 269s    
step 00205 (10.2%) | loss: 3.571694 | lrm: 1.00 | dt: 158ms | tok/sec: 828,014 | mfu: 22.6% | epoch: 1 | remaining: 269s    
step 00206 (10.3%) | loss: 3.569679 | lrm: 1.00 | dt: 158ms | tok/sec: 828,001 | mfu: 22.6% | epoch: 1 | remaining: 269s    
step 00207 (10.3%) | loss: 3.570000 | lrm: 1.00 | dt: 158ms | tok/sec: 828,183 | mfu: 22.6% | epoch: 1 | remaining: 269s    
step 00208 (10.4%) | loss: 3.568466 | lrm: 1.00 | dt: 158ms | tok/sec: 828,016 | mfu: 22.6% | epoch: 1 | remaining: 269s    
step 00209 (10.4%) | loss: 3.564743 | lrm: 1.00 | dt: 158ms | tok/sec: 827,866 | mfu: 22.6% | epoch: 1 | remaining: 269s    
step 00210 (10.5%) | loss: 3.557970 | lrm: 1.00 | dt: 158ms | tok/sec: 828,034 | mfu: 22.6% | epoch: 1 | remaining: 268s    
step 00211 (10.5%) | loss: 3.558701 | lrm: 1.00 | dt: 158ms | tok/sec: 827,898 | mfu: 22.6% | epoch: 1 | remaining: 268s    
step 00212 (10.6%) | loss: 3.556860 | lrm: 1.00 | dt: 158ms | tok/sec: 827,883 | mfu: 22.6% | epoch: 1 | remaining: 268s    
step 00213 (10.6%) | loss: 3.556080 | lrm: 1.00 | dt: 158ms | tok/sec: 827,168 | mfu: 22.6% | epoch: 1 | remaining: 268s    
step 00214 (10.7%) | loss: 3.556873 | lrm: 1.00 | dt: 158ms | tok/sec: 827,769 | mfu: 22.6% | epoch: 1 | remaining: 268s    
step 00215 (10.7%) | loss: 3.556374 | lrm: 1.00 | dt: 158ms | tok/sec: 828,122 | mfu: 22.6% | epoch: 1 | remaining: 268s    
step 00216 (10.8%) | loss: 3.553924 | lrm: 1.00 | dt: 158ms | tok/sec: 828,036 | mfu: 22.6% | epoch: 1 | remaining: 267s    
step 00217 (10.9%) | loss: 3.558077 | lrm: 1.00 | dt: 158ms | tok/sec: 828,077 | mfu: 22.6% | epoch: 1 | remaining: 267s    
step 00218 (10.9%) | loss: 3.555364 | lrm: 1.00 | dt: 158ms | tok/sec: 828,183 | mfu: 22.6% | epoch: 1 | remaining: 267s    
step 00219 (11.0%) | loss: 3.559364 | lrm: 1.00 | dt: 158ms | tok/sec: 827,977 | mfu: 22.6% | epoch: 1 | remaining: 267s    
step 00220 (11.0%) | loss: 3.562827 | lrm: 1.00 | dt: 158ms | tok/sec: 828,053 | mfu: 22.6% | epoch: 1 | remaining: 267s    
step 00221 (11.1%) | loss: 3.562154 | lrm: 1.00 | dt: 158ms | tok/sec: 827,938 | mfu: 22.6% | epoch: 1 | remaining: 267s    
step 00222 (11.1%) | loss: 3.561696 | lrm: 1.00 | dt: 158ms | tok/sec: 828,112 | mfu: 22.6% | epoch: 1 | remaining: 266s    
step 00223 (11.2%) | loss: 3.555624 | lrm: 1.00 | dt: 158ms | tok/sec: 827,974 | mfu: 22.6% | epoch: 1 | remaining: 266s    
step 00224 (11.2%) | loss: 3.555974 | lrm: 1.00 | dt: 158ms | tok/sec: 828,172 | mfu: 22.6% | epoch: 1 | remaining: 266s    
step 00225 (11.3%) | loss: 3.546405 | lrm: 1.00 | dt: 158ms | tok/sec: 828,057 | mfu: 22.6% | epoch: 1 | remaining: 266s    
step 00226 (11.3%) | loss: 3.550102 | lrm: 1.00 | dt: 158ms | tok/sec: 827,856 | mfu: 22.6% | epoch: 1 | remaining: 266s    
step 00227 (11.4%) | loss: 3.551838 | lrm: 1.00 | dt: 158ms | tok/sec: 828,080 | mfu: 22.6% | epoch: 1 | remaining: 266s    
step 00228 (11.4%) | loss: 3.546488 | lrm: 1.00 | dt: 158ms | tok/sec: 828,035 | mfu: 22.6% | epoch: 1 | remaining: 266s    
step 00229 (11.5%) | loss: 3.545611 | lrm: 1.00 | dt: 158ms | tok/sec: 828,039 | mfu: 22.6% | epoch: 1 | remaining: 265s    
step 00230 (11.5%) | loss: 3.544546 | lrm: 1.00 | dt: 158ms | tok/sec: 828,049 | mfu: 22.6% | epoch: 1 | remaining: 265s    
step 00231 (11.6%) | loss: 3.542543 | lrm: 1.00 | dt: 158ms | tok/sec: 828,277 | mfu: 22.6% | epoch: 1 | remaining: 265s    
step 00232 (11.6%) | loss: 3.540398 | lrm: 1.00 | dt: 158ms | tok/sec: 827,906 | mfu: 22.6% | epoch: 1 | remaining: 265s    
step 00233 (11.7%) | loss: 3.535619 | lrm: 1.00 | dt: 158ms | tok/sec: 828,183 | mfu: 22.6% | epoch: 1 | remaining: 265s    
step 00234 (11.8%) | loss: 3.532911 | lrm: 1.00 | dt: 158ms | tok/sec: 828,273 | mfu: 22.6% | epoch: 1 | remaining: 265s    
step 00235 (11.8%) | loss: 3.528490 | lrm: 1.00 | dt: 158ms | tok/sec: 827,717 | mfu: 22.6% | epoch: 1 | remaining: 264s    
step 00236 (11.9%) | loss: 3.528634 | lrm: 1.00 | dt: 158ms | tok/sec: 828,170 | mfu: 22.6% | epoch: 1 | remaining: 264s    
step 00237 (11.9%) | loss: 3.528859 | lrm: 1.00 | dt: 158ms | tok/sec: 827,859 | mfu: 22.6% | epoch: 1 | remaining: 264s    
step 00238 (12.0%) | loss: 3.531487 | lrm: 1.00 | dt: 158ms | tok/sec: 828,217 | mfu: 22.6% | epoch: 1 | remaining: 264s    
step 00239 (12.0%) | loss: 3.533031 | lrm: 1.00 | dt: 158ms | tok/sec: 827,834 | mfu: 22.6% | epoch: 1 | remaining: 264s    
step 00240 (12.1%) | loss: 3.528063 | lrm: 1.00 | dt: 158ms | tok/sec: 827,951 | mfu: 22.6% | epoch: 1 | remaining: 264s    
step 00241 (12.1%) | loss: 3.524755 | lrm: 1.00 | dt: 158ms | tok/sec: 828,231 | mfu: 22.6% | epoch: 1 | remaining: 263s    
step 00242 (12.2%) | loss: 3.523910 | lrm: 1.00 | dt: 158ms | tok/sec: 827,915 | mfu: 22.6% | epoch: 1 | remaining: 263s    
step 00243 (12.2%) | loss: 3.522632 | lrm: 1.00 | dt: 158ms | tok/sec: 828,002 | mfu: 22.6% | epoch: 1 | remaining: 263s    
step 00244 (12.3%) | loss: 3.517775 | lrm: 1.00 | dt: 158ms | tok/sec: 827,767 | mfu: 22.6% | epoch: 1 | remaining: 263s    
step 00245 (12.3%) | loss: 3.519087 | lrm: 1.00 | dt: 158ms | tok/sec: 827,940 | mfu: 22.6% | epoch: 1 | remaining: 263s    
step 00246 (12.4%) | loss: 3.518926 | lrm: 1.00 | dt: 158ms | tok/sec: 828,249 | mfu: 22.6% | epoch: 1 | remaining: 263s    
step 00247 (12.4%) | loss: 3.510805 | lrm: 1.00 | dt: 158ms | tok/sec: 828,193 | mfu: 22.6% | epoch: 1 | remaining: 263s    
step 00248 (12.5%) | loss: 3.513475 | lrm: 1.00 | dt: 158ms | tok/sec: 828,030 | mfu: 22.6% | epoch: 1 | remaining: 262s    
step 00249 (12.5%) | loss: 3.515325 | lrm: 1.00 | dt: 158ms | tok/sec: 828,068 | mfu: 22.6% | epoch: 1 | remaining: 262s    
step 00250 (12.6%) | loss: 3.512710 | lrm: 1.00 | dt: 158ms | tok/sec: 828,370 | mfu: 22.6% | epoch: 1 | remaining: 262s    
step 00251 (12.6%) | loss: 3.516335 | lrm: 1.00 | dt: 158ms | tok/sec: 828,096 | mfu: 22.6% | epoch: 1 | remaining: 262s    
step 00252 (12.7%) | loss: 3.510025 | lrm: 1.00 | dt: 158ms | tok/sec: 827,854 | mfu: 22.6% | epoch: 1 | remaining: 262s    
step 00253 (12.8%) | loss: 3.509415 | lrm: 1.00 | dt: 158ms | tok/sec: 828,047 | mfu: 22.6% | epoch: 1 | remaining: 262s    
step 00254 (12.8%) | loss: 3.504966 | lrm: 1.00 | dt: 158ms | tok/sec: 828,116 | mfu: 22.6% | epoch: 1 | remaining: 261s    
step 00255 (12.9%) | loss: 3.509419 | lrm: 1.00 | dt: 158ms | tok/sec: 828,294 | mfu: 22.6% | epoch: 1 | remaining: 261s    
step 00256 (12.9%) | loss: 3.504546 | lrm: 1.00 | dt: 158ms | tok/sec: 827,943 | mfu: 22.6% | epoch: 1 | remaining: 261s    
step 00257 (13.0%) | loss: 3.497195 | lrm: 1.00 | dt: 158ms | tok/sec: 827,782 | mfu: 22.6% | epoch: 1 | remaining: 261s    
step 00258 (13.0%) | loss: 3.489773 | lrm: 1.00 | dt: 158ms | tok/sec: 827,904 | mfu: 22.6% | epoch: 1 | remaining: 261s    
step 00259 (13.1%) | loss: 3.496348 | lrm: 1.00 | dt: 158ms | tok/sec: 827,856 | mfu: 22.6% | epoch: 1 | remaining: 261s    
step 00260 (13.1%) | loss: 3.495505 | lrm: 1.00 | dt: 158ms | tok/sec: 827,675 | mfu: 22.6% | epoch: 1 | remaining: 260s    
step 00261 (13.2%) | loss: 3.492487 | lrm: 1.00 | dt: 158ms | tok/sec: 828,178 | mfu: 22.6% | epoch: 1 | remaining: 260s    
step 00262 (13.2%) | loss: 3.489855 | lrm: 1.00 | dt: 158ms | tok/sec: 827,946 | mfu: 22.6% | epoch: 1 | remaining: 260s    
step 00263 (13.3%) | loss: 3.480050 | lrm: 1.00 | dt: 158ms | tok/sec: 828,010 | mfu: 22.6% | epoch: 1 | remaining: 260s    
step 00264 (13.3%) | loss: 3.480644 | lrm: 1.00 | dt: 158ms | tok/sec: 828,106 | mfu: 22.6% | epoch: 1 | remaining: 260s    
step 00265 (13.4%) | loss: 3.483136 | lrm: 1.00 | dt: 158ms | tok/sec: 827,969 | mfu: 22.6% | epoch: 1 | remaining: 260s    
step 00266 (13.4%) | loss: 3.488996 | lrm: 1.00 | dt: 158ms | tok/sec: 828,060 | mfu: 22.6% | epoch: 1 | remaining: 260s    
step 00267 (13.5%) | loss: 3.483416 | lrm: 1.00 | dt: 158ms | tok/sec: 827,984 | mfu: 22.6% | epoch: 1 | remaining: 259s    
step 00268 (13.5%) | loss: 3.489782 | lrm: 1.00 | dt: 158ms | tok/sec: 828,173 | mfu: 22.6% | epoch: 1 | remaining: 259s    
step 00269 (13.6%) | loss: 3.487729 | lrm: 1.00 | dt: 158ms | tok/sec: 828,101 | mfu: 22.6% | epoch: 1 | remaining: 259s    
step 00270 (13.7%) | loss: 3.486070 | lrm: 1.00 | dt: 158ms | tok/sec: 827,853 | mfu: 22.6% | epoch: 1 | remaining: 259s    
step 00271 (13.7%) | loss: 3.488456 | lrm: 1.00 | dt: 158ms | tok/sec: 828,330 | mfu: 22.6% | epoch: 1 | remaining: 259s    
step 00272 (13.8%) | loss: 3.486473 | lrm: 1.00 | dt: 158ms | tok/sec: 827,989 | mfu: 22.6% | epoch: 1 | remaining: 259s    
step 00273 (13.8%) | loss: 3.488691 | lrm: 1.00 | dt: 158ms | tok/sec: 827,935 | mfu: 22.6% | epoch: 1 | remaining: 258s    
step 00274 (13.9%) | loss: 3.490814 | lrm: 1.00 | dt: 158ms | tok/sec: 828,297 | mfu: 22.6% | epoch: 1 | remaining: 258s    
step 00275 (13.9%) | loss: 3.489506 | lrm: 1.00 | dt: 158ms | tok/sec: 828,311 | mfu: 22.6% | epoch: 1 | remaining: 258s    
step 00276 (14.0%) | loss: 3.490402 | lrm: 1.00 | dt: 158ms | tok/sec: 828,040 | mfu: 22.6% | epoch: 1 | remaining: 258s    
step 00277 (14.0%) | loss: 3.489146 | lrm: 1.00 | dt: 158ms | tok/sec: 827,995 | mfu: 22.6% | epoch: 1 | remaining: 258s    
step 00278 (14.1%) | loss: 3.486064 | lrm: 1.00 | dt: 158ms | tok/sec: 828,103 | mfu: 22.6% | epoch: 1 | remaining: 258s    
step 00279 (14.1%) | loss: 3.491636 | lrm: 1.00 | dt: 158ms | tok/sec: 827,995 | mfu: 22.6% | epoch: 1 | remaining: 257s    
step 00280 (14.2%) | loss: 3.488613 | lrm: 1.00 | dt: 158ms | tok/sec: 828,160 | mfu: 22.6% | epoch: 1 | remaining: 257s    
step 00281 (14.2%) | loss: 3.484109 | lrm: 1.00 | dt: 158ms | tok/sec: 828,111 | mfu: 22.6% | epoch: 1 | remaining: 257s    
step 00282 (14.3%) | loss: 3.482014 | lrm: 1.00 | dt: 158ms | tok/sec: 828,246 | mfu: 22.6% | epoch: 1 | remaining: 257s    
step 00283 (14.3%) | loss: 3.479340 | lrm: 1.00 | dt: 158ms | tok/sec: 828,279 | mfu: 22.6% | epoch: 1 | remaining: 257s    
step 00284 (14.4%) | loss: 3.471559 | lrm: 1.00 | dt: 158ms | tok/sec: 828,267 | mfu: 22.6% | epoch: 1 | remaining: 257s    
step 00285 (14.4%) | loss: 3.472318 | lrm: 1.00 | dt: 158ms | tok/sec: 828,045 | mfu: 22.6% | epoch: 1 | remaining: 257s    
step 00286 (14.5%) | loss: 3.483545 | lrm: 1.00 | dt: 158ms | tok/sec: 827,959 | mfu: 22.6% | epoch: 1 | remaining: 256s    
step 00287 (14.5%) | loss: 3.479113 | lrm: 1.00 | dt: 158ms | tok/sec: 828,160 | mfu: 22.6% | epoch: 1 | remaining: 256s    
step 00288 (14.6%) | loss: 3.464500 | lrm: 1.00 | dt: 158ms | tok/sec: 828,171 | mfu: 22.6% | epoch: 1 | remaining: 256s    
step 00289 (14.7%) | loss: 3.461148 | lrm: 1.00 | dt: 158ms | tok/sec: 828,323 | mfu: 22.6% | epoch: 1 | remaining: 256s    
step 00290 (14.7%) | loss: 3.458520 | lrm: 1.00 | dt: 158ms | tok/sec: 828,070 | mfu: 22.6% | epoch: 1 | remaining: 256s    
step 00291 (14.8%) | loss: 3.458318 | lrm: 1.00 | dt: 158ms | tok/sec: 828,014 | mfu: 22.6% | epoch: 1 | remaining: 256s    
step 00292 (14.8%) | loss: 3.464049 | lrm: 1.00 | dt: 158ms | tok/sec: 828,040 | mfu: 22.6% | epoch: 1 | remaining: 255s    
step 00293 (14.9%) | loss: 3.467357 | lrm: 1.00 | dt: 158ms | tok/sec: 828,269 | mfu: 22.6% | epoch: 1 | remaining: 255s    
step 00294 (14.9%) | loss: 3.457612 | lrm: 1.00 | dt: 158ms | tok/sec: 828,108 | mfu: 22.6% | epoch: 1 | remaining: 255s    
step 00295 (15.0%) | loss: 3.455624 | lrm: 1.00 | dt: 158ms | tok/sec: 827,873 | mfu: 22.6% | epoch: 1 | remaining: 255s    
step 00296 (15.0%) | loss: 3.456621 | lrm: 1.00 | dt: 158ms | tok/sec: 828,238 | mfu: 22.6% | epoch: 1 | remaining: 255s    
step 00297 (15.1%) | loss: 3.459351 | lrm: 1.00 | dt: 158ms | tok/sec: 828,090 | mfu: 22.6% | epoch: 1 | remaining: 255s    
step 00298 (15.1%) | loss: 3.453298 | lrm: 1.00 | dt: 158ms | tok/sec: 828,385 | mfu: 22.6% | epoch: 1 | remaining: 254s    
step 00299 (15.2%) | loss: 3.451354 | lrm: 1.00 | dt: 158ms | tok/sec: 828,111 | mfu: 22.6% | epoch: 1 | remaining: 254s    
step 00300 (15.2%) | loss: 3.448521 | lrm: 1.00 | dt: 158ms | tok/sec: 827,940 | mfu: 22.6% | epoch: 1 | remaining: 254s    
step 00301 (15.3%) | loss: 3.449501 | lrm: 1.00 | dt: 158ms | tok/sec: 828,281 | mfu: 22.6% | epoch: 1 | remaining: 254s    
step 00302 (15.3%) | loss: 3.452054 | lrm: 1.00 | dt: 158ms | tok/sec: 828,116 | mfu: 22.6% | epoch: 1 | remaining: 254s    
step 00303 (15.4%) | loss: 3.452265 | lrm: 1.00 | dt: 158ms | tok/sec: 828,196 | mfu: 22.6% | epoch: 1 | remaining: 254s    
step 00304 (15.4%) | loss: 3.453861 | lrm: 1.00 | dt: 158ms | tok/sec: 827,874 | mfu: 22.6% | epoch: 1 | remaining: 254s    
step 00305 (15.5%) | loss: 3.449743 | lrm: 1.00 | dt: 158ms | tok/sec: 828,158 | mfu: 22.6% | epoch: 1 | remaining: 253s    
step 00306 (15.6%) | loss: 3.453722 | lrm: 1.00 | dt: 158ms | tok/sec: 828,320 | mfu: 22.6% | epoch: 1 | remaining: 253s    
step 00307 (15.6%) | loss: 3.451380 | lrm: 1.00 | dt: 158ms | tok/sec: 828,251 | mfu: 22.6% | epoch: 1 | remaining: 253s    
step 00308 (15.7%) | loss: 3.449217 | lrm: 1.00 | dt: 158ms | tok/sec: 828,188 | mfu: 22.6% | epoch: 1 | remaining: 253s    
step 00309 (15.7%) | loss: 3.454413 | lrm: 1.00 | dt: 158ms | tok/sec: 828,315 | mfu: 22.6% | epoch: 1 | remaining: 253s    
step 00310 (15.8%) | loss: 3.458674 | lrm: 1.00 | dt: 158ms | tok/sec: 828,097 | mfu: 22.6% | epoch: 1 | remaining: 253s    
step 00311 (15.8%) | loss: 3.461350 | lrm: 1.00 | dt: 158ms | tok/sec: 828,298 | mfu: 22.6% | epoch: 1 | remaining: 252s    
step 00312 (15.9%) | loss: 3.460258 | lrm: 1.00 | dt: 158ms | tok/sec: 828,479 | mfu: 22.7% | epoch: 1 | remaining: 252s    
step 00313 (15.9%) | loss: 3.466772 | lrm: 1.00 | dt: 158ms | tok/sec: 828,152 | mfu: 22.6% | epoch: 1 | remaining: 252s    
step 00314 (16.0%) | loss: 3.459064 | lrm: 1.00 | dt: 158ms | tok/sec: 827,992 | mfu: 22.6% | epoch: 1 | remaining: 252s    
step 00315 (16.0%) | loss: 3.451451 | lrm: 1.00 | dt: 158ms | tok/sec: 827,913 | mfu: 22.6% | epoch: 1 | remaining: 252s    
step 00316 (16.1%) | loss: 3.444788 | lrm: 1.00 | dt: 158ms | tok/sec: 828,324 | mfu: 22.6% | epoch: 1 | remaining: 252s    
step 00317 (16.1%) | loss: 3.443571 | lrm: 1.00 | dt: 158ms | tok/sec: 828,329 | mfu: 22.6% | epoch: 1 | remaining: 251s    
step 00318 (16.2%) | loss: 3.435550 | lrm: 1.00 | dt: 158ms | tok/sec: 828,292 | mfu: 22.6% | epoch: 1 | remaining: 251s    
step 00319 (16.2%) | loss: 3.438636 | lrm: 1.00 | dt: 158ms | tok/sec: 828,511 | mfu: 22.7% | epoch: 1 | remaining: 251s    
step 00320 (16.3%) | loss: 3.436601 | lrm: 1.00 | dt: 158ms | tok/sec: 828,000 | mfu: 22.6% | epoch: 1 | remaining: 251s    
step 00321 (16.3%) | loss: 3.435245 | lrm: 1.00 | dt: 158ms | tok/sec: 828,040 | mfu: 22.6% | epoch: 1 | remaining: 251s    
step 00322 (16.4%) | loss: 3.431060 | lrm: 1.00 | dt: 158ms | tok/sec: 828,183 | mfu: 22.6% | epoch: 1 | remaining: 251s    
step 00323 (16.4%) | loss: 3.430269 | lrm: 1.00 | dt: 158ms | tok/sec: 828,173 | mfu: 22.6% | epoch: 1 | remaining: 250s    
step 00324 (16.5%) | loss: 3.434118 | lrm: 1.00 | dt: 158ms | tok/sec: 828,061 | mfu: 22.6% | epoch: 1 | remaining: 250s    
step 00325 (16.6%) | loss: 3.428651 | lrm: 1.00 | dt: 158ms | tok/sec: 828,141 | mfu: 22.6% | epoch: 1 | remaining: 250s    
step 00326 (16.6%) | loss: 3.429989 | lrm: 1.00 | dt: 158ms | tok/sec: 828,343 | mfu: 22.6% | epoch: 1 | remaining: 250s    
step 00327 (16.7%) | loss: 3.421773 | lrm: 1.00 | dt: 158ms | tok/sec: 828,237 | mfu: 22.6% | epoch: 1 | remaining: 250s    
step 00328 (16.7%) | loss: 3.421428 | lrm: 1.00 | dt: 158ms | tok/sec: 828,047 | mfu: 22.6% | epoch: 1 | remaining: 250s    
step 00329 (16.8%) | loss: 3.425099 | lrm: 1.00 | dt: 158ms | tok/sec: 828,162 | mfu: 22.6% | epoch: 1 | remaining: 250s    
step 00330 (16.8%) | loss: 3.426751 | lrm: 1.00 | dt: 158ms | tok/sec: 828,450 | mfu: 22.7% | epoch: 1 | remaining: 249s    
step 00331 (16.9%) | loss: 3.421018 | lrm: 1.00 | dt: 158ms | tok/sec: 828,498 | mfu: 22.7% | epoch: 1 | remaining: 249s    
step 00332 (16.9%) | loss: 3.426254 | lrm: 1.00 | dt: 158ms | tok/sec: 828,218 | mfu: 22.6% | epoch: 1 | remaining: 249s    
step 00333 (17.0%) | loss: 3.424149 | lrm: 1.00 | dt: 158ms | tok/sec: 828,133 | mfu: 22.6% | epoch: 1 | remaining: 249s    
step 00334 (17.0%) | loss: 3.424431 | lrm: 1.00 | dt: 158ms | tok/sec: 828,231 | mfu: 22.6% | epoch: 1 | remaining: 249s    
step 00335 (17.1%) | loss: 3.420258 | lrm: 1.00 | dt: 158ms | tok/sec: 828,070 | mfu: 22.6% | epoch: 1 | remaining: 249s    
step 00336 (17.1%) | loss: 3.416234 | lrm: 1.00 | dt: 158ms | tok/sec: 828,323 | mfu: 22.6% | epoch: 1 | remaining: 248s    
step 00337 (17.2%) | loss: 3.415640 | lrm: 1.00 | dt: 158ms | tok/sec: 828,208 | mfu: 22.6% | epoch: 1 | remaining: 248s    
step 00338 (17.2%) | loss: 3.418549 | lrm: 1.00 | dt: 158ms | tok/sec: 828,232 | mfu: 22.6% | epoch: 1 | remaining: 248s    
step 00339 (17.3%) | loss: 3.414058 | lrm: 1.00 | dt: 158ms | tok/sec: 828,022 | mfu: 22.6% | epoch: 1 | remaining: 248s    
step 00340 (17.3%) | loss: 3.409438 | lrm: 1.00 | dt: 158ms | tok/sec: 828,221 | mfu: 22.6% | epoch: 1 | remaining: 248s    
step 00341 (17.4%) | loss: 3.405711 | lrm: 1.00 | dt: 158ms | tok/sec: 828,090 | mfu: 22.6% | epoch: 1 | remaining: 248s    
step 00342 (17.4%) | loss: 3.410983 | lrm: 1.00 | dt: 158ms | tok/sec: 828,286 | mfu: 22.6% | epoch: 1 | remaining: 247s    
step 00343 (17.5%) | loss: 3.415757 | lrm: 1.00 | dt: 158ms | tok/sec: 828,237 | mfu: 22.6% | epoch: 1 | remaining: 247s    
step 00344 (17.6%) | loss: 3.421188 | lrm: 1.00 | dt: 158ms | tok/sec: 828,279 | mfu: 22.6% | epoch: 1 | remaining: 247s    
step 00345 (17.6%) | loss: 3.418327 | lrm: 1.00 | dt: 158ms | tok/sec: 827,904 | mfu: 22.6% | epoch: 1 | remaining: 247s    
step 00346 (17.7%) | loss: 3.411027 | lrm: 1.00 | dt: 158ms | tok/sec: 828,188 | mfu: 22.6% | epoch: 1 | remaining: 247s    
step 00347 (17.7%) | loss: 3.416912 | lrm: 1.00 | dt: 158ms | tok/sec: 827,977 | mfu: 22.6% | epoch: 1 | remaining: 247s    
step 00348 (17.8%) | loss: 3.417315 | lrm: 1.00 | dt: 158ms | tok/sec: 828,188 | mfu: 22.6% | epoch: 1 | remaining: 247s    
step 00349 (17.8%) | loss: 3.412016 | lrm: 1.00 | dt: 158ms | tok/sec: 828,263 | mfu: 22.6% | epoch: 1 | remaining: 246s    
step 00350 (17.9%) | loss: 3.410022 | lrm: 1.00 | dt: 158ms | tok/sec: 828,096 | mfu: 22.6% | epoch: 1 | remaining: 246s    
step 00351 (17.9%) | loss: 3.409052 | lrm: 1.00 | dt: 158ms | tok/sec: 828,132 | mfu: 22.6% | epoch: 1 | remaining: 246s    
step 00352 (18.0%) | loss: 3.412264 | lrm: 1.00 | dt: 158ms | tok/sec: 828,359 | mfu: 22.6% | epoch: 1 | remaining: 246s    
step 00353 (18.0%) | loss: 3.411163 | lrm: 1.00 | dt: 158ms | tok/sec: 828,591 | mfu: 22.7% | epoch: 1 | remaining: 246s    
step 00354 (18.1%) | loss: 3.403250 | lrm: 1.00 | dt: 158ms | tok/sec: 828,419 | mfu: 22.6% | epoch: 1 | remaining: 246s    
step 00355 (18.1%) | loss: 3.400005 | lrm: 1.00 | dt: 158ms | tok/sec: 828,322 | mfu: 22.6% | epoch: 1 | remaining: 245s    
step 00356 (18.2%) | loss: 3.400693 | lrm: 1.00 | dt: 158ms | tok/sec: 828,443 | mfu: 22.7% | epoch: 1 | remaining: 245s    
step 00357 (18.2%) | loss: 3.404223 | lrm: 1.00 | dt: 158ms | tok/sec: 828,257 | mfu: 22.6% | epoch: 1 | remaining: 245s    
step 00358 (18.3%) | loss: 3.395966 | lrm: 1.00 | dt: 158ms | tok/sec: 827,957 | mfu: 22.6% | epoch: 1 | remaining: 245s    
step 00359 (18.3%) | loss: 3.393949 | lrm: 1.00 | dt: 158ms | tok/sec: 827,930 | mfu: 22.6% | epoch: 1 | remaining: 245s    
step 00360 (18.4%) | loss: 3.389973 | lrm: 1.00 | dt: 158ms | tok/sec: 828,434 | mfu: 22.6% | epoch: 1 | remaining: 245s    
step 00361 (18.5%) | loss: 3.388115 | lrm: 1.00 | dt: 158ms | tok/sec: 828,073 | mfu: 22.6% | epoch: 1 | remaining: 244s    
step 00362 (18.5%) | loss: 3.388528 | lrm: 1.00 | dt: 158ms | tok/sec: 828,266 | mfu: 22.6% | epoch: 1 | remaining: 244s    
step 00363 (18.6%) | loss: 3.389368 | lrm: 1.00 | dt: 158ms | tok/sec: 828,254 | mfu: 22.6% | epoch: 1 | remaining: 244s    
step 00364 (18.6%) | loss: 3.395624 | lrm: 1.00 | dt: 158ms | tok/sec: 828,288 | mfu: 22.6% | epoch: 1 | remaining: 244s    
step 00365 (18.7%) | loss: 3.390083 | lrm: 1.00 | dt: 158ms | tok/sec: 827,985 | mfu: 22.6% | epoch: 1 | remaining: 244s    
step 00366 (18.7%) | loss: 3.387669 | lrm: 1.00 | dt: 158ms | tok/sec: 828,037 | mfu: 22.6% | epoch: 1 | remaining: 244s    
step 00367 (18.8%) | loss: 3.384881 | lrm: 1.00 | dt: 158ms | tok/sec: 828,174 | mfu: 22.6% | epoch: 1 | remaining: 244s    
step 00368 (18.8%) | loss: 3.385749 | lrm: 1.00 | dt: 158ms | tok/sec: 828,460 | mfu: 22.7% | epoch: 1 | remaining: 243s    
step 00369 (18.9%) | loss: 3.379972 | lrm: 1.00 | dt: 158ms | tok/sec: 828,211 | mfu: 22.6% | epoch: 1 | remaining: 243s    
step 00370 (18.9%) | loss: 3.372148 | lrm: 1.00 | dt: 158ms | tok/sec: 828,247 | mfu: 22.6% | epoch: 1 | remaining: 243s    
step 00371 (19.0%) | loss: 3.374128 | lrm: 1.00 | dt: 158ms | tok/sec: 828,213 | mfu: 22.6% | epoch: 1 | remaining: 243s    
step 00372 (19.0%) | loss: 3.373680 | lrm: 1.00 | dt: 158ms | tok/sec: 828,442 | mfu: 22.7% | epoch: 1 | remaining: 243s    
step 00373 (19.1%) | loss: 3.378324 | lrm: 1.00 | dt: 158ms | tok/sec: 828,249 | mfu: 22.6% | epoch: 1 | remaining: 243s    
step 00374 (19.1%) | loss: 3.377911 | lrm: 1.00 | dt: 158ms | tok/sec: 828,266 | mfu: 22.6% | epoch: 1 | remaining: 242s    
step 00375 (19.2%) | loss: 3.384338 | lrm: 1.00 | dt: 158ms | tok/sec: 828,405 | mfu: 22.6% | epoch: 1 | remaining: 242s    
step 00376 (19.2%) | loss: 3.384819 | lrm: 1.00 | dt: 158ms | tok/sec: 828,654 | mfu: 22.7% | epoch: 1 | remaining: 242s    
step 00377 (19.3%) | loss: 3.381468 | lrm: 1.00 | dt: 158ms | tok/sec: 828,247 | mfu: 22.6% | epoch: 1 | remaining: 242s    
step 00378 (19.3%) | loss: 3.382035 | lrm: 1.00 | dt: 158ms | tok/sec: 828,213 | mfu: 22.6% | epoch: 1 | remaining: 242s    
step 00379 (19.4%) | loss: 3.380291 | lrm: 1.00 | dt: 158ms | tok/sec: 828,408 | mfu: 22.6% | epoch: 1 | remaining: 242s    
step 00380 (19.5%) | loss: 3.380798 | lrm: 1.00 | dt: 158ms | tok/sec: 827,969 | mfu: 22.6% | epoch: 1 | remaining: 241s    
step 00381 (19.5%) | loss: 3.384674 | lrm: 1.00 | dt: 158ms | tok/sec: 828,161 | mfu: 22.6% | epoch: 1 | remaining: 241s    
step 00382 (19.6%) | loss: 3.386353 | lrm: 1.00 | dt: 158ms | tok/sec: 828,408 | mfu: 22.6% | epoch: 1 | remaining: 241s    
step 00383 (19.6%) | loss: 3.386744 | lrm: 1.00 | dt: 158ms | tok/sec: 828,209 | mfu: 22.6% | epoch: 1 | remaining: 241s    
step 00384 (19.7%) | loss: 3.385918 | lrm: 1.00 | dt: 158ms | tok/sec: 827,952 | mfu: 22.6% | epoch: 1 | remaining: 241s    
step 00385 (19.7%) | loss: 3.389139 | lrm: 1.00 | dt: 158ms | tok/sec: 828,227 | mfu: 22.6% | epoch: 1 | remaining: 241s    
step 00386 (19.8%) | loss: 3.391404 | lrm: 1.00 | dt: 158ms | tok/sec: 828,353 | mfu: 22.6% | epoch: 1 | remaining: 241s    
step 00387 (19.8%) | loss: 3.393544 | lrm: 1.00 | dt: 158ms | tok/sec: 828,427 | mfu: 22.6% | epoch: 1 | remaining: 240s    
step 00388 (19.9%) | loss: 3.384229 | lrm: 1.00 | dt: 158ms | tok/sec: 827,999 | mfu: 22.6% | epoch: 1 | remaining: 240s    
step 00389 (19.9%) | loss: 3.381974 | lrm: 1.00 | dt: 158ms | tok/sec: 828,400 | mfu: 22.6% | epoch: 1 | remaining: 240s    
step 00390 (20.0%) | loss: 3.380136 | lrm: 1.00 | dt: 158ms | tok/sec: 827,982 | mfu: 22.6% | epoch: 1 | remaining: 240s    
step 00391 (20.0%) | loss: 3.373082 | lrm: 1.00 | dt: 158ms | tok/sec: 828,363 | mfu: 22.6% | epoch: 1 | remaining: 240s    
step 00392 (20.1%) | loss: 3.374694 | lrm: 1.00 | dt: 158ms | tok/sec: 828,224 | mfu: 22.6% | epoch: 1 | remaining: 240s    
step 00393 (20.1%) | loss: 3.372755 | lrm: 1.00 | dt: 158ms | tok/sec: 828,223 | mfu: 22.6% | epoch: 1 | remaining: 239s    
step 00394 (20.2%) | loss: 3.374199 | lrm: 1.00 | dt: 158ms | tok/sec: 828,133 | mfu: 22.6% | epoch: 1 | remaining: 239s    
step 00395 (20.2%) | loss: 3.375586 | lrm: 1.00 | dt: 158ms | tok/sec: 828,146 | mfu: 22.6% | epoch: 1 | remaining: 239s    
step 00396 (20.3%) | loss: 3.373560 | lrm: 1.00 | dt: 158ms | tok/sec: 828,297 | mfu: 22.6% | epoch: 1 | remaining: 239s    
step 00397 (20.4%) | loss: 3.368086 | lrm: 1.00 | dt: 158ms | tok/sec: 828,170 | mfu: 22.6% | epoch: 1 | remaining: 239s    
step 00398 (20.4%) | loss: 3.363896 | lrm: 1.00 | dt: 158ms | tok/sec: 828,176 | mfu: 22.6% | epoch: 1 | remaining: 239s    
step 00399 (20.5%) | loss: 3.364881 | lrm: 1.00 | dt: 158ms | tok/sec: 828,374 | mfu: 22.6% | epoch: 1 | remaining: 238s    
step 00400 (20.5%) | loss: 3.368704 | lrm: 1.00 | dt: 158ms | tok/sec: 828,141 | mfu: 22.6% | epoch: 1 | remaining: 238s    
step 00401 (20.6%) | loss: 3.364608 | lrm: 1.00 | dt: 158ms | tok/sec: 828,262 | mfu: 22.6% | epoch: 1 | remaining: 238s    
step 00402 (20.6%) | loss: 3.362842 | lrm: 1.00 | dt: 158ms | tok/sec: 828,163 | mfu: 22.6% | epoch: 1 | remaining: 238s    
step 00403 (20.7%) | loss: 3.364445 | lrm: 1.00 | dt: 158ms | tok/sec: 827,878 | mfu: 22.6% | epoch: 1 | remaining: 238s    
step 00404 (20.7%) | loss: 3.367136 | lrm: 1.00 | dt: 158ms | tok/sec: 828,297 | mfu: 22.6% | epoch: 1 | remaining: 238s    
step 00405 (20.8%) | loss: 3.362600 | lrm: 1.00 | dt: 158ms | tok/sec: 828,184 | mfu: 22.6% | epoch: 1 | remaining: 238s    
step 00406 (20.8%) | loss: 3.352893 | lrm: 1.00 | dt: 158ms | tok/sec: 828,242 | mfu: 22.6% | epoch: 1 | remaining: 237s    
step 00407 (20.9%) | loss: 3.353063 | lrm: 1.00 | dt: 158ms | tok/sec: 828,196 | mfu: 22.6% | epoch: 1 | remaining: 237s    
step 00408 (20.9%) | loss: 3.349372 | lrm: 1.00 | dt: 158ms | tok/sec: 828,294 | mfu: 22.6% | epoch: 1 | remaining: 237s    
step 00409 (21.0%) | loss: 3.346186 | lrm: 1.00 | dt: 158ms | tok/sec: 828,209 | mfu: 22.6% | epoch: 1 | remaining: 237s    
step 00410 (21.0%) | loss: 3.344483 | lrm: 1.00 | dt: 158ms | tok/sec: 828,140 | mfu: 22.6% | epoch: 1 | remaining: 237s    
step 00411 (21.1%) | loss: 3.344070 | lrm: 1.00 | dt: 158ms | tok/sec: 827,965 | mfu: 22.6% | epoch: 1 | remaining: 237s    
step 00412 (21.1%) | loss: 3.341427 | lrm: 1.00 | dt: 158ms | tok/sec: 827,605 | mfu: 22.6% | epoch: 1 | remaining: 236s    
step 00413 (21.2%) | loss: 3.339000 | lrm: 1.00 | dt: 158ms | tok/sec: 828,088 | mfu: 22.6% | epoch: 1 | remaining: 236s    
step 00414 (21.2%) | loss: 3.339316 | lrm: 1.00 | dt: 158ms | tok/sec: 828,209 | mfu: 22.6% | epoch: 1 | remaining: 236s    
step 00415 (21.3%) | loss: 3.341388 | lrm: 1.00 | dt: 158ms | tok/sec: 828,253 | mfu: 22.6% | epoch: 1 | remaining: 236s    
step 00416 (21.4%) | loss: 3.334198 | lrm: 1.00 | dt: 158ms | tok/sec: 828,213 | mfu: 22.6% | epoch: 1 | remaining: 236s    
step 00417 (21.4%) | loss: 3.322265 | lrm: 1.00 | dt: 158ms | tok/sec: 828,148 | mfu: 22.6% | epoch: 1 | remaining: 236s    
step 00418 (21.5%) | loss: 3.315142 | lrm: 1.00 | dt: 158ms | tok/sec: 828,191 | mfu: 22.6% | epoch: 1 | remaining: 235s    
step 00419 (21.5%) | loss: 3.310613 | lrm: 1.00 | dt: 158ms | tok/sec: 828,217 | mfu: 22.6% | epoch: 1 | remaining: 235s    
step 00420 (21.6%) | loss: 3.310503 | lrm: 1.00 | dt: 158ms | tok/sec: 828,253 | mfu: 22.6% | epoch: 1 | remaining: 235s    
step 00421 (21.6%) | loss: 3.308471 | lrm: 1.00 | dt: 158ms | tok/sec: 828,182 | mfu: 22.6% | epoch: 1 | remaining: 235s    
step 00422 (21.7%) | loss: 3.306664 | lrm: 1.00 | dt: 158ms | tok/sec: 828,234 | mfu: 22.6% | epoch: 1 | remaining: 235s    
step 00423 (21.7%) | loss: 3.316048 | lrm: 1.00 | dt: 158ms | tok/sec: 828,264 | mfu: 22.6% | epoch: 1 | remaining: 235s    
step 00424 (21.8%) | loss: 3.311800 | lrm: 1.00 | dt: 158ms | tok/sec: 828,199 | mfu: 22.6% | epoch: 1 | remaining: 235s    
step 00425 (21.8%) | loss: 3.313380 | lrm: 1.00 | dt: 158ms | tok/sec: 828,045 | mfu: 22.6% | epoch: 1 | remaining: 234s    
step 00426 (21.9%) | loss: 3.316735 | lrm: 1.00 | dt: 158ms | tok/sec: 827,432 | mfu: 22.6% | epoch: 1 | remaining: 234s    
step 00427 (21.9%) | loss: 3.321001 | lrm: 1.00 | dt: 158ms | tok/sec: 828,150 | mfu: 22.6% | epoch: 1 | remaining: 234s    
step 00428 (22.0%) | loss: 3.322467 | lrm: 1.00 | dt: 158ms | tok/sec: 828,440 | mfu: 22.7% | epoch: 1 | remaining: 234s    
step 00429 (22.0%) | loss: 3.319259 | lrm: 1.00 | dt: 158ms | tok/sec: 828,027 | mfu: 22.6% | epoch: 1 | remaining: 234s    
step 00430 (22.1%) | loss: 3.317530 | lrm: 1.00 | dt: 158ms | tok/sec: 827,777 | mfu: 22.6% | epoch: 1 | remaining: 234s    
step 00431 (22.1%) | loss: 3.315496 | lrm: 1.00 | dt: 159ms | tok/sec: 826,869 | mfu: 22.6% | epoch: 1 | remaining: 233s    
step 00432 (22.2%) | loss: 3.320966 | lrm: 1.00 | dt: 158ms | tok/sec: 827,419 | mfu: 22.6% | epoch: 1 | remaining: 233s    
step 00433 (22.3%) | loss: 3.319651 | lrm: 1.00 | dt: 159ms | tok/sec: 826,843 | mfu: 22.6% | epoch: 1 | remaining: 233s    
step 00434 (22.3%) | loss: 3.326043 | lrm: 1.00 | dt: 158ms | tok/sec: 827,759 | mfu: 22.6% | epoch: 1 | remaining: 233s    
step 00435 (22.4%) | loss: 3.324235 | lrm: 1.00 | dt: 158ms | tok/sec: 827,746 | mfu: 22.6% | epoch: 1 | remaining: 233s    
step 00436 (22.4%) | loss: 3.330144 | lrm: 1.00 | dt: 158ms | tok/sec: 828,214 | mfu: 22.6% | epoch: 1 | remaining: 233s    
step 00437 (22.5%) | loss: 3.326114 | lrm: 1.00 | dt: 158ms | tok/sec: 828,161 | mfu: 22.6% | epoch: 1 | remaining: 232s    
step 00438 (22.5%) | loss: 3.321159 | lrm: 1.00 | dt: 158ms | tok/sec: 828,202 | mfu: 22.6% | epoch: 1 | remaining: 232s    
step 00439 (22.6%) | loss: 3.316365 | lrm: 1.00 | dt: 158ms | tok/sec: 828,097 | mfu: 22.6% | epoch: 1 | remaining: 232s    
step 00440 (22.6%) | loss: 3.320055 | lrm: 1.00 | dt: 158ms | tok/sec: 828,236 | mfu: 22.6% | epoch: 1 | remaining: 232s    
step 00441 (22.7%) | loss: 3.319234 | lrm: 1.00 | dt: 158ms | tok/sec: 828,156 | mfu: 22.6% | epoch: 1 | remaining: 232s    
step 00442 (22.7%) | loss: 3.320298 | lrm: 1.00 | dt: 158ms | tok/sec: 828,157 | mfu: 22.6% | epoch: 1 | remaining: 232s    
step 00443 (22.8%) | loss: 3.322182 | lrm: 1.00 | dt: 158ms | tok/sec: 828,293 | mfu: 22.6% | epoch: 1 | remaining: 232s    
step 00444 (22.8%) | loss: 3.320183 | lrm: 1.00 | dt: 158ms | tok/sec: 828,415 | mfu: 22.6% | epoch: 1 | remaining: 231s    
step 00445 (22.9%) | loss: 3.318101 | lrm: 1.00 | dt: 158ms | tok/sec: 828,241 | mfu: 22.6% | epoch: 1 | remaining: 231s    
step 00446 (22.9%) | loss: 3.321112 | lrm: 1.00 | dt: 158ms | tok/sec: 828,133 | mfu: 22.6% | epoch: 1 | remaining: 231s    
step 00447 (23.0%) | loss: 3.323268 | lrm: 1.00 | dt: 158ms | tok/sec: 828,374 | mfu: 22.6% | epoch: 1 | remaining: 231s    
step 00448 (23.0%) | loss: 3.329047 | lrm: 1.00 | dt: 158ms | tok/sec: 828,309 | mfu: 22.6% | epoch: 1 | remaining: 231s    
step 00449 (23.1%) | loss: 3.331345 | lrm: 1.00 | dt: 158ms | tok/sec: 828,020 | mfu: 22.6% | epoch: 1 | remaining: 231s    
step 00450 (23.1%) | loss: 3.328989 | lrm: 1.00 | dt: 158ms | tok/sec: 828,115 | mfu: 22.6% | epoch: 1 | remaining: 230s    
step 00451 (23.2%) | loss: 3.332517 | lrm: 1.00 | dt: 158ms | tok/sec: 828,340 | mfu: 22.6% | epoch: 1 | remaining: 230s    
step 00452 (23.3%) | loss: 3.326256 | lrm: 1.00 | dt: 158ms | tok/sec: 827,635 | mfu: 22.6% | epoch: 1 | remaining: 230s    
step 00453 (23.3%) | loss: 3.333006 | lrm: 1.00 | dt: 158ms | tok/sec: 828,087 | mfu: 22.6% | epoch: 1 | remaining: 230s    
step 00454 (23.4%) | loss: 3.324602 | lrm: 1.00 | dt: 158ms | tok/sec: 827,886 | mfu: 22.6% | epoch: 1 | remaining: 230s    
step 00455 (23.4%) | loss: 3.325660 | lrm: 1.00 | dt: 158ms | tok/sec: 828,196 | mfu: 22.6% | epoch: 1 | remaining: 230s    
step 00456 (23.5%) | loss: 3.332955 | lrm: 1.00 | dt: 158ms | tok/sec: 828,217 | mfu: 22.6% | epoch: 1 | remaining: 229s    
step 00457 (23.5%) | loss: 3.332164 | lrm: 1.00 | dt: 158ms | tok/sec: 828,474 | mfu: 22.7% | epoch: 1 | remaining: 229s    
step 00458 (23.6%) | loss: 3.326343 | lrm: 1.00 | dt: 158ms | tok/sec: 828,387 | mfu: 22.6% | epoch: 1 | remaining: 229s    
step 00459 (23.6%) | loss: 3.321726 | lrm: 1.00 | dt: 158ms | tok/sec: 827,987 | mfu: 22.6% | epoch: 1 | remaining: 229s    
step 00460 (23.7%) | loss: 3.327691 | lrm: 1.00 | dt: 158ms | tok/sec: 828,377 | mfu: 22.6% | epoch: 1 | remaining: 229s    
step 00461 (23.7%) | loss: 3.332693 | lrm: 1.00 | dt: 158ms | tok/sec: 827,972 | mfu: 22.6% | epoch: 1 | remaining: 229s    
step 00462 (23.8%) | loss: 3.332019 | lrm: 1.00 | dt: 158ms | tok/sec: 828,287 | mfu: 22.6% | epoch: 1 | remaining: 228s    
step 00463 (23.8%) | loss: 3.333972 | lrm: 1.00 | dt: 158ms | tok/sec: 828,103 | mfu: 22.6% | epoch: 1 | remaining: 228s    
step 00464 (23.9%) | loss: 3.336775 | lrm: 1.00 | dt: 158ms | tok/sec: 828,092 | mfu: 22.6% | epoch: 1 | remaining: 228s    
step 00465 (23.9%) | loss: 3.332399 | lrm: 1.00 | dt: 158ms | tok/sec: 828,301 | mfu: 22.6% | epoch: 1 | remaining: 228s    
step 00466 (24.0%) | loss: 3.335586 | lrm: 1.00 | dt: 158ms | tok/sec: 828,241 | mfu: 22.6% | epoch: 1 | remaining: 228s    
step 00467 (24.0%) | loss: 3.327638 | lrm: 1.00 | dt: 158ms | tok/sec: 828,373 | mfu: 22.6% | epoch: 1 | remaining: 228s    
step 00468 (24.1%) | loss: 3.321241 | lrm: 1.00 | dt: 158ms | tok/sec: 828,121 | mfu: 22.6% | epoch: 1 | remaining: 228s    
step 00469 (24.1%) | loss: 3.320334 | lrm: 1.00 | dt: 158ms | tok/sec: 828,412 | mfu: 22.6% | epoch: 1 | remaining: 227s    
step 00470 (24.2%) | loss: 3.321268 | lrm: 1.00 | dt: 158ms | tok/sec: 828,202 | mfu: 22.6% | epoch: 1 | remaining: 227s    
step 00471 (24.3%) | loss: 3.326070 | lrm: 1.00 | dt: 158ms | tok/sec: 828,558 | mfu: 22.7% | epoch: 1 | remaining: 227s    
step 00472 (24.3%) | loss: 3.333612 | lrm: 1.00 | dt: 158ms | tok/sec: 827,976 | mfu: 22.6% | epoch: 1 | remaining: 227s    
step 00473 (24.4%) | loss: 3.332026 | lrm: 1.00 | dt: 158ms | tok/sec: 828,475 | mfu: 22.7% | epoch: 1 | remaining: 227s    
step 00474 (24.4%) | loss: 3.333739 | lrm: 1.00 | dt: 158ms | tok/sec: 828,459 | mfu: 22.7% | epoch: 1 | remaining: 227s    
step 00475 (24.5%) | loss: 3.331506 | lrm: 1.00 | dt: 158ms | tok/sec: 828,367 | mfu: 22.6% | epoch: 1 | remaining: 226s    
step 00476 (24.5%) | loss: 3.324408 | lrm: 1.00 | dt: 158ms | tok/sec: 828,318 | mfu: 22.6% | epoch: 1 | remaining: 226s    
step 00477 (24.6%) | loss: 3.322865 | lrm: 1.00 | dt: 158ms | tok/sec: 828,191 | mfu: 22.6% | epoch: 1 | remaining: 226s    
step 00478 (24.6%) | loss: 3.317260 | lrm: 1.00 | dt: 158ms | tok/sec: 828,178 | mfu: 22.6% | epoch: 1 | remaining: 226s    
step 00479 (24.7%) | loss: 3.318244 | lrm: 1.00 | dt: 158ms | tok/sec: 828,438 | mfu: 22.7% | epoch: 1 | remaining: 226s    
step 00480 (24.7%) | loss: 3.316612 | lrm: 1.00 | dt: 158ms | tok/sec: 828,330 | mfu: 22.6% | epoch: 1 | remaining: 226s    
step 00481 (24.8%) | loss: 3.319271 | lrm: 1.00 | dt: 158ms | tok/sec: 828,704 | mfu: 22.7% | epoch: 1 | remaining: 225s    
step 00482 (24.8%) | loss: 3.319206 | lrm: 1.00 | dt: 158ms | tok/sec: 827,941 | mfu: 22.6% | epoch: 1 | remaining: 225s    
step 00483 (24.9%) | loss: 3.320111 | lrm: 1.00 | dt: 158ms | tok/sec: 828,065 | mfu: 22.6% | epoch: 1 | remaining: 225s    
step 00484 (24.9%) | loss: 3.321661 | lrm: 1.00 | dt: 158ms | tok/sec: 828,292 | mfu: 22.6% | epoch: 1 | remaining: 225s    
step 00485 (25.0%) | loss: 3.323388 | lrm: 1.00 | dt: 158ms | tok/sec: 828,293 | mfu: 22.6% | epoch: 1 | remaining: 225s    
step 00486 (25.0%) | loss: 3.318143 | lrm: 1.00 | dt: 158ms | tok/sec: 828,427 | mfu: 22.6% | epoch: 1 | remaining: 225s    
step 00487 (25.1%) | loss: 3.314692 | lrm: 1.00 | dt: 158ms | tok/sec: 828,504 | mfu: 22.7% | epoch: 1 | remaining: 225s    
step 00488 (25.2%) | loss: 3.310024 | lrm: 1.00 | dt: 158ms | tok/sec: 828,117 | mfu: 22.6% | epoch: 1 | remaining: 224s    
step 00489 (25.2%) | loss: 3.295864 | lrm: 1.00 | dt: 158ms | tok/sec: 828,364 | mfu: 22.6% | epoch: 1 | remaining: 224s    
step 00490 (25.3%) | loss: 3.287103 | lrm: 1.00 | dt: 158ms | tok/sec: 828,133 | mfu: 22.6% | epoch: 1 | remaining: 224s    
step 00491 (25.3%) | loss: 3.285245 | lrm: 1.00 | dt: 158ms | tok/sec: 827,415 | mfu: 22.6% | epoch: 1 | remaining: 224s    
step 00492 (25.4%) | loss: 3.282922 | lrm: 1.00 | dt: 158ms | tok/sec: 827,810 | mfu: 22.6% | epoch: 1 | remaining: 224s    
step 00493 (25.4%) | loss: 3.283935 | lrm: 1.00 | dt: 158ms | tok/sec: 827,985 | mfu: 22.6% | epoch: 1 | remaining: 224s    
step 00494 (25.5%) | loss: 3.281405 | lrm: 1.00 | dt: 158ms | tok/sec: 828,148 | mfu: 22.6% | epoch: 1 | remaining: 223s    
step 00495 (25.5%) | loss: 3.285917 | lrm: 1.00 | dt: 158ms | tok/sec: 828,299 | mfu: 22.6% | epoch: 1 | remaining: 223s    
step 00496 (25.6%) | loss: 3.284713 | lrm: 1.00 | dt: 158ms | tok/sec: 828,141 | mfu: 22.6% | epoch: 1 | remaining: 223s    
step 00497 (25.6%) | loss: 3.287899 | lrm: 1.00 | dt: 158ms | tok/sec: 828,244 | mfu: 22.6% | epoch: 1 | remaining: 223s    
step 00498 (25.7%) | loss: 3.292723 | lrm: 1.00 | dt: 158ms | tok/sec: 828,117 | mfu: 22.6% | epoch: 1 | remaining: 223s    
step 00499 (25.7%) | loss: 3.295953 | lrm: 1.00 | dt: 158ms | tok/sec: 828,459 | mfu: 22.7% | epoch: 1 | remaining: 223s    
step 00500 (25.8%) | loss: 3.297995 | lrm: 1.00 | dt: 158ms | tok/sec: 828,340 | mfu: 22.6% | epoch: 1 | remaining: 222s    
step 00501 (25.8%) | loss: 3.297169 | lrm: 1.00 | dt: 158ms | tok/sec: 828,188 | mfu: 22.6% | epoch: 1 | remaining: 222s    
step 00502 (25.9%) | loss: 3.298101 | lrm: 1.00 | dt: 158ms | tok/sec: 828,423 | mfu: 22.6% | epoch: 1 | remaining: 222s    
step 00503 (25.9%) | loss: 3.299078 | lrm: 1.00 | dt: 158ms | tok/sec: 828,333 | mfu: 22.6% | epoch: 1 | remaining: 222s    
step 00504 (26.0%) | loss: 3.292793 | lrm: 1.00 | dt: 158ms | tok/sec: 828,454 | mfu: 22.7% | epoch: 1 | remaining: 222s    
step 00505 (26.0%) | loss: 3.289932 | lrm: 1.00 | dt: 158ms | tok/sec: 828,188 | mfu: 22.6% | epoch: 1 | remaining: 222s    
step 00506 (26.1%) | loss: 3.288209 | lrm: 1.00 | dt: 158ms | tok/sec: 828,234 | mfu: 22.6% | epoch: 1 | remaining: 222s    
step 00507 (26.2%) | loss: 3.290060 | lrm: 1.00 | dt: 158ms | tok/sec: 828,032 | mfu: 22.6% | epoch: 1 | remaining: 221s    
step 00508 (26.2%) | loss: 3.288002 | lrm: 1.00 | dt: 158ms | tok/sec: 828,423 | mfu: 22.6% | epoch: 1 | remaining: 221s    
step 00509 (26.3%) | loss: 3.284630 | lrm: 1.00 | dt: 158ms | tok/sec: 828,107 | mfu: 22.6% | epoch: 1 | remaining: 221s    
step 00510 (26.3%) | loss: 3.290161 | lrm: 1.00 | dt: 158ms | tok/sec: 828,294 | mfu: 22.6% | epoch: 1 | remaining: 221s    
step 00511 (26.4%) | loss: 3.292332 | lrm: 1.00 | dt: 158ms | tok/sec: 827,361 | mfu: 22.6% | epoch: 1 | remaining: 221s    
step 00512 (26.4%) | loss: 3.288073 | lrm: 1.00 | dt: 158ms | tok/sec: 828,080 | mfu: 22.6% | epoch: 1 | remaining: 221s    
step 00513 (26.5%) | loss: 3.282640 | lrm: 1.00 | dt: 158ms | tok/sec: 828,042 | mfu: 22.6% | epoch: 1 | remaining: 220s    
step 00514 (26.5%) | loss: 3.283440 | lrm: 1.00 | dt: 158ms | tok/sec: 828,100 | mfu: 22.6% | epoch: 1 | remaining: 220s    
step 00515 (26.6%) | loss: 3.281080 | lrm: 1.00 | dt: 158ms | tok/sec: 828,132 | mfu: 22.6% | epoch: 1 | remaining: 220s    
step 00516 (26.6%) | loss: 3.283291 | lrm: 1.00 | dt: 158ms | tok/sec: 828,165 | mfu: 22.6% | epoch: 1 | remaining: 220s    
step 00517 (26.7%) | loss: 3.286224 | lrm: 1.00 | dt: 158ms | tok/sec: 828,223 | mfu: 22.6% | epoch: 1 | remaining: 220s    
step 00518 (26.7%) | loss: 3.281316 | lrm: 1.00 | dt: 158ms | tok/sec: 828,207 | mfu: 22.6% | epoch: 1 | remaining: 220s    
step 00519 (26.8%) | loss: 3.281111 | lrm: 1.00 | dt: 158ms | tok/sec: 828,312 | mfu: 22.6% | epoch: 1 | remaining: 219s    
step 00520 (26.8%) | loss: 3.276750 | lrm: 1.00 | dt: 158ms | tok/sec: 828,277 | mfu: 22.6% | epoch: 1 | remaining: 219s    
step 00521 (26.9%) | loss: 3.278127 | lrm: 1.00 | dt: 158ms | tok/sec: 828,252 | mfu: 22.6% | epoch: 1 | remaining: 219s    
step 00522 (26.9%) | loss: 3.280541 | lrm: 1.00 | dt: 158ms | tok/sec: 828,402 | mfu: 22.6% | epoch: 1 | remaining: 219s    
step 00523 (27.0%) | loss: 3.278654 | lrm: 1.00 | dt: 158ms | tok/sec: 828,055 | mfu: 22.6% | epoch: 1 | remaining: 219s    
step 00524 (27.1%) | loss: 3.282467 | lrm: 1.00 | dt: 158ms | tok/sec: 828,070 | mfu: 22.6% | epoch: 1 | remaining: 219s    
step 00525 (27.1%) | loss: 3.281137 | lrm: 1.00 | dt: 158ms | tok/sec: 828,070 | mfu: 22.6% | epoch: 1 | remaining: 219s    
step 00526 (27.2%) | loss: 3.279242 | lrm: 1.00 | dt: 158ms | tok/sec: 828,160 | mfu: 22.6% | epoch: 1 | remaining: 218s    
step 00527 (27.2%) | loss: 3.279676 | lrm: 1.00 | dt: 158ms | tok/sec: 827,941 | mfu: 22.6% | epoch: 1 | remaining: 218s    
step 00528 (27.3%) | loss: 3.275374 | lrm: 1.00 | dt: 158ms | tok/sec: 828,034 | mfu: 22.6% | epoch: 1 | remaining: 218s    
step 00529 (27.3%) | loss: 3.277764 | lrm: 1.00 | dt: 158ms | tok/sec: 828,219 | mfu: 22.6% | epoch: 1 | remaining: 218s    
step 00530 (27.4%) | loss: 3.278042 | lrm: 1.00 | dt: 158ms | tok/sec: 827,954 | mfu: 22.6% | epoch: 1 | remaining: 218s    
step 00531 (27.4%) | loss: 3.277652 | lrm: 1.00 | dt: 158ms | tok/sec: 827,415 | mfu: 22.6% | epoch: 1 | remaining: 218s    
step 00532 (27.5%) | loss: 3.278527 | lrm: 1.00 | dt: 158ms | tok/sec: 827,832 | mfu: 22.6% | epoch: 1 | remaining: 217s    
step 00533 (27.5%) | loss: 3.273713 | lrm: 1.00 | dt: 158ms | tok/sec: 827,903 | mfu: 22.6% | epoch: 1 | remaining: 217s    
step 00534 (27.6%) | loss: 3.279686 | lrm: 1.00 | dt: 158ms | tok/sec: 828,063 | mfu: 22.6% | epoch: 1 | remaining: 217s    
step 00535 (27.6%) | loss: 3.269876 | lrm: 1.00 | dt: 158ms | tok/sec: 828,267 | mfu: 22.6% | epoch: 1 | remaining: 217s    
step 00536 (27.7%) | loss: 3.271685 | lrm: 1.00 | dt: 158ms | tok/sec: 828,133 | mfu: 22.6% | epoch: 1 | remaining: 217s    
step 00537 (27.7%) | loss: 3.277942 | lrm: 1.00 | dt: 158ms | tok/sec: 828,500 | mfu: 22.7% | epoch: 1 | remaining: 217s    
step 00538 (27.8%) | loss: 3.278794 | lrm: 1.00 | dt: 158ms | tok/sec: 828,320 | mfu: 22.6% | epoch: 1 | remaining: 216s    
step 00539 (27.8%) | loss: 3.275037 | lrm: 1.00 | dt: 158ms | tok/sec: 828,261 | mfu: 22.6% | epoch: 1 | remaining: 216s    
step 00540 (27.9%) | loss: 3.267401 | lrm: 1.00 | dt: 158ms | tok/sec: 828,148 | mfu: 22.6% | epoch: 1 | remaining: 216s    
step 00541 (27.9%) | loss: 3.264499 | lrm: 1.00 | dt: 158ms | tok/sec: 828,263 | mfu: 22.6% | epoch: 1 | remaining: 216s    
step 00542 (28.0%) | loss: 3.268288 | lrm: 1.00 | dt: 158ms | tok/sec: 828,053 | mfu: 22.6% | epoch: 1 | remaining: 216s    
step 00543 (28.1%) | loss: 3.269692 | lrm: 1.00 | dt: 158ms | tok/sec: 828,138 | mfu: 22.6% | epoch: 1 | remaining: 216s    
step 00544 (28.1%) | loss: 3.260619 | lrm: 1.00 | dt: 158ms | tok/sec: 828,078 | mfu: 22.6% | epoch: 1 | remaining: 216s    
step 00545 (28.2%) | loss: 3.265256 | lrm: 1.00 | dt: 158ms | tok/sec: 828,120 | mfu: 22.6% | epoch: 1 | remaining: 215s    
step 00546 (28.2%) | loss: 3.267603 | lrm: 1.00 | dt: 158ms | tok/sec: 828,117 | mfu: 22.6% | epoch: 1 | remaining: 215s    
step 00547 (28.3%) | loss: 3.260070 | lrm: 1.00 | dt: 158ms | tok/sec: 828,309 | mfu: 22.6% | epoch: 1 | remaining: 215s    
step 00548 (28.3%) | loss: 3.261008 | lrm: 1.00 | dt: 158ms | tok/sec: 828,176 | mfu: 22.6% | epoch: 1 | remaining: 215s    
step 00549 (28.4%) | loss: 3.251699 | lrm: 1.00 | dt: 158ms | tok/sec: 828,066 | mfu: 22.6% | epoch: 1 | remaining: 215s    
step 00550 (28.4%) | loss: 3.249596 | lrm: 1.00 | dt: 158ms | tok/sec: 827,576 | mfu: 22.6% | epoch: 1 | remaining: 215s    
step 00551 (28.5%) | loss: 3.256826 | lrm: 1.00 | dt: 158ms | tok/sec: 827,513 | mfu: 22.6% | epoch: 1 | remaining: 214s    
step 00552 (28.5%) | loss: 3.253367 | lrm: 1.00 | dt: 158ms | tok/sec: 827,920 | mfu: 22.6% | epoch: 1 | remaining: 214s    
step 00553 (28.6%) | loss: 3.255918 | lrm: 1.00 | dt: 158ms | tok/sec: 828,302 | mfu: 22.6% | epoch: 1 | remaining: 214s    
step 00554 (28.6%) | loss: 3.247926 | lrm: 1.00 | dt: 158ms | tok/sec: 828,188 | mfu: 22.6% | epoch: 1 | remaining: 214s    
step 00555 (28.7%) | loss: 3.248558 | lrm: 1.00 | dt: 158ms | tok/sec: 827,951 | mfu: 22.6% | epoch: 1 | remaining: 214s    
step 00556 (28.7%) | loss: 3.253541 | lrm: 1.00 | dt: 158ms | tok/sec: 828,221 | mfu: 22.6% | epoch: 1 | remaining: 214s    
step 00557 (28.8%) | loss: 3.259699 | lrm: 1.00 | dt: 158ms | tok/sec: 827,956 | mfu: 22.6% | epoch: 1 | remaining: 213s    
step 00558 (28.8%) | loss: 3.251363 | lrm: 1.00 | dt: 158ms | tok/sec: 828,141 | mfu: 22.6% | epoch: 1 | remaining: 213s    
step 00559 (28.9%) | loss: 3.250920 | lrm: 1.00 | dt: 158ms | tok/sec: 828,232 | mfu: 22.6% | epoch: 1 | remaining: 213s    
step 00560 (29.0%) | loss: 3.243386 | lrm: 1.00 | dt: 158ms | tok/sec: 828,228 | mfu: 22.6% | epoch: 1 | remaining: 213s    
step 00561 (29.0%) | loss: 3.241181 | lrm: 1.00 | dt: 158ms | tok/sec: 827,913 | mfu: 22.6% | epoch: 1 | remaining: 213s    
step 00562 (29.1%) | loss: 3.239520 | lrm: 1.00 | dt: 158ms | tok/sec: 828,298 | mfu: 22.6% | epoch: 1 | remaining: 213s    
step 00563 (29.1%) | loss: 3.241082 | lrm: 1.00 | dt: 158ms | tok/sec: 828,047 | mfu: 22.6% | epoch: 1 | remaining: 213s    
step 00564 (29.2%) | loss: 3.238398 | lrm: 1.00 | dt: 158ms | tok/sec: 828,259 | mfu: 22.6% | epoch: 1 | remaining: 212s    
step 00565 (29.2%) | loss: 3.236230 | lrm: 1.00 | dt: 158ms | tok/sec: 828,146 | mfu: 22.6% | epoch: 1 | remaining: 212s    
step 00566 (29.3%) | loss: 3.239553 | lrm: 1.00 | dt: 158ms | tok/sec: 827,995 | mfu: 22.6% | epoch: 1 | remaining: 212s    
step 00567 (29.3%) | loss: 3.236850 | lrm: 1.00 | dt: 158ms | tok/sec: 828,194 | mfu: 22.6% | epoch: 1 | remaining: 212s    
step 00568 (29.4%) | loss: 3.239123 | lrm: 1.00 | dt: 158ms | tok/sec: 828,212 | mfu: 22.6% | epoch: 1 | remaining: 212s    
step 00569 (29.4%) | loss: 3.238657 | lrm: 1.00 | dt: 158ms | tok/sec: 828,031 | mfu: 22.6% | epoch: 1 | remaining: 212s    
step 00570 (29.5%) | loss: 3.238595 | lrm: 1.00 | dt: 158ms | tok/sec: 828,313 | mfu: 22.6% | epoch: 1 | remaining: 211s    
step 00571 (29.5%) | loss: 3.243457 | lrm: 1.00 | dt: 158ms | tok/sec: 828,161 | mfu: 22.6% | epoch: 1 | remaining: 211s    
step 00572 (29.6%) | loss: 3.244631 | lrm: 1.00 | dt: 158ms | tok/sec: 828,211 | mfu: 22.6% | epoch: 1 | remaining: 211s    
step 00573 (29.6%) | loss: 3.244626 | lrm: 1.00 | dt: 158ms | tok/sec: 827,950 | mfu: 22.6% | epoch: 1 | remaining: 211s    
step 00574 (29.7%) | loss: 3.246433 | lrm: 1.00 | dt: 158ms | tok/sec: 828,005 | mfu: 22.6% | epoch: 1 | remaining: 211s    
step 00575 (29.7%) | loss: 3.247825 | lrm: 1.00 | dt: 158ms | tok/sec: 828,143 | mfu: 22.6% | epoch: 1 | remaining: 211s    
step 00576 (29.8%) | loss: 3.249624 | lrm: 1.00 | dt: 158ms | tok/sec: 828,077 | mfu: 22.6% | epoch: 1 | remaining: 210s    
step 00577 (29.8%) | loss: 3.242450 | lrm: 1.00 | dt: 158ms | tok/sec: 828,077 | mfu: 22.6% | epoch: 1 | remaining: 210s    
step 00578 (29.9%) | loss: 3.244666 | lrm: 1.00 | dt: 158ms | tok/sec: 828,383 | mfu: 22.6% | epoch: 1 | remaining: 210s    
step 00579 (30.0%) | loss: 3.240279 | lrm: 1.00 | dt: 158ms | tok/sec: 828,242 | mfu: 22.6% | epoch: 1 | remaining: 210s    
step 00580 (30.0%) | loss: 3.253154 | lrm: 1.00 | dt: 158ms | tok/sec: 828,026 | mfu: 22.6% | epoch: 1 | remaining: 210s    
step 00581 (30.1%) | loss: 3.253891 | lrm: 1.00 | dt: 158ms | tok/sec: 828,204 | mfu: 22.6% | epoch: 1 | remaining: 210s    
step 00582 (30.1%) | loss: 3.251935 | lrm: 1.00 | dt: 158ms | tok/sec: 828,309 | mfu: 22.6% | epoch: 1 | remaining: 210s    
step 00583 (30.2%) | loss: 3.253761 | lrm: 1.00 | dt: 158ms | tok/sec: 828,344 | mfu: 22.6% | epoch: 1 | remaining: 209s    
step 00584 (30.2%) | loss: 3.251771 | lrm: 1.00 | dt: 158ms | tok/sec: 828,178 | mfu: 22.6% | epoch: 1 | remaining: 209s    
step 00585 (30.3%) | loss: 3.249912 | lrm: 1.00 | dt: 158ms | tok/sec: 828,165 | mfu: 22.6% | epoch: 1 | remaining: 209s    
step 00586 (30.3%) | loss: 3.252496 | lrm: 1.00 | dt: 158ms | tok/sec: 828,036 | mfu: 22.6% | epoch: 1 | remaining: 209s    
step 00587 (30.4%) | loss: 3.251951 | lrm: 0.99 | dt: 158ms | tok/sec: 828,327 | mfu: 22.6% | epoch: 1 | remaining: 209s    
step 00588 (30.4%) | loss: 3.253217 | lrm: 0.99 | dt: 158ms | tok/sec: 828,100 | mfu: 22.6% | epoch: 1 | remaining: 209s    
step 00589 (30.5%) | loss: 3.248303 | lrm: 0.99 | dt: 158ms | tok/sec: 828,223 | mfu: 22.6% | epoch: 1 | remaining: 208s    
step 00590 (30.5%) | loss: 3.249162 | lrm: 0.99 | dt: 158ms | tok/sec: 828,161 | mfu: 22.6% | epoch: 1 | remaining: 208s    
step 00591 (30.6%) | loss: 3.254072 | lrm: 0.99 | dt: 158ms | tok/sec: 827,591 | mfu: 22.6% | epoch: 1 | remaining: 208s    
step 00592 (30.6%) | loss: 3.253580 | lrm: 0.99 | dt: 158ms | tok/sec: 828,001 | mfu: 22.6% | epoch: 1 | remaining: 208s    
step 00593 (30.7%) | loss: 3.257046 | lrm: 0.99 | dt: 158ms | tok/sec: 828,160 | mfu: 22.6% | epoch: 1 | remaining: 208s    
step 00594 (30.7%) | loss: 3.258532 | lrm: 0.99 | dt: 158ms | tok/sec: 828,098 | mfu: 22.6% | epoch: 1 | remaining: 208s    
step 00595 (30.8%) | loss: 3.263470 | lrm: 0.99 | dt: 158ms | tok/sec: 828,029 | mfu: 22.6% | epoch: 1 | remaining: 207s    
step 00596 (30.9%) | loss: 3.257530 | lrm: 0.99 | dt: 158ms | tok/sec: 828,126 | mfu: 22.6% | epoch: 1 | remaining: 207s    
step 00597 (30.9%) | loss: 3.252799 | lrm: 0.99 | dt: 158ms | tok/sec: 828,232 | mfu: 22.6% | epoch: 1 | remaining: 207s    
step 00598 (31.0%) | loss: 3.252404 | lrm: 0.99 | dt: 158ms | tok/sec: 828,177 | mfu: 22.6% | epoch: 1 | remaining: 207s    
step 00599 (31.0%) | loss: 3.252936 | lrm: 0.99 | dt: 158ms | tok/sec: 828,030 | mfu: 22.6% | epoch: 1 | remaining: 207s    
step 00600 (31.1%) | loss: 3.242468 | lrm: 0.98 | dt: 158ms | tok/sec: 828,293 | mfu: 22.6% | epoch: 1 | remaining: 207s    
step 00601 (31.1%) | loss: 3.237802 | lrm: 0.98 | dt: 158ms | tok/sec: 828,188 | mfu: 22.6% | epoch: 1 | remaining: 207s    
step 00602 (31.2%) | loss: 3.235515 | lrm: 0.98 | dt: 158ms | tok/sec: 828,301 | mfu: 22.6% | epoch: 1 | remaining: 206s    
step 00603 (31.2%) | loss: 3.230609 | lrm: 0.98 | dt: 158ms | tok/sec: 828,158 | mfu: 22.6% | epoch: 1 | remaining: 206s    
step 00604 (31.3%) | loss: 3.227689 | lrm: 0.98 | dt: 158ms | tok/sec: 828,035 | mfu: 22.6% | epoch: 1 | remaining: 206s    
step 00605 (31.3%) | loss: 3.232179 | lrm: 0.98 | dt: 158ms | tok/sec: 828,261 | mfu: 22.6% | epoch: 1 | remaining: 206s    
step 00606 (31.4%) | loss: 3.236329 | lrm: 0.98 | dt: 158ms | tok/sec: 828,087 | mfu: 22.6% | epoch: 1 | remaining: 206s    
step 00607 (31.4%) | loss: 3.235104 | lrm: 0.98 | dt: 158ms | tok/sec: 828,244 | mfu: 22.6% | epoch: 1 | remaining: 206s    
step 00608 (31.5%) | loss: 3.235069 | lrm: 0.98 | dt: 158ms | tok/sec: 828,207 | mfu: 22.6% | epoch: 1 | remaining: 205s    
step 00609 (31.5%) | loss: 3.239448 | lrm: 0.98 | dt: 158ms | tok/sec: 828,026 | mfu: 22.6% | epoch: 1 | remaining: 205s    
step 00610 (31.6%) | loss: 3.235126 | lrm: 0.98 | dt: 158ms | tok/sec: 827,088 | mfu: 22.6% | epoch: 1 | remaining: 205s    
step 00611 (31.6%) | loss: 3.238172 | lrm: 0.98 | dt: 158ms | tok/sec: 828,002 | mfu: 22.6% | epoch: 1 | remaining: 205s    
step 00612 (31.7%) | loss: 3.233017 | lrm: 0.98 | dt: 158ms | tok/sec: 828,232 | mfu: 22.6% | epoch: 1 | remaining: 205s    
step 00613 (31.7%) | loss: 3.233872 | lrm: 0.98 | dt: 158ms | tok/sec: 828,097 | mfu: 22.6% | epoch: 1 | remaining: 205s    
step 00614 (31.8%) | loss: 3.234327 | lrm: 0.97 | dt: 158ms | tok/sec: 828,157 | mfu: 22.6% | epoch: 1 | remaining: 204s    
step 00615 (31.9%) | loss: 3.235358 | lrm: 0.97 | dt: 158ms | tok/sec: 828,166 | mfu: 22.6% | epoch: 1 | remaining: 204s    
step 00616 (31.9%) | loss: 3.243691 | lrm: 0.97 | dt: 158ms | tok/sec: 828,370 | mfu: 22.6% | epoch: 1 | remaining: 204s    
step 00617 (32.0%) | loss: 3.244620 | lrm: 0.97 | dt: 158ms | tok/sec: 828,344 | mfu: 22.6% | epoch: 1 | remaining: 204s    
step 00618 (32.0%) | loss: 3.247143 | lrm: 0.97 | dt: 158ms | tok/sec: 827,977 | mfu: 22.6% | epoch: 1 | remaining: 204s    
step 00619 (32.1%) | loss: 3.245085 | lrm: 0.97 | dt: 158ms | tok/sec: 827,901 | mfu: 22.6% | epoch: 1 | remaining: 204s    
step 00620 (32.1%) | loss: 3.243260 | lrm: 0.97 | dt: 158ms | tok/sec: 828,315 | mfu: 22.6% | epoch: 1 | remaining: 203s    
step 00621 (32.2%) | loss: 3.246303 | lrm: 0.97 | dt: 158ms | tok/sec: 828,165 | mfu: 22.6% | epoch: 1 | remaining: 203s    
step 00622 (32.2%) | loss: 3.241118 | lrm: 0.97 | dt: 158ms | tok/sec: 828,151 | mfu: 22.6% | epoch: 1 | remaining: 203s    
step 00623 (32.3%) | loss: 3.239536 | lrm: 0.97 | dt: 158ms | tok/sec: 828,262 | mfu: 22.6% | epoch: 1 | remaining: 203s    
step 00624 (32.3%) | loss: 3.234514 | lrm: 0.97 | dt: 158ms | tok/sec: 828,384 | mfu: 22.6% | epoch: 1 | remaining: 203s    
step 00625 (32.4%) | loss: 3.234934 | lrm: 0.97 | dt: 158ms | tok/sec: 828,477 | mfu: 22.7% | epoch: 1 | remaining: 203s    
step 00626 (32.4%) | loss: 3.233272 | lrm: 0.97 | dt: 158ms | tok/sec: 828,211 | mfu: 22.6% | epoch: 1 | remaining: 203s    
step 00627 (32.5%) | loss: 3.231274 | lrm: 0.96 | dt: 158ms | tok/sec: 828,323 | mfu: 22.6% | epoch: 1 | remaining: 202s    
step 00628 (32.5%) | loss: 3.227342 | lrm: 0.96 | dt: 158ms | tok/sec: 828,211 | mfu: 22.6% | epoch: 1 | remaining: 202s    
step 00629 (32.6%) | loss: 3.224623 | lrm: 0.96 | dt: 158ms | tok/sec: 828,171 | mfu: 22.6% | epoch: 1 | remaining: 202s    
step 00630 (32.6%) | loss: 3.227485 | lrm: 0.96 | dt: 158ms | tok/sec: 828,058 | mfu: 22.6% | epoch: 1 | remaining: 202s    
step 00631 (32.7%) | loss: 3.225224 | lrm: 0.96 | dt: 158ms | tok/sec: 828,065 | mfu: 22.6% | epoch: 1 | remaining: 202s    
step 00632 (32.7%) | loss: 3.222112 | lrm: 0.96 | dt: 158ms | tok/sec: 827,809 | mfu: 22.6% | epoch: 1 | remaining: 202s    
step 00633 (32.8%) | loss: 3.219933 | lrm: 0.96 | dt: 158ms | tok/sec: 828,298 | mfu: 22.6% | epoch: 1 | remaining: 201s    
step 00634 (32.9%) | loss: 3.218187 | lrm: 0.96 | dt: 158ms | tok/sec: 828,286 | mfu: 22.6% | epoch: 1 | remaining: 201s    
step 00635 (32.9%) | loss: 3.219965 | lrm: 0.96 | dt: 158ms | tok/sec: 828,234 | mfu: 22.6% | epoch: 1 | remaining: 201s    
step 00636 (33.0%) | loss: 3.220546 | lrm: 0.96 | dt: 158ms | tok/sec: 828,122 | mfu: 22.6% | epoch: 1 | remaining: 201s    
step 00637 (33.0%) | loss: 3.223110 | lrm: 0.96 | dt: 158ms | tok/sec: 827,977 | mfu: 22.6% | epoch: 1 | remaining: 201s    
step 00638 (33.1%) | loss: 3.221308 | lrm: 0.96 | dt: 158ms | tok/sec: 828,619 | mfu: 22.7% | epoch: 1 | remaining: 201s    
step 00639 (33.1%) | loss: 3.219557 | lrm: 0.96 | dt: 158ms | tok/sec: 827,938 | mfu: 22.6% | epoch: 1 | remaining: 200s    
step 00640 (33.2%) | loss: 3.216546 | lrm: 0.95 | dt: 158ms | tok/sec: 828,440 | mfu: 22.7% | epoch: 1 | remaining: 200s    
step 00641 (33.2%) | loss: 3.212309 | lrm: 0.95 | dt: 158ms | tok/sec: 828,459 | mfu: 22.7% | epoch: 1 | remaining: 200s    
step 00642 (33.3%) | loss: 3.207722 | lrm: 0.95 | dt: 158ms | tok/sec: 828,405 | mfu: 22.6% | epoch: 1 | remaining: 200s    
step 00643 (33.3%) | loss: 3.206762 | lrm: 0.95 | dt: 158ms | tok/sec: 827,995 | mfu: 22.6% | epoch: 1 | remaining: 200s    
step 00644 (33.4%) | loss: 3.207692 | lrm: 0.95 | dt: 158ms | tok/sec: 828,304 | mfu: 22.6% | epoch: 1 | remaining: 200s    
step 00645 (33.4%) | loss: 3.211832 | lrm: 0.95 | dt: 158ms | tok/sec: 828,140 | mfu: 22.6% | epoch: 1 | remaining: 200s    
step 00646 (33.5%) | loss: 3.208505 | lrm: 0.95 | dt: 158ms | tok/sec: 828,212 | mfu: 22.6% | epoch: 1 | remaining: 199s    
step 00647 (33.5%) | loss: 3.209151 | lrm: 0.95 | dt: 158ms | tok/sec: 828,051 | mfu: 22.6% | epoch: 1 | remaining: 199s    
step 00648 (33.6%) | loss: 3.207887 | lrm: 0.95 | dt: 158ms | tok/sec: 828,191 | mfu: 22.6% | epoch: 1 | remaining: 199s    
step 00649 (33.6%) | loss: 3.210260 | lrm: 0.95 | dt: 158ms | tok/sec: 828,472 | mfu: 22.7% | epoch: 1 | remaining: 199s    
step 00650 (33.7%) | loss: 3.206638 | lrm: 0.95 | dt: 158ms | tok/sec: 828,289 | mfu: 22.6% | epoch: 1 | remaining: 199s    
step 00651 (33.8%) | loss: 3.208709 | lrm: 0.95 | dt: 158ms | tok/sec: 828,132 | mfu: 22.6% | epoch: 1 | remaining: 199s    
step 00652 (33.8%) | loss: 3.213391 | lrm: 0.95 | dt: 158ms | tok/sec: 828,214 | mfu: 22.6% | epoch: 1 | remaining: 198s    
step 00653 (33.9%) | loss: 3.215828 | lrm: 0.94 | dt: 158ms | tok/sec: 828,101 | mfu: 22.6% | epoch: 1 | remaining: 198s    
step 00654 (33.9%) | loss: 3.216690 | lrm: 0.94 | dt: 158ms | tok/sec: 828,263 | mfu: 22.6% | epoch: 1 | remaining: 198s    
step 00655 (34.0%) | loss: 3.210324 | lrm: 0.94 | dt: 158ms | tok/sec: 828,358 | mfu: 22.6% | epoch: 1 | remaining: 198s    
step 00656 (34.0%) | loss: 3.203867 | lrm: 0.94 | dt: 158ms | tok/sec: 828,128 | mfu: 22.6% | epoch: 1 | remaining: 198s    
step 00657 (34.1%) | loss: 3.205356 | lrm: 0.94 | dt: 158ms | tok/sec: 828,304 | mfu: 22.6% | epoch: 1 | remaining: 198s    
step 00658 (34.1%) | loss: 3.205844 | lrm: 0.94 | dt: 158ms | tok/sec: 828,304 | mfu: 22.6% | epoch: 1 | remaining: 197s    
step 00659 (34.2%) | loss: 3.206415 | lrm: 0.94 | dt: 158ms | tok/sec: 828,014 | mfu: 22.6% | epoch: 1 | remaining: 197s    
step 00660 (34.2%) | loss: 3.210083 | lrm: 0.94 | dt: 158ms | tok/sec: 828,106 | mfu: 22.6% | epoch: 1 | remaining: 197s    
step 00661 (34.3%) | loss: 3.210550 | lrm: 0.94 | dt: 158ms | tok/sec: 828,073 | mfu: 22.6% | epoch: 1 | remaining: 197s    
step 00662 (34.3%) | loss: 3.209326 | lrm: 0.94 | dt: 158ms | tok/sec: 828,026 | mfu: 22.6% | epoch: 1 | remaining: 197s    
step 00663 (34.4%) | loss: 3.204722 | lrm: 0.94 | dt: 158ms | tok/sec: 828,297 | mfu: 22.6% | epoch: 1 | remaining: 197s    
step 00664 (34.4%) | loss: 3.211797 | lrm: 0.94 | dt: 158ms | tok/sec: 828,044 | mfu: 22.6% | epoch: 1 | remaining: 197s    
step 00665 (34.5%) | loss: 3.206157 | lrm: 0.94 | dt: 158ms | tok/sec: 828,243 | mfu: 22.6% | epoch: 1 | remaining: 196s    
step 00666 (34.5%) | loss: 3.205411 | lrm: 0.94 | dt: 158ms | tok/sec: 828,148 | mfu: 22.6% | epoch: 1 | remaining: 196s    
step 00667 (34.6%) | loss: 3.205013 | lrm: 0.93 | dt: 158ms | tok/sec: 828,156 | mfu: 22.6% | epoch: 1 | remaining: 196s    
step 00668 (34.6%) | loss: 3.204340 | lrm: 0.93 | dt: 158ms | tok/sec: 828,163 | mfu: 22.6% | epoch: 1 | remaining: 196s    
step 00669 (34.7%) | loss: 3.203228 | lrm: 0.93 | dt: 158ms | tok/sec: 827,938 | mfu: 22.6% | epoch: 1 | remaining: 196s    
step 00670 (34.8%) | loss: 3.203366 | lrm: 0.93 | dt: 158ms | tok/sec: 828,198 | mfu: 22.6% | epoch: 1 | remaining: 196s    
step 00671 (34.8%) | loss: 3.203772 | lrm: 0.93 | dt: 158ms | tok/sec: 828,312 | mfu: 22.6% | epoch: 1 | remaining: 195s    
step 00672 (34.9%) | loss: 3.204563 | lrm: 0.93 | dt: 158ms | tok/sec: 828,187 | mfu: 22.6% | epoch: 1 | remaining: 195s    
step 00673 (34.9%) | loss: 3.201375 | lrm: 0.93 | dt: 158ms | tok/sec: 828,153 | mfu: 22.6% | epoch: 1 | remaining: 195s    
step 00674 (35.0%) | loss: 3.205865 | lrm: 0.93 | dt: 158ms | tok/sec: 828,209 | mfu: 22.6% | epoch: 1 | remaining: 195s    
step 00675 (35.0%) | loss: 3.205542 | lrm: 0.93 | dt: 158ms | tok/sec: 828,324 | mfu: 22.6% | epoch: 1 | remaining: 195s    
step 00676 (35.1%) | loss: 3.203615 | lrm: 0.93 | dt: 158ms | tok/sec: 828,093 | mfu: 22.6% | epoch: 1 | remaining: 195s    
step 00677 (35.1%) | loss: 3.205568 | lrm: 0.93 | dt: 158ms | tok/sec: 828,157 | mfu: 22.6% | epoch: 1 | remaining: 194s    
step 00678 (35.2%) | loss: 3.213571 | lrm: 0.93 | dt: 158ms | tok/sec: 828,291 | mfu: 22.6% | epoch: 1 | remaining: 194s    
step 00679 (35.2%) | loss: 3.215960 | lrm: 0.93 | dt: 158ms | tok/sec: 828,337 | mfu: 22.6% | epoch: 1 | remaining: 194s    
step 00680 (35.3%) | loss: 3.213361 | lrm: 0.92 | dt: 158ms | tok/sec: 828,177 | mfu: 22.6% | epoch: 1 | remaining: 194s    
step 00681 (35.3%) | loss: 3.208002 | lrm: 0.92 | dt: 158ms | tok/sec: 827,986 | mfu: 22.6% | epoch: 1 | remaining: 194s    
step 00682 (35.4%) | loss: 3.212589 | lrm: 0.92 | dt: 158ms | tok/sec: 828,412 | mfu: 22.6% | epoch: 1 | remaining: 194s    
step 00683 (35.4%) | loss: 3.214591 | lrm: 0.92 | dt: 158ms | tok/sec: 828,112 | mfu: 22.6% | epoch: 1 | remaining: 194s    
step 00684 (35.5%) | loss: 3.208438 | lrm: 0.92 | dt: 158ms | tok/sec: 828,055 | mfu: 22.6% | epoch: 1 | remaining: 193s    
step 00685 (35.5%) | loss: 3.203208 | lrm: 0.92 | dt: 158ms | tok/sec: 828,328 | mfu: 22.6% | epoch: 1 | remaining: 193s    
step 00686 (35.6%) | loss: 3.203097 | lrm: 0.92 | dt: 158ms | tok/sec: 828,171 | mfu: 22.6% | epoch: 1 | remaining: 193s    
step 00687 (35.7%) | loss: 3.196176 | lrm: 0.92 | dt: 158ms | tok/sec: 827,838 | mfu: 22.6% | epoch: 1 | remaining: 193s    
step 00688 (35.7%) | loss: 3.200983 | lrm: 0.92 | dt: 158ms | tok/sec: 828,077 | mfu: 22.6% | epoch: 1 | remaining: 193s    
step 00689 (35.8%) | loss: 3.197339 | lrm: 0.92 | dt: 158ms | tok/sec: 828,231 | mfu: 22.6% | epoch: 1 | remaining: 193s    
step 00690 (35.8%) | loss: 3.200920 | lrm: 0.92 | dt: 158ms | tok/sec: 828,068 | mfu: 22.6% | epoch: 1 | remaining: 192s    
step 00691 (35.9%) | loss: 3.203904 | lrm: 0.92 | dt: 158ms | tok/sec: 828,177 | mfu: 22.6% | epoch: 1 | remaining: 192s    
step 00692 (35.9%) | loss: 3.205303 | lrm: 0.92 | dt: 158ms | tok/sec: 828,118 | mfu: 22.6% | epoch: 1 | remaining: 192s    
step 00693 (36.0%) | loss: 3.204321 | lrm: 0.91 | dt: 158ms | tok/sec: 827,972 | mfu: 22.6% | epoch: 1 | remaining: 192s    
step 00694 (36.0%) | loss: 3.204859 | lrm: 0.91 | dt: 158ms | tok/sec: 827,933 | mfu: 22.6% | epoch: 1 | remaining: 192s    
step 00695 (36.1%) | loss: 3.203021 | lrm: 0.91 | dt: 158ms | tok/sec: 828,196 | mfu: 22.6% | epoch: 1 | remaining: 192s    
step 00696 (36.1%) | loss: 3.196984 | lrm: 0.91 | dt: 158ms | tok/sec: 828,271 | mfu: 22.6% | epoch: 1 | remaining: 191s    
step 00697 (36.2%) | loss: 3.199272 | lrm: 0.91 | dt: 158ms | tok/sec: 828,199 | mfu: 22.6% | epoch: 1 | remaining: 191s    
step 00698 (36.2%) | loss: 3.195223 | lrm: 0.91 | dt: 158ms | tok/sec: 828,238 | mfu: 22.6% | epoch: 1 | remaining: 191s    
step 00699 (36.3%) | loss: 3.196267 | lrm: 0.91 | dt: 158ms | tok/sec: 828,283 | mfu: 22.6% | epoch: 1 | remaining: 191s    
step 00700 (36.3%) | loss: 3.198172 | lrm: 0.91 | dt: 158ms | tok/sec: 828,325 | mfu: 22.6% | epoch: 1 | remaining: 191s    
step 00701 (36.4%) | loss: 3.198197 | lrm: 0.91 | dt: 158ms | tok/sec: 828,168 | mfu: 22.6% | epoch: 1 | remaining: 191s    
step 00702 (36.4%) | loss: 3.196819 | lrm: 0.91 | dt: 158ms | tok/sec: 828,276 | mfu: 22.6% | epoch: 1 | remaining: 191s    
step 00703 (36.5%) | loss: 3.186098 | lrm: 0.91 | dt: 158ms | tok/sec: 828,249 | mfu: 22.6% | epoch: 1 | remaining: 190s    
step 00704 (36.5%) | loss: 3.184722 | lrm: 0.91 | dt: 158ms | tok/sec: 828,404 | mfu: 22.6% | epoch: 1 | remaining: 190s    
step 00705 (36.6%) | loss: 3.183138 | lrm: 0.91 | dt: 158ms | tok/sec: 828,133 | mfu: 22.6% | epoch: 1 | remaining: 190s    
step 00706 (36.7%) | loss: 3.194596 | lrm: 0.90 | dt: 158ms | tok/sec: 827,734 | mfu: 22.6% | epoch: 1 | remaining: 190s    
step 00707 (36.7%) | loss: 3.194557 | lrm: 0.90 | dt: 158ms | tok/sec: 828,402 | mfu: 22.6% | epoch: 1 | remaining: 190s    
step 00708 (36.8%) | loss: 3.196353 | lrm: 0.90 | dt: 158ms | tok/sec: 828,112 | mfu: 22.6% | epoch: 1 | remaining: 190s    
step 00709 (36.8%) | loss: 3.194835 | lrm: 0.90 | dt: 158ms | tok/sec: 828,067 | mfu: 22.6% | epoch: 1 | remaining: 189s    
step 00710 (36.9%) | loss: 3.189347 | lrm: 0.90 | dt: 158ms | tok/sec: 828,357 | mfu: 22.6% | epoch: 1 | remaining: 189s    
step 00711 (36.9%) | loss: 3.179256 | lrm: 0.90 | dt: 158ms | tok/sec: 828,237 | mfu: 22.6% | epoch: 1 | remaining: 189s    
step 00712 (37.0%) | loss: 3.181121 | lrm: 0.90 | dt: 158ms | tok/sec: 828,093 | mfu: 22.6% | epoch: 1 | remaining: 189s    
step 00713 (37.0%) | loss: 3.181031 | lrm: 0.90 | dt: 158ms | tok/sec: 828,160 | mfu: 22.6% | epoch: 1 | remaining: 189s    
step 00714 (37.1%) | loss: 3.176277 | lrm: 0.90 | dt: 158ms | tok/sec: 828,236 | mfu: 22.6% | epoch: 1 | remaining: 189s    
step 00715 (37.1%) | loss: 3.180479 | lrm: 0.90 | dt: 158ms | tok/sec: 828,092 | mfu: 22.6% | epoch: 1 | remaining: 188s    
step 00716 (37.2%) | loss: 3.186438 | lrm: 0.90 | dt: 158ms | tok/sec: 827,947 | mfu: 22.6% | epoch: 1 | remaining: 188s    
step 00717 (37.2%) | loss: 3.185539 | lrm: 0.90 | dt: 158ms | tok/sec: 828,291 | mfu: 22.6% | epoch: 1 | remaining: 188s    
step 00718 (37.3%) | loss: 3.188157 | lrm: 0.90 | dt: 158ms | tok/sec: 828,170 | mfu: 22.6% | epoch: 1 | remaining: 188s    
step 00719 (37.3%) | loss: 3.183483 | lrm: 0.90 | dt: 158ms | tok/sec: 828,272 | mfu: 22.6% | epoch: 1 | remaining: 188s    
step 00720 (37.4%) | loss: 3.183322 | lrm: 0.89 | dt: 158ms | tok/sec: 828,127 | mfu: 22.6% | epoch: 1 | remaining: 188s    
step 00721 (37.4%) | loss: 3.180320 | lrm: 0.89 | dt: 158ms | tok/sec: 828,108 | mfu: 22.6% | epoch: 1 | remaining: 188s    
step 00722 (37.5%) | loss: 3.173423 | lrm: 0.89 | dt: 158ms | tok/sec: 828,489 | mfu: 22.7% | epoch: 1 | remaining: 187s    
step 00723 (37.5%) | loss: 3.167625 | lrm: 0.89 | dt: 158ms | tok/sec: 827,960 | mfu: 22.6% | epoch: 1 | remaining: 187s    
step 00724 (37.6%) | loss: 3.171907 | lrm: 0.89 | dt: 158ms | tok/sec: 828,281 | mfu: 22.6% | epoch: 1 | remaining: 187s    
step 00725 (37.7%) | loss: 3.171846 | lrm: 0.89 | dt: 158ms | tok/sec: 828,002 | mfu: 22.6% | epoch: 1 | remaining: 187s    
step 00726 (37.7%) | loss: 3.164828 | lrm: 0.89 | dt: 158ms | tok/sec: 828,147 | mfu: 22.6% | epoch: 1 | remaining: 187s    
step 00727 (37.8%) | loss: 3.166741 | lrm: 0.89 | dt: 158ms | tok/sec: 828,307 | mfu: 22.6% | epoch: 1 | remaining: 187s    
step 00728 (37.8%) | loss: 3.166203 | lrm: 0.89 | dt: 158ms | tok/sec: 828,262 | mfu: 22.6% | epoch: 1 | remaining: 186s    
step 00729 (37.9%) | loss: 3.164995 | lrm: 0.89 | dt: 158ms | tok/sec: 828,357 | mfu: 22.6% | epoch: 1 | remaining: 186s    
step 00730 (37.9%) | loss: 3.169083 | lrm: 0.89 | dt: 158ms | tok/sec: 828,085 | mfu: 22.6% | epoch: 1 | remaining: 186s    
step 00731 (38.0%) | loss: 3.169302 | lrm: 0.89 | dt: 158ms | tok/sec: 828,247 | mfu: 22.6% | epoch: 1 | remaining: 186s    
step 00732 (38.0%) | loss: 3.163576 | lrm: 0.89 | dt: 158ms | tok/sec: 828,308 | mfu: 22.6% | epoch: 1 | remaining: 186s    
step 00733 (38.1%) | loss: 3.158846 | lrm: 0.88 | dt: 158ms | tok/sec: 828,067 | mfu: 22.6% | epoch: 1 | remaining: 186s    
step 00734 (38.1%) | loss: 3.165205 | lrm: 0.88 | dt: 158ms | tok/sec: 828,027 | mfu: 22.6% | epoch: 1 | remaining: 185s    
step 00735 (38.2%) | loss: 3.161973 | lrm: 0.88 | dt: 158ms | tok/sec: 828,107 | mfu: 22.6% | epoch: 1 | remaining: 185s    
step 00736 (38.2%) | loss: 3.159198 | lrm: 0.88 | dt: 158ms | tok/sec: 828,243 | mfu: 22.6% | epoch: 1 | remaining: 185s    
step 00737 (38.3%) | loss: 3.153588 | lrm: 0.88 | dt: 158ms | tok/sec: 828,219 | mfu: 22.6% | epoch: 1 | remaining: 185s    
step 00738 (38.3%) | loss: 3.147490 | lrm: 0.88 | dt: 158ms | tok/sec: 828,096 | mfu: 22.6% | epoch: 1 | remaining: 185s    
step 00739 (38.4%) | loss: 3.144094 | lrm: 0.88 | dt: 158ms | tok/sec: 828,067 | mfu: 22.6% | epoch: 1 | remaining: 185s    
step 00740 (38.4%) | loss: 3.142829 | lrm: 0.88 | dt: 158ms | tok/sec: 828,465 | mfu: 22.7% | epoch: 1 | remaining: 185s    
step 00741 (38.5%) | loss: 3.150177 | lrm: 0.88 | dt: 158ms | tok/sec: 828,521 | mfu: 22.7% | epoch: 1 | remaining: 184s    
step 00742 (38.6%) | loss: 3.156636 | lrm: 0.88 | dt: 158ms | tok/sec: 828,266 | mfu: 22.6% | epoch: 1 | remaining: 184s    
step 00743 (38.6%) | loss: 3.159017 | lrm: 0.88 | dt: 158ms | tok/sec: 828,009 | mfu: 22.6% | epoch: 1 | remaining: 184s    
step 00744 (38.7%) | loss: 3.157170 | lrm: 0.88 | dt: 158ms | tok/sec: 828,244 | mfu: 22.6% | epoch: 1 | remaining: 184s    
step 00745 (38.7%) | loss: 3.155565 | lrm: 0.88 | dt: 158ms | tok/sec: 828,420 | mfu: 22.6% | epoch: 1 | remaining: 184s    
step 00746 (38.8%) | loss: 3.155207 | lrm: 0.87 | dt: 158ms | tok/sec: 828,192 | mfu: 22.6% | epoch: 1 | remaining: 184s    
step 00747 (38.8%) | loss: 3.155980 | lrm: 0.87 | dt: 158ms | tok/sec: 828,272 | mfu: 22.6% | epoch: 1 | remaining: 183s    
step 00748 (38.9%) | loss: 3.157156 | lrm: 0.87 | dt: 158ms | tok/sec: 828,187 | mfu: 22.6% | epoch: 1 | remaining: 183s    
step 00749 (38.9%) | loss: 3.149551 | lrm: 0.87 | dt: 158ms | tok/sec: 827,878 | mfu: 22.6% | epoch: 1 | remaining: 183s    
step 00750 (39.0%) | loss: 3.152390 | lrm: 0.87 | dt: 158ms | tok/sec: 828,267 | mfu: 22.6% | epoch: 1 | remaining: 183s    
step 00751 (39.0%) | loss: 3.145148 | lrm: 0.87 | dt: 158ms | tok/sec: 828,145 | mfu: 22.6% | epoch: 1 | remaining: 183s    
step 00752 (39.1%) | loss: 3.148461 | lrm: 0.87 | dt: 158ms | tok/sec: 828,211 | mfu: 22.6% | epoch: 1 | remaining: 183s    
step 00753 (39.1%) | loss: 3.143969 | lrm: 0.87 | dt: 158ms | tok/sec: 828,383 | mfu: 22.6% | epoch: 1 | remaining: 182s    
step 00754 (39.2%) | loss: 3.144054 | lrm: 0.87 | dt: 158ms | tok/sec: 828,258 | mfu: 22.6% | epoch: 1 | remaining: 182s    
step 00755 (39.2%) | loss: 3.138311 | lrm: 0.87 | dt: 158ms | tok/sec: 828,216 | mfu: 22.6% | epoch: 1 | remaining: 182s    
step 00756 (39.3%) | loss: 3.140342 | lrm: 0.87 | dt: 158ms | tok/sec: 828,036 | mfu: 22.6% | epoch: 1 | remaining: 182s    
step 00757 (39.3%) | loss: 3.144362 | lrm: 0.87 | dt: 158ms | tok/sec: 828,182 | mfu: 22.6% | epoch: 1 | remaining: 182s    
step 00758 (39.4%) | loss: 3.149175 | lrm: 0.87 | dt: 158ms | tok/sec: 828,202 | mfu: 22.6% | epoch: 1 | remaining: 182s    
step 00759 (39.4%) | loss: 3.158614 | lrm: 0.87 | dt: 158ms | tok/sec: 828,209 | mfu: 22.6% | epoch: 1 | remaining: 181s    
step 00760 (39.5%) | loss: 3.158419 | lrm: 0.86 | dt: 158ms | tok/sec: 828,224 | mfu: 22.6% | epoch: 1 | remaining: 181s    
step 00761 (39.6%) | loss: 3.156676 | lrm: 0.86 | dt: 158ms | tok/sec: 828,158 | mfu: 22.6% | epoch: 1 | remaining: 181s    
step 00762 (39.6%) | loss: 3.161180 | lrm: 0.86 | dt: 158ms | tok/sec: 827,975 | mfu: 22.6% | epoch: 1 | remaining: 181s    
step 00763 (39.7%) | loss: 3.161156 | lrm: 0.86 | dt: 158ms | tok/sec: 828,047 | mfu: 22.6% | epoch: 1 | remaining: 181s    
step 00764 (39.7%) | loss: 3.163400 | lrm: 0.86 | dt: 158ms | tok/sec: 827,987 | mfu: 22.6% | epoch: 1 | remaining: 181s    
step 00765 (39.8%) | loss: 3.162116 | lrm: 0.86 | dt: 158ms | tok/sec: 828,315 | mfu: 22.6% | epoch: 1 | remaining: 181s    
step 00766 (39.8%) | loss: 3.167136 | lrm: 0.86 | dt: 158ms | tok/sec: 828,347 | mfu: 22.6% | epoch: 1 | remaining: 180s    
step 00767 (39.9%) | loss: 3.163479 | lrm: 0.86 | dt: 158ms | tok/sec: 828,127 | mfu: 22.6% | epoch: 1 | remaining: 180s    
step 00768 (39.9%) | loss: 3.162819 | lrm: 0.86 | dt: 158ms | tok/sec: 828,088 | mfu: 22.6% | epoch: 1 | remaining: 180s    
step 00769 (40.0%) | loss: 3.166012 | lrm: 0.86 | dt: 158ms | tok/sec: 828,127 | mfu: 22.6% | epoch: 1 | remaining: 180s    
step 00770 (40.0%) | loss: 3.163826 | lrm: 0.86 | dt: 158ms | tok/sec: 828,137 | mfu: 22.6% | epoch: 1 | remaining: 180s    
step 00771 (40.1%) | loss: 3.164549 | lrm: 0.86 | dt: 158ms | tok/sec: 828,269 | mfu: 22.6% | epoch: 1 | remaining: 180s    
step 00772 (40.1%) | loss: 3.155804 | lrm: 0.86 | dt: 158ms | tok/sec: 828,076 | mfu: 22.6% | epoch: 1 | remaining: 179s    
step 00773 (40.2%) | loss: 3.155085 | lrm: 0.85 | dt: 158ms | tok/sec: 828,034 | mfu: 22.6% | epoch: 1 | remaining: 179s    
step 00774 (40.2%) | loss: 3.152660 | lrm: 0.85 | dt: 158ms | tok/sec: 828,212 | mfu: 22.6% | epoch: 1 | remaining: 179s    
step 00775 (40.3%) | loss: 3.157167 | lrm: 0.85 | dt: 158ms | tok/sec: 828,257 | mfu: 22.6% | epoch: 1 | remaining: 179s    
step 00776 (40.3%) | loss: 3.152307 | lrm: 0.85 | dt: 158ms | tok/sec: 828,029 | mfu: 22.6% | epoch: 1 | remaining: 179s    
step 00777 (40.4%) | loss: 3.149392 | lrm: 0.85 | dt: 158ms | tok/sec: 827,981 | mfu: 22.6% | epoch: 1 | remaining: 179s    
step 00778 (40.5%) | loss: 3.145342 | lrm: 0.85 | dt: 158ms | tok/sec: 828,268 | mfu: 22.6% | epoch: 1 | remaining: 178s    
step 00779 (40.5%) | loss: 3.139393 | lrm: 0.85 | dt: 158ms | tok/sec: 828,224 | mfu: 22.6% | epoch: 1 | remaining: 178s    
step 00780 (40.6%) | loss: 3.146546 | lrm: 0.85 | dt: 158ms | tok/sec: 828,236 | mfu: 22.6% | epoch: 1 | remaining: 178s    
step 00781 (40.6%) | loss: 3.144501 | lrm: 0.85 | dt: 158ms | tok/sec: 828,019 | mfu: 22.6% | epoch: 1 | remaining: 178s    
step 00782 (40.7%) | loss: 3.141903 | lrm: 0.85 | dt: 158ms | tok/sec: 828,241 | mfu: 22.6% | epoch: 1 | remaining: 178s    
step 00783 (40.7%) | loss: 3.147330 | lrm: 0.85 | dt: 158ms | tok/sec: 828,355 | mfu: 22.6% | epoch: 1 | remaining: 178s    
step 00784 (40.8%) | loss: 3.150051 | lrm: 0.85 | dt: 158ms | tok/sec: 828,092 | mfu: 22.6% | epoch: 1 | remaining: 178s    
step 00785 (40.8%) | loss: 3.144937 | lrm: 0.85 | dt: 158ms | tok/sec: 827,996 | mfu: 22.6% | epoch: 1 | remaining: 177s    
step 00786 (40.9%) | loss: 3.148290 | lrm: 0.84 | dt: 158ms | tok/sec: 828,044 | mfu: 22.6% | epoch: 1 | remaining: 177s    
step 00787 (40.9%) | loss: 3.149926 | lrm: 0.84 | dt: 158ms | tok/sec: 828,472 | mfu: 22.7% | epoch: 1 | remaining: 177s    
step 00788 (41.0%) | loss: 3.148423 | lrm: 0.84 | dt: 158ms | tok/sec: 827,913 | mfu: 22.6% | epoch: 1 | remaining: 177s    
step 00789 (41.0%) | loss: 3.148944 | lrm: 0.84 | dt: 158ms | tok/sec: 828,221 | mfu: 22.6% | epoch: 1 | remaining: 177s    
step 00790 (41.1%) | loss: 3.150492 | lrm: 0.84 | dt: 158ms | tok/sec: 828,191 | mfu: 22.6% | epoch: 1 | remaining: 177s    
step 00791 (41.1%) | loss: 3.148773 | lrm: 0.84 | dt: 158ms | tok/sec: 828,473 | mfu: 22.7% | epoch: 1 | remaining: 176s    
step 00792 (41.2%) | loss: 3.147525 | lrm: 0.84 | dt: 158ms | tok/sec: 827,376 | mfu: 22.6% | epoch: 1 | remaining: 176s    
step 00793 (41.2%) | loss: 3.153887 | lrm: 0.84 | dt: 158ms | tok/sec: 828,287 | mfu: 22.6% | epoch: 1 | remaining: 176s    
step 00794 (41.3%) | loss: 3.152957 | lrm: 0.84 | dt: 158ms | tok/sec: 828,348 | mfu: 22.6% | epoch: 1 | remaining: 176s    
step 00795 (41.3%) | loss: 3.136904 | lrm: 0.84 | dt: 158ms | tok/sec: 828,005 | mfu: 22.6% | epoch: 1 | remaining: 176s    
step 00796 (41.4%) | loss: 3.131297 | lrm: 0.84 | dt: 158ms | tok/sec: 828,365 | mfu: 22.6% | epoch: 1 | remaining: 176s    
step 00797 (41.5%) | loss: 3.132740 | lrm: 0.84 | dt: 158ms | tok/sec: 828,390 | mfu: 22.6% | epoch: 1 | remaining: 175s    
step 00798 (41.5%) | loss: 3.134382 | lrm: 0.84 | dt: 158ms | tok/sec: 828,327 | mfu: 22.6% | epoch: 1 | remaining: 175s    
step 00799 (41.6%) | loss: 3.131247 | lrm: 0.83 | dt: 158ms | tok/sec: 828,234 | mfu: 22.6% | epoch: 1 | remaining: 175s    
step 00800 (41.6%) | loss: 3.131148 | lrm: 0.83 | dt: 158ms | tok/sec: 827,809 | mfu: 22.6% | epoch: 1 | remaining: 175s    
step 00801 (41.7%) | loss: 3.129126 | lrm: 0.83 | dt: 158ms | tok/sec: 827,437 | mfu: 22.6% | epoch: 1 | remaining: 175s    
step 00802 (41.7%) | loss: 3.129216 | lrm: 0.83 | dt: 158ms | tok/sec: 827,947 | mfu: 22.6% | epoch: 1 | remaining: 175s    
step 00803 (41.8%) | loss: 3.129271 | lrm: 0.83 | dt: 158ms | tok/sec: 828,213 | mfu: 22.6% | epoch: 1 | remaining: 175s    
step 00804 (41.8%) | loss: 3.131002 | lrm: 0.83 | dt: 158ms | tok/sec: 828,060 | mfu: 22.6% | epoch: 1 | remaining: 174s    
step 00805 (41.9%) | loss: 3.134499 | lrm: 0.83 | dt: 158ms | tok/sec: 828,382 | mfu: 22.6% | epoch: 1 | remaining: 174s    
step 00806 (41.9%) | loss: 3.132762 | lrm: 0.83 | dt: 158ms | tok/sec: 828,170 | mfu: 22.6% | epoch: 1 | remaining: 174s    
step 00807 (42.0%) | loss: 3.135721 | lrm: 0.83 | dt: 158ms | tok/sec: 828,269 | mfu: 22.6% | epoch: 1 | remaining: 174s    
step 00808 (42.0%) | loss: 3.139614 | lrm: 0.83 | dt: 158ms | tok/sec: 827,984 | mfu: 22.6% | epoch: 1 | remaining: 174s    
step 00809 (42.1%) | loss: 3.134826 | lrm: 0.83 | dt: 158ms | tok/sec: 827,985 | mfu: 22.6% | epoch: 1 | remaining: 174s    
step 00810 (42.1%) | loss: 3.134342 | lrm: 0.83 | dt: 158ms | tok/sec: 828,227 | mfu: 22.6% | epoch: 1 | remaining: 173s    
step 00811 (42.2%) | loss: 3.139224 | lrm: 0.83 | dt: 158ms | tok/sec: 827,851 | mfu: 22.6% | epoch: 1 | remaining: 173s    
step 00812 (42.2%) | loss: 3.137006 | lrm: 0.83 | dt: 158ms | tok/sec: 828,272 | mfu: 22.6% | epoch: 1 | remaining: 173s    
step 00813 (42.3%) | loss: 3.136068 | lrm: 0.82 | dt: 158ms | tok/sec: 828,520 | mfu: 22.7% | epoch: 1 | remaining: 173s    
step 00814 (42.4%) | loss: 3.135301 | lrm: 0.82 | dt: 158ms | tok/sec: 827,994 | mfu: 22.6% | epoch: 1 | remaining: 173s    
step 00815 (42.4%) | loss: 3.133480 | lrm: 0.82 | dt: 158ms | tok/sec: 828,006 | mfu: 22.6% | epoch: 1 | remaining: 173s    
step 00816 (42.5%) | loss: 3.136101 | lrm: 0.82 | dt: 158ms | tok/sec: 828,229 | mfu: 22.6% | epoch: 1 | remaining: 172s    
step 00817 (42.5%) | loss: 3.130928 | lrm: 0.82 | dt: 158ms | tok/sec: 828,267 | mfu: 22.6% | epoch: 1 | remaining: 172s    
step 00818 (42.6%) | loss: 3.124081 | lrm: 0.82 | dt: 158ms | tok/sec: 828,095 | mfu: 22.6% | epoch: 1 | remaining: 172s    
step 00819 (42.6%) | loss: 3.126861 | lrm: 0.82 | dt: 158ms | tok/sec: 828,308 | mfu: 22.6% | epoch: 1 | remaining: 172s    
step 00820 (42.7%) | loss: 3.125561 | lrm: 0.82 | dt: 158ms | tok/sec: 828,150 | mfu: 22.6% | epoch: 1 | remaining: 172s    
step 00821 (42.7%) | loss: 3.127413 | lrm: 0.82 | dt: 158ms | tok/sec: 828,365 | mfu: 22.6% | epoch: 1 | remaining: 172s    
step 00822 (42.8%) | loss: 3.118543 | lrm: 0.82 | dt: 158ms | tok/sec: 828,430 | mfu: 22.6% | epoch: 1 | remaining: 172s    
step 00823 (42.8%) | loss: 3.111832 | lrm: 0.82 | dt: 158ms | tok/sec: 828,161 | mfu: 22.6% | epoch: 1 | remaining: 171s    
step 00824 (42.9%) | loss: 3.112407 | lrm: 0.82 | dt: 158ms | tok/sec: 828,482 | mfu: 22.7% | epoch: 1 | remaining: 171s    
step 00825 (42.9%) | loss: 3.117717 | lrm: 0.82 | dt: 158ms | tok/sec: 828,239 | mfu: 22.6% | epoch: 1 | remaining: 171s    
step 00826 (43.0%) | loss: 3.116381 | lrm: 0.81 | dt: 158ms | tok/sec: 827,879 | mfu: 22.6% | epoch: 1 | remaining: 171s    
step 00827 (43.0%) | loss: 3.117228 | lrm: 0.81 | dt: 158ms | tok/sec: 828,339 | mfu: 22.6% | epoch: 1 | remaining: 171s    
step 00828 (43.1%) | loss: 3.115289 | lrm: 0.81 | dt: 158ms | tok/sec: 827,956 | mfu: 22.6% | epoch: 1 | remaining: 171s    
step 00829 (43.1%) | loss: 3.116229 | lrm: 0.81 | dt: 158ms | tok/sec: 828,315 | mfu: 22.6% | epoch: 1 | remaining: 170s    
step 00830 (43.2%) | loss: 3.117483 | lrm: 0.81 | dt: 158ms | tok/sec: 828,314 | mfu: 22.6% | epoch: 1 | remaining: 170s    
step 00831 (43.2%) | loss: 3.115430 | lrm: 0.81 | dt: 158ms | tok/sec: 827,920 | mfu: 22.6% | epoch: 1 | remaining: 170s    
step 00832 (43.3%) | loss: 3.111682 | lrm: 0.81 | dt: 158ms | tok/sec: 828,110 | mfu: 22.6% | epoch: 1 | remaining: 170s    
step 00833 (43.4%) | loss: 3.115839 | lrm: 0.81 | dt: 158ms | tok/sec: 828,105 | mfu: 22.6% | epoch: 1 | remaining: 170s    
step 00834 (43.4%) | loss: 3.120249 | lrm: 0.81 | dt: 158ms | tok/sec: 828,223 | mfu: 22.6% | epoch: 1 | remaining: 170s    
step 00835 (43.5%) | loss: 3.119269 | lrm: 0.81 | dt: 158ms | tok/sec: 828,263 | mfu: 22.6% | epoch: 1 | remaining: 169s    
step 00836 (43.5%) | loss: 3.117555 | lrm: 0.81 | dt: 158ms | tok/sec: 828,246 | mfu: 22.6% | epoch: 1 | remaining: 169s    
step 00837 (43.6%) | loss: 3.120147 | lrm: 0.81 | dt: 158ms | tok/sec: 827,940 | mfu: 22.6% | epoch: 1 | remaining: 169s    
step 00838 (43.6%) | loss: 3.114868 | lrm: 0.81 | dt: 158ms | tok/sec: 828,037 | mfu: 22.6% | epoch: 1 | remaining: 169s    
step 00839 (43.7%) | loss: 3.116546 | lrm: 0.80 | dt: 158ms | tok/sec: 828,098 | mfu: 22.6% | epoch: 1 | remaining: 169s    
step 00840 (43.7%) | loss: 3.118694 | lrm: 0.80 | dt: 158ms | tok/sec: 828,272 | mfu: 22.6% | epoch: 1 | remaining: 169s    
step 00841 (43.8%) | loss: 3.118894 | lrm: 0.80 | dt: 158ms | tok/sec: 827,896 | mfu: 22.6% | epoch: 1 | remaining: 169s    
step 00842 (43.8%) | loss: 3.118662 | lrm: 0.80 | dt: 158ms | tok/sec: 828,207 | mfu: 22.6% | epoch: 1 | remaining: 168s    
step 00843 (43.9%) | loss: 3.109388 | lrm: 0.80 | dt: 158ms | tok/sec: 828,409 | mfu: 22.6% | epoch: 1 | remaining: 168s    
step 00844 (43.9%) | loss: 3.111737 | lrm: 0.80 | dt: 158ms | tok/sec: 828,249 | mfu: 22.6% | epoch: 1 | remaining: 168s    
step 00845 (44.0%) | loss: 3.108395 | lrm: 0.80 | dt: 158ms | tok/sec: 828,083 | mfu: 22.6% | epoch: 1 | remaining: 168s    
step 00846 (44.0%) | loss: 3.114408 | lrm: 0.80 | dt: 158ms | tok/sec: 828,147 | mfu: 22.6% | epoch: 1 | remaining: 168s    
step 00847 (44.1%) | loss: 3.120540 | lrm: 0.80 | dt: 158ms | tok/sec: 828,365 | mfu: 22.6% | epoch: 1 | remaining: 168s    
step 00848 (44.1%) | loss: 3.125126 | lrm: 0.80 | dt: 158ms | tok/sec: 827,377 | mfu: 22.6% | epoch: 1 | remaining: 167s    
step 00849 (44.2%) | loss: 3.125202 | lrm: 0.80 | dt: 158ms | tok/sec: 827,235 | mfu: 22.6% | epoch: 1 | remaining: 167s    
step 00850 (44.3%) | loss: 3.121233 | lrm: 0.80 | dt: 158ms | tok/sec: 827,753 | mfu: 22.6% | epoch: 1 | remaining: 167s    
step 00851 (44.3%) | loss: 3.115932 | lrm: 0.80 | dt: 158ms | tok/sec: 828,019 | mfu: 22.6% | epoch: 1 | remaining: 167s    
step 00852 (44.4%) | loss: 3.115358 | lrm: 0.79 | dt: 158ms | tok/sec: 828,429 | mfu: 22.6% | epoch: 1 | remaining: 167s    
step 00853 (44.4%) | loss: 3.115262 | lrm: 0.79 | dt: 158ms | tok/sec: 828,025 | mfu: 22.6% | epoch: 1 | remaining: 167s    
step 00854 (44.5%) | loss: 3.112553 | lrm: 0.79 | dt: 158ms | tok/sec: 828,320 | mfu: 22.6% | epoch: 1 | remaining: 166s    
step 00855 (44.5%) | loss: 3.106962 | lrm: 0.79 | dt: 158ms | tok/sec: 828,438 | mfu: 22.7% | epoch: 1 | remaining: 166s    
step 00856 (44.6%) | loss: 3.098675 | lrm: 0.79 | dt: 158ms | tok/sec: 828,268 | mfu: 22.6% | epoch: 1 | remaining: 166s    
step 00857 (44.6%) | loss: 3.101214 | lrm: 0.79 | dt: 158ms | tok/sec: 828,379 | mfu: 22.6% | epoch: 1 | remaining: 166s    
step 00858 (44.7%) | loss: 3.099179 | lrm: 0.79 | dt: 158ms | tok/sec: 828,211 | mfu: 22.6% | epoch: 1 | remaining: 166s    
step 00859 (44.7%) | loss: 3.098262 | lrm: 0.79 | dt: 158ms | tok/sec: 828,247 | mfu: 22.6% | epoch: 1 | remaining: 166s    
step 00860 (44.8%) | loss: 3.100449 | lrm: 0.79 | dt: 158ms | tok/sec: 828,243 | mfu: 22.6% | epoch: 1 | remaining: 166s    
step 00861 (44.8%) | loss: 3.104839 | lrm: 0.79 | dt: 158ms | tok/sec: 828,309 | mfu: 22.6% | epoch: 1 | remaining: 165s    
step 00862 (44.9%) | loss: 3.101456 | lrm: 0.79 | dt: 158ms | tok/sec: 828,468 | mfu: 22.7% | epoch: 1 | remaining: 165s    
step 00863 (44.9%) | loss: 3.102787 | lrm: 0.79 | dt: 158ms | tok/sec: 828,435 | mfu: 22.7% | epoch: 1 | remaining: 165s    
step 00864 (45.0%) | loss: 3.100585 | lrm: 0.79 | dt: 158ms | tok/sec: 828,014 | mfu: 22.6% | epoch: 1 | remaining: 165s    
step 00865 (45.0%) | loss: 3.095879 | lrm: 0.79 | dt: 158ms | tok/sec: 828,030 | mfu: 22.6% | epoch: 1 | remaining: 165s    
step 00866 (45.1%) | loss: 3.099772 | lrm: 0.78 | dt: 158ms | tok/sec: 828,179 | mfu: 22.6% | epoch: 1 | remaining: 165s    
step 00867 (45.1%) | loss: 3.102603 | lrm: 0.78 | dt: 158ms | tok/sec: 828,189 | mfu: 22.6% | epoch: 1 | remaining: 164s    
step 00868 (45.2%) | loss: 3.105267 | lrm: 0.78 | dt: 158ms | tok/sec: 828,320 | mfu: 22.6% | epoch: 1 | remaining: 164s    
step 00869 (45.3%) | loss: 3.109588 | lrm: 0.78 | dt: 158ms | tok/sec: 827,996 | mfu: 22.6% | epoch: 1 | remaining: 164s    
step 00870 (45.3%) | loss: 3.106992 | lrm: 0.78 | dt: 158ms | tok/sec: 828,501 | mfu: 22.7% | epoch: 1 | remaining: 164s    
step 00871 (45.4%) | loss: 3.114929 | lrm: 0.78 | dt: 158ms | tok/sec: 828,120 | mfu: 22.6% | epoch: 1 | remaining: 164s    
step 00872 (45.4%) | loss: 3.117727 | lrm: 0.78 | dt: 158ms | tok/sec: 828,307 | mfu: 22.6% | epoch: 1 | remaining: 164s    
step 00873 (45.5%) | loss: 3.111480 | lrm: 0.78 | dt: 158ms | tok/sec: 828,057 | mfu: 22.6% | epoch: 1 | remaining: 163s    
step 00874 (45.5%) | loss: 3.108383 | lrm: 0.78 | dt: 158ms | tok/sec: 828,050 | mfu: 22.6% | epoch: 1 | remaining: 163s    
step 00875 (45.6%) | loss: 3.109439 | lrm: 0.78 | dt: 158ms | tok/sec: 828,096 | mfu: 22.6% | epoch: 1 | remaining: 163s    
step 00876 (45.6%) | loss: 3.115322 | lrm: 0.78 | dt: 158ms | tok/sec: 828,217 | mfu: 22.6% | epoch: 1 | remaining: 163s    
step 00877 (45.7%) | loss: 3.109905 | lrm: 0.78 | dt: 158ms | tok/sec: 828,080 | mfu: 22.6% | epoch: 1 | remaining: 163s    
step 00878 (45.7%) | loss: 3.109345 | lrm: 0.78 | dt: 158ms | tok/sec: 828,004 | mfu: 22.6% | epoch: 1 | remaining: 163s    
step 00879 (45.8%) | loss: 3.110844 | lrm: 0.77 | dt: 158ms | tok/sec: 828,044 | mfu: 22.6% | epoch: 1 | remaining: 163s    
step 00880 (45.8%) | loss: 3.110223 | lrm: 0.77 | dt: 158ms | tok/sec: 827,975 | mfu: 22.6% | epoch: 1 | remaining: 162s    
step 00881 (45.9%) | loss: 3.111232 | lrm: 0.77 | dt: 158ms | tok/sec: 828,469 | mfu: 22.7% | epoch: 1 | remaining: 162s    
step 00882 (45.9%) | loss: 3.108107 | lrm: 0.77 | dt: 158ms | tok/sec: 828,161 | mfu: 22.6% | epoch: 1 | remaining: 162s    
step 00883 (46.0%) | loss: 3.117623 | lrm: 0.77 | dt: 158ms | tok/sec: 828,252 | mfu: 22.6% | epoch: 1 | remaining: 162s    
step 00884 (46.0%) | loss: 3.115356 | lrm: 0.77 | dt: 158ms | tok/sec: 828,286 | mfu: 22.6% | epoch: 1 | remaining: 162s    
step 00885 (46.1%) | loss: 3.118443 | lrm: 0.77 | dt: 158ms | tok/sec: 828,407 | mfu: 22.6% | epoch: 1 | remaining: 162s    
step 00886 (46.1%) | loss: 3.121967 | lrm: 0.77 | dt: 158ms | tok/sec: 828,278 | mfu: 22.6% | epoch: 1 | remaining: 161s    
step 00887 (46.2%) | loss: 3.123012 | lrm: 0.77 | dt: 158ms | tok/sec: 828,034 | mfu: 22.6% | epoch: 1 | remaining: 161s    
step 00888 (46.3%) | loss: 3.113058 | lrm: 0.77 | dt: 158ms | tok/sec: 828,118 | mfu: 22.6% | epoch: 1 | remaining: 161s    
step 00889 (46.3%) | loss: 3.100994 | lrm: 0.77 | dt: 158ms | tok/sec: 828,209 | mfu: 22.6% | epoch: 1 | remaining: 161s    
step 00890 (46.4%) | loss: 3.099197 | lrm: 0.77 | dt: 158ms | tok/sec: 828,297 | mfu: 22.6% | epoch: 1 | remaining: 161s    
step 00891 (46.4%) | loss: 3.096980 | lrm: 0.77 | dt: 158ms | tok/sec: 828,221 | mfu: 22.6% | epoch: 1 | remaining: 161s    
step 00892 (46.5%) | loss: 3.091810 | lrm: 0.76 | dt: 158ms | tok/sec: 828,287 | mfu: 22.6% | epoch: 1 | remaining: 160s    
step 00893 (46.5%) | loss: 3.094219 | lrm: 0.76 | dt: 158ms | tok/sec: 827,989 | mfu: 22.6% | epoch: 1 | remaining: 160s    
step 00894 (46.6%) | loss: 3.098180 | lrm: 0.76 | dt: 158ms | tok/sec: 828,417 | mfu: 22.6% | epoch: 1 | remaining: 160s    
step 00895 (46.6%) | loss: 3.100566 | lrm: 0.76 | dt: 158ms | tok/sec: 828,194 | mfu: 22.6% | epoch: 1 | remaining: 160s    
step 00896 (46.7%) | loss: 3.098286 | lrm: 0.76 | dt: 158ms | tok/sec: 827,991 | mfu: 22.6% | epoch: 1 | remaining: 160s    
step 00897 (46.7%) | loss: 3.099138 | lrm: 0.76 | dt: 158ms | tok/sec: 828,221 | mfu: 22.6% | epoch: 1 | remaining: 160s    
step 00898 (46.8%) | loss: 3.103880 | lrm: 0.76 | dt: 158ms | tok/sec: 828,137 | mfu: 22.6% | epoch: 1 | remaining: 159s    
step 00899 (46.8%) | loss: 3.100335 | lrm: 0.76 | dt: 158ms | tok/sec: 828,196 | mfu: 22.6% | epoch: 1 | remaining: 159s    
step 00900 (46.9%) | loss: 3.105781 | lrm: 0.76 | dt: 158ms | tok/sec: 828,447 | mfu: 22.7% | epoch: 1 | remaining: 159s    
step 00901 (46.9%) | loss: 3.102645 | lrm: 0.76 | dt: 158ms | tok/sec: 828,049 | mfu: 22.6% | epoch: 1 | remaining: 159s    
step 00902 (47.0%) | loss: 3.108946 | lrm: 0.76 | dt: 158ms | tok/sec: 828,214 | mfu: 22.6% | epoch: 1 | remaining: 159s    
step 00903 (47.0%) | loss: 3.104291 | lrm: 0.76 | dt: 158ms | tok/sec: 828,306 | mfu: 22.6% | epoch: 1 | remaining: 159s    
step 00904 (47.1%) | loss: 3.110606 | lrm: 0.76 | dt: 158ms | tok/sec: 828,027 | mfu: 22.6% | epoch: 1 | remaining: 159s    
step 00905 (47.2%) | loss: 3.110735 | lrm: 0.75 | dt: 158ms | tok/sec: 828,306 | mfu: 22.6% | epoch: 1 | remaining: 158s    
step 00906 (47.2%) | loss: 3.108577 | lrm: 0.75 | dt: 158ms | tok/sec: 828,314 | mfu: 22.6% | epoch: 1 | remaining: 158s    
step 00907 (47.3%) | loss: 3.116725 | lrm: 0.75 | dt: 158ms | tok/sec: 828,189 | mfu: 22.6% | epoch: 1 | remaining: 158s    
step 00908 (47.3%) | loss: 3.110985 | lrm: 0.75 | dt: 158ms | tok/sec: 828,102 | mfu: 22.6% | epoch: 1 | remaining: 158s    
step 00909 (47.4%) | loss: 3.109403 | lrm: 0.75 | dt: 158ms | tok/sec: 828,161 | mfu: 22.6% | epoch: 1 | remaining: 158s    
step 00910 (47.4%) | loss: 3.108963 | lrm: 0.75 | dt: 158ms | tok/sec: 828,112 | mfu: 22.6% | epoch: 1 | remaining: 158s    
step 00911 (47.5%) | loss: 3.108695 | lrm: 0.75 | dt: 158ms | tok/sec: 828,214 | mfu: 22.6% | epoch: 1 | remaining: 157s    
step 00912 (47.5%) | loss: 3.108501 | lrm: 0.75 | dt: 158ms | tok/sec: 828,081 | mfu: 22.6% | epoch: 1 | remaining: 157s    
step 00913 (47.6%) | loss: 3.112373 | lrm: 0.75 | dt: 158ms | tok/sec: 828,515 | mfu: 22.7% | epoch: 1 | remaining: 157s    
step 00914 (47.6%) | loss: 3.112750 | lrm: 0.75 | dt: 158ms | tok/sec: 828,352 | mfu: 22.6% | epoch: 1 | remaining: 157s    
step 00915 (47.7%) | loss: 3.109259 | lrm: 0.75 | dt: 158ms | tok/sec: 828,032 | mfu: 22.6% | epoch: 1 | remaining: 157s    
step 00916 (47.7%) | loss: 3.106961 | lrm: 0.75 | dt: 158ms | tok/sec: 828,221 | mfu: 22.6% | epoch: 1 | remaining: 157s    
step 00917 (47.8%) | loss: 3.109463 | lrm: 0.75 | dt: 158ms | tok/sec: 828,173 | mfu: 22.6% | epoch: 1 | remaining: 156s    
step 00918 (47.8%) | loss: 3.102502 | lrm: 0.75 | dt: 158ms | tok/sec: 828,352 | mfu: 22.6% | epoch: 1 | remaining: 156s    
step 00919 (47.9%) | loss: 3.106859 | lrm: 0.74 | dt: 158ms | tok/sec: 828,420 | mfu: 22.6% | epoch: 1 | remaining: 156s    
step 00920 (47.9%) | loss: 3.107522 | lrm: 0.74 | dt: 158ms | tok/sec: 828,143 | mfu: 22.6% | epoch: 1 | remaining: 156s    
step 00921 (48.0%) | loss: 3.106886 | lrm: 0.74 | dt: 158ms | tok/sec: 828,035 | mfu: 22.6% | epoch: 1 | remaining: 156s    
step 00922 (48.0%) | loss: 3.112602 | lrm: 0.74 | dt: 158ms | tok/sec: 828,297 | mfu: 22.6% | epoch: 1 | remaining: 156s    
step 00923 (48.1%) | loss: 3.110869 | lrm: 0.74 | dt: 158ms | tok/sec: 828,339 | mfu: 22.6% | epoch: 1 | remaining: 156s    
step 00924 (48.2%) | loss: 3.113163 | lrm: 0.74 | dt: 158ms | tok/sec: 828,443 | mfu: 22.7% | epoch: 1 | remaining: 155s    
step 00925 (48.2%) | loss: 3.112687 | lrm: 0.74 | dt: 158ms | tok/sec: 828,558 | mfu: 22.7% | epoch: 1 | remaining: 155s    
step 00926 (48.3%) | loss: 3.118344 | lrm: 0.74 | dt: 158ms | tok/sec: 828,137 | mfu: 22.6% | epoch: 1 | remaining: 155s    
step 00927 (48.3%) | loss: 3.113511 | lrm: 0.74 | dt: 158ms | tok/sec: 828,468 | mfu: 22.7% | epoch: 1 | remaining: 155s    
step 00928 (48.4%) | loss: 3.103106 | lrm: 0.74 | dt: 158ms | tok/sec: 828,314 | mfu: 22.6% | epoch: 1 | remaining: 155s    
step 00929 (48.4%) | loss: 3.102221 | lrm: 0.74 | dt: 158ms | tok/sec: 828,067 | mfu: 22.6% | epoch: 1 | remaining: 155s    
step 00930 (48.5%) | loss: 3.096861 | lrm: 0.74 | dt: 158ms | tok/sec: 828,221 | mfu: 22.6% | epoch: 1 | remaining: 154s    
step 00931 (48.5%) | loss: 3.098408 | lrm: 0.74 | dt: 158ms | tok/sec: 828,157 | mfu: 22.6% | epoch: 1 | remaining: 154s    
step 00932 (48.6%) | loss: 3.094910 | lrm: 0.73 | dt: 158ms | tok/sec: 828,354 | mfu: 22.6% | epoch: 1 | remaining: 154s    
step 00933 (48.6%) | loss: 3.096830 | lrm: 0.73 | dt: 158ms | tok/sec: 828,358 | mfu: 22.6% | epoch: 1 | remaining: 154s    
step 00934 (48.7%) | loss: 3.089037 | lrm: 0.73 | dt: 158ms | tok/sec: 828,369 | mfu: 22.6% | epoch: 1 | remaining: 154s    
step 00935 (48.7%) | loss: 3.092467 | lrm: 0.73 | dt: 158ms | tok/sec: 828,131 | mfu: 22.6% | epoch: 1 | remaining: 154s    
step 00936 (48.8%) | loss: 3.093432 | lrm: 0.73 | dt: 158ms | tok/sec: 828,262 | mfu: 22.6% | epoch: 1 | remaining: 153s    
step 00937 (48.8%) | loss: 3.102289 | lrm: 0.73 | dt: 158ms | tok/sec: 828,146 | mfu: 22.6% | epoch: 1 | remaining: 153s    
step 00938 (48.9%) | loss: 3.106535 | lrm: 0.73 | dt: 158ms | tok/sec: 828,231 | mfu: 22.6% | epoch: 1 | remaining: 153s    
step 00939 (48.9%) | loss: 3.098988 | lrm: 0.73 | dt: 158ms | tok/sec: 828,410 | mfu: 22.6% | epoch: 1 | remaining: 153s    
step 00940 (49.0%) | loss: 3.094867 | lrm: 0.73 | dt: 158ms | tok/sec: 828,066 | mfu: 22.6% | epoch: 1 | remaining: 153s    
step 00941 (49.1%) | loss: 3.098900 | lrm: 0.73 | dt: 158ms | tok/sec: 828,177 | mfu: 22.6% | epoch: 1 | remaining: 153s    
step 00942 (49.1%) | loss: 3.104806 | lrm: 0.73 | dt: 158ms | tok/sec: 828,196 | mfu: 22.6% | epoch: 1 | remaining: 153s    
step 00943 (49.2%) | loss: 3.094177 | lrm: 0.73 | dt: 158ms | tok/sec: 827,992 | mfu: 22.6% | epoch: 1 | remaining: 152s    
step 00944 (49.2%) | loss: 3.092295 | lrm: 0.73 | dt: 158ms | tok/sec: 828,262 | mfu: 22.6% | epoch: 1 | remaining: 152s    
step 00945 (49.3%) | loss: 3.091225 | lrm: 0.72 | dt: 158ms | tok/sec: 828,182 | mfu: 22.6% | epoch: 1 | remaining: 152s    
step 00946 (49.3%) | loss: 3.092868 | lrm: 0.72 | dt: 158ms | tok/sec: 828,152 | mfu: 22.6% | epoch: 1 | remaining: 152s    
step 00947 (49.4%) | loss: 3.087482 | lrm: 0.72 | dt: 158ms | tok/sec: 828,201 | mfu: 22.6% | epoch: 1 | remaining: 152s    
step 00948 (49.4%) | loss: 3.092761 | lrm: 0.72 | dt: 158ms | tok/sec: 827,778 | mfu: 22.6% | epoch: 1 | remaining: 152s    
step 00949 (49.5%) | loss: 3.098822 | lrm: 0.72 | dt: 158ms | tok/sec: 827,956 | mfu: 22.6% | epoch: 1 | remaining: 151s    
step 00950 (49.5%) | loss: 3.094231 | lrm: 0.72 | dt: 158ms | tok/sec: 828,073 | mfu: 22.6% | epoch: 1 | remaining: 151s    
step 00951 (49.6%) | loss: 3.087977 | lrm: 0.72 | dt: 158ms | tok/sec: 828,242 | mfu: 22.6% | epoch: 1 | remaining: 151s    
step 00952 (49.6%) | loss: 3.094265 | lrm: 0.72 | dt: 158ms | tok/sec: 828,214 | mfu: 22.6% | epoch: 1 | remaining: 151s    
step 00953 (49.7%) | loss: 3.090469 | lrm: 0.72 | dt: 158ms | tok/sec: 828,030 | mfu: 22.6% | epoch: 1 | remaining: 151s    
step 00954 (49.7%) | loss: 3.094998 | lrm: 0.72 | dt: 158ms | tok/sec: 828,000 | mfu: 22.6% | epoch: 1 | remaining: 151s    
step 00955 (49.8%) | loss: 3.092992 | lrm: 0.72 | dt: 158ms | tok/sec: 828,187 | mfu: 22.6% | epoch: 1 | remaining: 150s    
step 00956 (49.8%) | loss: 3.092987 | lrm: 0.72 | dt: 158ms | tok/sec: 828,375 | mfu: 22.6% | epoch: 1 | remaining: 150s    
step 00957 (49.9%) | loss: 3.099864 | lrm: 0.72 | dt: 158ms | tok/sec: 828,196 | mfu: 22.6% | epoch: 1 | remaining: 150s    
step 00958 (49.9%) | loss: 3.092985 | lrm: 0.72 | dt: 158ms | tok/sec: 828,135 | mfu: 22.6% | epoch: 1 | remaining: 150s    
step 00959 (50.0%) | loss: 3.096219 | lrm: 0.71 | dt: 158ms | tok/sec: 827,994 | mfu: 22.6% | epoch: 1 | remaining: 150s    
step 00960 (50.1%) | loss: 3.094636 | lrm: 0.71 | dt: 158ms | tok/sec: 828,269 | mfu: 22.6% | epoch: 1 | remaining: 150s    
step 00961 (50.1%) | loss: 3.086496 | lrm: 0.71 | dt: 158ms | tok/sec: 828,452 | mfu: 22.7% | epoch: 1 | remaining: 150s    
step 00962 (50.2%) | loss: 3.082885 | lrm: 0.71 | dt: 158ms | tok/sec: 828,374 | mfu: 22.6% | epoch: 1 | remaining: 149s    
step 00963 (50.2%) | loss: 3.077836 | lrm: 0.71 | dt: 158ms | tok/sec: 828,319 | mfu: 22.6% | epoch: 1 | remaining: 149s    
step 00964 (50.3%) | loss: 3.072120 | lrm: 0.71 | dt: 158ms | tok/sec: 828,355 | mfu: 22.6% | epoch: 1 | remaining: 149s    
step 00965 (50.3%) | loss: 3.064620 | lrm: 0.71 | dt: 158ms | tok/sec: 827,934 | mfu: 22.6% | epoch: 1 | remaining: 149s    
step 00966 (50.4%) | loss: 3.064731 | lrm: 0.71 | dt: 158ms | tok/sec: 828,248 | mfu: 22.6% | epoch: 1 | remaining: 149s    
step 00967 (50.4%) | loss: 3.068793 | lrm: 0.71 | dt: 158ms | tok/sec: 828,309 | mfu: 22.6% | epoch: 1 | remaining: 149s    
step 00968 (50.5%) | loss: 3.070304 | lrm: 0.71 | dt: 158ms | tok/sec: 828,228 | mfu: 22.6% | epoch: 1 | remaining: 148s    
step 00969 (50.5%) | loss: 3.067023 | lrm: 0.71 | dt: 158ms | tok/sec: 828,102 | mfu: 22.6% | epoch: 1 | remaining: 148s    
step 00970 (50.6%) | loss: 3.071900 | lrm: 0.71 | dt: 158ms | tok/sec: 828,457 | mfu: 22.7% | epoch: 1 | remaining: 148s    
step 00971 (50.6%) | loss: 3.072625 | lrm: 0.71 | dt: 158ms | tok/sec: 828,157 | mfu: 22.6% | epoch: 1 | remaining: 148s    
step 00972 (50.7%) | loss: 3.075781 | lrm: 0.70 | dt: 158ms | tok/sec: 828,163 | mfu: 22.6% | epoch: 1 | remaining: 148s    
step 00973 (50.7%) | loss: 3.079746 | lrm: 0.70 | dt: 158ms | tok/sec: 828,118 | mfu: 22.6% | epoch: 1 | remaining: 148s    
step 00974 (50.8%) | loss: 3.083203 | lrm: 0.70 | dt: 158ms | tok/sec: 828,071 | mfu: 22.6% | epoch: 1 | remaining: 147s    
step 00975 (50.8%) | loss: 3.080297 | lrm: 0.70 | dt: 158ms | tok/sec: 828,248 | mfu: 22.6% | epoch: 1 | remaining: 147s    
step 00976 (50.9%) | loss: 3.084955 | lrm: 0.70 | dt: 158ms | tok/sec: 828,264 | mfu: 22.6% | epoch: 1 | remaining: 147s    
step 00977 (50.9%) | loss: 3.086655 | lrm: 0.70 | dt: 158ms | tok/sec: 828,136 | mfu: 22.6% | epoch: 1 | remaining: 147s    
step 00978 (51.0%) | loss: 3.088134 | lrm: 0.70 | dt: 158ms | tok/sec: 828,009 | mfu: 22.6% | epoch: 1 | remaining: 147s    
step 00979 (51.1%) | loss: 3.086166 | lrm: 0.70 | dt: 158ms | tok/sec: 828,085 | mfu: 22.6% | epoch: 1 | remaining: 147s    
step 00980 (51.1%) | loss: 3.091808 | lrm: 0.70 | dt: 158ms | tok/sec: 828,014 | mfu: 22.6% | epoch: 1 | remaining: 147s    
step 00981 (51.2%) | loss: 3.087711 | lrm: 0.70 | dt: 158ms | tok/sec: 828,424 | mfu: 22.6% | epoch: 1 | remaining: 146s    
step 00982 (51.2%) | loss: 3.083204 | lrm: 0.70 | dt: 158ms | tok/sec: 828,035 | mfu: 22.6% | epoch: 1 | remaining: 146s    
step 00983 (51.3%) | loss: 3.073816 | lrm: 0.70 | dt: 158ms | tok/sec: 828,228 | mfu: 22.6% | epoch: 1 | remaining: 146s    
step 00984 (51.3%) | loss: 3.073244 | lrm: 0.70 | dt: 158ms | tok/sec: 828,049 | mfu: 22.6% | epoch: 1 | remaining: 146s    
step 00985 (51.4%) | loss: 3.067508 | lrm: 0.69 | dt: 158ms | tok/sec: 828,272 | mfu: 22.6% | epoch: 1 | remaining: 146s    
step 00986 (51.4%) | loss: 3.062057 | lrm: 0.69 | dt: 158ms | tok/sec: 828,322 | mfu: 22.6% | epoch: 1 | remaining: 146s    
step 00987 (51.5%) | loss: 3.062619 | lrm: 0.69 | dt: 158ms | tok/sec: 827,797 | mfu: 22.6% | epoch: 1 | remaining: 145s    
step 00988 (51.5%) | loss: 3.070526 | lrm: 0.69 | dt: 158ms | tok/sec: 827,910 | mfu: 22.6% | epoch: 1 | remaining: 145s    
step 00989 (51.6%) | loss: 3.071386 | lrm: 0.69 | dt: 158ms | tok/sec: 828,096 | mfu: 22.6% | epoch: 1 | remaining: 145s    
step 00990 (51.6%) | loss: 3.065411 | lrm: 0.69 | dt: 158ms | tok/sec: 828,222 | mfu: 22.6% | epoch: 1 | remaining: 145s    
step 00991 (51.7%) | loss: 3.056152 | lrm: 0.69 | dt: 158ms | tok/sec: 828,298 | mfu: 22.6% | epoch: 1 | remaining: 145s    
step 00992 (51.7%) | loss: 3.053561 | lrm: 0.69 | dt: 158ms | tok/sec: 828,156 | mfu: 22.6% | epoch: 1 | remaining: 145s    
step 00993 (51.8%) | loss: 3.055447 | lrm: 0.69 | dt: 158ms | tok/sec: 828,070 | mfu: 22.6% | epoch: 1 | remaining: 144s    
step 00994 (51.8%) | loss: 3.058535 | lrm: 0.69 | dt: 158ms | tok/sec: 828,203 | mfu: 22.6% | epoch: 1 | remaining: 144s    
step 00995 (51.9%) | loss: 3.060973 | lrm: 0.69 | dt: 158ms | tok/sec: 828,222 | mfu: 22.6% | epoch: 1 | remaining: 144s    
step 00996 (52.0%) | loss: 3.063310 | lrm: 0.69 | dt: 158ms | tok/sec: 828,212 | mfu: 22.6% | epoch: 1 | remaining: 144s    
step 00997 (52.0%) | loss: 3.067199 | lrm: 0.69 | dt: 158ms | tok/sec: 828,337 | mfu: 22.6% | epoch: 1 | remaining: 144s    
step 00998 (52.1%) | loss: 3.065293 | lrm: 0.68 | dt: 158ms | tok/sec: 828,448 | mfu: 22.7% | epoch: 1 | remaining: 144s    
step 00999 (52.1%) | loss: 3.069695 | lrm: 0.68 | dt: 158ms | tok/sec: 828,198 | mfu: 22.6% | epoch: 1 | remaining: 144s    
step 01000 (52.2%) | loss: 3.060710 | lrm: 0.68 | dt: 158ms | tok/sec: 827,454 | mfu: 22.6% | epoch: 1 | remaining: 143s    
step 01001 (52.2%) | loss: 3.058802 | lrm: 0.68 | dt: 158ms | tok/sec: 827,551 | mfu: 22.6% | epoch: 1 | remaining: 143s    
step 01002 (52.3%) | loss: 3.059762 | lrm: 0.68 | dt: 158ms | tok/sec: 828,277 | mfu: 22.6% | epoch: 1 | remaining: 143s    
step 01003 (52.3%) | loss: 3.062159 | lrm: 0.68 | dt: 158ms | tok/sec: 828,233 | mfu: 22.6% | epoch: 1 | remaining: 143s    
step 01004 (52.4%) | loss: 3.062833 | lrm: 0.68 | dt: 158ms | tok/sec: 828,400 | mfu: 22.6% | epoch: 1 | remaining: 143s    
step 01005 (52.4%) | loss: 3.060483 | lrm: 0.68 | dt: 158ms | tok/sec: 828,303 | mfu: 22.6% | epoch: 1 | remaining: 143s    
step 01006 (52.5%) | loss: 3.064928 | lrm: 0.68 | dt: 158ms | tok/sec: 828,208 | mfu: 22.6% | epoch: 1 | remaining: 142s    
step 01007 (52.5%) | loss: 3.068248 | lrm: 0.68 | dt: 158ms | tok/sec: 828,051 | mfu: 22.6% | epoch: 1 | remaining: 142s    
step 01008 (52.6%) | loss: 3.066904 | lrm: 0.68 | dt: 158ms | tok/sec: 827,734 | mfu: 22.6% | epoch: 1 | remaining: 142s    
step 01009 (52.6%) | loss: 3.067338 | lrm: 0.68 | dt: 158ms | tok/sec: 828,219 | mfu: 22.6% | epoch: 1 | remaining: 142s    
step 01010 (52.7%) | loss: 3.070660 | lrm: 0.68 | dt: 158ms | tok/sec: 828,015 | mfu: 22.6% | epoch: 1 | remaining: 142s    
step 01011 (52.7%) | loss: 3.072535 | lrm: 0.68 | dt: 158ms | tok/sec: 828,181 | mfu: 22.6% | epoch: 1 | remaining: 142s    
step 01012 (52.8%) | loss: 3.076580 | lrm: 0.67 | dt: 158ms | tok/sec: 828,463 | mfu: 22.7% | epoch: 1 | remaining: 141s    
step 01013 (52.8%) | loss: 3.069107 | lrm: 0.67 | dt: 158ms | tok/sec: 828,297 | mfu: 22.6% | epoch: 1 | remaining: 141s    
step 01014 (52.9%) | loss: 3.078062 | lrm: 0.67 | dt: 158ms | tok/sec: 828,394 | mfu: 22.6% | epoch: 1 | remaining: 141s    
step 01015 (53.0%) | loss: 3.074971 | lrm: 0.67 | dt: 158ms | tok/sec: 828,413 | mfu: 22.6% | epoch: 1 | remaining: 141s    
step 01016 (53.0%) | loss: 3.067975 | lrm: 0.67 | dt: 158ms | tok/sec: 827,964 | mfu: 22.6% | epoch: 1 | remaining: 141s    
step 01017 (53.1%) | loss: 3.055724 | lrm: 0.67 | dt: 158ms | tok/sec: 828,214 | mfu: 22.6% | epoch: 1 | remaining: 141s    
step 01018 (53.1%) | loss: 3.059883 | lrm: 0.67 | dt: 158ms | tok/sec: 828,256 | mfu: 22.6% | epoch: 1 | remaining: 141s    
step 01019 (53.2%) | loss: 3.066214 | lrm: 0.67 | dt: 158ms | tok/sec: 828,221 | mfu: 22.6% | epoch: 1 | remaining: 140s    
step 01020 (53.2%) | loss: 3.057470 | lrm: 0.67 | dt: 158ms | tok/sec: 828,328 | mfu: 22.6% | epoch: 1 | remaining: 140s    
step 01021 (53.3%) | loss: 3.059943 | lrm: 0.67 | dt: 158ms | tok/sec: 828,272 | mfu: 22.6% | epoch: 1 | remaining: 140s    
step 01022 (53.3%) | loss: 3.063484 | lrm: 0.67 | dt: 158ms | tok/sec: 828,088 | mfu: 22.6% | epoch: 1 | remaining: 140s    
step 01023 (53.4%) | loss: 3.062343 | lrm: 0.67 | dt: 158ms | tok/sec: 828,409 | mfu: 22.6% | epoch: 1 | remaining: 140s    
step 01024 (53.4%) | loss: 3.058041 | lrm: 0.67 | dt: 158ms | tok/sec: 828,291 | mfu: 22.6% | epoch: 1 | remaining: 140s    
step 01025 (53.5%) | loss: 3.060609 | lrm: 0.66 | dt: 158ms | tok/sec: 828,440 | mfu: 22.7% | epoch: 1 | remaining: 139s    
step 01026 (53.5%) | loss: 3.055121 | lrm: 0.66 | dt: 158ms | tok/sec: 828,350 | mfu: 22.6% | epoch: 1 | remaining: 139s    
step 01027 (53.6%) | loss: 3.053835 | lrm: 0.66 | dt: 158ms | tok/sec: 828,217 | mfu: 22.6% | epoch: 1 | remaining: 139s    
step 01028 (53.6%) | loss: 3.056204 | lrm: 0.66 | dt: 158ms | tok/sec: 828,204 | mfu: 22.6% | epoch: 1 | remaining: 139s    
step 01029 (53.7%) | loss: 3.047228 | lrm: 0.66 | dt: 158ms | tok/sec: 828,258 | mfu: 22.6% | epoch: 1 | remaining: 139s    
step 01030 (53.7%) | loss: 3.046071 | lrm: 0.66 | dt: 158ms | tok/sec: 828,490 | mfu: 22.7% | epoch: 1 | remaining: 139s    
step 01031 (53.8%) | loss: 3.054107 | lrm: 0.66 | dt: 158ms | tok/sec: 828,173 | mfu: 22.6% | epoch: 1 | remaining: 138s    
step 01032 (53.9%) | loss: 3.050474 | lrm: 0.66 | dt: 158ms | tok/sec: 828,236 | mfu: 22.6% | epoch: 1 | remaining: 138s    
step 01033 (53.9%) | loss: 3.054321 | lrm: 0.66 | dt: 158ms | tok/sec: 828,122 | mfu: 22.6% | epoch: 1 | remaining: 138s    
step 01034 (54.0%) | loss: 3.052061 | lrm: 0.66 | dt: 158ms | tok/sec: 828,063 | mfu: 22.6% | epoch: 1 | remaining: 138s    
step 01035 (54.0%) | loss: 3.045724 | lrm: 0.66 | dt: 158ms | tok/sec: 828,032 | mfu: 22.6% | epoch: 1 | remaining: 138s    
step 01036 (54.1%) | loss: 3.046718 | lrm: 0.66 | dt: 158ms | tok/sec: 828,307 | mfu: 22.6% | epoch: 1 | remaining: 138s    
step 01037 (54.1%) | loss: 3.052208 | lrm: 0.66 | dt: 158ms | tok/sec: 828,308 | mfu: 22.6% | epoch: 1 | remaining: 137s    
step 01038 (54.2%) | loss: 3.053501 | lrm: 0.65 | dt: 158ms | tok/sec: 828,449 | mfu: 22.7% | epoch: 1 | remaining: 137s    
step 01039 (54.2%) | loss: 3.054492 | lrm: 0.65 | dt: 158ms | tok/sec: 828,418 | mfu: 22.6% | epoch: 1 | remaining: 137s    
step 01040 (54.3%) | loss: 3.058351 | lrm: 0.65 | dt: 158ms | tok/sec: 828,511 | mfu: 22.7% | epoch: 1 | remaining: 137s    
step 01041 (54.3%) | loss: 3.056743 | lrm: 0.65 | dt: 158ms | tok/sec: 828,236 | mfu: 22.6% | epoch: 1 | remaining: 137s    
step 01042 (54.4%) | loss: 3.059380 | lrm: 0.65 | dt: 158ms | tok/sec: 828,344 | mfu: 22.6% | epoch: 1 | remaining: 137s    
step 01043 (54.4%) | loss: 3.055601 | lrm: 0.65 | dt: 158ms | tok/sec: 827,974 | mfu: 22.6% | epoch: 1 | remaining: 137s    
step 01044 (54.5%) | loss: 3.058278 | lrm: 0.65 | dt: 158ms | tok/sec: 828,266 | mfu: 22.6% | epoch: 1 | remaining: 136s    
step 01045 (54.5%) | loss: 3.053802 | lrm: 0.65 | dt: 158ms | tok/sec: 828,420 | mfu: 22.6% | epoch: 1 | remaining: 136s    
step 01046 (54.6%) | loss: 3.055308 | lrm: 0.65 | dt: 158ms | tok/sec: 828,399 | mfu: 22.6% | epoch: 1 | remaining: 136s    
step 01047 (54.6%) | loss: 3.051061 | lrm: 0.65 | dt: 158ms | tok/sec: 827,541 | mfu: 22.6% | epoch: 1 | remaining: 136s    
step 01048 (54.7%) | loss: 3.052991 | lrm: 0.65 | dt: 158ms | tok/sec: 827,819 | mfu: 22.6% | epoch: 1 | remaining: 136s    
step 01049 (54.7%) | loss: 3.056643 | lrm: 0.65 | dt: 158ms | tok/sec: 828,145 | mfu: 22.6% | epoch: 1 | remaining: 136s    
step 01050 (54.8%) | loss: 3.054829 | lrm: 0.65 | dt: 158ms | tok/sec: 828,236 | mfu: 22.6% | epoch: 1 | remaining: 135s    
step 01051 (54.9%) | loss: 3.059033 | lrm: 0.64 | dt: 158ms | tok/sec: 828,397 | mfu: 22.6% | epoch: 1 | remaining: 135s    
step 01052 (54.9%) | loss: 3.052488 | lrm: 0.64 | dt: 158ms | tok/sec: 828,216 | mfu: 22.6% | epoch: 1 | remaining: 135s    
step 01053 (55.0%) | loss: 3.052699 | lrm: 0.64 | dt: 158ms | tok/sec: 828,387 | mfu: 22.6% | epoch: 1 | remaining: 135s    
step 01054 (55.0%) | loss: 3.047459 | lrm: 0.64 | dt: 158ms | tok/sec: 828,172 | mfu: 22.6% | epoch: 1 | remaining: 135s    
step 01055 (55.1%) | loss: 3.053143 | lrm: 0.64 | dt: 158ms | tok/sec: 828,382 | mfu: 22.6% | epoch: 1 | remaining: 135s    
step 01056 (55.1%) | loss: 3.052492 | lrm: 0.64 | dt: 158ms | tok/sec: 828,214 | mfu: 22.6% | epoch: 1 | remaining: 134s    
step 01057 (55.2%) | loss: 3.047458 | lrm: 0.64 | dt: 158ms | tok/sec: 828,317 | mfu: 22.6% | epoch: 1 | remaining: 134s    
step 01058 (55.2%) | loss: 3.047138 | lrm: 0.64 | dt: 158ms | tok/sec: 828,555 | mfu: 22.7% | epoch: 1 | remaining: 134s    
step 01059 (55.3%) | loss: 3.050912 | lrm: 0.64 | dt: 158ms | tok/sec: 828,228 | mfu: 22.6% | epoch: 1 | remaining: 134s    
step 01060 (55.3%) | loss: 3.056336 | lrm: 0.64 | dt: 158ms | tok/sec: 828,087 | mfu: 22.6% | epoch: 1 | remaining: 134s    
step 01061 (55.4%) | loss: 3.046387 | lrm: 0.64 | dt: 158ms | tok/sec: 828,010 | mfu: 22.6% | epoch: 1 | remaining: 134s    
step 01062 (55.4%) | loss: 3.045890 | lrm: 0.64 | dt: 158ms | tok/sec: 828,035 | mfu: 22.6% | epoch: 1 | remaining: 134s    
step 01063 (55.5%) | loss: 3.046067 | lrm: 0.64 | dt: 158ms | tok/sec: 828,374 | mfu: 22.6% | epoch: 1 | remaining: 133s    
step 01064 (55.5%) | loss: 3.039083 | lrm: 0.64 | dt: 158ms | tok/sec: 827,959 | mfu: 22.6% | epoch: 1 | remaining: 133s    
step 01065 (55.6%) | loss: 3.047682 | lrm: 0.63 | dt: 158ms | tok/sec: 828,040 | mfu: 22.6% | epoch: 1 | remaining: 133s    
step 01066 (55.6%) | loss: 3.045254 | lrm: 0.63 | dt: 158ms | tok/sec: 828,347 | mfu: 22.6% | epoch: 1 | remaining: 133s    
step 01067 (55.7%) | loss: 3.041132 | lrm: 0.63 | dt: 158ms | tok/sec: 828,349 | mfu: 22.6% | epoch: 1 | remaining: 133s    
step 01068 (55.8%) | loss: 3.043083 | lrm: 0.63 | dt: 158ms | tok/sec: 828,312 | mfu: 22.6% | epoch: 1 | remaining: 133s    
step 01069 (55.8%) | loss: 3.037656 | lrm: 0.63 | dt: 158ms | tok/sec: 828,390 | mfu: 22.6% | epoch: 1 | remaining: 132s    
step 01070 (55.9%) | loss: 3.040914 | lrm: 0.63 | dt: 158ms | tok/sec: 828,272 | mfu: 22.6% | epoch: 1 | remaining: 132s    
step 01071 (55.9%) | loss: 3.034635 | lrm: 0.63 | dt: 158ms | tok/sec: 828,214 | mfu: 22.6% | epoch: 1 | remaining: 132s    
step 01072 (56.0%) | loss: 3.035251 | lrm: 0.63 | dt: 158ms | tok/sec: 828,313 | mfu: 22.6% | epoch: 1 | remaining: 132s    
step 01073 (56.0%) | loss: 3.026878 | lrm: 0.63 | dt: 158ms | tok/sec: 828,263 | mfu: 22.6% | epoch: 1 | remaining: 132s    
step 01074 (56.1%) | loss: 3.024067 | lrm: 0.63 | dt: 158ms | tok/sec: 828,318 | mfu: 22.6% | epoch: 1 | remaining: 132s    
step 01075 (56.1%) | loss: 3.031297 | lrm: 0.63 | dt: 158ms | tok/sec: 828,147 | mfu: 22.6% | epoch: 1 | remaining: 131s    
step 01076 (56.2%) | loss: 3.035457 | lrm: 0.63 | dt: 158ms | tok/sec: 828,271 | mfu: 22.6% | epoch: 1 | remaining: 131s    
step 01077 (56.2%) | loss: 3.037842 | lrm: 0.63 | dt: 158ms | tok/sec: 828,231 | mfu: 22.6% | epoch: 1 | remaining: 131s    
step 01078 (56.3%) | loss: 3.038249 | lrm: 0.62 | dt: 158ms | tok/sec: 828,232 | mfu: 22.6% | epoch: 1 | remaining: 131s    
step 01079 (56.3%) | loss: 3.032144 | lrm: 0.62 | dt: 158ms | tok/sec: 828,121 | mfu: 22.6% | epoch: 1 | remaining: 131s    
step 01080 (56.4%) | loss: 3.035869 | lrm: 0.62 | dt: 158ms | tok/sec: 828,083 | mfu: 22.6% | epoch: 1 | remaining: 131s    
step 01081 (56.4%) | loss: 3.035916 | lrm: 0.62 | dt: 158ms | tok/sec: 828,318 | mfu: 22.6% | epoch: 1 | remaining: 131s    
step 01082 (56.5%) | loss: 3.036629 | lrm: 0.62 | dt: 158ms | tok/sec: 828,375 | mfu: 22.6% | epoch: 1 | remaining: 130s    
step 01083 (56.5%) | loss: 3.039232 | lrm: 0.62 | dt: 158ms | tok/sec: 828,419 | mfu: 22.6% | epoch: 1 | remaining: 130s    
step 01084 (56.6%) | loss: 3.037761 | lrm: 0.62 | dt: 158ms | tok/sec: 828,293 | mfu: 22.6% | epoch: 1 | remaining: 130s    
step 01085 (56.6%) | loss: 3.033212 | lrm: 0.62 | dt: 158ms | tok/sec: 828,279 | mfu: 22.6% | epoch: 1 | remaining: 130s    
step 01086 (56.7%) | loss: 3.036559 | lrm: 0.62 | dt: 158ms | tok/sec: 827,919 | mfu: 22.6% | epoch: 1 | remaining: 130s    
step 01087 (56.8%) | loss: 3.036135 | lrm: 0.62 | dt: 158ms | tok/sec: 828,223 | mfu: 22.6% | epoch: 1 | remaining: 130s    
step 01088 (56.8%) | loss: 3.035492 | lrm: 0.62 | dt: 158ms | tok/sec: 828,266 | mfu: 22.6% | epoch: 1 | remaining: 129s    
step 01089 (56.9%) | loss: 3.040829 | lrm: 0.62 | dt: 158ms | tok/sec: 827,840 | mfu: 22.6% | epoch: 1 | remaining: 129s    
step 01090 (56.9%) | loss: 3.043369 | lrm: 0.62 | dt: 158ms | tok/sec: 828,347 | mfu: 22.6% | epoch: 1 | remaining: 129s    
step 01091 (57.0%) | loss: 3.045409 | lrm: 0.61 | dt: 158ms | tok/sec: 828,320 | mfu: 22.6% | epoch: 1 | remaining: 129s    
step 01092 (57.0%) | loss: 3.043023 | lrm: 0.61 | dt: 158ms | tok/sec: 828,113 | mfu: 22.6% | epoch: 1 | remaining: 129s    
step 01093 (57.1%) | loss: 3.044137 | lrm: 0.61 | dt: 158ms | tok/sec: 828,070 | mfu: 22.6% | epoch: 1 | remaining: 129s    
step 01094 (57.1%) | loss: 3.040316 | lrm: 0.61 | dt: 158ms | tok/sec: 828,137 | mfu: 22.6% | epoch: 1 | remaining: 128s    
step 01095 (57.2%) | loss: 3.038164 | lrm: 0.61 | dt: 158ms | tok/sec: 828,516 | mfu: 22.7% | epoch: 1 | remaining: 128s    
step 01096 (57.2%) | loss: 3.035471 | lrm: 0.61 | dt: 158ms | tok/sec: 828,138 | mfu: 22.6% | epoch: 1 | remaining: 128s    
step 01097 (57.3%) | loss: 3.038566 | lrm: 0.61 | dt: 158ms | tok/sec: 828,339 | mfu: 22.6% | epoch: 1 | remaining: 128s    
step 01098 (57.3%) | loss: 3.039280 | lrm: 0.61 | dt: 158ms | tok/sec: 828,327 | mfu: 22.6% | epoch: 1 | remaining: 128s    
step 01099 (57.4%) | loss: 3.035899 | lrm: 0.61 | dt: 158ms | tok/sec: 828,024 | mfu: 22.6% | epoch: 1 | remaining: 128s    
step 01100 (57.4%) | loss: 3.039503 | lrm: 0.61 | dt: 158ms | tok/sec: 828,160 | mfu: 22.6% | epoch: 1 | remaining: 128s    
step 01101 (57.5%) | loss: 3.038077 | lrm: 0.61 | dt: 158ms | tok/sec: 828,239 | mfu: 22.6% | epoch: 1 | remaining: 127s    
step 01102 (57.5%) | loss: 3.034393 | lrm: 0.61 | dt: 158ms | tok/sec: 828,474 | mfu: 22.7% | epoch: 1 | remaining: 127s    
step 01103 (57.6%) | loss: 3.031480 | lrm: 0.61 | dt: 158ms | tok/sec: 828,014 | mfu: 22.6% | epoch: 1 | remaining: 127s    
step 01104 (57.6%) | loss: 3.032818 | lrm: 0.61 | dt: 158ms | tok/sec: 828,073 | mfu: 22.6% | epoch: 1 | remaining: 127s    
step 01105 (57.7%) | loss: 3.029950 | lrm: 0.60 | dt: 158ms | tok/sec: 828,218 | mfu: 22.6% | epoch: 1 | remaining: 127s    
step 01106 (57.8%) | loss: 3.037575 | lrm: 0.60 | dt: 158ms | tok/sec: 828,218 | mfu: 22.6% | epoch: 1 | remaining: 127s    
step 01107 (57.8%) | loss: 3.042058 | lrm: 0.60 | dt: 158ms | tok/sec: 828,296 | mfu: 22.6% | epoch: 1 | remaining: 126s    
step 01108 (57.9%) | loss: 3.042807 | lrm: 0.60 | dt: 158ms | tok/sec: 828,266 | mfu: 22.6% | epoch: 1 | remaining: 126s    
step 01109 (57.9%) | loss: 3.036534 | lrm: 0.60 | dt: 158ms | tok/sec: 828,398 | mfu: 22.6% | epoch: 1 | remaining: 126s    
step 01110 (58.0%) | loss: 3.035325 | lrm: 0.60 | dt: 158ms | tok/sec: 828,231 | mfu: 22.6% | epoch: 1 | remaining: 126s    
step 01111 (58.0%) | loss: 3.033458 | lrm: 0.60 | dt: 158ms | tok/sec: 828,367 | mfu: 22.6% | epoch: 1 | remaining: 126s    
step 01112 (58.1%) | loss: 3.037320 | lrm: 0.60 | dt: 158ms | tok/sec: 828,412 | mfu: 22.6% | epoch: 1 | remaining: 126s    
step 01113 (58.1%) | loss: 3.038208 | lrm: 0.60 | dt: 158ms | tok/sec: 828,172 | mfu: 22.6% | epoch: 1 | remaining: 125s    
step 01114 (58.2%) | loss: 3.032338 | lrm: 0.60 | dt: 158ms | tok/sec: 828,324 | mfu: 22.6% | epoch: 1 | remaining: 125s    
step 01115 (58.2%) | loss: 3.032866 | lrm: 0.60 | dt: 158ms | tok/sec: 828,523 | mfu: 22.7% | epoch: 1 | remaining: 125s    
step 01116 (58.3%) | loss: 3.035012 | lrm: 0.60 | dt: 158ms | tok/sec: 828,257 | mfu: 22.6% | epoch: 1 | remaining: 125s    
step 01117 (58.3%) | loss: 3.033607 | lrm: 0.60 | dt: 158ms | tok/sec: 828,251 | mfu: 22.6% | epoch: 1 | remaining: 125s    
step 01118 (58.4%) | loss: 3.038329 | lrm: 0.59 | dt: 158ms | tok/sec: 828,333 | mfu: 22.6% | epoch: 1 | remaining: 125s    
step 01119 (58.4%) | loss: 3.036856 | lrm: 0.59 | dt: 158ms | tok/sec: 828,201 | mfu: 22.6% | epoch: 1 | remaining: 125s    
step 01120 (58.5%) | loss: 3.035478 | lrm: 0.59 | dt: 158ms | tok/sec: 827,941 | mfu: 22.6% | epoch: 1 | remaining: 124s    
step 01121 (58.5%) | loss: 3.033511 | lrm: 0.59 | dt: 158ms | tok/sec: 827,997 | mfu: 22.6% | epoch: 1 | remaining: 124s    
step 01122 (58.6%) | loss: 3.030619 | lrm: 0.59 | dt: 158ms | tok/sec: 827,943 | mfu: 22.6% | epoch: 1 | remaining: 124s    
step 01123 (58.7%) | loss: 3.033579 | lrm: 0.59 | dt: 158ms | tok/sec: 828,161 | mfu: 22.6% | epoch: 1 | remaining: 124s    
step 01124 (58.7%) | loss: 3.037648 | lrm: 0.59 | dt: 158ms | tok/sec: 828,390 | mfu: 22.6% | epoch: 1 | remaining: 124s    
step 01125 (58.8%) | loss: 3.036625 | lrm: 0.59 | dt: 158ms | tok/sec: 828,394 | mfu: 22.6% | epoch: 1 | remaining: 124s    
step 01126 (58.8%) | loss: 3.039916 | lrm: 0.59 | dt: 158ms | tok/sec: 828,287 | mfu: 22.6% | epoch: 1 | remaining: 123s    
step 01127 (58.9%) | loss: 3.038507 | lrm: 0.59 | dt: 158ms | tok/sec: 828,439 | mfu: 22.7% | epoch: 1 | remaining: 123s    
step 01128 (58.9%) | loss: 3.043821 | lrm: 0.59 | dt: 158ms | tok/sec: 828,115 | mfu: 22.6% | epoch: 1 | remaining: 123s    
step 01129 (59.0%) | loss: 3.044409 | lrm: 0.59 | dt: 158ms | tok/sec: 828,322 | mfu: 22.6% | epoch: 1 | remaining: 123s    
step 01130 (59.0%) | loss: 3.043499 | lrm: 0.59 | dt: 158ms | tok/sec: 828,121 | mfu: 22.6% | epoch: 1 | remaining: 123s    
step 01131 (59.1%) | loss: 3.040948 | lrm: 0.58 | dt: 158ms | tok/sec: 828,126 | mfu: 22.6% | epoch: 1 | remaining: 123s    
step 01132 (59.1%) | loss: 3.037834 | lrm: 0.58 | dt: 158ms | tok/sec: 828,113 | mfu: 22.6% | epoch: 1 | remaining: 122s    
step 01133 (59.2%) | loss: 3.037396 | lrm: 0.58 | dt: 158ms | tok/sec: 828,367 | mfu: 22.6% | epoch: 1 | remaining: 122s    
step 01134 (59.2%) | loss: 3.040606 | lrm: 0.58 | dt: 158ms | tok/sec: 828,403 | mfu: 22.6% | epoch: 1 | remaining: 122s    
step 01135 (59.3%) | loss: 3.038786 | lrm: 0.58 | dt: 158ms | tok/sec: 828,213 | mfu: 22.6% | epoch: 1 | remaining: 122s    
step 01136 (59.3%) | loss: 3.041408 | lrm: 0.58 | dt: 158ms | tok/sec: 828,044 | mfu: 22.6% | epoch: 1 | remaining: 122s    
step 01137 (59.4%) | loss: 3.038604 | lrm: 0.58 | dt: 158ms | tok/sec: 828,229 | mfu: 22.6% | epoch: 1 | remaining: 122s    
step 01138 (59.4%) | loss: 3.030816 | lrm: 0.58 | dt: 158ms | tok/sec: 828,306 | mfu: 22.6% | epoch: 1 | remaining: 122s    
step 01139 (59.5%) | loss: 3.032708 | lrm: 0.58 | dt: 158ms | tok/sec: 828,422 | mfu: 22.6% | epoch: 1 | remaining: 121s    
step 01140 (59.5%) | loss: 3.026553 | lrm: 0.58 | dt: 158ms | tok/sec: 828,122 | mfu: 22.6% | epoch: 1 | remaining: 121s    
step 01141 (59.6%) | loss: 3.031419 | lrm: 0.58 | dt: 158ms | tok/sec: 828,214 | mfu: 22.6% | epoch: 1 | remaining: 121s    
step 01142 (59.7%) | loss: 3.031764 | lrm: 0.58 | dt: 158ms | tok/sec: 828,077 | mfu: 22.6% | epoch: 1 | remaining: 121s    
step 01143 (59.7%) | loss: 3.028819 | lrm: 0.58 | dt: 158ms | tok/sec: 828,298 | mfu: 22.6% | epoch: 1 | remaining: 121s    
step 01144 (59.8%) | loss: 3.033644 | lrm: 0.57 | dt: 158ms | tok/sec: 828,311 | mfu: 22.6% | epoch: 1 | remaining: 121s    
step 01145 (59.8%) | loss: 3.033023 | lrm: 0.57 | dt: 158ms | tok/sec: 828,209 | mfu: 22.6% | epoch: 1 | remaining: 120s    
step 01146 (59.9%) | loss: 3.034606 | lrm: 0.57 | dt: 158ms | tok/sec: 828,145 | mfu: 22.6% | epoch: 1 | remaining: 120s    
step 01147 (59.9%) | loss: 3.031726 | lrm: 0.57 | dt: 158ms | tok/sec: 828,287 | mfu: 22.6% | epoch: 1 | remaining: 120s    
step 01148 (60.0%) | loss: 3.023566 | lrm: 0.57 | dt: 158ms | tok/sec: 828,323 | mfu: 22.6% | epoch: 1 | remaining: 120s    
step 01149 (60.0%) | loss: 3.025124 | lrm: 0.57 | dt: 158ms | tok/sec: 828,202 | mfu: 22.6% | epoch: 1 | remaining: 120s    
step 01150 (60.1%) | loss: 3.018338 | lrm: 0.57 | dt: 158ms | tok/sec: 828,097 | mfu: 22.6% | epoch: 1 | remaining: 120s    
step 01151 (60.1%) | loss: 3.024220 | lrm: 0.57 | dt: 158ms | tok/sec: 828,402 | mfu: 22.6% | epoch: 1 | remaining: 119s    
step 01152 (60.2%) | loss: 3.023089 | lrm: 0.57 | dt: 158ms | tok/sec: 828,010 | mfu: 22.6% | epoch: 1 | remaining: 119s    
step 01153 (60.2%) | loss: 3.023470 | lrm: 0.57 | dt: 158ms | tok/sec: 828,115 | mfu: 22.6% | epoch: 1 | remaining: 119s    
step 01154 (60.3%) | loss: 3.026510 | lrm: 0.57 | dt: 158ms | tok/sec: 828,459 | mfu: 22.7% | epoch: 1 | remaining: 119s    
step 01155 (60.3%) | loss: 3.033889 | lrm: 0.57 | dt: 158ms | tok/sec: 828,111 | mfu: 22.6% | epoch: 1 | remaining: 119s    
step 01156 (60.4%) | loss: 3.040540 | lrm: 0.57 | dt: 158ms | tok/sec: 827,972 | mfu: 22.6% | epoch: 1 | remaining: 119s    
step 01157 (60.4%) | loss: 3.038917 | lrm: 0.57 | dt: 158ms | tok/sec: 827,921 | mfu: 22.6% | epoch: 1 | remaining: 119s    
step 01158 (60.5%) | loss: 3.030290 | lrm: 0.56 | dt: 158ms | tok/sec: 828,309 | mfu: 22.6% | epoch: 1 | remaining: 118s    
step 01159 (60.6%) | loss: 3.033248 | lrm: 0.56 | dt: 158ms | tok/sec: 828,223 | mfu: 22.6% | epoch: 1 | remaining: 118s    
step 01160 (60.6%) | loss: 3.022731 | lrm: 0.56 | dt: 158ms | tok/sec: 827,909 | mfu: 22.6% | epoch: 1 | remaining: 118s    
step 01161 (60.7%) | loss: 3.027621 | lrm: 0.56 | dt: 158ms | tok/sec: 827,789 | mfu: 22.6% | epoch: 1 | remaining: 118s    
step 01162 (60.7%) | loss: 3.024801 | lrm: 0.56 | dt: 158ms | tok/sec: 828,267 | mfu: 22.6% | epoch: 1 | remaining: 118s    
step 01163 (60.8%) | loss: 3.023233 | lrm: 0.56 | dt: 158ms | tok/sec: 828,306 | mfu: 22.6% | epoch: 1 | remaining: 118s    
step 01164 (60.8%) | loss: 3.032207 | lrm: 0.56 | dt: 158ms | tok/sec: 828,187 | mfu: 22.6% | epoch: 1 | remaining: 117s    
step 01165 (60.9%) | loss: 3.030418 | lrm: 0.56 | dt: 158ms | tok/sec: 828,267 | mfu: 22.6% | epoch: 1 | remaining: 117s    
step 01166 (60.9%) | loss: 3.031337 | lrm: 0.56 | dt: 158ms | tok/sec: 828,646 | mfu: 22.7% | epoch: 1 | remaining: 117s    
step 01167 (61.0%) | loss: 3.026726 | lrm: 0.56 | dt: 158ms | tok/sec: 828,216 | mfu: 22.6% | epoch: 1 | remaining: 117s    
step 01168 (61.0%) | loss: 3.018903 | lrm: 0.56 | dt: 158ms | tok/sec: 828,183 | mfu: 22.6% | epoch: 1 | remaining: 117s    
step 01169 (61.1%) | loss: 3.011587 | lrm: 0.56 | dt: 158ms | tok/sec: 827,767 | mfu: 22.6% | epoch: 1 | remaining: 117s    
step 01170 (61.1%) | loss: 3.009835 | lrm: 0.56 | dt: 158ms | tok/sec: 828,151 | mfu: 22.6% | epoch: 1 | remaining: 116s    
step 01171 (61.2%) | loss: 3.011412 | lrm: 0.55 | dt: 158ms | tok/sec: 827,935 | mfu: 22.6% | epoch: 1 | remaining: 116s    
step 01172 (61.2%) | loss: 3.005180 | lrm: 0.55 | dt: 158ms | tok/sec: 828,342 | mfu: 22.6% | epoch: 1 | remaining: 116s    
step 01173 (61.3%) | loss: 3.002223 | lrm: 0.55 | dt: 158ms | tok/sec: 828,121 | mfu: 22.6% | epoch: 1 | remaining: 116s    
step 01174 (61.3%) | loss: 3.000194 | lrm: 0.55 | dt: 158ms | tok/sec: 828,118 | mfu: 22.6% | epoch: 1 | remaining: 116s    
step 01175 (61.4%) | loss: 3.001635 | lrm: 0.55 | dt: 158ms | tok/sec: 828,269 | mfu: 22.6% | epoch: 1 | remaining: 116s    
step 01176 (61.4%) | loss: 2.997376 | lrm: 0.55 | dt: 158ms | tok/sec: 828,325 | mfu: 22.6% | epoch: 1 | remaining: 115s    
step 01177 (61.5%) | loss: 3.005980 | lrm: 0.55 | dt: 158ms | tok/sec: 828,306 | mfu: 22.6% | epoch: 1 | remaining: 115s    
step 01178 (61.6%) | loss: 3.007003 | lrm: 0.55 | dt: 158ms | tok/sec: 828,040 | mfu: 22.6% | epoch: 1 | remaining: 115s    
step 01179 (61.6%) | loss: 3.005661 | lrm: 0.55 | dt: 158ms | tok/sec: 828,397 | mfu: 22.6% | epoch: 1 | remaining: 115s    
step 01180 (61.7%) | loss: 3.010829 | lrm: 0.55 | dt: 158ms | tok/sec: 828,202 | mfu: 22.6% | epoch: 1 | remaining: 115s    
step 01181 (61.7%) | loss: 3.007939 | lrm: 0.55 | dt: 158ms | tok/sec: 828,367 | mfu: 22.6% | epoch: 1 | remaining: 115s    
step 01182 (61.8%) | loss: 3.010883 | lrm: 0.55 | dt: 158ms | tok/sec: 828,214 | mfu: 22.6% | epoch: 1 | remaining: 115s    
step 01183 (61.8%) | loss: 3.018281 | lrm: 0.55 | dt: 158ms | tok/sec: 828,333 | mfu: 22.6% | epoch: 1 | remaining: 114s    
step 01184 (61.9%) | loss: 3.021950 | lrm: 0.54 | dt: 158ms | tok/sec: 828,298 | mfu: 22.6% | epoch: 1 | remaining: 114s    
step 01185 (61.9%) | loss: 3.019693 | lrm: 0.54 | dt: 158ms | tok/sec: 828,262 | mfu: 22.6% | epoch: 1 | remaining: 114s    
step 01186 (62.0%) | loss: 3.027056 | lrm: 0.54 | dt: 158ms | tok/sec: 828,480 | mfu: 22.7% | epoch: 1 | remaining: 114s    
step 01187 (62.0%) | loss: 3.023229 | lrm: 0.54 | dt: 158ms | tok/sec: 828,142 | mfu: 22.6% | epoch: 1 | remaining: 114s    
step 01188 (62.1%) | loss: 3.017859 | lrm: 0.54 | dt: 158ms | tok/sec: 828,000 | mfu: 22.6% | epoch: 1 | remaining: 114s    
step 01189 (62.1%) | loss: 3.012384 | lrm: 0.54 | dt: 158ms | tok/sec: 828,151 | mfu: 22.6% | epoch: 1 | remaining: 113s    
step 01190 (62.2%) | loss: 3.016816 | lrm: 0.54 | dt: 158ms | tok/sec: 828,342 | mfu: 22.6% | epoch: 1 | remaining: 113s    
step 01191 (62.2%) | loss: 3.023106 | lrm: 0.54 | dt: 158ms | tok/sec: 828,251 | mfu: 22.6% | epoch: 1 | remaining: 113s    
step 01192 (62.3%) | loss: 3.025535 | lrm: 0.54 | dt: 158ms | tok/sec: 828,320 | mfu: 22.6% | epoch: 1 | remaining: 113s    
step 01193 (62.3%) | loss: 3.023453 | lrm: 0.54 | dt: 158ms | tok/sec: 827,566 | mfu: 22.6% | epoch: 1 | remaining: 113s    
step 01194 (62.4%) | loss: 3.016127 | lrm: 0.54 | dt: 158ms | tok/sec: 827,923 | mfu: 22.6% | epoch: 1 | remaining: 113s    
step 01195 (62.4%) | loss: 3.016306 | lrm: 0.54 | dt: 158ms | tok/sec: 828,067 | mfu: 22.6% | epoch: 1 | remaining: 112s    
step 01196 (62.5%) | loss: 3.020521 | lrm: 0.54 | dt: 158ms | tok/sec: 828,322 | mfu: 22.6% | epoch: 1 | remaining: 112s    
step 01197 (62.6%) | loss: 3.010889 | lrm: 0.53 | dt: 158ms | tok/sec: 828,412 | mfu: 22.6% | epoch: 1 | remaining: 112s    
step 01198 (62.6%) | loss: 3.005421 | lrm: 0.53 | dt: 158ms | tok/sec: 828,165 | mfu: 22.6% | epoch: 1 | remaining: 112s    
step 01199 (62.7%) | loss: 2.994600 | lrm: 0.53 | dt: 158ms | tok/sec: 828,344 | mfu: 22.6% | epoch: 1 | remaining: 112s    
step 01200 (62.7%) | loss: 2.991544 | lrm: 0.53 | dt: 158ms | tok/sec: 828,046 | mfu: 22.6% | epoch: 1 | remaining: 112s    
step 01201 (62.8%) | loss: 2.999495 | lrm: 0.53 | dt: 158ms | tok/sec: 827,987 | mfu: 22.6% | epoch: 1 | remaining: 112s    
step 01202 (62.8%) | loss: 3.003878 | lrm: 0.53 | dt: 158ms | tok/sec: 827,967 | mfu: 22.6% | epoch: 1 | remaining: 111s    
step 01203 (62.9%) | loss: 3.000869 | lrm: 0.53 | dt: 158ms | tok/sec: 828,207 | mfu: 22.6% | epoch: 1 | remaining: 111s    
step 01204 (62.9%) | loss: 2.997415 | lrm: 0.53 | dt: 158ms | tok/sec: 828,256 | mfu: 22.6% | epoch: 1 | remaining: 111s    
step 01205 (63.0%) | loss: 2.999642 | lrm: 0.53 | dt: 158ms | tok/sec: 828,254 | mfu: 22.6% | epoch: 1 | remaining: 111s    
step 01206 (63.0%) | loss: 2.999304 | lrm: 0.53 | dt: 158ms | tok/sec: 828,083 | mfu: 22.6% | epoch: 1 | remaining: 111s    
step 01207 (63.1%) | loss: 3.005720 | lrm: 0.53 | dt: 158ms | tok/sec: 827,903 | mfu: 22.6% | epoch: 1 | remaining: 111s    
step 01208 (63.1%) | loss: 3.005272 | lrm: 0.53 | dt: 158ms | tok/sec: 828,194 | mfu: 22.6% | epoch: 1 | remaining: 110s    
step 01209 (63.2%) | loss: 3.001929 | lrm: 0.53 | dt: 158ms | tok/sec: 828,367 | mfu: 22.6% | epoch: 1 | remaining: 110s    
step 01210 (63.2%) | loss: 3.005609 | lrm: 0.53 | dt: 158ms | tok/sec: 828,203 | mfu: 22.6% | epoch: 1 | remaining: 110s    
step 01211 (63.3%) | loss: 3.001735 | lrm: 0.52 | dt: 158ms | tok/sec: 828,214 | mfu: 22.6% | epoch: 1 | remaining: 110s    
step 01212 (63.3%) | loss: 3.008196 | lrm: 0.52 | dt: 158ms | tok/sec: 828,140 | mfu: 22.6% | epoch: 1 | remaining: 110s    
step 01213 (63.4%) | loss: 3.005210 | lrm: 0.52 | dt: 158ms | tok/sec: 828,520 | mfu: 22.7% | epoch: 1 | remaining: 110s    
step 01214 (63.5%) | loss: 3.002773 | lrm: 0.52 | dt: 158ms | tok/sec: 828,332 | mfu: 22.6% | epoch: 1 | remaining: 109s    
step 01215 (63.5%) | loss: 3.005916 | lrm: 0.52 | dt: 158ms | tok/sec: 828,168 | mfu: 22.6% | epoch: 1 | remaining: 109s    
step 01216 (63.6%) | loss: 3.002957 | lrm: 0.52 | dt: 158ms | tok/sec: 828,221 | mfu: 22.6% | epoch: 1 | remaining: 109s    
step 01217 (63.6%) | loss: 3.005142 | lrm: 0.52 | dt: 158ms | tok/sec: 828,403 | mfu: 22.6% | epoch: 1 | remaining: 109s    
step 01218 (63.7%) | loss: 3.003777 | lrm: 0.52 | dt: 158ms | tok/sec: 828,202 | mfu: 22.6% | epoch: 1 | remaining: 109s    
step 01219 (63.7%) | loss: 3.000947 | lrm: 0.52 | dt: 158ms | tok/sec: 828,279 | mfu: 22.6% | epoch: 1 | remaining: 109s    
step 01220 (63.8%) | loss: 2.997527 | lrm: 0.52 | dt: 158ms | tok/sec: 827,896 | mfu: 22.6% | epoch: 1 | remaining: 109s    
step 01221 (63.8%) | loss: 3.002036 | lrm: 0.52 | dt: 158ms | tok/sec: 828,254 | mfu: 22.6% | epoch: 1 | remaining: 108s    
step 01222 (63.9%) | loss: 3.002330 | lrm: 0.52 | dt: 158ms | tok/sec: 828,083 | mfu: 22.6% | epoch: 1 | remaining: 108s    
step 01223 (63.9%) | loss: 3.000143 | lrm: 0.52 | dt: 158ms | tok/sec: 828,083 | mfu: 22.6% | epoch: 1 | remaining: 108s    
step 01224 (64.0%) | loss: 3.000333 | lrm: 0.51 | dt: 158ms | tok/sec: 828,081 | mfu: 22.6% | epoch: 1 | remaining: 108s    
step 01225 (64.0%) | loss: 2.996370 | lrm: 0.51 | dt: 158ms | tok/sec: 828,395 | mfu: 22.6% | epoch: 1 | remaining: 108s    
step 01226 (64.1%) | loss: 2.989818 | lrm: 0.51 | dt: 158ms | tok/sec: 828,081 | mfu: 22.6% | epoch: 1 | remaining: 108s    
step 01227 (64.1%) | loss: 2.991290 | lrm: 0.51 | dt: 158ms | tok/sec: 828,005 | mfu: 22.6% | epoch: 1 | remaining: 107s    
step 01228 (64.2%) | loss: 2.988006 | lrm: 0.51 | dt: 158ms | tok/sec: 828,166 | mfu: 22.6% | epoch: 1 | remaining: 107s    
step 01229 (64.2%) | loss: 2.985361 | lrm: 0.51 | dt: 158ms | tok/sec: 828,541 | mfu: 22.7% | epoch: 1 | remaining: 107s    
step 01230 (64.3%) | loss: 2.983618 | lrm: 0.51 | dt: 158ms | tok/sec: 828,264 | mfu: 22.6% | epoch: 1 | remaining: 107s    
step 01231 (64.3%) | loss: 2.978489 | lrm: 0.51 | dt: 158ms | tok/sec: 828,487 | mfu: 22.7% | epoch: 1 | remaining: 107s    
step 01232 (64.4%) | loss: 2.975262 | lrm: 0.51 | dt: 158ms | tok/sec: 828,477 | mfu: 22.7% | epoch: 1 | remaining: 107s    
step 01233 (64.5%) | loss: 2.976150 | lrm: 0.51 | dt: 158ms | tok/sec: 828,272 | mfu: 22.6% | epoch: 1 | remaining: 106s    
step 01234 (64.5%) | loss: 2.979155 | lrm: 0.51 | dt: 158ms | tok/sec: 828,075 | mfu: 22.6% | epoch: 1 | remaining: 106s    
step 01235 (64.6%) | loss: 2.975261 | lrm: 0.51 | dt: 158ms | tok/sec: 827,976 | mfu: 22.6% | epoch: 1 | remaining: 106s    
step 01236 (64.6%) | loss: 2.976136 | lrm: 0.51 | dt: 158ms | tok/sec: 828,194 | mfu: 22.6% | epoch: 1 | remaining: 106s    
step 01237 (64.7%) | loss: 2.968406 | lrm: 0.50 | dt: 158ms | tok/sec: 828,075 | mfu: 22.6% | epoch: 1 | remaining: 106s    
step 01238 (64.7%) | loss: 2.968869 | lrm: 0.50 | dt: 158ms | tok/sec: 828,349 | mfu: 22.6% | epoch: 1 | remaining: 106s    
step 01239 (64.8%) | loss: 2.966977 | lrm: 0.50 | dt: 158ms | tok/sec: 828,924 | mfu: 22.7% | epoch: 1 | remaining: 106s    
step 01240 (64.8%) | loss: 2.969368 | lrm: 0.50 | dt: 158ms | tok/sec: 829,049 | mfu: 22.7% | epoch: 1 | remaining: 105s    
step 01241 (64.9%) | loss: 2.962896 | lrm: 0.50 | dt: 158ms | tok/sec: 829,376 | mfu: 22.7% | epoch: 1 | remaining: 105s    
step 01242 (64.9%) | loss: 2.967543 | lrm: 0.50 | dt: 158ms | tok/sec: 829,792 | mfu: 22.7% | epoch: 1 | remaining: 105s    
step 01243 (65.0%) | loss: 2.972616 | lrm: 0.50 | dt: 158ms | tok/sec: 829,901 | mfu: 22.7% | epoch: 1 | remaining: 105s    
step 01244 (65.0%) | loss: 2.968956 | lrm: 0.50 | dt: 158ms | tok/sec: 830,110 | mfu: 22.7% | epoch: 1 | remaining: 105s    
step 01245 (65.1%) | loss: 2.968428 | lrm: 0.50 | dt: 158ms | tok/sec: 829,741 | mfu: 22.7% | epoch: 1 | remaining: 105s    
step 01246 (65.1%) | loss: 2.972312 | lrm: 0.50 | dt: 158ms | tok/sec: 829,059 | mfu: 22.7% | epoch: 1 | remaining: 104s    
step 01247 (65.2%) | loss: 2.975020 | lrm: 0.50 | dt: 158ms | tok/sec: 828,804 | mfu: 22.7% | epoch: 1 | remaining: 104s    
step 01248 (65.2%) | loss: 2.976058 | lrm: 0.50 | dt: 158ms | tok/sec: 829,595 | mfu: 22.7% | epoch: 1 | remaining: 104s    
step 01249 (65.3%) | loss: 2.976176 | lrm: 0.50 | dt: 158ms | tok/sec: 829,309 | mfu: 22.7% | epoch: 1 | remaining: 104s    
step 01250 (65.4%) | loss: 2.974809 | lrm: 0.49 | dt: 158ms | tok/sec: 829,294 | mfu: 22.7% | epoch: 1 | remaining: 104s    
step 01251 (65.4%) | loss: 2.978093 | lrm: 0.49 | dt: 158ms | tok/sec: 829,469 | mfu: 22.7% | epoch: 1 | remaining: 104s    
step 01252 (65.5%) | loss: 2.978430 | lrm: 0.49 | dt: 158ms | tok/sec: 829,558 | mfu: 22.7% | epoch: 1 | remaining: 103s    
step 01253 (65.5%) | loss: 2.982083 | lrm: 0.49 | dt: 158ms | tok/sec: 828,917 | mfu: 22.7% | epoch: 1 | remaining: 103s    
step 01254 (65.6%) | loss: 2.979932 | lrm: 0.49 | dt: 158ms | tok/sec: 828,710 | mfu: 22.7% | epoch: 1 | remaining: 103s    
step 01255 (65.6%) | loss: 2.981235 | lrm: 0.49 | dt: 158ms | tok/sec: 828,378 | mfu: 22.6% | epoch: 1 | remaining: 103s    
step 01256 (65.7%) | loss: 2.972686 | lrm: 0.49 | dt: 158ms | tok/sec: 828,399 | mfu: 22.6% | epoch: 1 | remaining: 103s    
step 01257 (65.7%) | loss: 2.969302 | lrm: 0.49 | dt: 158ms | tok/sec: 828,204 | mfu: 22.6% | epoch: 1 | remaining: 103s    
step 01258 (65.8%) | loss: 2.968637 | lrm: 0.49 | dt: 158ms | tok/sec: 827,850 | mfu: 22.6% | epoch: 1 | remaining: 103s    
step 01259 (65.8%) | loss: 2.965135 | lrm: 0.49 | dt: 158ms | tok/sec: 828,092 | mfu: 22.6% | epoch: 1 | remaining: 102s    
step 01260 (65.9%) | loss: 2.964497 | lrm: 0.49 | dt: 158ms | tok/sec: 828,279 | mfu: 22.6% | epoch: 1 | remaining: 102s    
step 01261 (65.9%) | loss: 2.967024 | lrm: 0.49 | dt: 158ms | tok/sec: 828,209 | mfu: 22.6% | epoch: 1 | remaining: 102s    
step 01262 (66.0%) | loss: 2.965562 | lrm: 0.49 | dt: 158ms | tok/sec: 827,906 | mfu: 22.6% | epoch: 1 | remaining: 102s    
step 01263 (66.0%) | loss: 2.967711 | lrm: 0.49 | dt: 158ms | tok/sec: 828,127 | mfu: 22.6% | epoch: 1 | remaining: 102s    
step 01264 (66.1%) | loss: 2.973696 | lrm: 0.48 | dt: 158ms | tok/sec: 828,333 | mfu: 22.6% | epoch: 1 | remaining: 102s    
step 01265 (66.1%) | loss: 2.982717 | lrm: 0.48 | dt: 158ms | tok/sec: 828,213 | mfu: 22.6% | epoch: 1 | remaining: 101s    
step 01266 (66.2%) | loss: 2.984375 | lrm: 0.48 | dt: 158ms | tok/sec: 828,122 | mfu: 22.6% | epoch: 1 | remaining: 101s    
step 01267 (66.2%) | loss: 2.987153 | lrm: 0.48 | dt: 158ms | tok/sec: 828,192 | mfu: 22.6% | epoch: 1 | remaining: 101s    
step 01268 (66.3%) | loss: 2.985057 | lrm: 0.48 | dt: 158ms | tok/sec: 828,000 | mfu: 22.6% | epoch: 1 | remaining: 101s    
step 01269 (66.4%) | loss: 2.983445 | lrm: 0.48 | dt: 158ms | tok/sec: 828,140 | mfu: 22.6% | epoch: 1 | remaining: 101s    
step 01270 (66.4%) | loss: 2.981634 | lrm: 0.48 | dt: 158ms | tok/sec: 828,247 | mfu: 22.6% | epoch: 1 | remaining: 101s    
step 01271 (66.5%) | loss: 2.974162 | lrm: 0.48 | dt: 158ms | tok/sec: 828,368 | mfu: 22.6% | epoch: 1 | remaining: 100s    
step 01272 (66.5%) | loss: 2.981369 | lrm: 0.48 | dt: 158ms | tok/sec: 828,096 | mfu: 22.6% | epoch: 1 | remaining: 100s    
step 01273 (66.6%) | loss: 2.978615 | lrm: 0.48 | dt: 158ms | tok/sec: 828,271 | mfu: 22.6% | epoch: 1 | remaining: 100s    
step 01274 (66.6%) | loss: 2.976019 | lrm: 0.48 | dt: 158ms | tok/sec: 828,107 | mfu: 22.6% | epoch: 1 | remaining: 100s    
step 01275 (66.7%) | loss: 2.974941 | lrm: 0.48 | dt: 158ms | tok/sec: 828,286 | mfu: 22.6% | epoch: 1 | remaining: 100s    
step 01276 (66.7%) | loss: 2.975196 | lrm: 0.48 | dt: 158ms | tok/sec: 828,248 | mfu: 22.6% | epoch: 1 | remaining: 100s    
step 01277 (66.8%) | loss: 2.979459 | lrm: 0.47 | dt: 158ms | tok/sec: 828,020 | mfu: 22.6% | epoch: 1 | remaining: 100s    
step 01278 (66.8%) | loss: 2.983653 | lrm: 0.47 | dt: 158ms | tok/sec: 828,437 | mfu: 22.7% | epoch: 1 | remaining: 99s    
step 01279 (66.9%) | loss: 2.980388 | lrm: 0.47 | dt: 158ms | tok/sec: 828,166 | mfu: 22.6% | epoch: 1 | remaining: 99s    
step 01280 (66.9%) | loss: 2.978701 | lrm: 0.47 | dt: 158ms | tok/sec: 828,263 | mfu: 22.6% | epoch: 1 | remaining: 99s    
step 01281 (67.0%) | loss: 2.975446 | lrm: 0.47 | dt: 158ms | tok/sec: 828,036 | mfu: 22.6% | epoch: 1 | remaining: 99s    
step 01282 (67.0%) | loss: 2.964782 | lrm: 0.47 | dt: 158ms | tok/sec: 828,282 | mfu: 22.6% | epoch: 1 | remaining: 99s    
step 01283 (67.1%) | loss: 2.974989 | lrm: 0.47 | dt: 158ms | tok/sec: 828,097 | mfu: 22.6% | epoch: 1 | remaining: 99s    
step 01284 (67.1%) | loss: 2.979113 | lrm: 0.47 | dt: 158ms | tok/sec: 828,229 | mfu: 22.6% | epoch: 1 | remaining: 98s    
step 01285 (67.2%) | loss: 2.977888 | lrm: 0.47 | dt: 158ms | tok/sec: 828,478 | mfu: 22.7% | epoch: 1 | remaining: 98s    
step 01286 (67.2%) | loss: 2.981140 | lrm: 0.47 | dt: 158ms | tok/sec: 828,293 | mfu: 22.6% | epoch: 1 | remaining: 98s    
step 01287 (67.3%) | loss: 2.986123 | lrm: 0.47 | dt: 158ms | tok/sec: 828,036 | mfu: 22.6% | epoch: 1 | remaining: 98s    
step 01288 (67.4%) | loss: 2.981944 | lrm: 0.47 | dt: 158ms | tok/sec: 828,303 | mfu: 22.6% | epoch: 1 | remaining: 98s    
step 01289 (67.4%) | loss: 2.979534 | lrm: 0.47 | dt: 158ms | tok/sec: 828,345 | mfu: 22.6% | epoch: 1 | remaining: 98s    
step 01290 (67.5%) | loss: 2.976914 | lrm: 0.46 | dt: 158ms | tok/sec: 828,388 | mfu: 22.6% | epoch: 1 | remaining: 97s    
step 01291 (67.5%) | loss: 2.973619 | lrm: 0.46 | dt: 158ms | tok/sec: 828,135 | mfu: 22.6% | epoch: 1 | remaining: 97s    
step 01292 (67.6%) | loss: 2.967500 | lrm: 0.46 | dt: 158ms | tok/sec: 828,350 | mfu: 22.6% | epoch: 1 | remaining: 97s    
step 01293 (67.6%) | loss: 2.976983 | lrm: 0.46 | dt: 158ms | tok/sec: 828,427 | mfu: 22.6% | epoch: 1 | remaining: 97s    
step 01294 (67.7%) | loss: 2.972646 | lrm: 0.46 | dt: 158ms | tok/sec: 828,231 | mfu: 22.6% | epoch: 1 | remaining: 97s    
step 01295 (67.7%) | loss: 2.971263 | lrm: 0.46 | dt: 158ms | tok/sec: 828,106 | mfu: 22.6% | epoch: 1 | remaining: 97s    
step 01296 (67.8%) | loss: 2.971770 | lrm: 0.46 | dt: 158ms | tok/sec: 828,147 | mfu: 22.6% | epoch: 1 | remaining: 97s    
step 01297 (67.8%) | loss: 2.966819 | lrm: 0.46 | dt: 158ms | tok/sec: 828,363 | mfu: 22.6% | epoch: 1 | remaining: 96s    
step 01298 (67.9%) | loss: 2.970127 | lrm: 0.46 | dt: 158ms | tok/sec: 828,599 | mfu: 22.7% | epoch: 1 | remaining: 96s    
step 01299 (67.9%) | loss: 2.967976 | lrm: 0.46 | dt: 158ms | tok/sec: 828,267 | mfu: 22.6% | epoch: 1 | remaining: 96s    
step 01300 (68.0%) | loss: 2.969124 | lrm: 0.46 | dt: 158ms | tok/sec: 828,021 | mfu: 22.6% | epoch: 1 | remaining: 96s    
step 01301 (68.0%) | loss: 2.960503 | lrm: 0.46 | dt: 158ms | tok/sec: 828,189 | mfu: 22.6% | epoch: 1 | remaining: 96s    
step 01302 (68.1%) | loss: 2.966432 | lrm: 0.46 | dt: 158ms | tok/sec: 828,192 | mfu: 22.6% | epoch: 1 | remaining: 96s    
step 01303 (68.1%) | loss: 2.958323 | lrm: 0.46 | dt: 158ms | tok/sec: 828,422 | mfu: 22.6% | epoch: 1 | remaining: 95s    
step 01304 (68.2%) | loss: 2.960344 | lrm: 0.45 | dt: 158ms | tok/sec: 828,277 | mfu: 22.6% | epoch: 1 | remaining: 95s    
step 01305 (68.3%) | loss: 2.951136 | lrm: 0.45 | dt: 158ms | tok/sec: 828,133 | mfu: 22.6% | epoch: 1 | remaining: 95s    
step 01306 (68.3%) | loss: 2.951097 | lrm: 0.45 | dt: 158ms | tok/sec: 827,881 | mfu: 22.6% | epoch: 1 | remaining: 95s    
step 01307 (68.4%) | loss: 2.962526 | lrm: 0.45 | dt: 158ms | tok/sec: 828,213 | mfu: 22.6% | epoch: 1 | remaining: 95s    
step 01308 (68.4%) | loss: 2.962908 | lrm: 0.45 | dt: 158ms | tok/sec: 827,880 | mfu: 22.6% | epoch: 1 | remaining: 95s    
step 01309 (68.5%) | loss: 2.968291 | lrm: 0.45 | dt: 158ms | tok/sec: 828,380 | mfu: 22.6% | epoch: 1 | remaining: 94s    
step 01310 (68.5%) | loss: 2.978604 | lrm: 0.45 | dt: 158ms | tok/sec: 828,214 | mfu: 22.6% | epoch: 1 | remaining: 94s    
step 01311 (68.6%) | loss: 2.976990 | lrm: 0.45 | dt: 158ms | tok/sec: 828,005 | mfu: 22.6% | epoch: 1 | remaining: 94s    
step 01312 (68.6%) | loss: 2.967964 | lrm: 0.45 | dt: 158ms | tok/sec: 828,227 | mfu: 22.6% | epoch: 1 | remaining: 94s    
step 01313 (68.7%) | loss: 2.967301 | lrm: 0.45 | dt: 158ms | tok/sec: 828,006 | mfu: 22.6% | epoch: 1 | remaining: 94s    
step 01314 (68.7%) | loss: 2.960719 | lrm: 0.45 | dt: 158ms | tok/sec: 828,072 | mfu: 22.6% | epoch: 1 | remaining: 94s    
step 01315 (68.8%) | loss: 2.959299 | lrm: 0.45 | dt: 158ms | tok/sec: 827,905 | mfu: 22.6% | epoch: 1 | remaining: 94s    
step 01316 (68.8%) | loss: 2.960390 | lrm: 0.45 | dt: 158ms | tok/sec: 828,279 | mfu: 22.6% | epoch: 1 | remaining: 93s    
step 01317 (68.9%) | loss: 2.960847 | lrm: 0.44 | dt: 158ms | tok/sec: 828,497 | mfu: 22.7% | epoch: 1 | remaining: 93s    
step 01318 (68.9%) | loss: 2.968727 | lrm: 0.44 | dt: 158ms | tok/sec: 828,335 | mfu: 22.6% | epoch: 1 | remaining: 93s    
step 01319 (69.0%) | loss: 2.965924 | lrm: 0.44 | dt: 158ms | tok/sec: 827,891 | mfu: 22.6% | epoch: 1 | remaining: 93s    
step 01320 (69.0%) | loss: 2.970005 | lrm: 0.44 | dt: 158ms | tok/sec: 828,508 | mfu: 22.7% | epoch: 1 | remaining: 93s    
step 01321 (69.1%) | loss: 2.970565 | lrm: 0.44 | dt: 158ms | tok/sec: 828,067 | mfu: 22.6% | epoch: 1 | remaining: 93s    
step 01322 (69.1%) | loss: 2.963895 | lrm: 0.44 | dt: 158ms | tok/sec: 828,246 | mfu: 22.6% | epoch: 1 | remaining: 92s    
step 01323 (69.2%) | loss: 2.967182 | lrm: 0.44 | dt: 158ms | tok/sec: 828,297 | mfu: 22.6% | epoch: 1 | remaining: 92s    
step 01324 (69.3%) | loss: 2.968458 | lrm: 0.44 | dt: 158ms | tok/sec: 828,206 | mfu: 22.6% | epoch: 1 | remaining: 92s    
step 01325 (69.3%) | loss: 2.966647 | lrm: 0.44 | dt: 158ms | tok/sec: 828,226 | mfu: 22.6% | epoch: 1 | remaining: 92s    
step 01326 (69.4%) | loss: 2.968454 | lrm: 0.44 | dt: 158ms | tok/sec: 828,102 | mfu: 22.6% | epoch: 1 | remaining: 92s    
step 01327 (69.4%) | loss: 2.971197 | lrm: 0.44 | dt: 158ms | tok/sec: 828,181 | mfu: 22.6% | epoch: 1 | remaining: 92s    
step 01328 (69.5%) | loss: 2.969514 | lrm: 0.44 | dt: 158ms | tok/sec: 828,327 | mfu: 22.6% | epoch: 1 | remaining: 91s    
step 01329 (69.5%) | loss: 2.976725 | lrm: 0.44 | dt: 158ms | tok/sec: 828,229 | mfu: 22.6% | epoch: 1 | remaining: 91s    
step 01330 (69.6%) | loss: 2.970750 | lrm: 0.43 | dt: 158ms | tok/sec: 828,487 | mfu: 22.7% | epoch: 1 | remaining: 91s    
step 01331 (69.6%) | loss: 2.973588 | lrm: 0.43 | dt: 158ms | tok/sec: 828,584 | mfu: 22.7% | epoch: 1 | remaining: 91s    
step 01332 (69.7%) | loss: 2.973174 | lrm: 0.43 | dt: 158ms | tok/sec: 828,236 | mfu: 22.6% | epoch: 1 | remaining: 91s    
step 01333 (69.7%) | loss: 2.976948 | lrm: 0.43 | dt: 158ms | tok/sec: 828,320 | mfu: 22.6% | epoch: 1 | remaining: 91s    
step 01334 (69.8%) | loss: 2.971446 | lrm: 0.43 | dt: 158ms | tok/sec: 828,198 | mfu: 22.6% | epoch: 1 | remaining: 90s    
step 01335 (69.8%) | loss: 2.974031 | lrm: 0.43 | dt: 158ms | tok/sec: 828,209 | mfu: 22.6% | epoch: 1 | remaining: 90s    
step 01336 (69.9%) | loss: 2.973267 | lrm: 0.43 | dt: 158ms | tok/sec: 828,068 | mfu: 22.6% | epoch: 1 | remaining: 90s    
step 01337 (69.9%) | loss: 2.972139 | lrm: 0.43 | dt: 158ms | tok/sec: 828,266 | mfu: 22.6% | epoch: 1 | remaining: 90s    
step 01338 (70.0%) | loss: 2.967670 | lrm: 0.43 | dt: 158ms | tok/sec: 828,168 | mfu: 22.6% | epoch: 1 | remaining: 90s    
step 01339 (70.0%) | loss: 2.969284 | lrm: 0.43 | dt: 158ms | tok/sec: 828,344 | mfu: 22.6% | epoch: 1 | remaining: 90s    
step 01340 (70.1%) | loss: 2.972107 | lrm: 0.43 | dt: 158ms | tok/sec: 828,492 | mfu: 22.7% | epoch: 1 | remaining: 90s    
step 01341 (70.2%) | loss: 2.971514 | lrm: 0.43 | dt: 158ms | tok/sec: 828,165 | mfu: 22.6% | epoch: 1 | remaining: 89s    
step 01342 (70.2%) | loss: 2.968604 | lrm: 0.43 | dt: 158ms | tok/sec: 828,177 | mfu: 22.6% | epoch: 1 | remaining: 89s    
step 01343 (70.3%) | loss: 2.966796 | lrm: 0.42 | dt: 158ms | tok/sec: 827,474 | mfu: 22.6% | epoch: 1 | remaining: 89s    
step 01344 (70.3%) | loss: 2.963392 | lrm: 0.42 | dt: 158ms | tok/sec: 828,111 | mfu: 22.6% | epoch: 1 | remaining: 89s    
step 01345 (70.4%) | loss: 2.949945 | lrm: 0.42 | dt: 158ms | tok/sec: 828,090 | mfu: 22.6% | epoch: 1 | remaining: 89s    
step 01346 (70.4%) | loss: 2.954709 | lrm: 0.42 | dt: 158ms | tok/sec: 828,057 | mfu: 22.6% | epoch: 1 | remaining: 89s    
step 01347 (70.5%) | loss: 2.956146 | lrm: 0.42 | dt: 158ms | tok/sec: 828,127 | mfu: 22.6% | epoch: 1 | remaining: 88s    
step 01348 (70.5%) | loss: 2.960499 | lrm: 0.42 | dt: 158ms | tok/sec: 828,387 | mfu: 22.6% | epoch: 1 | remaining: 88s    
step 01349 (70.6%) | loss: 2.957735 | lrm: 0.42 | dt: 158ms | tok/sec: 828,156 | mfu: 22.6% | epoch: 1 | remaining: 88s    
step 01350 (70.6%) | loss: 2.968115 | lrm: 0.42 | dt: 158ms | tok/sec: 828,222 | mfu: 22.6% | epoch: 1 | remaining: 88s    
step 01351 (70.7%) | loss: 2.966851 | lrm: 0.42 | dt: 158ms | tok/sec: 828,209 | mfu: 22.6% | epoch: 1 | remaining: 88s    
step 01352 (70.7%) | loss: 2.965294 | lrm: 0.42 | dt: 158ms | tok/sec: 828,219 | mfu: 22.6% | epoch: 1 | remaining: 88s    
step 01353 (70.8%) | loss: 2.961063 | lrm: 0.42 | dt: 158ms | tok/sec: 828,167 | mfu: 22.6% | epoch: 1 | remaining: 87s    
step 01354 (70.8%) | loss: 2.956699 | lrm: 0.42 | dt: 158ms | tok/sec: 828,475 | mfu: 22.7% | epoch: 1 | remaining: 87s    
step 01355 (70.9%) | loss: 2.958456 | lrm: 0.42 | dt: 158ms | tok/sec: 828,348 | mfu: 22.6% | epoch: 1 | remaining: 87s    
step 01356 (70.9%) | loss: 2.959381 | lrm: 0.42 | dt: 158ms | tok/sec: 828,246 | mfu: 22.6% | epoch: 1 | remaining: 87s    
step 01357 (71.0%) | loss: 2.959560 | lrm: 0.41 | dt: 158ms | tok/sec: 828,233 | mfu: 22.6% | epoch: 1 | remaining: 87s    
step 01358 (71.0%) | loss: 2.958658 | lrm: 0.41 | dt: 158ms | tok/sec: 828,315 | mfu: 22.6% | epoch: 1 | remaining: 87s    
step 01359 (71.1%) | loss: 2.961369 | lrm: 0.41 | dt: 158ms | tok/sec: 828,060 | mfu: 22.6% | epoch: 1 | remaining: 87s    
step 01360 (71.2%) | loss: 2.952883 | lrm: 0.41 | dt: 158ms | tok/sec: 827,951 | mfu: 22.6% | epoch: 1 | remaining: 86s    
step 01361 (71.2%) | loss: 2.948154 | lrm: 0.41 | dt: 158ms | tok/sec: 828,115 | mfu: 22.6% | epoch: 1 | remaining: 86s    
step 01362 (71.3%) | loss: 2.956397 | lrm: 0.41 | dt: 158ms | tok/sec: 828,286 | mfu: 22.6% | epoch: 1 | remaining: 86s    
step 01363 (71.3%) | loss: 2.954192 | lrm: 0.41 | dt: 158ms | tok/sec: 828,370 | mfu: 22.6% | epoch: 1 | remaining: 86s    
step 01364 (71.4%) | loss: 2.956474 | lrm: 0.41 | dt: 158ms | tok/sec: 828,534 | mfu: 22.7% | epoch: 1 | remaining: 86s    
step 01365 (71.4%) | loss: 2.959808 | lrm: 0.41 | dt: 158ms | tok/sec: 828,061 | mfu: 22.6% | epoch: 1 | remaining: 86s    
step 01366 (71.5%) | loss: 2.963235 | lrm: 0.41 | dt: 158ms | tok/sec: 828,434 | mfu: 22.6% | epoch: 1 | remaining: 85s    
step 01367 (71.5%) | loss: 2.968549 | lrm: 0.41 | dt: 158ms | tok/sec: 828,378 | mfu: 22.6% | epoch: 1 | remaining: 85s    
step 01368 (71.6%) | loss: 2.968293 | lrm: 0.41 | dt: 158ms | tok/sec: 828,241 | mfu: 22.6% | epoch: 1 | remaining: 85s    
step 01369 (71.6%) | loss: 2.961931 | lrm: 0.41 | dt: 158ms | tok/sec: 828,423 | mfu: 22.6% | epoch: 1 | remaining: 85s    
step 01370 (71.7%) | loss: 2.962755 | lrm: 0.40 | dt: 158ms | tok/sec: 828,031 | mfu: 22.6% | epoch: 1 | remaining: 85s    
step 01371 (71.7%) | loss: 2.965056 | lrm: 0.40 | dt: 158ms | tok/sec: 828,243 | mfu: 22.6% | epoch: 1 | remaining: 85s    
step 01372 (71.8%) | loss: 2.968699 | lrm: 0.40 | dt: 158ms | tok/sec: 828,232 | mfu: 22.6% | epoch: 1 | remaining: 84s    
step 01373 (71.8%) | loss: 2.970809 | lrm: 0.40 | dt: 158ms | tok/sec: 828,292 | mfu: 22.6% | epoch: 1 | remaining: 84s    
step 01374 (71.9%) | loss: 2.965844 | lrm: 0.40 | dt: 158ms | tok/sec: 828,218 | mfu: 22.6% | epoch: 1 | remaining: 84s    
step 01375 (71.9%) | loss: 2.962156 | lrm: 0.40 | dt: 158ms | tok/sec: 828,258 | mfu: 22.6% | epoch: 1 | remaining: 84s    
step 01376 (72.0%) | loss: 2.969445 | lrm: 0.40 | dt: 158ms | tok/sec: 828,120 | mfu: 22.6% | epoch: 1 | remaining: 84s    
step 01377 (72.0%) | loss: 2.971194 | lrm: 0.40 | dt: 158ms | tok/sec: 828,216 | mfu: 22.6% | epoch: 1 | remaining: 84s    
step 01378 (72.1%) | loss: 2.972869 | lrm: 0.40 | dt: 158ms | tok/sec: 828,213 | mfu: 22.6% | epoch: 1 | remaining: 84s    
step 01379 (72.2%) | loss: 2.968593 | lrm: 0.40 | dt: 158ms | tok/sec: 828,201 | mfu: 22.6% | epoch: 1 | remaining: 83s    
step 01380 (72.2%) | loss: 2.971354 | lrm: 0.40 | dt: 158ms | tok/sec: 828,231 | mfu: 22.6% | epoch: 1 | remaining: 83s    
step 01381 (72.3%) | loss: 2.966778 | lrm: 0.40 | dt: 158ms | tok/sec: 828,017 | mfu: 22.6% | epoch: 1 | remaining: 83s    
step 01382 (72.3%) | loss: 2.967754 | lrm: 0.40 | dt: 158ms | tok/sec: 828,092 | mfu: 22.6% | epoch: 1 | remaining: 83s    
step 01383 (72.4%) | loss: 2.975790 | lrm: 0.39 | dt: 158ms | tok/sec: 828,271 | mfu: 22.6% | epoch: 1 | remaining: 83s    
step 01384 (72.4%) | loss: 2.973219 | lrm: 0.39 | dt: 158ms | tok/sec: 827,856 | mfu: 22.6% | epoch: 1 | remaining: 83s    
step 01385 (72.5%) | loss: 2.969434 | lrm: 0.39 | dt: 158ms | tok/sec: 828,106 | mfu: 22.6% | epoch: 1 | remaining: 82s    
step 01386 (72.5%) | loss: 2.961226 | lrm: 0.39 | dt: 158ms | tok/sec: 828,281 | mfu: 22.6% | epoch: 1 | remaining: 82s    
step 01387 (72.6%) | loss: 2.961517 | lrm: 0.39 | dt: 158ms | tok/sec: 828,438 | mfu: 22.7% | epoch: 1 | remaining: 82s    
step 01388 (72.6%) | loss: 2.964681 | lrm: 0.39 | dt: 158ms | tok/sec: 828,364 | mfu: 22.6% | epoch: 1 | remaining: 82s    
step 01389 (72.7%) | loss: 2.961293 | lrm: 0.39 | dt: 158ms | tok/sec: 828,020 | mfu: 22.6% | epoch: 1 | remaining: 82s    
step 01390 (72.7%) | loss: 2.958083 | lrm: 0.39 | dt: 158ms | tok/sec: 828,186 | mfu: 22.6% | epoch: 1 | remaining: 82s    
step 01391 (72.8%) | loss: 2.952556 | lrm: 0.39 | dt: 158ms | tok/sec: 828,414 | mfu: 22.6% | epoch: 1 | remaining: 81s    
step 01392 (72.8%) | loss: 2.950936 | lrm: 0.39 | dt: 158ms | tok/sec: 828,192 | mfu: 22.6% | epoch: 1 | remaining: 81s    
step 01393 (72.9%) | loss: 2.953437 | lrm: 0.39 | dt: 158ms | tok/sec: 828,152 | mfu: 22.6% | epoch: 1 | remaining: 81s    
step 01394 (72.9%) | loss: 2.952448 | lrm: 0.39 | dt: 158ms | tok/sec: 827,896 | mfu: 22.6% | epoch: 1 | remaining: 81s    
step 01395 (73.0%) | loss: 2.950232 | lrm: 0.39 | dt: 158ms | tok/sec: 828,228 | mfu: 22.6% | epoch: 1 | remaining: 81s    
step 01396 (73.1%) | loss: 2.947295 | lrm: 0.38 | dt: 158ms | tok/sec: 827,920 | mfu: 22.6% | epoch: 1 | remaining: 81s    
step 01397 (73.1%) | loss: 2.944583 | lrm: 0.38 | dt: 158ms | tok/sec: 828,279 | mfu: 22.6% | epoch: 1 | remaining: 81s    
step 01398 (73.2%) | loss: 2.947762 | lrm: 0.38 | dt: 158ms | tok/sec: 827,977 | mfu: 22.6% | epoch: 1 | remaining: 80s    
step 01399 (73.2%) | loss: 2.945791 | lrm: 0.38 | dt: 158ms | tok/sec: 828,073 | mfu: 22.6% | epoch: 1 | remaining: 80s    
step 01400 (73.3%) | loss: 2.946602 | lrm: 0.38 | dt: 158ms | tok/sec: 828,207 | mfu: 22.6% | epoch: 1 | remaining: 80s    
step 01401 (73.3%) | loss: 2.946134 | lrm: 0.38 | dt: 158ms | tok/sec: 828,136 | mfu: 22.6% | epoch: 1 | remaining: 80s    
step 01402 (73.4%) | loss: 2.946689 | lrm: 0.38 | dt: 158ms | tok/sec: 828,233 | mfu: 22.6% | epoch: 1 | remaining: 80s    
step 01403 (73.4%) | loss: 2.946098 | lrm: 0.38 | dt: 158ms | tok/sec: 828,409 | mfu: 22.6% | epoch: 1 | remaining: 80s    
step 01404 (73.5%) | loss: 2.944309 | lrm: 0.38 | dt: 158ms | tok/sec: 828,244 | mfu: 22.6% | epoch: 1 | remaining: 79s    
step 01405 (73.5%) | loss: 2.946078 | lrm: 0.38 | dt: 158ms | tok/sec: 827,246 | mfu: 22.6% | epoch: 1 | remaining: 79s    
step 01406 (73.6%) | loss: 2.941249 | lrm: 0.38 | dt: 158ms | tok/sec: 827,933 | mfu: 22.6% | epoch: 1 | remaining: 79s    
step 01407 (73.6%) | loss: 2.946488 | lrm: 0.38 | dt: 158ms | tok/sec: 828,147 | mfu: 22.6% | epoch: 1 | remaining: 79s    
step 01408 (73.7%) | loss: 2.942440 | lrm: 0.38 | dt: 158ms | tok/sec: 828,237 | mfu: 22.6% | epoch: 1 | remaining: 79s    
step 01409 (73.7%) | loss: 2.942367 | lrm: 0.38 | dt: 158ms | tok/sec: 828,332 | mfu: 22.6% | epoch: 1 | remaining: 79s    
step 01410 (73.8%) | loss: 2.938508 | lrm: 0.37 | dt: 158ms | tok/sec: 828,398 | mfu: 22.6% | epoch: 1 | remaining: 78s    
step 01411 (73.8%) | loss: 2.940994 | lrm: 0.37 | dt: 158ms | tok/sec: 828,357 | mfu: 22.6% | epoch: 1 | remaining: 78s    
step 01412 (73.9%) | loss: 2.950718 | lrm: 0.37 | dt: 158ms | tok/sec: 828,263 | mfu: 22.6% | epoch: 1 | remaining: 78s    
step 01413 (73.9%) | loss: 2.948072 | lrm: 0.37 | dt: 158ms | tok/sec: 828,025 | mfu: 22.6% | epoch: 1 | remaining: 78s    
step 01414 (74.0%) | loss: 2.950284 | lrm: 0.37 | dt: 158ms | tok/sec: 828,303 | mfu: 22.6% | epoch: 1 | remaining: 78s    
step 01415 (74.1%) | loss: 2.948662 | lrm: 0.37 | dt: 158ms | tok/sec: 828,266 | mfu: 22.6% | epoch: 1 | remaining: 78s    
step 01416 (74.1%) | loss: 2.945209 | lrm: 0.37 | dt: 158ms | tok/sec: 828,606 | mfu: 22.7% | epoch: 1 | remaining: 78s    
step 01417 (74.2%) | loss: 2.942461 | lrm: 0.37 | dt: 158ms | tok/sec: 828,349 | mfu: 22.6% | epoch: 1 | remaining: 77s    
step 01418 (74.2%) | loss: 2.941351 | lrm: 0.37 | dt: 158ms | tok/sec: 828,141 | mfu: 22.6% | epoch: 1 | remaining: 77s    
step 01419 (74.3%) | loss: 2.935366 | lrm: 0.37 | dt: 158ms | tok/sec: 828,126 | mfu: 22.6% | epoch: 1 | remaining: 77s    
step 01420 (74.3%) | loss: 2.935476 | lrm: 0.37 | dt: 158ms | tok/sec: 827,807 | mfu: 22.6% | epoch: 1 | remaining: 77s    
step 01421 (74.4%) | loss: 2.942521 | lrm: 0.37 | dt: 158ms | tok/sec: 828,193 | mfu: 22.6% | epoch: 1 | remaining: 77s    
step 01422 (74.4%) | loss: 2.934529 | lrm: 0.37 | dt: 158ms | tok/sec: 827,999 | mfu: 22.6% | epoch: 1 | remaining: 77s    
step 01423 (74.5%) | loss: 2.933564 | lrm: 0.36 | dt: 158ms | tok/sec: 828,078 | mfu: 22.6% | epoch: 1 | remaining: 76s    
step 01424 (74.5%) | loss: 2.938137 | lrm: 0.36 | dt: 158ms | tok/sec: 828,086 | mfu: 22.6% | epoch: 1 | remaining: 76s    
step 01425 (74.6%) | loss: 2.936100 | lrm: 0.36 | dt: 158ms | tok/sec: 828,223 | mfu: 22.6% | epoch: 1 | remaining: 76s    
step 01426 (74.6%) | loss: 2.941175 | lrm: 0.36 | dt: 158ms | tok/sec: 828,301 | mfu: 22.6% | epoch: 1 | remaining: 76s    
step 01427 (74.7%) | loss: 2.944422 | lrm: 0.36 | dt: 158ms | tok/sec: 828,299 | mfu: 22.6% | epoch: 1 | remaining: 76s    
step 01428 (74.7%) | loss: 2.938455 | lrm: 0.36 | dt: 158ms | tok/sec: 828,263 | mfu: 22.6% | epoch: 1 | remaining: 76s    
step 01429 (74.8%) | loss: 2.932891 | lrm: 0.36 | dt: 158ms | tok/sec: 827,889 | mfu: 22.6% | epoch: 1 | remaining: 75s    
step 01430 (74.8%) | loss: 2.936428 | lrm: 0.36 | dt: 158ms | tok/sec: 828,080 | mfu: 22.6% | epoch: 1 | remaining: 75s    
step 01431 (74.9%) | loss: 2.941723 | lrm: 0.36 | dt: 158ms | tok/sec: 828,178 | mfu: 22.6% | epoch: 1 | remaining: 75s    
step 01432 (75.0%) | loss: 2.933114 | lrm: 0.36 | dt: 158ms | tok/sec: 828,272 | mfu: 22.6% | epoch: 1 | remaining: 75s    
step 01433 (75.0%) | loss: 2.932944 | lrm: 0.36 | dt: 158ms | tok/sec: 827,999 | mfu: 22.6% | epoch: 1 | remaining: 75s    
step 01434 (75.1%) | loss: 2.939353 | lrm: 0.36 | dt: 158ms | tok/sec: 828,342 | mfu: 22.6% | epoch: 1 | remaining: 75s    
step 01435 (75.1%) | loss: 2.939661 | lrm: 0.36 | dt: 158ms | tok/sec: 828,037 | mfu: 22.6% | epoch: 1 | remaining: 75s    
step 01436 (75.2%) | loss: 2.936957 | lrm: 0.35 | dt: 158ms | tok/sec: 828,395 | mfu: 22.6% | epoch: 1 | remaining: 74s    
step 01437 (75.2%) | loss: 2.934321 | lrm: 0.35 | dt: 158ms | tok/sec: 828,247 | mfu: 22.6% | epoch: 1 | remaining: 74s    
step 01438 (75.3%) | loss: 2.939960 | lrm: 0.35 | dt: 158ms | tok/sec: 827,838 | mfu: 22.6% | epoch: 1 | remaining: 74s    
step 01439 (75.3%) | loss: 2.938804 | lrm: 0.35 | dt: 158ms | tok/sec: 827,918 | mfu: 22.6% | epoch: 1 | remaining: 74s    
step 01440 (75.4%) | loss: 2.942923 | lrm: 0.35 | dt: 158ms | tok/sec: 828,211 | mfu: 22.6% | epoch: 1 | remaining: 74s    
step 01441 (75.4%) | loss: 2.935612 | lrm: 0.35 | dt: 158ms | tok/sec: 828,318 | mfu: 22.6% | epoch: 1 | remaining: 74s    
step 01442 (75.5%) | loss: 2.933651 | lrm: 0.35 | dt: 158ms | tok/sec: 827,981 | mfu: 22.6% | epoch: 1 | remaining: 73s    
step 01443 (75.5%) | loss: 2.935080 | lrm: 0.35 | dt: 158ms | tok/sec: 828,176 | mfu: 22.6% | epoch: 1 | remaining: 73s    
step 01444 (75.6%) | loss: 2.934465 | lrm: 0.35 | dt: 158ms | tok/sec: 828,192 | mfu: 22.6% | epoch: 1 | remaining: 73s    
step 01445 (75.6%) | loss: 2.933094 | lrm: 0.35 | dt: 158ms | tok/sec: 828,299 | mfu: 22.6% | epoch: 1 | remaining: 73s    
step 01446 (75.7%) | loss: 2.935409 | lrm: 0.35 | dt: 158ms | tok/sec: 828,092 | mfu: 22.6% | epoch: 1 | remaining: 73s    
step 01447 (75.7%) | loss: 2.934756 | lrm: 0.35 | dt: 158ms | tok/sec: 828,126 | mfu: 22.6% | epoch: 1 | remaining: 73s    
step 01448 (75.8%) | loss: 2.923891 | lrm: 0.35 | dt: 158ms | tok/sec: 828,271 | mfu: 22.6% | epoch: 1 | remaining: 72s    
step 01449 (75.8%) | loss: 2.923179 | lrm: 0.35 | dt: 158ms | tok/sec: 828,358 | mfu: 22.6% | epoch: 1 | remaining: 72s    
step 01450 (75.9%) | loss: 2.917935 | lrm: 0.34 | dt: 158ms | tok/sec: 827,980 | mfu: 22.6% | epoch: 1 | remaining: 72s    
step 01451 (76.0%) | loss: 2.918464 | lrm: 0.34 | dt: 158ms | tok/sec: 828,107 | mfu: 22.6% | epoch: 1 | remaining: 72s    
step 01452 (76.0%) | loss: 2.919435 | lrm: 0.34 | dt: 158ms | tok/sec: 828,035 | mfu: 22.6% | epoch: 1 | remaining: 72s    
step 01453 (76.1%) | loss: 2.936087 | lrm: 0.34 | dt: 158ms | tok/sec: 828,301 | mfu: 22.6% | epoch: 1 | remaining: 72s    
step 01454 (76.1%) | loss: 2.938996 | lrm: 0.34 | dt: 158ms | tok/sec: 828,506 | mfu: 22.7% | epoch: 1 | remaining: 72s    
step 01455 (76.2%) | loss: 2.939641 | lrm: 0.34 | dt: 158ms | tok/sec: 828,193 | mfu: 22.6% | epoch: 1 | remaining: 71s    
step 01456 (76.2%) | loss: 2.935048 | lrm: 0.34 | dt: 158ms | tok/sec: 828,247 | mfu: 22.6% | epoch: 1 | remaining: 71s    
step 01457 (76.3%) | loss: 2.940076 | lrm: 0.34 | dt: 158ms | tok/sec: 828,233 | mfu: 22.6% | epoch: 1 | remaining: 71s    
step 01458 (76.3%) | loss: 2.935528 | lrm: 0.34 | dt: 158ms | tok/sec: 828,165 | mfu: 22.6% | epoch: 1 | remaining: 71s    
step 01459 (76.4%) | loss: 2.934986 | lrm: 0.34 | dt: 158ms | tok/sec: 828,221 | mfu: 22.6% | epoch: 1 | remaining: 71s    
step 01460 (76.4%) | loss: 2.933257 | lrm: 0.34 | dt: 158ms | tok/sec: 828,424 | mfu: 22.6% | epoch: 1 | remaining: 71s    
step 01461 (76.5%) | loss: 2.939085 | lrm: 0.34 | dt: 158ms | tok/sec: 828,304 | mfu: 22.6% | epoch: 1 | remaining: 70s    
step 01462 (76.5%) | loss: 2.935817 | lrm: 0.34 | dt: 158ms | tok/sec: 828,301 | mfu: 22.6% | epoch: 1 | remaining: 70s    
step 01463 (76.6%) | loss: 2.938051 | lrm: 0.33 | dt: 158ms | tok/sec: 828,186 | mfu: 22.6% | epoch: 1 | remaining: 70s    
step 01464 (76.6%) | loss: 2.932790 | lrm: 0.33 | dt: 158ms | tok/sec: 828,425 | mfu: 22.6% | epoch: 1 | remaining: 70s    
step 01465 (76.7%) | loss: 2.925996 | lrm: 0.33 | dt: 158ms | tok/sec: 828,098 | mfu: 22.6% | epoch: 1 | remaining: 70s    
step 01466 (76.7%) | loss: 2.926549 | lrm: 0.33 | dt: 158ms | tok/sec: 828,081 | mfu: 22.6% | epoch: 1 | remaining: 70s    
step 01467 (76.8%) | loss: 2.922649 | lrm: 0.33 | dt: 158ms | tok/sec: 828,232 | mfu: 22.6% | epoch: 1 | remaining: 69s    
step 01468 (76.9%) | loss: 2.923358 | lrm: 0.33 | dt: 158ms | tok/sec: 828,063 | mfu: 22.6% | epoch: 1 | remaining: 69s    
step 01469 (76.9%) | loss: 2.926530 | lrm: 0.33 | dt: 158ms | tok/sec: 828,058 | mfu: 22.6% | epoch: 1 | remaining: 69s    
step 01470 (77.0%) | loss: 2.933625 | lrm: 0.33 | dt: 158ms | tok/sec: 828,171 | mfu: 22.6% | epoch: 1 | remaining: 69s    
step 01471 (77.0%) | loss: 2.932789 | lrm: 0.33 | dt: 158ms | tok/sec: 828,257 | mfu: 22.6% | epoch: 1 | remaining: 69s    
step 01472 (77.1%) | loss: 2.928720 | lrm: 0.33 | dt: 158ms | tok/sec: 828,506 | mfu: 22.7% | epoch: 1 | remaining: 69s    
step 01473 (77.1%) | loss: 2.930937 | lrm: 0.33 | dt: 158ms | tok/sec: 828,339 | mfu: 22.6% | epoch: 1 | remaining: 68s    
step 01474 (77.2%) | loss: 2.931783 | lrm: 0.33 | dt: 158ms | tok/sec: 828,405 | mfu: 22.6% | epoch: 1 | remaining: 68s    
step 01475 (77.2%) | loss: 2.932093 | lrm: 0.33 | dt: 158ms | tok/sec: 828,269 | mfu: 22.6% | epoch: 1 | remaining: 68s    
step 01476 (77.3%) | loss: 2.928714 | lrm: 0.32 | dt: 158ms | tok/sec: 828,407 | mfu: 22.6% | epoch: 1 | remaining: 68s    
step 01477 (77.3%) | loss: 2.919945 | lrm: 0.32 | dt: 158ms | tok/sec: 828,184 | mfu: 22.6% | epoch: 1 | remaining: 68s    
step 01478 (77.4%) | loss: 2.925306 | lrm: 0.32 | dt: 158ms | tok/sec: 828,176 | mfu: 22.6% | epoch: 1 | remaining: 68s    
step 01479 (77.4%) | loss: 2.924395 | lrm: 0.32 | dt: 158ms | tok/sec: 828,171 | mfu: 22.6% | epoch: 1 | remaining: 68s    
step 01480 (77.5%) | loss: 2.922286 | lrm: 0.32 | dt: 158ms | tok/sec: 828,478 | mfu: 22.7% | epoch: 1 | remaining: 67s    
step 01481 (77.5%) | loss: 2.922246 | lrm: 0.32 | dt: 158ms | tok/sec: 828,292 | mfu: 22.6% | epoch: 1 | remaining: 67s    
step 01482 (77.6%) | loss: 2.919800 | lrm: 0.32 | dt: 158ms | tok/sec: 828,294 | mfu: 22.6% | epoch: 1 | remaining: 67s    
step 01483 (77.6%) | loss: 2.918531 | lrm: 0.32 | dt: 158ms | tok/sec: 828,342 | mfu: 22.6% | epoch: 1 | remaining: 67s    
step 01484 (77.7%) | loss: 2.916311 | lrm: 0.32 | dt: 158ms | tok/sec: 828,377 | mfu: 22.6% | epoch: 1 | remaining: 67s    
step 01485 (77.7%) | loss: 2.914537 | lrm: 0.32 | dt: 158ms | tok/sec: 828,239 | mfu: 22.6% | epoch: 1 | remaining: 67s    
step 01486 (77.8%) | loss: 2.917735 | lrm: 0.32 | dt: 158ms | tok/sec: 828,227 | mfu: 22.6% | epoch: 1 | remaining: 66s    
step 01487 (77.9%) | loss: 2.913693 | lrm: 0.32 | dt: 158ms | tok/sec: 828,506 | mfu: 22.7% | epoch: 1 | remaining: 66s    
step 01488 (77.9%) | loss: 2.914583 | lrm: 0.32 | dt: 158ms | tok/sec: 828,373 | mfu: 22.6% | epoch: 1 | remaining: 66s    
step 01489 (78.0%) | loss: 2.909641 | lrm: 0.31 | dt: 158ms | tok/sec: 828,242 | mfu: 22.6% | epoch: 1 | remaining: 66s    
step 01490 (78.0%) | loss: 2.916075 | lrm: 0.31 | dt: 158ms | tok/sec: 828,218 | mfu: 22.6% | epoch: 1 | remaining: 66s    
step 01491 (78.1%) | loss: 2.918534 | lrm: 0.31 | dt: 158ms | tok/sec: 828,462 | mfu: 22.7% | epoch: 1 | remaining: 66s    
step 01492 (78.1%) | loss: 2.910442 | lrm: 0.31 | dt: 158ms | tok/sec: 828,393 | mfu: 22.6% | epoch: 1 | remaining: 65s    
step 01493 (78.2%) | loss: 2.912369 | lrm: 0.31 | dt: 158ms | tok/sec: 828,306 | mfu: 22.6% | epoch: 1 | remaining: 65s    
step 01494 (78.2%) | loss: 2.916182 | lrm: 0.31 | dt: 158ms | tok/sec: 828,218 | mfu: 22.6% | epoch: 1 | remaining: 65s    
step 01495 (78.3%) | loss: 2.915851 | lrm: 0.31 | dt: 158ms | tok/sec: 827,984 | mfu: 22.6% | epoch: 1 | remaining: 65s    
step 01496 (78.3%) | loss: 2.926252 | lrm: 0.31 | dt: 158ms | tok/sec: 828,167 | mfu: 22.6% | epoch: 1 | remaining: 65s    
step 01497 (78.4%) | loss: 2.926022 | lrm: 0.31 | dt: 158ms | tok/sec: 828,306 | mfu: 22.6% | epoch: 1 | remaining: 65s    
step 01498 (78.4%) | loss: 2.920053 | lrm: 0.31 | dt: 158ms | tok/sec: 828,324 | mfu: 22.6% | epoch: 1 | remaining: 65s    
step 01499 (78.5%) | loss: 2.916621 | lrm: 0.31 | dt: 158ms | tok/sec: 828,277 | mfu: 22.6% | epoch: 1 | remaining: 64s    
step 01500 (78.5%) | loss: 2.912706 | lrm: 0.31 | dt: 158ms | tok/sec: 828,407 | mfu: 22.6% | epoch: 1 | remaining: 64s    
step 01501 (78.6%) | loss: 2.908616 | lrm: 0.31 | dt: 158ms | tok/sec: 828,226 | mfu: 22.6% | epoch: 1 | remaining: 64s    
step 01502 (78.6%) | loss: 2.910791 | lrm: 0.31 | dt: 158ms | tok/sec: 828,157 | mfu: 22.6% | epoch: 1 | remaining: 64s    
step 01503 (78.7%) | loss: 2.908694 | lrm: 0.30 | dt: 158ms | tok/sec: 828,389 | mfu: 22.6% | epoch: 1 | remaining: 64s    
step 01504 (78.7%) | loss: 2.907518 | lrm: 0.30 | dt: 158ms | tok/sec: 828,046 | mfu: 22.6% | epoch: 1 | remaining: 64s    
step 01505 (78.8%) | loss: 2.902963 | lrm: 0.30 | dt: 158ms | tok/sec: 828,599 | mfu: 22.7% | epoch: 1 | remaining: 63s    
step 01506 (78.9%) | loss: 2.910534 | lrm: 0.30 | dt: 158ms | tok/sec: 828,206 | mfu: 22.6% | epoch: 1 | remaining: 63s    
step 01507 (78.9%) | loss: 2.906805 | lrm: 0.30 | dt: 158ms | tok/sec: 828,291 | mfu: 22.6% | epoch: 1 | remaining: 63s    
step 01508 (79.0%) | loss: 2.911971 | lrm: 0.30 | dt: 158ms | tok/sec: 828,213 | mfu: 22.6% | epoch: 1 | remaining: 63s    
step 01509 (79.0%) | loss: 2.911923 | lrm: 0.30 | dt: 158ms | tok/sec: 828,140 | mfu: 22.6% | epoch: 1 | remaining: 63s    
step 01510 (79.1%) | loss: 2.915714 | lrm: 0.30 | dt: 158ms | tok/sec: 828,150 | mfu: 22.6% | epoch: 1 | remaining: 63s    
step 01511 (79.1%) | loss: 2.910711 | lrm: 0.30 | dt: 158ms | tok/sec: 828,489 | mfu: 22.7% | epoch: 1 | remaining: 62s    
step 01512 (79.2%) | loss: 2.914503 | lrm: 0.30 | dt: 158ms | tok/sec: 828,081 | mfu: 22.6% | epoch: 1 | remaining: 62s    
step 01513 (79.2%) | loss: 2.917516 | lrm: 0.30 | dt: 158ms | tok/sec: 828,365 | mfu: 22.6% | epoch: 1 | remaining: 62s    
step 01514 (79.3%) | loss: 2.916945 | lrm: 0.30 | dt: 158ms | tok/sec: 828,088 | mfu: 22.6% | epoch: 1 | remaining: 62s    
step 01515 (79.3%) | loss: 2.919768 | lrm: 0.30 | dt: 158ms | tok/sec: 828,111 | mfu: 22.6% | epoch: 1 | remaining: 62s    
step 01516 (79.4%) | loss: 2.920400 | lrm: 0.29 | dt: 158ms | tok/sec: 828,107 | mfu: 22.6% | epoch: 1 | remaining: 62s    
step 01517 (79.4%) | loss: 2.926385 | lrm: 0.29 | dt: 158ms | tok/sec: 828,437 | mfu: 22.7% | epoch: 1 | remaining: 62s    
step 01518 (79.5%) | loss: 2.924672 | lrm: 0.29 | dt: 158ms | tok/sec: 827,984 | mfu: 22.6% | epoch: 1 | remaining: 61s    
step 01519 (79.5%) | loss: 2.921571 | lrm: 0.29 | dt: 158ms | tok/sec: 828,106 | mfu: 22.6% | epoch: 1 | remaining: 61s    
step 01520 (79.6%) | loss: 2.919655 | lrm: 0.29 | dt: 158ms | tok/sec: 828,160 | mfu: 22.6% | epoch: 1 | remaining: 61s    
step 01521 (79.6%) | loss: 2.912517 | lrm: 0.29 | dt: 158ms | tok/sec: 828,076 | mfu: 22.6% | epoch: 1 | remaining: 61s    
step 01522 (79.7%) | loss: 2.905715 | lrm: 0.29 | dt: 158ms | tok/sec: 828,273 | mfu: 22.6% | epoch: 1 | remaining: 61s    
step 01523 (79.8%) | loss: 2.901640 | lrm: 0.29 | dt: 158ms | tok/sec: 828,303 | mfu: 22.6% | epoch: 1 | remaining: 61s    
step 01524 (79.8%) | loss: 2.900894 | lrm: 0.29 | dt: 158ms | tok/sec: 828,333 | mfu: 22.6% | epoch: 1 | remaining: 60s    
step 01525 (79.9%) | loss: 2.907877 | lrm: 0.29 | dt: 158ms | tok/sec: 828,112 | mfu: 22.6% | epoch: 1 | remaining: 60s    
step 01526 (79.9%) | loss: 2.912978 | lrm: 0.29 | dt: 158ms | tok/sec: 828,075 | mfu: 22.6% | epoch: 1 | remaining: 60s    
step 01527 (80.0%) | loss: 2.912355 | lrm: 0.29 | dt: 158ms | tok/sec: 828,296 | mfu: 22.6% | epoch: 1 | remaining: 60s    
step 01528 (80.0%) | loss: 2.911556 | lrm: 0.29 | dt: 158ms | tok/sec: 827,910 | mfu: 22.6% | epoch: 1 | remaining: 60s    
step 01529 (80.1%) | loss: 2.910506 | lrm: 0.28 | dt: 158ms | tok/sec: 827,949 | mfu: 22.6% | epoch: 1 | remaining: 60s    
step 01530 (80.1%) | loss: 2.903413 | lrm: 0.28 | dt: 158ms | tok/sec: 828,299 | mfu: 22.6% | epoch: 1 | remaining: 59s    
step 01531 (80.2%) | loss: 2.906757 | lrm: 0.28 | dt: 158ms | tok/sec: 828,394 | mfu: 22.6% | epoch: 1 | remaining: 59s    
step 01532 (80.2%) | loss: 2.901581 | lrm: 0.28 | dt: 158ms | tok/sec: 828,248 | mfu: 22.6% | epoch: 1 | remaining: 59s    
step 01533 (80.3%) | loss: 2.901270 | lrm: 0.28 | dt: 158ms | tok/sec: 828,315 | mfu: 22.6% | epoch: 1 | remaining: 59s    
step 01534 (80.3%) | loss: 2.898638 | lrm: 0.28 | dt: 158ms | tok/sec: 828,123 | mfu: 22.6% | epoch: 1 | remaining: 59s    
step 01535 (80.4%) | loss: 2.900997 | lrm: 0.28 | dt: 158ms | tok/sec: 828,083 | mfu: 22.6% | epoch: 1 | remaining: 59s    
step 01536 (80.4%) | loss: 2.902636 | lrm: 0.28 | dt: 158ms | tok/sec: 828,226 | mfu: 22.6% | epoch: 1 | remaining: 59s    
step 01537 (80.5%) | loss: 2.908569 | lrm: 0.28 | dt: 158ms | tok/sec: 828,413 | mfu: 22.6% | epoch: 1 | remaining: 58s    
step 01538 (80.5%) | loss: 2.908650 | lrm: 0.28 | dt: 158ms | tok/sec: 828,343 | mfu: 22.6% | epoch: 1 | remaining: 58s    
step 01539 (80.6%) | loss: 2.910551 | lrm: 0.28 | dt: 158ms | tok/sec: 828,389 | mfu: 22.6% | epoch: 1 | remaining: 58s    
step 01540 (80.6%) | loss: 2.907448 | lrm: 0.28 | dt: 158ms | tok/sec: 828,096 | mfu: 22.6% | epoch: 1 | remaining: 58s    
step 01541 (80.7%) | loss: 2.904696 | lrm: 0.28 | dt: 158ms | tok/sec: 828,233 | mfu: 22.6% | epoch: 1 | remaining: 58s    
step 01542 (80.8%) | loss: 2.909527 | lrm: 0.27 | dt: 158ms | tok/sec: 828,207 | mfu: 22.6% | epoch: 1 | remaining: 58s    
step 01543 (80.8%) | loss: 2.910934 | lrm: 0.27 | dt: 158ms | tok/sec: 828,118 | mfu: 22.6% | epoch: 1 | remaining: 57s    
step 01544 (80.9%) | loss: 2.915995 | lrm: 0.27 | dt: 158ms | tok/sec: 827,219 | mfu: 22.6% | epoch: 1 | remaining: 57s    
step 01545 (80.9%) | loss: 2.910835 | lrm: 0.27 | dt: 158ms | tok/sec: 827,854 | mfu: 22.6% | epoch: 1 | remaining: 57s    
step 01546 (81.0%) | loss: 2.908948 | lrm: 0.27 | dt: 158ms | tok/sec: 828,203 | mfu: 22.6% | epoch: 1 | remaining: 57s    
step 01547 (81.0%) | loss: 2.917081 | lrm: 0.27 | dt: 158ms | tok/sec: 827,987 | mfu: 22.6% | epoch: 1 | remaining: 57s    
step 01548 (81.1%) | loss: 2.924491 | lrm: 0.27 | dt: 158ms | tok/sec: 828,187 | mfu: 22.6% | epoch: 1 | remaining: 57s    
step 01549 (81.1%) | loss: 2.920085 | lrm: 0.27 | dt: 158ms | tok/sec: 827,991 | mfu: 22.6% | epoch: 1 | remaining: 56s    
step 01550 (81.2%) | loss: 2.923010 | lrm: 0.27 | dt: 158ms | tok/sec: 828,168 | mfu: 22.6% | epoch: 1 | remaining: 56s    
step 01551 (81.2%) | loss: 2.916071 | lrm: 0.27 | dt: 158ms | tok/sec: 828,403 | mfu: 22.6% | epoch: 1 | remaining: 56s    
step 01552 (81.3%) | loss: 2.911400 | lrm: 0.27 | dt: 158ms | tok/sec: 828,181 | mfu: 22.6% | epoch: 1 | remaining: 56s    
step 01553 (81.3%) | loss: 2.904143 | lrm: 0.27 | dt: 158ms | tok/sec: 828,278 | mfu: 22.6% | epoch: 1 | remaining: 56s    
step 01554 (81.4%) | loss: 2.901366 | lrm: 0.27 | dt: 158ms | tok/sec: 828,254 | mfu: 22.6% | epoch: 1 | remaining: 56s    
step 01555 (81.4%) | loss: 2.901868 | lrm: 0.27 | dt: 158ms | tok/sec: 828,224 | mfu: 22.6% | epoch: 1 | remaining: 56s    
step 01556 (81.5%) | loss: 2.898654 | lrm: 0.26 | dt: 158ms | tok/sec: 828,375 | mfu: 22.6% | epoch: 1 | remaining: 55s    
step 01557 (81.5%) | loss: 2.901156 | lrm: 0.26 | dt: 158ms | tok/sec: 828,166 | mfu: 22.6% | epoch: 1 | remaining: 55s    
step 01558 (81.6%) | loss: 2.902273 | lrm: 0.26 | dt: 158ms | tok/sec: 827,943 | mfu: 22.6% | epoch: 1 | remaining: 55s    
step 01559 (81.7%) | loss: 2.903905 | lrm: 0.26 | dt: 158ms | tok/sec: 828,135 | mfu: 22.6% | epoch: 1 | remaining: 55s    
step 01560 (81.7%) | loss: 2.899691 | lrm: 0.26 | dt: 158ms | tok/sec: 828,248 | mfu: 22.6% | epoch: 1 | remaining: 55s    
step 01561 (81.8%) | loss: 2.898790 | lrm: 0.26 | dt: 158ms | tok/sec: 828,368 | mfu: 22.6% | epoch: 1 | remaining: 55s    
step 01562 (81.8%) | loss: 2.903023 | lrm: 0.26 | dt: 158ms | tok/sec: 828,133 | mfu: 22.6% | epoch: 1 | remaining: 54s    
step 01563 (81.9%) | loss: 2.901172 | lrm: 0.26 | dt: 158ms | tok/sec: 828,035 | mfu: 22.6% | epoch: 1 | remaining: 54s    
step 01564 (81.9%) | loss: 2.898799 | lrm: 0.26 | dt: 158ms | tok/sec: 827,288 | mfu: 22.6% | epoch: 1 | remaining: 54s    
step 01565 (82.0%) | loss: 2.897428 | lrm: 0.26 | dt: 158ms | tok/sec: 827,995 | mfu: 22.6% | epoch: 1 | remaining: 54s    
step 01566 (82.0%) | loss: 2.897081 | lrm: 0.26 | dt: 158ms | tok/sec: 828,206 | mfu: 22.6% | epoch: 1 | remaining: 54s    
step 01567 (82.1%) | loss: 2.896590 | lrm: 0.26 | dt: 158ms | tok/sec: 828,369 | mfu: 22.6% | epoch: 1 | remaining: 54s    
step 01568 (82.1%) | loss: 2.891428 | lrm: 0.26 | dt: 158ms | tok/sec: 828,238 | mfu: 22.6% | epoch: 1 | remaining: 53s    
step 01569 (82.2%) | loss: 2.892043 | lrm: 0.25 | dt: 158ms | tok/sec: 828,439 | mfu: 22.7% | epoch: 1 | remaining: 53s    
step 01570 (82.2%) | loss: 2.891184 | lrm: 0.25 | dt: 158ms | tok/sec: 828,100 | mfu: 22.6% | epoch: 1 | remaining: 53s    
step 01571 (82.3%) | loss: 2.885829 | lrm: 0.25 | dt: 158ms | tok/sec: 828,170 | mfu: 22.6% | epoch: 1 | remaining: 53s    
step 01572 (82.3%) | loss: 2.885091 | lrm: 0.25 | dt: 158ms | tok/sec: 828,216 | mfu: 22.6% | epoch: 1 | remaining: 53s    
step 01573 (82.4%) | loss: 2.884265 | lrm: 0.25 | dt: 159ms | tok/sec: 825,891 | mfu: 22.6% | epoch: 1 | remaining: 53s    
step 01574 (82.4%) | loss: 2.883681 | lrm: 0.25 | dt: 158ms | tok/sec: 827,976 | mfu: 22.6% | epoch: 1 | remaining: 53s    
step 01575 (82.5%) | loss: 2.888601 | lrm: 0.25 | dt: 158ms | tok/sec: 828,271 | mfu: 22.6% | epoch: 1 | remaining: 52s    
step 01576 (82.5%) | loss: 2.899946 | lrm: 0.25 | dt: 158ms | tok/sec: 828,211 | mfu: 22.6% | epoch: 1 | remaining: 52s    
step 01577 (82.6%) | loss: 2.894687 | lrm: 0.25 | dt: 158ms | tok/sec: 828,286 | mfu: 22.6% | epoch: 1 | remaining: 52s    
step 01578 (82.7%) | loss: 2.886683 | lrm: 0.25 | dt: 158ms | tok/sec: 828,274 | mfu: 22.6% | epoch: 1 | remaining: 52s    
step 01579 (82.7%) | loss: 2.888302 | lrm: 0.25 | dt: 158ms | tok/sec: 828,163 | mfu: 22.6% | epoch: 1 | remaining: 52s    
step 01580 (82.8%) | loss: 2.889164 | lrm: 0.25 | dt: 158ms | tok/sec: 828,349 | mfu: 22.6% | epoch: 1 | remaining: 52s    
step 01581 (82.8%) | loss: 2.890927 | lrm: 0.25 | dt: 158ms | tok/sec: 828,101 | mfu: 22.6% | epoch: 1 | remaining: 51s    
step 01582 (82.9%) | loss: 2.887448 | lrm: 0.24 | dt: 158ms | tok/sec: 828,345 | mfu: 22.6% | epoch: 1 | remaining: 51s    
step 01583 (82.9%) | loss: 2.883036 | lrm: 0.24 | dt: 158ms | tok/sec: 828,012 | mfu: 22.6% | epoch: 1 | remaining: 51s    
step 01584 (83.0%) | loss: 2.888630 | lrm: 0.24 | dt: 158ms | tok/sec: 827,581 | mfu: 22.6% | epoch: 1 | remaining: 51s    
step 01585 (83.0%) | loss: 2.894543 | lrm: 0.24 | dt: 158ms | tok/sec: 827,876 | mfu: 22.6% | epoch: 1 | remaining: 51s    
step 01586 (83.1%) | loss: 2.885349 | lrm: 0.24 | dt: 158ms | tok/sec: 828,339 | mfu: 22.6% | epoch: 1 | remaining: 51s    
step 01587 (83.1%) | loss: 2.883371 | lrm: 0.24 | dt: 158ms | tok/sec: 828,151 | mfu: 22.6% | epoch: 1 | remaining: 50s    
step 01588 (83.2%) | loss: 2.885916 | lrm: 0.24 | dt: 158ms | tok/sec: 828,041 | mfu: 22.6% | epoch: 1 | remaining: 50s    
step 01589 (83.2%) | loss: 2.886518 | lrm: 0.24 | dt: 158ms | tok/sec: 828,211 | mfu: 22.6% | epoch: 1 | remaining: 50s    
step 01590 (83.3%) | loss: 2.886325 | lrm: 0.24 | dt: 158ms | tok/sec: 828,125 | mfu: 22.6% | epoch: 1 | remaining: 50s    
step 01591 (83.3%) | loss: 2.891904 | lrm: 0.24 | dt: 158ms | tok/sec: 828,327 | mfu: 22.6% | epoch: 1 | remaining: 50s    
step 01592 (83.4%) | loss: 2.893875 | lrm: 0.24 | dt: 158ms | tok/sec: 828,353 | mfu: 22.6% | epoch: 1 | remaining: 50s    
step 01593 (83.4%) | loss: 2.888572 | lrm: 0.24 | dt: 158ms | tok/sec: 828,367 | mfu: 22.6% | epoch: 1 | remaining: 50s    
step 01594 (83.5%) | loss: 2.886746 | lrm: 0.24 | dt: 158ms | tok/sec: 828,315 | mfu: 22.6% | epoch: 1 | remaining: 49s    
step 01595 (83.6%) | loss: 2.892550 | lrm: 0.23 | dt: 158ms | tok/sec: 828,332 | mfu: 22.6% | epoch: 1 | remaining: 49s    
step 01596 (83.6%) | loss: 2.890230 | lrm: 0.23 | dt: 158ms | tok/sec: 827,952 | mfu: 22.6% | epoch: 1 | remaining: 49s    
step 01597 (83.7%) | loss: 2.886319 | lrm: 0.23 | dt: 158ms | tok/sec: 828,201 | mfu: 22.6% | epoch: 1 | remaining: 49s    
step 01598 (83.7%) | loss: 2.883876 | lrm: 0.23 | dt: 158ms | tok/sec: 828,348 | mfu: 22.6% | epoch: 1 | remaining: 49s    
step 01599 (83.8%) | loss: 2.871901 | lrm: 0.23 | dt: 158ms | tok/sec: 828,237 | mfu: 22.6% | epoch: 1 | remaining: 49s    
step 01600 (83.8%) | loss: 2.871183 | lrm: 0.23 | dt: 158ms | tok/sec: 828,345 | mfu: 22.6% | epoch: 1 | remaining: 48s    
step 01601 (83.9%) | loss: 2.878421 | lrm: 0.23 | dt: 158ms | tok/sec: 828,369 | mfu: 22.6% | epoch: 1 | remaining: 48s    
step 01602 (83.9%) | loss: 2.872623 | lrm: 0.23 | dt: 158ms | tok/sec: 828,548 | mfu: 22.7% | epoch: 1 | remaining: 48s    
step 01603 (84.0%) | loss: 2.877412 | lrm: 0.23 | dt: 158ms | tok/sec: 828,253 | mfu: 22.6% | epoch: 1 | remaining: 48s    
step 01604 (84.0%) | loss: 2.877345 | lrm: 0.23 | dt: 158ms | tok/sec: 827,757 | mfu: 22.6% | epoch: 1 | remaining: 48s    
step 01605 (84.1%) | loss: 2.881349 | lrm: 0.23 | dt: 158ms | tok/sec: 827,949 | mfu: 22.6% | epoch: 1 | remaining: 48s    
step 01606 (84.1%) | loss: 2.875391 | lrm: 0.23 | dt: 158ms | tok/sec: 828,237 | mfu: 22.6% | epoch: 1 | remaining: 47s    
step 01607 (84.2%) | loss: 2.872372 | lrm: 0.23 | dt: 158ms | tok/sec: 828,518 | mfu: 22.7% | epoch: 1 | remaining: 47s    
step 01608 (84.2%) | loss: 2.868259 | lrm: 0.23 | dt: 158ms | tok/sec: 828,524 | mfu: 22.7% | epoch: 1 | remaining: 47s    
step 01609 (84.3%) | loss: 2.871614 | lrm: 0.22 | dt: 158ms | tok/sec: 828,286 | mfu: 22.6% | epoch: 1 | remaining: 47s    
step 01610 (84.3%) | loss: 2.875796 | lrm: 0.22 | dt: 158ms | tok/sec: 827,991 | mfu: 22.6% | epoch: 1 | remaining: 47s    
step 01611 (84.4%) | loss: 2.871929 | lrm: 0.22 | dt: 158ms | tok/sec: 828,249 | mfu: 22.6% | epoch: 1 | remaining: 47s    
step 01612 (84.4%) | loss: 2.876861 | lrm: 0.22 | dt: 158ms | tok/sec: 828,424 | mfu: 22.6% | epoch: 1 | remaining: 47s    
step 01613 (84.5%) | loss: 2.871054 | lrm: 0.22 | dt: 158ms | tok/sec: 828,228 | mfu: 22.6% | epoch: 1 | remaining: 46s    
step 01614 (84.6%) | loss: 2.866606 | lrm: 0.22 | dt: 158ms | tok/sec: 828,291 | mfu: 22.6% | epoch: 1 | remaining: 46s    
step 01615 (84.6%) | loss: 2.869698 | lrm: 0.22 | dt: 158ms | tok/sec: 828,024 | mfu: 22.6% | epoch: 1 | remaining: 46s    
step 01616 (84.7%) | loss: 2.864619 | lrm: 0.22 | dt: 158ms | tok/sec: 828,233 | mfu: 22.6% | epoch: 1 | remaining: 46s    
step 01617 (84.7%) | loss: 2.873446 | lrm: 0.22 | dt: 158ms | tok/sec: 828,380 | mfu: 22.6% | epoch: 1 | remaining: 46s    
step 01618 (84.8%) | loss: 2.875380 | lrm: 0.22 | dt: 158ms | tok/sec: 828,191 | mfu: 22.6% | epoch: 1 | remaining: 46s    
step 01619 (84.8%) | loss: 2.870958 | lrm: 0.22 | dt: 158ms | tok/sec: 828,019 | mfu: 22.6% | epoch: 1 | remaining: 45s    
step 01620 (84.9%) | loss: 2.875794 | lrm: 0.22 | dt: 158ms | tok/sec: 827,910 | mfu: 22.6% | epoch: 1 | remaining: 45s    
step 01621 (84.9%) | loss: 2.875785 | lrm: 0.22 | dt: 158ms | tok/sec: 828,272 | mfu: 22.6% | epoch: 1 | remaining: 45s    
step 01622 (85.0%) | loss: 2.877828 | lrm: 0.21 | dt: 158ms | tok/sec: 827,945 | mfu: 22.6% | epoch: 1 | remaining: 45s    
step 01623 (85.0%) | loss: 2.877060 | lrm: 0.21 | dt: 158ms | tok/sec: 828,071 | mfu: 22.6% | epoch: 1 | remaining: 45s    
step 01624 (85.1%) | loss: 2.872536 | lrm: 0.21 | dt: 158ms | tok/sec: 828,347 | mfu: 22.6% | epoch: 1 | remaining: 45s    
step 01625 (85.1%) | loss: 2.869943 | lrm: 0.21 | dt: 158ms | tok/sec: 828,392 | mfu: 22.6% | epoch: 1 | remaining: 44s    
step 01626 (85.2%) | loss: 2.870419 | lrm: 0.21 | dt: 158ms | tok/sec: 828,439 | mfu: 22.7% | epoch: 1 | remaining: 44s    
step 01627 (85.2%) | loss: 2.878468 | lrm: 0.21 | dt: 158ms | tok/sec: 828,100 | mfu: 22.6% | epoch: 1 | remaining: 44s    
step 01628 (85.3%) | loss: 2.882451 | lrm: 0.21 | dt: 158ms | tok/sec: 828,042 | mfu: 22.6% | epoch: 1 | remaining: 44s    
step 01629 (85.3%) | loss: 2.877202 | lrm: 0.21 | dt: 158ms | tok/sec: 828,320 | mfu: 22.6% | epoch: 1 | remaining: 44s    
step 01630 (85.4%) | loss: 2.882955 | lrm: 0.21 | dt: 158ms | tok/sec: 828,206 | mfu: 22.6% | epoch: 1 | remaining: 44s    
step 01631 (85.4%) | loss: 2.881966 | lrm: 0.21 | dt: 158ms | tok/sec: 828,274 | mfu: 22.6% | epoch: 1 | remaining: 43s    
step 01632 (85.5%) | loss: 2.880735 | lrm: 0.21 | dt: 158ms | tok/sec: 828,302 | mfu: 22.6% | epoch: 1 | remaining: 43s    
step 01633 (85.6%) | loss: 2.886186 | lrm: 0.21 | dt: 158ms | tok/sec: 828,276 | mfu: 22.6% | epoch: 1 | remaining: 43s    
step 01634 (85.6%) | loss: 2.881948 | lrm: 0.21 | dt: 158ms | tok/sec: 828,025 | mfu: 22.6% | epoch: 1 | remaining: 43s    
step 01635 (85.7%) | loss: 2.870956 | lrm: 0.20 | dt: 158ms | tok/sec: 827,999 | mfu: 22.6% | epoch: 1 | remaining: 43s    
step 01636 (85.7%) | loss: 2.873269 | lrm: 0.20 | dt: 158ms | tok/sec: 828,061 | mfu: 22.6% | epoch: 1 | remaining: 43s    
step 01637 (85.8%) | loss: 2.869221 | lrm: 0.20 | dt: 158ms | tok/sec: 828,367 | mfu: 22.6% | epoch: 1 | remaining: 43s    
step 01638 (85.8%) | loss: 2.870034 | lrm: 0.20 | dt: 158ms | tok/sec: 828,201 | mfu: 22.6% | epoch: 1 | remaining: 42s    
step 01639 (85.9%) | loss: 2.874723 | lrm: 0.20 | dt: 158ms | tok/sec: 828,410 | mfu: 22.6% | epoch: 1 | remaining: 42s    
step 01640 (85.9%) | loss: 2.874250 | lrm: 0.20 | dt: 158ms | tok/sec: 828,445 | mfu: 22.7% | epoch: 1 | remaining: 42s    
step 01641 (86.0%) | loss: 2.878172 | lrm: 0.20 | dt: 158ms | tok/sec: 828,337 | mfu: 22.6% | epoch: 1 | remaining: 42s    
step 01642 (86.0%) | loss: 2.885418 | lrm: 0.20 | dt: 158ms | tok/sec: 828,400 | mfu: 22.6% | epoch: 1 | remaining: 42s    
step 01643 (86.1%) | loss: 2.888838 | lrm: 0.20 | dt: 158ms | tok/sec: 828,042 | mfu: 22.6% | epoch: 1 | remaining: 42s    
step 01644 (86.1%) | loss: 2.888192 | lrm: 0.20 | dt: 158ms | tok/sec: 828,087 | mfu: 22.6% | epoch: 1 | remaining: 41s    
step 01645 (86.2%) | loss: 2.892586 | lrm: 0.20 | dt: 158ms | tok/sec: 828,368 | mfu: 22.6% | epoch: 1 | remaining: 41s    
step 01646 (86.2%) | loss: 2.895048 | lrm: 0.20 | dt: 158ms | tok/sec: 828,297 | mfu: 22.6% | epoch: 1 | remaining: 41s    
step 01647 (86.3%) | loss: 2.900454 | lrm: 0.20 | dt: 158ms | tok/sec: 828,373 | mfu: 22.6% | epoch: 1 | remaining: 41s    
step 01648 (86.3%) | loss: 2.900814 | lrm: 0.20 | dt: 158ms | tok/sec: 827,859 | mfu: 22.6% | epoch: 1 | remaining: 41s    
step 01649 (86.4%) | loss: 2.895264 | lrm: 0.19 | dt: 158ms | tok/sec: 828,348 | mfu: 22.6% | epoch: 1 | remaining: 41s    
step 01650 (86.5%) | loss: 2.890721 | lrm: 0.19 | dt: 158ms | tok/sec: 828,251 | mfu: 22.6% | epoch: 1 | remaining: 40s    
step 01651 (86.5%) | loss: 2.888206 | lrm: 0.19 | dt: 158ms | tok/sec: 828,308 | mfu: 22.6% | epoch: 1 | remaining: 40s    
step 01652 (86.6%) | loss: 2.881974 | lrm: 0.19 | dt: 158ms | tok/sec: 828,095 | mfu: 22.6% | epoch: 1 | remaining: 40s    
step 01653 (86.6%) | loss: 2.881330 | lrm: 0.19 | dt: 158ms | tok/sec: 828,276 | mfu: 22.6% | epoch: 1 | remaining: 40s    
step 01654 (86.7%) | loss: 2.882583 | lrm: 0.19 | dt: 158ms | tok/sec: 828,221 | mfu: 22.6% | epoch: 1 | remaining: 40s    
step 01655 (86.7%) | loss: 2.887281 | lrm: 0.19 | dt: 158ms | tok/sec: 828,268 | mfu: 22.6% | epoch: 1 | remaining: 40s    
step 01656 (86.8%) | loss: 2.885318 | lrm: 0.19 | dt: 158ms | tok/sec: 828,395 | mfu: 22.6% | epoch: 1 | remaining: 40s    
step 01657 (86.8%) | loss: 2.890618 | lrm: 0.19 | dt: 158ms | tok/sec: 828,123 | mfu: 22.6% | epoch: 1 | remaining: 39s    
step 01658 (86.9%) | loss: 2.886305 | lrm: 0.19 | dt: 158ms | tok/sec: 828,312 | mfu: 22.6% | epoch: 1 | remaining: 39s    
step 01659 (86.9%) | loss: 2.885749 | lrm: 0.19 | dt: 158ms | tok/sec: 828,237 | mfu: 22.6% | epoch: 1 | remaining: 39s    
step 01660 (87.0%) | loss: 2.878426 | lrm: 0.19 | dt: 158ms | tok/sec: 828,071 | mfu: 22.6% | epoch: 1 | remaining: 39s    
step 01661 (87.0%) | loss: 2.868294 | lrm: 0.19 | dt: 158ms | tok/sec: 827,275 | mfu: 22.6% | epoch: 1 | remaining: 39s    
step 01662 (87.1%) | loss: 2.866041 | lrm: 0.18 | dt: 158ms | tok/sec: 827,738 | mfu: 22.6% | epoch: 1 | remaining: 39s    
step 01663 (87.1%) | loss: 2.867330 | lrm: 0.18 | dt: 158ms | tok/sec: 828,031 | mfu: 22.6% | epoch: 1 | remaining: 38s    
step 01664 (87.2%) | loss: 2.872675 | lrm: 0.18 | dt: 158ms | tok/sec: 828,004 | mfu: 22.6% | epoch: 1 | remaining: 38s    
step 01665 (87.2%) | loss: 2.870990 | lrm: 0.18 | dt: 158ms | tok/sec: 828,207 | mfu: 22.6% | epoch: 1 | remaining: 38s    
step 01666 (87.3%) | loss: 2.872744 | lrm: 0.18 | dt: 158ms | tok/sec: 828,171 | mfu: 22.6% | epoch: 1 | remaining: 38s    
step 01667 (87.3%) | loss: 2.875640 | lrm: 0.18 | dt: 158ms | tok/sec: 828,117 | mfu: 22.6% | epoch: 1 | remaining: 38s    
step 01668 (87.4%) | loss: 2.880001 | lrm: 0.18 | dt: 158ms | tok/sec: 828,015 | mfu: 22.6% | epoch: 1 | remaining: 38s    
step 01669 (87.5%) | loss: 2.872583 | lrm: 0.18 | dt: 158ms | tok/sec: 828,534 | mfu: 22.7% | epoch: 1 | remaining: 37s    
step 01670 (87.5%) | loss: 2.878396 | lrm: 0.18 | dt: 158ms | tok/sec: 828,571 | mfu: 22.7% | epoch: 1 | remaining: 37s    
step 01671 (87.6%) | loss: 2.878542 | lrm: 0.18 | dt: 158ms | tok/sec: 828,208 | mfu: 22.6% | epoch: 1 | remaining: 37s    
step 01672 (87.6%) | loss: 2.878025 | lrm: 0.18 | dt: 158ms | tok/sec: 828,329 | mfu: 22.6% | epoch: 1 | remaining: 37s    
step 01673 (87.7%) | loss: 2.882358 | lrm: 0.18 | dt: 158ms | tok/sec: 827,931 | mfu: 22.6% | epoch: 1 | remaining: 37s    
step 01674 (87.7%) | loss: 2.883551 | lrm: 0.18 | dt: 158ms | tok/sec: 828,370 | mfu: 22.6% | epoch: 1 | remaining: 37s    
step 01675 (87.8%) | loss: 2.882837 | lrm: 0.17 | dt: 158ms | tok/sec: 828,370 | mfu: 22.6% | epoch: 1 | remaining: 37s    
step 01676 (87.8%) | loss: 2.878241 | lrm: 0.17 | dt: 158ms | tok/sec: 828,320 | mfu: 22.6% | epoch: 1 | remaining: 36s    
step 01677 (87.9%) | loss: 2.885298 | lrm: 0.17 | dt: 158ms | tok/sec: 828,478 | mfu: 22.7% | epoch: 1 | remaining: 36s    
step 01678 (87.9%) | loss: 2.880697 | lrm: 0.17 | dt: 158ms | tok/sec: 827,930 | mfu: 22.6% | epoch: 1 | remaining: 36s    
step 01679 (88.0%) | loss: 2.872099 | lrm: 0.17 | dt: 158ms | tok/sec: 828,087 | mfu: 22.6% | epoch: 1 | remaining: 36s    
step 01680 (88.0%) | loss: 2.867561 | lrm: 0.17 | dt: 158ms | tok/sec: 828,122 | mfu: 22.6% | epoch: 1 | remaining: 36s    
step 01681 (88.1%) | loss: 2.870305 | lrm: 0.17 | dt: 158ms | tok/sec: 828,132 | mfu: 22.6% | epoch: 1 | remaining: 36s    
step 01682 (88.1%) | loss: 2.867741 | lrm: 0.17 | dt: 158ms | tok/sec: 828,299 | mfu: 22.6% | epoch: 1 | remaining: 35s    
step 01683 (88.2%) | loss: 2.868127 | lrm: 0.17 | dt: 158ms | tok/sec: 828,291 | mfu: 22.6% | epoch: 1 | remaining: 35s    
step 01684 (88.2%) | loss: 2.860521 | lrm: 0.17 | dt: 158ms | tok/sec: 828,561 | mfu: 22.7% | epoch: 1 | remaining: 35s    
step 01685 (88.3%) | loss: 2.864633 | lrm: 0.17 | dt: 158ms | tok/sec: 827,833 | mfu: 22.6% | epoch: 1 | remaining: 35s    
step 01686 (88.4%) | loss: 2.864215 | lrm: 0.17 | dt: 159ms | tok/sec: 825,700 | mfu: 22.6% | epoch: 1 | remaining: 35s    
step 01687 (88.4%) | loss: 2.858296 | lrm: 0.17 | dt: 158ms | tok/sec: 827,025 | mfu: 22.6% | epoch: 1 | remaining: 35s    
step 01688 (88.5%) | loss: 2.859773 | lrm: 0.16 | dt: 158ms | tok/sec: 827,875 | mfu: 22.6% | epoch: 1 | remaining: 34s    
step 01689 (88.5%) | loss: 2.863182 | lrm: 0.16 | dt: 158ms | tok/sec: 827,919 | mfu: 22.6% | epoch: 1 | remaining: 34s    
step 01690 (88.6%) | loss: 2.865400 | lrm: 0.16 | dt: 158ms | tok/sec: 827,951 | mfu: 22.6% | epoch: 1 | remaining: 34s    
step 01691 (88.6%) | loss: 2.862222 | lrm: 0.16 | dt: 158ms | tok/sec: 828,123 | mfu: 22.6% | epoch: 1 | remaining: 34s    
step 01692 (88.7%) | loss: 2.852647 | lrm: 0.16 | dt: 158ms | tok/sec: 827,950 | mfu: 22.6% | epoch: 1 | remaining: 34s    
step 01693 (88.7%) | loss: 2.853210 | lrm: 0.16 | dt: 158ms | tok/sec: 827,742 | mfu: 22.6% | epoch: 1 | remaining: 34s    
step 01694 (88.8%) | loss: 2.860984 | lrm: 0.16 | dt: 158ms | tok/sec: 827,824 | mfu: 22.6% | epoch: 1 | remaining: 34s    
step 01695 (88.8%) | loss: 2.867552 | lrm: 0.16 | dt: 158ms | tok/sec: 828,148 | mfu: 22.6% | epoch: 1 | remaining: 33s    
step 01696 (88.9%) | loss: 2.864141 | lrm: 0.16 | dt: 158ms | tok/sec: 828,214 | mfu: 22.6% | epoch: 1 | remaining: 33s    
step 01697 (88.9%) | loss: 2.863085 | lrm: 0.16 | dt: 158ms | tok/sec: 828,056 | mfu: 22.6% | epoch: 1 | remaining: 33s    
step 01698 (89.0%) | loss: 2.861179 | lrm: 0.16 | dt: 158ms | tok/sec: 828,172 | mfu: 22.6% | epoch: 1 | remaining: 33s    
step 01699 (89.0%) | loss: 2.868091 | lrm: 0.16 | dt: 158ms | tok/sec: 828,112 | mfu: 22.6% | epoch: 1 | remaining: 33s    
step 01700 (89.1%) | loss: 2.865960 | lrm: 0.16 | dt: 158ms | tok/sec: 828,051 | mfu: 22.6% | epoch: 1 | remaining: 33s    
step 01701 (89.1%) | loss: 2.869240 | lrm: 0.16 | dt: 158ms | tok/sec: 828,025 | mfu: 22.6% | epoch: 1 | remaining: 32s    
step 01702 (89.2%) | loss: 2.866605 | lrm: 0.15 | dt: 158ms | tok/sec: 827,960 | mfu: 22.6% | epoch: 1 | remaining: 32s    
step 01703 (89.2%) | loss: 2.872531 | lrm: 0.15 | dt: 158ms | tok/sec: 827,991 | mfu: 22.6% | epoch: 1 | remaining: 32s    
step 01704 (89.3%) | loss: 2.870281 | lrm: 0.15 | dt: 158ms | tok/sec: 828,026 | mfu: 22.6% | epoch: 1 | remaining: 32s    
step 01705 (89.4%) | loss: 2.866471 | lrm: 0.15 | dt: 158ms | tok/sec: 828,222 | mfu: 22.6% | epoch: 1 | remaining: 32s    
step 01706 (89.4%) | loss: 2.859600 | lrm: 0.15 | dt: 158ms | tok/sec: 828,334 | mfu: 22.6% | epoch: 1 | remaining: 32s    
step 01707 (89.5%) | loss: 2.857870 | lrm: 0.15 | dt: 158ms | tok/sec: 828,294 | mfu: 22.6% | epoch: 1 | remaining: 31s    
step 01708 (89.5%) | loss: 2.858382 | lrm: 0.15 | dt: 158ms | tok/sec: 828,098 | mfu: 22.6% | epoch: 1 | remaining: 31s    
step 01709 (89.6%) | loss: 2.861725 | lrm: 0.15 | dt: 158ms | tok/sec: 828,388 | mfu: 22.6% | epoch: 1 | remaining: 31s    
step 01710 (89.6%) | loss: 2.859498 | lrm: 0.15 | dt: 158ms | tok/sec: 828,057 | mfu: 22.6% | epoch: 1 | remaining: 31s    
step 01711 (89.7%) | loss: 2.864155 | lrm: 0.15 | dt: 158ms | tok/sec: 828,253 | mfu: 22.6% | epoch: 1 | remaining: 31s    
step 01712 (89.7%) | loss: 2.858811 | lrm: 0.15 | dt: 158ms | tok/sec: 827,864 | mfu: 22.6% | epoch: 1 | remaining: 31s    
step 01713 (89.8%) | loss: 2.862786 | lrm: 0.15 | dt: 158ms | tok/sec: 828,004 | mfu: 22.6% | epoch: 1 | remaining: 31s    
step 01714 (89.8%) | loss: 2.864555 | lrm: 0.15 | dt: 158ms | tok/sec: 828,096 | mfu: 22.6% | epoch: 1 | remaining: 30s    
step 01715 (89.9%) | loss: 2.858791 | lrm: 0.14 | dt: 158ms | tok/sec: 828,168 | mfu: 22.6% | epoch: 1 | remaining: 30s    
step 01716 (89.9%) | loss: 2.856304 | lrm: 0.14 | dt: 158ms | tok/sec: 828,040 | mfu: 22.6% | epoch: 1 | remaining: 30s    
step 01717 (90.0%) | loss: 2.861649 | lrm: 0.14 | dt: 158ms | tok/sec: 828,044 | mfu: 22.6% | epoch: 1 | remaining: 30s    
step 01718 (90.0%) | loss: 2.861994 | lrm: 0.14 | dt: 158ms | tok/sec: 828,156 | mfu: 22.6% | epoch: 1 | remaining: 30s    
step 01719 (90.1%) | loss: 2.851609 | lrm: 0.14 | dt: 158ms | tok/sec: 828,269 | mfu: 22.6% | epoch: 1 | remaining: 30s    
step 01720 (90.1%) | loss: 2.847706 | lrm: 0.14 | dt: 158ms | tok/sec: 828,184 | mfu: 22.6% | epoch: 1 | remaining: 29s    
step 01721 (90.2%) | loss: 2.846690 | lrm: 0.14 | dt: 158ms | tok/sec: 828,035 | mfu: 22.6% | epoch: 1 | remaining: 29s    
step 01722 (90.3%) | loss: 2.853220 | lrm: 0.14 | dt: 158ms | tok/sec: 827,190 | mfu: 22.6% | epoch: 1 | remaining: 29s    
step 01723 (90.3%) | loss: 2.852952 | lrm: 0.14 | dt: 158ms | tok/sec: 827,264 | mfu: 22.6% | epoch: 1 | remaining: 29s    
step 01724 (90.4%) | loss: 2.858240 | lrm: 0.14 | dt: 158ms | tok/sec: 827,592 | mfu: 22.6% | epoch: 1 | remaining: 29s    
step 01725 (90.4%) | loss: 2.862147 | lrm: 0.14 | dt: 158ms | tok/sec: 827,344 | mfu: 22.6% | epoch: 1 | remaining: 29s    
step 01726 (90.5%) | loss: 2.858043 | lrm: 0.14 | dt: 158ms | tok/sec: 827,587 | mfu: 22.6% | epoch: 1 | remaining: 28s    
step 01727 (90.5%) | loss: 2.863662 | lrm: 0.14 | dt: 158ms | tok/sec: 827,954 | mfu: 22.6% | epoch: 1 | remaining: 28s    
step 01728 (90.6%) | loss: 2.862147 | lrm: 0.13 | dt: 158ms | tok/sec: 828,237 | mfu: 22.6% | epoch: 1 | remaining: 28s    
step 01729 (90.6%) | loss: 2.861586 | lrm: 0.13 | dt: 158ms | tok/sec: 827,987 | mfu: 22.6% | epoch: 1 | remaining: 28s    
step 01730 (90.7%) | loss: 2.864080 | lrm: 0.13 | dt: 158ms | tok/sec: 828,272 | mfu: 22.6% | epoch: 1 | remaining: 28s    
step 01731 (90.7%) | loss: 2.859388 | lrm: 0.13 | dt: 158ms | tok/sec: 828,091 | mfu: 22.6% | epoch: 1 | remaining: 28s    
step 01732 (90.8%) | loss: 2.856032 | lrm: 0.13 | dt: 158ms | tok/sec: 828,022 | mfu: 22.6% | epoch: 1 | remaining: 28s    
step 01733 (90.8%) | loss: 2.865533 | lrm: 0.13 | dt: 158ms | tok/sec: 828,192 | mfu: 22.6% | epoch: 1 | remaining: 27s    
step 01734 (90.9%) | loss: 2.864704 | lrm: 0.13 | dt: 158ms | tok/sec: 828,288 | mfu: 22.6% | epoch: 1 | remaining: 27s    
step 01735 (90.9%) | loss: 2.859948 | lrm: 0.13 | dt: 158ms | tok/sec: 828,145 | mfu: 22.6% | epoch: 1 | remaining: 27s    
step 01736 (91.0%) | loss: 2.865967 | lrm: 0.13 | dt: 158ms | tok/sec: 828,052 | mfu: 22.6% | epoch: 1 | remaining: 27s    
step 01737 (91.0%) | loss: 2.859240 | lrm: 0.13 | dt: 158ms | tok/sec: 828,182 | mfu: 22.6% | epoch: 1 | remaining: 27s    
step 01738 (91.1%) | loss: 2.865741 | lrm: 0.13 | dt: 158ms | tok/sec: 827,883 | mfu: 22.6% | epoch: 1 | remaining: 27s    
step 01739 (91.1%) | loss: 2.866998 | lrm: 0.13 | dt: 158ms | tok/sec: 828,056 | mfu: 22.6% | epoch: 1 | remaining: 26s    
step 01740 (91.2%) | loss: 2.866493 | lrm: 0.13 | dt: 158ms | tok/sec: 828,110 | mfu: 22.6% | epoch: 1 | remaining: 26s    
step 01741 (91.3%) | loss: 2.866407 | lrm: 0.12 | dt: 158ms | tok/sec: 827,984 | mfu: 22.6% | epoch: 1 | remaining: 26s    
step 01742 (91.3%) | loss: 2.868030 | lrm: 0.12 | dt: 158ms | tok/sec: 828,075 | mfu: 22.6% | epoch: 1 | remaining: 26s    
step 01743 (91.4%) | loss: 2.856835 | lrm: 0.12 | dt: 158ms | tok/sec: 828,246 | mfu: 22.6% | epoch: 1 | remaining: 26s    
step 01744 (91.4%) | loss: 2.863274 | lrm: 0.12 | dt: 158ms | tok/sec: 828,440 | mfu: 22.7% | epoch: 1 | remaining: 26s    
step 01745 (91.5%) | loss: 2.862511 | lrm: 0.12 | dt: 158ms | tok/sec: 828,202 | mfu: 22.6% | epoch: 1 | remaining: 25s    
step 01746 (91.5%) | loss: 2.863095 | lrm: 0.12 | dt: 158ms | tok/sec: 828,014 | mfu: 22.6% | epoch: 1 | remaining: 25s    
step 01747 (91.6%) | loss: 2.866642 | lrm: 0.12 | dt: 158ms | tok/sec: 828,019 | mfu: 22.6% | epoch: 1 | remaining: 25s    
step 01748 (91.6%) | loss: 2.866282 | lrm: 0.12 | dt: 158ms | tok/sec: 828,105 | mfu: 22.6% | epoch: 1 | remaining: 25s    
step 01749 (91.7%) | loss: 2.863206 | lrm: 0.12 | dt: 158ms | tok/sec: 828,233 | mfu: 22.6% | epoch: 1 | remaining: 25s    
step 01750 (91.7%) | loss: 2.863997 | lrm: 0.12 | dt: 158ms | tok/sec: 828,101 | mfu: 22.6% | epoch: 1 | remaining: 25s    
step 01751 (91.8%) | loss: 2.870848 | lrm: 0.12 | dt: 158ms | tok/sec: 828,010 | mfu: 22.6% | epoch: 1 | remaining: 24s    
step 01752 (91.8%) | loss: 2.862855 | lrm: 0.12 | dt: 158ms | tok/sec: 828,014 | mfu: 22.6% | epoch: 1 | remaining: 24s    
step 01753 (91.9%) | loss: 2.859975 | lrm: 0.12 | dt: 158ms | tok/sec: 828,110 | mfu: 22.6% | epoch: 1 | remaining: 24s    
step 01754 (91.9%) | loss: 2.854911 | lrm: 0.12 | dt: 158ms | tok/sec: 827,944 | mfu: 22.6% | epoch: 1 | remaining: 24s    
step 01755 (92.0%) | loss: 2.864074 | lrm: 0.11 | dt: 158ms | tok/sec: 828,173 | mfu: 22.6% | epoch: 1 | remaining: 24s    
step 01756 (92.0%) | loss: 2.865070 | lrm: 0.11 | dt: 158ms | tok/sec: 828,155 | mfu: 22.6% | epoch: 1 | remaining: 24s    
step 01757 (92.1%) | loss: 2.861994 | lrm: 0.11 | dt: 158ms | tok/sec: 827,996 | mfu: 22.6% | epoch: 1 | remaining: 24s    
step 01758 (92.2%) | loss: 2.863957 | lrm: 0.11 | dt: 158ms | tok/sec: 827,896 | mfu: 22.6% | epoch: 1 | remaining: 23s    
step 01759 (92.2%) | loss: 2.864388 | lrm: 0.11 | dt: 158ms | tok/sec: 827,987 | mfu: 22.6% | epoch: 1 | remaining: 23s    
step 01760 (92.3%) | loss: 2.865659 | lrm: 0.11 | dt: 158ms | tok/sec: 828,264 | mfu: 22.6% | epoch: 1 | remaining: 23s    
step 01761 (92.3%) | loss: 2.860767 | lrm: 0.11 | dt: 158ms | tok/sec: 828,174 | mfu: 22.6% | epoch: 1 | remaining: 23s    
step 01762 (92.4%) | loss: 2.861032 | lrm: 0.11 | dt: 158ms | tok/sec: 828,191 | mfu: 22.6% | epoch: 1 | remaining: 23s    
step 01763 (92.4%) | loss: 2.858299 | lrm: 0.11 | dt: 158ms | tok/sec: 827,947 | mfu: 22.6% | epoch: 1 | remaining: 23s    
step 01764 (92.5%) | loss: 2.858146 | lrm: 0.11 | dt: 158ms | tok/sec: 827,934 | mfu: 22.6% | epoch: 1 | remaining: 22s    
step 01765 (92.5%) | loss: 2.856518 | lrm: 0.11 | dt: 158ms | tok/sec: 828,115 | mfu: 22.6% | epoch: 1 | remaining: 22s    
step 01766 (92.6%) | loss: 2.860956 | lrm: 0.11 | dt: 158ms | tok/sec: 828,167 | mfu: 22.6% | epoch: 1 | remaining: 22s    
step 01767 (92.6%) | loss: 2.873967 | lrm: 0.11 | dt: 158ms | tok/sec: 828,379 | mfu: 22.6% | epoch: 1 | remaining: 22s    
step 01768 (92.7%) | loss: 2.871898 | lrm: 0.10 | dt: 158ms | tok/sec: 828,292 | mfu: 22.6% | epoch: 1 | remaining: 22s    
step 01769 (92.7%) | loss: 2.866940 | lrm: 0.10 | dt: 158ms | tok/sec: 828,179 | mfu: 22.6% | epoch: 1 | remaining: 22s    
step 01770 (92.8%) | loss: 2.869201 | lrm: 0.10 | dt: 158ms | tok/sec: 828,179 | mfu: 22.6% | epoch: 1 | remaining: 21s    
step 01771 (92.8%) | loss: 2.870597 | lrm: 0.10 | dt: 158ms | tok/sec: 828,065 | mfu: 22.6% | epoch: 1 | remaining: 21s    
step 01772 (92.9%) | loss: 2.868627 | lrm: 0.10 | dt: 158ms | tok/sec: 828,399 | mfu: 22.6% | epoch: 1 | remaining: 21s    
step 01773 (92.9%) | loss: 2.868434 | lrm: 0.10 | dt: 158ms | tok/sec: 828,153 | mfu: 22.6% | epoch: 1 | remaining: 21s    
step 01774 (93.0%) | loss: 2.862412 | lrm: 0.10 | dt: 158ms | tok/sec: 828,083 | mfu: 22.6% | epoch: 1 | remaining: 21s    
step 01775 (93.0%) | loss: 2.858366 | lrm: 0.10 | dt: 158ms | tok/sec: 827,992 | mfu: 22.6% | epoch: 1 | remaining: 21s    
step 01776 (93.1%) | loss: 2.857138 | lrm: 0.10 | dt: 158ms | tok/sec: 828,056 | mfu: 22.6% | epoch: 1 | remaining: 21s    
step 01777 (93.2%) | loss: 2.861110 | lrm: 0.10 | dt: 158ms | tok/sec: 828,061 | mfu: 22.6% | epoch: 1 | remaining: 20s    
step 01778 (93.2%) | loss: 2.867057 | lrm: 0.10 | dt: 158ms | tok/sec: 828,004 | mfu: 22.6% | epoch: 1 | remaining: 20s    
step 01779 (93.3%) | loss: 2.868447 | lrm: 0.10 | dt: 158ms | tok/sec: 828,324 | mfu: 22.6% | epoch: 1 | remaining: 20s    
step 01780 (93.3%) | loss: 2.865809 | lrm: 0.10 | dt: 158ms | tok/sec: 828,101 | mfu: 22.6% | epoch: 1 | remaining: 20s    
step 01781 (93.4%) | loss: 2.870712 | lrm: 0.09 | dt: 158ms | tok/sec: 828,236 | mfu: 22.6% | epoch: 1 | remaining: 20s    
step 01782 (93.4%) | loss: 2.869886 | lrm: 0.09 | dt: 158ms | tok/sec: 828,102 | mfu: 22.6% | epoch: 1 | remaining: 20s    
step 01783 (93.5%) | loss: 2.870783 | lrm: 0.09 | dt: 158ms | tok/sec: 828,105 | mfu: 22.6% | epoch: 1 | remaining: 19s    
step 01784 (93.5%) | loss: 2.872360 | lrm: 0.09 | dt: 158ms | tok/sec: 828,222 | mfu: 22.6% | epoch: 1 | remaining: 19s    
step 01785 (93.6%) | loss: 2.865364 | lrm: 0.09 | dt: 158ms | tok/sec: 828,068 | mfu: 22.6% | epoch: 1 | remaining: 19s    
step 01786 (93.6%) | loss: 2.868920 | lrm: 0.09 | dt: 158ms | tok/sec: 828,262 | mfu: 22.6% | epoch: 1 | remaining: 19s    
step 01787 (93.7%) | loss: 2.862268 | lrm: 0.09 | dt: 158ms | tok/sec: 828,112 | mfu: 22.6% | epoch: 1 | remaining: 19s    
step 01788 (93.7%) | loss: 2.861295 | lrm: 0.09 | dt: 158ms | tok/sec: 828,145 | mfu: 22.6% | epoch: 1 | remaining: 19s    
step 01789 (93.8%) | loss: 2.851589 | lrm: 0.09 | dt: 158ms | tok/sec: 828,251 | mfu: 22.6% | epoch: 1 | remaining: 18s    
step 01790 (93.8%) | loss: 2.848059 | lrm: 0.09 | dt: 158ms | tok/sec: 828,347 | mfu: 22.6% | epoch: 1 | remaining: 18s    
step 01791 (93.9%) | loss: 2.841702 | lrm: 0.09 | dt: 158ms | tok/sec: 828,007 | mfu: 22.6% | epoch: 1 | remaining: 18s    
step 01792 (93.9%) | loss: 2.846743 | lrm: 0.09 | dt: 158ms | tok/sec: 828,167 | mfu: 22.6% | epoch: 1 | remaining: 18s    
step 01793 (94.0%) | loss: 2.849521 | lrm: 0.09 | dt: 158ms | tok/sec: 827,996 | mfu: 22.6% | epoch: 1 | remaining: 18s    
step 01794 (94.0%) | loss: 2.848623 | lrm: 0.09 | dt: 158ms | tok/sec: 828,244 | mfu: 22.6% | epoch: 1 | remaining: 18s    
step 01795 (94.1%) | loss: 2.849746 | lrm: 0.08 | dt: 158ms | tok/sec: 828,171 | mfu: 22.6% | epoch: 1 | remaining: 18s    
step 01796 (94.2%) | loss: 2.852852 | lrm: 0.08 | dt: 158ms | tok/sec: 828,070 | mfu: 22.6% | epoch: 1 | remaining: 17s    
step 01797 (94.2%) | loss: 2.845557 | lrm: 0.08 | dt: 158ms | tok/sec: 828,024 | mfu: 22.6% | epoch: 1 | remaining: 17s    
step 01798 (94.3%) | loss: 2.843838 | lrm: 0.08 | dt: 158ms | tok/sec: 828,189 | mfu: 22.6% | epoch: 1 | remaining: 17s    
step 01799 (94.3%) | loss: 2.848174 | lrm: 0.08 | dt: 158ms | tok/sec: 828,156 | mfu: 22.6% | epoch: 1 | remaining: 17s    
step 01800 (94.4%) | loss: 2.840428 | lrm: 0.08 | dt: 158ms | tok/sec: 828,150 | mfu: 22.6% | epoch: 1 | remaining: 17s    
step 01801 (94.4%) | loss: 2.840291 | lrm: 0.08 | dt: 158ms | tok/sec: 827,970 | mfu: 22.6% | epoch: 1 | remaining: 17s    
step 01802 (94.5%) | loss: 2.842953 | lrm: 0.08 | dt: 158ms | tok/sec: 827,173 | mfu: 22.6% | epoch: 1 | remaining: 16s    
step 01803 (94.5%) | loss: 2.840548 | lrm: 0.08 | dt: 158ms | tok/sec: 827,687 | mfu: 22.6% | epoch: 1 | remaining: 16s    
step 01804 (94.6%) | loss: 2.849510 | lrm: 0.08 | dt: 158ms | tok/sec: 827,901 | mfu: 22.6% | epoch: 1 | remaining: 16s    
step 01805 (94.6%) | loss: 2.848242 | lrm: 0.08 | dt: 158ms | tok/sec: 828,197 | mfu: 22.6% | epoch: 1 | remaining: 16s    
step 01806 (94.7%) | loss: 2.842166 | lrm: 0.08 | dt: 158ms | tok/sec: 827,859 | mfu: 22.6% | epoch: 1 | remaining: 16s    
step 01807 (94.7%) | loss: 2.846423 | lrm: 0.08 | dt: 158ms | tok/sec: 827,991 | mfu: 22.6% | epoch: 1 | remaining: 16s    
step 01808 (94.8%) | loss: 2.844310 | lrm: 0.07 | dt: 158ms | tok/sec: 827,990 | mfu: 22.6% | epoch: 1 | remaining: 15s    
step 01809 (94.8%) | loss: 2.855222 | lrm: 0.07 | dt: 158ms | tok/sec: 828,016 | mfu: 22.6% | epoch: 1 | remaining: 15s    
step 01810 (94.9%) | loss: 2.850477 | lrm: 0.07 | dt: 158ms | tok/sec: 828,207 | mfu: 22.6% | epoch: 1 | remaining: 15s    
step 01811 (94.9%) | loss: 2.846919 | lrm: 0.07 | dt: 158ms | tok/sec: 828,171 | mfu: 22.6% | epoch: 1 | remaining: 15s    
step 01812 (95.0%) | loss: 2.843624 | lrm: 0.07 | dt: 158ms | tok/sec: 828,226 | mfu: 22.6% | epoch: 1 | remaining: 15s    
step 01813 (95.1%) | loss: 2.841722 | lrm: 0.07 | dt: 158ms | tok/sec: 828,102 | mfu: 22.6% | epoch: 1 | remaining: 15s    
step 01814 (95.1%) | loss: 2.843074 | lrm: 0.07 | dt: 158ms | tok/sec: 828,024 | mfu: 22.6% | epoch: 1 | remaining: 15s    
step 01815 (95.2%) | loss: 2.847731 | lrm: 0.07 | dt: 158ms | tok/sec: 827,979 | mfu: 22.6% | epoch: 1 | remaining: 14s    
step 01816 (95.2%) | loss: 2.843121 | lrm: 0.07 | dt: 158ms | tok/sec: 827,951 | mfu: 22.6% | epoch: 1 | remaining: 14s    
step 01817 (95.3%) | loss: 2.842810 | lrm: 0.07 | dt: 158ms | tok/sec: 828,138 | mfu: 22.6% | epoch: 1 | remaining: 14s    
step 01818 (95.3%) | loss: 2.838805 | lrm: 0.07 | dt: 158ms | tok/sec: 828,378 | mfu: 22.6% | epoch: 1 | remaining: 14s    
step 01819 (95.4%) | loss: 2.836177 | lrm: 0.07 | dt: 158ms | tok/sec: 828,454 | mfu: 22.7% | epoch: 1 | remaining: 14s    
step 01820 (95.4%) | loss: 2.832808 | lrm: 0.07 | dt: 158ms | tok/sec: 828,123 | mfu: 22.6% | epoch: 1 | remaining: 14s    
step 01821 (95.5%) | loss: 2.830271 | lrm: 0.06 | dt: 158ms | tok/sec: 827,991 | mfu: 22.6% | epoch: 1 | remaining: 13s    
step 01822 (95.5%) | loss: 2.833993 | lrm: 0.06 | dt: 159ms | tok/sec: 826,689 | mfu: 22.6% | epoch: 1 | remaining: 13s    
step 01823 (95.6%) | loss: 2.837405 | lrm: 0.06 | dt: 158ms | tok/sec: 827,713 | mfu: 22.6% | epoch: 1 | remaining: 13s    
step 01824 (95.6%) | loss: 2.832329 | lrm: 0.06 | dt: 158ms | tok/sec: 827,843 | mfu: 22.6% | epoch: 1 | remaining: 13s    
step 01825 (95.7%) | loss: 2.839133 | lrm: 0.06 | dt: 158ms | tok/sec: 827,864 | mfu: 22.6% | epoch: 1 | remaining: 13s    
step 01826 (95.7%) | loss: 2.840097 | lrm: 0.06 | dt: 158ms | tok/sec: 827,875 | mfu: 22.6% | epoch: 1 | remaining: 13s    
step 01827 (95.8%) | loss: 2.844086 | lrm: 0.06 | dt: 158ms | tok/sec: 827,829 | mfu: 22.6% | epoch: 1 | remaining: 12s    
step 01828 (95.8%) | loss: 2.846026 | lrm: 0.06 | dt: 158ms | tok/sec: 827,785 | mfu: 22.6% | epoch: 1 | remaining: 12s    
step 01829 (95.9%) | loss: 2.840547 | lrm: 0.06 | dt: 158ms | tok/sec: 828,216 | mfu: 22.6% | epoch: 1 | remaining: 12s    
step 01830 (95.9%) | loss: 2.843293 | lrm: 0.06 | dt: 158ms | tok/sec: 827,764 | mfu: 22.6% | epoch: 1 | remaining: 12s    
step 01831 (96.0%) | loss: 2.842145 | lrm: 0.06 | dt: 158ms | tok/sec: 828,051 | mfu: 22.6% | epoch: 1 | remaining: 12s    
step 01832 (96.1%) | loss: 2.838929 | lrm: 0.06 | dt: 158ms | tok/sec: 828,242 | mfu: 22.6% | epoch: 1 | remaining: 12s    
step 01833 (96.1%) | loss: 2.835129 | lrm: 0.06 | dt: 158ms | tok/sec: 828,105 | mfu: 22.6% | epoch: 1 | remaining: 12s    
step 01834 (96.2%) | loss: 2.834248 | lrm: 0.05 | dt: 158ms | tok/sec: 827,959 | mfu: 22.6% | epoch: 1 | remaining: 11s    
step 01835 (96.2%) | loss: 2.835463 | lrm: 0.05 | dt: 158ms | tok/sec: 828,107 | mfu: 22.6% | epoch: 1 | remaining: 11s    
step 01836 (96.3%) | loss: 2.835977 | lrm: 0.05 | dt: 158ms | tok/sec: 828,103 | mfu: 22.6% | epoch: 1 | remaining: 11s    
step 01837 (96.3%) | loss: 2.842579 | lrm: 0.05 | dt: 158ms | tok/sec: 828,148 | mfu: 22.6% | epoch: 1 | remaining: 11s    
step 01838 (96.4%) | loss: 2.845829 | lrm: 0.05 | dt: 158ms | tok/sec: 828,096 | mfu: 22.6% | epoch: 1 | remaining: 11s    
step 01839 (96.4%) | loss: 2.843505 | lrm: 0.05 | dt: 158ms | tok/sec: 828,100 | mfu: 22.6% | epoch: 1 | remaining: 11s    
step 01840 (96.5%) | loss: 2.845443 | lrm: 0.05 | dt: 158ms | tok/sec: 827,949 | mfu: 22.6% | epoch: 1 | remaining: 10s    
step 01841 (96.5%) | loss: 2.846984 | lrm: 0.05 | dt: 158ms | tok/sec: 827,671 | mfu: 22.6% | epoch: 1 | remaining: 10s    
step 01842 (96.6%) | loss: 2.848985 | lrm: 0.05 | dt: 158ms | tok/sec: 827,851 | mfu: 22.6% | epoch: 1 | remaining: 10s    
step 01843 (96.6%) | loss: 2.842446 | lrm: 0.05 | dt: 158ms | tok/sec: 827,936 | mfu: 22.6% | epoch: 1 | remaining: 10s    
step 01844 (96.7%) | loss: 2.849825 | lrm: 0.05 | dt: 158ms | tok/sec: 828,167 | mfu: 22.6% | epoch: 1 | remaining: 10s    
step 01845 (96.7%) | loss: 2.848441 | lrm: 0.05 | dt: 158ms | tok/sec: 827,996 | mfu: 22.6% | epoch: 1 | remaining: 10s    
step 01846 (96.8%) | loss: 2.846457 | lrm: 0.05 | dt: 158ms | tok/sec: 828,026 | mfu: 22.6% | epoch: 1 | remaining: 9s    
step 01847 (96.8%) | loss: 2.845053 | lrm: 0.05 | dt: 158ms | tok/sec: 828,156 | mfu: 22.6% | epoch: 1 | remaining: 9s    
step 01848 (96.9%) | loss: 2.845429 | lrm: 0.04 | dt: 158ms | tok/sec: 827,999 | mfu: 22.6% | epoch: 1 | remaining: 9s    
step 01849 (97.0%) | loss: 2.848959 | lrm: 0.04 | dt: 158ms | tok/sec: 828,306 | mfu: 22.6% | epoch: 1 | remaining: 9s    
step 01850 (97.0%) | loss: 2.843034 | lrm: 0.04 | dt: 158ms | tok/sec: 828,428 | mfu: 22.6% | epoch: 1 | remaining: 9s    
step 01851 (97.1%) | loss: 2.846842 | lrm: 0.04 | dt: 158ms | tok/sec: 828,113 | mfu: 22.6% | epoch: 1 | remaining: 9s    
step 01852 (97.1%) | loss: 2.851262 | lrm: 0.04 | dt: 158ms | tok/sec: 828,087 | mfu: 22.6% | epoch: 1 | remaining: 9s    
step 01853 (97.2%) | loss: 2.847391 | lrm: 0.04 | dt: 158ms | tok/sec: 827,964 | mfu: 22.6% | epoch: 1 | remaining: 8s    
step 01854 (97.2%) | loss: 2.845385 | lrm: 0.04 | dt: 158ms | tok/sec: 828,007 | mfu: 22.6% | epoch: 1 | remaining: 8s    
step 01855 (97.3%) | loss: 2.844306 | lrm: 0.04 | dt: 158ms | tok/sec: 827,884 | mfu: 22.6% | epoch: 1 | remaining: 8s    
step 01856 (97.3%) | loss: 2.846397 | lrm: 0.04 | dt: 158ms | tok/sec: 828,296 | mfu: 22.6% | epoch: 1 | remaining: 8s    
step 01857 (97.4%) | loss: 2.848926 | lrm: 0.04 | dt: 158ms | tok/sec: 828,112 | mfu: 22.6% | epoch: 1 | remaining: 8s    
step 01858 (97.4%) | loss: 2.851791 | lrm: 0.04 | dt: 158ms | tok/sec: 828,014 | mfu: 22.6% | epoch: 1 | remaining: 8s    
step 01859 (97.5%) | loss: 2.853866 | lrm: 0.04 | dt: 158ms | tok/sec: 828,034 | mfu: 22.6% | epoch: 1 | remaining: 7s    
step 01860 (97.5%) | loss: 2.852300 | lrm: 0.04 | dt: 158ms | tok/sec: 828,118 | mfu: 22.6% | epoch: 1 | remaining: 7s    
step 01861 (97.6%) | loss: 2.853646 | lrm: 0.03 | dt: 158ms | tok/sec: 827,748 | mfu: 22.6% | epoch: 1 | remaining: 7s    
step 01862 (97.6%) | loss: 2.848835 | lrm: 0.03 | dt: 158ms | tok/sec: 827,863 | mfu: 22.6% | epoch: 1 | remaining: 7s    
step 01863 (97.7%) | loss: 2.843165 | lrm: 0.03 | dt: 158ms | tok/sec: 828,095 | mfu: 22.6% | epoch: 1 | remaining: 7s    
step 01864 (97.7%) | loss: 2.835256 | lrm: 0.03 | dt: 158ms | tok/sec: 827,966 | mfu: 22.6% | epoch: 1 | remaining: 7s    
step 01865 (97.8%) | loss: 2.838986 | lrm: 0.03 | dt: 158ms | tok/sec: 827,959 | mfu: 22.6% | epoch: 1 | remaining: 6s    
step 01866 (97.8%) | loss: 2.841648 | lrm: 0.03 | dt: 158ms | tok/sec: 828,007 | mfu: 22.6% | epoch: 1 | remaining: 6s    
step 01867 (97.9%) | loss: 2.838878 | lrm: 0.03 | dt: 158ms | tok/sec: 828,091 | mfu: 22.6% | epoch: 1 | remaining: 6s    
step 01868 (98.0%) | loss: 2.837860 | lrm: 0.03 | dt: 158ms | tok/sec: 828,254 | mfu: 22.6% | epoch: 1 | remaining: 6s    
step 01869 (98.0%) | loss: 2.839017 | lrm: 0.03 | dt: 158ms | tok/sec: 827,999 | mfu: 22.6% | epoch: 1 | remaining: 6s    
step 01870 (98.1%) | loss: 2.834204 | lrm: 0.03 | dt: 158ms | tok/sec: 828,106 | mfu: 22.6% | epoch: 1 | remaining: 6s    
step 01871 (98.1%) | loss: 2.832204 | lrm: 0.03 | dt: 158ms | tok/sec: 828,174 | mfu: 22.6% | epoch: 1 | remaining: 6s    
step 01872 (98.2%) | loss: 2.834873 | lrm: 0.03 | dt: 158ms | tok/sec: 828,027 | mfu: 22.6% | epoch: 1 | remaining: 5s    
step 01873 (98.2%) | loss: 2.838939 | lrm: 0.03 | dt: 158ms | tok/sec: 827,874 | mfu: 22.6% | epoch: 1 | remaining: 5s    
step 01874 (98.3%) | loss: 2.841701 | lrm: 0.02 | dt: 158ms | tok/sec: 827,941 | mfu: 22.6% | epoch: 1 | remaining: 5s    
step 01875 (98.3%) | loss: 2.840143 | lrm: 0.02 | dt: 158ms | tok/sec: 828,455 | mfu: 22.7% | epoch: 1 | remaining: 5s    
step 01876 (98.4%) | loss: 2.846329 | lrm: 0.02 | dt: 158ms | tok/sec: 827,910 | mfu: 22.6% | epoch: 1 | remaining: 5s    
step 01877 (98.4%) | loss: 2.851388 | lrm: 0.02 | dt: 158ms | tok/sec: 828,174 | mfu: 22.6% | epoch: 1 | remaining: 5s    
step 01878 (98.5%) | loss: 2.847507 | lrm: 0.02 | dt: 158ms | tok/sec: 828,184 | mfu: 22.6% | epoch: 1 | remaining: 4s    
step 01879 (98.5%) | loss: 2.839288 | lrm: 0.02 | dt: 158ms | tok/sec: 828,055 | mfu: 22.6% | epoch: 1 | remaining: 4s    
step 01880 (98.6%) | loss: 2.840352 | lrm: 0.02 | dt: 158ms | tok/sec: 827,832 | mfu: 22.6% | epoch: 1 | remaining: 4s    
step 01881 (98.6%) | loss: 2.844247 | lrm: 0.02 | dt: 158ms | tok/sec: 827,621 | mfu: 22.6% | epoch: 1 | remaining: 4s    
step 01882 (98.7%) | loss: 2.834487 | lrm: 0.02 | dt: 158ms | tok/sec: 828,027 | mfu: 22.6% | epoch: 1 | remaining: 4s    
step 01883 (98.7%) | loss: 2.827474 | lrm: 0.02 | dt: 158ms | tok/sec: 827,995 | mfu: 22.6% | epoch: 1 | remaining: 4s    
step 01884 (98.8%) | loss: 2.829373 | lrm: 0.02 | dt: 158ms | tok/sec: 828,172 | mfu: 22.6% | epoch: 1 | remaining: 3s    
step 01885 (98.9%) | loss: 2.835905 | lrm: 0.02 | dt: 158ms | tok/sec: 828,130 | mfu: 22.6% | epoch: 1 | remaining: 3s    
step 01886 (98.9%) | loss: 2.831778 | lrm: 0.02 | dt: 158ms | tok/sec: 828,122 | mfu: 22.6% | epoch: 1 | remaining: 3s    
step 01887 (99.0%) | loss: 2.831937 | lrm: 0.01 | dt: 158ms | tok/sec: 827,914 | mfu: 22.6% | epoch: 1 | remaining: 3s    
step 01888 (99.0%) | loss: 2.834411 | lrm: 0.01 | dt: 158ms | tok/sec: 828,037 | mfu: 22.6% | epoch: 1 | remaining: 3s    
step 01889 (99.1%) | loss: 2.837106 | lrm: 0.01 | dt: 158ms | tok/sec: 828,213 | mfu: 22.6% | epoch: 1 | remaining: 3s    
step 01890 (99.1%) | loss: 2.837207 | lrm: 0.01 | dt: 158ms | tok/sec: 827,981 | mfu: 22.6% | epoch: 1 | remaining: 2s    
step 01891 (99.2%) | loss: 2.836706 | lrm: 0.01 | dt: 158ms | tok/sec: 828,010 | mfu: 22.6% | epoch: 1 | remaining: 2s    
step 01892 (99.2%) | loss: 2.826466 | lrm: 0.01 | dt: 158ms | tok/sec: 828,141 | mfu: 22.6% | epoch: 1 | remaining: 2s    
step 01893 (99.3%) | loss: 2.824287 | lrm: 0.01 | dt: 158ms | tok/sec: 828,322 | mfu: 22.6% | epoch: 1 | remaining: 2s    
step 01894 (99.3%) | loss: 2.831114 | lrm: 0.01 | dt: 158ms | tok/sec: 828,172 | mfu: 22.6% | epoch: 1 | remaining: 2s    
step 01895 (99.4%) | loss: 2.830345 | lrm: 0.01 | dt: 158ms | tok/sec: 827,925 | mfu: 22.6% | epoch: 1 | remaining: 2s    
step 01896 (99.4%) | loss: 2.827980 | lrm: 0.01 | dt: 158ms | tok/sec: 828,040 | mfu: 22.6% | epoch: 1 | remaining: 2s    
step 01897 (99.5%) | loss: 2.827419 | lrm: 0.01 | dt: 158ms | tok/sec: 828,156 | mfu: 22.6% | epoch: 1 | remaining: 1s    
step 01898 (99.5%) | loss: 2.828653 | lrm: 0.01 | dt: 158ms | tok/sec: 828,080 | mfu: 22.6% | epoch: 1 | remaining: 1s    
step 01899 (99.6%) | loss: 2.829876 | lrm: 0.01 | dt: 158ms | tok/sec: 827,940 | mfu: 22.6% | epoch: 1 | remaining: 1s    
step 01900 (99.6%) | loss: 2.823274 | lrm: 0.01 | dt: 158ms | tok/sec: 827,784 | mfu: 22.6% | epoch: 1 | remaining: 1s    
step 01901 (99.7%) | loss: 2.825927 | lrm: 0.00 | dt: 158ms | tok/sec: 827,865 | mfu: 22.6% | epoch: 1 | remaining: 1s    
step 01902 (99.7%) | loss: 2.829726 | lrm: 0.00 | dt: 158ms | tok/sec: 828,199 | mfu: 22.6% | epoch: 1 | remaining: 1s    
step 01903 (99.8%) | loss: 2.832174 | lrm: 0.00 | dt: 158ms | tok/sec: 828,360 | mfu: 22.6% | epoch: 1 | remaining: 0s    
step 01904 (99.9%) | loss: 2.839766 | lrm: 0.00 | dt: 158ms | tok/sec: 827,930 | mfu: 22.6% | epoch: 1 | remaining: 0s    
step 01905 (99.9%) | loss: 2.844515 | lrm: 0.00 | dt: 158ms | tok/sec: 827,894 | mfu: 22.6% | epoch: 1 | remaining: 0s    
step 01906 (100.0%) | loss: 2.852371 | lrm: 0.00 | dt: 158ms | tok/sec: 827,984 | mfu: 22.6% | epoch: 1 | remaining: 0s    $RLTLDR_ROOT/runner_ws/.venv/lib/python3.10/site-packages/torch/nn/attention/flex_attention.py:1687: UserWarning: flex_attention called without torch.compile() - this will use an unfused implementation that materializes the full scores matrix instead of generating a fused kernel.

SOLUTION: Use torch.compile(flex_attention)(...)

If you want to debug your score_mod/mask_mod, you can set:
torch.nn.attention.flex_attention._FLEX_ATTENTION_DISABLE_COMPILE_DEBUG = True

This will allow you to use print statements or breakpoints. Note: This doesn't work with the backwards pass and may produce incorrect results.
  _warn_once(
E1003 22:31:04.748000 1 .venv/lib/python3.10/site-packages/torch/_inductor/select_algorithm.py:2967] [0/1] Runtime error during autotuning: 
E1003 22:31:04.748000 1 .venv/lib/python3.10/site-packages/torch/_inductor/select_algorithm.py:2967] [0/1] No valid triton configs. OutOfMemoryError: out of resource: triton_flex_attention Required: 163840 Hardware limit:101376 Reducing block sizes or `num_stages` may help.. 
E1003 22:31:04.748000 1 .venv/lib/python3.10/site-packages/torch/_inductor/select_algorithm.py:2967] [0/1] Ignoring this choice.
E1003 22:31:04.810000 1 .venv/lib/python3.10/site-packages/torch/_inductor/select_algorithm.py:2967] [0/1] Runtime error during autotuning: 
E1003 22:31:04.810000 1 .venv/lib/python3.10/site-packages/torch/_inductor/select_algorithm.py:2967] [0/1] No valid triton configs. OutOfMemoryError: out of resource: triton_flex_attention Required: 163840 Hardware limit:101376 Reducing block sizes or `num_stages` may help.. 
E1003 22:31:04.810000 1 .venv/lib/python3.10/site-packages/torch/_inductor/select_algorithm.py:2967] [0/1] Ignoring this choice.
Autotune Choices Stats:
{"num_choices": 6, "num_triton_choices": 6, "best_kernel": "triton_flex_attention_2862", "best_kernel_desc": "BLOCKS_ARE_CONTIGUOUS=False, BLOCK_M=128, BLOCK_N=64, FLOAT32_PRECISION=\"'tf32'\", GQA_SHARED_HEADS=1, HAS_FULL_BLOCKS=True, IS_DIVISIBLE=True, OUTPUT_LOGSUMEXP=False, OUTPUT_MAX=False, PRESCALE_QK=False, QK_HEAD_DIM=128, QK_HEAD_DIM_ROUNDED=128, ROWS_GUARANTEED_SAFE=False, SAFE_HEAD_DIM=True, SM_SCALE=0.08838834764831843, SPARSE_KV_BLOCK_SIZE=128, SPARSE_Q_BLOCK_SIZE=128, USE_TMA=False, V_HEAD_DIM=128, V_HEAD_DIM_ROUNDED=128, WRITE_DQ=True, num_stages=2, num_warps=8", "best_time": 3.6720640659332275, "best_triton_pos": 0}
AUTOTUNE flex_attention(64x4x2048x128, 64x4x2048x128, 64x4x2048x128, 64x4x2048, 64x4x2048, 1x1x16, 1x1x16x16, 1x1x16, 1x1x16x16)
strides: [1048576, 128, 512, 1], [1048576, 128, 512, 1], [1048576, 128, 512, 1], [8192, 2048, 1], [8192, 2048, 1], [16, 16, 1], [256, 256, 16, 1], [16, 16, 1], [256, 256, 16, 1]
dtypes: torch.bfloat16, torch.bfloat16, torch.bfloat16, torch.float32, torch.float32, torch.int32, torch.int32, torch.int32, torch.int32
  triton_flex_attention_2862 3.6721 ms 100.0% BLOCKS_ARE_CONTIGUOUS=False, BLOCK_M=128, BLOCK_N=64, FLOAT32_PRECISION="'tf32'", GQA_SHARED_HEADS=1, HAS_FULL_BLOCKS=True, IS_DIVISIBLE=True, OUTPUT_LOGSUMEXP=False, OUTPUT_MAX=False, PRESCALE_QK=False, QK_HEAD_DIM=128, QK_HEAD_DIM_ROUNDED=128, ROWS_GUARANTEED_SAFE=False, SAFE_HEAD_DIM=True, SM_SCALE=0.08838834764831843, SPARSE_KV_BLOCK_SIZE=128, SPARSE_Q_BLOCK_SIZE=128, USE_TMA=False, V_HEAD_DIM=128, V_HEAD_DIM_ROUNDED=128, WRITE_DQ=True, num_stages=2, num_warps=8
  triton_flex_attention_2859 3.7110 ms 99.0% BLOCKS_ARE_CONTIGUOUS=False, BLOCK_M=128, BLOCK_N=128, FLOAT32_PRECISION="'tf32'", GQA_SHARED_HEADS=1, HAS_FULL_BLOCKS=True, IS_DIVISIBLE=True, OUTPUT_LOGSUMEXP=False, OUTPUT_MAX=False, PRESCALE_QK=False, QK_HEAD_DIM=128, QK_HEAD_DIM_ROUNDED=128, ROWS_GUARANTEED_SAFE=False, SAFE_HEAD_DIM=True, SM_SCALE=0.08838834764831843, SPARSE_KV_BLOCK_SIZE=128, SPARSE_Q_BLOCK_SIZE=128, USE_TMA=False, V_HEAD_DIM=128, V_HEAD_DIM_ROUNDED=128, WRITE_DQ=True, num_stages=2, num_warps=8
  triton_flex_attention_2857 4.3069 ms 85.3% BLOCKS_ARE_CONTIGUOUS=False, BLOCK_M=128, BLOCK_N=64, FLOAT32_PRECISION="'tf32'", GQA_SHARED_HEADS=1, HAS_FULL_BLOCKS=True, IS_DIVISIBLE=True, OUTPUT_LOGSUMEXP=False, OUTPUT_MAX=False, PRESCALE_QK=False, QK_HEAD_DIM=128, QK_HEAD_DIM_ROUNDED=128, ROWS_GUARANTEED_SAFE=False, SAFE_HEAD_DIM=True, SM_SCALE=0.08838834764831843, SPARSE_KV_BLOCK_SIZE=128, SPARSE_Q_BLOCK_SIZE=128, USE_TMA=False, V_HEAD_DIM=128, V_HEAD_DIM_ROUNDED=128, WRITE_DQ=True, num_stages=3, num_warps=4
  triton_flex_attention_2861 5.2214 ms 70.3% BLOCKS_ARE_CONTIGUOUS=False, BLOCK_M=64, BLOCK_N=64, FLOAT32_PRECISION="'tf32'", GQA_SHARED_HEADS=1, HAS_FULL_BLOCKS=True, IS_DIVISIBLE=True, OUTPUT_LOGSUMEXP=False, OUTPUT_MAX=False, PRESCALE_QK=False, QK_HEAD_DIM=128, QK_HEAD_DIM_ROUNDED=128, ROWS_GUARANTEED_SAFE=False, SAFE_HEAD_DIM=True, SM_SCALE=0.08838834764831843, SPARSE_KV_BLOCK_SIZE=128, SPARSE_Q_BLOCK_SIZE=128, USE_TMA=False, V_HEAD_DIM=128, V_HEAD_DIM_ROUNDED=128, WRITE_DQ=True, num_stages=3, num_warps=4
  triton_flex_attention_2858 inf ms 0.0% BLOCKS_ARE_CONTIGUOUS=False, BLOCK_M=128, BLOCK_N=128, FLOAT32_PRECISION="'tf32'", GQA_SHARED_HEADS=1, HAS_FULL_BLOCKS=True, IS_DIVISIBLE=True, OUTPUT_LOGSUMEXP=False, OUTPUT_MAX=False, PRESCALE_QK=False, QK_HEAD_DIM=128, QK_HEAD_DIM_ROUNDED=128, ROWS_GUARANTEED_SAFE=False, SAFE_HEAD_DIM=True, SM_SCALE=0.08838834764831843, SPARSE_KV_BLOCK_SIZE=128, SPARSE_Q_BLOCK_SIZE=128, USE_TMA=False, V_HEAD_DIM=128, V_HEAD_DIM_ROUNDED=128, WRITE_DQ=True, num_stages=3, num_warps=4
  triton_flex_attention_2860 inf ms 0.0% BLOCKS_ARE_CONTIGUOUS=False, BLOCK_M=64, BLOCK_N=128, FLOAT32_PRECISION="'tf32'", GQA_SHARED_HEADS=1, HAS_FULL_BLOCKS=True, IS_DIVISIBLE=True, OUTPUT_LOGSUMEXP=False, OUTPUT_MAX=False, PRESCALE_QK=False, QK_HEAD_DIM=128, QK_HEAD_DIM_ROUNDED=128, ROWS_GUARANTEED_SAFE=False, SAFE_HEAD_DIM=True, SM_SCALE=0.08838834764831843, SPARSE_KV_BLOCK_SIZE=128, SPARSE_Q_BLOCK_SIZE=128, USE_TMA=False, V_HEAD_DIM=128, V_HEAD_DIM_ROUNDED=128, WRITE_DQ=True, num_stages=3, num_warps=4
SingleProcess AUTOTUNE benchmarking takes 0.2552 seconds and 1.2630 seconds precompiling for 6 choices
Autotune Choices Stats:
{"num_choices": 13, "num_triton_choices": 12, "best_kernel": "triton_bmm_2848", "best_kernel_desc": "ACC_TYPE='tl.float32', ALLOW_TF32=True, BLOCK_K=32, BLOCK_M=64, BLOCK_N=16, EVEN_K=True, GROUP_M=8, USE_FAST_ACCUM=False, num_stages=5, num_warps=4", "best_time": 0.0180479995906353, "best_triton_pos": 0}
AUTOTUNE bmm(64x2048x32, 64x32x4)
strides: [1048576, 512, 1], [0, 1, 32]
dtypes: torch.bfloat16, torch.bfloat16
  triton_bmm_2848 0.0180 ms 100.0% ACC_TYPE='tl.float32', ALLOW_TF32=True, BLOCK_K=32, BLOCK_M=64, BLOCK_N=16, EVEN_K=True, GROUP_M=8, USE_FAST_ACCUM=False, num_stages=5, num_warps=4
  triton_bmm_2852 0.0180 ms 100.0% ACC_TYPE='tl.float32', ALLOW_TF32=True, BLOCK_K=32, BLOCK_M=64, BLOCK_N=16, EVEN_K=True, GROUP_M=8, USE_FAST_ACCUM=False, num_stages=4, num_warps=4
  triton_bmm_2853 0.0181 ms 99.5% ACC_TYPE='tl.float32', ALLOW_TF32=True, BLOCK_K=32, BLOCK_M=128, BLOCK_N=16, EVEN_K=True, GROUP_M=8, USE_FAST_ACCUM=False, num_stages=3, num_warps=4
  triton_bmm_2851 0.0183 ms 98.8% ACC_TYPE='tl.float32', ALLOW_TF32=True, BLOCK_K=32, BLOCK_M=64, BLOCK_N=16, EVEN_K=True, GROUP_M=8, USE_FAST_ACCUM=False, num_stages=3, num_warps=4
  triton_bmm_2850 0.0183 ms 98.6% ACC_TYPE='tl.float32', ALLOW_TF32=True, BLOCK_K=32, BLOCK_M=64, BLOCK_N=16, EVEN_K=True, GROUP_M=8, USE_FAST_ACCUM=False, num_stages=2, num_warps=4
  triton_bmm_2846 0.0184 ms 98.1% ACC_TYPE='tl.float32', ALLOW_TF32=True, BLOCK_K=32, BLOCK_M=32, BLOCK_N=16, EVEN_K=True, GROUP_M=8, USE_FAST_ACCUM=False, num_stages=2, num_warps=2
  triton_bmm_2854 0.0184 ms 98.1% ACC_TYPE='tl.float32', ALLOW_TF32=True, BLOCK_K=32, BLOCK_M=128, BLOCK_N=16, EVEN_K=True, GROUP_M=8, USE_FAST_ACCUM=False, num_stages=4, num_warps=8
  triton_bmm_2847 0.0184 ms 97.9% ACC_TYPE='tl.float32', ALLOW_TF32=True, BLOCK_K=32, BLOCK_M=32, BLOCK_N=16, EVEN_K=True, GROUP_M=8, USE_FAST_ACCUM=False, num_stages=5, num_warps=2
  triton_bmm_2855 0.0184 ms 97.9% ACC_TYPE='tl.float32', ALLOW_TF32=True, BLOCK_K=32, BLOCK_M=128, BLOCK_N=16, EVEN_K=True, GROUP_M=8, USE_FAST_ACCUM=False, num_stages=2, num_warps=8
  triton_bmm_2856 0.0204 ms 88.5% ACC_TYPE='tl.float32', ALLOW_TF32=True, BLOCK_K=32, BLOCK_M=128, BLOCK_N=16, EVEN_K=True, GROUP_M=8, USE_FAST_ACCUM=False, num_stages=5, num_warps=8
SingleProcess AUTOTUNE benchmarking takes 0.2771 seconds and 0.0001 seconds precompiling for 13 choices

---
val_bpb:          1.010161
training_seconds: 300.0
total_seconds:    442.3
peak_vram_mb:     27346.3
mfu_percent:      22.66
total_tokens_M:   250.0
num_steps:        1907
num_params_M:     57.7
depth:            9
